image,dataset,sequence,split,cr,actual_cr,sigma,seed,measurement_sha256,method,psnr,ssim,seconds,relative_residual
web_nju_gulou_01,NJU_campus_web,web_nju_gulou_01,test,0.01,0.01031494140625,0.0,2026,dd13cb651121076cff7c37c5ac6fd28e18955c68f6904a6017312f6956f6545f,adjoint,17.921719251322912,0.25313554201608274,0.00021692703012377024,0.014886132441461086
web_nju_gulou_01,NJU_campus_web,web_nju_gulou_01,test,0.01,0.01031494140625,0.0,2026,dd13cb651121076cff7c37c5ac6fd28e18955c68f6904a6017312f6956f6545f,fista_dct,18.55472351119556,0.322321272774743,0.32860558794345707,0.01773834228515625
web_nju_gulou_01,NJU_campus_web,web_nju_gulou_01,test,0.01,0.01031494140625,0.0,2026,dd13cb651121076cff7c37c5ac6fd28e18955c68f6904a6017312f6956f6545f,hqs,19.517353373734018,0.40328977799926313,0.3175868979888037,0.003665108233690262
web_nju_gulou_01,NJU_campus_web,web_nju_gulou_01,test,0.01,0.01031494140625,0.0,2026,dd13cb651121076cff7c37c5ac6fd28e18955c68f6904a6017312f6956f6545f,admm,19.52956530822973,0.4027118160269839,0.3163634829688817,0.004769233521074057
web_nju_gulou_01,NJU_campus_web,web_nju_gulou_01,test,0.01,0.01031494140625,0.0,2026,dd13cb651121076cff7c37c5ac6fd28e18955c68f6904a6017312f6956f6545f,hqs_round1,19.51223731894074,0.40297418439787547,0.31230114691425115,0.0034770099446177483
web_nju_gulou_01,NJU_campus_web,web_nju_gulou_01,test,0.01,0.01031494140625,0.0,2026,dd13cb651121076cff7c37c5ac6fd28e18955c68f6904a6017312f6956f6545f,hqs_5000,19.491841239153743,0.39967985855710786,0.312450546072796,0.008103658445179462
web_nju_gulou_01,NJU_campus_web,web_nju_gulou_01,test,0.01,0.01031494140625,0.0,2026,dd13cb651121076cff7c37c5ac6fd28e18955c68f6904a6017312f6956f6545f,hqs_10000,19.520337637314576,0.40359228694820637,0.31203730998095125,0.004834391642361879
web_nju_gulou_01,NJU_campus_web,web_nju_gulou_01,test,0.04,0.041259765625,0.0,2026,cc5ae821df0572f961cddf126f07446827d779ff826fa1ac1672288c073ca2b1,adjoint,19.586719768523576,0.37483678755859345,0.00019051204435527325,0.015200045891106129
web_nju_gulou_01,NJU_campus_web,web_nju_gulou_01,test,0.04,0.041259765625,0.0,2026,cc5ae821df0572f961cddf126f07446827d779ff826fa1ac1672288c073ca2b1,fista_dct,20.21280386689106,0.43899196257780493,0.3436940510291606,0.017737412825226784
web_nju_gulou_01,NJU_campus_web,web_nju_gulou_01,test,0.04,0.041259765625,0.0,2026,cc5ae821df0572f961cddf126f07446827d779ff826fa1ac1672288c073ca2b1,hqs,21.69180900610058,0.5952364752095093,0.31878555100411177,0.004452500492334366
web_nju_gulou_01,NJU_campus_web,web_nju_gulou_01,test,0.04,0.041259765625,0.0,2026,cc5ae821df0572f961cddf126f07446827d779ff826fa1ac1672288c073ca2b1,admm,21.69819789783299,0.5929135017509847,0.3162020400632173,0.006057717837393284
web_nju_gulou_01,NJU_campus_web,web_nju_gulou_01,test,0.04,0.041259765625,0.0,2026,cc5ae821df0572f961cddf126f07446827d779ff826fa1ac1672288c073ca2b1,hqs_round1,21.71242908923884,0.5961602814671291,0.3133924099383876,0.004419165197759867
web_nju_gulou_01,NJU_campus_web,web_nju_gulou_01,test,0.04,0.041259765625,0.0,2026,cc5ae821df0572f961cddf126f07446827d779ff826fa1ac1672288c073ca2b1,hqs_5000,21.729290377527416,0.5947282236328763,0.3163509180303663,0.004205434583127499
web_nju_gulou_01,NJU_campus_web,web_nju_gulou_01,test,0.04,0.041259765625,0.0,2026,cc5ae821df0572f961cddf126f07446827d779ff826fa1ac1672288c073ca2b1,hqs_10000,21.73863275426917,0.5972516894467189,0.3237983409781009,0.003500230610370636
web_nju_gulou_01,NJU_campus_web,web_nju_gulou_01,test,0.1,0.1001129150390625,0.0,2026,9e2a3a5d053e29f7fd7300201010f6d3903d0dbbf3f8f37a122b7f08ba51edf0,adjoint,21.017736357674103,0.5032921049005435,0.0002560289576649666,0.015346160158514977
web_nju_gulou_01,NJU_campus_web,web_nju_gulou_01,test,0.1,0.1001129150390625,0.0,2026,9e2a3a5d053e29f7fd7300201010f6d3903d0dbbf3f8f37a122b7f08ba51edf0,fista_dct,21.55885844381226,0.5545570658944454,0.37718806392513216,0.018348103389143944
web_nju_gulou_01,NJU_campus_web,web_nju_gulou_01,test,0.1,0.1001129150390625,0.0,2026,9e2a3a5d053e29f7fd7300201010f6d3903d0dbbf3f8f37a122b7f08ba51edf0,hqs,23.83269472335043,0.7452983351859599,0.3208112820284441,0.004004466813057661
web_nju_gulou_01,NJU_campus_web,web_nju_gulou_01,test,0.1,0.1001129150390625,0.0,2026,9e2a3a5d053e29f7fd7300201010f6d3903d0dbbf3f8f37a122b7f08ba51edf0,admm,23.850208118149396,0.7433640566923022,0.323222290026024,0.00471630459651351
web_nju_gulou_01,NJU_campus_web,web_nju_gulou_01,test,0.1,0.1001129150390625,0.0,2026,9e2a3a5d053e29f7fd7300201010f6d3903d0dbbf3f8f37a122b7f08ba51edf0,hqs_round1,23.850745255973553,0.7449281292995336,0.31839483801741153,0.004045762121677399
web_nju_gulou_01,NJU_campus_web,web_nju_gulou_01,test,0.1,0.1001129150390625,0.0,2026,9e2a3a5d053e29f7fd7300201010f6d3903d0dbbf3f8f37a122b7f08ba51edf0,hqs_5000,23.865659448354176,0.7429394490954727,0.31431641592644155,0.004042872693389654
web_nju_gulou_01,NJU_campus_web,web_nju_gulou_01,test,0.1,0.1001129150390625,0.0,2026,9e2a3a5d053e29f7fd7300201010f6d3903d0dbbf3f8f37a122b7f08ba51edf0,hqs_10000,23.88626482906297,0.746175858368963,0.31649001699406654,0.0032391829881817102
web_nju_gulou_01,NJU_campus_web,web_nju_gulou_01,test,0.25,0.25,0.0,2026,ca84ef9c9e8aa8fbf30f4fdf8ad09fb11101babc49ee66f5cd38af1c7086e631,adjoint,23.323352173598053,0.6633785386529304,0.0003199129132553935,0.015129189006984234
web_nju_gulou_01,NJU_campus_web,web_nju_gulou_01,test,0.25,0.25,0.0,2026,ca84ef9c9e8aa8fbf30f4fdf8ad09fb11101babc49ee66f5cd38af1c7086e631,fista_dct,23.886483972032757,0.7093882405880093,0.3969943990232423,0.01678350940346718
web_nju_gulou_01,NJU_campus_web,web_nju_gulou_01,test,0.25,0.25,0.0,2026,ca84ef9c9e8aa8fbf30f4fdf8ad09fb11101babc49ee66f5cd38af1c7086e631,hqs,27.08196344874353,0.876478560385704,0.32773332903161645,0.0037989907432347536
web_nju_gulou_01,NJU_campus_web,web_nju_gulou_01,test,0.25,0.25,0.0,2026,ca84ef9c9e8aa8fbf30f4fdf8ad09fb11101babc49ee66f5cd38af1c7086e631,admm,27.084397554974053,0.8755406695814133,0.3242323900340125,0.0037672461476176977
web_nju_gulou_01,NJU_campus_web,web_nju_gulou_01,test,0.25,0.25,0.0,2026,ca84ef9c9e8aa8fbf30f4fdf8ad09fb11101babc49ee66f5cd38af1c7086e631,hqs_round1,27.13577883158935,0.8770873747787475,0.32101089507341385,0.0040016560815274715
web_nju_gulou_01,NJU_campus_web,web_nju_gulou_01,test,0.25,0.25,0.0,2026,ca84ef9c9e8aa8fbf30f4fdf8ad09fb11101babc49ee66f5cd38af1c7086e631,hqs_5000,27.195360123992366,0.8770580714349747,0.3243296679574996,0.0032279298175126314
web_nju_gulou_01,NJU_campus_web,web_nju_gulou_01,test,0.25,0.25,0.0,2026,ca84ef9c9e8aa8fbf30f4fdf8ad09fb11101babc49ee66f5cd38af1c7086e631,hqs_10000,27.21883795237758,0.8783828682017326,0.32293692708481103,0.0030846234876662493
web_nju_gulou_01,NJU_campus_web,web_nju_gulou_01,test,0.5,0.4998931884765625,0.0,2026,0eaedecb74a043b9afafca3a60ac942feddd3deeef7b8e00b9acefdeddc4fa9d,adjoint,26.30379063691619,0.7980725060684681,0.00040573300793766975,0.01461308915168047
web_nju_gulou_01,NJU_campus_web,web_nju_gulou_01,test,0.5,0.4998931884765625,0.0,2026,0eaedecb74a043b9afafca3a60ac942feddd3deeef7b8e00b9acefdeddc4fa9d,fista_dct,26.952485712762474,0.8348810195555687,0.4706701540853828,0.013826142065227032
web_nju_gulou_01,NJU_campus_web,web_nju_gulou_01,test,0.5,0.4998931884765625,0.0,2026,0eaedecb74a043b9afafca3a60ac942feddd3deeef7b8e00b9acefdeddc4fa9d,hqs,31.779905649257067,0.955494628115654,0.3247883029980585,0.00337209808640182
web_nju_gulou_01,NJU_campus_web,web_nju_gulou_01,test,0.5,0.4998931884765625,0.0,2026,0eaedecb74a043b9afafca3a60ac942feddd3deeef7b8e00b9acefdeddc4fa9d,admm,31.799412440567878,0.9556032431354523,0.3249166230671108,0.003088089171797037
web_nju_gulou_01,NJU_campus_web,web_nju_gulou_01,test,0.5,0.4998931884765625,0.0,2026,0eaedecb74a043b9afafca3a60ac942feddd3deeef7b8e00b9acefdeddc4fa9d,hqs_round1,31.905161813514557,0.9564426000709534,0.3194730309769511,0.0038113840855658054
web_nju_gulou_01,NJU_campus_web,web_nju_gulou_01,test,0.5,0.4998931884765625,0.0,2026,0eaedecb74a043b9afafca3a60ac942feddd3deeef7b8e00b9acefdeddc4fa9d,hqs_5000,31.989152365950183,0.9568264146528244,0.3223456640262157,0.0031289169564843178
web_nju_gulou_01,NJU_campus_web,web_nju_gulou_01,test,0.5,0.4998931884765625,0.0,2026,0eaedecb74a043b9afafca3a60ac942feddd3deeef7b8e00b9acefdeddc4fa9d,hqs_10000,31.99995719166705,0.9570842182283401,0.3173428470036015,0.003337304340675473
web_nju_gulou_01,NJU_campus_web,web_nju_gulou_01,test,0.1,0.1001129150390625,0.01,2026,ddf9586295261b22c98e4b1cd6d24c3135dc4d7d2e02fcc21dd57df8ee85b2af,adjoint,21.00473972950492,0.502245536127963,0.00024223490618169308,0.015405397862195969
web_nju_gulou_01,NJU_campus_web,web_nju_gulou_01,test,0.1,0.1001129150390625,0.01,2026,ddf9586295261b22c98e4b1cd6d24c3135dc4d7d2e02fcc21dd57df8ee85b2af,fista_dct,21.52618196380007,0.5516009616394442,0.3804486740846187,0.01870877668261528
web_nju_gulou_01,NJU_campus_web,web_nju_gulou_01,test,0.1,0.1001129150390625,0.01,2026,ddf9586295261b22c98e4b1cd6d24c3135dc4d7d2e02fcc21dd57df8ee85b2af,hqs,23.77119023991906,0.7426249857134,0.3239131319569424,0.004059739876538515
web_nju_gulou_01,NJU_campus_web,web_nju_gulou_01,test,0.1,0.1001129150390625,0.01,2026,ddf9586295261b22c98e4b1cd6d24c3135dc4d7d2e02fcc21dd57df8ee85b2af,admm,23.790325924997695,0.7410711909881914,0.3211698060622439,0.004861788358539343
web_nju_gulou_01,NJU_campus_web,web_nju_gulou_01,test,0.1,0.1001129150390625,0.01,2026,ddf9586295261b22c98e4b1cd6d24c3135dc4d7d2e02fcc21dd57df8ee85b2af,hqs_round1,23.78348256066306,0.7424671152611821,0.31870521209202707,0.0040865736082196236
web_nju_gulou_01,NJU_campus_web,web_nju_gulou_01,test,0.1,0.1001129150390625,0.01,2026,ddf9586295261b22c98e4b1cd6d24c3135dc4d7d2e02fcc21dd57df8ee85b2af,hqs_5000,23.80449308221987,0.7396266721932292,0.3166526430286467,0.0050375815480947495
web_nju_gulou_01,NJU_campus_web,web_nju_gulou_01,test,0.1,0.1001129150390625,0.01,2026,ddf9586295261b22c98e4b1cd6d24c3135dc4d7d2e02fcc21dd57df8ee85b2af,hqs_10000,23.82129202828793,0.7427725699987412,0.31743638904299587,0.003492389339953661
web_nju_gulou_01,NJU_campus_web,web_nju_gulou_01,test,0.1,0.1001129150390625,0.01,2027,510a79066321042da0bb6c0798cc2159c86148d9a21ddffda624ba20319426db,adjoint,21.00443412903859,0.5025572095879047,0.0002563449088484049,0.015427851118147373
web_nju_gulou_01,NJU_campus_web,web_nju_gulou_01,test,0.1,0.1001129150390625,0.01,2027,510a79066321042da0bb6c0798cc2159c86148d9a21ddffda624ba20319426db,fista_dct,21.548108596388275,0.5537246200139956,0.37624762300401926,0.018426621332764626
web_nju_gulou_01,NJU_campus_web,web_nju_gulou_01,test,0.1,0.1001129150390625,0.01,2027,510a79066321042da0bb6c0798cc2159c86148d9a21ddffda624ba20319426db,hqs,23.7616009877322,0.7425853131374717,0.31935907201841474,0.003979222849011421
web_nju_gulou_01,NJU_campus_web,web_nju_gulou_01,test,0.1,0.1001129150390625,0.01,2027,510a79066321042da0bb6c0798cc2159c86148d9a21ddffda624ba20319426db,admm,23.774422295719614,0.7406579396807402,0.317311201011762,0.0048468043096363544
web_nju_gulou_01,NJU_campus_web,web_nju_gulou_01,test,0.1,0.1001129150390625,0.01,2027,510a79066321042da0bb6c0798cc2159c86148d9a21ddffda624ba20319426db,hqs_round1,23.77290634238177,0.7421398198525682,0.32029128808062524,0.004000721033662558
web_nju_gulou_01,NJU_campus_web,web_nju_gulou_01,test,0.1,0.1001129150390625,0.01,2027,510a79066321042da0bb6c0798cc2159c86148d9a21ddffda624ba20319426db,hqs_5000,23.791456434483898,0.739558364708826,0.32278090389445424,0.004743576515465975
web_nju_gulou_01,NJU_campus_web,web_nju_gulou_01,test,0.1,0.1001129150390625,0.01,2027,510a79066321042da0bb6c0798cc2159c86148d9a21ddffda624ba20319426db,hqs_10000,23.805712375128245,0.7426489508438855,0.3233332469826564,0.003413490718230605
web_nju_gulou_01,NJU_campus_web,web_nju_gulou_01,test,0.1,0.1001129150390625,0.01,2028,5e2170469ea0378215ded9dab2e20b174c5249dac550e00b0bb659668645d15a,adjoint,21.004953068432787,0.5024891461249688,0.00026117602828890085,0.015491049736738205
web_nju_gulou_01,NJU_campus_web,web_nju_gulou_01,test,0.1,0.1001129150390625,0.01,2028,5e2170469ea0378215ded9dab2e20b174c5249dac550e00b0bb659668645d15a,fista_dct,21.516855098440864,0.5508269332578342,0.372077715001069,0.018786154687404633
web_nju_gulou_01,NJU_campus_web,web_nju_gulou_01,test,0.1,0.1001129150390625,0.01,2028,5e2170469ea0378215ded9dab2e20b174c5249dac550e00b0bb659668645d15a,hqs,23.77416738026104,0.7424976549927295,0.3185857739299536,0.003995852544903755
web_nju_gulou_01,NJU_campus_web,web_nju_gulou_01,test,0.1,0.1001129150390625,0.01,2028,5e2170469ea0378215ded9dab2e20b174c5249dac550e00b0bb659668645d15a,admm,23.78990172744909,0.7407374009371549,0.31816976505797356,0.0048670521937310696
web_nju_gulou_01,NJU_campus_web,web_nju_gulou_01,test,0.1,0.1001129150390625,0.01,2028,5e2170469ea0378215ded9dab2e20b174c5249dac550e00b0bb659668645d15a,hqs_round1,23.780913607217393,0.7420651149699092,0.31881137704476714,0.004044005181640387
web_nju_gulou_01,NJU_campus_web,web_nju_gulou_01,test,0.1,0.1001129150390625,0.01,2028,5e2170469ea0378215ded9dab2e20b174c5249dac550e00b0bb659668645d15a,hqs_5000,23.795111749412868,0.7395630039380491,0.3185271000256762,0.004609990864992142
web_nju_gulou_01,NJU_campus_web,web_nju_gulou_01,test,0.1,0.1001129150390625,0.01,2028,5e2170469ea0378215ded9dab2e20b174c5249dac550e00b0bb659668645d15a,hqs_10000,23.818828609205266,0.7426171004316509,0.31907435797620565,0.0033396929502487183
web_nju_gulou_01,NJU_campus_web,web_nju_gulou_01,test,0.1,0.1001129150390625,0.05,2026,8ba285cdf9bb62208bb11503bad6d8f497dfc9b690f0604ec6807756d1e96a38,adjoint,20.709353416144417,0.4818318599711637,0.00027350091841071844,0.01762980781495571
web_nju_gulou_01,NJU_campus_web,web_nju_gulou_01,test,0.1,0.1001129150390625,0.05,2026,8ba285cdf9bb62208bb11503bad6d8f497dfc9b690f0604ec6807756d1e96a38,fista_dct,21.009736802243168,0.5154242116572496,0.3738333520013839,0.02222384884953499
web_nju_gulou_01,NJU_campus_web,web_nju_gulou_01,test,0.1,0.1001129150390625,0.05,2026,8ba285cdf9bb62208bb11503bad6d8f497dfc9b690f0604ec6807756d1e96a38,hqs,22.59303831831786,0.679598279742606,0.31774830096401274,0.004220998380333185
web_nju_gulou_01,NJU_campus_web,web_nju_gulou_01,test,0.1,0.1001129150390625,0.05,2026,8ba285cdf9bb62208bb11503bad6d8f497dfc9b690f0604ec6807756d1e96a38,admm,22.634810445698008,0.6849092803284657,0.32192205800674856,0.005590344779193401
web_nju_gulou_01,NJU_campus_web,web_nju_gulou_01,test,0.1,0.1001129150390625,0.05,2026,8ba285cdf9bb62208bb11503bad6d8f497dfc9b690f0604ec6807756d1e96a38,hqs_round1,22.54157357078528,0.6804138431442939,0.3217325850855559,0.003793877549469471
web_nju_gulou_01,NJU_campus_web,web_nju_gulou_01,test,0.1,0.1001129150390625,0.05,2026,8ba285cdf9bb62208bb11503bad6d8f497dfc9b690f0604ec6807756d1e96a38,hqs_5000,22.87968064181488,0.6818894159975722,0.3217039050068706,0.030779056251049042
web_nju_gulou_01,NJU_campus_web,web_nju_gulou_01,test,0.1,0.1001129150390625,0.05,2026,8ba285cdf9bb62208bb11503bad6d8f497dfc9b690f0604ec6807756d1e96a38,hqs_10000,22.895593076880495,0.684359588616427,0.31641134491655976,0.030121421441435814
web_nju_gulou_01,NJU_campus_web,web_nju_gulou_01,test,0.1,0.1001129150390625,0.05,2027,c4cfacb252b1fb2155172bd7c06859169714b39e7503c2470f31a31a5c85152d,adjoint,20.702658277611235,0.48266947708513425,0.0002296040765941143,0.017750980332493782
web_nju_gulou_01,NJU_campus_web,web_nju_gulou_01,test,0.1,0.1001129150390625,0.05,2027,c4cfacb252b1fb2155172bd7c06859169714b39e7503c2470f31a31a5c85152d,fista_dct,20.953907906027005,0.5147664991380849,0.37327761796768755,0.02250421978533268
web_nju_gulou_01,NJU_campus_web,web_nju_gulou_01,test,0.1,0.1001129150390625,0.05,2027,c4cfacb252b1fb2155172bd7c06859169714b39e7503c2470f31a31a5c85152d,hqs,22.57756902372136,0.6783876229981854,0.3449984190519899,0.004301590844988823
web_nju_gulou_01,NJU_campus_web,web_nju_gulou_01,test,0.1,0.1001129150390625,0.05,2027,c4cfacb252b1fb2155172bd7c06859169714b39e7503c2470f31a31a5c85152d,admm,22.616706345400736,0.6828176860092878,0.31917438202071935,0.00562368705868721
web_nju_gulou_01,NJU_campus_web,web_nju_gulou_01,test,0.1,0.1001129150390625,0.05,2027,c4cfacb252b1fb2155172bd7c06859169714b39e7503c2470f31a31a5c85152d,hqs_round1,22.538823108856555,0.6787976358274622,0.3166301320306957,0.003901668591424823
web_nju_gulou_01,NJU_campus_web,web_nju_gulou_01,test,0.1,0.1001129150390625,0.05,2027,c4cfacb252b1fb2155172bd7c06859169714b39e7503c2470f31a31a5c85152d,hqs_5000,22.888410433926033,0.6813708889344633,0.3188111069612205,0.02945718914270401
web_nju_gulou_01,NJU_campus_web,web_nju_gulou_01,test,0.1,0.1001129150390625,0.05,2027,c4cfacb252b1fb2155172bd7c06859169714b39e7503c2470f31a31a5c85152d,hqs_10000,22.902111799972758,0.6845579510102477,0.3206914160400629,0.0282078068703413
web_nju_gulou_01,NJU_campus_web,web_nju_gulou_01,test,0.1,0.1001129150390625,0.05,2028,3d025c3cba52e4b8548eaa5d11644c3b927e4db3f116c3d134b872dfe4b31393,adjoint,20.702674066591506,0.4821386516020066,0.00024610699620097876,0.018066713586449623
web_nju_gulou_01,NJU_campus_web,web_nju_gulou_01,test,0.1,0.1001129150390625,0.05,2028,3d025c3cba52e4b8548eaa5d11644c3b927e4db3f116c3d134b872dfe4b31393,fista_dct,20.991152643306023,0.5139813023190012,0.3755755410529673,0.022578489035367966
web_nju_gulou_01,NJU_campus_web,web_nju_gulou_01,test,0.1,0.1001129150390625,0.05,2028,3d025c3cba52e4b8548eaa5d11644c3b927e4db3f116c3d134b872dfe4b31393,hqs,22.597998319440194,0.6794538270388748,0.3184105280088261,0.005042677745223045
web_nju_gulou_01,NJU_campus_web,web_nju_gulou_01,test,0.1,0.1001129150390625,0.05,2028,3d025c3cba52e4b8548eaa5d11644c3b927e4db3f116c3d134b872dfe4b31393,admm,22.63101770319508,0.6841155393522474,0.31727647804655135,0.006287777330726385
web_nju_gulou_01,NJU_campus_web,web_nju_gulou_01,test,0.1,0.1001129150390625,0.05,2028,3d025c3cba52e4b8548eaa5d11644c3b927e4db3f116c3d134b872dfe4b31393,hqs_round1,22.546639447136634,0.6801558301869649,0.3246481609530747,0.004603002220392227
web_nju_gulou_01,NJU_campus_web,web_nju_gulou_01,test,0.1,0.1001129150390625,0.05,2028,3d025c3cba52e4b8548eaa5d11644c3b927e4db3f116c3d134b872dfe4b31393,hqs_5000,22.876554036467933,0.6806533048143201,0.3184436570154503,0.02891494147479534
web_nju_gulou_01,NJU_campus_web,web_nju_gulou_01,test,0.1,0.1001129150390625,0.05,2028,3d025c3cba52e4b8548eaa5d11644c3b927e4db3f116c3d134b872dfe4b31393,hqs_10000,22.89116425282502,0.6828734834971577,0.31776998506393284,0.027904165908694267
web_nju_gulou_02,NJU_campus_web,web_nju_gulou_02,test,0.01,0.01031494140625,0.0,2026,10cf6b466ff958eaa09733585f6b070ab6ae8f0da6f41da365cf9a40e9e6da8f,adjoint,19.324120602318168,0.39345022844986405,0.00018105306662619114,0.01917063258588314
web_nju_gulou_02,NJU_campus_web,web_nju_gulou_02,test,0.01,0.01031494140625,0.0,2026,10cf6b466ff958eaa09733585f6b070ab6ae8f0da6f41da365cf9a40e9e6da8f,fista_dct,19.92560337210802,0.49440229772495975,0.34289749898016453,0.018848665058612823
web_nju_gulou_02,NJU_campus_web,web_nju_gulou_02,test,0.01,0.01031494140625,0.0,2026,10cf6b466ff958eaa09733585f6b070ab6ae8f0da6f41da365cf9a40e9e6da8f,hqs,22.373299001466755,0.6785206999441912,0.3170582539169118,0.004406879190355539
web_nju_gulou_02,NJU_campus_web,web_nju_gulou_02,test,0.01,0.01031494140625,0.0,2026,10cf6b466ff958eaa09733585f6b070ab6ae8f0da6f41da365cf9a40e9e6da8f,admm,22.34183178394728,0.6723172818525545,0.3173395609483123,0.0042177787981927395
web_nju_gulou_02,NJU_campus_web,web_nju_gulou_02,test,0.01,0.01031494140625,0.0,2026,10cf6b466ff958eaa09733585f6b070ab6ae8f0da6f41da365cf9a40e9e6da8f,hqs_round1,22.37514972871592,0.6787096191071491,0.3199883410707116,0.004277593921869993
web_nju_gulou_02,NJU_campus_web,web_nju_gulou_02,test,0.01,0.01031494140625,0.0,2026,10cf6b466ff958eaa09733585f6b070ab6ae8f0da6f41da365cf9a40e9e6da8f,hqs_5000,22.41675335473864,0.6804917965533848,0.31566361291334033,0.005748942028731108
web_nju_gulou_02,NJU_campus_web,web_nju_gulou_02,test,0.01,0.01031494140625,0.0,2026,10cf6b466ff958eaa09733585f6b070ab6ae8f0da6f41da365cf9a40e9e6da8f,hqs_10000,22.49399038593827,0.6852562720303133,0.31846075505018234,0.004694211762398481
web_nju_gulou_02,NJU_campus_web,web_nju_gulou_02,test,0.04,0.041259765625,0.0,2026,a225375510067467c1c1bf7c3f594ab6706d18ec42a54a9c4461755926e420d6,adjoint,21.57281095686802,0.5017998966234781,0.00020978495012968779,0.017431585118174553
web_nju_gulou_02,NJU_campus_web,web_nju_gulou_02,test,0.04,0.041259765625,0.0,2026,a225375510067467c1c1bf7c3f594ab6706d18ec42a54a9c4461755926e420d6,fista_dct,22.546266919318292,0.5987494196763469,0.3394419850083068,0.01578487828373909
web_nju_gulou_02,NJU_campus_web,web_nju_gulou_02,test,0.04,0.041259765625,0.0,2026,a225375510067467c1c1bf7c3f594ab6706d18ec42a54a9c4461755926e420d6,hqs,26.751673664035724,0.852496159888804,0.31638724508229643,0.004082017578184605
web_nju_gulou_02,NJU_campus_web,web_nju_gulou_02,test,0.04,0.041259765625,0.0,2026,a225375510067467c1c1bf7c3f594ab6706d18ec42a54a9c4461755926e420d6,admm,26.878352914294865,0.8534834705139468,0.3209686760092154,0.00430457666516304
web_nju_gulou_02,NJU_campus_web,web_nju_gulou_02,test,0.04,0.041259765625,0.0,2026,a225375510067467c1c1bf7c3f594ab6706d18ec42a54a9c4461755926e420d6,hqs_round1,26.88922186271465,0.8549190992428399,0.31796213099732995,0.003976525738835335
web_nju_gulou_02,NJU_campus_web,web_nju_gulou_02,test,0.04,0.041259765625,0.0,2026,a225375510067467c1c1bf7c3f594ab6706d18ec42a54a9c4461755926e420d6,hqs_5000,27.007174283028938,0.8570646784031392,0.31761488097254187,0.0038075794000178576
web_nju_gulou_02,NJU_campus_web,web_nju_gulou_02,test,0.04,0.041259765625,0.0,2026,a225375510067467c1c1bf7c3f594ab6706d18ec42a54a9c4461755926e420d6,hqs_10000,27.01063079482049,0.8581716494056434,0.31971322395838797,0.003602313343435526
web_nju_gulou_02,NJU_campus_web,web_nju_gulou_02,test,0.1,0.1001129150390625,0.0,2026,7de930f864c81e7bf71b137dc7feb2e4f4e5423f5fd4a0a4a8667ae0b15bc4a2,adjoint,23.504632893994255,0.6026973337369317,0.00024862191639840603,0.015558232553303242
web_nju_gulou_02,NJU_campus_web,web_nju_gulou_02,test,0.1,0.1001129150390625,0.0,2026,7de930f864c81e7bf71b137dc7feb2e4f4e5423f5fd4a0a4a8667ae0b15bc4a2,fista_dct,24.533747846312252,0.6768678081792434,0.3717786220367998,0.01471968088299036
web_nju_gulou_02,NJU_campus_web,web_nju_gulou_02,test,0.1,0.1001129150390625,0.0,2026,7de930f864c81e7bf71b137dc7feb2e4f4e5423f5fd4a0a4a8667ae0b15bc4a2,hqs,30.08967725349509,0.9244564782844782,0.3231801629299298,0.003226747503504157
web_nju_gulou_02,NJU_campus_web,web_nju_gulou_02,test,0.1,0.1001129150390625,0.0,2026,7de930f864c81e7bf71b137dc7feb2e4f4e5423f5fd4a0a4a8667ae0b15bc4a2,admm,30.134918669987414,0.9243146528568268,0.3208683399716392,0.0031231066677719355
web_nju_gulou_02,NJU_campus_web,web_nju_gulou_02,test,0.1,0.1001129150390625,0.0,2026,7de930f864c81e7bf71b137dc7feb2e4f4e5423f5fd4a0a4a8667ae0b15bc4a2,hqs_round1,30.294254770186125,0.9266561673859358,0.31762154900934547,0.00344956130720675
web_nju_gulou_02,NJU_campus_web,web_nju_gulou_02,test,0.1,0.1001129150390625,0.0,2026,7de930f864c81e7bf71b137dc7feb2e4f4e5423f5fd4a0a4a8667ae0b15bc4a2,hqs_5000,30.392283381745855,0.9275784451137781,0.3215379030443728,0.0031711033079773188
web_nju_gulou_02,NJU_campus_web,web_nju_gulou_02,test,0.1,0.1001129150390625,0.0,2026,7de930f864c81e7bf71b137dc7feb2e4f4e5423f5fd4a0a4a8667ae0b15bc4a2,hqs_10000,30.389178140345624,0.9281823244941234,0.32287975400686264,0.0031161552760750055
web_nju_gulou_02,NJU_campus_web,web_nju_gulou_02,test,0.25,0.25,0.0,2026,5ce371d454e8183b8099fa20689ee58abfdfef2f5b8f75b0b19ee10f7be6d320,adjoint,26.20825853440634,0.7240514821015597,0.0003676229389384389,0.013476505875587463
web_nju_gulou_02,NJU_campus_web,web_nju_gulou_02,test,0.25,0.25,0.0,2026,5ce371d454e8183b8099fa20689ee58abfdfef2f5b8f75b0b19ee10f7be6d320,fista_dct,27.55617353869099,0.8016704068943858,0.39643052592873573,0.01128159835934639
web_nju_gulou_02,NJU_campus_web,web_nju_gulou_02,test,0.25,0.25,0.0,2026,5ce371d454e8183b8099fa20689ee58abfdfef2f5b8f75b0b19ee10f7be6d320,hqs,34.93364774352654,0.9729722313971519,0.32340147893410176,0.002265940885990858
web_nju_gulou_02,NJU_campus_web,web_nju_gulou_02,test,0.25,0.25,0.0,2026,5ce371d454e8183b8099fa20689ee58abfdfef2f5b8f75b0b19ee10f7be6d320,admm,34.99222416332602,0.9729635722079277,0.32177547505125403,0.0022242076229304075
web_nju_gulou_02,NJU_campus_web,web_nju_gulou_02,test,0.25,0.25,0.0,2026,5ce371d454e8183b8099fa20689ee58abfdfef2f5b8f75b0b19ee10f7be6d320,hqs_round1,35.0911680494363,0.9739960572006703,0.32284605596214533,0.002627826062962413
web_nju_gulou_02,NJU_campus_web,web_nju_gulou_02,test,0.25,0.25,0.0,2026,5ce371d454e8183b8099fa20689ee58abfdfef2f5b8f75b0b19ee10f7be6d320,hqs_5000,35.38185304050176,0.9753440531196594,0.3235429560299963,0.002394224749878049
web_nju_gulou_02,NJU_campus_web,web_nju_gulou_02,test,0.25,0.25,0.0,2026,5ce371d454e8183b8099fa20689ee58abfdfef2f5b8f75b0b19ee10f7be6d320,hqs_10000,35.36025862732373,0.9753183666348457,0.31740722293034196,0.0025869295932352543
web_nju_gulou_02,NJU_campus_web,web_nju_gulou_02,test,0.5,0.4998931884765625,0.0,2026,f846402be038eadcb6a466e1aed4660241dc012e05d5d5e77d5cb21c00acd5d9,adjoint,29.385229572015582,0.8237239357361793,0.0003902389435097575,0.011651844717562199
web_nju_gulou_02,NJU_campus_web,web_nju_gulou_02,test,0.5,0.4998931884765625,0.0,2026,f846402be038eadcb6a466e1aed4660241dc012e05d5d5e77d5cb21c00acd5d9,fista_dct,31.082490421783454,0.8892726555206776,0.46177844190970063,0.008898746222257614
web_nju_gulou_02,NJU_campus_web,web_nju_gulou_02,test,0.5,0.4998931884765625,0.0,2026,f846402be038eadcb6a466e1aed4660241dc012e05d5d5e77d5cb21c00acd5d9,hqs,40.90587237589527,0.9925296799798011,0.3214682260295376,0.0015127661172300577
web_nju_gulou_02,NJU_campus_web,web_nju_gulou_02,test,0.5,0.4998931884765625,0.0,2026,f846402be038eadcb6a466e1aed4660241dc012e05d5d5e77d5cb21c00acd5d9,admm,41.0304190499465,0.9925870698661804,0.32079782895743847,0.0015220054192468524
web_nju_gulou_02,NJU_campus_web,web_nju_gulou_02,test,0.5,0.4998931884765625,0.0,2026,f846402be038eadcb6a466e1aed4660241dc012e05d5d5e77d5cb21c00acd5d9,hqs_round1,41.232440822258695,0.9930614157419204,0.3203551530605182,0.001901286537759006
web_nju_gulou_02,NJU_campus_web,web_nju_gulou_02,test,0.5,0.4998931884765625,0.0,2026,f846402be038eadcb6a466e1aed4660241dc012e05d5d5e77d5cb21c00acd5d9,hqs_5000,41.77521674234926,0.993639463171959,0.3174138891045004,0.0017539188265800476
web_nju_gulou_02,NJU_campus_web,web_nju_gulou_02,test,0.5,0.4998931884765625,0.0,2026,f846402be038eadcb6a466e1aed4660241dc012e05d5d5e77d5cb21c00acd5d9,hqs_10000,41.84033634775162,0.9938008140525818,0.3184362120227888,0.0018708533607423306
web_nju_gulou_02,NJU_campus_web,web_nju_gulou_02,test,0.1,0.1001129150390625,0.01,2026,5344d077cf8d1419442c8b709d311f458586c29c1a0e28da565c026645ac1884,adjoint,23.467675557355317,0.599638808477324,0.00024015293456614017,0.01581970416009426
web_nju_gulou_02,NJU_campus_web,web_nju_gulou_02,test,0.1,0.1001129150390625,0.01,2026,5344d077cf8d1419442c8b709d311f458586c29c1a0e28da565c026645ac1884,fista_dct,24.45133681861822,0.6705196470044525,0.3680846190545708,0.015143468044698238
web_nju_gulou_02,NJU_campus_web,web_nju_gulou_02,test,0.1,0.1001129150390625,0.01,2026,5344d077cf8d1419442c8b709d311f458586c29c1a0e28da565c026645ac1884,hqs,29.288881043296875,0.9077823414385319,0.35794984304811805,0.0032244431786239147
web_nju_gulou_02,NJU_campus_web,web_nju_gulou_02,test,0.1,0.1001129150390625,0.01,2026,5344d077cf8d1419442c8b709d311f458586c29c1a0e28da565c026645ac1884,admm,29.397490540666947,0.9101413251508474,0.33885170496068895,0.003912684042006731
web_nju_gulou_02,NJU_campus_web,web_nju_gulou_02,test,0.1,0.1001129150390625,0.01,2026,5344d077cf8d1419442c8b709d311f458586c29c1a0e28da565c026645ac1884,hqs_round1,29.36050546715498,0.9095979237898588,0.34025334601756185,0.0033582483883947134
web_nju_gulou_02,NJU_campus_web,web_nju_gulou_02,test,0.1,0.1001129150390625,0.01,2026,5344d077cf8d1419442c8b709d311f458586c29c1a0e28da565c026645ac1884,hqs_5000,29.559535640536208,0.9119700972819328,0.34032368508633226,0.005440680775791407
web_nju_gulou_02,NJU_campus_web,web_nju_gulou_02,test,0.1,0.1001129150390625,0.01,2026,5344d077cf8d1419442c8b709d311f458586c29c1a0e28da565c026645ac1884,hqs_10000,29.564268824754553,0.912470316552639,0.33829576696734875,0.004467192571610212
web_nju_gulou_02,NJU_campus_web,web_nju_gulou_02,test,0.1,0.1001129150390625,0.01,2027,df3022bd0149342eb2b217a2f38acf36d46fa8d68bdcd6224e631a821bb9043a,adjoint,23.468111819924253,0.5998621309210473,0.00024424202274531126,0.015916360542178154
web_nju_gulou_02,NJU_campus_web,web_nju_gulou_02,test,0.1,0.1001129150390625,0.01,2027,df3022bd0149342eb2b217a2f38acf36d46fa8d68bdcd6224e631a821bb9043a,fista_dct,24.453651280902385,0.6718499990977818,0.3729453000705689,0.015428914688527584
web_nju_gulou_02,NJU_campus_web,web_nju_gulou_02,test,0.1,0.1001129150390625,0.01,2027,df3022bd0149342eb2b217a2f38acf36d46fa8d68bdcd6224e631a821bb9043a,hqs,29.32664001619915,0.9072307101770639,0.31923960195854306,0.0032617782708257437
web_nju_gulou_02,NJU_campus_web,web_nju_gulou_02,test,0.1,0.1001129150390625,0.01,2027,df3022bd0149342eb2b217a2f38acf36d46fa8d68bdcd6224e631a821bb9043a,admm,29.451933024816373,0.9104588286120892,0.3182405880652368,0.0038876463659107685
web_nju_gulou_02,NJU_campus_web,web_nju_gulou_02,test,0.1,0.1001129150390625,0.01,2027,df3022bd0149342eb2b217a2f38acf36d46fa8d68bdcd6224e631a821bb9043a,hqs_round1,29.404365195299246,0.909052515443325,0.32120573706924915,0.0034027143847197294
web_nju_gulou_02,NJU_campus_web,web_nju_gulou_02,test,0.1,0.1001129150390625,0.01,2027,df3022bd0149342eb2b217a2f38acf36d46fa8d68bdcd6224e631a821bb9043a,hqs_5000,29.623488233062854,0.9120890998175144,0.3323870609747246,0.005424880888313055
web_nju_gulou_02,NJU_campus_web,web_nju_gulou_02,test,0.1,0.1001129150390625,0.01,2027,df3022bd0149342eb2b217a2f38acf36d46fa8d68bdcd6224e631a821bb9043a,hqs_10000,29.612520052949435,0.912180243126154,0.3267671539215371,0.004502724390476942
web_nju_gulou_02,NJU_campus_web,web_nju_gulou_02,test,0.1,0.1001129150390625,0.01,2028,78f03a0caf28f5619dc79f2d772de638da3e5c866dfaf0350937fdf0a9b1cda1,adjoint,23.467318397518753,0.5996169461984858,0.00018279894720762968,0.015783123672008514
web_nju_gulou_02,NJU_campus_web,web_nju_gulou_02,test,0.1,0.1001129150390625,0.01,2028,78f03a0caf28f5619dc79f2d772de638da3e5c866dfaf0350937fdf0a9b1cda1,fista_dct,24.461185232340167,0.671245947457575,0.369069107924588,0.015129313804209232
web_nju_gulou_02,NJU_campus_web,web_nju_gulou_02,test,0.1,0.1001129150390625,0.01,2028,78f03a0caf28f5619dc79f2d772de638da3e5c866dfaf0350937fdf0a9b1cda1,hqs,29.32209237455686,0.9092339109594821,0.3189881449798122,0.003215098986402154
web_nju_gulou_02,NJU_campus_web,web_nju_gulou_02,test,0.1,0.1001129150390625,0.01,2028,78f03a0caf28f5619dc79f2d772de638da3e5c866dfaf0350937fdf0a9b1cda1,admm,29.371708830892857,0.9108652073823214,0.32186399202328175,0.0037866279017180204
web_nju_gulou_02,NJU_campus_web,web_nju_gulou_02,test,0.1,0.1001129150390625,0.01,2028,78f03a0caf28f5619dc79f2d772de638da3e5c866dfaf0350937fdf0a9b1cda1,hqs_round1,29.38927088325522,0.9108856658508777,0.3200588970212266,0.0033526711631566286
web_nju_gulou_02,NJU_campus_web,web_nju_gulou_02,test,0.1,0.1001129150390625,0.01,2028,78f03a0caf28f5619dc79f2d772de638da3e5c866dfaf0350937fdf0a9b1cda1,hqs_5000,29.585207121012914,0.9133545992753506,0.31873914890456945,0.0050069899298250675
web_nju_gulou_02,NJU_campus_web,web_nju_gulou_02,test,0.1,0.1001129150390625,0.01,2028,78f03a0caf28f5619dc79f2d772de638da3e5c866dfaf0350937fdf0a9b1cda1,hqs_10000,29.57468047368796,0.9132763605951071,0.3202263111015782,0.004044702742248774
web_nju_gulou_02,NJU_campus_web,web_nju_gulou_02,test,0.1,0.1001129150390625,0.05,2026,94a2d7a44fa40311f5b7d57058710d1b25bf3facb3235564e09e8dc69caed13c,adjoint,22.67078810859357,0.5419560580943908,0.00022114801686257124,0.02193283475935459
web_nju_gulou_02,NJU_campus_web,web_nju_gulou_02,test,0.1,0.1001129150390625,0.05,2026,94a2d7a44fa40311f5b7d57058710d1b25bf3facb3235564e09e8dc69caed13c,fista_dct,22.91473710581888,0.5579929137122596,0.35129332705400884,0.025151753798127174
web_nju_gulou_02,NJU_campus_web,web_nju_gulou_02,test,0.1,0.1001129150390625,0.05,2026,94a2d7a44fa40311f5b7d57058710d1b25bf3facb3235564e09e8dc69caed13c,hqs,23.890082291171353,0.6886111076310961,0.3202134969178587,0.006610473617911339
web_nju_gulou_02,NJU_campus_web,web_nju_gulou_02,test,0.1,0.1001129150390625,0.05,2026,94a2d7a44fa40311f5b7d57058710d1b25bf3facb3235564e09e8dc69caed13c,admm,24.361515919640524,0.7041238787018926,0.3269537700107321,0.007981481030583382
web_nju_gulou_02,NJU_campus_web,web_nju_gulou_02,test,0.1,0.1001129150390625,0.05,2026,94a2d7a44fa40311f5b7d57058710d1b25bf3facb3235564e09e8dc69caed13c,hqs_round1,23.689012352542385,0.6868007447455605,0.326412423979491,0.0061637721955776215
web_nju_gulou_02,NJU_campus_web,web_nju_gulou_02,test,0.1,0.1001129150390625,0.05,2026,94a2d7a44fa40311f5b7d57058710d1b25bf3facb3235564e09e8dc69caed13c,hqs_5000,26.697190199539435,0.836914387186639,0.32020401407498866,0.03642783686518669
web_nju_gulou_02,NJU_campus_web,web_nju_gulou_02,test,0.1,0.1001129150390625,0.05,2026,94a2d7a44fa40311f5b7d57058710d1b25bf3facb3235564e09e8dc69caed13c,hqs_10000,26.712643590363893,0.8402300341088921,0.3177485029445961,0.037200018763542175
web_nju_gulou_02,NJU_campus_web,web_nju_gulou_02,test,0.1,0.1001129150390625,0.05,2027,d8fabcdf16907794a3228f6a86dffd6b45bf1eeaa6ebd93e4aac40e189205d1a,adjoint,22.662252997047794,0.5427977949726269,0.00023013807367533445,0.022197945043444633
web_nju_gulou_02,NJU_campus_web,web_nju_gulou_02,test,0.1,0.1001129150390625,0.05,2027,d8fabcdf16907794a3228f6a86dffd6b45bf1eeaa6ebd93e4aac40e189205d1a,fista_dct,22.924638044844457,0.5614603163045644,0.3724938789382577,0.024870553985238075
web_nju_gulou_02,NJU_campus_web,web_nju_gulou_02,test,0.1,0.1001129150390625,0.05,2027,d8fabcdf16907794a3228f6a86dffd6b45bf1eeaa6ebd93e4aac40e189205d1a,hqs,23.92427784899738,0.6962619617517565,0.32152300397865474,0.007088649086654186
web_nju_gulou_02,NJU_campus_web,web_nju_gulou_02,test,0.1,0.1001129150390625,0.05,2027,d8fabcdf16907794a3228f6a86dffd6b45bf1eeaa6ebd93e4aac40e189205d1a,admm,24.33227989002276,0.7106470839240033,0.32059286104049534,0.008302469737827778
web_nju_gulou_02,NJU_campus_web,web_nju_gulou_02,test,0.1,0.1001129150390625,0.05,2027,d8fabcdf16907794a3228f6a86dffd6b45bf1eeaa6ebd93e4aac40e189205d1a,hqs_round1,23.719361116265205,0.6944155952492351,0.31927786592859775,0.006713975220918655
web_nju_gulou_02,NJU_campus_web,web_nju_gulou_02,test,0.1,0.1001129150390625,0.05,2027,d8fabcdf16907794a3228f6a86dffd6b45bf1eeaa6ebd93e4aac40e189205d1a,hqs_5000,26.677797692515224,0.8353286210028245,0.320405023987405,0.03576052561402321
web_nju_gulou_02,NJU_campus_web,web_nju_gulou_02,test,0.1,0.1001129150390625,0.05,2027,d8fabcdf16907794a3228f6a86dffd6b45bf1eeaa6ebd93e4aac40e189205d1a,hqs_10000,26.69917735237403,0.8391975409023007,0.3160500150406733,0.03681899979710579
web_nju_gulou_02,NJU_campus_web,web_nju_gulou_02,test,0.1,0.1001129150390625,0.05,2028,c65841bd0f60cb7796ed7fc71bbcfe377f16cede4feebd7df559ce2273c0d375,adjoint,22.679775810446003,0.5426921118280624,0.00022824201732873917,0.0214738417416811
web_nju_gulou_02,NJU_campus_web,web_nju_gulou_02,test,0.1,0.1001129150390625,0.05,2028,c65841bd0f60cb7796ed7fc71bbcfe377f16cede4feebd7df559ce2273c0d375,fista_dct,23.041119690680173,0.5655128819725025,0.3639842679258436,0.024161791428923607
web_nju_gulou_02,NJU_campus_web,web_nju_gulou_02,test,0.1,0.1001129150390625,0.05,2028,c65841bd0f60cb7796ed7fc71bbcfe377f16cede4feebd7df559ce2273c0d375,hqs,24.065209538024593,0.7045428154529598,0.32104183197952807,0.0064292727038264275
web_nju_gulou_02,NJU_campus_web,web_nju_gulou_02,test,0.1,0.1001129150390625,0.05,2028,c65841bd0f60cb7796ed7fc71bbcfe377f16cede4feebd7df559ce2273c0d375,admm,24.353036708659626,0.7151130259773103,0.3193132500164211,0.00736613292247057
web_nju_gulou_02,NJU_campus_web,web_nju_gulou_02,test,0.1,0.1001129150390625,0.05,2028,c65841bd0f60cb7796ed7fc71bbcfe377f16cede4feebd7df559ce2273c0d375,hqs_round1,23.90146857598765,0.7037234118068768,0.3173214909620583,0.006089973263442516
web_nju_gulou_02,NJU_campus_web,web_nju_gulou_02,test,0.1,0.1001129150390625,0.05,2028,c65841bd0f60cb7796ed7fc71bbcfe377f16cede4feebd7df559ce2273c0d375,hqs_5000,26.68260825587977,0.8396311512215734,0.31899097305722535,0.03604566305875778
web_nju_gulou_02,NJU_campus_web,web_nju_gulou_02,test,0.1,0.1001129150390625,0.05,2028,c65841bd0f60cb7796ed7fc71bbcfe377f16cede4feebd7df559ce2273c0d375,hqs_10000,26.717493586149196,0.8423477544817924,0.3195940660079941,0.03630021587014198
web_nju_gulou_03,NJU_campus_web,web_nju_gulou_03,test,0.01,0.01031494140625,0.0,2026,a27c34ee98a9bd295ca269bb95ba0a692f9916815c106628dfdfca834d453cee,adjoint,20.461965204192385,0.2599926200274127,0.0001499219797551632,0.008844546042382717
web_nju_gulou_03,NJU_campus_web,web_nju_gulou_03,test,0.01,0.01031494140625,0.0,2026,a27c34ee98a9bd295ca269bb95ba0a692f9916815c106628dfdfca834d453cee,fista_dct,21.451598205345867,0.3475604348076397,0.3177687539719045,0.00913305301219225
web_nju_gulou_03,NJU_campus_web,web_nju_gulou_03,test,0.01,0.01031494140625,0.0,2026,a27c34ee98a9bd295ca269bb95ba0a692f9916815c106628dfdfca834d453cee,hqs,22.093659927908384,0.39001676738811925,0.3213302369695157,0.00253481836989522
web_nju_gulou_03,NJU_campus_web,web_nju_gulou_03,test,0.01,0.01031494140625,0.0,2026,a27c34ee98a9bd295ca269bb95ba0a692f9916815c106628dfdfca834d453cee,admm,22.12435332032953,0.3917321533660824,0.31899639999028295,0.004375345539301634
web_nju_gulou_03,NJU_campus_web,web_nju_gulou_03,test,0.01,0.01031494140625,0.0,2026,a27c34ee98a9bd295ca269bb95ba0a692f9916815c106628dfdfca834d453cee,hqs_round1,22.103824567579142,0.39100062785467044,0.32074567989911884,0.002443472156301141
web_nju_gulou_03,NJU_campus_web,web_nju_gulou_03,test,0.01,0.01031494140625,0.0,2026,a27c34ee98a9bd295ca269bb95ba0a692f9916815c106628dfdfca834d453cee,hqs_5000,22.124640653912905,0.3890500687526655,0.31793122098315507,0.007206164300441742
web_nju_gulou_03,NJU_campus_web,web_nju_gulou_03,test,0.01,0.01031494140625,0.0,2026,a27c34ee98a9bd295ca269bb95ba0a692f9916815c106628dfdfca834d453cee,hqs_10000,22.152531175073605,0.39152050414155365,0.3163933390751481,0.005632797256112099
web_nju_gulou_03,NJU_campus_web,web_nju_gulou_03,test,0.04,0.041259765625,0.0,2026,b046c9ee491dac092bebf108e322e2a8c313f89c9b5abdc9c0f0a64022bd4ae2,adjoint,21.861416213381148,0.37417584256553854,0.00020689796656370163,0.009158337488770485
web_nju_gulou_03,NJU_campus_web,web_nju_gulou_03,test,0.04,0.041259765625,0.0,2026,b046c9ee491dac092bebf108e322e2a8c313f89c9b5abdc9c0f0a64022bd4ae2,fista_dct,22.74896122502584,0.45136241216713074,0.34230618993751705,0.009084022603929043
web_nju_gulou_03,NJU_campus_web,web_nju_gulou_03,test,0.04,0.041259765625,0.0,2026,b046c9ee491dac092bebf108e322e2a8c313f89c9b5abdc9c0f0a64022bd4ae2,hqs,23.57213057734544,0.5344987092924677,0.31408672290854156,0.001937726279720664
web_nju_gulou_03,NJU_campus_web,web_nju_gulou_03,test,0.04,0.041259765625,0.0,2026,b046c9ee491dac092bebf108e322e2a8c313f89c9b5abdc9c0f0a64022bd4ae2,admm,23.57824592744203,0.5310418525618121,0.3155156800057739,0.0034399861469864845
web_nju_gulou_03,NJU_campus_web,web_nju_gulou_03,test,0.04,0.041259765625,0.0,2026,b046c9ee491dac092bebf108e322e2a8c313f89c9b5abdc9c0f0a64022bd4ae2,hqs_round1,23.573380711591998,0.5338777383409403,0.31406266696285456,0.001783205778338015
web_nju_gulou_03,NJU_campus_web,web_nju_gulou_03,test,0.04,0.041259765625,0.0,2026,b046c9ee491dac092bebf108e322e2a8c313f89c9b5abdc9c0f0a64022bd4ae2,hqs_5000,23.566739501168634,0.5305247658809954,0.314013710943982,0.0028638632502406836
web_nju_gulou_03,NJU_campus_web,web_nju_gulou_03,test,0.04,0.041259765625,0.0,2026,b046c9ee491dac092bebf108e322e2a8c313f89c9b5abdc9c0f0a64022bd4ae2,hqs_10000,23.579214396171388,0.5330973855953518,0.3146825929870829,0.0018975533312186599
web_nju_gulou_03,NJU_campus_web,web_nju_gulou_03,test,0.1,0.1001129150390625,0.0,2026,6cdca750d6ee2224d51be79d53384cc8b1e480340ad8108851916a54838704c5,adjoint,23.045194809039074,0.4992197103669308,0.00023439398501068354,0.009845311753451824
web_nju_gulou_03,NJU_campus_web,web_nju_gulou_03,test,0.1,0.1001129150390625,0.0,2026,6cdca750d6ee2224d51be79d53384cc8b1e480340ad8108851916a54838704c5,fista_dct,23.68546689152284,0.5557121240996122,0.3684787490637973,0.009904618375003338
web_nju_gulou_03,NJU_campus_web,web_nju_gulou_03,test,0.1,0.1001129150390625,0.0,2026,6cdca750d6ee2224d51be79d53384cc8b1e480340ad8108851916a54838704c5,hqs,24.806803667036057,0.6633664748823047,0.3158094100654125,0.001978060230612755
web_nju_gulou_03,NJU_campus_web,web_nju_gulou_03,test,0.1,0.1001129150390625,0.0,2026,6cdca750d6ee2224d51be79d53384cc8b1e480340ad8108851916a54838704c5,admm,24.79395687900706,0.6585012903481126,0.31978995294775814,0.0034837578423321247
web_nju_gulou_03,NJU_campus_web,web_nju_gulou_03,test,0.1,0.1001129150390625,0.0,2026,6cdca750d6ee2224d51be79d53384cc8b1e480340ad8108851916a54838704c5,hqs_round1,24.815359555334425,0.6623586346724033,0.31746562698390335,0.002085088985040784
web_nju_gulou_03,NJU_campus_web,web_nju_gulou_03,test,0.1,0.1001129150390625,0.0,2026,6cdca750d6ee2224d51be79d53384cc8b1e480340ad8108851916a54838704c5,hqs_5000,24.817409252561543,0.6574186762162447,0.31882384000346065,0.0039450665935873985
web_nju_gulou_03,NJU_campus_web,web_nju_gulou_03,test,0.1,0.1001129150390625,0.0,2026,6cdca750d6ee2224d51be79d53384cc8b1e480340ad8108851916a54838704c5,hqs_10000,24.824872770583394,0.6609828243522644,0.31794752296991646,0.002254318678751588
web_nju_gulou_03,NJU_campus_web,web_nju_gulou_03,test,0.25,0.25,0.0,2026,f46aeb59103493b418679aed2d7be1d0ee7c4a3c310a8cd45ec9f47509fba7fb,adjoint,25.02893453125788,0.6670954289797545,0.00025906204245984554,0.010101249441504478
web_nju_gulou_03,NJU_campus_web,web_nju_gulou_03,test,0.25,0.25,0.0,2026,f46aeb59103493b418679aed2d7be1d0ee7c4a3c310a8cd45ec9f47509fba7fb,fista_dct,25.36747837849778,0.6971974725363255,0.388344787992537,0.010117228142917156
web_nju_gulou_03,NJU_campus_web,web_nju_gulou_03,test,0.25,0.25,0.0,2026,f46aeb59103493b418679aed2d7be1d0ee7c4a3c310a8cd45ec9f47509fba7fb,hqs,27.14748587132911,0.8134437139935493,0.3203201190335676,0.002464782679453492
web_nju_gulou_03,NJU_campus_web,web_nju_gulou_03,test,0.25,0.25,0.0,2026,f46aeb59103493b418679aed2d7be1d0ee7c4a3c310a8cd45ec9f47509fba7fb,admm,27.142039500351505,0.8116920977864266,0.3195736398920417,0.0031183133833110332
web_nju_gulou_03,NJU_campus_web,web_nju_gulou_03,test,0.25,0.25,0.0,2026,f46aeb59103493b418679aed2d7be1d0ee7c4a3c310a8cd45ec9f47509fba7fb,hqs_round1,27.17363803092227,0.8135739404330253,0.31891801906749606,0.00254882057197392
web_nju_gulou_03,NJU_campus_web,web_nju_gulou_03,test,0.25,0.25,0.0,2026,f46aeb59103493b418679aed2d7be1d0ee7c4a3c310a8cd45ec9f47509fba7fb,hqs_5000,27.180683188214196,0.8120452240324021,0.3164231030968949,0.002709656488150358
web_nju_gulou_03,NJU_campus_web,web_nju_gulou_03,test,0.25,0.25,0.0,2026,f46aeb59103493b418679aed2d7be1d0ee7c4a3c310a8cd45ec9f47509fba7fb,hqs_10000,27.187903293304352,0.813998228003025,0.3174398710252717,0.0020299337338656187
web_nju_gulou_03,NJU_campus_web,web_nju_gulou_03,test,0.5,0.4998931884765625,0.0,2026,72208b9ce0eb4df3e2af6e0ad15446bbfb43693e4e02aceba635038907f48edd,adjoint,27.708388077870154,0.8085194390006065,0.0005477899685502052,0.010090631432831287
web_nju_gulou_03,NJU_campus_web,web_nju_gulou_03,test,0.5,0.4998931884765625,0.0,2026,72208b9ce0eb4df3e2af6e0ad15446bbfb43693e4e02aceba635038907f48edd,fista_dct,27.787226697688613,0.8175321522197724,0.47158859204500914,0.009826542809605598
web_nju_gulou_03,NJU_campus_web,web_nju_gulou_03,test,0.5,0.4998931884765625,0.0,2026,72208b9ce0eb4df3e2af6e0ad15446bbfb43693e4e02aceba635038907f48edd,hqs,30.798538160765652,0.9230768830900192,0.3151806619716808,0.002812553197145462
web_nju_gulou_03,NJU_campus_web,web_nju_gulou_03,test,0.5,0.4998931884765625,0.0,2026,72208b9ce0eb4df3e2af6e0ad15446bbfb43693e4e02aceba635038907f48edd,admm,30.781818591920764,0.9222338569488525,0.3172016830649227,0.0031195837073028088
web_nju_gulou_03,NJU_campus_web,web_nju_gulou_03,test,0.5,0.4998931884765625,0.0,2026,72208b9ce0eb4df3e2af6e0ad15446bbfb43693e4e02aceba635038907f48edd,hqs_round1,30.839556765261133,0.9235149714698792,0.3147995169274509,0.0032692549284547567
web_nju_gulou_03,NJU_campus_web,web_nju_gulou_03,test,0.5,0.4998931884765625,0.0,2026,72208b9ce0eb4df3e2af6e0ad15446bbfb43693e4e02aceba635038907f48edd,hqs_5000,30.85638939675686,0.9229633494386673,0.3171707410365343,0.00262798392213881
web_nju_gulou_03,NJU_campus_web,web_nju_gulou_03,test,0.5,0.4998931884765625,0.0,2026,72208b9ce0eb4df3e2af6e0ad15446bbfb43693e4e02aceba635038907f48edd,hqs_10000,30.870819892153797,0.9235654004430771,0.3201784020056948,0.0026608288753777742
web_nju_gulou_03,NJU_campus_web,web_nju_gulou_03,test,0.1,0.1001129150390625,0.01,2026,c09c225e56af79350b35eda4405440d9a8aa9c2599e38cd0d9e95b424d214fe8,adjoint,23.022879474892054,0.49812421921394534,0.00023364298976957798,0.00995360966771841
web_nju_gulou_03,NJU_campus_web,web_nju_gulou_03,test,0.1,0.1001129150390625,0.01,2026,c09c225e56af79350b35eda4405440d9a8aa9c2599e38cd0d9e95b424d214fe8,fista_dct,23.651818166525217,0.5537271934565687,0.363823811057955,0.010226203128695488
web_nju_gulou_03,NJU_campus_web,web_nju_gulou_03,test,0.1,0.1001129150390625,0.01,2026,c09c225e56af79350b35eda4405440d9a8aa9c2599e38cd0d9e95b424d214fe8,hqs,24.741837446607295,0.6593335209212303,0.31717111403122544,0.0020055787172168493
web_nju_gulou_03,NJU_campus_web,web_nju_gulou_03,test,0.1,0.1001129150390625,0.01,2026,c09c225e56af79350b35eda4405440d9a8aa9c2599e38cd0d9e95b424d214fe8,admm,24.73609237242066,0.6554019621514082,0.32009399903472513,0.0035548147279769182
web_nju_gulou_03,NJU_campus_web,web_nju_gulou_03,test,0.1,0.1001129150390625,0.01,2026,c09c225e56af79350b35eda4405440d9a8aa9c2599e38cd0d9e95b424d214fe8,hqs_round1,24.747987441310787,0.6585149151896834,0.31693260790780187,0.002090637804940343
web_nju_gulou_03,NJU_campus_web,web_nju_gulou_03,test,0.1,0.1001129150390625,0.01,2026,c09c225e56af79350b35eda4405440d9a8aa9c2599e38cd0d9e95b424d214fe8,hqs_5000,24.75645160608483,0.6524752006988526,0.31831057695671916,0.00519113102927804
web_nju_gulou_03,NJU_campus_web,web_nju_gulou_03,test,0.1,0.1001129150390625,0.01,2026,c09c225e56af79350b35eda4405440d9a8aa9c2599e38cd0d9e95b424d214fe8,hqs_10000,24.764281689016858,0.6564100686275959,0.3176568780327216,0.0030211657285690308
web_nju_gulou_03,NJU_campus_web,web_nju_gulou_03,test,0.1,0.1001129150390625,0.01,2027,ebeb2ad2c0401cd369a59337da541ff7caebb8f44a02a8a59a90c652fe4943c6,adjoint,23.02173805368332,0.4975402728679716,0.0002083539729937911,0.009740862995386124
web_nju_gulou_03,NJU_campus_web,web_nju_gulou_03,test,0.1,0.1001129150390625,0.01,2027,ebeb2ad2c0401cd369a59337da541ff7caebb8f44a02a8a59a90c652fe4943c6,fista_dct,23.65191635446711,0.551963389041462,0.3675120819825679,0.010040946304798126
web_nju_gulou_03,NJU_campus_web,web_nju_gulou_03,test,0.1,0.1001129150390625,0.01,2027,ebeb2ad2c0401cd369a59337da541ff7caebb8f44a02a8a59a90c652fe4943c6,hqs,24.75194164655551,0.6588822128157019,0.3210026150336489,0.002003477420657873
web_nju_gulou_03,NJU_campus_web,web_nju_gulou_03,test,0.1,0.1001129150390625,0.01,2027,ebeb2ad2c0401cd369a59337da541ff7caebb8f44a02a8a59a90c652fe4943c6,admm,24.74855272734208,0.6551457081335187,0.3208697030786425,0.0035745957866311073
web_nju_gulou_03,NJU_campus_web,web_nju_gulou_03,test,0.1,0.1001129150390625,0.01,2027,ebeb2ad2c0401cd369a59337da541ff7caebb8f44a02a8a59a90c652fe4943c6,hqs_round1,24.760705172089544,0.658285333021164,0.31765160500071943,0.0020833448506891727
web_nju_gulou_03,NJU_campus_web,web_nju_gulou_03,test,0.1,0.1001129150390625,0.01,2027,ebeb2ad2c0401cd369a59337da541ff7caebb8f44a02a8a59a90c652fe4943c6,hqs_5000,24.763899504120822,0.6512003291668892,0.32104731595609337,0.005802924279123545
web_nju_gulou_03,NJU_campus_web,web_nju_gulou_03,test,0.1,0.1001129150390625,0.01,2027,ebeb2ad2c0401cd369a59337da541ff7caebb8f44a02a8a59a90c652fe4943c6,hqs_10000,24.770628392019525,0.6554830057188272,0.31431313301436603,0.00329381600022316
web_nju_gulou_03,NJU_campus_web,web_nju_gulou_03,test,0.1,0.1001129150390625,0.01,2028,6bc34a4b0dfa1945c6797d5def260644c54174a437571a86fbf5055aafe4659b,adjoint,23.02363482668075,0.49793213593697616,0.0002151400549337268,0.009894775226712227
web_nju_gulou_03,NJU_campus_web,web_nju_gulou_03,test,0.1,0.1001129150390625,0.01,2028,6bc34a4b0dfa1945c6797d5def260644c54174a437571a86fbf5055aafe4659b,fista_dct,23.654604536591457,0.5545158275111168,0.3680593050085008,0.009960195049643517
web_nju_gulou_03,NJU_campus_web,web_nju_gulou_03,test,0.1,0.1001129150390625,0.01,2028,6bc34a4b0dfa1945c6797d5def260644c54174a437571a86fbf5055aafe4659b,hqs,24.745184444113338,0.6595104325088262,0.3340156980557367,0.0019316051620990038
web_nju_gulou_03,NJU_campus_web,web_nju_gulou_03,test,0.1,0.1001129150390625,0.01,2028,6bc34a4b0dfa1945c6797d5def260644c54174a437571a86fbf5055aafe4659b,admm,24.742630988414504,0.6557451513767689,0.32682212500367314,0.0035418577026575804
web_nju_gulou_03,NJU_campus_web,web_nju_gulou_03,test,0.1,0.1001129150390625,0.01,2028,6bc34a4b0dfa1945c6797d5def260644c54174a437571a86fbf5055aafe4659b,hqs_round1,24.752325328888034,0.658691720365882,0.3217733959900215,0.0020235010888427496
web_nju_gulou_03,NJU_campus_web,web_nju_gulou_03,test,0.1,0.1001129150390625,0.01,2028,6bc34a4b0dfa1945c6797d5def260644c54174a437571a86fbf5055aafe4659b,hqs_5000,24.75885169667414,0.6524092242656946,0.3185181129956618,0.0054514664225280285
web_nju_gulou_03,NJU_campus_web,web_nju_gulou_03,test,0.1,0.1001129150390625,0.01,2028,6bc34a4b0dfa1945c6797d5def260644c54174a437571a86fbf5055aafe4659b,hqs_10000,24.764804089169825,0.6563347949514091,0.3219965159660205,0.0030961972661316395
web_nju_gulou_03,NJU_campus_web,web_nju_gulou_03,test,0.1,0.1001129150390625,0.05,2026,2ab8af16decf8cd34e7b5a9a330db2bcd1e0dabff15e033bd0de58f4fc7fc78f,adjoint,22.52398385615278,0.4666261687346687,0.00022768101189285517,0.012323613278567791
web_nju_gulou_03,NJU_campus_web,web_nju_gulou_03,test,0.1,0.1001129150390625,0.05,2026,2ab8af16decf8cd34e7b5a9a330db2bcd1e0dabff15e033bd0de58f4fc7fc78f,fista_dct,22.692123541310366,0.48818577316123235,0.3917216779664159,0.015120263211429119
web_nju_gulou_03,NJU_campus_web,web_nju_gulou_03,test,0.1,0.1001129150390625,0.05,2026,2ab8af16decf8cd34e7b5a9a330db2bcd1e0dabff15e033bd0de58f4fc7fc78f,hqs,23.639198237371176,0.5827917962556258,0.3212861310457811,0.003358958289027214
web_nju_gulou_03,NJU_campus_web,web_nju_gulou_03,test,0.1,0.1001129150390625,0.05,2026,2ab8af16decf8cd34e7b5a9a330db2bcd1e0dabff15e033bd0de58f4fc7fc78f,admm,23.692279797467208,0.5915692334278897,0.3210331070004031,0.004851444624364376
web_nju_gulou_03,NJU_campus_web,web_nju_gulou_03,test,0.1,0.1001129150390625,0.05,2026,2ab8af16decf8cd34e7b5a9a330db2bcd1e0dabff15e033bd0de58f4fc7fc78f,hqs_round1,23.642952787153977,0.5849279584769774,0.32230731402523816,0.0031352636869996786
web_nju_gulou_03,NJU_campus_web,web_nju_gulou_03,test,0.1,0.1001129150390625,0.05,2026,2ab8af16decf8cd34e7b5a9a330db2bcd1e0dabff15e033bd0de58f4fc7fc78f,hqs_5000,24.01883734078631,0.5838460502867167,0.3172058090567589,0.03261183947324753
web_nju_gulou_03,NJU_campus_web,web_nju_gulou_03,test,0.1,0.1001129150390625,0.05,2026,2ab8af16decf8cd34e7b5a9a330db2bcd1e0dabff15e033bd0de58f4fc7fc78f,hqs_10000,24.029447548807788,0.5866254797533191,0.31681229395326227,0.03184066340327263
web_nju_gulou_03,NJU_campus_web,web_nju_gulou_03,test,0.1,0.1001129150390625,0.05,2027,1af5aff755bc3a0375d1e848ea857517701f184c520a94f456af49861ffb01c0,adjoint,22.530109832074952,0.4649038973437869,0.00021394703071564436,0.011230308562517166
web_nju_gulou_03,NJU_campus_web,web_nju_gulou_03,test,0.1,0.1001129150390625,0.05,2027,1af5aff755bc3a0375d1e848ea857517701f184c520a94f456af49861ffb01c0,fista_dct,22.770622775939962,0.48868279877636805,0.3697279120096937,0.013779357075691223
web_nju_gulou_03,NJU_campus_web,web_nju_gulou_03,test,0.1,0.1001129150390625,0.05,2027,1af5aff755bc3a0375d1e848ea857517701f184c520a94f456af49861ffb01c0,hqs,23.69170572492118,0.5814196074802437,0.3186999569879845,0.002342619001865387
web_nju_gulou_03,NJU_campus_web,web_nju_gulou_03,test,0.1,0.1001129150390625,0.05,2027,1af5aff755bc3a0375d1e848ea857517701f184c520a94f456af49861ffb01c0,admm,23.763197225135663,0.5899215570124542,0.3157153819920495,0.00436744187027216
web_nju_gulou_03,NJU_campus_web,web_nju_gulou_03,test,0.1,0.1001129150390625,0.05,2027,1af5aff755bc3a0375d1e848ea857517701f184c520a94f456af49861ffb01c0,hqs_round1,23.696450230482448,0.5836749422681073,0.3179460969986394,0.0021226319950073957
web_nju_gulou_03,NJU_campus_web,web_nju_gulou_03,test,0.1,0.1001129150390625,0.05,2027,1af5aff755bc3a0375d1e848ea857517701f184c520a94f456af49861ffb01c0,hqs_5000,24.036636487494782,0.5823112810131982,0.3184975660406053,0.03286033123731613
web_nju_gulou_03,NJU_campus_web,web_nju_gulou_03,test,0.1,0.1001129150390625,0.05,2027,1af5aff755bc3a0375d1e848ea857517701f184c520a94f456af49861ffb01c0,hqs_10000,24.043273030590537,0.5849739595660804,0.32075550500303507,0.03232594579458237
web_nju_gulou_03,NJU_campus_web,web_nju_gulou_03,test,0.1,0.1001129150390625,0.05,2028,bb5dec4ab7d9b4586d5162449dcb473266cc869c27e426d8ffcdcdc8e0e40b8e,adjoint,22.542128864286997,0.4669127368820411,0.00022282404825091362,0.011942539364099503
web_nju_gulou_03,NJU_campus_web,web_nju_gulou_03,test,0.1,0.1001129150390625,0.05,2028,bb5dec4ab7d9b4586d5162449dcb473266cc869c27e426d8ffcdcdc8e0e40b8e,fista_dct,22.83872350657782,0.49901600774172566,0.37591907498426735,0.014732210896909237
web_nju_gulou_03,NJU_campus_web,web_nju_gulou_03,test,0.1,0.1001129150390625,0.05,2028,bb5dec4ab7d9b4586d5162449dcb473266cc869c27e426d8ffcdcdc8e0e40b8e,hqs,23.665998294560076,0.5867296647673622,0.31625090003944933,0.002573206787928939
web_nju_gulou_03,NJU_campus_web,web_nju_gulou_03,test,0.1,0.1001129150390625,0.05,2028,bb5dec4ab7d9b4586d5162449dcb473266cc869c27e426d8ffcdcdc8e0e40b8e,admm,23.712769759063494,0.5957826644506734,0.318593839998357,0.0043058209121227264
web_nju_gulou_03,NJU_campus_web,web_nju_gulou_03,test,0.1,0.1001129150390625,0.05,2028,bb5dec4ab7d9b4586d5162449dcb473266cc869c27e426d8ffcdcdc8e0e40b8e,hqs_round1,23.66483429570684,0.589065274595893,0.31813892896752805,0.002282405737787485
web_nju_gulou_03,NJU_campus_web,web_nju_gulou_03,test,0.1,0.1001129150390625,0.05,2028,bb5dec4ab7d9b4586d5162449dcb473266cc869c27e426d8ffcdcdc8e0e40b8e,hqs_5000,24.018161335569364,0.5858053941311799,0.31898052094038576,0.03173977881669998
web_nju_gulou_03,NJU_campus_web,web_nju_gulou_03,test,0.1,0.1001129150390625,0.05,2028,bb5dec4ab7d9b4586d5162449dcb473266cc869c27e426d8ffcdcdc8e0e40b8e,hqs_10000,24.02850871977044,0.587025505998849,0.31425172404851764,0.03220370411872864
web_nju_gulou_04,NJU_campus_web,web_nju_gulou_04,test,0.01,0.01031494140625,0.0,2026,4171ae5b3e69a866dbb26ee7c9523be8ac26f22d8f19c69b0f186c27b12579a7,adjoint,16.840744243457177,0.2599971570623854,0.00012480397708714008,0.005770385265350342
web_nju_gulou_04,NJU_campus_web,web_nju_gulou_04,test,0.01,0.01031494140625,0.0,2026,4171ae5b3e69a866dbb26ee7c9523be8ac26f22d8f19c69b0f186c27b12579a7,fista_dct,16.9233941069591,0.293192507300508,0.30807842791546136,0.006771598942577839
web_nju_gulou_04,NJU_campus_web,web_nju_gulou_04,test,0.01,0.01031494140625,0.0,2026,4171ae5b3e69a866dbb26ee7c9523be8ac26f22d8f19c69b0f186c27b12579a7,hqs,17.834480224901707,0.3935381751525565,0.31572320102714,0.005704741925001144
web_nju_gulou_04,NJU_campus_web,web_nju_gulou_04,test,0.01,0.01031494140625,0.0,2026,4171ae5b3e69a866dbb26ee7c9523be8ac26f22d8f19c69b0f186c27b12579a7,admm,17.71846076019136,0.3827841834293639,0.3145687860669568,0.007570422254502773
web_nju_gulou_04,NJU_campus_web,web_nju_gulou_04,test,0.01,0.01031494140625,0.0,2026,4171ae5b3e69a866dbb26ee7c9523be8ac26f22d8f19c69b0f186c27b12579a7,hqs_round1,17.835717143730847,0.39401159769494737,0.31840284704230726,0.005203984212130308
web_nju_gulou_04,NJU_campus_web,web_nju_gulou_04,test,0.01,0.01031494140625,0.0,2026,4171ae5b3e69a866dbb26ee7c9523be8ac26f22d8f19c69b0f186c27b12579a7,hqs_5000,17.823130519279776,0.39255772390816224,0.3170843970729038,0.009932558983564377
web_nju_gulou_04,NJU_campus_web,web_nju_gulou_04,test,0.01,0.01031494140625,0.0,2026,4171ae5b3e69a866dbb26ee7c9523be8ac26f22d8f19c69b0f186c27b12579a7,hqs_10000,17.829400241820807,0.39408776992087974,0.3233054239535704,0.006390703842043877
web_nju_gulou_04,NJU_campus_web,web_nju_gulou_04,test,0.04,0.041259765625,0.0,2026,926aba624074dd4d90ff882be393d980709de9e3086f4ca4a10678ec8bca1010,adjoint,18.67994699747014,0.4184565939015729,0.00020596699323505163,0.004705836530774832
web_nju_gulou_04,NJU_campus_web,web_nju_gulou_04,test,0.04,0.041259765625,0.0,2026,926aba624074dd4d90ff882be393d980709de9e3086f4ca4a10678ec8bca1010,fista_dct,18.847634572060862,0.442468168342914,0.34512729302514344,0.005218843929469585
web_nju_gulou_04,NJU_campus_web,web_nju_gulou_04,test,0.04,0.041259765625,0.0,2026,926aba624074dd4d90ff882be393d980709de9e3086f4ca4a10678ec8bca1010,hqs,20.40825688631957,0.618334411886673,0.32023583399131894,0.006819192785769701
web_nju_gulou_04,NJU_campus_web,web_nju_gulou_04,test,0.04,0.041259765625,0.0,2026,926aba624074dd4d90ff882be393d980709de9e3086f4ca4a10678ec8bca1010,admm,20.39291373588188,0.6150367099597833,0.3191970670595765,0.008361983112990856
web_nju_gulou_04,NJU_campus_web,web_nju_gulou_04,test,0.04,0.041259765625,0.0,2026,926aba624074dd4d90ff882be393d980709de9e3086f4ca4a10678ec8bca1010,hqs_round1,20.456087133651177,0.6214136903735861,0.3218538759974763,0.006118112709373236
web_nju_gulou_04,NJU_campus_web,web_nju_gulou_04,test,0.04,0.041259765625,0.0,2026,926aba624074dd4d90ff882be393d980709de9e3086f4ca4a10678ec8bca1010,hqs_5000,20.500746236114765,0.6250782990191397,0.31652760901488364,0.006457480136305094
web_nju_gulou_04,NJU_campus_web,web_nju_gulou_04,test,0.04,0.041259765625,0.0,2026,926aba624074dd4d90ff882be393d980709de9e3086f4ca4a10678ec8bca1010,hqs_10000,20.511462946886926,0.6263482724726843,0.31694955297280103,0.0051907729357481
web_nju_gulou_04,NJU_campus_web,web_nju_gulou_04,test,0.1,0.1001129150390625,0.0,2026,23aba6001220bbed7d07a3b996b4a2e26bf36101b51db2caf0ed320b3d3bf7af,adjoint,20.15714973337243,0.5510010085946068,0.0002350079594179988,0.005152664612978697
web_nju_gulou_04,NJU_campus_web,web_nju_gulou_04,test,0.1,0.1001129150390625,0.0,2026,23aba6001220bbed7d07a3b996b4a2e26bf36101b51db2caf0ed320b3d3bf7af,fista_dct,20.500724764624657,0.58684417593037,0.37579685694072396,0.005669963080435991
web_nju_gulou_04,NJU_campus_web,web_nju_gulou_04,test,0.1,0.1001129150390625,0.0,2026,23aba6001220bbed7d07a3b996b4a2e26bf36101b51db2caf0ed320b3d3bf7af,hqs,22.764479921918493,0.7802438430056572,0.3189084680052474,0.006919422652572393
web_nju_gulou_04,NJU_campus_web,web_nju_gulou_04,test,0.1,0.1001129150390625,0.0,2026,23aba6001220bbed7d07a3b996b4a2e26bf36101b51db2caf0ed320b3d3bf7af,admm,22.78110783174107,0.7781710013253903,0.3191120830597356,0.00783436931669712
web_nju_gulou_04,NJU_campus_web,web_nju_gulou_04,test,0.1,0.1001129150390625,0.0,2026,23aba6001220bbed7d07a3b996b4a2e26bf36101b51db2caf0ed320b3d3bf7af,hqs_round1,22.780398474394552,0.7804979460989535,0.3172075590118766,0.006625431589782238
web_nju_gulou_04,NJU_campus_web,web_nju_gulou_04,test,0.1,0.1001129150390625,0.0,2026,23aba6001220bbed7d07a3b996b4a2e26bf36101b51db2caf0ed320b3d3bf7af,hqs_5000,22.814257424757322,0.7810439112495482,0.31537723005749285,0.0066061317920684814
web_nju_gulou_04,NJU_campus_web,web_nju_gulou_04,test,0.1,0.1001129150390625,0.0,2026,23aba6001220bbed7d07a3b996b4a2e26bf36101b51db2caf0ed320b3d3bf7af,hqs_10000,22.83308130099495,0.7828322880527974,0.3168686550343409,0.005410285666584969
web_nju_gulou_04,NJU_campus_web,web_nju_gulou_04,test,0.25,0.25,0.0,2026,f1be782561052bf94b6d5260391f614810f23ed308f654544cc935a0ec4127da,adjoint,22.416906922546573,0.6969246236799974,0.0002772259758785367,0.0057111154310405254
web_nju_gulou_04,NJU_campus_web,web_nju_gulou_04,test,0.25,0.25,0.0,2026,f1be782561052bf94b6d5260391f614810f23ed308f654544cc935a0ec4127da,fista_dct,22.788602333971987,0.7240556947965622,0.3875176580622792,0.005250273272395134
web_nju_gulou_04,NJU_campus_web,web_nju_gulou_04,test,0.25,0.25,0.0,2026,f1be782561052bf94b6d5260391f614810f23ed308f654544cc935a0ec4127da,hqs,26.21699111406595,0.9004794208402633,0.31803452991880476,0.005511298310011625
web_nju_gulou_04,NJU_campus_web,web_nju_gulou_04,test,0.25,0.25,0.0,2026,f1be782561052bf94b6d5260391f614810f23ed308f654544cc935a0ec4127da,admm,26.240215613753378,0.9005279849438668,0.3183466939954087,0.005471135023981333
web_nju_gulou_04,NJU_campus_web,web_nju_gulou_04,test,0.25,0.25,0.0,2026,f1be782561052bf94b6d5260391f614810f23ed308f654544cc935a0ec4127da,hqs_round1,26.377319345776833,0.9030777151985169,0.316974867018871,0.005931264720857143
web_nju_gulou_04,NJU_campus_web,web_nju_gulou_04,test,0.25,0.25,0.0,2026,f1be782561052bf94b6d5260391f614810f23ed308f654544cc935a0ec4127da,hqs_5000,26.425784824888474,0.9029928388419152,0.3161730319261551,0.006524592638015747
web_nju_gulou_04,NJU_campus_web,web_nju_gulou_04,test,0.25,0.25,0.0,2026,f1be782561052bf94b6d5260391f614810f23ed308f654544cc935a0ec4127da,hqs_10000,26.42917115363199,0.904275203467846,0.3156628969591111,0.005556072574108839
web_nju_gulou_04,NJU_campus_web,web_nju_gulou_04,test,0.5,0.4998931884765625,0.0,2026,f40d2f611f340ee06b556677ca798adffa8bea0fd4802e901fa6459b65552a6f,adjoint,25.492662119856885,0.814433932056427,0.00047113094478845596,0.006128448992967606
web_nju_gulou_04,NJU_campus_web,web_nju_gulou_04,test,0.5,0.4998931884765625,0.0,2026,f40d2f611f340ee06b556677ca798adffa8bea0fd4802e901fa6459b65552a6f,fista_dct,25.69266157390109,0.8273447317798137,0.4586164540378377,0.005317514296621084
web_nju_gulou_04,NJU_campus_web,web_nju_gulou_04,test,0.5,0.4998931884765625,0.0,2026,f40d2f611f340ee06b556677ca798adffa8bea0fd4802e901fa6459b65552a6f,hqs,31.374001255512628,0.9663344367561341,0.31783869699575007,0.004513205960392952
web_nju_gulou_04,NJU_campus_web,web_nju_gulou_04,test,0.5,0.4998931884765625,0.0,2026,f40d2f611f340ee06b556677ca798adffa8bea0fd4802e901fa6459b65552a6f,admm,31.352039481679732,0.9660945950841904,0.31550100597087294,0.004137895070016384
web_nju_gulou_04,NJU_campus_web,web_nju_gulou_04,test,0.5,0.4998931884765625,0.0,2026,f40d2f611f340ee06b556677ca798adffa8bea0fd4802e901fa6459b65552a6f,hqs_round1,31.570928186608597,0.9676764884634018,0.3165525100193918,0.005341911222785711
web_nju_gulou_04,NJU_campus_web,web_nju_gulou_04,test,0.5,0.4998931884765625,0.0,2026,f40d2f611f340ee06b556677ca798adffa8bea0fd4802e901fa6459b65552a6f,hqs_5000,31.658707885925445,0.9678837461910248,0.3178420390468091,0.005386810749769211
web_nju_gulou_04,NJU_campus_web,web_nju_gulou_04,test,0.5,0.4998931884765625,0.0,2026,f40d2f611f340ee06b556677ca798adffa8bea0fd4802e901fa6459b65552a6f,hqs_10000,31.679161169170904,0.9680728344182968,0.3167401710525155,0.005071629304438829
web_nju_gulou_04,NJU_campus_web,web_nju_gulou_04,test,0.1,0.1001129150390625,0.01,2026,b66b4142ee8e6120b3543c62f2f03d30ebb5a32074a088d02c2356c1ffc1a660,adjoint,20.147989953113314,0.5501473796769029,0.00026973302010446787,0.005178449675440788
web_nju_gulou_04,NJU_campus_web,web_nju_gulou_04,test,0.1,0.1001129150390625,0.01,2026,b66b4142ee8e6120b3543c62f2f03d30ebb5a32074a088d02c2356c1ffc1a660,fista_dct,20.491915808758673,0.5865521560287401,0.3766605710843578,0.005753789097070694
web_nju_gulou_04,NJU_campus_web,web_nju_gulou_04,test,0.1,0.1001129150390625,0.01,2026,b66b4142ee8e6120b3543c62f2f03d30ebb5a32074a088d02c2356c1ffc1a660,hqs,22.710394595950238,0.7772899264466614,0.3169416890013963,0.0068764532916247845
web_nju_gulou_04,NJU_campus_web,web_nju_gulou_04,test,0.1,0.1001129150390625,0.01,2026,b66b4142ee8e6120b3543c62f2f03d30ebb5a32074a088d02c2356c1ffc1a660,admm,22.72869219830669,0.7758348351121973,0.315263049909845,0.007820183411240578
web_nju_gulou_04,NJU_campus_web,web_nju_gulou_04,test,0.1,0.1001129150390625,0.01,2026,b66b4142ee8e6120b3543c62f2f03d30ebb5a32074a088d02c2356c1ffc1a660,hqs_round1,22.72476088466801,0.7777744954988118,0.3222940529230982,0.006569854449480772
web_nju_gulou_04,NJU_campus_web,web_nju_gulou_04,test,0.1,0.1001129150390625,0.01,2026,b66b4142ee8e6120b3543c62f2f03d30ebb5a32074a088d02c2356c1ffc1a660,hqs_5000,22.763357173184986,0.7784598295337259,0.3162380229914561,0.007182535715401173
web_nju_gulou_04,NJU_campus_web,web_nju_gulou_04,test,0.1,0.1001129150390625,0.01,2026,b66b4142ee8e6120b3543c62f2f03d30ebb5a32074a088d02c2356c1ffc1a660,hqs_10000,22.78187597488261,0.7799895138337016,0.3215623979922384,0.0056890747509896755
web_nju_gulou_04,NJU_campus_web,web_nju_gulou_04,test,0.1,0.1001129150390625,0.01,2027,f56346f590bae0cc284a78c4754d53fb296fc966a48f00c718a5ff5acf52f213,adjoint,20.1478847178126,0.5502898854759585,0.000239585991948843,0.005143547430634499
web_nju_gulou_04,NJU_campus_web,web_nju_gulou_04,test,0.1,0.1001129150390625,0.01,2027,f56346f590bae0cc284a78c4754d53fb296fc966a48f00c718a5ff5acf52f213,fista_dct,20.50170516977507,0.5877241402828386,0.36758295504841954,0.005535029340535402
web_nju_gulou_04,NJU_campus_web,web_nju_gulou_04,test,0.1,0.1001129150390625,0.01,2027,f56346f590bae0cc284a78c4754d53fb296fc966a48f00c718a5ff5acf52f213,hqs,22.715114442980315,0.7766024627417326,0.3179409990552813,0.00685962475836277
web_nju_gulou_04,NJU_campus_web,web_nju_gulou_04,test,0.1,0.1001129150390625,0.01,2027,f56346f590bae0cc284a78c4754d53fb296fc966a48f00c718a5ff5acf52f213,admm,22.734259737392513,0.7751032299340367,0.3189773840131238,0.007852934300899506
web_nju_gulou_04,NJU_campus_web,web_nju_gulou_04,test,0.1,0.1001129150390625,0.01,2027,f56346f590bae0cc284a78c4754d53fb296fc966a48f00c718a5ff5acf52f213,hqs_round1,22.72060563136796,0.7765752460553497,0.31732133601326495,0.0065855951979756355
web_nju_gulou_04,NJU_campus_web,web_nju_gulou_04,test,0.1,0.1001129150390625,0.01,2027,f56346f590bae0cc284a78c4754d53fb296fc966a48f00c718a5ff5acf52f213,hqs_5000,22.75698672143747,0.7772901024330259,0.31941524299327284,0.006955509539693594
web_nju_gulou_04,NJU_campus_web,web_nju_gulou_04,test,0.1,0.1001129150390625,0.01,2027,f56346f590bae0cc284a78c4754d53fb296fc966a48f00c718a5ff5acf52f213,hqs_10000,22.77763752493753,0.7790356004556418,0.31746707600541413,0.005584557540714741
web_nju_gulou_04,NJU_campus_web,web_nju_gulou_04,test,0.1,0.1001129150390625,0.01,2028,9161b1207cdf72a64fe05b17f3ba0dcf47215d95365c626008c9f590f2222259,adjoint,20.147474886024085,0.5502080939191021,0.0002285779919475317,0.005161577835679054
web_nju_gulou_04,NJU_campus_web,web_nju_gulou_04,test,0.1,0.1001129150390625,0.01,2028,9161b1207cdf72a64fe05b17f3ba0dcf47215d95365c626008c9f590f2222259,fista_dct,20.492659189596935,0.5863166403353887,0.3750011289957911,0.0055420552380383015
web_nju_gulou_04,NJU_campus_web,web_nju_gulou_04,test,0.1,0.1001129150390625,0.01,2028,9161b1207cdf72a64fe05b17f3ba0dcf47215d95365c626008c9f590f2222259,hqs,22.709832801137505,0.7774509714679122,0.323558053933084,0.006801814306527376
web_nju_gulou_04,NJU_campus_web,web_nju_gulou_04,test,0.1,0.1001129150390625,0.01,2028,9161b1207cdf72a64fe05b17f3ba0dcf47215d95365c626008c9f590f2222259,admm,22.72874399671548,0.7759118301320523,0.31708963599521667,0.007820929400622845
web_nju_gulou_04,NJU_campus_web,web_nju_gulou_04,test,0.1,0.1001129150390625,0.01,2028,9161b1207cdf72a64fe05b17f3ba0dcf47215d95365c626008c9f590f2222259,hqs_round1,22.724687126696466,0.7780117560323477,0.3203623240115121,0.00647689588367939
web_nju_gulou_04,NJU_campus_web,web_nju_gulou_04,test,0.1,0.1001129150390625,0.01,2028,9161b1207cdf72a64fe05b17f3ba0dcf47215d95365c626008c9f590f2222259,hqs_5000,22.761327667403748,0.7783232097731233,0.3196187010034919,0.006829279940575361
web_nju_gulou_04,NJU_campus_web,web_nju_gulou_04,test,0.1,0.1001129150390625,0.01,2028,9161b1207cdf72a64fe05b17f3ba0dcf47215d95365c626008c9f590f2222259,hqs_10000,22.774346987207544,0.7798375458391905,0.31640420702751726,0.005453352350741625
web_nju_gulou_04,NJU_campus_web,web_nju_gulou_04,test,0.1,0.1001129150390625,0.05,2026,d59eb84cdef7a7d0a05d6251f712c7dda6b9ee682bf97ea17e6fa24c10f49a9f,adjoint,19.93105665675188,0.533700775723211,0.0002482089912518859,0.005838045384734869
web_nju_gulou_04,NJU_campus_web,web_nju_gulou_04,test,0.1,0.1001129150390625,0.05,2026,d59eb84cdef7a7d0a05d6251f712c7dda6b9ee682bf97ea17e6fa24c10f49a9f,fista_dct,20.16236881649259,0.561193581791647,0.3760612829355523,0.007344327867031097
web_nju_gulou_04,NJU_campus_web,web_nju_gulou_04,test,0.1,0.1001129150390625,0.05,2026,d59eb84cdef7a7d0a05d6251f712c7dda6b9ee682bf97ea17e6fa24c10f49a9f,hqs,21.82650010130128,0.7137403797471877,0.32504682592116296,0.005643815733492374
web_nju_gulou_04,NJU_campus_web,web_nju_gulou_04,test,0.1,0.1001129150390625,0.05,2026,d59eb84cdef7a7d0a05d6251f712c7dda6b9ee682bf97ea17e6fa24c10f49a9f,admm,21.878824217152015,0.7212407932150793,0.3185618380084634,0.006509250961244106
web_nju_gulou_04,NJU_campus_web,web_nju_gulou_04,test,0.1,0.1001129150390625,0.05,2026,d59eb84cdef7a7d0a05d6251f712c7dda6b9ee682bf97ea17e6fa24c10f49a9f,hqs_round1,21.848603179464,0.7185005147558245,0.31401808199007064,0.005011505912989378
web_nju_gulou_04,NJU_campus_web,web_nju_gulou_04,test,0.1,0.1001129150390625,0.05,2026,d59eb84cdef7a7d0a05d6251f712c7dda6b9ee682bf97ea17e6fa24c10f49a9f,hqs_5000,22.034491875674437,0.7308089580886299,0.3184904559748247,0.024222981184720993
web_nju_gulou_04,NJU_campus_web,web_nju_gulou_04,test,0.1,0.1001129150390625,0.05,2026,d59eb84cdef7a7d0a05d6251f712c7dda6b9ee682bf97ea17e6fa24c10f49a9f,hqs_10000,22.04299325029129,0.7305236518712137,0.32093057804740965,0.027790917083621025
web_nju_gulou_04,NJU_campus_web,web_nju_gulou_04,test,0.1,0.1001129150390625,0.05,2027,b9a6c7e6f330904180124a638a273f7d08238283ecc6debffac7168a337417f3,adjoint,19.933016633733416,0.5344070953139184,0.0002426209393888712,0.005774103105068207
web_nju_gulou_04,NJU_campus_web,web_nju_gulou_04,test,0.1,0.1001129150390625,0.05,2027,b9a6c7e6f330904180124a638a273f7d08238283ecc6debffac7168a337417f3,fista_dct,20.130055695586364,0.5608854156269913,0.3753120439359918,0.007325850892812014
web_nju_gulou_04,NJU_campus_web,web_nju_gulou_04,test,0.1,0.1001129150390625,0.05,2027,b9a6c7e6f330904180124a638a273f7d08238283ecc6debffac7168a337417f3,hqs,21.837817898149954,0.7165162531309631,0.31840084702707827,0.005705961026251316
web_nju_gulou_04,NJU_campus_web,web_nju_gulou_04,test,0.1,0.1001129150390625,0.05,2027,b9a6c7e6f330904180124a638a273f7d08238283ecc6debffac7168a337417f3,admm,21.903562893201208,0.7232890153013021,0.3168670079903677,0.006338159553706646
web_nju_gulou_04,NJU_campus_web,web_nju_gulou_04,test,0.1,0.1001129150390625,0.05,2027,b9a6c7e6f330904180124a638a273f7d08238283ecc6debffac7168a337417f3,hqs_round1,21.828218947153193,0.7191964155429988,0.32053481601178646,0.005124259274452925
web_nju_gulou_04,NJU_campus_web,web_nju_gulou_04,test,0.1,0.1001129150390625,0.05,2027,b9a6c7e6f330904180124a638a273f7d08238283ecc6debffac7168a337417f3,hqs_5000,22.049011975605815,0.7305982826570496,0.3170778420753777,0.02552991360425949
web_nju_gulou_04,NJU_campus_web,web_nju_gulou_04,test,0.1,0.1001129150390625,0.05,2027,b9a6c7e6f330904180124a638a273f7d08238283ecc6debffac7168a337417f3,hqs_10000,22.070850274090024,0.729770964082364,0.3206994680222124,0.029084786772727966
web_nju_gulou_04,NJU_campus_web,web_nju_gulou_04,test,0.1,0.1001129150390625,0.05,2028,0cef888ce5ec7880e9c066d332d70c36d9811117f274155878c0c5901ce9dfc8,adjoint,19.923501704747984,0.5333998375897054,0.00024151999969035387,0.005752409342676401
web_nju_gulou_04,NJU_campus_web,web_nju_gulou_04,test,0.1,0.1001129150390625,0.05,2028,0cef888ce5ec7880e9c066d332d70c36d9811117f274155878c0c5901ce9dfc8,fista_dct,20.090809907570204,0.5561014380661158,0.38252591202035546,0.007094616536051035
web_nju_gulou_04,NJU_campus_web,web_nju_gulou_04,test,0.1,0.1001129150390625,0.05,2028,0cef888ce5ec7880e9c066d332d70c36d9811117f274155878c0c5901ce9dfc8,hqs,21.790527275404735,0.714929035690181,0.33201579796150327,0.005555806681513786
web_nju_gulou_04,NJU_campus_web,web_nju_gulou_04,test,0.1,0.1001129150390625,0.05,2028,0cef888ce5ec7880e9c066d332d70c36d9811117f274155878c0c5901ce9dfc8,admm,21.833672661398744,0.7221869918138757,0.32068957295268774,0.006485195830464363
web_nju_gulou_04,NJU_campus_web,web_nju_gulou_04,test,0.1,0.1001129150390625,0.05,2028,0cef888ce5ec7880e9c066d332d70c36d9811117f274155878c0c5901ce9dfc8,hqs_round1,21.768846209085684,0.7178725440081923,0.3173977789701894,0.0048930468037724495
web_nju_gulou_04,NJU_campus_web,web_nju_gulou_04,test,0.1,0.1001129150390625,0.05,2028,0cef888ce5ec7880e9c066d332d70c36d9811117f274155878c0c5901ce9dfc8,hqs_5000,22.004883245384423,0.7282183596356139,0.3203866200055927,0.025666719302535057
web_nju_gulou_04,NJU_campus_web,web_nju_gulou_04,test,0.1,0.1001129150390625,0.05,2028,0cef888ce5ec7880e9c066d332d70c36d9811117f274155878c0c5901ce9dfc8,hqs_10000,22.01954870189415,0.7278081743113585,0.32366029906552285,0.02854051999747753
web_nju_gulou_05,NJU_campus_web,web_nju_gulou_05,test,0.01,0.01031494140625,0.0,2026,c10c8491877332f9d23a2301e2d98645c2b7debd966062d3aa2212c441ac8d8b,adjoint,18.431435916803565,0.2687074974760951,0.0001820409670472145,0.002041761763393879
web_nju_gulou_05,NJU_campus_web,web_nju_gulou_05,test,0.01,0.01031494140625,0.0,2026,c10c8491877332f9d23a2301e2d98645c2b7debd966062d3aa2212c441ac8d8b,fista_dct,18.6799662346263,0.30563960541324364,0.31976213201414794,0.003453183686360717
web_nju_gulou_05,NJU_campus_web,web_nju_gulou_05,test,0.01,0.01031494140625,0.0,2026,c10c8491877332f9d23a2301e2d98645c2b7debd966062d3aa2212c441ac8d8b,hqs,19.09438351905878,0.3172123580973751,0.35128268401604146,0.008868077769875526
web_nju_gulou_05,NJU_campus_web,web_nju_gulou_05,test,0.01,0.01031494140625,0.0,2026,c10c8491877332f9d23a2301e2d98645c2b7debd966062d3aa2212c441ac8d8b,admm,18.96597000992425,0.3215351906133366,0.3516486870357767,0.010636710561811924
web_nju_gulou_05,NJU_campus_web,web_nju_gulou_05,test,0.01,0.01031494140625,0.0,2026,c10c8491877332f9d23a2301e2d98645c2b7debd966062d3aa2212c441ac8d8b,hqs_round1,19.106264225036004,0.3168056720232103,0.34659953496884555,0.008357641287147999
web_nju_gulou_05,NJU_campus_web,web_nju_gulou_05,test,0.01,0.01031494140625,0.0,2026,c10c8491877332f9d23a2301e2d98645c2b7debd966062d3aa2212c441ac8d8b,hqs_5000,19.04213679939899,0.32141150874157487,0.3525674620177597,0.016766244545578957
web_nju_gulou_05,NJU_campus_web,web_nju_gulou_05,test,0.01,0.01031494140625,0.0,2026,c10c8491877332f9d23a2301e2d98645c2b7debd966062d3aa2212c441ac8d8b,hqs_10000,19.140721407446133,0.32013710157097003,0.34892337198834866,0.013747054152190685
web_nju_gulou_05,NJU_campus_web,web_nju_gulou_05,test,0.04,0.041259765625,0.0,2026,87008497ce504ea19a2d0decc89954f6a221bd27d6963055644ccf6499a7aaeb,adjoint,20.005236259318927,0.4239850842096655,0.00020145694725215435,0.0038689107168465853
web_nju_gulou_05,NJU_campus_web,web_nju_gulou_05,test,0.04,0.041259765625,0.0,2026,87008497ce504ea19a2d0decc89954f6a221bd27d6963055644ccf6499a7aaeb,fista_dct,20.12394129581906,0.44312726567296895,0.34883957996498793,0.005936695262789726
web_nju_gulou_05,NJU_campus_web,web_nju_gulou_05,test,0.04,0.041259765625,0.0,2026,87008497ce504ea19a2d0decc89954f6a221bd27d6963055644ccf6499a7aaeb,hqs,22.874306801385295,0.650355985561356,0.34756025206297636,0.010867379605770111
web_nju_gulou_05,NJU_campus_web,web_nju_gulou_05,test,0.04,0.041259765625,0.0,2026,87008497ce504ea19a2d0decc89954f6a221bd27d6963055644ccf6499a7aaeb,admm,22.828928685305726,0.646901607456109,0.34746608103159815,0.011426492594182491
web_nju_gulou_05,NJU_campus_web,web_nju_gulou_05,test,0.04,0.041259765625,0.0,2026,87008497ce504ea19a2d0decc89954f6a221bd27d6963055644ccf6499a7aaeb,hqs_round1,22.8944561722557,0.6516733498549624,0.35097745107486844,0.010739004239439964
web_nju_gulou_05,NJU_campus_web,web_nju_gulou_05,test,0.04,0.041259765625,0.0,2026,87008497ce504ea19a2d0decc89954f6a221bd27d6963055644ccf6499a7aaeb,hqs_5000,22.777548198608603,0.6409444915217501,0.35020153399091214,0.015786273404955864
web_nju_gulou_05,NJU_campus_web,web_nju_gulou_05,test,0.04,0.041259765625,0.0,2026,87008497ce504ea19a2d0decc89954f6a221bd27d6963055644ccf6499a7aaeb,hqs_10000,22.942212114418968,0.6528659332742691,0.35207373602315784,0.012247961014509201
web_nju_gulou_05,NJU_campus_web,web_nju_gulou_05,test,0.1,0.1001129150390625,0.0,2026,cd3305a5bfcac1daa823e65931759eda921622206494d1429aae2986a838f0f0,adjoint,21.593294345736552,0.5627058844178923,0.00023741391487419605,0.004269448108971119
web_nju_gulou_05,NJU_campus_web,web_nju_gulou_05,test,0.1,0.1001129150390625,0.0,2026,cd3305a5bfcac1daa823e65931759eda921622206494d1429aae2986a838f0f0,fista_dct,21.840530784386413,0.5909277397913684,0.3830991049762815,0.006163838319480419
web_nju_gulou_05,NJU_campus_web,web_nju_gulou_05,test,0.1,0.1001129150390625,0.0,2026,cd3305a5bfcac1daa823e65931759eda921622206494d1429aae2986a838f0f0,hqs,25.52191091330091,0.8098747560811087,0.35051528399344534,0.007005850784480572
web_nju_gulou_05,NJU_campus_web,web_nju_gulou_05,test,0.1,0.1001129150390625,0.0,2026,cd3305a5bfcac1daa823e65931759eda921622206494d1429aae2986a838f0f0,admm,25.65656561772427,0.8182096181363891,0.3295911439927295,0.007293833885341883
web_nju_gulou_05,NJU_campus_web,web_nju_gulou_05,test,0.1,0.1001129150390625,0.0,2026,cd3305a5bfcac1daa823e65931759eda921622206494d1429aae2986a838f0f0,hqs_round1,25.68442424095275,0.8187481535716337,0.31626488198526204,0.007238489575684071
web_nju_gulou_05,NJU_campus_web,web_nju_gulou_05,test,0.1,0.1001129150390625,0.0,2026,cd3305a5bfcac1daa823e65931759eda921622206494d1429aae2986a838f0f0,hqs_5000,25.909231354153572,0.8252588665555967,0.31893367099110037,0.010895009152591228
web_nju_gulou_05,NJU_campus_web,web_nju_gulou_05,test,0.1,0.1001129150390625,0.0,2026,cd3305a5bfcac1daa823e65931759eda921622206494d1429aae2986a838f0f0,hqs_10000,25.953593267662825,0.8272600795057192,0.3189917179988697,0.009318056516349316
web_nju_gulou_05,NJU_campus_web,web_nju_gulou_05,test,0.25,0.25,0.0,2026,abefb82960e5ca350eaab9eba81f1144adc391dfadfd7b73c52e4f65c6c0e4a4,adjoint,24.177996258800427,0.7323901972878165,0.00027896498795598745,0.0048468029126524925
web_nju_gulou_05,NJU_campus_web,web_nju_gulou_05,test,0.25,0.25,0.0,2026,abefb82960e5ca350eaab9eba81f1144adc391dfadfd7b73c52e4f65c6c0e4a4,fista_dct,24.469501637726356,0.7508040808024388,0.4019743490498513,0.004505685064941645
web_nju_gulou_05,NJU_campus_web,web_nju_gulou_05,test,0.25,0.25,0.0,2026,abefb82960e5ca350eaab9eba81f1144adc391dfadfd7b73c52e4f65c6c0e4a4,hqs,30.10229620503502,0.9395708088860512,0.32417292008176446,0.005959446541965008
web_nju_gulou_05,NJU_campus_web,web_nju_gulou_05,test,0.25,0.25,0.0,2026,abefb82960e5ca350eaab9eba81f1144adc391dfadfd7b73c52e4f65c6c0e4a4,admm,30.17763398860794,0.9408910708227157,0.3205736600793898,0.005651073530316353
web_nju_gulou_05,NJU_campus_web,web_nju_gulou_05,test,0.25,0.25,0.0,2026,abefb82960e5ca350eaab9eba81f1144adc391dfadfd7b73c52e4f65c6c0e4a4,hqs_round1,30.412059653503523,0.9450331917700767,0.32102068699896336,0.0065288785845041275
web_nju_gulou_05,NJU_campus_web,web_nju_gulou_05,test,0.25,0.25,0.0,2026,abefb82960e5ca350eaab9eba81f1144adc391dfadfd7b73c52e4f65c6c0e4a4,hqs_5000,30.682622721859726,0.9483894229297638,0.32409963908139616,0.00793624110519886
web_nju_gulou_05,NJU_campus_web,web_nju_gulou_05,test,0.25,0.25,0.0,2026,abefb82960e5ca350eaab9eba81f1144adc391dfadfd7b73c52e4f65c6c0e4a4,hqs_10000,30.73237424601671,0.9489822782320976,0.3197039110818878,0.006726780440658331
web_nju_gulou_05,NJU_campus_web,web_nju_gulou_05,test,0.5,0.4998931884765625,0.0,2026,0ad63ef39d44cc5ac780f9c998c022b32e903b8f5b412733bc900eb13a0dcde4,adjoint,27.454160205976443,0.8562267855460495,0.0004351820098236203,0.006788467522710562
web_nju_gulou_05,NJU_campus_web,web_nju_gulou_05,test,0.5,0.4998931884765625,0.0,2026,0ad63ef39d44cc5ac780f9c998c022b32e903b8f5b412733bc900eb13a0dcde4,fista_dct,27.827285763806636,0.8666477771041393,0.46320407500024885,0.006531993858516216
web_nju_gulou_05,NJU_campus_web,web_nju_gulou_05,test,0.5,0.4998931884765625,0.0,2026,0ad63ef39d44cc5ac780f9c998c022b32e903b8f5b412733bc900eb13a0dcde4,hqs,37.30572257008477,0.9880548820772171,0.3264532940229401,0.0038739454466849566
web_nju_gulou_05,NJU_campus_web,web_nju_gulou_05,test,0.5,0.4998931884765625,0.0,2026,0ad63ef39d44cc5ac780f9c998c022b32e903b8f5b412733bc900eb13a0dcde4,admm,37.27036279129948,0.98802557462883,0.32317193399649113,0.0038962282706052065
web_nju_gulou_05,NJU_campus_web,web_nju_gulou_05,test,0.5,0.4998931884765625,0.0,2026,0ad63ef39d44cc5ac780f9c998c022b32e903b8f5b412733bc900eb13a0dcde4,hqs_round1,37.78173967164391,0.9893038931303024,0.32265268499031663,0.005413258448243141
web_nju_gulou_05,NJU_campus_web,web_nju_gulou_05,test,0.5,0.4998931884765625,0.0,2026,0ad63ef39d44cc5ac780f9c998c022b32e903b8f5b412733bc900eb13a0dcde4,hqs_5000,38.13019345441721,0.990058312716484,0.3197863850509748,0.006665101274847984
web_nju_gulou_05,NJU_campus_web,web_nju_gulou_05,test,0.5,0.4998931884765625,0.0,2026,0ad63ef39d44cc5ac780f9c998c022b32e903b8f5b412733bc900eb13a0dcde4,hqs_10000,38.242777308996494,0.990346009601593,0.32352189999073744,0.0056033749133348465
web_nju_gulou_05,NJU_campus_web,web_nju_gulou_05,test,0.1,0.1001129150390625,0.01,2026,790ca07fb2ddb6d591d27f625617689a8da239ebd87cd1985383d53072341d76,adjoint,21.583526749376645,0.5621164794235619,0.0002185999182984233,0.004324881825596094
web_nju_gulou_05,NJU_campus_web,web_nju_gulou_05,test,0.1,0.1001129150390625,0.01,2026,790ca07fb2ddb6d591d27f625617689a8da239ebd87cd1985383d53072341d76,fista_dct,21.824454075857084,0.5898410296930293,0.3741133550647646,0.006219228729605675
web_nju_gulou_05,NJU_campus_web,web_nju_gulou_05,test,0.1,0.1001129150390625,0.01,2026,790ca07fb2ddb6d591d27f625617689a8da239ebd87cd1985383d53072341d76,hqs,25.424286932464106,0.805155584061481,0.3219740519998595,0.006769603118300438
web_nju_gulou_05,NJU_campus_web,web_nju_gulou_05,test,0.1,0.1001129150390625,0.01,2026,790ca07fb2ddb6d591d27f625617689a8da239ebd87cd1985383d53072341d76,admm,25.558737833551454,0.8138697670607772,0.3203992850612849,0.007112681400030851
web_nju_gulou_05,NJU_campus_web,web_nju_gulou_05,test,0.1,0.1001129150390625,0.01,2026,790ca07fb2ddb6d591d27f625617689a8da239ebd87cd1985383d53072341d76,hqs_round1,25.593725621642722,0.8145800021258015,0.3228045250289142,0.007017689291387796
web_nju_gulou_05,NJU_campus_web,web_nju_gulou_05,test,0.1,0.1001129150390625,0.01,2026,790ca07fb2ddb6d591d27f625617689a8da239ebd87cd1985383d53072341d76,hqs_5000,25.824925920757277,0.8217449492518138,0.32074280094821006,0.011041613295674324
web_nju_gulou_05,NJU_campus_web,web_nju_gulou_05,test,0.1,0.1001129150390625,0.01,2026,790ca07fb2ddb6d591d27f625617689a8da239ebd87cd1985383d53072341d76,hqs_10000,25.861226016752205,0.8233828280921802,0.3197264439659193,0.009551595896482468
web_nju_gulou_05,NJU_campus_web,web_nju_gulou_05,test,0.1,0.1001129150390625,0.01,2027,d638fdf0bb68fd1275cbba122c6c5b1b999f96cdecb0c5d9da5c5485661c824a,adjoint,21.583064763739777,0.562077582848036,0.000249143922701478,0.004260174464434385
web_nju_gulou_05,NJU_campus_web,web_nju_gulou_05,test,0.1,0.1001129150390625,0.01,2027,d638fdf0bb68fd1275cbba122c6c5b1b999f96cdecb0c5d9da5c5485661c824a,fista_dct,21.802619639081378,0.5890766022681632,0.3817494820104912,0.0063073826022446156
web_nju_gulou_05,NJU_campus_web,web_nju_gulou_05,test,0.1,0.1001129150390625,0.01,2027,d638fdf0bb68fd1275cbba122c6c5b1b999f96cdecb0c5d9da5c5485661c824a,hqs,25.434360110451202,0.805009891635254,0.3196098959306255,0.006748817395418882
web_nju_gulou_05,NJU_campus_web,web_nju_gulou_05,test,0.1,0.1001129150390625,0.01,2027,d638fdf0bb68fd1275cbba122c6c5b1b999f96cdecb0c5d9da5c5485661c824a,admm,25.569124650163193,0.8137196361385658,0.3193181030219421,0.007236227858811617
web_nju_gulou_05,NJU_campus_web,web_nju_gulou_05,test,0.1,0.1001129150390625,0.01,2027,d638fdf0bb68fd1275cbba122c6c5b1b999f96cdecb0c5d9da5c5485661c824a,hqs_round1,25.58975256901414,0.8141816230100914,0.32293144799768925,0.007061888929456472
web_nju_gulou_05,NJU_campus_web,web_nju_gulou_05,test,0.1,0.1001129150390625,0.01,2027,d638fdf0bb68fd1275cbba122c6c5b1b999f96cdecb0c5d9da5c5485661c824a,hqs_5000,25.80783083897334,0.8209767956657792,0.3181038940092549,0.011363684199750423
web_nju_gulou_05,NJU_campus_web,web_nju_gulou_05,test,0.1,0.1001129150390625,0.01,2027,d638fdf0bb68fd1275cbba122c6c5b1b999f96cdecb0c5d9da5c5485661c824a,hqs_10000,25.858301527380426,0.8229646597950682,0.3190584951080382,0.010058603249490261
web_nju_gulou_05,NJU_campus_web,web_nju_gulou_05,test,0.1,0.1001129150390625,0.01,2028,5b4d2d4f63027fd1858712649ca734c30a2ce81b123667c622acd675bd792cbd,adjoint,21.583582920044257,0.5619422603973039,0.00023291702382266521,0.0042510684579610825
web_nju_gulou_05,NJU_campus_web,web_nju_gulou_05,test,0.1,0.1001129150390625,0.01,2028,5b4d2d4f63027fd1858712649ca734c30a2ce81b123667c622acd675bd792cbd,fista_dct,21.805262726364315,0.5888568170963102,0.37482707493472844,0.006123662460595369
web_nju_gulou_05,NJU_campus_web,web_nju_gulou_05,test,0.1,0.1001129150390625,0.01,2028,5b4d2d4f63027fd1858712649ca734c30a2ce81b123667c622acd675bd792cbd,hqs,25.45085203266136,0.8065340847406215,0.3170437599765137,0.006948520895093679
web_nju_gulou_05,NJU_campus_web,web_nju_gulou_05,test,0.1,0.1001129150390625,0.01,2028,5b4d2d4f63027fd1858712649ca734c30a2ce81b123667c622acd675bd792cbd,admm,25.572339299355665,0.8150752914645127,0.3194603859446943,0.007364004850387573
web_nju_gulou_05,NJU_campus_web,web_nju_gulou_05,test,0.1,0.1001129150390625,0.01,2028,5b4d2d4f63027fd1858712649ca734c30a2ce81b123667c622acd675bd792cbd,hqs_round1,25.596829905023554,0.815142392612082,0.3196228030137718,0.007339926436543465
web_nju_gulou_05,NJU_campus_web,web_nju_gulou_05,test,0.1,0.1001129150390625,0.01,2028,5b4d2d4f63027fd1858712649ca734c30a2ce81b123667c622acd675bd792cbd,hqs_5000,25.8185322952467,0.8213930321281925,0.317623827024363,0.011725795455276966
web_nju_gulou_05,NJU_campus_web,web_nju_gulou_05,test,0.1,0.1001129150390625,0.01,2028,5b4d2d4f63027fd1858712649ca734c30a2ce81b123667c622acd675bd792cbd,hqs_10000,25.868766783319014,0.8234654767092802,0.320427697035484,0.010126441717147827
web_nju_gulou_05,NJU_campus_web,web_nju_gulou_05,test,0.1,0.1001129150390625,0.05,2026,dbaebdb4af336a5e00eb86a3842702d08439926ad6aabd4218d18e6103b220f5,adjoint,21.354050246026066,0.5476868793890481,0.00024229602422565222,0.004758161026984453
web_nju_gulou_05,NJU_campus_web,web_nju_gulou_05,test,0.1,0.1001129150390625,0.05,2026,dbaebdb4af336a5e00eb86a3842702d08439926ad6aabd4218d18e6103b220f5,fista_dct,21.416785852688292,0.5642451552470547,0.38086907600518316,0.007136672735214233
web_nju_gulou_05,NJU_campus_web,web_nju_gulou_05,test,0.1,0.1001129150390625,0.05,2026,dbaebdb4af336a5e00eb86a3842702d08439926ad6aabd4218d18e6103b220f5,hqs,24.219273707592592,0.742809957963286,0.3402488969732076,0.006206720136106014
web_nju_gulou_05,NJU_campus_web,web_nju_gulou_05,test,0.1,0.1001129150390625,0.05,2026,dbaebdb4af336a5e00eb86a3842702d08439926ad6aabd4218d18e6103b220f5,admm,24.301104528707718,0.7520161231276262,0.32027990091592073,0.006587226875126362
web_nju_gulou_05,NJU_campus_web,web_nju_gulou_05,test,0.1,0.1001129150390625,0.05,2026,dbaebdb4af336a5e00eb86a3842702d08439926ad6aabd4218d18e6103b220f5,hqs_round1,24.284864205744668,0.7496621003427655,0.3181764869950712,0.00618981197476387
web_nju_gulou_05,NJU_campus_web,web_nju_gulou_05,test,0.1,0.1001129150390625,0.05,2026,dbaebdb4af336a5e00eb86a3842702d08439926ad6aabd4218d18e6103b220f5,hqs_5000,24.716549257295306,0.7668634066508785,0.3308247160166502,0.024051949381828308
web_nju_gulou_05,NJU_campus_web,web_nju_gulou_05,test,0.1,0.1001129150390625,0.05,2026,dbaebdb4af336a5e00eb86a3842702d08439926ad6aabd4218d18e6103b220f5,hqs_10000,24.76522373723764,0.7682606517739295,0.3175671730423346,0.031198132783174515
web_nju_gulou_05,NJU_campus_web,web_nju_gulou_05,test,0.1,0.1001129150390625,0.05,2027,528218cc525cd8b2098919c8c26d3358f0817e4c72bd5a1786f0b0d566baf348,adjoint,21.345116012272648,0.5474361584288089,0.00026793405413627625,0.00441758381202817
web_nju_gulou_05,NJU_campus_web,web_nju_gulou_05,test,0.1,0.1001129150390625,0.05,2027,528218cc525cd8b2098919c8c26d3358f0817e4c72bd5a1786f0b0d566baf348,fista_dct,21.450157310662764,0.5687559797378015,0.3792183749610558,0.006675400771200657
web_nju_gulou_05,NJU_campus_web,web_nju_gulou_05,test,0.1,0.1001129150390625,0.05,2027,528218cc525cd8b2098919c8c26d3358f0817e4c72bd5a1786f0b0d566baf348,hqs,24.146244351588592,0.7400017579828817,0.32107114896643907,0.006350236479192972
web_nju_gulou_05,NJU_campus_web,web_nju_gulou_05,test,0.1,0.1001129150390625,0.05,2027,528218cc525cd8b2098919c8c26d3358f0817e4c72bd5a1786f0b0d566baf348,admm,24.195850252308215,0.746223783710205,0.31778655597008765,0.006818582769483328
web_nju_gulou_05,NJU_campus_web,web_nju_gulou_05,test,0.1,0.1001129150390625,0.05,2027,528218cc525cd8b2098919c8c26d3358f0817e4c72bd5a1786f0b0d566baf348,hqs_round1,24.17759425809649,0.7454620437229891,0.32017424202058464,0.006352027878165245
web_nju_gulou_05,NJU_campus_web,web_nju_gulou_05,test,0.1,0.1001129150390625,0.05,2027,528218cc525cd8b2098919c8c26d3358f0817e4c72bd5a1786f0b0d566baf348,hqs_5000,24.63107807719537,0.7644720854855888,0.3212055320618674,0.026016581803560257
web_nju_gulou_05,NJU_campus_web,web_nju_gulou_05,test,0.1,0.1001129150390625,0.05,2027,528218cc525cd8b2098919c8c26d3358f0817e4c72bd5a1786f0b0d566baf348,hqs_10000,24.707501937928566,0.7661111377223618,0.3196995520265773,0.03372902795672417
web_nju_gulou_05,NJU_campus_web,web_nju_gulou_05,test,0.1,0.1001129150390625,0.05,2028,a80482c804acb44d1b7331f342aadf49991216c4a55d182180feeb123c0eb7f1,adjoint,21.355133220885016,0.546905231308057,0.0002489179605618119,0.004350985400378704
web_nju_gulou_05,NJU_campus_web,web_nju_gulou_05,test,0.1,0.1001129150390625,0.05,2028,a80482c804acb44d1b7331f342aadf49991216c4a55d182180feeb123c0eb7f1,fista_dct,21.402857423577775,0.563770128797769,0.378871769993566,0.0060929469764232635
web_nju_gulou_05,NJU_campus_web,web_nju_gulou_05,test,0.1,0.1001129150390625,0.05,2028,a80482c804acb44d1b7331f342aadf49991216c4a55d182180feeb123c0eb7f1,hqs,24.1930119000332,0.7412239832797977,0.32474652596283704,0.006667269393801689
web_nju_gulou_05,NJU_campus_web,web_nju_gulou_05,test,0.1,0.1001129150390625,0.05,2028,a80482c804acb44d1b7331f342aadf49991216c4a55d182180feeb123c0eb7f1,admm,24.287152055018304,0.7499652117034235,0.32260359707288444,0.006987099535763264
web_nju_gulou_05,NJU_campus_web,web_nju_gulou_05,test,0.1,0.1001129150390625,0.05,2028,a80482c804acb44d1b7331f342aadf49991216c4a55d182180feeb123c0eb7f1,hqs_round1,24.250644981796334,0.7470586033485178,0.3220210709841922,0.006775706075131893
web_nju_gulou_05,NJU_campus_web,web_nju_gulou_05,test,0.1,0.1001129150390625,0.05,2028,a80482c804acb44d1b7331f342aadf49991216c4a55d182180feeb123c0eb7f1,hqs_5000,24.69089669086938,0.7634961254924844,0.321327829034999,0.026362212374806404
web_nju_gulou_05,NJU_campus_web,web_nju_gulou_05,test,0.1,0.1001129150390625,0.05,2028,a80482c804acb44d1b7331f342aadf49991216c4a55d182180feeb123c0eb7f1,hqs_10000,24.749381026292525,0.7659014550885586,0.32313570100814104,0.03294297680258751
web_nju_gulou_06,NJU_campus_web,web_nju_gulou_06,test,0.01,0.01031494140625,0.0,2026,73a94f564bc9a64e38f53254637e5ad9831db2a52196837419b2def1ed4fa08e,adjoint,18.833495597803022,0.2868127317157113,0.00014029897283762693,0.0021509001962840557
web_nju_gulou_06,NJU_campus_web,web_nju_gulou_06,test,0.01,0.01031494140625,0.0,2026,73a94f564bc9a64e38f53254637e5ad9831db2a52196837419b2def1ed4fa08e,fista_dct,19.225564660796476,0.3408942764738474,0.32827800908125937,0.0033828597515821457
web_nju_gulou_06,NJU_campus_web,web_nju_gulou_06,test,0.01,0.01031494140625,0.0,2026,73a94f564bc9a64e38f53254637e5ad9831db2a52196837419b2def1ed4fa08e,hqs,20.266639528643854,0.4158988498567371,0.31932123797014356,0.005092768929898739
web_nju_gulou_06,NJU_campus_web,web_nju_gulou_06,test,0.01,0.01031494140625,0.0,2026,73a94f564bc9a64e38f53254637e5ad9831db2a52196837419b2def1ed4fa08e,admm,20.166355839444282,0.4100364187634817,0.32644593296572566,0.005917956121265888
web_nju_gulou_06,NJU_campus_web,web_nju_gulou_06,test,0.01,0.01031494140625,0.0,2026,73a94f564bc9a64e38f53254637e5ad9831db2a52196837419b2def1ed4fa08e,hqs_round1,20.24498022203779,0.4147748706281236,0.313944285036996,0.004573166836053133
web_nju_gulou_06,NJU_campus_web,web_nju_gulou_06,test,0.01,0.01031494140625,0.0,2026,73a94f564bc9a64e38f53254637e5ad9831db2a52196837419b2def1ed4fa08e,hqs_5000,20.25418053500838,0.4136563064931452,0.31366504402831197,0.008706376887857914
web_nju_gulou_06,NJU_campus_web,web_nju_gulou_06,test,0.01,0.01031494140625,0.0,2026,73a94f564bc9a64e38f53254637e5ad9831db2a52196837419b2def1ed4fa08e,hqs_10000,20.24917857076551,0.4151955513186782,0.33371410600375384,0.005306187551468611
web_nju_gulou_06,NJU_campus_web,web_nju_gulou_06,test,0.04,0.041259765625,0.0,2026,d606330001e1724391c115684fe30e54cd9ef9e0b3f52d8df5f29f97cbd92195,adjoint,20.611040192748554,0.41987867910857074,0.00021951005328446627,0.002851539757102728
web_nju_gulou_06,NJU_campus_web,web_nju_gulou_06,test,0.04,0.041259765625,0.0,2026,d606330001e1724391c115684fe30e54cd9ef9e0b3f52d8df5f29f97cbd92195,fista_dct,21.084487622837962,0.46280450228373754,0.34794833103660494,0.0029886953998357058
web_nju_gulou_06,NJU_campus_web,web_nju_gulou_06,test,0.04,0.041259765625,0.0,2026,d606330001e1724391c115684fe30e54cd9ef9e0b3f52d8df5f29f97cbd92195,hqs,22.86376070432408,0.611828124087631,0.3266507179941982,0.004501816350966692
web_nju_gulou_06,NJU_campus_web,web_nju_gulou_06,test,0.04,0.041259765625,0.0,2026,d606330001e1724391c115684fe30e54cd9ef9e0b3f52d8df5f29f97cbd92195,admm,22.879524525202314,0.6106332729476062,0.32258640695363283,0.006735502742230892
web_nju_gulou_06,NJU_campus_web,web_nju_gulou_06,test,0.04,0.041259765625,0.0,2026,d606330001e1724391c115684fe30e54cd9ef9e0b3f52d8df5f29f97cbd92195,hqs_round1,22.871939427360225,0.6123411953561413,0.3177409910131246,0.004199143964797258
web_nju_gulou_06,NJU_campus_web,web_nju_gulou_06,test,0.04,0.041259765625,0.0,2026,d606330001e1724391c115684fe30e54cd9ef9e0b3f52d8df5f29f97cbd92195,hqs_5000,22.86594144857238,0.6110041653272306,0.31965234398376197,0.005647638346999884
web_nju_gulou_06,NJU_campus_web,web_nju_gulou_06,test,0.04,0.041259765625,0.0,2026,d606330001e1724391c115684fe30e54cd9ef9e0b3f52d8df5f29f97cbd92195,hqs_10000,22.891694550634426,0.6128351187140394,0.327630246989429,0.004129460081458092
web_nju_gulou_06,NJU_campus_web,web_nju_gulou_06,test,0.1,0.1001129150390625,0.0,2026,2f1045b02c71e31f36b259c8f60ff5729c73a9b04a89791a65e24ec2d8ab9f20,adjoint,22.10569307216284,0.5471580648816095,0.0002381929662078619,0.0039592222310602665
web_nju_gulou_06,NJU_campus_web,web_nju_gulou_06,test,0.1,0.1001129150390625,0.0,2026,2f1045b02c71e31f36b259c8f60ff5729c73a9b04a89791a65e24ec2d8ab9f20,fista_dct,22.583706208881715,0.5803296169158966,0.3735191050218418,0.004047057591378689
web_nju_gulou_06,NJU_campus_web,web_nju_gulou_06,test,0.1,0.1001129150390625,0.0,2026,2f1045b02c71e31f36b259c8f60ff5729c73a9b04a89791a65e24ec2d8ab9f20,hqs,25.22330274651848,0.7693274038053751,0.32110065896995366,0.0047350176610052586
web_nju_gulou_06,NJU_campus_web,web_nju_gulou_06,test,0.1,0.1001129150390625,0.0,2026,2f1045b02c71e31f36b259c8f60ff5729c73a9b04a89791a65e24ec2d8ab9f20,admm,25.196199833331065,0.7641984971634745,0.3193800540175289,0.006215648725628853
web_nju_gulou_06,NJU_campus_web,web_nju_gulou_06,test,0.1,0.1001129150390625,0.0,2026,2f1045b02c71e31f36b259c8f60ff5729c73a9b04a89791a65e24ec2d8ab9f20,hqs_round1,25.25793357987685,0.7702533391069174,0.3181015800219029,0.004619442857801914
web_nju_gulou_06,NJU_campus_web,web_nju_gulou_06,test,0.1,0.1001129150390625,0.0,2026,2f1045b02c71e31f36b259c8f60ff5729c73a9b04a89791a65e24ec2d8ab9f20,hqs_5000,25.23730810244566,0.7656578524785638,0.3190370519878343,0.005788751412183046
web_nju_gulou_06,NJU_campus_web,web_nju_gulou_06,test,0.1,0.1001129150390625,0.0,2026,2f1045b02c71e31f36b259c8f60ff5729c73a9b04a89791a65e24ec2d8ab9f20,hqs_10000,25.243571355490715,0.7671343573435545,0.3188204129692167,0.005064960103482008
web_nju_gulou_06,NJU_campus_web,web_nju_gulou_06,test,0.25,0.25,0.0,2026,711652f12a9f0bfef3d87df4dd9037ac7639bcd589821ccfd637d651a05bf7dd,adjoint,24.34380242107919,0.6911813779124617,0.00033095001708716154,0.004265699535608292
web_nju_gulou_06,NJU_campus_web,web_nju_gulou_06,test,0.25,0.25,0.0,2026,711652f12a9f0bfef3d87df4dd9037ac7639bcd589821ccfd637d651a05bf7dd,fista_dct,24.98270644648993,0.7306556848071813,0.3821373210521415,0.0032831563148647547
web_nju_gulou_06,NJU_campus_web,web_nju_gulou_06,test,0.25,0.25,0.0,2026,711652f12a9f0bfef3d87df4dd9037ac7639bcd589821ccfd637d651a05bf7dd,hqs,28.636883432433855,0.8948537701983452,0.31961393798701465,0.0038546319119632244
web_nju_gulou_06,NJU_campus_web,web_nju_gulou_06,test,0.25,0.25,0.0,2026,711652f12a9f0bfef3d87df4dd9037ac7639bcd589821ccfd637d651a05bf7dd,admm,28.683599389989446,0.8954049394683838,0.31938024307601154,0.004261850379407406
web_nju_gulou_06,NJU_campus_web,web_nju_gulou_06,test,0.25,0.25,0.0,2026,711652f12a9f0bfef3d87df4dd9037ac7639bcd589821ccfd637d651a05bf7dd,hqs_round1,28.763524875225347,0.8968998492336273,0.3231604089960456,0.004008518066257238
web_nju_gulou_06,NJU_campus_web,web_nju_gulou_06,test,0.25,0.25,0.0,2026,711652f12a9f0bfef3d87df4dd9037ac7639bcd589821ccfd637d651a05bf7dd,hqs_5000,28.789423742194092,0.8968935922880172,0.31914079398848116,0.004146119579672813
web_nju_gulou_06,NJU_campus_web,web_nju_gulou_06,test,0.25,0.25,0.0,2026,711652f12a9f0bfef3d87df4dd9037ac7639bcd589821ccfd637d651a05bf7dd,hqs_10000,28.789835567582497,0.8971919352312088,0.31837765395175666,0.0037225496489554644
web_nju_gulou_06,NJU_campus_web,web_nju_gulou_06,test,0.5,0.4998931884765625,0.0,2026,88ac794535c66ca4eb8b95f2b7a4d5c1cebf06a1a8f3d5469e2148b802ce4019,adjoint,27.168405862175668,0.8085745280193091,0.0005903610726818442,0.005334156099706888
web_nju_gulou_06,NJU_campus_web,web_nju_gulou_06,test,0.5,0.4998931884765625,0.0,2026,88ac794535c66ca4eb8b95f2b7a4d5c1cebf06a1a8f3d5469e2148b802ce4019,fista_dct,27.74904675031179,0.8332849175136089,0.46506709698587656,0.0036162438336759806
web_nju_gulou_06,NJU_campus_web,web_nju_gulou_06,test,0.5,0.4998931884765625,0.0,2026,88ac794535c66ca4eb8b95f2b7a4d5c1cebf06a1a8f3d5469e2148b802ce4019,hqs,33.720678766588634,0.9632554539136886,0.31933074293192476,0.0031424236949533224
web_nju_gulou_06,NJU_campus_web,web_nju_gulou_06,test,0.5,0.4998931884765625,0.0,2026,88ac794535c66ca4eb8b95f2b7a4d5c1cebf06a1a8f3d5469e2148b802ce4019,admm,33.755208609478196,0.9633563645391464,0.32565639400854707,0.003344760276377201
web_nju_gulou_06,NJU_campus_web,web_nju_gulou_06,test,0.5,0.4998931884765625,0.0,2026,88ac794535c66ca4eb8b95f2b7a4d5c1cebf06a1a8f3d5469e2148b802ce4019,hqs_round1,33.908889692538835,0.9645636377382278,0.3185688779922202,0.0035400367341935635
web_nju_gulou_06,NJU_campus_web,web_nju_gulou_06,test,0.5,0.4998931884765625,0.0,2026,88ac794535c66ca4eb8b95f2b7a4d5c1cebf06a1a8f3d5469e2148b802ce4019,hqs_5000,33.944528572022094,0.9645732062711716,0.31878076307475567,0.00350562809035182
web_nju_gulou_06,NJU_campus_web,web_nju_gulou_06,test,0.5,0.4998931884765625,0.0,2026,88ac794535c66ca4eb8b95f2b7a4d5c1cebf06a1a8f3d5469e2148b802ce4019,hqs_10000,33.95930247036827,0.9645836294202804,0.31885176594369113,0.0036827907897531986
web_nju_gulou_06,NJU_campus_web,web_nju_gulou_06,test,0.1,0.1001129150390625,0.01,2026,15c09ae5ea5c46b45e55e1f4042ab2920945654a0cf97f350f5c114f27408816,adjoint,22.092446190094336,0.5466858750321387,0.00038128893356770277,0.003970722667872906
web_nju_gulou_06,NJU_campus_web,web_nju_gulou_06,test,0.1,0.1001129150390625,0.01,2026,15c09ae5ea5c46b45e55e1f4042ab2920945654a0cf97f350f5c114f27408816,fista_dct,22.553231071148893,0.5790546249987958,0.36608297599013895,0.0038746753707528114
web_nju_gulou_06,NJU_campus_web,web_nju_gulou_06,test,0.1,0.1001129150390625,0.01,2026,15c09ae5ea5c46b45e55e1f4042ab2920945654a0cf97f350f5c114f27408816,hqs,25.16475210025202,0.7665673710855841,0.31753770203795284,0.004692438058555126
web_nju_gulou_06,NJU_campus_web,web_nju_gulou_06,test,0.1,0.1001129150390625,0.01,2026,15c09ae5ea5c46b45e55e1f4042ab2920945654a0cf97f350f5c114f27408816,admm,25.144695918903945,0.7620199161441327,0.3145038300426677,0.006277936976402998
web_nju_gulou_06,NJU_campus_web,web_nju_gulou_06,test,0.1,0.1001129150390625,0.01,2026,15c09ae5ea5c46b45e55e1f4042ab2920945654a0cf97f350f5c114f27408816,hqs_round1,25.193553712898105,0.7674050441581607,0.31544768798630685,0.004585577175021172
web_nju_gulou_06,NJU_campus_web,web_nju_gulou_06,test,0.1,0.1001129150390625,0.01,2026,15c09ae5ea5c46b45e55e1f4042ab2920945654a0cf97f350f5c114f27408816,hqs_5000,25.17159760835075,0.7623364760238528,0.3155078140553087,0.006535014137625694
web_nju_gulou_06,NJU_campus_web,web_nju_gulou_06,test,0.1,0.1001129150390625,0.01,2026,15c09ae5ea5c46b45e55e1f4042ab2920945654a0cf97f350f5c114f27408816,hqs_10000,25.17324475559327,0.7629527816488743,0.3170183830661699,0.006107332184910774
web_nju_gulou_06,NJU_campus_web,web_nju_gulou_06,test,0.1,0.1001129150390625,0.01,2027,5a361c64715ce01f6f00bbdd90a2d94fb8499a253efc80946ba27c171fc149dd,adjoint,22.092962369209967,0.5463240004912683,0.00019535701721906662,0.0039410716854035854
web_nju_gulou_06,NJU_campus_web,web_nju_gulou_06,test,0.1,0.1001129150390625,0.01,2027,5a361c64715ce01f6f00bbdd90a2d94fb8499a253efc80946ba27c171fc149dd,fista_dct,22.539271691995072,0.5774552254268152,0.34789342200383544,0.004093332216143608
web_nju_gulou_06,NJU_campus_web,web_nju_gulou_06,test,0.1,0.1001129150390625,0.01,2027,5a361c64715ce01f6f00bbdd90a2d94fb8499a253efc80946ba27c171fc149dd,hqs,25.145160225880232,0.766279447177887,0.31523880595341325,0.00481687905266881
web_nju_gulou_06,NJU_campus_web,web_nju_gulou_06,test,0.1,0.1001129150390625,0.01,2027,5a361c64715ce01f6f00bbdd90a2d94fb8499a253efc80946ba27c171fc149dd,admm,25.118259742547238,0.7613876498734206,0.3145982299465686,0.006224081385880709
web_nju_gulou_06,NJU_campus_web,web_nju_gulou_06,test,0.1,0.1001129150390625,0.01,2027,5a361c64715ce01f6f00bbdd90a2d94fb8499a253efc80946ba27c171fc149dd,hqs_round1,25.16319572605753,0.7668720536336899,0.3169896239414811,0.004654277116060257
web_nju_gulou_06,NJU_campus_web,web_nju_gulou_06,test,0.1,0.1001129150390625,0.01,2027,5a361c64715ce01f6f00bbdd90a2d94fb8499a253efc80946ba27c171fc149dd,hqs_5000,25.146696819319565,0.7619985508667231,0.31630218599457294,0.006511593237519264
web_nju_gulou_06,NJU_campus_web,web_nju_gulou_06,test,0.1,0.1001129150390625,0.01,2027,5a361c64715ce01f6f00bbdd90a2d94fb8499a253efc80946ba27c171fc149dd,hqs_10000,25.152860595311083,0.7630690560911894,0.31618855497799814,0.005990426987409592
web_nju_gulou_06,NJU_campus_web,web_nju_gulou_06,test,0.1,0.1001129150390625,0.01,2028,274f8fa0c1baeeb1950c9223a816b05e1096c9036ca27f389fa7408cfc696b82,adjoint,22.09250030182745,0.5464632103466122,0.00020747201051563025,0.003953111357986927
web_nju_gulou_06,NJU_campus_web,web_nju_gulou_06,test,0.1,0.1001129150390625,0.01,2028,274f8fa0c1baeeb1950c9223a816b05e1096c9036ca27f389fa7408cfc696b82,fista_dct,22.551784894768623,0.579307805419528,0.35203018807806075,0.004232133273035288
web_nju_gulou_06,NJU_campus_web,web_nju_gulou_06,test,0.1,0.1001129150390625,0.01,2028,274f8fa0c1baeeb1950c9223a816b05e1096c9036ca27f389fa7408cfc696b82,hqs,25.14522433326635,0.7661472319534421,0.32063575298525393,0.00471430504694581
web_nju_gulou_06,NJU_campus_web,web_nju_gulou_06,test,0.1,0.1001129150390625,0.01,2028,274f8fa0c1baeeb1950c9223a816b05e1096c9036ca27f389fa7408cfc696b82,admm,25.1219065940211,0.7618113249524235,0.31394740706309676,0.006201025564223528
web_nju_gulou_06,NJU_campus_web,web_nju_gulou_06,test,0.1,0.1001129150390625,0.01,2028,274f8fa0c1baeeb1950c9223a816b05e1096c9036ca27f389fa7408cfc696b82,hqs_round1,25.171288680867583,0.7670515451871752,0.3181564889382571,0.004571065306663513
web_nju_gulou_06,NJU_campus_web,web_nju_gulou_06,test,0.1,0.1001129150390625,0.01,2028,274f8fa0c1baeeb1950c9223a816b05e1096c9036ca27f389fa7408cfc696b82,hqs_5000,25.154448740258427,0.7621723363928199,0.314146057004109,0.006437293719500303
web_nju_gulou_06,NJU_campus_web,web_nju_gulou_06,test,0.1,0.1001129150390625,0.01,2028,274f8fa0c1baeeb1950c9223a816b05e1096c9036ca27f389fa7408cfc696b82,hqs_10000,25.15982833459891,0.76318594781214,0.3181550140725449,0.0059521496295928955
web_nju_gulou_06,NJU_campus_web,web_nju_gulou_06,test,0.1,0.1001129150390625,0.05,2026,4b85be505256b8e382932e0ec53a42a9b9cfff75c25833fbecf0cdd6ef47dcb2,adjoint,21.783839823633265,0.5257820065007122,0.00020934396889060736,0.004320038016885519
web_nju_gulou_06,NJU_campus_web,web_nju_gulou_06,test,0.1,0.1001129150390625,0.05,2026,4b85be505256b8e382932e0ec53a42a9b9cfff75c25833fbecf0cdd6ef47dcb2,fista_dct,21.97808552982446,0.5428617786788535,0.35131664806976914,0.00427118269726634
web_nju_gulou_06,NJU_campus_web,web_nju_gulou_06,test,0.1,0.1001129150390625,0.05,2026,4b85be505256b8e382932e0ec53a42a9b9cfff75c25833fbecf0cdd6ef47dcb2,hqs,24.063578477257256,0.6962797875960022,0.3182447199942544,0.0044308812357485294
web_nju_gulou_06,NJU_campus_web,web_nju_gulou_06,test,0.1,0.1001129150390625,0.05,2026,4b85be505256b8e382932e0ec53a42a9b9cfff75c25833fbecf0cdd6ef47dcb2,admm,24.103008982634094,0.7060990761380018,0.31793205498252064,0.005162615329027176
web_nju_gulou_06,NJU_campus_web,web_nju_gulou_06,test,0.1,0.1001129150390625,0.05,2026,4b85be505256b8e382932e0ec53a42a9b9cfff75c25833fbecf0cdd6ef47dcb2,hqs_round1,24.040642628445973,0.6965654921224416,0.31534059997648,0.003937885165214539
web_nju_gulou_06,NJU_campus_web,web_nju_gulou_06,test,0.1,0.1001129150390625,0.05,2026,4b85be505256b8e382932e0ec53a42a9b9cfff75c25833fbecf0cdd6ef47dcb2,hqs_5000,24.27501430713378,0.7089734076351225,0.31632683402858675,0.029629066586494446
web_nju_gulou_06,NJU_campus_web,web_nju_gulou_06,test,0.1,0.1001129150390625,0.05,2026,4b85be505256b8e382932e0ec53a42a9b9cfff75c25833fbecf0cdd6ef47dcb2,hqs_10000,24.257276188341695,0.7029501698471606,0.3166061880765483,0.03561495989561081
web_nju_gulou_06,NJU_campus_web,web_nju_gulou_06,test,0.1,0.1001129150390625,0.05,2027,3873fa0cd30d136c0dc5b4b793b9feca66c07d50fa42bda5780863e961e2c57c,adjoint,21.795989355147874,0.5249840551406987,0.0002033390337601304,0.004167646635323763
web_nju_gulou_06,NJU_campus_web,web_nju_gulou_06,test,0.1,0.1001129150390625,0.05,2027,3873fa0cd30d136c0dc5b4b793b9feca66c07d50fa42bda5780863e961e2c57c,fista_dct,22.004702558781585,0.5438182964431413,0.36196108104195446,0.004384560510516167
web_nju_gulou_06,NJU_campus_web,web_nju_gulou_06,test,0.1,0.1001129150390625,0.05,2027,3873fa0cd30d136c0dc5b4b793b9feca66c07d50fa42bda5780863e961e2c57c,hqs,24.024528656889814,0.6974661974927783,0.31539440795313567,0.004793365951627493
web_nju_gulou_06,NJU_campus_web,web_nju_gulou_06,test,0.1,0.1001129150390625,0.05,2027,3873fa0cd30d136c0dc5b4b793b9feca66c07d50fa42bda5780863e961e2c57c,admm,24.080980646610936,0.7080204569029361,0.31456021300982684,0.005254748277366161
web_nju_gulou_06,NJU_campus_web,web_nju_gulou_06,test,0.1,0.1001129150390625,0.05,2027,3873fa0cd30d136c0dc5b4b793b9feca66c07d50fa42bda5780863e961e2c57c,hqs_round1,24.012576419416675,0.699106986267984,0.31489815190434456,0.004332128446549177
web_nju_gulou_06,NJU_campus_web,web_nju_gulou_06,test,0.1,0.1001129150390625,0.05,2027,3873fa0cd30d136c0dc5b4b793b9feca66c07d50fa42bda5780863e961e2c57c,hqs_5000,24.267780758869918,0.7093740218026042,0.31845399795565754,0.027363019064068794
web_nju_gulou_06,NJU_campus_web,web_nju_gulou_06,test,0.1,0.1001129150390625,0.05,2027,3873fa0cd30d136c0dc5b4b793b9feca66c07d50fa42bda5780863e961e2c57c,hqs_10000,24.255441329411617,0.7039062564925156,0.3153775519458577,0.033322516828775406
web_nju_gulou_06,NJU_campus_web,web_nju_gulou_06,test,0.1,0.1001129150390625,0.05,2028,59a4cfaaee5e4593b38e864af95eeeecc92266d02da329c4a4cf36dd67fe69c5,adjoint,21.780459644228777,0.524666000379724,0.00024111499078571796,0.004233307670801878
web_nju_gulou_06,NJU_campus_web,web_nju_gulou_06,test,0.1,0.1001129150390625,0.05,2028,59a4cfaaee5e4593b38e864af95eeeecc92266d02da329c4a4cf36dd67fe69c5,fista_dct,21.968328339970185,0.5406798041361118,0.373940690071322,0.004451628774404526
web_nju_gulou_06,NJU_campus_web,web_nju_gulou_06,test,0.1,0.1001129150390625,0.05,2028,59a4cfaaee5e4593b38e864af95eeeecc92266d02da329c4a4cf36dd67fe69c5,hqs,24.017771343959332,0.7014741085506753,0.31798206095118076,0.004464092198759317
web_nju_gulou_06,NJU_campus_web,web_nju_gulou_06,test,0.1,0.1001129150390625,0.05,2028,59a4cfaaee5e4593b38e864af95eeeecc92266d02da329c4a4cf36dd67fe69c5,admm,24.019023516612968,0.7050985797736198,0.33046758896671236,0.004872937221080065
web_nju_gulou_06,NJU_campus_web,web_nju_gulou_06,test,0.1,0.1001129150390625,0.05,2028,59a4cfaaee5e4593b38e864af95eeeecc92266d02da329c4a4cf36dd67fe69c5,hqs_round1,23.99378291976532,0.7029706011914909,0.3197933209594339,0.004101957194507122
web_nju_gulou_06,NJU_campus_web,web_nju_gulou_06,test,0.1,0.1001129150390625,0.05,2028,59a4cfaaee5e4593b38e864af95eeeecc92266d02da329c4a4cf36dd67fe69c5,hqs_5000,24.256871258164857,0.7121875050022751,0.32152118894737214,0.02481694333255291
web_nju_gulou_06,NJU_campus_web,web_nju_gulou_06,test,0.1,0.1001129150390625,0.05,2028,59a4cfaaee5e4593b38e864af95eeeecc92266d02da329c4a4cf36dd67fe69c5,hqs_10000,24.262055365130113,0.708413924854206,0.32028793392237276,0.0328604020178318
web_nju_gulou_07,NJU_campus_web,web_nju_gulou_07,test,0.01,0.01031494140625,0.0,2026,af2faa7e3d8093a52628e9806ddfa602e138bc0d565f5c8e8cc255099415232f,adjoint,20.15086681933468,0.3375064876170123,0.0001774309203028679,0.007681458722800016
web_nju_gulou_07,NJU_campus_web,web_nju_gulou_07,test,0.01,0.01031494140625,0.0,2026,af2faa7e3d8093a52628e9806ddfa602e138bc0d565f5c8e8cc255099415232f,fista_dct,20.909154381794774,0.46076385673654185,0.32014587009325624,0.0060075419023633
web_nju_gulou_07,NJU_campus_web,web_nju_gulou_07,test,0.01,0.01031494140625,0.0,2026,af2faa7e3d8093a52628e9806ddfa602e138bc0d565f5c8e8cc255099415232f,hqs,22.968644396151188,0.637768367652268,0.3199653089977801,0.004187495447695255
web_nju_gulou_07,NJU_campus_web,web_nju_gulou_07,test,0.01,0.01031494140625,0.0,2026,af2faa7e3d8093a52628e9806ddfa602e138bc0d565f5c8e8cc255099415232f,admm,23.011536310878633,0.6383234603523459,0.3223528990056366,0.00584741635248065
web_nju_gulou_07,NJU_campus_web,web_nju_gulou_07,test,0.01,0.01031494140625,0.0,2026,af2faa7e3d8093a52628e9806ddfa602e138bc0d565f5c8e8cc255099415232f,hqs_round1,23.04295747087955,0.6409899687471141,0.3207830870524049,0.003961799666285515
web_nju_gulou_07,NJU_campus_web,web_nju_gulou_07,test,0.01,0.01031494140625,0.0,2026,af2faa7e3d8093a52628e9806ddfa602e138bc0d565f5c8e8cc255099415232f,hqs_5000,23.047852875463867,0.6422829480064514,0.3171754740178585,0.007208787836134434
web_nju_gulou_07,NJU_campus_web,web_nju_gulou_07,test,0.01,0.01031494140625,0.0,2026,af2faa7e3d8093a52628e9806ddfa602e138bc0d565f5c8e8cc255099415232f,hqs_10000,23.102611614891902,0.6444706629429455,0.31829602096695453,0.005277701653540134
web_nju_gulou_07,NJU_campus_web,web_nju_gulou_07,test,0.04,0.041259765625,0.0,2026,010793a6cbf5fd97eb8f637ce68b9447d5718bacb41677d2ff9329988e9975ed,adjoint,22.353502010509384,0.45536556192471567,0.00019328598864376545,0.005738666746765375
web_nju_gulou_07,NJU_campus_web,web_nju_gulou_07,test,0.04,0.041259765625,0.0,2026,010793a6cbf5fd97eb8f637ce68b9447d5718bacb41677d2ff9329988e9975ed,fista_dct,23.14492177511927,0.5343733508434637,0.34225856594275683,0.00397080322727561
web_nju_gulou_07,NJU_campus_web,web_nju_gulou_07,test,0.04,0.041259765625,0.0,2026,010793a6cbf5fd97eb8f637ce68b9447d5718bacb41677d2ff9329988e9975ed,hqs,27.052019865186843,0.8173072264528051,0.31520551594439894,0.003798076417297125
web_nju_gulou_07,NJU_campus_web,web_nju_gulou_07,test,0.04,0.041259765625,0.0,2026,010793a6cbf5fd97eb8f637ce68b9447d5718bacb41677d2ff9329988e9975ed,admm,27.017321785663366,0.8148294574679341,0.3135989219881594,0.004840490873903036
web_nju_gulou_07,NJU_campus_web,web_nju_gulou_07,test,0.04,0.041259765625,0.0,2026,010793a6cbf5fd97eb8f637ce68b9447d5718bacb41677d2ff9329988e9975ed,hqs_round1,27.046799474557346,0.8170869132034382,0.312580460915342,0.003716828068718314
web_nju_gulou_07,NJU_campus_web,web_nju_gulou_07,test,0.04,0.041259765625,0.0,2026,010793a6cbf5fd97eb8f637ce68b9447d5718bacb41677d2ff9329988e9975ed,hqs_5000,27.155690301844103,0.8193913987355269,0.3168693729676306,0.004007688257843256
web_nju_gulou_07,NJU_campus_web,web_nju_gulou_07,test,0.04,0.041259765625,0.0,2026,010793a6cbf5fd97eb8f637ce68b9447d5718bacb41677d2ff9329988e9975ed,hqs_10000,27.205163826069377,0.8212147613015915,0.31391768297180533,0.0032157818786799908
web_nju_gulou_07,NJU_campus_web,web_nju_gulou_07,test,0.1,0.1001129150390625,0.0,2026,89de47a442edbb3b2ed27d6fa2969b929c21c631cfdc81ab323b8ff4d0963d0e,adjoint,24.107356969037916,0.5572335463369541,0.0002630359958857298,0.006034377496689558
web_nju_gulou_07,NJU_campus_web,web_nju_gulou_07,test,0.1,0.1001129150390625,0.0,2026,89de47a442edbb3b2ed27d6fa2969b929c21c631cfdc81ab323b8ff4d0963d0e,fista_dct,25.011442429067053,0.6282026549802902,0.37036318599712104,0.0034190008882433176
web_nju_gulou_07,NJU_campus_web,web_nju_gulou_07,test,0.1,0.1001129150390625,0.0,2026,89de47a442edbb3b2ed27d6fa2969b929c21c631cfdc81ab323b8ff4d0963d0e,hqs,30.11604894098603,0.9025793551082611,0.3140780850080773,0.002941602375358343
web_nju_gulou_07,NJU_campus_web,web_nju_gulou_07,test,0.1,0.1001129150390625,0.0,2026,89de47a442edbb3b2ed27d6fa2969b929c21c631cfdc81ab323b8ff4d0963d0e,admm,30.206673810622778,0.9025398592808247,0.31450754194520414,0.003958550281822681
web_nju_gulou_07,NJU_campus_web,web_nju_gulou_07,test,0.1,0.1001129150390625,0.0,2026,89de47a442edbb3b2ed27d6fa2969b929c21c631cfdc81ab323b8ff4d0963d0e,hqs_round1,30.32280155736857,0.9047551939432621,0.3174759190296754,0.003090464975684881
web_nju_gulou_07,NJU_campus_web,web_nju_gulou_07,test,0.1,0.1001129150390625,0.0,2026,89de47a442edbb3b2ed27d6fa2969b929c21c631cfdc81ab323b8ff4d0963d0e,hqs_5000,30.389290127406635,0.9049567922403813,0.31817892903927714,0.0032637454569339752
web_nju_gulou_07,NJU_campus_web,web_nju_gulou_07,test,0.1,0.1001129150390625,0.0,2026,89de47a442edbb3b2ed27d6fa2969b929c21c631cfdc81ab323b8ff4d0963d0e,hqs_10000,30.431709315711423,0.9054231261668205,0.3125940419267863,0.002790177706629038
web_nju_gulou_07,NJU_campus_web,web_nju_gulou_07,test,0.25,0.25,0.0,2026,129a86d7b72e3492057a61fc46a852ade0876f7ba3f9ea76216060a18c9adf5d,adjoint,26.742691348546458,0.6854354185103178,0.0002795469481498003,0.005167692434042692
web_nju_gulou_07,NJU_campus_web,web_nju_gulou_07,test,0.25,0.25,0.0,2026,129a86d7b72e3492057a61fc46a852ade0876f7ba3f9ea76216060a18c9adf5d,fista_dct,27.755429322776322,0.7491253481988907,0.3952492260141298,0.002366754226386547
web_nju_gulou_07,NJU_campus_web,web_nju_gulou_07,test,0.25,0.25,0.0,2026,129a86d7b72e3492057a61fc46a852ade0876f7ba3f9ea76216060a18c9adf5d,hqs,34.77615567031324,0.9606906642289161,0.31678323599044234,0.002255686093121767
web_nju_gulou_07,NJU_campus_web,web_nju_gulou_07,test,0.25,0.25,0.0,2026,129a86d7b72e3492057a61fc46a852ade0876f7ba3f9ea76216060a18c9adf5d,admm,34.78470261069677,0.960536725748539,0.31750852102413774,0.0027177338488399982
web_nju_gulou_07,NJU_campus_web,web_nju_gulou_07,test,0.25,0.25,0.0,2026,129a86d7b72e3492057a61fc46a852ade0876f7ba3f9ea76216060a18c9adf5d,hqs_round1,34.90459113868324,0.9615076502895356,0.3147971839644015,0.0025978493504226208
web_nju_gulou_07,NJU_campus_web,web_nju_gulou_07,test,0.25,0.25,0.0,2026,129a86d7b72e3492057a61fc46a852ade0876f7ba3f9ea76216060a18c9adf5d,hqs_5000,35.02607367244374,0.96211888808918,0.3178838869789615,0.002566754352301359
web_nju_gulou_07,NJU_campus_web,web_nju_gulou_07,test,0.25,0.25,0.0,2026,129a86d7b72e3492057a61fc46a852ade0876f7ba3f9ea76216060a18c9adf5d,hqs_10000,35.067326081359376,0.962486962498188,0.3199332499643788,0.0024338418152183294
web_nju_gulou_07,NJU_campus_web,web_nju_gulou_07,test,0.5,0.4998931884765625,0.0,2026,c6d852be8ec25ce81b4b59145a87d7356b66c9b2e8d89201730cfce848983ae3,adjoint,29.859996478533585,0.7970269811615944,0.00041127100121229887,0.005338785704225302
web_nju_gulou_07,NJU_campus_web,web_nju_gulou_07,test,0.5,0.4998931884765625,0.0,2026,c6d852be8ec25ce81b4b59145a87d7356b66c9b2e8d89201730cfce848983ae3,fista_dct,31.057612759610272,0.8502333258562088,0.47339217097032815,0.0022599813528358936
web_nju_gulou_07,NJU_campus_web,web_nju_gulou_07,test,0.5,0.4998931884765625,0.0,2026,c6d852be8ec25ce81b4b59145a87d7356b66c9b2e8d89201730cfce848983ae3,hqs,40.54768130162988,0.9870882598762513,0.3198173289420083,0.0017834505997598171
web_nju_gulou_07,NJU_campus_web,web_nju_gulou_07,test,0.5,0.4998931884765625,0.0,2026,c6d852be8ec25ce81b4b59145a87d7356b66c9b2e8d89201730cfce848983ae3,admm,40.54219380654303,0.987069055557251,0.3169126689899713,0.001940110232681036
web_nju_gulou_07,NJU_campus_web,web_nju_gulou_07,test,0.5,0.4998931884765625,0.0,2026,c6d852be8ec25ce81b4b59145a87d7356b66c9b2e8d89201730cfce848983ae3,hqs_round1,40.81952232373084,0.987618151998043,0.31551259907428175,0.002432554727420211
web_nju_gulou_07,NJU_campus_web,web_nju_gulou_07,test,0.5,0.4998931884765625,0.0,2026,c6d852be8ec25ce81b4b59145a87d7356b66c9b2e8d89201730cfce848983ae3,hqs_5000,41.00223009880718,0.9879786407923699,0.31661100196652114,0.002056435216218233
web_nju_gulou_07,NJU_campus_web,web_nju_gulou_07,test,0.5,0.4998931884765625,0.0,2026,c6d852be8ec25ce81b4b59145a87d7356b66c9b2e8d89201730cfce848983ae3,hqs_10000,41.021493260111384,0.9880797129635811,0.31987657805439085,0.002132549649104476
web_nju_gulou_07,NJU_campus_web,web_nju_gulou_07,test,0.1,0.1001129150390625,0.01,2026,24a3e9c7ea382a34edee576f1e78bfe3362e24e746fa8faf50f4a214b02cd66f,adjoint,24.080059045843107,0.5553563673032876,0.00023818493355065584,0.005988088436424732
web_nju_gulou_07,NJU_campus_web,web_nju_gulou_07,test,0.1,0.1001129150390625,0.01,2026,24a3e9c7ea382a34edee576f1e78bfe3362e24e746fa8faf50f4a214b02cd66f,fista_dct,24.952538401061624,0.6236056265115365,0.3683970139827579,0.003287731669843197
web_nju_gulou_07,NJU_campus_web,web_nju_gulou_07,test,0.1,0.1001129150390625,0.01,2026,24a3e9c7ea382a34edee576f1e78bfe3362e24e746fa8faf50f4a214b02cd66f,hqs,29.763095848720518,0.8932490087676048,0.31954368704464287,0.0028013603296130896
web_nju_gulou_07,NJU_campus_web,web_nju_gulou_07,test,0.1,0.1001129150390625,0.01,2026,24a3e9c7ea382a34edee576f1e78bfe3362e24e746fa8faf50f4a214b02cd66f,admm,29.836894627855152,0.8945797010040283,0.3171049270313233,0.004131872206926346
web_nju_gulou_07,NJU_campus_web,web_nju_gulou_07,test,0.1,0.1001129150390625,0.01,2026,24a3e9c7ea382a34edee576f1e78bfe3362e24e746fa8faf50f4a214b02cd66f,hqs_round1,29.876372122627632,0.8951893439669609,0.3153524659574032,0.002916584024205804
web_nju_gulou_07,NJU_campus_web,web_nju_gulou_07,test,0.1,0.1001129150390625,0.01,2026,24a3e9c7ea382a34edee576f1e78bfe3362e24e746fa8faf50f4a214b02cd66f,hqs_5000,29.953531258770138,0.895521642610073,0.317167112021707,0.004117816686630249
web_nju_gulou_07,NJU_campus_web,web_nju_gulou_07,test,0.1,0.1001129150390625,0.01,2026,24a3e9c7ea382a34edee576f1e78bfe3362e24e746fa8faf50f4a214b02cd66f,hqs_10000,29.976196212846823,0.89582124710989,0.31383738201111555,0.003048310289159417
web_nju_gulou_07,NJU_campus_web,web_nju_gulou_07,test,0.1,0.1001129150390625,0.01,2027,859a0be7209f5a80d6eddfc9ca0080e72d00222bf0b688fc2260fd458015db5f,adjoint,24.079658799666106,0.554892216022446,0.0002160490257665515,0.006047531496733427
web_nju_gulou_07,NJU_campus_web,web_nju_gulou_07,test,0.1,0.1001129150390625,0.01,2027,859a0be7209f5a80d6eddfc9ca0080e72d00222bf0b688fc2260fd458015db5f,fista_dct,24.948198714510394,0.622829260000078,0.35282804805319756,0.003459762781858444
web_nju_gulou_07,NJU_campus_web,web_nju_gulou_07,test,0.1,0.1001129150390625,0.01,2027,859a0be7209f5a80d6eddfc9ca0080e72d00222bf0b688fc2260fd458015db5f,hqs,29.75676971404743,0.8938986442480087,0.31593202194198966,0.0026670980732887983
web_nju_gulou_07,NJU_campus_web,web_nju_gulou_07,test,0.1,0.1001129150390625,0.01,2027,859a0be7209f5a80d6eddfc9ca0080e72d00222bf0b688fc2260fd458015db5f,admm,29.826852889416486,0.8954979321856499,0.31443922803737223,0.004147996194660664
web_nju_gulou_07,NJU_campus_web,web_nju_gulou_07,test,0.1,0.1001129150390625,0.01,2027,859a0be7209f5a80d6eddfc9ca0080e72d00222bf0b688fc2260fd458015db5f,hqs_round1,29.85766213871618,0.8956704562387466,0.33548187802080065,0.0028192526660859585
web_nju_gulou_07,NJU_campus_web,web_nju_gulou_07,test,0.1,0.1001129150390625,0.01,2027,859a0be7209f5a80d6eddfc9ca0080e72d00222bf0b688fc2260fd458015db5f,hqs_5000,29.95940683258775,0.8965525282330513,0.3198605109937489,0.00411050533875823
web_nju_gulou_07,NJU_campus_web,web_nju_gulou_07,test,0.1,0.1001129150390625,0.01,2027,859a0be7209f5a80d6eddfc9ca0080e72d00222bf0b688fc2260fd458015db5f,hqs_10000,29.986815102630313,0.8964805851182938,0.3482644249452278,0.0029933396726846695
web_nju_gulou_07,NJU_campus_web,web_nju_gulou_07,test,0.1,0.1001129150390625,0.01,2028,e72caf0a3e9c626c5afb3dfa749a14165cfac6036b01f92738e4586b9bbdbd5a,adjoint,24.08043918100848,0.5551258220682531,0.00018914102111011744,0.006105977576225996
web_nju_gulou_07,NJU_campus_web,web_nju_gulou_07,test,0.1,0.1001129150390625,0.01,2028,e72caf0a3e9c626c5afb3dfa749a14165cfac6036b01f92738e4586b9bbdbd5a,fista_dct,24.949432804862667,0.6215303148598005,0.3603162120562047,0.003540575969964266
web_nju_gulou_07,NJU_campus_web,web_nju_gulou_07,test,0.1,0.1001129150390625,0.01,2028,e72caf0a3e9c626c5afb3dfa749a14165cfac6036b01f92738e4586b9bbdbd5a,hqs,29.831450200234674,0.894141068754673,0.3481458459282294,0.002833783393725753
web_nju_gulou_07,NJU_campus_web,web_nju_gulou_07,test,0.1,0.1001129150390625,0.01,2028,e72caf0a3e9c626c5afb3dfa749a14165cfac6036b01f92738e4586b9bbdbd5a,admm,29.897224756026706,0.895177524561882,0.35118775395676494,0.004286418668925762
web_nju_gulou_07,NJU_campus_web,web_nju_gulou_07,test,0.1,0.1001129150390625,0.01,2028,e72caf0a3e9c626c5afb3dfa749a14165cfac6036b01f92738e4586b9bbdbd5a,hqs_round1,29.93566014436244,0.8958791992018222,0.35081246099434793,0.002948896959424019
web_nju_gulou_07,NJU_campus_web,web_nju_gulou_07,test,0.1,0.1001129150390625,0.01,2028,e72caf0a3e9c626c5afb3dfa749a14165cfac6036b01f92738e4586b9bbdbd5a,hqs_5000,30.015169982408064,0.8968571329507827,0.3502945280633867,0.004106196109205484
web_nju_gulou_07,NJU_campus_web,web_nju_gulou_07,test,0.1,0.1001129150390625,0.01,2028,e72caf0a3e9c626c5afb3dfa749a14165cfac6036b01f92738e4586b9bbdbd5a,hqs_10000,30.044351169219446,0.8968835457179546,0.3503650289494544,0.003005554899573326
web_nju_gulou_07,NJU_campus_web,web_nju_gulou_07,test,0.1,0.1001129150390625,0.05,2026,7c28a86c89157cd754ec24e97216b2b97e3cb7d4fd072859f6b9b995c51564fb,adjoint,23.48986350545829,0.5134184535178167,0.0002550370991230011,0.006903360597789288
web_nju_gulou_07,NJU_campus_web,web_nju_gulou_07,test,0.1,0.1001129150390625,0.05,2026,7c28a86c89157cd754ec24e97216b2b97e3cb7d4fd072859f6b9b995c51564fb,fista_dct,23.83275827919809,0.5388451385829088,0.3869344179984182,0.005224296357482672
web_nju_gulou_07,NJU_campus_web,web_nju_gulou_07,test,0.1,0.1001129150390625,0.05,2026,7c28a86c89157cd754ec24e97216b2b97e3cb7d4fd072859f6b9b995c51564fb,hqs,26.557354427612147,0.7390231818494332,0.3491881580557674,0.0027085975743830204
web_nju_gulou_07,NJU_campus_web,web_nju_gulou_07,test,0.1,0.1001129150390625,0.05,2026,7c28a86c89157cd754ec24e97216b2b97e3cb7d4fd072859f6b9b995c51564fb,admm,26.704875844884583,0.7546359427010025,0.34972978907171637,0.004028512164950371
web_nju_gulou_07,NJU_campus_web,web_nju_gulou_07,test,0.1,0.1001129150390625,0.05,2026,7c28a86c89157cd754ec24e97216b2b97e3cb7d4fd072859f6b9b995c51564fb,hqs_round1,26.52340751862389,0.7454207131968159,0.3494838420301676,0.0025386472698301077
web_nju_gulou_07,NJU_campus_web,web_nju_gulou_07,test,0.1,0.1001129150390625,0.05,2026,7c28a86c89157cd754ec24e97216b2b97e3cb7d4fd072859f6b9b995c51564fb,hqs_5000,27.555941639027726,0.8262826821419597,0.34961576003115624,0.03534172102808952
web_nju_gulou_07,NJU_campus_web,web_nju_gulou_07,test,0.1,0.1001129150390625,0.05,2026,7c28a86c89157cd754ec24e97216b2b97e3cb7d4fd072859f6b9b995c51564fb,hqs_10000,27.599459329818913,0.8297646831396223,0.3507503749569878,0.03422153741121292
web_nju_gulou_07,NJU_campus_web,web_nju_gulou_07,test,0.1,0.1001129150390625,0.05,2027,78d07915df1211566fd538ff22da51eb8934d3fe166e72640d1f0ad26594f24d,adjoint,23.462492500983885,0.5100954052727997,0.00024608010426163673,0.007076924666762352
web_nju_gulou_07,NJU_campus_web,web_nju_gulou_07,test,0.1,0.1001129150390625,0.05,2027,78d07915df1211566fd538ff22da51eb8934d3fe166e72640d1f0ad26594f24d,fista_dct,23.698363615829763,0.5309719547783099,0.38200490397866815,0.005379611160606146
web_nju_gulou_07,NJU_campus_web,web_nju_gulou_07,test,0.1,0.1001129150390625,0.05,2027,78d07915df1211566fd538ff22da51eb8934d3fe166e72640d1f0ad26594f24d,hqs,26.542146247994957,0.7377381944221258,0.349246361060068,0.002735365414991975
web_nju_gulou_07,NJU_campus_web,web_nju_gulou_07,test,0.1,0.1001129150390625,0.05,2027,78d07915df1211566fd538ff22da51eb8934d3fe166e72640d1f0ad26594f24d,admm,26.66899036704503,0.7542136470373536,0.353087060037069,0.0039462735876441
web_nju_gulou_07,NJU_campus_web,web_nju_gulou_07,test,0.1,0.1001129150390625,0.05,2027,78d07915df1211566fd538ff22da51eb8934d3fe166e72640d1f0ad26594f24d,hqs_round1,26.495897980067152,0.7442238812616085,0.3490664819255471,0.0025382002349942923
web_nju_gulou_07,NJU_campus_web,web_nju_gulou_07,test,0.1,0.1001129150390625,0.05,2027,78d07915df1211566fd538ff22da51eb8934d3fe166e72640d1f0ad26594f24d,hqs_5000,27.608895671483644,0.8279156802404672,0.3533407390350476,0.0351942740380764
web_nju_gulou_07,NJU_campus_web,web_nju_gulou_07,test,0.1,0.1001129150390625,0.05,2027,78d07915df1211566fd538ff22da51eb8934d3fe166e72640d1f0ad26594f24d,hqs_10000,27.636735438193693,0.8314879556109458,0.35110739804804325,0.03414759412407875
web_nju_gulou_07,NJU_campus_web,web_nju_gulou_07,test,0.1,0.1001129150390625,0.05,2028,7f7a5a866751fb9675d9dce9164505424df021370f49c58054848f8b25a6c0cf,adjoint,23.474698524523735,0.5116858667275693,0.00023279397282749414,0.0073198373429477215
web_nju_gulou_07,NJU_campus_web,web_nju_gulou_07,test,0.1,0.1001129150390625,0.05,2028,7f7a5a866751fb9675d9dce9164505424df021370f49c58054848f8b25a6c0cf,fista_dct,23.762573962428455,0.5354003874741818,0.388190777041018,0.005914813838899136
web_nju_gulou_07,NJU_campus_web,web_nju_gulou_07,test,0.1,0.1001129150390625,0.05,2028,7f7a5a866751fb9675d9dce9164505424df021370f49c58054848f8b25a6c0cf,hqs,26.583829587615035,0.740130167520213,0.35458024695981294,0.0027098851278424263
web_nju_gulou_07,NJU_campus_web,web_nju_gulou_07,test,0.1,0.1001129150390625,0.05,2028,7f7a5a866751fb9675d9dce9164505424df021370f49c58054848f8b25a6c0cf,admm,26.712908516371172,0.7526567484614551,0.35058066295459867,0.004010846838355064
web_nju_gulou_07,NJU_campus_web,web_nju_gulou_07,test,0.1,0.1001129150390625,0.05,2028,7f7a5a866751fb9675d9dce9164505424df021370f49c58054848f8b25a6c0cf,hqs_round1,26.541532469794227,0.7461283781951898,0.3502025790512562,0.0025636241771280766
web_nju_gulou_07,NJU_campus_web,web_nju_gulou_07,test,0.1,0.1001129150390625,0.05,2028,7f7a5a866751fb9675d9dce9164505424df021370f49c58054848f8b25a6c0cf,hqs_5000,27.644531547542286,0.8318264407286644,0.3495399869279936,0.03469235077500343
web_nju_gulou_07,NJU_campus_web,web_nju_gulou_07,test,0.1,0.1001129150390625,0.05,2028,7f7a5a866751fb9675d9dce9164505424df021370f49c58054848f8b25a6c0cf,hqs_10000,27.660043539994422,0.834194209753275,0.34912327805068344,0.0335584431886673
web_nju_gulou_08,NJU_campus_web,web_nju_gulou_08,test,0.01,0.01031494140625,0.0,2026,042bf803fa6a51381754cd6ffe98fc640be4ae8e20bd7129f8de55848c2415ae,adjoint,22.577913439709615,0.4348882532242117,0.00016819697339087725,0.0017656214768067002
web_nju_gulou_08,NJU_campus_web,web_nju_gulou_08,test,0.01,0.01031494140625,0.0,2026,042bf803fa6a51381754cd6ffe98fc640be4ae8e20bd7129f8de55848c2415ae,fista_dct,22.914983174184613,0.5358754038788599,0.3257802539737895,0.000222006332478486
web_nju_gulou_08,NJU_campus_web,web_nju_gulou_08,test,0.01,0.01031494140625,0.0,2026,042bf803fa6a51381754cd6ffe98fc640be4ae8e20bd7129f8de55848c2415ae,hqs,24.654583592797422,0.6868345040273094,0.349794439971447,0.00299896951764822
web_nju_gulou_08,NJU_campus_web,web_nju_gulou_08,test,0.01,0.01031494140625,0.0,2026,042bf803fa6a51381754cd6ffe98fc640be4ae8e20bd7129f8de55848c2415ae,admm,24.575603830699446,0.6825339676609412,0.34748966398183256,0.004723820835351944
web_nju_gulou_08,NJU_campus_web,web_nju_gulou_08,test,0.01,0.01031494140625,0.0,2026,042bf803fa6a51381754cd6ffe98fc640be4ae8e20bd7129f8de55848c2415ae,hqs_round1,24.640554331172112,0.6862459896301126,0.34767259599175304,0.002994015347212553
web_nju_gulou_08,NJU_campus_web,web_nju_gulou_08,test,0.01,0.01031494140625,0.0,2026,042bf803fa6a51381754cd6ffe98fc640be4ae8e20bd7129f8de55848c2415ae,hqs_5000,24.686503520123342,0.6873614124324511,0.3575419440167025,0.004217364359647036
web_nju_gulou_08,NJU_campus_web,web_nju_gulou_08,test,0.01,0.01031494140625,0.0,2026,042bf803fa6a51381754cd6ffe98fc640be4ae8e20bd7129f8de55848c2415ae,hqs_10000,24.71956318285429,0.6898463290650295,0.3216237180167809,0.00358113506808877
web_nju_gulou_08,NJU_campus_web,web_nju_gulou_08,test,0.04,0.041259765625,0.0,2026,149c40efcb99f8445257c16f87b79ae2a2fe839c9e9cd9552098f4185ef0ff79,adjoint,24.473729528054577,0.5196712881614141,0.00018387509044259787,0.002363482490181923
web_nju_gulou_08,NJU_campus_web,web_nju_gulou_08,test,0.04,0.041259765625,0.0,2026,149c40efcb99f8445257c16f87b79ae2a2fe839c9e9cd9552098f4185ef0ff79,fista_dct,24.78077324234811,0.5589865020991891,0.341471379972063,0.00047313555842265487
web_nju_gulou_08,NJU_campus_web,web_nju_gulou_08,test,0.04,0.041259765625,0.0,2026,149c40efcb99f8445257c16f87b79ae2a2fe839c9e9cd9552098f4185ef0ff79,hqs,28.09056203923895,0.8372348891068399,0.3225534309167415,0.0035523369442671537
web_nju_gulou_08,NJU_campus_web,web_nju_gulou_08,test,0.04,0.041259765625,0.0,2026,149c40efcb99f8445257c16f87b79ae2a2fe839c9e9cd9552098f4185ef0ff79,admm,28.04823964131213,0.8328962166309952,0.3187418809393421,0.004371389281004667
web_nju_gulou_08,NJU_campus_web,web_nju_gulou_08,test,0.04,0.041259765625,0.0,2026,149c40efcb99f8445257c16f87b79ae2a2fe839c9e9cd9552098f4185ef0ff79,hqs_round1,28.092248555097676,0.8370940360025764,0.3184983259998262,0.003557048039510846
web_nju_gulou_08,NJU_campus_web,web_nju_gulou_08,test,0.04,0.041259765625,0.0,2026,149c40efcb99f8445257c16f87b79ae2a2fe839c9e9cd9552098f4185ef0ff79,hqs_5000,28.096343551039595,0.8370846949237585,0.32048389699775726,0.003990164492279291
web_nju_gulou_08,NJU_campus_web,web_nju_gulou_08,test,0.04,0.041259765625,0.0,2026,149c40efcb99f8445257c16f87b79ae2a2fe839c9e9cd9552098f4185ef0ff79,hqs_10000,28.199617133364853,0.8412605783253908,0.3174803659785539,0.0033926202449947596
web_nju_gulou_08,NJU_campus_web,web_nju_gulou_08,test,0.1,0.1001129150390625,0.0,2026,f498a8a5d8c6c54ae6e8692038f9beacfc8022c440f3f37ceb56cfaf1a7e5237,adjoint,26.14635095578503,0.616030424302645,0.00018608709797263145,0.002912610536441207
web_nju_gulou_08,NJU_campus_web,web_nju_gulou_08,test,0.1,0.1001129150390625,0.0,2026,f498a8a5d8c6c54ae6e8692038f9beacfc8022c440f3f37ceb56cfaf1a7e5237,fista_dct,26.780291253346217,0.6622429483495271,0.3501533509697765,0.0007143029943108559
web_nju_gulou_08,NJU_campus_web,web_nju_gulou_08,test,0.1,0.1001129150390625,0.0,2026,f498a8a5d8c6c54ae6e8692038f9beacfc8022c440f3f37ceb56cfaf1a7e5237,hqs,30.668884978304376,0.9106723813195229,0.3176401649834588,0.0026992871426045895
web_nju_gulou_08,NJU_campus_web,web_nju_gulou_08,test,0.1,0.1001129150390625,0.0,2026,f498a8a5d8c6c54ae6e8692038f9beacfc8022c440f3f37ceb56cfaf1a7e5237,admm,30.73491994098354,0.9109192725670338,0.31963179004378617,0.003530105110257864
web_nju_gulou_08,NJU_campus_web,web_nju_gulou_08,test,0.1,0.1001129150390625,0.0,2026,f498a8a5d8c6c54ae6e8692038f9beacfc8022c440f3f37ceb56cfaf1a7e5237,hqs_round1,30.89327237250929,0.9146470622084141,0.3242036539595574,0.0028813674580305815
web_nju_gulou_08,NJU_campus_web,web_nju_gulou_08,test,0.1,0.1001129150390625,0.0,2026,f498a8a5d8c6c54ae6e8692038f9beacfc8022c440f3f37ceb56cfaf1a7e5237,hqs_5000,31.009480009969845,0.9169118524785042,0.31799549399875104,0.003634808352217078
web_nju_gulou_08,NJU_campus_web,web_nju_gulou_08,test,0.1,0.1001129150390625,0.0,2026,f498a8a5d8c6c54ae6e8692038f9beacfc8022c440f3f37ceb56cfaf1a7e5237,hqs_10000,31.009373600137987,0.9179242814993859,0.3186321659013629,0.002937858924269676
web_nju_gulou_08,NJU_campus_web,web_nju_gulou_08,test,0.25,0.25,0.0,2026,c4e6bef7db41d46d85e6017983d699c0ed0e796169380ba40704ecae54a9c75d,adjoint,28.663771395365547,0.7409895591862201,0.0003740109968930483,0.0036502645816653967
web_nju_gulou_08,NJU_campus_web,web_nju_gulou_08,test,0.25,0.25,0.0,2026,c4e6bef7db41d46d85e6017983d699c0ed0e796169380ba40704ecae54a9c75d,fista_dct,29.48780267247987,0.7906646149055958,0.3953101149527356,0.0010652816854417324
web_nju_gulou_08,NJU_campus_web,web_nju_gulou_08,test,0.25,0.25,0.0,2026,c4e6bef7db41d46d85e6017983d699c0ed0e796169380ba40704ecae54a9c75d,hqs,35.205051555066916,0.968569431312561,0.318621582002379,0.0020955540239810944
web_nju_gulou_08,NJU_campus_web,web_nju_gulou_08,test,0.25,0.25,0.0,2026,c4e6bef7db41d46d85e6017983d699c0ed0e796169380ba40704ecae54a9c75d,admm,35.21884891873914,0.9682229347596168,0.3213432050542906,0.002462994074448943
web_nju_gulou_08,NJU_campus_web,web_nju_gulou_08,test,0.25,0.25,0.0,2026,c4e6bef7db41d46d85e6017983d699c0ed0e796169380ba40704ecae54a9c75d,hqs_round1,35.44567807514663,0.9697963624742031,0.32188631396275014,0.00238918699324131
web_nju_gulou_08,NJU_campus_web,web_nju_gulou_08,test,0.25,0.25,0.0,2026,c4e6bef7db41d46d85e6017983d699c0ed0e796169380ba40704ecae54a9c75d,hqs_5000,35.95216320074435,0.9711896837730408,0.3206418489571661,0.002798660658299923
web_nju_gulou_08,NJU_campus_web,web_nju_gulou_08,test,0.25,0.25,0.0,2026,c4e6bef7db41d46d85e6017983d699c0ed0e796169380ba40704ecae54a9c75d,hqs_10000,36.09537887749505,0.971967235403061,0.31892094598151743,0.002714887959882617
web_nju_gulou_08,NJU_campus_web,web_nju_gulou_08,test,0.5,0.4998931884765625,0.0,2026,7b8e25d6f3a830f7497190e896fce286ec40a0a44e37cbdba44d556ffa4af889,adjoint,31.50437560350696,0.8342216183886528,0.00042568997014313936,0.004754472989588976
web_nju_gulou_08,NJU_campus_web,web_nju_gulou_08,test,0.5,0.4998931884765625,0.0,2026,7b8e25d6f3a830f7497190e896fce286ec40a0a44e37cbdba44d556ffa4af889,fista_dct,32.144931732231626,0.8665126339299679,0.47993525699712336,0.0014074738137423992
web_nju_gulou_08,NJU_campus_web,web_nju_gulou_08,test,0.5,0.4998931884765625,0.0,2026,7b8e25d6f3a830f7497190e896fce286ec40a0a44e37cbdba44d556ffa4af889,hqs,41.88302695317291,0.9909737784004211,0.32595059706363827,0.0014200694859027863
web_nju_gulou_08,NJU_campus_web,web_nju_gulou_08,test,0.5,0.4998931884765625,0.0,2026,7b8e25d6f3a830f7497190e896fce286ec40a0a44e37cbdba44d556ffa4af889,admm,41.938932669803684,0.9908929330034256,0.321638653986156,0.0016657690284773707
web_nju_gulou_08,NJU_campus_web,web_nju_gulou_08,test,0.5,0.4998931884765625,0.0,2026,7b8e25d6f3a830f7497190e896fce286ec40a0a44e37cbdba44d556ffa4af889,hqs_round1,42.1971863515313,0.9914576525115967,0.3196921240305528,0.0018668670672923326
web_nju_gulou_08,NJU_campus_web,web_nju_gulou_08,test,0.5,0.4998931884765625,0.0,2026,7b8e25d6f3a830f7497190e896fce286ec40a0a44e37cbdba44d556ffa4af889,hqs_5000,42.30895818153006,0.9915389247655868,0.3225478280801326,0.0017683958867564797
web_nju_gulou_08,NJU_campus_web,web_nju_gulou_08,test,0.5,0.4998931884765625,0.0,2026,7b8e25d6f3a830f7497190e896fce286ec40a0a44e37cbdba44d556ffa4af889,hqs_10000,42.43253458791305,0.9917622444753647,0.3197564430302009,0.0018791812472045422
web_nju_gulou_08,NJU_campus_web,web_nju_gulou_08,test,0.1,0.1001129150390625,0.01,2026,11c4512343fe923dc3347e5e59dedfb11d296cbd61924be490f66c8406621284,adjoint,26.092650019703978,0.610761803606675,0.00020014005713164806,0.002912695286795497
web_nju_gulou_08,NJU_campus_web,web_nju_gulou_08,test,0.1,0.1001129150390625,0.01,2026,11c4512343fe923dc3347e5e59dedfb11d296cbd61924be490f66c8406621284,fista_dct,26.660648327147488,0.6507132004340584,0.36704698798712343,0.0007229272741824389
web_nju_gulou_08,NJU_campus_web,web_nju_gulou_08,test,0.1,0.1001129150390625,0.01,2026,11c4512343fe923dc3347e5e59dedfb11d296cbd61924be490f66c8406621284,hqs,30.2063637658092,0.8961641274383068,0.3195397590752691,0.0022112680599093437
web_nju_gulou_08,NJU_campus_web,web_nju_gulou_08,test,0.1,0.1001129150390625,0.01,2026,11c4512343fe923dc3347e5e59dedfb11d296cbd61924be490f66c8406621284,admm,30.302871795396552,0.9001338646321296,0.318230272969231,0.0036007966846227646
web_nju_gulou_08,NJU_campus_web,web_nju_gulou_08,test,0.1,0.1001129150390625,0.01,2026,11c4512343fe923dc3347e5e59dedfb11d296cbd61924be490f66c8406621284,hqs_round1,30.357049258743977,0.9006296931006909,0.3196314499946311,0.0025140836369246244
web_nju_gulou_08,NJU_campus_web,web_nju_gulou_08,test,0.1,0.1001129150390625,0.01,2026,11c4512343fe923dc3347e5e59dedfb11d296cbd61924be490f66c8406621284,hqs_5000,30.481534162865067,0.9055076688919067,0.3187693810323253,0.006241139490157366
web_nju_gulou_08,NJU_campus_web,web_nju_gulou_08,test,0.1,0.1001129150390625,0.01,2026,11c4512343fe923dc3347e5e59dedfb11d296cbd61924be490f66c8406621284,hqs_10000,30.47951599907389,0.9058922406051159,0.31799537607003003,0.005702297203242779
web_nju_gulou_08,NJU_campus_web,web_nju_gulou_08,test,0.1,0.1001129150390625,0.01,2027,e2b027ae1f7ab5e5a368fb93d6237cacffa63b415c87407b125207e86fc13ece,adjoint,26.0930822478025,0.610651403831059,0.0002096990356221795,0.002913803094998002
web_nju_gulou_08,NJU_campus_web,web_nju_gulou_08,test,0.1,0.1001129150390625,0.01,2027,e2b027ae1f7ab5e5a368fb93d6237cacffa63b415c87407b125207e86fc13ece,fista_dct,26.658530876713435,0.6498280642240559,0.35595423297490925,0.0007218686514534056
web_nju_gulou_08,NJU_campus_web,web_nju_gulou_08,test,0.1,0.1001129150390625,0.01,2027,e2b027ae1f7ab5e5a368fb93d6237cacffa63b415c87407b125207e86fc13ece,hqs,30.124482968526518,0.8957036599562168,0.32096739998087287,0.002197922905907035
web_nju_gulou_08,NJU_campus_web,web_nju_gulou_08,test,0.1,0.1001129150390625,0.01,2027,e2b027ae1f7ab5e5a368fb93d6237cacffa63b415c87407b125207e86fc13ece,admm,30.23445941934732,0.899445071633339,0.32563186599873006,0.0036260539200156927
web_nju_gulou_08,NJU_campus_web,web_nju_gulou_08,test,0.1,0.1001129150390625,0.01,2027,e2b027ae1f7ab5e5a368fb93d6237cacffa63b415c87407b125207e86fc13ece,hqs_round1,30.26193382912737,0.900333254938364,0.32029832899570465,0.0026327732484787703
web_nju_gulou_08,NJU_campus_web,web_nju_gulou_08,test,0.1,0.1001129150390625,0.01,2027,e2b027ae1f7ab5e5a368fb93d6237cacffa63b415c87407b125207e86fc13ece,hqs_5000,30.405501116963485,0.9041443040109873,0.3220264969859272,0.005969627760350704
web_nju_gulou_08,NJU_campus_web,web_nju_gulou_08,test,0.1,0.1001129150390625,0.01,2027,e2b027ae1f7ab5e5a368fb93d6237cacffa63b415c87407b125207e86fc13ece,hqs_10000,30.410716925554464,0.9049324867901802,0.3228489150060341,0.005331165622919798
web_nju_gulou_08,NJU_campus_web,web_nju_gulou_08,test,0.1,0.1001129150390625,0.01,2028,ba08c1291d5326957ab181b68c3542d6b8125bb73e806ba59807b1f79cc315a2,adjoint,26.09176437389579,0.6109295063838046,0.0001985790440812707,0.0029120231047272682
web_nju_gulou_08,NJU_campus_web,web_nju_gulou_08,test,0.1,0.1001129150390625,0.01,2028,ba08c1291d5326957ab181b68c3542d6b8125bb73e806ba59807b1f79cc315a2,fista_dct,26.626126813538512,0.6472128293469511,0.3548923849593848,0.0007155616767704487
web_nju_gulou_08,NJU_campus_web,web_nju_gulou_08,test,0.1,0.1001129150390625,0.01,2028,ba08c1291d5326957ab181b68c3542d6b8125bb73e806ba59807b1f79cc315a2,hqs,30.147272778090457,0.8955673553478718,0.3206858519697562,0.0021459052804857492
web_nju_gulou_08,NJU_campus_web,web_nju_gulou_08,test,0.1,0.1001129150390625,0.01,2028,ba08c1291d5326957ab181b68c3542d6b8125bb73e806ba59807b1f79cc315a2,admm,30.257378435002433,0.9000247334051132,0.3189380520489067,0.003521951148286462
web_nju_gulou_08,NJU_campus_web,web_nju_gulou_08,test,0.1,0.1001129150390625,0.01,2028,ba08c1291d5326957ab181b68c3542d6b8125bb73e806ba59807b1f79cc315a2,hqs_round1,30.26861086405035,0.8997732352725267,0.32338277995586395,0.0025453718844801188
web_nju_gulou_08,NJU_campus_web,web_nju_gulou_08,test,0.1,0.1001129150390625,0.01,2028,ba08c1291d5326957ab181b68c3542d6b8125bb73e806ba59807b1f79cc315a2,hqs_5000,30.396689056466553,0.9046541927559376,0.31995174300391227,0.00595778739079833
web_nju_gulou_08,NJU_campus_web,web_nju_gulou_08,test,0.1,0.1001129150390625,0.01,2028,ba08c1291d5326957ab181b68c3542d6b8125bb73e806ba59807b1f79cc315a2,hqs_10000,30.408994764680482,0.9052707604990006,0.32375538093037903,0.0052206432446837425
web_nju_gulou_08,NJU_campus_web,web_nju_gulou_08,test,0.1,0.1001129150390625,0.05,2026,3c648b85ab8f6ac2d596a44273fb007b29ec5d949e3a655a159d6f90c721841c,adjoint,24.960662547736977,0.5195604737432876,0.0003202910302206874,0.002916244789958
web_nju_gulou_08,NJU_campus_web,web_nju_gulou_08,test,0.1,0.1001129150390625,0.05,2026,3c648b85ab8f6ac2d596a44273fb007b29ec5d949e3a655a159d6f90c721841c,fista_dct,24.666952561120073,0.5022036048958181,0.3774750459706411,0.0009570497204549611
web_nju_gulou_08,NJU_campus_web,web_nju_gulou_08,test,0.1,0.1001129150390625,0.05,2026,3c648b85ab8f6ac2d596a44273fb007b29ec5d949e3a655a159d6f90c721841c,hqs,26.79008929465081,0.6812141927830018,0.3186209179693833,0.002205320168286562
web_nju_gulou_08,NJU_campus_web,web_nju_gulou_08,test,0.1,0.1001129150390625,0.05,2026,3c648b85ab8f6ac2d596a44273fb007b29ec5d949e3a655a159d6f90c721841c,admm,26.922021764733934,0.6940857078455984,0.31600619305390865,0.003358911955729127
web_nju_gulou_08,NJU_campus_web,web_nju_gulou_08,test,0.1,0.1001129150390625,0.05,2026,3c648b85ab8f6ac2d596a44273fb007b29ec5d949e3a655a159d6f90c721841c,hqs_round1,26.754803491416737,0.6852988941070177,0.3161090889479965,0.0018277254421263933
web_nju_gulou_08,NJU_campus_web,web_nju_gulou_08,test,0.1,0.1001129150390625,0.05,2026,3c648b85ab8f6ac2d596a44273fb007b29ec5d949e3a655a159d6f90c721841c,hqs_5000,28.14862997486602,0.8317273372612297,0.3228227950166911,0.04079069569706917
web_nju_gulou_08,NJU_campus_web,web_nju_gulou_08,test,0.1,0.1001129150390625,0.05,2026,3c648b85ab8f6ac2d596a44273fb007b29ec5d949e3a655a159d6f90c721841c,hqs_10000,28.142920011396882,0.8343734299413562,0.3185076939407736,0.038311660289764404
web_nju_gulou_08,NJU_campus_web,web_nju_gulou_08,test,0.1,0.1001129150390625,0.05,2027,171a2eb70414cd5777c5644e19646f03285304afa86e11c8be150b06a6e40e7c,adjoint,24.978005575809725,0.5203326334248125,0.0002474529901519418,0.0029288337100297213
web_nju_gulou_08,NJU_campus_web,web_nju_gulou_08,test,0.1,0.1001129150390625,0.05,2027,171a2eb70414cd5777c5644e19646f03285304afa86e11c8be150b06a6e40e7c,fista_dct,24.74501059231295,0.5047565618765727,0.37938894203398377,0.0008377108606509864
web_nju_gulou_08,NJU_campus_web,web_nju_gulou_08,test,0.1,0.1001129150390625,0.05,2027,171a2eb70414cd5777c5644e19646f03285304afa86e11c8be150b06a6e40e7c,hqs,26.728911778194767,0.6893107527760305,0.3219104600138962,0.0021306017879396677
web_nju_gulou_08,NJU_campus_web,web_nju_gulou_08,test,0.1,0.1001129150390625,0.05,2027,171a2eb70414cd5777c5644e19646f03285304afa86e11c8be150b06a6e40e7c,admm,26.92195364535689,0.7041972981954382,0.32228879595641047,0.003960807342082262
web_nju_gulou_08,NJU_campus_web,web_nju_gulou_08,test,0.1,0.1001129150390625,0.05,2027,171a2eb70414cd5777c5644e19646f03285304afa86e11c8be150b06a6e40e7c,hqs_round1,26.687728543228427,0.692419873413656,0.3186770420288667,0.0017939360113814473
web_nju_gulou_08,NJU_campus_web,web_nju_gulou_08,test,0.1,0.1001129150390625,0.05,2027,171a2eb70414cd5777c5644e19646f03285304afa86e11c8be150b06a6e40e7c,hqs_5000,28.032813465207287,0.8302515691128894,0.31898198602721095,0.03943534567952156
web_nju_gulou_08,NJU_campus_web,web_nju_gulou_08,test,0.1,0.1001129150390625,0.05,2027,171a2eb70414cd5777c5644e19646f03285304afa86e11c8be150b06a6e40e7c,hqs_10000,28.036448359040026,0.8328919260641969,0.3185388270067051,0.037051428109407425
web_nju_gulou_08,NJU_campus_web,web_nju_gulou_08,test,0.1,0.1001129150390625,0.05,2028,d808a5b903d6b8a73fc9f5a2aa8244c8049c166e284c6fe60779d9b2b51a81b1,adjoint,24.96425208256406,0.5193254888187657,0.00022524502128362656,0.0029163004364818335
web_nju_gulou_08,NJU_campus_web,web_nju_gulou_08,test,0.1,0.1001129150390625,0.05,2028,d808a5b903d6b8a73fc9f5a2aa8244c8049c166e284c6fe60779d9b2b51a81b1,fista_dct,24.661018493607642,0.500255617006518,0.37230138306040317,0.0008712875423952937
web_nju_gulou_08,NJU_campus_web,web_nju_gulou_08,test,0.1,0.1001129150390625,0.05,2028,d808a5b903d6b8a73fc9f5a2aa8244c8049c166e284c6fe60779d9b2b51a81b1,hqs,26.708169930431957,0.6730978663799576,0.3215193999931216,0.002390977693721652
web_nju_gulou_08,NJU_campus_web,web_nju_gulou_08,test,0.1,0.1001129150390625,0.05,2028,d808a5b903d6b8a73fc9f5a2aa8244c8049c166e284c6fe60779d9b2b51a81b1,admm,26.863978475189366,0.6864727003954593,0.32104423688724637,0.0036401657853275537
web_nju_gulou_08,NJU_campus_web,web_nju_gulou_08,test,0.1,0.1001129150390625,0.05,2028,d808a5b903d6b8a73fc9f5a2aa8244c8049c166e284c6fe60779d9b2b51a81b1,hqs_round1,26.66469282790009,0.6769331656707386,0.3191648169886321,0.002011706819757819
web_nju_gulou_08,NJU_campus_web,web_nju_gulou_08,test,0.1,0.1001129150390625,0.05,2028,d808a5b903d6b8a73fc9f5a2aa8244c8049c166e284c6fe60779d9b2b51a81b1,hqs_5000,28.03693400850005,0.8308951484755353,0.31718957296106964,0.04170992597937584
web_nju_gulou_08,NJU_campus_web,web_nju_gulou_08,test,0.1,0.1001129150390625,0.05,2028,d808a5b903d6b8a73fc9f5a2aa8244c8049c166e284c6fe60779d9b2b51a81b1,hqs_10000,28.051627074853485,0.8340544917967692,0.31771786301396787,0.039484210312366486
web_nju_gulou_09,NJU_campus_web,web_nju_gulou_09,test,0.01,0.01031494140625,0.0,2026,dd1f175aa3029a32fe29c5a5ff6c12bfeb114bce6ec5adee936581de60ec58b9,adjoint,22.152648643113952,0.38830836469241675,0.00017949508037418127,0.012767903506755829
web_nju_gulou_09,NJU_campus_web,web_nju_gulou_09,test,0.01,0.01031494140625,0.0,2026,dd1f175aa3029a32fe29c5a5ff6c12bfeb114bce6ec5adee936581de60ec58b9,fista_dct,23.398697741335308,0.5506838065629802,0.3137956199934706,0.011295094154775143
web_nju_gulou_09,NJU_campus_web,web_nju_gulou_09,test,0.01,0.01031494140625,0.0,2026,dd1f175aa3029a32fe29c5a5ff6c12bfeb114bce6ec5adee936581de60ec58b9,hqs,27.05715862799706,0.6998372995014795,0.31879795098211616,0.0032093743793666363
web_nju_gulou_09,NJU_campus_web,web_nju_gulou_09,test,0.01,0.01031494140625,0.0,2026,dd1f175aa3029a32fe29c5a5ff6c12bfeb114bce6ec5adee936581de60ec58b9,admm,27.058577163011574,0.6980148732236366,0.3173982669832185,0.004681032616645098
web_nju_gulou_09,NJU_campus_web,web_nju_gulou_09,test,0.01,0.01031494140625,0.0,2026,dd1f175aa3029a32fe29c5a5ff6c12bfeb114bce6ec5adee936581de60ec58b9,hqs_round1,27.07872497513453,0.7009925051434888,0.32308851601555943,0.003417008323594928
web_nju_gulou_09,NJU_campus_web,web_nju_gulou_09,test,0.01,0.01031494140625,0.0,2026,dd1f175aa3029a32fe29c5a5ff6c12bfeb114bce6ec5adee936581de60ec58b9,hqs_5000,27.071765313307566,0.7009569930843488,0.33368727401830256,0.0035275693517178297
web_nju_gulou_09,NJU_campus_web,web_nju_gulou_09,test,0.01,0.01031494140625,0.0,2026,dd1f175aa3029a32fe29c5a5ff6c12bfeb114bce6ec5adee936581de60ec58b9,hqs_10000,26.938812115157752,0.6994041869474713,0.3189605560619384,0.003822400001809001
web_nju_gulou_09,NJU_campus_web,web_nju_gulou_09,test,0.04,0.041259765625,0.0,2026,681fc4bce88c2f3262b921cd7d9f62fc6c5cecac9ece64a57345af805c79429e,adjoint,24.590562021557524,0.48823260648293537,0.00023654906544834375,0.009331103414297104
web_nju_gulou_09,NJU_campus_web,web_nju_gulou_09,test,0.04,0.041259765625,0.0,2026,681fc4bce88c2f3262b921cd7d9f62fc6c5cecac9ece64a57345af805c79429e,fista_dct,25.809734265280554,0.5947862232936327,0.34186780301388353,0.00782318226993084
web_nju_gulou_09,NJU_campus_web,web_nju_gulou_09,test,0.04,0.041259765625,0.0,2026,681fc4bce88c2f3262b921cd7d9f62fc6c5cecac9ece64a57345af805c79429e,hqs,30.386730065260696,0.8189577904058695,0.3179741620551795,0.002274599624797702
web_nju_gulou_09,NJU_campus_web,web_nju_gulou_09,test,0.04,0.041259765625,0.0,2026,681fc4bce88c2f3262b921cd7d9f62fc6c5cecac9ece64a57345af805c79429e,admm,30.363350300059494,0.8177463760281801,0.318852522992529,0.003361630253493786
web_nju_gulou_09,NJU_campus_web,web_nju_gulou_09,test,0.04,0.041259765625,0.0,2026,681fc4bce88c2f3262b921cd7d9f62fc6c5cecac9ece64a57345af805c79429e,hqs_round1,30.469976579746234,0.819761056990683,0.31727318896446377,0.0025258874520659447
web_nju_gulou_09,NJU_campus_web,web_nju_gulou_09,test,0.04,0.041259765625,0.0,2026,681fc4bce88c2f3262b921cd7d9f62fc6c5cecac9ece64a57345af805c79429e,hqs_5000,30.492340075608176,0.8201030098469257,0.31999259896110743,0.0025418829172849655
web_nju_gulou_09,NJU_campus_web,web_nju_gulou_09,test,0.04,0.041259765625,0.0,2026,681fc4bce88c2f3262b921cd7d9f62fc6c5cecac9ece64a57345af805c79429e,hqs_10000,30.44781030869304,0.8202298032626509,0.3191785500384867,0.002464321441948414
web_nju_gulou_09,NJU_campus_web,web_nju_gulou_09,test,0.1,0.1001129150390625,0.0,2026,9291217deccbb77b909a3f70ce30364ef3654ed95e076d0c6ddaee44c3aebbb1,adjoint,26.39524864238168,0.5820675654914254,0.0002353839809074998,0.008377362042665482
web_nju_gulou_09,NJU_campus_web,web_nju_gulou_09,test,0.1,0.1001129150390625,0.0,2026,9291217deccbb77b909a3f70ce30364ef3654ed95e076d0c6ddaee44c3aebbb1,fista_dct,27.624353899165452,0.6659121734364768,0.3753181879874319,0.006298060063272715
web_nju_gulou_09,NJU_campus_web,web_nju_gulou_09,test,0.1,0.1001129150390625,0.0,2026,9291217deccbb77b909a3f70ce30364ef3654ed95e076d0c6ddaee44c3aebbb1,hqs,33.19465558254868,0.8872761898827553,0.317473836010322,0.0017370596760883927
web_nju_gulou_09,NJU_campus_web,web_nju_gulou_09,test,0.1,0.1001129150390625,0.0,2026,9291217deccbb77b909a3f70ce30364ef3654ed95e076d0c6ddaee44c3aebbb1,admm,33.164196980336754,0.8860161405920982,0.3182226959615946,0.0024420227855443954
web_nju_gulou_09,NJU_campus_web,web_nju_gulou_09,test,0.1,0.1001129150390625,0.0,2026,9291217deccbb77b909a3f70ce30364ef3654ed95e076d0c6ddaee44c3aebbb1,hqs_round1,33.27323885245978,0.8880612200884819,0.31803567497991025,0.0019442258635535836
web_nju_gulou_09,NJU_campus_web,web_nju_gulou_09,test,0.1,0.1001129150390625,0.0,2026,9291217deccbb77b909a3f70ce30364ef3654ed95e076d0c6ddaee44c3aebbb1,hqs_5000,33.31417028241082,0.8872754770960808,0.31971224409062415,0.001845175283960998
web_nju_gulou_09,NJU_campus_web,web_nju_gulou_09,test,0.1,0.1001129150390625,0.0,2026,9291217deccbb77b909a3f70ce30364ef3654ed95e076d0c6ddaee44c3aebbb1,hqs_10000,33.32747432439725,0.8881435801472664,0.3173237689770758,0.0019214198691770434
web_nju_gulou_09,NJU_campus_web,web_nju_gulou_09,test,0.25,0.25,0.0,2026,6c102d2e486035cf63b8c5329b2296cb3490895222ccb837c740e133dd845c12,adjoint,28.949626558502914,0.6998999827948957,0.0002925980370491743,0.006852719467133284
web_nju_gulou_09,NJU_campus_web,web_nju_gulou_09,test,0.25,0.25,0.0,2026,6c102d2e486035cf63b8c5329b2296cb3490895222ccb837c740e133dd845c12,fista_dct,30.402485279807347,0.7817726622221693,0.3979129890212789,0.004669154062867165
web_nju_gulou_09,NJU_campus_web,web_nju_gulou_09,test,0.25,0.25,0.0,2026,6c102d2e486035cf63b8c5329b2296cb3490895222ccb837c740e133dd845c12,hqs,36.90425314359122,0.9423639900374412,0.3194140769774094,0.0013218630338087678
web_nju_gulou_09,NJU_campus_web,web_nju_gulou_09,test,0.25,0.25,0.0,2026,6c102d2e486035cf63b8c5329b2296cb3490895222ccb837c740e133dd845c12,admm,36.91299176255739,0.9420300386595726,0.32104949897620827,0.001662210444919765
web_nju_gulou_09,NJU_campus_web,web_nju_gulou_09,test,0.25,0.25,0.0,2026,6c102d2e486035cf63b8c5329b2296cb3490895222ccb837c740e133dd845c12,hqs_round1,37.001290022809854,0.9431718963012695,0.3195253279991448,0.0014946876326575875
web_nju_gulou_09,NJU_campus_web,web_nju_gulou_09,test,0.25,0.25,0.0,2026,6c102d2e486035cf63b8c5329b2296cb3490895222ccb837c740e133dd845c12,hqs_5000,37.042862520108024,0.9429529031791687,0.3159168579149991,0.0014894251944497228
web_nju_gulou_09,NJU_campus_web,web_nju_gulou_09,test,0.25,0.25,0.0,2026,6c102d2e486035cf63b8c5329b2296cb3490895222ccb837c740e133dd845c12,hqs_10000,37.07554635003774,0.943386687388897,0.3177186769898981,0.001587522798217833
web_nju_gulou_09,NJU_campus_web,web_nju_gulou_09,test,0.5,0.4998931884765625,0.0,2026,ac48e3bf6d1acaf9f948cf522ad92bc6175dc846d5293d937ab49e8026524ecf,adjoint,31.9980427363449,0.8099189777240753,0.00039373699110001326,0.006323988549411297
web_nju_gulou_09,NJU_campus_web,web_nju_gulou_09,test,0.5,0.4998931884765625,0.0,2026,ac48e3bf6d1acaf9f948cf522ad92bc6175dc846d5293d937ab49e8026524ecf,fista_dct,33.77185357473921,0.874971295633316,0.4700413540704176,0.003411300713196397
web_nju_gulou_09,NJU_campus_web,web_nju_gulou_09,test,0.5,0.4998931884765625,0.0,2026,ac48e3bf6d1acaf9f948cf522ad92bc6175dc846d5293d937ab49e8026524ecf,hqs,41.7138245086105,0.9793422904605865,0.3183347029844299,0.0011963307624682784
web_nju_gulou_09,NJU_campus_web,web_nju_gulou_09,test,0.5,0.4998931884765625,0.0,2026,ac48e3bf6d1acaf9f948cf522ad92bc6175dc846d5293d937ab49e8026524ecf,admm,41.798972637732035,0.9795870885543824,0.3201499510323629,0.0013813812984153628
web_nju_gulou_09,NJU_campus_web,web_nju_gulou_09,test,0.5,0.4998931884765625,0.0,2026,ac48e3bf6d1acaf9f948cf522ad92bc6175dc846d5293d937ab49e8026524ecf,hqs_round1,41.89120395157525,0.9799683560409546,0.3226803169818595,0.0015149397077038884
web_nju_gulou_09,NJU_campus_web,web_nju_gulou_09,test,0.5,0.4998931884765625,0.0,2026,ac48e3bf6d1acaf9f948cf522ad92bc6175dc846d5293d937ab49e8026524ecf,hqs_5000,42.08990173597761,0.980940439948082,0.31919874297454953,0.0015850182389840484
web_nju_gulou_09,NJU_campus_web,web_nju_gulou_09,test,0.5,0.4998931884765625,0.0,2026,ac48e3bf6d1acaf9f948cf522ad92bc6175dc846d5293d937ab49e8026524ecf,hqs_10000,42.15303917459157,0.981176795578003,0.3202637820504606,0.001599449897184968
web_nju_gulou_09,NJU_campus_web,web_nju_gulou_09,test,0.1,0.1001129150390625,0.01,2026,d551cbdea4afe6242fa58b4786d8bb83822c54ff1f3cdb006144e971996b1c3a,adjoint,26.343628669099548,0.5780348367045633,0.0002258580643683672,0.008532905951142311
web_nju_gulou_09,NJU_campus_web,web_nju_gulou_09,test,0.1,0.1001129150390625,0.01,2026,d551cbdea4afe6242fa58b4786d8bb83822c54ff1f3cdb006144e971996b1c3a,fista_dct,27.55007445009236,0.6595113414067794,0.37896758306305856,0.006608332972973585
web_nju_gulou_09,NJU_campus_web,web_nju_gulou_09,test,0.1,0.1001129150390625,0.01,2026,d551cbdea4afe6242fa58b4786d8bb83822c54ff1f3cdb006144e971996b1c3a,hqs,32.554450097423725,0.8712307280144691,0.3219435380306095,0.0015708868158981204
web_nju_gulou_09,NJU_campus_web,web_nju_gulou_09,test,0.1,0.1001129150390625,0.01,2026,d551cbdea4afe6242fa58b4786d8bb83822c54ff1f3cdb006144e971996b1c3a,admm,32.558557087473254,0.8721831001210213,0.3229653969174251,0.0028512587305158377
web_nju_gulou_09,NJU_campus_web,web_nju_gulou_09,test,0.1,0.1001129150390625,0.01,2026,d551cbdea4afe6242fa58b4786d8bb83822c54ff1f3cdb006144e971996b1c3a,hqs_round1,32.5075071755311,0.8710257760629654,0.3174859629943967,0.0018113490659743547
web_nju_gulou_09,NJU_campus_web,web_nju_gulou_09,test,0.1,0.1001129150390625,0.01,2026,d551cbdea4afe6242fa58b4786d8bb83822c54ff1f3cdb006144e971996b1c3a,hqs_5000,32.6156082492468,0.8718171970787049,0.3208883429178968,0.004188493359833956
web_nju_gulou_09,NJU_campus_web,web_nju_gulou_09,test,0.1,0.1001129150390625,0.01,2026,d551cbdea4afe6242fa58b4786d8bb83822c54ff1f3cdb006144e971996b1c3a,hqs_10000,32.62729733065944,0.8725153639011383,0.31700797798112035,0.0035787879023700953
web_nju_gulou_09,NJU_campus_web,web_nju_gulou_09,test,0.1,0.1001129150390625,0.01,2027,9dff71cb1fafc2b846bf1191103425f405cfeadf00d2b4dac1f1b0265cd2625f,adjoint,26.339853182744555,0.5779547815152541,0.00023496104404330254,0.008464109152555466
web_nju_gulou_09,NJU_campus_web,web_nju_gulou_09,test,0.1,0.1001129150390625,0.01,2027,9dff71cb1fafc2b846bf1191103425f405cfeadf00d2b4dac1f1b0265cd2625f,fista_dct,27.501250742326853,0.6565572961380072,0.37659485696349293,0.006470407824963331
web_nju_gulou_09,NJU_campus_web,web_nju_gulou_09,test,0.1,0.1001129150390625,0.01,2027,9dff71cb1fafc2b846bf1191103425f405cfeadf00d2b4dac1f1b0265cd2625f,hqs,32.37759535175675,0.8689430181088448,0.32121582701802254,0.0015688554849475622
web_nju_gulou_09,NJU_campus_web,web_nju_gulou_09,test,0.1,0.1001129150390625,0.01,2027,9dff71cb1fafc2b846bf1191103425f405cfeadf00d2b4dac1f1b0265cd2625f,admm,32.455555234924645,0.87118055808115,0.31873682199511677,0.0028300508856773376
web_nju_gulou_09,NJU_campus_web,web_nju_gulou_09,test,0.1,0.1001129150390625,0.01,2027,9dff71cb1fafc2b846bf1191103425f405cfeadf00d2b4dac1f1b0265cd2625f,hqs_round1,32.35653321543226,0.8688739923601151,0.3391533800167963,0.0017971368506550789
web_nju_gulou_09,NJU_campus_web,web_nju_gulou_09,test,0.1,0.1001129150390625,0.01,2027,9dff71cb1fafc2b846bf1191103425f405cfeadf00d2b4dac1f1b0265cd2625f,hqs_5000,32.49032157219328,0.8705934938173294,0.32321062695700675,0.004099356476217508
web_nju_gulou_09,NJU_campus_web,web_nju_gulou_09,test,0.1,0.1001129150390625,0.01,2027,9dff71cb1fafc2b846bf1191103425f405cfeadf00d2b4dac1f1b0265cd2625f,hqs_10000,32.532654460587906,0.8717845872211456,0.3224447959801182,0.0035067060962319374
web_nju_gulou_09,NJU_campus_web,web_nju_gulou_09,test,0.1,0.1001129150390625,0.01,2028,b951091008388d5fbbe3c9876314775b5e4d225614bf1bc3695ac5ccbc78e16f,adjoint,26.343035528652464,0.5775841798784295,0.0002480209805071354,0.008471513167023659
web_nju_gulou_09,NJU_campus_web,web_nju_gulou_09,test,0.1,0.1001129150390625,0.01,2028,b951091008388d5fbbe3c9876314775b5e4d225614bf1bc3695ac5ccbc78e16f,fista_dct,27.512956728169385,0.656082737752363,0.3732221609679982,0.006412769667804241
web_nju_gulou_09,NJU_campus_web,web_nju_gulou_09,test,0.1,0.1001129150390625,0.01,2028,b951091008388d5fbbe3c9876314775b5e4d225614bf1bc3695ac5ccbc78e16f,hqs,32.483858864536614,0.8704638431668281,0.31895469198934734,0.0015665157698094845
web_nju_gulou_09,NJU_campus_web,web_nju_gulou_09,test,0.1,0.1001129150390625,0.01,2028,b951091008388d5fbbe3c9876314775b5e4d225614bf1bc3695ac5ccbc78e16f,admm,32.54640752981034,0.8720646653671265,0.3212694099638611,0.002868066541850567
web_nju_gulou_09,NJU_campus_web,web_nju_gulou_09,test,0.1,0.1001129150390625,0.01,2028,b951091008388d5fbbe3c9876314775b5e4d225614bf1bc3695ac5ccbc78e16f,hqs_round1,32.449962169177,0.8704416958122253,0.32251875393558294,0.0017206857446581125
web_nju_gulou_09,NJU_campus_web,web_nju_gulou_09,test,0.1,0.1001129150390625,0.01,2028,b951091008388d5fbbe3c9876314775b5e4d225614bf1bc3695ac5ccbc78e16f,hqs_5000,32.570360977106205,0.871517471432209,0.3178129530278966,0.003986306954175234
web_nju_gulou_09,NJU_campus_web,web_nju_gulou_09,test,0.1,0.1001129150390625,0.01,2028,b951091008388d5fbbe3c9876314775b5e4d225614bf1bc3695ac5ccbc78e16f,hqs_10000,32.58393978782372,0.8720934197020531,0.318693706067279,0.0033616262953728437
web_nju_gulou_09,NJU_campus_web,web_nju_gulou_09,test,0.1,0.1001129150390625,0.05,2026,b8baf0207710e94d5ed9c1853487d1009cdc37aa61106dc180b9bdc93bca6445,adjoint,25.276763303426478,0.49901474649672745,0.00026497594080865383,0.012363668531179428
web_nju_gulou_09,NJU_campus_web,web_nju_gulou_09,test,0.1,0.1001129150390625,0.05,2026,b8baf0207710e94d5ed9c1853487d1009cdc37aa61106dc180b9bdc93bca6445,fista_dct,25.54339727916311,0.5110348019480386,0.37261668301653117,0.013934378512203693
web_nju_gulou_09,NJU_campus_web,web_nju_gulou_09,test,0.1,0.1001129150390625,0.05,2026,b8baf0207710e94d5ed9c1853487d1009cdc37aa61106dc180b9bdc93bca6445,hqs,27.41158604474586,0.6511034579984555,0.32064476190134883,0.002668958157300949
web_nju_gulou_09,NJU_campus_web,web_nju_gulou_09,test,0.1,0.1001129150390625,0.05,2026,b8baf0207710e94d5ed9c1853487d1009cdc37aa61106dc180b9bdc93bca6445,admm,27.735102847064574,0.6677596424303427,0.32138581993058324,0.004455050453543663
web_nju_gulou_09,NJU_campus_web,web_nju_gulou_09,test,0.1,0.1001129150390625,0.05,2026,b8baf0207710e94d5ed9c1853487d1009cdc37aa61106dc180b9bdc93bca6445,hqs_round1,27.328804807771725,0.6538299258427331,0.3172821160405874,0.0023802530486136675
web_nju_gulou_09,NJU_campus_web,web_nju_gulou_09,test,0.1,0.1001129150390625,0.05,2026,b8baf0207710e94d5ed9c1853487d1009cdc37aa61106dc180b9bdc93bca6445,hqs_5000,29.62809372640272,0.7897512610209882,0.31836864608339965,0.03621285781264305
web_nju_gulou_09,NJU_campus_web,web_nju_gulou_09,test,0.1,0.1001129150390625,0.05,2026,b8baf0207710e94d5ed9c1853487d1009cdc37aa61106dc180b9bdc93bca6445,hqs_10000,29.642335547243054,0.7926496476414054,0.3142903520492837,0.03758779913187027
web_nju_gulou_09,NJU_campus_web,web_nju_gulou_09,test,0.1,0.1001129150390625,0.05,2027,7b2a4a6c68b547829b4ff8ebbb396d596c4bacab78ca16fa9fbed3771358b72c,adjoint,25.250833159791153,0.49691279152205864,0.00022303604055196047,0.01184520497918129
web_nju_gulou_09,NJU_campus_web,web_nju_gulou_09,test,0.1,0.1001129150390625,0.05,2027,7b2a4a6c68b547829b4ff8ebbb396d596c4bacab78ca16fa9fbed3771358b72c,fista_dct,25.46367857000139,0.5058701879290592,0.3678659989964217,0.012900101020932198
web_nju_gulou_09,NJU_campus_web,web_nju_gulou_09,test,0.1,0.1001129150390625,0.05,2027,7b2a4a6c68b547829b4ff8ebbb396d596c4bacab78ca16fa9fbed3771358b72c,hqs,27.386470834726232,0.6443499385306592,0.31719261000398546,0.002337050624191761
web_nju_gulou_09,NJU_campus_web,web_nju_gulou_09,test,0.1,0.1001129150390625,0.05,2027,7b2a4a6c68b547829b4ff8ebbb396d596c4bacab78ca16fa9fbed3771358b72c,admm,27.691723768328377,0.6615988145272667,0.31552123196888715,0.0038636226672679186
web_nju_gulou_09,NJU_campus_web,web_nju_gulou_09,test,0.1,0.1001129150390625,0.05,2027,7b2a4a6c68b547829b4ff8ebbb396d596c4bacab78ca16fa9fbed3771358b72c,hqs_round1,27.303664612313923,0.6478156466961437,0.31644890108145773,0.002071655821055174
web_nju_gulou_09,NJU_campus_web,web_nju_gulou_09,test,0.1,0.1001129150390625,0.05,2027,7b2a4a6c68b547829b4ff8ebbb396d596c4bacab78ca16fa9fbed3771358b72c,hqs_5000,29.67083224235758,0.7917006922271103,0.3184916320024058,0.03664005175232887
web_nju_gulou_09,NJU_campus_web,web_nju_gulou_09,test,0.1,0.1001129150390625,0.05,2027,7b2a4a6c68b547829b4ff8ebbb396d596c4bacab78ca16fa9fbed3771358b72c,hqs_10000,29.651779232034635,0.7939184985233173,0.31899124605115503,0.038096681237220764
web_nju_gulou_09,NJU_campus_web,web_nju_gulou_09,test,0.1,0.1001129150390625,0.05,2028,cb0e42f50bda34ae445ea7253cc1f84f2d1a36f1b0de5935c29294f002995106,adjoint,25.28286091438449,0.49691410880533793,0.00022023997735232115,0.011849678121507168
web_nju_gulou_09,NJU_campus_web,web_nju_gulou_09,test,0.1,0.1001129150390625,0.05,2028,cb0e42f50bda34ae445ea7253cc1f84f2d1a36f1b0de5935c29294f002995106,fista_dct,25.558967444990994,0.5107782886974027,0.38328085700049996,0.01285614911466837
web_nju_gulou_09,NJU_campus_web,web_nju_gulou_09,test,0.1,0.1001129150390625,0.05,2028,cb0e42f50bda34ae445ea7253cc1f84f2d1a36f1b0de5935c29294f002995106,hqs,27.55962227892693,0.6497152213614806,0.3173144640168175,0.002295158104971051
web_nju_gulou_09,NJU_campus_web,web_nju_gulou_09,test,0.1,0.1001129150390625,0.05,2028,cb0e42f50bda34ae445ea7253cc1f84f2d1a36f1b0de5935c29294f002995106,admm,27.837400984559487,0.6670478437478868,0.3168285330757499,0.0039116255939006805
web_nju_gulou_09,NJU_campus_web,web_nju_gulou_09,test,0.1,0.1001129150390625,0.05,2028,cb0e42f50bda34ae445ea7253cc1f84f2d1a36f1b0de5935c29294f002995106,hqs_round1,27.493759119979636,0.6540011493765097,0.31936567602679133,0.0020579600241035223
web_nju_gulou_09,NJU_campus_web,web_nju_gulou_09,test,0.1,0.1001129150390625,0.05,2028,cb0e42f50bda34ae445ea7253cc1f84f2d1a36f1b0de5935c29294f002995106,hqs_5000,29.842391764735975,0.7895556796906888,0.315671571996063,0.036425162106752396
web_nju_gulou_09,NJU_campus_web,web_nju_gulou_09,test,0.1,0.1001129150390625,0.05,2028,cb0e42f50bda34ae445ea7253cc1f84f2d1a36f1b0de5935c29294f002995106,hqs_10000,29.85127174705291,0.7918315768807158,0.3159848100040108,0.0378694087266922
web_nju_xianlin_01,NJU_campus_web,web_nju_xianlin_01,test,0.01,0.01031494140625,0.0,2026,5dafff013f144e84cb2c46f57adf7baedd220b0de4af0b56a7566624eb6cb660,adjoint,21.86861277395785,0.35786481815760407,0.00018033699598163366,0.0018351782346144319
web_nju_xianlin_01,NJU_campus_web,web_nju_xianlin_01,test,0.01,0.01031494140625,0.0,2026,5dafff013f144e84cb2c46f57adf7baedd220b0de4af0b56a7566624eb6cb660,fista_dct,22.506343553909005,0.4551690810257628,0.3169875959865749,0.00035640844726003706
web_nju_xianlin_01,NJU_campus_web,web_nju_xianlin_01,test,0.01,0.01031494140625,0.0,2026,5dafff013f144e84cb2c46f57adf7baedd220b0de4af0b56a7566624eb6cb660,hqs,22.709145224416325,0.4945408591294361,0.32035079307388514,0.003825529245659709
web_nju_xianlin_01,NJU_campus_web,web_nju_xianlin_01,test,0.01,0.01031494140625,0.0,2026,5dafff013f144e84cb2c46f57adf7baedd220b0de4af0b56a7566624eb6cb660,admm,22.975378004505774,0.5048325644609302,0.3250074100214988,0.004360127728432417
web_nju_xianlin_01,NJU_campus_web,web_nju_xianlin_01,test,0.01,0.01031494140625,0.0,2026,5dafff013f144e84cb2c46f57adf7baedd220b0de4af0b56a7566624eb6cb660,hqs_round1,22.73845624841378,0.49593621943466043,0.3211773548973724,0.0034662883263081312
web_nju_xianlin_01,NJU_campus_web,web_nju_xianlin_01,test,0.01,0.01031494140625,0.0,2026,5dafff013f144e84cb2c46f57adf7baedd220b0de4af0b56a7566624eb6cb660,hqs_5000,22.760483864525945,0.49380919397471096,0.31892789294943213,0.005723166279494762
web_nju_xianlin_01,NJU_campus_web,web_nju_xianlin_01,test,0.01,0.01031494140625,0.0,2026,5dafff013f144e84cb2c46f57adf7baedd220b0de4af0b56a7566624eb6cb660,hqs_10000,22.95301494397851,0.5059658261471642,0.31962435005698353,0.0033643506467342377
web_nju_xianlin_01,NJU_campus_web,web_nju_xianlin_01,test,0.04,0.041259765625,0.0,2026,ac92f07ebb8de773fd757cd6ad4bb08b405f4e682766a320b5c2076da4a162a4,adjoint,23.80786744920659,0.4890251438802129,0.0001937750494107604,0.002474081004038453
web_nju_xianlin_01,NJU_campus_web,web_nju_xianlin_01,test,0.04,0.041259765625,0.0,2026,ac92f07ebb8de773fd757cd6ad4bb08b405f4e682766a320b5c2076da4a162a4,fista_dct,24.453841727394877,0.5573329061935198,0.3319774030242115,0.0008396226330660284
web_nju_xianlin_01,NJU_campus_web,web_nju_xianlin_01,test,0.04,0.041259765625,0.0,2026,ac92f07ebb8de773fd757cd6ad4bb08b405f4e682766a320b5c2076da4a162a4,hqs,26.691168502252836,0.7463515359586188,0.3225205169292167,0.0027266638353466988
web_nju_xianlin_01,NJU_campus_web,web_nju_xianlin_01,test,0.04,0.041259765625,0.0,2026,ac92f07ebb8de773fd757cd6ad4bb08b405f4e682766a320b5c2076da4a162a4,admm,26.702568439222336,0.746549720762461,0.3203537060180679,0.0036078691482543945
web_nju_xianlin_01,NJU_campus_web,web_nju_xianlin_01,test,0.04,0.041259765625,0.0,2026,ac92f07ebb8de773fd757cd6ad4bb08b405f4e682766a320b5c2076da4a162a4,hqs_round1,26.720426100926076,0.748267894260301,0.3207133029354736,0.0028680884279310703
web_nju_xianlin_01,NJU_campus_web,web_nju_xianlin_01,test,0.04,0.041259765625,0.0,2026,ac92f07ebb8de773fd757cd6ad4bb08b405f4e682766a320b5c2076da4a162a4,hqs_5000,26.768201693283604,0.7471897930386178,0.3197565460577607,0.0029107769951224327
web_nju_xianlin_01,NJU_campus_web,web_nju_xianlin_01,test,0.04,0.041259765625,0.0,2026,ac92f07ebb8de773fd757cd6ad4bb08b405f4e682766a320b5c2076da4a162a4,hqs_10000,26.80804642661873,0.7485889933843033,0.31604528799653053,0.0024081021547317505
web_nju_xianlin_01,NJU_campus_web,web_nju_xianlin_01,test,0.1,0.1001129150390625,0.0,2026,1802460ca3f8720e2a58a18ed60c215720b3553d8216732d02c311c978e24d42,adjoint,25.38647050928109,0.5998520708199784,0.0002961759455502033,0.0030335402116179466
web_nju_xianlin_01,NJU_campus_web,web_nju_xianlin_01,test,0.1,0.1001129150390625,0.0,2026,1802460ca3f8720e2a58a18ed60c215720b3553d8216732d02c311c978e24d42,fista_dct,26.164184943347706,0.6569580668187887,0.3730381448986009,0.0009036369738169014
web_nju_xianlin_01,NJU_campus_web,web_nju_xianlin_01,test,0.1,0.1001129150390625,0.0,2026,1802460ca3f8720e2a58a18ed60c215720b3553d8216732d02c311c978e24d42,hqs,29.720429343303223,0.8700037654418945,0.3185252209659666,0.0025043084751814604
web_nju_xianlin_01,NJU_campus_web,web_nju_xianlin_01,test,0.1,0.1001129150390625,0.0,2026,1802460ca3f8720e2a58a18ed60c215720b3553d8216732d02c311c978e24d42,admm,29.88186506913239,0.8728334733252525,0.31765812495723367,0.0030286244582384825
web_nju_xianlin_01,NJU_campus_web,web_nju_xianlin_01,test,0.1,0.1001129150390625,0.0,2026,1802460ca3f8720e2a58a18ed60c215720b3553d8216732d02c311c978e24d42,hqs_round1,30.04186934597208,0.8767605506637096,0.32071224600076675,0.0027739957440644503
web_nju_xianlin_01,NJU_campus_web,web_nju_xianlin_01,test,0.1,0.1001129150390625,0.0,2026,1802460ca3f8720e2a58a18ed60c215720b3553d8216732d02c311c978e24d42,hqs_5000,30.207567728009664,0.8781962348663807,0.31928624294232577,0.0031423261389136314
web_nju_xianlin_01,NJU_campus_web,web_nju_xianlin_01,test,0.1,0.1001129150390625,0.0,2026,1802460ca3f8720e2a58a18ed60c215720b3553d8216732d02c311c978e24d42,hqs_10000,30.226769877059994,0.8788466340687275,0.318652292015031,0.0028275998774915934
web_nju_xianlin_01,NJU_campus_web,web_nju_xianlin_01,test,0.25,0.25,0.0,2026,c58fd057891b4df490b04ce7891562d60e58d42534eba4307f99f039a8e5ee61,adjoint,27.992636718524967,0.7412059326891899,0.00026392797008156776,0.003694945713505149
web_nju_xianlin_01,NJU_campus_web,web_nju_xianlin_01,test,0.25,0.25,0.0,2026,c58fd057891b4df490b04ce7891562d60e58d42534eba4307f99f039a8e5ee61,fista_dct,28.972926475406094,0.792322974858284,0.3978070290759206,0.0010339103173464537
web_nju_xianlin_01,NJU_campus_web,web_nju_xianlin_01,test,0.25,0.25,0.0,2026,c58fd057891b4df490b04ce7891562d60e58d42534eba4307f99f039a8e5ee61,hqs,34.93489229334335,0.9557442331228256,0.31815814110450447,0.0019238325767219067
web_nju_xianlin_01,NJU_campus_web,web_nju_xianlin_01,test,0.25,0.25,0.0,2026,c58fd057891b4df490b04ce7891562d60e58d42534eba4307f99f039a8e5ee61,admm,35.05082070819703,0.956183711306572,0.32501806097570807,0.002321158302947879
web_nju_xianlin_01,NJU_campus_web,web_nju_xianlin_01,test,0.25,0.25,0.0,2026,c58fd057891b4df490b04ce7891562d60e58d42534eba4307f99f039a8e5ee61,hqs_round1,35.20314090076917,0.9575492498369217,0.31791065400466323,0.002206243574619293
web_nju_xianlin_01,NJU_campus_web,web_nju_xianlin_01,test,0.25,0.25,0.0,2026,c58fd057891b4df490b04ce7891562d60e58d42534eba4307f99f039a8e5ee61,hqs_5000,35.30945173832475,0.9579492379951478,0.3203548640012741,0.002597928512841463
web_nju_xianlin_01,NJU_campus_web,web_nju_xianlin_01,test,0.25,0.25,0.0,2026,c58fd057891b4df490b04ce7891562d60e58d42534eba4307f99f039a8e5ee61,hqs_10000,35.35733236642744,0.9585262872858048,0.3192154229618609,0.002367984037846327
web_nju_xianlin_01,NJU_campus_web,web_nju_xianlin_01,test,0.5,0.4998931884765625,0.0,2026,13d093e29bc83a22006732447f5814874ddf0905a4116cf538a9ec14e90846f4,adjoint,30.96047959004887,0.8425595314223766,0.0004102799575775862,0.004778353497385979
web_nju_xianlin_01,NJU_campus_web,web_nju_xianlin_01,test,0.5,0.4998931884765625,0.0,2026,13d093e29bc83a22006732447f5814874ddf0905a4116cf538a9ec14e90846f4,fista_dct,32.37699689518217,0.8897955965490342,0.45508099801372737,0.0012570279650390148
web_nju_xianlin_01,NJU_campus_web,web_nju_xianlin_01,test,0.5,0.4998931884765625,0.0,2026,13d093e29bc83a22006732447f5814874ddf0905a4116cf538a9ec14e90846f4,hqs,40.81266606419661,0.9868758450260162,0.3235871000215411,0.0012867336627095938
web_nju_xianlin_01,NJU_campus_web,web_nju_xianlin_01,test,0.5,0.4998931884765625,0.0,2026,13d093e29bc83a22006732447f5814874ddf0905a4116cf538a9ec14e90846f4,admm,40.97173456440521,0.9870932372188568,0.32229836797341704,0.00171223736833781
web_nju_xianlin_01,NJU_campus_web,web_nju_xianlin_01,test,0.5,0.4998931884765625,0.0,2026,13d093e29bc83a22006732447f5814874ddf0905a4116cf538a9ec14e90846f4,hqs_round1,41.10885351214265,0.9874483760194779,0.3203780329786241,0.0017302667256444693
web_nju_xianlin_01,NJU_campus_web,web_nju_xianlin_01,test,0.5,0.4998931884765625,0.0,2026,13d093e29bc83a22006732447f5814874ddf0905a4116cf538a9ec14e90846f4,hqs_5000,41.27654730802773,0.9877544712543488,0.32022202701773494,0.0019165367120876908
web_nju_xianlin_01,NJU_campus_web,web_nju_xianlin_01,test,0.5,0.4998931884765625,0.0,2026,13d093e29bc83a22006732447f5814874ddf0905a4116cf538a9ec14e90846f4,hqs_10000,41.307903856887485,0.9879250125207901,0.319847833015956,0.0018641334027051926
web_nju_xianlin_01,NJU_campus_web,web_nju_xianlin_01,test,0.1,0.1001129150390625,0.01,2026,920ad102c6012870a40b0bff1782790d437a37cb09695bd5bf0c5c218decbd23,adjoint,25.331657136024972,0.5956185876088403,0.00023897597566246986,0.003056160407140851
web_nju_xianlin_01,NJU_campus_web,web_nju_xianlin_01,test,0.1,0.1001129150390625,0.01,2026,920ad102c6012870a40b0bff1782790d437a37cb09695bd5bf0c5c218decbd23,fista_dct,26.063717810087482,0.648721379788049,0.3791763049084693,0.0010440325131639838
web_nju_xianlin_01,NJU_campus_web,web_nju_xianlin_01,test,0.1,0.1001129150390625,0.01,2026,920ad102c6012870a40b0bff1782790d437a37cb09695bd5bf0c5c218decbd23,hqs,29.372417736423873,0.8559553097622394,0.31854722707066685,0.0020604655146598816
web_nju_xianlin_01,NJU_campus_web,web_nju_xianlin_01,test,0.1,0.1001129150390625,0.01,2026,920ad102c6012870a40b0bff1782790d437a37cb09695bd5bf0c5c218decbd23,admm,29.49198844456552,0.8599530518331527,0.31960086699109524,0.002900148509070277
web_nju_xianlin_01,NJU_campus_web,web_nju_xianlin_01,test,0.1,0.1001129150390625,0.01,2026,920ad102c6012870a40b0bff1782790d437a37cb09695bd5bf0c5c218decbd23,hqs_round1,29.619113321918803,0.8625060752236843,0.3199715099763125,0.002390346024185419
web_nju_xianlin_01,NJU_campus_web,web_nju_xianlin_01,test,0.1,0.1001129150390625,0.01,2026,920ad102c6012870a40b0bff1782790d437a37cb09695bd5bf0c5c218decbd23,hqs_5000,29.683810960894263,0.8626572899925709,0.31774385704193264,0.004042426589876413
web_nju_xianlin_01,NJU_campus_web,web_nju_xianlin_01,test,0.1,0.1001129150390625,0.01,2026,920ad102c6012870a40b0bff1782790d437a37cb09695bd5bf0c5c218decbd23,hqs_10000,29.703067621415574,0.8635163449301719,0.31747096800245345,0.0038810954429209232
web_nju_xianlin_01,NJU_campus_web,web_nju_xianlin_01,test,0.1,0.1001129150390625,0.01,2027,de131d3dc39f71c374434d9ddbc3de152221187b269e8f0848833ca6f9d0ed39,adjoint,25.331499788969644,0.5961034760570583,0.00022498995531350374,0.0030581969767808914
web_nju_xianlin_01,NJU_campus_web,web_nju_xianlin_01,test,0.1,0.1001129150390625,0.01,2027,de131d3dc39f71c374434d9ddbc3de152221187b269e8f0848833ca6f9d0ed39,fista_dct,26.08052502073918,0.6506407107172776,0.3702116919448599,0.0009962973417714238
web_nju_xianlin_01,NJU_campus_web,web_nju_xianlin_01,test,0.1,0.1001129150390625,0.01,2027,de131d3dc39f71c374434d9ddbc3de152221187b269e8f0848833ca6f9d0ed39,hqs,29.390414730750667,0.8572153903510571,0.3169422799255699,0.0021658625919371843
web_nju_xianlin_01,NJU_campus_web,web_nju_xianlin_01,test,0.1,0.1001129150390625,0.01,2027,de131d3dc39f71c374434d9ddbc3de152221187b269e8f0848833ca6f9d0ed39,admm,29.6105459638096,0.8636184858064652,0.31926459504757077,0.0031594838947057724
web_nju_xianlin_01,NJU_campus_web,web_nju_xianlin_01,test,0.1,0.1001129150390625,0.01,2027,de131d3dc39f71c374434d9ddbc3de152221187b269e8f0848833ca6f9d0ed39,hqs_round1,29.63594634228672,0.8643312821347714,0.3154152949573472,0.0025275147054344416
web_nju_xianlin_01,NJU_campus_web,web_nju_xianlin_01,test,0.1,0.1001129150390625,0.01,2027,de131d3dc39f71c374434d9ddbc3de152221187b269e8f0848833ca6f9d0ed39,hqs_5000,29.706427241640554,0.8643127195403576,0.32072071405127645,0.004342302214354277
web_nju_xianlin_01,NJU_campus_web,web_nju_xianlin_01,test,0.1,0.1001129150390625,0.01,2027,de131d3dc39f71c374434d9ddbc3de152221187b269e8f0848833ca6f9d0ed39,hqs_10000,29.75465501086471,0.8653793260486126,0.32126981706824154,0.004330557305365801
web_nju_xianlin_01,NJU_campus_web,web_nju_xianlin_01,test,0.1,0.1001129150390625,0.01,2028,05cd04ba841470eea63d15a0490df7293d6f4755ba5862eaeabe4e9d300dffa2,adjoint,25.329388363934626,0.5957159559020418,0.00024604902137070894,0.0030536476988345385
web_nju_xianlin_01,NJU_campus_web,web_nju_xianlin_01,test,0.1,0.1001129150390625,0.01,2028,05cd04ba841470eea63d15a0490df7293d6f4755ba5862eaeabe4e9d300dffa2,fista_dct,26.046056913437923,0.6471862692246791,0.3672415870241821,0.0010883888462558389
web_nju_xianlin_01,NJU_campus_web,web_nju_xianlin_01,test,0.1,0.1001129150390625,0.01,2028,05cd04ba841470eea63d15a0490df7293d6f4755ba5862eaeabe4e9d300dffa2,hqs,29.341058841670026,0.8550906021623611,0.31960823095869273,0.0022155072074383497
web_nju_xianlin_01,NJU_campus_web,web_nju_xianlin_01,test,0.1,0.1001129150390625,0.01,2028,05cd04ba841470eea63d15a0490df7293d6f4755ba5862eaeabe4e9d300dffa2,admm,29.512354647190993,0.8610268210170269,0.3231448180740699,0.0032663254532963037
web_nju_xianlin_01,NJU_campus_web,web_nju_xianlin_01,test,0.1,0.1001129150390625,0.01,2028,05cd04ba841470eea63d15a0490df7293d6f4755ba5862eaeabe4e9d300dffa2,hqs_round1,29.60212101970587,0.8628676090807915,0.3240144649753347,0.0025245274882763624
web_nju_xianlin_01,NJU_campus_web,web_nju_xianlin_01,test,0.1,0.1001129150390625,0.01,2028,05cd04ba841470eea63d15a0490df7293d6f4755ba5862eaeabe4e9d300dffa2,hqs_5000,29.657721411627396,0.862347841047585,0.3250569549854845,0.004650294315069914
web_nju_xianlin_01,NJU_campus_web,web_nju_xianlin_01,test,0.1,0.1001129150390625,0.01,2028,05cd04ba841470eea63d15a0490df7293d6f4755ba5862eaeabe4e9d300dffa2,hqs_10000,29.70641551155362,0.8637007889069319,0.3196501820348203,0.004634023178368807
web_nju_xianlin_01,NJU_campus_web,web_nju_xianlin_01,test,0.1,0.1001129150390625,0.05,2026,5f697e1d713c0c945143009d52caa1ebcde80c3f43b8b52520d46d7f2b33e073,adjoint,24.189327194341573,0.518397938021901,0.0002600839361548424,0.0037966722156852484
web_nju_xianlin_01,NJU_campus_web,web_nju_xianlin_01,test,0.1,0.1001129150390625,0.05,2026,5f697e1d713c0c945143009d52caa1ebcde80c3f43b8b52520d46d7f2b33e073,fista_dct,24.1806019481843,0.5257934227414998,0.3752027899026871,0.004047265276312828
web_nju_xianlin_01,NJU_campus_web,web_nju_xianlin_01,test,0.1,0.1001129150390625,0.05,2026,5f697e1d713c0c945143009d52caa1ebcde80c3f43b8b52520d46d7f2b33e073,hqs,25.85626900619214,0.6611955755732991,0.3198290269356221,0.0025461125187575817
web_nju_xianlin_01,NJU_campus_web,web_nju_xianlin_01,test,0.1,0.1001129150390625,0.05,2026,5f697e1d713c0c945143009d52caa1ebcde80c3f43b8b52520d46d7f2b33e073,admm,25.96612047961881,0.6684645925830305,0.3262623370392248,0.00258151488378644
web_nju_xianlin_01,NJU_campus_web,web_nju_xianlin_01,test,0.1,0.1001129150390625,0.05,2026,5f697e1d713c0c945143009d52caa1ebcde80c3f43b8b52520d46d7f2b33e073,hqs_round1,25.83478936025546,0.6643675781732628,0.3200170899508521,0.0023855033796280622
web_nju_xianlin_01,NJU_campus_web,web_nju_xianlin_01,test,0.1,0.1001129150390625,0.05,2026,5f697e1d713c0c945143009d52caa1ebcde80c3f43b8b52520d46d7f2b33e073,hqs_5000,27.105002947514514,0.7574591250464059,0.31934253696817905,0.033211637288331985
web_nju_xianlin_01,NJU_campus_web,web_nju_xianlin_01,test,0.1,0.1001129150390625,0.05,2026,5f697e1d713c0c945143009d52caa1ebcde80c3f43b8b52520d46d7f2b33e073,hqs_10000,27.135444399732727,0.7583277653949261,0.31708292092662305,0.03666917234659195
web_nju_xianlin_01,NJU_campus_web,web_nju_xianlin_01,test,0.1,0.1001129150390625,0.05,2027,a5f97fc3d3ae1e2383e1fc53ddd96311d3d53de495bdbe42737730eba4918289,adjoint,24.189329981748294,0.521231709479684,0.00024321500677615404,0.003927857615053654
web_nju_xianlin_01,NJU_campus_web,web_nju_xianlin_01,test,0.1,0.1001129150390625,0.05,2027,a5f97fc3d3ae1e2383e1fc53ddd96311d3d53de495bdbe42737730eba4918289,fista_dct,24.095264969423106,0.5231644073671864,0.3922272629570216,0.004927059169858694
web_nju_xianlin_01,NJU_campus_web,web_nju_xianlin_01,test,0.1,0.1001129150390625,0.05,2027,a5f97fc3d3ae1e2383e1fc53ddd96311d3d53de495bdbe42737730eba4918289,hqs,25.953770296900046,0.6642799552703295,0.3183881379663944,0.0025415034033358097
web_nju_xianlin_01,NJU_campus_web,web_nju_xianlin_01,test,0.1,0.1001129150390625,0.05,2027,a5f97fc3d3ae1e2383e1fc53ddd96311d3d53de495bdbe42737730eba4918289,admm,26.060032480858936,0.6731601615071958,0.319835765985772,0.0029056561179459095
web_nju_xianlin_01,NJU_campus_web,web_nju_xianlin_01,test,0.1,0.1001129150390625,0.05,2027,a5f97fc3d3ae1e2383e1fc53ddd96311d3d53de495bdbe42737730eba4918289,hqs_round1,25.935071928921456,0.6667552800528659,0.3194646609481424,0.0024103973992168903
web_nju_xianlin_01,NJU_campus_web,web_nju_xianlin_01,test,0.1,0.1001129150390625,0.05,2027,a5f97fc3d3ae1e2383e1fc53ddd96311d3d53de495bdbe42737730eba4918289,hqs_5000,27.23381209224015,0.765735647602994,0.31780086702201515,0.03411529213190079
web_nju_xianlin_01,NJU_campus_web,web_nju_xianlin_01,test,0.1,0.1001129150390625,0.05,2027,a5f97fc3d3ae1e2383e1fc53ddd96311d3d53de495bdbe42737730eba4918289,hqs_10000,27.239461005044816,0.7657745915303547,0.3212659959681332,0.037750039249658585
web_nju_xianlin_01,NJU_campus_web,web_nju_xianlin_01,test,0.1,0.1001129150390625,0.05,2028,1c2a2091aa61814ab3fdf1aed8685178a023c4fb06593de60499a7f913462ef7,adjoint,24.162687260687793,0.5185575698138042,0.000259766005910933,0.0037168802227824926
web_nju_xianlin_01,NJU_campus_web,web_nju_xianlin_01,test,0.1,0.1001129150390625,0.05,2028,1c2a2091aa61814ab3fdf1aed8685178a023c4fb06593de60499a7f913462ef7,fista_dct,24.1013755161659,0.5243766532382246,0.37257550307549536,0.004201067145913839
web_nju_xianlin_01,NJU_campus_web,web_nju_xianlin_01,test,0.1,0.1001129150390625,0.05,2028,1c2a2091aa61814ab3fdf1aed8685178a023c4fb06593de60499a7f913462ef7,hqs,25.89307143881988,0.6560928171854618,0.32075722597073764,0.0024519714061170816
web_nju_xianlin_01,NJU_campus_web,web_nju_xianlin_01,test,0.1,0.1001129150390625,0.05,2028,1c2a2091aa61814ab3fdf1aed8685178a023c4fb06593de60499a7f913462ef7,admm,25.977439523496347,0.6621612592078195,0.3241159060271457,0.0027237681206315756
web_nju_xianlin_01,NJU_campus_web,web_nju_xianlin_01,test,0.1,0.1001129150390625,0.05,2028,1c2a2091aa61814ab3fdf1aed8685178a023c4fb06593de60499a7f913462ef7,hqs_round1,25.869647813430316,0.6582071829622216,0.3188008889555931,0.0023306445218622684
web_nju_xianlin_01,NJU_campus_web,web_nju_xianlin_01,test,0.1,0.1001129150390625,0.05,2028,1c2a2091aa61814ab3fdf1aed8685178a023c4fb06593de60499a7f913462ef7,hqs_5000,27.09828379930205,0.7563528858944029,0.3172804369824007,0.034925736486911774
web_nju_xianlin_01,NJU_campus_web,web_nju_xianlin_01,test,0.1,0.1001129150390625,0.05,2028,1c2a2091aa61814ab3fdf1aed8685178a023c4fb06593de60499a7f913462ef7,hqs_10000,27.107796227545975,0.7577185207612291,0.3210199410095811,0.03868797421455383
web_nju_xianlin_02,NJU_campus_web,web_nju_xianlin_02,test,0.01,0.01031494140625,0.0,2026,2934260b14ff8516073acc1b9351f32e547939f9c5950b60f68ae37c51891790,adjoint,21.538646633749764,0.4130313973176866,0.00017281202599406242,0.002206931123510003
web_nju_xianlin_02,NJU_campus_web,web_nju_xianlin_02,test,0.01,0.01031494140625,0.0,2026,2934260b14ff8516073acc1b9351f32e547939f9c5950b60f68ae37c51891790,fista_dct,21.91784267565625,0.5617990313559649,0.32277639501262456,0.00019038723257835954
web_nju_xianlin_02,NJU_campus_web,web_nju_xianlin_02,test,0.01,0.01031494140625,0.0,2026,2934260b14ff8516073acc1b9351f32e547939f9c5950b60f68ae37c51891790,hqs,24.346452832078352,0.71910034170747,0.31937015999574214,0.002662512706592679
web_nju_xianlin_02,NJU_campus_web,web_nju_xianlin_02,test,0.01,0.01031494140625,0.0,2026,2934260b14ff8516073acc1b9351f32e547939f9c5950b60f68ae37c51891790,admm,24.37337168715228,0.720892906069888,0.31915841810405254,0.004375670105218887
web_nju_xianlin_02,NJU_campus_web,web_nju_xianlin_02,test,0.01,0.01031494140625,0.0,2026,2934260b14ff8516073acc1b9351f32e547939f9c5950b60f68ae37c51891790,hqs_round1,24.417227076888125,0.7220777222949623,0.34945838106796145,0.0026641900185495615
web_nju_xianlin_02,NJU_campus_web,web_nju_xianlin_02,test,0.01,0.01031494140625,0.0,2026,2934260b14ff8516073acc1b9351f32e547939f9c5950b60f68ae37c51891790,hqs_5000,24.58410947013774,0.727743022858143,0.3187790879746899,0.003569022286683321
web_nju_xianlin_02,NJU_campus_web,web_nju_xianlin_02,test,0.01,0.01031494140625,0.0,2026,2934260b14ff8516073acc1b9351f32e547939f9c5950b60f68ae37c51891790,hqs_10000,24.551426444081592,0.7240830411576559,0.3192679430358112,0.003532511880621314
web_nju_xianlin_02,NJU_campus_web,web_nju_xianlin_02,test,0.04,0.041259765625,0.0,2026,1539d1040118686e11f94bec33da696b605e566242c7d3a2f6ca2bac67abaff9,adjoint,23.763394660261916,0.4820383399546696,0.00020783301442861557,0.0024025680031627417
web_nju_xianlin_02,NJU_campus_web,web_nju_xianlin_02,test,0.04,0.041259765625,0.0,2026,1539d1040118686e11f94bec33da696b605e566242c7d3a2f6ca2bac67abaff9,fista_dct,23.41752741153669,0.4913566457166106,0.34500065399333835,0.0025762594304978848
web_nju_xianlin_02,NJU_campus_web,web_nju_xianlin_02,test,0.04,0.041259765625,0.0,2026,1539d1040118686e11f94bec33da696b605e566242c7d3a2f6ca2bac67abaff9,hqs,30.62502579642445,0.873468540916767,0.3191868090070784,0.002515906933695078
web_nju_xianlin_02,NJU_campus_web,web_nju_xianlin_02,test,0.04,0.041259765625,0.0,2026,1539d1040118686e11f94bec33da696b605e566242c7d3a2f6ca2bac67abaff9,admm,30.70423834760789,0.8727271681744456,0.31438441295176744,0.0036500131245702505
web_nju_xianlin_02,NJU_campus_web,web_nju_xianlin_02,test,0.04,0.041259765625,0.0,2026,1539d1040118686e11f94bec33da696b605e566242c7d3a2f6ca2bac67abaff9,hqs_round1,30.525977815103907,0.873571217047642,0.3162095450097695,0.002570193028077483
web_nju_xianlin_02,NJU_campus_web,web_nju_xianlin_02,test,0.04,0.041259765625,0.0,2026,1539d1040118686e11f94bec33da696b605e566242c7d3a2f6ca2bac67abaff9,hqs_5000,30.609208533849525,0.8738104617145955,0.3141743920277804,0.0029394810553640127
web_nju_xianlin_02,NJU_campus_web,web_nju_xianlin_02,test,0.04,0.041259765625,0.0,2026,1539d1040118686e11f94bec33da696b605e566242c7d3a2f6ca2bac67abaff9,hqs_10000,30.493220060232353,0.874997842674911,0.3199320510029793,0.002639446407556534
web_nju_xianlin_02,NJU_campus_web,web_nju_xianlin_02,test,0.1,0.1001129150390625,0.0,2026,3add738c3afa71bff3c12e04a782231c760ca6ca91d1c4ace9a84666c511b6b5,adjoint,25.606964214713038,0.5527909920588197,0.0002445180434733629,0.0029444736428558826
web_nju_xianlin_02,NJU_campus_web,web_nju_xianlin_02,test,0.1,0.1001129150390625,0.0,2026,3add738c3afa71bff3c12e04a782231c760ca6ca91d1c4ace9a84666c511b6b5,fista_dct,26.56136053961582,0.6081488005456105,0.3761263210326433,0.0009527165093459189
web_nju_xianlin_02,NJU_campus_web,web_nju_xianlin_02,test,0.1,0.1001129150390625,0.0,2026,3add738c3afa71bff3c12e04a782231c760ca6ca91d1c4ace9a84666c511b6b5,hqs,33.53504458360242,0.9245606331510544,0.31759664497803897,0.001977505860850215
web_nju_xianlin_02,NJU_campus_web,web_nju_xianlin_02,test,0.1,0.1001129150390625,0.0,2026,3add738c3afa71bff3c12e04a782231c760ca6ca91d1c4ace9a84666c511b6b5,admm,33.54443011662216,0.924106183186531,0.32447496394161135,0.002516198670491576
web_nju_xianlin_02,NJU_campus_web,web_nju_xianlin_02,test,0.1,0.1001129150390625,0.0,2026,3add738c3afa71bff3c12e04a782231c760ca6ca91d1c4ace9a84666c511b6b5,hqs_round1,33.61370150386569,0.9255152176818847,0.31385647505521774,0.0021006206516176462
web_nju_xianlin_02,NJU_campus_web,web_nju_xianlin_02,test,0.1,0.1001129150390625,0.0,2026,3add738c3afa71bff3c12e04a782231c760ca6ca91d1c4ace9a84666c511b6b5,hqs_5000,33.93654708562393,0.9273015148572922,0.31682635797187686,0.0024704867973923683
web_nju_xianlin_02,NJU_campus_web,web_nju_xianlin_02,test,0.1,0.1001129150390625,0.0,2026,3add738c3afa71bff3c12e04a782231c760ca6ca91d1c4ace9a84666c511b6b5,hqs_10000,33.87241984196437,0.9272287158060074,0.31865882594138384,0.002062427345663309
web_nju_xianlin_02,NJU_campus_web,web_nju_xianlin_02,test,0.25,0.25,0.0,2026,2554a2f505f7bce094bad515866b6cfc913052ad77fdebabc95f6b75f25e3aa9,adjoint,28.781022834717195,0.6824695955855065,0.00028630602173507214,0.0036105290055274963
web_nju_xianlin_02,NJU_campus_web,web_nju_xianlin_02,test,0.25,0.25,0.0,2026,2554a2f505f7bce094bad515866b6cfc913052ad77fdebabc95f6b75f25e3aa9,fista_dct,30.505887392470118,0.7982484583346844,0.39472212200053036,0.000942061364185065
web_nju_xianlin_02,NJU_campus_web,web_nju_xianlin_02,test,0.25,0.25,0.0,2026,2554a2f505f7bce094bad515866b6cfc913052ad77fdebabc95f6b75f25e3aa9,hqs,38.130783019250046,0.9667995986204148,0.32137385092210025,0.0012454413808882236
web_nju_xianlin_02,NJU_campus_web,web_nju_xianlin_02,test,0.25,0.25,0.0,2026,2554a2f505f7bce094bad515866b6cfc913052ad77fdebabc95f6b75f25e3aa9,admm,38.17837612064331,0.9668183019714356,0.32126569899264723,0.0015702856471762061
web_nju_xianlin_02,NJU_campus_web,web_nju_xianlin_02,test,0.25,0.25,0.0,2026,2554a2f505f7bce094bad515866b6cfc913052ad77fdebabc95f6b75f25e3aa9,hqs_round1,38.403387394557434,0.9674508194885254,0.3185365409590304,0.0014195740222930908
web_nju_xianlin_02,NJU_campus_web,web_nju_xianlin_02,test,0.25,0.25,0.0,2026,2554a2f505f7bce094bad515866b6cfc913052ad77fdebabc95f6b75f25e3aa9,hqs_5000,38.625474308540156,0.9685749071960449,0.31894229794852436,0.0015783030539751053
web_nju_xianlin_02,NJU_campus_web,web_nju_xianlin_02,test,0.25,0.25,0.0,2026,2554a2f505f7bce094bad515866b6cfc913052ad77fdebabc95f6b75f25e3aa9,hqs_10000,38.66903174919468,0.9687023681993484,0.3175245469901711,0.0013968442799523473
web_nju_xianlin_02,NJU_campus_web,web_nju_xianlin_02,test,0.5,0.4998931884765625,0.0,2026,cfe5aff5b0899a4c8d9e350f85da849a476f42f1d8ca247db4090105bd61b6ee,adjoint,32.238175582126956,0.8082550676617622,0.0004428799729794264,0.004689894150942564
web_nju_xianlin_02,NJU_campus_web,web_nju_xianlin_02,test,0.5,0.4998931884765625,0.0,2026,cfe5aff5b0899a4c8d9e350f85da849a476f42f1d8ca247db4090105bd61b6ee,fista_dct,34.075502367721796,0.8868848903779983,0.4683234649710357,0.001242237281985581
web_nju_xianlin_02,NJU_campus_web,web_nju_xianlin_02,test,0.5,0.4998931884765625,0.0,2026,cfe5aff5b0899a4c8d9e350f85da849a476f42f1d8ca247db4090105bd61b6ee,hqs,43.74537154800693,0.9878415032558441,0.3189747609430924,0.0008547629113309085
web_nju_xianlin_02,NJU_campus_web,web_nju_xianlin_02,test,0.5,0.4998931884765625,0.0,2026,cfe5aff5b0899a4c8d9e350f85da849a476f42f1d8ca247db4090105bd61b6ee,admm,43.71039968845462,0.9876971926517487,0.32023999199736863,0.0009869614150375128
web_nju_xianlin_02,NJU_campus_web,web_nju_xianlin_02,test,0.5,0.4998931884765625,0.0,2026,cfe5aff5b0899a4c8d9e350f85da849a476f42f1d8ca247db4090105bd61b6ee,hqs_round1,44.181483998825726,0.9889204772539139,0.31912524602375925,0.0012186617823317647
web_nju_xianlin_02,NJU_campus_web,web_nju_xianlin_02,test,0.5,0.4998931884765625,0.0,2026,cfe5aff5b0899a4c8d9e350f85da849a476f42f1d8ca247db4090105bd61b6ee,hqs_5000,44.31456850403126,0.9891509343299866,0.31898511899635196,0.0013443641364574432
web_nju_xianlin_02,NJU_campus_web,web_nju_xianlin_02,test,0.5,0.4998931884765625,0.0,2026,cfe5aff5b0899a4c8d9e350f85da849a476f42f1d8ca247db4090105bd61b6ee,hqs_10000,44.465780386548246,0.9893140979175568,0.32038930198177695,0.0012189712142571807
web_nju_xianlin_02,NJU_campus_web,web_nju_xianlin_02,test,0.1,0.1001129150390625,0.01,2026,b9ebcdceb8c153bb2a21a513be6220fae8bfea1ba7bb9589d83f2fe2399f08a2,adjoint,25.543657388533624,0.5477104871442381,0.0002437010407447815,0.002940652659162879
web_nju_xianlin_02,NJU_campus_web,web_nju_xianlin_02,test,0.1,0.1001129150390625,0.01,2026,b9ebcdceb8c153bb2a21a513be6220fae8bfea1ba7bb9589d83f2fe2399f08a2,fista_dct,26.41492241786741,0.5955868375010565,0.3705135619966313,0.0009256200864911079
web_nju_xianlin_02,NJU_campus_web,web_nju_xianlin_02,test,0.1,0.1001129150390625,0.01,2026,b9ebcdceb8c153bb2a21a513be6220fae8bfea1ba7bb9589d83f2fe2399f08a2,hqs,32.589651291390766,0.9024625693292618,0.3208691239124164,0.0016188046429306269
web_nju_xianlin_02,NJU_campus_web,web_nju_xianlin_02,test,0.1,0.1001129150390625,0.01,2026,b9ebcdceb8c153bb2a21a513be6220fae8bfea1ba7bb9589d83f2fe2399f08a2,admm,32.62758869997832,0.9072418345327378,0.3197416740003973,0.0025669673923403025
web_nju_xianlin_02,NJU_campus_web,web_nju_xianlin_02,test,0.1,0.1001129150390625,0.01,2026,b9ebcdceb8c153bb2a21a513be6220fae8bfea1ba7bb9589d83f2fe2399f08a2,hqs_round1,32.63448946154357,0.9053596506156921,0.3171209490392357,0.0017548614414408803
web_nju_xianlin_02,NJU_campus_web,web_nju_xianlin_02,test,0.1,0.1001129150390625,0.01,2026,b9ebcdceb8c153bb2a21a513be6220fae8bfea1ba7bb9589d83f2fe2399f08a2,hqs_5000,33.06707615474045,0.912736911849022,0.31870009703561664,0.006491709966212511
web_nju_xianlin_02,NJU_campus_web,web_nju_xianlin_02,test,0.1,0.1001129150390625,0.01,2026,b9ebcdceb8c153bb2a21a513be6220fae8bfea1ba7bb9589d83f2fe2399f08a2,hqs_10000,33.01043774124362,0.9127278416252136,0.31775647797621787,0.005917165894061327
web_nju_xianlin_02,NJU_campus_web,web_nju_xianlin_02,test,0.1,0.1001129150390625,0.01,2027,c4b50205909ee56badcaa903e8d49807fa4fe2c62e615b588506393e0e0f0b25,adjoint,25.541617936054536,0.5478359420885671,0.0002376539632678032,0.0029458198696374893
web_nju_xianlin_02,NJU_campus_web,web_nju_xianlin_02,test,0.1,0.1001129150390625,0.01,2027,c4b50205909ee56badcaa903e8d49807fa4fe2c62e615b588506393e0e0f0b25,fista_dct,26.45532861142723,0.600398389702449,0.3746908890316263,0.0009548366069793701
web_nju_xianlin_02,NJU_campus_web,web_nju_xianlin_02,test,0.1,0.1001129150390625,0.01,2027,c4b50205909ee56badcaa903e8d49807fa4fe2c62e615b588506393e0e0f0b25,hqs,32.540306213559354,0.9018629423856735,0.31924393598455936,0.0015782976988703012
web_nju_xianlin_02,NJU_campus_web,web_nju_xianlin_02,test,0.1,0.1001129150390625,0.01,2027,c4b50205909ee56badcaa903e8d49807fa4fe2c62e615b588506393e0e0f0b25,admm,32.61711117575585,0.9068935037093162,0.3179529899498448,0.0025899915490299463
web_nju_xianlin_02,NJU_campus_web,web_nju_xianlin_02,test,0.1,0.1001129150390625,0.01,2027,c4b50205909ee56badcaa903e8d49807fa4fe2c62e615b588506393e0e0f0b25,hqs_round1,32.632481531087755,0.9048934303159714,0.3201499779243022,0.0016979948850348592
web_nju_xianlin_02,NJU_campus_web,web_nju_xianlin_02,test,0.1,0.1001129150390625,0.01,2027,c4b50205909ee56badcaa903e8d49807fa4fe2c62e615b588506393e0e0f0b25,hqs_5000,33.055789312829425,0.9126616028137207,0.3194328029640019,0.006261552218347788
web_nju_xianlin_02,NJU_campus_web,web_nju_xianlin_02,test,0.1,0.1001129150390625,0.01,2027,c4b50205909ee56badcaa903e8d49807fa4fe2c62e615b588506393e0e0f0b25,hqs_10000,33.035780219813866,0.9127481380100251,0.3194739770842716,0.0053434064611792564
web_nju_xianlin_02,NJU_campus_web,web_nju_xianlin_02,test,0.1,0.1001129150390625,0.01,2028,c3c4820d74b0117b938d53405b230bf846067223ad0315efcdf1555168dbb08a,adjoint,25.543434719190987,0.5467916466863499,0.00021210592240095139,0.0029392288997769356
web_nju_xianlin_02,NJU_campus_web,web_nju_xianlin_02,test,0.1,0.1001129150390625,0.01,2028,c3c4820d74b0117b938d53405b230bf846067223ad0315efcdf1555168dbb08a,fista_dct,26.437189013888137,0.5974344791658484,0.3624311829917133,0.0009831455536186695
web_nju_xianlin_02,NJU_campus_web,web_nju_xianlin_02,test,0.1,0.1001129150390625,0.01,2028,c3c4820d74b0117b938d53405b230bf846067223ad0315efcdf1555168dbb08a,hqs,32.70666370657718,0.9038637089457512,0.3194394810125232,0.0015947987558320165
web_nju_xianlin_02,NJU_campus_web,web_nju_xianlin_02,test,0.1,0.1001129150390625,0.01,2028,c3c4820d74b0117b938d53405b230bf846067223ad0315efcdf1555168dbb08a,admm,32.791206026685785,0.9089846465396881,0.31734911701641977,0.0026628999039530754
web_nju_xianlin_02,NJU_campus_web,web_nju_xianlin_02,test,0.1,0.1001129150390625,0.01,2028,c3c4820d74b0117b938d53405b230bf846067223ad0315efcdf1555168dbb08a,hqs_round1,32.732411209775485,0.905841736978054,0.3222040079999715,0.0016946615651249886
web_nju_xianlin_02,NJU_campus_web,web_nju_xianlin_02,test,0.1,0.1001129150390625,0.01,2028,c3c4820d74b0117b938d53405b230bf846067223ad0315efcdf1555168dbb08a,hqs_5000,33.127918463023086,0.9124740841083526,0.32402909407392144,0.006373012438416481
web_nju_xianlin_02,NJU_campus_web,web_nju_xianlin_02,test,0.1,0.1001129150390625,0.01,2028,c3c4820d74b0117b938d53405b230bf846067223ad0315efcdf1555168dbb08a,hqs_10000,33.04630832690091,0.9123818268647194,0.3191821560030803,0.005930088460445404
web_nju_xianlin_02,NJU_campus_web,web_nju_xianlin_02,test,0.1,0.1001129150390625,0.05,2026,496a80b39c4113dbf399267de7d44318dcb845573248c6ba08df5ee798f40315,adjoint,24.263241189228623,0.45518298931567464,0.0001912530278787017,0.0032938329968601465
web_nju_xianlin_02,NJU_campus_web,web_nju_xianlin_02,test,0.1,0.1001129150390625,0.05,2026,496a80b39c4113dbf399267de7d44318dcb845573248c6ba08df5ee798f40315,fista_dct,24.1513209779901,0.442015666096446,0.35027891502249986,0.0031239453237503767
web_nju_xianlin_02,NJU_campus_web,web_nju_xianlin_02,test,0.1,0.1001129150390625,0.05,2026,496a80b39c4113dbf399267de7d44318dcb845573248c6ba08df5ee798f40315,hqs,27.257605424632807,0.63011153195283,0.3201122429454699,0.002222472568973899
web_nju_xianlin_02,NJU_campus_web,web_nju_xianlin_02,test,0.1,0.1001129150390625,0.05,2026,496a80b39c4113dbf399267de7d44318dcb845573248c6ba08df5ee798f40315,admm,27.493329104300482,0.6414855675207116,0.32356298400554806,0.0033587918151170015
web_nju_xianlin_02,NJU_campus_web,web_nju_xianlin_02,test,0.1,0.1001129150390625,0.05,2026,496a80b39c4113dbf399267de7d44318dcb845573248c6ba08df5ee798f40315,hqs_round1,27.21172352732222,0.6385051813730709,0.3188433019677177,0.002346582943573594
web_nju_xianlin_02,NJU_campus_web,web_nju_xianlin_02,test,0.1,0.1001129150390625,0.05,2026,496a80b39c4113dbf399267de7d44318dcb845573248c6ba08df5ee798f40315,hqs_5000,30.17045550461748,0.8546632799372971,0.32114774896763265,0.042379021644592285
web_nju_xianlin_02,NJU_campus_web,web_nju_xianlin_02,test,0.1,0.1001129150390625,0.05,2026,496a80b39c4113dbf399267de7d44318dcb845573248c6ba08df5ee798f40315,hqs_10000,30.190189443587478,0.8560586393021541,0.31896409089677036,0.04298941045999527
web_nju_xianlin_02,NJU_campus_web,web_nju_xianlin_02,test,0.1,0.1001129150390625,0.05,2027,0ddabb6bf1a996b3c1d523c45b446aff483e192837de4410b0318fd1ae7273c0,adjoint,24.236755354798163,0.4552008937732561,0.0002158009447157383,0.0031819709111005068
web_nju_xianlin_02,NJU_campus_web,web_nju_xianlin_02,test,0.1,0.1001129150390625,0.05,2027,0ddabb6bf1a996b3c1d523c45b446aff483e192837de4410b0318fd1ae7273c0,fista_dct,24.190143318597457,0.4493806398306547,0.35326017101760954,0.0026394398882985115
web_nju_xianlin_02,NJU_campus_web,web_nju_xianlin_02,test,0.1,0.1001129150390625,0.05,2027,0ddabb6bf1a996b3c1d523c45b446aff483e192837de4410b0318fd1ae7273c0,hqs,27.16707364535841,0.6294692057653256,0.32242245704401284,0.00218421733006835
web_nju_xianlin_02,NJU_campus_web,web_nju_xianlin_02,test,0.1,0.1001129150390625,0.05,2027,0ddabb6bf1a996b3c1d523c45b446aff483e192837de4410b0318fd1ae7273c0,admm,27.355874184185993,0.6366973518072013,0.32009308808483183,0.002936852164566517
web_nju_xianlin_02,NJU_campus_web,web_nju_xianlin_02,test,0.1,0.1001129150390625,0.05,2027,0ddabb6bf1a996b3c1d523c45b446aff483e192837de4410b0318fd1ae7273c0,hqs_round1,27.149466319763107,0.6369418704858408,0.3213080569403246,0.0021573894191533327
web_nju_xianlin_02,NJU_campus_web,web_nju_xianlin_02,test,0.1,0.1001129150390625,0.05,2027,0ddabb6bf1a996b3c1d523c45b446aff483e192837de4410b0318fd1ae7273c0,hqs_5000,30.12798417183753,0.8529345187249183,0.3224846860393882,0.041738130152225494
web_nju_xianlin_02,NJU_campus_web,web_nju_xianlin_02,test,0.1,0.1001129150390625,0.05,2027,0ddabb6bf1a996b3c1d523c45b446aff483e192837de4410b0318fd1ae7273c0,hqs_10000,30.14608638523208,0.8548249276914001,0.320440866984427,0.042517226189374924
web_nju_xianlin_02,NJU_campus_web,web_nju_xianlin_02,test,0.1,0.1001129150390625,0.05,2028,48352d76bbc8b971ed1f7526683b44ab85557571e6b759c6895d956d70147ee8,adjoint,24.266658607861373,0.45309593917635127,0.0002115160459652543,0.003190831048414111
web_nju_xianlin_02,NJU_campus_web,web_nju_xianlin_02,test,0.1,0.1001129150390625,0.05,2028,48352d76bbc8b971ed1f7526683b44ab85557571e6b759c6895d956d70147ee8,fista_dct,24.18632120960149,0.4453037679982822,0.3530367800267413,0.002704078331589699
web_nju_xianlin_02,NJU_campus_web,web_nju_xianlin_02,test,0.1,0.1001129150390625,0.05,2028,48352d76bbc8b971ed1f7526683b44ab85557571e6b759c6895d956d70147ee8,hqs,27.273933061824774,0.6312375412795282,0.3213063199073076,0.002219490008428693
web_nju_xianlin_02,NJU_campus_web,web_nju_xianlin_02,test,0.1,0.1001129150390625,0.05,2028,48352d76bbc8b971ed1f7526683b44ab85557571e6b759c6895d956d70147ee8,admm,27.48029590478707,0.6446511306012869,0.3218060949584469,0.0031935509759932756
web_nju_xianlin_02,NJU_campus_web,web_nju_xianlin_02,test,0.1,0.1001129150390625,0.05,2028,48352d76bbc8b971ed1f7526683b44ab85557571e6b759c6895d956d70147ee8,hqs_round1,27.249702884599024,0.6392561771428976,0.31945017992984504,0.002288292394950986
web_nju_xianlin_02,NJU_campus_web,web_nju_xianlin_02,test,0.1,0.1001129150390625,0.05,2028,48352d76bbc8b971ed1f7526683b44ab85557571e6b759c6895d956d70147ee8,hqs_5000,30.17745694770751,0.8519059888933822,0.32994351896923035,0.04105648025870323
web_nju_xianlin_02,NJU_campus_web,web_nju_xianlin_02,test,0.1,0.1001129150390625,0.05,2028,48352d76bbc8b971ed1f7526683b44ab85557571e6b759c6895d956d70147ee8,hqs_10000,30.16540301669544,0.853732287536949,0.3213133739773184,0.04207969084382057
web_nju_xianlin_03,NJU_campus_web,web_nju_xianlin_03,test,0.01,0.01031494140625,0.0,2026,eac2b2bfd05c76346684d1ae55a0784789204f45ebceed4ac5ee6d12f08c4a0d,adjoint,21.221337719952537,0.34120032856958804,0.00013327097985893488,0.0021930409129709005
web_nju_xianlin_03,NJU_campus_web,web_nju_xianlin_03,test,0.01,0.01031494140625,0.0,2026,eac2b2bfd05c76346684d1ae55a0784789204f45ebceed4ac5ee6d12f08c4a0d,fista_dct,21.815517847548062,0.43504049702957465,0.32029091694857925,0.0006574040744453669
web_nju_xianlin_03,NJU_campus_web,web_nju_xianlin_03,test,0.01,0.01031494140625,0.0,2026,eac2b2bfd05c76346684d1ae55a0784789204f45ebceed4ac5ee6d12f08c4a0d,hqs,22.846150448041698,0.5213631494269414,0.31573843595106155,0.002913739765062928
web_nju_xianlin_03,NJU_campus_web,web_nju_xianlin_03,test,0.01,0.01031494140625,0.0,2026,eac2b2bfd05c76346684d1ae55a0784789204f45ebceed4ac5ee6d12f08c4a0d,admm,22.798982228211024,0.5147333225547598,0.3154218379640952,0.0038506879936903715
web_nju_xianlin_03,NJU_campus_web,web_nju_xianlin_03,test,0.01,0.01031494140625,0.0,2026,eac2b2bfd05c76346684d1ae55a0784789204f45ebceed4ac5ee6d12f08c4a0d,hqs_round1,22.810298895788264,0.5193843794912083,0.317184902029112,0.0027779070660471916
web_nju_xianlin_03,NJU_campus_web,web_nju_xianlin_03,test,0.01,0.01031494140625,0.0,2026,eac2b2bfd05c76346684d1ae55a0784789204f45ebceed4ac5ee6d12f08c4a0d,hqs_5000,22.98362230838,0.526732716555354,0.3142986820312217,0.005589165259152651
web_nju_xianlin_03,NJU_campus_web,web_nju_xianlin_03,test,0.01,0.01031494140625,0.0,2026,eac2b2bfd05c76346684d1ae55a0784789204f45ebceed4ac5ee6d12f08c4a0d,hqs_10000,22.962810038383207,0.5264145827467962,0.318225878989324,0.0038569069001823664
web_nju_xianlin_03,NJU_campus_web,web_nju_xianlin_03,test,0.04,0.041259765625,0.0,2026,f00e87f508ed7309ab9d76fa1e29c05487c330e00d96f30a02a3b6a53bca4909,adjoint,22.883606926088582,0.468255876036133,0.00018251105211675167,0.0031559402123093605
web_nju_xianlin_03,NJU_campus_web,web_nju_xianlin_03,test,0.04,0.041259765625,0.0,2026,f00e87f508ed7309ab9d76fa1e29c05487c330e00d96f30a02a3b6a53bca4909,fista_dct,23.411328794688515,0.5249248070289266,0.3302916750544682,0.001984189497306943
web_nju_xianlin_03,NJU_campus_web,web_nju_xianlin_03,test,0.04,0.041259765625,0.0,2026,f00e87f508ed7309ab9d76fa1e29c05487c330e00d96f30a02a3b6a53bca4909,hqs,25.275772425065774,0.7236526642272184,0.3168743159621954,0.0036911789793521166
web_nju_xianlin_03,NJU_campus_web,web_nju_xianlin_03,test,0.04,0.041259765625,0.0,2026,f00e87f508ed7309ab9d76fa1e29c05487c330e00d96f30a02a3b6a53bca4909,admm,25.211106416309867,0.7183889457764896,0.3171182799851522,0.004801553208380938
web_nju_xianlin_03,NJU_campus_web,web_nju_xianlin_03,test,0.04,0.041259765625,0.0,2026,f00e87f508ed7309ab9d76fa1e29c05487c330e00d96f30a02a3b6a53bca4909,hqs_round1,25.278090253754286,0.7243874594420158,0.3149702049558982,0.0037858295254409313
web_nju_xianlin_03,NJU_campus_web,web_nju_xianlin_03,test,0.04,0.041259765625,0.0,2026,f00e87f508ed7309ab9d76fa1e29c05487c330e00d96f30a02a3b6a53bca4909,hqs_5000,25.305722513914443,0.7237423395297834,0.31653402792289853,0.004191288258880377
web_nju_xianlin_03,NJU_campus_web,web_nju_xianlin_03,test,0.04,0.041259765625,0.0,2026,f00e87f508ed7309ab9d76fa1e29c05487c330e00d96f30a02a3b6a53bca4909,hqs_10000,25.378477129656144,0.7294494834050667,0.31660414999350905,0.0030963625758886337
web_nju_xianlin_03,NJU_campus_web,web_nju_xianlin_03,test,0.1,0.1001129150390625,0.0,2026,b1807368f1190a5d6a568ea16c00ec69582202c6889c088fa3cae41ad845d91a,adjoint,24.34983766922571,0.5827533731799107,0.00017221295274794102,0.003191765397787094
web_nju_xianlin_03,NJU_campus_web,web_nju_xianlin_03,test,0.1,0.1001129150390625,0.0,2026,b1807368f1190a5d6a568ea16c00ec69582202c6889c088fa3cae41ad845d91a,fista_dct,24.827702446261767,0.6236598121990024,0.3687123709823936,0.002036308404058218
web_nju_xianlin_03,NJU_campus_web,web_nju_xianlin_03,test,0.1,0.1001129150390625,0.0,2026,b1807368f1190a5d6a568ea16c00ec69582202c6889c088fa3cae41ad845d91a,hqs,28.185176231823906,0.8611919881675542,0.31977130693849176,0.0032430917490273714
web_nju_xianlin_03,NJU_campus_web,web_nju_xianlin_03,test,0.1,0.1001129150390625,0.0,2026,b1807368f1190a5d6a568ea16c00ec69582202c6889c088fa3cae41ad845d91a,admm,28.259808389577508,0.8618009337628036,0.3148233259562403,0.004251640755683184
web_nju_xianlin_03,NJU_campus_web,web_nju_xianlin_03,test,0.1,0.1001129150390625,0.0,2026,b1807368f1190a5d6a568ea16c00ec69582202c6889c088fa3cae41ad845d91a,hqs_round1,28.306310976176718,0.8638775314103961,0.3155826049624011,0.0034429789520800114
web_nju_xianlin_03,NJU_campus_web,web_nju_xianlin_03,test,0.1,0.1001129150390625,0.0,2026,b1807368f1190a5d6a568ea16c00ec69582202c6889c088fa3cae41ad845d91a,hqs_5000,28.363160480896372,0.8636210582650602,0.31903312006033957,0.004362216219305992
web_nju_xianlin_03,NJU_campus_web,web_nju_xianlin_03,test,0.1,0.1001129150390625,0.0,2026,b1807368f1190a5d6a568ea16c00ec69582202c6889c088fa3cae41ad845d91a,hqs_10000,28.434491617075253,0.8666000913903713,0.31494502699933946,0.003323874669149518
web_nju_xianlin_03,NJU_campus_web,web_nju_xianlin_03,test,0.25,0.25,0.0,2026,8519e93793da10eb532d308f8b860f7eb2c1949fbec55dcabb00580657c836db,adjoint,26.842475125091482,0.7258366089398377,0.0002865090500563383,0.0037605350371450186
web_nju_xianlin_03,NJU_campus_web,web_nju_xianlin_03,test,0.25,0.25,0.0,2026,8519e93793da10eb532d308f8b860f7eb2c1949fbec55dcabb00580657c836db,fista_dct,27.370478848685163,0.7591672664207816,0.39861338294576854,0.0015809334581717849
web_nju_xianlin_03,NJU_campus_web,web_nju_xianlin_03,test,0.25,0.25,0.0,2026,8519e93793da10eb532d308f8b860f7eb2c1949fbec55dcabb00580657c836db,hqs,32.855524259622364,0.9478524962232113,0.31879467505495995,0.0023163396399468184
web_nju_xianlin_03,NJU_campus_web,web_nju_xianlin_03,test,0.25,0.25,0.0,2026,8519e93793da10eb532d308f8b860f7eb2c1949fbec55dcabb00580657c836db,admm,32.94788648268834,0.9484258201436997,0.31745327496901155,0.0027709060814231634
web_nju_xianlin_03,NJU_campus_web,web_nju_xianlin_03,test,0.25,0.25,0.0,2026,8519e93793da10eb532d308f8b860f7eb2c1949fbec55dcabb00580657c836db,hqs_round1,33.02773013971865,0.9492811094005108,0.3185159240383655,0.00266355206258595
web_nju_xianlin_03,NJU_campus_web,web_nju_xianlin_03,test,0.25,0.25,0.0,2026,8519e93793da10eb532d308f8b860f7eb2c1949fbec55dcabb00580657c836db,hqs_5000,33.163137344964156,0.950223208832264,0.31528195703867823,0.0030676014721393585
web_nju_xianlin_03,NJU_campus_web,web_nju_xianlin_03,test,0.25,0.25,0.0,2026,8519e93793da10eb532d308f8b860f7eb2c1949fbec55dcabb00580657c836db,hqs_10000,33.20823286450097,0.9507568780479431,0.31600666302256286,0.002851674798876047
web_nju_xianlin_03,NJU_campus_web,web_nju_xianlin_03,test,0.5,0.4998931884765625,0.0,2026,291d96677346dada7b6c3969f5387f3daa38f206159a6543736a6c6201c41858,adjoint,29.80539966656277,0.8315877974443435,0.00033605098724365234,0.004750012885779142
web_nju_xianlin_03,NJU_campus_web,web_nju_xianlin_03,test,0.5,0.4998931884765625,0.0,2026,291d96677346dada7b6c3969f5387f3daa38f206159a6543736a6c6201c41858,fista_dct,30.72006947483777,0.8696950781571865,0.4291252540424466,0.0013812646502628922
web_nju_xianlin_03,NJU_campus_web,web_nju_xianlin_03,test,0.5,0.4998931884765625,0.0,2026,291d96677346dada7b6c3969f5387f3daa38f206159a6543736a6c6201c41858,hqs,38.592353177610136,0.9838778420753479,0.3167895330116153,0.0016984776593744755
web_nju_xianlin_03,NJU_campus_web,web_nju_xianlin_03,test,0.5,0.4998931884765625,0.0,2026,291d96677346dada7b6c3969f5387f3daa38f206159a6543736a6c6201c41858,admm,38.6384519062466,0.9838294976367951,0.3232325629796833,0.0022016807924956083
web_nju_xianlin_03,NJU_campus_web,web_nju_xianlin_03,test,0.5,0.4998931884765625,0.0,2026,291d96677346dada7b6c3969f5387f3daa38f206159a6543736a6c6201c41858,hqs_round1,38.83088417803194,0.9845342309703827,0.3170766349649057,0.002154260640963912
web_nju_xianlin_03,NJU_campus_web,web_nju_xianlin_03,test,0.5,0.4998931884765625,0.0,2026,291d96677346dada7b6c3969f5387f3daa38f206159a6543736a6c6201c41858,hqs_5000,38.99605980689774,0.984778692445755,0.3163333360571414,0.0023486169520765543
web_nju_xianlin_03,NJU_campus_web,web_nju_xianlin_03,test,0.5,0.4998931884765625,0.0,2026,291d96677346dada7b6c3969f5387f3daa38f206159a6543736a6c6201c41858,hqs_10000,39.02910655128932,0.984818409204483,0.31608778599184006,0.0025447995867580175
web_nju_xianlin_03,NJU_campus_web,web_nju_xianlin_03,test,0.1,0.1001129150390625,0.01,2026,68d4a52f8b6ec6bc58ce293fca794cef7b33d6c455a89a1661c97f3d269bc93e,adjoint,24.305791700706266,0.5795649916893335,0.00021057995036244392,0.003235597861930728
web_nju_xianlin_03,NJU_campus_web,web_nju_xianlin_03,test,0.1,0.1001129150390625,0.01,2026,68d4a52f8b6ec6bc58ce293fca794cef7b33d6c455a89a1661c97f3d269bc93e,fista_dct,24.717340930258512,0.6149549918060205,0.3512870189733803,0.0024295763578265905
web_nju_xianlin_03,NJU_campus_web,web_nju_xianlin_03,test,0.1,0.1001129150390625,0.01,2026,68d4a52f8b6ec6bc58ce293fca794cef7b33d6c455a89a1661c97f3d269bc93e,hqs,27.83842532972141,0.8490467306816131,0.3195694540627301,0.003251788206398487
web_nju_xianlin_03,NJU_campus_web,web_nju_xianlin_03,test,0.1,0.1001129150390625,0.01,2026,68d4a52f8b6ec6bc58ce293fca794cef7b33d6c455a89a1661c97f3d269bc93e,admm,27.909286635284513,0.8508627853079215,0.31526348006445915,0.004545253235846758
web_nju_xianlin_03,NJU_campus_web,web_nju_xianlin_03,test,0.1,0.1001129150390625,0.01,2026,68d4a52f8b6ec6bc58ce293fca794cef7b33d6c455a89a1661c97f3d269bc93e,hqs_round1,27.8452597026633,0.8499853008212,0.3162576399045065,0.0034516407176852226
web_nju_xianlin_03,NJU_campus_web,web_nju_xianlin_03,test,0.1,0.1001129150390625,0.01,2026,68d4a52f8b6ec6bc58ce293fca794cef7b33d6c455a89a1661c97f3d269bc93e,hqs_5000,27.947212239192826,0.8505624544970989,0.31870158202946186,0.005791341885924339
web_nju_xianlin_03,NJU_campus_web,web_nju_xianlin_03,test,0.1,0.1001129150390625,0.01,2026,68d4a52f8b6ec6bc58ce293fca794cef7b33d6c455a89a1661c97f3d269bc93e,hqs_10000,28.033758771815627,0.8537998241188526,0.3164197780424729,0.00508738961070776
web_nju_xianlin_03,NJU_campus_web,web_nju_xianlin_03,test,0.1,0.1001129150390625,0.01,2027,37b62c788c7538b0eec279c29c1594dde0845483398bd4030e896dcf76210172,adjoint,24.306687461451283,0.5798796346423859,0.0001861469354480505,0.0032198051922023296
web_nju_xianlin_03,NJU_campus_web,web_nju_xianlin_03,test,0.1,0.1001129150390625,0.01,2027,37b62c788c7538b0eec279c29c1594dde0845483398bd4030e896dcf76210172,fista_dct,24.712430271078656,0.6149445220752289,0.3918389029568061,0.002401403384283185
web_nju_xianlin_03,NJU_campus_web,web_nju_xianlin_03,test,0.1,0.1001129150390625,0.01,2027,37b62c788c7538b0eec279c29c1594dde0845483398bd4030e896dcf76210172,hqs,27.875078153740596,0.8499708781000972,0.3266749840695411,0.003153915051370859
web_nju_xianlin_03,NJU_campus_web,web_nju_xianlin_03,test,0.1,0.1001129150390625,0.01,2027,37b62c788c7538b0eec279c29c1594dde0845483398bd4030e896dcf76210172,admm,27.929290234421885,0.8511497328340113,0.3255789300892502,0.0045441449619829655
web_nju_xianlin_03,NJU_campus_web,web_nju_xianlin_03,test,0.1,0.1001129150390625,0.01,2027,37b62c788c7538b0eec279c29c1594dde0845483398bd4030e896dcf76210172,hqs_round1,27.880910845254995,0.8508630923580826,0.32211831596214324,0.0033218380995094776
web_nju_xianlin_03,NJU_campus_web,web_nju_xianlin_03,test,0.1,0.1001129150390625,0.01,2027,37b62c788c7538b0eec279c29c1594dde0845483398bd4030e896dcf76210172,hqs_5000,27.94947345800245,0.8505255210977196,0.3360271390993148,0.005522689316421747
web_nju_xianlin_03,NJU_campus_web,web_nju_xianlin_03,test,0.1,0.1001129150390625,0.01,2027,37b62c788c7538b0eec279c29c1594dde0845483398bd4030e896dcf76210172,hqs_10000,28.037351129237678,0.8539903049659133,0.32990360097028315,0.00466697383671999
web_nju_xianlin_03,NJU_campus_web,web_nju_xianlin_03,test,0.1,0.1001129150390625,0.01,2028,831ce53ba612b1a80a29632a2cbbf9923352b6d844bf98c762f7d9b81458614a,adjoint,24.30651294095171,0.5789702744393078,0.0002438990632072091,0.003213051473721862
web_nju_xianlin_03,NJU_campus_web,web_nju_xianlin_03,test,0.1,0.1001129150390625,0.01,2028,831ce53ba612b1a80a29632a2cbbf9923352b6d844bf98c762f7d9b81458614a,fista_dct,24.738742664519147,0.6163619553568591,0.3873043939238414,0.002366619650274515
web_nju_xianlin_03,NJU_campus_web,web_nju_xianlin_03,test,0.1,0.1001129150390625,0.01,2028,831ce53ba612b1a80a29632a2cbbf9923352b6d844bf98c762f7d9b81458614a,hqs,27.876875264869327,0.8508574473608732,0.32368393905926496,0.003028426319360733
web_nju_xianlin_03,NJU_campus_web,web_nju_xianlin_03,test,0.1,0.1001129150390625,0.01,2028,831ce53ba612b1a80a29632a2cbbf9923352b6d844bf98c762f7d9b81458614a,admm,27.94883300927004,0.8527155179969073,0.34307518193963915,0.004388940986245871
web_nju_xianlin_03,NJU_campus_web,web_nju_xianlin_03,test,0.1,0.1001129150390625,0.01,2028,831ce53ba612b1a80a29632a2cbbf9923352b6d844bf98c762f7d9b81458614a,hqs_round1,27.884705339868518,0.8514712959575802,0.3274202619213611,0.00320238433778286
web_nju_xianlin_03,NJU_campus_web,web_nju_xianlin_03,test,0.1,0.1001129150390625,0.01,2028,831ce53ba612b1a80a29632a2cbbf9923352b6d844bf98c762f7d9b81458614a,hqs_5000,27.975426055882604,0.8507887225232125,0.3209965479327366,0.005605408456176519
web_nju_xianlin_03,NJU_campus_web,web_nju_xianlin_03,test,0.1,0.1001129150390625,0.01,2028,831ce53ba612b1a80a29632a2cbbf9923352b6d844bf98c762f7d9b81458614a,hqs_10000,28.070561606536863,0.8546307264066935,0.32355788291897625,0.004829468671232462
web_nju_xianlin_03,NJU_campus_web,web_nju_xianlin_03,test,0.1,0.1001129150390625,0.05,2026,cdaf7302995d9b0907542114462af65f792989446e90c6cfb2b8311ff694baec,adjoint,23.37789560513208,0.5166538151039134,0.0002312300493940711,0.004556728061288595
web_nju_xianlin_03,NJU_campus_web,web_nju_xianlin_03,test,0.1,0.1001129150390625,0.05,2026,cdaf7302995d9b0907542114462af65f792989446e90c6cfb2b8311ff694baec,fista_dct,23.184001201573516,0.5122891667643599,0.41657790704630315,0.006852816324681044
web_nju_xianlin_03,NJU_campus_web,web_nju_xianlin_03,test,0.1,0.1001129150390625,0.05,2026,cdaf7302995d9b0907542114462af65f792989446e90c6cfb2b8311ff694baec,hqs,24.82747866651705,0.6769869163446298,0.3233444729121402,0.003640325739979744
web_nju_xianlin_03,NJU_campus_web,web_nju_xianlin_03,test,0.1,0.1001129150390625,0.05,2026,cdaf7302995d9b0907542114462af65f792989446e90c6cfb2b8311ff694baec,admm,24.917458876828704,0.6839815754194529,0.33996774803381413,0.003805645741522312
web_nju_xianlin_03,NJU_campus_web,web_nju_xianlin_03,test,0.1,0.1001129150390625,0.05,2026,cdaf7302995d9b0907542114462af65f792989446e90c6cfb2b8311ff694baec,hqs_round1,24.752614310728028,0.6764916178958863,0.3178042699582875,0.003233945230022073
web_nju_xianlin_03,NJU_campus_web,web_nju_xianlin_03,test,0.1,0.1001129150390625,0.05,2026,cdaf7302995d9b0907542114462af65f792989446e90c6cfb2b8311ff694baec,hqs_5000,25.74883823386758,0.748439204157807,0.34338155295699835,0.033817894756793976
web_nju_xianlin_03,NJU_campus_web,web_nju_xianlin_03,test,0.1,0.1001129150390625,0.05,2026,cdaf7302995d9b0907542114462af65f792989446e90c6cfb2b8311ff694baec,hqs_10000,25.80916247951885,0.7562223717881889,0.32364385307300836,0.036098625510931015
web_nju_xianlin_03,NJU_campus_web,web_nju_xianlin_03,test,0.1,0.1001129150390625,0.05,2027,e3c31090c53acf7def027d0c0547a4c49b20630a720323a4f130dada8055c8ee,adjoint,23.39562492309693,0.5189408845257226,0.00023326510563492775,0.004447750747203827
web_nju_xianlin_03,NJU_campus_web,web_nju_xianlin_03,test,0.1,0.1001129150390625,0.05,2027,e3c31090c53acf7def027d0c0547a4c49b20630a720323a4f130dada8055c8ee,fista_dct,23.148940661739527,0.5114488157046324,0.3834155750228092,0.0055685280822217464
web_nju_xianlin_03,NJU_campus_web,web_nju_xianlin_03,test,0.1,0.1001129150390625,0.05,2027,e3c31090c53acf7def027d0c0547a4c49b20630a720323a4f130dada8055c8ee,hqs,24.898028387075183,0.6751467891399693,0.3206551510374993,0.0026734385173767805
web_nju_xianlin_03,NJU_campus_web,web_nju_xianlin_03,test,0.1,0.1001129150390625,0.05,2027,e3c31090c53acf7def027d0c0547a4c49b20630a720323a4f130dada8055c8ee,admm,24.949988743122923,0.6806740481791841,0.327159023960121,0.00332132400944829
web_nju_xianlin_03,NJU_campus_web,web_nju_xianlin_03,test,0.1,0.1001129150390625,0.05,2027,e3c31090c53acf7def027d0c0547a4c49b20630a720323a4f130dada8055c8ee,hqs_round1,24.843964085067718,0.6763730707814044,0.33239644998684525,0.002322995802387595
web_nju_xianlin_03,NJU_campus_web,web_nju_xianlin_03,test,0.1,0.1001129150390625,0.05,2027,e3c31090c53acf7def027d0c0547a4c49b20630a720323a4f130dada8055c8ee,hqs_5000,25.781263685197267,0.7508164136409294,0.3248222480760887,0.03175992891192436
web_nju_xianlin_03,NJU_campus_web,web_nju_xianlin_03,test,0.1,0.1001129150390625,0.05,2027,e3c31090c53acf7def027d0c0547a4c49b20630a720323a4f130dada8055c8ee,hqs_10000,25.83963068620788,0.7580220122793261,0.32618335203733295,0.03443334624171257
web_nju_xianlin_03,NJU_campus_web,web_nju_xianlin_03,test,0.1,0.1001129150390625,0.05,2028,d257d2995a4c6218f2a4dd69d7197b1ad5e2f2a9bc500f980810bbe740333151,adjoint,23.393365759228494,0.515153112127869,0.00027454306837171316,0.004359717480838299
web_nju_xianlin_03,NJU_campus_web,web_nju_xianlin_03,test,0.1,0.1001129150390625,0.05,2028,d257d2995a4c6218f2a4dd69d7197b1ad5e2f2a9bc500f980810bbe740333151,fista_dct,23.229012295928243,0.5112762260572903,0.38364994106814265,0.005894158035516739
web_nju_xianlin_03,NJU_campus_web,web_nju_xianlin_03,test,0.1,0.1001129150390625,0.05,2028,d257d2995a4c6218f2a4dd69d7197b1ad5e2f2a9bc500f980810bbe740333151,hqs,24.93413155328237,0.6777155318331337,0.32930035807657987,0.0024855348747223616
web_nju_xianlin_03,NJU_campus_web,web_nju_xianlin_03,test,0.1,0.1001129150390625,0.05,2028,d257d2995a4c6218f2a4dd69d7197b1ad5e2f2a9bc500f980810bbe740333151,admm,25.01215243565573,0.6885084286034889,0.3233497350011021,0.003438685555011034
web_nju_xianlin_03,NJU_campus_web,web_nju_xianlin_03,test,0.1,0.1001129150390625,0.05,2028,d257d2995a4c6218f2a4dd69d7197b1ad5e2f2a9bc500f980810bbe740333151,hqs_round1,24.87583595846241,0.6786905033195131,0.3207413370255381,0.0022548784036189318
web_nju_xianlin_03,NJU_campus_web,web_nju_xianlin_03,test,0.1,0.1001129150390625,0.05,2028,d257d2995a4c6218f2a4dd69d7197b1ad5e2f2a9bc500f980810bbe740333151,hqs_5000,25.839848783441273,0.7520797789364904,0.32098518102429807,0.03332407772541046
web_nju_xianlin_03,NJU_campus_web,web_nju_xianlin_03,test,0.1,0.1001129150390625,0.05,2028,d257d2995a4c6218f2a4dd69d7197b1ad5e2f2a9bc500f980810bbe740333151,hqs_10000,25.856867311794957,0.7562350695971959,0.3239445670042187,0.03507287800312042
web_nju_xianlin_04,NJU_campus_web,web_nju_xianlin_04,test,0.01,0.01031494140625,0.0,2026,a8d95ae44e4e084113f1b341a4c0f6e9403ca8baf98e56d331ff4d3a8378d27f,adjoint,19.41155798807247,0.3180784252926211,0.00015907001215964556,0.0018442689906805754
web_nju_xianlin_04,NJU_campus_web,web_nju_xianlin_04,test,0.01,0.01031494140625,0.0,2026,a8d95ae44e4e084113f1b341a4c0f6e9403ca8baf98e56d331ff4d3a8378d27f,fista_dct,20.11105832770021,0.4007284817821784,0.3259021390695125,0.0002325679815839976
web_nju_xianlin_04,NJU_campus_web,web_nju_xianlin_04,test,0.01,0.01031494140625,0.0,2026,a8d95ae44e4e084113f1b341a4c0f6e9403ca8baf98e56d331ff4d3a8378d27f,hqs,21.76130965040635,0.5068154834807576,0.332863304996863,0.006315526086837053
web_nju_xianlin_04,NJU_campus_web,web_nju_xianlin_04,test,0.01,0.01031494140625,0.0,2026,a8d95ae44e4e084113f1b341a4c0f6e9403ca8baf98e56d331ff4d3a8378d27f,admm,21.719392306183423,0.5030547140968595,0.33146593102719635,0.0074713751673698425
web_nju_xianlin_04,NJU_campus_web,web_nju_xianlin_04,test,0.01,0.01031494140625,0.0,2026,a8d95ae44e4e084113f1b341a4c0f6e9403ca8baf98e56d331ff4d3a8378d27f,hqs_round1,21.717661282314698,0.5043357629241109,0.32271186902653426,0.005829667206853628
web_nju_xianlin_04,NJU_campus_web,web_nju_xianlin_04,test,0.01,0.01031494140625,0.0,2026,a8d95ae44e4e084113f1b341a4c0f6e9403ca8baf98e56d331ff4d3a8378d27f,hqs_5000,21.794931270853834,0.5093636974055112,0.32330711698159575,0.009323449805378914
web_nju_xianlin_04,NJU_campus_web,web_nju_xianlin_04,test,0.01,0.01031494140625,0.0,2026,a8d95ae44e4e084113f1b341a4c0f6e9403ca8baf98e56d331ff4d3a8378d27f,hqs_10000,22.01232951587358,0.5198852465059879,0.32123084203340113,0.008078479208052158
web_nju_xianlin_04,NJU_campus_web,web_nju_xianlin_04,test,0.04,0.041259765625,0.0,2026,18685253a0c8f77dd4abe144219e65d32e0adcf2d9b03fa5fdcaa08fd7b38a72,adjoint,21.7059673049288,0.466348351422684,0.0001935199834406376,0.002448751823976636
web_nju_xianlin_04,NJU_campus_web,web_nju_xianlin_04,test,0.04,0.041259765625,0.0,2026,18685253a0c8f77dd4abe144219e65d32e0adcf2d9b03fa5fdcaa08fd7b38a72,fista_dct,22.602858555875407,0.5446380108614103,0.34414242894854397,0.0004713430826086551
web_nju_xianlin_04,NJU_campus_web,web_nju_xianlin_04,test,0.04,0.041259765625,0.0,2026,18685253a0c8f77dd4abe144219e65d32e0adcf2d9b03fa5fdcaa08fd7b38a72,hqs,25.4110655270696,0.7376656828967673,0.32372275402303785,0.00521966814994812
web_nju_xianlin_04,NJU_campus_web,web_nju_xianlin_04,test,0.04,0.041259765625,0.0,2026,18685253a0c8f77dd4abe144219e65d32e0adcf2d9b03fa5fdcaa08fd7b38a72,admm,25.380962994405586,0.7350774723508158,0.318402218981646,0.005223809275776148
web_nju_xianlin_04,NJU_campus_web,web_nju_xianlin_04,test,0.04,0.041259765625,0.0,2026,18685253a0c8f77dd4abe144219e65d32e0adcf2d9b03fa5fdcaa08fd7b38a72,hqs_round1,25.45392801249107,0.7402768274347336,0.3171085719950497,0.004848761949688196
web_nju_xianlin_04,NJU_campus_web,web_nju_xianlin_04,test,0.04,0.041259765625,0.0,2026,18685253a0c8f77dd4abe144219e65d32e0adcf2d9b03fa5fdcaa08fd7b38a72,hqs_5000,25.30922537041711,0.7334797366480019,0.31631850998383015,0.007079496048390865
web_nju_xianlin_04,NJU_campus_web,web_nju_xianlin_04,test,0.04,0.041259765625,0.0,2026,18685253a0c8f77dd4abe144219e65d32e0adcf2d9b03fa5fdcaa08fd7b38a72,hqs_10000,25.315979034601497,0.7329886496936986,0.3260014079278335,0.005928251426666975
web_nju_xianlin_04,NJU_campus_web,web_nju_xianlin_04,test,0.1,0.1001129150390625,0.0,2026,4052d62f2f8b6b79634a0580dd0ec6ad0b0c66df77d2b4b25685a053eebccf45,adjoint,23.418623645577444,0.5843122741655491,0.0002804959658533335,0.0029625659808516502
web_nju_xianlin_04,NJU_campus_web,web_nju_xianlin_04,test,0.1,0.1001129150390625,0.0,2026,4052d62f2f8b6b79634a0580dd0ec6ad0b0c66df77d2b4b25685a053eebccf45,fista_dct,24.534853453939892,0.6595499912843201,0.3808551549445838,0.0007403081399388611
web_nju_xianlin_04,NJU_campus_web,web_nju_xianlin_04,test,0.1,0.1001129150390625,0.0,2026,4052d62f2f8b6b79634a0580dd0ec6ad0b0c66df77d2b4b25685a053eebccf45,hqs,28.485849906341514,0.8628670064533949,0.32397357595618814,0.003694603918120265
web_nju_xianlin_04,NJU_campus_web,web_nju_xianlin_04,test,0.1,0.1001129150390625,0.0,2026,4052d62f2f8b6b79634a0580dd0ec6ad0b0c66df77d2b4b25685a053eebccf45,admm,28.49732961909888,0.8629377674107551,0.32373370800632983,0.004737395793199539
web_nju_xianlin_04,NJU_campus_web,web_nju_xianlin_04,test,0.1,0.1001129150390625,0.0,2026,4052d62f2f8b6b79634a0580dd0ec6ad0b0c66df77d2b4b25685a053eebccf45,hqs_round1,28.65803604581047,0.8664502479563951,0.31617602601181716,0.004076067823916674
web_nju_xianlin_04,NJU_campus_web,web_nju_xianlin_04,test,0.1,0.1001129150390625,0.0,2026,4052d62f2f8b6b79634a0580dd0ec6ad0b0c66df77d2b4b25685a053eebccf45,hqs_5000,28.737997825227634,0.8681148815784454,0.32043120509479195,0.004625916946679354
web_nju_xianlin_04,NJU_campus_web,web_nju_xianlin_04,test,0.1,0.1001129150390625,0.0,2026,4052d62f2f8b6b79634a0580dd0ec6ad0b0c66df77d2b4b25685a053eebccf45,hqs_10000,28.712899854338282,0.8672821720018387,0.3177237710915506,0.0038409559056162834
web_nju_xianlin_04,NJU_campus_web,web_nju_xianlin_04,test,0.25,0.25,0.0,2026,5ce2649af1f7d7040de2a80053fc982f0215061aa5737e61c1113ec978e14ca1,adjoint,26.093983194472422,0.7267752748703733,0.00028787797782570124,0.003663595300167799
web_nju_xianlin_04,NJU_campus_web,web_nju_xianlin_04,test,0.25,0.25,0.0,2026,5ce2649af1f7d7040de2a80053fc982f0215061aa5737e61c1113ec978e14ca1,fista_dct,27.285804207428694,0.7931260245988485,0.413176828995347,0.00125623878557235
web_nju_xianlin_04,NJU_campus_web,web_nju_xianlin_04,test,0.25,0.25,0.0,2026,5ce2649af1f7d7040de2a80053fc982f0215061aa5737e61c1113ec978e14ca1,hqs,32.63710481852304,0.9410438614296913,0.32944587897509336,0.002583469031378627
web_nju_xianlin_04,NJU_campus_web,web_nju_xianlin_04,test,0.25,0.25,0.0,2026,5ce2649af1f7d7040de2a80053fc982f0215061aa5737e61c1113ec978e14ca1,admm,32.605852017769514,0.9399334592108727,0.32280669396277517,0.003100236412137747
web_nju_xianlin_04,NJU_campus_web,web_nju_xianlin_04,test,0.25,0.25,0.0,2026,5ce2649af1f7d7040de2a80053fc982f0215061aa5737e61c1113ec978e14ca1,hqs_round1,32.74018969661141,0.9412821809806824,0.3230532930465415,0.0029140219558030367
web_nju_xianlin_04,NJU_campus_web,web_nju_xianlin_04,test,0.25,0.25,0.0,2026,5ce2649af1f7d7040de2a80053fc982f0215061aa5737e61c1113ec978e14ca1,hqs_5000,32.81481326684365,0.941627460513115,0.31879314698744565,0.003142046742141247
web_nju_xianlin_04,NJU_campus_web,web_nju_xianlin_04,test,0.25,0.25,0.0,2026,5ce2649af1f7d7040de2a80053fc982f0215061aa5737e61c1113ec978e14ca1,hqs_10000,32.84988776875745,0.9420811978540421,0.3180693000322208,0.002823382383212447
web_nju_xianlin_04,NJU_campus_web,web_nju_xianlin_04,test,0.5,0.4998931884765625,0.0,2026,e1e1b65f182404ce425c3a0e71e8cfa83b0d8a00eb71418dba529fa1d4acaec6,adjoint,29.245251534131327,0.8403693332052231,0.0004121609963476658,0.004754993598908186
web_nju_xianlin_04,NJU_campus_web,web_nju_xianlin_04,test,0.5,0.4998931884765625,0.0,2026,e1e1b65f182404ce425c3a0e71e8cfa83b0d8a00eb71418dba529fa1d4acaec6,fista_dct,30.272700918742213,0.8785323676540852,0.4862405189778656,0.0015085389604791999
web_nju_xianlin_04,NJU_campus_web,web_nju_xianlin_04,test,0.5,0.4998931884765625,0.0,2026,e1e1b65f182404ce425c3a0e71e8cfa83b0d8a00eb71418dba529fa1d4acaec6,hqs,37.841527884485124,0.9791595904531479,0.32382197002880275,0.001904005417600274
web_nju_xianlin_04,NJU_campus_web,web_nju_xianlin_04,test,0.5,0.4998931884765625,0.0,2026,e1e1b65f182404ce425c3a0e71e8cfa83b0d8a00eb71418dba529fa1d4acaec6,admm,37.80550264219973,0.9787746292552948,0.3250640620244667,0.002149981912225485
web_nju_xianlin_04,NJU_campus_web,web_nju_xianlin_04,test,0.5,0.4998931884765625,0.0,2026,e1e1b65f182404ce425c3a0e71e8cfa83b0d8a00eb71418dba529fa1d4acaec6,hqs_round1,37.946250326011445,0.9795394607534409,0.3238114300183952,0.002282149624079466
web_nju_xianlin_04,NJU_campus_web,web_nju_xianlin_04,test,0.5,0.4998931884765625,0.0,2026,e1e1b65f182404ce425c3a0e71e8cfa83b0d8a00eb71418dba529fa1d4acaec6,hqs_5000,38.06936860995902,0.9798652636919022,0.31840188591741025,0.002472437685355544
web_nju_xianlin_04,NJU_campus_web,web_nju_xianlin_04,test,0.5,0.4998931884765625,0.0,2026,e1e1b65f182404ce425c3a0e71e8cfa83b0d8a00eb71418dba529fa1d4acaec6,hqs_10000,38.101792842362954,0.9799358850879669,0.3182726319646463,0.0025018854066729546
web_nju_xianlin_04,NJU_campus_web,web_nju_xianlin_04,test,0.1,0.1001129150390625,0.01,2026,e278524d4ef249718225ae6fd7b54cd7b3d9b7a6c480cca7680ec32aed5a1d97,adjoint,23.39115579989661,0.5822170585630055,0.0002543849404901266,0.0029642998706549406
web_nju_xianlin_04,NJU_campus_web,web_nju_xianlin_04,test,0.1,0.1001129150390625,0.01,2026,e278524d4ef249718225ae6fd7b54cd7b3d9b7a6c480cca7680ec32aed5a1d97,fista_dct,24.464343706479,0.6532864839971699,0.385421160957776,0.0007577399956062436
web_nju_xianlin_04,NJU_campus_web,web_nju_xianlin_04,test,0.1,0.1001129150390625,0.01,2026,e278524d4ef249718225ae6fd7b54cd7b3d9b7a6c480cca7680ec32aed5a1d97,hqs,28.2903199410817,0.8561813555158376,0.32719146099407226,0.0034995409660041332
web_nju_xianlin_04,NJU_campus_web,web_nju_xianlin_04,test,0.1,0.1001129150390625,0.01,2026,e278524d4ef249718225ae6fd7b54cd7b3d9b7a6c480cca7680ec32aed5a1d97,admm,28.32486943221161,0.8576632031335607,0.31954730197321624,0.004936021752655506
web_nju_xianlin_04,NJU_campus_web,web_nju_xianlin_04,test,0.1,0.1001129150390625,0.01,2026,e278524d4ef249718225ae6fd7b54cd7b3d9b7a6c480cca7680ec32aed5a1d97,hqs_round1,28.398400550351187,0.8587341961559057,0.32188325200695544,0.003816179232671857
web_nju_xianlin_04,NJU_campus_web,web_nju_xianlin_04,test,0.1,0.1001129150390625,0.01,2026,e278524d4ef249718225ae6fd7b54cd7b3d9b7a6c480cca7680ec32aed5a1d97,hqs_5000,28.48810815812806,0.8604651944694519,0.3184226891025901,0.005542452912777662
web_nju_xianlin_04,NJU_campus_web,web_nju_xianlin_04,test,0.1,0.1001129150390625,0.01,2026,e278524d4ef249718225ae6fd7b54cd7b3d9b7a6c480cca7680ec32aed5a1d97,hqs_10000,28.462390905428276,0.8594429488947392,0.3183033230016008,0.00479590380564332
web_nju_xianlin_04,NJU_campus_web,web_nju_xianlin_04,test,0.1,0.1001129150390625,0.01,2027,7637cfc2470427a0a8ec8759f1c0ed8444d503fe5397e40d595ec429aff64c02,adjoint,23.390792012432055,0.5824439117644838,0.00027569395024329424,0.002964419312775135
web_nju_xianlin_04,NJU_campus_web,web_nju_xianlin_04,test,0.1,0.1001129150390625,0.01,2027,7637cfc2470427a0a8ec8759f1c0ed8444d503fe5397e40d595ec429aff64c02,fista_dct,24.451158075427507,0.653233875069879,0.39720177301205695,0.00073908397462219
web_nju_xianlin_04,NJU_campus_web,web_nju_xianlin_04,test,0.1,0.1001129150390625,0.01,2027,7637cfc2470427a0a8ec8759f1c0ed8444d503fe5397e40d595ec429aff64c02,hqs,28.296494477741835,0.8566529545173645,0.32037219300400466,0.0034632463939487934
web_nju_xianlin_04,NJU_campus_web,web_nju_xianlin_04,test,0.1,0.1001129150390625,0.01,2027,7637cfc2470427a0a8ec8759f1c0ed8444d503fe5397e40d595ec429aff64c02,admm,28.326479124313426,0.857810320949316,0.3196657788939774,0.004981363657861948
web_nju_xianlin_04,NJU_campus_web,web_nju_xianlin_04,test,0.1,0.1001129150390625,0.01,2027,7637cfc2470427a0a8ec8759f1c0ed8444d503fe5397e40d595ec429aff64c02,hqs_round1,28.38111577762,0.8588205064458847,0.3199035469442606,0.003795461030676961
web_nju_xianlin_04,NJU_campus_web,web_nju_xianlin_04,test,0.1,0.1001129150390625,0.01,2027,7637cfc2470427a0a8ec8759f1c0ed8444d503fe5397e40d595ec429aff64c02,hqs_5000,28.483678814055466,0.8603597052395344,0.3200946389697492,0.005494419950991869
web_nju_xianlin_04,NJU_campus_web,web_nju_xianlin_04,test,0.1,0.1001129150390625,0.01,2027,7637cfc2470427a0a8ec8759f1c0ed8444d503fe5397e40d595ec429aff64c02,hqs_10000,28.435471942631743,0.8589924697632789,0.3231523960130289,0.004797336645424366
web_nju_xianlin_04,NJU_campus_web,web_nju_xianlin_04,test,0.1,0.1001129150390625,0.01,2028,8985f0e891c9548186d7988b6f9b8f1fc76252c6e79bc198fe683919d7866fa9,adjoint,23.39089468699628,0.5827977101099602,0.0002776429755613208,0.002970471978187561
web_nju_xianlin_04,NJU_campus_web,web_nju_xianlin_04,test,0.1,0.1001129150390625,0.01,2028,8985f0e891c9548186d7988b6f9b8f1fc76252c6e79bc198fe683919d7866fa9,fista_dct,24.44279648020121,0.6534281562207267,0.38903338892851025,0.0007644175784662366
web_nju_xianlin_04,NJU_campus_web,web_nju_xianlin_04,test,0.1,0.1001129150390625,0.01,2028,8985f0e891c9548186d7988b6f9b8f1fc76252c6e79bc198fe683919d7866fa9,hqs,28.22567944601267,0.8545089304600954,0.3215214629890397,0.003416946157813072
web_nju_xianlin_04,NJU_campus_web,web_nju_xianlin_04,test,0.1,0.1001129150390625,0.01,2028,8985f0e891c9548186d7988b6f9b8f1fc76252c6e79bc198fe683919d7866fa9,admm,28.283016226718605,0.8563254372822419,0.3210101219592616,0.004791270941495895
web_nju_xianlin_04,NJU_campus_web,web_nju_xianlin_04,test,0.1,0.1001129150390625,0.01,2028,8985f0e891c9548186d7988b6f9b8f1fc76252c6e79bc198fe683919d7866fa9,hqs_round1,28.39195832233932,0.858666490354538,0.32398161804303527,0.0037780075799673796
web_nju_xianlin_04,NJU_campus_web,web_nju_xianlin_04,test,0.1,0.1001129150390625,0.01,2028,8985f0e891c9548186d7988b6f9b8f1fc76252c6e79bc198fe683919d7866fa9,hqs_5000,28.50377524530216,0.8611741726229191,0.32074517698492855,0.005273234099149704
web_nju_xianlin_04,NJU_campus_web,web_nju_xianlin_04,test,0.1,0.1001129150390625,0.01,2028,8985f0e891c9548186d7988b6f9b8f1fc76252c6e79bc198fe683919d7866fa9,hqs_10000,28.463040265941668,0.8596381651051045,0.3199621590320021,0.004541137721389532
web_nju_xianlin_04,NJU_campus_web,web_nju_xianlin_04,test,0.1,0.1001129150390625,0.05,2026,e3b3631bd44515f4f4d31a95632e9e1412c3580e687324839afaf73c79feea78,adjoint,22.779453864149616,0.5455973060841633,0.0002361390506848693,0.003034051274880767
web_nju_xianlin_04,NJU_campus_web,web_nju_xianlin_04,test,0.1,0.1001129150390625,0.05,2026,e3b3631bd44515f4f4d31a95632e9e1412c3580e687324839afaf73c79feea78,fista_dct,23.191001292348314,0.5768586528474716,0.3807945630978793,0.0008450860623270273
web_nju_xianlin_04,NJU_campus_web,web_nju_xianlin_04,test,0.1,0.1001129150390625,0.05,2026,e3b3631bd44515f4f4d31a95632e9e1412c3580e687324839afaf73c79feea78,hqs,25.594827481930263,0.73369394947315,0.3256008280441165,0.0032700197771191597
web_nju_xianlin_04,NJU_campus_web,web_nju_xianlin_04,test,0.1,0.1001129150390625,0.05,2026,e3b3631bd44515f4f4d31a95632e9e1412c3580e687324839afaf73c79feea78,admm,25.70112383651372,0.7432046167805493,0.32405496400315315,0.003803826402872801
web_nju_xianlin_04,NJU_campus_web,web_nju_xianlin_04,test,0.1,0.1001129150390625,0.05,2026,e3b3631bd44515f4f4d31a95632e9e1412c3580e687324839afaf73c79feea78,hqs_round1,25.578090725067813,0.7365786975240857,0.32007030595559627,0.0027291695587337017
web_nju_xianlin_04,NJU_campus_web,web_nju_xianlin_04,test,0.1,0.1001129150390625,0.05,2026,e3b3631bd44515f4f4d31a95632e9e1412c3580e687324839afaf73c79feea78,hqs_5000,26.480284413882195,0.7835457799164652,0.319638030952774,0.03326273709535599
web_nju_xianlin_04,NJU_campus_web,web_nju_xianlin_04,test,0.1,0.1001129150390625,0.05,2026,e3b3631bd44515f4f4d31a95632e9e1412c3580e687324839afaf73c79feea78,hqs_10000,26.482587383270936,0.7826652169991731,0.3223184150410816,0.0360330231487751
web_nju_xianlin_04,NJU_campus_web,web_nju_xianlin_04,test,0.1,0.1001129150390625,0.05,2027,aa66a286b5bae6c3bce87a4d94a4dacd5f8ae91f600f280d20c4e9ce842799a4,adjoint,22.776793375150714,0.5463549101105962,0.00023560598492622375,0.003000948578119278
web_nju_xianlin_04,NJU_campus_web,web_nju_xianlin_04,test,0.1,0.1001129150390625,0.05,2027,aa66a286b5bae6c3bce87a4d94a4dacd5f8ae91f600f280d20c4e9ce842799a4,fista_dct,23.231116885145497,0.5812661122388862,0.3760451750131324,0.0009541340987198055
web_nju_xianlin_04,NJU_campus_web,web_nju_xianlin_04,test,0.1,0.1001129150390625,0.05,2027,aa66a286b5bae6c3bce87a4d94a4dacd5f8ae91f600f280d20c4e9ce842799a4,hqs,25.66035206249409,0.7365803799549332,0.32384406798519194,0.00314513873308897
web_nju_xianlin_04,NJU_campus_web,web_nju_xianlin_04,test,0.1,0.1001129150390625,0.05,2027,aa66a286b5bae6c3bce87a4d94a4dacd5f8ae91f600f280d20c4e9ce842799a4,admm,25.757975169724745,0.746256389085384,0.32042282703332603,0.003886741353198886
web_nju_xianlin_04,NJU_campus_web,web_nju_xianlin_04,test,0.1,0.1001129150390625,0.05,2027,aa66a286b5bae6c3bce87a4d94a4dacd5f8ae91f600f280d20c4e9ce842799a4,hqs_round1,25.642502200201605,0.7390748468113504,0.3472051190910861,0.0026412380393594503
web_nju_xianlin_04,NJU_campus_web,web_nju_xianlin_04,test,0.1,0.1001129150390625,0.05,2027,aa66a286b5bae6c3bce87a4d94a4dacd5f8ae91f600f280d20c4e9ce842799a4,hqs_5000,26.47303031058348,0.7832915658433363,0.3515683700097725,0.033232010900974274
web_nju_xianlin_04,NJU_campus_web,web_nju_xianlin_04,test,0.1,0.1001129150390625,0.05,2027,aa66a286b5bae6c3bce87a4d94a4dacd5f8ae91f600f280d20c4e9ce842799a4,hqs_10000,26.452860195027576,0.780010026821047,0.3488771381089464,0.03596339747309685
web_nju_xianlin_04,NJU_campus_web,web_nju_xianlin_04,test,0.1,0.1001129150390625,0.05,2028,ed20576f3ee946a31f1009419bc2848cf1971993ff823a5bb773d7f8f6d476c8,adjoint,22.772837088193718,0.5474688030572956,0.00018828490283340216,0.0030416655354201794
web_nju_xianlin_04,NJU_campus_web,web_nju_xianlin_04,test,0.1,0.1001129150390625,0.05,2028,ed20576f3ee946a31f1009419bc2848cf1971993ff823a5bb773d7f8f6d476c8,fista_dct,23.152592693647172,0.5760169641499883,0.3781540070194751,0.001047612400725484
web_nju_xianlin_04,NJU_campus_web,web_nju_xianlin_04,test,0.1,0.1001129150390625,0.05,2028,ed20576f3ee946a31f1009419bc2848cf1971993ff823a5bb773d7f8f6d476c8,hqs,25.627883689479972,0.7360314297237955,0.3234715590951964,0.0032174098305404186
web_nju_xianlin_04,NJU_campus_web,web_nju_xianlin_04,test,0.1,0.1001129150390625,0.05,2028,ed20576f3ee946a31f1009419bc2848cf1971993ff823a5bb773d7f8f6d476c8,admm,25.74052267797945,0.7464606137857772,0.3249704900663346,0.0037203386891633272
web_nju_xianlin_04,NJU_campus_web,web_nju_xianlin_04,test,0.1,0.1001129150390625,0.05,2028,ed20576f3ee946a31f1009419bc2848cf1971993ff823a5bb773d7f8f6d476c8,hqs_round1,25.663016193104294,0.7410110877189329,0.32550645899027586,0.0027101882733404636
web_nju_xianlin_04,NJU_campus_web,web_nju_xianlin_04,test,0.1,0.1001129150390625,0.05,2028,ed20576f3ee946a31f1009419bc2848cf1971993ff823a5bb773d7f8f6d476c8,hqs_5000,26.527914476686867,0.7859880709859617,0.3241954749682918,0.03274493291974068
web_nju_xianlin_04,NJU_campus_web,web_nju_xianlin_04,test,0.1,0.1001129150390625,0.05,2028,ed20576f3ee946a31f1009419bc2848cf1971993ff823a5bb773d7f8f6d476c8,hqs_10000,26.51937893055472,0.7848022026606798,0.3249649499775842,0.03562765195965767
web_nju_xianlin_05,NJU_campus_web,web_nju_xianlin_05,test,0.01,0.01031494140625,0.0,2026,dd159112ab35a4813a00fdefe5051ebbb87ea1ff4bff0688b5cf2409b4f88e7c,adjoint,20.429325926528566,0.3467785600156832,0.00014106102753430605,0.010429310612380505
web_nju_xianlin_05,NJU_campus_web,web_nju_xianlin_05,test,0.01,0.01031494140625,0.0,2026,dd159112ab35a4813a00fdefe5051ebbb87ea1ff4bff0688b5cf2409b4f88e7c,fista_dct,21.62645495247443,0.49018638879167753,0.33219502097927034,0.005107616540044546
web_nju_xianlin_05,NJU_campus_web,web_nju_xianlin_05,test,0.01,0.01031494140625,0.0,2026,dd159112ab35a4813a00fdefe5051ebbb87ea1ff4bff0688b5cf2409b4f88e7c,hqs,23.10463625121974,0.6280579613899634,0.3241473709931597,0.004014777950942516
web_nju_xianlin_05,NJU_campus_web,web_nju_xianlin_05,test,0.01,0.01031494140625,0.0,2026,dd159112ab35a4813a00fdefe5051ebbb87ea1ff4bff0688b5cf2409b4f88e7c,admm,23.070241385782264,0.6249224729436449,0.32122060703113675,0.0051815807819366455
web_nju_xianlin_05,NJU_campus_web,web_nju_xianlin_05,test,0.01,0.01031494140625,0.0,2026,dd159112ab35a4813a00fdefe5051ebbb87ea1ff4bff0688b5cf2409b4f88e7c,hqs_round1,23.128246171234697,0.6286073082949325,0.3273717990377918,0.003842238336801529
web_nju_xianlin_05,NJU_campus_web,web_nju_xianlin_05,test,0.01,0.01031494140625,0.0,2026,dd159112ab35a4813a00fdefe5051ebbb87ea1ff4bff0688b5cf2409b4f88e7c,hqs_5000,23.17796275089981,0.6309660259004941,0.3189067010534927,0.004842795431613922
web_nju_xianlin_05,NJU_campus_web,web_nju_xianlin_05,test,0.01,0.01031494140625,0.0,2026,dd159112ab35a4813a00fdefe5051ebbb87ea1ff4bff0688b5cf2409b4f88e7c,hqs_10000,23.16146104530676,0.6293765082320347,0.3208403850439936,0.004130048677325249
web_nju_xianlin_05,NJU_campus_web,web_nju_xianlin_05,test,0.04,0.041259765625,0.0,2026,eb65c670611cc6391038adda8538d320c4d3c4503d8105d0d6c835a2c0a6bc05,adjoint,22.406376224914155,0.4498794917073597,0.0002154080430045724,0.00817115604877472
web_nju_xianlin_05,NJU_campus_web,web_nju_xianlin_05,test,0.04,0.041259765625,0.0,2026,eb65c670611cc6391038adda8538d320c4d3c4503d8105d0d6c835a2c0a6bc05,fista_dct,23.316049374974792,0.5433916895703695,0.33904016204178333,0.004350483883172274
web_nju_xianlin_05,NJU_campus_web,web_nju_xianlin_05,test,0.04,0.041259765625,0.0,2026,eb65c670611cc6391038adda8538d320c4d3c4503d8105d0d6c835a2c0a6bc05,hqs,26.65818759102111,0.7964070295972834,0.322336997021921,0.0030762318056076765
web_nju_xianlin_05,NJU_campus_web,web_nju_xianlin_05,test,0.04,0.041259765625,0.0,2026,eb65c670611cc6391038adda8538d320c4d3c4503d8105d0d6c835a2c0a6bc05,admm,26.538607184609027,0.7920824038346503,0.3211380549473688,0.004084737505763769
web_nju_xianlin_05,NJU_campus_web,web_nju_xianlin_05,test,0.04,0.041259765625,0.0,2026,eb65c670611cc6391038adda8538d320c4d3c4503d8105d0d6c835a2c0a6bc05,hqs_round1,26.73779252959028,0.797943803716938,0.31393542292062193,0.0031079002656042576
web_nju_xianlin_05,NJU_campus_web,web_nju_xianlin_05,test,0.04,0.041259765625,0.0,2026,eb65c670611cc6391038adda8538d320c4d3c4503d8105d0d6c835a2c0a6bc05,hqs_5000,26.98936383341303,0.8057966354617122,0.31896270404104143,0.004786954261362553
web_nju_xianlin_05,NJU_campus_web,web_nju_xianlin_05,test,0.04,0.041259765625,0.0,2026,eb65c670611cc6391038adda8538d320c4d3c4503d8105d0d6c835a2c0a6bc05,hqs_10000,27.07603682362015,0.8077158357134792,0.31824338191654533,0.003623338881880045
web_nju_xianlin_05,NJU_campus_web,web_nju_xianlin_05,test,0.1,0.1001129150390625,0.0,2026,7f819f2d8efd53aa76e8392943941ce8704d380e89c444165b3581dd197d15a7,adjoint,24.01096689831768,0.5530036442471132,0.00024948606733232737,0.006828092038631439
web_nju_xianlin_05,NJU_campus_web,web_nju_xianlin_05,test,0.1,0.1001129150390625,0.0,2026,7f819f2d8efd53aa76e8392943941ce8704d380e89c444165b3581dd197d15a7,fista_dct,24.960668232535234,0.6246764995597652,0.37795188394375145,0.004954067524522543
web_nju_xianlin_05,NJU_campus_web,web_nju_xianlin_05,test,0.1,0.1001129150390625,0.0,2026,7f819f2d8efd53aa76e8392943941ce8704d380e89c444165b3581dd197d15a7,hqs,29.76873726551355,0.8906104911543727,0.3173171839443967,0.002580099506303668
web_nju_xianlin_05,NJU_campus_web,web_nju_xianlin_05,test,0.1,0.1001129150390625,0.0,2026,7f819f2d8efd53aa76e8392943941ce8704d380e89c444165b3581dd197d15a7,admm,29.901278846477915,0.8922617629237175,0.3157669099746272,0.0032313340343534946
web_nju_xianlin_05,NJU_campus_web,web_nju_xianlin_05,test,0.1,0.1001129150390625,0.0,2026,7f819f2d8efd53aa76e8392943941ce8704d380e89c444165b3581dd197d15a7,hqs_round1,30.05933623386332,0.8952529477885366,0.3200574159855023,0.0028076868038624525
web_nju_xianlin_05,NJU_campus_web,web_nju_xianlin_05,test,0.1,0.1001129150390625,0.0,2026,7f819f2d8efd53aa76e8392943941ce8704d380e89c444165b3581dd197d15a7,hqs_5000,30.129632670023923,0.8954695500000716,0.3161575199337676,0.0031714129727333784
web_nju_xianlin_05,NJU_campus_web,web_nju_xianlin_05,test,0.1,0.1001129150390625,0.0,2026,7f819f2d8efd53aa76e8392943941ce8704d380e89c444165b3581dd197d15a7,hqs_10000,30.1712573619788,0.8961664367363453,0.32065748202148825,0.00298221199773252
web_nju_xianlin_05,NJU_campus_web,web_nju_xianlin_05,test,0.25,0.25,0.0,2026,5d2a0dd504b06253b5773224bfadc9041e302449a94dbe8998ad972667db5ef5,adjoint,26.551255242688807,0.6817906488805171,0.00030094501562416553,0.0054999603889882565
web_nju_xianlin_05,NJU_campus_web,web_nju_xianlin_05,test,0.25,0.25,0.0,2026,5d2a0dd504b06253b5773224bfadc9041e302449a94dbe8998ad972667db5ef5,fista_dct,27.686791686070606,0.7501106067804099,0.39385139802470803,0.003348912578076124
web_nju_xianlin_05,NJU_campus_web,web_nju_xianlin_05,test,0.25,0.25,0.0,2026,5d2a0dd504b06253b5773224bfadc9041e302449a94dbe8998ad972667db5ef5,hqs,34.28735476081449,0.9568940713515282,0.3215060930233449,0.001879095914773643
web_nju_xianlin_05,NJU_campus_web,web_nju_xianlin_05,test,0.25,0.25,0.0,2026,5d2a0dd504b06253b5773224bfadc9041e302449a94dbe8998ad972667db5ef5,admm,34.31531049866614,0.9564752775354385,0.3181639900431037,0.002242323709651828
web_nju_xianlin_05,NJU_campus_web,web_nju_xianlin_05,test,0.25,0.25,0.0,2026,5d2a0dd504b06253b5773224bfadc9041e302449a94dbe8998ad972667db5ef5,hqs_round1,34.700742369492595,0.9605857039093971,0.31942671502474695,0.002240834292024374
web_nju_xianlin_05,NJU_campus_web,web_nju_xianlin_05,test,0.25,0.25,0.0,2026,5d2a0dd504b06253b5773224bfadc9041e302449a94dbe8998ad972667db5ef5,hqs_5000,34.81778289885535,0.9610362378344536,0.32451834401581436,0.0024359244853258133
web_nju_xianlin_05,NJU_campus_web,web_nju_xianlin_05,test,0.25,0.25,0.0,2026,5d2a0dd504b06253b5773224bfadc9041e302449a94dbe8998ad972667db5ef5,hqs_10000,35.02959489398383,0.963025333910942,0.33503397705499083,0.002542764414101839
web_nju_xianlin_05,NJU_campus_web,web_nju_xianlin_05,test,0.5,0.4998931884765625,0.0,2026,d925d850f801ce752257fce19a59cc854c3c26d6ed51c573da8552dcdbfe13dc,adjoint,29.434546527320716,0.7904464654291868,0.00040657492354512215,0.005264136474579573
web_nju_xianlin_05,NJU_campus_web,web_nju_xianlin_05,test,0.5,0.4998931884765625,0.0,2026,d925d850f801ce752257fce19a59cc854c3c26d6ed51c573da8552dcdbfe13dc,fista_dct,30.557683326754038,0.8366148096752166,0.46659876697231084,0.0026636729016900063
web_nju_xianlin_05,NJU_campus_web,web_nju_xianlin_05,test,0.5,0.4998931884765625,0.0,2026,d925d850f801ce752257fce19a59cc854c3c26d6ed51c573da8552dcdbfe13dc,hqs,40.60428697584754,0.9890080735025406,0.33036969602108,0.0015554310521110892
web_nju_xianlin_05,NJU_campus_web,web_nju_xianlin_05,test,0.5,0.4998931884765625,0.0,2026,d925d850f801ce752257fce19a59cc854c3c26d6ed51c573da8552dcdbfe13dc,admm,40.57438210231072,0.9887328439025879,0.3322141560493037,0.001653608400374651
web_nju_xianlin_05,NJU_campus_web,web_nju_xianlin_05,test,0.5,0.4998931884765625,0.0,2026,d925d850f801ce752257fce19a59cc854c3c26d6ed51c573da8552dcdbfe13dc,hqs_round1,41.083579609789275,0.9900822488222122,0.32640871696639806,0.0020633803214877844
web_nju_xianlin_05,NJU_campus_web,web_nju_xianlin_05,test,0.5,0.4998931884765625,0.0,2026,d925d850f801ce752257fce19a59cc854c3c26d6ed51c573da8552dcdbfe13dc,hqs_5000,41.289876519567116,0.9901341380414963,0.3198574010748416,0.0018815885996446013
web_nju_xianlin_05,NJU_campus_web,web_nju_xianlin_05,test,0.5,0.4998931884765625,0.0,2026,d925d850f801ce752257fce19a59cc854c3c26d6ed51c573da8552dcdbfe13dc,hqs_10000,41.626724843078506,0.9911713096351623,0.32496625802014023,0.0021280571818351746
web_nju_xianlin_05,NJU_campus_web,web_nju_xianlin_05,test,0.1,0.1001129150390625,0.01,2026,e2cb5ec740a7557f73e9e805a23f35644345af7944407ec11ea28b0ad15a30a1,adjoint,23.97141689322124,0.5502066742755016,0.00031940394546836615,0.006940366234630346
web_nju_xianlin_05,NJU_campus_web,web_nju_xianlin_05,test,0.1,0.1001129150390625,0.01,2026,e2cb5ec740a7557f73e9e805a23f35644345af7944407ec11ea28b0ad15a30a1,fista_dct,24.85191098869567,0.6157298657646318,0.3767684299964458,0.00528057711198926
web_nju_xianlin_05,NJU_campus_web,web_nju_xianlin_05,test,0.1,0.1001129150390625,0.01,2026,e2cb5ec740a7557f73e9e805a23f35644345af7944407ec11ea28b0ad15a30a1,hqs,29.216228002057175,0.8755513460618556,0.3272382040740922,0.002336726989597082
web_nju_xianlin_05,NJU_campus_web,web_nju_xianlin_05,test,0.1,0.1001129150390625,0.01,2026,e2cb5ec740a7557f73e9e805a23f35644345af7944407ec11ea28b0ad15a30a1,admm,29.289792171783642,0.8788000954094529,0.31767536501865834,0.0034421158488839865
web_nju_xianlin_05,NJU_campus_web,web_nju_xianlin_05,test,0.1,0.1001129150390625,0.01,2026,e2cb5ec740a7557f73e9e805a23f35644345af7944407ec11ea28b0ad15a30a1,hqs_round1,29.3938931622032,0.88005211316254,0.320385605096817,0.0025568639393895864
web_nju_xianlin_05,NJU_campus_web,web_nju_xianlin_05,test,0.1,0.1001129150390625,0.01,2026,e2cb5ec740a7557f73e9e805a23f35644345af7944407ec11ea28b0ad15a30a1,hqs_5000,29.499430628494313,0.8803050231559276,0.31723084789700806,0.006110731512308121
web_nju_xianlin_05,NJU_campus_web,web_nju_xianlin_05,test,0.1,0.1001129150390625,0.01,2026,e2cb5ec740a7557f73e9e805a23f35644345af7944407ec11ea28b0ad15a30a1,hqs_10000,29.529359975075366,0.8812633855392933,0.32259003503713757,0.005197514314204454
web_nju_xianlin_05,NJU_campus_web,web_nju_xianlin_05,test,0.1,0.1001129150390625,0.01,2027,35e739ea463ec0a859c705d3ddac1cff06cd92ae2aaba3c205f33cec62637de0,adjoint,23.97020520508984,0.549546110749298,0.00024138297885656357,0.006924471817910671
web_nju_xianlin_05,NJU_campus_web,web_nju_xianlin_05,test,0.1,0.1001129150390625,0.01,2027,35e739ea463ec0a859c705d3ddac1cff06cd92ae2aaba3c205f33cec62637de0,fista_dct,24.830874445078422,0.6151525267419424,0.3725224770605564,0.005303386598825455
web_nju_xianlin_05,NJU_campus_web,web_nju_xianlin_05,test,0.1,0.1001129150390625,0.01,2027,35e739ea463ec0a859c705d3ddac1cff06cd92ae2aaba3c205f33cec62637de0,hqs,29.30254560105412,0.8767097085026055,0.32189982500858605,0.0024270268622785807
web_nju_xianlin_05,NJU_campus_web,web_nju_xianlin_05,test,0.1,0.1001129150390625,0.01,2027,35e739ea463ec0a859c705d3ddac1cff06cd92ae2aaba3c205f33cec62637de0,admm,29.367341448355443,0.8797597211996466,0.31691174500156194,0.0035597383975982666
web_nju_xianlin_05,NJU_campus_web,web_nju_xianlin_05,test,0.1,0.1001129150390625,0.01,2027,35e739ea463ec0a859c705d3ddac1cff06cd92ae2aaba3c205f33cec62637de0,hqs_round1,29.403447316668046,0.8802623233754262,0.3250422519631684,0.0026432208251208067
web_nju_xianlin_05,NJU_campus_web,web_nju_xianlin_05,test,0.1,0.1001129150390625,0.01,2027,35e739ea463ec0a859c705d3ddac1cff06cd92ae2aaba3c205f33cec62637de0,hqs_5000,29.50480913781755,0.8805195283050835,0.3173229129752144,0.006554452236741781
web_nju_xianlin_05,NJU_campus_web,web_nju_xianlin_05,test,0.1,0.1001129150390625,0.01,2027,35e739ea463ec0a859c705d3ddac1cff06cd92ae2aaba3c205f33cec62637de0,hqs_10000,29.56787887966499,0.8824117806715146,0.3206787219969556,0.005786402616649866
web_nju_xianlin_05,NJU_campus_web,web_nju_xianlin_05,test,0.1,0.1001129150390625,0.01,2028,786d5eb977189aa6d7b9ce3b9919bae216f147fd0d1e26800deacedf110a7507,adjoint,23.972315604453478,0.5501131109574221,0.0002501229755580425,0.006953585427254438
web_nju_xianlin_05,NJU_campus_web,web_nju_xianlin_05,test,0.1,0.1001129150390625,0.01,2028,786d5eb977189aa6d7b9ce3b9919bae216f147fd0d1e26800deacedf110a7507,fista_dct,24.861706999660687,0.6169058304391722,0.42821419099345803,0.005295979790389538
web_nju_xianlin_05,NJU_campus_web,web_nju_xianlin_05,test,0.1,0.1001129150390625,0.01,2028,786d5eb977189aa6d7b9ce3b9919bae216f147fd0d1e26800deacedf110a7507,hqs,29.21607552946218,0.8762854936447143,0.31996029999572784,0.0022639723028987646
web_nju_xianlin_05,NJU_campus_web,web_nju_xianlin_05,test,0.1,0.1001129150390625,0.01,2028,786d5eb977189aa6d7b9ce3b9919bae216f147fd0d1e26800deacedf110a7507,admm,29.27616491555389,0.8789854059408904,0.32049003208521754,0.003686463227495551
web_nju_xianlin_05,NJU_campus_web,web_nju_xianlin_05,test,0.1,0.1001129150390625,0.01,2028,786d5eb977189aa6d7b9ce3b9919bae216f147fd0d1e26800deacedf110a7507,hqs_round1,29.341919832774238,0.8801813479992151,0.31506056792568415,0.002553584985435009
web_nju_xianlin_05,NJU_campus_web,web_nju_xianlin_05,test,0.1,0.1001129150390625,0.01,2028,786d5eb977189aa6d7b9ce3b9919bae216f147fd0d1e26800deacedf110a7507,hqs_5000,29.428601475114952,0.8792463492761851,0.3144451379776001,0.006542523391544819
web_nju_xianlin_05,NJU_campus_web,web_nju_xianlin_05,test,0.1,0.1001129150390625,0.01,2028,786d5eb977189aa6d7b9ce3b9919bae216f147fd0d1e26800deacedf110a7507,hqs_10000,29.45184426885197,0.8803134573719501,0.3196084760129452,0.005724731832742691
web_nju_xianlin_05,NJU_campus_web,web_nju_xianlin_05,test,0.1,0.1001129150390625,0.05,2026,e4d5c537711e1740787c23ef252078aef29baff85da3dd8bedbf2495d04d9c3e,adjoint,23.124897297646406,0.4933056528847611,0.0002938519464805722,0.01036975346505642
web_nju_xianlin_05,NJU_campus_web,web_nju_xianlin_05,test,0.1,0.1001129150390625,0.05,2026,e4d5c537711e1740787c23ef252078aef29baff85da3dd8bedbf2495d04d9c3e,fista_dct,23.344163756470575,0.5103538159620287,0.37586764502339065,0.011595098301768303
web_nju_xianlin_05,NJU_campus_web,web_nju_xianlin_05,test,0.1,0.1001129150390625,0.05,2026,e4d5c537711e1740787c23ef252078aef29baff85da3dd8bedbf2495d04d9c3e,hqs,25.232555963864264,0.6732498181311968,0.3203828380210325,0.0029193509835749865
web_nju_xianlin_05,NJU_campus_web,web_nju_xianlin_05,test,0.1,0.1001129150390625,0.05,2026,e4d5c537711e1740787c23ef252078aef29baff85da3dd8bedbf2495d04d9c3e,admm,25.40550706916251,0.6803683211576468,0.3218629779294133,0.003710458055138588
web_nju_xianlin_05,NJU_campus_web,web_nju_xianlin_05,test,0.1,0.1001129150390625,0.05,2026,e4d5c537711e1740787c23ef252078aef29baff85da3dd8bedbf2495d04d9c3e,hqs_round1,25.157459084623714,0.6755264779109936,0.321098986081779,0.002565566683188081
web_nju_xianlin_05,NJU_campus_web,web_nju_xianlin_05,test,0.1,0.1001129150390625,0.05,2026,e4d5c537711e1740787c23ef252078aef29baff85da3dd8bedbf2495d04d9c3e,hqs_5000,26.93401101160469,0.8006871175200642,0.3187493629520759,0.03799333795905113
web_nju_xianlin_05,NJU_campus_web,web_nju_xianlin_05,test,0.1,0.1001129150390625,0.05,2026,e4d5c537711e1740787c23ef252078aef29baff85da3dd8bedbf2495d04d9c3e,hqs_10000,26.954027815801854,0.8033683867676296,0.3175874640000984,0.03776343911886215
web_nju_xianlin_05,NJU_campus_web,web_nju_xianlin_05,test,0.1,0.1001129150390625,0.05,2027,de3dcafdd8417b7a2dade5f58aad95072f41c9b594673549c9ff6f8c5c8f11cb,adjoint,23.123942196218582,0.4905226666793612,0.000266192015260458,0.010757144540548325
web_nju_xianlin_05,NJU_campus_web,web_nju_xianlin_05,test,0.1,0.1001129150390625,0.05,2027,de3dcafdd8417b7a2dade5f58aad95072f41c9b594673549c9ff6f8c5c8f11cb,fista_dct,23.254908068984477,0.5036674279741337,0.37029294797685,0.012960702180862427
web_nju_xianlin_05,NJU_campus_web,web_nju_xianlin_05,test,0.1,0.1001129150390625,0.05,2027,de3dcafdd8417b7a2dade5f58aad95072f41c9b594673549c9ff6f8c5c8f11cb,hqs,25.169096301543938,0.6611649380425094,0.31972165510524064,0.003309955121949315
web_nju_xianlin_05,NJU_campus_web,web_nju_xianlin_05,test,0.1,0.1001129150390625,0.05,2027,de3dcafdd8417b7a2dade5f58aad95072f41c9b594673549c9ff6f8c5c8f11cb,admm,25.34272575712148,0.6668575623400271,0.3200663330499083,0.0036807050928473473
web_nju_xianlin_05,NJU_campus_web,web_nju_xianlin_05,test,0.1,0.1001129150390625,0.05,2027,de3dcafdd8417b7a2dade5f58aad95072f41c9b594673549c9ff6f8c5c8f11cb,hqs_round1,25.0697037031869,0.6646895396402153,0.32747033901978284,0.0028660320676863194
web_nju_xianlin_05,NJU_campus_web,web_nju_xianlin_05,test,0.1,0.1001129150390625,0.05,2027,de3dcafdd8417b7a2dade5f58aad95072f41c9b594673549c9ff6f8c5c8f11cb,hqs_5000,26.883042661321106,0.7975269687204957,0.3214407190680504,0.03772950917482376
web_nju_xianlin_05,NJU_campus_web,web_nju_xianlin_05,test,0.1,0.1001129150390625,0.05,2027,de3dcafdd8417b7a2dade5f58aad95072f41c9b594673549c9ff6f8c5c8f11cb,hqs_10000,26.918256280540138,0.8009642873934656,0.3212965690763667,0.03878965228796005
web_nju_xianlin_05,NJU_campus_web,web_nju_xianlin_05,test,0.1,0.1001129150390625,0.05,2028,c98f1816113265df9e47a7cb822578b63dac9fb3278f13fd0f92d776f2dad8aa,adjoint,23.149043695400483,0.49418806954604105,0.0002403639955446124,0.010699945501983166
web_nju_xianlin_05,NJU_campus_web,web_nju_xianlin_05,test,0.1,0.1001129150390625,0.05,2028,c98f1816113265df9e47a7cb822578b63dac9fb3278f13fd0f92d776f2dad8aa,fista_dct,23.33868886309088,0.5105607563039127,0.3775415939744562,0.012219956144690514
web_nju_xianlin_05,NJU_campus_web,web_nju_xianlin_05,test,0.1,0.1001129150390625,0.05,2028,c98f1816113265df9e47a7cb822578b63dac9fb3278f13fd0f92d776f2dad8aa,hqs,25.198574353126723,0.6740492531661838,0.3179349780548364,0.0030785859562456608
web_nju_xianlin_05,NJU_campus_web,web_nju_xianlin_05,test,0.1,0.1001129150390625,0.05,2028,c98f1816113265df9e47a7cb822578b63dac9fb3278f13fd0f92d776f2dad8aa,admm,25.316383209325757,0.6791167791809533,0.3172640750417486,0.003839423879981041
web_nju_xianlin_05,NJU_campus_web,web_nju_xianlin_05,test,0.1,0.1001129150390625,0.05,2028,c98f1816113265df9e47a7cb822578b63dac9fb3278f13fd0f92d776f2dad8aa,hqs_round1,25.126317994474743,0.676874630347197,0.32277730794157833,0.002757264766842127
web_nju_xianlin_05,NJU_campus_web,web_nju_xianlin_05,test,0.1,0.1001129150390625,0.05,2028,c98f1816113265df9e47a7cb822578b63dac9fb3278f13fd0f92d776f2dad8aa,hqs_5000,26.840713753100395,0.7960962925297171,0.3177813939983025,0.037103842943906784
web_nju_xianlin_05,NJU_campus_web,web_nju_xianlin_05,test,0.1,0.1001129150390625,0.05,2028,c98f1816113265df9e47a7cb822578b63dac9fb3278f13fd0f92d776f2dad8aa,hqs_10000,26.871095839865923,0.7993839780832455,0.319347603013739,0.037384189665317535
web_nju_xianlin_06,NJU_campus_web,web_nju_xianlin_06,test,0.01,0.01031494140625,0.0,2026,2379c641aac932680c865d2a18a061b25a533bf7cf3e3264f4336ed0cb69787f,adjoint,21.766498215187376,0.43864614107635047,0.00016995705664157867,0.012682025320827961
web_nju_xianlin_06,NJU_campus_web,web_nju_xianlin_06,test,0.01,0.01031494140625,0.0,2026,2379c641aac932680c865d2a18a061b25a533bf7cf3e3264f4336ed0cb69787f,fista_dct,22.240230527563508,0.5253243127090862,0.3233397640287876,0.010527178645133972
web_nju_xianlin_06,NJU_campus_web,web_nju_xianlin_06,test,0.01,0.01031494140625,0.0,2026,2379c641aac932680c865d2a18a061b25a533bf7cf3e3264f4336ed0cb69787f,hqs,22.936786070473648,0.5993935913671484,0.32191609498113394,0.0020200866274535656
web_nju_xianlin_06,NJU_campus_web,web_nju_xianlin_06,test,0.01,0.01031494140625,0.0,2026,2379c641aac932680c865d2a18a061b25a533bf7cf3e3264f4336ed0cb69787f,admm,22.89938592950909,0.5951473999186319,0.3166567930020392,0.002466613193973899
web_nju_xianlin_06,NJU_campus_web,web_nju_xianlin_06,test,0.01,0.01031494140625,0.0,2026,2379c641aac932680c865d2a18a061b25a533bf7cf3e3264f4336ed0cb69787f,hqs_round1,22.936978507355864,0.5988521015388651,0.32194027898367494,0.002061540726572275
web_nju_xianlin_06,NJU_campus_web,web_nju_xianlin_06,test,0.01,0.01031494140625,0.0,2026,2379c641aac932680c865d2a18a061b25a533bf7cf3e3264f4336ed0cb69787f,hqs_5000,22.92547891585491,0.596542938319226,0.3225406849524006,0.0022492138668894768
web_nju_xianlin_06,NJU_campus_web,web_nju_xianlin_06,test,0.01,0.01031494140625,0.0,2026,2379c641aac932680c865d2a18a061b25a533bf7cf3e3264f4336ed0cb69787f,hqs_10000,22.928308791975276,0.5978113006521435,0.32008804997894913,0.0019635939970612526
web_nju_xianlin_06,NJU_campus_web,web_nju_xianlin_06,test,0.04,0.041259765625,0.0,2026,74d37ab68a9fb04459913b837a9c0d01687daf6c9a11005cc6414b7aee44ee31,adjoint,23.461108424897084,0.5427803095544477,0.0002053029602393508,0.012859211303293705
web_nju_xianlin_06,NJU_campus_web,web_nju_xianlin_06,test,0.04,0.041259765625,0.0,2026,74d37ab68a9fb04459913b837a9c0d01687daf6c9a11005cc6414b7aee44ee31,fista_dct,23.799511377621748,0.5910424386452459,0.3451572679914534,0.012131244875490665
web_nju_xianlin_06,NJU_campus_web,web_nju_xianlin_06,test,0.04,0.041259765625,0.0,2026,74d37ab68a9fb04459913b837a9c0d01687daf6c9a11005cc6414b7aee44ee31,hqs,25.439068978583887,0.7614610502451828,0.32082264102064073,0.0018492616945877671
web_nju_xianlin_06,NJU_campus_web,web_nju_xianlin_06,test,0.04,0.041259765625,0.0,2026,74d37ab68a9fb04459913b837a9c0d01687daf6c9a11005cc6414b7aee44ee31,admm,25.415780120208797,0.7588230118923671,0.32728292094543576,0.0024349079467356205
web_nju_xianlin_06,NJU_campus_web,web_nju_xianlin_06,test,0.04,0.041259765625,0.0,2026,74d37ab68a9fb04459913b837a9c0d01687daf6c9a11005cc6414b7aee44ee31,hqs_round1,25.47201202132639,0.762673864548536,0.3221924750832841,0.001876086462289095
web_nju_xianlin_06,NJU_campus_web,web_nju_xianlin_06,test,0.04,0.041259765625,0.0,2026,74d37ab68a9fb04459913b837a9c0d01687daf6c9a11005cc6414b7aee44ee31,hqs_5000,25.498239408526825,0.7632198387188223,0.3153332059737295,0.002008135197684169
web_nju_xianlin_06,NJU_campus_web,web_nju_xianlin_06,test,0.04,0.041259765625,0.0,2026,74d37ab68a9fb04459913b837a9c0d01687daf6c9a11005cc6414b7aee44ee31,hqs_10000,25.521816977959343,0.7650724455908733,0.31706285709515214,0.0019858763553202152
web_nju_xianlin_06,NJU_campus_web,web_nju_xianlin_06,test,0.1,0.1001129150390625,0.0,2026,3ba2374b31364f7b6300f813549a602ff3d348b73cd7fe9c56537fa489b4e0e9,adjoint,24.929020573098214,0.6390167133434415,0.00023641390725970268,0.012573881074786186
web_nju_xianlin_06,NJU_campus_web,web_nju_xianlin_06,test,0.1,0.1001129150390625,0.0,2026,3ba2374b31364f7b6300f813549a602ff3d348b73cd7fe9c56537fa489b4e0e9,fista_dct,25.379296484304092,0.6841921048044264,0.3702183470595628,0.011727252043783665
web_nju_xianlin_06,NJU_campus_web,web_nju_xianlin_06,test,0.1,0.1001129150390625,0.0,2026,3ba2374b31364f7b6300f813549a602ff3d348b73cd7fe9c56537fa489b4e0e9,hqs,27.77994568810211,0.8624152820236682,0.32288379094097763,0.0019476470770314336
web_nju_xianlin_06,NJU_campus_web,web_nju_xianlin_06,test,0.1,0.1001129150390625,0.0,2026,3ba2374b31364f7b6300f813549a602ff3d348b73cd7fe9c56537fa489b4e0e9,admm,27.75506752294826,0.8612297617871761,0.3281947459327057,0.00231896061450243
web_nju_xianlin_06,NJU_campus_web,web_nju_xianlin_06,test,0.1,0.1001129150390625,0.0,2026,3ba2374b31364f7b6300f813549a602ff3d348b73cd7fe9c56537fa489b4e0e9,hqs_round1,27.891081198130365,0.8650018194124699,0.31691780709661543,0.0020489292219281197
web_nju_xianlin_06,NJU_campus_web,web_nju_xianlin_06,test,0.1,0.1001129150390625,0.0,2026,3ba2374b31364f7b6300f813549a602ff3d348b73cd7fe9c56537fa489b4e0e9,hqs_5000,27.926185891681044,0.8659782345218658,0.31638632097747177,0.0019186114659532905
web_nju_xianlin_06,NJU_campus_web,web_nju_xianlin_06,test,0.1,0.1001129150390625,0.0,2026,3ba2374b31364f7b6300f813549a602ff3d348b73cd7fe9c56537fa489b4e0e9,hqs_10000,27.917343497146348,0.8662000889370441,0.3217716810759157,0.0021616199519485235
web_nju_xianlin_06,NJU_campus_web,web_nju_xianlin_06,test,0.25,0.25,0.0,2026,9c931199bd58dac8f70681d505331e1dc57d8deae8b2163337deb49950937ed6,adjoint,27.291317256788584,0.7562264526052475,0.00031727703753858805,0.012190400622785091
web_nju_xianlin_06,NJU_campus_web,web_nju_xianlin_06,test,0.25,0.25,0.0,2026,9c931199bd58dac8f70681d505331e1dc57d8deae8b2163337deb49950937ed6,fista_dct,28.068161518336087,0.8077518246498108,0.405764936003834,0.01029122993350029
web_nju_xianlin_06,NJU_campus_web,web_nju_xianlin_06,test,0.25,0.25,0.0,2026,9c931199bd58dac8f70681d505331e1dc57d8deae8b2163337deb49950937ed6,hqs,32.26871428136322,0.9505681051464081,0.31584206596016884,0.0018596909940242767
web_nju_xianlin_06,NJU_campus_web,web_nju_xianlin_06,test,0.25,0.25,0.0,2026,9c931199bd58dac8f70681d505331e1dc57d8deae8b2163337deb49950937ed6,admm,32.23165482490798,0.9499268576302529,0.3363909169565886,0.0018767083529382944
web_nju_xianlin_06,NJU_campus_web,web_nju_xianlin_06,test,0.25,0.25,0.0,2026,9c931199bd58dac8f70681d505331e1dc57d8deae8b2163337deb49950937ed6,hqs_round1,32.359158805201524,0.9512002524232864,0.31844580301549286,0.0021009764168411493
web_nju_xianlin_06,NJU_campus_web,web_nju_xianlin_06,test,0.25,0.25,0.0,2026,9c931199bd58dac8f70681d505331e1dc57d8deae8b2163337deb49950937ed6,hqs_5000,32.41482397600948,0.9518101796889306,0.3192004499724135,0.0017974232323467731
web_nju_xianlin_06,NJU_campus_web,web_nju_xianlin_06,test,0.25,0.25,0.0,2026,9c931199bd58dac8f70681d505331e1dc57d8deae8b2163337deb49950937ed6,hqs_10000,32.43427806428444,0.9521973033585548,0.3207139659207314,0.002125396393239498
web_nju_xianlin_06,NJU_campus_web,web_nju_xianlin_06,test,0.5,0.4998931884765625,0.0,2026,86984c1a23846c6d075d64e92d44e6e2c9feb21ba891ef04e2a2bd8e640276bb,adjoint,30.277545678413897,0.8518153209972381,0.0004216739907860756,0.01096701342612505
web_nju_xianlin_06,NJU_campus_web,web_nju_xianlin_06,test,0.5,0.4998931884765625,0.0,2026,86984c1a23846c6d075d64e92d44e6e2c9feb21ba891ef04e2a2bd8e640276bb,fista_dct,31.259864412557768,0.8921492785396576,0.4712751080514863,0.008571313694119453
web_nju_xianlin_06,NJU_campus_web,web_nju_xianlin_06,test,0.5,0.4998931884765625,0.0,2026,86984c1a23846c6d075d64e92d44e6e2c9feb21ba891ef04e2a2bd8e640276bb,hqs,38.15153479798408,0.987182372297287,0.3236843850463629,0.0015511985402554274
web_nju_xianlin_06,NJU_campus_web,web_nju_xianlin_06,test,0.5,0.4998931884765625,0.0,2026,86984c1a23846c6d075d64e92d44e6e2c9feb21ba891ef04e2a2bd8e640276bb,admm,38.152687134230135,0.987114574341774,0.3245128110283986,0.0014519371325150132
web_nju_xianlin_06,NJU_campus_web,web_nju_xianlin_06,test,0.5,0.4998931884765625,0.0,2026,86984c1a23846c6d075d64e92d44e6e2c9feb21ba891ef04e2a2bd8e640276bb,hqs_round1,38.223608315242046,0.9873739379787445,0.3166980999521911,0.0019286692840978503
web_nju_xianlin_06,NJU_campus_web,web_nju_xianlin_06,test,0.5,0.4998931884765625,0.0,2026,86984c1a23846c6d075d64e92d44e6e2c9feb21ba891ef04e2a2bd8e640276bb,hqs_5000,38.32440661339319,0.9875910871210098,0.3181334419641644,0.0016171552706509829
web_nju_xianlin_06,NJU_campus_web,web_nju_xianlin_06,test,0.5,0.4998931884765625,0.0,2026,86984c1a23846c6d075d64e92d44e6e2c9feb21ba891ef04e2a2bd8e640276bb,hqs_10000,38.32620915225908,0.9876452913017273,0.31823501305188984,0.002012698445469141
web_nju_xianlin_06,NJU_campus_web,web_nju_xianlin_06,test,0.1,0.1001129150390625,0.01,2026,7152dd8ab7eb51664d4c14293fa1edf962be75f9f6f944a5618c84e144fb238a,adjoint,24.86035839113559,0.6333847594736517,0.0002521210117265582,0.013057528994977474
web_nju_xianlin_06,NJU_campus_web,web_nju_xianlin_06,test,0.1,0.1001129150390625,0.01,2026,7152dd8ab7eb51664d4c14293fa1edf962be75f9f6f944a5618c84e144fb238a,fista_dct,25.243192723860247,0.6709139142692984,0.37476154405158013,0.012747593224048615
web_nju_xianlin_06,NJU_campus_web,web_nju_xianlin_06,test,0.1,0.1001129150390625,0.01,2026,7152dd8ab7eb51664d4c14293fa1edf962be75f9f6f944a5618c84e144fb238a,hqs,27.274155330236116,0.8455312634546309,0.3262325319228694,0.0024664250668138266
web_nju_xianlin_06,NJU_campus_web,web_nju_xianlin_06,test,0.1,0.1001129150390625,0.01,2026,7152dd8ab7eb51664d4c14293fa1edf962be75f9f6f944a5618c84e144fb238a,admm,27.324608396667408,0.8464990485003739,0.3239887950476259,0.0031909532845020294
web_nju_xianlin_06,NJU_campus_web,web_nju_xianlin_06,test,0.1,0.1001129150390625,0.01,2026,7152dd8ab7eb51664d4c14293fa1edf962be75f9f6f944a5618c84e144fb238a,hqs_round1,27.23397437734817,0.8446565077475905,0.3265914929797873,0.0024570059031248093
web_nju_xianlin_06,NJU_campus_web,web_nju_xianlin_06,test,0.1,0.1001129150390625,0.01,2026,7152dd8ab7eb51664d4c14293fa1edf962be75f9f6f944a5618c84e144fb238a,hqs_5000,27.35786781287256,0.8473051637218595,0.3230653339996934,0.004278101492673159
web_nju_xianlin_06,NJU_campus_web,web_nju_xianlin_06,test,0.1,0.1001129150390625,0.01,2026,7152dd8ab7eb51664d4c14293fa1edf962be75f9f6f944a5618c84e144fb238a,hqs_10000,27.368542056092956,0.8476063699723482,0.32238075498025864,0.00404322799295187
web_nju_xianlin_06,NJU_campus_web,web_nju_xianlin_06,test,0.1,0.1001129150390625,0.01,2027,7db0b7d83bc366777c7b4ef5f95a116da5db50f80a56e5a2fd20f4bc0b3e2b0f,adjoint,24.86187928444105,0.6328867150848992,0.0002557740081101656,0.013034733943641186
web_nju_xianlin_06,NJU_campus_web,web_nju_xianlin_06,test,0.1,0.1001129150390625,0.01,2027,7db0b7d83bc366777c7b4ef5f95a116da5db50f80a56e5a2fd20f4bc0b3e2b0f,fista_dct,25.242076178583698,0.6696828100788538,0.3740178990410641,0.012785548344254494
web_nju_xianlin_06,NJU_campus_web,web_nju_xianlin_06,test,0.1,0.1001129150390625,0.01,2027,7db0b7d83bc366777c7b4ef5f95a116da5db50f80a56e5a2fd20f4bc0b3e2b0f,hqs,27.317547330937106,0.8476441078984738,0.3190271269995719,0.00246209348551929
web_nju_xianlin_06,NJU_campus_web,web_nju_xianlin_06,test,0.1,0.1001129150390625,0.01,2027,7db0b7d83bc366777c7b4ef5f95a116da5db50f80a56e5a2fd20f4bc0b3e2b0f,admm,27.333338698536636,0.8476155081092119,0.31700110889505595,0.0032496750354766846
web_nju_xianlin_06,NJU_campus_web,web_nju_xianlin_06,test,0.1,0.1001129150390625,0.01,2027,7db0b7d83bc366777c7b4ef5f95a116da5db50f80a56e5a2fd20f4bc0b3e2b0f,hqs_round1,27.3092924153018,0.8474872623025179,0.31842931697610766,0.0024386479053646326
web_nju_xianlin_06,NJU_campus_web,web_nju_xianlin_06,test,0.1,0.1001129150390625,0.01,2027,7db0b7d83bc366777c7b4ef5f95a116da5db50f80a56e5a2fd20f4bc0b3e2b0f,hqs_5000,27.427395550803016,0.8494125101251602,0.32312229194212705,0.004165211692452431
web_nju_xianlin_06,NJU_campus_web,web_nju_xianlin_06,test,0.1,0.1001129150390625,0.01,2027,7db0b7d83bc366777c7b4ef5f95a116da5db50f80a56e5a2fd20f4bc0b3e2b0f,hqs_10000,27.42841645293248,0.8493991120789051,0.31773910904303193,0.004030745942145586
web_nju_xianlin_06,NJU_campus_web,web_nju_xianlin_06,test,0.1,0.1001129150390625,0.01,2028,91198b4e3b2987a7dcb8a563ed3b8eaff9a82fa006b4f26a6c852f297fd6e020,adjoint,24.858339073307686,0.6336847858304661,0.0002586659975349903,0.013018728233873844
web_nju_xianlin_06,NJU_campus_web,web_nju_xianlin_06,test,0.1,0.1001129150390625,0.01,2028,91198b4e3b2987a7dcb8a563ed3b8eaff9a82fa006b4f26a6c852f297fd6e020,fista_dct,25.274147107175544,0.6754800636353573,0.36672922992147505,0.012439769692718983
web_nju_xianlin_06,NJU_campus_web,web_nju_xianlin_06,test,0.1,0.1001129150390625,0.01,2028,91198b4e3b2987a7dcb8a563ed3b8eaff9a82fa006b4f26a6c852f297fd6e020,hqs,27.261205594813873,0.8428151839135886,0.3180224100360647,0.0022956798784434795
web_nju_xianlin_06,NJU_campus_web,web_nju_xianlin_06,test,0.1,0.1001129150390625,0.01,2028,91198b4e3b2987a7dcb8a563ed3b8eaff9a82fa006b4f26a6c852f297fd6e020,admm,27.25366168760526,0.8437035509689897,0.32206758100073785,0.003116231644526124
web_nju_xianlin_06,NJU_campus_web,web_nju_xianlin_06,test,0.1,0.1001129150390625,0.01,2028,91198b4e3b2987a7dcb8a563ed3b8eaff9a82fa006b4f26a6c852f297fd6e020,hqs_round1,27.2418978022139,0.8428830649225711,0.3216523639857769,0.002311836229637265
web_nju_xianlin_06,NJU_campus_web,web_nju_xianlin_06,test,0.1,0.1001129150390625,0.01,2028,91198b4e3b2987a7dcb8a563ed3b8eaff9a82fa006b4f26a6c852f297fd6e020,hqs_5000,27.362439221938896,0.8467184531268924,0.32103093701880425,0.004717562347650528
web_nju_xianlin_06,NJU_campus_web,web_nju_xianlin_06,test,0.1,0.1001129150390625,0.01,2028,91198b4e3b2987a7dcb8a563ed3b8eaff9a82fa006b4f26a6c852f297fd6e020,hqs_10000,27.36124352686719,0.8466946162348539,0.31802006100770086,0.004552697297185659
web_nju_xianlin_06,NJU_campus_web,web_nju_xianlin_06,test,0.1,0.1001129150390625,0.05,2026,042162ef26a5b99ce2b9d5de74d677eda89486d8ef75b903d90f36017c651ea0,adjoint,23.478750925637378,0.5286493551862778,0.00025176501367241144,0.021858513355255127
web_nju_xianlin_06,NJU_campus_web,web_nju_xianlin_06,test,0.1,0.1001129150390625,0.05,2026,042162ef26a5b99ce2b9d5de74d677eda89486d8ef75b903d90f36017c651ea0,fista_dct,23.13102296227155,0.5158433043266778,0.36977679398842156,0.02539476379752159
web_nju_xianlin_06,NJU_campus_web,web_nju_xianlin_06,test,0.1,0.1001129150390625,0.05,2026,042162ef26a5b99ce2b9d5de74d677eda89486d8ef75b903d90f36017c651ea0,hqs,22.164570331800284,0.6258165458033875,0.3199632059549913,0.007038425654172897
web_nju_xianlin_06,NJU_campus_web,web_nju_xianlin_06,test,0.1,0.1001129150390625,0.05,2026,042162ef26a5b99ce2b9d5de74d677eda89486d8ef75b903d90f36017c651ea0,admm,22.737998226084496,0.6273820157080167,0.3168384839082137,0.00806085579097271
web_nju_xianlin_06,NJU_campus_web,web_nju_xianlin_06,test,0.1,0.1001129150390625,0.05,2026,042162ef26a5b99ce2b9d5de74d677eda89486d8ef75b903d90f36017c651ea0,hqs_round1,21.921742658884213,0.6213948059389307,0.3169346160721034,0.006495168898254633
web_nju_xianlin_06,NJU_campus_web,web_nju_xianlin_06,test,0.1,0.1001129150390625,0.05,2026,042162ef26a5b99ce2b9d5de74d677eda89486d8ef75b903d90f36017c651ea0,hqs_5000,25.241529131142315,0.7441768434833139,0.3245420450111851,0.03831328824162483
web_nju_xianlin_06,NJU_campus_web,web_nju_xianlin_06,test,0.1,0.1001129150390625,0.05,2026,042162ef26a5b99ce2b9d5de74d677eda89486d8ef75b903d90f36017c651ea0,hqs_10000,25.261270782320043,0.7474598146250918,0.31697604001965374,0.03835971653461456
web_nju_xianlin_06,NJU_campus_web,web_nju_xianlin_06,test,0.1,0.1001129150390625,0.05,2027,342ebf9650c5f99fa5c65075ecfecfef5106a76c6948851587d66de5ddfcf23a,adjoint,23.508559884466532,0.5301896025576349,0.0002760660136118531,0.02163642644882202
web_nju_xianlin_06,NJU_campus_web,web_nju_xianlin_06,test,0.1,0.1001129150390625,0.05,2027,342ebf9650c5f99fa5c65075ecfecfef5106a76c6948851587d66de5ddfcf23a,fista_dct,23.117141186231947,0.5131979997070317,0.3788116070209071,0.024915821850299835
web_nju_xianlin_06,NJU_campus_web,web_nju_xianlin_06,test,0.1,0.1001129150390625,0.05,2027,342ebf9650c5f99fa5c65075ecfecfef5106a76c6948851587d66de5ddfcf23a,hqs,22.56746689978516,0.634351612599832,0.31700852897483855,0.007031312212347984
web_nju_xianlin_06,NJU_campus_web,web_nju_xianlin_06,test,0.1,0.1001129150390625,0.05,2027,342ebf9650c5f99fa5c65075ecfecfef5106a76c6948851587d66de5ddfcf23a,admm,22.929201448894858,0.6372709536508099,0.3184875180013478,0.007825905457139015
web_nju_xianlin_06,NJU_campus_web,web_nju_xianlin_06,test,0.1,0.1001129150390625,0.05,2027,342ebf9650c5f99fa5c65075ecfecfef5106a76c6948851587d66de5ddfcf23a,hqs_round1,22.360612303699455,0.6300148275274204,0.3222701270133257,0.006478268653154373
web_nju_xianlin_06,NJU_campus_web,web_nju_xianlin_06,test,0.1,0.1001129150390625,0.05,2027,342ebf9650c5f99fa5c65075ecfecfef5106a76c6948851587d66de5ddfcf23a,hqs_5000,25.273816002421032,0.7451677259227895,0.3182681890903041,0.03668656572699547
web_nju_xianlin_06,NJU_campus_web,web_nju_xianlin_06,test,0.1,0.1001129150390625,0.05,2027,342ebf9650c5f99fa5c65075ecfecfef5106a76c6948851587d66de5ddfcf23a,hqs_10000,25.31208786535681,0.7497706983875986,0.3180732410401106,0.036933571100234985
web_nju_xianlin_06,NJU_campus_web,web_nju_xianlin_06,test,0.1,0.1001129150390625,0.05,2028,9b19c68bdb0012fe88bbb726526be7c349db6206846a66716403125534726b8c,adjoint,23.45187877130464,0.5310289011051809,0.00025100901257246733,0.02166925184428692
web_nju_xianlin_06,NJU_campus_web,web_nju_xianlin_06,test,0.1,0.1001129150390625,0.05,2028,9b19c68bdb0012fe88bbb726526be7c349db6206846a66716403125534726b8c,fista_dct,23.005683027350106,0.5137986825880003,0.37806657201144844,0.025252150371670723
web_nju_xianlin_06,NJU_campus_web,web_nju_xianlin_06,test,0.1,0.1001129150390625,0.05,2028,9b19c68bdb0012fe88bbb726526be7c349db6206846a66716403125534726b8c,hqs,22.42665210469351,0.6224972817856468,0.3202535449527204,0.007057042792439461
web_nju_xianlin_06,NJU_campus_web,web_nju_xianlin_06,test,0.1,0.1001129150390625,0.05,2028,9b19c68bdb0012fe88bbb726526be7c349db6206846a66716403125534726b8c,admm,22.85096869337542,0.6232941908804649,0.31841252697631717,0.007915628142654896
web_nju_xianlin_06,NJU_campus_web,web_nju_xianlin_06,test,0.1,0.1001129150390625,0.05,2028,9b19c68bdb0012fe88bbb726526be7c349db6206846a66716403125534726b8c,hqs_round1,22.211561156068104,0.6188499052799533,0.3200264270417392,0.006506509613245726
web_nju_xianlin_06,NJU_campus_web,web_nju_xianlin_06,test,0.1,0.1001129150390625,0.05,2028,9b19c68bdb0012fe88bbb726526be7c349db6206846a66716403125534726b8c,hqs_5000,25.203366371769576,0.7442092762717344,0.3168714359635487,0.037736210972070694
web_nju_xianlin_06,NJU_campus_web,web_nju_xianlin_06,test,0.1,0.1001129150390625,0.05,2028,9b19c68bdb0012fe88bbb726526be7c349db6206846a66716403125534726b8c,hqs_10000,25.254617221556597,0.7502218038324686,0.3225821879459545,0.03799796849489212
web_nju_xianlin_07,NJU_campus_web,web_nju_xianlin_07,test,0.01,0.01031494140625,0.0,2026,1b175ae6575c6a6fb7fede00e7447cd8b267b71d1a148558991faeb5debda1da,adjoint,22.861195540649582,0.4032051953419031,0.0001772299874573946,0.0017351076239719987
web_nju_xianlin_07,NJU_campus_web,web_nju_xianlin_07,test,0.01,0.01031494140625,0.0,2026,1b175ae6575c6a6fb7fede00e7447cd8b267b71d1a148558991faeb5debda1da,fista_dct,23.53803215256638,0.579731899608695,0.3250989119987935,0.0002249126264359802
web_nju_xianlin_07,NJU_campus_web,web_nju_xianlin_07,test,0.01,0.01031494140625,0.0,2026,1b175ae6575c6a6fb7fede00e7447cd8b267b71d1a148558991faeb5debda1da,hqs,25.354343686621164,0.7241329174312658,0.3289488930022344,0.0033450450282543898
web_nju_xianlin_07,NJU_campus_web,web_nju_xianlin_07,test,0.01,0.01031494140625,0.0,2026,1b175ae6575c6a6fb7fede00e7447cd8b267b71d1a148558991faeb5debda1da,admm,25.31171582618988,0.721937362642368,0.32097205601166934,0.004038464743643999
web_nju_xianlin_07,NJU_campus_web,web_nju_xianlin_07,test,0.01,0.01031494140625,0.0,2026,1b175ae6575c6a6fb7fede00e7447cd8b267b71d1a148558991faeb5debda1da,hqs_round1,25.37187883809674,0.7237536420985833,0.3205541530624032,0.003406829433515668
web_nju_xianlin_07,NJU_campus_web,web_nju_xianlin_07,test,0.01,0.01031494140625,0.0,2026,1b175ae6575c6a6fb7fede00e7447cd8b267b71d1a148558991faeb5debda1da,hqs_5000,25.40991027967273,0.7267310390519064,0.3218095760094002,0.004961461294442415
web_nju_xianlin_07,NJU_campus_web,web_nju_xianlin_07,test,0.01,0.01031494140625,0.0,2026,1b175ae6575c6a6fb7fede00e7447cd8b267b71d1a148558991faeb5debda1da,hqs_10000,25.41735519413583,0.7262940479092663,0.32375576405320317,0.004988545551896095
web_nju_xianlin_07,NJU_campus_web,web_nju_xianlin_07,test,0.04,0.041259765625,0.0,2026,759e3ee1524525bc1ac8698ee24f99ee00ea6dffccd79b24f7ff400ec5daeab9,adjoint,24.6104546776475,0.5065634151632343,0.00020353402942419052,0.0023777151945978403
web_nju_xianlin_07,NJU_campus_web,web_nju_xianlin_07,test,0.04,0.041259765625,0.0,2026,759e3ee1524525bc1ac8698ee24f99ee00ea6dffccd79b24f7ff400ec5daeab9,fista_dct,25.206577206655616,0.6069141480561404,0.34499184403102845,0.0004675766685977578
web_nju_xianlin_07,NJU_campus_web,web_nju_xianlin_07,test,0.04,0.041259765625,0.0,2026,759e3ee1524525bc1ac8698ee24f99ee00ea6dffccd79b24f7ff400ec5daeab9,hqs,28.279914895458997,0.8602560173048419,0.32448442897293717,0.0025092598516494036
web_nju_xianlin_07,NJU_campus_web,web_nju_xianlin_07,test,0.04,0.041259765625,0.0,2026,759e3ee1524525bc1ac8698ee24f99ee00ea6dffccd79b24f7ff400ec5daeab9,admm,28.275842383993684,0.8578651054089842,0.3192405820591375,0.003745643887668848
web_nju_xianlin_07,NJU_campus_web,web_nju_xianlin_07,test,0.04,0.041259765625,0.0,2026,759e3ee1524525bc1ac8698ee24f99ee00ea6dffccd79b24f7ff400ec5daeab9,hqs_round1,28.345427578183408,0.8614999925573873,0.3239455900620669,0.002678985008969903
web_nju_xianlin_07,NJU_campus_web,web_nju_xianlin_07,test,0.04,0.041259765625,0.0,2026,759e3ee1524525bc1ac8698ee24f99ee00ea6dffccd79b24f7ff400ec5daeab9,hqs_5000,28.48751754603116,0.8649038031000942,0.3209409419214353,0.0031073621939867735
web_nju_xianlin_07,NJU_campus_web,web_nju_xianlin_07,test,0.04,0.041259765625,0.0,2026,759e3ee1524525bc1ac8698ee24f99ee00ea6dffccd79b24f7ff400ec5daeab9,hqs_10000,28.4344838313422,0.8642392967955582,0.3276335879927501,0.0028574701864272356
web_nju_xianlin_07,NJU_campus_web,web_nju_xianlin_07,test,0.1,0.1001129150390625,0.0,2026,b13680d9550c05fa2406e4ec689a3c131028e8ce91fac5da51fddbd06e8f44bb,adjoint,26.170128343406493,0.6017407106158519,0.00021230406127870083,0.0029322647023946047
web_nju_xianlin_07,NJU_campus_web,web_nju_xianlin_07,test,0.1,0.1001129150390625,0.0,2026,b13680d9550c05fa2406e4ec689a3c131028e8ce91fac5da51fddbd06e8f44bb,fista_dct,26.60587201747103,0.6583137515587633,0.3898789390223101,0.000723984616342932
web_nju_xianlin_07,NJU_campus_web,web_nju_xianlin_07,test,0.1,0.1001129150390625,0.0,2026,b13680d9550c05fa2406e4ec689a3c131028e8ce91fac5da51fddbd06e8f44bb,hqs,30.81410996202783,0.922472639654398,0.3202046569203958,0.0024186139926314354
web_nju_xianlin_07,NJU_campus_web,web_nju_xianlin_07,test,0.1,0.1001129150390625,0.0,2026,b13680d9550c05fa2406e4ec689a3c131028e8ce91fac5da51fddbd06e8f44bb,admm,30.711906663863875,0.9204327029393912,0.3222311009885743,0.0030688107945024967
web_nju_xianlin_07,NJU_campus_web,web_nju_xianlin_07,test,0.1,0.1001129150390625,0.0,2026,b13680d9550c05fa2406e4ec689a3c131028e8ce91fac5da51fddbd06e8f44bb,hqs_round1,31.062115881882775,0.9263038667123318,0.34032413293607533,0.002569842152297497
web_nju_xianlin_07,NJU_campus_web,web_nju_xianlin_07,test,0.1,0.1001129150390625,0.0,2026,b13680d9550c05fa2406e4ec689a3c131028e8ce91fac5da51fddbd06e8f44bb,hqs_5000,31.42035310168008,0.9313395097107887,0.3209482099628076,0.0028394062537699938
web_nju_xianlin_07,NJU_campus_web,web_nju_xianlin_07,test,0.1,0.1001129150390625,0.0,2026,b13680d9550c05fa2406e4ec689a3c131028e8ce91fac5da51fddbd06e8f44bb,hqs_10000,31.43124262551065,0.9313765584466457,0.32113795599434525,0.002601450076326728
web_nju_xianlin_07,NJU_campus_web,web_nju_xianlin_07,test,0.25,0.25,0.0,2026,d0227967747bf0ca2b09c31b73b190231b3a334e8a3e7127190f421fd1655689,adjoint,28.595474743771796,0.7208619177391529,0.00026343902572989464,0.003674484556540847
web_nju_xianlin_07,NJU_campus_web,web_nju_xianlin_07,test,0.25,0.25,0.0,2026,d0227967747bf0ca2b09c31b73b190231b3a334e8a3e7127190f421fd1655689,fista_dct,29.202334325766483,0.7642444896130561,0.39922124391887337,0.0010803566547110677
web_nju_xianlin_07,NJU_campus_web,web_nju_xianlin_07,test,0.25,0.25,0.0,2026,d0227967747bf0ca2b09c31b73b190231b3a334e8a3e7127190f421fd1655689,hqs,35.94543569718655,0.9733220302762985,0.33799697598442435,0.002111427951604128
web_nju_xianlin_07,NJU_campus_web,web_nju_xianlin_07,test,0.25,0.25,0.0,2026,d0227967747bf0ca2b09c31b73b190231b3a334e8a3e7127190f421fd1655689,admm,35.97902079302798,0.9732529833312035,0.3232327690348029,0.002285442315042019
web_nju_xianlin_07,NJU_campus_web,web_nju_xianlin_07,test,0.25,0.25,0.0,2026,d0227967747bf0ca2b09c31b73b190231b3a334e8a3e7127190f421fd1655689,hqs_round1,36.217473875300655,0.9746656826677322,0.32050390099175274,0.0022906058002263308
web_nju_xianlin_07,NJU_campus_web,web_nju_xianlin_07,test,0.25,0.25,0.0,2026,d0227967747bf0ca2b09c31b73b190231b3a334e8a3e7127190f421fd1655689,hqs_5000,36.336684896447565,0.9749948125066757,0.32168254209682345,0.0025120072532445192
web_nju_xianlin_07,NJU_campus_web,web_nju_xianlin_07,test,0.25,0.25,0.0,2026,d0227967747bf0ca2b09c31b73b190231b3a334e8a3e7127190f421fd1655689,hqs_10000,36.3889098321838,0.9752930206608772,0.32213019696064293,0.002484692493453622
web_nju_xianlin_07,NJU_campus_web,web_nju_xianlin_07,test,0.5,0.4998931884765625,0.0,2026,e7fecb3980bbc07935446e93887a38d5435701cdab263770f7adcf843d81a61d,adjoint,31.660026238139327,0.8302618422546387,0.000369628076441586,0.004779347218573093
web_nju_xianlin_07,NJU_campus_web,web_nju_xianlin_07,test,0.5,0.4998931884765625,0.0,2026,e7fecb3980bbc07935446e93887a38d5435701cdab263770f7adcf843d81a61d,fista_dct,32.19359065947494,0.8559623109145165,0.4660602449439466,0.0014274021377786994
web_nju_xianlin_07,NJU_campus_web,web_nju_xianlin_07,test,0.5,0.4998931884765625,0.0,2026,e7fecb3980bbc07935446e93887a38d5435701cdab263770f7adcf843d81a61d,hqs,41.25663806922218,0.9912399121294022,0.32382156199309975,0.0014095385558903217
web_nju_xianlin_07,NJU_campus_web,web_nju_xianlin_07,test,0.5,0.4998931884765625,0.0,2026,e7fecb3980bbc07935446e93887a38d5435701cdab263770f7adcf843d81a61d,admm,41.27381829924629,0.9910926920366288,0.32655326393432915,0.0016392284305766225
web_nju_xianlin_07,NJU_campus_web,web_nju_xianlin_07,test,0.5,0.4998931884765625,0.0,2026,e7fecb3980bbc07935446e93887a38d5435701cdab263770f7adcf843d81a61d,hqs_round1,41.37698478097252,0.9914732527704239,0.3384348169201985,0.001794230192899704
web_nju_xianlin_07,NJU_campus_web,web_nju_xianlin_07,test,0.5,0.4998931884765625,0.0,2026,e7fecb3980bbc07935446e93887a38d5435701cdab263770f7adcf843d81a61d,hqs_5000,41.390132840529894,0.9913510896749497,0.3217280829558149,0.0019285178277641535
web_nju_xianlin_07,NJU_campus_web,web_nju_xianlin_07,test,0.5,0.4998931884765625,0.0,2026,e7fecb3980bbc07935446e93887a38d5435701cdab263770f7adcf843d81a61d,hqs_10000,41.44182779669176,0.991476530166626,0.32543907908257097,0.0021567551884800196
web_nju_xianlin_07,NJU_campus_web,web_nju_xianlin_07,test,0.1,0.1001129150390625,0.01,2026,5b18e43cdaf6b99fc401cc6cdccc9eb8c57efcdfc62423372e1ae93e8cc33e99,adjoint,26.11992139528347,0.5969526274564247,0.00024205504450947046,0.0029319897294044495
web_nju_xianlin_07,NJU_campus_web,web_nju_xianlin_07,test,0.1,0.1001129150390625,0.01,2026,5b18e43cdaf6b99fc401cc6cdccc9eb8c57efcdfc62423372e1ae93e8cc33e99,fista_dct,26.42767977747322,0.6425316207769294,0.37561714299954474,0.0007238626712933183
web_nju_xianlin_07,NJU_campus_web,web_nju_xianlin_07,test,0.1,0.1001129150390625,0.01,2026,5b18e43cdaf6b99fc401cc6cdccc9eb8c57efcdfc62423372e1ae93e8cc33e99,hqs,30.391356905511696,0.9078414290761948,0.33486233197618276,0.0019752157386392355
web_nju_xianlin_07,NJU_campus_web,web_nju_xianlin_07,test,0.1,0.1001129150390625,0.01,2026,5b18e43cdaf6b99fc401cc6cdccc9eb8c57efcdfc62423372e1ae93e8cc33e99,admm,30.374912223112958,0.9116619866321087,0.31878609594423324,0.0032293726690113544
web_nju_xianlin_07,NJU_campus_web,web_nju_xianlin_07,test,0.1,0.1001129150390625,0.01,2026,5b18e43cdaf6b99fc401cc6cdccc9eb8c57efcdfc62423372e1ae93e8cc33e99,hqs_round1,30.579163844506873,0.9125092368252278,0.3178961970843375,0.002180700656026602
web_nju_xianlin_07,NJU_campus_web,web_nju_xianlin_07,test,0.1,0.1001129150390625,0.01,2026,5b18e43cdaf6b99fc401cc6cdccc9eb8c57efcdfc62423372e1ae93e8cc33e99,hqs_5000,30.846542227730446,0.9196748918058872,0.3206463110400364,0.005494345910847187
web_nju_xianlin_07,NJU_campus_web,web_nju_xianlin_07,test,0.1,0.1001129150390625,0.01,2026,5b18e43cdaf6b99fc401cc6cdccc9eb8c57efcdfc62423372e1ae93e8cc33e99,hqs_10000,30.848810230662195,0.9194631378500462,0.3195514850085601,0.004721412435173988
web_nju_xianlin_07,NJU_campus_web,web_nju_xianlin_07,test,0.1,0.1001129150390625,0.01,2027,5d85fd22e0abaa67132c2f53cf0d8341c89c02b7e9160f91964de4ddb6c2e851,adjoint,26.117677246966913,0.59679618407878,0.0002481649862602353,0.002932376228272915
web_nju_xianlin_07,NJU_campus_web,web_nju_xianlin_07,test,0.1,0.1001129150390625,0.01,2027,5d85fd22e0abaa67132c2f53cf0d8341c89c02b7e9160f91964de4ddb6c2e851,fista_dct,26.498763244346865,0.6476682791137085,0.3867181349778548,0.0007239400874823332
web_nju_xianlin_07,NJU_campus_web,web_nju_xianlin_07,test,0.1,0.1001129150390625,0.01,2027,5d85fd22e0abaa67132c2f53cf0d8341c89c02b7e9160f91964de4ddb6c2e851,hqs,30.30778270426935,0.9057917265417575,0.32080491399392486,0.0019435937283560634
web_nju_xianlin_07,NJU_campus_web,web_nju_xianlin_07,test,0.1,0.1001129150390625,0.01,2027,5d85fd22e0abaa67132c2f53cf0d8341c89c02b7e9160f91964de4ddb6c2e851,admm,30.374430680320845,0.9108139063354731,0.32025370898190886,0.003378039924427867
web_nju_xianlin_07,NJU_campus_web,web_nju_xianlin_07,test,0.1,0.1001129150390625,0.01,2027,5d85fd22e0abaa67132c2f53cf0d8341c89c02b7e9160f91964de4ddb6c2e851,hqs_round1,30.48732936820801,0.9102513417361676,0.3208139840280637,0.002190901432186365
web_nju_xianlin_07,NJU_campus_web,web_nju_xianlin_07,test,0.1,0.1001129150390625,0.01,2027,5d85fd22e0abaa67132c2f53cf0d8341c89c02b7e9160f91964de4ddb6c2e851,hqs_5000,30.774925557755406,0.9181333975534737,0.3251718470128253,0.005808764137327671
web_nju_xianlin_07,NJU_campus_web,web_nju_xianlin_07,test,0.1,0.1001129150390625,0.01,2027,5d85fd22e0abaa67132c2f53cf0d8341c89c02b7e9160f91964de4ddb6c2e851,hqs_10000,30.770963741029224,0.9178533489985466,0.32397233496885747,0.0052867792546749115
web_nju_xianlin_07,NJU_campus_web,web_nju_xianlin_07,test,0.1,0.1001129150390625,0.01,2028,c1cdb7af4ead8e403d6c824c535d1dea00917b56ca5f1a4df21dfc30b0e8fa50,adjoint,26.119082945117196,0.5969344372916119,0.00023809296544641256,0.002931965049356222
web_nju_xianlin_07,NJU_campus_web,web_nju_xianlin_07,test,0.1,0.1001129150390625,0.01,2028,c1cdb7af4ead8e403d6c824c535d1dea00917b56ca5f1a4df21dfc30b0e8fa50,fista_dct,26.491494584834463,0.6448104461532506,0.37545233801938593,0.0007248403271660209
web_nju_xianlin_07,NJU_campus_web,web_nju_xianlin_07,test,0.1,0.1001129150390625,0.01,2028,c1cdb7af4ead8e403d6c824c535d1dea00917b56ca5f1a4df21dfc30b0e8fa50,hqs,30.442199675511223,0.9078458351526261,0.32008573703933507,0.0020152658689767122
web_nju_xianlin_07,NJU_campus_web,web_nju_xianlin_07,test,0.1,0.1001129150390625,0.01,2028,c1cdb7af4ead8e403d6c824c535d1dea00917b56ca5f1a4df21dfc30b0e8fa50,admm,30.449040657391045,0.9121974443579912,0.32358712097629905,0.0034368233755230904
web_nju_xianlin_07,NJU_campus_web,web_nju_xianlin_07,test,0.1,0.1001129150390625,0.01,2028,c1cdb7af4ead8e403d6c824c535d1dea00917b56ca5f1a4df21dfc30b0e8fa50,hqs_round1,30.596344849132343,0.9123883751231432,0.31750588794238865,0.0022375842090696096
web_nju_xianlin_07,NJU_campus_web,web_nju_xianlin_07,test,0.1,0.1001129150390625,0.01,2028,c1cdb7af4ead8e403d6c824c535d1dea00917b56ca5f1a4df21dfc30b0e8fa50,hqs_5000,30.8172061034179,0.919164612809658,0.31806061894167215,0.005704902578145266
web_nju_xianlin_07,NJU_campus_web,web_nju_xianlin_07,test,0.1,0.1001129150390625,0.01,2028,c1cdb7af4ead8e403d6c824c535d1dea00917b56ca5f1a4df21dfc30b0e8fa50,hqs_10000,30.836995900831624,0.9192043138201237,0.3191014670301229,0.004927590489387512
web_nju_xianlin_07,NJU_campus_web,web_nju_xianlin_07,test,0.1,0.1001129150390625,0.05,2026,996f9ccdd1904fad7d144c135d9c8d3022e3abaf94408c7dd231714407c657a8,adjoint,25.061078327998363,0.5079830903493301,0.00023308407980948687,0.0029289512895047665
web_nju_xianlin_07,NJU_campus_web,web_nju_xianlin_07,test,0.1,0.1001129150390625,0.05,2026,996f9ccdd1904fad7d144c135d9c8d3022e3abaf94408c7dd231714407c657a8,fista_dct,24.66765748184116,0.48725800704067107,0.38483431900385767,0.0007581397658213973
web_nju_xianlin_07,NJU_campus_web,web_nju_xianlin_07,test,0.1,0.1001129150390625,0.05,2026,996f9ccdd1904fad7d144c135d9c8d3022e3abaf94408c7dd231714407c657a8,hqs,27.00797852927739,0.6894888073842244,0.3174062989419326,0.0020897076465189457
web_nju_xianlin_07,NJU_campus_web,web_nju_xianlin_07,test,0.1,0.1001129150390625,0.05,2026,996f9ccdd1904fad7d144c135d9c8d3022e3abaf94408c7dd231714407c657a8,admm,27.05676629442392,0.6988757122544925,0.3147986870026216,0.003738307859748602
web_nju_xianlin_07,NJU_campus_web,web_nju_xianlin_07,test,0.1,0.1001129150390625,0.05,2026,996f9ccdd1904fad7d144c135d9c8d3022e3abaf94408c7dd231714407c657a8,hqs_round1,26.941875808481456,0.6939444020633344,0.3180605850648135,0.001953727100044489
web_nju_xianlin_07,NJU_campus_web,web_nju_xianlin_07,test,0.1,0.1001129150390625,0.05,2026,996f9ccdd1904fad7d144c135d9c8d3022e3abaf94408c7dd231714407c657a8,hqs_5000,28.592530557490797,0.8607255081484056,0.32023306796327233,0.04232686385512352
web_nju_xianlin_07,NJU_campus_web,web_nju_xianlin_07,test,0.1,0.1001129150390625,0.05,2026,996f9ccdd1904fad7d144c135d9c8d3022e3abaf94408c7dd231714407c657a8,hqs_10000,28.640167635044776,0.8644717112725824,0.3200472400058061,0.03889251872897148
web_nju_xianlin_07,NJU_campus_web,web_nju_xianlin_07,test,0.1,0.1001129150390625,0.05,2027,d09fd215fa20160da4df04318bd52b7745f3cd1ce8de86235eee849df6a507d3,adjoint,25.020084409714638,0.5037341991630127,0.0002467490267008543,0.002930674236267805
web_nju_xianlin_07,NJU_campus_web,web_nju_xianlin_07,test,0.1,0.1001129150390625,0.05,2027,d09fd215fa20160da4df04318bd52b7745f3cd1ce8de86235eee849df6a507d3,fista_dct,24.741978711322773,0.49168437130493603,0.3853172600502148,0.0007424046052619815
web_nju_xianlin_07,NJU_campus_web,web_nju_xianlin_07,test,0.1,0.1001129150390625,0.05,2027,d09fd215fa20160da4df04318bd52b7745f3cd1ce8de86235eee849df6a507d3,hqs,26.768649168770317,0.665495750886202,0.3185538270045072,0.002119494369253516
web_nju_xianlin_07,NJU_campus_web,web_nju_xianlin_07,test,0.1,0.1001129150390625,0.05,2027,d09fd215fa20160da4df04318bd52b7745f3cd1ce8de86235eee849df6a507d3,admm,26.835656864124722,0.6751195969945123,0.3199452660046518,0.0036679664626717567
web_nju_xianlin_07,NJU_campus_web,web_nju_xianlin_07,test,0.1,0.1001129150390625,0.05,2027,d09fd215fa20160da4df04318bd52b7745f3cd1ce8de86235eee849df6a507d3,hqs_round1,26.748714151088432,0.6720882826046273,0.32170792599208653,0.0020479748491197824
web_nju_xianlin_07,NJU_campus_web,web_nju_xianlin_07,test,0.1,0.1001129150390625,0.05,2027,d09fd215fa20160da4df04318bd52b7745f3cd1ce8de86235eee849df6a507d3,hqs_5000,28.564955672905626,0.8570938213492073,0.3211122649954632,0.04323185235261917
web_nju_xianlin_07,NJU_campus_web,web_nju_xianlin_07,test,0.1,0.1001129150390625,0.05,2027,d09fd215fa20160da4df04318bd52b7745f3cd1ce8de86235eee849df6a507d3,hqs_10000,28.675352685875044,0.8615434790264033,0.3202655880013481,0.04033191129565239
web_nju_xianlin_07,NJU_campus_web,web_nju_xianlin_07,test,0.1,0.1001129150390625,0.05,2028,a82b1cb8cd8f8105ea74bb542ee34c39a85fdfa257628aabdd83902e0a452b04,adjoint,25.047714544639792,0.5059635660652458,0.00029468198772519827,0.002930095884948969
web_nju_xianlin_07,NJU_campus_web,web_nju_xianlin_07,test,0.1,0.1001129150390625,0.05,2028,a82b1cb8cd8f8105ea74bb542ee34c39a85fdfa257628aabdd83902e0a452b04,fista_dct,24.79227691535946,0.49573902658728275,0.38235912297386676,0.0007400291506201029
web_nju_xianlin_07,NJU_campus_web,web_nju_xianlin_07,test,0.1,0.1001129150390625,0.05,2028,a82b1cb8cd8f8105ea74bb542ee34c39a85fdfa257628aabdd83902e0a452b04,hqs,26.87201478885413,0.6765272509694062,0.3277145749889314,0.0021683420054614544
web_nju_xianlin_07,NJU_campus_web,web_nju_xianlin_07,test,0.1,0.1001129150390625,0.05,2028,a82b1cb8cd8f8105ea74bb542ee34c39a85fdfa257628aabdd83902e0a452b04,admm,26.974533787275288,0.6877746171546835,0.3164437619270757,0.004043702967464924
web_nju_xianlin_07,NJU_campus_web,web_nju_xianlin_07,test,0.1,0.1001129150390625,0.05,2028,a82b1cb8cd8f8105ea74bb542ee34c39a85fdfa257628aabdd83902e0a452b04,hqs_round1,26.846248220236358,0.6813697605495118,0.3259130109800026,0.0020542980637401342
web_nju_xianlin_07,NJU_campus_web,web_nju_xianlin_07,test,0.1,0.1001129150390625,0.05,2028,a82b1cb8cd8f8105ea74bb542ee34c39a85fdfa257628aabdd83902e0a452b04,hqs_5000,28.420963464952514,0.853302711958468,0.3200212810188532,0.0427820049226284
web_nju_xianlin_07,NJU_campus_web,web_nju_xianlin_07,test,0.1,0.1001129150390625,0.05,2028,a82b1cb8cd8f8105ea74bb542ee34c39a85fdfa257628aabdd83902e0a452b04,hqs_10000,28.519911089630213,0.8587390626201331,0.32044123497325927,0.039690375328063965
web_nju_xianlin_08,NJU_campus_web,web_nju_xianlin_08,test,0.01,0.01031494140625,0.0,2026,5e85456069ded67034104e6de375cda9c1dcdd3f8a2a51a5286703c85db398ed,adjoint,22.140790644991934,0.3649651713011719,0.00015303899999707937,0.0034738811664283276
web_nju_xianlin_08,NJU_campus_web,web_nju_xianlin_08,test,0.01,0.01031494140625,0.0,2026,5e85456069ded67034104e6de375cda9c1dcdd3f8a2a51a5286703c85db398ed,fista_dct,22.99291249286757,0.4800375834959231,0.3212362340418622,0.006581924855709076
web_nju_xianlin_08,NJU_campus_web,web_nju_xianlin_08,test,0.01,0.01031494140625,0.0,2026,5e85456069ded67034104e6de375cda9c1dcdd3f8a2a51a5286703c85db398ed,hqs,24.44384433080964,0.5970143211320743,0.31710027100052685,0.0026696743443608284
web_nju_xianlin_08,NJU_campus_web,web_nju_xianlin_08,test,0.01,0.01031494140625,0.0,2026,5e85456069ded67034104e6de375cda9c1dcdd3f8a2a51a5286703c85db398ed,admm,24.448771388446275,0.5971900183059051,0.31643050198908895,0.004079574719071388
web_nju_xianlin_08,NJU_campus_web,web_nju_xianlin_08,test,0.01,0.01031494140625,0.0,2026,5e85456069ded67034104e6de375cda9c1dcdd3f8a2a51a5286703c85db398ed,hqs_round1,24.46355763226711,0.5975425176202867,0.31524930393788964,0.0025440973695367575
web_nju_xianlin_08,NJU_campus_web,web_nju_xianlin_08,test,0.01,0.01031494140625,0.0,2026,5e85456069ded67034104e6de375cda9c1dcdd3f8a2a51a5286703c85db398ed,hqs_5000,24.48757539213363,0.5943513359399599,0.3148981030099094,0.0037655120249837637
web_nju_xianlin_08,NJU_campus_web,web_nju_xianlin_08,test,0.01,0.01031494140625,0.0,2026,5e85456069ded67034104e6de375cda9c1dcdd3f8a2a51a5286703c85db398ed,hqs_10000,24.483926240650256,0.595072779602738,0.31103385996539146,0.003141392022371292
web_nju_xianlin_08,NJU_campus_web,web_nju_xianlin_08,test,0.04,0.041259765625,0.0,2026,b5b464ae39c042a88f4fce5bf04a72ca74c17c838198335f7ea0d74767e5f2fe,adjoint,23.958979506929005,0.4670998329584685,0.00021981599275022745,0.004075942095369101
web_nju_xianlin_08,NJU_campus_web,web_nju_xianlin_08,test,0.04,0.041259765625,0.0,2026,b5b464ae39c042a88f4fce5bf04a72ca74c17c838198335f7ea0d74767e5f2fe,fista_dct,24.733891751718986,0.546645171734149,0.34005189104937017,0.004745477810502052
web_nju_xianlin_08,NJU_campus_web,web_nju_xianlin_08,test,0.04,0.041259765625,0.0,2026,b5b464ae39c042a88f4fce5bf04a72ca74c17c838198335f7ea0d74767e5f2fe,hqs,27.41602073160262,0.7565863841379545,0.3138426650548354,0.0022918707691133022
web_nju_xianlin_08,NJU_campus_web,web_nju_xianlin_08,test,0.04,0.041259765625,0.0,2026,b5b464ae39c042a88f4fce5bf04a72ca74c17c838198335f7ea0d74767e5f2fe,admm,27.426506702922833,0.7526713110916949,0.3220972619019449,0.0044183856807649136
web_nju_xianlin_08,NJU_campus_web,web_nju_xianlin_08,test,0.04,0.041259765625,0.0,2026,b5b464ae39c042a88f4fce5bf04a72ca74c17c838198335f7ea0d74767e5f2fe,hqs_round1,27.48587729763592,0.7575652926606983,0.32390870596282184,0.002409715671092272
web_nju_xianlin_08,NJU_campus_web,web_nju_xianlin_08,test,0.04,0.041259765625,0.0,2026,b5b464ae39c042a88f4fce5bf04a72ca74c17c838198335f7ea0d74767e5f2fe,hqs_5000,27.487802765611317,0.7555192381919529,0.3180856319377199,0.003466243389993906
web_nju_xianlin_08,NJU_campus_web,web_nju_xianlin_08,test,0.04,0.041259765625,0.0,2026,b5b464ae39c042a88f4fce5bf04a72ca74c17c838198335f7ea0d74767e5f2fe,hqs_10000,27.497010791914732,0.7576182494055796,0.318713663960807,0.0028607130516320467
web_nju_xianlin_08,NJU_campus_web,web_nju_xianlin_08,test,0.1,0.1001129150390625,0.0,2026,46dc3d33b4866a070bda3e521f3b3f36a07010feb6c242da7ff7a291e73a1f45,adjoint,25.425236528769886,0.5716439156747121,0.00027576705906540155,0.004496740642935038
web_nju_xianlin_08,NJU_campus_web,web_nju_xianlin_08,test,0.1,0.1001129150390625,0.0,2026,46dc3d33b4866a070bda3e521f3b3f36a07010feb6c242da7ff7a291e73a1f45,fista_dct,26.187072605539345,0.6280927158901021,0.3879829020006582,0.004187113605439663
web_nju_xianlin_08,NJU_campus_web,web_nju_xianlin_08,test,0.1,0.1001129150390625,0.0,2026,46dc3d33b4866a070bda3e521f3b3f36a07010feb6c242da7ff7a291e73a1f45,hqs,30.039365595806338,0.8541341648658514,0.32165285001974553,0.00223081954754889
web_nju_xianlin_08,NJU_campus_web,web_nju_xianlin_08,test,0.1,0.1001129150390625,0.0,2026,46dc3d33b4866a070bda3e521f3b3f36a07010feb6c242da7ff7a291e73a1f45,admm,30.04725438493672,0.8521661054935455,0.31672996503766626,0.003392931306734681
web_nju_xianlin_08,NJU_campus_web,web_nju_xianlin_08,test,0.1,0.1001129150390625,0.0,2026,46dc3d33b4866a070bda3e521f3b3f36a07010feb6c242da7ff7a291e73a1f45,hqs_round1,30.145843072553724,0.8553980419784785,0.3166306640487164,0.0024678425397723913
web_nju_xianlin_08,NJU_campus_web,web_nju_xianlin_08,test,0.1,0.1001129150390625,0.0,2026,46dc3d33b4866a070bda3e521f3b3f36a07010feb6c242da7ff7a291e73a1f45,hqs_5000,30.149852305076443,0.8534168995589465,0.3180369259789586,0.0031558379996567965
web_nju_xianlin_08,NJU_campus_web,web_nju_xianlin_08,test,0.1,0.1001129150390625,0.0,2026,46dc3d33b4866a070bda3e521f3b3f36a07010feb6c242da7ff7a291e73a1f45,hqs_10000,30.158499072224842,0.85449071639736,0.32062142703216523,0.002470079343765974
web_nju_xianlin_08,NJU_campus_web,web_nju_xianlin_08,test,0.25,0.25,0.0,2026,2f00663a0d330a139b1091229e677a6e84f8de879b4855bee339212afec3af63,adjoint,28.01814138474018,0.7169169871687293,0.00031258200760930777,0.004707191605120897
web_nju_xianlin_08,NJU_campus_web,web_nju_xianlin_08,test,0.25,0.25,0.0,2026,2f00663a0d330a139b1091229e677a6e84f8de879b4855bee339212afec3af63,fista_dct,28.90978792473142,0.7682335066351891,0.39599418302532285,0.0034187587443739176
web_nju_xianlin_08,NJU_campus_web,web_nju_xianlin_08,test,0.25,0.25,0.0,2026,2f00663a0d330a139b1091229e677a6e84f8de879b4855bee339212afec3af63,hqs,34.2280282880716,0.9356023901529312,0.32480737497098744,0.0017945599975064397
web_nju_xianlin_08,NJU_campus_web,web_nju_xianlin_08,test,0.25,0.25,0.0,2026,2f00663a0d330a139b1091229e677a6e84f8de879b4855bee339212afec3af63,admm,34.23997347956209,0.9351525533463955,0.3148696139687672,0.00237724999897182
web_nju_xianlin_08,NJU_campus_web,web_nju_xianlin_08,test,0.25,0.25,0.0,2026,2f00663a0d330a139b1091229e677a6e84f8de879b4855bee339212afec3af63,hqs_round1,34.352532599185615,0.9369457384278774,0.32095415599178523,0.002034003846347332
web_nju_xianlin_08,NJU_campus_web,web_nju_xianlin_08,test,0.25,0.25,0.0,2026,2f00663a0d330a139b1091229e677a6e84f8de879b4855bee339212afec3af63,hqs_5000,34.4590633944687,0.9376983565540313,0.31999742006883025,0.0024036830291152
web_nju_xianlin_08,NJU_campus_web,web_nju_xianlin_08,test,0.25,0.25,0.0,2026,2f00663a0d330a139b1091229e677a6e84f8de879b4855bee339212afec3af63,hqs_10000,34.49377159099833,0.9382829977293015,0.3196863770717755,0.0021784172859042883
web_nju_xianlin_08,NJU_campus_web,web_nju_xianlin_08,test,0.5,0.4998931884765625,0.0,2026,2c3f6bc314bd981a2671df82bdf559cc70dbd473c91bb36454ed82d532116c2f,adjoint,30.953292139219556,0.8218480654211044,0.00043343903962522745,0.005121174268424511
web_nju_xianlin_08,NJU_campus_web,web_nju_xianlin_08,test,0.5,0.4998931884765625,0.0,2026,2c3f6bc314bd981a2671df82bdf559cc70dbd473c91bb36454ed82d532116c2f,fista_dct,32.034719295423514,0.8632531502137184,0.4730475649703294,0.0027080599684268236
web_nju_xianlin_08,NJU_campus_web,web_nju_xianlin_08,test,0.5,0.4998931884765625,0.0,2026,2c3f6bc314bd981a2671df82bdf559cc70dbd473c91bb36454ed82d532116c2f,hqs,39.52188782297545,0.9777651428718567,0.31567160796839744,0.001430588774383068
web_nju_xianlin_08,NJU_campus_web,web_nju_xianlin_08,test,0.5,0.4998931884765625,0.0,2026,2c3f6bc314bd981a2671df82bdf559cc70dbd473c91bb36454ed82d532116c2f,admm,39.49745932661978,0.9774637104334831,0.3207975249970332,0.001764266169629991
web_nju_xianlin_08,NJU_campus_web,web_nju_xianlin_08,test,0.5,0.4998931884765625,0.0,2026,2c3f6bc314bd981a2671df82bdf559cc70dbd473c91bb36454ed82d532116c2f,hqs_round1,39.694655766222155,0.9787853373785019,0.31649731402285397,0.0018904937896877527
web_nju_xianlin_08,NJU_campus_web,web_nju_xianlin_08,test,0.5,0.4998931884765625,0.0,2026,2c3f6bc314bd981a2671df82bdf559cc70dbd473c91bb36454ed82d532116c2f,hqs_5000,39.7744089048809,0.9789206263866425,0.32161591690964997,0.0019304512534290552
web_nju_xianlin_08,NJU_campus_web,web_nju_xianlin_08,test,0.5,0.4998931884765625,0.0,2026,2c3f6bc314bd981a2671df82bdf559cc70dbd473c91bb36454ed82d532116c2f,hqs_10000,39.84878930191728,0.979285829170227,0.32194443501066417,0.001956636318936944
web_nju_xianlin_08,NJU_campus_web,web_nju_xianlin_08,test,0.1,0.1001129150390625,0.01,2026,71abbac525fe73856a95499ea374c07f3163cadd4ea5ac7756562bc05036e4f2,adjoint,25.37954829896674,0.5678987764868189,0.00033304793760180473,0.0046508717350661755
web_nju_xianlin_08,NJU_campus_web,web_nju_xianlin_08,test,0.1,0.1001129150390625,0.01,2026,71abbac525fe73856a95499ea374c07f3163cadd4ea5ac7756562bc05036e4f2,fista_dct,26.152220792296074,0.6259287261819867,0.3995989329414442,0.004578250460326672
web_nju_xianlin_08,NJU_campus_web,web_nju_xianlin_08,test,0.1,0.1001129150390625,0.01,2026,71abbac525fe73856a95499ea374c07f3163cadd4ea5ac7756562bc05036e4f2,hqs,29.599650283442926,0.841131468785286,0.31832338601816446,0.002083889441564679
web_nju_xianlin_08,NJU_campus_web,web_nju_xianlin_08,test,0.1,0.1001129150390625,0.01,2026,71abbac525fe73856a95499ea374c07f3163cadd4ea5ac7756562bc05036e4f2,admm,29.676712863153707,0.8423715603909493,0.3170775540638715,0.0036730789579451084
web_nju_xianlin_08,NJU_campus_web,web_nju_xianlin_08,test,0.1,0.1001129150390625,0.01,2026,71abbac525fe73856a95499ea374c07f3163cadd4ea5ac7756562bc05036e4f2,hqs_round1,29.646830985835745,0.8420738793576956,0.31793662591371685,0.002347338479012251
web_nju_xianlin_08,NJU_campus_web,web_nju_xianlin_08,test,0.1,0.1001129150390625,0.01,2026,71abbac525fe73856a95499ea374c07f3163cadd4ea5ac7756562bc05036e4f2,hqs_5000,29.677519122426123,0.8394064893817603,0.318719420931302,0.006500434596091509
web_nju_xianlin_08,NJU_campus_web,web_nju_xianlin_08,test,0.1,0.1001129150390625,0.01,2026,71abbac525fe73856a95499ea374c07f3163cadd4ea5ac7756562bc05036e4f2,hqs_10000,29.687763744101225,0.8400088721471252,0.31717788300011307,0.005763178691267967
web_nju_xianlin_08,NJU_campus_web,web_nju_xianlin_08,test,0.1,0.1001129150390625,0.01,2027,210068a079d09716b92f40ce928d2396c856bcbbcf16fd433ceb8580b867ac71,adjoint,25.380017887523575,0.567838911886706,0.0002499270485714078,0.0046278126537799835
web_nju_xianlin_08,NJU_campus_web,web_nju_xianlin_08,test,0.1,0.1001129150390625,0.01,2027,210068a079d09716b92f40ce928d2396c856bcbbcf16fd433ceb8580b867ac71,fista_dct,26.12346289053231,0.6243922502723113,0.3892950350418687,0.00441196421161294
web_nju_xianlin_08,NJU_campus_web,web_nju_xianlin_08,test,0.1,0.1001129150390625,0.01,2027,210068a079d09716b92f40ce928d2396c856bcbbcf16fd433ceb8580b867ac71,hqs,29.660653074866534,0.8426562817728519,0.3207406020956114,0.002090230118483305
web_nju_xianlin_08,NJU_campus_web,web_nju_xianlin_08,test,0.1,0.1001129150390625,0.01,2027,210068a079d09716b92f40ce928d2396c856bcbbcf16fd433ceb8580b867ac71,admm,29.72698483615121,0.8437975677654743,0.31886254996061325,0.003692878410220146
web_nju_xianlin_08,NJU_campus_web,web_nju_xianlin_08,test,0.1,0.1001129150390625,0.01,2027,210068a079d09716b92f40ce928d2396c856bcbbcf16fd433ceb8580b867ac71,hqs_round1,29.69032625572008,0.8436323566851616,0.3250330309383571,0.002406052080914378
web_nju_xianlin_08,NJU_campus_web,web_nju_xianlin_08,test,0.1,0.1001129150390625,0.01,2027,210068a079d09716b92f40ce928d2396c856bcbbcf16fd433ceb8580b867ac71,hqs_5000,29.729916480774627,0.8411747254829407,0.3202105099335313,0.006115356460213661
web_nju_xianlin_08,NJU_campus_web,web_nju_xianlin_08,test,0.1,0.1001129150390625,0.01,2027,210068a079d09716b92f40ce928d2396c856bcbbcf16fd433ceb8580b867ac71,hqs_10000,29.728494643868657,0.8418472768888473,0.3203777029411867,0.005236358847469091
web_nju_xianlin_08,NJU_campus_web,web_nju_xianlin_08,test,0.1,0.1001129150390625,0.01,2028,9b9cbb45b22312673af991163b5a8ce8844732cba6af7550a4ac6c06d6261fc9,adjoint,25.38027854356664,0.5682113931485955,0.0002958569675683975,0.004525789525359869
web_nju_xianlin_08,NJU_campus_web,web_nju_xianlin_08,test,0.1,0.1001129150390625,0.01,2028,9b9cbb45b22312673af991163b5a8ce8844732cba6af7550a4ac6c06d6261fc9,fista_dct,26.08204640181401,0.6202483585991776,0.3950936329783872,0.004406077787280083
web_nju_xianlin_08,NJU_campus_web,web_nju_xianlin_08,test,0.1,0.1001129150390625,0.01,2028,9b9cbb45b22312673af991163b5a8ce8844732cba6af7550a4ac6c06d6261fc9,hqs,29.614830299685757,0.8425637970251441,0.32459969201590866,0.0020919048693031073
web_nju_xianlin_08,NJU_campus_web,web_nju_xianlin_08,test,0.1,0.1001129150390625,0.01,2028,9b9cbb45b22312673af991163b5a8ce8844732cba6af7550a4ac6c06d6261fc9,admm,29.660892277302512,0.842695381696105,0.3186498510185629,0.00356582785025239
web_nju_xianlin_08,NJU_campus_web,web_nju_xianlin_08,test,0.1,0.1001129150390625,0.01,2028,9b9cbb45b22312673af991163b5a8ce8844732cba6af7550a4ac6c06d6261fc9,hqs_round1,29.629340375841082,0.8429407668005228,0.3205379279097542,0.002338205697014928
web_nju_xianlin_08,NJU_campus_web,web_nju_xianlin_08,test,0.1,0.1001129150390625,0.01,2028,9b9cbb45b22312673af991163b5a8ce8844732cba6af7550a4ac6c06d6261fc9,hqs_5000,29.658863920859375,0.839846988868475,0.3186289849691093,0.006268090568482876
web_nju_xianlin_08,NJU_campus_web,web_nju_xianlin_08,test,0.1,0.1001129150390625,0.01,2028,9b9cbb45b22312673af991163b5a8ce8844732cba6af7550a4ac6c06d6261fc9,hqs_10000,29.677253799077263,0.8408418384148926,0.31515578902326524,0.005544121842831373
web_nju_xianlin_08,NJU_campus_web,web_nju_xianlin_08,test,0.1,0.1001129150390625,0.05,2026,d0bd65a7991d27ea953edd4ab249a52316aead8c884af3b45089a95bd0d4c895,adjoint,24.39836492538302,0.497303093143601,0.00027130998205393553,0.006921321153640747
web_nju_xianlin_08,NJU_campus_web,web_nju_xianlin_08,test,0.1,0.1001129150390625,0.05,2026,d0bd65a7991d27ea953edd4ab249a52316aead8c884af3b45089a95bd0d4c895,fista_dct,24.504553173783698,0.5093565722112642,0.37389929906930774,0.009579319506883621
web_nju_xianlin_08,NJU_campus_web,web_nju_xianlin_08,test,0.1,0.1001129150390625,0.05,2026,d0bd65a7991d27ea953edd4ab249a52316aead8c884af3b45089a95bd0d4c895,hqs,26.204792073384585,0.6466937901345529,0.31881676404736936,0.0022257601376622915
web_nju_xianlin_08,NJU_campus_web,web_nju_xianlin_08,test,0.1,0.1001129150390625,0.05,2026,d0bd65a7991d27ea953edd4ab249a52316aead8c884af3b45089a95bd0d4c895,admm,26.43230048098105,0.6640256901068464,0.31524395395535976,0.0042997258715331554
web_nju_xianlin_08,NJU_campus_web,web_nju_xianlin_08,test,0.1,0.1001129150390625,0.05,2026,d0bd65a7991d27ea953edd4ab249a52316aead8c884af3b45089a95bd0d4c895,hqs_round1,26.166467674766846,0.6479342195338942,0.31432910403236747,0.0018816255033016205
web_nju_xianlin_08,NJU_campus_web,web_nju_xianlin_08,test,0.1,0.1001129150390625,0.05,2026,d0bd65a7991d27ea953edd4ab249a52316aead8c884af3b45089a95bd0d4c895,hqs_5000,27.492884432939096,0.75875332291843,0.32593414292205125,0.036765191704034805
web_nju_xianlin_08,NJU_campus_web,web_nju_xianlin_08,test,0.1,0.1001129150390625,0.05,2026,d0bd65a7991d27ea953edd4ab249a52316aead8c884af3b45089a95bd0d4c895,hqs_10000,27.528649728429887,0.7620771983266249,0.3193517499603331,0.038193780928850174
web_nju_xianlin_08,NJU_campus_web,web_nju_xianlin_08,test,0.1,0.1001129150390625,0.05,2027,38c425c59cd1cad230a35a1a501945237833a04361358acff4c4ab41a98ee795,adjoint,24.416645814086507,0.49613315926426904,0.00025611999444663525,0.006614910904318094
web_nju_xianlin_08,NJU_campus_web,web_nju_xianlin_08,test,0.1,0.1001129150390625,0.05,2027,38c425c59cd1cad230a35a1a501945237833a04361358acff4c4ab41a98ee795,fista_dct,24.511269540725728,0.5083429229788792,0.3835421670228243,0.008662131614983082
web_nju_xianlin_08,NJU_campus_web,web_nju_xianlin_08,test,0.1,0.1001129150390625,0.05,2027,38c425c59cd1cad230a35a1a501945237833a04361358acff4c4ab41a98ee795,hqs,26.425078231343328,0.6496501630926729,0.3426479570334777,0.0019199777161702514
web_nju_xianlin_08,NJU_campus_web,web_nju_xianlin_08,test,0.1,0.1001129150390625,0.05,2027,38c425c59cd1cad230a35a1a501945237833a04361358acff4c4ab41a98ee795,admm,26.54781808444271,0.659904355862014,0.3519749679835513,0.0035463443491607904
web_nju_xianlin_08,NJU_campus_web,web_nju_xianlin_08,test,0.1,0.1001129150390625,0.05,2027,38c425c59cd1cad230a35a1a501945237833a04361358acff4c4ab41a98ee795,hqs_round1,26.414179491516446,0.6530956001436189,0.35933041595853865,0.0016947297845035791
web_nju_xianlin_08,NJU_campus_web,web_nju_xianlin_08,test,0.1,0.1001129150390625,0.05,2027,38c425c59cd1cad230a35a1a501945237833a04361358acff4c4ab41a98ee795,hqs_5000,27.633913439471677,0.7593576295641065,0.3557830990757793,0.035693082958459854
web_nju_xianlin_08,NJU_campus_web,web_nju_xianlin_08,test,0.1,0.1001129150390625,0.05,2027,38c425c59cd1cad230a35a1a501945237833a04361358acff4c4ab41a98ee795,hqs_10000,27.67686321286716,0.7619495199755132,0.3519118729745969,0.03730097785592079
web_nju_xianlin_08,NJU_campus_web,web_nju_xianlin_08,test,0.1,0.1001129150390625,0.05,2028,1775af217c4606143bd92a41b2e579430139087f14f6aa99fa448668de66567b,adjoint,24.424704386358624,0.49949414759959465,0.0002440490061417222,0.006233940366655588
web_nju_xianlin_08,NJU_campus_web,web_nju_xianlin_08,test,0.1,0.1001129150390625,0.05,2028,1775af217c4606143bd92a41b2e579430139087f14f6aa99fa448668de66567b,fista_dct,24.453595369428342,0.5051149358329056,0.3885583309456706,0.008575591258704662
web_nju_xianlin_08,NJU_campus_web,web_nju_xianlin_08,test,0.1,0.1001129150390625,0.05,2028,1775af217c4606143bd92a41b2e579430139087f14f6aa99fa448668de66567b,hqs,26.36837266390462,0.6572150094940029,0.35220945405308157,0.0021217248868197203
web_nju_xianlin_08,NJU_campus_web,web_nju_xianlin_08,test,0.1,0.1001129150390625,0.05,2028,1775af217c4606143bd92a41b2e579430139087f14f6aa99fa448668de66567b,admm,26.525697859644385,0.6729470752476217,0.3538685269886628,0.004267189186066389
web_nju_xianlin_08,NJU_campus_web,web_nju_xianlin_08,test,0.1,0.1001129150390625,0.05,2028,1775af217c4606143bd92a41b2e579430139087f14f6aa99fa448668de66567b,hqs_round1,26.317078066286683,0.6584626592978183,0.35312808596063405,0.0018461478175595403
web_nju_xianlin_08,NJU_campus_web,web_nju_xianlin_08,test,0.1,0.1001129150390625,0.05,2028,1775af217c4606143bd92a41b2e579430139087f14f6aa99fa448668de66567b,hqs_5000,27.58404526493299,0.7611364670243934,0.3563822259893641,0.036807868629693985
web_nju_xianlin_08,NJU_campus_web,web_nju_xianlin_08,test,0.1,0.1001129150390625,0.05,2028,1775af217c4606143bd92a41b2e579430139087f14f6aa99fa448668de66567b,hqs_10000,27.607416301371053,0.7631410122914203,0.3500457559712231,0.03756706044077873
web_nju_xianlin_09,NJU_campus_web,web_nju_xianlin_09,test,0.01,0.01031494140625,0.0,2026,8f552745fce0def8f83edfb0579e165c5d77f06291ae9125263fae84ae162802,adjoint,19.933611611142766,0.29080859010508536,0.00016075605526566505,0.001759735168889165
web_nju_xianlin_09,NJU_campus_web,web_nju_xianlin_09,test,0.01,0.01031494140625,0.0,2026,8f552745fce0def8f83edfb0579e165c5d77f06291ae9125263fae84ae162802,fista_dct,20.296599264868497,0.3620728909392036,0.33410097006708384,0.00022127156262286007
web_nju_xianlin_09,NJU_campus_web,web_nju_xianlin_09,test,0.01,0.01031494140625,0.0,2026,8f552745fce0def8f83edfb0579e165c5d77f06291ae9125263fae84ae162802,hqs,21.068795673681837,0.434651363493083,0.35412363603245467,0.0029370142146945
web_nju_xianlin_09,NJU_campus_web,web_nju_xianlin_09,test,0.01,0.01031494140625,0.0,2026,8f552745fce0def8f83edfb0579e165c5d77f06291ae9125263fae84ae162802,admm,21.07747358268474,0.4310954302189675,0.35107144294306636,0.004391528200358152
web_nju_xianlin_09,NJU_campus_web,web_nju_xianlin_09,test,0.01,0.01031494140625,0.0,2026,8f552745fce0def8f83edfb0579e165c5d77f06291ae9125263fae84ae162802,hqs_round1,21.08926914961565,0.4352075839388686,0.32645625504665077,0.0028683149721473455
web_nju_xianlin_09,NJU_campus_web,web_nju_xianlin_09,test,0.01,0.01031494140625,0.0,2026,8f552745fce0def8f83edfb0579e165c5d77f06291ae9125263fae84ae162802,hqs_5000,21.07926371947282,0.4326572395303229,0.32016260898672044,0.005079233553260565
web_nju_xianlin_09,NJU_campus_web,web_nju_xianlin_09,test,0.01,0.01031494140625,0.0,2026,8f552745fce0def8f83edfb0579e165c5d77f06291ae9125263fae84ae162802,hqs_10000,21.09550224520728,0.434129352046706,0.31842469598632306,0.0026632705703377724
web_nju_xianlin_09,NJU_campus_web,web_nju_xianlin_09,test,0.04,0.041259765625,0.0,2026,345c50d66061e6153a9d17cd2307b897d1bdb8f529c5aee33f0d4e3a04d01c69,adjoint,21.726406267878197,0.441445387217908,0.0002811349695548415,0.002379023702815175
web_nju_xianlin_09,NJU_campus_web,web_nju_xianlin_09,test,0.04,0.041259765625,0.0,2026,345c50d66061e6153a9d17cd2307b897d1bdb8f529c5aee33f0d4e3a04d01c69,fista_dct,22.05861290348595,0.4737376953578074,0.3389337060507387,0.0007633318891748786
web_nju_xianlin_09,NJU_campus_web,web_nju_xianlin_09,test,0.04,0.041259765625,0.0,2026,345c50d66061e6153a9d17cd2307b897d1bdb8f529c5aee33f0d4e3a04d01c69,hqs,23.618382671120948,0.6403931220009504,0.31498828006442636,0.0033304805401712656
web_nju_xianlin_09,NJU_campus_web,web_nju_xianlin_09,test,0.04,0.041259765625,0.0,2026,345c50d66061e6153a9d17cd2307b897d1bdb8f529c5aee33f0d4e3a04d01c69,admm,23.62938017328822,0.6370379584457497,0.3201948219211772,0.0045824735425412655
web_nju_xianlin_09,NJU_campus_web,web_nju_xianlin_09,test,0.04,0.041259765625,0.0,2026,345c50d66061e6153a9d17cd2307b897d1bdb8f529c5aee33f0d4e3a04d01c69,hqs_round1,23.636451743197846,0.6398263206512599,0.31689834501594305,0.002996513620018959
web_nju_xianlin_09,NJU_campus_web,web_nju_xianlin_09,test,0.04,0.041259765625,0.0,2026,345c50d66061e6153a9d17cd2307b897d1bdb8f529c5aee33f0d4e3a04d01c69,hqs_5000,23.664325034696606,0.6407462129787381,0.33470456895884126,0.0031880089081823826
web_nju_xianlin_09,NJU_campus_web,web_nju_xianlin_09,test,0.04,0.041259765625,0.0,2026,345c50d66061e6153a9d17cd2307b897d1bdb8f529c5aee33f0d4e3a04d01c69,hqs_10000,23.656894440595188,0.6413438110674634,0.3153385210316628,0.0032003438100218773
web_nju_xianlin_09,NJU_campus_web,web_nju_xianlin_09,test,0.1,0.1001129150390625,0.0,2026,09afcb150398a9d0b044db2a53068faf1885907bdfa33257afc25385a34c6ecd,adjoint,23.20446700855713,0.571573711365968,0.00022789801005274057,0.0029123181011527777
web_nju_xianlin_09,NJU_campus_web,web_nju_xianlin_09,test,0.1,0.1001129150390625,0.0,2026,09afcb150398a9d0b044db2a53068faf1885907bdfa33257afc25385a34c6ecd,fista_dct,23.53351530330382,0.5936136463337154,0.36822988803032786,0.0007109983125701547
web_nju_xianlin_09,NJU_campus_web,web_nju_xianlin_09,test,0.1,0.1001129150390625,0.0,2026,09afcb150398a9d0b044db2a53068faf1885907bdfa33257afc25385a34c6ecd,hqs,25.67070582051111,0.7756829230434382,0.3219842700054869,0.002705697203055024
web_nju_xianlin_09,NJU_campus_web,web_nju_xianlin_09,test,0.1,0.1001129150390625,0.0,2026,09afcb150398a9d0b044db2a53068faf1885907bdfa33257afc25385a34c6ecd,admm,25.692288825269934,0.7750273534668339,0.326162070967257,0.003500535851344466
web_nju_xianlin_09,NJU_campus_web,web_nju_xianlin_09,test,0.1,0.1001129150390625,0.0,2026,09afcb150398a9d0b044db2a53068faf1885907bdfa33257afc25385a34c6ecd,hqs_round1,25.77940819959828,0.7787833222464025,0.31635474401991814,0.0028549707494676113
web_nju_xianlin_09,NJU_campus_web,web_nju_xianlin_09,test,0.1,0.1001129150390625,0.0,2026,09afcb150398a9d0b044db2a53068faf1885907bdfa33257afc25385a34c6ecd,hqs_5000,25.788851404046905,0.7775561330108121,0.3148502199910581,0.002898057457059622
web_nju_xianlin_09,NJU_campus_web,web_nju_xianlin_09,test,0.1,0.1001129150390625,0.0,2026,09afcb150398a9d0b044db2a53068faf1885907bdfa33257afc25385a34c6ecd,hqs_10000,25.800597037743888,0.7780383596218117,0.31511053105350584,0.0026291378308087587
web_nju_xianlin_09,NJU_campus_web,web_nju_xianlin_09,test,0.25,0.25,0.0,2026,c6d2fd3de5063417942eca717db4b05db64a796f9529d2c0557e66fb79e8b917,adjoint,25.51185104008356,0.7192746967081838,0.0002848519943654537,0.0036491239443421364
web_nju_xianlin_09,NJU_campus_web,web_nju_xianlin_09,test,0.25,0.25,0.0,2026,c6d2fd3de5063417942eca717db4b05db64a796f9529d2c0557e66fb79e8b917,fista_dct,25.740237862942546,0.7309151882196022,0.39525999093893915,0.001073746127076447
web_nju_xianlin_09,NJU_campus_web,web_nju_xianlin_09,test,0.25,0.25,0.0,2026,c6d2fd3de5063417942eca717db4b05db64a796f9529d2c0557e66fb79e8b917,hqs,28.91697602858596,0.8934668790049553,0.32262299198191613,0.0024531458038836718
web_nju_xianlin_09,NJU_campus_web,web_nju_xianlin_09,test,0.25,0.25,0.0,2026,c6d2fd3de5063417942eca717db4b05db64a796f9529d2c0557e66fb79e8b917,admm,28.990365383974506,0.8944112783784867,0.3248659709934145,0.00298887025564909
web_nju_xianlin_09,NJU_campus_web,web_nju_xianlin_09,test,0.25,0.25,0.0,2026,c6d2fd3de5063417942eca717db4b05db64a796f9529d2c0557e66fb79e8b917,hqs_round1,29.151257685355134,0.8982616576030255,0.31984757794998586,0.002702722791582346
web_nju_xianlin_09,NJU_campus_web,web_nju_xianlin_09,test,0.25,0.25,0.0,2026,c6d2fd3de5063417942eca717db4b05db64a796f9529d2c0557e66fb79e8b917,hqs_5000,29.157128862379196,0.8977598068954945,0.3274663219926879,0.0032258920837193727
web_nju_xianlin_09,NJU_campus_web,web_nju_xianlin_09,test,0.25,0.25,0.0,2026,c6d2fd3de5063417942eca717db4b05db64a796f9529d2c0557e66fb79e8b917,hqs_10000,29.16767777394369,0.8985102022573948,0.3230579800438136,0.003503702348098159
web_nju_xianlin_09,NJU_campus_web,web_nju_xianlin_09,test,0.5,0.4998931884765625,0.0,2026,1c1da5bafc9c21e8cd6c9eac1fc91a4854c4675862aa08ccab1b320307aece17,adjoint,28.44422804765839,0.8381964255380183,0.0005914249923080206,0.004714115522801876
web_nju_xianlin_09,NJU_campus_web,web_nju_xianlin_09,test,0.5,0.4998931884765625,0.0,2026,1c1da5bafc9c21e8cd6c9eac1fc91a4854c4675862aa08ccab1b320307aece17,fista_dct,28.642063913878744,0.8403563642582893,0.4665642320178449,0.00139900844078511
web_nju_xianlin_09,NJU_campus_web,web_nju_xianlin_09,test,0.5,0.4998931884765625,0.0,2026,1c1da5bafc9c21e8cd6c9eac1fc91a4854c4675862aa08ccab1b320307aece17,hqs,33.725787442006244,0.9640012935290336,0.3207818770315498,0.002167300321161747
web_nju_xianlin_09,NJU_campus_web,web_nju_xianlin_09,test,0.5,0.4998931884765625,0.0,2026,1c1da5bafc9c21e8cd6c9eac1fc91a4854c4675862aa08ccab1b320307aece17,admm,33.77087235277381,0.9642829385728836,0.3176112910732627,0.002806117758154869
web_nju_xianlin_09,NJU_campus_web,web_nju_xianlin_09,test,0.5,0.4998931884765625,0.0,2026,1c1da5bafc9c21e8cd6c9eac1fc91a4854c4675862aa08ccab1b320307aece17,hqs_round1,33.89625016422273,0.9653195665683746,0.3216917620738968,0.002618767786771059
web_nju_xianlin_09,NJU_campus_web,web_nju_xianlin_09,test,0.5,0.4998931884765625,0.0,2026,1c1da5bafc9c21e8cd6c9eac1fc91a4854c4675862aa08ccab1b320307aece17,hqs_5000,33.97662374995423,0.9658611110730171,0.31757926603313535,0.0030274633318185806
web_nju_xianlin_09,NJU_campus_web,web_nju_xianlin_09,test,0.5,0.4998931884765625,0.0,2026,1c1da5bafc9c21e8cd6c9eac1fc91a4854c4675862aa08ccab1b320307aece17,hqs_10000,34.10379351812821,0.9666376191601753,0.31472737598232925,0.0034178791102021933
web_nju_xianlin_09,NJU_campus_web,web_nju_xianlin_09,test,0.1,0.1001129150390625,0.01,2026,1b1becad409ccef671477f1dc8273da41ef68d5e3a99d2a3c71743fd22df7fdb,adjoint,23.17709957498706,0.569598338652925,0.0002625390188768506,0.0029118757229298353
web_nju_xianlin_09,NJU_campus_web,web_nju_xianlin_09,test,0.1,0.1001129150390625,0.01,2026,1b1becad409ccef671477f1dc8273da41ef68d5e3a99d2a3c71743fd22df7fdb,fista_dct,23.498018042335595,0.5920090008754335,0.3821584739489481,0.0007213602075353265
web_nju_xianlin_09,NJU_campus_web,web_nju_xianlin_09,test,0.1,0.1001129150390625,0.01,2026,1b1becad409ccef671477f1dc8273da41ef68d5e3a99d2a3c71743fd22df7fdb,hqs,25.542851439926526,0.768762774736166,0.31426350597757846,0.0026732890401035547
web_nju_xianlin_09,NJU_campus_web,web_nju_xianlin_09,test,0.1,0.1001129150390625,0.01,2026,1b1becad409ccef671477f1dc8273da41ef68d5e3a99d2a3c71743fd22df7fdb,admm,25.576558345282912,0.7696461322668194,0.31646520807407796,0.003654096508398652
web_nju_xianlin_09,NJU_campus_web,web_nju_xianlin_09,test,0.1,0.1001129150390625,0.01,2026,1b1becad409ccef671477f1dc8273da41ef68d5e3a99d2a3c71743fd22df7fdb,hqs_round1,25.617519715475158,0.7712611194972386,0.3195139920571819,0.0028830331284552813
web_nju_xianlin_09,NJU_campus_web,web_nju_xianlin_09,test,0.1,0.1001129150390625,0.01,2026,1b1becad409ccef671477f1dc8273da41ef68d5e3a99d2a3c71743fd22df7fdb,hqs_5000,25.632816703301202,0.7697774812347591,0.31748363794758916,0.004374980460852385
web_nju_xianlin_09,NJU_campus_web,web_nju_xianlin_09,test,0.1,0.1001129150390625,0.01,2026,1b1becad409ccef671477f1dc8273da41ef68d5e3a99d2a3c71743fd22df7fdb,hqs_10000,25.64641461963535,0.7700961872163974,0.3232784359715879,0.004181603901088238
web_nju_xianlin_09,NJU_campus_web,web_nju_xianlin_09,test,0.1,0.1001129150390625,0.01,2027,abdea3e0bfbebaa68044d76b7f46b7c6e24e8b61afd8e0323ac10aa4d3dac41f,adjoint,23.177735416378653,0.5697076018073075,0.0003450330113992095,0.0029130615293979645
web_nju_xianlin_09,NJU_campus_web,web_nju_xianlin_09,test,0.1,0.1001129150390625,0.01,2027,abdea3e0bfbebaa68044d76b7f46b7c6e24e8b61afd8e0323ac10aa4d3dac41f,fista_dct,23.515104632447375,0.5935040155086402,0.37271528504788876,0.0007335630943998694
web_nju_xianlin_09,NJU_campus_web,web_nju_xianlin_09,test,0.1,0.1001129150390625,0.01,2027,abdea3e0bfbebaa68044d76b7f46b7c6e24e8b61afd8e0323ac10aa4d3dac41f,hqs,25.574768439811816,0.7699325909863487,0.31761979102157056,0.002573747653514147
web_nju_xianlin_09,NJU_campus_web,web_nju_xianlin_09,test,0.1,0.1001129150390625,0.01,2027,abdea3e0bfbebaa68044d76b7f46b7c6e24e8b61afd8e0323ac10aa4d3dac41f,admm,25.595036527394342,0.7701952040964365,0.31909416895359755,0.0035452209413051605
web_nju_xianlin_09,NJU_campus_web,web_nju_xianlin_09,test,0.1,0.1001129150390625,0.01,2027,abdea3e0bfbebaa68044d76b7f46b7c6e24e8b61afd8e0323ac10aa4d3dac41f,hqs_round1,25.64854076527584,0.7723550442730859,0.3169484440004453,0.002788896905258298
web_nju_xianlin_09,NJU_campus_web,web_nju_xianlin_09,test,0.1,0.1001129150390625,0.01,2027,abdea3e0bfbebaa68044d76b7f46b7c6e24e8b61afd8e0323ac10aa4d3dac41f,hqs_5000,25.662814821685984,0.7710194329172261,0.31723642302677035,0.004203257616609335
web_nju_xianlin_09,NJU_campus_web,web_nju_xianlin_09,test,0.1,0.1001129150390625,0.01,2027,abdea3e0bfbebaa68044d76b7f46b7c6e24e8b61afd8e0323ac10aa4d3dac41f,hqs_10000,25.667296616445213,0.7712262530410886,0.3152585149509832,0.004107171669602394
web_nju_xianlin_09,NJU_campus_web,web_nju_xianlin_09,test,0.1,0.1001129150390625,0.01,2028,2ff0980e91f00f5ab309f2a4fd1b3e9526ccff743b26ef25a66f8455e23d5238,adjoint,23.177486287274036,0.5699829176300825,0.00025203695986419916,0.0029121555853635073
web_nju_xianlin_09,NJU_campus_web,web_nju_xianlin_09,test,0.1,0.1001129150390625,0.01,2028,2ff0980e91f00f5ab309f2a4fd1b3e9526ccff743b26ef25a66f8455e23d5238,fista_dct,23.502536937325562,0.5931769727258467,0.3928072020644322,0.0007268172921612859
web_nju_xianlin_09,NJU_campus_web,web_nju_xianlin_09,test,0.1,0.1001129150390625,0.01,2028,2ff0980e91f00f5ab309f2a4fd1b3e9526ccff743b26ef25a66f8455e23d5238,hqs,25.550205191082828,0.7689352467281744,0.3537966849980876,0.0025526161771267653
web_nju_xianlin_09,NJU_campus_web,web_nju_xianlin_09,test,0.1,0.1001129150390625,0.01,2028,2ff0980e91f00f5ab309f2a4fd1b3e9526ccff743b26ef25a66f8455e23d5238,admm,25.585265926607185,0.7696097979395212,0.355743287014775,0.0034989158157259226
web_nju_xianlin_09,NJU_campus_web,web_nju_xianlin_09,test,0.1,0.1001129150390625,0.01,2028,2ff0980e91f00f5ab309f2a4fd1b3e9526ccff743b26ef25a66f8455e23d5238,hqs_round1,25.627774967883358,0.7712160947463671,0.35083933104760945,0.0027503916062414646
web_nju_xianlin_09,NJU_campus_web,web_nju_xianlin_09,test,0.1,0.1001129150390625,0.01,2028,2ff0980e91f00f5ab309f2a4fd1b3e9526ccff743b26ef25a66f8455e23d5238,hqs_5000,25.65380810918284,0.7705941101335269,0.352877454017289,0.00405568303540349
web_nju_xianlin_09,NJU_campus_web,web_nju_xianlin_09,test,0.1,0.1001129150390625,0.01,2028,2ff0980e91f00f5ab309f2a4fd1b3e9526ccff743b26ef25a66f8455e23d5238,hqs_10000,25.657707678531278,0.7709070490117055,0.35254657408222556,0.003931744024157524
web_nju_xianlin_09,NJU_campus_web,web_nju_xianlin_09,test,0.1,0.1001129150390625,0.05,2026,61e56b8a4c353fbd7333ab7763bc44440d701d20281f354342dacc81f4046e26,adjoint,22.570440337233798,0.5275835794259863,0.00021063198801130056,0.0029101332183927298
web_nju_xianlin_09,NJU_campus_web,web_nju_xianlin_09,test,0.1,0.1001129150390625,0.05,2026,61e56b8a4c353fbd7333ab7763bc44440d701d20281f354342dacc81f4046e26,fista_dct,22.48884227583992,0.5286765165557736,0.3641444779932499,0.0008174684480763972
web_nju_xianlin_09,NJU_campus_web,web_nju_xianlin_09,test,0.1,0.1001129150390625,0.05,2026,61e56b8a4c353fbd7333ab7763bc44440d701d20281f354342dacc81f4046e26,hqs,24.045831990109036,0.6621428474780063,0.3829692860599607,0.0025393953546881676
web_nju_xianlin_09,NJU_campus_web,web_nju_xianlin_09,test,0.1,0.1001129150390625,0.05,2026,61e56b8a4c353fbd7333ab7763bc44440d701d20281f354342dacc81f4046e26,admm,24.075437651170812,0.6685185366395032,0.3208371620858088,0.003572117770090699
web_nju_xianlin_09,NJU_campus_web,web_nju_xianlin_09,test,0.1,0.1001129150390625,0.05,2026,61e56b8a4c353fbd7333ab7763bc44440d701d20281f354342dacc81f4046e26,hqs_round1,24.0485612519944,0.6648960750292428,0.31621854892000556,0.0023149086628109217
web_nju_xianlin_09,NJU_campus_web,web_nju_xianlin_09,test,0.1,0.1001129150390625,0.05,2026,61e56b8a4c353fbd7333ab7763bc44440d701d20281f354342dacc81f4046e26,hqs_5000,24.457865086709223,0.7023561341361669,0.320326977991499,0.03171853348612785
web_nju_xianlin_09,NJU_campus_web,web_nju_xianlin_09,test,0.1,0.1001129150390625,0.05,2026,61e56b8a4c353fbd7333ab7763bc44440d701d20281f354342dacc81f4046e26,hqs_10000,24.450972079574854,0.7038482375515178,0.3186736439820379,0.03225386142730713
web_nju_xianlin_09,NJU_campus_web,web_nju_xianlin_09,test,0.1,0.1001129150390625,0.05,2027,28d4cfc75c2ed4fc48298c4c780de7e15cac1d1473ccc97faca355704a37df71,adjoint,22.57654050051197,0.5271509763243967,0.0003212299197912216,0.0029218278359621763
web_nju_xianlin_09,NJU_campus_web,web_nju_xianlin_09,test,0.1,0.1001129150390625,0.05,2027,28d4cfc75c2ed4fc48298c4c780de7e15cac1d1473ccc97faca355704a37df71,fista_dct,22.543906262285716,0.5330254137167391,0.3719173880526796,0.0009211038704961538
web_nju_xianlin_09,NJU_campus_web,web_nju_xianlin_09,test,0.1,0.1001129150390625,0.05,2027,28d4cfc75c2ed4fc48298c4c780de7e15cac1d1473ccc97faca355704a37df71,hqs,24.0855543540697,0.6650723830665797,0.32031713996548206,0.0024518712889403105
web_nju_xianlin_09,NJU_campus_web,web_nju_xianlin_09,test,0.1,0.1001129150390625,0.05,2027,28d4cfc75c2ed4fc48298c4c780de7e15cac1d1473ccc97faca355704a37df71,admm,24.112550515359906,0.671656947677095,0.3152407839661464,0.003327716840431094
web_nju_xianlin_09,NJU_campus_web,web_nju_xianlin_09,test,0.1,0.1001129150390625,0.05,2027,28d4cfc75c2ed4fc48298c4c780de7e15cac1d1473ccc97faca355704a37df71,hqs_round1,24.086809662797744,0.6675891643240284,0.3151756899897009,0.0022588905412703753
web_nju_xianlin_09,NJU_campus_web,web_nju_xianlin_09,test,0.1,0.1001129150390625,0.05,2027,28d4cfc75c2ed4fc48298c4c780de7e15cac1d1473ccc97faca355704a37df71,hqs_5000,24.50565923809751,0.7051664025199916,0.31891723698936403,0.031010866165161133
web_nju_xianlin_09,NJU_campus_web,web_nju_xianlin_09,test,0.1,0.1001129150390625,0.05,2027,28d4cfc75c2ed4fc48298c4c780de7e15cac1d1473ccc97faca355704a37df71,hqs_10000,24.499969004619263,0.7064740143387541,0.32070369902066886,0.03206082805991173
web_nju_xianlin_09,NJU_campus_web,web_nju_xianlin_09,test,0.1,0.1001129150390625,0.05,2028,49e95349989c32a0dba98c02805456d9981ecf43ad59f0034c66dc989b8d9407,adjoint,22.575655812129956,0.5292352580028302,0.00024388008750975132,0.0029162876307964325
web_nju_xianlin_09,NJU_campus_web,web_nju_xianlin_09,test,0.1,0.1001129150390625,0.05,2028,49e95349989c32a0dba98c02805456d9981ecf43ad59f0034c66dc989b8d9407,fista_dct,22.551961348914546,0.5338681927448726,0.37684837100096047,0.000887022353708744
web_nju_xianlin_09,NJU_campus_web,web_nju_xianlin_09,test,0.1,0.1001129150390625,0.05,2028,49e95349989c32a0dba98c02805456d9981ecf43ad59f0034c66dc989b8d9407,hqs,24.08960535624476,0.665863366898891,0.31927047111094,0.0024056346155703068
web_nju_xianlin_09,NJU_campus_web,web_nju_xianlin_09,test,0.1,0.1001129150390625,0.05,2028,49e95349989c32a0dba98c02805456d9981ecf43ad59f0034c66dc989b8d9407,admm,24.107088611564407,0.6707962927016341,0.3178961389930919,0.0030224542133510113
web_nju_xianlin_09,NJU_campus_web,web_nju_xianlin_09,test,0.1,0.1001129150390625,0.05,2028,49e95349989c32a0dba98c02805456d9981ecf43ad59f0034c66dc989b8d9407,hqs_round1,24.092635294973675,0.6683743295282834,0.3202711830381304,0.0021598965395241976
web_nju_xianlin_09,NJU_campus_web,web_nju_xianlin_09,test,0.1,0.1001129150390625,0.05,2028,49e95349989c32a0dba98c02805456d9981ecf43ad59f0034c66dc989b8d9407,hqs_5000,24.513793187334446,0.7059264314716914,0.31690614693798125,0.031040141358971596
web_nju_xianlin_09,NJU_campus_web,web_nju_xianlin_09,test,0.1,0.1001129150390625,0.05,2028,49e95349989c32a0dba98c02805456d9981ecf43ad59f0034c66dc989b8d9407,hqs_10000,24.49840364176371,0.7070546441731136,0.3173291600542143,0.031831447035074234
web_xuanwu_lake_01,Nanjing_scenic_web,web_xuanwu_lake_01,test,0.01,0.01031494140625,0.0,2026,47960b8385ed565dd8270f5a143568393e8c5b7118dc17a3523a2c9782c55f1f,adjoint,26.21357117098419,0.5490541985410917,0.0001613220665603876,0.0018073407700285316
web_xuanwu_lake_01,Nanjing_scenic_web,web_xuanwu_lake_01,test,0.01,0.01031494140625,0.0,2026,47960b8385ed565dd8270f5a143568393e8c5b7118dc17a3523a2c9782c55f1f,fista_dct,26.995326561926284,0.7190783858112061,0.32334730098955333,0.0001916586043080315
web_xuanwu_lake_01,Nanjing_scenic_web,web_xuanwu_lake_01,test,0.01,0.01031494140625,0.0,2026,47960b8385ed565dd8270f5a143568393e8c5b7118dc17a3523a2c9782c55f1f,hqs,29.02652890466193,0.8123687247409677,0.31926418689545244,0.0017940327525138855
web_xuanwu_lake_01,Nanjing_scenic_web,web_xuanwu_lake_01,test,0.01,0.01031494140625,0.0,2026,47960b8385ed565dd8270f5a143568393e8c5b7118dc17a3523a2c9782c55f1f,admm,29.025278521805124,0.8126364824222573,0.3182667400687933,0.0025611943565309048
web_xuanwu_lake_01,Nanjing_scenic_web,web_xuanwu_lake_01,test,0.01,0.01031494140625,0.0,2026,47960b8385ed565dd8270f5a143568393e8c5b7118dc17a3523a2c9782c55f1f,hqs_round1,29.00544436987362,0.8118726784267295,0.3163992220070213,0.001819117460399866
web_xuanwu_lake_01,Nanjing_scenic_web,web_xuanwu_lake_01,test,0.01,0.01031494140625,0.0,2026,47960b8385ed565dd8270f5a143568393e8c5b7118dc17a3523a2c9782c55f1f,hqs_5000,29.061939094643012,0.8129127524014413,0.31852442491799593,0.002555950079113245
web_xuanwu_lake_01,Nanjing_scenic_web,web_xuanwu_lake_01,test,0.01,0.01031494140625,0.0,2026,47960b8385ed565dd8270f5a143568393e8c5b7118dc17a3523a2c9782c55f1f,hqs_10000,28.99589411643052,0.8109123981271722,0.31942052801605314,0.0021743206307291985
web_xuanwu_lake_01,Nanjing_scenic_web,web_xuanwu_lake_01,test,0.04,0.041259765625,0.0,2026,e8c3aad5280ed4cb19d3900ba0a68933e8c8620cf279aafb2f2213ea1748e3c1,adjoint,28.050608134043422,0.6203980184030086,0.00025051506236195564,0.0024421855341643095
web_xuanwu_lake_01,Nanjing_scenic_web,web_xuanwu_lake_01,test,0.04,0.041259765625,0.0,2026,e8c3aad5280ed4cb19d3900ba0a68933e8c8620cf279aafb2f2213ea1748e3c1,fista_dct,28.8478163336948,0.719388903605653,0.3421688039088622,0.0003985892981290817
web_xuanwu_lake_01,Nanjing_scenic_web,web_xuanwu_lake_01,test,0.04,0.041259765625,0.0,2026,e8c3aad5280ed4cb19d3900ba0a68933e8c8620cf279aafb2f2213ea1748e3c1,hqs,31.661843629017888,0.8808420089144706,0.3181872880086303,0.0013135353801771998
web_xuanwu_lake_01,Nanjing_scenic_web,web_xuanwu_lake_01,test,0.04,0.041259765625,0.0,2026,e8c3aad5280ed4cb19d3900ba0a68933e8c8620cf279aafb2f2213ea1748e3c1,admm,31.675437069133864,0.8804219821454287,0.3160635840613395,0.0022848723456263542
web_xuanwu_lake_01,Nanjing_scenic_web,web_xuanwu_lake_01,test,0.04,0.041259765625,0.0,2026,e8c3aad5280ed4cb19d3900ba0a68933e8c8620cf279aafb2f2213ea1748e3c1,hqs_round1,31.69648785855172,0.8816186208944321,0.3180622939253226,0.001888513332232833
web_xuanwu_lake_01,Nanjing_scenic_web,web_xuanwu_lake_01,test,0.04,0.041259765625,0.0,2026,e8c3aad5280ed4cb19d3900ba0a68933e8c8620cf279aafb2f2213ea1748e3c1,hqs_5000,31.674816574846272,0.8810529536494016,0.32402781199198216,0.00357811595313251
web_xuanwu_lake_01,Nanjing_scenic_web,web_xuanwu_lake_01,test,0.04,0.041259765625,0.0,2026,e8c3aad5280ed4cb19d3900ba0a68933e8c8620cf279aafb2f2213ea1748e3c1,hqs_10000,31.697042714089804,0.8813220853104592,0.3199879069579765,0.0030815619975328445
web_xuanwu_lake_01,Nanjing_scenic_web,web_xuanwu_lake_01,test,0.1,0.1001129150390625,0.0,2026,fcf102df0e33b6e31f17a93737203f0f3c4a30e9cc53502c65f7c4699a2ce22e,adjoint,29.53251576687203,0.6870553201442957,0.00036135001573711634,0.002996698021888733
web_xuanwu_lake_01,Nanjing_scenic_web,web_xuanwu_lake_01,test,0.1,0.1001129150390625,0.0,2026,fcf102df0e33b6e31f17a93737203f0f3c4a30e9cc53502c65f7c4699a2ce22e,fista_dct,30.35474648566373,0.7692354180078507,0.3640837670536712,0.0006179260089993477
web_xuanwu_lake_01,Nanjing_scenic_web,web_xuanwu_lake_01,test,0.1,0.1001129150390625,0.0,2026,fcf102df0e33b6e31f17a93737203f0f3c4a30e9cc53502c65f7c4699a2ce22e,hqs,33.41663244929262,0.913508587369442,0.31943558098282665,0.0009373785578645766
web_xuanwu_lake_01,Nanjing_scenic_web,web_xuanwu_lake_01,test,0.1,0.1001129150390625,0.0,2026,fcf102df0e33b6e31f17a93737203f0f3c4a30e9cc53502c65f7c4699a2ce22e,admm,33.521384141865326,0.9142392854804993,0.3211402470478788,0.0018783066188916564
web_xuanwu_lake_01,Nanjing_scenic_web,web_xuanwu_lake_01,test,0.1,0.1001129150390625,0.0,2026,fcf102df0e33b6e31f17a93737203f0f3c4a30e9cc53502c65f7c4699a2ce22e,hqs_round1,33.57060804706673,0.9157276155166626,0.33457445993553847,0.001130663906224072
web_xuanwu_lake_01,Nanjing_scenic_web,web_xuanwu_lake_01,test,0.1,0.1001129150390625,0.0,2026,fcf102df0e33b6e31f17a93737203f0f3c4a30e9cc53502c65f7c4699a2ce22e,hqs_5000,33.592531434704355,0.9151495764269829,0.3175892879953608,0.0015083691105246544
web_xuanwu_lake_01,Nanjing_scenic_web,web_xuanwu_lake_01,test,0.1,0.1001129150390625,0.0,2026,fcf102df0e33b6e31f17a93737203f0f3c4a30e9cc53502c65f7c4699a2ce22e,hqs_10000,33.583967818777744,0.9149332714409828,0.32164012803696096,0.0015834548976272345
web_xuanwu_lake_01,Nanjing_scenic_web,web_xuanwu_lake_01,test,0.25,0.25,0.0,2026,ec110430a5d0f7a11c9a6f56d463ea7b8bfb4dc47e7ea4c2b4478fed69930cc7,adjoint,31.63879067032294,0.7739897725729943,0.0004387589870020747,0.003743282984942198
web_xuanwu_lake_01,Nanjing_scenic_web,web_xuanwu_lake_01,test,0.25,0.25,0.0,2026,ec110430a5d0f7a11c9a6f56d463ea7b8bfb4dc47e7ea4c2b4478fed69930cc7,fista_dct,32.27976737545728,0.8228857605481148,0.39508348994422704,0.0009236939367838204
web_xuanwu_lake_01,Nanjing_scenic_web,web_xuanwu_lake_01,test,0.25,0.25,0.0,2026,ec110430a5d0f7a11c9a6f56d463ea7b8bfb4dc47e7ea4c2b4478fed69930cc7,hqs,36.16955673192484,0.9458922061719894,0.33688047889154404,0.0006753435591235757
web_xuanwu_lake_01,Nanjing_scenic_web,web_xuanwu_lake_01,test,0.25,0.25,0.0,2026,ec110430a5d0f7a11c9a6f56d463ea7b8bfb4dc47e7ea4c2b4478fed69930cc7,admm,36.230563288731055,0.9462924197311401,0.31920052401255816,0.0013444341020658612
web_xuanwu_lake_01,Nanjing_scenic_web,web_xuanwu_lake_01,test,0.25,0.25,0.0,2026,ec110430a5d0f7a11c9a6f56d463ea7b8bfb4dc47e7ea4c2b4478fed69930cc7,hqs_round1,36.28831114301515,0.9475040100793839,0.31877228792291135,0.0008133876253850758
web_xuanwu_lake_01,Nanjing_scenic_web,web_xuanwu_lake_01,test,0.25,0.25,0.0,2026,ec110430a5d0f7a11c9a6f56d463ea7b8bfb4dc47e7ea4c2b4478fed69930cc7,hqs_5000,36.314562469511344,0.9461907530622482,0.32279945409391075,0.0021159627940505743
web_xuanwu_lake_01,Nanjing_scenic_web,web_xuanwu_lake_01,test,0.25,0.25,0.0,2026,ec110430a5d0f7a11c9a6f56d463ea7b8bfb4dc47e7ea4c2b4478fed69930cc7,hqs_10000,36.2815336031769,0.9450425798845291,0.3213035030057654,0.0027054876554757357
web_xuanwu_lake_01,Nanjing_scenic_web,web_xuanwu_lake_01,test,0.5,0.4998931884765625,0.0,2026,cb82d7a2a1205e73d10055428f65f7e4cca54de1399dcbe99c4101384d8411e9,adjoint,34.220760330269265,0.852112557231903,0.000582569045946002,0.00487325107678771
web_xuanwu_lake_01,Nanjing_scenic_web,web_xuanwu_lake_01,test,0.5,0.4998931884765625,0.0,2026,cb82d7a2a1205e73d10055428f65f7e4cca54de1399dcbe99c4101384d8411e9,fista_dct,35.01776986806158,0.893474676641941,0.49318797793239355,0.001220804057084024
web_xuanwu_lake_01,Nanjing_scenic_web,web_xuanwu_lake_01,test,0.5,0.4998931884765625,0.0,2026,cb82d7a2a1205e73d10055428f65f7e4cca54de1399dcbe99c4101384d8411e9,hqs,39.73752075273276,0.9715750077457428,0.3139407819835469,0.0005301465862430632
web_xuanwu_lake_01,Nanjing_scenic_web,web_xuanwu_lake_01,test,0.5,0.4998931884765625,0.0,2026,cb82d7a2a1205e73d10055428f65f7e4cca54de1399dcbe99c4101384d8411e9,admm,39.80160806528043,0.971657738869667,0.31490470690187067,0.0010437538148835301
web_xuanwu_lake_01,Nanjing_scenic_web,web_xuanwu_lake_01,test,0.5,0.4998931884765625,0.0,2026,cb82d7a2a1205e73d10055428f65f7e4cca54de1399dcbe99c4101384d8411e9,hqs_round1,39.878725788566946,0.9722105269327164,0.31530039000790566,0.0007741604349575937
web_xuanwu_lake_01,Nanjing_scenic_web,web_xuanwu_lake_01,test,0.5,0.4998931884765625,0.0,2026,cb82d7a2a1205e73d10055428f65f7e4cca54de1399dcbe99c4101384d8411e9,hqs_5000,39.800319079827744,0.9696949208211899,0.3154681520536542,0.0027731056325137615
web_xuanwu_lake_01,Nanjing_scenic_web,web_xuanwu_lake_01,test,0.5,0.4998931884765625,0.0,2026,cb82d7a2a1205e73d10055428f65f7e4cca54de1399dcbe99c4101384d8411e9,hqs_10000,39.665022964865,0.9665335654249191,0.3149016129318625,0.004036776255816221
web_xuanwu_lake_01,Nanjing_scenic_web,web_xuanwu_lake_01,test,0.1,0.1001129150390625,0.01,2026,a7b394b17e11ec2b42cd918e57fa2918a2239beaccf587ac0ac32c9bd703a077,adjoint,29.380036786654337,0.6745410550915003,0.000238724984228611,0.002996305003762245
web_xuanwu_lake_01,Nanjing_scenic_web,web_xuanwu_lake_01,test,0.1,0.1001129150390625,0.01,2026,a7b394b17e11ec2b42cd918e57fa2918a2239beaccf587ac0ac32c9bd703a077,fista_dct,29.998697625626264,0.7364567263480425,0.3730146399466321,0.0006183091318234801
web_xuanwu_lake_01,Nanjing_scenic_web,web_xuanwu_lake_01,test,0.1,0.1001129150390625,0.01,2026,a7b394b17e11ec2b42cd918e57fa2918a2239beaccf587ac0ac32c9bd703a077,hqs,32.47594298999212,0.8823536522140503,0.31577056809328496,0.0006087860092520714
web_xuanwu_lake_01,Nanjing_scenic_web,web_xuanwu_lake_01,test,0.1,0.1001129150390625,0.01,2026,a7b394b17e11ec2b42cd918e57fa2918a2239beaccf587ac0ac32c9bd703a077,admm,32.70599808490851,0.8949310353224278,0.3176987540209666,0.002143505262210965
web_xuanwu_lake_01,Nanjing_scenic_web,web_xuanwu_lake_01,test,0.1,0.1001129150390625,0.01,2026,a7b394b17e11ec2b42cd918e57fa2918a2239beaccf587ac0ac32c9bd703a077,hqs_round1,32.63933917458385,0.8899637763168812,0.316122239921242,0.0008126607863232493
web_xuanwu_lake_01,Nanjing_scenic_web,web_xuanwu_lake_01,test,0.1,0.1001129150390625,0.01,2026,a7b394b17e11ec2b42cd918e57fa2918a2239beaccf587ac0ac32c9bd703a077,hqs_5000,32.781919364407614,0.8997769678089619,0.31599989894311875,0.007496816571801901
web_xuanwu_lake_01,Nanjing_scenic_web,web_xuanwu_lake_01,test,0.1,0.1001129150390625,0.01,2026,a7b394b17e11ec2b42cd918e57fa2918a2239beaccf587ac0ac32c9bd703a077,hqs_10000,32.78214317311339,0.8996594232661724,0.31634059094358236,0.007960835471749306
web_xuanwu_lake_01,Nanjing_scenic_web,web_xuanwu_lake_01,test,0.1,0.1001129150390625,0.01,2027,980923951f041b48f3a75df5b64bfa599bb775339d2dff3073c3aa9aa3736b66,adjoint,29.38473854793257,0.6745877724444866,0.00024074199609458447,0.0029963848646730185
web_xuanwu_lake_01,Nanjing_scenic_web,web_xuanwu_lake_01,test,0.1,0.1001129150390625,0.01,2027,980923951f041b48f3a75df5b64bfa599bb775339d2dff3073c3aa9aa3736b66,fista_dct,30.049644239638322,0.7419857186689377,0.37354108691215515,0.0006182268843986094
web_xuanwu_lake_01,Nanjing_scenic_web,web_xuanwu_lake_01,test,0.1,0.1001129150390625,0.01,2027,980923951f041b48f3a75df5b64bfa599bb775339d2dff3073c3aa9aa3736b66,hqs,32.48962732971437,0.8848152525143623,0.32481494697276503,0.0006329375319182873
web_xuanwu_lake_01,Nanjing_scenic_web,web_xuanwu_lake_01,test,0.1,0.1001129150390625,0.01,2027,980923951f041b48f3a75df5b64bfa599bb775339d2dff3073c3aa9aa3736b66,admm,32.717488121423045,0.8957085279462338,0.3268391090678051,0.002164039295166731
web_xuanwu_lake_01,Nanjing_scenic_web,web_xuanwu_lake_01,test,0.1,0.1001129150390625,0.01,2027,980923951f041b48f3a75df5b64bfa599bb775339d2dff3073c3aa9aa3736b66,hqs_round1,32.644866593085844,0.890722617108345,0.32327698008157313,0.00076894904486835
web_xuanwu_lake_01,Nanjing_scenic_web,web_xuanwu_lake_01,test,0.1,0.1001129150390625,0.01,2027,980923951f041b48f3a75df5b64bfa599bb775339d2dff3073c3aa9aa3736b66,hqs_5000,32.81584806245177,0.90063022529459,0.32284445699770004,0.006776456721127033
web_xuanwu_lake_01,Nanjing_scenic_web,web_xuanwu_lake_01,test,0.1,0.1001129150390625,0.01,2027,980923951f041b48f3a75df5b64bfa599bb775339d2dff3073c3aa9aa3736b66,hqs_10000,32.801019548510965,0.9004511348159313,0.3189771620091051,0.007284468039870262
web_xuanwu_lake_01,Nanjing_scenic_web,web_xuanwu_lake_01,test,0.1,0.1001129150390625,0.01,2028,d067e31fc8699bc2cdc6e5f7834eb32ec87f4eedbc88f68f62a09119c1ef3381,adjoint,29.378042849098392,0.6742763581420184,0.0002970169298350811,0.0029968612361699343
web_xuanwu_lake_01,Nanjing_scenic_web,web_xuanwu_lake_01,test,0.1,0.1001129150390625,0.01,2028,d067e31fc8699bc2cdc6e5f7834eb32ec87f4eedbc88f68f62a09119c1ef3381,fista_dct,29.970128775355743,0.7363202571623325,0.3741138959303498,0.0006198652554303408
web_xuanwu_lake_01,Nanjing_scenic_web,web_xuanwu_lake_01,test,0.1,0.1001129150390625,0.01,2028,d067e31fc8699bc2cdc6e5f7834eb32ec87f4eedbc88f68f62a09119c1ef3381,hqs,32.49715977838229,0.8841620213274956,0.31795575004071,0.0006810116465203464
web_xuanwu_lake_01,Nanjing_scenic_web,web_xuanwu_lake_01,test,0.1,0.1001129150390625,0.01,2028,d067e31fc8699bc2cdc6e5f7834eb32ec87f4eedbc88f68f62a09119c1ef3381,admm,32.71560751306298,0.8952771003928185,0.318876720033586,0.002140019554644823
web_xuanwu_lake_01,Nanjing_scenic_web,web_xuanwu_lake_01,test,0.1,0.1001129150390625,0.01,2028,d067e31fc8699bc2cdc6e5f7834eb32ec87f4eedbc88f68f62a09119c1ef3381,hqs_round1,32.62730343048409,0.8908124849653244,0.3193177899811417,0.0008357646293006837
web_xuanwu_lake_01,Nanjing_scenic_web,web_xuanwu_lake_01,test,0.1,0.1001129150390625,0.01,2028,d067e31fc8699bc2cdc6e5f7834eb32ec87f4eedbc88f68f62a09119c1ef3381,hqs_5000,32.807713829582354,0.9005318235573768,0.31931021297350526,0.007005032151937485
web_xuanwu_lake_01,Nanjing_scenic_web,web_xuanwu_lake_01,test,0.1,0.1001129150390625,0.01,2028,d067e31fc8699bc2cdc6e5f7834eb32ec87f4eedbc88f68f62a09119c1ef3381,hqs_10000,32.80197538715448,0.9004964164896011,0.3204695750027895,0.007362367119640112
web_xuanwu_lake_01,Nanjing_scenic_web,web_xuanwu_lake_01,test,0.1,0.1001129150390625,0.05,2026,40f1cfd4fb39a45cbe66bd742dcf5983ae927809239121bd471d8e2bdad7ad3f,adjoint,26.764732431393284,0.4892722947278444,0.0002780869835987687,0.0029934418853372335
web_xuanwu_lake_01,Nanjing_scenic_web,web_xuanwu_lake_01,test,0.1,0.1001129150390625,0.05,2026,40f1cfd4fb39a45cbe66bd742dcf5983ae927809239121bd471d8e2bdad7ad3f,fista_dct,25.86340622418444,0.44185211578293493,0.37403229204937816,0.0006240194197744131
web_xuanwu_lake_01,Nanjing_scenic_web,web_xuanwu_lake_01,test,0.1,0.1001129150390625,0.05,2026,40f1cfd4fb39a45cbe66bd742dcf5983ae927809239121bd471d8e2bdad7ad3f,hqs,27.218802889408295,0.5469432580729648,0.3237969420151785,0.0007800439489074051
web_xuanwu_lake_01,Nanjing_scenic_web,web_xuanwu_lake_01,test,0.1,0.1001129150390625,0.05,2026,40f1cfd4fb39a45cbe66bd742dcf5983ae927809239121bd471d8e2bdad7ad3f,admm,27.680840125465632,0.5766700464064479,0.31734149309340864,0.0020311051048338413
web_xuanwu_lake_01,Nanjing_scenic_web,web_xuanwu_lake_01,test,0.1,0.1001129150390625,0.05,2026,40f1cfd4fb39a45cbe66bd742dcf5983ae927809239121bd471d8e2bdad7ad3f,hqs_round1,27.460257960564043,0.5662583380390406,0.318378722993657,0.0007636438822373748
web_xuanwu_lake_01,Nanjing_scenic_web,web_xuanwu_lake_01,test,0.1,0.1001129150390625,0.05,2026,40f1cfd4fb39a45cbe66bd742dcf5983ae927809239121bd471d8e2bdad7ad3f,hqs_5000,30.47744079183324,0.8475127132647038,0.3203853020677343,0.0464392751455307
web_xuanwu_lake_01,Nanjing_scenic_web,web_xuanwu_lake_01,test,0.1,0.1001129150390625,0.05,2026,40f1cfd4fb39a45cbe66bd742dcf5983ae927809239121bd471d8e2bdad7ad3f,hqs_10000,30.49644325616888,0.8503595035364628,0.31639204593375325,0.04449189826846123
web_xuanwu_lake_01,Nanjing_scenic_web,web_xuanwu_lake_01,test,0.1,0.1001129150390625,0.05,2027,f84019742f561ad699ec6fe9a38df62371fd5bba69e671af1e1b2d79fc773cf6,adjoint,26.821447277718566,0.4928249241105542,0.0003346119774505496,0.0029928400181233883
web_xuanwu_lake_01,Nanjing_scenic_web,web_xuanwu_lake_01,test,0.1,0.1001129150390625,0.05,2027,f84019742f561ad699ec6fe9a38df62371fd5bba69e671af1e1b2d79fc773cf6,fista_dct,25.93112208851611,0.44702221695296096,0.37750443001277745,0.0006230868166312575
web_xuanwu_lake_01,Nanjing_scenic_web,web_xuanwu_lake_01,test,0.1,0.1001129150390625,0.05,2027,f84019742f561ad699ec6fe9a38df62371fd5bba69e671af1e1b2d79fc773cf6,hqs,27.375069006855355,0.5576611091470085,0.3242937099421397,0.0007911373977549374
web_xuanwu_lake_01,Nanjing_scenic_web,web_xuanwu_lake_01,test,0.1,0.1001129150390625,0.05,2027,f84019742f561ad699ec6fe9a38df62371fd5bba69e671af1e1b2d79fc773cf6,admm,27.81715079654508,0.5916145640368089,0.32318541896529496,0.0021057205740362406
web_xuanwu_lake_01,Nanjing_scenic_web,web_xuanwu_lake_01,test,0.1,0.1001129150390625,0.05,2027,f84019742f561ad699ec6fe9a38df62371fd5bba69e671af1e1b2d79fc773cf6,hqs_round1,27.559531566023505,0.5760979148091916,0.3265830019954592,0.000702335499227047
web_xuanwu_lake_01,Nanjing_scenic_web,web_xuanwu_lake_01,test,0.1,0.1001129150390625,0.05,2027,f84019742f561ad699ec6fe9a38df62371fd5bba69e671af1e1b2d79fc773cf6,hqs_5000,30.543320880182748,0.8481331622118949,0.32149551110342145,0.04562370106577873
web_xuanwu_lake_01,Nanjing_scenic_web,web_xuanwu_lake_01,test,0.1,0.1001129150390625,0.05,2027,f84019742f561ad699ec6fe9a38df62371fd5bba69e671af1e1b2d79fc773cf6,hqs_10000,30.544126964216908,0.8511352477735803,0.321707583963871,0.04260440543293953
web_xuanwu_lake_01,Nanjing_scenic_web,web_xuanwu_lake_01,test,0.1,0.1001129150390625,0.05,2028,9e7dd934af22e2f4cf85fc2ec79a9507361df9451046a74abd9f771d037aad78,adjoint,26.736942719680265,0.49016635995595065,0.00036991003435105085,0.0029954463243484497
web_xuanwu_lake_01,Nanjing_scenic_web,web_xuanwu_lake_01,test,0.1,0.1001129150390625,0.05,2028,9e7dd934af22e2f4cf85fc2ec79a9507361df9451046a74abd9f771d037aad78,fista_dct,25.88084919269268,0.44720783473386055,0.37432026001624763,0.0006231951992958784
web_xuanwu_lake_01,Nanjing_scenic_web,web_xuanwu_lake_01,test,0.1,0.1001129150390625,0.05,2028,9e7dd934af22e2f4cf85fc2ec79a9507361df9451046a74abd9f771d037aad78,hqs,27.195597224949715,0.5531605142248904,0.3146204910008237,0.000934277311898768
web_xuanwu_lake_01,Nanjing_scenic_web,web_xuanwu_lake_01,test,0.1,0.1001129150390625,0.05,2028,9e7dd934af22e2f4cf85fc2ec79a9507361df9451046a74abd9f771d037aad78,admm,27.60623849377135,0.5857658773263265,0.32016530202236027,0.00219859485514462
web_xuanwu_lake_01,Nanjing_scenic_web,web_xuanwu_lake_01,test,0.1,0.1001129150390625,0.05,2028,9e7dd934af22e2f4cf85fc2ec79a9507361df9451046a74abd9f771d037aad78,hqs_round1,27.43933312196979,0.5753471750025954,0.3178523189853877,0.0008087430032901466
web_xuanwu_lake_01,Nanjing_scenic_web,web_xuanwu_lake_01,test,0.1,0.1001129150390625,0.05,2028,9e7dd934af22e2f4cf85fc2ec79a9507361df9451046a74abd9f771d037aad78,hqs_5000,30.412849923281826,0.84698263377738,0.3173923419089988,0.04652468487620354
web_xuanwu_lake_01,Nanjing_scenic_web,web_xuanwu_lake_01,test,0.1,0.1001129150390625,0.05,2028,9e7dd934af22e2f4cf85fc2ec79a9507361df9451046a74abd9f771d037aad78,hqs_10000,30.43005340396526,0.8502846428416521,0.3162615488981828,0.04386451095342636
web_xuanwu_lake_02,Nanjing_scenic_web,web_xuanwu_lake_02,test,0.01,0.01031494140625,0.0,2026,4dfcf96a456a5a4a333ca3543fac568c371be4440115d55fb8d714f4021548a1,adjoint,23.514594660647376,0.4358942526864548,0.00017373193986713886,0.0017751411069184542
web_xuanwu_lake_02,Nanjing_scenic_web,web_xuanwu_lake_02,test,0.01,0.01031494140625,0.0,2026,4dfcf96a456a5a4a333ca3543fac568c371be4440115d55fb8d714f4021548a1,fista_dct,24.366345477294256,0.5759805253123261,0.32413552002981305,0.0002037599333561957
web_xuanwu_lake_02,Nanjing_scenic_web,web_xuanwu_lake_02,test,0.01,0.01031494140625,0.0,2026,4dfcf96a456a5a4a333ca3543fac568c371be4440115d55fb8d714f4021548a1,hqs,25.61298561875574,0.6800676384168317,0.3204226200468838,0.0023671139497309923
web_xuanwu_lake_02,Nanjing_scenic_web,web_xuanwu_lake_02,test,0.01,0.01031494140625,0.0,2026,4dfcf96a456a5a4a333ca3543fac568c371be4440115d55fb8d714f4021548a1,admm,25.60076210403458,0.6795278196438737,0.3204445670126006,0.003201862098649144
web_xuanwu_lake_02,Nanjing_scenic_web,web_xuanwu_lake_02,test,0.01,0.01031494140625,0.0,2026,4dfcf96a456a5a4a333ca3543fac568c371be4440115d55fb8d714f4021548a1,hqs_round1,25.602455020984436,0.6794030795177283,0.32265917502809316,0.002328365808352828
web_xuanwu_lake_02,Nanjing_scenic_web,web_xuanwu_lake_02,test,0.01,0.01031494140625,0.0,2026,4dfcf96a456a5a4a333ca3543fac568c371be4440115d55fb8d714f4021548a1,hqs_5000,25.650951423412796,0.6837457974013011,0.31897050701081753,0.0025314982049167156
web_xuanwu_lake_02,Nanjing_scenic_web,web_xuanwu_lake_02,test,0.01,0.01031494140625,0.0,2026,4dfcf96a456a5a4a333ca3543fac568c371be4440115d55fb8d714f4021548a1,hqs_10000,25.61998733519087,0.6807475304018904,0.32072796497959644,0.0022316027898341417
web_xuanwu_lake_02,Nanjing_scenic_web,web_xuanwu_lake_02,test,0.04,0.041259765625,0.0,2026,f2a855364190e9f747f4f780ab968bdd66e88ee1dd7fd007fd57f4a843710bf4,adjoint,25.39594627750094,0.5347266374030039,0.0002618120051920414,0.002377955010160804
web_xuanwu_lake_02,Nanjing_scenic_web,web_xuanwu_lake_02,test,0.04,0.041259765625,0.0,2026,f2a855364190e9f747f4f780ab968bdd66e88ee1dd7fd007fd57f4a843710bf4,fista_dct,26.083174981108264,0.6065936458766963,0.3343733010115102,0.0004223058349452913
web_xuanwu_lake_02,Nanjing_scenic_web,web_xuanwu_lake_02,test,0.04,0.041259765625,0.0,2026,f2a855364190e9f747f4f780ab968bdd66e88ee1dd7fd007fd57f4a843710bf4,hqs,29.20442826196306,0.8363474161791802,0.31857979006599635,0.0021548173390328884
web_xuanwu_lake_02,Nanjing_scenic_web,web_xuanwu_lake_02,test,0.04,0.041259765625,0.0,2026,f2a855364190e9f747f4f780ab968bdd66e88ee1dd7fd007fd57f4a843710bf4,admm,29.244806355712278,0.8354481125822812,0.3184057390317321,0.003049134276807308
web_xuanwu_lake_02,Nanjing_scenic_web,web_xuanwu_lake_02,test,0.04,0.041259765625,0.0,2026,f2a855364190e9f747f4f780ab968bdd66e88ee1dd7fd007fd57f4a843710bf4,hqs_round1,29.254527746143744,0.8374845996174515,0.3172458700137213,0.0022316784597933292
web_xuanwu_lake_02,Nanjing_scenic_web,web_xuanwu_lake_02,test,0.04,0.041259765625,0.0,2026,f2a855364190e9f747f4f780ab968bdd66e88ee1dd7fd007fd57f4a843710bf4,hqs_5000,29.330717739254005,0.8407979188190102,0.3215425299713388,0.0022172173485159874
web_xuanwu_lake_02,Nanjing_scenic_web,web_xuanwu_lake_02,test,0.04,0.041259765625,0.0,2026,f2a855364190e9f747f4f780ab968bdd66e88ee1dd7fd007fd57f4a843710bf4,hqs_10000,29.32844666869215,0.8414427130348087,0.3184375299606472,0.0022827747743576765
web_xuanwu_lake_02,Nanjing_scenic_web,web_xuanwu_lake_02,test,0.1,0.1001129150390625,0.0,2026,b1a80f4dd66710826c0e798aa142fed2192922fbaf7c423960c7dbd19aa0528c,adjoint,26.991179993109604,0.6275409759676754,0.00030969304498285055,0.0029324169736355543
web_xuanwu_lake_02,Nanjing_scenic_web,web_xuanwu_lake_02,test,0.1,0.1001129150390625,0.0,2026,b1a80f4dd66710826c0e798aa142fed2192922fbaf7c423960c7dbd19aa0528c,fista_dct,27.80249114400062,0.68962311051777,0.351457143900916,0.0006488649523817003
web_xuanwu_lake_02,Nanjing_scenic_web,web_xuanwu_lake_02,test,0.1,0.1001129150390625,0.0,2026,b1a80f4dd66710826c0e798aa142fed2192922fbaf7c423960c7dbd19aa0528c,hqs,31.900807140125288,0.9056688941020966,0.31712903594598174,0.0016818020958453417
web_xuanwu_lake_02,Nanjing_scenic_web,web_xuanwu_lake_02,test,0.1,0.1001129150390625,0.0,2026,b1a80f4dd66710826c0e798aa142fed2192922fbaf7c423960c7dbd19aa0528c,admm,31.891383254396153,0.9048965353255272,0.31952855305280536,0.002288313815370202
web_xuanwu_lake_02,Nanjing_scenic_web,web_xuanwu_lake_02,test,0.1,0.1001129150390625,0.0,2026,b1a80f4dd66710826c0e798aa142fed2192922fbaf7c423960c7dbd19aa0528c,hqs_round1,31.996689807091535,0.9067556635470391,0.31794574100058526,0.0019274719525128603
web_xuanwu_lake_02,Nanjing_scenic_web,web_xuanwu_lake_02,test,0.1,0.1001129150390625,0.0,2026,b1a80f4dd66710826c0e798aa142fed2192922fbaf7c423960c7dbd19aa0528c,hqs_5000,32.02606771848312,0.9065490152411461,0.31735533801838756,0.0018725133268162608
web_xuanwu_lake_02,Nanjing_scenic_web,web_xuanwu_lake_02,test,0.1,0.1001129150390625,0.0,2026,b1a80f4dd66710826c0e798aa142fed2192922fbaf7c423960c7dbd19aa0528c,hqs_10000,32.052023756669875,0.9071749617137909,0.3179686040384695,0.0018370156176388264
web_xuanwu_lake_02,Nanjing_scenic_web,web_xuanwu_lake_02,test,0.25,0.25,0.0,2026,66d9cfca65b96ab4aa5f0deceda17d34ef9fca137b3c1f89a258dc9fc25a6bc7,adjoint,29.486799647456785,0.7449878984036445,0.0003900859737768769,0.0036589086521416903
web_xuanwu_lake_02,Nanjing_scenic_web,web_xuanwu_lake_02,test,0.25,0.25,0.0,2026,66d9cfca65b96ab4aa5f0deceda17d34ef9fca137b3c1f89a258dc9fc25a6bc7,fista_dct,30.767833673942214,0.8166254514946938,0.39805401605553925,0.0009702372481115162
web_xuanwu_lake_02,Nanjing_scenic_web,web_xuanwu_lake_02,test,0.25,0.25,0.0,2026,66d9cfca65b96ab4aa5f0deceda17d34ef9fca137b3c1f89a258dc9fc25a6bc7,hqs,35.609466834759964,0.9540977386751175,0.35496401495765895,0.0011409332510083914
web_xuanwu_lake_02,Nanjing_scenic_web,web_xuanwu_lake_02,test,0.25,0.25,0.0,2026,66d9cfca65b96ab4aa5f0deceda17d34ef9fca137b3c1f89a258dc9fc25a6bc7,admm,35.54376207317429,0.9533845858106613,0.3544464790029451,0.0017157216789200902
web_xuanwu_lake_02,Nanjing_scenic_web,web_xuanwu_lake_02,test,0.25,0.25,0.0,2026,66d9cfca65b96ab4aa5f0deceda17d34ef9fca137b3c1f89a258dc9fc25a6bc7,hqs_round1,35.71608301467495,0.9549861635131836,0.3503917360212654,0.0013882988132536411
web_xuanwu_lake_02,Nanjing_scenic_web,web_xuanwu_lake_02,test,0.25,0.25,0.0,2026,66d9cfca65b96ab4aa5f0deceda17d34ef9fca137b3c1f89a258dc9fc25a6bc7,hqs_5000,35.674939569903835,0.9542187991037369,0.3557479919400066,0.0014890438178554177
web_xuanwu_lake_02,Nanjing_scenic_web,web_xuanwu_lake_02,test,0.25,0.25,0.0,2026,66d9cfca65b96ab4aa5f0deceda17d34ef9fca137b3c1f89a258dc9fc25a6bc7,hqs_10000,35.742775436315306,0.9548172075595855,0.34874246490653604,0.0015193321742117405
web_xuanwu_lake_02,Nanjing_scenic_web,web_xuanwu_lake_02,test,0.5,0.4998931884765625,0.0,2026,e9dcbd5b62649a645f8509e66ce9d53ba8c859a2cd77196228ee1a67be37228c,adjoint,32.19715283124347,0.8378243759088516,0.0005750479176640511,0.004743566736578941
web_xuanwu_lake_02,Nanjing_scenic_web,web_xuanwu_lake_02,test,0.5,0.4998931884765625,0.0,2026,e9dcbd5b62649a645f8509e66ce9d53ba8c859a2cd77196228ee1a67be37228c,fista_dct,33.568474278788656,0.8870596658501625,0.47721573198214173,0.001281233737245202
web_xuanwu_lake_02,Nanjing_scenic_web,web_xuanwu_lake_02,test,0.5,0.4998931884765625,0.0,2026,e9dcbd5b62649a645f8509e66ce9d53ba8c859a2cd77196228ee1a67be37228c,hqs,39.652448376991366,0.9797782037029267,0.3489923239685595,0.00106383569072932
web_xuanwu_lake_02,Nanjing_scenic_web,web_xuanwu_lake_02,test,0.5,0.4998931884765625,0.0,2026,e9dcbd5b62649a645f8509e66ce9d53ba8c859a2cd77196228ee1a67be37228c,admm,39.666161307645176,0.9798329998865127,0.3210001699626446,0.0012778987875208259
web_xuanwu_lake_02,Nanjing_scenic_web,web_xuanwu_lake_02,test,0.5,0.4998931884765625,0.0,2026,e9dcbd5b62649a645f8509e66ce9d53ba8c859a2cd77196228ee1a67be37228c,hqs_round1,39.81919164948289,0.980727423295021,0.3202573111047968,0.0016268984181806445
web_xuanwu_lake_02,Nanjing_scenic_web,web_xuanwu_lake_02,test,0.5,0.4998931884765625,0.0,2026,e9dcbd5b62649a645f8509e66ce9d53ba8c859a2cd77196228ee1a67be37228c,hqs_5000,40.02478654463119,0.9816958927631378,0.3186877389671281,0.0013696183450520039
web_xuanwu_lake_02,Nanjing_scenic_web,web_xuanwu_lake_02,test,0.5,0.4998931884765625,0.0,2026,e9dcbd5b62649a645f8509e66ce9d53ba8c859a2cd77196228ee1a67be37228c,hqs_10000,39.999942338841244,0.9814625170755387,0.3178826590301469,0.0013385092606768012
web_xuanwu_lake_02,Nanjing_scenic_web,web_xuanwu_lake_02,test,0.1,0.1001129150390625,0.01,2026,ed7d3c79d61ba1c2be1105a6f7f2d3297a86ba73ca90e000269706a7ae544333,adjoint,26.915368365378896,0.6219293473321721,0.00035524601116776466,0.0029321140609681606
web_xuanwu_lake_02,Nanjing_scenic_web,web_xuanwu_lake_02,test,0.1,0.1001129150390625,0.01,2026,ed7d3c79d61ba1c2be1105a6f7f2d3297a86ba73ca90e000269706a7ae544333,fista_dct,27.663505811819732,0.6764267069483325,0.37279485806357116,0.0006495029665529728
web_xuanwu_lake_02,Nanjing_scenic_web,web_xuanwu_lake_02,test,0.1,0.1001129150390625,0.01,2026,ed7d3c79d61ba1c2be1105a6f7f2d3297a86ba73ca90e000269706a7ae544333,hqs,31.1843858435352,0.8876797651643753,0.3184400979662314,0.0013106813421472907
web_xuanwu_lake_02,Nanjing_scenic_web,web_xuanwu_lake_02,test,0.1,0.1001129150390625,0.01,2026,ed7d3c79d61ba1c2be1105a6f7f2d3297a86ba73ca90e000269706a7ae544333,admm,31.256425048212186,0.8913277588539124,0.3177302669500932,0.0026330039836466312
web_xuanwu_lake_02,Nanjing_scenic_web,web_xuanwu_lake_02,test,0.1,0.1001129150390625,0.01,2026,ed7d3c79d61ba1c2be1105a6f7f2d3297a86ba73ca90e000269706a7ae544333,hqs_round1,31.20688034765827,0.8895337139325142,0.31890956906136125,0.0014009466394782066
web_xuanwu_lake_02,Nanjing_scenic_web,web_xuanwu_lake_02,test,0.1,0.1001129150390625,0.01,2026,ed7d3c79d61ba1c2be1105a6f7f2d3297a86ba73ca90e000269706a7ae544333,hqs_5000,31.333952965955625,0.8918120996794701,0.3205642109969631,0.004106681328266859
web_xuanwu_lake_02,Nanjing_scenic_web,web_xuanwu_lake_02,test,0.1,0.1001129150390625,0.01,2026,ed7d3c79d61ba1c2be1105a6f7f2d3297a86ba73ca90e000269706a7ae544333,hqs_10000,31.34826308942629,0.8923039737534523,0.317308264086023,0.004374751355499029
web_xuanwu_lake_02,Nanjing_scenic_web,web_xuanwu_lake_02,test,0.1,0.1001129150390625,0.01,2027,8fb6b1b1a7b54ebd537f40c8a1689b178520948936bab55c458b3a3f5faf569d,adjoint,26.9118785189079,0.6220058894900232,0.0003510579699650407,0.0029323904309421778
web_xuanwu_lake_02,Nanjing_scenic_web,web_xuanwu_lake_02,test,0.1,0.1001129150390625,0.01,2027,8fb6b1b1a7b54ebd537f40c8a1689b178520948936bab55c458b3a3f5faf569d,fista_dct,27.596677875351453,0.6714570222601741,0.37306771508883685,0.0006491290987469256
web_xuanwu_lake_02,Nanjing_scenic_web,web_xuanwu_lake_02,test,0.1,0.1001129150390625,0.01,2027,8fb6b1b1a7b54ebd537f40c8a1689b178520948936bab55c458b3a3f5faf569d,hqs,31.128343811956608,0.8863407008004188,0.3225279060425237,0.0014082106063142419
web_xuanwu_lake_02,Nanjing_scenic_web,web_xuanwu_lake_02,test,0.1,0.1001129150390625,0.01,2027,8fb6b1b1a7b54ebd537f40c8a1689b178520948936bab55c458b3a3f5faf569d,admm,31.21396118300889,0.8908889732050895,0.32237167900893837,0.0026936600916087627
web_xuanwu_lake_02,Nanjing_scenic_web,web_xuanwu_lake_02,test,0.1,0.1001129150390625,0.01,2027,8fb6b1b1a7b54ebd537f40c8a1689b178520948936bab55c458b3a3f5faf569d,hqs_round1,31.11646108862875,0.8878107957582474,0.3209068130236119,0.0014931218465790153
web_xuanwu_lake_02,Nanjing_scenic_web,web_xuanwu_lake_02,test,0.1,0.1001129150390625,0.01,2027,8fb6b1b1a7b54ebd537f40c8a1689b178520948936bab55c458b3a3f5faf569d,hqs_5000,31.285526053326336,0.8913257562417984,0.3189002489671111,0.0040526925586164
web_xuanwu_lake_02,Nanjing_scenic_web,web_xuanwu_lake_02,test,0.1,0.1001129150390625,0.01,2027,8fb6b1b1a7b54ebd537f40c8a1689b178520948936bab55c458b3a3f5faf569d,hqs_10000,31.285380146735605,0.8916388469800949,0.32197156897746027,0.004273107275366783
web_xuanwu_lake_02,Nanjing_scenic_web,web_xuanwu_lake_02,test,0.1,0.1001129150390625,0.01,2028,434ba700d8b7df6e47e5b1419e17b2c11930911ac6089f38403935acd674ea7b,adjoint,26.913876426958186,0.6215331727898121,0.00035081093665212393,0.0029322411864995956
web_xuanwu_lake_02,Nanjing_scenic_web,web_xuanwu_lake_02,test,0.1,0.1001129150390625,0.01,2028,434ba700d8b7df6e47e5b1419e17b2c11930911ac6089f38403935acd674ea7b,fista_dct,27.630958880502728,0.6736837246094644,0.38025021099019796,0.0006507922662422061
web_xuanwu_lake_02,Nanjing_scenic_web,web_xuanwu_lake_02,test,0.1,0.1001129150390625,0.01,2028,434ba700d8b7df6e47e5b1419e17b2c11930911ac6089f38403935acd674ea7b,hqs,31.212773723712516,0.8892062589235306,0.3212311799870804,0.0013594579650089145
web_xuanwu_lake_02,Nanjing_scenic_web,web_xuanwu_lake_02,test,0.1,0.1001129150390625,0.01,2028,434ba700d8b7df6e47e5b1419e17b2c11930911ac6089f38403935acd674ea7b,admm,31.274177918927187,0.8919817048096657,0.32246126409154385,0.0027090974617749453
web_xuanwu_lake_02,Nanjing_scenic_web,web_xuanwu_lake_02,test,0.1,0.1001129150390625,0.01,2028,434ba700d8b7df6e47e5b1419e17b2c11930911ac6089f38403935acd674ea7b,hqs_round1,31.15020827109648,0.8897168626608849,0.31879798404406756,0.0014832420274615288
web_xuanwu_lake_02,Nanjing_scenic_web,web_xuanwu_lake_02,test,0.1,0.1001129150390625,0.01,2028,434ba700d8b7df6e47e5b1419e17b2c11930911ac6089f38403935acd674ea7b,hqs_5000,31.319531665544282,0.8920429651975632,0.3216037970269099,0.0036796596832573414
web_xuanwu_lake_02,Nanjing_scenic_web,web_xuanwu_lake_02,test,0.1,0.1001129150390625,0.01,2028,434ba700d8b7df6e47e5b1419e17b2c11930911ac6089f38403935acd674ea7b,hqs_10000,31.342824823445703,0.8926975566318035,0.3258405619999394,0.003851559478789568
web_xuanwu_lake_02,Nanjing_scenic_web,web_xuanwu_lake_02,test,0.1,0.1001129150390625,0.05,2026,60486866de2d89f8ae60cd5ddf6b24e4869a67550105554445e6b55eebde2414,adjoint,25.406247430285433,0.5172664514462222,0.00022094009909778833,0.0029289699159562588
web_xuanwu_lake_02,Nanjing_scenic_web,web_xuanwu_lake_02,test,0.1,0.1001129150390625,0.05,2026,60486866de2d89f8ae60cd5ddf6b24e4869a67550105554445e6b55eebde2414,fista_dct,25.081976744891954,0.5046720934187094,0.36663485900498927,0.0006566811935044825
web_xuanwu_lake_02,Nanjing_scenic_web,web_xuanwu_lake_02,test,0.1,0.1001129150390625,0.05,2026,60486866de2d89f8ae60cd5ddf6b24e4869a67550105554445e6b55eebde2414,hqs,26.9783848273372,0.6625297114078366,0.3236212090123445,0.0012359165120869875
web_xuanwu_lake_02,Nanjing_scenic_web,web_xuanwu_lake_02,test,0.1,0.1001129150390625,0.05,2026,60486866de2d89f8ae60cd5ddf6b24e4869a67550105554445e6b55eebde2414,admm,27.17651194182842,0.6819703290142175,0.32094728702213615,0.0030078557319939137
web_xuanwu_lake_02,Nanjing_scenic_web,web_xuanwu_lake_02,test,0.1,0.1001129150390625,0.05,2026,60486866de2d89f8ae60cd5ddf6b24e4869a67550105554445e6b55eebde2414,hqs_round1,27.001355322744974,0.6767019449977018,0.3211358239641413,0.0016090900171548128
web_xuanwu_lake_02,Nanjing_scenic_web,web_xuanwu_lake_02,test,0.1,0.1001129150390625,0.05,2026,60486866de2d89f8ae60cd5ddf6b24e4869a67550105554445e6b55eebde2414,hqs_5000,28.645372552506476,0.8145014900309294,0.3186601030174643,0.03658904507756233
web_xuanwu_lake_02,Nanjing_scenic_web,web_xuanwu_lake_02,test,0.1,0.1001129150390625,0.05,2026,60486866de2d89f8ae60cd5ddf6b24e4869a67550105554445e6b55eebde2414,hqs_10000,28.600350480855546,0.8157933442288383,0.31758515001274645,0.03572523966431618
web_xuanwu_lake_02,Nanjing_scenic_web,web_xuanwu_lake_02,test,0.1,0.1001129150390625,0.05,2027,0d426c1b24d7ae3116029d19e6e900d5079c49c94cb9884f4d8744ceb73e57f9,adjoint,25.35018619066555,0.5183094866597299,0.00031807308550924063,0.0029304344207048416
web_xuanwu_lake_02,Nanjing_scenic_web,web_xuanwu_lake_02,test,0.1,0.1001129150390625,0.05,2027,0d426c1b24d7ae3116029d19e6e900d5079c49c94cb9884f4d8744ceb73e57f9,fista_dct,24.99180378247649,0.5022563518382981,0.36458848894108087,0.0009553012787364423
web_xuanwu_lake_02,Nanjing_scenic_web,web_xuanwu_lake_02,test,0.1,0.1001129150390625,0.05,2027,0d426c1b24d7ae3116029d19e6e900d5079c49c94cb9884f4d8744ceb73e57f9,hqs,26.87350842685618,0.6657381302339808,0.32077640597708523,0.0013318773126229644
web_xuanwu_lake_02,Nanjing_scenic_web,web_xuanwu_lake_02,test,0.1,0.1001129150390625,0.05,2027,0d426c1b24d7ae3116029d19e6e900d5079c49c94cb9884f4d8744ceb73e57f9,admm,27.033821603502357,0.6830626934431717,0.3207372549222782,0.0034335667733103037
web_xuanwu_lake_02,Nanjing_scenic_web,web_xuanwu_lake_02,test,0.1,0.1001129150390625,0.05,2027,0d426c1b24d7ae3116029d19e6e900d5079c49c94cb9884f4d8744ceb73e57f9,hqs_round1,26.844573081452726,0.676105385015542,0.32111641904339194,0.0017184799071401358
web_xuanwu_lake_02,Nanjing_scenic_web,web_xuanwu_lake_02,test,0.1,0.1001129150390625,0.05,2027,0d426c1b24d7ae3116029d19e6e900d5079c49c94cb9884f4d8744ceb73e57f9,hqs_5000,28.472322907460853,0.8122740615221188,0.319228551001288,0.03676027059555054
web_xuanwu_lake_02,Nanjing_scenic_web,web_xuanwu_lake_02,test,0.1,0.1001129150390625,0.05,2027,0d426c1b24d7ae3116029d19e6e900d5079c49c94cb9884f4d8744ceb73e57f9,hqs_10000,28.452430430690924,0.8144706421157271,0.3192744819680229,0.036411136388778687
web_xuanwu_lake_02,Nanjing_scenic_web,web_xuanwu_lake_02,test,0.1,0.1001129150390625,0.05,2028,efb70046f0d53585031d4605d41c2ebebb3da11347b0c294fdcd7ab7d8305e72,adjoint,25.387176394759827,0.5171247416402155,0.000337812933139503,0.002930381568148732
web_xuanwu_lake_02,Nanjing_scenic_web,web_xuanwu_lake_02,test,0.1,0.1001129150390625,0.05,2028,efb70046f0d53585031d4605d41c2ebebb3da11347b0c294fdcd7ab7d8305e72,fista_dct,25.06270966987938,0.506181088658408,0.3618325600400567,0.0007666487945243716
web_xuanwu_lake_02,Nanjing_scenic_web,web_xuanwu_lake_02,test,0.1,0.1001129150390625,0.05,2028,efb70046f0d53585031d4605d41c2ebebb3da11347b0c294fdcd7ab7d8305e72,hqs,26.982349477619692,0.6662396932260767,0.32044619298540056,0.0013927269028499722
web_xuanwu_lake_02,Nanjing_scenic_web,web_xuanwu_lake_02,test,0.1,0.1001129150390625,0.05,2028,efb70046f0d53585031d4605d41c2ebebb3da11347b0c294fdcd7ab7d8305e72,admm,27.16795333638907,0.6794433324574866,0.32274609489832073,0.003174000885337591
web_xuanwu_lake_02,Nanjing_scenic_web,web_xuanwu_lake_02,test,0.1,0.1001129150390625,0.05,2028,efb70046f0d53585031d4605d41c2ebebb3da11347b0c294fdcd7ab7d8305e72,hqs_round1,26.960113589466236,0.6757664838945046,0.32129376591183245,0.0016137077473104
web_xuanwu_lake_02,Nanjing_scenic_web,web_xuanwu_lake_02,test,0.1,0.1001129150390625,0.05,2028,efb70046f0d53585031d4605d41c2ebebb3da11347b0c294fdcd7ab7d8305e72,hqs_5000,28.562715537299248,0.8126377505630814,0.3188641880406067,0.03623613342642784
web_xuanwu_lake_02,Nanjing_scenic_web,web_xuanwu_lake_02,test,0.1,0.1001129150390625,0.05,2028,efb70046f0d53585031d4605d41c2ebebb3da11347b0c294fdcd7ab7d8305e72,hqs_10000,28.543437439369846,0.8146669423031956,0.3200497350189835,0.03598581254482269
web_xuanwu_lake_03,Nanjing_scenic_web,web_xuanwu_lake_03,test,0.01,0.01031494140625,0.0,2026,094452bac3bb02ec9ddb27a1770722d2ceb2850c807f8b3fe6b8f4fd6e3eca9a,adjoint,25.494974849173047,0.545314391541688,0.00019149098079651594,0.0018024197779595852
web_xuanwu_lake_03,Nanjing_scenic_web,web_xuanwu_lake_03,test,0.01,0.01031494140625,0.0,2026,094452bac3bb02ec9ddb27a1770722d2ceb2850c807f8b3fe6b8f4fd6e3eca9a,fista_dct,26.85782368507229,0.7651608053281559,0.33311673800926656,0.0001923225645441562
web_xuanwu_lake_03,Nanjing_scenic_web,web_xuanwu_lake_03,test,0.01,0.01031494140625,0.0,2026,094452bac3bb02ec9ddb27a1770722d2ceb2850c807f8b3fe6b8f4fd6e3eca9a,hqs,32.3187405042946,0.9234378288625074,0.34905676799826324,0.0023024699185043573
web_xuanwu_lake_03,Nanjing_scenic_web,web_xuanwu_lake_03,test,0.01,0.01031494140625,0.0,2026,094452bac3bb02ec9ddb27a1770722d2ceb2850c807f8b3fe6b8f4fd6e3eca9a,admm,32.520740116895006,0.9255248528842628,0.33248844800982624,0.0033907941542565823
web_xuanwu_lake_03,Nanjing_scenic_web,web_xuanwu_lake_03,test,0.01,0.01031494140625,0.0,2026,094452bac3bb02ec9ddb27a1770722d2ceb2850c807f8b3fe6b8f4fd6e3eca9a,hqs_round1,32.665293689390566,0.9267577555828821,0.32041639601811767,0.002458545146510005
web_xuanwu_lake_03,Nanjing_scenic_web,web_xuanwu_lake_03,test,0.01,0.01031494140625,0.0,2026,094452bac3bb02ec9ddb27a1770722d2ceb2850c807f8b3fe6b8f4fd6e3eca9a,hqs_5000,33.16799257524504,0.9301367745570019,0.31903524708468467,0.0035397568717598915
web_xuanwu_lake_03,Nanjing_scenic_web,web_xuanwu_lake_03,test,0.01,0.01031494140625,0.0,2026,094452bac3bb02ec9ddb27a1770722d2ceb2850c807f8b3fe6b8f4fd6e3eca9a,hqs_10000,32.72655033224973,0.9278641285495925,0.3200927380239591,0.003701441688463092
web_xuanwu_lake_03,Nanjing_scenic_web,web_xuanwu_lake_03,test,0.04,0.041259765625,0.0,2026,72a176f6634c62ce6eec75c28c385b172d2868dd950d4ab79a76c62984f913d3,adjoint,28.188015021601377,0.6181704407171016,0.000289031071588397,0.0024166107177734375
web_xuanwu_lake_03,Nanjing_scenic_web,web_xuanwu_lake_03,test,0.04,0.041259765625,0.0,2026,72a176f6634c62ce6eec75c28c385b172d2868dd950d4ab79a76c62984f913d3,fista_dct,29.579714370505435,0.7506658405306041,0.3491236289264634,0.0004027866234537214
web_xuanwu_lake_03,Nanjing_scenic_web,web_xuanwu_lake_03,test,0.04,0.041259765625,0.0,2026,72a176f6634c62ce6eec75c28c385b172d2868dd950d4ab79a76c62984f913d3,hqs,37.8215035709311,0.9595289730510712,0.3219073429936543,0.0013179723173379898
web_xuanwu_lake_03,Nanjing_scenic_web,web_xuanwu_lake_03,test,0.04,0.041259765625,0.0,2026,72a176f6634c62ce6eec75c28c385b172d2868dd950d4ab79a76c62984f913d3,admm,37.97595130570564,0.9592001474471092,0.32403896702453494,0.0018879345152527094
web_xuanwu_lake_03,Nanjing_scenic_web,web_xuanwu_lake_03,test,0.04,0.041259765625,0.0,2026,72a176f6634c62ce6eec75c28c385b172d2868dd950d4ab79a76c62984f913d3,hqs_round1,38.26556970372743,0.960742575387001,0.3212555879727006,0.0013606707798317075
web_xuanwu_lake_03,Nanjing_scenic_web,web_xuanwu_lake_03,test,0.04,0.041259765625,0.0,2026,72a176f6634c62ce6eec75c28c385b172d2868dd950d4ab79a76c62984f913d3,hqs_5000,38.89142550316851,0.962540113008976,0.3202318649273366,0.0015825724694877863
web_xuanwu_lake_03,Nanjing_scenic_web,web_xuanwu_lake_03,test,0.04,0.041259765625,0.0,2026,72a176f6634c62ce6eec75c28c385b172d2868dd950d4ab79a76c62984f913d3,hqs_10000,38.864876394012306,0.9623753141708374,0.3164739590138197,0.0015134403947740793
web_xuanwu_lake_03,Nanjing_scenic_web,web_xuanwu_lake_03,test,0.1,0.1001129150390625,0.0,2026,4c6d53a58d4fe318799f46ec9e95630cb3c7bc87aa7927b2758f21350c480672,adjoint,30.251808608090673,0.6999243221035302,0.0003561719786375761,0.0029781244229525328
web_xuanwu_lake_03,Nanjing_scenic_web,web_xuanwu_lake_03,test,0.1,0.1001129150390625,0.0,2026,4c6d53a58d4fe318799f46ec9e95630cb3c7bc87aa7927b2758f21350c480672,fista_dct,32.492040165655986,0.8329691074317992,0.37746890098787844,0.0006213876185938716
web_xuanwu_lake_03,Nanjing_scenic_web,web_xuanwu_lake_03,test,0.1,0.1001129150390625,0.0,2026,4c6d53a58d4fe318799f46ec9e95630cb3c7bc87aa7927b2758f21350c480672,hqs,40.77626960853897,0.974003807803154,0.3180867009796202,0.0009649821440689266
web_xuanwu_lake_03,Nanjing_scenic_web,web_xuanwu_lake_03,test,0.1,0.1001129150390625,0.0,2026,4c6d53a58d4fe318799f46ec9e95630cb3c7bc87aa7927b2758f21350c480672,admm,41.17815412480218,0.9746094353408814,0.32093099202029407,0.0014200793812051415
web_xuanwu_lake_03,Nanjing_scenic_web,web_xuanwu_lake_03,test,0.1,0.1001129150390625,0.0,2026,4c6d53a58d4fe318799f46ec9e95630cb3c7bc87aa7927b2758f21350c480672,hqs_round1,41.6233421025746,0.9758170003175736,0.3193359120050445,0.0009527732036076486
web_xuanwu_lake_03,Nanjing_scenic_web,web_xuanwu_lake_03,test,0.1,0.1001129150390625,0.0,2026,4c6d53a58d4fe318799f46ec9e95630cb3c7bc87aa7927b2758f21350c480672,hqs_5000,42.08199723076988,0.9767250013284683,0.3212240659631789,0.0010424498468637466
web_xuanwu_lake_03,Nanjing_scenic_web,web_xuanwu_lake_03,test,0.1,0.1001129150390625,0.0,2026,4c6d53a58d4fe318799f46ec9e95630cb3c7bc87aa7927b2758f21350c480672,hqs_10000,42.09171435930954,0.9769526330013275,0.3178362740436569,0.000982476631179452
web_xuanwu_lake_03,Nanjing_scenic_web,web_xuanwu_lake_03,test,0.25,0.25,0.0,2026,ef84ea22c45a575579e6d548cd7f52bce733cd52d08cdb40988474a1147797dd,adjoint,32.82458794540559,0.7907619594862461,0.00029677990823984146,0.0036969438660889864
web_xuanwu_lake_03,Nanjing_scenic_web,web_xuanwu_lake_03,test,0.25,0.25,0.0,2026,ef84ea22c45a575579e6d548cd7f52bce733cd52d08cdb40988474a1147797dd,fista_dct,35.81962046984778,0.9041060027575493,0.3967165189096704,0.0009251937153749168
web_xuanwu_lake_03,Nanjing_scenic_web,web_xuanwu_lake_03,test,0.25,0.25,0.0,2026,ef84ea22c45a575579e6d548cd7f52bce733cd52d08cdb40988474a1147797dd,hqs,45.78290211801958,0.9887199360952378,0.34952627890743315,0.0007301982841454446
web_xuanwu_lake_03,Nanjing_scenic_web,web_xuanwu_lake_03,test,0.25,0.25,0.0,2026,ef84ea22c45a575579e6d548cd7f52bce733cd52d08cdb40988474a1147797dd,admm,45.76313706515808,0.9884494396495819,0.3477890929207206,0.000897045771125704
web_xuanwu_lake_03,Nanjing_scenic_web,web_xuanwu_lake_03,test,0.25,0.25,0.0,2026,ef84ea22c45a575579e6d548cd7f52bce733cd52d08cdb40988474a1147797dd,hqs_round1,46.1524172879959,0.9890665608720779,0.3494020210346207,0.0008154643583111465
web_xuanwu_lake_03,Nanjing_scenic_web,web_xuanwu_lake_03,test,0.25,0.25,0.0,2026,ef84ea22c45a575579e6d548cd7f52bce733cd52d08cdb40988474a1147797dd,hqs_5000,46.406470334218504,0.9891696160621644,0.3216805759584531,0.0007720410358160734
web_xuanwu_lake_03,Nanjing_scenic_web,web_xuanwu_lake_03,test,0.25,0.25,0.0,2026,ef84ea22c45a575579e6d548cd7f52bce733cd52d08cdb40988474a1147797dd,hqs_10000,46.42897933142741,0.9893644070949554,0.32217331195715815,0.0007430128753185272
web_xuanwu_lake_03,Nanjing_scenic_web,web_xuanwu_lake_03,test,0.5,0.4998931884765625,0.0,2026,1ad6a28d0376e1a1f1fc50f44f1067acdc12f1abeca95f85234caad71fe9cb0b,adjoint,35.42378957844352,0.8562653944473266,0.0006165149388834834,0.004809066653251648
web_xuanwu_lake_03,Nanjing_scenic_web,web_xuanwu_lake_03,test,0.5,0.4998931884765625,0.0,2026,1ad6a28d0376e1a1f1fc50f44f1067acdc12f1abeca95f85234caad71fe9cb0b,fista_dct,39.16919216736156,0.9497589063215256,0.46092024201061577,0.0012194716837257147
web_xuanwu_lake_03,Nanjing_scenic_web,web_xuanwu_lake_03,test,0.5,0.4998931884765625,0.0,2026,1ad6a28d0376e1a1f1fc50f44f1067acdc12f1abeca95f85234caad71fe9cb0b,hqs,50.9057179289174,0.9957106092939377,0.31735045404639095,0.0005244071362540126
web_xuanwu_lake_03,Nanjing_scenic_web,web_xuanwu_lake_03,test,0.5,0.4998931884765625,0.0,2026,1ad6a28d0376e1a1f1fc50f44f1067acdc12f1abeca95f85234caad71fe9cb0b,admm,50.908296212389615,0.995643548775673,0.3180832420475781,0.0005880121607333422
web_xuanwu_lake_03,Nanjing_scenic_web,web_xuanwu_lake_03,test,0.5,0.4998931884765625,0.0,2026,1ad6a28d0376e1a1f1fc50f44f1067acdc12f1abeca95f85234caad71fe9cb0b,hqs_round1,51.212583985507294,0.9958617319574357,0.36358661705162376,0.0009272538591176271
web_xuanwu_lake_03,Nanjing_scenic_web,web_xuanwu_lake_03,test,0.5,0.4998931884765625,0.0,2026,1ad6a28d0376e1a1f1fc50f44f1067acdc12f1abeca95f85234caad71fe9cb0b,hqs_5000,51.239790595092444,0.9957611989965439,0.3526075209956616,0.000732702377717942
web_xuanwu_lake_03,Nanjing_scenic_web,web_xuanwu_lake_03,test,0.5,0.4998931884765625,0.0,2026,1ad6a28d0376e1a1f1fc50f44f1067acdc12f1abeca95f85234caad71fe9cb0b,hqs_10000,51.26729686378319,0.9958297023305893,0.347852363018319,0.0005511138588190079
web_xuanwu_lake_03,Nanjing_scenic_web,web_xuanwu_lake_03,test,0.1,0.1001129150390625,0.01,2026,b9467267f471f4e3b6ec777644b00fc2f7e2dab28eb6b8fd8c7cde55925b71b9,adjoint,30.07298804799639,0.6863560130140185,0.0004893320146948099,0.0029780827462673187
web_xuanwu_lake_03,Nanjing_scenic_web,web_xuanwu_lake_03,test,0.1,0.1001129150390625,0.01,2026,b9467267f471f4e3b6ec777644b00fc2f7e2dab28eb6b8fd8c7cde55925b71b9,fista_dct,31.936611147951094,0.7985600993277803,0.3825766029767692,0.0006278481450863183
web_xuanwu_lake_03,Nanjing_scenic_web,web_xuanwu_lake_03,test,0.1,0.1001129150390625,0.01,2026,b9467267f471f4e3b6ec777644b00fc2f7e2dab28eb6b8fd8c7cde55925b71b9,hqs,38.14406909767861,0.9417918250021935,0.32224723300896585,0.0005547587061300874
web_xuanwu_lake_03,Nanjing_scenic_web,web_xuanwu_lake_03,test,0.1,0.1001129150390625,0.01,2026,b9467267f471f4e3b6ec777644b00fc2f7e2dab28eb6b8fd8c7cde55925b71b9,admm,38.561238658846634,0.947920570224762,0.3211359999841079,0.0014658786822110415
web_xuanwu_lake_03,Nanjing_scenic_web,web_xuanwu_lake_03,test,0.1,0.1001129150390625,0.01,2026,b9467267f471f4e3b6ec777644b00fc2f7e2dab28eb6b8fd8c7cde55925b71b9,hqs_round1,38.68335473286335,0.9455139812288285,0.3213565199403092,0.0007586354622617364
web_xuanwu_lake_03,Nanjing_scenic_web,web_xuanwu_lake_03,test,0.1,0.1001129150390625,0.01,2026,b9467267f471f4e3b6ec777644b00fc2f7e2dab28eb6b8fd8c7cde55925b71b9,hqs_5000,39.47816555319672,0.9629930826129913,0.31895428604912013,0.007995987311005592
web_xuanwu_lake_03,Nanjing_scenic_web,web_xuanwu_lake_03,test,0.1,0.1001129150390625,0.01,2026,b9467267f471f4e3b6ec777644b00fc2f7e2dab28eb6b8fd8c7cde55925b71b9,hqs_10000,39.488969020781084,0.9631709187908173,0.31804424501024187,0.00887380912899971
web_xuanwu_lake_03,Nanjing_scenic_web,web_xuanwu_lake_03,test,0.1,0.1001129150390625,0.01,2027,8dce07fb50faec58b2e23eae7b24dab9b2c4e538b42191706ca1dc89420f4704,adjoint,30.077425766570926,0.6869184591078162,0.000243506976403296,0.002978041535243392
web_xuanwu_lake_03,Nanjing_scenic_web,web_xuanwu_lake_03,test,0.1,0.1001129150390625,0.01,2027,8dce07fb50faec58b2e23eae7b24dab9b2c4e538b42191706ca1dc89420f4704,fista_dct,32.03241303613688,0.8008978124080748,0.37976167805027217,0.0006214959430508316
web_xuanwu_lake_03,Nanjing_scenic_web,web_xuanwu_lake_03,test,0.1,0.1001129150390625,0.01,2027,8dce07fb50faec58b2e23eae7b24dab9b2c4e538b42191706ca1dc89420f4704,hqs,38.3726134030434,0.9433652862758637,0.3190639979438856,0.0006470007356256247
web_xuanwu_lake_03,Nanjing_scenic_web,web_xuanwu_lake_03,test,0.1,0.1001129150390625,0.01,2027,8dce07fb50faec58b2e23eae7b24dab9b2c4e538b42191706ca1dc89420f4704,admm,38.6323400130476,0.9489627776899338,0.32323317404370755,0.0014900575624778867
web_xuanwu_lake_03,Nanjing_scenic_web,web_xuanwu_lake_03,test,0.1,0.1001129150390625,0.01,2027,8dce07fb50faec58b2e23eae7b24dab9b2c4e538b42191706ca1dc89420f4704,hqs_round1,38.69044885708922,0.9463474148015976,0.31860969599802047,0.0008405896369367838
web_xuanwu_lake_03,Nanjing_scenic_web,web_xuanwu_lake_03,test,0.1,0.1001129150390625,0.01,2027,8dce07fb50faec58b2e23eae7b24dab9b2c4e538b42191706ca1dc89420f4704,hqs_5000,39.60975588844496,0.9635670846514702,0.32148066395893693,0.008064422756433487
web_xuanwu_lake_03,Nanjing_scenic_web,web_xuanwu_lake_03,test,0.1,0.1001129150390625,0.01,2027,8dce07fb50faec58b2e23eae7b24dab9b2c4e538b42191706ca1dc89420f4704,hqs_10000,39.61816624694547,0.963442659637928,0.3221629479667172,0.00884994212538004
web_xuanwu_lake_03,Nanjing_scenic_web,web_xuanwu_lake_03,test,0.1,0.1001129150390625,0.01,2028,1024dd6d89c3ed217794a5c5b4fee718255de375bf4e0b790e372e260f509dfc,adjoint,30.081180457195345,0.6867998746991754,0.0002454259665682912,0.0029790617991238832
web_xuanwu_lake_03,Nanjing_scenic_web,web_xuanwu_lake_03,test,0.1,0.1001129150390625,0.01,2028,1024dd6d89c3ed217794a5c5b4fee718255de375bf4e0b790e372e260f509dfc,fista_dct,32.01414057196326,0.7993444035252668,0.3749506209278479,0.0006205555400811136
web_xuanwu_lake_03,Nanjing_scenic_web,web_xuanwu_lake_03,test,0.1,0.1001129150390625,0.01,2028,1024dd6d89c3ed217794a5c5b4fee718255de375bf4e0b790e372e260f509dfc,hqs,38.28965626861367,0.9426875882377624,0.321233619004488,0.0005909480969421566
web_xuanwu_lake_03,Nanjing_scenic_web,web_xuanwu_lake_03,test,0.1,0.1001129150390625,0.01,2028,1024dd6d89c3ed217794a5c5b4fee718255de375bf4e0b790e372e260f509dfc,admm,38.6650269720163,0.9487724898586273,0.3217024189652875,0.001443915069103241
web_xuanwu_lake_03,Nanjing_scenic_web,web_xuanwu_lake_03,test,0.1,0.1001129150390625,0.01,2028,1024dd6d89c3ed217794a5c5b4fee718255de375bf4e0b790e372e260f509dfc,hqs_round1,38.73527163081046,0.9467051796121597,0.31753048091195524,0.0008356024627573788
web_xuanwu_lake_03,Nanjing_scenic_web,web_xuanwu_lake_03,test,0.1,0.1001129150390625,0.01,2028,1024dd6d89c3ed217794a5c5b4fee718255de375bf4e0b790e372e260f509dfc,hqs_5000,39.57890832295883,0.9636873710393906,0.31691631698049605,0.00760051142424345
web_xuanwu_lake_03,Nanjing_scenic_web,web_xuanwu_lake_03,test,0.1,0.1001129150390625,0.01,2028,1024dd6d89c3ed217794a5c5b4fee718255de375bf4e0b790e372e260f509dfc,hqs_10000,39.651919891616004,0.9640420964450837,0.3217194000026211,0.008196234703063965
web_xuanwu_lake_03,Nanjing_scenic_web,web_xuanwu_lake_03,test,0.1,0.1001129150390625,0.05,2026,3a19b4a9157466b64b7810d83231e7fc3a5827dfd454722fc96bbde278b75edb,adjoint,27.13966783184209,0.4859423086713547,0.0003605909878388047,0.0029913338366895914
web_xuanwu_lake_03,Nanjing_scenic_web,web_xuanwu_lake_03,test,0.1,0.1001129150390625,0.05,2026,3a19b4a9157466b64b7810d83231e7fc3a5827dfd454722fc96bbde278b75edb,fista_dct,26.54665638011093,0.45056893543480525,0.3756731149042025,0.0013279056875035167
web_xuanwu_lake_03,Nanjing_scenic_web,web_xuanwu_lake_03,test,0.1,0.1001129150390625,0.05,2026,3a19b4a9157466b64b7810d83231e7fc3a5827dfd454722fc96bbde278b75edb,hqs,28.962176200448837,0.5897984665658474,0.3213455630466342,0.0012071948731318116
web_xuanwu_lake_03,Nanjing_scenic_web,web_xuanwu_lake_03,test,0.1,0.1001129150390625,0.05,2026,3a19b4a9157466b64b7810d83231e7fc3a5827dfd454722fc96bbde278b75edb,admm,29.188147911962425,0.6057634443869591,0.31824259203858674,0.0028708032332360744
web_xuanwu_lake_03,Nanjing_scenic_web,web_xuanwu_lake_03,test,0.1,0.1001129150390625,0.05,2026,3a19b4a9157466b64b7810d83231e7fc3a5827dfd454722fc96bbde278b75edb,hqs_round1,29.091301167698074,0.5970596047005653,0.3172532320022583,0.0012197657488286495
web_xuanwu_lake_03,Nanjing_scenic_web,web_xuanwu_lake_03,test,0.1,0.1001129150390625,0.05,2026,3a19b4a9157466b64b7810d83231e7fc3a5827dfd454722fc96bbde278b75edb,hqs_5000,35.009001049906324,0.9339423841359615,0.3215642790310085,0.04658934101462364
web_xuanwu_lake_03,Nanjing_scenic_web,web_xuanwu_lake_03,test,0.1,0.1001129150390625,0.05,2026,3a19b4a9157466b64b7810d83231e7fc3a5827dfd454722fc96bbde278b75edb,hqs_10000,35.08798419494019,0.9357290219299793,0.31967306102160364,0.04603687301278114
web_xuanwu_lake_03,Nanjing_scenic_web,web_xuanwu_lake_03,test,0.1,0.1001129150390625,0.05,2027,2cb16c76418832b443ae6c24232a50452ab924b8dd1f29f8f11019cd2a169a27,adjoint,27.198874303099615,0.48903789770142175,0.00022322498261928558,0.0029784548096358776
web_xuanwu_lake_03,Nanjing_scenic_web,web_xuanwu_lake_03,test,0.1,0.1001129150390625,0.05,2027,2cb16c76418832b443ae6c24232a50452ab924b8dd1f29f8f11019cd2a169a27,fista_dct,26.7354068162374,0.4605820822211038,0.3660869480809197,0.0008513132925145328
web_xuanwu_lake_03,Nanjing_scenic_web,web_xuanwu_lake_03,test,0.1,0.1001129150390625,0.05,2027,2cb16c76418832b443ae6c24232a50452ab924b8dd1f29f8f11019cd2a169a27,hqs,29.102260792068762,0.5930447269963175,0.31941836001351476,0.0011808800045400858
web_xuanwu_lake_03,Nanjing_scenic_web,web_xuanwu_lake_03,test,0.1,0.1001129150390625,0.05,2027,2cb16c76418832b443ae6c24232a50452ab924b8dd1f29f8f11019cd2a169a27,admm,29.3086460245836,0.6085278424470499,0.3214485018979758,0.002715559210628271
web_xuanwu_lake_03,Nanjing_scenic_web,web_xuanwu_lake_03,test,0.1,0.1001129150390625,0.05,2027,2cb16c76418832b443ae6c24232a50452ab924b8dd1f29f8f11019cd2a169a27,hqs_round1,29.207960166711032,0.5996941861039177,0.3221223669825122,0.0011546640889719129
web_xuanwu_lake_03,Nanjing_scenic_web,web_xuanwu_lake_03,test,0.1,0.1001129150390625,0.05,2027,2cb16c76418832b443ae6c24232a50452ab924b8dd1f29f8f11019cd2a169a27,hqs_5000,35.28770413442696,0.9362363393975496,0.3194028940051794,0.04635344073176384
web_xuanwu_lake_03,Nanjing_scenic_web,web_xuanwu_lake_03,test,0.1,0.1001129150390625,0.05,2027,2cb16c76418832b443ae6c24232a50452ab924b8dd1f29f8f11019cd2a169a27,hqs_10000,35.330162441054554,0.9368097475609779,0.3200403379742056,0.04568161442875862
web_xuanwu_lake_03,Nanjing_scenic_web,web_xuanwu_lake_03,test,0.1,0.1001129150390625,0.05,2028,6e80a1f0b80feb9ea15497fd7724cf22a3cc8d90459d88467ff298a063b8d6a3,adjoint,27.22049468609315,0.4892818051743433,0.00030973704997450113,0.0029834560118615627
web_xuanwu_lake_03,Nanjing_scenic_web,web_xuanwu_lake_03,test,0.1,0.1001129150390625,0.05,2028,6e80a1f0b80feb9ea15497fd7724cf22a3cc8d90459d88467ff298a063b8d6a3,fista_dct,26.6466979580682,0.45048708178792146,0.35869921604171395,0.0007581776008009911
web_xuanwu_lake_03,Nanjing_scenic_web,web_xuanwu_lake_03,test,0.1,0.1001129150390625,0.05,2028,6e80a1f0b80feb9ea15497fd7724cf22a3cc8d90459d88467ff298a063b8d6a3,hqs,29.10377728045716,0.5934221862931773,0.3249687770148739,0.0013205584837123752
web_xuanwu_lake_03,Nanjing_scenic_web,web_xuanwu_lake_03,test,0.1,0.1001129150390625,0.05,2028,6e80a1f0b80feb9ea15497fd7724cf22a3cc8d90459d88467ff298a063b8d6a3,admm,29.336697517064895,0.6114419889403283,0.32365548505913466,0.0027086210902780294
web_xuanwu_lake_03,Nanjing_scenic_web,web_xuanwu_lake_03,test,0.1,0.1001129150390625,0.05,2028,6e80a1f0b80feb9ea15497fd7724cf22a3cc8d90459d88467ff298a063b8d6a3,hqs_round1,29.219451065424884,0.6013170342119298,0.3185035970527679,0.0012578595196828246
web_xuanwu_lake_03,Nanjing_scenic_web,web_xuanwu_lake_03,test,0.1,0.1001129150390625,0.05,2028,6e80a1f0b80feb9ea15497fd7724cf22a3cc8d90459d88467ff298a063b8d6a3,hqs_5000,35.23446944818153,0.9370520724785328,0.32042101095430553,0.045509371906518936
web_xuanwu_lake_03,Nanjing_scenic_web,web_xuanwu_lake_03,test,0.1,0.1001129150390625,0.05,2028,6e80a1f0b80feb9ea15497fd7724cf22a3cc8d90459d88467ff298a063b8d6a3,hqs_10000,35.23689831756292,0.9376084530031681,0.3208043270278722,0.045243073254823685
web_sun_yat_sen_mausoleum_01,Nanjing_scenic_web,web_sun_yat_sen_mausoleum_01,test,0.01,0.01031494140625,0.0,2026,e89d564f25c5682936c539f1a3909c0f6ef60dc3f90c30d4b0428ba33c01660a,adjoint,19.294758590966946,0.3649214046326544,0.00019645504653453827,0.0033308472484350204
web_sun_yat_sen_mausoleum_01,Nanjing_scenic_web,web_sun_yat_sen_mausoleum_01,test,0.01,0.01031494140625,0.0,2026,e89d564f25c5682936c539f1a3909c0f6ef60dc3f90c30d4b0428ba33c01660a,fista_dct,19.671009576476635,0.45337326384709425,0.3204794389894232,0.006294576451182365
web_sun_yat_sen_mausoleum_01,Nanjing_scenic_web,web_sun_yat_sen_mausoleum_01,test,0.01,0.01031494140625,0.0,2026,e89d564f25c5682936c539f1a3909c0f6ef60dc3f90c30d4b0428ba33c01660a,hqs,21.967673027956746,0.6926166902097366,0.3199607119895518,0.0055345348082482815
web_sun_yat_sen_mausoleum_01,Nanjing_scenic_web,web_sun_yat_sen_mausoleum_01,test,0.01,0.01031494140625,0.0,2026,e89d564f25c5682936c539f1a3909c0f6ef60dc3f90c30d4b0428ba33c01660a,admm,21.549950855444816,0.6839947009009967,0.31890727602876723,0.005593196023255587
web_sun_yat_sen_mausoleum_01,Nanjing_scenic_web,web_sun_yat_sen_mausoleum_01,test,0.01,0.01031494140625,0.0,2026,e89d564f25c5682936c539f1a3909c0f6ef60dc3f90c30d4b0428ba33c01660a,hqs_round1,22.061475886185313,0.6934636966656027,0.3215811300324276,0.005352288484573364
web_sun_yat_sen_mausoleum_01,Nanjing_scenic_web,web_sun_yat_sen_mausoleum_01,test,0.01,0.01031494140625,0.0,2026,e89d564f25c5682936c539f1a3909c0f6ef60dc3f90c30d4b0428ba33c01660a,hqs_5000,22.258512007758377,0.6954086372475956,0.3192759200464934,0.006677933968603611
web_sun_yat_sen_mausoleum_01,Nanjing_scenic_web,web_sun_yat_sen_mausoleum_01,test,0.01,0.01031494140625,0.0,2026,e89d564f25c5682936c539f1a3909c0f6ef60dc3f90c30d4b0428ba33c01660a,hqs_10000,22.245383188026487,0.6942552446226581,0.3183502609608695,0.006645265966653824
web_sun_yat_sen_mausoleum_01,Nanjing_scenic_web,web_sun_yat_sen_mausoleum_01,test,0.04,0.041259765625,0.0,2026,ca2629efde83cdf4e02a146a98041443ea5ff6111c068c20d5235b0afd20df63,adjoint,21.633621381971025,0.46605277191238165,0.0002564958995208144,0.004087816923856735
web_sun_yat_sen_mausoleum_01,Nanjing_scenic_web,web_sun_yat_sen_mausoleum_01,test,0.04,0.041259765625,0.0,2026,ca2629efde83cdf4e02a146a98041443ea5ff6111c068c20d5235b0afd20df63,fista_dct,22.377664797205878,0.536388183847271,0.33532741595990956,0.00534689100459218
web_sun_yat_sen_mausoleum_01,Nanjing_scenic_web,web_sun_yat_sen_mausoleum_01,test,0.04,0.041259765625,0.0,2026,ca2629efde83cdf4e02a146a98041443ea5ff6111c068c20d5235b0afd20df63,hqs,25.837934790181247,0.8496328755476884,0.318920794990845,0.004482525400817394
web_sun_yat_sen_mausoleum_01,Nanjing_scenic_web,web_sun_yat_sen_mausoleum_01,test,0.04,0.041259765625,0.0,2026,ca2629efde83cdf4e02a146a98041443ea5ff6111c068c20d5235b0afd20df63,admm,25.836123468033563,0.8496621819935289,0.32168311695568264,0.0046425992622971535
web_sun_yat_sen_mausoleum_01,Nanjing_scenic_web,web_sun_yat_sen_mausoleum_01,test,0.04,0.041259765625,0.0,2026,ca2629efde83cdf4e02a146a98041443ea5ff6111c068c20d5235b0afd20df63,hqs_round1,25.890080065181024,0.8506301661296279,0.3209437080658972,0.004187190439552069
web_sun_yat_sen_mausoleum_01,Nanjing_scenic_web,web_sun_yat_sen_mausoleum_01,test,0.04,0.041259765625,0.0,2026,ca2629efde83cdf4e02a146a98041443ea5ff6111c068c20d5235b0afd20df63,hqs_5000,25.91738849074933,0.8497147593802455,0.3201861099805683,0.005372290499508381
web_sun_yat_sen_mausoleum_01,Nanjing_scenic_web,web_sun_yat_sen_mausoleum_01,test,0.04,0.041259765625,0.0,2026,ca2629efde83cdf4e02a146a98041443ea5ff6111c068c20d5235b0afd20df63,hqs_10000,25.961035151135583,0.8509883330178373,0.3202865070197731,0.00460352748632431
web_sun_yat_sen_mausoleum_01,Nanjing_scenic_web,web_sun_yat_sen_mausoleum_01,test,0.1,0.1001129150390625,0.0,2026,4309074cdcf7ddcc6cb428074466db19e81867de7184166545c621cda0d8aa8f,adjoint,23.52411047264043,0.5656563085689769,0.00030839897226542234,0.005013130605220795
web_sun_yat_sen_mausoleum_01,Nanjing_scenic_web,web_sun_yat_sen_mausoleum_01,test,0.1,0.1001129150390625,0.0,2026,4309074cdcf7ddcc6cb428074466db19e81867de7184166545c621cda0d8aa8f,fista_dct,24.379219433567208,0.6146828929857395,0.3530214308993891,0.004477153066545725
web_sun_yat_sen_mausoleum_01,Nanjing_scenic_web,web_sun_yat_sen_mausoleum_01,test,0.1,0.1001129150390625,0.0,2026,4309074cdcf7ddcc6cb428074466db19e81867de7184166545c621cda0d8aa8f,hqs,29.527604426367503,0.9318508742339611,0.3207515269750729,0.00392309483140707
web_sun_yat_sen_mausoleum_01,Nanjing_scenic_web,web_sun_yat_sen_mausoleum_01,test,0.1,0.1001129150390625,0.0,2026,4309074cdcf7ddcc6cb428074466db19e81867de7184166545c621cda0d8aa8f,admm,29.501039847458465,0.9312435870134831,0.32277994602918625,0.004329422023147345
web_sun_yat_sen_mausoleum_01,Nanjing_scenic_web,web_sun_yat_sen_mausoleum_01,test,0.1,0.1001129150390625,0.0,2026,4309074cdcf7ddcc6cb428074466db19e81867de7184166545c621cda0d8aa8f,hqs_round1,29.62105123176692,0.9329663547644615,0.31853277899790555,0.0038585527800023556
web_sun_yat_sen_mausoleum_01,Nanjing_scenic_web,web_sun_yat_sen_mausoleum_01,test,0.1,0.1001129150390625,0.0,2026,4309074cdcf7ddcc6cb428074466db19e81867de7184166545c621cda0d8aa8f,hqs_5000,29.65513554185261,0.9328545471278429,0.3214359369594604,0.004705175291746855
web_sun_yat_sen_mausoleum_01,Nanjing_scenic_web,web_sun_yat_sen_mausoleum_01,test,0.1,0.1001129150390625,0.0,2026,4309074cdcf7ddcc6cb428074466db19e81867de7184166545c621cda0d8aa8f,hqs_10000,29.73966146298754,0.9339373785815239,0.31805019499734044,0.003868073457852006
web_sun_yat_sen_mausoleum_01,Nanjing_scenic_web,web_sun_yat_sen_mausoleum_01,test,0.25,0.25,0.0,2026,ea48813f9b958e98886c37ae2457450f95af188c31281637aaf85b1908f6dd41,adjoint,26.273463348489898,0.6987623143586517,0.00036865996662527323,0.005191104952245951
web_sun_yat_sen_mausoleum_01,Nanjing_scenic_web,web_sun_yat_sen_mausoleum_01,test,0.25,0.25,0.0,2026,ea48813f9b958e98886c37ae2457450f95af188c31281637aaf85b1908f6dd41,fista_dct,27.61287664819788,0.7528304673476219,0.37888589408248663,0.0025157404597848654
web_sun_yat_sen_mausoleum_01,Nanjing_scenic_web,web_sun_yat_sen_mausoleum_01,test,0.25,0.25,0.0,2026,ea48813f9b958e98886c37ae2457450f95af188c31281637aaf85b1908f6dd41,hqs,34.657700583856176,0.9760732243504524,0.3183954380219802,0.002385087078437209
web_sun_yat_sen_mausoleum_01,Nanjing_scenic_web,web_sun_yat_sen_mausoleum_01,test,0.25,0.25,0.0,2026,ea48813f9b958e98886c37ae2457450f95af188c31281637aaf85b1908f6dd41,admm,34.74512298398653,0.9766115025181771,0.31572475703433156,0.002578009618446231
web_sun_yat_sen_mausoleum_01,Nanjing_scenic_web,web_sun_yat_sen_mausoleum_01,test,0.25,0.25,0.0,2026,ea48813f9b958e98886c37ae2457450f95af188c31281637aaf85b1908f6dd41,hqs_round1,34.86983028328502,0.9772563047361373,0.3544174280250445,0.002666804241016507
web_sun_yat_sen_mausoleum_01,Nanjing_scenic_web,web_sun_yat_sen_mausoleum_01,test,0.25,0.25,0.0,2026,ea48813f9b958e98886c37ae2457450f95af188c31281637aaf85b1908f6dd41,hqs_5000,35.084963557849434,0.9782601782736778,0.32139035896398127,0.0030088978819549084
web_sun_yat_sen_mausoleum_01,Nanjing_scenic_web,web_sun_yat_sen_mausoleum_01,test,0.25,0.25,0.0,2026,ea48813f9b958e98886c37ae2457450f95af188c31281637aaf85b1908f6dd41,hqs_10000,35.23592234378222,0.9790825135641098,0.31743994110729545,0.002734462497755885
web_sun_yat_sen_mausoleum_01,Nanjing_scenic_web,web_sun_yat_sen_mausoleum_01,test,0.5,0.4998931884765625,0.0,2026,1b23cc04d710aeb70eb7533a61a0358da5fb6515a5e7561e78dfed5326aa8231,adjoint,29.576824672183125,0.8088170221463442,0.0005604469915851951,0.005579542368650436
web_sun_yat_sen_mausoleum_01,Nanjing_scenic_web,web_sun_yat_sen_mausoleum_01,test,0.5,0.4998931884765625,0.0,2026,1b23cc04d710aeb70eb7533a61a0358da5fb6515a5e7561e78dfed5326aa8231,fista_dct,30.871707262309958,0.8452045741658211,0.43134802603162825,0.0022082384675741196
web_sun_yat_sen_mausoleum_01,Nanjing_scenic_web,web_sun_yat_sen_mausoleum_01,test,0.5,0.4998931884765625,0.0,2026,1b23cc04d710aeb70eb7533a61a0358da5fb6515a5e7561e78dfed5326aa8231,hqs,41.763478607215404,0.9935161238441468,0.32101277995388955,0.0017942620906978846
web_sun_yat_sen_mausoleum_01,Nanjing_scenic_web,web_sun_yat_sen_mausoleum_01,test,0.5,0.4998931884765625,0.0,2026,1b23cc04d710aeb70eb7533a61a0358da5fb6515a5e7561e78dfed5326aa8231,admm,41.92149111502865,0.9936636908578873,0.32088239095173776,0.0017744650831446052
web_sun_yat_sen_mausoleum_01,Nanjing_scenic_web,web_sun_yat_sen_mausoleum_01,test,0.5,0.4998931884765625,0.0,2026,1b23cc04d710aeb70eb7533a61a0358da5fb6515a5e7561e78dfed5326aa8231,hqs_round1,41.822733342540424,0.9936746934642792,0.3176508400356397,0.0035073058679699898
web_sun_yat_sen_mausoleum_01,Nanjing_scenic_web,web_sun_yat_sen_mausoleum_01,test,0.5,0.4998931884765625,0.0,2026,1b23cc04d710aeb70eb7533a61a0358da5fb6515a5e7561e78dfed5326aa8231,hqs_5000,42.24912062219328,0.9940076621341706,0.32283103896770626,0.0023573958314955235
web_sun_yat_sen_mausoleum_01,Nanjing_scenic_web,web_sun_yat_sen_mausoleum_01,test,0.5,0.4998931884765625,0.0,2026,1b23cc04d710aeb70eb7533a61a0358da5fb6515a5e7561e78dfed5326aa8231,hqs_10000,42.34223662755114,0.9941359072322845,0.3179882080294192,0.0021561183966696262
web_sun_yat_sen_mausoleum_01,Nanjing_scenic_web,web_sun_yat_sen_mausoleum_01,test,0.1,0.1001129150390625,0.01,2026,e9cdf63b3431d798de9ca57c5612735c944ab3dc6e2dbd3a8011e9004d362a58,adjoint,23.489602357881726,0.5622168844082672,0.0003210599534213543,0.005099072121083736
web_sun_yat_sen_mausoleum_01,Nanjing_scenic_web,web_sun_yat_sen_mausoleum_01,test,0.1,0.1001129150390625,0.01,2026,e9cdf63b3431d798de9ca57c5612735c944ab3dc6e2dbd3a8011e9004d362a58,fista_dct,24.32016259902568,0.6095128270624783,0.3586950870230794,0.004652795381844044
web_sun_yat_sen_mausoleum_01,Nanjing_scenic_web,web_sun_yat_sen_mausoleum_01,test,0.1,0.1001129150390625,0.01,2026,e9cdf63b3431d798de9ca57c5612735c944ab3dc6e2dbd3a8011e9004d362a58,hqs,28.90827643787903,0.9198648621797562,0.32122874900233,0.003552156500518322
web_sun_yat_sen_mausoleum_01,Nanjing_scenic_web,web_sun_yat_sen_mausoleum_01,test,0.1,0.1001129150390625,0.01,2026,e9cdf63b3431d798de9ca57c5612735c944ab3dc6e2dbd3a8011e9004d362a58,admm,28.96831087705192,0.9230568867526054,0.3192198670003563,0.004490045830607414
web_sun_yat_sen_mausoleum_01,Nanjing_scenic_web,web_sun_yat_sen_mausoleum_01,test,0.1,0.1001129150390625,0.01,2026,e9cdf63b3431d798de9ca57c5612735c944ab3dc6e2dbd3a8011e9004d362a58,hqs_round1,28.9420395464836,0.9212964091563225,0.3191738179884851,0.0034944822546094656
web_sun_yat_sen_mausoleum_01,Nanjing_scenic_web,web_sun_yat_sen_mausoleum_01,test,0.1,0.1001129150390625,0.01,2026,e9cdf63b3431d798de9ca57c5612735c944ab3dc6e2dbd3a8011e9004d362a58,hqs_5000,29.051320188171136,0.9240256772683859,0.3200303250923753,0.006298542488366365
web_sun_yat_sen_mausoleum_01,Nanjing_scenic_web,web_sun_yat_sen_mausoleum_01,test,0.1,0.1001129150390625,0.01,2026,e9cdf63b3431d798de9ca57c5612735c944ab3dc6e2dbd3a8011e9004d362a58,hqs_10000,29.121253418082066,0.9251349078900815,0.3180331069743261,0.005090248305350542
web_sun_yat_sen_mausoleum_01,Nanjing_scenic_web,web_sun_yat_sen_mausoleum_01,test,0.1,0.1001129150390625,0.01,2027,c8904bfe8909d1171d6858e6f2cf25e864552ad615095c7a513b54a7353c4958,adjoint,23.490041354908104,0.5622590062268014,0.00031373300589621067,0.005070838611572981
web_sun_yat_sen_mausoleum_01,Nanjing_scenic_web,web_sun_yat_sen_mausoleum_01,test,0.1,0.1001129150390625,0.01,2027,c8904bfe8909d1171d6858e6f2cf25e864552ad615095c7a513b54a7353c4958,fista_dct,24.315930604971733,0.6080947933955007,0.3548502379562706,0.0044335490092635155
web_sun_yat_sen_mausoleum_01,Nanjing_scenic_web,web_sun_yat_sen_mausoleum_01,test,0.1,0.1001129150390625,0.01,2027,c8904bfe8909d1171d6858e6f2cf25e864552ad615095c7a513b54a7353c4958,hqs,28.98705284676052,0.9200979022824765,0.3183779940009117,0.0033802094403654337
web_sun_yat_sen_mausoleum_01,Nanjing_scenic_web,web_sun_yat_sen_mausoleum_01,test,0.1,0.1001129150390625,0.01,2027,c8904bfe8909d1171d6858e6f2cf25e864552ad615095c7a513b54a7353c4958,admm,29.032952392012508,0.9229354056849479,0.31909290701150894,0.004129310604184866
web_sun_yat_sen_mausoleum_01,Nanjing_scenic_web,web_sun_yat_sen_mausoleum_01,test,0.1,0.1001129150390625,0.01,2027,c8904bfe8909d1171d6858e6f2cf25e864552ad615095c7a513b54a7353c4958,hqs_round1,28.981437171525492,0.9212822914843559,0.31726093008182943,0.003271319903433323
web_sun_yat_sen_mausoleum_01,Nanjing_scenic_web,web_sun_yat_sen_mausoleum_01,test,0.1,0.1001129150390625,0.01,2027,c8904bfe8909d1171d6858e6f2cf25e864552ad615095c7a513b54a7353c4958,hqs_5000,29.063273527105274,0.9234469502313137,0.320176200941205,0.006218710448592901
web_sun_yat_sen_mausoleum_01,Nanjing_scenic_web,web_sun_yat_sen_mausoleum_01,test,0.1,0.1001129150390625,0.01,2027,c8904bfe8909d1171d6858e6f2cf25e864552ad615095c7a513b54a7353c4958,hqs_10000,29.128075899163814,0.924758183060646,0.3216862321132794,0.005076364614069462
web_sun_yat_sen_mausoleum_01,Nanjing_scenic_web,web_sun_yat_sen_mausoleum_01,test,0.1,0.1001129150390625,0.01,2028,3f7c9e4e477a55cd64d7520095dbeec1e402dafe224f7796c7352039ea826510,adjoint,23.488927922143294,0.5615243859222403,0.00028666004072874784,0.005112519953399897
web_sun_yat_sen_mausoleum_01,Nanjing_scenic_web,web_sun_yat_sen_mausoleum_01,test,0.1,0.1001129150390625,0.01,2028,3f7c9e4e477a55cd64d7520095dbeec1e402dafe224f7796c7352039ea826510,fista_dct,24.318089745796627,0.6095533739084061,0.35031021491158754,0.0045974296517670155
web_sun_yat_sen_mausoleum_01,Nanjing_scenic_web,web_sun_yat_sen_mausoleum_01,test,0.1,0.1001129150390625,0.01,2028,3f7c9e4e477a55cd64d7520095dbeec1e402dafe224f7796c7352039ea826510,hqs,28.873989435792566,0.9189980020500421,0.3208147700643167,0.0034625278785824776
web_sun_yat_sen_mausoleum_01,Nanjing_scenic_web,web_sun_yat_sen_mausoleum_01,test,0.1,0.1001129150390625,0.01,2028,3f7c9e4e477a55cd64d7520095dbeec1e402dafe224f7796c7352039ea826510,admm,28.9413046924844,0.9224265036072731,0.32199278997723013,0.004327930975705385
web_sun_yat_sen_mausoleum_01,Nanjing_scenic_web,web_sun_yat_sen_mausoleum_01,test,0.1,0.1001129150390625,0.01,2028,3f7c9e4e477a55cd64d7520095dbeec1e402dafe224f7796c7352039ea826510,hqs_round1,28.914038630551143,0.920522947620511,0.31857742893043905,0.003373543731868267
web_sun_yat_sen_mausoleum_01,Nanjing_scenic_web,web_sun_yat_sen_mausoleum_01,test,0.1,0.1001129150390625,0.01,2028,3f7c9e4e477a55cd64d7520095dbeec1e402dafe224f7796c7352039ea826510,hqs_5000,29.029509690442943,0.9234667309470177,0.32178400410339236,0.006404379848390818
web_sun_yat_sen_mausoleum_01,Nanjing_scenic_web,web_sun_yat_sen_mausoleum_01,test,0.1,0.1001129150390625,0.01,2028,3f7c9e4e477a55cd64d7520095dbeec1e402dafe224f7796c7352039ea826510,hqs_10000,29.09394109871149,0.9247086522778273,0.3216088480548933,0.005283481907099485
web_sun_yat_sen_mausoleum_01,Nanjing_scenic_web,web_sun_yat_sen_mausoleum_01,test,0.1,0.1001129150390625,0.05,2026,dc69e722624d4f7f43573a4395ce1cc5c3ee9ac1ee7d277f04182c2997424739,adjoint,22.73172165129013,0.49816739062004267,0.00030503503512591124,0.006418746430426836
web_sun_yat_sen_mausoleum_01,Nanjing_scenic_web,web_sun_yat_sen_mausoleum_01,test,0.1,0.1001129150390625,0.05,2026,dc69e722624d4f7f43573a4395ce1cc5c3ee9ac1ee7d277f04182c2997424739,fista_dct,22.909689362299126,0.5018115788842121,0.36229665693826973,0.007169857155531645
web_sun_yat_sen_mausoleum_01,Nanjing_scenic_web,web_sun_yat_sen_mausoleum_01,test,0.1,0.1001129150390625,0.05,2026,dc69e722624d4f7f43573a4395ce1cc5c3ee9ac1ee7d277f04182c2997424739,hqs,25.178194349000723,0.71135153036955,0.3221705249743536,0.0033990745432674885
web_sun_yat_sen_mausoleum_01,Nanjing_scenic_web,web_sun_yat_sen_mausoleum_01,test,0.1,0.1001129150390625,0.05,2026,dc69e722624d4f7f43573a4395ce1cc5c3ee9ac1ee7d277f04182c2997424739,admm,25.45942728301032,0.7471230854181089,0.32041487796232104,0.005913745611906052
web_sun_yat_sen_mausoleum_01,Nanjing_scenic_web,web_sun_yat_sen_mausoleum_01,test,0.1,0.1001129150390625,0.05,2026,dc69e722624d4f7f43573a4395ce1cc5c3ee9ac1ee7d277f04182c2997424739,hqs_round1,25.173022550787625,0.7222403475999813,0.3205650490708649,0.003185046836733818
web_sun_yat_sen_mausoleum_01,Nanjing_scenic_web,web_sun_yat_sen_mausoleum_01,test,0.1,0.1001129150390625,0.05,2026,dc69e722624d4f7f43573a4395ce1cc5c3ee9ac1ee7d277f04182c2997424739,hqs_5000,26.65451576424687,0.8704240548274517,0.3211450540693477,0.0390813834965229
web_sun_yat_sen_mausoleum_01,Nanjing_scenic_web,web_sun_yat_sen_mausoleum_01,test,0.1,0.1001129150390625,0.05,2026,dc69e722624d4f7f43573a4395ce1cc5c3ee9ac1ee7d277f04182c2997424739,hqs_10000,26.69583371875985,0.8722082244018913,0.31836599099915475,0.03596828877925873
web_sun_yat_sen_mausoleum_01,Nanjing_scenic_web,web_sun_yat_sen_mausoleum_01,test,0.1,0.1001129150390625,0.05,2027,484224345ddae1baed9c27633d51c4c8425bf8c55c8fb6e56f0cb86739be2769,adjoint,22.74198117782162,0.49754938488294,0.00025074800942093134,0.006211487576365471
web_sun_yat_sen_mausoleum_01,Nanjing_scenic_web,web_sun_yat_sen_mausoleum_01,test,0.1,0.1001129150390625,0.05,2027,484224345ddae1baed9c27633d51c4c8425bf8c55c8fb6e56f0cb86739be2769,fista_dct,22.939578589410225,0.5028390576750456,0.3797409060643986,0.006824844982475042
web_sun_yat_sen_mausoleum_01,Nanjing_scenic_web,web_sun_yat_sen_mausoleum_01,test,0.1,0.1001129150390625,0.05,2027,484224345ddae1baed9c27633d51c4c8425bf8c55c8fb6e56f0cb86739be2769,hqs,25.314003268315467,0.7182601763285399,0.3385047640185803,0.003725120797753334
web_sun_yat_sen_mausoleum_01,Nanjing_scenic_web,web_sun_yat_sen_mausoleum_01,test,0.1,0.1001129150390625,0.05,2027,484224345ddae1baed9c27633d51c4c8425bf8c55c8fb6e56f0cb86739be2769,admm,25.513800161851982,0.7553771226517748,0.34434321604203433,0.006989240646362305
web_sun_yat_sen_mausoleum_01,Nanjing_scenic_web,web_sun_yat_sen_mausoleum_01,test,0.1,0.1001129150390625,0.05,2027,484224345ddae1baed9c27633d51c4c8425bf8c55c8fb6e56f0cb86739be2769,hqs_round1,25.3632391582067,0.7308155646897401,0.31586317892652005,0.003889766987413168
web_sun_yat_sen_mausoleum_01,Nanjing_scenic_web,web_sun_yat_sen_mausoleum_01,test,0.1,0.1001129150390625,0.05,2027,484224345ddae1baed9c27633d51c4c8425bf8c55c8fb6e56f0cb86739be2769,hqs_5000,26.60413639344174,0.8669785232694149,0.3153328560292721,0.03898448124527931
web_sun_yat_sen_mausoleum_01,Nanjing_scenic_web,web_sun_yat_sen_mausoleum_01,test,0.1,0.1001129150390625,0.05,2027,484224345ddae1baed9c27633d51c4c8425bf8c55c8fb6e56f0cb86739be2769,hqs_10000,26.631942171648383,0.8690767558917999,0.3193217710359022,0.03548181802034378
web_sun_yat_sen_mausoleum_01,Nanjing_scenic_web,web_sun_yat_sen_mausoleum_01,test,0.1,0.1001129150390625,0.05,2028,f1ed51fe7ac60a8fce3172550207d3f2c22023edc1196a09f558b6bd1a7a71cb,adjoint,22.718016647440766,0.4946102151183438,0.00025629601441323757,0.006457507610321045
web_sun_yat_sen_mausoleum_01,Nanjing_scenic_web,web_sun_yat_sen_mausoleum_01,test,0.1,0.1001129150390625,0.05,2028,f1ed51fe7ac60a8fce3172550207d3f2c22023edc1196a09f558b6bd1a7a71cb,fista_dct,22.94986599805729,0.5037689130978171,0.3725284830434248,0.007107075769454241
web_sun_yat_sen_mausoleum_01,Nanjing_scenic_web,web_sun_yat_sen_mausoleum_01,test,0.1,0.1001129150390625,0.05,2028,f1ed51fe7ac60a8fce3172550207d3f2c22023edc1196a09f558b6bd1a7a71cb,hqs,25.090302961363907,0.7014902282781824,0.31994494900573045,0.003156646154820919
web_sun_yat_sen_mausoleum_01,Nanjing_scenic_web,web_sun_yat_sen_mausoleum_01,test,0.1,0.1001129150390625,0.05,2028,f1ed51fe7ac60a8fce3172550207d3f2c22023edc1196a09f558b6bd1a7a71cb,admm,25.390466420204426,0.7313720082407021,0.3169604499125853,0.005423347931355238
web_sun_yat_sen_mausoleum_01,Nanjing_scenic_web,web_sun_yat_sen_mausoleum_01,test,0.1,0.1001129150390625,0.05,2028,f1ed51fe7ac60a8fce3172550207d3f2c22023edc1196a09f558b6bd1a7a71cb,hqs_round1,25.101025841910314,0.7126257590447291,0.31764670996926725,0.0031575635075569153
web_sun_yat_sen_mausoleum_01,Nanjing_scenic_web,web_sun_yat_sen_mausoleum_01,test,0.1,0.1001129150390625,0.05,2028,f1ed51fe7ac60a8fce3172550207d3f2c22023edc1196a09f558b6bd1a7a71cb,hqs_5000,26.585218116321023,0.8673134842472077,0.31751757801976055,0.03961734473705292
web_sun_yat_sen_mausoleum_01,Nanjing_scenic_web,web_sun_yat_sen_mausoleum_01,test,0.1,0.1001129150390625,0.05,2028,f1ed51fe7ac60a8fce3172550207d3f2c22023edc1196a09f558b6bd1a7a71cb,hqs_10000,26.60197433164076,0.8697767328660637,0.3189827329479158,0.03660682961344719
web_sun_yat_sen_mausoleum_02,Nanjing_scenic_web,web_sun_yat_sen_mausoleum_02,test,0.01,0.01031494140625,0.0,2026,74041c1292668a09392f3c76c4edc1d97e381eb03700a75062b55cb25dc0f1bc,adjoint,18.30022107297858,0.27377849627964135,0.000199947040528059,0.027270004153251648
web_sun_yat_sen_mausoleum_02,Nanjing_scenic_web,web_sun_yat_sen_mausoleum_02,test,0.01,0.01031494140625,0.0,2026,74041c1292668a09392f3c76c4edc1d97e381eb03700a75062b55cb25dc0f1bc,fista_dct,19.244098648611107,0.42446485111027965,0.3150060490006581,0.02333875745534897
web_sun_yat_sen_mausoleum_02,Nanjing_scenic_web,web_sun_yat_sen_mausoleum_02,test,0.01,0.01031494140625,0.0,2026,74041c1292668a09392f3c76c4edc1d97e381eb03700a75062b55cb25dc0f1bc,hqs,22.918940103045443,0.7015024755760567,0.32025751704350114,0.004798917565494776
web_sun_yat_sen_mausoleum_02,Nanjing_scenic_web,web_sun_yat_sen_mausoleum_02,test,0.01,0.01031494140625,0.0,2026,74041c1292668a09392f3c76c4edc1d97e381eb03700a75062b55cb25dc0f1bc,admm,22.743663909067863,0.6977266208985364,0.3175015359884128,0.005061610601842403
web_sun_yat_sen_mausoleum_02,Nanjing_scenic_web,web_sun_yat_sen_mausoleum_02,test,0.01,0.01031494140625,0.0,2026,74041c1292668a09392f3c76c4edc1d97e381eb03700a75062b55cb25dc0f1bc,hqs_round1,23.050655333067294,0.7087362471535258,0.320009941002354,0.004707775544375181
web_sun_yat_sen_mausoleum_02,Nanjing_scenic_web,web_sun_yat_sen_mausoleum_02,test,0.01,0.01031494140625,0.0,2026,74041c1292668a09392f3c76c4edc1d97e381eb03700a75062b55cb25dc0f1bc,hqs_5000,23.332512458869576,0.7209105371890189,0.3187752990052104,0.008877536281943321
web_sun_yat_sen_mausoleum_02,Nanjing_scenic_web,web_sun_yat_sen_mausoleum_02,test,0.01,0.01031494140625,0.0,2026,74041c1292668a09392f3c76c4edc1d97e381eb03700a75062b55cb25dc0f1bc,hqs_10000,23.345365658529687,0.7218345638388151,0.32124943495728076,0.007595074363052845
web_sun_yat_sen_mausoleum_02,Nanjing_scenic_web,web_sun_yat_sen_mausoleum_02,test,0.04,0.041259765625,0.0,2026,746a3fc711f5a96e1c613c3fff66f99426a79f0c49f7abbe57fea868c856cb50,adjoint,20.977157429493513,0.37473235186854875,0.0002494619693607092,0.02549928054213524
web_sun_yat_sen_mausoleum_02,Nanjing_scenic_web,web_sun_yat_sen_mausoleum_02,test,0.04,0.041259765625,0.0,2026,746a3fc711f5a96e1c613c3fff66f99426a79f0c49f7abbe57fea868c856cb50,fista_dct,22.472373999811673,0.477151984334703,0.342826273990795,0.02292001247406006
web_sun_yat_sen_mausoleum_02,Nanjing_scenic_web,web_sun_yat_sen_mausoleum_02,test,0.04,0.041259765625,0.0,2026,746a3fc711f5a96e1c613c3fff66f99426a79f0c49f7abbe57fea868c856cb50,hqs,27.833088204481967,0.8616941198328435,0.31852720002643764,0.003036458045244217
web_sun_yat_sen_mausoleum_02,Nanjing_scenic_web,web_sun_yat_sen_mausoleum_02,test,0.04,0.041259765625,0.0,2026,746a3fc711f5a96e1c613c3fff66f99426a79f0c49f7abbe57fea868c856cb50,admm,27.889065997299372,0.8623030599105358,0.3212521600071341,0.0038537830114364624
web_sun_yat_sen_mausoleum_02,Nanjing_scenic_web,web_sun_yat_sen_mausoleum_02,test,0.04,0.041259765625,0.0,2026,746a3fc711f5a96e1c613c3fff66f99426a79f0c49f7abbe57fea868c856cb50,hqs_round1,27.955685958969603,0.8637436224536001,0.31817853602115065,0.003036104142665863
web_sun_yat_sen_mausoleum_02,Nanjing_scenic_web,web_sun_yat_sen_mausoleum_02,test,0.04,0.041259765625,0.0,2026,746a3fc711f5a96e1c613c3fff66f99426a79f0c49f7abbe57fea868c856cb50,hqs_5000,28.113419990526577,0.8665551892044843,0.3175578759983182,0.0035244848113507032
web_sun_yat_sen_mausoleum_02,Nanjing_scenic_web,web_sun_yat_sen_mausoleum_02,test,0.04,0.041259765625,0.0,2026,746a3fc711f5a96e1c613c3fff66f99426a79f0c49f7abbe57fea868c856cb50,hqs_10000,28.194575354736582,0.8682095655070245,0.3227221069391817,0.0031370031647384167
web_sun_yat_sen_mausoleum_02,Nanjing_scenic_web,web_sun_yat_sen_mausoleum_02,test,0.1,0.1001129150390625,0.0,2026,19c6e4271464bebc39a005e05857fc17cced1dec43ae441b4b35251d634d653b,adjoint,23.186015112286892,0.4722637150530913,0.0003073010593652725,0.02227049134671688
web_sun_yat_sen_mausoleum_02,Nanjing_scenic_web,web_sun_yat_sen_mausoleum_02,test,0.1,0.1001129150390625,0.0,2026,19c6e4271464bebc39a005e05857fc17cced1dec43ae441b4b35251d634d653b,fista_dct,25.480069184366627,0.6222343410287872,0.3472929659765214,0.01602083258330822
web_sun_yat_sen_mausoleum_02,Nanjing_scenic_web,web_sun_yat_sen_mausoleum_02,test,0.1,0.1001129150390625,0.0,2026,19c6e4271464bebc39a005e05857fc17cced1dec43ae441b4b35251d634d653b,hqs,31.59411323369115,0.9320563305606842,0.32255066896323115,0.0024375589564442635
web_sun_yat_sen_mausoleum_02,Nanjing_scenic_web,web_sun_yat_sen_mausoleum_02,test,0.1,0.1001129150390625,0.0,2026,19c6e4271464bebc39a005e05857fc17cced1dec43ae441b4b35251d634d653b,admm,31.76790695817187,0.9324558165245056,0.3182598849525675,0.0031585916876792908
web_sun_yat_sen_mausoleum_02,Nanjing_scenic_web,web_sun_yat_sen_mausoleum_02,test,0.1,0.1001129150390625,0.0,2026,19c6e4271464bebc39a005e05857fc17cced1dec43ae441b4b35251d634d653b,hqs_round1,31.97077485064088,0.9351649345259666,0.31804551801178604,0.0026004367973655462
web_sun_yat_sen_mausoleum_02,Nanjing_scenic_web,web_sun_yat_sen_mausoleum_02,test,0.1,0.1001129150390625,0.0,2026,19c6e4271464bebc39a005e05857fc17cced1dec43ae441b4b35251d634d653b,hqs_5000,32.148513902539264,0.935897181265831,0.3224908249685541,0.00323954364284873
web_sun_yat_sen_mausoleum_02,Nanjing_scenic_web,web_sun_yat_sen_mausoleum_02,test,0.1,0.1001129150390625,0.0,2026,19c6e4271464bebc39a005e05857fc17cced1dec43ae441b4b35251d634d653b,hqs_10000,32.195535477096506,0.9372534896469116,0.3172446460230276,0.002984277904033661
web_sun_yat_sen_mausoleum_02,Nanjing_scenic_web,web_sun_yat_sen_mausoleum_02,test,0.25,0.25,0.0,2026,8a025c161a62ef97aabc9fc9b5fefad4f61ce6a57e57cab33c6b40fdeca572a0,adjoint,26.209139538012145,0.6002109024210721,0.0003867479972541332,0.01873144507408142
web_sun_yat_sen_mausoleum_02,Nanjing_scenic_web,web_sun_yat_sen_mausoleum_02,test,0.25,0.25,0.0,2026,8a025c161a62ef97aabc9fc9b5fefad4f61ce6a57e57cab33c6b40fdeca572a0,fista_dct,28.73363211219266,0.7515579464466572,0.3729380420409143,0.011930525302886963
web_sun_yat_sen_mausoleum_02,Nanjing_scenic_web,web_sun_yat_sen_mausoleum_02,test,0.25,0.25,0.0,2026,8a025c161a62ef97aabc9fc9b5fefad4f61ce6a57e57cab33c6b40fdeca572a0,hqs,37.64586435720817,0.9736637946166993,0.31744014692958444,0.0018744268454611301
web_sun_yat_sen_mausoleum_02,Nanjing_scenic_web,web_sun_yat_sen_mausoleum_02,test,0.25,0.25,0.0,2026,8a025c161a62ef97aabc9fc9b5fefad4f61ce6a57e57cab33c6b40fdeca572a0,admm,37.74912288210827,0.9737818486166,0.32075084699317813,0.0022361748851835728
web_sun_yat_sen_mausoleum_02,Nanjing_scenic_web,web_sun_yat_sen_mausoleum_02,test,0.25,0.25,0.0,2026,8a025c161a62ef97aabc9fc9b5fefad4f61ce6a57e57cab33c6b40fdeca572a0,hqs_round1,37.94197811717497,0.9743840411643981,0.31958017696160823,0.0020871858578175306
web_sun_yat_sen_mausoleum_02,Nanjing_scenic_web,web_sun_yat_sen_mausoleum_02,test,0.25,0.25,0.0,2026,8a025c161a62ef97aabc9fc9b5fefad4f61ce6a57e57cab33c6b40fdeca572a0,hqs_5000,38.0679708982579,0.9735253579292298,0.31777373305521905,0.0025515430606901646
web_sun_yat_sen_mausoleum_02,Nanjing_scenic_web,web_sun_yat_sen_mausoleum_02,test,0.25,0.25,0.0,2026,8a025c161a62ef97aabc9fc9b5fefad4f61ce6a57e57cab33c6b40fdeca572a0,hqs_10000,38.19396072003887,0.9751383285646439,0.320076429983601,0.002377471886575222
web_sun_yat_sen_mausoleum_02,Nanjing_scenic_web,web_sun_yat_sen_mausoleum_02,test,0.5,0.4998931884765625,0.0,2026,c66f5dc481b1a18bff335ef284502fdfd58d460a17c0b14f06b6eb669ac90d91,adjoint,29.263838139816556,0.7091856495067477,0.0005915999645367265,0.015390109270811081
web_sun_yat_sen_mausoleum_02,Nanjing_scenic_web,web_sun_yat_sen_mausoleum_02,test,0.5,0.4998931884765625,0.0,2026,c66f5dc481b1a18bff335ef284502fdfd58d460a17c0b14f06b6eb669ac90d91,fista_dct,31.94833303475408,0.8368505712542534,0.42807679006364197,0.009627769701182842
web_sun_yat_sen_mausoleum_02,Nanjing_scenic_web,web_sun_yat_sen_mausoleum_02,test,0.5,0.4998931884765625,0.0,2026,c66f5dc481b1a18bff335ef284502fdfd58d460a17c0b14f06b6eb669ac90d91,hqs,43.28033974644146,0.9895620062417984,0.3249498240184039,0.0013393079861998558
web_sun_yat_sen_mausoleum_02,Nanjing_scenic_web,web_sun_yat_sen_mausoleum_02,test,0.5,0.4998931884765625,0.0,2026,c66f5dc481b1a18bff335ef284502fdfd58d460a17c0b14f06b6eb669ac90d91,admm,43.32188356136416,0.9895059288902283,0.3182817531051114,0.0014680520398542285
web_sun_yat_sen_mausoleum_02,Nanjing_scenic_web,web_sun_yat_sen_mausoleum_02,test,0.5,0.4998931884765625,0.0,2026,c66f5dc481b1a18bff335ef284502fdfd58d460a17c0b14f06b6eb669ac90d91,hqs_round1,43.554824898116145,0.9899596565465927,0.31700451497454196,0.0015150663675740361
web_sun_yat_sen_mausoleum_02,Nanjing_scenic_web,web_sun_yat_sen_mausoleum_02,test,0.5,0.4998931884765625,0.0,2026,c66f5dc481b1a18bff335ef284502fdfd58d460a17c0b14f06b6eb669ac90d91,hqs_5000,43.774466367483285,0.9896633084812164,0.31858065200503916,0.0017253446858376265
web_sun_yat_sen_mausoleum_02,Nanjing_scenic_web,web_sun_yat_sen_mausoleum_02,test,0.5,0.4998931884765625,0.0,2026,c66f5dc481b1a18bff335ef284502fdfd58d460a17c0b14f06b6eb669ac90d91,hqs_10000,43.82856299922995,0.9902338941764831,0.31589967489708215,0.0017385404789820313
web_sun_yat_sen_mausoleum_02,Nanjing_scenic_web,web_sun_yat_sen_mausoleum_02,test,0.1,0.1001129150390625,0.01,2026,bceb3daef4267bdfd549de1b3657b8c41f2759dd2b2fc778f6262b17e47cdd7d,adjoint,23.16119525334574,0.4704090524472117,0.0003158729523420334,0.02248484455049038
web_sun_yat_sen_mausoleum_02,Nanjing_scenic_web,web_sun_yat_sen_mausoleum_02,test,0.1,0.1001129150390625,0.01,2026,bceb3daef4267bdfd549de1b3657b8c41f2759dd2b2fc778f6262b17e47cdd7d,fista_dct,25.40418789798951,0.614283122991778,0.35460232000332326,0.01665586605668068
web_sun_yat_sen_mausoleum_02,Nanjing_scenic_web,web_sun_yat_sen_mausoleum_02,test,0.1,0.1001129150390625,0.01,2026,bceb3daef4267bdfd549de1b3657b8c41f2759dd2b2fc778f6262b17e47cdd7d,hqs,30.938567644822776,0.917091783374548,0.3162046929355711,0.002595130354166031
web_sun_yat_sen_mausoleum_02,Nanjing_scenic_web,web_sun_yat_sen_mausoleum_02,test,0.1,0.1001129150390625,0.01,2026,bceb3daef4267bdfd549de1b3657b8c41f2759dd2b2fc778f6262b17e47cdd7d,admm,31.083676101739908,0.9202269004993439,0.31516331899911165,0.003603364108130336
web_sun_yat_sen_mausoleum_02,Nanjing_scenic_web,web_sun_yat_sen_mausoleum_02,test,0.1,0.1001129150390625,0.01,2026,bceb3daef4267bdfd549de1b3657b8c41f2759dd2b2fc778f6262b17e47cdd7d,hqs_round1,31.157303557318684,0.9203822419734001,0.31539643299765885,0.002791506936773658
web_sun_yat_sen_mausoleum_02,Nanjing_scenic_web,web_sun_yat_sen_mausoleum_02,test,0.1,0.1001129150390625,0.01,2026,bceb3daef4267bdfd549de1b3657b8c41f2759dd2b2fc778f6262b17e47cdd7d,hqs_5000,31.336969356722967,0.9235411680045128,0.3154895700281486,0.005183373112231493
web_sun_yat_sen_mausoleum_02,Nanjing_scenic_web,web_sun_yat_sen_mausoleum_02,test,0.1,0.1001129150390625,0.01,2026,bceb3daef4267bdfd549de1b3657b8c41f2759dd2b2fc778f6262b17e47cdd7d,hqs_10000,31.360715399575135,0.924475263513565,0.31714516307692975,0.004359479993581772
web_sun_yat_sen_mausoleum_02,Nanjing_scenic_web,web_sun_yat_sen_mausoleum_02,test,0.1,0.1001129150390625,0.01,2027,189bc1f52f1a55f81ae907a13f99bfa93cf302d358abda1ee551ad4eee9109ee,adjoint,23.158910438444057,0.4714510166438767,0.00032192200887948275,0.022457517683506012
web_sun_yat_sen_mausoleum_02,Nanjing_scenic_web,web_sun_yat_sen_mausoleum_02,test,0.1,0.1001129150390625,0.01,2027,189bc1f52f1a55f81ae907a13f99bfa93cf302d358abda1ee551ad4eee9109ee,fista_dct,25.419490806133282,0.6189034053789004,0.35878089792095125,0.01659994386136532
web_sun_yat_sen_mausoleum_02,Nanjing_scenic_web,web_sun_yat_sen_mausoleum_02,test,0.1,0.1001129150390625,0.01,2027,189bc1f52f1a55f81ae907a13f99bfa93cf302d358abda1ee551ad4eee9109ee,hqs,30.909737236595113,0.916763483080864,0.3160684739705175,0.0027026538737118244
web_sun_yat_sen_mausoleum_02,Nanjing_scenic_web,web_sun_yat_sen_mausoleum_02,test,0.1,0.1001129150390625,0.01,2027,189bc1f52f1a55f81ae907a13f99bfa93cf302d358abda1ee551ad4eee9109ee,admm,31.06500887540497,0.9198657861058712,0.3175658790860325,0.003709946060553193
web_sun_yat_sen_mausoleum_02,Nanjing_scenic_web,web_sun_yat_sen_mausoleum_02,test,0.1,0.1001129150390625,0.01,2027,189bc1f52f1a55f81ae907a13f99bfa93cf302d358abda1ee551ad4eee9109ee,hqs_round1,31.142865435481937,0.9198986245136261,0.31530290306545794,0.002913734642788768
web_sun_yat_sen_mausoleum_02,Nanjing_scenic_web,web_sun_yat_sen_mausoleum_02,test,0.1,0.1001129150390625,0.01,2027,189bc1f52f1a55f81ae907a13f99bfa93cf302d358abda1ee551ad4eee9109ee,hqs_5000,31.340123302051566,0.9230334758439064,0.3277897780062631,0.005722770467400551
web_sun_yat_sen_mausoleum_02,Nanjing_scenic_web,web_sun_yat_sen_mausoleum_02,test,0.1,0.1001129150390625,0.01,2027,189bc1f52f1a55f81ae907a13f99bfa93cf302d358abda1ee551ad4eee9109ee,hqs_10000,31.3361958737929,0.9242285403444767,0.32288083992898464,0.0048334430903196335
web_sun_yat_sen_mausoleum_02,Nanjing_scenic_web,web_sun_yat_sen_mausoleum_02,test,0.1,0.1001129150390625,0.01,2028,dca62e36e9cc19e9ad3d2ccc0b02410eefa623d59ccd9bafb7de6867f554058d,adjoint,23.159663480583216,0.46981378420591074,0.00022248993627727032,0.022406363859772682
web_sun_yat_sen_mausoleum_02,Nanjing_scenic_web,web_sun_yat_sen_mausoleum_02,test,0.1,0.1001129150390625,0.01,2028,dca62e36e9cc19e9ad3d2ccc0b02410eefa623d59ccd9bafb7de6867f554058d,fista_dct,25.45293415184501,0.6182238249456845,0.365239345934242,0.016403449699282646
web_sun_yat_sen_mausoleum_02,Nanjing_scenic_web,web_sun_yat_sen_mausoleum_02,test,0.1,0.1001129150390625,0.01,2028,dca62e36e9cc19e9ad3d2ccc0b02410eefa623d59ccd9bafb7de6867f554058d,hqs,30.786272329117637,0.9137169804937839,0.31896133010741323,0.002460237592458725
web_sun_yat_sen_mausoleum_02,Nanjing_scenic_web,web_sun_yat_sen_mausoleum_02,test,0.1,0.1001129150390625,0.01,2028,dca62e36e9cc19e9ad3d2ccc0b02410eefa623d59ccd9bafb7de6867f554058d,admm,30.94514541457173,0.916832443256855,0.31552623596508056,0.0034790653735399246
web_sun_yat_sen_mausoleum_02,Nanjing_scenic_web,web_sun_yat_sen_mausoleum_02,test,0.1,0.1001129150390625,0.01,2028,dca62e36e9cc19e9ad3d2ccc0b02410eefa623d59ccd9bafb7de6867f554058d,hqs_round1,31.003868208895057,0.9169118073108197,0.31930302490945905,0.002660853788256645
web_sun_yat_sen_mausoleum_02,Nanjing_scenic_web,web_sun_yat_sen_mausoleum_02,test,0.1,0.1001129150390625,0.01,2028,dca62e36e9cc19e9ad3d2ccc0b02410eefa623d59ccd9bafb7de6867f554058d,hqs_5000,31.171274938765713,0.9202270781793594,0.31718236207962036,0.004883232060819864
web_sun_yat_sen_mausoleum_02,Nanjing_scenic_web,web_sun_yat_sen_mausoleum_02,test,0.1,0.1001129150390625,0.01,2028,dca62e36e9cc19e9ad3d2ccc0b02410eefa623d59ccd9bafb7de6867f554058d,hqs_10000,31.19461819440312,0.9214013223967552,0.31718628690578043,0.004187209066003561
web_sun_yat_sen_mausoleum_02,Nanjing_scenic_web,web_sun_yat_sen_mausoleum_02,test,0.1,0.1001129150390625,0.05,2026,fa8970dad2eced7471d47e513599ee85892e6dda93744dceacdfdc9c51f04eaa,adjoint,22.593840813006466,0.4373447842821078,0.0003066279459744692,0.026776088401675224
web_sun_yat_sen_mausoleum_02,Nanjing_scenic_web,web_sun_yat_sen_mausoleum_02,test,0.1,0.1001129150390625,0.05,2026,fa8970dad2eced7471d47e513599ee85892e6dda93744dceacdfdc9c51f04eaa,fista_dct,24.059941981870594,0.5197100300661736,0.3587629160610959,0.02548268251121044
web_sun_yat_sen_mausoleum_02,Nanjing_scenic_web,web_sun_yat_sen_mausoleum_02,test,0.1,0.1001129150390625,0.05,2026,fa8970dad2eced7471d47e513599ee85892e6dda93744dceacdfdc9c51f04eaa,hqs,25.475237884177766,0.6949187473513773,0.32589355600066483,0.005961697548627853
web_sun_yat_sen_mausoleum_02,Nanjing_scenic_web,web_sun_yat_sen_mausoleum_02,test,0.1,0.1001129150390625,0.05,2026,fa8970dad2eced7471d47e513599ee85892e6dda93744dceacdfdc9c51f04eaa,admm,25.702421562214365,0.6981375672230404,0.3234602769371122,0.00711049372330308
web_sun_yat_sen_mausoleum_02,Nanjing_scenic_web,web_sun_yat_sen_mausoleum_02,test,0.1,0.1001129150390625,0.05,2026,fa8970dad2eced7471d47e513599ee85892e6dda93744dceacdfdc9c51f04eaa,hqs_round1,25.471910803014303,0.6961848183552888,0.3220233579631895,0.0062080551870167255
web_sun_yat_sen_mausoleum_02,Nanjing_scenic_web,web_sun_yat_sen_mausoleum_02,test,0.1,0.1001129150390625,0.05,2026,fa8970dad2eced7471d47e513599ee85892e6dda93744dceacdfdc9c51f04eaa,hqs_5000,27.91686515456762,0.8217516426352263,0.3221756989369169,0.03392874822020531
web_sun_yat_sen_mausoleum_02,Nanjing_scenic_web,web_sun_yat_sen_mausoleum_02,test,0.1,0.1001129150390625,0.05,2026,fa8970dad2eced7471d47e513599ee85892e6dda93744dceacdfdc9c51f04eaa,hqs_10000,27.985058129114442,0.8307133329639435,0.32460298598743975,0.03573889285326004
web_sun_yat_sen_mausoleum_02,Nanjing_scenic_web,web_sun_yat_sen_mausoleum_02,test,0.1,0.1001129150390625,0.05,2027,9c0b81920cd01b71fbe0ccaa16c76a76f8d9e5888793c4662e9bf4222bf065c7,adjoint,22.57198608287451,0.4413890680845102,0.0003429100615903735,0.026991356164216995
web_sun_yat_sen_mausoleum_02,Nanjing_scenic_web,web_sun_yat_sen_mausoleum_02,test,0.1,0.1001129150390625,0.05,2027,9c0b81920cd01b71fbe0ccaa16c76a76f8d9e5888793c4662e9bf4222bf065c7,fista_dct,23.84111591178462,0.513690009933407,0.3840122959809378,0.026371581479907036
web_sun_yat_sen_mausoleum_02,Nanjing_scenic_web,web_sun_yat_sen_mausoleum_02,test,0.1,0.1001129150390625,0.05,2027,9c0b81920cd01b71fbe0ccaa16c76a76f8d9e5888793c4662e9bf4222bf065c7,hqs,25.49900309066224,0.700214297971868,0.3279018240282312,0.006711345165967941
web_sun_yat_sen_mausoleum_02,Nanjing_scenic_web,web_sun_yat_sen_mausoleum_02,test,0.1,0.1001129150390625,0.05,2027,9c0b81920cd01b71fbe0ccaa16c76a76f8d9e5888793c4662e9bf4222bf065c7,admm,25.677977041517323,0.7019588452908992,0.3216283170040697,0.007831658236682415
web_sun_yat_sen_mausoleum_02,Nanjing_scenic_web,web_sun_yat_sen_mausoleum_02,test,0.1,0.1001129150390625,0.05,2027,9c0b81920cd01b71fbe0ccaa16c76a76f8d9e5888793c4662e9bf4222bf065c7,hqs_round1,25.55425781541303,0.7033248964475542,0.3213753199670464,0.006990247871726751
web_sun_yat_sen_mausoleum_02,Nanjing_scenic_web,web_sun_yat_sen_mausoleum_02,test,0.1,0.1001129150390625,0.05,2027,9c0b81920cd01b71fbe0ccaa16c76a76f8d9e5888793c4662e9bf4222bf065c7,hqs_5000,27.90376548439194,0.821033530476749,0.32648133602924645,0.034387219697237015
web_sun_yat_sen_mausoleum_02,Nanjing_scenic_web,web_sun_yat_sen_mausoleum_02,test,0.1,0.1001129150390625,0.05,2027,9c0b81920cd01b71fbe0ccaa16c76a76f8d9e5888793c4662e9bf4222bf065c7,hqs_10000,27.973104907830695,0.8306994199889899,0.32869566208682954,0.03651798143982887
web_sun_yat_sen_mausoleum_02,Nanjing_scenic_web,web_sun_yat_sen_mausoleum_02,test,0.1,0.1001129150390625,0.05,2028,f30505e7cdb08789bf547bced90d5dac5a3a4d6a1b7e4d7f65ae5517eca375c5,adjoint,22.58528466606469,0.43525598772067764,0.000257145962677896,0.026430262252688408
web_sun_yat_sen_mausoleum_02,Nanjing_scenic_web,web_sun_yat_sen_mausoleum_02,test,0.1,0.1001129150390625,0.05,2028,f30505e7cdb08789bf547bced90d5dac5a3a4d6a1b7e4d7f65ae5517eca375c5,fista_dct,24.02121547396378,0.5198138813284349,0.39321322401519865,0.02499055303633213
web_sun_yat_sen_mausoleum_02,Nanjing_scenic_web,web_sun_yat_sen_mausoleum_02,test,0.1,0.1001129150390625,0.05,2028,f30505e7cdb08789bf547bced90d5dac5a3a4d6a1b7e4d7f65ae5517eca375c5,hqs,25.38536824815499,0.6892474411977958,0.3247689799172804,0.005552483256906271
web_sun_yat_sen_mausoleum_02,Nanjing_scenic_web,web_sun_yat_sen_mausoleum_02,test,0.1,0.1001129150390625,0.05,2028,f30505e7cdb08789bf547bced90d5dac5a3a4d6a1b7e4d7f65ae5517eca375c5,admm,25.543772581666037,0.6922371110086143,0.321756620076485,0.006533489096909761
web_sun_yat_sen_mausoleum_02,Nanjing_scenic_web,web_sun_yat_sen_mausoleum_02,test,0.1,0.1001129150390625,0.05,2028,f30505e7cdb08789bf547bced90d5dac5a3a4d6a1b7e4d7f65ae5517eca375c5,hqs_round1,25.36810643915455,0.6894810401372984,0.32371243194211274,0.005793696269392967
web_sun_yat_sen_mausoleum_02,Nanjing_scenic_web,web_sun_yat_sen_mausoleum_02,test,0.1,0.1001129150390625,0.05,2028,f30505e7cdb08789bf547bced90d5dac5a3a4d6a1b7e4d7f65ae5517eca375c5,hqs_5000,27.683364332278142,0.8139910323273242,0.32574790401849896,0.03317106515169144
web_sun_yat_sen_mausoleum_02,Nanjing_scenic_web,web_sun_yat_sen_mausoleum_02,test,0.1,0.1001129150390625,0.05,2028,f30505e7cdb08789bf547bced90d5dac5a3a4d6a1b7e4d7f65ae5517eca375c5,hqs_10000,27.743576034602814,0.8246287677084208,0.32275603897869587,0.03500622510910034
web_sun_yat_sen_mausoleum_03,Nanjing_scenic_web,web_sun_yat_sen_mausoleum_03,test,0.01,0.01031494140625,0.0,2026,49d9e9cea122d6f18cd6172d7afca4cbd80a9603fe4c2d41d25645fd850524cc,adjoint,20.807173943583997,0.33774269089833847,0.0001874919980764389,0.0017915770877152681
web_sun_yat_sen_mausoleum_03,Nanjing_scenic_web,web_sun_yat_sen_mausoleum_03,test,0.01,0.01031494140625,0.0,2026,49d9e9cea122d6f18cd6172d7afca4cbd80a9603fe4c2d41d25645fd850524cc,fista_dct,21.584611527107917,0.4675424157476457,0.3241095980629325,0.0006526584620587528
web_sun_yat_sen_mausoleum_03,Nanjing_scenic_web,web_sun_yat_sen_mausoleum_03,test,0.01,0.01031494140625,0.0,2026,49d9e9cea122d6f18cd6172d7afca4cbd80a9603fe4c2d41d25645fd850524cc,hqs,23.08072107612935,0.597414321794386,0.3202487309463322,0.003483764361590147
web_sun_yat_sen_mausoleum_03,Nanjing_scenic_web,web_sun_yat_sen_mausoleum_03,test,0.01,0.01031494140625,0.0,2026,49d9e9cea122d6f18cd6172d7afca4cbd80a9603fe4c2d41d25645fd850524cc,admm,23.087400006042795,0.5949147733190504,0.3264421389903873,0.00476911710575223
web_sun_yat_sen_mausoleum_03,Nanjing_scenic_web,web_sun_yat_sen_mausoleum_03,test,0.01,0.01031494140625,0.0,2026,49d9e9cea122d6f18cd6172d7afca4cbd80a9603fe4c2d41d25645fd850524cc,hqs_round1,23.104522496397205,0.5985932851571399,0.3240803419612348,0.0035224854946136475
web_sun_yat_sen_mausoleum_03,Nanjing_scenic_web,web_sun_yat_sen_mausoleum_03,test,0.01,0.01031494140625,0.0,2026,49d9e9cea122d6f18cd6172d7afca4cbd80a9603fe4c2d41d25645fd850524cc,hqs_5000,23.096945426794914,0.596434396220684,0.32223860395606607,0.0038485988043248653
web_sun_yat_sen_mausoleum_03,Nanjing_scenic_web,web_sun_yat_sen_mausoleum_03,test,0.01,0.01031494140625,0.0,2026,49d9e9cea122d6f18cd6172d7afca4cbd80a9603fe4c2d41d25645fd850524cc,hqs_10000,23.119858255960658,0.5995952890336432,0.31928265397436917,0.0036619629245251417
web_sun_yat_sen_mausoleum_03,Nanjing_scenic_web,web_sun_yat_sen_mausoleum_03,test,0.04,0.041259765625,0.0,2026,edb5eed16696d9def7207d848a00088ef385404d082909065e9e7c179de01d58,adjoint,22.888975742003574,0.4693698522406851,0.00022172811441123486,0.002446002559736371
web_sun_yat_sen_mausoleum_03,Nanjing_scenic_web,web_sun_yat_sen_mausoleum_03,test,0.04,0.041259765625,0.0,2026,edb5eed16696d9def7207d848a00088ef385404d082909065e9e7c179de01d58,fista_dct,23.40275422854155,0.5223211465041743,0.347093210904859,0.0023814705200493336
web_sun_yat_sen_mausoleum_03,Nanjing_scenic_web,web_sun_yat_sen_mausoleum_03,test,0.04,0.041259765625,0.0,2026,edb5eed16696d9def7207d848a00088ef385404d082909065e9e7c179de01d58,hqs,25.97052405820445,0.7638609890772845,0.3393755409633741,0.0032065059058368206
web_sun_yat_sen_mausoleum_03,Nanjing_scenic_web,web_sun_yat_sen_mausoleum_03,test,0.04,0.041259765625,0.0,2026,edb5eed16696d9def7207d848a00088ef385404d082909065e9e7c179de01d58,admm,25.998867474109165,0.762937779851512,0.3260100249899551,0.0038906466215848923
web_sun_yat_sen_mausoleum_03,Nanjing_scenic_web,web_sun_yat_sen_mausoleum_03,test,0.04,0.041259765625,0.0,2026,edb5eed16696d9def7207d848a00088ef385404d082909065e9e7c179de01d58,hqs_round1,26.027248074499592,0.7657684127276982,0.32612481398973614,0.002962918020784855
web_sun_yat_sen_mausoleum_03,Nanjing_scenic_web,web_sun_yat_sen_mausoleum_03,test,0.04,0.041259765625,0.0,2026,edb5eed16696d9def7207d848a00088ef385404d082909065e9e7c179de01d58,hqs_5000,26.06612904719448,0.7657663562763738,0.3257165279937908,0.0029680475126951933
web_sun_yat_sen_mausoleum_03,Nanjing_scenic_web,web_sun_yat_sen_mausoleum_03,test,0.04,0.041259765625,0.0,2026,edb5eed16696d9def7207d848a00088ef385404d082909065e9e7c179de01d58,hqs_10000,26.080466125786774,0.7661399059666554,0.3212359750177711,0.00267479894682765
web_sun_yat_sen_mausoleum_03,Nanjing_scenic_web,web_sun_yat_sen_mausoleum_03,test,0.1,0.1001129150390625,0.0,2026,e24bf20c47c8acf789fc5de02abb45b476961253fbb3069f6b936050dbe89b65,adjoint,24.554297280680288,0.5788276349763917,0.00035479897633194923,0.0032065901905298233
web_sun_yat_sen_mausoleum_03,Nanjing_scenic_web,web_sun_yat_sen_mausoleum_03,test,0.1,0.1001129150390625,0.0,2026,e24bf20c47c8acf789fc5de02abb45b476961253fbb3069f6b936050dbe89b65,fista_dct,25.163684107493324,0.6142030163809732,0.3845171449938789,0.002982763107866049
web_sun_yat_sen_mausoleum_03,Nanjing_scenic_web,web_sun_yat_sen_mausoleum_03,test,0.1,0.1001129150390625,0.0,2026,e24bf20c47c8acf789fc5de02abb45b476961253fbb3069f6b936050dbe89b65,hqs,28.508779777583804,0.8658696645228863,0.3275460129370913,0.0032553242053836584
web_sun_yat_sen_mausoleum_03,Nanjing_scenic_web,web_sun_yat_sen_mausoleum_03,test,0.1,0.1001129150390625,0.0,2026,e24bf20c47c8acf789fc5de02abb45b476961253fbb3069f6b936050dbe89b65,admm,28.514739548036424,0.8645912880575657,0.32606981601566076,0.0035292962566018105
web_sun_yat_sen_mausoleum_03,Nanjing_scenic_web,web_sun_yat_sen_mausoleum_03,test,0.1,0.1001129150390625,0.0,2026,e24bf20c47c8acf789fc5de02abb45b476961253fbb3069f6b936050dbe89b65,hqs_round1,28.604671285613605,0.8670221259315014,0.32297786802519113,0.0031644501723349094
web_sun_yat_sen_mausoleum_03,Nanjing_scenic_web,web_sun_yat_sen_mausoleum_03,test,0.1,0.1001129150390625,0.0,2026,e24bf20c47c8acf789fc5de02abb45b476961253fbb3069f6b936050dbe89b65,hqs_5000,28.627062824472212,0.8657527510054112,0.3216280620545149,0.0030821277759969234
web_sun_yat_sen_mausoleum_03,Nanjing_scenic_web,web_sun_yat_sen_mausoleum_03,test,0.1,0.1001129150390625,0.0,2026,e24bf20c47c8acf789fc5de02abb45b476961253fbb3069f6b936050dbe89b65,hqs_10000,28.660172799646134,0.8672779471654892,0.3262581300223246,0.002737495582550764
web_sun_yat_sen_mausoleum_03,Nanjing_scenic_web,web_sun_yat_sen_mausoleum_03,test,0.25,0.25,0.0,2026,cc9d889470aaa5d4cc79b2f11534910c0db7d9f20a62b77553c55a30abce89ac,adjoint,27.084121056101992,0.7165510406579375,0.00040403404273092747,0.003970707301050425
web_sun_yat_sen_mausoleum_03,Nanjing_scenic_web,web_sun_yat_sen_mausoleum_03,test,0.25,0.25,0.0,2026,cc9d889470aaa5d4cc79b2f11534910c0db7d9f20a62b77553c55a30abce89ac,fista_dct,27.941745200521012,0.7547256232409477,0.40950543503277004,0.0027822591364383698
web_sun_yat_sen_mausoleum_03,Nanjing_scenic_web,web_sun_yat_sen_mausoleum_03,test,0.25,0.25,0.0,2026,cc9d889470aaa5d4cc79b2f11534910c0db7d9f20a62b77553c55a30abce89ac,hqs,32.73475061912957,0.946347901163578,0.3282377009745687,0.0021603573113679886
web_sun_yat_sen_mausoleum_03,Nanjing_scenic_web,web_sun_yat_sen_mausoleum_03,test,0.25,0.25,0.0,2026,cc9d889470aaa5d4cc79b2f11534910c0db7d9f20a62b77553c55a30abce89ac,admm,32.78007129423759,0.9465312248916626,0.32113903295248747,0.002773107262328267
web_sun_yat_sen_mausoleum_03,Nanjing_scenic_web,web_sun_yat_sen_mausoleum_03,test,0.25,0.25,0.0,2026,cc9d889470aaa5d4cc79b2f11534910c0db7d9f20a62b77553c55a30abce89ac,hqs_round1,32.911942335018736,0.9484332511305809,0.32500090007670224,0.0024947295896708965
web_sun_yat_sen_mausoleum_03,Nanjing_scenic_web,web_sun_yat_sen_mausoleum_03,test,0.25,0.25,0.0,2026,cc9d889470aaa5d4cc79b2f11534910c0db7d9f20a62b77553c55a30abce89ac,hqs_5000,32.97968594546467,0.9490403178739548,0.3275429989444092,0.0029658691491931677
web_sun_yat_sen_mausoleum_03,Nanjing_scenic_web,web_sun_yat_sen_mausoleum_03,test,0.25,0.25,0.0,2026,cc9d889470aaa5d4cc79b2f11534910c0db7d9f20a62b77553c55a30abce89ac,hqs_10000,33.0396752899648,0.9498704361672401,0.3266578170005232,0.002488570986315608
web_sun_yat_sen_mausoleum_03,Nanjing_scenic_web,web_sun_yat_sen_mausoleum_03,test,0.5,0.4998931884765625,0.0,2026,e99ad44cdd51db65019a4668caea4355d5014e8965d9a17f2736b99eee6a9f48,adjoint,30.17463393361506,0.823924460190773,0.0006006390321999788,0.004966672044247389
web_sun_yat_sen_mausoleum_03,Nanjing_scenic_web,web_sun_yat_sen_mausoleum_03,test,0.5,0.4998931884765625,0.0,2026,e99ad44cdd51db65019a4668caea4355d5014e8965d9a17f2736b99eee6a9f48,fista_dct,31.184787314800765,0.8541027170145512,0.48707090108655393,0.0027784949634224176
web_sun_yat_sen_mausoleum_03,Nanjing_scenic_web,web_sun_yat_sen_mausoleum_03,test,0.5,0.4998931884765625,0.0,2026,e99ad44cdd51db65019a4668caea4355d5014e8965d9a17f2736b99eee6a9f48,hqs,38.45718832675027,0.9846134177742004,0.3238577749580145,0.0017083302373066545
web_sun_yat_sen_mausoleum_03,Nanjing_scenic_web,web_sun_yat_sen_mausoleum_03,test,0.5,0.4998931884765625,0.0,2026,e99ad44cdd51db65019a4668caea4355d5014e8965d9a17f2736b99eee6a9f48,admm,38.44889337163197,0.9844589116926193,0.32231461501214653,0.0019194046035408974
web_sun_yat_sen_mausoleum_03,Nanjing_scenic_web,web_sun_yat_sen_mausoleum_03,test,0.5,0.4998931884765625,0.0,2026,e99ad44cdd51db65019a4668caea4355d5014e8965d9a17f2736b99eee6a9f48,hqs_round1,38.69762176987361,0.9855065812730789,0.32037727697752416,0.0025259326212108135
web_sun_yat_sen_mausoleum_03,Nanjing_scenic_web,web_sun_yat_sen_mausoleum_03,test,0.5,0.4998931884765625,0.0,2026,e99ad44cdd51db65019a4668caea4355d5014e8965d9a17f2736b99eee6a9f48,hqs_5000,38.878793124791926,0.985908433216095,0.32176829304080456,0.0024874720256775618
web_sun_yat_sen_mausoleum_03,Nanjing_scenic_web,web_sun_yat_sen_mausoleum_03,test,0.5,0.4998931884765625,0.0,2026,e99ad44cdd51db65019a4668caea4355d5014e8965d9a17f2736b99eee6a9f48,hqs_10000,38.911794025229476,0.9859491327610016,0.32059943897183985,0.002472663763910532
web_sun_yat_sen_mausoleum_03,Nanjing_scenic_web,web_sun_yat_sen_mausoleum_03,test,0.1,0.1001129150390625,0.01,2026,6e5f73e6af722ff0e5189d0a1f0b26def74dde9d0f482b2f633ff1f4806a7dbe,adjoint,24.518350897094308,0.5756685202595114,0.0002630179515108466,0.0032146188896149397
web_sun_yat_sen_mausoleum_03,Nanjing_scenic_web,web_sun_yat_sen_mausoleum_03,test,0.1,0.1001129150390625,0.01,2026,6e5f73e6af722ff0e5189d0a1f0b26def74dde9d0f482b2f633ff1f4806a7dbe,fista_dct,25.088659600254566,0.6088238593782731,0.3907722430303693,0.0030713584274053574
web_sun_yat_sen_mausoleum_03,Nanjing_scenic_web,web_sun_yat_sen_mausoleum_03,test,0.1,0.1001129150390625,0.01,2026,6e5f73e6af722ff0e5189d0a1f0b26def74dde9d0f482b2f633ff1f4806a7dbe,hqs,28.1435700119067,0.8539553324896098,0.3188230940140784,0.002964036539196968
web_sun_yat_sen_mausoleum_03,Nanjing_scenic_web,web_sun_yat_sen_mausoleum_03,test,0.1,0.1001129150390625,0.01,2026,6e5f73e6af722ff0e5189d0a1f0b26def74dde9d0f482b2f633ff1f4806a7dbe,admm,28.16674243651164,0.8553572085607052,0.32163068105001,0.003584899241104722
web_sun_yat_sen_mausoleum_03,Nanjing_scenic_web,web_sun_yat_sen_mausoleum_03,test,0.1,0.1001129150390625,0.01,2026,6e5f73e6af722ff0e5189d0a1f0b26def74dde9d0f482b2f633ff1f4806a7dbe,hqs_round1,28.19082519766365,0.8549060921393633,0.3186833090148866,0.0030325434636324644
web_sun_yat_sen_mausoleum_03,Nanjing_scenic_web,web_sun_yat_sen_mausoleum_03,test,0.1,0.1001129150390625,0.01,2026,6e5f73e6af722ff0e5189d0a1f0b26def74dde9d0f482b2f633ff1f4806a7dbe,hqs_5000,28.28452286644282,0.8550814749482274,0.32283934904262424,0.005556157324463129
web_sun_yat_sen_mausoleum_03,Nanjing_scenic_web,web_sun_yat_sen_mausoleum_03,test,0.1,0.1001129150390625,0.01,2026,6e5f73e6af722ff0e5189d0a1f0b26def74dde9d0f482b2f633ff1f4806a7dbe,hqs_10000,28.30670393731961,0.8565203218768835,0.32592350302729756,0.004586820024996996
web_sun_yat_sen_mausoleum_03,Nanjing_scenic_web,web_sun_yat_sen_mausoleum_03,test,0.1,0.1001129150390625,0.01,2027,19cc94cda008b133c1fb2d483f66fe3ddd3d77c4a2ec540dc7f804fa3a89001f,adjoint,24.52049213829322,0.5756420306103475,0.0002963090082630515,0.0032151781488209963
web_sun_yat_sen_mausoleum_03,Nanjing_scenic_web,web_sun_yat_sen_mausoleum_03,test,0.1,0.1001129150390625,0.01,2027,19cc94cda008b133c1fb2d483f66fe3ddd3d77c4a2ec540dc7f804fa3a89001f,fista_dct,25.109288981981543,0.6130897742164098,0.38690653000958264,0.0029929259326308966
web_sun_yat_sen_mausoleum_03,Nanjing_scenic_web,web_sun_yat_sen_mausoleum_03,test,0.1,0.1001129150390625,0.01,2027,19cc94cda008b133c1fb2d483f66fe3ddd3d77c4a2ec540dc7f804fa3a89001f,hqs,28.18298128887563,0.8547351062648296,0.33057159394957125,0.003017212962731719
web_sun_yat_sen_mausoleum_03,Nanjing_scenic_web,web_sun_yat_sen_mausoleum_03,test,0.1,0.1001129150390625,0.01,2027,19cc94cda008b133c1fb2d483f66fe3ddd3d77c4a2ec540dc7f804fa3a89001f,admm,28.22778013487872,0.8567248439942599,0.31887488695792854,0.0036416416987776756
web_sun_yat_sen_mausoleum_03,Nanjing_scenic_web,web_sun_yat_sen_mausoleum_03,test,0.1,0.1001129150390625,0.01,2027,19cc94cda008b133c1fb2d483f66fe3ddd3d77c4a2ec540dc7f804fa3a89001f,hqs_round1,28.207452608812513,0.8555175285719633,0.3300235529895872,0.003060424467548728
web_sun_yat_sen_mausoleum_03,Nanjing_scenic_web,web_sun_yat_sen_mausoleum_03,test,0.1,0.1001129150390625,0.01,2027,19cc94cda008b133c1fb2d483f66fe3ddd3d77c4a2ec540dc7f804fa3a89001f,hqs_5000,28.275332069130247,0.8552470811562538,0.31821893609594554,0.005427224095910788
web_sun_yat_sen_mausoleum_03,Nanjing_scenic_web,web_sun_yat_sen_mausoleum_03,test,0.1,0.1001129150390625,0.01,2027,19cc94cda008b133c1fb2d483f66fe3ddd3d77c4a2ec540dc7f804fa3a89001f,hqs_10000,28.2934754359246,0.8564372755289078,0.31718130002263933,0.00427326699718833
web_sun_yat_sen_mausoleum_03,Nanjing_scenic_web,web_sun_yat_sen_mausoleum_03,test,0.1,0.1001129150390625,0.01,2028,23c83ba4c01e323521857e175a0399f659796cd870472e29dd20d53f561e3576,adjoint,24.52029017631242,0.5758251567887094,0.0003271528985351324,0.0032243861351162195
web_sun_yat_sen_mausoleum_03,Nanjing_scenic_web,web_sun_yat_sen_mausoleum_03,test,0.1,0.1001129150390625,0.01,2028,23c83ba4c01e323521857e175a0399f659796cd870472e29dd20d53f561e3576,fista_dct,25.095391275343903,0.6108478543848935,0.38082640897482634,0.0031192954629659653
web_sun_yat_sen_mausoleum_03,Nanjing_scenic_web,web_sun_yat_sen_mausoleum_03,test,0.1,0.1001129150390625,0.01,2028,23c83ba4c01e323521857e175a0399f659796cd870472e29dd20d53f561e3576,hqs,28.210346215131775,0.8567122514154911,0.32113786903209984,0.0029461304657161236
web_sun_yat_sen_mausoleum_03,Nanjing_scenic_web,web_sun_yat_sen_mausoleum_03,test,0.1,0.1001129150390625,0.01,2028,23c83ba4c01e323521857e175a0399f659796cd870472e29dd20d53f561e3576,admm,28.225810015027925,0.8575861187131405,0.3556931159691885,0.0034731877967715263
web_sun_yat_sen_mausoleum_03,Nanjing_scenic_web,web_sun_yat_sen_mausoleum_03,test,0.1,0.1001129150390625,0.01,2028,23c83ba4c01e323521857e175a0399f659796cd870472e29dd20d53f561e3576,hqs_round1,28.233660281776416,0.8570971196621656,0.32059445104096085,0.0030410524923354387
web_sun_yat_sen_mausoleum_03,Nanjing_scenic_web,web_sun_yat_sen_mausoleum_03,test,0.1,0.1001129150390625,0.01,2028,23c83ba4c01e323521857e175a0399f659796cd870472e29dd20d53f561e3576,hqs_5000,28.306114529150438,0.8561910467281342,0.31884933705441654,0.005411743652075529
web_sun_yat_sen_mausoleum_03,Nanjing_scenic_web,web_sun_yat_sen_mausoleum_03,test,0.1,0.1001129150390625,0.01,2028,23c83ba4c01e323521857e175a0399f659796cd870472e29dd20d53f561e3576,hqs_10000,28.34146952494034,0.8578805220274925,0.3227923510130495,0.004508334677666426
web_sun_yat_sen_mausoleum_03,Nanjing_scenic_web,web_sun_yat_sen_mausoleum_03,test,0.1,0.1001129150390625,0.05,2026,5213b36fb8c0f975e4790a6d851792889520a9d42d8e66c853107a551257c00c,adjoint,23.745208889466003,0.5146170780604974,0.0003111900296062231,0.0038382052443921566
web_sun_yat_sen_mausoleum_03,Nanjing_scenic_web,web_sun_yat_sen_mausoleum_03,test,0.1,0.1001129150390625,0.05,2026,5213b36fb8c0f975e4790a6d851792889520a9d42d8e66c853107a551257c00c,fista_dct,23.74258062878955,0.514326204329873,0.40480690996628255,0.005453196819871664
web_sun_yat_sen_mausoleum_03,Nanjing_scenic_web,web_sun_yat_sen_mausoleum_03,test,0.1,0.1001129150390625,0.05,2026,5213b36fb8c0f975e4790a6d851792889520a9d42d8e66c853107a551257c00c,hqs,25.537432697202043,0.686691074750842,0.3235767800360918,0.003088858909904957
web_sun_yat_sen_mausoleum_03,Nanjing_scenic_web,web_sun_yat_sen_mausoleum_03,test,0.1,0.1001129150390625,0.05,2026,5213b36fb8c0f975e4790a6d851792889520a9d42d8e66c853107a551257c00c,admm,25.67601641244881,0.7017528713184663,0.3177818820113316,0.004044918343424797
web_sun_yat_sen_mausoleum_03,Nanjing_scenic_web,web_sun_yat_sen_mausoleum_03,test,0.1,0.1001129150390625,0.05,2026,5213b36fb8c0f975e4790a6d851792889520a9d42d8e66c853107a551257c00c,hqs_round1,25.545779802341137,0.6949954016710367,0.3191022430546582,0.002903588814660907
web_sun_yat_sen_mausoleum_03,Nanjing_scenic_web,web_sun_yat_sen_mausoleum_03,test,0.1,0.1001129150390625,0.05,2026,5213b36fb8c0f975e4790a6d851792889520a9d42d8e66c853107a551257c00c,hqs_5000,26.47538184758302,0.784744277965039,0.31995614198967814,0.0377374142408371
web_sun_yat_sen_mausoleum_03,Nanjing_scenic_web,web_sun_yat_sen_mausoleum_03,test,0.1,0.1001129150390625,0.05,2026,5213b36fb8c0f975e4790a6d851792889520a9d42d8e66c853107a551257c00c,hqs_10000,26.465406396291907,0.7899059647017606,0.33180760499089956,0.035186585038900375
web_sun_yat_sen_mausoleum_03,Nanjing_scenic_web,web_sun_yat_sen_mausoleum_03,test,0.1,0.1001129150390625,0.05,2027,687eb4a6e9e20fa607fc1f6e8e317e61cecbb82768d16f76ac5bb48f4c752a8f,adjoint,23.774497051713386,0.5152641132586668,0.0003183590015396476,0.00371343782171607
web_sun_yat_sen_mausoleum_03,Nanjing_scenic_web,web_sun_yat_sen_mausoleum_03,test,0.1,0.1001129150390625,0.05,2027,687eb4a6e9e20fa607fc1f6e8e317e61cecbb82768d16f76ac5bb48f4c752a8f,fista_dct,23.786043188805202,0.516408409657939,0.3869135049171746,0.004727355670183897
web_sun_yat_sen_mausoleum_03,Nanjing_scenic_web,web_sun_yat_sen_mausoleum_03,test,0.1,0.1001129150390625,0.05,2027,687eb4a6e9e20fa607fc1f6e8e317e61cecbb82768d16f76ac5bb48f4c752a8f,hqs,25.650193825119917,0.6924093383256104,0.31848475500009954,0.003041711635887623
web_sun_yat_sen_mausoleum_03,Nanjing_scenic_web,web_sun_yat_sen_mausoleum_03,test,0.1,0.1001129150390625,0.05,2027,687eb4a6e9e20fa607fc1f6e8e317e61cecbb82768d16f76ac5bb48f4c752a8f,admm,25.771629362954414,0.7081414962759437,0.31850326096173376,0.00394041184335947
web_sun_yat_sen_mausoleum_03,Nanjing_scenic_web,web_sun_yat_sen_mausoleum_03,test,0.1,0.1001129150390625,0.05,2027,687eb4a6e9e20fa607fc1f6e8e317e61cecbb82768d16f76ac5bb48f4c752a8f,hqs_round1,25.621171284895187,0.6985856089961613,0.31945110799279064,0.0027843061834573746
web_sun_yat_sen_mausoleum_03,Nanjing_scenic_web,web_sun_yat_sen_mausoleum_03,test,0.1,0.1001129150390625,0.05,2027,687eb4a6e9e20fa607fc1f6e8e317e61cecbb82768d16f76ac5bb48f4c752a8f,hqs_5000,26.51642679944477,0.7828354600176289,0.3157845470122993,0.03647211566567421
web_sun_yat_sen_mausoleum_03,Nanjing_scenic_web,web_sun_yat_sen_mausoleum_03,test,0.1,0.1001129150390625,0.05,2027,687eb4a6e9e20fa607fc1f6e8e317e61cecbb82768d16f76ac5bb48f4c752a8f,hqs_10000,26.49876679138252,0.7873320778581183,0.3334820729214698,0.03403323143720627
web_sun_yat_sen_mausoleum_03,Nanjing_scenic_web,web_sun_yat_sen_mausoleum_03,test,0.1,0.1001129150390625,0.05,2028,00179099bdd01f2d17447d38b9378bf1983fe2f36d846bc6dc36392704206503,adjoint,23.77774047363996,0.5172495342608519,0.00035016494803130627,0.0037185917608439922
web_sun_yat_sen_mausoleum_03,Nanjing_scenic_web,web_sun_yat_sen_mausoleum_03,test,0.1,0.1001129150390625,0.05,2028,00179099bdd01f2d17447d38b9378bf1983fe2f36d846bc6dc36392704206503,fista_dct,23.72724242410429,0.5132555224731229,0.3819147109752521,0.005352308042347431
web_sun_yat_sen_mausoleum_03,Nanjing_scenic_web,web_sun_yat_sen_mausoleum_03,test,0.1,0.1001129150390625,0.05,2028,00179099bdd01f2d17447d38b9378bf1983fe2f36d846bc6dc36392704206503,hqs,25.664861654190876,0.7019088366082942,0.31814949808176607,0.0031477599404752254
web_sun_yat_sen_mausoleum_03,Nanjing_scenic_web,web_sun_yat_sen_mausoleum_03,test,0.1,0.1001129150390625,0.05,2028,00179099bdd01f2d17447d38b9378bf1983fe2f36d846bc6dc36392704206503,admm,25.784918412705128,0.7151507276014387,0.3188669040100649,0.003750556381419301
web_sun_yat_sen_mausoleum_03,Nanjing_scenic_web,web_sun_yat_sen_mausoleum_03,test,0.1,0.1001129150390625,0.05,2028,00179099bdd01f2d17447d38b9378bf1983fe2f36d846bc6dc36392704206503,hqs_round1,25.61900950249548,0.7081158067230114,0.31754008203279227,0.0028011801186949015
web_sun_yat_sen_mausoleum_03,Nanjing_scenic_web,web_sun_yat_sen_mausoleum_03,test,0.1,0.1001129150390625,0.05,2028,00179099bdd01f2d17447d38b9378bf1983fe2f36d846bc6dc36392704206503,hqs_5000,26.60198188268064,0.7879229608213156,0.31808335799723864,0.036436039954423904
web_sun_yat_sen_mausoleum_03,Nanjing_scenic_web,web_sun_yat_sen_mausoleum_03,test,0.1,0.1001129150390625,0.05,2028,00179099bdd01f2d17447d38b9378bf1983fe2f36d846bc6dc36392704206503,hqs_10000,26.591555777423146,0.7924381487229541,0.32266637205611914,0.03323567658662796
web_ming_xiaoling_01,Nanjing_scenic_web,web_ming_xiaoling_01,test,0.01,0.01031494140625,0.0,2026,34bfa06ecefda174cabea6f14548e7b4337f0660f526d9fa3091caf27eb1baf7,adjoint,20.18377674863109,0.31429719048815796,0.00016029004473239183,0.0023445773404091597
web_ming_xiaoling_01,Nanjing_scenic_web,web_ming_xiaoling_01,test,0.01,0.01031494140625,0.0,2026,34bfa06ecefda174cabea6f14548e7b4337f0660f526d9fa3091caf27eb1baf7,fista_dct,20.65462426454504,0.3985447191265593,0.3215319529408589,0.0012691874289885163
web_ming_xiaoling_01,Nanjing_scenic_web,web_ming_xiaoling_01,test,0.01,0.01031494140625,0.0,2026,34bfa06ecefda174cabea6f14548e7b4337f0660f526d9fa3091caf27eb1baf7,hqs,21.475240974264928,0.4686000411021431,0.3169553510379046,0.0028022120241075754
web_ming_xiaoling_01,Nanjing_scenic_web,web_ming_xiaoling_01,test,0.01,0.01031494140625,0.0,2026,34bfa06ecefda174cabea6f14548e7b4337f0660f526d9fa3091caf27eb1baf7,admm,21.47186880024892,0.46596461842351816,0.3158429799368605,0.004335611592978239
web_ming_xiaoling_01,Nanjing_scenic_web,web_ming_xiaoling_01,test,0.01,0.01031494140625,0.0,2026,34bfa06ecefda174cabea6f14548e7b4337f0660f526d9fa3091caf27eb1baf7,hqs_round1,21.490691503179384,0.4692095376748468,0.31855975289363414,0.0027584731578826904
web_ming_xiaoling_01,Nanjing_scenic_web,web_ming_xiaoling_01,test,0.01,0.01031494140625,0.0,2026,34bfa06ecefda174cabea6f14548e7b4337f0660f526d9fa3091caf27eb1baf7,hqs_5000,21.486647647566418,0.46605152610183104,0.32029251800850034,0.006219673436135054
web_ming_xiaoling_01,Nanjing_scenic_web,web_ming_xiaoling_01,test,0.01,0.01031494140625,0.0,2026,34bfa06ecefda174cabea6f14548e7b4337f0660f526d9fa3091caf27eb1baf7,hqs_10000,21.497489218637863,0.4664575308969809,0.3176500740228221,0.004748922307044268
web_ming_xiaoling_01,Nanjing_scenic_web,web_ming_xiaoling_01,test,0.04,0.041259765625,0.0,2026,07dcefeccb1f59446c6baf461d5098f55ed61362d0c3859bd053a141c408d959,adjoint,21.565941705412534,0.40663513247511934,0.0002514959778636694,0.0029460852965712547
web_ming_xiaoling_01,Nanjing_scenic_web,web_ming_xiaoling_01,test,0.04,0.041259765625,0.0,2026,07dcefeccb1f59446c6baf461d5098f55ed61362d0c3859bd053a141c408d959,fista_dct,21.870153278153257,0.4504052515726356,0.34450168104376644,0.0018892840016633272
web_ming_xiaoling_01,Nanjing_scenic_web,web_ming_xiaoling_01,test,0.04,0.041259765625,0.0,2026,07dcefeccb1f59446c6baf461d5098f55ed61362d0c3859bd053a141c408d959,hqs,24.089751778639208,0.6227262527199704,0.3168832240626216,0.002066268352791667
web_ming_xiaoling_01,Nanjing_scenic_web,web_ming_xiaoling_01,test,0.04,0.041259765625,0.0,2026,07dcefeccb1f59446c6baf461d5098f55ed61362d0c3859bd053a141c408d959,admm,24.073975550583295,0.6183039934965959,0.3211418930441141,0.00378672918304801
web_ming_xiaoling_01,Nanjing_scenic_web,web_ming_xiaoling_01,test,0.04,0.041259765625,0.0,2026,07dcefeccb1f59446c6baf461d5098f55ed61362d0c3859bd053a141c408d959,hqs_round1,24.1787678448692,0.6244865011824491,0.3220449109794572,0.001975981518626213
web_ming_xiaoling_01,Nanjing_scenic_web,web_ming_xiaoling_01,test,0.04,0.041259765625,0.0,2026,07dcefeccb1f59446c6baf461d5098f55ed61362d0c3859bd053a141c408d959,hqs_5000,24.237417808593086,0.6234600902628249,0.31662799802143127,0.0034092669375240803
web_ming_xiaoling_01,Nanjing_scenic_web,web_ming_xiaoling_01,test,0.04,0.041259765625,0.0,2026,07dcefeccb1f59446c6baf461d5098f55ed61362d0c3859bd053a141c408d959,hqs_10000,24.175785671340577,0.6234564708623644,0.3207516960101202,0.0026003136299550533
web_ming_xiaoling_01,Nanjing_scenic_web,web_ming_xiaoling_01,test,0.1,0.1001129150390625,0.0,2026,9d0fc254cedc0cf8f0a26383e3cae75cc7cf3076bbc2da5b923ff50c8177d617,adjoint,22.801169181024903,0.5077353861759837,0.00028950406704097986,0.0036560273729264736
web_ming_xiaoling_01,Nanjing_scenic_web,web_ming_xiaoling_01,test,0.1,0.1001129150390625,0.0,2026,9d0fc254cedc0cf8f0a26383e3cae75cc7cf3076bbc2da5b923ff50c8177d617,fista_dct,22.95456297819844,0.5236237054097067,0.38979840104002506,0.0027934752870351076
web_ming_xiaoling_01,Nanjing_scenic_web,web_ming_xiaoling_01,test,0.1,0.1001129150390625,0.0,2026,9d0fc254cedc0cf8f0a26383e3cae75cc7cf3076bbc2da5b923ff50c8177d617,hqs,26.45790793972202,0.7448220243544579,0.31719230802264065,0.0024244082160294056
web_ming_xiaoling_01,Nanjing_scenic_web,web_ming_xiaoling_01,test,0.1,0.1001129150390625,0.0,2026,9d0fc254cedc0cf8f0a26383e3cae75cc7cf3076bbc2da5b923ff50c8177d617,admm,26.518941649849175,0.7435568506659269,0.3193257029633969,0.0029264481272548437
web_ming_xiaoling_01,Nanjing_scenic_web,web_ming_xiaoling_01,test,0.1,0.1001129150390625,0.0,2026,9d0fc254cedc0cf8f0a26383e3cae75cc7cf3076bbc2da5b923ff50c8177d617,hqs_round1,26.59180129717438,0.7466705192360878,0.3179405379341915,0.002360443351790309
web_ming_xiaoling_01,Nanjing_scenic_web,web_ming_xiaoling_01,test,0.1,0.1001129150390625,0.0,2026,9d0fc254cedc0cf8f0a26383e3cae75cc7cf3076bbc2da5b923ff50c8177d617,hqs_5000,26.590419021463305,0.745038766793251,0.33571405592374504,0.0025440286844968796
web_ming_xiaoling_01,Nanjing_scenic_web,web_ming_xiaoling_01,test,0.1,0.1001129150390625,0.0,2026,9d0fc254cedc0cf8f0a26383e3cae75cc7cf3076bbc2da5b923ff50c8177d617,hqs_10000,26.56205039765505,0.7456435559027195,0.32302499597426504,0.0020305775105953217
web_ming_xiaoling_01,Nanjing_scenic_web,web_ming_xiaoling_01,test,0.25,0.25,0.0,2026,52622163cd66fbb9b73d62df8f1408d2a551dcfea58f2cff01501c1c7288ddc8,adjoint,24.85151538558894,0.6388449446715568,0.0004415760049596429,0.004414708353579044
web_ming_xiaoling_01,Nanjing_scenic_web,web_ming_xiaoling_01,test,0.25,0.25,0.0,2026,52622163cd66fbb9b73d62df8f1408d2a551dcfea58f2cff01501c1c7288ddc8,fista_dct,25.02419765349206,0.6559462708785385,0.4487638329155743,0.003090366255491972
web_ming_xiaoling_01,Nanjing_scenic_web,web_ming_xiaoling_01,test,0.25,0.25,0.0,2026,52622163cd66fbb9b73d62df8f1408d2a551dcfea58f2cff01501c1c7288ddc8,hqs,29.777812337544468,0.8623587820019722,0.3439140199916437,0.0019944009836763144
web_ming_xiaoling_01,Nanjing_scenic_web,web_ming_xiaoling_01,test,0.25,0.25,0.0,2026,52622163cd66fbb9b73d62df8f1408d2a551dcfea58f2cff01501c1c7288ddc8,admm,29.81127526531127,0.8620833108854293,0.3490680259419605,0.0021322527900338173
web_ming_xiaoling_01,Nanjing_scenic_web,web_ming_xiaoling_01,test,0.25,0.25,0.0,2026,52622163cd66fbb9b73d62df8f1408d2a551dcfea58f2cff01501c1c7288ddc8,hqs_round1,29.90141137350042,0.8639292613301277,0.3179829469881952,0.002063245279714465
web_ming_xiaoling_01,Nanjing_scenic_web,web_ming_xiaoling_01,test,0.25,0.25,0.0,2026,52622163cd66fbb9b73d62df8f1408d2a551dcfea58f2cff01501c1c7288ddc8,hqs_5000,29.886882804731236,0.8621542977523804,0.3165380550781265,0.002589933341369033
web_ming_xiaoling_01,Nanjing_scenic_web,web_ming_xiaoling_01,test,0.25,0.25,0.0,2026,52622163cd66fbb9b73d62df8f1408d2a551dcfea58f2cff01501c1c7288ddc8,hqs_10000,29.894479947540876,0.8634649352331162,0.3190477869939059,0.0022232995834201574
web_ming_xiaoling_01,Nanjing_scenic_web,web_ming_xiaoling_01,test,0.5,0.4998931884765625,0.0,2026,3f5e940ca2151107bfc3e661667eec76677426e66b4e43334318c0617c092ed3,adjoint,27.512983911617496,0.7640702159776688,0.0004475320456549525,0.005330315325409174
web_ming_xiaoling_01,Nanjing_scenic_web,web_ming_xiaoling_01,test,0.5,0.4998931884765625,0.0,2026,3f5e940ca2151107bfc3e661667eec76677426e66b4e43334318c0617c092ed3,fista_dct,27.69710527192476,0.7766271855261326,0.4714371410664171,0.00303833675570786
web_ming_xiaoling_01,Nanjing_scenic_web,web_ming_xiaoling_01,test,0.5,0.4998931884765625,0.0,2026,3f5e940ca2151107bfc3e661667eec76677426e66b4e43334318c0617c092ed3,hqs,33.94924274957604,0.9398930635986328,0.32021914806682616,0.002042879816144705
web_ming_xiaoling_01,Nanjing_scenic_web,web_ming_xiaoling_01,test,0.5,0.4998931884765625,0.0,2026,3f5e940ca2151107bfc3e661667eec76677426e66b4e43334318c0617c092ed3,admm,33.968033811839035,0.9397141708698272,0.31786499498412013,0.0022744284942746162
web_ming_xiaoling_01,Nanjing_scenic_web,web_ming_xiaoling_01,test,0.5,0.4998931884765625,0.0,2026,3f5e940ca2151107bfc3e661667eec76677426e66b4e43334318c0617c092ed3,hqs_round1,34.074620236814084,0.9408693321123123,0.315513345063664,0.0024657135363668203
web_ming_xiaoling_01,Nanjing_scenic_web,web_ming_xiaoling_01,test,0.5,0.4998931884765625,0.0,2026,3f5e940ca2151107bfc3e661667eec76677426e66b4e43334318c0617c092ed3,hqs_5000,34.069877685303055,0.9398369405069351,0.3195708600105718,0.002590489573776722
web_ming_xiaoling_01,Nanjing_scenic_web,web_ming_xiaoling_01,test,0.5,0.4998931884765625,0.0,2026,3f5e940ca2151107bfc3e661667eec76677426e66b4e43334318c0617c092ed3,hqs_10000,34.093287406981396,0.9404712807130814,0.31275178596843034,0.0025718386750668287
web_ming_xiaoling_01,Nanjing_scenic_web,web_ming_xiaoling_01,test,0.1,0.1001129150390625,0.01,2026,8f3213f494d53556cb8ce2fd42595b2e59cf9a4e0071221882bd00369e56f4e4,adjoint,22.77898970344335,0.5057404737320069,0.0003135839942842722,0.0037296428345143795
web_ming_xiaoling_01,Nanjing_scenic_web,web_ming_xiaoling_01,test,0.1,0.1001129150390625,0.01,2026,8f3213f494d53556cb8ce2fd42595b2e59cf9a4e0071221882bd00369e56f4e4,fista_dct,22.921153450626374,0.5226867481624154,0.3699231270002201,0.0032119816169142723
web_ming_xiaoling_01,Nanjing_scenic_web,web_ming_xiaoling_01,test,0.1,0.1001129150390625,0.01,2026,8f3213f494d53556cb8ce2fd42595b2e59cf9a4e0071221882bd00369e56f4e4,hqs,26.362220504604124,0.7397584144434929,0.31630760291591287,0.0025040884502232075
web_ming_xiaoling_01,Nanjing_scenic_web,web_ming_xiaoling_01,test,0.1,0.1001129150390625,0.01,2026,8f3213f494d53556cb8ce2fd42595b2e59cf9a4e0071221882bd00369e56f4e4,admm,26.393302500749876,0.738746439077735,0.3161362330429256,0.0030069127678871155
web_ming_xiaoling_01,Nanjing_scenic_web,web_ming_xiaoling_01,test,0.1,0.1001129150390625,0.01,2026,8f3213f494d53556cb8ce2fd42595b2e59cf9a4e0071221882bd00369e56f4e4,hqs_round1,26.449624820812076,0.7411844682126045,0.3139367279363796,0.0023792805150151253
web_ming_xiaoling_01,Nanjing_scenic_web,web_ming_xiaoling_01,test,0.1,0.1001129150390625,0.01,2026,8f3213f494d53556cb8ce2fd42595b2e59cf9a4e0071221882bd00369e56f4e4,hqs_5000,26.43227791006438,0.7389929724056721,0.3182304439833388,0.0031462148763239384
web_ming_xiaoling_01,Nanjing_scenic_web,web_ming_xiaoling_01,test,0.1,0.1001129150390625,0.01,2026,8f3213f494d53556cb8ce2fd42595b2e59cf9a4e0071221882bd00369e56f4e4,hqs_10000,26.417902186175745,0.7394860302995443,0.3166470469441265,0.0022865866776555777
web_ming_xiaoling_01,Nanjing_scenic_web,web_ming_xiaoling_01,test,0.1,0.1001129150390625,0.01,2027,ff20e2c56ddcef5606fc6be708798b557d777261e7c191e4bf4b5c8586f559a0,adjoint,22.777825591087645,0.5055223971352204,0.0003248309949412942,0.003694195067510009
web_ming_xiaoling_01,Nanjing_scenic_web,web_ming_xiaoling_01,test,0.1,0.1001129150390625,0.01,2027,ff20e2c56ddcef5606fc6be708798b557d777261e7c191e4bf4b5c8586f559a0,fista_dct,22.916151980049754,0.5211897678224864,0.37751910102088004,0.0030630286782979965
web_ming_xiaoling_01,Nanjing_scenic_web,web_ming_xiaoling_01,test,0.1,0.1001129150390625,0.01,2027,ff20e2c56ddcef5606fc6be708798b557d777261e7c191e4bf4b5c8586f559a0,hqs,26.324064796093154,0.7374899427843093,0.31844431499484926,0.0024542545434087515
web_ming_xiaoling_01,Nanjing_scenic_web,web_ming_xiaoling_01,test,0.1,0.1001129150390625,0.01,2027,ff20e2c56ddcef5606fc6be708798b557d777261e7c191e4bf4b5c8586f559a0,admm,26.359052992759075,0.7362436944276094,0.32486156199593097,0.003171334508806467
web_ming_xiaoling_01,Nanjing_scenic_web,web_ming_xiaoling_01,test,0.1,0.1001129150390625,0.01,2027,ff20e2c56ddcef5606fc6be708798b557d777261e7c191e4bf4b5c8586f559a0,hqs_round1,26.410240579216268,0.7387219336361885,0.3182822490343824,0.002348794136196375
web_ming_xiaoling_01,Nanjing_scenic_web,web_ming_xiaoling_01,test,0.1,0.1001129150390625,0.01,2027,ff20e2c56ddcef5606fc6be708798b557d777261e7c191e4bf4b5c8586f559a0,hqs_5000,26.39608444140274,0.7361067818799019,0.3397685179952532,0.0034812153317034245
web_ming_xiaoling_01,Nanjing_scenic_web,web_ming_xiaoling_01,test,0.1,0.1001129150390625,0.01,2027,ff20e2c56ddcef5606fc6be708798b557d777261e7c191e4bf4b5c8586f559a0,hqs_10000,26.374274719890536,0.7366471741935015,0.3190228840103373,0.002447980223223567
web_ming_xiaoling_01,Nanjing_scenic_web,web_ming_xiaoling_01,test,0.1,0.1001129150390625,0.01,2028,6147a2792ec49b33cb513328cea2507abe5ab9acc2ad469cec74923997af03c4,adjoint,22.777606843268998,0.505493853661652,0.00030581001192331314,0.003693534526973963
web_ming_xiaoling_01,Nanjing_scenic_web,web_ming_xiaoling_01,test,0.1,0.1001129150390625,0.01,2028,6147a2792ec49b33cb513328cea2507abe5ab9acc2ad469cec74923997af03c4,fista_dct,22.919410722038826,0.5205173945667502,0.3757907709805295,0.002776253502815962
web_ming_xiaoling_01,Nanjing_scenic_web,web_ming_xiaoling_01,test,0.1,0.1001129150390625,0.01,2028,6147a2792ec49b33cb513328cea2507abe5ab9acc2ad469cec74923997af03c4,hqs,26.355592354882987,0.7395030299789905,0.3209811579436064,0.002425555605441332
web_ming_xiaoling_01,Nanjing_scenic_web,web_ming_xiaoling_01,test,0.1,0.1001129150390625,0.01,2028,6147a2792ec49b33cb513328cea2507abe5ab9acc2ad469cec74923997af03c4,admm,26.398908129984335,0.738419977140069,0.3454169280594215,0.002959102625027299
web_ming_xiaoling_01,Nanjing_scenic_web,web_ming_xiaoling_01,test,0.1,0.1001129150390625,0.01,2028,6147a2792ec49b33cb513328cea2507abe5ab9acc2ad469cec74923997af03c4,hqs_round1,26.461536111925177,0.741020312217474,0.32671117899008095,0.0023247534409165382
web_ming_xiaoling_01,Nanjing_scenic_web,web_ming_xiaoling_01,test,0.1,0.1001129150390625,0.01,2028,6147a2792ec49b33cb513328cea2507abe5ab9acc2ad469cec74923997af03c4,hqs_5000,26.442776914425338,0.7385579460390806,0.3175468809204176,0.0032633948139846325
web_ming_xiaoling_01,Nanjing_scenic_web,web_ming_xiaoling_01,test,0.1,0.1001129150390625,0.01,2028,6147a2792ec49b33cb513328cea2507abe5ab9acc2ad469cec74923997af03c4,hqs_10000,26.420912797692118,0.7389906581118106,0.31961986201349646,0.0023210428189486265
web_ming_xiaoling_01,Nanjing_scenic_web,web_ming_xiaoling_01,test,0.1,0.1001129150390625,0.05,2026,c8721387fb63dfcbe95ff0758fddda347e2c75eb8a5c931afebec7ac327ad097,adjoint,22.271598479040037,0.45898890042720875,0.00032348406966775656,0.005060814321041107
web_ming_xiaoling_01,Nanjing_scenic_web,web_ming_xiaoling_01,test,0.1,0.1001129150390625,0.05,2026,c8721387fb63dfcbe95ff0758fddda347e2c75eb8a5c931afebec7ac327ad097,fista_dct,22.08174924528883,0.4506936816035349,0.38381842302624136,0.006947648711502552
web_ming_xiaoling_01,Nanjing_scenic_web,web_ming_xiaoling_01,test,0.1,0.1001129150390625,0.05,2026,c8721387fb63dfcbe95ff0758fddda347e2c75eb8a5c931afebec7ac327ad097,hqs,24.63916985226263,0.6310884996464327,0.31821915693581104,0.00269864359870553
web_ming_xiaoling_01,Nanjing_scenic_web,web_ming_xiaoling_01,test,0.1,0.1001129150390625,0.05,2026,c8721387fb63dfcbe95ff0758fddda347e2c75eb8a5c931afebec7ac327ad097,admm,24.68546848220647,0.6390208651554138,0.32027133798692375,0.0037759323604404926
web_ming_xiaoling_01,Nanjing_scenic_web,web_ming_xiaoling_01,test,0.1,0.1001129150390625,0.05,2026,c8721387fb63dfcbe95ff0758fddda347e2c75eb8a5c931afebec7ac327ad097,hqs_round1,24.64096461152263,0.633918656741452,0.3153674559434876,0.0023779042530804873
web_ming_xiaoling_01,Nanjing_scenic_web,web_ming_xiaoling_01,test,0.1,0.1001129150390625,0.05,2026,c8721387fb63dfcbe95ff0758fddda347e2c75eb8a5c931afebec7ac327ad097,hqs_5000,25.128266665968077,0.6586210462606773,0.3170932859648019,0.03373828902840614
web_ming_xiaoling_01,Nanjing_scenic_web,web_ming_xiaoling_01,test,0.1,0.1001129150390625,0.05,2026,c8721387fb63dfcbe95ff0758fddda347e2c75eb8a5c931afebec7ac327ad097,hqs_10000,25.118338647276754,0.6545045938156248,0.31935998308472335,0.03695092722773552
web_ming_xiaoling_01,Nanjing_scenic_web,web_ming_xiaoling_01,test,0.1,0.1001129150390625,0.05,2027,5277b92ed5e84b4c6350ed4f75dd6d501e56e7b1115d8b20cf4a33dc84ad8627,adjoint,22.254385603370338,0.45597888397579595,0.00030784797854721546,0.004966292064636946
web_ming_xiaoling_01,Nanjing_scenic_web,web_ming_xiaoling_01,test,0.1,0.1001129150390625,0.05,2027,5277b92ed5e84b4c6350ed4f75dd6d501e56e7b1115d8b20cf4a33dc84ad8627,fista_dct,22.107986940936595,0.4506163778754354,0.3721334539586678,0.006327204406261444
web_ming_xiaoling_01,Nanjing_scenic_web,web_ming_xiaoling_01,test,0.1,0.1001129150390625,0.05,2027,5277b92ed5e84b4c6350ed4f75dd6d501e56e7b1115d8b20cf4a33dc84ad8627,hqs,24.49312225988184,0.6175936804439836,0.3198687230469659,0.002734455047175288
web_ming_xiaoling_01,Nanjing_scenic_web,web_ming_xiaoling_01,test,0.1,0.1001129150390625,0.05,2027,5277b92ed5e84b4c6350ed4f75dd6d501e56e7b1115d8b20cf4a33dc84ad8627,admm,24.556201507966588,0.6250633124875128,0.31606796302367,0.004031290300190449
web_ming_xiaoling_01,Nanjing_scenic_web,web_ming_xiaoling_01,test,0.1,0.1001129150390625,0.05,2027,5277b92ed5e84b4c6350ed4f75dd6d501e56e7b1115d8b20cf4a33dc84ad8627,hqs_round1,24.501407202201328,0.6200508995928988,0.33655505103524774,0.0024686981923878193
web_ming_xiaoling_01,Nanjing_scenic_web,web_ming_xiaoling_01,test,0.1,0.1001129150390625,0.05,2027,5277b92ed5e84b4c6350ed4f75dd6d501e56e7b1115d8b20cf4a33dc84ad8627,hqs_5000,24.939582898933722,0.6474584718346945,0.3218666330212727,0.03554162755608559
web_ming_xiaoling_01,Nanjing_scenic_web,web_ming_xiaoling_01,test,0.1,0.1001129150390625,0.05,2027,5277b92ed5e84b4c6350ed4f75dd6d501e56e7b1115d8b20cf4a33dc84ad8627,hqs_10000,24.929705024154202,0.6437844653844833,0.32418675802182406,0.03836127743124962
web_ming_xiaoling_01,Nanjing_scenic_web,web_ming_xiaoling_01,test,0.1,0.1001129150390625,0.05,2028,56db55df7c608c85dd178b5595f8f07fd2123a907423f7e2d48aaed8db94913b,adjoint,22.253311553988212,0.4567284848451255,0.00032471201848238707,0.004945355001837015
web_ming_xiaoling_01,Nanjing_scenic_web,web_ming_xiaoling_01,test,0.1,0.1001129150390625,0.05,2028,56db55df7c608c85dd178b5595f8f07fd2123a907423f7e2d48aaed8db94913b,fista_dct,22.09395186455108,0.4519017459541482,0.3880060209194198,0.0061231679283082485
web_ming_xiaoling_01,Nanjing_scenic_web,web_ming_xiaoling_01,test,0.1,0.1001129150390625,0.05,2028,56db55df7c608c85dd178b5595f8f07fd2123a907423f7e2d48aaed8db94913b,hqs,24.566071751286323,0.626103335223401,0.3175373669946566,0.0024505318142473698
web_ming_xiaoling_01,Nanjing_scenic_web,web_ming_xiaoling_01,test,0.1,0.1001129150390625,0.05,2028,56db55df7c608c85dd178b5595f8f07fd2123a907423f7e2d48aaed8db94913b,admm,24.63060765534332,0.6340641201011091,0.32394683407619596,0.0041201235726475716
web_ming_xiaoling_01,Nanjing_scenic_web,web_ming_xiaoling_01,test,0.1,0.1001129150390625,0.05,2028,56db55df7c608c85dd178b5595f8f07fd2123a907423f7e2d48aaed8db94913b,hqs_round1,24.585631794120573,0.6299599013625979,0.32219452201388776,0.0022908984683454037
web_ming_xiaoling_01,Nanjing_scenic_web,web_ming_xiaoling_01,test,0.1,0.1001129150390625,0.05,2028,56db55df7c608c85dd178b5595f8f07fd2123a907423f7e2d48aaed8db94913b,hqs_5000,25.01071952052743,0.652252396784924,0.3195806499570608,0.035516805946826935
web_ming_xiaoling_01,Nanjing_scenic_web,web_ming_xiaoling_01,test,0.1,0.1001129150390625,0.05,2028,56db55df7c608c85dd178b5595f8f07fd2123a907423f7e2d48aaed8db94913b,hqs_10000,25.00764348536004,0.648659495144736,0.3210287890397012,0.03815050050616264
web_ming_xiaoling_02,Nanjing_scenic_web,web_ming_xiaoling_02,test,0.01,0.01031494140625,0.0,2026,e1e4eda8d590b02ddd884f7a20e3f283e2180119c9e2b95a870ce80a8dd4021b,adjoint,21.64027661202658,0.3652688819290616,0.00018336297944188118,0.002074625575914979
web_ming_xiaoling_02,Nanjing_scenic_web,web_ming_xiaoling_02,test,0.01,0.01031494140625,0.0,2026,e1e4eda8d590b02ddd884f7a20e3f283e2180119c9e2b95a870ce80a8dd4021b,fista_dct,22.26813266258661,0.4742248793723124,0.32723956601694226,0.000279871717793867
web_ming_xiaoling_02,Nanjing_scenic_web,web_ming_xiaoling_02,test,0.01,0.01031494140625,0.0,2026,e1e4eda8d590b02ddd884f7a20e3f283e2180119c9e2b95a870ce80a8dd4021b,hqs,23.937482167051964,0.6426040254361162,0.31819404393900186,0.003611176274716854
web_ming_xiaoling_02,Nanjing_scenic_web,web_ming_xiaoling_02,test,0.01,0.01031494140625,0.0,2026,e1e4eda8d590b02ddd884f7a20e3f283e2180119c9e2b95a870ce80a8dd4021b,admm,24.09624646394858,0.642437977040301,0.3147582629462704,0.004543348215520382
web_ming_xiaoling_02,Nanjing_scenic_web,web_ming_xiaoling_02,test,0.01,0.01031494140625,0.0,2026,e1e4eda8d590b02ddd884f7a20e3f283e2180119c9e2b95a870ce80a8dd4021b,hqs_round1,24.055569562817382,0.6444309586666365,0.3189593179849908,0.00365496426820755
web_ming_xiaoling_02,Nanjing_scenic_web,web_ming_xiaoling_02,test,0.01,0.01031494140625,0.0,2026,e1e4eda8d590b02ddd884f7a20e3f283e2180119c9e2b95a870ce80a8dd4021b,hqs_5000,24.000110626640037,0.6410144390230753,0.3202290830668062,0.004874575417488813
web_ming_xiaoling_02,Nanjing_scenic_web,web_ming_xiaoling_02,test,0.01,0.01031494140625,0.0,2026,e1e4eda8d590b02ddd884f7a20e3f283e2180119c9e2b95a870ce80a8dd4021b,hqs_10000,24.059118256475415,0.6440533570067997,0.3274801620282233,0.0042420243844389915
web_ming_xiaoling_02,Nanjing_scenic_web,web_ming_xiaoling_02,test,0.04,0.041259765625,0.0,2026,43437dd64404ced0ef403ec9227727c67696b4b95f4d976e0e63911f5bbba24b,adjoint,23.408831756750494,0.45641375696256875,0.00023965397849678993,0.0029129711911082268
web_ming_xiaoling_02,Nanjing_scenic_web,web_ming_xiaoling_02,test,0.04,0.041259765625,0.0,2026,43437dd64404ced0ef403ec9227727c67696b4b95f4d976e0e63911f5bbba24b,fista_dct,24.24093527085619,0.5360443225486295,0.3501995549304411,0.0013608213048428297
web_ming_xiaoling_02,Nanjing_scenic_web,web_ming_xiaoling_02,test,0.04,0.041259765625,0.0,2026,43437dd64404ced0ef403ec9227727c67696b4b95f4d976e0e63911f5bbba24b,hqs,26.495322666867946,0.8087468534296117,0.3317048460012302,0.004334788769483566
web_ming_xiaoling_02,Nanjing_scenic_web,web_ming_xiaoling_02,test,0.04,0.041259765625,0.0,2026,43437dd64404ced0ef403ec9227727c67696b4b95f4d976e0e63911f5bbba24b,admm,26.491572980816073,0.804845733227429,0.32193395297508687,0.0056237285025417805
web_ming_xiaoling_02,Nanjing_scenic_web,web_ming_xiaoling_02,test,0.04,0.041259765625,0.0,2026,43437dd64404ced0ef403ec9227727c67696b4b95f4d976e0e63911f5bbba24b,hqs_round1,26.473173386635874,0.8091548042510776,0.3253075579414144,0.00437537906691432
web_ming_xiaoling_02,Nanjing_scenic_web,web_ming_xiaoling_02,test,0.04,0.041259765625,0.0,2026,43437dd64404ced0ef403ec9227727c67696b4b95f4d976e0e63911f5bbba24b,hqs_5000,26.48942137619679,0.8078721524788662,0.3236557130003348,0.004948799032717943
web_ming_xiaoling_02,Nanjing_scenic_web,web_ming_xiaoling_02,test,0.04,0.041259765625,0.0,2026,43437dd64404ced0ef403ec9227727c67696b4b95f4d976e0e63911f5bbba24b,hqs_10000,26.564042359250244,0.811336202426806,0.32851757702883333,0.004215410444885492
web_ming_xiaoling_02,Nanjing_scenic_web,web_ming_xiaoling_02,test,0.1,0.1001129150390625,0.0,2026,9876f5b73f4a931487d40c6096c73e8a7d4871295d6999620f012d9facc342d8,adjoint,24.98551260693774,0.5637787066722592,0.0002844140399247408,0.0037660684902220964
web_ming_xiaoling_02,Nanjing_scenic_web,web_ming_xiaoling_02,test,0.1,0.1001129150390625,0.0,2026,9876f5b73f4a931487d40c6096c73e8a7d4871295d6999620f012d9facc342d8,fista_dct,25.665990592566267,0.6236944149871753,0.3873709689360112,0.0018824723083525896
web_ming_xiaoling_02,Nanjing_scenic_web,web_ming_xiaoling_02,test,0.1,0.1001129150390625,0.0,2026,9876f5b73f4a931487d40c6096c73e8a7d4871295d6999620f012d9facc342d8,hqs,29.239092161933563,0.899073723132968,0.3286769500700757,0.0037161640357226133
web_ming_xiaoling_02,Nanjing_scenic_web,web_ming_xiaoling_02,test,0.1,0.1001129150390625,0.0,2026,9876f5b73f4a931487d40c6096c73e8a7d4871295d6999620f012d9facc342d8,admm,29.29899361044744,0.8994423744242788,0.3241129850503057,0.004640595987439156
web_ming_xiaoling_02,Nanjing_scenic_web,web_ming_xiaoling_02,test,0.1,0.1001129150390625,0.0,2026,9876f5b73f4a931487d40c6096c73e8a7d4871295d6999620f012d9facc342d8,hqs_round1,29.34437537810599,0.9013383458675146,0.3282971059670672,0.004056011792272329
web_ming_xiaoling_02,Nanjing_scenic_web,web_ming_xiaoling_02,test,0.1,0.1001129150390625,0.0,2026,9876f5b73f4a931487d40c6096c73e8a7d4871295d6999620f012d9facc342d8,hqs_5000,29.375308898981054,0.9010937423090338,0.3201278280466795,0.004394736606627703
web_ming_xiaoling_02,Nanjing_scenic_web,web_ming_xiaoling_02,test,0.1,0.1001129150390625,0.0,2026,9876f5b73f4a931487d40c6096c73e8a7d4871295d6999620f012d9facc342d8,hqs_10000,29.511646209799455,0.9044838807168603,0.31474799604620785,0.003867199644446373
web_ming_xiaoling_02,Nanjing_scenic_web,web_ming_xiaoling_02,test,0.25,0.25,0.0,2026,b1b2ff8b27804b9eda2434403b0779b3a6498fa9ed45e1f5853bd8a1011840d1,adjoint,27.437334773761812,0.6949464978337213,0.00039177306462079287,0.0044601308181881905
web_ming_xiaoling_02,Nanjing_scenic_web,web_ming_xiaoling_02,test,0.25,0.25,0.0,2026,b1b2ff8b27804b9eda2434403b0779b3a6498fa9ed45e1f5853bd8a1011840d1,fista_dct,28.146031230907194,0.7378121944991947,0.4080386880086735,0.002171419793739915
web_ming_xiaoling_02,Nanjing_scenic_web,web_ming_xiaoling_02,test,0.25,0.25,0.0,2026,b1b2ff8b27804b9eda2434403b0779b3a6498fa9ed45e1f5853bd8a1011840d1,hqs,34.32218164302483,0.9671551167192459,0.3193038529716432,0.00301763997413218
web_ming_xiaoling_02,Nanjing_scenic_web,web_ming_xiaoling_02,test,0.25,0.25,0.0,2026,b1b2ff8b27804b9eda2434403b0779b3a6498fa9ed45e1f5853bd8a1011840d1,admm,34.35616678667974,0.967341318696022,0.3166533709736541,0.003401331137865782
web_ming_xiaoling_02,Nanjing_scenic_web,web_ming_xiaoling_02,test,0.25,0.25,0.0,2026,b1b2ff8b27804b9eda2434403b0779b3a6498fa9ed45e1f5853bd8a1011840d1,hqs_round1,34.52946864801426,0.9687597755155564,0.31860059895552695,0.003521249396726489
web_ming_xiaoling_02,Nanjing_scenic_web,web_ming_xiaoling_02,test,0.25,0.25,0.0,2026,b1b2ff8b27804b9eda2434403b0779b3a6498fa9ed45e1f5853bd8a1011840d1,hqs_5000,34.52324076808112,0.9686422766199112,0.31977692095097154,0.0037568274419754744
web_ming_xiaoling_02,Nanjing_scenic_web,web_ming_xiaoling_02,test,0.25,0.25,0.0,2026,b1b2ff8b27804b9eda2434403b0779b3a6498fa9ed45e1f5853bd8a1011840d1,hqs_10000,34.576265632129164,0.9693336699056625,0.32464320794679224,0.0038304722402244806
web_ming_xiaoling_02,Nanjing_scenic_web,web_ming_xiaoling_02,test,0.5,0.4998931884765625,0.0,2026,7e8bbcb76e007535db72333a8c049cbca938aec8864ceeaeffc4baa2576ce313,adjoint,30.493631377878184,0.8027431818263531,0.0004277379484847188,0.005115207750350237
web_ming_xiaoling_02,Nanjing_scenic_web,web_ming_xiaoling_02,test,0.5,0.4998931884765625,0.0,2026,7e8bbcb76e007535db72333a8c049cbca938aec8864ceeaeffc4baa2576ce313,fista_dct,31.109375421845968,0.8313629605605602,0.4709485239582136,0.002091269474476576
web_ming_xiaoling_02,Nanjing_scenic_web,web_ming_xiaoling_02,test,0.5,0.4998931884765625,0.0,2026,7e8bbcb76e007535db72333a8c049cbca938aec8864ceeaeffc4baa2576ce313,hqs,41.287415591502864,0.9922888607797623,0.32432853803038597,0.002434401772916317
web_ming_xiaoling_02,Nanjing_scenic_web,web_ming_xiaoling_02,test,0.5,0.4998931884765625,0.0,2026,7e8bbcb76e007535db72333a8c049cbca938aec8864ceeaeffc4baa2576ce313,admm,41.30463681398865,0.9921923906774521,0.3187985389959067,0.0024793643970042467
web_ming_xiaoling_02,Nanjing_scenic_web,web_ming_xiaoling_02,test,0.5,0.4998931884765625,0.0,2026,7e8bbcb76e007535db72333a8c049cbca938aec8864ceeaeffc4baa2576ce313,hqs_round1,41.50887207570251,0.9927093468418121,0.32256815303117037,0.0035775317810475826
web_ming_xiaoling_02,Nanjing_scenic_web,web_ming_xiaoling_02,test,0.5,0.4998931884765625,0.0,2026,7e8bbcb76e007535db72333a8c049cbca938aec8864ceeaeffc4baa2576ce313,hqs_5000,41.61662587157014,0.9928478710336686,0.3187733580125496,0.0036000562831759453
web_ming_xiaoling_02,Nanjing_scenic_web,web_ming_xiaoling_02,test,0.5,0.4998931884765625,0.0,2026,7e8bbcb76e007535db72333a8c049cbca938aec8864ceeaeffc4baa2576ce313,hqs_10000,41.644792127659954,0.9928612632417679,0.3236071919091046,0.003556223353371024
web_ming_xiaoling_02,Nanjing_scenic_web,web_ming_xiaoling_02,test,0.1,0.1001129150390625,0.01,2026,bd9b8307b1fccbd8b5d3a9b8ea6a58d227a40c9aaf06629c5abd440e705f1ac1,adjoint,24.959582972848935,0.5612956747848327,0.0002619590377435088,0.003820147830992937
web_ming_xiaoling_02,Nanjing_scenic_web,web_ming_xiaoling_02,test,0.1,0.1001129150390625,0.01,2026,bd9b8307b1fccbd8b5d3a9b8ea6a58d227a40c9aaf06629c5abd440e705f1ac1,fista_dct,25.613518794166485,0.6183653558522454,0.3886272020172328,0.0021325238049030304
web_ming_xiaoling_02,Nanjing_scenic_web,web_ming_xiaoling_02,test,0.1,0.1001129150390625,0.01,2026,bd9b8307b1fccbd8b5d3a9b8ea6a58d227a40c9aaf06629c5abd440e705f1ac1,hqs,28.92984093292852,0.8901373409518003,0.3209483450045809,0.003480475163087249
web_ming_xiaoling_02,Nanjing_scenic_web,web_ming_xiaoling_02,test,0.1,0.1001129150390625,0.01,2026,bd9b8307b1fccbd8b5d3a9b8ea6a58d227a40c9aaf06629c5abd440e705f1ac1,admm,29.005174151687932,0.8921574451707005,0.31894085300154984,0.0049317143857479095
web_ming_xiaoling_02,Nanjing_scenic_web,web_ming_xiaoling_02,test,0.1,0.1001129150390625,0.01,2026,bd9b8307b1fccbd8b5d3a9b8ea6a58d227a40c9aaf06629c5abd440e705f1ac1,hqs_round1,28.92385938197676,0.8916098972634077,0.32072916300967336,0.003995843231678009
web_ming_xiaoling_02,Nanjing_scenic_web,web_ming_xiaoling_02,test,0.1,0.1001129150390625,0.01,2026,bd9b8307b1fccbd8b5d3a9b8ea6a58d227a40c9aaf06629c5abd440e705f1ac1,hqs_5000,28.988896864037446,0.8920706848903298,0.3198230529669672,0.00561370188370347
web_ming_xiaoling_02,Nanjing_scenic_web,web_ming_xiaoling_02,test,0.1,0.1001129150390625,0.01,2026,bd9b8307b1fccbd8b5d3a9b8ea6a58d227a40c9aaf06629c5abd440e705f1ac1,hqs_10000,29.076432604643134,0.8946944422339796,0.31816432799678296,0.004738733172416687
web_ming_xiaoling_02,Nanjing_scenic_web,web_ming_xiaoling_02,test,0.1,0.1001129150390625,0.01,2027,260b9c5b37b536720efcfc9b32d143aba289595d6d68c13bf265ab962065082c,adjoint,24.958399149265446,0.561874221309388,0.00032950600143522024,0.003717294428497553
web_ming_xiaoling_02,Nanjing_scenic_web,web_ming_xiaoling_02,test,0.1,0.1001129150390625,0.01,2027,260b9c5b37b536720efcfc9b32d143aba289595d6d68c13bf265ab962065082c,fista_dct,25.612265524434928,0.6170615405315757,0.3820159509778023,0.001994122751057148
web_ming_xiaoling_02,Nanjing_scenic_web,web_ming_xiaoling_02,test,0.1,0.1001129150390625,0.01,2027,260b9c5b37b536720efcfc9b32d143aba289595d6d68c13bf265ab962065082c,hqs,28.878678859393766,0.8895455288676023,0.32907138392329216,0.003439782653003931
web_ming_xiaoling_02,Nanjing_scenic_web,web_ming_xiaoling_02,test,0.1,0.1001129150390625,0.01,2027,260b9c5b37b536720efcfc9b32d143aba289595d6d68c13bf265ab962065082c,admm,28.971356502249282,0.8922211729616523,0.32195008907001466,0.004890382755547762
web_ming_xiaoling_02,Nanjing_scenic_web,web_ming_xiaoling_02,test,0.1,0.1001129150390625,0.01,2027,260b9c5b37b536720efcfc9b32d143aba289595d6d68c13bf265ab962065082c,hqs_round1,28.89205490715463,0.8919001059217453,0.3198460160056129,0.00390706118196249
web_ming_xiaoling_02,Nanjing_scenic_web,web_ming_xiaoling_02,test,0.1,0.1001129150390625,0.01,2027,260b9c5b37b536720efcfc9b32d143aba289595d6d68c13bf265ab962065082c,hqs_5000,28.982591439709346,0.8920271274363994,0.3182803239906207,0.0055091483518481255
web_ming_xiaoling_02,Nanjing_scenic_web,web_ming_xiaoling_02,test,0.1,0.1001129150390625,0.01,2027,260b9c5b37b536720efcfc9b32d143aba289595d6d68c13bf265ab962065082c,hqs_10000,29.072028728304083,0.8946144325446487,0.32179074897430837,0.004532197490334511
web_ming_xiaoling_02,Nanjing_scenic_web,web_ming_xiaoling_02,test,0.1,0.1001129150390625,0.01,2028,8e7b2a082e910da1eb010ee6d11abf6f38c19c1c75745c757978b7c11eb5ac57,adjoint,24.95993609758584,0.5613274941335171,0.0002755780005827546,0.0037862148601561785
web_ming_xiaoling_02,Nanjing_scenic_web,web_ming_xiaoling_02,test,0.1,0.1001129150390625,0.01,2028,8e7b2a082e910da1eb010ee6d11abf6f38c19c1c75745c757978b7c11eb5ac57,fista_dct,25.612636022809205,0.6180410031618905,0.37841365195345134,0.0019074325682595372
web_ming_xiaoling_02,Nanjing_scenic_web,web_ming_xiaoling_02,test,0.1,0.1001129150390625,0.01,2028,8e7b2a082e910da1eb010ee6d11abf6f38c19c1c75745c757978b7c11eb5ac57,hqs,28.88838753061599,0.8903113919683695,0.32436036807484925,0.0033926689065992832
web_ming_xiaoling_02,Nanjing_scenic_web,web_ming_xiaoling_02,test,0.1,0.1001129150390625,0.01,2028,8e7b2a082e910da1eb010ee6d11abf6f38c19c1c75745c757978b7c11eb5ac57,admm,28.957428379862623,0.8919791403036713,0.32527368899900466,0.0049690078012645245
web_ming_xiaoling_02,Nanjing_scenic_web,web_ming_xiaoling_02,test,0.1,0.1001129150390625,0.01,2028,8e7b2a082e910da1eb010ee6d11abf6f38c19c1c75745c757978b7c11eb5ac57,hqs_round1,28.894807404561217,0.8920525988662243,0.3217713520862162,0.003907131031155586
web_ming_xiaoling_02,Nanjing_scenic_web,web_ming_xiaoling_02,test,0.1,0.1001129150390625,0.01,2028,8e7b2a082e910da1eb010ee6d11abf6f38c19c1c75745c757978b7c11eb5ac57,hqs_5000,28.99022661718725,0.8923215932947993,0.32001804606989026,0.0053731659427285194
web_ming_xiaoling_02,Nanjing_scenic_web,web_ming_xiaoling_02,test,0.1,0.1001129150390625,0.01,2028,8e7b2a082e910da1eb010ee6d11abf6f38c19c1c75745c757978b7c11eb5ac57,hqs_10000,29.06277586645742,0.8949150834493637,0.31761777808424085,0.004504936747252941
web_ming_xiaoling_02,Nanjing_scenic_web,web_ming_xiaoling_02,test,0.1,0.1001129150390625,0.05,2026,1b519d31913458e21995b8ac6e31a43ea5f2a999628c90b06342ac50255433db,adjoint,24.37540549633535,0.5147588382287448,0.0002513109939172864,0.004719213582575321
web_ming_xiaoling_02,Nanjing_scenic_web,web_ming_xiaoling_02,test,0.1,0.1001129150390625,0.05,2026,1b519d31913458e21995b8ac6e31a43ea5f2a999628c90b06342ac50255433db,fista_dct,24.567717116548092,0.534253348813585,0.3739998909877613,0.004340588115155697
web_ming_xiaoling_02,Nanjing_scenic_web,web_ming_xiaoling_02,test,0.1,0.1001129150390625,0.05,2026,1b519d31913458e21995b8ac6e31a43ea5f2a999628c90b06342ac50255433db,hqs,26.344043273024873,0.729902169910796,0.3190714039374143,0.002509353682398796
web_ming_xiaoling_02,Nanjing_scenic_web,web_ming_xiaoling_02,test,0.1,0.1001129150390625,0.05,2026,1b519d31913458e21995b8ac6e31a43ea5f2a999628c90b06342ac50255433db,admm,26.455094877017903,0.7456202111052572,0.316716002067551,0.0040147555992007256
web_ming_xiaoling_02,Nanjing_scenic_web,web_ming_xiaoling_02,test,0.1,0.1001129150390625,0.05,2026,1b519d31913458e21995b8ac6e31a43ea5f2a999628c90b06342ac50255433db,hqs_round1,26.297947605081028,0.7394808681609929,0.3155368969310075,0.0023367616813629866
web_ming_xiaoling_02,Nanjing_scenic_web,web_ming_xiaoling_02,test,0.1,0.1001129150390625,0.05,2026,1b519d31913458e21995b8ac6e31a43ea5f2a999628c90b06342ac50255433db,hqs_5000,27.03088314241251,0.8223748181403875,0.3203156340168789,0.03789253532886505
web_ming_xiaoling_02,Nanjing_scenic_web,web_ming_xiaoling_02,test,0.1,0.1001129150390625,0.05,2026,1b519d31913458e21995b8ac6e31a43ea5f2a999628c90b06342ac50255433db,hqs_10000,27.061439238789635,0.8272493444807232,0.31967952009290457,0.03519424423575401
web_ming_xiaoling_02,Nanjing_scenic_web,web_ming_xiaoling_02,test,0.1,0.1001129150390625,0.05,2027,d4959a125b94dec7d394adb472b840fd697cb0595c4191a826b1671292c4b8ab,adjoint,24.36982929307426,0.5165672061650939,0.00035645999014377594,0.004073163028806448
web_ming_xiaoling_02,Nanjing_scenic_web,web_ming_xiaoling_02,test,0.1,0.1001129150390625,0.05,2027,d4959a125b94dec7d394adb472b840fd697cb0595c4191a826b1671292c4b8ab,fista_dct,24.52539123695192,0.5334268675674405,0.3742405850207433,0.0033413588535040617
web_ming_xiaoling_02,Nanjing_scenic_web,web_ming_xiaoling_02,test,0.1,0.1001129150390625,0.05,2027,d4959a125b94dec7d394adb472b840fd697cb0595c4191a826b1671292c4b8ab,hqs,26.33795564368196,0.7308368441644311,0.3203549840254709,0.0024164370261132717
web_ming_xiaoling_02,Nanjing_scenic_web,web_ming_xiaoling_02,test,0.1,0.1001129150390625,0.05,2027,d4959a125b94dec7d394adb472b840fd697cb0595c4191a826b1671292c4b8ab,admm,26.415747724985525,0.750363129188925,0.32629081793129444,0.004105088766664267
web_ming_xiaoling_02,Nanjing_scenic_web,web_ming_xiaoling_02,test,0.1,0.1001129150390625,0.05,2027,d4959a125b94dec7d394adb472b840fd697cb0595c4191a826b1671292c4b8ab,hqs_round1,26.261158200818993,0.7405672273543328,0.32116270205006003,0.0023326165974140167
web_ming_xiaoling_02,Nanjing_scenic_web,web_ming_xiaoling_02,test,0.1,0.1001129150390625,0.05,2027,d4959a125b94dec7d394adb472b840fd697cb0595c4191a826b1671292c4b8ab,hqs_5000,26.941460655118185,0.820545708166197,0.3202188470168039,0.037347495555877686
web_ming_xiaoling_02,Nanjing_scenic_web,web_ming_xiaoling_02,test,0.1,0.1001129150390625,0.05,2027,d4959a125b94dec7d394adb472b840fd697cb0595c4191a826b1671292c4b8ab,hqs_10000,26.96009964960468,0.8268864382009208,0.31965025002136827,0.03377409279346466
web_ming_xiaoling_02,Nanjing_scenic_web,web_ming_xiaoling_02,test,0.1,0.1001129150390625,0.05,2028,91d551c7335ed8c3e27f8a8aa18347ae991bdfcc3e343537f5ab033ac84bb036,adjoint,24.391230640223647,0.5169545181883742,0.00036492105573415756,0.004299615044146776
web_ming_xiaoling_02,Nanjing_scenic_web,web_ming_xiaoling_02,test,0.1,0.1001129150390625,0.05,2028,91d551c7335ed8c3e27f8a8aa18347ae991bdfcc3e343537f5ab033ac84bb036,fista_dct,24.506494437190568,0.5303642090298749,0.3710919530130923,0.0033499603159725666
web_ming_xiaoling_02,Nanjing_scenic_web,web_ming_xiaoling_02,test,0.1,0.1001129150390625,0.05,2028,91d551c7335ed8c3e27f8a8aa18347ae991bdfcc3e343537f5ab033ac84bb036,hqs,26.437018010361776,0.7376188385326117,0.3193540539359674,0.002448616549372673
web_ming_xiaoling_02,Nanjing_scenic_web,web_ming_xiaoling_02,test,0.1,0.1001129150390625,0.05,2028,91d551c7335ed8c3e27f8a8aa18347ae991bdfcc3e343537f5ab033ac84bb036,admm,26.515882897246897,0.7559331456675231,0.32216451794374734,0.0038267478812485933
web_ming_xiaoling_02,Nanjing_scenic_web,web_ming_xiaoling_02,test,0.1,0.1001129150390625,0.05,2028,91d551c7335ed8c3e27f8a8aa18347ae991bdfcc3e343537f5ab033ac84bb036,hqs_round1,26.386606020453286,0.7468762518115715,0.3179326180834323,0.0022539342753589153
web_ming_xiaoling_02,Nanjing_scenic_web,web_ming_xiaoling_02,test,0.1,0.1001129150390625,0.05,2028,91d551c7335ed8c3e27f8a8aa18347ae991bdfcc3e343537f5ab033ac84bb036,hqs_5000,27.072539089527083,0.8257768788773167,0.3206471089506522,0.035359639674425125
web_ming_xiaoling_02,Nanjing_scenic_web,web_ming_xiaoling_02,test,0.1,0.1001129150390625,0.05,2028,91d551c7335ed8c3e27f8a8aa18347ae991bdfcc3e343537f5ab033ac84bb036,hqs_10000,27.07564646960044,0.8296037877607941,0.3170075649395585,0.03291545808315277
web_ming_xiaoling_03,Nanjing_scenic_web,web_ming_xiaoling_03,test,0.01,0.01031494140625,0.0,2026,eeb4dad1f23fef5345424633773626cc6f5ea835dff44cddd7e319e1106e008e,adjoint,22.030893414084186,0.4768741898540267,0.0001757181016728282,0.002972952788695693
web_ming_xiaoling_03,Nanjing_scenic_web,web_ming_xiaoling_03,test,0.01,0.01031494140625,0.0,2026,eeb4dad1f23fef5345424633773626cc6f5ea835dff44cddd7e319e1106e008e,fista_dct,23.155923622802757,0.6302365955244771,0.320519614033401,0.0003807915491051972
web_ming_xiaoling_03,Nanjing_scenic_web,web_ming_xiaoling_03,test,0.01,0.01031494140625,0.0,2026,eeb4dad1f23fef5345424633773626cc6f5ea835dff44cddd7e319e1106e008e,hqs,25.072535303198418,0.7879837281103108,0.3173551569925621,0.005768043454736471
web_ming_xiaoling_03,Nanjing_scenic_web,web_ming_xiaoling_03,test,0.01,0.01031494140625,0.0,2026,eeb4dad1f23fef5345424633773626cc6f5ea835dff44cddd7e319e1106e008e,admm,24.914757363468716,0.7824399031308326,0.32056145602837205,0.006628129165619612
web_ming_xiaoling_03,Nanjing_scenic_web,web_ming_xiaoling_03,test,0.01,0.01031494140625,0.0,2026,eeb4dad1f23fef5345424633773626cc6f5ea835dff44cddd7e319e1106e008e,hqs_round1,25.154027529099558,0.7906516498050709,0.3228547429898754,0.005769293289631605
web_ming_xiaoling_03,Nanjing_scenic_web,web_ming_xiaoling_03,test,0.01,0.01031494140625,0.0,2026,eeb4dad1f23fef5345424633773626cc6f5ea835dff44cddd7e319e1106e008e,hqs_5000,25.256712264560385,0.7929232579047734,0.31988623505458236,0.0073491549119353294
web_ming_xiaoling_03,Nanjing_scenic_web,web_ming_xiaoling_03,test,0.01,0.01031494140625,0.0,2026,eeb4dad1f23fef5345424633773626cc6f5ea835dff44cddd7e319e1106e008e,hqs_10000,25.307372055657655,0.7961566320847039,0.3152701919898391,0.006665150634944439
web_ming_xiaoling_03,Nanjing_scenic_web,web_ming_xiaoling_03,test,0.04,0.041259765625,0.0,2026,7d4f296ecaff922945792f7d5c0ac8fd6fe129792b482bee62914e1a0fa7511f,adjoint,24.57547319259156,0.5625906210307349,0.0002349090063944459,0.0025528925471007824
web_ming_xiaoling_03,Nanjing_scenic_web,web_ming_xiaoling_03,test,0.04,0.041259765625,0.0,2026,7d4f296ecaff922945792f7d5c0ac8fd6fe129792b482bee62914e1a0fa7511f,fista_dct,25.321256426293903,0.6154719538005609,0.3432013299316168,0.0008186991326510906
web_ming_xiaoling_03,Nanjing_scenic_web,web_ming_xiaoling_03,test,0.04,0.041259765625,0.0,2026,7d4f296ecaff922945792f7d5c0ac8fd6fe129792b482bee62914e1a0fa7511f,hqs,29.720064250242007,0.9160417388616484,0.3174202659865841,0.005614070221781731
web_ming_xiaoling_03,Nanjing_scenic_web,web_ming_xiaoling_03,test,0.04,0.041259765625,0.0,2026,7d4f296ecaff922945792f7d5c0ac8fd6fe129792b482bee62914e1a0fa7511f,admm,29.695631127464917,0.9148257572498014,0.3199079999467358,0.007521489635109901
web_ming_xiaoling_03,Nanjing_scenic_web,web_ming_xiaoling_03,test,0.04,0.041259765625,0.0,2026,7d4f296ecaff922945792f7d5c0ac8fd6fe129792b482bee62914e1a0fa7511f,hqs_round1,29.766481095754536,0.9170568990231827,0.3222969239577651,0.005987389944493771
web_ming_xiaoling_03,Nanjing_scenic_web,web_ming_xiaoling_03,test,0.04,0.041259765625,0.0,2026,7d4f296ecaff922945792f7d5c0ac8fd6fe129792b482bee62914e1a0fa7511f,hqs_5000,29.760803781608697,0.9166977048449516,0.317300561000593,0.007166760507971048
web_ming_xiaoling_03,Nanjing_scenic_web,web_ming_xiaoling_03,test,0.04,0.041259765625,0.0,2026,7d4f296ecaff922945792f7d5c0ac8fd6fe129792b482bee62914e1a0fa7511f,hqs_10000,29.796090091423665,0.9173486421616972,0.31635633506812155,0.006081020925194025
web_ming_xiaoling_03,Nanjing_scenic_web,web_ming_xiaoling_03,test,0.1,0.1001129150390625,0.0,2026,9567d287206cca03b11da275edd77a6ef05836b481557e10eb3f61bf604e191a,adjoint,26.441954524473523,0.6508521990980916,0.00034338096156716347,0.0029708605725318193
web_ming_xiaoling_03,Nanjing_scenic_web,web_ming_xiaoling_03,test,0.1,0.1001129150390625,0.0,2026,9567d287206cca03b11da275edd77a6ef05836b481557e10eb3f61bf604e191a,fista_dct,27.458626533153343,0.6969829057241987,0.3757232230855152,0.0012438480043783784
web_ming_xiaoling_03,Nanjing_scenic_web,web_ming_xiaoling_03,test,0.1,0.1001129150390625,0.0,2026,9567d287206cca03b11da275edd77a6ef05836b481557e10eb3f61bf604e191a,hqs,33.21169171363745,0.9571871026363373,0.3217888120561838,0.0039741843938827515
web_ming_xiaoling_03,Nanjing_scenic_web,web_ming_xiaoling_03,test,0.1,0.1001129150390625,0.0,2026,9567d287206cca03b11da275edd77a6ef05836b481557e10eb3f61bf604e191a,admm,33.21458293138518,0.9565304131865502,0.31870536296628416,0.006046211812645197
web_ming_xiaoling_03,Nanjing_scenic_web,web_ming_xiaoling_03,test,0.1,0.1001129150390625,0.0,2026,9567d287206cca03b11da275edd77a6ef05836b481557e10eb3f61bf604e191a,hqs_round1,33.351861778273204,0.9581505270233154,0.31812492699828,0.004513098392635584
web_ming_xiaoling_03,Nanjing_scenic_web,web_ming_xiaoling_03,test,0.1,0.1001129150390625,0.0,2026,9567d287206cca03b11da275edd77a6ef05836b481557e10eb3f61bf604e191a,hqs_5000,33.35334610874129,0.9580574517111778,0.3143858079565689,0.00508448202162981
web_ming_xiaoling_03,Nanjing_scenic_web,web_ming_xiaoling_03,test,0.1,0.1001129150390625,0.0,2026,9567d287206cca03b11da275edd77a6ef05836b481557e10eb3f61bf604e191a,hqs_10000,33.366284571119934,0.9581618478474617,0.31551955395843834,0.0048624672926962376
web_ming_xiaoling_03,Nanjing_scenic_web,web_ming_xiaoling_03,test,0.25,0.25,0.0,2026,8014e004a4ca66043183f0d84f446c69b2e57724da38809c432fd2cefae6db52,adjoint,29.503789237409205,0.7725778499500752,0.0003210569266229868,0.0037545913364738226
web_ming_xiaoling_03,Nanjing_scenic_web,web_ming_xiaoling_03,test,0.25,0.25,0.0,2026,8014e004a4ca66043183f0d84f446c69b2e57724da38809c432fd2cefae6db52,fista_dct,30.69005382197625,0.8169957609734535,0.40159729204606265,0.0025582765229046345
web_ming_xiaoling_03,Nanjing_scenic_web,web_ming_xiaoling_03,test,0.25,0.25,0.0,2026,8014e004a4ca66043183f0d84f446c69b2e57724da38809c432fd2cefae6db52,hqs,39.234964662153985,0.9829972046775818,0.3203141790581867,0.0029696649871766567
web_ming_xiaoling_03,Nanjing_scenic_web,web_ming_xiaoling_03,test,0.25,0.25,0.0,2026,8014e004a4ca66043183f0d84f446c69b2e57724da38809c432fd2cefae6db52,admm,39.25082635291566,0.9827947168636322,0.31793824897613376,0.0035743520129472017
web_ming_xiaoling_03,Nanjing_scenic_web,web_ming_xiaoling_03,test,0.25,0.25,0.0,2026,8014e004a4ca66043183f0d84f446c69b2e57724da38809c432fd2cefae6db52,hqs_round1,39.19671070174726,0.9831517519493103,0.31778201507404447,0.003708565840497613
web_ming_xiaoling_03,Nanjing_scenic_web,web_ming_xiaoling_03,test,0.25,0.25,0.0,2026,8014e004a4ca66043183f0d84f446c69b2e57724da38809c432fd2cefae6db52,hqs_5000,39.274734412496656,0.9831459101848602,0.3187050560954958,0.0039960602298378944
web_ming_xiaoling_03,Nanjing_scenic_web,web_ming_xiaoling_03,test,0.25,0.25,0.0,2026,8014e004a4ca66043183f0d84f446c69b2e57724da38809c432fd2cefae6db52,hqs_10000,39.28249420554914,0.9832470486469269,0.3166050669969991,0.0037444483023136854
web_ming_xiaoling_03,Nanjing_scenic_web,web_ming_xiaoling_03,test,0.5,0.4998931884765625,0.0,2026,193600ed2ccdc4ba279280477856efa557f42d1505e54943aee61063212371d6,adjoint,32.969187813032754,0.8627201535315514,0.00045600009616464376,0.005220282357186079
web_ming_xiaoling_03,Nanjing_scenic_web,web_ming_xiaoling_03,test,0.5,0.4998931884765625,0.0,2026,193600ed2ccdc4ba279280477856efa557f42d1505e54943aee61063212371d6,fista_dct,34.32535322759571,0.8981966638936997,0.4663064330816269,0.004036479629576206
web_ming_xiaoling_03,Nanjing_scenic_web,web_ming_xiaoling_03,test,0.5,0.4998931884765625,0.0,2026,193600ed2ccdc4ba279280477856efa557f42d1505e54943aee61063212371d6,hqs,45.890160512305954,0.9938206459789276,0.3193077780306339,0.0028972486034035683
web_ming_xiaoling_03,Nanjing_scenic_web,web_ming_xiaoling_03,test,0.5,0.4998931884765625,0.0,2026,193600ed2ccdc4ba279280477856efa557f42d1505e54943aee61063212371d6,admm,45.93754103737692,0.993688374540329,0.31917943293228745,0.002385430969297886
web_ming_xiaoling_03,Nanjing_scenic_web,web_ming_xiaoling_03,test,0.5,0.4998931884765625,0.0,2026,193600ed2ccdc4ba279280477856efa557f42d1505e54943aee61063212371d6,hqs_round1,45.13836984394325,0.9936551798267365,0.32938995910808444,0.007280703168362379
web_ming_xiaoling_03,Nanjing_scenic_web,web_ming_xiaoling_03,test,0.5,0.4998931884765625,0.0,2026,193600ed2ccdc4ba279280477856efa557f42d1505e54943aee61063212371d6,hqs_5000,45.8764340213954,0.9939267114582062,0.31725689000450075,0.004874174017459154
web_ming_xiaoling_03,Nanjing_scenic_web,web_ming_xiaoling_03,test,0.5,0.4998931884765625,0.0,2026,193600ed2ccdc4ba279280477856efa557f42d1505e54943aee61063212371d6,hqs_10000,46.21551709938102,0.9940553524732589,0.31656615692190826,0.003000180469825864
web_ming_xiaoling_03,Nanjing_scenic_web,web_ming_xiaoling_03,test,0.1,0.1001129150390625,0.01,2026,f687f1ee5b8a2f9acd61d97950bd9a992ff09875b993e6626935da326b51223e,adjoint,26.421380055069847,0.6495301018868052,0.0003637470072135329,0.0029686728958040476
web_ming_xiaoling_03,Nanjing_scenic_web,web_ming_xiaoling_03,test,0.1,0.1001129150390625,0.01,2026,f687f1ee5b8a2f9acd61d97950bd9a992ff09875b993e6626935da326b51223e,fista_dct,27.43006335367827,0.6951420053836591,0.3727277579018846,0.0012347929878160357
web_ming_xiaoling_03,Nanjing_scenic_web,web_ming_xiaoling_03,test,0.1,0.1001129150390625,0.01,2026,f687f1ee5b8a2f9acd61d97950bd9a992ff09875b993e6626935da326b51223e,hqs,32.69788332463932,0.9510472455472946,0.3200921469833702,0.003468283684924245
web_ming_xiaoling_03,Nanjing_scenic_web,web_ming_xiaoling_03,test,0.1,0.1001129150390625,0.01,2026,f687f1ee5b8a2f9acd61d97950bd9a992ff09875b993e6626935da326b51223e,admm,32.74974108173661,0.9523952164125442,0.3171433570096269,0.005371340550482273
web_ming_xiaoling_03,Nanjing_scenic_web,web_ming_xiaoling_03,test,0.1,0.1001129150390625,0.01,2026,f687f1ee5b8a2f9acd61d97950bd9a992ff09875b993e6626935da326b51223e,hqs_round1,32.80480289723597,0.9523165072522164,0.31673964497167617,0.003961298614740372
web_ming_xiaoling_03,Nanjing_scenic_web,web_ming_xiaoling_03,test,0.1,0.1001129150390625,0.01,2026,f687f1ee5b8a2f9acd61d97950bd9a992ff09875b993e6626935da326b51223e,hqs_5000,32.80575845526643,0.9529561266002655,0.3186180369229987,0.005933521315455437
web_ming_xiaoling_03,Nanjing_scenic_web,web_ming_xiaoling_03,test,0.1,0.1001129150390625,0.01,2026,f687f1ee5b8a2f9acd61d97950bd9a992ff09875b993e6626935da326b51223e,hqs_10000,32.81626490138717,0.953033991435051,0.31874422600958496,0.005762247834354639
web_ming_xiaoling_03,Nanjing_scenic_web,web_ming_xiaoling_03,test,0.1,0.1001129150390625,0.01,2027,5dce299644a39f0c469d265b0b70e6ff819bfab9c300e25bbb441f814684f29e,adjoint,26.42222435817245,0.6487455941808075,0.00034682394471019506,0.0029702880419790745
web_ming_xiaoling_03,Nanjing_scenic_web,web_ming_xiaoling_03,test,0.1,0.1001129150390625,0.01,2027,5dce299644a39f0c469d265b0b70e6ff819bfab9c300e25bbb441f814684f29e,fista_dct,27.38494601082951,0.6917068677712753,0.37754374591168016,0.0012363647110760212
web_ming_xiaoling_03,Nanjing_scenic_web,web_ming_xiaoling_03,test,0.1,0.1001129150390625,0.01,2027,5dce299644a39f0c469d265b0b70e6ff819bfab9c300e25bbb441f814684f29e,hqs,32.79806763111375,0.9521159088606834,0.3193059490295127,0.003421575529500842
web_ming_xiaoling_03,Nanjing_scenic_web,web_ming_xiaoling_03,test,0.1,0.1001129150390625,0.01,2027,5dce299644a39f0c469d265b0b70e6ff819bfab9c300e25bbb441f814684f29e,admm,32.84892788427178,0.953421651550293,0.32055124605540186,0.005381464958190918
web_ming_xiaoling_03,Nanjing_scenic_web,web_ming_xiaoling_03,test,0.1,0.1001129150390625,0.01,2027,5dce299644a39f0c469d265b0b70e6ff819bfab9c300e25bbb441f814684f29e,hqs_round1,32.90913284656577,0.9535253681154251,0.31751134106889367,0.003909557592123747
web_ming_xiaoling_03,Nanjing_scenic_web,web_ming_xiaoling_03,test,0.1,0.1001129150390625,0.01,2027,5dce299644a39f0c469d265b0b70e6ff819bfab9c300e25bbb441f814684f29e,hqs_5000,32.90300464650264,0.9538726278700829,0.3200023719109595,0.006045703776180744
web_ming_xiaoling_03,Nanjing_scenic_web,web_ming_xiaoling_03,test,0.1,0.1001129150390625,0.01,2027,5dce299644a39f0c469d265b0b70e6ff819bfab9c300e25bbb441f814684f29e,hqs_10000,32.920699597209165,0.9539736740789413,0.31869911402463913,0.005765264388173819
web_ming_xiaoling_03,Nanjing_scenic_web,web_ming_xiaoling_03,test,0.1,0.1001129150390625,0.01,2028,5962e904c3202073d10efe1cd6e66e69d98ea390b26ffc21a1a57e27d3ba3516,adjoint,26.421887516014575,0.6488144898847118,0.0003255939809605479,0.002973396796733141
web_ming_xiaoling_03,Nanjing_scenic_web,web_ming_xiaoling_03,test,0.1,0.1001129150390625,0.01,2028,5962e904c3202073d10efe1cd6e66e69d98ea390b26ffc21a1a57e27d3ba3516,fista_dct,27.40279862838407,0.6919634199912473,0.38085772609338164,0.0012151304399594665
web_ming_xiaoling_03,Nanjing_scenic_web,web_ming_xiaoling_03,test,0.1,0.1001129150390625,0.01,2028,5962e904c3202073d10efe1cd6e66e69d98ea390b26ffc21a1a57e27d3ba3516,hqs,32.79919114976564,0.9517674410061836,0.31684222200419754,0.0035322282928973436
web_ming_xiaoling_03,Nanjing_scenic_web,web_ming_xiaoling_03,test,0.1,0.1001129150390625,0.01,2028,5962e904c3202073d10efe1cd6e66e69d98ea390b26ffc21a1a57e27d3ba3516,admm,32.8412227815748,0.952972338927269,0.32118223689030856,0.005392903927713633
web_ming_xiaoling_03,Nanjing_scenic_web,web_ming_xiaoling_03,test,0.1,0.1001129150390625,0.01,2028,5962e904c3202073d10efe1cd6e66e69d98ea390b26ffc21a1a57e27d3ba3516,hqs_round1,32.89881288460176,0.9529941488957405,0.321925290976651,0.004003460984677076
web_ming_xiaoling_03,Nanjing_scenic_web,web_ming_xiaoling_03,test,0.1,0.1001129150390625,0.01,2028,5962e904c3202073d10efe1cd6e66e69d98ea390b26ffc21a1a57e27d3ba3516,hqs_5000,32.8887037192401,0.9536391950058937,0.31713802297599614,0.0062011778354644775
web_ming_xiaoling_03,Nanjing_scenic_web,web_ming_xiaoling_03,test,0.1,0.1001129150390625,0.01,2028,5962e904c3202073d10efe1cd6e66e69d98ea390b26ffc21a1a57e27d3ba3516,hqs_10000,32.901399698822104,0.9537430891394615,0.31742844299878925,0.005875528324395418
web_ming_xiaoling_03,Nanjing_scenic_web,web_ming_xiaoling_03,test,0.1,0.1001129150390625,0.05,2026,c93a7a3ff3de66a3cfca3f9254f9a1d211cf77f3476641febe63eb848449b667,adjoint,25.961123247203652,0.60975028261727,0.00034257699735462666,0.002991331974044442
web_ming_xiaoling_03,Nanjing_scenic_web,web_ming_xiaoling_03,test,0.1,0.1001129150390625,0.05,2026,c93a7a3ff3de66a3cfca3f9254f9a1d211cf77f3476641febe63eb848449b667,fista_dct,26.46233683619887,0.6198653084823266,0.3721222700551152,0.0014238936128094792
web_ming_xiaoling_03,Nanjing_scenic_web,web_ming_xiaoling_03,test,0.1,0.1001129150390625,0.05,2026,c93a7a3ff3de66a3cfca3f9254f9a1d211cf77f3476641febe63eb848449b667,hqs,29.66240920563388,0.8454736617137194,0.3188494489295408,0.003243957180529833
web_ming_xiaoling_03,Nanjing_scenic_web,web_ming_xiaoling_03,test,0.1,0.1001129150390625,0.05,2026,c93a7a3ff3de66a3cfca3f9254f9a1d211cf77f3476641febe63eb848449b667,admm,29.800994477457337,0.860543525560379,0.3213872699998319,0.0052244276739656925
web_ming_xiaoling_03,Nanjing_scenic_web,web_ming_xiaoling_03,test,0.1,0.1001129150390625,0.05,2026,c93a7a3ff3de66a3cfca3f9254f9a1d211cf77f3476641febe63eb848449b667,hqs_round1,29.629373116640064,0.8476940634539127,0.31718468200415373,0.0029509516898542643
web_ming_xiaoling_03,Nanjing_scenic_web,web_ming_xiaoling_03,test,0.1,0.1001129150390625,0.05,2026,c93a7a3ff3de66a3cfca3f9254f9a1d211cf77f3476641febe63eb848449b667,hqs_5000,30.51023156866941,0.9247251489303112,0.31643275497481227,0.039813145995140076
web_ming_xiaoling_03,Nanjing_scenic_web,web_ming_xiaoling_03,test,0.1,0.1001129150390625,0.05,2026,c93a7a3ff3de66a3cfca3f9254f9a1d211cf77f3476641febe63eb848449b667,hqs_10000,30.542665442116178,0.9259184478869438,0.31499972799792886,0.037565167993307114
web_ming_xiaoling_03,Nanjing_scenic_web,web_ming_xiaoling_03,test,0.1,0.1001129150390625,0.05,2027,8376c2bdea52299fd0aef8c904bcfc2c729ff250e8f55273bb38641de6483dd8,adjoint,25.97667595022138,0.607955097816526,0.000318275997415185,0.0029761656187474728
web_ming_xiaoling_03,Nanjing_scenic_web,web_ming_xiaoling_03,test,0.1,0.1001129150390625,0.05,2027,8376c2bdea52299fd0aef8c904bcfc2c729ff250e8f55273bb38641de6483dd8,fista_dct,26.47775958982055,0.6190896052747108,0.3839880459709093,0.001426120288670063
web_ming_xiaoling_03,Nanjing_scenic_web,web_ming_xiaoling_03,test,0.1,0.1001129150390625,0.05,2027,8376c2bdea52299fd0aef8c904bcfc2c729ff250e8f55273bb38641de6483dd8,hqs,29.819533442690744,0.8528938022794723,0.31774251896422356,0.0032152177300304174
web_ming_xiaoling_03,Nanjing_scenic_web,web_ming_xiaoling_03,test,0.1,0.1001129150390625,0.05,2027,8376c2bdea52299fd0aef8c904bcfc2c729ff250e8f55273bb38641de6483dd8,admm,29.95583569899592,0.8667763160743713,0.3178138679359108,0.005351964384317398
web_ming_xiaoling_03,Nanjing_scenic_web,web_ming_xiaoling_03,test,0.1,0.1001129150390625,0.05,2027,8376c2bdea52299fd0aef8c904bcfc2c729ff250e8f55273bb38641de6483dd8,hqs_round1,29.723820040846626,0.8547334273827076,0.31559699098579586,0.0030700915958732367
web_ming_xiaoling_03,Nanjing_scenic_web,web_ming_xiaoling_03,test,0.1,0.1001129150390625,0.05,2027,8376c2bdea52299fd0aef8c904bcfc2c729ff250e8f55273bb38641de6483dd8,hqs_5000,30.662473712312426,0.9269986472862959,0.3167561950394884,0.039573900401592255
web_ming_xiaoling_03,Nanjing_scenic_web,web_ming_xiaoling_03,test,0.1,0.1001129150390625,0.05,2027,8376c2bdea52299fd0aef8c904bcfc2c729ff250e8f55273bb38641de6483dd8,hqs_10000,30.683193247199153,0.9279480811837911,0.31806271395180374,0.037212125957012177
web_ming_xiaoling_03,Nanjing_scenic_web,web_ming_xiaoling_03,test,0.1,0.1001129150390625,0.05,2028,b979489bcf2b9a39c2f020743845b79f8210992ee221f0b0ac04223514b166fd,adjoint,25.96842762568037,0.6077106578072276,0.00034928706008940935,0.0030043544247746468
web_ming_xiaoling_03,Nanjing_scenic_web,web_ming_xiaoling_03,test,0.1,0.1001129150390625,0.05,2028,b979489bcf2b9a39c2f020743845b79f8210992ee221f0b0ac04223514b166fd,fista_dct,26.5035727764092,0.6221964230906554,0.37727009400259703,0.0013172143371775746
web_ming_xiaoling_03,Nanjing_scenic_web,web_ming_xiaoling_03,test,0.1,0.1001129150390625,0.05,2028,b979489bcf2b9a39c2f020743845b79f8210992ee221f0b0ac04223514b166fd,hqs,29.711061293034273,0.8464592036836147,0.3158330249134451,0.0033292113803327084
web_ming_xiaoling_03,Nanjing_scenic_web,web_ming_xiaoling_03,test,0.1,0.1001129150390625,0.05,2028,b979489bcf2b9a39c2f020743845b79f8210992ee221f0b0ac04223514b166fd,admm,29.891524992068348,0.8616397316843272,0.31832196307368577,0.005169292446225882
web_ming_xiaoling_03,Nanjing_scenic_web,web_ming_xiaoling_03,test,0.1,0.1001129150390625,0.05,2028,b979489bcf2b9a39c2f020743845b79f8210992ee221f0b0ac04223514b166fd,hqs_round1,29.610757290813083,0.8486838196300268,0.3150131070287898,0.003188870381563902
web_ming_xiaoling_03,Nanjing_scenic_web,web_ming_xiaoling_03,test,0.1,0.1001129150390625,0.05,2028,b979489bcf2b9a39c2f020743845b79f8210992ee221f0b0ac04223514b166fd,hqs_5000,30.54605748188034,0.92348935227561,0.3160677800187841,0.041270263493061066
web_ming_xiaoling_03,Nanjing_scenic_web,web_ming_xiaoling_03,test,0.1,0.1001129150390625,0.05,2028,b979489bcf2b9a39c2f020743845b79f8210992ee221f0b0ac04223514b166fd,hqs_10000,30.584540099405455,0.9250784241712093,0.32041105802636594,0.03851395845413208
web_qinhuai_fuzimiao_01,Nanjing_scenic_web,web_qinhuai_fuzimiao_01,test,0.01,0.01031494140625,0.0,2026,0a687f99a1e9704155242f56a0ee2b301c0a0a5d2ea78db31af891b5488a8ffb,adjoint,19.994847249673313,0.4737257991482498,0.00017255404964089394,0.045793432742357254
web_qinhuai_fuzimiao_01,Nanjing_scenic_web,web_qinhuai_fuzimiao_01,test,0.01,0.01031494140625,0.0,2026,0a687f99a1e9704155242f56a0ee2b301c0a0a5d2ea78db31af891b5488a8ffb,fista_dct,19.788512697409274,0.4811744370637874,0.322256769053638,0.05231861770153046
web_qinhuai_fuzimiao_01,Nanjing_scenic_web,web_qinhuai_fuzimiao_01,test,0.01,0.01031494140625,0.0,2026,0a687f99a1e9704155242f56a0ee2b301c0a0a5d2ea78db31af891b5488a8ffb,hqs,22.146819260552846,0.8048982326696531,0.3166920010698959,0.012894620187580585
web_qinhuai_fuzimiao_01,Nanjing_scenic_web,web_qinhuai_fuzimiao_01,test,0.01,0.01031494140625,0.0,2026,0a687f99a1e9704155242f56a0ee2b301c0a0a5d2ea78db31af891b5488a8ffb,admm,22.143861850799006,0.8020100165029455,0.31605396303348243,0.016349337995052338
web_qinhuai_fuzimiao_01,Nanjing_scenic_web,web_qinhuai_fuzimiao_01,test,0.01,0.01031494140625,0.0,2026,0a687f99a1e9704155242f56a0ee2b301c0a0a5d2ea78db31af891b5488a8ffb,hqs_round1,22.08941523503526,0.8037567737829651,0.31590479298029095,0.012160513550043106
web_qinhuai_fuzimiao_01,Nanjing_scenic_web,web_qinhuai_fuzimiao_01,test,0.01,0.01031494140625,0.0,2026,0a687f99a1e9704155242f56a0ee2b301c0a0a5d2ea78db31af891b5488a8ffb,hqs_5000,22.21134477034568,0.8054759396306385,0.3186269060242921,0.022590799257159233
web_qinhuai_fuzimiao_01,Nanjing_scenic_web,web_qinhuai_fuzimiao_01,test,0.01,0.01031494140625,0.0,2026,0a687f99a1e9704155242f56a0ee2b301c0a0a5d2ea78db31af891b5488a8ffb,hqs_10000,22.226344977512028,0.8072944065730754,0.31539983197581023,0.019531097263097763
web_qinhuai_fuzimiao_01,Nanjing_scenic_web,web_qinhuai_fuzimiao_01,test,0.04,0.041259765625,0.0,2026,9fcc73d69279de5ed7487a00aa3bef2cc41355e4d24adf1b3031a2de6935634f,adjoint,22.29887468673654,0.5431914381720484,0.00027663703076541424,0.041723817586898804
web_qinhuai_fuzimiao_01,Nanjing_scenic_web,web_qinhuai_fuzimiao_01,test,0.04,0.041259765625,0.0,2026,9fcc73d69279de5ed7487a00aa3bef2cc41355e4d24adf1b3031a2de6935634f,fista_dct,22.392354908384405,0.537669505186421,0.3267354150302708,0.04618893191218376
web_qinhuai_fuzimiao_01,Nanjing_scenic_web,web_qinhuai_fuzimiao_01,test,0.04,0.041259765625,0.0,2026,9fcc73d69279de5ed7487a00aa3bef2cc41355e4d24adf1b3031a2de6935634f,hqs,25.945805094545193,0.9018966453246623,0.31591388292144984,0.012636569328606129
web_qinhuai_fuzimiao_01,Nanjing_scenic_web,web_qinhuai_fuzimiao_01,test,0.04,0.041259765625,0.0,2026,9fcc73d69279de5ed7487a00aa3bef2cc41355e4d24adf1b3031a2de6935634f,admm,26.05231807501599,0.9024127746655345,0.31622699892614037,0.012360671535134315
web_qinhuai_fuzimiao_01,Nanjing_scenic_web,web_qinhuai_fuzimiao_01,test,0.04,0.041259765625,0.0,2026,9fcc73d69279de5ed7487a00aa3bef2cc41355e4d24adf1b3031a2de6935634f,hqs_round1,25.963546520560172,0.9026470787738263,0.3173657050356269,0.012527371756732464
web_qinhuai_fuzimiao_01,Nanjing_scenic_web,web_qinhuai_fuzimiao_01,test,0.04,0.041259765625,0.0,2026,9fcc73d69279de5ed7487a00aa3bef2cc41355e4d24adf1b3031a2de6935634f,hqs_5000,26.05205081814318,0.9038407725405991,0.3153111410792917,0.015010111965239048
web_qinhuai_fuzimiao_01,Nanjing_scenic_web,web_qinhuai_fuzimiao_01,test,0.04,0.041259765625,0.0,2026,9fcc73d69279de5ed7487a00aa3bef2cc41355e4d24adf1b3031a2de6935634f,hqs_10000,26.083658617255022,0.9046950774230361,0.32213324995245785,0.013260011561214924
web_qinhuai_fuzimiao_01,Nanjing_scenic_web,web_qinhuai_fuzimiao_01,test,0.1,0.1001129150390625,0.0,2026,e28939f20b8518075482b7247384908de33028e3d745fe34099d6d06dcf50bb9,adjoint,24.280048792447502,0.627402508541286,0.00031445990316569805,0.03409048169851303
web_qinhuai_fuzimiao_01,Nanjing_scenic_web,web_qinhuai_fuzimiao_01,test,0.1,0.1001129150390625,0.0,2026,e28939f20b8518075482b7247384908de33028e3d745fe34099d6d06dcf50bb9,fista_dct,24.696730772910573,0.6127551945906393,0.3605090189957991,0.03598345071077347
web_qinhuai_fuzimiao_01,Nanjing_scenic_web,web_qinhuai_fuzimiao_01,test,0.1,0.1001129150390625,0.0,2026,e28939f20b8518075482b7247384908de33028e3d745fe34099d6d06dcf50bb9,hqs,29.13579717636512,0.9494712918243409,0.31603297300171107,0.009666451252996922
web_qinhuai_fuzimiao_01,Nanjing_scenic_web,web_qinhuai_fuzimiao_01,test,0.1,0.1001129150390625,0.0,2026,e28939f20b8518075482b7247384908de33028e3d745fe34099d6d06dcf50bb9,admm,29.171707254556722,0.9495784518885613,0.31925613107159734,0.010086258873343468
web_qinhuai_fuzimiao_01,Nanjing_scenic_web,web_qinhuai_fuzimiao_01,test,0.1,0.1001129150390625,0.0,2026,e28939f20b8518075482b7247384908de33028e3d745fe34099d6d06dcf50bb9,hqs_round1,29.303434242117813,0.9511828981399536,0.31555086199659854,0.010104051791131496
web_qinhuai_fuzimiao_01,Nanjing_scenic_web,web_qinhuai_fuzimiao_01,test,0.1,0.1001129150390625,0.0,2026,e28939f20b8518075482b7247384908de33028e3d745fe34099d6d06dcf50bb9,hqs_5000,29.460473943491596,0.9521478901181221,0.32123613404110074,0.011675789020955563
web_qinhuai_fuzimiao_01,Nanjing_scenic_web,web_qinhuai_fuzimiao_01,test,0.1,0.1001129150390625,0.0,2026,e28939f20b8518075482b7247384908de33028e3d745fe34099d6d06dcf50bb9,hqs_10000,29.435216268012404,0.9522889333539009,0.3168739379616454,0.010594846680760384
web_qinhuai_fuzimiao_01,Nanjing_scenic_web,web_qinhuai_fuzimiao_01,test,0.25,0.25,0.0,2026,9b13e2658bece918c849c7912dc629fe946877ebb0a1db144af390b80dc72ad2,adjoint,26.908448866526463,0.7304411806229949,0.0003884020261466503,0.025642111897468567
web_qinhuai_fuzimiao_01,Nanjing_scenic_web,web_qinhuai_fuzimiao_01,test,0.25,0.25,0.0,2026,9b13e2658bece918c849c7912dc629fe946877ebb0a1db144af390b80dc72ad2,fista_dct,27.351886168264492,0.7198295768978595,0.4044990260154009,0.025018053129315376
web_qinhuai_fuzimiao_01,Nanjing_scenic_web,web_qinhuai_fuzimiao_01,test,0.25,0.25,0.0,2026,9b13e2658bece918c849c7912dc629fe946877ebb0a1db144af390b80dc72ad2,hqs,34.03752161764065,0.982161006934166,0.32247645198367536,0.006922640837728977
web_qinhuai_fuzimiao_01,Nanjing_scenic_web,web_qinhuai_fuzimiao_01,test,0.25,0.25,0.0,2026,9b13e2658bece918c849c7912dc629fe946877ebb0a1db144af390b80dc72ad2,admm,34.027023281240005,0.9818537054023743,0.3173187399515882,0.0069783939979970455
web_qinhuai_fuzimiao_01,Nanjing_scenic_web,web_qinhuai_fuzimiao_01,test,0.25,0.25,0.0,2026,9b13e2658bece918c849c7912dc629fe946877ebb0a1db144af390b80dc72ad2,hqs_round1,34.159530225440534,0.9826790732116699,0.31713672599289566,0.00819668173789978
web_qinhuai_fuzimiao_01,Nanjing_scenic_web,web_qinhuai_fuzimiao_01,test,0.25,0.25,0.0,2026,9b13e2658bece918c849c7912dc629fe946877ebb0a1db144af390b80dc72ad2,hqs_5000,34.298661280421584,0.9828559953575134,0.31808465195354074,0.00834920909255743
web_qinhuai_fuzimiao_01,Nanjing_scenic_web,web_qinhuai_fuzimiao_01,test,0.25,0.25,0.0,2026,9b13e2658bece918c849c7912dc629fe946877ebb0a1db144af390b80dc72ad2,hqs_10000,34.292641873511165,0.9830221600036622,0.31801215501036495,0.008673205971717834
web_qinhuai_fuzimiao_01,Nanjing_scenic_web,web_qinhuai_fuzimiao_01,test,0.5,0.4998931884765625,0.0,2026,964a1d4281d0b92124d5b0857993013c93e969e8663fee2952414bbe37488d1e,adjoint,30.302889343291717,0.8331330732932091,0.0005700670881196856,0.019094038754701614
web_qinhuai_fuzimiao_01,Nanjing_scenic_web,web_qinhuai_fuzimiao_01,test,0.5,0.4998931884765625,0.0,2026,964a1d4281d0b92124d5b0857993013c93e969e8663fee2952414bbe37488d1e,fista_dct,30.573576965868963,0.8170201594767571,0.4290429080137983,0.01738530956208706
web_qinhuai_fuzimiao_01,Nanjing_scenic_web,web_qinhuai_fuzimiao_01,test,0.5,0.4998931884765625,0.0,2026,964a1d4281d0b92124d5b0857993013c93e969e8663fee2952414bbe37488d1e,hqs,39.655627017267435,0.9944084207353592,0.32117386895697564,0.004120649769902229
web_qinhuai_fuzimiao_01,Nanjing_scenic_web,web_qinhuai_fuzimiao_01,test,0.5,0.4998931884765625,0.0,2026,964a1d4281d0b92124d5b0857993013c93e969e8663fee2952414bbe37488d1e,admm,39.62166807379408,0.9943175456380844,0.3160031280713156,0.004462221637368202
web_qinhuai_fuzimiao_01,Nanjing_scenic_web,web_qinhuai_fuzimiao_01,test,0.5,0.4998931884765625,0.0,2026,964a1d4281d0b92124d5b0857993013c93e969e8663fee2952414bbe37488d1e,hqs_round1,39.80825682589512,0.9946404647283554,0.3209821979980916,0.005813654977828264
web_qinhuai_fuzimiao_01,Nanjing_scenic_web,web_qinhuai_fuzimiao_01,test,0.5,0.4998931884765625,0.0,2026,964a1d4281d0b92124d5b0857993013c93e969e8663fee2952414bbe37488d1e,hqs_5000,39.898769369590624,0.9946403971776963,0.3196393810212612,0.005351502913981676
web_qinhuai_fuzimiao_01,Nanjing_scenic_web,web_qinhuai_fuzimiao_01,test,0.5,0.4998931884765625,0.0,2026,964a1d4281d0b92124d5b0857993013c93e969e8663fee2952414bbe37488d1e,hqs_10000,40.02742237434947,0.9946985165615082,0.3159647680586204,0.005963515490293503
web_qinhuai_fuzimiao_01,Nanjing_scenic_web,web_qinhuai_fuzimiao_01,test,0.1,0.1001129150390625,0.01,2026,adc46f902f8731f3439cd350c32db07d5552de27a2c9e8d1b906a0c7c66cd9fe,adjoint,24.276472333113837,0.6263906250341423,0.0003281909739598632,0.03423546999692917
web_qinhuai_fuzimiao_01,Nanjing_scenic_web,web_qinhuai_fuzimiao_01,test,0.1,0.1001129150390625,0.01,2026,adc46f902f8731f3439cd350c32db07d5552de27a2c9e8d1b906a0c7c66cd9fe,fista_dct,24.676401278795332,0.6120786138466101,0.34822918800637126,0.03613715618848801
web_qinhuai_fuzimiao_01,Nanjing_scenic_web,web_qinhuai_fuzimiao_01,test,0.1,0.1001129150390625,0.01,2026,adc46f902f8731f3439cd350c32db07d5552de27a2c9e8d1b906a0c7c66cd9fe,hqs,29.020740428194305,0.9473880193676949,0.31646649597678334,0.00961275864392519
web_qinhuai_fuzimiao_01,Nanjing_scenic_web,web_qinhuai_fuzimiao_01,test,0.1,0.1001129150390625,0.01,2026,adc46f902f8731f3439cd350c32db07d5552de27a2c9e8d1b906a0c7c66cd9fe,admm,29.0700835132863,0.9481891829209328,0.316092980094254,0.010292856022715569
web_qinhuai_fuzimiao_01,Nanjing_scenic_web,web_qinhuai_fuzimiao_01,test,0.1,0.1001129150390625,0.01,2026,adc46f902f8731f3439cd350c32db07d5552de27a2c9e8d1b906a0c7c66cd9fe,hqs_round1,29.16028678838792,0.9490649755778313,0.3169521699892357,0.009921055287122726
web_qinhuai_fuzimiao_01,Nanjing_scenic_web,web_qinhuai_fuzimiao_01,test,0.1,0.1001129150390625,0.01,2026,adc46f902f8731f3439cd350c32db07d5552de27a2c9e8d1b906a0c7c66cd9fe,hqs_5000,29.27319452789494,0.949645841199398,0.31638421304523945,0.012715012766420841
web_qinhuai_fuzimiao_01,Nanjing_scenic_web,web_qinhuai_fuzimiao_01,test,0.1,0.1001129150390625,0.01,2026,adc46f902f8731f3439cd350c32db07d5552de27a2c9e8d1b906a0c7c66cd9fe,hqs_10000,29.236280837808017,0.9496649210944176,0.31600354600232095,0.011436191387474537
web_qinhuai_fuzimiao_01,Nanjing_scenic_web,web_qinhuai_fuzimiao_01,test,0.1,0.1001129150390625,0.01,2027,67432a2c37a0bd2f035ee31d91c8bbc11adbdef4aa5f303a00b3c1491e39e5b0,adjoint,24.277233200812187,0.6267283931460667,0.0002985280007123947,0.03425978124141693
web_qinhuai_fuzimiao_01,Nanjing_scenic_web,web_qinhuai_fuzimiao_01,test,0.1,0.1001129150390625,0.01,2027,67432a2c37a0bd2f035ee31d91c8bbc11adbdef4aa5f303a00b3c1491e39e5b0,fista_dct,24.695793195422134,0.6137223799263053,0.36488689098041505,0.03612751513719559
web_qinhuai_fuzimiao_01,Nanjing_scenic_web,web_qinhuai_fuzimiao_01,test,0.1,0.1001129150390625,0.01,2027,67432a2c37a0bd2f035ee31d91c8bbc11adbdef4aa5f303a00b3c1491e39e5b0,hqs,29.020746336788143,0.9473895757431984,0.3177513930713758,0.00956663303077221
web_qinhuai_fuzimiao_01,Nanjing_scenic_web,web_qinhuai_fuzimiao_01,test,0.1,0.1001129150390625,0.01,2027,67432a2c37a0bd2f035ee31d91c8bbc11adbdef4aa5f303a00b3c1491e39e5b0,admm,29.070028833868697,0.9481620978031159,0.3150711660273373,0.010231440886855125
web_qinhuai_fuzimiao_01,Nanjing_scenic_web,web_qinhuai_fuzimiao_01,test,0.1,0.1001129150390625,0.01,2027,67432a2c37a0bd2f035ee31d91c8bbc11adbdef4aa5f303a00b3c1491e39e5b0,hqs_round1,29.174031833825012,0.9491915397686959,0.31889730400871485,0.009898734278976917
web_qinhuai_fuzimiao_01,Nanjing_scenic_web,web_qinhuai_fuzimiao_01,test,0.1,0.1001129150390625,0.01,2027,67432a2c37a0bd2f035ee31d91c8bbc11adbdef4aa5f303a00b3c1491e39e5b0,hqs_5000,29.27948551601822,0.9496715813503266,0.3165426899213344,0.012598696164786816
web_qinhuai_fuzimiao_01,Nanjing_scenic_web,web_qinhuai_fuzimiao_01,test,0.1,0.1001129150390625,0.01,2027,67432a2c37a0bd2f035ee31d91c8bbc11adbdef4aa5f303a00b3c1491e39e5b0,hqs_10000,29.249704920532693,0.9498576202297211,0.31877460901159793,0.011561369523406029
web_qinhuai_fuzimiao_01,Nanjing_scenic_web,web_qinhuai_fuzimiao_01,test,0.1,0.1001129150390625,0.01,2028,4e867e09bdbd0622b1ee4cfa47005a737633ecd947639f9c0819e7a5a3bb4dbb,adjoint,24.27691744833249,0.6265079277251964,0.00026717293076217175,0.0342344269156456
web_qinhuai_fuzimiao_01,Nanjing_scenic_web,web_qinhuai_fuzimiao_01,test,0.1,0.1001129150390625,0.01,2028,4e867e09bdbd0622b1ee4cfa47005a737633ecd947639f9c0819e7a5a3bb4dbb,fista_dct,24.700880418258198,0.6124197200616426,0.3484099230263382,0.03640974685549736
web_qinhuai_fuzimiao_01,Nanjing_scenic_web,web_qinhuai_fuzimiao_01,test,0.1,0.1001129150390625,0.01,2028,4e867e09bdbd0622b1ee4cfa47005a737633ecd947639f9c0819e7a5a3bb4dbb,hqs,29.071683057930635,0.9476861204710006,0.31714053999166936,0.009591515175998211
web_qinhuai_fuzimiao_01,Nanjing_scenic_web,web_qinhuai_fuzimiao_01,test,0.1,0.1001129150390625,0.01,2028,4e867e09bdbd0622b1ee4cfa47005a737633ecd947639f9c0819e7a5a3bb4dbb,admm,29.100651862340314,0.948265277123928,0.31719028402585536,0.010237506590783596
web_qinhuai_fuzimiao_01,Nanjing_scenic_web,web_qinhuai_fuzimiao_01,test,0.1,0.1001129150390625,0.01,2028,4e867e09bdbd0622b1ee4cfa47005a737633ecd947639f9c0819e7a5a3bb4dbb,hqs_round1,29.19855620715302,0.9492861908044815,0.3155689410632476,0.00984974019229412
web_qinhuai_fuzimiao_01,Nanjing_scenic_web,web_qinhuai_fuzimiao_01,test,0.1,0.1001129150390625,0.01,2028,4e867e09bdbd0622b1ee4cfa47005a737633ecd947639f9c0819e7a5a3bb4dbb,hqs_5000,29.311659771047903,0.9497830737552643,0.3186981559265405,0.01249744649976492
web_qinhuai_fuzimiao_01,Nanjing_scenic_web,web_qinhuai_fuzimiao_01,test,0.1,0.1001129150390625,0.01,2028,4e867e09bdbd0622b1ee4cfa47005a737633ecd947639f9c0819e7a5a3bb4dbb,hqs_10000,29.28371072905453,0.9498710561265945,0.31610705400817096,0.011491413228213787
web_qinhuai_fuzimiao_01,Nanjing_scenic_web,web_qinhuai_fuzimiao_01,test,0.1,0.1001129150390625,0.05,2026,ae1007f8d93f0d74e1d66d6485d5ec57f0df51414884e61d6f8049cfbc9e39d9,adjoint,24.190771992482446,0.6084587453083473,0.00028820906300097704,0.03712678328156471
web_qinhuai_fuzimiao_01,Nanjing_scenic_web,web_qinhuai_fuzimiao_01,test,0.1,0.1001129150390625,0.05,2026,ae1007f8d93f0d74e1d66d6485d5ec57f0df51414884e61d6f8049cfbc9e39d9,fista_dct,24.526807266461205,0.5891165121323317,0.36276307492516935,0.040787454694509506
web_qinhuai_fuzimiao_01,Nanjing_scenic_web,web_qinhuai_fuzimiao_01,test,0.1,0.1001129150390625,0.05,2026,ae1007f8d93f0d74e1d66d6485d5ec57f0df51414884e61d6f8049cfbc9e39d9,hqs,27.96801548127904,0.9013150420238971,0.3218115499475971,0.012044377624988556
web_qinhuai_fuzimiao_01,Nanjing_scenic_web,web_qinhuai_fuzimiao_01,test,0.1,0.1001129150390625,0.05,2026,ae1007f8d93f0d74e1d66d6485d5ec57f0df51414884e61d6f8049cfbc9e39d9,admm,28.12935871364692,0.9123601471867562,0.31492176407482475,0.01621427945792675
web_qinhuai_fuzimiao_01,Nanjing_scenic_web,web_qinhuai_fuzimiao_01,test,0.1,0.1001129150390625,0.05,2026,ae1007f8d93f0d74e1d66d6485d5ec57f0df51414884e61d6f8049cfbc9e39d9,hqs_round1,27.947848393866582,0.9065260731930733,0.3156547510297969,0.012791115790605545
web_qinhuai_fuzimiao_01,Nanjing_scenic_web,web_qinhuai_fuzimiao_01,test,0.1,0.1001129150390625,0.05,2026,ae1007f8d93f0d74e1d66d6485d5ec57f0df51414884e61d6f8049cfbc9e39d9,hqs_5000,28.197020886990085,0.9268894726102352,0.3209421579958871,0.044505707919597626
web_qinhuai_fuzimiao_01,Nanjing_scenic_web,web_qinhuai_fuzimiao_01,test,0.1,0.1001129150390625,0.05,2026,ae1007f8d93f0d74e1d66d6485d5ec57f0df51414884e61d6f8049cfbc9e39d9,hqs_10000,28.179849698743826,0.9309159279823304,0.3151289289817214,0.03943103551864624
web_qinhuai_fuzimiao_01,Nanjing_scenic_web,web_qinhuai_fuzimiao_01,test,0.1,0.1001129150390625,0.05,2027,6ebd9c452042c87d8fcea34a397d0d5ee1e96c6e3a51127dcf1a424bf3e399ae,adjoint,24.195660697842143,0.6106431971335616,0.00024878804106265306,0.03728252649307251
web_qinhuai_fuzimiao_01,Nanjing_scenic_web,web_qinhuai_fuzimiao_01,test,0.1,0.1001129150390625,0.05,2027,6ebd9c452042c87d8fcea34a397d0d5ee1e96c6e3a51127dcf1a424bf3e399ae,fista_dct,24.514237608536327,0.5884237937789895,0.4129300359636545,0.041299786418676376
web_qinhuai_fuzimiao_01,Nanjing_scenic_web,web_qinhuai_fuzimiao_01,test,0.1,0.1001129150390625,0.05,2027,6ebd9c452042c87d8fcea34a397d0d5ee1e96c6e3a51127dcf1a424bf3e399ae,hqs,27.963389631502608,0.9018350203478336,0.32942740991711617,0.012128518894314766
web_qinhuai_fuzimiao_01,Nanjing_scenic_web,web_qinhuai_fuzimiao_01,test,0.1,0.1001129150390625,0.05,2027,6ebd9c452042c87d8fcea34a397d0d5ee1e96c6e3a51127dcf1a424bf3e399ae,admm,28.106495098696634,0.911141317663908,0.32835761294700205,0.015398726798593998
web_qinhuai_fuzimiao_01,Nanjing_scenic_web,web_qinhuai_fuzimiao_01,test,0.1,0.1001129150390625,0.05,2027,6ebd9c452042c87d8fcea34a397d0d5ee1e96c6e3a51127dcf1a424bf3e399ae,hqs_round1,27.916006785301406,0.9070612544481754,0.32544831198174506,0.012713034637272358
web_qinhuai_fuzimiao_01,Nanjing_scenic_web,web_qinhuai_fuzimiao_01,test,0.1,0.1001129150390625,0.05,2027,6ebd9c452042c87d8fcea34a397d0d5ee1e96c6e3a51127dcf1a424bf3e399ae,hqs_5000,28.219503181500357,0.9279769613652229,0.3187508649425581,0.04283059760928154
web_qinhuai_fuzimiao_01,Nanjing_scenic_web,web_qinhuai_fuzimiao_01,test,0.1,0.1001129150390625,0.05,2027,6ebd9c452042c87d8fcea34a397d0d5ee1e96c6e3a51127dcf1a424bf3e399ae,hqs_10000,28.22129157196809,0.9315567186164856,0.3220153619768098,0.03832168132066727
web_qinhuai_fuzimiao_01,Nanjing_scenic_web,web_qinhuai_fuzimiao_01,test,0.1,0.1001129150390625,0.05,2028,c7bf0c0d723f4253d3dd9b10d4f9a4f23cad9a607ffbbb47643cbae16df9cd51,adjoint,24.196469112902292,0.6094248588108663,0.00034239806700497866,0.037041082978248596
web_qinhuai_fuzimiao_01,Nanjing_scenic_web,web_qinhuai_fuzimiao_01,test,0.1,0.1001129150390625,0.05,2028,c7bf0c0d723f4253d3dd9b10d4f9a4f23cad9a607ffbbb47643cbae16df9cd51,fista_dct,24.570761026505146,0.5922775084498683,0.37266950495541096,0.04112352058291435
web_qinhuai_fuzimiao_01,Nanjing_scenic_web,web_qinhuai_fuzimiao_01,test,0.1,0.1001129150390625,0.05,2028,c7bf0c0d723f4253d3dd9b10d4f9a4f23cad9a607ffbbb47643cbae16df9cd51,hqs,28.094371215845044,0.9023852408857346,0.3417003359645605,0.012057139538228512
web_qinhuai_fuzimiao_01,Nanjing_scenic_web,web_qinhuai_fuzimiao_01,test,0.1,0.1001129150390625,0.05,2028,c7bf0c0d723f4253d3dd9b10d4f9a4f23cad9a607ffbbb47643cbae16df9cd51,admm,28.24490178108231,0.9131905154433251,0.32027014100458473,0.015854744240641594
web_qinhuai_fuzimiao_01,Nanjing_scenic_web,web_qinhuai_fuzimiao_01,test,0.1,0.1001129150390625,0.05,2028,c7bf0c0d723f4253d3dd9b10d4f9a4f23cad9a607ffbbb47643cbae16df9cd51,hqs_round1,28.07107349904785,0.9071936126928329,0.3268734959419817,0.012826564721763134
web_qinhuai_fuzimiao_01,Nanjing_scenic_web,web_qinhuai_fuzimiao_01,test,0.1,0.1001129150390625,0.05,2028,c7bf0c0d723f4253d3dd9b10d4f9a4f23cad9a607ffbbb47643cbae16df9cd51,hqs_5000,28.333680858280886,0.9292930835227966,0.32398324098903686,0.04302985593676567
web_qinhuai_fuzimiao_01,Nanjing_scenic_web,web_qinhuai_fuzimiao_01,test,0.1,0.1001129150390625,0.05,2028,c7bf0c0d723f4253d3dd9b10d4f9a4f23cad9a607ffbbb47643cbae16df9cd51,hqs_10000,28.3341021394422,0.9324411641290188,0.32675935502629727,0.03806796297430992
web_qinhuai_fuzimiao_02,Nanjing_scenic_web,web_qinhuai_fuzimiao_02,test,0.01,0.01031494140625,0.0,2026,c71181a7d6eefb76beefcac8ed88d4f65ec622bbb910a12cc275f26ca4237da4,adjoint,20.288532421142,0.4686171938861595,0.0001623269636183977,0.026389094069600105
web_qinhuai_fuzimiao_02,Nanjing_scenic_web,web_qinhuai_fuzimiao_02,test,0.01,0.01031494140625,0.0,2026,c71181a7d6eefb76beefcac8ed88d4f65ec622bbb910a12cc275f26ca4237da4,fista_dct,20.27137318898445,0.47053780434359943,0.3349421600578353,0.03535516932606697
web_qinhuai_fuzimiao_02,Nanjing_scenic_web,web_qinhuai_fuzimiao_02,test,0.01,0.01031494140625,0.0,2026,c71181a7d6eefb76beefcac8ed88d4f65ec622bbb910a12cc275f26ca4237da4,hqs,22.144751003307654,0.725767937365026,0.31715584092307836,0.011138929054141045
web_qinhuai_fuzimiao_02,Nanjing_scenic_web,web_qinhuai_fuzimiao_02,test,0.01,0.01031494140625,0.0,2026,c71181a7d6eefb76beefcac8ed88d4f65ec622bbb910a12cc275f26ca4237da4,admm,22.14195067030723,0.7240600239023693,0.3177883049938828,0.014064433053135872
web_qinhuai_fuzimiao_02,Nanjing_scenic_web,web_qinhuai_fuzimiao_02,test,0.01,0.01031494140625,0.0,2026,c71181a7d6eefb76beefcac8ed88d4f65ec622bbb910a12cc275f26ca4237da4,hqs_round1,22.160089217470382,0.7255821657231616,0.31830378202721477,0.010466686449944973
web_qinhuai_fuzimiao_02,Nanjing_scenic_web,web_qinhuai_fuzimiao_02,test,0.01,0.01031494140625,0.0,2026,c71181a7d6eefb76beefcac8ed88d4f65ec622bbb910a12cc275f26ca4237da4,hqs_5000,22.206856114290353,0.7296767644623197,0.3275614259764552,0.016104592010378838
web_qinhuai_fuzimiao_02,Nanjing_scenic_web,web_qinhuai_fuzimiao_02,test,0.01,0.01031494140625,0.0,2026,c71181a7d6eefb76beefcac8ed88d4f65ec622bbb910a12cc275f26ca4237da4,hqs_10000,22.217265011713057,0.7317276079638199,0.32476092502474785,0.014173336327075958
web_qinhuai_fuzimiao_02,Nanjing_scenic_web,web_qinhuai_fuzimiao_02,test,0.04,0.041259765625,0.0,2026,9e383035af532f781149af81440c3e0568eef7aceba536f9d02c164cef869bd8,adjoint,22.57799569148641,0.5356145445762156,0.0002867679577320814,0.033491455018520355
web_qinhuai_fuzimiao_02,Nanjing_scenic_web,web_qinhuai_fuzimiao_02,test,0.04,0.041259765625,0.0,2026,9e383035af532f781149af81440c3e0568eef7aceba536f9d02c164cef869bd8,fista_dct,22.490710756163374,0.5082974062342729,0.34385433804709464,0.04229987412691116
web_qinhuai_fuzimiao_02,Nanjing_scenic_web,web_qinhuai_fuzimiao_02,test,0.04,0.041259765625,0.0,2026,9e383035af532f781149af81440c3e0568eef7aceba536f9d02c164cef869bd8,hqs,26.8819716297152,0.8768924146857857,0.33281748299486935,0.010394490323960781
web_qinhuai_fuzimiao_02,Nanjing_scenic_web,web_qinhuai_fuzimiao_02,test,0.04,0.041259765625,0.0,2026,9e383035af532f781149af81440c3e0568eef7aceba536f9d02c164cef869bd8,admm,26.902777389188056,0.8744329933620794,0.33170486404560506,0.011554796248674393
web_qinhuai_fuzimiao_02,Nanjing_scenic_web,web_qinhuai_fuzimiao_02,test,0.04,0.041259765625,0.0,2026,9e383035af532f781149af81440c3e0568eef7aceba536f9d02c164cef869bd8,hqs_round1,26.959001048498333,0.8778064885551036,0.3199131820583716,0.010019034147262573
web_qinhuai_fuzimiao_02,Nanjing_scenic_web,web_qinhuai_fuzimiao_02,test,0.04,0.041259765625,0.0,2026,9e383035af532f781149af81440c3e0568eef7aceba536f9d02c164cef869bd8,hqs_5000,27.04214336561649,0.8776948228487372,0.3209376659942791,0.012539341114461422
web_qinhuai_fuzimiao_02,Nanjing_scenic_web,web_qinhuai_fuzimiao_02,test,0.04,0.041259765625,0.0,2026,9e383035af532f781149af81440c3e0568eef7aceba536f9d02c164cef869bd8,hqs_10000,27.008608429338288,0.8780426052355962,0.32563329208642244,0.011307700537145138
web_qinhuai_fuzimiao_02,Nanjing_scenic_web,web_qinhuai_fuzimiao_02,test,0.1,0.1001129150390625,0.0,2026,c38835f3bc1f80357d7cbd8b218ec91164ec5945a1632ad357d5975dbba8450a,adjoint,24.511280552441697,0.6122862180906795,0.0004846110241487622,0.02831878326833248
web_qinhuai_fuzimiao_02,Nanjing_scenic_web,web_qinhuai_fuzimiao_02,test,0.1,0.1001129150390625,0.0,2026,c38835f3bc1f80357d7cbd8b218ec91164ec5945a1632ad357d5975dbba8450a,fista_dct,24.775619358283656,0.6089034071862217,0.38385816605295986,0.029279299080371857
web_qinhuai_fuzimiao_02,Nanjing_scenic_web,web_qinhuai_fuzimiao_02,test,0.1,0.1001129150390625,0.0,2026,c38835f3bc1f80357d7cbd8b218ec91164ec5945a1632ad357d5975dbba8450a,hqs,30.279784603840024,0.9363928317093849,0.326892564073205,0.008427397347986698
web_qinhuai_fuzimiao_02,Nanjing_scenic_web,web_qinhuai_fuzimiao_02,test,0.1,0.1001129150390625,0.0,2026,c38835f3bc1f80357d7cbd8b218ec91164ec5945a1632ad357d5975dbba8450a,admm,30.313426965994537,0.9355682155704498,0.32310121308546513,0.009391019120812416
web_qinhuai_fuzimiao_02,Nanjing_scenic_web,web_qinhuai_fuzimiao_02,test,0.1,0.1001129150390625,0.0,2026,c38835f3bc1f80357d7cbd8b218ec91164ec5945a1632ad357d5975dbba8450a,hqs_round1,30.415188118457674,0.9373294828510285,0.321883087977767,0.008542158640921116
web_qinhuai_fuzimiao_02,Nanjing_scenic_web,web_qinhuai_fuzimiao_02,test,0.1,0.1001129150390625,0.0,2026,c38835f3bc1f80357d7cbd8b218ec91164ec5945a1632ad357d5975dbba8450a,hqs_5000,30.581714749693827,0.9379853978881836,0.319064898067154,0.00898750964552164
web_qinhuai_fuzimiao_02,Nanjing_scenic_web,web_qinhuai_fuzimiao_02,test,0.1,0.1001129150390625,0.0,2026,c38835f3bc1f80357d7cbd8b218ec91164ec5945a1632ad357d5975dbba8450a,hqs_10000,30.567944666762212,0.9381878462691307,0.32082531799096614,0.008398806676268578
web_qinhuai_fuzimiao_02,Nanjing_scenic_web,web_qinhuai_fuzimiao_02,test,0.25,0.25,0.0,2026,cbf7fbfc4d679f893b477d8c4e6e1923ffb570f2c94c83f15da6938ae9917735,adjoint,27.34767087344978,0.7218412933306694,0.0004015130689367652,0.01942627690732479
web_qinhuai_fuzimiao_02,Nanjing_scenic_web,web_qinhuai_fuzimiao_02,test,0.25,0.25,0.0,2026,cbf7fbfc4d679f893b477d8c4e6e1923ffb570f2c94c83f15da6938ae9917735,fista_dct,27.688521795520074,0.7200950297374725,0.4125421679345891,0.01911306567490101
web_qinhuai_fuzimiao_02,Nanjing_scenic_web,web_qinhuai_fuzimiao_02,test,0.25,0.25,0.0,2026,cbf7fbfc4d679f893b477d8c4e6e1923ffb570f2c94c83f15da6938ae9917735,hqs,35.79125260444528,0.9775249547100067,0.32352863904088736,0.005418197251856327
web_qinhuai_fuzimiao_02,Nanjing_scenic_web,web_qinhuai_fuzimiao_02,test,0.25,0.25,0.0,2026,cbf7fbfc4d679f893b477d8c4e6e1923ffb570f2c94c83f15da6938ae9917735,admm,35.78067516692379,0.9772793604431153,0.32220587006304413,0.0054952045902609825
web_qinhuai_fuzimiao_02,Nanjing_scenic_web,web_qinhuai_fuzimiao_02,test,0.25,0.25,0.0,2026,cbf7fbfc4d679f893b477d8c4e6e1923ffb570f2c94c83f15da6938ae9917735,hqs_round1,36.055135457362695,0.978369583861351,0.32386691600549966,0.006211551371961832
web_qinhuai_fuzimiao_02,Nanjing_scenic_web,web_qinhuai_fuzimiao_02,test,0.25,0.25,0.0,2026,cbf7fbfc4d679f893b477d8c4e6e1923ffb570f2c94c83f15da6938ae9917735,hqs_5000,36.15385169572586,0.9781361417913437,0.3196095160674304,0.007315951865166426
web_qinhuai_fuzimiao_02,Nanjing_scenic_web,web_qinhuai_fuzimiao_02,test,0.25,0.25,0.0,2026,cbf7fbfc4d679f893b477d8c4e6e1923ffb570f2c94c83f15da6938ae9917735,hqs_10000,36.19069114187754,0.978432763496399,0.32173864101059735,0.007155303843319416
web_qinhuai_fuzimiao_02,Nanjing_scenic_web,web_qinhuai_fuzimiao_02,test,0.5,0.4998931884765625,0.0,2026,a144e56ed26fa922b303168d05197d176769fa2ab2e0f11a31df6fd36f5b7758,adjoint,30.960014297097867,0.8284972934083938,0.0005954549415037036,0.012492716312408447
web_qinhuai_fuzimiao_02,Nanjing_scenic_web,web_qinhuai_fuzimiao_02,test,0.5,0.4998931884765625,0.0,2026,a144e56ed26fa922b303168d05197d176769fa2ab2e0f11a31df6fd36f5b7758,fista_dct,31.288840657988864,0.8301027997794151,0.4779670039424673,0.01122639887034893
web_qinhuai_fuzimiao_02,Nanjing_scenic_web,web_qinhuai_fuzimiao_02,test,0.5,0.4998931884765625,0.0,2026,a144e56ed26fa922b303168d05197d176769fa2ab2e0f11a31df6fd36f5b7758,hqs,43.01775025572289,0.9945399556512833,0.32243140891660005,0.004098157864063978
web_qinhuai_fuzimiao_02,Nanjing_scenic_web,web_qinhuai_fuzimiao_02,test,0.5,0.4998931884765625,0.0,2026,a144e56ed26fa922b303168d05197d176769fa2ab2e0f11a31df6fd36f5b7758,admm,42.98697548086675,0.9944686925735473,0.320343011058867,0.0038141144905239344
web_qinhuai_fuzimiao_02,Nanjing_scenic_web,web_qinhuai_fuzimiao_02,test,0.5,0.4998931884765625,0.0,2026,a144e56ed26fa922b303168d05197d176769fa2ab2e0f11a31df6fd36f5b7758,hqs_round1,43.15216886530857,0.9946272258844375,0.32190779701340944,0.006483924575150013
web_qinhuai_fuzimiao_02,Nanjing_scenic_web,web_qinhuai_fuzimiao_02,test,0.5,0.4998931884765625,0.0,2026,a144e56ed26fa922b303168d05197d176769fa2ab2e0f11a31df6fd36f5b7758,hqs_5000,43.230020669400766,0.9945538460073471,0.3244720589136705,0.006170256994664669
web_qinhuai_fuzimiao_02,Nanjing_scenic_web,web_qinhuai_fuzimiao_02,test,0.5,0.4998931884765625,0.0,2026,a144e56ed26fa922b303168d05197d176769fa2ab2e0f11a31df6fd36f5b7758,hqs_10000,43.507226880890514,0.9947192230300903,0.3220807210309431,0.005270715802907944
web_qinhuai_fuzimiao_02,Nanjing_scenic_web,web_qinhuai_fuzimiao_02,test,0.1,0.1001129150390625,0.01,2026,96e7d4e69e0925dd09b63d5d44b5a4f0fcb4eab364fcf8da0b71527c1410f37e,adjoint,24.507430968127455,0.6117207565010935,0.0003228830173611641,0.028484802693128586
web_qinhuai_fuzimiao_02,Nanjing_scenic_web,web_qinhuai_fuzimiao_02,test,0.1,0.1001129150390625,0.01,2026,96e7d4e69e0925dd09b63d5d44b5a4f0fcb4eab364fcf8da0b71527c1410f37e,fista_dct,24.76245299044298,0.6082035654150304,0.39115326502360404,0.029338505119085312
web_qinhuai_fuzimiao_02,Nanjing_scenic_web,web_qinhuai_fuzimiao_02,test,0.1,0.1001129150390625,0.01,2026,96e7d4e69e0925dd09b63d5d44b5a4f0fcb4eab364fcf8da0b71527c1410f37e,hqs,30.135648971674883,0.9338182052764893,0.32117129710968584,0.008388622663915157
web_qinhuai_fuzimiao_02,Nanjing_scenic_web,web_qinhuai_fuzimiao_02,test,0.1,0.1001129150390625,0.01,2026,96e7d4e69e0925dd09b63d5d44b5a4f0fcb4eab364fcf8da0b71527c1410f37e,admm,30.19646301025848,0.933746274677515,0.32364311593119055,0.00962630845606327
web_qinhuai_fuzimiao_02,Nanjing_scenic_web,web_qinhuai_fuzimiao_02,test,0.1,0.1001129150390625,0.01,2026,96e7d4e69e0925dd09b63d5d44b5a4f0fcb4eab364fcf8da0b71527c1410f37e,hqs_round1,30.27108645771175,0.9345493125271798,0.3198496400145814,0.008353747427463531
web_qinhuai_fuzimiao_02,Nanjing_scenic_web,web_qinhuai_fuzimiao_02,test,0.1,0.1001129150390625,0.01,2026,96e7d4e69e0925dd09b63d5d44b5a4f0fcb4eab364fcf8da0b71527c1410f37e,hqs_5000,30.40792079003851,0.9347282655622959,0.31892926699947566,0.010075525380671024
web_qinhuai_fuzimiao_02,Nanjing_scenic_web,web_qinhuai_fuzimiao_02,test,0.1,0.1001129150390625,0.01,2026,96e7d4e69e0925dd09b63d5d44b5a4f0fcb4eab364fcf8da0b71527c1410f37e,hqs_10000,30.389283182191388,0.9348934500460625,0.32205740199424326,0.008908537216484547
web_qinhuai_fuzimiao_02,Nanjing_scenic_web,web_qinhuai_fuzimiao_02,test,0.1,0.1001129150390625,0.01,2027,ae3432c32cbd1063744bdb719abb091b5f0f1c0a4f5c5e598cdb735ad5e75bc1,adjoint,24.507816739130142,0.6112254200934358,0.00027232803404331207,0.028447242453694344
web_qinhuai_fuzimiao_02,Nanjing_scenic_web,web_qinhuai_fuzimiao_02,test,0.1,0.1001129150390625,0.01,2027,ae3432c32cbd1063744bdb719abb091b5f0f1c0a4f5c5e598cdb735ad5e75bc1,fista_dct,24.77108943215576,0.6082839873070494,0.38706408301368356,0.02957291156053543
web_qinhuai_fuzimiao_02,Nanjing_scenic_web,web_qinhuai_fuzimiao_02,test,0.1,0.1001129150390625,0.01,2027,ae3432c32cbd1063744bdb719abb091b5f0f1c0a4f5c5e598cdb735ad5e75bc1,hqs,30.14799617190395,0.9335722596201896,0.32284872594755143,0.008267718367278576
web_qinhuai_fuzimiao_02,Nanjing_scenic_web,web_qinhuai_fuzimiao_02,test,0.1,0.1001129150390625,0.01,2027,ae3432c32cbd1063744bdb719abb091b5f0f1c0a4f5c5e598cdb735ad5e75bc1,admm,30.19054637741155,0.9334870890944004,0.31967460503801703,0.009624455124139786
web_qinhuai_fuzimiao_02,Nanjing_scenic_web,web_qinhuai_fuzimiao_02,test,0.1,0.1001129150390625,0.01,2027,ae3432c32cbd1063744bdb719abb091b5f0f1c0a4f5c5e598cdb735ad5e75bc1,hqs_round1,30.27379835409676,0.934478347489357,0.3597246379358694,0.008267989382147789
web_qinhuai_fuzimiao_02,Nanjing_scenic_web,web_qinhuai_fuzimiao_02,test,0.1,0.1001129150390625,0.01,2027,ae3432c32cbd1063744bdb719abb091b5f0f1c0a4f5c5e598cdb735ad5e75bc1,hqs_5000,30.408399447552647,0.9345998544411659,0.3312520630424842,0.009866070933640003
web_qinhuai_fuzimiao_02,Nanjing_scenic_web,web_qinhuai_fuzimiao_02,test,0.1,0.1001129150390625,0.01,2027,ae3432c32cbd1063744bdb719abb091b5f0f1c0a4f5c5e598cdb735ad5e75bc1,hqs_10000,30.40275480285746,0.9347764369945526,0.3220143240178004,0.008836217224597931
web_qinhuai_fuzimiao_02,Nanjing_scenic_web,web_qinhuai_fuzimiao_02,test,0.1,0.1001129150390625,0.01,2028,9d6e283b69d18ebe412dddb61f6e50e4d3920acccfa1997450b2f5f12a63c552,adjoint,24.506376425433114,0.6117756318548666,0.0002419769298285246,0.02844124287366867
web_qinhuai_fuzimiao_02,Nanjing_scenic_web,web_qinhuai_fuzimiao_02,test,0.1,0.1001129150390625,0.01,2028,9d6e283b69d18ebe412dddb61f6e50e4d3920acccfa1997450b2f5f12a63c552,fista_dct,24.770504906628013,0.6079905953519121,0.38478720700368285,0.029587063938379288
web_qinhuai_fuzimiao_02,Nanjing_scenic_web,web_qinhuai_fuzimiao_02,test,0.1,0.1001129150390625,0.01,2028,9d6e283b69d18ebe412dddb61f6e50e4d3920acccfa1997450b2f5f12a63c552,hqs,30.126385126372305,0.9333946076960563,0.3205584599636495,0.008354643359780312
web_qinhuai_fuzimiao_02,Nanjing_scenic_web,web_qinhuai_fuzimiao_02,test,0.1,0.1001129150390625,0.01,2028,9d6e283b69d18ebe412dddb61f6e50e4d3920acccfa1997450b2f5f12a63c552,admm,30.201379822497593,0.9333933606917858,0.3214088239474222,0.009775267913937569
web_qinhuai_fuzimiao_02,Nanjing_scenic_web,web_qinhuai_fuzimiao_02,test,0.1,0.1001129150390625,0.01,2028,9d6e283b69d18ebe412dddb61f6e50e4d3920acccfa1997450b2f5f12a63c552,hqs_round1,30.267679235404252,0.9342589914484024,0.32217265688814223,0.00833984650671482
web_qinhuai_fuzimiao_02,Nanjing_scenic_web,web_qinhuai_fuzimiao_02,test,0.1,0.1001129150390625,0.01,2028,9d6e283b69d18ebe412dddb61f6e50e4d3920acccfa1997450b2f5f12a63c552,hqs_5000,30.40695348740204,0.9343690699031353,0.33264331810642034,0.009911367669701576
web_qinhuai_fuzimiao_02,Nanjing_scenic_web,web_qinhuai_fuzimiao_02,test,0.1,0.1001129150390625,0.01,2028,9d6e283b69d18ebe412dddb61f6e50e4d3920acccfa1997450b2f5f12a63c552,hqs_10000,30.391729700060424,0.9345262891318799,0.3231937700184062,0.008812914602458477
web_qinhuai_fuzimiao_02,Nanjing_scenic_web,web_qinhuai_fuzimiao_02,test,0.1,0.1001129150390625,0.05,2026,e538c478f768d6ce27eb24f3f0c4ce0defcdda746aee8abb8921b62036a84b0c,adjoint,24.402176997549,0.5962827650887482,0.00032581097912043333,0.031058847904205322
web_qinhuai_fuzimiao_02,Nanjing_scenic_web,web_qinhuai_fuzimiao_02,test,0.1,0.1001129150390625,0.05,2026,e538c478f768d6ce27eb24f3f0c4ce0defcdda746aee8abb8921b62036a84b0c,fista_dct,24.588807360405585,0.5886153768391609,0.37859196797944605,0.03375193849205971
web_qinhuai_fuzimiao_02,Nanjing_scenic_web,web_qinhuai_fuzimiao_02,test,0.1,0.1001129150390625,0.05,2026,e538c478f768d6ce27eb24f3f0c4ce0defcdda746aee8abb8921b62036a84b0c,hqs,28.614996717017963,0.8766323418405056,0.3259391989558935,0.008560137823224068
web_qinhuai_fuzimiao_02,Nanjing_scenic_web,web_qinhuai_fuzimiao_02,test,0.1,0.1001129150390625,0.05,2026,e538c478f768d6ce27eb24f3f0c4ce0defcdda746aee8abb8921b62036a84b0c,admm,28.80381185763596,0.887771391045332,0.32031393807847053,0.012365931645035744
web_qinhuai_fuzimiao_02,Nanjing_scenic_web,web_qinhuai_fuzimiao_02,test,0.1,0.1001129150390625,0.05,2026,e538c478f768d6ce27eb24f3f0c4ce0defcdda746aee8abb8921b62036a84b0c,hqs_round1,28.55420099816646,0.879346626171887,0.3199619440129027,0.008569969795644283
web_qinhuai_fuzimiao_02,Nanjing_scenic_web,web_qinhuai_fuzimiao_02,test,0.1,0.1001129150390625,0.05,2026,e538c478f768d6ce27eb24f3f0c4ce0defcdda746aee8abb8921b62036a84b0c,hqs_5000,29.004830501273048,0.9007090939303637,0.3225473329657689,0.04113563895225525
web_qinhuai_fuzimiao_02,Nanjing_scenic_web,web_qinhuai_fuzimiao_02,test,0.1,0.1001129150390625,0.05,2026,e538c478f768d6ce27eb24f3f0c4ce0defcdda746aee8abb8921b62036a84b0c,hqs_10000,29.048496304577544,0.9050519704178571,0.3196469710674137,0.03419775888323784
web_qinhuai_fuzimiao_02,Nanjing_scenic_web,web_qinhuai_fuzimiao_02,test,0.1,0.1001129150390625,0.05,2027,70908e18f3c0191424454fd6375840adf9dc497ca5b9c930e58a6a4977c7ea32,adjoint,24.406800901833343,0.5941406179705835,0.0003327149897813797,0.03096218779683113
web_qinhuai_fuzimiao_02,Nanjing_scenic_web,web_qinhuai_fuzimiao_02,test,0.1,0.1001129150390625,0.05,2027,70908e18f3c0191424454fd6375840adf9dc497ca5b9c930e58a6a4977c7ea32,fista_dct,24.620168859076095,0.5866365850303834,0.38388977001886815,0.0340862050652504
web_qinhuai_fuzimiao_02,Nanjing_scenic_web,web_qinhuai_fuzimiao_02,test,0.1,0.1001129150390625,0.05,2027,70908e18f3c0191424454fd6375840adf9dc497ca5b9c930e58a6a4977c7ea32,hqs,28.60331890920577,0.8759686796901226,0.3224893019068986,0.008875557221472263
web_qinhuai_fuzimiao_02,Nanjing_scenic_web,web_qinhuai_fuzimiao_02,test,0.1,0.1001129150390625,0.05,2027,70908e18f3c0191424454fd6375840adf9dc497ca5b9c930e58a6a4977c7ea32,admm,28.8083773653091,0.8863659640893936,0.3215038039488718,0.01268362533301115
web_qinhuai_fuzimiao_02,Nanjing_scenic_web,web_qinhuai_fuzimiao_02,test,0.1,0.1001129150390625,0.05,2027,70908e18f3c0191424454fd6375840adf9dc497ca5b9c930e58a6a4977c7ea32,hqs_round1,28.505243956669748,0.8779295560483933,0.32461502705700696,0.008907509967684746
web_qinhuai_fuzimiao_02,Nanjing_scenic_web,web_qinhuai_fuzimiao_02,test,0.1,0.1001129150390625,0.05,2027,70908e18f3c0191424454fd6375840adf9dc497ca5b9c930e58a6a4977c7ea32,hqs_5000,28.982559972210954,0.9024855380425453,0.32050114299636334,0.04133250564336777
web_qinhuai_fuzimiao_02,Nanjing_scenic_web,web_qinhuai_fuzimiao_02,test,0.1,0.1001129150390625,0.05,2027,70908e18f3c0191424454fd6375840adf9dc497ca5b9c930e58a6a4977c7ea32,hqs_10000,29.02771231395168,0.9056165762681961,0.3190092840231955,0.03516778349876404
web_qinhuai_fuzimiao_02,Nanjing_scenic_web,web_qinhuai_fuzimiao_02,test,0.1,0.1001129150390625,0.05,2028,4cdc7fb68d84675ba9aceabfee23fea3146efd99634d3b7bf06c202babf7f693,adjoint,24.3969248899314,0.5964259005223187,0.000265452079474926,0.030806249007582664
web_qinhuai_fuzimiao_02,Nanjing_scenic_web,web_qinhuai_fuzimiao_02,test,0.1,0.1001129150390625,0.05,2028,4cdc7fb68d84675ba9aceabfee23fea3146efd99634d3b7bf06c202babf7f693,fista_dct,24.564643766843574,0.5870210343014735,0.38223610003478825,0.03417133539915085
web_qinhuai_fuzimiao_02,Nanjing_scenic_web,web_qinhuai_fuzimiao_02,test,0.1,0.1001129150390625,0.05,2028,4cdc7fb68d84675ba9aceabfee23fea3146efd99634d3b7bf06c202babf7f693,hqs,28.530789087548122,0.8733963744082451,0.3240417370107025,0.008430969901382923
web_qinhuai_fuzimiao_02,Nanjing_scenic_web,web_qinhuai_fuzimiao_02,test,0.1,0.1001129150390625,0.05,2028,4cdc7fb68d84675ba9aceabfee23fea3146efd99634d3b7bf06c202babf7f693,admm,28.7502679542414,0.8861471614222527,0.32310267607681453,0.012651842087507248
web_qinhuai_fuzimiao_02,Nanjing_scenic_web,web_qinhuai_fuzimiao_02,test,0.1,0.1001129150390625,0.05,2028,4cdc7fb68d84675ba9aceabfee23fea3146efd99634d3b7bf06c202babf7f693,hqs_round1,28.488719875006115,0.8758551498346329,0.3214411489898339,0.008380575105547905
web_qinhuai_fuzimiao_02,Nanjing_scenic_web,web_qinhuai_fuzimiao_02,test,0.1,0.1001129150390625,0.05,2028,4cdc7fb68d84675ba9aceabfee23fea3146efd99634d3b7bf06c202babf7f693,hqs_5000,28.974066704650234,0.9018583791136742,0.3319847061065957,0.04087977483868599
web_qinhuai_fuzimiao_02,Nanjing_scenic_web,web_qinhuai_fuzimiao_02,test,0.1,0.1001129150390625,0.05,2028,4cdc7fb68d84675ba9aceabfee23fea3146efd99634d3b7bf06c202babf7f693,hqs_10000,29.012809707838244,0.9051875076329708,0.3198665069648996,0.033802662044763565
web_qinhuai_fuzimiao_03,Nanjing_scenic_web,web_qinhuai_fuzimiao_03,test,0.01,0.01031494140625,0.0,2026,11e4fcc53961c8e0c2e4b60cbc230595f779b30da723071eee503e5bab693ac6,adjoint,20.29036007606152,0.37275984296968345,0.00019035208970308304,0.01321440003812313
web_qinhuai_fuzimiao_03,Nanjing_scenic_web,web_qinhuai_fuzimiao_03,test,0.01,0.01031494140625,0.0,2026,11e4fcc53961c8e0c2e4b60cbc230595f779b30da723071eee503e5bab693ac6,fista_dct,20.60541900142433,0.46129677749054715,0.321405875030905,0.011160220950841904
web_qinhuai_fuzimiao_03,Nanjing_scenic_web,web_qinhuai_fuzimiao_03,test,0.01,0.01031494140625,0.0,2026,11e4fcc53961c8e0c2e4b60cbc230595f779b30da723071eee503e5bab693ac6,hqs,22.889578475377604,0.7005142372986102,0.3204611340770498,0.008519948460161686
web_qinhuai_fuzimiao_03,Nanjing_scenic_web,web_qinhuai_fuzimiao_03,test,0.01,0.01031494140625,0.0,2026,11e4fcc53961c8e0c2e4b60cbc230595f779b30da723071eee503e5bab693ac6,admm,22.777197490675892,0.6963904526705226,0.31850784609559923,0.01187673769891262
web_qinhuai_fuzimiao_03,Nanjing_scenic_web,web_qinhuai_fuzimiao_03,test,0.01,0.01031494140625,0.0,2026,11e4fcc53961c8e0c2e4b60cbc230595f779b30da723071eee503e5bab693ac6,hqs_round1,22.871700326435903,0.6992693767237002,0.3186329820891842,0.008027752861380577
web_qinhuai_fuzimiao_03,Nanjing_scenic_web,web_qinhuai_fuzimiao_03,test,0.01,0.01031494140625,0.0,2026,11e4fcc53961c8e0c2e4b60cbc230595f779b30da723071eee503e5bab693ac6,hqs_5000,22.860374980096996,0.6968061533850062,0.31924326810985804,0.011858483776450157
web_qinhuai_fuzimiao_03,Nanjing_scenic_web,web_qinhuai_fuzimiao_03,test,0.01,0.01031494140625,0.0,2026,11e4fcc53961c8e0c2e4b60cbc230595f779b30da723071eee503e5bab693ac6,hqs_10000,22.84013287364796,0.6961073074848778,0.31759907805826515,0.008827810175716877
web_qinhuai_fuzimiao_03,Nanjing_scenic_web,web_qinhuai_fuzimiao_03,test,0.04,0.041259765625,0.0,2026,8ccf9a2b8aa31b33a217b095414c4f9f4dc31d0f170d1ce7670a1fe339906de3,adjoint,22.092958148368563,0.4347867855244398,0.00025093299336731434,0.01311657577753067
web_qinhuai_fuzimiao_03,Nanjing_scenic_web,web_qinhuai_fuzimiao_03,test,0.04,0.041259765625,0.0,2026,8ccf9a2b8aa31b33a217b095414c4f9f4dc31d0f170d1ce7670a1fe339906de3,fista_dct,22.392726481593783,0.46639871200422417,0.3426552580203861,0.015012159012258053
web_qinhuai_fuzimiao_03,Nanjing_scenic_web,web_qinhuai_fuzimiao_03,test,0.04,0.041259765625,0.0,2026,8ccf9a2b8aa31b33a217b095414c4f9f4dc31d0f170d1ce7670a1fe339906de3,hqs,26.088095755625883,0.8311423654884436,0.31132333900313824,0.007268248125910759
web_qinhuai_fuzimiao_03,Nanjing_scenic_web,web_qinhuai_fuzimiao_03,test,0.04,0.041259765625,0.0,2026,8ccf9a2b8aa31b33a217b095414c4f9f4dc31d0f170d1ce7670a1fe339906de3,admm,26.13662808937025,0.8308500227441173,0.31341625400818884,0.01003159862011671
web_qinhuai_fuzimiao_03,Nanjing_scenic_web,web_qinhuai_fuzimiao_03,test,0.04,0.041259765625,0.0,2026,8ccf9a2b8aa31b33a217b095414c4f9f4dc31d0f170d1ce7670a1fe339906de3,hqs_round1,26.161962646136566,0.8329150425482579,0.313922003027983,0.0069244783371686935
web_qinhuai_fuzimiao_03,Nanjing_scenic_web,web_qinhuai_fuzimiao_03,test,0.04,0.041259765625,0.0,2026,8ccf9a2b8aa31b33a217b095414c4f9f4dc31d0f170d1ce7670a1fe339906de3,hqs_5000,26.333910480707008,0.8361409283676534,0.31346853100694716,0.008177212439477444
web_qinhuai_fuzimiao_03,Nanjing_scenic_web,web_qinhuai_fuzimiao_03,test,0.04,0.041259765625,0.0,2026,8ccf9a2b8aa31b33a217b095414c4f9f4dc31d0f170d1ce7670a1fe339906de3,hqs_10000,26.278683197182268,0.835493893609059,0.315685898065567,0.007492155767977238
web_qinhuai_fuzimiao_03,Nanjing_scenic_web,web_qinhuai_fuzimiao_03,test,0.1,0.1001129150390625,0.0,2026,f10b52385a69ff5deb90f24a4c4e173ca832d7003ec0c04c9bfbfb6ca681ddeb,adjoint,23.661936368412665,0.5097227950769551,0.000315962010063231,0.012451095506548882
web_qinhuai_fuzimiao_03,Nanjing_scenic_web,web_qinhuai_fuzimiao_03,test,0.1,0.1001129150390625,0.0,2026,f10b52385a69ff5deb90f24a4c4e173ca832d7003ec0c04c9bfbfb6ca681ddeb,fista_dct,24.28485556706741,0.5647018543916429,0.3764923580456525,0.009303208440542221
web_qinhuai_fuzimiao_03,Nanjing_scenic_web,web_qinhuai_fuzimiao_03,test,0.1,0.1001129150390625,0.0,2026,f10b52385a69ff5deb90f24a4c4e173ca832d7003ec0c04c9bfbfb6ca681ddeb,hqs,29.169844466769575,0.907169774657011,0.31919381709303707,0.00653453916311264
web_qinhuai_fuzimiao_03,Nanjing_scenic_web,web_qinhuai_fuzimiao_03,test,0.1,0.1001129150390625,0.0,2026,f10b52385a69ff5deb90f24a4c4e173ca832d7003ec0c04c9bfbfb6ca681ddeb,admm,29.199677014251932,0.9060323166320324,0.31669174903072417,0.009109576232731342
web_qinhuai_fuzimiao_03,Nanjing_scenic_web,web_qinhuai_fuzimiao_03,test,0.1,0.1001129150390625,0.0,2026,f10b52385a69ff5deb90f24a4c4e173ca832d7003ec0c04c9bfbfb6ca681ddeb,hqs_round1,29.36520278406975,0.9095938572177887,0.3149120699381456,0.006666761357337236
web_qinhuai_fuzimiao_03,Nanjing_scenic_web,web_qinhuai_fuzimiao_03,test,0.1,0.1001129150390625,0.0,2026,f10b52385a69ff5deb90f24a4c4e173ca832d7003ec0c04c9bfbfb6ca681ddeb,hqs_5000,29.461992546391834,0.9090540523102284,0.31950580095872283,0.008055592887103558
web_qinhuai_fuzimiao_03,Nanjing_scenic_web,web_qinhuai_fuzimiao_03,test,0.1,0.1001129150390625,0.0,2026,f10b52385a69ff5deb90f24a4c4e173ca832d7003ec0c04c9bfbfb6ca681ddeb,hqs_10000,29.455616554106804,0.9098011264662743,0.316777131985873,0.006598300766199827
web_qinhuai_fuzimiao_03,Nanjing_scenic_web,web_qinhuai_fuzimiao_03,test,0.25,0.25,0.0,2026,afc75c2a2a1b92af21957272ae3960c651ae0a7c073d8c2ccd354c5ff9aa5279,adjoint,26.193002524849994,0.6293757591314316,0.00039829895831644535,0.009341180324554443
web_qinhuai_fuzimiao_03,Nanjing_scenic_web,web_qinhuai_fuzimiao_03,test,0.25,0.25,0.0,2026,afc75c2a2a1b92af21957272ae3960c651ae0a7c073d8c2ccd354c5ff9aa5279,fista_dct,26.90791661272449,0.6806257266011239,0.40141907590441406,0.006496967747807503
web_qinhuai_fuzimiao_03,Nanjing_scenic_web,web_qinhuai_fuzimiao_03,test,0.25,0.25,0.0,2026,afc75c2a2a1b92af21957272ae3960c651ae0a7c073d8c2ccd354c5ff9aa5279,hqs,34.64753859017084,0.9673297042541504,0.32018241891637444,0.00514926016330719
web_qinhuai_fuzimiao_03,Nanjing_scenic_web,web_qinhuai_fuzimiao_03,test,0.25,0.25,0.0,2026,afc75c2a2a1b92af21957272ae3960c651ae0a7c073d8c2ccd354c5ff9aa5279,admm,34.66521924813064,0.9672896901874543,0.3191157520050183,0.005846004001796246
web_qinhuai_fuzimiao_03,Nanjing_scenic_web,web_qinhuai_fuzimiao_03,test,0.25,0.25,0.0,2026,afc75c2a2a1b92af21957272ae3960c651ae0a7c073d8c2ccd354c5ff9aa5279,hqs_round1,34.813120455197904,0.9684735177259445,0.31967356195673347,0.00588441826403141
web_qinhuai_fuzimiao_03,Nanjing_scenic_web,web_qinhuai_fuzimiao_03,test,0.25,0.25,0.0,2026,afc75c2a2a1b92af21957272ae3960c651ae0a7c073d8c2ccd354c5ff9aa5279,hqs_5000,34.876624717932906,0.968619453412056,0.3177034130785614,0.0062288255430758
web_qinhuai_fuzimiao_03,Nanjing_scenic_web,web_qinhuai_fuzimiao_03,test,0.25,0.25,0.0,2026,afc75c2a2a1b92af21957272ae3960c651ae0a7c073d8c2ccd354c5ff9aa5279,hqs_10000,34.92113679204955,0.9691030154342651,0.31408716191072017,0.006504864431917667
web_qinhuai_fuzimiao_03,Nanjing_scenic_web,web_qinhuai_fuzimiao_03,test,0.5,0.4998931884765625,0.0,2026,dbc4bc96dadefc965c24bb297d97e52080314c24f0d049a3e59a7c217dadd878,adjoint,29.1496748062454,0.7434690367634297,0.0006129819666966796,0.006351042538881302
web_qinhuai_fuzimiao_03,Nanjing_scenic_web,web_qinhuai_fuzimiao_03,test,0.5,0.4998931884765625,0.0,2026,dbc4bc96dadefc965c24bb297d97e52080314c24f0d049a3e59a7c217dadd878,fista_dct,30.071255492335776,0.7944018130249977,0.46240669302642345,0.005509888753294945
web_qinhuai_fuzimiao_03,Nanjing_scenic_web,web_qinhuai_fuzimiao_03,test,0.5,0.4998931884765625,0.0,2026,dbc4bc96dadefc965c24bb297d97e52080314c24f0d049a3e59a7c217dadd878,hqs,41.61604505146631,0.9913967943258285,0.3211549350526184,0.0039931428618729115
web_qinhuai_fuzimiao_03,Nanjing_scenic_web,web_qinhuai_fuzimiao_03,test,0.5,0.4998931884765625,0.0,2026,dbc4bc96dadefc965c24bb297d97e52080314c24f0d049a3e59a7c217dadd878,admm,41.64415639579395,0.9912189735145569,0.31423632299993187,0.003932964522391558
web_qinhuai_fuzimiao_03,Nanjing_scenic_web,web_qinhuai_fuzimiao_03,test,0.5,0.4998931884765625,0.0,2026,dbc4bc96dadefc965c24bb297d97e52080314c24f0d049a3e59a7c217dadd878,hqs_round1,41.81344532661568,0.9917472067708969,0.31730343599338084,0.004834822844713926
web_qinhuai_fuzimiao_03,Nanjing_scenic_web,web_qinhuai_fuzimiao_03,test,0.5,0.4998931884765625,0.0,2026,dbc4bc96dadefc965c24bb297d97e52080314c24f0d049a3e59a7c217dadd878,hqs_5000,41.96906303579158,0.991960280005455,0.3167866950388998,0.00450586574152112
web_qinhuai_fuzimiao_03,Nanjing_scenic_web,web_qinhuai_fuzimiao_03,test,0.5,0.4998931884765625,0.0,2026,dbc4bc96dadefc965c24bb297d97e52080314c24f0d049a3e59a7c217dadd878,hqs_10000,41.987983282661546,0.991971364704132,0.31596588692627847,0.005587623454630375
web_qinhuai_fuzimiao_03,Nanjing_scenic_web,web_qinhuai_fuzimiao_03,test,0.1,0.1001129150390625,0.01,2026,227529c04e47fcbc012500efea83a644a678cda13be264004dc660fe37afd3cb,adjoint,23.657812753648585,0.5090317553363349,0.00037940707989037037,0.012575078755617142
web_qinhuai_fuzimiao_03,Nanjing_scenic_web,web_qinhuai_fuzimiao_03,test,0.1,0.1001129150390625,0.01,2026,227529c04e47fcbc012500efea83a644a678cda13be264004dc660fe37afd3cb,fista_dct,24.284355657797484,0.5638119420214519,0.3756894749822095,0.009485259652137756
web_qinhuai_fuzimiao_03,Nanjing_scenic_web,web_qinhuai_fuzimiao_03,test,0.1,0.1001129150390625,0.01,2026,227529c04e47fcbc012500efea83a644a678cda13be264004dc660fe37afd3cb,hqs,29.065027062123754,0.9042291971571446,0.3156024009222165,0.006289638578891754
web_qinhuai_fuzimiao_03,Nanjing_scenic_web,web_qinhuai_fuzimiao_03,test,0.1,0.1001129150390625,0.01,2026,227529c04e47fcbc012500efea83a644a678cda13be264004dc660fe37afd3cb,admm,29.10933189596198,0.9039396419570446,0.3175117550417781,0.009329422377049923
web_qinhuai_fuzimiao_03,Nanjing_scenic_web,web_qinhuai_fuzimiao_03,test,0.1,0.1001129150390625,0.01,2026,227529c04e47fcbc012500efea83a644a678cda13be264004dc660fe37afd3cb,hqs_round1,29.25031778131632,0.9068285689823627,0.31514061195775867,0.0064731258898973465
web_qinhuai_fuzimiao_03,Nanjing_scenic_web,web_qinhuai_fuzimiao_03,test,0.1,0.1001129150390625,0.01,2026,227529c04e47fcbc012500efea83a644a678cda13be264004dc660fe37afd3cb,hqs_5000,29.34753956791375,0.9063349197402001,0.3158862559357658,0.008670364506542683
web_qinhuai_fuzimiao_03,Nanjing_scenic_web,web_qinhuai_fuzimiao_03,test,0.1,0.1001129150390625,0.01,2026,227529c04e47fcbc012500efea83a644a678cda13be264004dc660fe37afd3cb,hqs_10000,29.34359962980045,0.906927865193367,0.3228730690898374,0.006718210410326719
web_qinhuai_fuzimiao_03,Nanjing_scenic_web,web_qinhuai_fuzimiao_03,test,0.1,0.1001129150390625,0.01,2027,67167f2a6af2a99d0f5ee70b0b96022221e5d97e36c9065fef00e7970f86f4ea,adjoint,23.65750178733759,0.5095124043286964,0.0003661270020529628,0.012545780278742313
web_qinhuai_fuzimiao_03,Nanjing_scenic_web,web_qinhuai_fuzimiao_03,test,0.1,0.1001129150390625,0.01,2027,67167f2a6af2a99d0f5ee70b0b96022221e5d97e36c9065fef00e7970f86f4ea,fista_dct,24.27913038190116,0.5645845863532107,0.3751388699747622,0.009492718614637852
web_qinhuai_fuzimiao_03,Nanjing_scenic_web,web_qinhuai_fuzimiao_03,test,0.1,0.1001129150390625,0.01,2027,67167f2a6af2a99d0f5ee70b0b96022221e5d97e36c9065fef00e7970f86f4ea,hqs,29.11938365069669,0.9052212385325432,0.31766623305156827,0.006392975337803364
web_qinhuai_fuzimiao_03,Nanjing_scenic_web,web_qinhuai_fuzimiao_03,test,0.1,0.1001129150390625,0.01,2027,67167f2a6af2a99d0f5ee70b0b96022221e5d97e36c9065fef00e7970f86f4ea,admm,29.142773783707078,0.9047647009882926,0.31715904793236405,0.009187931194901466
web_qinhuai_fuzimiao_03,Nanjing_scenic_web,web_qinhuai_fuzimiao_03,test,0.1,0.1001129150390625,0.01,2027,67167f2a6af2a99d0f5ee70b0b96022221e5d97e36c9065fef00e7970f86f4ea,hqs_round1,29.263300611742675,0.9074417898778916,0.31897079898044467,0.006476259790360928
web_qinhuai_fuzimiao_03,Nanjing_scenic_web,web_qinhuai_fuzimiao_03,test,0.1,0.1001129150390625,0.01,2027,67167f2a6af2a99d0f5ee70b0b96022221e5d97e36c9065fef00e7970f86f4ea,hqs_5000,29.34922523824291,0.9066100492334366,0.3192351720063016,0.009104009717702866
web_qinhuai_fuzimiao_03,Nanjing_scenic_web,web_qinhuai_fuzimiao_03,test,0.1,0.1001129150390625,0.01,2027,67167f2a6af2a99d0f5ee70b0b96022221e5d97e36c9065fef00e7970f86f4ea,hqs_10000,29.34477565088905,0.9071928312532902,0.3198107030475512,0.006967158056795597
web_qinhuai_fuzimiao_03,Nanjing_scenic_web,web_qinhuai_fuzimiao_03,test,0.1,0.1001129150390625,0.01,2028,250ea3d817407a4d676cd6ce6f85f2872a1c2df2560d4afa600dd9dae7d7da82,adjoint,23.65683473847443,0.5093640012460537,0.00029917608480900526,0.012499544769525528
web_qinhuai_fuzimiao_03,Nanjing_scenic_web,web_qinhuai_fuzimiao_03,test,0.1,0.1001129150390625,0.01,2028,250ea3d817407a4d676cd6ce6f85f2872a1c2df2560d4afa600dd9dae7d7da82,fista_dct,24.28652547516502,0.5647678474103268,0.38171776791568846,0.009487349539995193
web_qinhuai_fuzimiao_03,Nanjing_scenic_web,web_qinhuai_fuzimiao_03,test,0.1,0.1001129150390625,0.01,2028,250ea3d817407a4d676cd6ce6f85f2872a1c2df2560d4afa600dd9dae7d7da82,hqs,29.08220082628874,0.9040273561270237,0.3185588759370148,0.0062937382608652115
web_qinhuai_fuzimiao_03,Nanjing_scenic_web,web_qinhuai_fuzimiao_03,test,0.1,0.1001129150390625,0.01,2028,250ea3d817407a4d676cd6ce6f85f2872a1c2df2560d4afa600dd9dae7d7da82,admm,29.123469178298595,0.9039932747499942,0.31594229699112475,0.009142479859292507
web_qinhuai_fuzimiao_03,Nanjing_scenic_web,web_qinhuai_fuzimiao_03,test,0.1,0.1001129150390625,0.01,2028,250ea3d817407a4d676cd6ce6f85f2872a1c2df2560d4afa600dd9dae7d7da82,hqs_round1,29.249499913438637,0.9064726794321537,0.31651269888971,0.0064576491713523865
web_qinhuai_fuzimiao_03,Nanjing_scenic_web,web_qinhuai_fuzimiao_03,test,0.1,0.1001129150390625,0.01,2028,250ea3d817407a4d676cd6ce6f85f2872a1c2df2560d4afa600dd9dae7d7da82,hqs_5000,29.35009871978685,0.9060216615121365,0.3159813400125131,0.00869482196867466
web_qinhuai_fuzimiao_03,Nanjing_scenic_web,web_qinhuai_fuzimiao_03,test,0.1,0.1001129150390625,0.01,2028,250ea3d817407a4d676cd6ce6f85f2872a1c2df2560d4afa600dd9dae7d7da82,hqs_10000,29.340404236069983,0.906536887806654,0.3135849069803953,0.006669104564934969
web_qinhuai_fuzimiao_03,Nanjing_scenic_web,web_qinhuai_fuzimiao_03,test,0.1,0.1001129150390625,0.05,2026,06fffabf6b3686833d8c9df932f53da291119444bcb8dcb33550ac53ad192348,adjoint,23.54848902509064,0.49566827525060037,0.00033806904684752226,0.013993519358336926
web_qinhuai_fuzimiao_03,Nanjing_scenic_web,web_qinhuai_fuzimiao_03,test,0.1,0.1001129150390625,0.05,2026,06fffabf6b3686833d8c9df932f53da291119444bcb8dcb33550ac53ad192348,fista_dct,24.049721206643145,0.5375492296676673,0.3761169670615345,0.01237210538238287
web_qinhuai_fuzimiao_03,Nanjing_scenic_web,web_qinhuai_fuzimiao_03,test,0.1,0.1001129150390625,0.05,2026,06fffabf6b3686833d8c9df932f53da291119444bcb8dcb33550ac53ad192348,hqs,27.867653214884083,0.8458244394503832,0.3174049179069698,0.005234085489064455
web_qinhuai_fuzimiao_03,Nanjing_scenic_web,web_qinhuai_fuzimiao_03,test,0.1,0.1001129150390625,0.05,2026,06fffabf6b3686833d8c9df932f53da291119444bcb8dcb33550ac53ad192348,admm,27.970262920272692,0.8581069186967611,0.32012269797269255,0.010495341382920742
web_qinhuai_fuzimiao_03,Nanjing_scenic_web,web_qinhuai_fuzimiao_03,test,0.1,0.1001129150390625,0.05,2026,06fffabf6b3686833d8c9df932f53da291119444bcb8dcb33550ac53ad192348,hqs_round1,27.916598239225387,0.8514646741214991,0.362128354026936,0.005293583497405052
web_qinhuai_fuzimiao_03,Nanjing_scenic_web,web_qinhuai_fuzimiao_03,test,0.1,0.1001129150390625,0.05,2026,06fffabf6b3686833d8c9df932f53da291119444bcb8dcb33550ac53ad192348,hqs_5000,28.17413839863336,0.8743622321047783,0.34794392494950444,0.029750822111964226
web_qinhuai_fuzimiao_03,Nanjing_scenic_web,web_qinhuai_fuzimiao_03,test,0.1,0.1001129150390625,0.05,2026,06fffabf6b3686833d8c9df932f53da291119444bcb8dcb33550ac53ad192348,hqs_10000,28.16933497339373,0.8742496321923733,0.35168077191337943,0.023849958553910255
web_qinhuai_fuzimiao_03,Nanjing_scenic_web,web_qinhuai_fuzimiao_03,test,0.1,0.1001129150390625,0.05,2027,a3fda41158a26923bd8be22e07cd8bd7cba01670427704d628dd82a708be7a4a,adjoint,23.546881549575,0.4979589563411924,0.0003685828996822238,0.013996698893606663
web_qinhuai_fuzimiao_03,Nanjing_scenic_web,web_qinhuai_fuzimiao_03,test,0.1,0.1001129150390625,0.05,2027,a3fda41158a26923bd8be22e07cd8bd7cba01670427704d628dd82a708be7a4a,fista_dct,24.021161573229392,0.5374134512924664,0.36808632395695895,0.012369949370622635
web_qinhuai_fuzimiao_03,Nanjing_scenic_web,web_qinhuai_fuzimiao_03,test,0.1,0.1001129150390625,0.05,2027,a3fda41158a26923bd8be22e07cd8bd7cba01670427704d628dd82a708be7a4a,hqs,27.919239092213584,0.8466793334963322,0.318735599052161,0.005270885769277811
web_qinhuai_fuzimiao_03,Nanjing_scenic_web,web_qinhuai_fuzimiao_03,test,0.1,0.1001129150390625,0.05,2027,a3fda41158a26923bd8be22e07cd8bd7cba01670427704d628dd82a708be7a4a,admm,28.016468813517676,0.857050584913969,0.3202410680241883,0.009841491468250751
web_qinhuai_fuzimiao_03,Nanjing_scenic_web,web_qinhuai_fuzimiao_03,test,0.1,0.1001129150390625,0.05,2027,a3fda41158a26923bd8be22e07cd8bd7cba01670427704d628dd82a708be7a4a,hqs_round1,27.93841830211865,0.8517965585899353,0.3191265380010009,0.005251646973192692
web_qinhuai_fuzimiao_03,Nanjing_scenic_web,web_qinhuai_fuzimiao_03,test,0.1,0.1001129150390625,0.05,2027,a3fda41158a26923bd8be22e07cd8bd7cba01670427704d628dd82a708be7a4a,hqs_5000,28.16209190337963,0.8738459698301554,0.3245608659926802,0.03532075509428978
web_qinhuai_fuzimiao_03,Nanjing_scenic_web,web_qinhuai_fuzimiao_03,test,0.1,0.1001129150390625,0.05,2027,a3fda41158a26923bd8be22e07cd8bd7cba01670427704d628dd82a708be7a4a,hqs_10000,28.180043464178873,0.875206784262538,0.322892741067335,0.031144477427005768
web_qinhuai_fuzimiao_03,Nanjing_scenic_web,web_qinhuai_fuzimiao_03,test,0.1,0.1001129150390625,0.05,2028,019eb82c67c55a5a71459f5f952ea1d627ecb043f0d669a00033c9048798632e,adjoint,23.541094044241543,0.4966768093002347,0.0003586800303310156,0.013732369057834148
web_qinhuai_fuzimiao_03,Nanjing_scenic_web,web_qinhuai_fuzimiao_03,test,0.1,0.1001129150390625,0.05,2028,019eb82c67c55a5a71459f5f952ea1d627ecb043f0d669a00033c9048798632e,fista_dct,24.083946592424393,0.5420396628793264,0.3849687990732491,0.012061486952006817
web_qinhuai_fuzimiao_03,Nanjing_scenic_web,web_qinhuai_fuzimiao_03,test,0.1,0.1001129150390625,0.05,2028,019eb82c67c55a5a71459f5f952ea1d627ecb043f0d669a00033c9048798632e,hqs,27.86294500536823,0.8426188844159842,0.3513160420116037,0.0053394874557852745
web_qinhuai_fuzimiao_03,Nanjing_scenic_web,web_qinhuai_fuzimiao_03,test,0.1,0.1001129150390625,0.05,2028,019eb82c67c55a5a71459f5f952ea1d627ecb043f0d669a00033c9048798632e,admm,27.952367727630644,0.8547768198399543,0.3512712459778413,0.010228280909359455
web_qinhuai_fuzimiao_03,Nanjing_scenic_web,web_qinhuai_fuzimiao_03,test,0.1,0.1001129150390625,0.05,2028,019eb82c67c55a5a71459f5f952ea1d627ecb043f0d669a00033c9048798632e,hqs_round1,27.92751330492672,0.8486823917771578,0.3503774070413783,0.005337442737072706
web_qinhuai_fuzimiao_03,Nanjing_scenic_web,web_qinhuai_fuzimiao_03,test,0.1,0.1001129150390625,0.05,2028,019eb82c67c55a5a71459f5f952ea1d627ecb043f0d669a00033c9048798632e,hqs_5000,28.16301247925297,0.8725599285287857,0.3495201859623194,0.032781653106212616
web_qinhuai_fuzimiao_03,Nanjing_scenic_web,web_qinhuai_fuzimiao_03,test,0.1,0.1001129150390625,0.05,2028,019eb82c67c55a5a71459f5f952ea1d627ecb043f0d669a00033c9048798632e,hqs_10000,28.170586469708105,0.8730655491540432,0.3492847610032186,0.027285046875476837
