image,dataset,location,cr,sigma,seed,candidate,reference,old_mse,new_mse,mse_reduction_percent,delta_psnr,delta_ssim
web_nju_gulou_01,NJU_campus_web,NJU_Gulou,0.01,0.0,2026,hqs_10000,hqs,0.011175440808544622,0.011167764218904287,0.06869160484895831,0.002984263580557922,0.00030250894894323643
web_nju_gulou_01,NJU_campus_web,NJU_Gulou,0.01,0.0,2026,hqs_10000,hqs_round1,0.011188613404362583,0.011167764218904287,0.18634288901399065,0.008100318373834625,0.0006181025503309012
web_nju_gulou_01,NJU_campus_web,NJU_Gulou,0.01,0.0,2026,hqs_10000,hqs_5000,0.011241282863925032,0.011167764218904287,0.6540058275437355,0.028496398160832825,0.00391242839109851
web_nju_gulou_01,NJU_campus_web,NJU_Gulou,0.01,0.0,2026,hqs_5000,hqs_round1,0.011188613404362583,0.011241282863925032,-0.47074161613192,-0.0203960797869982,-0.003294325840767609
web_nju_gulou_01,NJU_campus_web,NJU_Gulou,0.04,0.0,2026,hqs_10000,hqs,0.006773593022410456,0.006700955356651865,1.072365368250927,0.04682374816858825,0.0020152142372096282
web_nju_gulou_01,NJU_campus_web,NJU_Gulou,0.04,0.0,2026,hqs_10000,hqs_round1,0.006741508572045041,0.006700955356651865,0.601545113527524,0.026203665030330114,0.0010914079795898424
web_nju_gulou_01,NJU_campus_web,NJU_Gulou,0.04,0.0,2026,hqs_10000,hqs_5000,0.0067153857108973505,0.006700955356651865,0.21488496516393063,0.009342376741752645,0.0025234658138426624
web_nju_gulou_01,NJU_campus_web,NJU_Gulou,0.04,0.0,2026,hqs_5000,hqs_round1,0.006741508572045041,0.0067153857108973505,0.3874928121580079,0.01686128828857747,-0.00143205783425282
web_nju_gulou_01,NJU_campus_web,NJU_Gulou,0.1,0.0,2026,hqs_10000,hqs,0.0041374287474537546,0.004086707144774695,1.2259208744144434,0.053570105712541505,0.0008775231830031593
web_nju_gulou_01,NJU_campus_web,NJU_Gulou,0.1,0.0,2026,hqs_10000,hqs_round1,0.0041202680859993126,0.004086707144774695,0.8145329508693289,0.03551957308941667,0.001247729069429493
web_nju_gulou_01,NJU_campus_web,NJU_Gulou,0.1,0.0,2026,hqs_10000,hqs_5000,0.004106142859915826,0.004086707144774695,0.4733326580247055,0.02060538070879403,0.003236409273490337
web_nju_gulou_01,NJU_campus_web,NJU_Gulou,0.1,0.0,2026,hqs_5000,hqs_round1,0.0041202680859993126,0.004106142859915826,0.34282298599656036,0.014914192380622637,-0.0019886802040608442
web_nju_gulou_01,NJU_campus_web,NJU_Gulou,0.25,0.0,2026,hqs_10000,hqs,0.001957959278458665,0.0018972134932840915,3.1025050338326476,0.13687450363405063,0.001904307816028572
web_nju_gulou_01,NJU_campus_web,NJU_Gulou,0.25,0.0,2026,hqs_10000,hqs_round1,0.001933847025704395,0.0018972134932840915,1.8943345535285983,0.08305912078823141,0.0012954934229850723
web_nju_gulou_01,NJU_campus_web,NJU_Gulou,0.25,0.0,2026,hqs_10000,hqs_5000,0.0019074975446574894,0.0018972134932840915,0.5391383806601202,0.023477828385214394,0.0013247967667578964
web_nju_gulou_01,NJU_campus_web,NJU_Gulou,0.25,0.0,2026,hqs_5000,hqs_round1,0.001933847025704395,0.0019074975446574894,1.3625421606090038,0.05958129240301702,-2.9303343772824064e-05
web_nju_gulou_01,NJU_campus_web,NJU_Gulou,0.5,0.0,2026,hqs_10000,hqs,0.0006637574904175173,0.0006309635638466195,4.940648812907522,0.22005154240998337,0.0015895901126861123
web_nju_gulou_01,NJU_campus_web,NJU_Gulou,0.5,0.0,2026,hqs_10000,hqs_round1,0.0006448872916044428,0.0006309635638466195,2.159094765719738,0.09479537815249373,0.0006416181573867252
web_nju_gulou_01,NJU_campus_web,NJU_Gulou,0.5,0.0,2026,hqs_10000,hqs_5000,0.0006325352943755245,0.0006309635638466195,0.2484810796932302,0.010804825716867583,0.00025780357551574706
web_nju_gulou_01,NJU_campus_web,NJU_Gulou,0.5,0.0,2026,hqs_5000,hqs_round1,0.0006448872916044428,0.0006325352943755245,1.915373025600664,0.08399055243562614,0.00038381458187097817
web_nju_gulou_01,NJU_campus_web,NJU_Gulou,0.1,0.01,2026,hqs_10000,hqs,0.004196439594020727,0.004148306119573233,1.1470074421201404,0.05010178836887036,0.00014758428534122903
web_nju_gulou_01,NJU_campus_web,NJU_Gulou,0.1,0.01,2026,hqs_10000,hqs_round1,0.0041845787368145,0.004148306119573233,0.8668164592567473,0.03780946762487147,0.00030545473755905217
web_nju_gulou_01,NJU_campus_web,NJU_Gulou,0.1,0.01,2026,hqs_10000,hqs_5000,0.00416438325757876,0.004148306119573233,0.3860628816108158,0.01679894606806087,0.003145897805511999
web_nju_gulou_01,NJU_campus_web,NJU_Gulou,0.1,0.01,2026,hqs_5000,hqs_round1,0.0041845787368145,0.00416438325757876,0.48261678190127943,0.021010521556810602,-0.002840443067952947
web_nju_gulou_01,NJU_campus_web,NJU_Gulou,0.1,0.01,2027,hqs_10000,hqs,0.0042057155986303975,0.004163214260394379,1.0105613953035553,0.044111387396043256,6.36377064138216e-05
web_nju_gulou_01,NJU_campus_web,NJU_Gulou,0.1,0.01,2027,hqs_10000,hqs_round1,0.004194781710262347,0.004163214260394379,0.7525409436858088,0.032806032746474756,0.0005091309913173303
web_nju_gulou_01,NJU_campus_web,NJU_Gulou,0.1,0.01,2027,hqs_10000,hqs_5000,0.004176902680379972,0.004163214260394379,0.3277169958948556,0.014255940644346765,0.0030905861350595254
web_nju_gulou_01,NJU_campus_web,NJU_Gulou,0.1,0.01,2027,hqs_5000,hqs_round1,0.004194781710262347,0.004176902680379972,0.4262207456143696,0.01855009210212799,-0.002581455143742195
web_nju_gulou_01,NJU_campus_web,NJU_Gulou,0.1,0.01,2028,hqs_10000,hqs,0.004193563870537431,0.004150659802537522,1.0230932286816707,0.04466122894422497,0.00011944543892139503
web_nju_gulou_01,NJU_campus_web,NJU_Gulou,0.1,0.01,2028,hqs_10000,hqs_round1,0.0041870547452544735,0.004150659802537522,0.869225384697947,0.0379150019878729,0.000551985461741622
web_nju_gulou_01,NJU_campus_web,NJU_Gulou,0.1,0.01,2028,hqs_10000,hqs_5000,0.004173388596752788,0.004150659802537522,0.544612457918503,0.02371685979239757,0.0030540964936017767
web_nju_gulou_01,NJU_campus_web,NJU_Gulou,0.1,0.01,2028,hqs_5000,hqs_round1,0.0041870547452544735,0.004173388596752788,0.32639049004971055,0.014198142195475327,-0.0025021110318601547
web_nju_gulou_01,NJU_campus_web,NJU_Gulou,0.1,0.05,2026,hqs_10000,hqs,0.005504224868481893,0.005133820647484178,6.729452917498168,0.3025547585626356,0.00476130887382098
web_nju_gulou_01,NJU_campus_web,NJU_Gulou,0.1,0.05,2026,hqs_10000,hqs_round1,0.0055698390146833214,0.005133820647484178,7.828204119539239,0.3540195060952165,0.003945745472133111
web_nju_gulou_01,NJU_campus_web,NJU_Gulou,0.1,0.05,2026,hqs_10000,hqs_5000,0.005152665332820904,0.005133820647484178,0.3657269416799003,0.015912435065615682,0.002470172618854738
web_nju_gulou_01,NJU_campus_web,NJU_Gulou,0.1,0.05,2026,hqs_5000,hqs_round1,0.0055698390146833214,0.005152665332820904,7.489869649062664,0.3381070710296008,0.001475572853278373
web_nju_gulou_01,NJU_campus_web,NJU_Gulou,0.1,0.05,2027,hqs_10000,hqs,0.005523865527748353,0.005126120606819406,7.200481599903763,0.3245427762513984,0.006170328012062298
web_nju_gulou_01,NJU_campus_web,NJU_Gulou,0.1,0.05,2027,hqs_10000,hqs_round1,0.005573367607128068,0.005126120606819406,8.024717403112891,0.3632886911162032,0.005760315182785525
web_nju_gulou_01,NJU_campus_web,NJU_Gulou,0.1,0.05,2027,hqs_10000,hqs_5000,0.005142318317082153,0.005126120606819406,0.3149884792028601,0.013701366046724672,0.0031870620757844526
web_nju_gulou_01,NJU_campus_web,NJU_Gulou,0.1,0.05,2027,hqs_5000,hqs_round1,0.005573367607128068,0.005142318317082153,7.734090417696904,0.34958732506947854,0.0025732531070010722
web_nju_gulou_01,NJU_campus_web,NJU_Gulou,0.1,0.05,2028,hqs_10000,hqs,0.0054979421781367836,0.005139058656822874,6.52759722976084,0.2931659333848273,0.0034196564582829048
web_nju_gulou_01,NJU_campus_web,NJU_Gulou,0.1,0.05,2028,hqs_10000,hqs_round1,0.00556334580171011,0.005139058656822874,7.626474427615381,0.34452480568838695,0.0027176533101928024
web_nju_gulou_01,NJU_campus_web,NJU_Gulou,0.1,0.05,2028,hqs_10000,hqs_5000,0.005156376213844338,0.005139058656822874,0.3358474305068748,0.014610216357088035,0.002220178682837637
web_nju_gulou_01,NJU_campus_web,NJU_Gulou,0.1,0.05,2028,hqs_5000,hqs_round1,0.00556334580171011,0.005156376213844338,7.315194891187138,0.3299145893312989,0.0004974746273551656
web_nju_gulou_02,NJU_campus_web,NJU_Gulou,0.01,0.0,2026,hqs_10000,hqs,0.005789887161003378,0.005631200119432503,2.740762249041384,0.12069138447151673,0.006735572086122077
web_nju_gulou_02,NJU_campus_web,NJU_Gulou,0.01,0.0,2026,hqs_10000,hqs_round1,0.005787420351148168,0.005631200119432503,2.699306810929547,0.11884065722235349,0.006546652923164142
web_nju_gulou_02,NJU_campus_web,NJU_Gulou,0.01,0.0,2026,hqs_10000,hqs_5000,0.005732243948917573,0.005631200119432503,1.7627273086336381,0.07723703119963332,0.004764475476928487
web_nju_gulou_02,NJU_campus_web,NJU_Gulou,0.01,0.0,2026,hqs_5000,hqs_round1,0.005787420351148168,0.005732243948917573,0.9533850814836597,0.041603626022720164,0.0017821774462356554
web_nju_gulou_02,NJU_campus_web,NJU_Gulou,0.04,0.0,2026,hqs_10000,hqs,0.0021126747101036483,0.001990384222893116,5.7884200831150645,0.2589571307847649,0.005675489516839383
web_nju_gulou_02,NJU_campus_web,NJU_Gulou,0.04,0.0,2026,hqs_10000,hqs_round1,0.0020468113366501365,0.001990384222893116,2.7568302337708683,0.12140893210584025,0.003252550162803458
web_nju_gulou_02,NJU_campus_web,NJU_Gulou,0.04,0.0,2026,hqs_10000,hqs_5000,0.001991968982849867,0.001990384222893116,0.07955746150644094,0.0034565117915512644,0.0011069710025042312
web_nju_gulou_02,NJU_campus_web,NJU_Gulou,0.04,0.0,2026,hqs_5000,hqs_round1,0.0020468113366501365,0.001991968982849867,2.6794044384191307,0.11795242031428899,0.002145579160299227
web_nju_gulou_02,NJU_campus_web,NJU_Gulou,0.1,0.0,2026,hqs_10000,hqs,0.0009795627790382191,0.0009142862447926467,6.663843874270525,0.29950088685053444,0.0037258462096452227
web_nju_gulou_02,NJU_campus_web,NJU_Gulou,0.1,0.0,2026,hqs_10000,hqs_round1,0.0009344897087345166,0.0009142862447926467,2.1619782168847412,0.09492337015949914,0.001526157108187598
web_nju_gulou_02,NJU_campus_web,NJU_Gulou,0.1,0.0,2026,hqs_10000,hqs_5000,0.0009136327562321247,0.0009142862447926467,-0.07152639351690748,-0.0031052414002310513,0.0006038793803453402
web_nju_gulou_02,NJU_campus_web,NJU_Gulou,0.1,0.0,2026,hqs_5000,hqs_round1,0.0009344897087345166,0.0009136327562321247,2.2319082069546137,0.0980286115597302,0.0009222777278422578
web_nju_gulou_02,NJU_campus_web,NJU_Gulou,0.25,0.0,2026,hqs_10000,hqs,0.0003210962441325658,0.00029105437866992003,9.356031411642086,0.4266108837971885,0.0023461352376937805
web_nju_gulou_02,NJU_campus_web,NJU_Gulou,0.25,0.0,2026,hqs_10000,hqs_round1,0.0003096586350023708,0.00029105437866992003,6.007988872103742,0.2690905778874324,0.0013223094341754393
web_nju_gulou_02,NJU_campus_web,NJU_Gulou,0.25,0.0,2026,hqs_10000,hqs_5000,0.00028961076176380437,0.00029105437866992003,-0.498467977268402,-0.021594413178029015,-2.568648481371394e-05
web_nju_gulou_02,NJU_campus_web,NJU_Gulou,0.25,0.0,2026,hqs_5000,hqs_round1,0.0003096586350023708,0.00028961076176380437,6.474185109810671,0.2906849910654614,0.0013479959189891533
web_nju_gulou_02,NJU_campus_web,NJU_Gulou,0.5,0.0,2026,hqs_10000,hqs,8.117321783137019e-05,6.545854764672991e-05,19.359427412728724,0.9344639718563457,0.0012711340727806775
web_nju_gulou_02,NJU_campus_web,NJU_Gulou,0.5,0.0,2026,hqs_10000,hqs_round1,7.52932281726045e-05,6.545854764672991e-05,13.061839377280071,0.6078955254929213,0.0007393983106613877
web_nju_gulou_02,NJU_campus_web,NJU_Gulou,0.5,0.0,2026,hqs_10000,hqs_5000,6.64474510303549e-05,6.545854764672991e-05,1.4882487865083616,0.06511960540235862,0.00016135088062285696
web_nju_gulou_02,NJU_campus_web,NJU_Gulou,0.5,0.0,2026,hqs_5000,hqs_round1,7.52932281726045e-05,6.64474510303549e-05,11.74843655523875,0.5427759200905626,0.0005780474300385308
web_nju_gulou_02,NJU_campus_web,NJU_Gulou,0.1,0.01,2026,hqs_10000,hqs,0.001177909421968386,0.0011055365811048815,6.144177091525716,0.2753877814576775,0.0046879751141071235
web_nju_gulou_02,NJU_campus_web,NJU_Gulou,0.1,0.01,2026,hqs_10000,hqs_round1,0.0011586424960927607,0.0011055365811048815,4.583459968624137,0.20376335759957342,0.0028723927627801737
web_nju_gulou_02,NJU_campus_web,NJU_Gulou,0.1,0.01,2026,hqs_10000,hqs_5000,0.001106742113526301,0.0011055365811048815,0.10892622650622297,0.004733184218345343,0.0005002192707062036
web_nju_gulou_02,NJU_campus_web,NJU_Gulou,0.1,0.01,2026,hqs_5000,hqs_round1,0.0011586424960927607,0.001106742113526301,4.479412997665899,0.19903017338122808,0.00237217349207397
web_nju_gulou_02,NJU_campus_web,NJU_Gulou,0.1,0.01,2027,hqs_10000,hqs,0.0011677126859527458,0.001093321767309087,6.370652604751193,0.28588003675028517,0.004949532949090063
web_nju_gulou_02,NJU_campus_web,NJU_Gulou,0.1,0.01,2027,hqs_10000,hqs_round1,0.0011470001652483068,0.001093321767309087,4.6798945253507584,0.20815485765018948,0.0031277276828289846
web_nju_gulou_02,NJU_campus_web,NJU_Gulou,0.1,0.01,2027,hqs_10000,hqs_5000,0.0010905640486132857,0.001093321767309087,-0.2528708606622354,-0.010968180113419379,9.11433086395741e-05
web_nju_gulou_02,NJU_campus_web,NJU_Gulou,0.1,0.01,2027,hqs_5000,hqs_round1,0.0011470001652483068,0.0010905640486132857,4.920323322081089,0.21912303776360886,0.0030365843741894105
web_nju_gulou_02,NJU_campus_web,NJU_Gulou,0.1,0.01,2028,hqs_10000,hqs,0.001168936077072131,0.0011028893744639634,5.65015520554355,0.25258809913109914,0.004042449635624945
web_nju_gulou_02,NJU_campus_web,NJU_Gulou,0.1,0.01,2028,hqs_10000,hqs_round1,0.001150993607671815,0.0011028893744639634,4.179365800749757,0.1854095904327373,0.0023906947442293713
web_nju_gulou_02,NJU_campus_web,NJU_Gulou,0.1,0.01,2028,hqs_10000,hqs_5000,0.0011002193730690597,0.0011028893744639634,-0.24267900204808512,-0.010526647324955007,-7.823868024348091e-05
web_nju_gulou_02,NJU_campus_web,NJU_Gulou,0.1,0.01,2028,hqs_5000,hqs_round1,0.001150993607671815,0.0011002193730690597,4.411339408344716,0.1959362377576923,0.0024689334244728522
web_nju_gulou_02,NJU_campus_web,NJU_Gulou,0.1,0.05,2026,hqs_10000,hqs,0.004083116494712652,0.0021317469042293436,47.791180903366204,2.8225612991925395,0.15161892647779596
web_nju_gulou_02,NJU_campus_web,NJU_Gulou,0.1,0.05,2026,hqs_10000,hqs_round1,0.004276601310936972,0.0021317469042293436,50.15324672006207,3.023631237821508,0.15342928936333156
web_nju_gulou_02,NJU_campus_web,NJU_Gulou,0.1,0.05,2026,hqs_10000,hqs_5000,0.002139345756764653,0.0021317469042293436,0.35519515773837496,0.015453390824458069,0.003315646922253057
web_nju_gulou_02,NJU_campus_web,NJU_Gulou,0.1,0.05,2026,hqs_5000,hqs_round1,0.004276601310936972,0.002139345756764653,49.97556233980721,3.00817784699705,0.1501136424410785
web_nju_gulou_02,NJU_campus_web,NJU_Gulou,0.1,0.05,2027,hqs_10000,hqs,0.00405109301683513,0.002138367104094295,47.21505788171534,2.7748995033766484,0.14293557915054422
web_nju_gulou_02,NJU_campus_web,NJU_Gulou,0.1,0.05,2027,hqs_10000,hqs_round1,0.0042468203365273035,0.002138367104094295,49.64780860395723,2.9798162361088245,0.14478194565306557
web_nju_gulou_02,NJU_campus_web,NJU_Gulou,0.1,0.05,2027,hqs_10000,hqs_5000,0.00214891991525105,0.002138367104094295,0.49107512485042637,0.02137965985880541,0.003868919899476242
web_nju_gulou_02,NJU_campus_web,NJU_Gulou,0.1,0.05,2027,hqs_5000,hqs_round1,0.0042468203365273035,0.00214891991525105,49.399321257648076,2.958436576250019,0.14091302575358933
web_nju_gulou_02,NJU_campus_web,NJU_Gulou,0.1,0.05,2028,hqs_10000,hqs,0.003921742242882526,0.0021293675987012696,45.70353004290869,2.652284048124603,0.13780493902883262
web_nju_gulou_02,NJU_campus_web,NJU_Gulou,0.1,0.05,2028,hqs_10000,hqs_round1,0.004072425445891619,0.0021293675987012696,47.71254558264688,2.816025010161546,0.13862434267491563
web_nju_gulou_02,NJU_campus_web,NJU_Gulou,0.1,0.05,2028,hqs_10000,hqs_5000,0.0021465409321721994,0.0021293675987012696,0.8000468667304306,0.0348853302694252,0.0027166032602190526
web_nju_gulou_02,NJU_campus_web,NJU_Gulou,0.1,0.05,2028,hqs_5000,hqs_round1,0.004072425445891619,0.0021465409321721994,47.29084766087757,2.781139679892121,0.13590773941469658
web_nju_gulou_03,NJU_campus_web,NJU_Gulou,0.01,0.0,2026,hqs_10000,hqs,0.006174957988529927,0.0060918174764733575,1.346414213845737,0.05887124716522152,0.0015037367534344037
web_nju_gulou_03,NJU_campus_web,NJU_Gulou,0.01,0.0,2026,hqs_10000,hqs_round1,0.006160522431365263,0.0060918174764733575,1.1152455925183435,0.04870660749446287,0.0005198762868832141
web_nju_gulou_03,NJU_campus_web,NJU_Gulou,0.01,0.0,2026,hqs_10000,hqs_5000,0.0061310652001387725,0.0060918174764733575,0.6401452665113827,0.027890521160699677,0.002470435388888137
web_nju_gulou_03,NJU_campus_web,NJU_Gulou,0.01,0.0,2026,hqs_5000,hqs_round1,0.006160522431365263,0.0061310652001387725,0.47816125263198117,0.020816086333763195,-0.0019505591020049229
web_nju_gulou_03,NJU_campus_web,NJU_Gulou,0.04,0.0,2026,hqs_10000,hqs,0.004393260364298955,0.004386100316304786,0.16297800267779383,0.007083818825947219,-0.001401323697115875
web_nju_gulou_03,NJU_campus_web,NJU_Gulou,0.04,0.0,2026,hqs_10000,hqs_round1,0.004391995928514224,0.004386100316304786,0.1342353751095704,0.0058336845793895975,-0.0007803527455885195
web_nju_gulou_03,NJU_campus_web,NJU_Gulou,0.04,0.0,2026,hqs_10000,hqs_5000,0.004398717285483011,0.004386100316304786,0.2868329187662333,0.012474895002753783,0.0025726197143564056
web_nju_gulou_03,NJU_campus_web,NJU_Gulou,0.04,0.0,2026,hqs_5000,hqs_round1,0.004391995928514224,0.004398717285483011,-0.153036502724202,-0.0066412104233641855,-0.003352972459944925
web_nju_gulou_03,NJU_campus_web,NJU_Gulou,0.1,0.0,2026,hqs_10000,hqs,0.0033061277685535856,0.0032924009849672853,0.415192168822498,0.018069103547336596,-0.0023836505300403044
web_nju_gulou_03,NJU_campus_web,NJU_Gulou,0.1,0.0,2026,hqs_10000,hqs_round1,0.003299620889957982,0.0032924009849672853,0.21881013702724772,0.009513215248968976,-0.0013758103201388927
web_nju_gulou_03,NJU_campus_web,NJU_Gulou,0.1,0.0,2026,hqs_10000,hqs_5000,0.0032980639675619667,0.0032924009849672853,0.17170626920458565,0.007463518021850746,0.0035641481360196847
web_nju_gulou_03,NJU_campus_web,NJU_Gulou,0.1,0.0,2026,hqs_5000,hqs_round1,0.003299620889957982,0.0032980639675619667,0.047184887232154527,0.00204969722711823,-0.004939958456158577
web_nju_gulou_03,NJU_campus_web,NJU_Gulou,0.25,0.0,2026,hqs_10000,hqs,0.0019286410794807601,0.0019107755288388694,0.9263284305185859,0.04041742197524201,0.000554514009475704
web_nju_gulou_03,NJU_campus_web,NJU_Gulou,0.25,0.0,2026,hqs_10000,hqs_round1,0.0019170621686985909,0.0019107755288388694,0.32793093319395394,0.014265262382082255,0.00042428756999968176
web_nju_gulou_03,NJU_campus_web,NJU_Gulou,0.25,0.0,2026,hqs_10000,hqs_5000,0.001913954817297617,0.0019107755288388694,0.1661109462989585,0.007220105090155471,0.001953003970622924
web_nju_gulou_03,NJU_campus_web,NJU_Gulou,0.25,0.0,2026,hqs_5000,hqs_round1,0.0019170621686985909,0.001913954817297617,0.16208923485686588,0.007045157291926785,-0.0015287164006232423
web_nju_gulou_03,NJU_campus_web,NJU_Gulou,0.5,0.0,2026,hqs_10000,hqs,0.0008320437906804691,0.0008183102870884214,1.6505746146865619,0.07228173138814498,0.0004885173530578824
web_nju_gulou_03,NJU_campus_web,NJU_Gulou,0.5,0.0,2026,hqs_10000,hqs_round1,0.0008242222296629392,0.0008183102870884214,0.7172753126223452,0.03126312689266442,5.0428973197957916e-05
web_nju_gulou_03,NJU_campus_web,NJU_Gulou,0.5,0.0,2026,hqs_10000,hqs_5000,0.0008210338453164411,0.0008183102870884214,0.3317230152637518,0.014430495396936749,0.0006020510044097982
web_nju_gulou_03,NJU_campus_web,NJU_Gulou,0.5,0.0,2026,hqs_5000,hqs_round1,0.0008242222296629392,0.0008210338453164411,0.38683551980901454,0.016832631495727668,-0.0005516220312118403
web_nju_gulou_03,NJU_campus_web,NJU_Gulou,0.1,0.01,2026,hqs_10000,hqs,0.0033559559782714893,0.0033386572106043105,0.5154646777008276,0.022444242409562776,-0.002923452293634443
web_nju_gulou_03,NJU_campus_web,NJU_Gulou,0.1,0.01,2026,hqs_10000,hqs_round1,0.003351207010499373,0.0033386572106043105,0.3744859644821741,0.01629424770607102,-0.0021048465620875367
web_nju_gulou_03,NJU_campus_web,NJU_Gulou,0.1,0.01,2026,hqs_10000,hqs_5000,0.003344682049587436,0.0033386572106043105,0.18013188978213135,0.007830082932027693,0.003934867928743313
web_nju_gulou_03,NJU_campus_web,NJU_Gulou,0.1,0.01,2026,hqs_5000,hqs_round1,0.003351207010499373,0.003344682049587436,0.1947048001360252,0.008464164774043326,-0.00603971449083085
web_nju_gulou_03,NJU_campus_web,NJU_Gulou,0.1,0.01,2027,hqs_10000,hqs,0.003348157160660645,0.003333781719155701,0.4293538449702705,0.018686745464012944,-0.00339920709687469
web_nju_gulou_03,NJU_campus_web,NJU_Gulou,0.1,0.01,2027,hqs_10000,hqs_round1,0.0033414078055636278,0.003333781719155701,0.22822974182404865,0.009923219929980576,-0.00280232730233676
web_nju_gulou_03,NJU_campus_web,NJU_Gulou,0.1,0.01,2027,hqs_10000,hqs_5000,0.003338951029788738,0.003333781719155701,0.15481840215439968,0.006728887898702851,0.004282676551938036
web_nju_gulou_03,NJU_campus_web,NJU_Gulou,0.1,0.01,2027,hqs_5000,hqs_round1,0.0033414078055636278,0.003338951029788738,0.07352517016327997,0.0031943320312777246,-0.007085003854274796
web_nju_gulou_03,NJU_campus_web,NJU_Gulou,0.1,0.01,2028,hqs_10000,hqs,0.0033533706244124523,0.0033382556374282404,0.4507401261934829,0.019619645056486945,-0.0031756375574171214
web_nju_gulou_03,NJU_campus_web,NJU_Gulou,0.1,0.01,2028,hqs_10000,hqs_round1,0.003347861377025745,0.0033382556374282404,0.28692166478047065,0.012478760281791068,-0.0023569254144728546
web_nju_gulou_03,NJU_campus_web,NJU_Gulou,0.1,0.01,2028,hqs_10000,hqs_5000,0.003342834150873674,0.0033382556374282404,0.13696501946520723,0.005952392495686354,0.00392557068571453
web_nju_gulou_03,NJU_campus_web,NJU_Gulou,0.1,0.01,2028,hqs_5000,hqs_round1,0.003347861377025745,0.003342834150873674,0.15016231515945222,0.006526367786104714,-0.006282496100187385
web_nju_gulou_03,NJU_campus_web,NJU_Gulou,0.1,0.05,2026,hqs_10000,hqs,0.0043259368593807045,0.003954169165058189,8.593923268120406,0.39024931143661235,0.0038336834976933076
web_nju_gulou_03,NJU_campus_web,NJU_Gulou,0.1,0.05,2026,hqs_10000,hqs_round1,0.004322198629383358,0.003954169165058189,8.514866989758762,0.386494761653811,0.001697521276341707
web_nju_gulou_03,NJU_campus_web,NJU_Gulou,0.1,0.05,2026,hqs_10000,hqs_5000,0.003963841369126859,0.003954169165058189,0.24401087652003994,0.01061020802147894,0.002779429466602479
web_nju_gulou_03,NJU_campus_web,NJU_Gulou,0.1,0.05,2026,hqs_5000,hqs_round1,0.004322198629383358,0.003963841369126859,8.2910872679543,0.3758845536323321,-0.001081908190260772
web_nju_gulou_03,NJU_campus_web,NJU_Gulou,0.1,0.05,2027,hqs_10000,hqs,0.004273949905186899,0.003941601340271016,7.77614553957553,0.3515673056693558,0.003554352085836765
web_nju_gulou_03,NJU_campus_web,NJU_Gulou,0.1,0.05,2027,hqs_10000,hqs_round1,0.004269283323498391,0.003941601340271016,7.675339357868194,0.3468228001080895,0.001299017297973104
web_nju_gulou_03,NJU_campus_web,NJU_Gulou,0.1,0.05,2027,hqs_10000,hqs_5000,0.003947629186626115,0.003941601340271016,0.1526953538473319,0.006636543095755343,0.0026626785528822694
web_nju_gulou_03,NJU_campus_web,NJU_Gulou,0.1,0.05,2027,hqs_5000,hqs_round1,0.004269283323498391,0.003947629186626115,7.534148298424526,0.3401862570123342,-0.0013636612549091653
web_nju_gulou_03,NJU_campus_web,NJU_Gulou,0.1,0.05,2028,hqs_10000,hqs,0.004299323955097728,0.003955024043548102,8.00823373966476,0.36251042521036325,0.0002958412314867376
web_nju_gulou_03,NJU_campus_web,NJU_Gulou,0.1,0.05,2028,hqs_10000,hqs_round1,0.004300476417093965,0.003955024043548102,8.032886127981643,0.36367442406359984,-0.0020397685970440227
web_nju_gulou_03,NJU_campus_web,NJU_Gulou,0.1,0.05,2028,hqs_10000,hqs_5000,0.003964458412656827,0.003955024043548102,0.23797371864475725,0.010347384201075727,0.001220111867669016
web_nju_gulou_03,NJU_campus_web,NJU_Gulou,0.1,0.05,2028,hqs_5000,hqs_round1,0.004300476417093965,0.003964458412656827,7.813506501314604,0.3533270398625241,-0.0032598804647130386
web_nju_gulou_04,NJU_campus_web,NJU_Gulou,0.01,0.0,2026,hqs_10000,hqs,0.016464630075751167,0.01648390017520047,-0.11703937082490068,-0.005079983080900519,0.000549594768323225
web_nju_gulou_04,NJU_campus_web,NJU_Gulou,0.01,0.0,2026,hqs_10000,hqs_round1,0.016459941434303505,0.01648390017520047,-0.14555787450758473,-0.006316901910039974,7.617222593236939e-05
web_nju_gulou_04,NJU_campus_web,NJU_Gulou,0.01,0.0,2026,hqs_10000,hqs_5000,0.0165077144582073,0.01648390017520047,0.14426153945854558,0.006269722541031086,0.0015300460127175008
web_nju_gulou_04,NJU_campus_web,NJU_Gulou,0.01,0.0,2026,hqs_5000,hqs_round1,0.016459941434303505,0.0165077144582073,-0.2902381159402889,-0.01258662445107106,-0.0014538737867851315
web_nju_gulou_04,NJU_campus_web,NJU_Gulou,0.04,0.0,2026,hqs_10000,hqs,0.009102785548733512,0.008889016355974548,2.3483931551996906,0.1032060605673557,0.008013860586011279
web_nju_gulou_04,NJU_campus_web,NJU_Gulou,0.04,0.0,2026,hqs_10000,hqs_round1,0.00900308367753488,0.008889016355974548,1.2669805773877219,0.055375813235748694,0.00493458209909825
web_nju_gulou_04,NJU_campus_web,NJU_Gulou,0.04,0.0,2026,hqs_10000,hqs_5000,0.008910978101230054,0.008889016355974548,0.24645717906628395,0.01071671077216152,0.001269973453544626
web_nju_gulou_04,NJU_campus_web,NJU_Gulou,0.04,0.0,2026,hqs_5000,hqs_round1,0.00900308367753488,0.008910978101230054,1.0230447655912966,0.044659102463587175,0.003664608645553624
web_nju_gulou_04,NJU_campus_web,NJU_Gulou,0.1,0.0,2026,hqs_10000,hqs,0.005291173564911078,0.00520825056809811,1.5671947970650413,0.06860137907645836,0.0025884450471401754
web_nju_gulou_04,NJU_campus_web,NJU_Gulou,0.1,0.0,2026,hqs_10000,hqs_round1,0.005271814891844275,0.00520825056809811,1.2057389162980936,0.05268282660039958,0.002334341953843855
web_nju_gulou_04,NJU_campus_web,NJU_Gulou,0.1,0.0,2026,hqs_10000,hqs_5000,0.0052308739825231015,0.00520825056809811,0.43249779101118824,0.018823876237629378,0.0017883768032491698
web_nju_gulou_04,NJU_campus_web,NJU_Gulou,0.1,0.0,2026,hqs_5000,hqs_round1,0.005271814891844275,0.0052308739825231015,0.7765999027111281,0.0338589503627702,0.000545965150594685
web_nju_gulou_04,NJU_campus_web,NJU_Gulou,0.25,0.0,2026,hqs_10000,hqs,0.0023894661833315837,0.002275531672116343,4.76819935808358,0.21218003956603937,0.0037957826275826223
web_nju_gulou_04,NJU_campus_web,NJU_Gulou,0.25,0.0,2026,hqs_10000,hqs_round1,0.002302862805787979,0.002275531672116343,1.186832910885638,0.05185180785515797,0.0011974882693290834
web_nju_gulou_04,NJU_campus_web,NJU_Gulou,0.25,0.0,2026,hqs_10000,hqs_5000,0.002277306666641076,0.002275531672116343,0.07794270972520945,0.003386328743516742,0.0012823646259307875
web_nju_gulou_04,NJU_campus_web,NJU_Gulou,0.25,0.0,2026,hqs_5000,hqs_round1,0.002302862805787979,0.002277306666641076,1.1097551744146728,0.04846547911164123,-8.487635660170412e-05
web_nju_gulou_04,NJU_campus_web,NJU_Gulou,0.5,0.0,2026,hqs_10000,hqs,0.0007287857536782177,0.0006793348320671702,6.785385329154181,0.3051599136582759,0.0017383976621627717
web_nju_gulou_04,NJU_campus_web,NJU_Gulou,0.5,0.0,2026,hqs_10000,hqs_round1,0.0006964776450053772,0.0006793348320671702,2.4613586754926753,0.10823298256230629,0.00039634595489501656
web_nju_gulou_04,NJU_campus_web,NJU_Gulou,0.5,0.0,2026,hqs_10000,hqs_5000,0.0006825417339305311,0.0006793348320671702,0.46984700040147986,0.02045328324545892,0.00018908822727203844
web_nju_gulou_04,NJU_campus_web,NJU_Gulou,0.5,0.0,2026,hqs_5000,hqs_round1,0.0006964776450053772,0.0006825417339305311,2.000912904352947,0.08777969931684737,0.00020725772762297812
web_nju_gulou_04,NJU_campus_web,NJU_Gulou,0.1,0.01,2026,hqs_10000,hqs,0.0053574797773603645,0.005270021688247302,1.6324483292058933,0.07148137893237205,0.0026995873870402365
web_nju_gulou_04,NJU_campus_web,NJU_Gulou,0.1,0.01,2026,hqs_10000,hqs_round1,0.005339786727440947,0.005270021688247302,1.3065135885507506,0.05711509021459804,0.0022150183348897956
web_nju_gulou_04,NJU_campus_web,NJU_Gulou,0.1,0.01,2026,hqs_10000,hqs_5000,0.00529254162889285,0.005270021688247302,0.42550332571043015,0.0185188016976241,0.0015296842999756866
web_nju_gulou_04,NJU_campus_web,NJU_Gulou,0.1,0.01,2026,hqs_5000,hqs_round1,0.005339786727440947,0.00529254162889285,0.8847750099326368,0.03859628851697394,0.000685334034914109
web_nju_gulou_04,NJU_campus_web,NJU_Gulou,0.1,0.01,2027,hqs_10000,hqs,0.005351660511733076,0.005275167419370878,1.4293337963888653,0.06252308195721312,0.0024331377139091837
web_nju_gulou_04,NJU_campus_web,NJU_Gulou,0.1,0.01,2027,hqs_10000,hqs_round1,0.005344898186452235,0.005275167419370878,1.3046229254301656,0.05703189356956884,0.0024603544002921307
web_nju_gulou_04,NJU_campus_web,NJU_Gulou,0.1,0.01,2027,hqs_10000,hqs_5000,0.005300310694043803,0.005275167419370878,0.47437360042270615,0.020650803500057435,0.0017454980226159211
web_nju_gulou_04,NJU_campus_web,NJU_Gulou,0.1,0.01,2027,hqs_5000,hqs_round1,0.005344898186452235,0.005300310694043803,0.8342065807997678,0.0363810900695114,0.0007148563776762096
web_nju_gulou_04,NJU_campus_web,NJU_Gulou,0.1,0.01,2028,hqs_10000,hqs,0.005358172855249504,0.005279165792759794,1.4745150002449914,0.06451418607003845,0.002386574371278316
web_nju_gulou_04,NJU_campus_web,NJU_Gulou,0.1,0.01,2028,hqs_10000,hqs_round1,0.00533987741594803,0.005279165792759794,1.136947882116457,0.049659860511077625,0.0018257898068427814
web_nju_gulou_04,NJU_campus_web,NJU_Gulou,0.1,0.01,2028,hqs_10000,hqs_5000,0.005295015469667373,0.005279165792759794,0.29933202269897263,0.013019319803795781,0.0015143360660672123
web_nju_gulou_04,NJU_campus_web,NJU_Gulou,0.1,0.01,2028,hqs_5000,hqs_round1,0.00533987741594803,0.005295015469667373,0.8401306394538732,0.03664054070728184,0.0003114537407755691
web_nju_gulou_04,NJU_campus_web,NJU_Gulou,0.1,0.05,2026,hqs_10000,hqs,0.006566742547285132,0.006247419588609238,4.862729981821968,0.2164931489900077,0.016783272124025972
web_nju_gulou_04,NJU_campus_web,NJU_Gulou,0.1,0.05,2026,hqs_10000,hqs_round1,0.006533406526912931,0.006247419588609238,4.377302057137156,0.1943900708272892,0.01202313711538916
web_nju_gulou_04,NJU_campus_web,NJU_Gulou,0.1,0.05,2026,hqs_10000,hqs_5000,0.0062596609763915095,0.006247419588609238,0.19555991655841876,0.008501374616852075,-0.00028530621741618134
web_nju_gulou_04,NJU_campus_web,NJU_Gulou,0.1,0.05,2026,hqs_5000,hqs_round1,0.006533406526912931,0.0062596609763915095,4.189935975877013,0.18588869621043713,0.012308443332805341
web_nju_gulou_04,NJU_campus_web,NJU_Gulou,0.1,0.05,2027,hqs_10000,hqs,0.006549651770353096,0.006207474906229667,5.224352013221334,0.23303237594006987,0.01325471095140085
web_nju_gulou_04,NJU_campus_web,NJU_Gulou,0.1,0.05,2027,hqs_10000,hqs_round1,0.006564144083493499,0.006207474906229667,5.433597628679854,0.24263132693683076,0.010574548539365125
web_nju_gulou_04,NJU_campus_web,NJU_Gulou,0.1,0.05,2027,hqs_10000,hqs_5000,0.006238767519387508,0.006207474906229667,0.5015832543943444,0.021838298484208707,-0.0008273185746856537
web_nju_gulou_04,NJU_campus_web,NJU_Gulou,0.1,0.05,2027,hqs_5000,hqs_round1,0.006564144083493499,0.006238767519387508,4.956877240464563,0.22079302845262205,0.011401867114050779
web_nju_gulou_04,NJU_campus_web,NJU_Gulou,0.1,0.05,2028,hqs_10000,hqs,0.0066213610910913255,0.006281236270326862,5.1367810346740095,0.22902142648941393,0.01287913862117751
web_nju_gulou_04,NJU_campus_web,NJU_Gulou,0.1,0.05,2028,hqs_10000,hqs_round1,0.006654499229180026,0.006281236270326862,5.609181788111162,0.2507024928084647,0.009935630303166132
web_nju_gulou_04,NJU_campus_web,NJU_Gulou,0.1,0.05,2028,hqs_10000,hqs_5000,0.006302482891965991,0.006281236270326862,0.33711510214827767,0.014665456509725061,-0.00041018532425540766
web_nju_gulou_04,NJU_campus_web,NJU_Gulou,0.1,0.05,2028,hqs_5000,hqs_round1,0.006654499229180026,0.006302482891965991,5.289899736864356,0.23603703629873962,0.01034581562742154
web_nju_gulou_05,NJU_campus_web,NJU_Gulou,0.01,0.0,2026,hqs_10000,hqs,0.0123186083595022,0.012187871291315735,1.0612973833657002,0.04633788838735242,0.0029247434735949485
web_nju_gulou_05,NJU_campus_web,NJU_Gulou,0.01,0.0,2026,hqs_10000,hqs_round1,0.012284955212309002,0.012187871291315735,0.7902667882418779,0.034457182410129406,0.0033314295477597233
web_nju_gulou_05,NJU_campus_web,NJU_Gulou,0.01,0.0,2026,hqs_10000,hqs_5000,0.012467699322496162,0.012187871291315735,2.244423962611275,0.09858460804714397,-0.001274407170604841
web_nju_gulou_05,NJU_campus_web,NJU_Gulou,0.01,0.0,2026,hqs_5000,hqs_round1,0.012284955212309002,0.012467699322496162,-1.4875439676333313,-0.06412742563701457,0.004605836718364564
web_nju_gulou_05,NJU_campus_web,NJU_Gulou,0.04,0.0,2026,hqs_10000,hqs,0.00515904504536242,0.005079006733062977,1.5514172021310557,0.06790531303367331,0.00250994771291313
web_nju_gulou_05,NJU_campus_web,NJU_Gulou,0.04,0.0,2026,hqs_10000,hqs_round1,0.005135164765061913,0.005079006733062977,1.0935974709325391,0.04775594216326695,0.0011925834193067253
web_nju_gulou_05,NJU_campus_web,NJU_Gulou,0.04,0.0,2026,hqs_10000,hqs_5000,0.005275275920907433,0.005079006733062977,3.720548285760461,0.16466391581036532,0.011921441752518969
web_nju_gulou_05,NJU_campus_web,NJU_Gulou,0.04,0.0,2026,hqs_5000,hqs_round1,0.005135164765061913,0.005275275920907433,-2.7284646599617046,-0.11690797364709837,-0.010728858333212243
web_nju_gulou_05,NJU_campus_web,NJU_Gulou,0.1,0.0,2026,hqs_10000,hqs,0.0028041995073255746,0.0025388712238769455,9.461819059431987,0.4316823543619144,0.01738532342461052
web_nju_gulou_05,NJU_campus_web,NJU_Gulou,0.1,0.0,2026,hqs_10000,hqs_round1,0.002701205192598239,0.0025388712238769455,6.0096866823044826,0.2691690267100739,0.008511925934085562
web_nju_gulou_05,NJU_campus_web,NJU_Gulou,0.1,0.0,2026,hqs_10000,hqs_5000,0.002564937957654687,0.0025388712238769455,1.0162715125310973,0.04436191350925256,0.002001212950122566
web_nju_gulou_05,NJU_campus_web,NJU_Gulou,0.1,0.0,2026,hqs_5000,hqs_round1,0.002701205192598239,0.002564937957654687,5.044682844418746,0.22480711320082136,0.006510712983962996
web_nju_gulou_05,NJU_campus_web,NJU_Gulou,0.25,0.0,2026,hqs_10000,hqs,0.0009767206719281003,0.0008448168656652063,13.504762421226191,0.6300780409816902,0.00941146934604642
web_nju_gulou_05,NJU_campus_web,NJU_Gulou,0.25,0.0,2026,hqs_10000,hqs_round1,0.0009094818460753356,0.0008448168656652063,7.110090288132365,0.3203145925131885,0.0039490864620208566
web_nju_gulou_05,NJU_campus_web,NJU_Gulou,0.25,0.0,2026,hqs_10000,hqs_5000,0.0008545504905445701,0.0008448168656652063,1.1390344967400323,0.04975152415698503,0.0005928553023337724
web_nju_gulou_05,NJU_campus_web,NJU_Gulou,0.25,0.0,2026,hqs_5000,hqs_round1,0.0009094818460753356,0.0008545504905445701,6.039851786795902,0.2705630683562035,0.003356231159687084
web_nju_gulou_05,NJU_campus_web,NJU_Gulou,0.5,0.0,2026,hqs_10000,hqs,0.00018596351352740488,0.0001498726095095122,19.407518890835572,0.9370547389117263,0.00229112752437588
web_nju_gulou_05,NJU_campus_web,NJU_Gulou,0.5,0.0,2026,hqs_10000,hqs_round1,0.00016665794900788238,0.0001498726095095122,10.071730510481858,0.4610376373525824,0.0010421164712905995
web_nju_gulou_05,NJU_campus_web,NJU_Gulou,0.5,0.0,2026,hqs_10000,hqs_5000,0.00015380861254600834,0.0001498726095095122,2.559026423386257,0.11258385457928455,0.00028769688510899005
web_nju_gulou_05,NJU_campus_web,NJU_Gulou,0.5,0.0,2026,hqs_5000,hqs_round1,0.00016665794900788238,0.00015380861254600834,7.7100051562894905,0.34845378277329786,0.0007544195861816094
web_nju_gulou_05,NJU_campus_web,NJU_Gulou,0.1,0.01,2026,hqs_10000,hqs,0.0028679482249659516,0.0025934471265963606,9.571340792696837,0.4369390842880989,0.018227244030699197
web_nju_gulou_05,NJU_campus_web,NJU_Gulou,0.1,0.01,2026,hqs_10000,hqs_round1,0.0027582106931942035,0.0025934471265963606,5.973567102918997,0.267500395109483,0.008802825966378713
web_nju_gulou_05,NJU_campus_web,NJU_Gulou,0.1,0.01,2026,hqs_10000,hqs_5000,0.0026152150564640827,0.0025934471265963606,0.8323571636649096,0.03630009599492823,0.001637878840366369
web_nju_gulou_05,NJU_campus_web,NJU_Gulou,0.1,0.01,2026,hqs_5000,hqs_round1,0.0027582106931942035,0.0026152150564640827,5.184362350670235,0.23120029911455475,0.007164947126012344
web_nju_gulou_05,NJU_campus_web,NJU_Gulou,0.1,0.01,2027,hqs_10000,hqs,0.0028613039141282804,0.002595194112364797,9.300298386672978,0.4239414169292246,0.017954768159814116
web_nju_gulou_05,NJU_campus_web,NJU_Gulou,0.1,0.01,2027,hqs_10000,hqs_round1,0.0027607351393512955,0.002595194112364797,5.9962661621134945,0.268548958366285,0.008783036784976717
web_nju_gulou_05,NJU_campus_web,NJU_Gulou,0.1,0.01,2027,hqs_10000,hqs_5000,0.0026255295833900304,0.002595194112364797,1.1554038932619748,0.05047068840708491,0.0019878641292889743
web_nju_gulou_05,NJU_campus_web,NJU_Gulou,0.1,0.01,2027,hqs_5000,hqs_round1,0.0027607351393512955,0.0026255295833900304,4.897447568731095,0.2180782699592001,0.006795172655687742
web_nju_gulou_05,NJU_campus_web,NJU_Gulou,0.1,0.01,2028,hqs_10000,hqs,0.0028504589874501613,0.002588947964915474,9.174347839630492,0.4179147506576548,0.01693139196865867
web_nju_gulou_05,NJU_campus_web,NJU_Gulou,0.1,0.01,2028,hqs_10000,hqs_round1,0.0027562398626633745,0.002588947964915474,6.069569634126292,0.27193687829545965,0.008323084097198175
web_nju_gulou_05,NJU_campus_web,NJU_Gulou,0.1,0.01,2028,hqs_10000,hqs_5000,0.0026190679766461525,0.002588947964915474,1.1500278724818958,0.0502344880723129,0.0020724445810876846
web_nju_gulou_05,NJU_campus_web,NJU_Gulou,0.1,0.01,2028,hqs_5000,hqs_round1,0.0027562398626633745,0.0026190679766461525,4.976776073642297,0.22170239022314675,0.00625063951611049
web_nju_gulou_05,NJU_campus_web,NJU_Gulou,0.1,0.05,2026,hqs_10000,hqs,0.0037850587885776537,0.003337933085586973,11.812913034270245,0.5459500296450486,0.025450693810643576
web_nju_gulou_05,NJU_campus_web,NJU_Gulou,0.1,0.05,2026,hqs_10000,hqs_round1,0.0037283234240140886,0.003337933085586973,10.47093543206622,0.4803595314929723,0.018598551431164068
web_nju_gulou_05,NJU_campus_web,NJU_Gulou,0.1,0.05,2026,hqs_10000,hqs_5000,0.003375554111292716,0.003337933085586973,1.1145140757745309,0.04867447994233487,0.0013972451230510607
web_nju_gulou_05,NJU_campus_web,NJU_Gulou,0.1,0.05,2026,hqs_5000,hqs_round1,0.0037283234240140886,0.003375554111292716,9.46187528821103,0.4316850515506374,0.017201306308113007
web_nju_gulou_05,NJU_campus_web,NJU_Gulou,0.1,0.05,2027,hqs_10000,hqs,0.003849245093280583,0.0033825934705219414,12.123198483080488,0.5612575863399734,0.026109379739480132
web_nju_gulou_05,NJU_campus_web,NJU_Gulou,0.1,0.05,2027,hqs_10000,hqs_round1,0.0038215590463234706,0.0033825934705219414,11.486557462034664,0.5299076798320748,0.02064909399937276
web_nju_gulou_05,NJU_campus_web,NJU_Gulou,0.1,0.05,2027,hqs_10000,hqs_5000,0.0034426446116845905,0.0033825934705219414,1.744331696592527,0.07642386073319685,0.0016390522367730753
web_nju_gulou_05,NJU_campus_web,NJU_Gulou,0.1,0.05,2027,hqs_5000,hqs_round1,0.0038215590463234706,0.0034426446116845905,9.915179382179495,0.4534838190988779,0.019010041762599683
web_nju_gulou_05,NJU_campus_web,NJU_Gulou,0.1,0.05,2028,hqs_10000,hqs,0.0038080163991439722,0.0033501318316199583,12.024227827037315,0.5563691262593267,0.024677471808760898
web_nju_gulou_05,NJU_campus_web,NJU_Gulou,0.1,0.05,2028,hqs_10000,hqs_round1,0.0037578159186281985,0.0033501318316199583,10.848963755442986,0.4987360444961908,0.018842851740040745
web_nju_gulou_05,NJU_campus_web,NJU_Gulou,0.1,0.05,2028,hqs_10000,hqs_5000,0.003395551571602989,0.0033501318316199583,1.33762480189894,0.05848433542314524,0.0024053295960742016
web_nju_gulou_05,NJU_campus_web,NJU_Gulou,0.1,0.05,2028,hqs_5000,hqs_round1,0.0037578159186281985,0.003395551571602989,9.640289861709228,0.44025170907304556,0.016437522143966543
web_nju_gulou_06,NJU_campus_web,NJU_Gulou,0.01,0.0,2026,hqs_10000,hqs,0.009404507283595223,0.009442394538588248,-0.4028627322040901,-0.01746095787834534,-0.0007032985380588941
web_nju_gulou_06,NJU_campus_web,NJU_Gulou,0.01,0.0,2026,hqs_10000,hqs_round1,0.00945152696697987,0.009442394538588248,0.09662384103147348,0.004198348727719292,0.0004206806905545646
web_nju_gulou_06,NJU_campus_web,NJU_Gulou,0.01,0.0,2026,hqs_10000,hqs_5000,0.00943152556983513,0.009442394538588248,-0.11524083429175214,-0.005001964242872248,0.0015392448255329705
web_nju_gulou_06,NJU_campus_web,NJU_Gulou,0.01,0.0,2026,hqs_5000,hqs_round1,0.00945152696697987,0.00943152556983513,0.21162080174575992,0.00920031297059154,-0.001118564134978406
web_nju_gulou_06,NJU_campus_web,NJU_Gulou,0.04,0.0,2026,hqs_10000,hqs,0.0051715881251300465,0.005138431187378647,0.6411364739253189,0.02793384631034712,0.0010069946264084084
web_nju_gulou_06,NJU_campus_web,NJU_Gulou,0.04,0.0,2026,hqs_10000,hqs_round1,0.005161858048786764,0.005138431187378647,0.45384551815839114,0.01975512327420148,0.0004939233578981073
web_nju_gulou_06,NJU_campus_web,NJU_Gulou,0.04,0.0,2026,hqs_10000,hqs_5000,0.00516899194201337,0.005138431187378647,0.5912323907167671,0.025753102062047617,0.0018309533868088312
web_nju_gulou_06,NJU_campus_web,NJU_Gulou,0.04,0.0,2026,hqs_5000,hqs_round1,0.005161858048786764,0.00516899194201337,-0.138203979248952,-0.005997978787846137,-0.001337030028910724
web_nju_gulou_06,NJU_campus_web,NJU_Gulou,0.1,0.0,2026,hqs_10000,hqs,0.003003791094262469,0.00298980500415329,0.4656146073504841,0.020268608972234148,-0.0021930464618206136
web_nju_gulou_06,NJU_campus_web,NJU_Gulou,0.1,0.0,2026,hqs_10000,hqs_round1,0.0029799339769808354,0.00298980500415329,-0.33124986153068026,-0.014362224386132993,-0.0031189817633628936
web_nju_gulou_06,NJU_campus_web,NJU_Gulou,0.1,0.0,2026,hqs_10000,hqs_5000,0.002994119913855113,0.00298980500415329,0.14411278859794985,0.006263253045055706,0.0014765048649907353
web_nju_gulou_06,NJU_campus_web,NJU_Gulou,0.1,0.0,2026,hqs_5000,hqs_round1,0.0029799339769808354,0.002994119913855113,-0.47604869718120835,-0.0206254774311887,-0.004595486628353629
web_nju_gulou_06,NJU_campus_web,NJU_Gulou,0.25,0.0,2026,hqs_10000,hqs,0.0013687106822168917,0.0013213456619805008,3.4605575050874915,0.1529521351486416,0.0023381650328635484
web_nju_gulou_06,NJU_campus_web,NJU_Gulou,0.25,0.0,2026,hqs_10000,hqs_round1,0.001329375016011049,0.0013213456619805008,0.6039946541677388,0.02631069235714989,0.00029208599758145937
web_nju_gulou_06,NJU_campus_web,NJU_Gulou,0.25,0.0,2026,hqs_10000,hqs_5000,0.0013214709662416572,0.0013213456619805008,0.009482180415409935,0.00041182538840445204,0.0002983429431915319
web_nju_gulou_06,NJU_campus_web,NJU_Gulou,0.25,0.0,2026,hqs_5000,hqs_round1,0.001329375016011049,0.0013214709662416572,0.5945688518435577,0.025898866968745438,-6.256945610072506e-06
web_nju_gulou_06,NJU_campus_web,NJU_Gulou,0.5,0.0,2026,hqs_10000,hqs,0.0004245532045834728,0.000401855348510795,5.34629248528381,0.2386237037796377,0.001328175506591811
web_nju_gulou_06,NJU_campus_web,NJU_Gulou,0.5,0.0,2026,hqs_10000,hqs_round1,0.0004065472528324183,0.000401855348510795,1.1540858507675944,0.050412777829436095,1.9991682052578064e-05
web_nju_gulou_06,NJU_campus_web,NJU_Gulou,0.5,0.0,2026,hqs_10000,hqs_5000,0.0004032247142330011,0.000401855348510795,0.33960361899217917,0.014773898346177816,1.042314910881803e-05
web_nju_gulou_06,NJU_campus_web,NJU_Gulou,0.5,0.0,2026,hqs_5000,hqs_round1,0.0004065472528324183,0.0004032247142330011,0.8172576683937782,0.03563887948325828,9.568532943760033e-06
web_nju_gulou_06,NJU_campus_web,NJU_Gulou,0.1,0.01,2026,hqs_10000,hqs,0.0030445617717736236,0.0030386139298939556,0.1953595402402697,0.0084926553412501,-0.003614589436709892
web_nju_gulou_06,NJU_campus_web,NJU_Gulou,0.1,0.01,2026,hqs_10000,hqs_round1,0.0030244376007654288,0.0030386139298939556,-0.4687261236581364,-0.020308957304834507,-0.004452262509286431
web_nju_gulou_06,NJU_campus_web,NJU_Gulou,0.1,0.01,2026,hqs_10000,hqs_5000,0.003039766602565401,0.0030386139298939556,0.03791977550093861,0.0016471472425187983,0.0006163056250214627
web_nju_gulou_06,NJU_campus_web,NJU_Gulou,0.1,0.01,2026,hqs_5000,hqs_round1,0.0030244376007654288,0.003039766602565401,-0.5068380910253412,-0.021956104547353306,-0.005068568134307894
web_nju_gulou_06,NJU_campus_web,NJU_Gulou,0.1,0.01,2027,hqs_10000,hqs,0.0030583274124172033,0.0030529095712879357,0.17715046163044867,0.0077003694308501736,-0.003210391086697628
web_nju_gulou_06,NJU_campus_web,NJU_Gulou,0.1,0.01,2027,hqs_10000,hqs_round1,0.0030456530420370767,0.0030529095712879357,-0.2382585655917424,-0.010335130746447874,-0.0038029975425005746
web_nju_gulou_06,NJU_campus_web,NJU_Gulou,0.1,0.01,2027,hqs_10000,hqs_5000,0.0030572455256390007,0.0030529095712879357,0.14182551956335443,0.006163775991517184,0.0010705052244662783
web_nju_gulou_06,NJU_campus_web,NJU_Gulou,0.1,0.01,2027,hqs_5000,hqs_round1,0.0030456530420370767,0.0030572455256390007,-0.38062390698878623,-0.016498906737965058,-0.004873502766966853
web_nju_gulou_06,NJU_campus_web,NJU_Gulou,0.1,0.01,2028,hqs_10000,hqs,0.003058282267950162,0.0030480154674324554,0.335704804795145,0.014604001332561012,-0.002961284141302145
web_nju_gulou_06,NJU_campus_web,NJU_Gulou,0.1,0.01,2028,hqs_10000,hqs_round1,0.0030399828385263214,0.0030480154674324554,-0.26423270566975354,-0.01146034626867376,-0.0038655973750352235
web_nju_gulou_06,NJU_campus_web,NJU_Gulou,0.1,0.01,2028,hqs_10000,hqs_5000,0.0030517933755456438,0.0030480154674324554,0.12379305045554512,0.0053795943404821855,0.001013611419320104
web_nju_gulou_06,NJU_campus_web,NJU_Gulou,0.1,0.01,2028,hqs_5000,hqs_round1,0.0030399828385263214,0.0030517933755456438,-0.38850670042096525,-0.016839940609155946,-0.0048792087943553275
web_nju_gulou_06,NJU_campus_web,NJU_Gulou,0.1,0.05,2026,hqs_10000,hqs,0.003923215391057432,0.003752082518818477,4.362056506737688,0.19369771108443956,0.006670382251158458
web_nju_gulou_06,NJU_campus_web,NJU_Gulou,0.1,0.05,2026,hqs_10000,hqs_round1,0.003943989382829629,0.003752082518818477,4.8658057967049695,0.21663355989572253,0.006384677724719068
web_nju_gulou_06,NJU_campus_web,NJU_Gulou,0.1,0.05,2026,hqs_10000,hqs_5000,0.0037367889435502193,0.003752082518818477,-0.40927051271264503,-0.01773811879208509,-0.006023237787961877
web_nju_gulou_06,NJU_campus_web,NJU_Gulou,0.1,0.05,2026,hqs_5000,hqs_round1,0.003943989382829629,0.0037367889435502193,5.253574976176867,0.23437167868780762,0.012407915512680945
web_nju_gulou_06,NJU_campus_web,NJU_Gulou,0.1,0.05,2027,hqs_10000,hqs,0.0039586502603726785,0.003753668078142713,5.178082648065696,0.23091267252180359,0.006440058999737319
web_nju_gulou_06,NJU_campus_web,NJU_Gulou,0.1,0.05,2027,hqs_10000,hqs_round1,0.0039695598844326635,0.003753668078142713,5.438683697318902,0.24286490999494248,0.004799270224531638
web_nju_gulou_06,NJU_campus_web,NJU_Gulou,0.1,0.05,2027,hqs_10000,hqs_5000,0.003743018073185327,0.003753668078142713,-0.2845298833495269,-0.012339429458300799,-0.005467765310088635
web_nju_gulou_06,NJU_campus_web,NJU_Gulou,0.1,0.05,2027,hqs_5000,hqs_round1,0.0039695598844326635,0.003743018073185327,5.706975529850567,0.2552043394532433,0.010267035534620272
web_nju_gulou_06,NJU_campus_web,NJU_Gulou,0.1,0.05,2028,hqs_10000,hqs,0.003964814432593769,0.003747955825175999,5.469577734459097,0.24428402117078107,0.006939816303530688
web_nju_gulou_06,NJU_campus_web,NJU_Gulou,0.1,0.05,2028,hqs_10000,hqs_round1,0.003986774832656098,0.003747955825175999,5.990280803518344,0.26827244536479355,0.005443323662715049
web_nju_gulou_06,NJU_campus_web,NJU_Gulou,0.1,0.05,2028,hqs_10000,hqs_5000,0.0037524323741202487,0.003747955825175999,0.11929725836296035,0.005184106965256063,-0.0037735801480691666
web_nju_gulou_06,NJU_campus_web,NJU_Gulou,0.1,0.05,2028,hqs_5000,hqs_round1,0.003986774832656098,0.0037524323741202487,5.87799583303088,0.2630883383995375,0.009216903810784216
web_nju_gulou_07,NJU_campus_web,NJU_Gulou,0.01,0.0,2026,hqs_10000,hqs,0.005048188467858753,0.004894843811028291,3.0376175098610125,0.1339672187407146,0.006702295290677562
web_nju_gulou_07,NJU_campus_web,NJU_Gulou,0.01,0.0,2026,hqs_10000,hqs_round1,0.0049625426572106725,0.004894843811028291,1.364196760787817,0.05965414401235236,0.003480694195831413
web_nju_gulou_07,NJU_campus_web,NJU_Gulou,0.01,0.0,2026,hqs_10000,hqs_5000,0.0049569519881551335,0.004894843811028291,1.252950952021581,0.054758739428034886,0.0021877149364941673
web_nju_gulou_07,NJU_campus_web,NJU_Gulou,0.01,0.0,2026,hqs_5000,hqs_round1,0.0049625426572106725,0.0049569519881551335,0.11265735010691502,0.004895404584317475,0.0012929792593372458
web_nju_gulou_07,NJU_campus_web,NJU_Gulou,0.04,0.0,2026,hqs_10000,hqs,0.001971505593056417,0.0019031964431865088,3.464821510549654,0.15314396088253446,0.003907534848786476
web_nju_gulou_07,NJU_campus_web,NJU_Gulou,0.04,0.0,2026,hqs_10000,hqs_round1,0.0019738768452699576,0.0019031964431865088,3.5807908812964584,0.15836435151203077,0.004127848098153364
web_nju_gulou_07,NJU_campus_web,NJU_Gulou,0.04,0.0,2026,hqs_10000,hqs_5000,0.0019250010459364608,0.0019031964431865088,1.132706020912555,0.049473524225273735,0.0018233625660646346
web_nju_gulou_07,NJU_campus_web,NJU_Gulou,0.04,0.0,2026,hqs_5000,hqs_round1,0.0019738768452699576,0.0019250010459364608,2.476132158428168,0.10889082728675703,0.002304485532088729
web_nju_gulou_07,NJU_campus_web,NJU_Gulou,0.1,0.0,2026,hqs_10000,hqs,0.0009736325977949025,0.0009053761887402909,7.0104892963937075,0.3156603747253932,0.0028437710585593745
web_nju_gulou_07,NJU_campus_web,NJU_Gulou,0.1,0.0,2026,hqs_10000,hqs_round1,0.0009283673201363465,0.0009053761887402909,2.4765123564107094,0.10890775834285193,0.0006679322235584317
web_nju_gulou_07,NJU_campus_web,NJU_Gulou,0.1,0.0,2026,hqs_10000,hqs_5000,0.0009142626693355169,0.0009053761887402909,0.9719833143449486,0.042419188304787525,0.0004663339264392441
web_nju_gulou_07,NJU_campus_web,NJU_Gulou,0.1,0.0,2026,hqs_5000,hqs_round1,0.0009283673201363465,0.0009142626693355169,1.5192963490742062,0.06648857003806441,0.00020159829711918764
web_nju_gulou_07,NJU_campus_web,NJU_Gulou,0.25,0.0,2026,hqs_10000,hqs,0.0003329541504464836,0.00031136327874912333,6.484638100593565,0.2911704110461386,0.0017962982692718565
web_nju_gulou_07,NJU_campus_web,NJU_Gulou,0.25,0.0,2026,hqs_10000,hqs_round1,0.00032325175105448557,0.00031136327874912333,3.6777750674453102,0.16273494267613842,0.0009793122086524386
web_nju_gulou_07,NJU_campus_web,NJU_Gulou,0.25,0.0,2026,hqs_10000,hqs_5000,0.0003143349218431366,0.00031136327874912333,0.9453747857822159,0.041252408915639194,0.00036807440900799016
web_nju_gulou_07,NJU_campus_web,NJU_Gulou,0.25,0.0,2026,hqs_5000,hqs_round1,0.00032325175105448557,0.0003143349218431366,2.7584782394097562,0.12148253376049922,0.0006112377996444485
web_nju_gulou_07,NJU_campus_web,NJU_Gulou,0.5,0.0,2026,hqs_10000,hqs,8.815193906214444e-05,7.904068110767477e-05,10.335856535210775,0.47381195848150526,0.000991453087329841
web_nju_gulou_07,NJU_campus_web,NJU_Gulou,0.5,0.0,2026,hqs_10000,hqs_round1,8.280332332724623e-05,7.904068110767477e-05,4.544071503870883,0.20197093638054753,0.0004615609655380659
web_nju_gulou_07,NJU_campus_web,NJU_Gulou,0.5,0.0,2026,hqs_10000,hqs_5000,7.9392045249671e-05,7.904068110767477e-05,0.4425684473693403,0.01926316130420247,0.00010107217121124723
web_nju_gulou_07,NJU_campus_web,NJU_Gulou,0.5,0.0,2026,hqs_5000,hqs_round1,8.280332332724623e-05,7.9392045249671e-05,4.119735706855088,0.18270777507634506,0.0003604887943268187
web_nju_gulou_07,NJU_campus_web,NJU_Gulou,0.1,0.01,2026,hqs_10000,hqs,0.0010560644300422867,0.001005496072841403,4.788378034743468,0.21310036412630495,0.002572238342285149
web_nju_gulou_07,NJU_campus_web,NJU_Gulou,0.1,0.01,2026,hqs_10000,hqs_round1,0.0010288754099460039,0.001005496072841403,2.272319551871471,0.09982409021919025,0.0006319031429290467
web_nju_gulou_07,NJU_campus_web,NJU_Gulou,0.1,0.01,2026,hqs_10000,hqs_5000,0.0010107572709026342,0.001005496072841403,0.5205204268807995,0.022664954076685007,0.00029960449981691895
web_nju_gulou_07,NJU_campus_web,NJU_Gulou,0.1,0.01,2026,hqs_5000,hqs_round1,0.0010288754099460039,0.0010107572709026342,1.7609653091349986,0.07715913614250525,0.00033229864311212776
web_nju_gulou_07,NJU_campus_web,NJU_Gulou,0.1,0.01,2027,hqs_10000,hqs,0.0010576038633612888,0.0010030405479308992,5.159144867055976,0.2300453885828837,0.002581940870285071
web_nju_gulou_07,NJU_campus_web,NJU_Gulou,0.1,0.01,2027,hqs_10000,hqs_round1,0.0010333175037521038,0.0010030405479308992,2.9300728683357424,0.12915296391413378,0.0008101288795471229
web_nju_gulou_07,NJU_campus_web,NJU_Gulou,0.1,0.01,2027,hqs_10000,hqs_5000,0.001009390741111071,0.0010030405479308992,0.6291114948391408,0.027408270042563743,-7.194311475755555e-05
web_nju_gulou_07,NJU_campus_web,NJU_Gulou,0.1,0.01,2027,hqs_5000,hqs_round1,0.0010333175037521038,0.001009390741111071,2.315528630275965,0.10174469387157004,0.0008820719943046784
web_nju_gulou_07,NJU_campus_web,NJU_Gulou,0.1,0.01,2028,hqs_10000,hqs,0.0010395729726761296,0.0009898397336996802,4.784006537648167,0.21290096898477273,0.0027424769632815593
web_nju_gulou_07,NJU_campus_web,NJU_Gulou,0.1,0.01,2028,hqs_10000,hqs_round1,0.0010149250823201935,0.0009898397336996802,2.4716453517107273,0.10869102485700566,0.0010043465161323484
web_nju_gulou_07,NJU_campus_web,NJU_Gulou,0.1,0.01,2028,hqs_10000,hqs_5000,0.0009965130759534194,0.0009898397336996802,0.6696693113991015,0.02918118681138182,2.6412767171857254e-05
web_nju_gulou_07,NJU_campus_web,NJU_Gulou,0.1,0.01,2028,hqs_5000,hqs_round1,0.0010149250823201935,0.0009965130759534194,1.8141246765409402,0.07950983804562384,0.0009779337489604911
web_nju_gulou_07,NJU_campus_web,NJU_Gulou,0.1,0.05,2026,hqs_10000,hqs,0.0022093501832052696,0.0017380171878366227,21.333557665577896,1.0421049022067663,0.0907415012901891
web_nju_gulou_07,NJU_campus_web,NJU_Gulou,0.1,0.05,2026,hqs_10000,hqs_round1,0.0022266873821616545,0.0017380171878366227,21.946062039954338,1.076051811195022,0.08434396994280635
web_nju_gulou_07,NJU_campus_web,NJU_Gulou,0.1,0.05,2026,hqs_10000,hqs_5000,0.0017555202203373922,0.0017380171878366227,0.9970282482650972,0.04351769079118739,0.0034820009976626043
web_nju_gulou_07,NJU_campus_web,NJU_Gulou,0.1,0.05,2026,hqs_5000,hqs_round1,0.0022266873821616545,0.0017555202203373922,21.16000501906361,1.0325341204038345,0.08086196894514375
web_nju_gulou_07,NJU_campus_web,NJU_Gulou,0.1,0.05,2027,hqs_10000,hqs,0.0022171004760025677,0.0017231633783596934,22.278516602614374,1.094589190198736,0.09374976118881995
web_nju_gulou_07,NJU_campus_web,NJU_Gulou,0.1,0.05,2027,hqs_10000,hqs_round1,0.002240836665567013,0.0017231633783596934,23.101785826783118,1.1408374581265406,0.08726407434933725
web_nju_gulou_07,NJU_campus_web,NJU_Gulou,0.1,0.05,2027,hqs_10000,hqs_5000,0.0017342449272919282,0.0017231633783596934,0.6389840764613908,0.027839766710048508,0.0035722753704785504
web_nju_gulou_07,NJU_campus_web,NJU_Gulou,0.1,0.05,2027,hqs_5000,hqs_round1,0.002240836665567013,0.0017342449272919282,22.607258532468666,1.112997691416492,0.0836917989788587
web_nju_gulou_07,NJU_campus_web,NJU_Gulou,0.1,0.05,2028,hqs_10000,hqs,0.0021959226648763396,0.001713940124394054,21.948976081515504,1.076213952379387,0.09406404223306197
web_nju_gulou_07,NJU_campus_web,NJU_Gulou,0.1,0.05,2028,hqs_10000,hqs_round1,0.002217413835753183,0.001713940124394054,22.705446463858436,1.1185110702001957,0.08806583155808512
web_nju_gulou_07,NJU_campus_web,NJU_Gulou,0.1,0.05,2028,hqs_10000,hqs_5000,0.0017200728671750945,0.001713940124394054,0.3565397081759958,0.015511992452136525,0.0023677690246105554
web_nju_gulou_07,NJU_campus_web,NJU_Gulou,0.1,0.05,2028,hqs_5000,hqs_round1,0.002217413835753183,0.0017200728671750945,22.42887459972748,1.1029990777480592,0.08569806253347456
web_nju_gulou_08,NJU_campus_web,NJU_Gulou,0.01,0.0,2026,hqs_10000,hqs,0.003424062164063426,0.0033732123501420477,1.4850727435693933,0.06497959005686837,0.0030118250377201283
web_nju_gulou_08,NJU_campus_web,NJU_Gulou,0.01,0.0,2026,hqs_10000,hqs_round1,0.003435140991441897,0.0033732123501420477,1.8027976567522197,0.07900885168217897,0.0036003394349168882
web_nju_gulou_08,NJU_campus_web,NJU_Gulou,0.01,0.0,2026,hqs_10000,hqs_5000,0.0033989881304069985,0.0033732123501420477,0.758336871916776,0.03305966273094896,0.0024849166325784378
web_nju_gulou_08,NJU_campus_web,NJU_Gulou,0.01,0.0,2026,hqs_5000,hqs_round1,0.003435140991441897,0.0033989881304069985,1.0524418393587753,0.04594918895123001,0.0011154228023384505
web_nju_gulou_08,NJU_campus_web,NJU_Gulou,0.04,0.0,2026,hqs_10000,hqs,0.0015521861218521376,0.0015136946873056155,2.47982081559861,0.1090550941259032,0.004025689218550954
web_nju_gulou_08,NJU_campus_web,NJU_Gulou,0.04,0.0,2026,hqs_10000,hqs_round1,0.0015515834712552573,0.0015136946873056155,2.4419429989795627,0.10736857826717738,0.004166542322814437
web_nju_gulou_08,NJU_campus_web,NJU_Gulou,0.04,0.0,2026,hqs_10000,hqs_5000,0.0015501211608334518,0.0015136946873056155,2.349911377782299,0.10327358232525796,0.00417588340163233
web_nju_gulou_08,NJU_campus_web,NJU_Gulou,0.04,0.0,2026,hqs_5000,hqs_round1,0.0015515834712552573,0.0015501211608334518,0.09424632634313923,0.0040949959419194215,-9.3410788178927e-06
web_nju_gulou_08,NJU_campus_web,NJU_Gulou,0.1,0.0,2026,hqs_10000,hqs,0.0008572579121470976,0.0007926156442806598,7.540585738606254,0.34048862183361095,0.007251900179862991
web_nju_gulou_08,NJU_campus_web,NJU_Gulou,0.1,0.0,2026,hqs_10000,hqs_round1,0.0008140906423893684,0.0007926156442806598,2.637912413005894,0.11610122762869679,0.0032772192909718
web_nju_gulou_08,NJU_campus_web,NJU_Gulou,0.1,0.0,2026,hqs_10000,hqs_5000,0.0007925962240329494,0.0007926156442806598,-0.0024502069428944395,-0.00010640983185794539,0.0010124290208817222
web_nju_gulou_08,NJU_campus_web,NJU_Gulou,0.1,0.0,2026,hqs_5000,hqs_round1,0.0008140906423893684,0.0007925962240329494,2.6402979271856752,0.11620763746055474,0.002264790270090078
web_nju_gulou_08,NJU_campus_web,NJU_Gulou,0.25,0.0,2026,hqs_10000,hqs,0.00030164410647993517,0.0002457322245643021,18.535711692862876,0.890327322428135,0.003397804090499945
web_nju_gulou_08,NJU_campus_web,NJU_Gulou,0.25,0.0,2026,hqs_10000,hqs_round1,0.00028538568989809344,0.0002457322245643021,13.894692949723918,0.6497008023484199,0.00217087292885787
web_nju_gulou_08,NJU_campus_web,NJU_Gulou,0.25,0.0,2026,hqs_10000,hqs_5000,0.0002539707373941317,0.0002457322245643021,3.243882706472778,0.14321567675069957,0.0007775516300201346
web_nju_gulou_08,NJU_campus_web,NJU_Gulou,0.25,0.0,2026,hqs_5000,hqs_round1,0.00028538568989809344,0.0002539707373941317,11.007893393386158,0.5064851255977203,0.0013933212988377353
web_nju_gulou_08,NJU_campus_web,NJU_Gulou,0.5,0.0,2026,hqs_10000,hqs,6.481825047130108e-05,5.7114521308059216e-05,11.885123568172773,0.549507634740138,0.000788466074943539
web_nju_gulou_08,NJU_campus_web,NJU_Gulou,0.5,0.0,2026,hqs_10000,hqs_round1,6.029500907294748e-05,5.7114521308059216e-05,5.27487733029508,0.2353482363817463,0.00030459196376797504
web_nju_gulou_08,NJU_campus_web,NJU_Gulou,0.5,0.0,2026,hqs_10000,hqs_5000,5.876303008268883e-05,5.7114521308059216e-05,2.8053501875412112,0.12357640638298761,0.0002233197097778472
web_nju_gulou_08,NJU_campus_web,NJU_Gulou,0.5,0.0,2026,hqs_5000,hqs_round1,6.029500907294748e-05,5.876303008268883e-05,2.5408056384985334,0.11177182999875868,8.127225399012783e-05
web_nju_gulou_08,NJU_campus_web,NJU_Gulou,0.1,0.01,2026,hqs_10000,hqs,0.0009535942494111294,0.0008954645553333735,6.095851995086232,0.27315223326468896,0.009728113166809105
web_nju_gulou_08,NJU_campus_web,NJU_Gulou,0.1,0.01,2026,hqs_10000,hqs_round1,0.0009210751683289902,0.0008954645553333735,2.7805128046258565,0.12246674032991223,0.005262547504425008
web_nju_gulou_08,NJU_campus_web,NJU_Gulou,0.1,0.01,2026,hqs_10000,hqs_5000,0.0008950485301750593,0.0008954645553333735,-0.04648073755653126,-0.002018163791177585,0.0003845717132091586
web_nju_gulou_08,NJU_campus_web,NJU_Gulou,0.1,0.01,2026,hqs_5000,hqs_round1,0.0009210751683289902,0.0008950485301750593,2.8256801452098967,0.12448490412108981,0.0048779757912158495
web_nju_gulou_08,NJU_campus_web,NJU_Gulou,0.1,0.01,2027,hqs_10000,hqs,0.0009717436316414262,0.0009097630781757082,6.378282444827887,0.28623395702794596,0.009228826833963422
web_nju_gulou_08,NJU_campus_web,NJU_Gulou,0.1,0.01,2027,hqs_10000,hqs_round1,0.0009414702847094028,0.0009097630781757082,3.3678393305298537,0.14878309642709553,0.00459923185181621
web_nju_gulou_08,NJU_campus_web,NJU_Gulou,0.1,0.01,2027,hqs_10000,hqs_5000,0.0009108563457264588,0.0009097630781757082,0.1200263417914349,0.00521580859097881,0.000788182779192903
web_nju_gulou_08,NJU_campus_web,NJU_Gulou,0.1,0.01,2027,hqs_5000,hqs_round1,0.0009414702847094028,0.0009108563457264588,3.2517159043839006,0.14356728783611672,0.003811049072623307
web_nju_gulou_08,NJU_campus_web,NJU_Gulou,0.1,0.01,2028,hqs_10000,hqs,0.0009666577166625503,0.0009101239091618467,5.8483790618141684,0.2617219865900253,0.009703405151128774
web_nju_gulou_08,NJU_campus_web,NJU_Gulou,0.1,0.01,2028,hqs_10000,hqs_round1,0.0009400239388902348,0.0009101239091618467,3.180773221976363,0.14038390063013395,0.005497525226473843
web_nju_gulou_08,NJU_campus_web,NJU_Gulou,0.1,0.01,2028,hqs_10000,hqs_5000,0.0009127063968281598,0.0009101239091618467,0.28294834738616936,0.012305708213929734,0.0006165677430629568
web_nju_gulou_08,NJU_campus_web,NJU_Gulou,0.1,0.01,2028,hqs_5000,hqs_round1,0.0009400239388902348,0.0009127063968281598,2.906047487931551,0.12807819241620422,0.004880957483410886
web_nju_gulou_08,NJU_campus_web,NJU_Gulou,0.1,0.05,2026,hqs_10000,hqs,0.002094069399554776,0.0015335855184004518,26.7652963781186,1.3528307167460731,0.15315923715835444
web_nju_gulou_08,NJU_campus_web,NJU_Gulou,0.1,0.05,2026,hqs_10000,hqs_round1,0.0021111527186073536,0.0015335855184004518,27.357907133686698,1.3881165199801444,0.1490745358343385
web_nju_gulou_08,NJU_campus_web,NJU_Gulou,0.1,0.05,2026,hqs_10000,hqs_5000,0.001531570534639642,0.0015335855184004518,-0.13156323624912147,-0.005709963469136881,0.0026460926801264995
web_nju_gulou_08,NJU_campus_web,NJU_Gulou,0.1,0.05,2026,hqs_5000,hqs_round1,0.0021111527186073536,0.001531570534639642,27.45335185178075,1.3938264834492813,0.146428443154212
web_nju_gulou_08,NJU_campus_web,NJU_Gulou,0.1,0.05,2027,hqs_10000,hqs,0.0021237765549747276,0.001571647565315855,25.99750846507687,1.3075365808452588,0.14358117328816644
web_nju_gulou_08,NJU_campus_web,NJU_Gulou,0.1,0.05,2027,hqs_10000,hqs_round1,0.002144011673731507,0.001571647565315855,26.695941791188627,1.3487198158115987,0.14047205265054097
web_nju_gulou_08,NJU_campus_web,NJU_Gulou,0.1,0.05,2027,hqs_10000,hqs_5000,0.001572963530321967,0.001571647565315855,0.08366150776825121,0.0036348938327392943,0.0026403569513074876
web_nju_gulou_08,NJU_campus_web,NJU_Gulou,0.1,0.05,2027,hqs_5000,hqs_round1,0.002144011673731507,0.001572963530321967,26.634563160547977,1.3450849219788594,0.13783169569923348
web_nju_gulou_08,NJU_campus_web,NJU_Gulou,0.1,0.05,2028,hqs_10000,hqs,0.0021339439444105278,0.001566164200160781,26.607059934115927,1.343457144421528,0.16095662541681155
web_nju_gulou_08,NJU_campus_web,NJU_Gulou,0.1,0.05,2028,hqs_10000,hqs_round1,0.002155414088436085,0.001566164200160781,27.3381291992412,1.3869342469533947,0.15712132612603058
web_nju_gulou_08,NJU_campus_web,NJU_Gulou,0.1,0.05,2028,hqs_10000,hqs_5000,0.0015714718257776967,0.001566164200160781,0.33774869710369027,0.014693066353434148,0.0031593433212339095
web_nju_gulou_08,NJU_campus_web,NJU_Gulou,0.1,0.05,2028,hqs_5000,hqs_round1,0.002155414088436085,0.0015714718257776967,27.09188298393661,1.3722411805999606,0.15396198280479667
web_nju_gulou_09,NJU_campus_web,NJU_Gulou,0.01,0.0,2026,hqs_10000,hqs,0.0019691742007347914,0.002023572591765152,-2.762497650541129,-0.11834651283930953,-0.00043311255400824145
web_nju_gulou_09,NJU_campus_web,NJU_Gulou,0.01,0.0,2026,hqs_10000,hqs_round1,0.001959419845982745,0.002023572591765152,-3.274068388861884,-0.1399128599767785,-0.0015883181960174575
web_nju_gulou_09,NJU_campus_web,NJU_Gulou,0.01,0.0,2026,hqs_10000,hqs_5000,0.0019625623754470213,0.002023572591765152,-3.1087020255462727,-0.13295319814981355,-0.0015528061368774715
web_nju_gulou_09,NJU_campus_web,NJU_Gulou,0.01,0.0,2026,hqs_5000,hqs_round1,0.001959419845982745,0.0019625623754470213,-0.16038060810292798,-0.006959661826964947,-3.551205913998601e-05
web_nju_gulou_09,NJU_campus_web,NJU_Gulou,0.04,0.0,2026,hqs_10000,hqs,0.0009148017641983693,0.0009020258199309783,1.3965806328091634,0.061080243432343195,0.0012720128567814681
web_nju_gulou_09,NJU_campus_web,NJU_Gulou,0.04,0.0,2026,hqs_10000,hqs_round1,0.0008974336340894727,0.0009020258199309783,-0.5117019985733995,-0.022166271053194464,0.0004687462719679125
web_nju_gulou_09,NJU_campus_web,NJU_Gulou,0.04,0.0,2026,hqs_10000,hqs_5000,0.0008928242804521983,0.0009020258199309783,-1.0306103541583456,-0.04452976691513655,0.00012679341572519043
web_nju_gulou_09,NJU_campus_web,NJU_Gulou,0.04,0.0,2026,hqs_5000,hqs_round1,0.0008974336340894727,0.0008928242804521983,0.5136149863550599,0.022363495861942084,0.0003419528562427221
web_nju_gulou_09,NJU_campus_web,NJU_Gulou,0.1,0.0,2026,hqs_10000,hqs,0.00047921945592368283,0.0004647854965032876,3.011972749014158,0.132818741848574,0.0008673902645111031
web_nju_gulou_09,NJU_campus_web,NJU_Gulou,0.1,0.0,2026,hqs_10000,hqs_round1,0.00047062621500457586,0.0004647854965032876,1.241052520041086,0.054235471937474244,8.236005878448083e-05
web_nju_gulou_09,NJU_campus_web,NJU_Gulou,0.1,0.0,2026,hqs_10000,hqs_5000,0.000466211488982373,0.0004647854965032876,0.3058681548577913,0.013304041986430093,0.0008681030511855647
web_nju_gulou_09,NJU_campus_web,NJU_Gulou,0.1,0.0,2026,hqs_5000,hqs_round1,0.00047062621500457586,0.000466211488982373,0.9380535723365835,0.04093142995104415,-0.0007857429924010839
web_nju_gulou_09,NJU_campus_web,NJU_Gulou,0.25,0.0,2026,hqs_10000,hqs,0.00020397394035226655,0.00019608544810431898,3.8674019996495668,0.17129320644652068,0.0010226973514557702
web_nju_gulou_09,NJU_campus_web,NJU_Gulou,0.25,0.0,2026,hqs_10000,hqs_round1,0.0001994669732800785,0.00019608544810431898,1.6952807375341328,0.07425632722788578,0.0002147910876274528
web_nju_gulou_09,NJU_campus_web,NJU_Gulou,0.25,0.0,2026,hqs_10000,hqs_5000,0.00019756670099896204,0.00019608544810431898,0.7497482557300206,0.032683829929716524,0.0004337842097282829
web_nju_gulou_09,NJU_campus_web,NJU_Gulou,0.25,0.0,2026,hqs_5000,hqs_round1,0.0001994669732800785,0.00019756670099896204,0.9526751471022776,0.04157249729816925,-0.0002189931221008301
web_nju_gulou_09,NJU_campus_web,NJU_Gulou,0.5,0.0,2026,hqs_10000,hqs,6.739342824861074e-05,6.091104950874789e-05,9.618710471219394,0.4392146659810692,0.0018345051174164517
web_nju_gulou_09,NJU_campus_web,NJU_Gulou,0.5,0.0,2026,hqs_10000,hqs_round1,6.469632396756503e-05,6.091104950874789e-05,5.850833906289421,0.2618352230163197,0.0012084395370484113
web_nju_gulou_09,NJU_campus_web,NJU_Gulou,0.5,0.0,2026,hqs_10000,hqs_5000,6.180303836143624e-05,6.091104950874789e-05,1.4432767002033442,0.06313743861395693,0.00023635562992097015
web_nju_gulou_09,NJU_campus_web,NJU_Gulou,0.5,0.0,2026,hqs_5000,hqs_round1,6.469632396756503e-05,6.180303836143624e-05,4.47210201244096,0.19869778440236274,0.0009720839071274412
web_nju_gulou_09,NJU_campus_web,NJU_Gulou,0.1,0.01,2026,hqs_10000,hqs,0.0005553349290365083,0.000546097598792702,1.6633800182230263,0.07284723323571285,0.001284635886669161
web_nju_gulou_09,NJU_campus_web,NJU_Gulou,0.1,0.01,2026,hqs_10000,hqs_round1,0.0005613701066720097,0.000546097598792702,2.7205773335256977,0.11979015512833513,0.0014895878381728789
web_nju_gulou_09,NJU_campus_web,NJU_Gulou,0.1,0.01,2026,hqs_10000,hqs_5000,0.0005475694059963972,0.000546097598792702,0.26878915943395754,0.01168908141264069,0.0006981668224333992
web_nju_gulou_09,NJU_campus_web,NJU_Gulou,0.1,0.01,2026,hqs_5000,hqs_round1,0.0005613701066720097,0.0005475694059963972,2.458396076240621,0.10810107371569444,0.0007914210157394796
web_nju_gulou_09,NJU_campus_web,NJU_Gulou,0.1,0.01,2027,hqs_10000,hqs,0.000578416222453162,0.000558128955270591,3.5073821229510527,0.15505910883115348,0.0028415691123008235
web_nju_gulou_09,NJU_campus_web,NJU_Gulou,0.1,0.01,2027,hqs_10000,hqs_round1,0.000581228201662484,0.000558128955270591,3.974212938364363,0.17612124515564886,0.0029105948610305132
web_nju_gulou_09,NJU_campus_web,NJU_Gulou,0.1,0.01,2027,hqs_10000,hqs_5000,0.0005635959229708054,0.000558128955270591,0.9700154804877181,0.042332888394625456,0.0011910934038161791
web_nju_gulou_09,NJU_campus_web,NJU_Gulou,0.1,0.01,2027,hqs_5000,hqs_round1,0.000581228201662484,0.0005635959229708054,3.033624081082953,0.1337883567610234,0.0017195014572143341
web_nju_gulou_09,NJU_campus_web,NJU_Gulou,0.1,0.01,2028,hqs_10000,hqs,0.0005644352306908219,0.0005515768384709306,2.278098800486572,0.10008092328710205,0.001629576535224997
web_nju_gulou_09,NJU_campus_web,NJU_Gulou,0.1,0.01,2028,hqs_10000,hqs_round1,0.0005688578860687332,0.0005515768384709306,3.037849702186357,0.13397761864671764,0.0016517238898278164
web_nju_gulou_09,NJU_campus_web,NJU_Gulou,0.1,0.01,2028,hqs_10000,hqs_5000,0.0005533041177448763,0.0005515768384709306,0.31217538755821117,0.013578810717511658,0.0005759482698440843
web_nju_gulou_09,NJU_campus_web,NJU_Gulou,0.1,0.01,2028,hqs_5000,hqs_round1,0.0005688578860687332,0.0005533041177448763,2.7342098448078223,0.12039880792920599,0.001075775619983732
web_nju_gulou_09,NJU_campus_web,NJU_Gulou,0.1,0.05,2026,hqs_10000,hqs,0.0018148527569645664,0.0010858415231236355,40.169166949953514,2.2307495024971935,0.14154618964294996
web_nju_gulou_09,NJU_campus_web,NJU_Gulou,0.1,0.05,2026,hqs_10000,hqs_round1,0.0018497776136194505,0.0010858415231236355,41.29880721180451,2.3135307394713287,0.1388197217986723
web_nju_gulou_09,NJU_campus_web,NJU_Gulou,0.1,0.05,2026,hqs_10000,hqs_5000,0.001089408168558995,0.0010858415231236355,0.32739294034092037,0.014241820840332764,0.0028983866204171926
web_nju_gulou_09,NJU_campus_web,NJU_Gulou,0.1,0.05,2026,hqs_5000,hqs_round1,0.0018497776136194505,0.001089408168558995,41.10599238860095,2.299288918630996,0.1359213351782551
web_nju_gulou_09,NJU_campus_web,NJU_Gulou,0.1,0.05,2027,hqs_10000,hqs,0.0018253784394258459,0.0010834829381997262,40.64338030964556,2.2653083973084023,0.14956855999265806
web_nju_gulou_09,NJU_campus_web,NJU_Gulou,0.1,0.05,2027,hqs_10000,hqs_round1,0.001860516555054358,0.0010834829381997262,41.764402189473095,2.348114619720711,0.14610285182717364
web_nju_gulou_09,NJU_campus_web,NJU_Gulou,0.1,0.05,2027,hqs_10000,hqs_5000,0.0010787399825244656,0.0010834829381997262,-0.43967552441701585,-0.019053010322945596,0.0022178062962070477
web_nju_gulou_09,NJU_campus_web,NJU_Gulou,0.1,0.05,2027,hqs_5000,hqs_round1,0.001860516555054358,0.0010787399825244656,42.01932900871454,2.3671676300436566,0.1438850455309666
web_nju_gulou_09,NJU_campus_web,NJU_Gulou,0.1,0.05,2028,hqs_10000,hqs,0.001754033049585891,0.001034839089774921,41.00230380384019,2.2916494681259785,0.14211635551923518
web_nju_gulou_09,NJU_campus_web,NJU_Gulou,0.1,0.05,2028,hqs_10000,hqs_round1,0.001780836662489785,0.001034839089774921,41.89028609012833,2.357512627073273,0.13783042750420615
web_nju_gulou_09,NJU_campus_web,NJU_Gulou,0.1,0.05,2028,hqs_10000,hqs_5000,0.0010369571811399958,0.001034839089774921,0.2042602533256166,0.008879982316933877,0.0022758971900269653
web_nju_gulou_09,NJU_campus_web,NJU_Gulou,0.1,0.05,2028,hqs_5000,hqs_round1,0.001780836662489785,0.0010369571811399958,41.77134809824571,2.3486326447563393,0.1355545303141792
web_nju_xianlin_01,NJU_campus_web,NJU_Xianlin,0.01,0.0,2026,hqs_10000,hqs,0.005359021230425951,0.00506638869096987,5.460559435641987,0.24386971956218417,0.01142496701772816
web_nju_xianlin_01,NJU_campus_web,NJU_Xianlin,0.01,0.0,2026,hqs_10000,hqs_round1,0.005322974371211477,0.00506638869096987,4.820344084865658,0.21455869556472962,0.010029606712503802
web_nju_xianlin_01,NJU_campus_web,NJU_Xianlin,0.01,0.0,2026,hqs_10000,hqs_5000,0.005296044352959882,0.00506638869096987,4.336362135291816,0.1925310794525643,0.012156632172453274
web_nju_xianlin_01,NJU_campus_web,NJU_Xianlin,0.01,0.0,2026,hqs_5000,hqs_round1,0.005322974371211477,0.005296044352959882,0.5059204943243967,0.022027616112165305,-0.002127025459949472
web_nju_xianlin_01,NJU_campus_web,NJU_Xianlin,0.04,0.0,2026,hqs_10000,hqs,0.002142314117703131,0.00208542875408199,2.655323192386483,0.11687792436589461,0.002237457425684486
web_nju_xianlin_01,NJU_campus_web,NJU_Xianlin,0.04,0.0,2026,hqs_10000,hqs_round1,0.0021279302573443903,0.00208542875408199,1.9973165528197945,0.08762032569265443,0.0003210991240022443
web_nju_xianlin_01,NJU_campus_web,NJU_Xianlin,0.04,0.0,2026,hqs_10000,hqs_5000,0.00210464974309566,0.00208542875408199,0.9132630774657424,0.03984473333512639,0.001399200345685525
web_nju_xianlin_01,NJU_campus_web,NJU_Xianlin,0.04,0.0,2026,hqs_5000,hqs_round1,0.0021279302573443903,0.00210464974309566,1.0940449842460342,0.04777559235752804,-0.0010781012216832808
web_nju_xianlin_01,NJU_campus_web,NJU_Xianlin,0.1,0.0,2026,hqs_10000,hqs,0.001066490682804037,0.0009491241245302523,11.004930485206154,0.5063405337567701,0.008842868626833034
web_nju_xianlin_01,NJU_campus_web,NJU_Xianlin,0.1,0.0,2026,hqs_10000,hqs_round1,0.0009904055500813992,0.0009491241245302523,4.168133503265825,0.18490053108791216,0.0020860834050179244
web_nju_xianlin_01,NJU_campus_web,NJU_Xianlin,0.1,0.0,2026,hqs_10000,hqs_5000,0.0009533299282293053,0.0009491241245302523,0.44116979594512884,0.019202149050329353,0.0006503992023468852
web_nju_xianlin_01,NJU_campus_web,NJU_Xianlin,0.1,0.0,2026,hqs_5000,hqs_round1,0.0009904055500813992,0.0009533299282293053,3.743478805126521,0.1656983820375828,0.0014356842026710392
web_nju_xianlin_01,NJU_campus_web,NJU_Xianlin,0.25,0.0,2026,hqs_10000,hqs,0.0003210042413476572,0.0002912505561678009,9.268938333943122,0.4224400730840898,0.002782054162979164
web_nju_xianlin_01,NJU_campus_web,NJU_Xianlin,0.25,0.0,2026,hqs_10000,hqs_round1,0.00030177684231456,0.0002912505561678009,3.4881026874112986,0.1541914656582719,0.0009770374488831113
web_nju_xianlin_01,NJU_campus_web,NJU_Xianlin,0.25,0.0,2026,hqs_10000,hqs_5000,0.0002944793366691107,0.0002912505561678009,1.0964370328427564,0.047880628102689116,0.0005770492906570501
web_nju_xianlin_01,NJU_campus_web,NJU_Xianlin,0.25,0.0,2026,hqs_5000,hqs_round1,0.00030177684231456,0.0002944793366691107,2.418179469795989,0.1063108375555828,0.00039998815822606115
web_nju_xianlin_01,NJU_campus_web,NJU_Xianlin,0.5,0.0,2026,hqs_10000,hqs,8.293414917668392e-05,7.399623352472185e-05,10.777123465655425,0.4952377926908724,0.001049167494773906
web_nju_xianlin_01,NJU_campus_web,NJU_Xianlin,0.5,0.0,2026,hqs_10000,hqs_round1,7.746662738651139e-05,7.399623352472185e-05,4.479856654239489,0.1990503447448333,0.0004766365013122442
web_nju_xianlin_01,NJU_campus_web,NJU_Xianlin,0.5,0.0,2026,hqs_10000,hqs_5000,7.453242799574533e-05,7.399623352472185e-05,0.7194109804850135,0.031356548859754696,0.0001705412664413375
web_nju_xianlin_01,NJU_campus_web,NJU_Xianlin,0.5,0.0,2026,hqs_5000,hqs_round1,7.746662738651139e-05,7.453242799574533e-05,3.787694765806948,0.1676937958850786,0.00030609523487090673
web_nju_xianlin_01,NJU_campus_web,NJU_Xianlin,0.1,0.01,2026,hqs_10000,hqs,0.0011554688085552848,0.001070762709173621,7.330885849491198,0.33064988499170056,0.007561035167932495
web_nju_xianlin_01,NJU_campus_web,NJU_Xianlin,0.1,0.01,2026,hqs_10000,hqs_round1,0.0010916631933031201,0.001070762709173621,1.914554256085077,0.0839542994967708,0.0010102697064876542
web_nju_xianlin_01,NJU_campus_web,NJU_Xianlin,0.1,0.01,2026,hqs_10000,hqs_5000,0.0010755210230853317,0.001070762709173621,0.4424194236632095,0.01925666052131092,0.0008590549376010781
web_nju_xianlin_01,NJU_campus_web,NJU_Xianlin,0.1,0.01,2026,hqs_5000,hqs_round1,0.0010916631933031201,0.0010755210230853317,1.4786767857351668,0.06469763897545988,0.00015121476888657615
web_nju_xianlin_01,NJU_campus_web,NJU_Xianlin,0.1,0.01,2027,hqs_10000,hqs,0.0011506904981811036,0.0010581189661198192,8.044868034246589,0.36424028011404275,0.008163935697555469
web_nju_xianlin_01,NJU_campus_web,NJU_Xianlin,0.1,0.01,2027,hqs_10000,hqs_round1,0.0010874401549441175,0.0010581189661198192,2.6963496511497764,0.118708668577991,0.001048043913841168
web_nju_xianlin_01,NJU_campus_web,NJU_Xianlin,0.1,0.01,2027,hqs_10000,hqs_5000,0.0010699347076357118,0.0010581189661198192,1.104342295989491,0.04822776922415528,0.0010666065082549636
web_nju_xianlin_01,NJU_campus_web,NJU_Xianlin,0.1,0.01,2027,hqs_5000,hqs_round1,0.0010874401549441175,0.0010699347076357118,1.6097848905814338,0.07048089935383572,-1.8562594413795708e-05
web_nju_xianlin_01,NJU_campus_web,NJU_Xianlin,0.1,0.01,2028,hqs_10000,hqs,0.0011638422415773137,0.0010699375974822583,8.068502821120305,0.3653566698835924,0.008610186744570814
web_nju_xianlin_01,NJU_campus_web,NJU_Xianlin,0.1,0.01,2028,hqs_10000,hqs_round1,0.0010959428257559995,0.0010699375974822583,2.3728635894671224,0.10429449184774953,0.0008331798261403955
web_nju_xianlin_01,NJU_campus_web,NJU_Xianlin,0.1,0.01,2028,hqs_10000,hqs_5000,0.0010820014900226748,0.0010699375974822583,1.1149608065848082,0.04869409992622309,0.0013529478593469202
web_nju_xianlin_01,NJU_campus_web,NJU_Xianlin,0.1,0.01,2028,hqs_5000,hqs_round1,0.0010959428257559995,0.0010820014900226748,1.2720860436955528,0.05560039192152644,-0.0005197680332065246
web_nju_xianlin_01,NJU_campus_web,NJU_Xianlin,0.1,0.05,2026,hqs_10000,hqs,0.002596408961216824,0.0019339959488383924,25.51266084322816,1.2791753935405872,0.09713218982162697
web_nju_xianlin_01,NJU_campus_web,NJU_Xianlin,0.1,0.05,2026,hqs_10000,hqs_round1,0.002609282274293537,0.0019339959488383924,25.880156091505224,1.3006550394772667,0.09396018722166333
web_nju_xianlin_01,NJU_campus_web,NJU_Xianlin,0.1,0.05,2026,hqs_10000,hqs_5000,0.001947599728124932,0.0019339959488383924,0.6984894837522293,0.030441452218212817,0.0008686403485201888
web_nju_xianlin_01,NJU_campus_web,NJU_Xianlin,0.1,0.05,2026,hqs_5000,hqs_round1,0.002609282274293537,0.001947599728124932,25.35879512490674,1.2702135872590539,0.09309154687314314
web_nju_xianlin_01,NJU_campus_web,NJU_Xianlin,0.1,0.05,2027,hqs_10000,hqs,0.002538767735277717,0.0018882256787976718,25.624323463717026,1.2856907081447702,0.1014946362600252
web_nju_xianlin_01,NJU_campus_web,NJU_Xianlin,0.1,0.05,2027,hqs_10000,hqs_round1,0.0025497218583283403,0.0018882256787976718,25.943856478696915,1.3043890761233605,0.09901931147748877
web_nju_xianlin_01,NJU_campus_web,NJU_Xianlin,0.1,0.05,2027,hqs_10000,hqs_5000,0.0018906833112638357,0.0018882256787976718,0.12998646846472672,0.005648912804666395,3.8943927360701736e-05
web_nju_xianlin_01,NJU_campus_web,NJU_Xianlin,0.1,0.05,2027,hqs_5000,hqs_round1,0.0025497218583283403,0.0018906833112638357,25.847468221360682,1.2987401633186941,0.09898036755012807
web_nju_xianlin_01,NJU_campus_web,NJU_Xianlin,0.1,0.05,2028,hqs_10000,hqs,0.0025744997626116067,0.0019463474805072765,24.39900330257262,1.2147247887260946,0.10162570357576739
web_nju_xianlin_01,NJU_campus_web,NJU_Xianlin,0.1,0.05,2028,hqs_10000,hqs_round1,0.0025884228120841195,0.0019463474805072765,24.805658819698916,1.2381484141156598,0.09951133779900756
web_nju_xianlin_01,NJU_campus_web,NJU_Xianlin,0.1,0.05,2028,hqs_10000,hqs_5000,0.0019506152717497043,0.0019463474805072765,0.21879205521648792,0.009512428243926507,0.0013656348668262819
web_nju_xianlin_01,NJU_campus_web,NJU_Xianlin,0.1,0.05,2028,hqs_5000,hqs_round1,0.0025884228120841195,0.0019506152717497043,24.640778830907916,1.2286359858717333,0.09814570293218128
web_nju_xianlin_02,NJU_campus_web,NJU_Xianlin,0.01,0.0,2026,hqs_10000,hqs,0.0036758240658732047,0.0035063668810564387,4.610046122447131,0.20497361200323994,0.004982699450185923
web_nju_xianlin_02,NJU_campus_web,NJU_Xianlin,0.01,0.0,2026,hqs_10000,hqs_round1,0.003616406925961405,0.0035063668810564387,3.0428004137203923,0.13419936719346737,0.002005318862693617
web_nju_xianlin_02,NJU_campus_web,NJU_Xianlin,0.01,0.0,2026,hqs_10000,hqs_5000,0.0034800786006842937,0.0035063668810564387,-0.755393293903639,-0.032683026056147924,-0.0036599817004870916
web_nju_xianlin_02,NJU_campus_web,NJU_Xianlin,0.01,0.0,2026,hqs_5000,hqs_round1,0.003616406925961405,0.0034800786006842937,3.7697175143217354,0.1668823932496153,0.0056653005631807085
web_nju_xianlin_02,NJU_campus_web,NJU_Xianlin,0.04,0.0,2026,hqs_10000,hqs,0.0008659591796804124,0.0008926433911986947,-3.0814629770574475,-0.13180573619209568,0.0015293017581440305
web_nju_xianlin_02,NJU_campus_web,NJU_Xianlin,0.04,0.0,2026,hqs_10000,hqs_round1,0.0008859357325525366,0.0008926433911986947,-0.7571270013945863,-0.03275775487155386,0.0014266256272690292
web_nju_xianlin_02,NJU_campus_web,NJU_Xianlin,0.04,0.0,2026,hqs_10000,hqs_5000,0.0008691188046438088,0.0008926433911986947,-2.7067170137374807,-0.1159884736171719,0.001187380960315454
web_nju_xianlin_02,NJU_campus_web,NJU_Xianlin,0.04,0.0,2026,hqs_5000,hqs_round1,0.0008859357325525366,0.0008691188046438088,1.8982108171972212,0.08323071874561805,0.00023924466695357527
web_nju_xianlin_02,NJU_campus_web,NJU_Xianlin,0.1,0.0,2026,hqs_10000,hqs,0.0004430936657754531,0.00040997560535332793,7.474279814893226,0.33737525836195204,0.002668082654952997
web_nju_xianlin_02,NJU_campus_web,NJU_Xianlin,0.1,0.0,2026,hqs_10000,hqs_round1,0.00043514084384995794,0.00040997560535332793,5.783239806674478,0.2587183380986815,0.001713498124122692
web_nju_xianlin_02,NJU_campus_web,NJU_Xianlin,0.1,0.0,2026,hqs_10000,hqs_5000,0.00040396644406215815,0.00040997560535332793,-1.4875397151168146,-0.06412724365955569,-7.279905128476649e-05
web_nju_xianlin_02,NJU_campus_web,NJU_Xianlin,0.1,0.0,2026,hqs_5000,hqs_round1,0.00043514084384995794,0.00040396644406215815,7.164209066650873,0.3228455817582372,0.0017862971754074586
web_nju_xianlin_02,NJU_campus_web,NJU_Xianlin,0.25,0.0,2026,hqs_10000,hqs,0.0001537877340872711,0.0001358616313596409,11.65639303681888,0.5382487299446339,0.0019027695789336496
web_nju_xianlin_02,NJU_campus_web,NJU_Xianlin,0.25,0.0,2026,hqs_10000,hqs_round1,0.00014443128013683808,0.0001358616313596409,5.933374521833546,0.2656443546372458,0.0012515487108230028
web_nju_xianlin_02,NJU_campus_web,NJU_Xianlin,0.25,0.0,2026,hqs_10000,hqs_5000,0.00013723110778209507,0.0001358616313596409,0.9979343930012763,0.04355744065452427,0.0001274610033035195
web_nju_xianlin_02,NJU_campus_web,NJU_Xianlin,0.25,0.0,2026,hqs_5000,hqs_round1,0.00014443128013683808,0.00013723110778209507,4.985189044867133,0.2220869139827215,0.0011240877075194833
web_nju_xianlin_02,NJU_campus_web,NJU_Xianlin,0.5,0.0,2026,hqs_10000,hqs,4.221461620196768e-05,3.576201338106868e-05,15.28523388683144,0.7204088385413172,0.0014725946617126784
web_nju_xianlin_02,NJU_campus_web,NJU_Xianlin,0.5,0.0,2026,hqs_10000,hqs_round1,3.8181378149594855e-05,3.576201338106868e-05,6.336504562635447,0.2842963877225202,0.0003936206636429018
web_nju_xianlin_02,NJU_campus_web,NJU_Xianlin,0.5,0.0,2026,hqs_10000,hqs_5000,3.7029099406327646e-05,3.576201338106868e-05,3.4218656288530824,0.15121188251698925,0.0001631635875701809
web_nju_xianlin_02,NJU_campus_web,NJU_Xianlin,0.5,0.0,2026,hqs_5000,hqs_round1,3.8181378149594855e-05,3.7029099406327646e-05,3.017907679373366,0.13308450520553095,0.00023045707607272092
web_nju_xianlin_02,NJU_campus_web,NJU_Xianlin,0.1,0.01,2026,hqs_10000,hqs,0.0005508519242519418,0.0004999841372128949,9.234384922613359,0.42078644985285507,0.010265272295951755
web_nju_xianlin_02,NJU_campus_web,NJU_Xianlin,0.1,0.01,2026,hqs_10000,hqs_round1,0.0005451939826497639,0.0004999841372128949,8.292432946001915,0.3759482797000473,0.007368191009521463
web_nju_xianlin_02,NJU_campus_web,NJU_Xianlin,0.1,0.01,2026,hqs_10000,hqs_5000,0.0004935059402016409,0.0004999841372128949,-1.3126887608702509,-0.05663841349682741,-9.070223808360645e-06
web_nju_xianlin_02,NJU_campus_web,NJU_Xianlin,0.1,0.01,2026,hqs_5000,hqs_round1,0.0005451939826497639,0.0004935059402016409,9.480670017102465,0.4325866931968747,0.007377261233329824
web_nju_xianlin_02,NJU_campus_web,NJU_Xianlin,0.1,0.01,2027,hqs_10000,hqs,0.0005571464641093803,0.0004970750650487465,10.78197618227017,0.4954740062545113,0.010885195624351529
web_nju_xianlin_02,NJU_campus_web,NJU_Xianlin,0.1,0.01,2027,hqs_10000,hqs_round1,0.0005454461075909934,0.0004970750650487465,8.86816165136488,0.4032986887261103,0.00785470769405372
web_nju_xianlin_02,NJU_campus_web,NJU_Xianlin,0.1,0.01,2027,hqs_10000,hqs_5000,0.0004947901766147338,0.0004970750650487465,-0.46178936890894917,-0.020009093015559642,8.653519630441586e-05
web_nju_xianlin_02,NJU_campus_web,NJU_Xianlin,0.1,0.01,2027,hqs_5000,hqs_round1,0.0005454461075909934,0.0004947901766147338,9.287064344447437,0.42330778174166994,0.007768172497749304
web_nju_xianlin_02,NJU_campus_web,NJU_Xianlin,0.1,0.01,2028,hqs_10000,hqs,0.000536208419976647,0.0004958715219097778,7.522615565907376,0.33964462032373177,0.008518117918968171
web_nju_xianlin_02,NJU_campus_web,NJU_Xianlin,0.1,0.01,2028,hqs_10000,hqs_round1,0.0005330388693018099,0.0004958715219097778,6.972727418680547,0.31389711712542834,0.006540089886665323
web_nju_xianlin_02,NJU_campus_web,NJU_Xianlin,0.1,0.01,2028,hqs_10000,hqs_5000,0.0004866403924577539,0.0004958715219097778,-1.8969098322074274,-0.0816101361221726,-9.225724363326471e-05
web_nju_xianlin_02,NJU_campus_web,NJU_Xianlin,0.1,0.01,2028,hqs_5000,hqs_round1,0.0005330388693018099,0.0004866403924577539,8.704520348549838,0.39550725324760094,0.006632347130298588
web_nju_xianlin_02,NJU_campus_web,NJU_Xianlin,0.1,0.05,2026,hqs_10000,hqs,0.00188035330398041,0.0009571523184447855,49.097208677824234,2.932584018954671,0.2259471073493241
web_nju_xianlin_02,NJU_campus_web,NJU_Xianlin,0.1,0.05,2026,hqs_10000,hqs_round1,0.0019003239737055253,0.0009571523184447855,49.63215053386965,2.9784659162652574,0.2175534579290832
web_nju_xianlin_02,NJU_campus_web,NJU_Xianlin,0.1,0.05,2026,hqs_10000,hqs_5000,0.000961511426109105,0.0009571523184447855,0.4533599441412073,0.019733938969999087,0.0013953593648570184
web_nju_xianlin_02,NJU_campus_web,NJU_Xianlin,0.1,0.05,2026,hqs_5000,hqs_round1,0.0019003239737055253,0.000961511426109105,49.40276292814369,2.9587319772952583,0.2161580985642262
web_nju_xianlin_02,NJU_campus_web,NJU_Xianlin,0.1,0.05,2027,hqs_10000,hqs,0.0019199620099791999,0.000966921821438967,49.638491990295044,2.9790127398736708,0.22535572192607445
web_nju_xianlin_02,NJU_campus_web,NJU_Xianlin,0.1,0.05,2027,hqs_10000,hqs_round1,0.001927761790517781,0.000966921821438967,49.842256123394804,2.9966200654689743,0.21788305720555923
web_nju_xianlin_02,NJU_campus_web,NJU_Xianlin,0.1,0.05,2027,hqs_10000,hqs_5000,0.000970960545255172,0.000966921821438967,0.4159513829826711,0.018102213394552535,0.001890408966481738
web_nju_xianlin_02,NJU_campus_web,NJU_Xianlin,0.1,0.05,2027,hqs_5000,hqs_round1,0.001927761790517781,0.000970960545255172,49.63275286235548,2.9785178520744218,0.2159926482390775
web_nju_xianlin_02,NJU_campus_web,NJU_Xianlin,0.1,0.05,2028,hqs_10000,hqs,0.0018732972424102845,0.0009626306786040084,48.61303071340476,2.891469954870665,0.22249474625742072
web_nju_xianlin_02,NJU_campus_web,NJU_Xianlin,0.1,0.05,2028,hqs_10000,hqs_round1,0.0018837779606411564,0.0009626306786040084,48.89893083384569,2.915700132096415,0.21447611039405134
web_nju_xianlin_02,NJU_campus_web,NJU_Xianlin,0.1,0.05,2028,hqs_10000,hqs_5000,0.0009599625821144866,0.0009626306786040084,-0.2779375508204618,-0.012053931012069086,0.0018262986435667594
web_nju_xianlin_02,NJU_campus_web,NJU_Xianlin,0.1,0.05,2028,hqs_5000,hqs_round1,0.0018837779606411564,0.0009599625821144866,49.040566235961435,2.927754063108484,0.21264981175048459
web_nju_xianlin_03,NJU_campus_web,NJU_Xianlin,0.01,0.0,2026,hqs_10000,hqs,0.005192601030510336,0.005054974814769689,2.6504292344432523,0.1166595903415093,0.005051433319854803
web_nju_xianlin_03,NJU_campus_web,NJU_Xianlin,0.01,0.0,2026,hqs_10000,hqs_round1,0.0052356440191656094,0.005054974814769689,3.450754171493764,0.15251114259494258,0.007030203255587897
web_nju_xianlin_03,NJU_campus_web,NJU_Xianlin,0.01,0.0,2026,hqs_10000,hqs_5000,0.005030808304666137,0.005054974814769689,-0.4803703230181977,-0.02081226999679231,-0.00031813380855783
web_nju_xianlin_03,NJU_campus_web,NJU_Xianlin,0.01,0.0,2026,hqs_5000,hqs_round1,0.0052356440191656094,0.005030808304666137,3.9123308183224514,0.1733234125917349,0.007348337064145727
web_nju_xianlin_03,NJU_campus_web,NJU_Xianlin,0.04,0.0,2026,hqs_10000,hqs,0.002967718865628615,0.002898359730547076,2.337119458478343,0.10270470459036929,0.005796819177848245
web_nju_xianlin_03,NJU_campus_web,NJU_Xianlin,0.04,0.0,2026,hqs_10000,hqs_round1,0.0029661354173075942,0.002898359730547076,2.2849828893530155,0.10038687590185802,0.005062023963050888
web_nju_xianlin_03,NJU_campus_web,NJU_Xianlin,0.04,0.0,2026,hqs_10000,hqs_5000,0.0029473231044771196,0.002898359730547076,1.6612828724365536,0.07275461574170095,0.00570714387528326
web_nju_xianlin_03,NJU_campus_web,NJU_Xianlin,0.04,0.0,2026,hqs_5000,hqs_round1,0.0029661354173075942,0.0029473231044771196,0.6342364789113653,0.027632260160157074,-0.0006451199122323725
web_nju_xianlin_03,NJU_campus_web,NJU_Xianlin,0.1,0.0,2026,hqs_10000,hqs,0.0015187363121672824,0.00143400557019818,5.579029176446637,0.24931538525134656,0.005408103222817151
web_nju_xianlin_03,NJU_campus_web,NJU_Xianlin,0.1,0.0,2026,hqs_10000,hqs_round1,0.0014769605739210813,0.00143400557019818,2.908337871799982,0.12818064089853465,0.00272255997997517
web_nju_xianlin_03,NJU_campus_web,NJU_Xianlin,0.1,0.0,2026,hqs_10000,hqs_5000,0.0014577530270370928,0.00143400557019818,1.6290452771125397,0.07133113617888043,0.0029790331253111146
web_nju_xianlin_03,NJU_campus_web,NJU_Xianlin,0.1,0.0,2026,hqs_5000,hqs_round1,0.0014769605739210813,0.0014577530270370928,1.3004779696316193,0.05684950471965422,-0.0002564731453359448
web_nju_xianlin_03,NJU_campus_web,NJU_Xianlin,0.25,0.0,2026,hqs_10000,hqs,0.0005181405407725767,0.00047772361889393333,7.800378217535242,0.35270860487860745,0.0029043818247317388
web_nju_xianlin_03,NJU_campus_web,NJU_Xianlin,0.25,0.0,2026,hqs_10000,hqs_round1,0.0004979972975729777,0.00047772361889393333,4.07104190682348,0.18050272478232188,0.0014757686474322629
web_nju_xianlin_03,NJU_campus_web,NJU_Xianlin,0.25,0.0,2026,hqs_10000,hqs_5000,0.0004827099661949658,0.00047772361889393333,1.032990335861117,0.04509551953681523,0.0005336692156791001
web_nju_xianlin_03,NJU_campus_web,NJU_Xianlin,0.25,0.0,2026,hqs_5000,hqs_round1,0.0004979972975729777,0.0004827099661949658,3.0697619148769895,0.13540720524550665,0.0009420994317531628
web_nju_xianlin_03,NJU_campus_web,NJU_Xianlin,0.5,0.0,2026,hqs_10000,hqs,0.00013828169115789903,0.0001250516265175634,9.567473849613739,0.4367533736791813,0.0009405671291351503
web_nju_xianlin_03,NJU_campus_web,NJU_Xianlin,0.5,0.0,2026,hqs_10000,hqs_round1,0.0001308915414415983,0.0001250516265175634,4.461644243559137,0.19822237325738,0.0002841782341003185
web_nju_xianlin_03,NJU_campus_web,NJU_Xianlin,0.5,0.0,2026,hqs_10000,hqs_5000,0.00012600681065114881,0.0001250516265175634,0.7580416714377813,0.03304674439157651,3.971675872804781e-05
web_nju_xianlin_03,NJU_campus_web,NJU_Xianlin,0.5,0.0,2026,hqs_5000,hqs_round1,0.0001308915414415983,0.00012600681065114881,3.731891867610837,0.1651756288658035,0.0002444614753722707
web_nju_xianlin_03,NJU_campus_web,NJU_Xianlin,0.1,0.01,2026,hqs_10000,hqs,0.0016449680496403855,0.0015726211886466631,4.3980708932029655,0.195333442094217,0.004753093437239508
web_nju_xianlin_03,NJU_campus_web,NJU_Xianlin,0.1,0.01,2026,hqs_10000,hqs_round1,0.0016423814443837963,0.0015726211886466631,4.247506325383899,0.1884990691523285,0.003814523297652528
web_nju_xianlin_03,NJU_campus_web,NJU_Xianlin,0.1,0.01,2026,hqs_10000,hqs_5000,0.0016042748533346377,0.0015726211886466631,1.9730823943403086,0.08654653262280121,0.003237369621753694
web_nju_xianlin_03,NJU_campus_web,NJU_Xianlin,0.1,0.01,2026,hqs_5000,hqs_round1,0.0016423814443837963,0.0016042748533346377,2.3202034569658525,0.1019525365295273,0.0005771536758988338
web_nju_xianlin_03,NJU_campus_web,NJU_Xianlin,0.1,0.01,2027,hqs_10000,hqs,0.0016311435556157904,0.0015713209000724863,3.6675285469107477,0.16227297549708197,0.004019426865816134
web_nju_xianlin_03,NJU_campus_web,NJU_Xianlin,0.1,0.01,2027,hqs_10000,hqs_round1,0.0016289543564247055,0.0015713209000724863,3.5380645335401084,0.15644028398268262,0.003127212607830776
web_nju_xianlin_03,NJU_campus_web,NJU_Xianlin,0.1,0.01,2027,hqs_10000,hqs_5000,0.0016034397811882178,0.0015713209000724863,2.003123627875192,0.08787767123522627,0.0034647838681937104
web_nju_xianlin_03,NJU_campus_web,NJU_Xianlin,0.1,0.01,2027,hqs_5000,hqs_round1,0.0016289543564247055,0.0016034397811882178,1.5663161546458637,0.06856261274745634,-0.0003375712603629344
web_nju_xianlin_03,NJU_campus_web,NJU_Xianlin,0.1,0.01,2028,hqs_10000,hqs,0.0016304687278327079,0.0015593508428269646,4.361806135360613,0.1936863416675365,0.0037732790458202548
web_nju_xianlin_03,NJU_campus_web,NJU_Xianlin,0.1,0.01,2028,hqs_10000,hqs_round1,0.0016275317366738107,0.0015593508428269646,4.189220542401683,0.18585626666834543,0.003159430449113265
web_nju_xianlin_03,NJU_campus_web,NJU_Xianlin,0.1,0.01,2028,hqs_10000,hqs_5000,0.0015938865080060358,0.0015593508428269646,2.1667581101665445,0.09513555065425905,0.0038420038834809933
web_nju_xianlin_03,NJU_campus_web,NJU_Xianlin,0.1,0.01,2028,hqs_5000,hqs_round1,0.0016275317366738107,0.0015938865080060358,2.067254844230304,0.09072071601408638,-0.0006825734343677281
web_nju_xianlin_03,NJU_campus_web,NJU_Xianlin,0.1,0.05,2026,hqs_10000,hqs,0.003290426039121303,0.002624724662804459,20.231464509520393,0.9816838130018013,0.07923545544355903
web_nju_xianlin_03,NJU_campus_web,NJU_Xianlin,0.1,0.05,2026,hqs_10000,hqs_round1,0.0033476386159744793,0.002624724662804459,21.594742924770095,1.0565481687908225,0.07973075389230255
web_nju_xianlin_03,NJU_campus_web,NJU_Xianlin,0.1,0.05,2026,hqs_10000,hqs_5000,0.0026614369163565047,0.002624724662804459,1.3794147562326775,0.06032424565126959,0.007783167630381893
web_nju_xianlin_03,NJU_campus_web,NJU_Xianlin,0.1,0.05,2026,hqs_5000,hqs_round1,0.0033476386159744793,0.0026614369163565047,20.498081732702957,0.9962239231395529,0.07194758626192066
web_nju_xianlin_03,NJU_campus_web,NJU_Xianlin,0.1,0.05,2027,hqs_10000,hqs,0.003237405955404223,0.0026063751805780397,19.49186427401233,0.9416022991326969,0.0828752231393568
web_nju_xianlin_03,NJU_campus_web,NJU_Xianlin,0.1,0.05,2027,hqs_10000,hqs_round1,0.0032779595606938976,0.0026063751805780397,20.48787874532818,0.9956666011401616,0.08164894149792168
web_nju_xianlin_03,NJU_campus_web,NJU_Xianlin,0.1,0.05,2027,hqs_10000,hqs_5000,0.0026416399962136874,0.0026063751805780397,1.3349591801378513,0.05836700101061254,0.007205598638396649
web_nju_xianlin_03,NJU_campus_web,NJU_Xianlin,0.1,0.05,2027,hqs_5000,hqs_round1,0.0032779595606938976,0.0026416399962136874,19.412062677963927,0.937299600129549,0.07444334285952503
web_nju_xianlin_03,NJU_campus_web,NJU_Xianlin,0.1,0.05,2028,hqs_10000,hqs,0.0032106047558168706,0.002596051291687708,19.141361546161495,0.9227357585125873,0.07851953776406218
web_nju_xianlin_03,NJU_campus_web,NJU_Xianlin,0.1,0.05,2028,hqs_10000,hqs_round1,0.0032539914251134877,0.002596051291687708,20.219479631936434,0.981031353332547,0.0775445662776828
web_nju_xianlin_03,NJU_campus_web,NJU_Xianlin,0.1,0.05,2028,hqs_10000,hqs_5000,0.002606244294976969,0.002596051291687708,0.39109930365721635,0.01701852835368456,0.004155290660705524
web_nju_xianlin_03,NJU_campus_web,NJU_Xianlin,0.1,0.05,2028,hqs_5000,hqs_round1,0.0032539914251134877,0.002606244294976969,19.906233468759915,0.9640128249788624,0.07338927561697728
web_nju_xianlin_04,NJU_campus_web,NJU_Xianlin,0.01,0.0,2026,hqs_10000,hqs,0.006666057185134729,0.006291686120422005,5.616079405192764,0.25101986546723154,0.01306976302523033
web_nju_xianlin_04,NJU_campus_web,NJU_Xianlin,0.01,0.0,2026,hqs_10000,hqs_round1,0.006733391583031886,0.006291686120422005,6.5599253684128005,0.29466823355888394,0.015549483581877022
web_nju_xianlin_04,NJU_campus_web,NJU_Xianlin,0.01,0.0,2026,hqs_10000,hqs_5000,0.0066146500539631965,0.006291686120422005,4.882555099762021,0.2173982450197478,0.010521549100476646
web_nju_xianlin_04,NJU_campus_web,NJU_Xianlin,0.01,0.0,2026,hqs_5000,hqs_round1,0.006733391583031886,0.0066146500539631965,1.763472799768806,0.07726998853913614,0.005027934481400376
web_nju_xianlin_04,NJU_campus_web,NJU_Xianlin,0.04,0.0,2026,hqs_10000,hqs,0.002876692541198334,0.0029403707681646477,-2.2135916874796546,-0.09508649246810208,-0.00467703320306867
web_nju_xianlin_04,NJU_campus_web,NJU_Xianlin,0.04,0.0,2026,hqs_10000,hqs_round1,0.0028484408061452775,0.0029403707681646477,-3.227378354538346,-0.13794897788957172,-0.007288177741034962
web_nju_xianlin_04,NJU_campus_web,NJU_Xianlin,0.04,0.0,2026,hqs_10000,hqs_5000,0.0029449468625594093,0.0029403707681646477,0.15538801235905897,0.006753664184387276,-0.0004910869543033325
web_nju_xianlin_04,NJU_campus_web,NJU_Xianlin,0.04,0.0,2026,hqs_5000,hqs_round1,0.0028484408061452775,0.0029449468625594093,-3.3880309608655956,-0.144702642073959,-0.00679709078673163
web_nju_xianlin_04,NJU_campus_web,NJU_Xianlin,0.1,0.0,2026,hqs_10000,hqs,0.0014171473511649108,0.0013449620013349186,5.093708129267938,0.22704994799676825,0.004415165548443789
web_nju_xianlin_04,NJU_campus_web,NJU_Xianlin,0.1,0.0,2026,hqs_10000,hqs_round1,0.0013620604903481683,0.0013449620013349186,1.2553399158417022,0.05486380852781281,0.0008319240454435217
web_nju_xianlin_04,NJU_campus_web,NJU_Xianlin,0.1,0.0,2026,hqs_10000,hqs_5000,0.0013372118529022482,0.0013449620013349186,-0.5795752120989484,-0.02509797088935173,-0.0008327095766067494
web_nju_xianlin_04,NJU_campus_web,NJU_Xianlin,0.1,0.0,2026,hqs_5000,hqs_round1,0.0013620604903481683,0.0013372118529022482,1.8243416956884473,0.07996177941716454,0.001664633622050271
web_nju_xianlin_04,NJU_campus_web,NJU_Xianlin,0.25,0.0,2026,hqs_10000,hqs,0.0005448657612019032,0.0005188134460358381,4.781419024861666,0.21278295023440563,0.0010373364243507766
web_nju_xianlin_04,NJU_campus_web,NJU_Xianlin,0.25,0.0,2026,hqs_10000,hqs_round1,0.000532085017679933,0.0005188134460358381,2.4942577225653517,0.10969807214603833,0.0007990168733597036
web_nju_xianlin_04,NJU_campus_web,NJU_Xianlin,0.25,0.0,2026,hqs_10000,hqs_5000,0.0005230204539559243,0.0005188134460358381,0.8043677619615219,0.03507450191379746,0.0004537373409271295
web_nju_xianlin_04,NJU_campus_web,NJU_Xianlin,0.25,0.0,2026,hqs_5000,hqs_round1,0.000532085017679933,0.0005230204539559243,1.7035931144111505,0.07462357023224087,0.00034527953243257414
web_nju_xianlin_04,NJU_campus_web,NJU_Xianlin,0.5,0.0,2026,hqs_10000,hqs,0.0001643793321172841,0.00015481773727122052,5.8167865283948235,0.2602649578778298,0.0007762946348189859
web_nju_xianlin_04,NJU_campus_web,NJU_Xianlin,0.5,0.0,2026,hqs_10000,hqs_round1,0.00016046302214322336,0.00015481773727122052,3.5181219925946916,0.15554251635150962,0.0003964243345260243
web_nju_xianlin_04,NJU_campus_web,NJU_Xianlin,0.5,0.0,2026,hqs_10000,hqs_5000,0.00015597792516210173,0.00015481773727122052,0.7438154403422548,0.03242423240393322,7.06213960647295e-05
web_nju_xianlin_04,NJU_campus_web,NJU_Xianlin,0.5,0.0,2026,hqs_5000,hqs_round1,0.00016046302214322336,0.00015597792516210173,2.7950969146763316,0.1231182839475764,0.0003258029384612948
web_nju_xianlin_04,NJU_campus_web,NJU_Xianlin,0.1,0.01,2026,hqs_10000,hqs,0.0014824088733118926,0.0014248229750966025,3.8846164005100547,0.17207096434657387,0.0032615933789015283
web_nju_xianlin_04,NJU_campus_web,NJU_Xianlin,0.1,0.01,2026,hqs_10000,hqs_round1,0.0014459722053047463,0.0014248229750966025,1.4626304800711254,0.06399035507708817,0.000708752738833418
web_nju_xianlin_04,NJU_campus_web,NJU_Xianlin,0.1,0.01,2026,hqs_10000,hqs_5000,0.0014164106520419097,0.0014248229750966025,-0.5939183698290718,-0.025717252699784865,-0.0010222455747127546
web_nju_xianlin_04,NJU_campus_web,NJU_Xianlin,0.1,0.01,2026,hqs_5000,hqs_round1,0.0014459722053047463,0.0014164106520419097,2.044406742701277,0.08970760777687303,0.0017309983135461726
web_nju_xianlin_04,NJU_campus_web,NJU_Xianlin,0.1,0.01,2027,hqs_10000,hqs,0.001480302771421971,0.0014336819110876981,3.1494138384601578,0.13897746488990848,0.0023395152459144697
web_nju_xianlin_04,NJU_campus_web,NJU_Xianlin,0.1,0.01,2027,hqs_10000,hqs_round1,0.001451738592924304,0.0014336819110876981,1.243797053037865,0.05435616501174323,0.00017196331739421922
web_nju_xianlin_04,NJU_campus_web,NJU_Xianlin,0.1,0.01,2027,hqs_10000,hqs_5000,0.0014178559779132324,0.0014336819110876981,-1.1161876397176806,-0.04820687142372293,-0.0013672354762555017
web_nju_xianlin_04,NJU_campus_web,NJU_Xianlin,0.1,0.01,2027,hqs_5000,hqs_round1,0.001451738592924304,0.0014178559779132324,2.3339336142342515,0.10256303643546616,0.001539198793649721
web_nju_xianlin_04,NJU_campus_web,NJU_Xianlin,0.1,0.01,2028,hqs_10000,hqs,0.0015046381024258204,0.001424609950374782,5.318764154783451,0.23736081992899827,0.00512923464500914
web_nju_xianlin_04,NJU_campus_web,NJU_Xianlin,0.1,0.01,2028,hqs_10000,hqs_round1,0.001448118720052959,0.001424609950374782,1.6234007165736641,0.07108194360234776,0.0009716747505664758
web_nju_xianlin_04,NJU_campus_web,NJU_Xianlin,0.1,0.01,2028,hqs_10000,hqs_5000,0.0014113101841973813,0.001424609950374782,-0.9423701696706921,-0.04073497936049009,-0.001536007517814575
web_nju_xianlin_04,NJU_campus_web,NJU_Xianlin,0.1,0.01,2028,hqs_5000,hqs_round1,0.001448118720052959,0.0014113101841973813,2.54181755583075,0.11181692296283785,0.0025076822683810507
web_nju_xianlin_04,NJU_campus_web,NJU_Xianlin,0.1,0.05,2026,hqs_10000,hqs,0.0027575109888577196,0.0022477150923453965,18.48753816656602,0.8877599013406723,0.0489712675260231
web_nju_xianlin_04,NJU_campus_web,NJU_Xianlin,0.1,0.05,2026,hqs_10000,hqs_round1,0.002768158334537096,0.0022477150923453965,18.801064798149646,0.9044966582031222,0.04608651947508746
web_nju_xianlin_04,NJU_campus_web,NJU_Xianlin,0.1,0.05,2026,hqs_10000,hqs_5000,0.002248907322958957,0.0022477150923453965,0.05301377257252993,0.0023029693887401947,-0.0008805629172921048
web_nju_xianlin_04,NJU_campus_web,NJU_Xianlin,0.1,0.05,2026,hqs_5000,hqs_round1,0.002768158334537096,0.002248907322958957,18.757995346569313,0.902193688814382,0.04696708239237957
web_nju_xianlin_04,NJU_campus_web,NJU_Xianlin,0.1,0.05,2027,hqs_10000,hqs,0.0027162190685691675,0.0022631533395531937,16.680014298501955,0.7925081325334844,0.043429646866113836
web_nju_xianlin_04,NJU_campus_web,NJU_Xianlin,0.1,0.05,2027,hqs_10000,hqs_round1,0.0027274059272341684,0.0022631533395531937,17.021763538945155,0.8103579948259707,0.04093518000969665
web_nju_xianlin_04,NJU_campus_web,NJU_Xianlin,0.1,0.05,2027,hqs_10000,hqs_5000,0.0022526668545508866,0.0022631533395531937,-0.46551424064869007,-0.020170115555902868,-0.003281539022289226
web_nju_xianlin_04,NJU_campus_web,NJU_Xianlin,0.1,0.05,2027,hqs_5000,hqs_round1,0.0027274059272341684,0.0022526668545508866,17.406249210754975,0.8305281103818736,0.044216719031985874
web_nju_xianlin_04,NJU_campus_web,NJU_Xianlin,0.1,0.05,2028,hqs_10000,hqs,0.0027366019434803216,0.0022287538528241906,18.55761638502187,0.8914952410747468,0.048770772936884255
web_nju_xianlin_04,NJU_campus_web,NJU_Xianlin,0.1,0.05,2028,hqs_10000,hqs_round1,0.0027145533455201075,0.0022287538528241906,17.896111472542742,0.856362737450425,0.04379111494174692
web_nju_xianlin_04,NJU_campus_web,NJU_Xianlin,0.1,0.05,2028,hqs_10000,hqs_5000,0.002224377801548258,0.0022287538528241906,-0.19673147578107564,-0.008535546132147687,-0.0011858683252818913
web_nju_xianlin_04,NJU_campus_web,NJU_Xianlin,0.1,0.05,2028,hqs_5000,hqs_round1,0.0027145533455201075,0.002224377801548258,18.057318519114684,0.8648982835825727,0.044976983267028814
web_nju_xianlin_05,NJU_campus_web,NJU_Xianlin,0.01,0.0,2026,hqs_10000,hqs,0.0048925624168739594,0.004828963196410122,1.299916384193489,0.05682479408701724,0.001318546842071333
web_nju_xianlin_05,NJU_campus_web,NJU_Xianlin,0.01,0.0,2026,hqs_10000,hqs_round1,0.0048660367312498174,0.004828963196410122,0.7618835797438273,0.03321487407206192,0.0007691999371022273
web_nju_xianlin_05,NJU_campus_web,NJU_Xianlin,0.01,0.0,2026,hqs_10000,hqs_5000,0.00481064960187036,0.004828963196410122,-0.38068859832653956,-0.01650170559305053,-0.0015895176684593837
web_nju_xianlin_05,NJU_campus_web,NJU_Xianlin,0.01,0.0,2026,hqs_5000,hqs_round1,0.0048660367312498174,0.00481064960187036,1.1382390318543933,0.04971657966511245,0.002358717605561611
web_nju_xianlin_05,NJU_campus_web,NJU_Xianlin,0.04,0.0,2026,hqs_10000,hqs,0.002158645072557968,0.0019606330430428903,9.17297762528585,0.41784923259903906,0.01130880611619578
web_nju_xianlin_05,NJU_campus_web,NJU_Xianlin,0.04,0.0,2026,hqs_10000,hqs_round1,0.0021194381482787287,0.0019606330430428903,7.492792623592703,0.3382442940298702,0.009772031996541197
web_nju_xianlin_05,NJU_campus_web,NJU_Xianlin,0.04,0.0,2026,hqs_10000,hqs_5000,0.002000154836395757,0.0019606330430428903,1.975936694185354,0.08667299020711994,0.0019192002517669504
web_nju_xianlin_05,NJU_campus_web,NJU_Xianlin,0.04,0.0,2026,hqs_5000,hqs_round1,0.0021194381482787287,0.002000154836395757,5.628062889207019,0.2515713038227503,0.007852831744774247
web_nju_xianlin_05,NJU_campus_web,NJU_Xianlin,0.1,0.0,2026,hqs_10000,hqs,0.001054693509605974,0.0009613339143341702,8.85182229922722,0.4025200964652491,0.005555945581972588
web_nju_xianlin_05,NJU_campus_web,NJU_Xianlin,0.1,0.0,2026,hqs_10000,hqs_round1,0.000986430237939151,0.0009613339143341702,2.5441559514043255,0.11192112811547972,0.0009134889478087382
web_nju_xianlin_05,NJU_campus_web,NJU_Xianlin,0.1,0.0,2026,hqs_10000,hqs_5000,0.0009705920572776588,0.0009613339143341702,0.953865516832686,0.04162469195487617,0.0006968867362737718
web_nju_xianlin_05,NJU_campus_web,NJU_Xianlin,0.1,0.0,2026,hqs_5000,hqs_round1,0.000986430237939151,0.0009705920572776588,1.6056057541972035,0.07029643616060355,0.0002166022115349664
web_nju_xianlin_05,NJU_campus_web,NJU_Xianlin,0.25,0.0,2026,hqs_10000,hqs,0.0003726185949745057,0.00031408016513871336,15.710013033514203,0.7422401331693393,0.006131262559413875
web_nju_xianlin_05,NJU_campus_web,NJU_Xianlin,0.25,0.0,2026,hqs_10000,hqs_round1,0.0003387862401221706,0.00031408016513871336,7.292526099804975,0.32885252449123215,0.0024396300015449013
web_nju_xianlin_05,NJU_campus_web,NJU_Xianlin,0.25,0.0,2026,hqs_10000,hqs_5000,0.00032977802300474294,0.00031408016513871336,4.760128562540322,0.21181199512847826,0.00198909607648845
web_nju_xianlin_05,NJU_campus_web,NJU_Xianlin,0.25,0.0,2026,hqs_5000,hqs_round1,0.0003387862401221706,0.00032977802300474294,2.65896782412981,0.11704052936275389,0.00045053392505645107
web_nju_xianlin_05,NJU_campus_web,NJU_Xianlin,0.5,0.0,2026,hqs_10000,hqs,8.701042749531562e-05,6.875867762492577e-05,20.976508673483373,1.0224378672309626,0.0021632361326217042
web_nju_xianlin_05,NJU_campus_web,NJU_Xianlin,0.5,0.0,2026,hqs_10000,hqs_round1,7.791876115949571e-05,6.875867762492577e-05,11.755940929065488,0.5431452332892306,0.0010890608129501267
web_nju_xianlin_05,NJU_campus_web,NJU_Xianlin,0.5,0.0,2026,hqs_10000,hqs_5000,7.430402640295306e-05,6.875867762492577e-05,7.463052874086118,0.33684832351138994,0.0010371715936660086
web_nju_xianlin_05,NJU_campus_web,NJU_Xianlin,0.5,0.0,2026,hqs_5000,hqs_round1,7.791876115949571e-05,7.430402640295306e-05,4.639107068377879,0.20629690977784065,5.188921928411805e-05
web_nju_xianlin_05,NJU_campus_web,NJU_Xianlin,0.1,0.01,2026,hqs_10000,hqs,0.0011977803934066545,0.0011144587605985189,6.956336342353819,0.31313197301819073,0.005712039477437703
web_nju_xianlin_05,NJU_campus_web,NJU_Xianlin,0.1,0.01,2026,hqs_10000,hqs_round1,0.0011497692349142943,0.0011144587605985189,3.0710922890894277,0.135466812872167,0.0012112723767533362
web_nju_xianlin_05,NJU_campus_web,NJU_Xianlin,0.1,0.01,2026,hqs_10000,hqs_5000,0.0011221655635198654,0.0011144587605985189,0.6867794888637313,0.02992934658105284,0.0009583623833656629
web_nju_xianlin_05,NJU_campus_web,NJU_Xianlin,0.1,0.01,2026,hqs_5000,hqs_round1,0.0011497692349142943,0.0011221655635198654,2.400801009124809,0.10553746629111416,0.0002529099933876733
web_nju_xianlin_05,NJU_campus_web,NJU_Xianlin,0.1,0.01,2027,hqs_10000,hqs,0.0011742090948690057,0.0011046179902366878,5.926636485478887,0.26533327861086775,0.005702072168909056
web_nju_xianlin_05,NJU_campus_web,NJU_Xianlin,0.1,0.01,2027,hqs_10000,hqs_round1,0.0011472426086244986,0.0011046179902366878,3.715397080563121,0.16443156299694195,0.0021494572960883973
web_nju_xianlin_05,NJU_campus_web,NJU_Xianlin,0.1,0.01,2027,hqs_10000,hqs_5000,0.0011207766805462166,0.0011046179902366878,1.441740410021175,0.06306974184743908,0.0018922523664310908
web_nju_xianlin_05,NJU_campus_web,NJU_Xianlin,0.1,0.01,2027,hqs_5000,hqs_round1,0.0011472426086244986,0.0011207766805462166,2.3069164167476064,0.10136182114950287,0.00025720492965730646
web_nju_xianlin_05,NJU_campus_web,NJU_Xianlin,0.1,0.01,2028,hqs_10000,hqs,0.0011978224459535639,0.0011345289258987623,5.28404858905569,0.23576873938979048,0.004027963727235795
web_nju_xianlin_05,NJU_campus_web,NJU_Xianlin,0.1,0.01,2028,hqs_10000,hqs_round1,0.0011636115321081001,0.0011345289258987623,2.499339806013201,0.10992443607773339,0.0001321093727350009
web_nju_xianlin_05,NJU_campus_web,NJU_Xianlin,0.1,0.01,2028,hqs_10000,hqs_5000,0.0011406170324966547,0.0011345289258987623,0.5337555397157634,0.023242793737018985,0.0010671080957650458
web_nju_xianlin_05,NJU_campus_web,NJU_Xianlin,0.1,0.01,2028,hqs_5000,hqs_round1,0.0011636115321081001,0.0011406170324966547,1.9761319802139354,0.0866816423407144,-0.0009349987230300449
web_nju_xianlin_05,NJU_campus_web,NJU_Xianlin,0.1,0.05,2026,hqs_10000,hqs,0.00299739793389347,0.00201649532005099,32.72513811899298,1.72147185193759,0.13011856863643279
web_nju_xianlin_05,NJU_campus_web,NJU_Xianlin,0.1,0.05,2026,hqs_10000,hqs_round1,0.003049678735339643,0.00201649532005099,33.878434581194895,1.7965687311781409,0.12784190885663593
web_nju_xianlin_05,NJU_campus_web,NJU_Xianlin,0.1,0.05,2026,hqs_10000,hqs_5000,0.002025810878019597,0.00201649532005099,0.4598434172549015,0.020016804197165783,0.0026812692475653988
web_nju_xianlin_05,NJU_campus_web,NJU_Xianlin,0.1,0.05,2026,hqs_5000,hqs_round1,0.003049678735339643,0.002025810878019597,33.57297427612544,1.776551926980975,0.12516063960907053
web_nju_xianlin_05,NJU_campus_web,NJU_Xianlin,0.1,0.05,2027,hqs_10000,hqs,0.0030415178518229105,0.0020331731788023433,33.15267975219095,1.7491599789962002,0.13979934935095617
web_nju_xianlin_05,NJU_campus_web,NJU_Xianlin,0.1,0.05,2027,hqs_10000,hqs_round1,0.0031119286407673514,0.0020331731788023433,34.6651734822237,1.8485525773532387,0.13627474775325032
web_nju_xianlin_05,NJU_campus_web,NJU_Xianlin,0.1,0.05,2027,hqs_10000,hqs_5000,0.0020497256406285577,0.0020331731788023433,0.8075452391344662,0.03521361921903221,0.0034373186729699245
web_nju_xianlin_05,NJU_campus_web,NJU_Xianlin,0.1,0.05,2027,hqs_5000,hqs_round1,0.0031119286407673514,0.0020497256406285577,34.13326983863202,1.8133389581342065,0.1328374290802804
web_nju_xianlin_05,NJU_campus_web,NJU_Xianlin,0.1,0.05,2028,hqs_10000,hqs,0.0030209432346033167,0.0020553719058427045,31.96257770422497,1.6725214867391998,0.12533472491706166
web_nju_xianlin_05,NJU_campus_web,NJU_Xianlin,0.1,0.05,2028,hqs_10000,hqs_round1,0.003071625048746196,0.0020553719058427045,33.08519519067977,1.7447778453911802,0.12250934773604849
web_nju_xianlin_05,NJU_campus_web,NJU_Xianlin,0.1,0.05,2028,hqs_10000,hqs_5000,0.002069801153726046,0.0020553719058427045,0.6971320823435545,0.03038208676552756,0.003287685553528319
web_nju_xianlin_05,NJU_campus_web,NJU_Xianlin,0.1,0.05,2028,hqs_5000,hqs_round1,0.003071625048746196,0.002069801153726046,32.615435774919334,1.7143957586256526,0.11922166218252017
web_nju_xianlin_06,NJU_campus_web,NJU_Xianlin,0.01,0.0,2026,hqs_10000,hqs,0.005085356373228207,0.005095292507815703,-0.19538718347851258,-0.008477278498371987,-0.0015822907150049303
web_nju_xianlin_06,NJU_campus_web,NJU_Xianlin,0.01,0.0,2026,hqs_10000,hqs_round1,0.0050851310449117545,0.005095292507815703,-0.1998269624558846,-0.008669715380587917,-0.001040800886721649
web_nju_xianlin_06,NJU_campus_web,NJU_Xianlin,0.01,0.0,2026,hqs_10000,hqs_5000,0.00509861369792129,0.005095292507815703,0.06513908098080279,0.002829876120365782,0.0012683623329174942
web_nju_xianlin_06,NJU_campus_web,NJU_Xianlin,0.01,0.0,2026,hqs_5000,hqs_round1,0.0050851310449117545,0.00509861369792129,-0.2651387523833204,-0.011499591500953699,-0.002309163219639143
web_nju_xianlin_06,NJU_campus_web,NJU_Xianlin,0.04,0.0,2026,hqs_10000,hqs,0.0028582032067396455,0.0028042601611672144,1.8873061735160568,0.08274799937545652,0.003611395345690438
web_nju_xianlin_06,NJU_campus_web,NJU_Xianlin,0.04,0.0,2026,hqs_10000,hqs_round1,0.0028366045675441974,0.0028042601611672144,1.1402508036213566,0.049804956632954145,0.0023985810423372556
web_nju_xianlin_06,NJU_campus_web,NJU_Xianlin,0.04,0.0,2026,hqs_10000,hqs_5000,0.0028195257104337494,0.0028042601611672144,0.5414225949436968,0.02357756943251843,0.0018526068720510214
web_nju_xianlin_06,NJU_campus_web,NJU_Xianlin,0.04,0.0,2026,hqs_5000,hqs_round1,0.0028366045675441974,0.0028195257104337494,0.6020880494186809,0.026227387200435714,0.0005459741702862342
web_nju_xianlin_06,NJU_campus_web,NJU_Xianlin,0.1,0.0,2026,hqs_10000,hqs,0.0016672680629026902,0.001615346333594077,3.1141800448224344,0.13739780904423782,0.0037848069133759044
web_nju_xianlin_06,NJU_campus_web,NJU_Xianlin,0.1,0.0,2026,hqs_10000,hqs_round1,0.0016251441175170653,0.001615346333594077,0.6028870804367537,0.02626229901598265,0.001198269524574247
web_nju_xianlin_06,NJU_campus_web,NJU_Xianlin,0.1,0.0,2026,hqs_10000,hqs_5000,0.0016120607752562281,0.001615346333594077,-0.20381107141116406,-0.00884239453469604,0.00022185441517830196
web_nju_xianlin_06,NJU_campus_web,NJU_Xianlin,0.1,0.0,2026,hqs_5000,hqs_round1,0.0016251441175170653,0.0016120607752562281,0.8050573558255447,0.03510469355067869,0.000976415109395945
web_nju_xianlin_06,NJU_campus_web,NJU_Xianlin,0.25,0.0,2026,hqs_10000,hqs,0.0005931008847187309,0.0005709159726978197,3.7404955198190426,0.1655637829212182,0.0016291982121466875
web_nju_xianlin_06,NJU_campus_web,NJU_Xianlin,0.25,0.0,2026,hqs_10000,hqs_round1,0.000580876917988943,0.0005709159726978197,1.7148116894727283,0.07511925908291772,0.000997050935268362
web_nju_xianlin_06,NJU_campus_web,NJU_Xianlin,0.25,0.0,2026,hqs_10000,hqs_5000,0.0005734791097691439,0.0005709159726978197,0.4469451506883937,0.01945408827496209,0.00038712366962423417
web_nju_xianlin_06,NJU_campus_web,NJU_Xianlin,0.25,0.0,2026,hqs_5000,hqs_round1,0.000580876917988943,0.0005734791097691439,1.2735586474000637,0.05566517080795563,0.0006099272656441279
web_nju_xianlin_06,NJU_campus_web,NJU_Xianlin,0.5,0.0,2026,hqs_10000,hqs,0.00015305464705188884,0.00014702090263528941,3.942215759416867,0.17467435427500533,0.00046291900444028755
web_nju_xianlin_06,NJU_campus_web,NJU_Xianlin,0.5,0.0,2026,hqs_10000,hqs_round1,0.00015053558286682307,0.00014702090263528941,2.33478368675335,0.10260083701703593,0.00027135332298278136
web_nju_xianlin_06,NJU_campus_web,NJU_Xianlin,0.5,0.0,2026,hqs_10000,hqs_5000,0.00014708193631315727,0.00014702090263528941,0.04149637909165449,0.0018025388658955421,5.420418071744315e-05
web_nju_xianlin_06,NJU_campus_web,NJU_Xianlin,0.5,0.0,2026,hqs_5000,hqs_round1,0.00015053558286682307,0.00014708193631315727,2.294239333912962,0.10079829815114039,0.0002171491422653382
web_nju_xianlin_06,NJU_campus_web,NJU_Xianlin,0.1,0.01,2026,hqs_10000,hqs,0.0018732013710223872,0.001832929640894858,2.1498879271879323,0.0943867258568396,0.002075106517717251
web_nju_xianlin_06,NJU_campus_web,NJU_Xianlin,0.1,0.01,2026,hqs_10000,hqs_round1,0.0018906126624240462,0.001832929640894858,3.0510227015633107,0.13456767874478714,0.0029498622247576822
web_nju_xianlin_06,NJU_campus_web,NJU_Xianlin,0.1,0.01,2026,hqs_10000,hqs_5000,0.0018374402209878798,0.001832929640894858,0.2454817327660619,0.010674243220396562,0.00030120625048868366
web_nju_xianlin_06,NJU_campus_web,NJU_Xianlin,0.1,0.01,2026,hqs_5000,hqs_round1,0.0018906126624240462,0.0018374402209878798,2.812445007534836,0.12389343552439058,0.0026486559742689986
web_nju_xianlin_06,NJU_campus_web,NJU_Xianlin,0.1,0.01,2027,hqs_10000,hqs,0.0018545786971864552,0.0018078331873627596,2.5205460353131537,0.1108691219953748,0.0017550041804312855
web_nju_xianlin_06,NJU_campus_web,NJU_Xianlin,0.1,0.01,2027,hqs_10000,hqs_round1,0.0018581071669965693,0.0018078331873627596,2.7056555470410304,0.11912403763068014,0.0019118497763871423
web_nju_xianlin_06,NJU_campus_web,NJU_Xianlin,0.1,0.01,2027,hqs_10000,hqs_5000,0.001808258207198594,0.0018078331873627596,0.023504377535377152,0.001020902129464929,-1.3398046255108653e-05
web_nju_xianlin_06,NJU_campus_web,NJU_Xianlin,0.1,0.01,2027,hqs_5000,hqs_round1,0.0018581071669965693,0.001808258207198594,2.6827817406544274,0.1181031355012152,0.001925247822642251
web_nju_xianlin_06,NJU_campus_web,NJU_Xianlin,0.1,0.01,2028,hqs_10000,hqs,0.0018787951937445412,0.0018360125577494334,2.2771314370801488,0.10003793205331846,0.003879432321265308
web_nju_xianlin_06,NJU_campus_web,NJU_Xianlin,0.1,0.01,2028,hqs_10000,hqs_round1,0.0018871665052267216,0.0018360125577494334,2.7106218415604344,0.11934572465329296,0.003811551312282724
web_nju_xianlin_06,NJU_campus_web,NJU_Xianlin,0.1,0.01,2028,hqs_10000,hqs_5000,0.001835507138251676,0.0018360125577494334,-0.027535686853208396,-0.0011956950717042503,-2.3836892038553437e-05
web_nju_xianlin_06,NJU_campus_web,NJU_Xianlin,0.1,0.01,2028,hqs_5000,hqs_round1,0.0018871665052267216,0.001835507138251676,2.7374037654848693,0.12054141972499721,0.0038353882043212773
web_nju_xianlin_06,NJU_campus_web,NJU_Xianlin,0.1,0.05,2026,hqs_10000,hqs,0.00607495362297932,0.002977645017872753,50.98489301038588,3.0967004505197586,0.12164326882170429
web_nju_xianlin_06,NJU_campus_web,NJU_Xianlin,0.1,0.05,2026,hqs_10000,hqs_round1,0.006424298828675288,0.002977645017872753,53.650272235440944,3.33952812343583,0.1260650086861611
web_nju_xianlin_06,NJU_campus_web,NJU_Xianlin,0.1,0.05,2026,hqs_10000,hqs_5000,0.0029912112592780124,0.002977645017872753,0.45353671905253856,0.019741651177728414,0.0032829711417778906
web_nju_xianlin_06,NJU_campus_web,NJU_Xianlin,0.1,0.05,2026,hqs_5000,hqs_round1,0.006424298828675288,0.0029912112592780124,53.43910146385874,3.3197864722581016,0.12278203754438322
web_nju_xianlin_06,NJU_campus_web,NJU_Xianlin,0.1,0.05,2027,hqs_10000,hqs,0.0055367295470404015,0.002943006446937549,46.84576116760659,2.7446209655716487,0.1154190857877666
web_nju_xianlin_06,NJU_campus_web,NJU_Xianlin,0.1,0.05,2027,hqs_10000,hqs_round1,0.005806825423998521,0.002943006446937549,49.31815179470258,2.951475561657354,0.11975587086017814
web_nju_xianlin_06,NJU_campus_web,NJU_Xianlin,0.1,0.05,2027,hqs_10000,hqs_5000,0.0029690560735848954,0.002943006446937549,0.8773706525486369,0.03827186293577611,0.004602972464809119
web_nju_xianlin_06,NJU_campus_web,NJU_Xianlin,0.1,0.05,2027,hqs_5000,hqs_round1,0.005806825423998521,0.0029690560735848954,48.8695482162363,2.9132036987215777,0.11515289839536902
web_nju_xianlin_06,NJU_campus_web,NJU_Xianlin,0.1,0.05,2028,hqs_10000,hqs,0.00571919348759957,0.0029822103823826797,47.856102633199114,2.827965116863087,0.12772452204682183
web_nju_xianlin_06,NJU_campus_web,NJU_Xianlin,0.1,0.05,2028,hqs_10000,hqs_round1,0.006009576727157431,0.0029822103823826797,50.37570002383038,3.043056065488493,0.1313718985525153
web_nju_xianlin_06,NJU_campus_web,NJU_Xianlin,0.1,0.05,2028,hqs_10000,hqs_5000,0.003017611754886737,0.0029822103823826797,1.1731586227661017,0.05125084978702077,0.0060125275607342266
web_nju_xianlin_06,NJU_campus_web,NJU_Xianlin,0.1,0.05,2028,hqs_5000,hqs_round1,0.006009576727157431,0.003017611754886737,49.786617396029364,2.991805215701472,0.12535937099178107
web_nju_xianlin_07,NJU_campus_web,NJU_Xianlin,0.01,0.0,2026,hqs_10000,hqs,0.0029145105473978882,0.002872529388428307,1.4404188383213334,0.06301150751466622,0.0021611304780004836
web_nju_xianlin_07,NJU_campus_web,NJU_Xianlin,0.01,0.0,2026,hqs_10000,hqs_round1,0.002902766592375112,0.002872529388428307,1.0416684560939582,0.04547635603908873,0.002540405810683044
web_nju_xianlin_07,NJU_campus_web,NJU_Xianlin,0.01,0.0,2026,hqs_10000,hqs_5000,0.0028774578591460615,0.002872529388428307,0.17127864104384827,0.0074449144631003605,-0.0004369911426400641
web_nju_xianlin_07,NJU_campus_web,NJU_Xianlin,0.01,0.0,2026,hqs_5000,hqs_round1,0.002902766592375112,0.0028774578591460615,0.8718831646860714,0.03803144157598837,0.002977396953323108
web_nju_xianlin_07,NJU_campus_web,NJU_Xianlin,0.04,0.0,2026,hqs_10000,hqs,0.001485964761033648,0.0014340081409871354,3.4964907250136346,0.15456893588320142,0.003983279490716307
web_nju_xianlin_07,NJU_campus_web,NJU_Xianlin,0.04,0.0,2026,hqs_10000,hqs_round1,0.0014637174223310373,0.0014340081409871354,2.0297142666094947,0.08905625315879107,0.0027393042381709254
web_nju_xianlin_07,NJU_campus_web,NJU_Xianlin,0.04,0.0,2026,hqs_10000,hqs_5000,0.0014166032877269872,0.0014340081409871354,-1.2286328438553262,-0.05303371468896145,-0.0006645063045359612
web_nju_xianlin_07,NJU_campus_web,NJU_Xianlin,0.04,0.0,2026,hqs_5000,hqs_round1,0.0014637174223310373,0.0014166032877269872,3.218799877985923,0.14208996784775252,0.0034038105427068865
web_nju_xianlin_07,NJU_campus_web,NJU_Xianlin,0.1,0.0,2026,hqs_10000,hqs,0.0008290658066293175,0.0007192431550415405,13.246554219173056,0.6171326634828205,0.008903918792247723
web_nju_xianlin_07,NJU_campus_web,NJU_Xianlin,0.1,0.0,2026,hqs_10000,hqs_round1,0.0007830480489582952,0.0007192431550415405,8.148273148963925,0.36912674362787357,0.0050726917343139055
web_nju_xianlin_07,NJU_campus_web,NJU_Xianlin,0.1,0.0,2026,hqs_10000,hqs_5000,0.0007210488521631612,0.0007192431550415405,0.25042646087064524,0.010889523830567072,3.704873585697044e-05
web_nju_xianlin_07,NJU_campus_web,NJU_Xianlin,0.1,0.0,2026,hqs_5000,hqs_round1,0.0007830480489582952,0.0007210488521631612,7.917674640478678,0.3582372197973065,0.005035642998456935
web_nju_xianlin_07,NJU_campus_web,NJU_Xianlin,0.25,0.0,2026,hqs_10000,hqs,0.00025436445943111916,0.0002296725100649421,9.707311084811177,0.44347413499725263,0.001970990384578708
web_nju_xianlin_07,NJU_campus_web,NJU_Xianlin,0.25,0.0,2026,hqs_10000,hqs_round1,0.0002389200585314199,0.0002296725100649421,3.8705617784124513,0.17143595688314406,0.0006273379931449607
web_nju_xianlin_07,NJU_campus_web,NJU_Xianlin,0.25,0.0,2026,hqs_10000,hqs_5000,0.0002324510489770354,0.0002296725100649421,1.1953221653853707,0.0522249357362341,0.0002982081542014514
web_nju_xianlin_07,NJU_campus_web,NJU_Xianlin,0.25,0.0,2026,hqs_5000,hqs_round1,0.0002389200585314199,0.0002324510489770354,2.707604206255354,0.11921102114690996,0.00032912983894350933
web_nju_xianlin_07,NJU_campus_web,NJU_Xianlin,0.5,0.0,2026,hqs_10000,hqs,7.48748892602937e-05,7.174922598064937e-05,4.174514727866008,0.1851897274695844,0.00023661803722374586
web_nju_xianlin_07,NJU_campus_web,NJU_Xianlin,0.5,0.0,2026,hqs_10000,hqs_round1,7.282852628264123e-05,7.174922598064937e-05,1.4819746561988478,0.06484301571924078,3.2773962020948844e-06
web_nju_xianlin_07,NJU_campus_web,NJU_Xianlin,0.5,0.0,2026,hqs_10000,hqs_5000,7.260837478909416e-05,7.174922598064937e-05,1.1832640669073746,0.05169495616186737,0.00012544049167628746
web_nju_xianlin_07,NJU_campus_web,NJU_Xianlin,0.5,0.0,2026,hqs_5000,hqs_round1,7.282852628264123e-05,7.260837478909416e-05,0.30228744804292607,0.013148059557373415,-0.00012216309547419257
web_nju_xianlin_07,NJU_campus_web,NJU_Xianlin,0.1,0.01,2026,hqs_10000,hqs,0.0009138276814186611,0.0008224679378906527,9.997480420616933,0.4574533251504995,0.01162170877385138
web_nju_xianlin_07,NJU_campus_web,NJU_Xianlin,0.1,0.01,2026,hqs_10000,hqs_round1,0.0008751522537495916,0.0008224679378906527,6.020017160809765,0.26964638615532266,0.00695390102481841
web_nju_xianlin_07,NJU_campus_web,NJU_Xianlin,0.1,0.01,2026,hqs_10000,hqs_5000,0.0008228975650048637,0.0008224679378906527,0.0522090637378958,0.0022680029317498906,-0.00021175395584105416
web_nju_xianlin_07,NJU_campus_web,NJU_Xianlin,0.1,0.01,2026,hqs_5000,hqs_round1,0.0008751522537495916,0.0008228975650048637,5.970925461351728,0.26737838322357277,0.007165654980659464
web_nju_xianlin_07,NJU_campus_web,NJU_Xianlin,0.1,0.01,2027,hqs_10000,hqs,0.000931583375093059,0.0008373434469817901,10.116102394147486,0.4631810367598739,0.0120616224567891
web_nju_xianlin_07,NJU_campus_web,NJU_Xianlin,0.1,0.01,2027,hqs_10000,hqs_round1,0.0008938549780965941,0.0008373434469817901,6.322225920265234,0.28363437282121495,0.007602007262379029
web_nju_xianlin_07,NJU_campus_web,NJU_Xianlin,0.1,0.01,2027,hqs_10000,hqs_5000,0.0008365799354163469,0.0008373434469817901,-0.09126582327882993,-0.003961816726182121,-0.00028004855492702596
web_nju_xianlin_07,NJU_campus_web,NJU_Xianlin,0.1,0.01,2027,hqs_5000,hqs_round1,0.0008938549780965941,0.0008365799354163469,6.407643754718539,0.2875961895473971,0.007882055817306055
web_nju_xianlin_07,NJU_campus_web,NJU_Xianlin,0.1,0.01,2028,hqs_10000,hqs,0.0009031918965718254,0.000824708384542894,8.689572207946627,0.3947962253204018,0.011358478667497618
web_nju_xianlin_07,NJU_campus_web,NJU_Xianlin,0.1,0.01,2028,hqs_10000,hqs_round1,0.0008716969272411362,0.000824708384542894,5.390467859851,0.24065105169928103,0.006815938696980495
web_nju_xianlin_07,NJU_campus_web,NJU_Xianlin,0.1,0.01,2028,hqs_10000,hqs_5000,0.0008284749655540828,0.000824708384542894,0.45464029304370657,0.01978979741372555,3.970101046568697e-05
web_nju_xianlin_07,NJU_campus_web,NJU_Xianlin,0.1,0.01,2028,hqs_5000,hqs_round1,0.0008716969272411362,0.0008284749655540828,4.958370316142801,0.22086125428555548,0.006776237686514808
web_nju_xianlin_07,NJU_campus_web,NJU_Xianlin,0.1,0.05,2026,hqs_10000,hqs,0.001991600135139045,0.0013676760331088357,31.32777965927631,1.6321891057673845,0.17498290388835802
web_nju_xianlin_07,NJU_campus_web,NJU_Xianlin,0.1,0.05,2026,hqs_10000,hqs_round1,0.0020221455831610177,0.0013676760331088357,32.36510543563907,1.6982918265633202,0.17052730920924797
web_nju_xianlin_07,NJU_campus_web,NJU_Xianlin,0.1,0.05,2026,hqs_10000,hqs_5000,0.0013827604340274783,0.0013676760331088357,1.090890406424716,0.04763707755397917,0.003746203124176728
web_nju_xianlin_07,NJU_campus_web,NJU_Xianlin,0.1,0.05,2026,hqs_5000,hqs_round1,0.0020221455831610177,0.0013827604340274783,31.619145251354887,1.650654749009341,0.16678110608507124
web_nju_xianlin_07,NJU_campus_web,NJU_Xianlin,0.1,0.05,2027,hqs_10000,hqs,0.00210443290159964,0.0013566403545230673,35.53415965451566,1.9067035171047273,0.19604772814020122
web_nju_xianlin_07,NJU_campus_web,NJU_Xianlin,0.1,0.05,2027,hqs_10000,hqs_round1,0.0021141148893578468,0.0013566403545230673,35.829393125595885,1.926638534786612,0.189455196421776
web_nju_xianlin_07,NJU_campus_web,NJU_Xianlin,0.1,0.05,2027,hqs_10000,hqs_5000,0.0013915679980762929,0.0013566403545230673,2.509948748570656,0.11039701296941828,0.004449657677195962
web_nju_xianlin_07,NJU_campus_web,NJU_Xianlin,0.1,0.05,2027,hqs_5000,hqs_round1,0.0021141148893578468,0.0013915679980762929,34.17727650085395,1.8162415218171937,0.18500553874458003
web_nju_xianlin_07,NJU_campus_web,NJU_Xianlin,0.1,0.05,2028,hqs_10000,hqs,0.002054937043739485,0.0014060763095486047,31.57569893285449,1.6478963007760825,0.18221181165072686
web_nju_xianlin_07,NJU_campus_web,NJU_Xianlin,0.1,0.05,2028,hqs_10000,hqs_round1,0.0020671651657049013,0.0014060763095486047,31.980456478467513,1.673662869393855,0.1773693020706213
web_nju_xianlin_07,NJU_campus_web,NJU_Xianlin,0.1,0.05,2028,hqs_10000,hqs_5000,0.001438479421944175,0.0014060763095486047,2.252594781771433,0.0989476246776988,0.005436350661665146
web_nju_xianlin_07,NJU_campus_web,NJU_Xianlin,0.1,0.05,2028,hqs_5000,hqs_round1,0.0020671651657049013,0.001438479421944175,30.41294204212004,1.574715244716156,0.17193295140895615
web_nju_xianlin_08,NJU_campus_web,NJU_Xianlin,0.01,0.0,2026,hqs_10000,hqs,0.003594310295856121,0.0035612902928637644,0.9186742455270291,0.04008190984061599,-0.0019415415293363436
web_nju_xianlin_08,NJU_campus_web,NJU_Xianlin,0.01,0.0,2026,hqs_10000,hqs_round1,0.0035780321353420224,0.0035612902928637644,0.46790643138417964,0.02036860838314425,-0.002469738017548684
web_nju_xianlin_08,NJU_campus_web,NJU_Xianlin,0.01,0.0,2026,hqs_10000,hqs_5000,0.0035582991819877114,0.0035612902928637644,-0.08406012881643221,-0.003649151483372748,0.000721443662778043
web_nju_xianlin_08,NJU_campus_web,NJU_Xianlin,0.01,0.0,2026,hqs_5000,hqs_round1,0.0035780321353420224,0.0035582991819877114,0.551502966096884,0.024017759866516997,-0.0031911816803267268
web_nju_xianlin_08,NJU_campus_web,NJU_Xianlin,0.04,0.0,2026,hqs_10000,hqs,0.001813000512406508,0.0017795038043581463,1.847584036471095,0.08099006031211076,0.0010318652676251094
web_nju_xianlin_08,NJU_campus_web,NJU_Xianlin,0.04,0.0,2026,hqs_10000,hqs_round1,0.001784071560323224,0.0017795038043581463,0.2560298626278268,0.011133494278812606,5.29567448813717e-05
web_nju_xianlin_08,NJU_campus_web,NJU_Xianlin,0.04,0.0,2026,hqs_10000,hqs_5000,0.0017832807579046556,0.0017795038043581463,0.2117980317887347,0.00920802630341555,0.002099011213626767
web_nju_xianlin_08,NJU_campus_web,NJU_Xianlin,0.04,0.0,2026,hqs_5000,hqs_round1,0.001784071560323224,0.0017832807579046556,0.04432571182431122,0.001925467975397055,-0.002046054468745395
web_nju_xianlin_08,NJU_campus_web,NJU_Xianlin,0.1,0.0,2026,hqs_10000,hqs,0.0009909766931869768,0.0009641621818429128,2.705867002565787,0.11913347641850436,0.00035655153150859764
web_nju_xianlin_08,NJU_campus_web,NJU_Xianlin,0.1,0.0,2026,hqs_10000,hqs_round1,0.0009669759945722631,0.0009641621818429128,0.2909909599767335,0.012655999671117968,-0.000907325581118501
web_nju_xianlin_08,NJU_campus_web,NJU_Xianlin,0.1,0.0,2026,hqs_10000,hqs_5000,0.0009660837330192434,0.0009641621818429128,0.19890110045899245,0.008646767148398737,0.001073816838413455
web_nju_xianlin_08,NJU_campus_web,NJU_Xianlin,0.1,0.0,2026,hqs_5000,hqs_round1,0.0009669759945722631,0.0009660837330192434,0.09227339231047127,0.0040092325227192305,-0.001981142419531956
web_nju_xianlin_08,NJU_campus_web,NJU_Xianlin,0.25,0.0,2026,hqs_10000,hqs,0.00037774364892081004,0.0003553226078470782,5.935517681842528,0.26574330292672954,0.002680607576370231
web_nju_xianlin_08,NJU_campus_web,NJU_Xianlin,0.25,0.0,2026,hqs_10000,hqs_round1,0.0003670681813396505,0.0003553226078470782,3.1998342786633494,0.14123899181271327,0.001337259301424032
web_nju_xianlin_08,NJU_campus_web,NJU_Xianlin,0.25,0.0,2026,hqs_10000,hqs_5000,0.000358173673007349,0.0003553226078470782,0.7960007602826558,0.03470819652962831,0.0005846411752701286
web_nju_xianlin_08,NJU_campus_web,NJU_Xianlin,0.25,0.0,2026,hqs_5000,hqs_round1,0.0003670681813396505,0.000358173673007349,2.4231215846168275,0.10653079528308496,0.0007526181261539033
web_nju_xianlin_08,NJU_campus_web,NJU_Xianlin,0.5,0.0,2026,hqs_10000,hqs,0.00011163778670083536,0.00010354307771477531,7.250868388990983,0.32690147894182786,0.0015206862983703218
web_nju_xianlin_08,NJU_campus_web,NJU_Xianlin,0.5,0.0,2026,hqs_10000,hqs_round1,0.00010728386806166646,0.00010354307771477531,3.4868153194671847,0.15413353569512367,0.0005004917917250662
web_nju_xianlin_08,NJU_campus_web,NJU_Xianlin,0.5,0.0,2026,hqs_10000,hqs_5000,0.00010533170387536096,0.00010354307771477531,1.6980890793356296,0.07438039703637855,0.0003652027835845395
web_nju_xianlin_08,NJU_campus_web,NJU_Xianlin,0.5,0.0,2026,hqs_5000,hqs_round1,0.00010728386806166646,0.00010533170387536096,1.8196250951572734,0.07975313865874512,0.0001352890081405267
web_nju_xianlin_08,NJU_campus_web,NJU_Xianlin,0.1,0.01,2026,hqs_10000,hqs,0.0010965664938386466,0.0010745425700963488,2.0084439809209154,0.08811346065829895,-0.0011225966381608332
web_nju_xianlin_08,NJU_campus_web,NJU_Xianlin,0.1,0.01,2026,hqs_10000,hqs_round1,0.0010847181359756736,0.0010745425700963488,0.9380838709931005,0.04093275826548037,-0.0020650072105704576
web_nju_xianlin_08,NJU_campus_web,NJU_Xianlin,0.1,0.01,2026,hqs_10000,hqs_5000,0.001077080312701771,0.0010745425700963488,0.23561312703380688,0.01024462167510265,0.0006023827653648395
web_nju_xianlin_08,NJU_campus_web,NJU_Xianlin,0.1,0.01,2026,hqs_5000,hqs_round1,0.0010847181359756736,0.001077080312701771,0.7041297661196211,0.030688136590377724,-0.002667389975935297
web_nju_xianlin_08,NJU_campus_web,NJU_Xianlin,0.1,0.01,2027,hqs_10000,hqs,0.0010812713417637611,0.0010645119365377072,1.5499722020483886,0.06784156900212324,-0.0008090048840045938
web_nju_xianlin_08,NJU_campus_web,NJU_Xianlin,0.1,0.01,2027,hqs_10000,hqs_round1,0.001073908733897789,0.0010645119365377072,0.8750089335781697,0.03816838814857704,-0.0017850797963142595
web_nju_xianlin_08,NJU_campus_web,NJU_Xianlin,0.1,0.01,2027,hqs_10000,hqs_5000,0.001064163482968601,0.0010645119365377072,-0.03274436444051787,-0.0014218369059690872,0.0006725514059066073
web_nju_xianlin_08,NJU_campus_web,NJU_Xianlin,0.1,0.01,2027,hqs_5000,hqs_round1,0.001073908733897789,0.001064163482968601,0.9074561572674167,0.039590225054546124,-0.002457631202220867
web_nju_xianlin_08,NJU_campus_web,NJU_Xianlin,0.1,0.01,2028,hqs_10000,hqs,0.0010927403251188483,0.0010771461167349903,1.4270735714051686,0.06242349939150671,-0.0017219586102514839
web_nju_xianlin_08,NJU_campus_web,NJU_Xianlin,0.1,0.01,2028,hqs_10000,hqs_round1,0.0010890954970347532,0.0010771461167349903,1.097183886288855,0.04791342323618153,-0.0020989283856301943
web_nju_xianlin_08,NJU_campus_web,NJU_Xianlin,0.1,0.01,2028,hqs_10000,hqs_5000,0.001081716882653144,0.0010771461167349903,0.42254734038568165,0.018389878217888622,0.0009948495464175977
web_nju_xianlin_08,NJU_campus_web,NJU_Xianlin,0.1,0.01,2028,hqs_5000,hqs_round1,0.0010890954970347532,0.001081716882653144,0.6774993011814501,0.029523545018292907,-0.003093777932047792
web_nju_xianlin_08,NJU_campus_web,NJU_Xianlin,0.1,0.05,2026,hqs_10000,hqs,0.002396187468961305,0.0017665869875541289,26.27509281150252,1.3238576550453018,0.11538340819207205
web_nju_xianlin_08,NJU_campus_web,NJU_Xianlin,0.1,0.05,2026,hqs_10000,hqs_round1,0.002417426243717383,0.0017665869875541289,26.922817515310406,1.362182053663041,0.11414297879273072
web_nju_xianlin_08,NJU_campus_web,NJU_Xianlin,0.1,0.05,2026,hqs_10000,hqs_5000,0.0017811953664767133,0.0017665869875541289,0.8201446734885987,0.03576529549079055,0.0033238754081948985
web_nju_xianlin_08,NJU_campus_web,NJU_Xianlin,0.1,0.05,2026,hqs_5000,hqs_round1,0.002417426243717383,0.0017811953664767133,26.318522804745815,1.3264167581722504,0.11081910338453582
web_nju_xianlin_08,NJU_campus_web,NJU_Xianlin,0.1,0.05,2027,hqs_10000,hqs,0.0022776772127030684,0.001707315089540506,25.041393924544575,1.2517849815238336,0.11229935688284032
web_nju_xianlin_08,NJU_campus_web,NJU_Xianlin,0.1,0.05,2027,hqs_10000,hqs_round1,0.0022834002845997206,0.001707315089540506,25.229268777121238,1.2626837213507152,0.1088539198318943
web_nju_xianlin_08,NJU_campus_web,NJU_Xianlin,0.1,0.05,2027,hqs_10000,hqs_5000,0.001724283435206509,0.001707315089540506,0.98408099965136,0.04294977339548467,0.0025918904114067276
web_nju_xianlin_08,NJU_campus_web,NJU_Xianlin,0.1,0.05,2027,hqs_5000,hqs_round1,0.0022834002845997206,0.001724283435206509,24.486151340356198,1.2197339479552305,0.10626202942048757
web_nju_xianlin_08,NJU_campus_web,NJU_Xianlin,0.1,0.05,2028,hqs_10000,hqs,0.002307611707268372,0.001734835776873966,24.821157241935975,1.239043637466434,0.10592600279741737
web_nju_xianlin_08,NJU_campus_web,NJU_Xianlin,0.1,0.05,2028,hqs_10000,hqs_round1,0.0023350285413512154,0.001734835776873966,25.703872729963916,1.29033823508437,0.10467835299360195
web_nju_xianlin_08,NJU_campus_web,NJU_Xianlin,0.1,0.05,2028,hqs_10000,hqs_5000,0.0017441967523385887,0.001734835776873966,0.5366926324149812,0.023371036438064152,0.0020045452670268693
web_nju_xianlin_08,NJU_campus_web,NJU_Xianlin,0.1,0.05,2028,hqs_5000,hqs_round1,0.0023350285413512154,0.0017441967523385887,25.302979323358887,1.2669671986463058,0.10267380772657508
web_nju_xianlin_09,NJU_campus_web,NJU_Xianlin,0.01,0.0,2026,hqs_10000,hqs,0.007818445850233714,0.007770514505244255,0.6130546390882174,0.026706571525441092,-0.0005220114463769798
web_nju_xianlin_09,NJU_campus_web,NJU_Xianlin,0.01,0.0,2026,hqs_10000,hqs_round1,0.007781674935648457,0.007770514505244255,0.14341938588406933,0.006233095591628768,-0.0010782318921626066
web_nju_xianlin_09,NJU_campus_web,NJU_Xianlin,0.01,0.0,2026,hqs_10000,hqs_5000,0.007799623301168286,0.007770514505244255,0.37320771529658625,0.016238525734458165,0.0014721125163830728
web_nju_xianlin_09,NJU_campus_web,NJU_Xianlin,0.01,0.0,2026,hqs_5000,hqs_round1,0.007781674935648457,0.007799623301168286,-0.23064912976005214,-0.010005430142829397,-0.0025503444085456795
web_nju_xianlin_09,NJU_campus_web,NJU_Xianlin,0.04,0.0,2026,hqs_10000,hqs,0.004346720675363702,0.004308345821964378,0.8828460870932808,0.03851176947424051,0.0009506890665129664
web_nju_xianlin_09,NJU_campus_web,NJU_Xianlin,0.04,0.0,2026,hqs_10000,hqs_round1,0.004328673462886028,0.004308345821964378,0.4696043971886166,0.020442697397342613,0.0015174904162035263
web_nju_xianlin_09,NJU_campus_web,NJU_Xianlin,0.04,0.0,2026,hqs_10000,hqs_5000,0.004300980727755575,0.004308345821964378,-0.17124220439479476,-0.007430594101418109,0.0005975980887252819
web_nju_xianlin_09,NJU_campus_web,NJU_Xianlin,0.04,0.0,2026,hqs_5000,hqs_round1,0.004328673462886028,0.004300980727755575,0.6397510777352511,0.02787329149876072,0.0009198923274782445
web_nju_xianlin_09,NJU_campus_web,NJU_Xianlin,0.1,0.0,2026,hqs_10000,hqs,0.0027097512041426553,0.0026299064258621077,2.9465722963230467,0.1298912172327782,0.0023554365783734488
web_nju_xianlin_09,NJU_campus_web,NJU_Xianlin,0.1,0.0,2026,hqs_10000,hqs_round1,0.002642768855177173,0.0026299064258621077,0.4867027734895557,0.021188838145608457,-0.0007449626245907837
web_nju_xianlin_09,NJU_campus_web,NJU_Xianlin,0.1,0.0,2026,hqs_10000,hqs_5000,0.002637028719120279,0.0026299064258621077,0.27008781537074533,0.011745633696982338,0.0004822266109996143
web_nju_xianlin_09,NJU_campus_web,NJU_Xianlin,0.1,0.0,2026,hqs_5000,hqs_round1,0.002642768855177173,0.002637028719120279,0.21720159315671284,0.009443204448626119,-0.001227189235590398
web_nju_xianlin_09,NJU_campus_web,NJU_Xianlin,0.25,0.0,2026,hqs_10000,hqs,0.001283223774147736,0.0012112456283712315,5.609165542799377,0.2507017453577305,0.005043323252439502
web_nju_xianlin_09,NJU_campus_web,NJU_Xianlin,0.25,0.0,2026,hqs_10000,hqs_round1,0.0012158338529839662,0.0012112456283712315,0.37737266498000244,0.016420088588557036,0.0002485446543692982
web_nju_xianlin_09,NJU_campus_web,NJU_Xianlin,0.25,0.0,2026,hqs_10000,hqs_5000,0.001214191291747379,0.0012112456283712315,0.24260290747994961,0.010548911564495,0.0007503953619002468
web_nju_xianlin_09,NJU_campus_web,NJU_Xianlin,0.25,0.0,2026,hqs_5000,hqs_round1,0.0012158338529839662,0.001214191291747379,0.13509750798235132,0.005871177024062035,-0.0005018507075309486
web_nju_xianlin_09,NJU_campus_web,NJU_Xianlin,0.5,0.0,2026,hqs_10000,hqs,0.00042405408947804,0.000388705466391528,8.335876003465014,0.378006076121963,0.0026363256311416894
web_nju_xianlin_09,NJU_campus_web,NJU_Xianlin,0.5,0.0,2026,hqs_10000,hqs_round1,0.0004077321747052237,0.000388705466391528,4.666472133932375,0.2075433539054785,0.0013180525918007335
web_nju_xianlin_09,NJU_campus_web,NJU_Xianlin,0.5,0.0,2026,hqs_10000,hqs_5000,0.00040025579181800176,0.000388705466391528,2.885735987482163,0.12716976817397807,0.0007765080871582342
web_nju_xianlin_09,NJU_campus_web,NJU_Xianlin,0.5,0.0,2026,hqs_5000,hqs_round1,0.0004077321747052237,0.00040025579181800176,1.8336504575894974,0.08037358573150044,0.0005415445046424994
web_nju_xianlin_09,NJU_campus_web,NJU_Xianlin,0.1,0.01,2026,hqs_10000,hqs,0.002790710947231625,0.0027249500012737223,2.356422689463311,0.103563179708825,0.001333412480231333
web_nju_xianlin_09,NJU_campus_web,NJU_Xianlin,0.1,0.01,2026,hqs_10000,hqs_round1,0.0027431403502642037,0.0027249500012737223,0.6631213378757495,0.028894904160193136,-0.0011649322808412466
web_nju_xianlin_09,NJU_campus_web,NJU_Xianlin,0.1,0.01,2026,hqs_10000,hqs_5000,0.0027334952884948247,0.0027249500012737223,0.31261393634256507,0.013597916334148863,0.0003187059816383009
web_nju_xianlin_09,NJU_campus_web,NJU_Xianlin,0.1,0.01,2026,hqs_5000,hqs_round1,0.0027431403502642037,0.0027334952884948247,0.351606572680474,0.015296987826044273,-0.0014836382624795474
web_nju_xianlin_09,NJU_campus_web,NJU_Xianlin,0.1,0.01,2027,hqs_10000,hqs,0.0027702767427909536,0.0027118791892082996,2.1080043260883974,0.09252817663339741,0.001293662054739908
web_nju_xianlin_09,NJU_campus_web,NJU_Xianlin,0.1,0.01,2027,hqs_10000,hqs_round1,0.0027236162927275344,0.0027118791892082996,0.43093821808066757,0.018755851169373727,-0.0011287912319972726
web_nju_xianlin_09,NJU_campus_web,NJU_Xianlin,0.1,0.01,2027,hqs_10000,hqs_5000,0.002714679215443223,0.0027118791892082996,0.10314390809030849,0.004481794759229274,0.0002068201238625278
web_nju_xianlin_09,NJU_campus_web,NJU_Xianlin,0.1,0.01,2027,hqs_5000,hqs_round1,0.0027236162927275344,0.002714679215443223,0.32813275894165717,0.014274056410144453,-0.0013356113558598004
web_nju_xianlin_09,NJU_campus_web,NJU_Xianlin,0.1,0.01,2028,hqs_10000,hqs,0.0027859895358924767,0.0027178734560043324,2.4449510312436806,0.10750248744844981,0.00197180228353111
web_nju_xianlin_09,NJU_campus_web,NJU_Xianlin,0.1,0.01,2028,hqs_10000,hqs_round1,0.0027366704526300316,0.0027178734560043324,0.6868564173532321,0.02993271064791969,-0.0003090457346616171
web_nju_xianlin_09,NJU_campus_web,NJU_Xianlin,0.1,0.01,2028,hqs_10000,hqs_5000,0.0027203149550674936,0.0027178734560043324,0.08975060254008405,0.0038995693484373817,0.00031293887817862576
web_nju_xianlin_09,NJU_campus_web,NJU_Xianlin,0.1,0.01,2028,hqs_5000,hqs_round1,0.0027366704526300316,0.0027203149550674936,0.597642202290738,0.02603314129948231,-0.0006219846128402429
web_nju_xianlin_09,NJU_campus_web,NJU_Xianlin,0.1,0.05,2026,hqs_10000,hqs,0.003939279545335408,0.0035884160628442572,8.906793195385598,0.40514008946581725,0.041705390073511484
web_nju_xianlin_09,NJU_campus_web,NJU_Xianlin,0.1,0.05,2026,hqs_10000,hqs_round1,0.003936804738858348,0.0035884160628442572,8.84952897397502,0.40241082758045366,0.03895216252227507
web_nju_xianlin_09,NJU_campus_web,NJU_Xianlin,0.1,0.05,2026,hqs_10000,hqs_5000,0.0035827251412272275,0.0035884160628442572,-0.15884337739289212,-0.0068930071343693555,0.0014921034153508872
web_nju_xianlin_09,NJU_campus_web,NJU_Xianlin,0.1,0.05,2026,hqs_5000,hqs_round1,0.003936804738858348,0.0035827251412272275,8.994085841651412,0.409303834714823,0.03746005910692418
web_nju_xianlin_09,NJU_campus_web,NJU_Xianlin,0.1,0.05,2027,hqs_10000,hqs,0.003903413543062235,0.0035481592152808816,9.101119414128378,0.4144146505495634,0.041401631272174444
web_nju_xianlin_09,NJU_campus_web,NJU_Xianlin,0.1,0.05,2027,hqs_10000,hqs_round1,0.0039022854419229823,0.0035481592152808816,9.07484170270212,0.4131593418215189,0.03888485001472575
web_nju_xianlin_09,NJU_campus_web,NJU_Xianlin,0.1,0.05,2027,hqs_10000,hqs_5000,0.003543513373727351,0.0035481592152808816,-0.13110833976177627,-0.005690233478247819,0.0013076118187624886
web_nju_xianlin_09,NJU_campus_web,NJU_Xianlin,0.1,0.05,2027,hqs_5000,hqs_round1,0.0039022854419229823,0.003543513373727351,9.193896077956676,0.41884957529976674,0.03757723819596326
web_nju_xianlin_09,NJU_campus_web,NJU_Xianlin,0.1,0.05,2028,hqs_10000,hqs,0.003899774223471513,0.0035494383376178744,8.983491499202112,0.40879828551894803,0.04119127727422256
web_nju_xianlin_09,NJU_campus_web,NJU_Xianlin,0.1,0.05,2028,hqs_10000,hqs_round1,0.0038970544200781967,0.0035494383376178744,8.919969930862482,0.40576834679003326,0.03868031464483024
web_nju_xianlin_09,NJU_campus_web,NJU_Xianlin,0.1,0.05,2028,hqs_10000,hqs_5000,0.0035368828995411697,0.0035494383376178744,-0.35498597022631806,-0.015389545570737795,0.00112821270142216
web_nju_xianlin_09,NJU_campus_web,NJU_Xianlin,0.1,0.05,2028,hqs_5000,hqs_round1,0.0038970544200781967,0.0035368828995411697,9.242147573853998,0.42115789236077106,0.03755210194340808
web_xuanwu_lake_01,Nanjing_scenic_web,Xuanwu_Lake,0.01,0.0,2026,hqs_10000,hqs,0.001251258698233884,0.001260116181093304,-0.7078858170514124,-0.03063478823140997,-0.0014563266137954667
web_xuanwu_lake_01,Nanjing_scenic_web,Xuanwu_Lake,0.01,0.0,2026,hqs_10000,hqs_round1,0.0012573481959877592,0.001260116181093304,-0.2201446754667824,-0.009550253443098455,-0.0009602802995573034
web_xuanwu_lake_01,Nanjing_scenic_web,Xuanwu_Lake,0.01,0.0,2026,hqs_10000,hqs_5000,0.001241098042223647,0.001260116181093304,-1.5323639408521217,-0.06604497821249211,-0.002000354274269145
web_xuanwu_lake_01,Nanjing_scenic_web,Xuanwu_Lake,0.01,0.0,2026,hqs_5000,hqs_round1,0.0012573481959877592,0.001241098042223647,1.292414767521588,0.056494724769393656,0.0010400739747118415
web_xuanwu_lake_01,Nanjing_scenic_web,Xuanwu_Lake,0.04,0.0,2026,hqs_10000,hqs,0.0006820490951498527,0.0006765435042775884,0.8072132800139187,0.03519908507191616,0.0004800763959885712
web_xuanwu_lake_01,Nanjing_scenic_web,Xuanwu_Lake,0.04,0.0,2026,hqs_10000,hqs_round1,0.0006766299451388774,0.0006765435042775884,0.01277520480877925,0.000554855538084098,-0.00029653558397291224
web_xuanwu_lake_01,Nanjing_scenic_web,Xuanwu_Lake,0.04,0.0,2026,hqs_10000,hqs_5000,0.000680014764958099,0.0006765435042775884,0.5104684279501615,0.022226139243532117,0.0002691316610575756
web_xuanwu_lake_01,Nanjing_scenic_web,Xuanwu_Lake,0.04,0.0,2026,hqs_5000,hqs_round1,0.0006766299451388774,0.000680014764958099,-0.5002468252460757,-0.02167128370544802,-0.0005656672450304878
web_xuanwu_lake_01,Nanjing_scenic_web,Xuanwu_Lake,0.1,0.0,2026,hqs_10000,hqs,0.0004553409979880617,0.0004381302285555739,3.7797539664853663,0.16733536948512295,0.0014246840715408382
web_xuanwu_lake_01,Nanjing_scenic_web,Xuanwu_Lake,0.1,0.0,2026,hqs_10000,hqs_round1,0.0004394800803982212,0.0004381302285555739,0.30714744600578436,0.013359771711016322,-0.0007943440756797981
web_xuanwu_lake_01,Nanjing_scenic_web,Xuanwu_Lake,0.1,0.0,2026,hqs_10000,hqs_5000,0.0004372671546671803,0.0004381302285555739,-0.19737908031316476,-0.00856361592661159,-0.00021630498600011538
web_xuanwu_lake_01,Nanjing_scenic_web,Xuanwu_Lake,0.1,0.0,2026,hqs_5000,hqs_round1,0.0004394800803982212,0.0004372671546671803,0.503532658189132,0.02192338763762791,-0.0005780390896796828
web_xuanwu_lake_01,Nanjing_scenic_web,Xuanwu_Lake,0.25,0.0,2026,hqs_10000,hqs,0.0002415707384047151,0.00023542178035074727,2.5454068214446512,0.11197687125205391,-0.0008496262874603255
web_xuanwu_lake_01,Nanjing_scenic_web,Xuanwu_Lake,0.25,0.0,2026,hqs_10000,hqs_round1,0.0002350546708919609,0.00023542178035074727,-0.156180456824484,-0.006777539838253688,-0.0024614301948547856
web_xuanwu_lake_01,Nanjing_scenic_web,Xuanwu_Lake,0.25,0.0,2026,hqs_10000,hqs_5000,0.00023363814693897264,0.00023542178035074727,-0.7634170340516055,-0.03302886633444757,-0.0011481731777190918
web_xuanwu_lake_01,Nanjing_scenic_web,Xuanwu_Lake,0.25,0.0,2026,hqs_5000,hqs_round1,0.0002350546708919609,0.00023363814693897264,0.6026359517183777,0.026251326496193883,-0.0013132570171356939
web_xuanwu_lake_01,Nanjing_scenic_web,Xuanwu_Lake,0.5,0.0,2026,hqs_10000,hqs,0.00010623018180153523,0.00010801839090102758,-1.6833343115548516,-0.07249778786776062,-0.005041442320823708
web_xuanwu_lake_01,Nanjing_scenic_web,Xuanwu_Lake,0.5,0.0,2026,hqs_10000,hqs_round1,0.00010283179603295057,0.00010801839090102758,-5.043765710768167,-0.2137028237019436,-0.005676961507797285
web_xuanwu_lake_01,Nanjing_scenic_web,Xuanwu_Lake,0.5,0.0,2026,hqs_10000,hqs_5000,0.00010470516174572559,0.00010801839090102758,-3.1643417574275023,-0.13529611496274185,-0.0031613553962708263
web_xuanwu_lake_01,Nanjing_scenic_web,Xuanwu_Lake,0.5,0.0,2026,hqs_5000,hqs_round1,0.00010283179603295057,0.00010470516174572559,-1.8217767121122108,-0.07840670873920175,-0.0025156061115264583
web_xuanwu_lake_01,Nanjing_scenic_web,Xuanwu_Lake,0.1,0.01,2026,hqs_10000,hqs,0.0005654649635197734,0.0005269697461895563,6.80771043542665,0.30620018312126973,0.017305771052122165
web_xuanwu_lake_01,Nanjing_scenic_web,Xuanwu_Lake,0.1,0.01,2026,hqs_10000,hqs_round1,0.0005445855110374611,0.0005269697461895563,3.2347105258724196,0.14280399852953707,0.009695646949291259
web_xuanwu_lake_01,Nanjing_scenic_web,Xuanwu_Lake,0.1,0.01,2026,hqs_10000,hqs_5000,0.0005269969036738917,0.0005269697461895563,0.005153253111378486,0.00022380870577620726,-0.00011754454278944948
web_xuanwu_lake_01,Nanjing_scenic_web,Xuanwu_Lake,0.1,0.01,2026,hqs_5000,hqs_round1,0.0005445855110374611,0.0005269969036738917,3.229723708598542,0.14258018982376086,0.009813191492080708
web_xuanwu_lake_01,Nanjing_scenic_web,Xuanwu_Lake,0.1,0.01,2027,hqs_10000,hqs,0.000563686023932733,0.0005246842710576924,6.9190562155386655,0.3113922187965983,0.015635882301568982
web_xuanwu_lake_01,Nanjing_scenic_web,Xuanwu_Lake,0.1,0.01,2027,hqs_10000,hqs_round1,0.0005438928388060041,0.0005246842710576924,3.531682415690518,0.15615295542512087,0.009728517707586315
web_xuanwu_lake_01,Nanjing_scenic_web,Xuanwu_Lake,0.1,0.01,2027,hqs_10000,hqs_5000,0.0005228958484594034,0.0005246842710576924,-0.3420227189713243,-0.014828513940805976,-0.00017909047865871663
web_xuanwu_lake_01,Nanjing_scenic_web,Xuanwu_Lake,0.1,0.01,2027,hqs_5000,hqs_round1,0.0005438928388060041,0.0005228958484594034,3.860501343002576,0.17098146936592684,0.009907608186245032
web_xuanwu_lake_01,Nanjing_scenic_web,Xuanwu_Lake,0.1,0.01,2028,hqs_10000,hqs,0.0005627092083739612,0.0005245688060131628,6.777995062673892,0.30481560877218783,0.016334395162105553
web_xuanwu_lake_01,Nanjing_scenic_web,Xuanwu_Lake,0.1,0.01,2028,hqs_10000,hqs_round1,0.0005460968317792131,0.0005245688060131628,3.9421627288901973,0.17467195667038737,0.009683931524276712
web_xuanwu_lake_01,Nanjing_scenic_web,Xuanwu_Lake,0.1,0.01,2028,hqs_10000,hqs_5000,0.0005238761377518845,0.0005245688060131628,-0.1322198533895369,-0.005738442427876578,-3.540706777571678e-05
web_xuanwu_lake_01,Nanjing_scenic_web,Xuanwu_Lake,0.1,0.01,2028,hqs_5000,hqs_round1,0.0005460968317792131,0.0005238761377518845,4.0690025530696445,0.18041039909826395,0.009719338592052429
web_xuanwu_lake_01,Nanjing_scenic_web,Xuanwu_Lake,0.1,0.05,2026,hqs_10000,hqs,0.0018972288105883047,0.0008919811453574385,52.98505165115812,3.2776403667605862,0.303416245463498
web_xuanwu_lake_01,Nanjing_scenic_web,Xuanwu_Lake,0.1,0.05,2026,hqs_10000,hqs_round1,0.001794627027101566,0.0008919811453574385,50.29712960480466,3.036185295604838,0.28410116549742226
web_xuanwu_lake_01,Nanjing_scenic_web,Xuanwu_Lake,0.1,0.05,2026,hqs_10000,hqs_5000,0.0008958925411012437,0.0008919811453574385,0.4365920648247923,0.019002464335642344,0.0028467902717590476
web_xuanwu_lake_01,Nanjing_scenic_web,Xuanwu_Lake,0.1,0.05,2026,hqs_5000,hqs_round1,0.001794627027101566,0.0008958925411012437,50.0791792627705,3.0171828312691957,0.2812543752256632
web_xuanwu_lake_01,Nanjing_scenic_web,Xuanwu_Lake,0.1,0.05,2027,hqs_10000,hqs,0.001830177025636553,0.000882241135881652,51.794765013247826,3.1690579573615523,0.2934741386265718
web_xuanwu_lake_01,Nanjing_scenic_web,Xuanwu_Lake,0.1,0.05,2027,hqs_10000,hqs_round1,0.0017540696871898686,0.000882241135881652,49.70318783086329,2.9845953981934024,0.2750373329643887
web_xuanwu_lake_01,Nanjing_scenic_web,Xuanwu_Lake,0.1,0.05,2027,hqs_10000,hqs_5000,0.000882404901834494,0.000882241135881652,0.0185590484029996,0.0008060840341599373,0.0030020855616853526
web_xuanwu_lake_01,Nanjing_scenic_web,Xuanwu_Lake,0.1,0.05,2027,hqs_5000,hqs_round1,0.0017540696871898686,0.000882404901834494,49.69385148841135,2.9837893141592424,0.27203524740270335
web_xuanwu_lake_01,Nanjing_scenic_web,Xuanwu_Lake,0.1,0.05,2028,hqs_10000,hqs,0.0019073934086006573,0.0009057214634288157,52.51522526266407,3.2344561790155453,0.29712412861676163
web_xuanwu_lake_01,Nanjing_scenic_web,Xuanwu_Lake,0.1,0.05,2028,hqs_10000,hqs_round1,0.0018032946233185047,0.0009057214634288157,49.77407176193617,2.990720281995472,0.2749374678390567
web_xuanwu_lake_01,Nanjing_scenic_web,Xuanwu_Lake,0.1,0.05,2028,hqs_10000,hqs_5000,0.0009093163660478662,0.0009057214634288157,0.39534124241873414,0.01720348068343469,0.003302009064272027
web_xuanwu_lake_01,Nanjing_scenic_web,Xuanwu_Lake,0.1,0.05,2028,hqs_5000,hqs_round1,0.0018032946233185047,0.0009093163660478662,49.57471983283015,2.973516801312037,0.2716354587747847
web_xuanwu_lake_02,Nanjing_scenic_web,Xuanwu_Lake,0.01,0.0,2026,hqs_10000,hqs,0.0027460057236436248,0.002741582166863501,0.16109058848771118,0.007001716435130589,0.0006798919850586893
web_xuanwu_lake_02,Nanjing_scenic_web,Xuanwu_Lake,0.01,0.0,2026,hqs_10000,hqs_round1,0.0027526722068252005,0.002741582166863501,0.4028826946485653,0.017532314206434307,0.0013444508841621294
web_xuanwu_lake_02,Nanjing_scenic_web,Xuanwu_Lake,0.01,0.0,2026,hqs_10000,hqs_5000,0.0027221049021481014,0.002741582166863501,-0.7155221938739187,-0.030964088221924868,-0.002998266999410748
web_xuanwu_lake_02,Nanjing_scenic_web,Xuanwu_Lake,0.01,0.0,2026,hqs_5000,hqs_round1,0.0027526722068252005,0.0027221049021481014,1.1104593057360002,0.048496402428359175,0.0043427178835728775
web_xuanwu_lake_02,Nanjing_scenic_web,Xuanwu_Lake,0.04,0.0,2026,hqs_10000,hqs,0.001201039176470226,0.0011672270218746727,2.815241605600649,0.12401840672908904,0.005095296855628484
web_xuanwu_lake_02,Nanjing_scenic_web,Xuanwu_Lake,0.04,0.0,2026,hqs_10000,hqs_round1,0.0011872637976465855,0.0011672270218746727,1.6876431178673212,0.07391892254840471,0.00395811341735719
web_xuanwu_lake_02,Nanjing_scenic_web,Xuanwu_Lake,0.04,0.0,2026,hqs_10000,hqs_5000,0.0011666167995371965,0.0011672270218746727,-0.05230700755536333,-0.002271070561857158,0.0006447942157984388
web_xuanwu_lake_02,Nanjing_scenic_web,Xuanwu_Lake,0.04,0.0,2026,hqs_5000,hqs_round1,0.0011872637976465855,0.0011666167995371965,1.739040485384613,0.07618999311026187,0.003313319201558751
web_xuanwu_lake_02,Nanjing_scenic_web,Xuanwu_Lake,0.1,0.0,2026,hqs_10000,hqs,0.0006455342447766292,0.0006234442507462799,3.421970903804339,0.15121661654458762,0.0015060676116942506
web_xuanwu_lake_02,Nanjing_scenic_web,Xuanwu_Lake,0.1,0.0,2026,hqs_10000,hqs_round1,0.0006314384435451159,0.0006234442507462799,1.2660288394786057,0.05533394957834048,0.00041929816675179143
web_xuanwu_lake_02,Nanjing_scenic_web,Xuanwu_Lake,0.1,0.0,2026,hqs_10000,hqs_5000,0.000627181483666225,0.0006234442507462799,0.5958774321746407,0.025956038186755848,0.0006259464726448005
web_xuanwu_lake_02,Nanjing_scenic_web,Xuanwu_Lake,0.1,0.0,2026,hqs_5000,hqs_round1,0.0006314384435451159,0.000627181483666225,0.6741686260011037,0.029377911391584632,-0.0002066483058930091
web_xuanwu_lake_02,Nanjing_scenic_web,Xuanwu_Lake,0.25,0.0,2026,hqs_10000,hqs,0.00027482315213263683,0.00026651549054123176,3.0229118350973527,0.13330860155534197,0.0007194688844680552
web_xuanwu_lake_02,Nanjing_scenic_web,Xuanwu_Lake,0.25,0.0,2026,hqs_10000,hqs_round1,0.0002681585808199756,0.00026651549054123176,0.6127308228286443,0.026692421640355235,-0.00016895595359800453
web_xuanwu_lake_02,Nanjing_scenic_web,Xuanwu_Lake,0.25,0.0,2026,hqs_10000,hqs_5000,0.0002707110871872249,0.00026651549054123176,1.549842930183154,0.0678358664114711,0.0005984084558486868
web_xuanwu_lake_02,Nanjing_scenic_web,Xuanwu_Lake,0.25,0.0,2026,hqs_5000,hqs_round1,0.0002681585808199756,0.0002707110871872249,-0.9518645122017944,-0.04114344477111587,-0.0007673644094466914
web_xuanwu_lake_02,Nanjing_scenic_web,Xuanwu_Lake,0.5,0.0,2026,hqs_10000,hqs,0.00010833160119955818,0.00010000132770605986,7.68960617332064,0.347493961849878,0.0016843133726119897
web_xuanwu_lake_02,Nanjing_scenic_web,Xuanwu_Lake,0.5,0.0,2026,hqs_10000,hqs_round1,0.00010425114535601982,0.00010000132770605986,4.076518905808424,0.18075068935835503,0.000735093780517615
web_xuanwu_lake_02,Nanjing_scenic_web,Xuanwu_Lake,0.5,0.0,2026,hqs_10000,hqs_5000,9.943089429520465e-05,0.00010000132770605986,-0.5736983609557322,-0.024844205789946727,-0.00023337568759917993
web_xuanwu_lake_02,Nanjing_scenic_web,Xuanwu_Lake,0.5,0.0,2026,hqs_5000,hqs_round1,0.00010425114535601982,9.943089429520465e-05,4.6236912259850165,0.20559489514830176,0.0009684694681167949
web_xuanwu_lake_02,Nanjing_scenic_web,Xuanwu_Lake,0.1,0.01,2026,hqs_10000,hqs,0.0007613097918291436,0.0007331176764548393,3.703106892473973,0.16387724589108998,0.004624208589076972
web_xuanwu_lake_02,Nanjing_scenic_web,Xuanwu_Lake,0.1,0.01,2026,hqs_10000,hqs_round1,0.0007573767434508123,0.0007331176764548393,3.203038277283532,0.14138274176801957,0.002770259820938037
web_xuanwu_lake_02,Nanjing_scenic_web,Xuanwu_Lake,0.1,0.01,2026,hqs_10000,hqs_5000,0.0007355373036850041,0.0007331176764548393,0.3289605052038236,0.014310123470664848,0.0004918740739822125
web_xuanwu_lake_02,Nanjing_scenic_web,Xuanwu_Lake,0.1,0.01,2026,hqs_5000,hqs_round1,0.0007573767434508123,0.0007355373036850041,2.8835635573257634,0.12707261829735472,0.0022783857469558244
web_xuanwu_lake_02,Nanjing_scenic_web,Xuanwu_Lake,0.1,0.01,2027,hqs_10000,hqs,0.0007711975102368482,0.0007438099528698438,3.551302617482932,0.15703633477899714,0.005298146179676055
web_xuanwu_lake_02,Nanjing_scenic_web,Xuanwu_Lake,0.1,0.01,2027,hqs_10000,hqs_round1,0.0007733104716422485,0.0007438099528698438,3.814835031233399,0.16891905810685515,0.003828051221847484
web_xuanwu_lake_02,Nanjing_scenic_web,Xuanwu_Lake,0.1,0.01,2027,hqs_10000,hqs_5000,0.0007437849640763236,0.0007438099528698438,-0.003359679843928376,-0.00014590659073121515,0.00031309073829643985
web_xuanwu_lake_02,Nanjing_scenic_web,Xuanwu_Lake,0.1,0.01,2027,hqs_5000,hqs_round1,0.0007733104716422485,0.0007437849640763236,3.81806643626883,0.16906496469758636,0.003514960483551044
web_xuanwu_lake_02,Nanjing_scenic_web,Xuanwu_Lake,0.1,0.01,2028,hqs_10000,hqs,0.0007563496802413035,0.0007340362665666777,2.9501451851618454,0.13005109973318696,0.0034912977082729446
web_xuanwu_lake_02,Nanjing_scenic_web,Xuanwu_Lake,0.1,0.01,2028,hqs_10000,hqs_round1,0.000767324690509117,0.0007340362665666777,4.338244859598173,0.1926165523492216,0.002980693970918602
web_xuanwu_lake_02,Nanjing_scenic_web,Xuanwu_Lake,0.1,0.01,2028,hqs_10000,hqs_5000,0.0007379838085314776,0.0007340362665666777,0.5349090209248786,0.023293157901420614,0.0006545914342402925
web_xuanwu_lake_02,Nanjing_scenic_web,Xuanwu_Lake,0.1,0.01,2028,hqs_5000,hqs_round1,0.000767324690509117,0.0007379838085314776,3.8237896343687128,0.16932339444780098,0.0023261025366783095
web_xuanwu_lake_02,Nanjing_scenic_web,Xuanwu_Lake,0.1,0.05,2026,hqs_10000,hqs,0.0020052176436852163,0.0013802728704320692,31.16593229773378,1.6219656535183447,0.15326363282100175
web_xuanwu_lake_02,Nanjing_scenic_web,Xuanwu_Lake,0.1,0.05,2026,hqs_10000,hqs_round1,0.0019946397414400056,0.0013802728704320692,30.80089392806351,1.5989951581105721,0.13909139923113656
web_xuanwu_lake_02,Nanjing_scenic_web,Xuanwu_Lake,0.1,0.05,2026,hqs_10000,hqs_5000,0.001366037887310367,0.0013802728704320692,-1.0420635660208344,-0.04502207165092997,0.0012918541979088927
web_xuanwu_lake_02,Nanjing_scenic_web,Xuanwu_Lake,0.1,0.05,2026,hqs_5000,hqs_round1,0.0019946397414400056,0.001366037887310367,31.51455579020136,1.644017229761502,0.13779954503322767
web_xuanwu_lake_02,Nanjing_scenic_web,Xuanwu_Lake,0.1,0.05,2027,hqs_10000,hqs,0.0020542304254327834,0.0014280945340854956,30.48031435983497,1.5789220038347445,0.1487325118817463
web_xuanwu_lake_02,Nanjing_scenic_web,Xuanwu_Lake,0.1,0.05,2027,hqs_10000,hqs_round1,0.0020679626560245134,0.0014280945340854956,30.941957296710143,1.6078573492381985,0.1383652571001851
web_xuanwu_lake_02,Nanjing_scenic_web,Xuanwu_Lake,0.1,0.05,2027,hqs_10000,hqs_5000,0.0014215682306665093,0.0014280945340854956,-0.45909181692436185,-0.01989247676992889,0.002196580593608277
web_xuanwu_lake_02,Nanjing_scenic_web,Xuanwu_Lake,0.1,0.05,2027,hqs_5000,hqs_round1,0.0020679626560245134,0.0014215682306665093,31.25754826736783,1.6277498260081273,0.13616867650657682
web_xuanwu_lake_02,Nanjing_scenic_web,Xuanwu_Lake,0.1,0.05,2028,hqs_10000,hqs,0.002003387926895536,0.0013984799879608097,30.194248992610028,1.5610879617501539,0.1484272490771189
web_xuanwu_lake_02,Nanjing_scenic_web,Xuanwu_Lake,0.1,0.05,2028,hqs_10000,hqs_round1,0.002013671581711875,0.0013984799879608097,30.550741210146835,1.5833238499036106,0.13890045840869103
web_xuanwu_lake_02,Nanjing_scenic_web,Xuanwu_Lake,0.1,0.05,2028,hqs_10000,hqs_5000,0.0013922859683147683,0.0013984799879608097,-0.44488128064228416,-0.019278097929401383,0.002029191740114178
web_xuanwu_lake_02,Nanjing_scenic_web,Xuanwu_Lake,0.1,0.05,2028,hqs_5000,hqs_round1,0.002013671581711875,0.0013922859683147683,30.85833951477086,1.602601947833012,0.13687126666857685
web_xuanwu_lake_03,Nanjing_scenic_web,Xuanwu_Lake,0.01,0.0,2026,hqs_10000,hqs,0.0005863081748618961,0.000533758699878685,8.962773714623552,0.407809827955127,0.004426299687085189
web_xuanwu_lake_03,Nanjing_scenic_web,Xuanwu_Lake,0.01,0.0,2026,hqs_10000,hqs_round1,0.0005413406387649785,0.000533758699878685,1.4005855728088323,0.061256642859163435,0.001106372966710456
web_xuanwu_lake_03,Nanjing_scenic_web,Xuanwu_Lake,0.01,0.0,2026,hqs_10000,hqs_5000,0.0004821706182250754,0.000533758699878685,-10.699134228359085,-0.44144224299530777,-0.0022726460074093957
web_xuanwu_lake_03,Nanjing_scenic_web,Xuanwu_Lake,0.01,0.0,2026,hqs_5000,hqs_round1,0.0005413406387649785,0.0004821706182250754,10.930275006674972,0.5026988858544712,0.0033790189741198517
web_xuanwu_lake_03,Nanjing_scenic_web,Xuanwu_Lake,0.04,0.0,2026,hqs_10000,hqs,0.00016513899715246073,0.00012987105263326316,21.356520947403634,1.0433728230812065,0.002846341119766227
web_xuanwu_lake_03,Nanjing_scenic_web,Xuanwu_Lake,0.04,0.0,2026,hqs_10000,hqs_round1,0.00014908811701282892,0.00012987105263326316,12.889735791560197,0.5993066902848767,0.0016327387838364071
web_xuanwu_lake_03,Nanjing_scenic_web,Xuanwu_Lake,0.04,0.0,2026,hqs_10000,hqs_5000,0.00012907955207924762,0.00012987105263326316,-0.6131881783488113,-0.026549109156206896,-0.0001647988381385801
web_xuanwu_lake_03,Nanjing_scenic_web,Xuanwu_Lake,0.04,0.0,2026,hqs_5000,hqs_round1,0.00014908811701282892,0.00012907955207924762,13.420630251745402,0.6258557994410836,0.0017975376219749872
web_xuanwu_lake_03,Nanjing_scenic_web,Xuanwu_Lake,0.1,0.0,2026,hqs_10000,hqs,8.363210714444531e-05,6.17772488893016e-05,26.132138722030597,1.315444750770574,0.0029488251981735214
web_xuanwu_lake_03,Nanjing_scenic_web,Xuanwu_Lake,0.1,0.0,2026,hqs_10000,hqs_round1,6.881225495110059e-05,6.17772488893016e-05,10.223478458594638,0.46837225673494487,0.0011356326837539399
web_xuanwu_lake_03,Nanjing_scenic_web,Xuanwu_Lake,0.1,0.0,2026,hqs_10000,hqs_5000,6.191562723918131e-05,6.17772488893016e-05,0.22349503033401996,0.009717128539662667,0.0002276316728592187
web_xuanwu_lake_03,Nanjing_scenic_web,Xuanwu_Lake,0.1,0.0,2026,hqs_5000,hqs_round1,6.881225495110059e-05,6.191562723918131e-05,10.022382956088515,0.4586551281952822,0.0009080010108947212
web_xuanwu_lake_03,Nanjing_scenic_web,Xuanwu_Lake,0.25,0.0,2026,hqs_10000,hqs,2.6406435908869037e-05,2.275632181600121e-05,13.822819957470578,0.6460772134078354,0.0006444709997176501
web_xuanwu_lake_03,Nanjing_scenic_web,Xuanwu_Lake,0.25,0.0,2026,hqs_10000,hqs_round1,2.425259816978267e-05,2.275632181600121e-05,6.169550756197884,0.27656204343151103,0.00029784622287754026
web_xuanwu_lake_03,Nanjing_scenic_web,Xuanwu_Lake,0.25,0.0,2026,hqs_10000,hqs_5000,2.2874571459154772e-05,2.275632181600121e-05,0.5169480152435235,0.02250899720890942,0.00019479103279107512
web_xuanwu_lake_03,Nanjing_scenic_web,Xuanwu_Lake,0.25,0.0,2026,hqs_5000,hqs_round1,2.425259816978267e-05,2.2874571459154772e-05,5.681975601050604,0.2540530462226016,0.00010305519008646513
web_xuanwu_lake_03,Nanjing_scenic_web,Xuanwu_Lake,0.5,0.0,2026,hqs_10000,hqs,8.117610462400228e-06,7.469135077523184e-06,7.988500900365969,0.36157893486578985,0.00011909303665158522
web_xuanwu_lake_03,Nanjing_scenic_web,Xuanwu_Lake,0.5,0.0,2026,hqs_10000,hqs_round1,7.563827250005012e-06,7.469135077523184e-06,1.2519081855255965,0.05471287827589322,-3.2029626846341586e-05
web_xuanwu_lake_03,Nanjing_scenic_web,Xuanwu_Lake,0.5,0.0,2026,hqs_10000,hqs_5000,7.51659136089842e-06,7.469135077523184e-06,0.6313537758897647,0.02750626869074324,6.850333404539999e-05
web_xuanwu_lake_03,Nanjing_scenic_web,Xuanwu_Lake,0.5,0.0,2026,hqs_5000,hqs_round1,7.563827250005012e-06,7.51659136089842e-06,0.6244971962647616,0.027206609585149977,-0.00010053296089174157
web_xuanwu_lake_03,Nanjing_scenic_web,Xuanwu_Lake,0.1,0.01,2026,hqs_10000,hqs,0.00015331798054465473,0.00011248719775873066,26.63143790498328,1.3448999231024743,0.021379093788623793
web_xuanwu_lake_03,Nanjing_scenic_web,Xuanwu_Lake,0.1,0.01,2026,hqs_10000,hqs_round1,0.0001354142992653849,0.00011248719775873066,16.931078646075402,0.8056142879177344,0.017656937561988828
web_xuanwu_lake_03,Nanjing_scenic_web,Xuanwu_Lake,0.1,0.01,2026,hqs_10000,hqs_5000,0.00011276736815549808,0.00011248719775873066,0.2484498852372674,0.0108034675843669,0.00017783617782596295
web_xuanwu_lake_03,Nanjing_scenic_web,Xuanwu_Lake,0.1,0.01,2026,hqs_5000,hqs_round1,0.0001354142992653849,0.00011276736815549808,16.724179966772468,0.7948108203333675,0.017479101384162865
web_xuanwu_lake_03,Nanjing_scenic_web,Xuanwu_Lake,0.1,0.01,2027,hqs_10000,hqs,0.00014545835094834707,0.00010919012805162661,24.933750905507978,1.2455528439020682,0.020077373362064277
web_xuanwu_lake_03,Nanjing_scenic_web,Xuanwu_Lake,0.1,0.01,2027,hqs_10000,hqs_round1,0.00013519328294376586,0.00010919012805162661,19.23405832444749,0.9277173898562481,0.017095244836330403
web_xuanwu_lake_03,Nanjing_scenic_web,Xuanwu_Lake,0.1,0.01,2027,hqs_10000,hqs_5000,0.00010940178579341319,0.00010919012805162661,0.19346826950910057,0.008410358500512416,-0.00012442501354226199
web_xuanwu_lake_03,Nanjing_scenic_web,Xuanwu_Lake,0.1,0.01,2027,hqs_5000,hqs_round1,0.00013519328294376586,0.00010940178579341319,19.07749896204588,0.9193070313557357,0.017219669849872665
web_xuanwu_lake_03,Nanjing_scenic_web,Xuanwu_Lake,0.1,0.01,2028,hqs_10000,hqs,0.00014826354267619845,0.00010834478468516025,26.92419004058142,1.3622636230023346,0.02135450820732121
web_xuanwu_lake_03,Nanjing_scenic_web,Xuanwu_Lake,0.1,0.01,2028,hqs_10000,hqs_round1,0.00013380515236954745,0.00010834478468516025,19.027942671497378,0.9166482608055446,0.017336916832923932
web_xuanwu_lake_03,Nanjing_scenic_web,Xuanwu_Lake,0.1,0.01,2028,hqs_10000,hqs_5000,0.00011018162359991711,0.00010834478468516025,1.6671009690569227,0.07301156865717218,0.0003547254056930349
web_xuanwu_lake_03,Nanjing_scenic_web,Xuanwu_Lake,0.1,0.01,2028,hqs_5000,hqs_round1,0.00013380515236954745,0.00011018162359991711,17.655171233157073,0.8436366921483724,0.016982191427230897
web_xuanwu_lake_03,Nanjing_scenic_web,Xuanwu_Lake,0.1,0.05,2026,hqs_10000,hqs,0.0012699375944058863,0.00030988573195065236,75.5983496105865,6.125807994491353,0.34593055536413186
web_xuanwu_lake_03,Nanjing_scenic_web,Xuanwu_Lake,0.1,0.05,2026,hqs_10000,hqs_round1,0.0012327354442742491,0.00030988573195065236,74.86194354271268,5.996683027242117,0.338669417229414
web_xuanwu_lake_03,Nanjing_scenic_web,Xuanwu_Lake,0.1,0.05,2026,hqs_10000,hqs_5000,0.00031557304107825303,0.00030988573195065236,1.8022164086539894,0.07898314503386672,0.0017866377940177758
web_xuanwu_lake_03,Nanjing_scenic_web,Xuanwu_Lake,0.1,0.05,2026,hqs_5000,hqs_round1,0.0012327354442742491,0.00031557304107825303,74.40058671598909,5.91769988220825,0.33688277943539624
web_xuanwu_lake_03,Nanjing_scenic_web,Xuanwu_Lake,0.1,0.05,2027,hqs_10000,hqs,0.001229628500633113,0.0002930783621825283,76.16529203481966,6.227901648985792,0.3437650205646604
web_xuanwu_lake_03,Nanjing_scenic_web,Xuanwu_Lake,0.1,0.05,2027,hqs_10000,hqs_round1,0.0012000628270745206,0.0002930783621825283,75.57808178285245,6.122202274343522,0.33711556145706023
web_xuanwu_lake_03,Nanjing_scenic_web,Xuanwu_Lake,0.1,0.05,2027,hqs_10000,hqs_5000,0.00029595766113068884,0.0002930783621825283,0.9728752880261204,0.04245830662759431,0.0005734081634283239
web_xuanwu_lake_03,Nanjing_scenic_web,Xuanwu_Lake,0.1,0.05,2027,hqs_5000,hqs_round1,0.0012000628270745206,0.00029595766113068884,75.33815276553761,6.0797439677159275,0.3365421532936319
web_xuanwu_lake_03,Nanjing_scenic_web,Xuanwu_Lake,0.1,0.05,2028,hqs_10000,hqs,0.0012291992085527934,0.0002994402441728678,75.63940473689242,6.133121037105759,0.34418626670999075
web_xuanwu_lake_03,Nanjing_scenic_web,Xuanwu_Lake,0.1,0.05,2028,hqs_10000,hqs_round1,0.0011968918051090728,0.0002994402441728678,74.98184523490995,6.017447252138034,0.33629141879123825
web_xuanwu_lake_03,Nanjing_scenic_web,Xuanwu_Lake,0.1,0.05,2028,hqs_10000,hqs_5000,0.0002996077583106153,0.0002994402441728678,0.05591114819323284,0.0024288693813900863,0.0005563805246352471
web_xuanwu_lake_03,Nanjing_scenic_web,Xuanwu_Lake,0.1,0.05,2028,hqs_5000,hqs_round1,0.0011968918051090728,0.0002996077583106153,74.96784947213236,6.015018382756644,0.335735038266603
web_sun_yat_sen_mausoleum_01,Nanjing_scenic_web,Sun_Yat_sen_Mausoleum,0.01,0.0,2026,hqs_10000,hqs,0.0063567143662797785,0.0059629570496922335,6.1943528354253985,0.27771016006974136,0.001638554412921489
web_sun_yat_sen_mausoleum_01,Nanjing_scenic_web,Sun_Yat_sen_Mausoleum,0.01,0.0,2026,hqs_10000,hqs_round1,0.006220888414621815,0.0059629570496922335,4.146214298319995,0.18390730184117388,0.0007915479570553829
web_sun_yat_sen_mausoleum_01,Nanjing_scenic_web,Sun_Yat_sen_Mausoleum,0.01,0.0,2026,hqs_10000,hqs_5000,0.005944958115898798,0.0059629570496922335,-0.30275964006039047,-0.013128819731889507,-0.0011533926249375215
web_sun_yat_sen_mausoleum_01,Nanjing_scenic_web,Sun_Yat_sen_Mausoleum,0.01,0.0,2026,hqs_5000,hqs_round1,0.006220888414621815,0.005944958115898798,4.435544898610622,0.19703612157306338,0.0019449405819929044
web_sun_yat_sen_mausoleum_01,Nanjing_scenic_web,Sun_Yat_sen_Mausoleum,0.04,0.0,2026,hqs_10000,hqs,0.0026073931544712474,0.0025345244486195176,2.794695756824095,0.12310036095433574,0.0013554574701488686
web_sun_yat_sen_mausoleum_01,Nanjing_scenic_web,Sun_Yat_sen_Mausoleum,0.04,0.0,2026,hqs_10000,hqs_round1,0.002576273661184181,0.0025345244486195176,1.620527088937962,0.07095508595455868,0.0003581668882093325
web_sun_yat_sen_mausoleum_01,Nanjing_scenic_web,Sun_Yat_sen_Mausoleum,0.04,0.0,2026,hqs_10000,hqs_5000,0.002560124884139584,0.0025345244486195176,0.9999682311853442,0.04364666038625131,0.0012735736375917295
web_sun_yat_sen_mausoleum_01,Nanjing_scenic_web,Sun_Yat_sen_Mausoleum,0.04,0.0,2026,hqs_5000,hqs_round1,0.002576273661184181,0.002560124884139584,0.6268269278960958,0.02730842556830737,-0.000915406749382397
web_sun_yat_sen_mausoleum_01,Nanjing_scenic_web,Sun_Yat_sen_Mausoleum,0.1,0.0,2026,hqs_10000,hqs,0.001114909349359668,0.0010617783206843593,4.765502119595977,0.21205703662003828,0.0020865043475628564
web_sun_yat_sen_mausoleum_01,Nanjing_scenic_web,Sun_Yat_sen_Mausoleum,0.1,0.0,2026,hqs_10000,hqs_round1,0.0010911761797646107,0.0010617783206843593,2.694144137804866,0.11861023122062164,0.0009710238170623775
web_sun_yat_sen_mausoleum_01,Nanjing_scenic_web,Sun_Yat_sen_Mausoleum,0.1,0.0,2026,hqs_10000,hqs_5000,0.0010826459255834475,0.0010617783206843593,1.9274634860739437,0.08452592113493296,0.0010828314536810435
web_sun_yat_sen_mausoleum_01,Nanjing_scenic_web,Sun_Yat_sen_Mausoleum,0.1,0.0,2026,hqs_5000,hqs_round1,0.0010911761797646107,0.0010826459255834475,0.7817485699700089,0.034084310085688685,-0.000111807636618666
web_sun_yat_sen_mausoleum_01,Nanjing_scenic_web,Sun_Yat_sen_Mausoleum,0.25,0.0,2026,hqs_10000,hqs,0.00034216055493668156,0.00029950754382310397,12.465788501386644,0.5782217599260449,0.0030092892136573957
web_sun_yat_sen_mausoleum_01,Nanjing_scenic_web,Sun_Yat_sen_Mausoleum,0.25,0.0,2026,hqs_10000,hqs_round1,0.0003258494345312979,0.00029950754382310397,8.084068258729415,0.366092060497202,0.0018262088279724642
web_sun_yat_sen_mausoleum_01,Nanjing_scenic_web,Sun_Yat_sen_Mausoleum,0.25,0.0,2026,hqs_10000,hqs_5000,0.0003101013409384129,0.00029950754382310397,3.4162371188884544,0.15095878593278655,0.0008223352904319636
web_sun_yat_sen_mausoleum_01,Nanjing_scenic_web,Sun_Yat_sen_Mausoleum,0.25,0.0,2026,hqs_5000,hqs_round1,0.0003258494345312979,0.0003101013409384129,4.83293568256059,0.21513327456441544,0.0010038735375405006
web_sun_yat_sen_mausoleum_01,Nanjing_scenic_web,Sun_Yat_sen_Mausoleum,0.5,0.0,2026,hqs_10000,hqs,6.66272884896782e-05,5.8314470593097996e-05,12.476596429206355,0.5787580203357336,0.000619783388137729
web_sun_yat_sen_mausoleum_01,Nanjing_scenic_web,Sun_Yat_sen_Mausoleum,0.5,0.0,2026,hqs_10000,hqs_round1,6.572440539311469e-05,5.8314470593097996e-05,11.274251559517278,0.519503285010714,0.00046121376800534186
web_sun_yat_sen_mausoleum_01,Nanjing_scenic_web,Sun_Yat_sen_Mausoleum,0.5,0.0,2026,hqs_10000,hqs_5000,5.9578276792710217e-05,5.8314470593097996e-05,2.1212533622101293,0.09311600535785658,0.0001282450981139327
web_sun_yat_sen_mausoleum_01,Nanjing_scenic_web,Sun_Yat_sen_Mausoleum,0.5,0.0,2026,hqs_5000,hqs_round1,6.572440539311469e-05,5.9578276792710217e-05,9.351364327517132,0.4263872796528574,0.00033296866989140916
web_sun_yat_sen_mausoleum_01,Nanjing_scenic_web,Sun_Yat_sen_Mausoleum,0.1,0.01,2026,hqs_10000,hqs,0.0012857968462650674,0.0012242628135622515,4.785673015263459,0.21297698020303457,0.0052700457103252996
web_sun_yat_sen_mausoleum_01,Nanjing_scenic_web,Sun_Yat_sen_Mausoleum,0.1,0.01,2026,hqs_10000,hqs_round1,0.0012758395046087183,0.0012242628135622515,4.042568901508082,0.17921387159846702,0.003838498733758966
web_sun_yat_sen_mausoleum_01,Nanjing_scenic_web,Sun_Yat_sen_Mausoleum,0.1,0.01,2026,hqs_10000,hqs_5000,0.0012441363560392268,0.0012242628135622515,1.5973765560749142,0.0699332299109301,0.001109230621695545
web_sun_yat_sen_mausoleum_01,Nanjing_scenic_web,Sun_Yat_sen_Mausoleum,0.1,0.01,2026,hqs_5000,hqs_round1,0.0012758395046087183,0.0012441363560392268,2.4848853209960997,0.10928064168753693,0.002729268112063421
web_sun_yat_sen_mausoleum_01,Nanjing_scenic_web,Sun_Yat_sen_Mausoleum,0.1,0.01,2027,hqs_10000,hqs,0.0012626841103355801,0.0012223410869356792,3.1950210721491623,0.1410230524032947,0.004660280778169601
web_sun_yat_sen_mausoleum_01,Nanjing_scenic_web,Sun_Yat_sen_Mausoleum,0.1,0.01,2027,hqs_10000,hqs_round1,0.0012643178889305455,0.0012223410869356792,3.32011453467399,0.1466387276383223,0.0034758915762901355
web_sun_yat_sen_mausoleum_01,Nanjing_scenic_web,Sun_Yat_sen_Mausoleum,0.1,0.01,2027,hqs_10000,hqs_5000,0.0012407167555226431,0.0012223410869356792,1.4810526661440448,0.06480237205854067,0.0013112328293323205
web_sun_yat_sen_mausoleum_01,Nanjing_scenic_web,Sun_Yat_sen_Mausoleum,0.1,0.01,2027,hqs_5000,hqs_round1,0.0012643178889305455,0.0012407167555226431,1.866708809116513,0.08183635557978164,0.002164658746957815
web_sun_yat_sen_mausoleum_01,Nanjing_scenic_web,Sun_Yat_sen_Mausoleum,0.1,0.01,2028,hqs_10000,hqs,0.0012959882272409258,0.0012319863332987669,4.938462603045002,0.21995166291892332,0.005710650227785163
web_sun_yat_sen_mausoleum_01,Nanjing_scenic_web,Sun_Yat_sen_Mausoleum,0.1,0.01,2028,hqs_10000,hqs_round1,0.0012840919901057348,0.0012319863332987669,4.0577822467903975,0.17990246816034627,0.004185704657316269
web_sun_yat_sen_mausoleum_01,Nanjing_scenic_web,Sun_Yat_sen_Mausoleum,0.1,0.01,2028,hqs_10000,hqs_5000,0.0012504001898644963,0.0012319863332987669,1.4726370577186954,0.06443140826854687,0.0012419213308095811
web_sun_yat_sen_mausoleum_01,Nanjing_scenic_web,Sun_Yat_sen_Mausoleum,0.1,0.01,2028,hqs_5000,hqs_round1,0.0012840919901057348,0.0012504001898644963,2.6237840046384964,0.1154710598917994,0.002943783326506688
web_sun_yat_sen_mausoleum_01,Nanjing_scenic_web,Sun_Yat_sen_Mausoleum,0.1,0.05,2026,hqs_10000,hqs,0.0030351528367940543,0.0021400140670408156,29.492378733017887,1.5176393697591273,0.16085669403234126
web_sun_yat_sen_mausoleum_01,Nanjing_scenic_web,Sun_Yat_sen_Mausoleum,0.1,0.05,2026,hqs_10000,hqs_round1,0.003038769403177445,0.0021400140670408156,29.57629279789572,1.5228111679722254,0.14996787680190993
web_sun_yat_sen_mausoleum_01,Nanjing_scenic_web,Sun_Yat_sen_Mausoleum,0.1,0.05,2026,hqs_10000,hqs_5000,0.002160470912561854,0.0021400140670408156,0.9468697496501366,0.04131795451298004,0.001784169574439609
web_sun_yat_sen_mausoleum_01,Nanjing_scenic_web,Sun_Yat_sen_Mausoleum,0.1,0.05,2026,hqs_5000,hqs_round1,0.003038769403177445,0.002160470912561854,28.903097737433157,1.4814932134592453,0.14818370722747032
web_sun_yat_sen_mausoleum_01,Nanjing_scenic_web,Sun_Yat_sen_Mausoleum,0.1,0.05,2027,hqs_10000,hqs,0.0029417087559470527,0.0021717297607580276,26.174548844524836,1.3179389033329159,0.15081657956326
web_sun_yat_sen_mausoleum_01,Nanjing_scenic_web,Sun_Yat_sen_Mausoleum,0.1,0.05,2027,hqs_10000,hqs_round1,0.0029085469873148307,0.0021717297607580276,25.33282872067446,1.2687030134416837,0.13826119120205982
web_sun_yat_sen_mausoleum_01,Nanjing_scenic_web,Sun_Yat_sen_Mausoleum,0.1,0.05,2027,hqs_10000,hqs_5000,0.0021856789047225186,0.0021717297607580276,0.6382064599860349,0.02780577820664476,0.0020982326223849546
web_sun_yat_sen_mausoleum_01,Nanjing_scenic_web,Sun_Yat_sen_Mausoleum,0.1,0.05,2027,hqs_5000,hqs_round1,0.0029085469873148307,0.0021856789047225186,24.85323722618157,1.240897235235039,0.13616295857967486
web_sun_yat_sen_mausoleum_01,Nanjing_scenic_web,Sun_Yat_sen_Mausoleum,0.1,0.05,2028,hqs_10000,hqs,0.003097203232541945,0.002186767278978844,29.39542177914769,1.5116713702768543,0.1682865045878813
web_sun_yat_sen_mausoleum_01,Nanjing_scenic_web,Sun_Yat_sen_Mausoleum,0.1,0.05,2028,hqs_10000,hqs_round1,0.0030895655636521994,0.002186767278978844,29.220881255750097,1.5009484897304475,0.15715097382133458
web_sun_yat_sen_mausoleum_01,Nanjing_scenic_web,Sun_Yat_sen_Mausoleum,0.1,0.05,2028,hqs_10000,hqs_5000,0.002195220695497253,0.002186767278978844,0.3850827634664822,0.016756215319738033,0.002463248618856051
web_sun_yat_sen_mausoleum_01,Nanjing_scenic_web,Sun_Yat_sen_Mausoleum,0.1,0.05,2028,hqs_5000,hqs_round1,0.0030895655636521994,0.002195220695497253,28.947269437381173,1.4841922744107094,0.15468772520247853
web_sun_yat_sen_mausoleum_02,Nanjing_scenic_web,Sun_Yat_sen_Mausoleum,0.01,0.0,2026,hqs_10000,hqs,0.005106296040743242,0.004628746899450872,9.352163240869615,0.42642555548424355,0.02033208826275834
web_sun_yat_sen_mausoleum_02,Nanjing_scenic_web,Sun_Yat_sen_Mausoleum,0.01,0.0,2026,hqs_10000,hqs_round1,0.004953754349856022,0.004628746899450872,6.560830986998711,0.2947103254623933,0.013098316685289269
web_sun_yat_sen_mausoleum_02,Nanjing_scenic_web,Sun_Yat_sen_Mausoleum,0.01,0.0,2026,hqs_10000,hqs_5000,0.004642466238694336,0.004628746899450872,0.2955183417192142,0.012853199660110448,0.0009240266497961835
web_sun_yat_sen_mausoleum_02,Nanjing_scenic_web,Sun_Yat_sen_Mausoleum,0.01,0.0,2026,hqs_5000,hqs_round1,0.004953754349856022,0.004642466238694336,6.2838826711448466,0.28185712580228284,0.012174290035493085
web_sun_yat_sen_mausoleum_02,Nanjing_scenic_web,Sun_Yat_sen_Mausoleum,0.04,0.0,2026,hqs_10000,hqs,0.0016469908239689188,0.0015154529746964657,7.986556291520386,0.3614871502546144,0.006515445674181053
web_sun_yat_sen_mausoleum_02,Nanjing_scenic_web,Sun_Yat_sen_Mausoleum,0.04,0.0,2026,hqs_10000,hqs_round1,0.0016011477304657012,0.0015154529746964657,5.352083017618292,0.23888939576697865,0.004465943053424404
web_sun_yat_sen_mausoleum_02,Nanjing_scenic_web,Sun_Yat_sen_Mausoleum,0.04,0.0,2026,hqs_10000,hqs_5000,0.0015440380586066106,0.0015154529746964657,1.851319904377291,0.08115536421000513,0.0016543763025402836
web_sun_yat_sen_mausoleum_02,Nanjing_scenic_web,Sun_Yat_sen_Mausoleum,0.04,0.0,2026,hqs_5000,hqs_round1,0.0016011477304657012,0.0015440380586066106,3.5667959159820906,0.15773403155697352,0.0028115667508841202
web_sun_yat_sen_mausoleum_02,Nanjing_scenic_web,Sun_Yat_sen_Mausoleum,0.1,0.0,2026,hqs_10000,hqs,0.0006927693684488015,0.0006031793324408903,12.932158967783847,0.6014222434053558,0.005197159086227421
web_sun_yat_sen_mausoleum_02,Nanjing_scenic_web,Sun_Yat_sen_Mausoleum,0.1,0.0,2026,hqs_10000,hqs_round1,0.0006352175887891565,0.0006031793324408903,5.043666440240924,0.22476062645562678,0.002088555120944968
web_sun_yat_sen_mausoleum_02,Nanjing_scenic_web,Sun_Yat_sen_Mausoleum,0.1,0.0,2026,hqs_10000,hqs_5000,0.0006097455082799805,0.0006031793324408903,1.076871539015123,0.04702157455724176,0.0013563083810805843
web_sun_yat_sen_mausoleum_02,Nanjing_scenic_web,Sun_Yat_sen_Mausoleum,0.1,0.0,2026,hqs_5000,hqs_round1,0.0006352175887891565,0.0006097455082799805,4.009977204461645,0.17773905189838501,0.0007322467398643839
web_sun_yat_sen_mausoleum_02,Nanjing_scenic_web,Sun_Yat_sen_Mausoleum,0.25,0.0,2026,hqs_10000,hqs,0.00017195450736854734,0.00015156674641580143,11.856485337164868,0.5480963628307052,0.0014745339479446118
web_sun_yat_sen_mausoleum_02,Nanjing_scenic_web,Sun_Yat_sen_Mausoleum,0.25,0.0,2026,hqs_10000,hqs_round1,0.00016062094927866952,0.00015156674641580143,5.636999970134338,0.2519826028639045,0.0007542874002457456
web_sun_yat_sen_mausoleum_02,Nanjing_scenic_web,Sun_Yat_sen_Mausoleum,0.25,0.0,2026,hqs_10000,hqs_5000,0.00015602813239842185,0.00015156674641580143,2.859347166463644,0.12598982178097629,0.0016129706354141016
web_sun_yat_sen_mausoleum_02,Nanjing_scenic_web,Sun_Yat_sen_Mausoleum,0.25,0.0,2026,hqs_5000,hqs_round1,0.00016062094927866952,0.00015602813239842185,2.859413358514873,0.12599278108292822,-0.000858683235168356
web_sun_yat_sen_mausoleum_02,Nanjing_scenic_web,Sun_Yat_sen_Mausoleum,0.5,0.0,2026,hqs_10000,hqs,4.6985735045755096e-05,4.141366823827706e-05,11.859060632023544,0.5482232527884889,0.0006718879346847562
web_sun_yat_sen_mausoleum_02,Nanjing_scenic_web,Sun_Yat_sen_Mausoleum,0.5,0.0,2026,hqs_10000,hqs_round1,4.41080146540486e-05,4.141366823827706e-05,6.108518909554306,0.2737381011138069,0.0002742376298904281
web_sun_yat_sen_mausoleum_02,Nanjing_scenic_web,Sun_Yat_sen_Mausoleum,0.5,0.0,2026,hqs_10000,hqs_5000,4.193275177287362e-05,4.141366823827706e-05,1.2378952314127778,0.0540966317466669,0.0005705856952666899
web_sun_yat_sen_mausoleum_02,Nanjing_scenic_web,Sun_Yat_sen_Mausoleum,0.5,0.0,2026,hqs_5000,hqs_round1,4.41080146540486e-05,4.193275177287362e-05,4.93167261831251,0.21964146936714002,-0.0002963480653762618
web_sun_yat_sen_mausoleum_02,Nanjing_scenic_web,Sun_Yat_sen_Mausoleum,0.1,0.01,2026,hqs_10000,hqs,0.0008056441084553707,0.0007310186551719561,9.262831131042581,0.4221477547523591,0.007383480139017018
web_sun_yat_sen_mausoleum_02,Nanjing_scenic_web,Sun_Yat_sen_Mausoleum,0.1,0.01,2026,hqs_10000,hqs_round1,0.0007660720972648064,0.0007310186551719561,4.5757366986743815,0.20341184225645037,0.004093021540164887
web_sun_yat_sen_mausoleum_02,Nanjing_scenic_web,Sun_Yat_sen_Mausoleum,0.1,0.01,2026,hqs_10000,hqs_5000,0.0007350266138846198,0.0007310186551719561,0.5452807608532173,0.023746042852167193,0.000934095509052213
web_sun_yat_sen_mausoleum_02,Nanjing_scenic_web,Sun_Yat_sen_Mausoleum,0.1,0.01,2026,hqs_5000,hqs_round1,0.0007660720972648064,0.0007350266138846198,4.052553733654019,0.17966579940428318,0.0031589260311126743
web_sun_yat_sen_mausoleum_02,Nanjing_scenic_web,Sun_Yat_sen_Mausoleum,0.1,0.01,2027,hqs_10000,hqs,0.0008110101253286015,0.0007351575345372226,9.352853734180599,0.4264586371977863,0.007465057263612684
web_sun_yat_sen_mausoleum_02,Nanjing_scenic_web,Sun_Yat_sen_Mausoleum,0.1,0.01,2027,hqs_10000,hqs_round1,0.0007686231423928937,0.0007351575345372226,4.353968285613319,0.1933304383109622,0.004329915830850517
web_sun_yat_sen_mausoleum_02,Nanjing_scenic_web,Sun_Yat_sen_Mausoleum,0.1,0.01,2027,hqs_10000,hqs_5000,0.0007344930146153422,0.0007351575345372226,-0.0904732800254715,-0.003927428258666765,0.0011950645005702754
web_sun_yat_sen_mausoleum_02,Nanjing_scenic_web,Sun_Yat_sen_Mausoleum,0.1,0.01,2027,hqs_5000,hqs_round1,0.0007686231423928937,0.0007344930146153422,4.440424168246726,0.19725786656962896,0.0031348513302802417
web_sun_yat_sen_mausoleum_02,Nanjing_scenic_web,Sun_Yat_sen_Mausoleum,0.1,0.01,2028,hqs_10000,hqs,0.0008343970636594294,0.0007595181920057458,8.974009487196188,0.408345865285483,0.007684341902971292
web_sun_yat_sen_mausoleum_02,Nanjing_scenic_web,Sun_Yat_sen_Mausoleum,0.1,0.01,2028,hqs_10000,hqs_round1,0.0007936210510733155,0.0007595181920057458,4.29712127991666,0.190749985508063,0.004489515085935536
web_sun_yat_sen_mausoleum_02,Nanjing_scenic_web,Sun_Yat_sen_Mausoleum,0.1,0.01,2028,hqs_10000,hqs_5000,0.0007636115806549729,0.0007595181920057458,0.5360563869023727,0.023343255637406912,0.001174244217395759
web_sun_yat_sen_mausoleum_02,Nanjing_scenic_web,Sun_Yat_sen_Mausoleum,0.1,0.01,2028,hqs_5000,hqs_round1,0.0007936210510733155,0.0007636115806549729,3.7813349806884555,0.16740672987065608,0.003315270868539777
web_sun_yat_sen_mausoleum_02,Nanjing_scenic_web,Sun_Yat_sen_Mausoleum,0.1,0.05,2026,hqs_10000,hqs,0.0028344983699969423,0.001590355397213166,43.89288016366433,2.5098202449366767,0.1357945856125662
web_sun_yat_sen_mausoleum_02,Nanjing_scenic_web,Sun_Yat_sen_Mausoleum,0.1,0.05,2026,hqs_10000,hqs_round1,0.0028366706792919165,0.001590355397213166,43.935846736705194,2.513147326100139,0.13452851460865467
web_sun_yat_sen_mausoleum_02,Nanjing_scenic_web,Sun_Yat_sen_Mausoleum,0.1,0.05,2026,hqs_10000,hqs_5000,0.0016155242615939571,0.001590355397213166,1.557937876832527,0.06819297454682172,0.008961690328717187
web_sun_yat_sen_mausoleum_02,Nanjing_scenic_web,Sun_Yat_sen_Mausoleum,0.1,0.05,2026,hqs_5000,hqs_round1,0.0028366706792919165,0.0016155242615939571,43.048578977196584,2.444954351553317,0.12556682427993748
web_sun_yat_sen_mausoleum_02,Nanjing_scenic_web,Sun_Yat_sen_Mausoleum,0.1,0.05,2027,hqs_10000,hqs,0.0028190299564694824,0.0015947386107974591,43.42952592122541,2.4741018171684566,0.13048512201712192
web_sun_yat_sen_mausoleum_02,Nanjing_scenic_web,Sun_Yat_sen_Mausoleum,0.1,0.05,2027,hqs_10000,hqs_round1,0.002783390998913284,0.0015947386107974591,42.70518905104992,2.418847092417664,0.12737452354143564
web_sun_yat_sen_mausoleum_02,Nanjing_scenic_web,Sun_Yat_sen_Mausoleum,0.1,0.05,2027,hqs_10000,hqs_5000,0.0016204045409496533,0.0015947386107974591,1.5839211446021073,0.06933942343875543,0.0096658895122409
web_sun_yat_sen_mausoleum_02,Nanjing_scenic_web,Sun_Yat_sen_Mausoleum,0.1,0.05,2027,hqs_5000,hqs_round1,0.002783390998913284,0.0016204045409496533,41.78307892846151,2.3495076689789087,0.11770863402919474
web_sun_yat_sen_mausoleum_02,Nanjing_scenic_web,Sun_Yat_sen_Mausoleum,0.1,0.05,2028,hqs_10000,hqs,0.0028937644378029957,0.0016812890966654104,41.89958675620885,2.3582077864478244,0.13538132651062496
web_sun_yat_sen_mausoleum_02,Nanjing_scenic_web,Sun_Yat_sen_Mausoleum,0.1,0.05,2028,hqs_10000,hqs_round1,0.002905289109091277,0.0016812890966654104,42.13005888452568,2.3754695954482656,0.13514772757112237
web_sun_yat_sen_mausoleum_02,Nanjing_scenic_web,Sun_Yat_sen_Mausoleum,0.1,0.05,2028,hqs_10000,hqs_5000,0.0017047612565369414,0.0016812890966654104,1.3768590634921196,0.06021170232467199,0.01063773538109658
web_sun_yat_sen_mausoleum_02,Nanjing_scenic_web,Sun_Yat_sen_Mausoleum,0.1,0.05,2028,hqs_5000,hqs_round1,0.002905289109091277,0.0017047612565369414,41.322147554872416,2.3152578931235936,0.12450999219002579
web_sun_yat_sen_mausoleum_03,Nanjing_scenic_web,Sun_Yat_sen_Mausoleum,0.01,0.0,2026,hqs_10000,hqs,0.004919578472129019,0.004875444022063667,0.8971185298778606,0.03913717983130738,0.0021809672392572033
web_sun_yat_sen_mausoleum_03,Nanjing_scenic_web,Sun_Yat_sen_Mausoleum,0.01,0.0,2026,hqs_10000,hqs_round1,0.004892690569517298,0.004875444022063667,0.3524961819797223,0.015335759563452456,0.001002003876503288
web_sun_yat_sen_mausoleum_03,Nanjing_scenic_web,Sun_Yat_sen_Mausoleum,0.01,0.0,2026,hqs_10000,hqs_5000,0.004901234222971417,0.004875444022063667,0.5261980908170982,0.022912829165743887,0.0031608928129592817
web_sun_yat_sen_mausoleum_03,Nanjing_scenic_web,Sun_Yat_sen_Mausoleum,0.01,0.0,2026,hqs_5000,hqs_round1,0.004892690569517298,0.004901234222971417,-0.1746207599423677,-0.007577069602291431,-0.0021588889364559938
web_sun_yat_sen_mausoleum_03,Nanjing_scenic_web,Sun_Yat_sen_Mausoleum,0.04,0.0,2026,hqs_10000,hqs,0.0025289928073517092,0.0024657746728442473,2.499735638776379,0.10994206758232394,0.0022789168893708744
web_sun_yat_sen_mausoleum_03,Nanjing_scenic_web,Sun_Yat_sen_Mausoleum,0.04,0.0,2026,hqs_10000,hqs_round1,0.0024961759384450025,0.0024657746728442473,1.2179135746214098,0.05321805128718182,0.0003714932389571324
web_sun_yat_sen_mausoleum_03,Nanjing_scenic_web,Sun_Yat_sen_Mausoleum,0.04,0.0,2026,hqs_10000,hqs_5000,0.002473928223866167,0.0024657746728442473,0.3295791261549885,0.014337078592294716,0.0003735496902815827
web_sun_yat_sen_mausoleum_03,Nanjing_scenic_web,Sun_Yat_sen_Mausoleum,0.04,0.0,2026,hqs_5000,hqs_round1,0.0024961759384450025,0.002473928223866167,0.8912718945882747,0.038880972694887106,-2.0564513244503146e-06
web_sun_yat_sen_mausoleum_03,Nanjing_scenic_web,Sun_Yat_sen_Mausoleum,0.1,0.0,2026,hqs_10000,hqs,0.0014096848171277366,0.001361390513580792,3.4258937146918633,0.1513930220623294,0.0014082826426029538
web_sun_yat_sen_mausoleum_03,Nanjing_scenic_web,Sun_Yat_sen_Mausoleum,0.1,0.0,2026,hqs_10000,hqs_round1,0.001378900316997712,0.001361390513580792,1.2698382327624769,0.05550151403252812,0.00025582123398781853
web_sun_yat_sen_mausoleum_03,Nanjing_scenic_web,Sun_Yat_sen_Mausoleum,0.1,0.0,2026,hqs_10000,hqs_5000,0.001371809220331835,0.001361390513580792,0.7594865668363648,0.03310997517392167,0.0015251961600780684
web_sun_yat_sen_mausoleum_03,Nanjing_scenic_web,Sun_Yat_sen_Mausoleum,0.1,0.0,2026,hqs_5000,hqs_round1,0.001378900316997712,0.001371809220331835,0.5142573816587781,0.022391538858606452,-0.0012693749260902498
web_sun_yat_sen_mausoleum_03,Nanjing_scenic_web,Sun_Yat_sen_Mausoleum,0.25,0.0,2026,hqs_10000,hqs,0.0005327518151553355,0.0004966294516799622,6.7803360679007945,0.3049246708352271,0.003522535003662064
web_sun_yat_sen_mausoleum_03,Nanjing_scenic_web,Sun_Yat_sen_Mausoleum,0.25,0.0,2026,hqs_10000,hqs_round1,0.0005114530425493432,0.0004966294516799622,2.8983288075661306,0.12773295494606174,0.0014371850366592387
web_sun_yat_sen_mausoleum_03,Nanjing_scenic_web,Sun_Yat_sen_Mausoleum,0.25,0.0,2026,hqs_10000,hqs_5000,0.0005035370201110561,0.0004966294516799622,1.3718094509854506,0.05998934450013138,0.0008301182932852758
web_sun_yat_sen_mausoleum_03,Nanjing_scenic_web,Sun_Yat_sen_Mausoleum,0.25,0.0,2026,hqs_5000,hqs_round1,0.0005114530425493432,0.0005035370201110561,1.5477515587412616,0.06774361044593036,0.0006070667433739629
web_sun_yat_sen_mausoleum_03,Nanjing_scenic_web,Sun_Yat_sen_Mausoleum,0.5,0.0,2026,hqs_10000,hqs,0.00014265308474556573,0.00012847558310710112,9.938447292430741,0.45460569847920596,0.0013357149868011842
web_sun_yat_sen_mausoleum_03,Nanjing_scenic_web,Sun_Yat_sen_Mausoleum,0.5,0.0,2026,hqs_10000,hqs_round1,0.00013497017873816315,0.00012847558310710112,4.811874513155456,0.21417225535586937,0.0004425514879227155
web_sun_yat_sen_mausoleum_03,Nanjing_scenic_web,Sun_Yat_sen_Mausoleum,0.5,0.0,2026,hqs_10000,hqs_5000,0.00012945555397620684,0.00012847558310710112,0.7569940717150225,0.033000900437549774,4.069954490659722e-05
web_sun_yat_sen_mausoleum_03,Nanjing_scenic_web,Sun_Yat_sen_Mausoleum,0.5,0.0,2026,hqs_5000,hqs_round1,0.00013497017873816315,0.00012945555397620684,4.085809779250916,0.1811713549183196,0.00040185194301611826
web_sun_yat_sen_mausoleum_03,Nanjing_scenic_web,Sun_Yat_sen_Mausoleum,0.1,0.01,2026,hqs_10000,hqs,0.0015333560066711736,0.0014768269406647103,3.686623703857572,0.16313392541291094,0.002564989387273786
web_sun_yat_sen_mausoleum_03,Nanjing_scenic_web,Sun_Yat_sen_Mausoleum,0.1,0.01,2026,hqs_10000,hqs_round1,0.0015167621419474434,0.0014768269406647103,2.6329244499377125,0.11587873965596174,0.0016142297375202341
web_sun_yat_sen_mausoleum_03,Nanjing_scenic_web,Sun_Yat_sen_Mausoleum,0.1,0.01,2026,hqs_10000,hqs_5000,0.0014843889521058222,0.0014768269406647103,0.5094359824211914,0.022181070876790443,0.0014388469286561456
web_sun_yat_sen_mausoleum_03,Nanjing_scenic_web,Sun_Yat_sen_Mausoleum,0.1,0.01,2026,hqs_5000,hqs_round1,0.0015167621419474434,0.0014843889521058222,2.13436167387826,0.0936976687791713,0.00017538280886408852
web_sun_yat_sen_mausoleum_03,Nanjing_scenic_web,Sun_Yat_sen_Mausoleum,0.1,0.01,2027,hqs_10000,hqs,0.0015195040820174996,0.0014813321765569476,2.512129181638645,0.11049414704896776,0.0017021692640781794
web_sun_yat_sen_mausoleum_03,Nanjing_scenic_web,Sun_Yat_sen_Mausoleum,0.1,0.01,2027,hqs_10000,hqs_round1,0.0015109661643333725,0.0014813321765569476,1.9612608459368963,0.08602282711208531,0.0009197469569445227
web_sun_yat_sen_mausoleum_03,Nanjing_scenic_web,Sun_Yat_sen_Mausoleum,0.1,0.01,2027,hqs_10000,hqs_5000,0.0014875336303170152,0.0014813321765569476,0.41689502903851094,0.01814336679435158,0.0011901943726539965
web_sun_yat_sen_mausoleum_03,Nanjing_scenic_web,Sun_Yat_sen_Mausoleum,0.1,0.01,2027,hqs_5000,hqs_round1,0.0015109661643333725,0.0014875336303170152,1.5508311548919074,0.06787946031773373,-0.00027044741570947384
web_sun_yat_sen_mausoleum_03,Nanjing_scenic_web,Sun_Yat_sen_Mausoleum,0.1,0.01,2028,hqs_10000,hqs,0.0015099597769125696,0.0014650520265104422,2.974102429003156,0.13112330980856512,0.0011682706120014208
web_sun_yat_sen_mausoleum_03,Nanjing_scenic_web,Sun_Yat_sen_Mausoleum,0.1,0.01,2028,hqs_10000,hqs_round1,0.0015018756351819651,0.0014650520265104422,2.4518414047686066,0.10780924316392415,0.000783402365326924
web_sun_yat_sen_mausoleum_03,Nanjing_scenic_web,Sun_Yat_sen_Mausoleum,0.1,0.01,2028,hqs_10000,hqs_5000,0.0014770273836750628,0.0014650520265104422,0.8107742142751673,0.03535499578990198,0.0016894752993583673
web_sun_yat_sen_mausoleum_03,Nanjing_scenic_web,Sun_Yat_sen_Mausoleum,0.1,0.01,2028,hqs_5000,hqs_round1,0.0015018756351819651,0.0014770273836750628,1.654481298239574,0.07245424737402217,-0.0009060729340314433
web_sun_yat_sen_mausoleum_03,Nanjing_scenic_web,Sun_Yat_sen_Mausoleum,0.1,0.05,2026,hqs_10000,hqs,0.0027941951228853935,0.002256624819231596,19.238824778231013,0.9279736990898648,0.10321488995091854
web_sun_yat_sen_mausoleum_03,Nanjing_scenic_web,Sun_Yat_sen_Mausoleum,0.1,0.05,2026,hqs_10000,hqs_round1,0.002788829859898932,0.002256624819231596,19.083453182999964,0.9196265939507704,0.09491056303072387
web_sun_yat_sen_mausoleum_03,Nanjing_scenic_web,Sun_Yat_sen_Mausoleum,0.1,0.05,2026,hqs_10000,hqs_5000,0.002251447452552256,0.002256624819231596,-0.22995725143266643,-0.009975451291111881,0.005161686736721571
web_sun_yat_sen_mausoleum_03,Nanjing_scenic_web,Sun_Yat_sen_Mausoleum,0.1,0.05,2026,hqs_5000,hqs_round1,0.002788829859898932,0.002251447452552256,19.26909974228944,0.9296020452418823,0.0897488762940023
web_sun_yat_sen_mausoleum_03,Nanjing_scenic_web,Sun_Yat_sen_Mausoleum,0.1,0.05,2027,hqs_10000,hqs,0.002722579796948141,0.002239356928873713,17.74871276926736,0.8485729662626014,0.09492273953250796
web_sun_yat_sen_mausoleum_03,Nanjing_scenic_web,Sun_Yat_sen_Mausoleum,0.1,0.05,2027,hqs_10000,hqs_round1,0.002740834873694422,0.002239356928873713,18.296539847537684,0.8775955064873315,0.08874646886195703
web_sun_yat_sen_mausoleum_03,Nanjing_scenic_web,Sun_Yat_sen_Mausoleum,0.1,0.05,2027,hqs_10000,hqs_5000,0.002230269370660554,0.002239356928873713,-0.40746460193135103,-0.017660008062250654,0.004496617840489381
web_sun_yat_sen_mausoleum_03,Nanjing_scenic_web,Sun_Yat_sen_Mausoleum,0.1,0.05,2027,hqs_5000,hqs_round1,0.002740834873694422,0.002230269370660554,18.628101529723583,0.8952555145495822,0.08424985102146765
web_sun_yat_sen_mausoleum_03,Nanjing_scenic_web,Sun_Yat_sen_Mausoleum,0.1,0.05,2028,hqs_10000,hqs,0.002713400086947172,0.0021920195453509392,19.215026346624565,0.9266941232322701,0.09052931211465998
web_sun_yat_sen_mausoleum_03,Nanjing_scenic_web,Sun_Yat_sen_Mausoleum,0.1,0.05,2028,hqs_10000,hqs_round1,0.0027421995153705707,0.0021920195453509392,20.063455154731223,0.9725462749276659,0.08432234199994271
web_sun_yat_sen_mausoleum_03,Nanjing_scenic_web,Sun_Yat_sen_Mausoleum,0.1,0.05,2028,hqs_10000,hqs_5000,0.0021867634768691557,0.0021920195453509392,-0.24035834407243328,-0.0104261052574941,0.004515187901638518
web_sun_yat_sen_mausoleum_03,Nanjing_scenic_web,Sun_Yat_sen_Mausoleum,0.1,0.05,2028,hqs_5000,hqs_round1,0.0027421995153705707,0.0021867634768691557,20.25512860709391,0.98297238018516,0.07980715409830419
web_ming_xiaoling_01,Nanjing_scenic_web,Ming_Xiaoling,0.01,0.0,2026,hqs_10000,hqs,0.007119932929762947,0.007083551865444363,0.5109748178455775,0.02224824437293549,-0.002142510205162207
web_ming_xiaoling_01,Nanjing_scenic_web,Ming_Xiaoling,0.01,0.0,2026,hqs_10000,hqs_round1,0.007094647947985608,0.007083551865444363,0.15640074916466462,0.006797715458478848,-0.002752006777865912
web_ming_xiaoling_01,Nanjing_scenic_web,Ming_Xiaoling,0.01,0.0,2026,hqs_10000,hqs_5000,0.00710125707940111,0.007083551865444363,0.2493250667984559,0.010841571071445344,0.0004060047951498502
web_ming_xiaoling_01,Nanjing_scenic_web,Ming_Xiaoling,0.01,0.0,2026,hqs_5000,hqs_round1,0.007094647947985608,0.00710125707940111,-0.09315658033994811,-0.004043855612966496,-0.003158011573015762
web_ming_xiaoling_01,Nanjing_scenic_web,Ming_Xiaoling,0.04,0.0,2026,hqs_10000,hqs,0.003899642744791115,0.0038231508373114584,1.9615106430410756,0.0860338927013693,0.0007302181423940457
web_ming_xiaoling_01,Nanjing_scenic_web,Ming_Xiaoling,0.04,0.0,2026,hqs_10000,hqs_round1,0.0038205264922820123,0.0038231508373114584,-0.06869066435601923,-0.0029821735286219564,-0.0010300303200846406
web_ming_xiaoling_01,Nanjing_scenic_web,Ming_Xiaoling,0.04,0.0,2026,hqs_10000,hqs_5000,0.0037692784294181304,0.0038231508373114584,-1.429249892310147,-0.06163213725250927,-3.6194004604528374e-06
web_ming_xiaoling_01,Nanjing_scenic_web,Ming_Xiaoling,0.04,0.0,2026,hqs_5000,hqs_round1,0.0038205264922820123,0.0037692784294181304,1.3413874492798294,0.05864996372388731,-0.0010264109196241877
web_ming_xiaoling_01,Nanjing_scenic_web,Ming_Xiaoling,0.1,0.0,2026,hqs_10000,hqs,0.002260524435794249,0.002206962532537719,2.369445886467969,0.10414245793302968,0.0008215315482615893
web_ming_xiaoling_01,Nanjing_scenic_web,Ming_Xiaoling,0.1,0.0,2026,hqs_10000,hqs_round1,0.0021918956273866068,0.002206962532537719,-0.6873915419538745,-0.029750899519331853,-0.0010269633333683803
web_ming_xiaoling_01,Nanjing_scenic_web,Ming_Xiaoling,0.1,0.0,2026,hqs_10000,hqs_5000,0.002192593376593317,0.002206962532537719,-0.6553497834025146,-0.028368623808255222,0.0006047891094684843
web_ming_xiaoling_01,Nanjing_scenic_web,Ming_Xiaoling,0.1,0.0,2026,hqs_5000,hqs_round1,0.0021918956273866068,0.002192593376593317,-0.031833140136416915,-0.0013822757110766304,-0.0016317524428368646
web_ming_xiaoling_01,Nanjing_scenic_web,Ming_Xiaoling,0.25,0.0,2026,hqs_10000,hqs,0.0010524919098502089,0.001024594464569874,2.650608999389381,0.11666760999640857,0.001106153231143936
web_ming_xiaoling_01,Nanjing_scenic_web,Ming_Xiaoling,0.25,0.0,2026,hqs_10000,hqs_round1,0.0010229604957785981,0.001024594464569874,-0.15972941262334395,-0.006931425959542992,-0.00046432609701152483
web_ming_xiaoling_01,Nanjing_scenic_web,Ming_Xiaoling,0.25,0.0,2026,hqs_10000,hqs_5000,0.001026388363193793,0.001024594464569874,0.17477776329584138,0.007597142809640189,0.001310637480735788
web_ming_xiaoling_01,Nanjing_scenic_web,Ming_Xiaoling,0.25,0.0,2026,hqs_5000,hqs_round1,0.0010229604957785981,0.001026388363193793,-0.3350928436963496,-0.014528568769183181,-0.0017749635777473127
web_ming_xiaoling_01,Nanjing_scenic_web,Ming_Xiaoling,0.5,0.0,2026,hqs_10000,hqs,0.0004027872595403656,0.0003896469304378434,3.2623497370589782,0.14404465740535954,0.0005782171144486092
web_ming_xiaoling_01,Nanjing_scenic_web,Ming_Xiaoling,0.5,0.0,2026,hqs_10000,hqs_round1,0.0003913253445688002,0.0003896469304378434,0.428905041355343,0.01866717016731201,-0.00039805139923088095
web_ming_xiaoling_01,Nanjing_scenic_web,Ming_Xiaoling,0.5,0.0,2026,hqs_10000,hqs_5000,0.00039175291028129363,0.0003896469304378434,0.537578608398348,0.0234097216783411,0.0006343402061462777
web_ming_xiaoling_01,Nanjing_scenic_web,Ming_Xiaoling,0.5,0.0,2026,hqs_5000,hqs_round1,0.0003913253445688002,0.00039175291028129363,-0.1092609304323533,-0.004742551511029092,-0.0010323916053771587
web_ming_xiaoling_01,Nanjing_scenic_web,Ming_Xiaoling,0.1,0.01,2026,hqs_10000,hqs,0.002310882956539626,0.002281443833333821,1.2739339793257143,0.055681681571620345,-0.0002723841439485897
web_ming_xiaoling_01,Nanjing_scenic_web,Ming_Xiaoling,0.1,0.01,2026,hqs_10000,hqs_round1,0.002264839954590312,0.002281443833333821,-0.7331148812460997,-0.03172263463633129,-0.0016984379130602356
web_ming_xiaoling_01,Nanjing_scenic_web,Ming_Xiaoling,0.1,0.01,2026,hqs_10000,hqs_5000,0.0022739044364640066,0.002281443833333821,-0.3315617291964168,-0.014375723888633729,0.0004930578938722174
web_ming_xiaoling_01,Nanjing_scenic_web,Ming_Xiaoling,0.1,0.01,2026,hqs_5000,hqs_round1,0.002264839954590312,0.0022739044364640066,-0.4002261552884967,-0.017346910747697564,-0.002191495806932453
web_ming_xiaoling_01,Nanjing_scenic_web,Ming_Xiaoling,0.1,0.01,2027,hqs_10000,hqs,0.0023312750748798895,0.0023044777961313506,1.1494687622789157,0.050209923797382316,-0.0008427685908078963
web_ming_xiaoling_01,Nanjing_scenic_web,Ming_Xiaoling,0.1,0.01,2027,hqs_10000,hqs_round1,0.0022854721951955097,0.0023044777961313506,-0.8315831177379662,-0.035965859325731486,-0.0020747594426870908
web_ming_xiaoling_01,Nanjing_scenic_web,Ming_Xiaoling,0.1,0.01,2027,hqs_10000,hqs_5000,0.0022929340090694587,0.0023044777961313506,-0.5034504707170706,-0.021809721512202174,0.0005403923135995914
web_ming_xiaoling_01,Nanjing_scenic_web,Ming_Xiaoling,0.1,0.01,2027,hqs_5000,hqs_round1,0.0022854721951955097,0.0022929340090694587,-0.3264889369310575,-0.014156137813529313,-0.002615151756286682
web_ming_xiaoling_01,Nanjing_scenic_web,Ming_Xiaoling,0.1,0.01,2028,hqs_10000,hqs,0.0023144124907676696,0.0022798628413540907,1.4928043100095434,0.06532044280913141,-0.0005123718671798949
web_ming_xiaoling_01,Nanjing_scenic_web,Ming_Xiaoling,0.1,0.01,2028,hqs_10000,hqs_round1,0.0022586367426851994,0.0022798628413540907,-0.9397747883821417,-0.040623314233059205,-0.002029654105663359
web_ming_xiaoling_01,Nanjing_scenic_web,Ming_Xiaoling,0.1,0.01,2028,hqs_10000,hqs_5000,0.0022684139456491314,0.0022798628413540907,-0.5047092805490205,-0.02186411673321942,0.00043271207272999046
web_ming_xiaoling_01,Nanjing_scenic_web,Ming_Xiaoling,0.1,0.01,2028,hqs_5000,hqs_round1,0.0022586367426851994,0.0022684139456491314,-0.4328807186722905,-0.018759197499839786,-0.0024623661783933493
web_ming_xiaoling_01,Nanjing_scenic_web,Ming_Xiaoling,0.1,0.05,2026,hqs_10000,hqs,0.0034362362479075917,0.0030772737717689866,10.446385237836486,0.47916879501412524,0.023416094169192103
web_ming_xiaoling_01,Nanjing_scenic_web,Ming_Xiaoling,0.1,0.05,2026,hqs_10000,hqs_round1,0.0034348164871392034,0.0030772737717689866,10.409368788956986,0.4773740357541243,0.020585937074172778
web_ming_xiaoling_01,Nanjing_scenic_web,Ming_Xiaoling,0.1,0.05,2026,hqs_10000,hqs_5000,0.0030702471252957303,0.0030772737717689866,-0.22886256990077847,-0.009928018691322649,-0.004116452445052543
web_ming_xiaoling_01,Nanjing_scenic_web,Ming_Xiaoling,0.1,0.05,2026,hqs_5000,hqs_round1,0.0034348164871392034,0.0030702471252957303,10.613940022953495,0.48730205444544694,0.02470238951922532
web_ming_xiaoling_01,Nanjing_scenic_web,Ming_Xiaoling,0.1,0.05,2027,hqs_10000,hqs,0.0035537573752848785,0.0032138788201217816,9.563921204267679,0.4365827642723623,0.026190784940499756
web_ming_xiaoling_01,Nanjing_scenic_web,Ming_Xiaoling,0.1,0.05,2027,hqs_10000,hqs_round1,0.003546984411232018,0.0032138788201217816,9.391233580148006,0.42829782195287436,0.023733565791584477
web_ming_xiaoling_01,Nanjing_scenic_web,Ming_Xiaoling,0.1,0.05,2027,hqs_10000,hqs_5000,0.0032065772728288996,0.0032138788201217816,-0.22770532788192188,-0.009877874779519402,-0.003674006450211209
web_ming_xiaoling_01,Nanjing_scenic_web,Ming_Xiaoling,0.1,0.05,2027,hqs_5000,hqs_round1,0.003546984411232018,0.0032065772728288996,9.597085832268448,0.43817569673239376,0.027407572241795686
web_ming_xiaoling_01,Nanjing_scenic_web,Ming_Xiaoling,0.1,0.05,2028,hqs_10000,hqs,0.0034945626019202455,0.0031567170172345886,9.667750250060259,0.4415717340737153,0.022556159921334973
web_ming_xiaoling_01,Nanjing_scenic_web,Ming_Xiaoling,0.1,0.05,2028,hqs_10000,hqs_round1,0.0034788589492887145,0.0031567170172345886,9.259988310822164,0.42201169123946514,0.018699593782138035
web_ming_xiaoling_01,Nanjing_scenic_web,Ming_Xiaoling,0.1,0.05,2028,hqs_10000,hqs_5000,0.0031544819589968435,0.0031567170172345886,-0.07085341640236109,-0.0030760351673926323,-0.0035929016401879954
web_ming_xiaoling_01,Nanjing_scenic_web,Ming_Xiaoling,0.1,0.05,2028,hqs_5000,hqs_round1,0.0034788589492887145,0.0031544819589968435,9.324235188040408,0.42508772640685777,0.02229249542232603
web_ming_xiaoling_02,Nanjing_scenic_web,Ming_Xiaoling,0.01,0.0,2026,hqs_10000,hqs,0.004038794752259883,0.003927246617814901,2.7619163955426407,0.1216360894234505,0.0014493315706834986
web_ming_xiaoling_02,Nanjing_scenic_web,Ming_Xiaoling,0.01,0.0,2026,hqs_10000,hqs_round1,0.0039304569488718515,0.003927246617814901,0.08167831625459643,0.0035486936580326756,-0.0003776016598368015
web_ming_xiaoling_02,Nanjing_scenic_web,Ming_Xiaoling,0.01,0.0,2026,hqs_10000,hqs_5000,0.003980970298080888,0.003927246617814901,1.349512210424797,0.059007629835377884,0.003038917983724354
web_ming_xiaoling_02,Nanjing_scenic_web,Ming_Xiaoling,0.01,0.0,2026,hqs_5000,hqs_round1,0.0039304569488718515,0.003980970298080888,-1.285177521751879,-0.05545893617734521,-0.0034165196435611556
web_ming_xiaoling_02,Nanjing_scenic_web,Ming_Xiaoling,0.04,0.0,2026,hqs_10000,hqs,0.0022411335305648375,0.0022059505057324806,1.5698763305500019,0.0687196923822988,0.0025893489971943184
web_ming_xiaoling_02,Nanjing_scenic_web,Ming_Xiaoling,0.04,0.0,2026,hqs_10000,hqs_round1,0.002252592642838476,0.0022059505057324806,2.0705979509558325,0.09086897261436988,0.0021813981757284884
web_ming_xiaoling_02,Nanjing_scenic_web,Ming_Xiaoling,0.04,0.0,2026,hqs_10000,hqs_5000,0.002244180902941633,0.0022059505057324806,1.7035345572650074,0.07462098305345322,0.003464049947939807
web_ming_xiaoling_02,Nanjing_scenic_web,Ming_Xiaoling,0.04,0.0,2026,hqs_5000,hqs_round1,0.002252592642838476,0.002244180902941633,0.373424814450396,0.016247989560916665,-0.0012826517722113184
web_ming_xiaoling_02,Nanjing_scenic_web,Ming_Xiaoling,0.1,0.0,2026,hqs_10000,hqs,0.0011914910482354474,0.001119013636678682,6.082917002532373,0.2725540478658921,0.005410157583892294
web_ming_xiaoling_02,Nanjing_scenic_web,Ming_Xiaoling,0.1,0.0,2026,hqs_10000,hqs_round1,0.001162953800231838,0.001119013636678682,3.778324086855067,0.16727083169346457,0.0031455348493456547
web_ming_xiaoling_02,Nanjing_scenic_web,Ming_Xiaoling,0.1,0.0,2026,hqs_10000,hqs_5000,0.0011546998518722688,0.001119013636678682,3.090518729670222,0.1363373108184014,0.0033901384078264263
web_ming_xiaoling_02,Nanjing_scenic_web,Ming_Xiaoling,0.1,0.0,2026,hqs_5000,hqs_round1,0.001162953800231838,0.0011546998518722688,0.7097400049704272,0.03093352087506318,-0.00024460355848077153
web_ming_xiaoling_02,Nanjing_scenic_web,Ming_Xiaoling,0.25,0.0,2026,hqs_10000,hqs,0.00036964244625535954,0.00034863696864892625,5.68264760154793,0.2540839891043376,0.0021785531864165764
web_ming_xiaoling_02,Nanjing_scenic_web,Ming_Xiaoling,0.25,0.0,2026,hqs_10000,hqs_round1,0.00035241398566266633,0.00034863696864892625,1.071755709875677,0.046796984114905626,0.0005738943901061333
web_ming_xiaoling_02,Nanjing_scenic_web,Ming_Xiaoling,0.25,0.0,2026,hqs_10000,hqs_5000,0.0003529197177232552,0.00034863696864892625,1.2135193527745392,0.053024864048040854,0.0006913932857512961
web_ming_xiaoling_02,Nanjing_scenic_web,Ming_Xiaoling,0.25,0.0,2026,hqs_5000,hqs_round1,0.00035241398566266633,0.0003529197177232552,-0.14350510512173287,-0.0062278799331352275,-0.0001174988956451628
web_ming_xiaoling_02,Nanjing_scenic_web,Ming_Xiaoling,0.5,0.0,2026,hqs_10000,hqs,7.434614268330131e-05,6.847322565883883e-05,7.8994239815236345,0.35737653615709064,0.0005724024620056278
web_ming_xiaoling_02,Nanjing_scenic_web,Ming_Xiaoling,0.5,0.0,2026,hqs_10000,hqs_round1,7.065010187615792e-05,6.847322565883883e-05,3.0812074710591664,0.1359200519574415,0.0001519163999558204
web_ming_xiaoling_02,Nanjing_scenic_web,Ming_Xiaoling,0.5,0.0,2026,hqs_10000,hqs_5000,6.891875332055011e-05,6.847322565883883e-05,0.6464534546048339,0.02816625608981127,1.3392208099372027e-05
web_ming_xiaoling_02,Nanjing_scenic_web,Ming_Xiaoling,0.5,0.0,2026,hqs_5000,hqs_round1,7.065010187615792e-05,6.891875332055011e-05,2.4505959788178044,0.10775379586763023,0.00013852419185644838
web_ming_xiaoling_02,Nanjing_scenic_web,Ming_Xiaoling,0.1,0.01,2026,hqs_10000,hqs,0.0012794281643348404,0.001236963086345688,3.319066999844389,0.14659167171461362,0.004557101282179343
web_ming_xiaoling_02,Nanjing_scenic_web,Ming_Xiaoling,0.1,0.01,2026,hqs_10000,hqs_round1,0.0012811915386624628,0.001236963086345688,3.45213428141653,0.15257322266637274,0.0030845449705719785
web_ming_xiaoling_02,Nanjing_scenic_web,Ming_Xiaoling,0.1,0.01,2026,hqs_10000,hqs_5000,0.0012621480876230627,0.001236963086345688,1.9954077912366364,0.0875357406056878,0.002623757343649835
web_ming_xiaoling_02,Nanjing_scenic_web,Ming_Xiaoling,0.1,0.01,2026,hqs_5000,hqs_round1,0.0012811915386624628,0.0012621480876230627,1.4863859512591726,0.06503748206068494,0.00046078762692214337
web_ming_xiaoling_02,Nanjing_scenic_web,Ming_Xiaoling,0.1,0.01,2027,hqs_10000,hqs,0.0012945896007175589,0.0012382180401982275,4.354396210821254,0.19334986891031747,0.005068903677046377
web_ming_xiaoling_02,Nanjing_scenic_web,Ming_Xiaoling,0.1,0.01,2027,hqs_10000,hqs_round1,0.0012906084650016138,0.0012382180401982275,4.05935852925936,0.17997382114945282,0.0027143266229033847
web_ming_xiaoling_02,Nanjing_scenic_web,Ming_Xiaoling,0.1,0.01,2027,hqs_10000,hqs_5000,0.0012639819030829701,0.0012382180401982275,2.0383094743605223,0.08943728859473765,0.002587305108249227
web_ming_xiaoling_02,Nanjing_scenic_web,Ming_Xiaoling,0.1,0.01,2027,hqs_5000,hqs_round1,0.0012906084650016138,0.0012639819030829701,2.063101447162008,0.09053653255471517,0.00012702151465415756
web_ming_xiaoling_02,Nanjing_scenic_web,Ming_Xiaoling,0.1,0.01,2028,hqs_10000,hqs,0.0012916987727088257,0.0012408589381449793,3.935889360429601,0.17438833584143154,0.004603691480994154
web_ming_xiaoling_02,Nanjing_scenic_web,Ming_Xiaoling,0.1,0.01,2028,hqs_10000,hqs_round1,0.001289790754643983,0.0012408589381449793,3.7937794423491766,0.16796846189620496,0.002862484583139313
web_ming_xiaoling_02,Nanjing_scenic_web,Ming_Xiaoling,0.1,0.01,2028,hqs_10000,hqs_5000,0.001261761693471759,0.0012408589381449793,1.656632582438411,0.07254924927017115,0.0025934901545643374
web_ming_xiaoling_02,Nanjing_scenic_web,Ming_Xiaoling,0.1,0.01,2028,hqs_5000,hqs_round1,0.001289790754643983,0.001261761693471759,2.1731479366946416,0.09541921262603381,0.0002689944285749757
web_ming_xiaoling_02,Nanjing_scenic_web,Ming_Xiaoling,0.1,0.05,2026,hqs_10000,hqs,0.0023205753393123517,0.001967234246185535,15.226443509113608,0.7173959657647622,0.09734717456992714
web_ming_xiaoling_02,Nanjing_scenic_web,Ming_Xiaoling,0.1,0.05,2026,hqs_10000,hqs_round1,0.002345336916055851,0.001967234246185535,16.121464992167112,0.7634916337086075,0.08776847631973028
web_ming_xiaoling_02,Nanjing_scenic_web,Ming_Xiaoling,0.1,0.05,2026,hqs_10000,hqs_5000,0.001981124121160021,0.001967234246185535,0.7011107898859503,0.03055609637712564,0.004874526340335694
web_ming_xiaoling_02,Nanjing_scenic_web,Ming_Xiaoling,0.1,0.05,2026,hqs_5000,hqs_round1,0.002345336916055851,0.001981124121160021,15.529231318642523,0.7329355373314819,0.08289394997939459
web_ming_xiaoling_02,Nanjing_scenic_web,Ming_Xiaoling,0.1,0.05,2027,hqs_10000,hqs,0.0023238304366519327,0.0020136780451483873,13.34660165439604,0.6221440059227206,0.09604959403648972
web_ming_xiaoling_02,Nanjing_scenic_web,Ming_Xiaoling,0.1,0.05,2027,hqs_10000,hqs_round1,0.002365288824911811,0.0020136780451483873,14.865447976592595,0.6989414487856855,0.086319210846588
web_ming_xiaoling_02,Nanjing_scenic_web,Ming_Xiaoling,0.1,0.05,2027,hqs_10000,hqs_5000,0.002022338894543305,0.0020136780451483873,0.42825905283662147,0.018638994486494198,0.006340730034723796
web_ming_xiaoling_02,Nanjing_scenic_web,Ming_Xiaoling,0.1,0.05,2027,hqs_5000,hqs_round1,0.002365288824911811,0.002022338894543305,14.499283417588227,0.6803024542991913,0.0799784808118642
web_ming_xiaoling_02,Nanjing_scenic_web,Ming_Xiaoling,0.1,0.05,2028,hqs_10000,hqs,0.0022714239409531833,0.001960809277238298,13.674887286102066,0.6386284592386637,0.09198494922818246
web_ming_xiaoling_02,Nanjing_scenic_web,Ming_Xiaoling,0.1,0.05,2028,hqs_10000,hqs_round1,0.0022979437727994644,0.001960809277238298,14.67113771676203,0.6890404491471536,0.08272753594922266
web_ming_xiaoling_02,Nanjing_scenic_web,Ming_Xiaoling,0.1,0.05,2028,hqs_10000,hqs_5000,0.001962212739684935,0.001960809277238298,0.0715244793927039,0.00310738007335587,0.0038269088834774756
web_ming_xiaoling_02,Nanjing_scenic_web,Ming_Xiaoling,0.1,0.05,2028,hqs_5000,hqs_round1,0.0022979437727994644,0.001962212739684935,14.610063008875363,0.6859330690737977,0.07890062706574519
web_ming_xiaoling_03,Nanjing_scenic_web,Ming_Xiaoling,0.01,0.0,2026,hqs_10000,hqs,0.0031099003246040082,0.002946203861770409,5.263720561669228,0.23483675245923763,0.008172903974393075
web_ming_xiaoling_03,Nanjing_scenic_web,Ming_Xiaoling,0.01,0.0,2026,hqs_10000,hqs_round1,0.003052089375567787,0.002946203861770409,3.469279590728891,0.15334452655809727,0.0055049822796330306
web_ming_xiaoling_03,Nanjing_scenic_web,Ming_Xiaoling,0.01,0.0,2026,hqs_10000,hqs_5000,0.0029807721066246865,0.002946203861770409,1.1597077407377254,0.05065979109727081,0.003233374179930526
web_ming_xiaoling_03,Nanjing_scenic_web,Ming_Xiaoling,0.01,0.0,2026,hqs_5000,hqs_round1,0.003052089375567787,0.0029807721066246865,2.3366703974661007,0.10268473546082646,0.0022716080997025045
web_ming_xiaoling_03,Nanjing_scenic_web,Ming_Xiaoling,0.04,0.0,2026,hqs_10000,hqs,0.00106658034194803,0.0010480716916060463,1.7353264085271713,0.07602584118165723,0.0013069033000487895
web_ming_xiaoling_03,Nanjing_scenic_web,Ming_Xiaoling,0.04,0.0,2026,hqs_10000,hqs_round1,0.0010552415676410246,0.0010480716916060463,0.6794535256042344,0.029608995669129,0.00029174313851454414
web_ming_xiaoling_03,Nanjing_scenic_web,Ming_Xiaoling,0.04,0.0,2026,hqs_10000,hqs_5000,0.0010566219341117888,0.0010480716916060463,0.8092054716742125,0.03528630981496761,0.0006509373167455923
web_ming_xiaoling_03,Nanjing_scenic_web,Ming_Xiaoling,0.04,0.0,2026,hqs_5000,hqs_round1,0.0010552415676410246,0.0010566219341117888,-0.13081047156340286,-0.005677314145838608,-0.00035919417823104816
web_ming_xiaoling_03,Nanjing_scenic_web,Ming_Xiaoling,0.1,0.0,2026,hqs_10000,hqs,0.0004773432972065682,0.0004606504957534251,3.49702227952714,0.1545928574824842,0.0009747452111243948
web_ming_xiaoling_03,Nanjing_scenic_web,Ming_Xiaoling,0.1,0.0,2026,hqs_10000,hqs_round1,0.00046218284562623294,0.0004606504957534251,0.3315462456707219,0.014422792846730204,1.1320824146343611e-05
web_ming_xiaoling_03,Nanjing_scenic_web,Ming_Xiaoling,0.1,0.0,2026,hqs_10000,hqs_5000,0.00046202490789374923,0.0004606504957534251,0.2974757673974149,0.012938462378642157,0.00010439613628387967
web_ming_xiaoling_03,Nanjing_scenic_web,Ming_Xiaoling,0.1,0.0,2026,hqs_5000,hqs_round1,0.00046218284562623294,0.00046202490789374923,0.03417213208545267,0.0014843304680880465,-9.307531213753606e-05
web_ming_xiaoling_03,Nanjing_scenic_web,Ming_Xiaoling,0.25,0.0,2026,hqs_10000,hqs,0.00011926239700064614,0.00011796429579037612,1.088441321754574,0.04752954339515725,0.00024984396934513153
web_ming_xiaoling_03,Nanjing_scenic_web,Ming_Xiaoling,0.25,0.0,2026,hqs_10000,hqs_round1,0.00012031753612892014,0.00011796429579037612,1.955858151901091,0.08578350380188482,9.52966976166536e-05
web_ming_xiaoling_03,Nanjing_scenic_web,Ming_Xiaoling,0.25,0.0,2026,hqs_10000,hqs_5000,0.00011817525789753899,0.00011796429579037612,0.17851630782628192,0.007759793052485975,0.00010113846206671884
web_ming_xiaoling_03,Nanjing_scenic_web,Ming_Xiaoling,0.25,0.0,2026,hqs_5000,hqs_round1,0.00012031753612892014,0.00011817525789753899,1.7805203632874411,0.07802371074939884,-5.841764450065234e-06
web_ming_xiaoling_03,Nanjing_scenic_web,Ming_Xiaoling,0.5,0.0,2026,hqs_10000,hqs,2.5762259396730432e-05,2.3902773163685817e-05,7.2178693817538715,0.32535658707506343,0.00023470649433132706
web_ming_xiaoling_03,Nanjing_scenic_web,Ming_Xiaoling,0.5,0.0,2026,hqs_10000,hqs_round1,3.06311297976048e-05,2.3902773163685817e-05,21.96574752017506,1.0771472554377652,0.00040017264652247864
web_ming_xiaoling_03,Nanjing_scenic_web,Ming_Xiaoling,0.5,0.0,2026,hqs_10000,hqs_5000,2.5843813472362004e-05,2.3902773163685817e-05,7.51065747611892,0.3390830779856202,0.00012864101505272174
web_ming_xiaoling_03,Nanjing_scenic_web,Ming_Xiaoling,0.5,0.0,2026,hqs_5000,hqs_round1,3.06311297976048e-05,2.5843813472362004e-05,15.6289250735281,0.738064177452145,0.0002715316314697569
web_ming_xiaoling_03,Nanjing_scenic_web,Ming_Xiaoling,0.1,0.01,2026,hqs_10000,hqs,0.0005372936000709375,0.0005228456629520859,2.6890208848465824,0.11838157674785066,0.0019867458877563804
web_ming_xiaoling_03,Nanjing_scenic_web,Ming_Xiaoling,0.1,0.01,2026,hqs_10000,hqs_round1,0.0005242273923131247,0.0005228456629520859,0.2635744299705589,0.011462004151198357,0.0007174841828345713
web_ming_xiaoling_03,Nanjing_scenic_web,Ming_Xiaoling,0.1,0.01,2026,hqs_10000,hqs_5000,0.0005241120616767016,0.0005228456629520859,0.2416274719120759,0.010506446120743362,7.786483478544604e-05
web_ming_xiaoling_03,Nanjing_scenic_web,Ming_Xiaoling,0.1,0.01,2026,hqs_5000,hqs_round1,0.0005242273923131247,0.0005241120616767016,0.022000116383513735,0.0009555580304549949,0.0006396193480491252
web_ming_xiaoling_03,Nanjing_scenic_web,Ming_Xiaoling,0.1,0.01,2027,hqs_10000,hqs,0.0005250410223365696,0.0005104227702618092,2.784211414511084,0.12263196609541183,0.0018577652182578674
web_ming_xiaoling_03,Nanjing_scenic_web,Ming_Xiaoling,0.1,0.01,2027,hqs_10000,hqs_round1,0.0005117840129751351,0.0005104227702618092,0.2659799209851599,0.011566750643396517,0.00044830596351619345
web_ming_xiaoling_03,Nanjing_scenic_web,Ming_Xiaoling,0.1,0.01,2027,hqs_10000,hqs_5000,0.0005125066859016342,0.0005104227702618092,0.40661238129194865,0.01769495070652738,0.00010104620885842408
web_ming_xiaoling_03,Nanjing_scenic_web,Ming_Xiaoling,0.1,0.01,2027,hqs_5000,hqs_round1,0.0005117840129751351,0.0005125066859016342,-0.14120662392285155,-0.006128200063130862,0.00034725975465776937
web_ming_xiaoling_03,Nanjing_scenic_web,Ming_Xiaoling,0.1,0.01,2028,hqs_10000,hqs,0.0005249052119336914,0.0005126961192140505,2.325961419713085,0.10220854905646348,0.0019756481332778852
web_ming_xiaoling_03,Nanjing_scenic_web,Ming_Xiaoling,0.1,0.01,2028,hqs_10000,hqs_round1,0.0005130015904384408,0.0005126961192140505,0.05954586303118514,0.0025868142203435696,0.0007489402437209636
web_ming_xiaoling_03,Nanjing_scenic_web,Ming_Xiaoling,0.1,0.01,2028,hqs_10000,hqs_5000,0.0005141971060650788,0.0005126961192140505,0.2919088484403698,0.012695979582005634,0.00010389413356781674
web_ming_xiaoling_03,Nanjing_scenic_web,Ming_Xiaoling,0.1,0.01,2028,hqs_5000,hqs_round1,0.0005130015904384408,0.0005141971060650788,-0.2330432593037779,-0.010109165361662065,0.0006450461101531468
web_ming_xiaoling_03,Nanjing_scenic_web,Ming_Xiaoling,0.1,0.05,2026,hqs_10000,hqs,0.001080834202889599,0.000882538084601562,18.346580609486118,0.8802562364822961,0.08044478617322437
web_ming_xiaoling_03,Nanjing_scenic_web,Ming_Xiaoling,0.1,0.05,2026,hqs_10000,hqs_round1,0.0010890872865407639,0.000882538084601562,18.965348736670872,0.9132923254761138,0.07822438443303104
web_ming_xiaoling_03,Nanjing_scenic_web,Ming_Xiaoling,0.1,0.05,2026,hqs_10000,hqs_5000,0.000889153706334496,0.000882538084601562,0.7440357820929222,0.032433873446766626,0.0011932989566325602
web_ming_xiaoling_03,Nanjing_scenic_web,Ming_Xiaoling,0.1,0.05,2026,hqs_5000,hqs_round1,0.0010890872865407639,0.000889153706334496,18.35790231665554,0.8808584520293472,0.07703108547639848
web_ming_xiaoling_03,Nanjing_scenic_web,Ming_Xiaoling,0.1,0.05,2027,hqs_10000,hqs,0.0010424294103089737,0.0008544382370606879,18.033947564139197,0.8636598045084085,0.07505427890431882
web_ming_xiaoling_03,Nanjing_scenic_web,Ming_Xiaoling,0.1,0.05,2027,hqs_10000,hqs_round1,0.0010656583590637591,0.0008544382370606879,19.82062264201071,0.9593732063525273,0.0732146538010835
web_ming_xiaoling_03,Nanjing_scenic_web,Ming_Xiaoling,0.1,0.05,2027,hqs_10000,hqs_5000,0.0008585243724720135,0.0008544382370606879,0.47594867919241723,0.02071953488672662,0.0009494338974952443
web_ming_xiaoling_03,Nanjing_scenic_web,Ming_Xiaoling,0.1,0.05,2027,hqs_5000,hqs_round1,0.0010656583590637591,0.0008585243724720135,19.437184988041057,0.9386536714658007,0.07226521990358825
web_ming_xiaoling_03,Nanjing_scenic_web,Ming_Xiaoling,0.1,0.05,2028,hqs_10000,hqs,0.0010687936643269072,0.0008740695481808788,18.219055992314438,0.8734788063711818,0.07861922048759462
web_ming_xiaoling_03,Nanjing_scenic_web,Ming_Xiaoling,0.1,0.05,2028,hqs_10000,hqs_round1,0.0010937656268278006,0.0008740695481808788,20.086211639699858,0.9737828085923717,0.07639460454118252
web_ming_xiaoling_03,Nanjing_scenic_web,Ming_Xiaoling,0.1,0.05,2028,hqs_10000,hqs_5000,0.0008818490508620138,0.0008740695481808788,0.8821807625160383,0.038482617525115614,0.0015890718955993144
web_ming_xiaoling_03,Nanjing_scenic_web,Ming_Xiaoling,0.1,0.05,2028,hqs_5000,hqs_round1,0.0010937656268278006,0.0008818490508620138,19.37495298516547,0.935300191067256,0.0748055326455832
web_qinhuai_fuzimiao_01,Nanjing_scenic_web,Qinhuai_Fuzimiao,0.01,0.0,2026,hqs_10000,hqs,0.006099834809019021,0.005989154302605187,1.8144836684787946,0.07952571695918209,0.002396173903422283
web_qinhuai_fuzimiao_01,Nanjing_scenic_web,Qinhuai_Fuzimiao,0.01,0.0,2026,hqs_10000,hqs_round1,0.006180996198625751,0.005989154302605187,3.103737485928515,0.1369297424767666,0.0035376327901103233
web_qinhuai_fuzimiao_01,Nanjing_scenic_web,Qinhuai_Fuzimiao,0.01,0.0,2026,hqs_10000,hqs_5000,0.006009876159697321,0.005989154302605187,0.34479674025725826,0.015000207166348645,0.0018184669424369249
web_qinhuai_fuzimiao_01,Nanjing_scenic_web,Qinhuai_Fuzimiao,0.01,0.0,2026,hqs_5000,hqs_round1,0.006180996198625751,0.006009876159697321,2.7684863965209194,0.12192953531041795,0.0017191658476733984
web_qinhuai_fuzimiao_01,Nanjing_scenic_web,Qinhuai_Fuzimiao,0.04,0.0,2026,hqs_10000,hqs,0.0025434282490260536,0.002463962752060447,3.124345929398087,0.13785352270982898,0.0027984320983738264
web_qinhuai_fuzimiao_01,Nanjing_scenic_web,Qinhuai_Fuzimiao,0.04,0.0,2026,hqs_10000,hqs_round1,0.002533059247594996,0.002463962752060447,2.727788368951589,0.12011209669485012,0.0020479986492097924
web_qinhuai_fuzimiao_01,Nanjing_scenic_web,Qinhuai_Fuzimiao,0.04,0.0,2026,hqs_10000,hqs_5000,0.0024819608011447014,0.002463962752060447,0.7251544454672132,0.03160779911184264,0.0008543048824369848
web_qinhuai_fuzimiao_01,Nanjing_scenic_web,Qinhuai_Fuzimiao,0.04,0.0,2026,hqs_5000,hqs_round1,0.002533059247594996,0.0024819608011447014,2.0172621899314014,0.08850429758300749,0.0011936937667728076
web_qinhuai_fuzimiao_01,Nanjing_scenic_web,Qinhuai_Fuzimiao,0.1,0.0,2026,hqs_10000,hqs,0.0012201698299114296,0.0011388810669765454,6.6620859606719485,0.29941909164728386,0.002817641529559989
web_qinhuai_fuzimiao_01,Nanjing_scenic_web,Qinhuai_Fuzimiao,0.1,0.0,2026,hqs_10000,hqs_round1,0.0011739688561103094,0.0011388810669765454,2.9888177144681505,0.13178202589459076,0.001106035213947254
web_qinhuai_fuzimiao_01,Nanjing_scenic_web,Qinhuai_Fuzimiao,0.1,0.0,2026,hqs_10000,hqs_5000,0.0011322767916681306,0.0011388810669765454,-0.5832739271009135,-0.025257675479192443,0.00014104323577879274
web_qinhuai_fuzimiao_01,Nanjing_scenic_web,Qinhuai_Fuzimiao,0.1,0.0,2026,hqs_5000,hqs_round1,0.0011739688561103094,0.0011322767916681306,3.5513773832396622,0.1570397013737832,0.0009649919781684613
web_qinhuai_fuzimiao_01,Nanjing_scenic_web,Qinhuai_Fuzimiao,0.25,0.0,2026,hqs_10000,hqs,0.0003946824707247072,0.00037216524410664564,5.70514990866352,0.2551202558705157,0.00086115306949619
web_qinhuai_fuzimiao_01,Nanjing_scenic_web,Qinhuai_Fuzimiao,0.25,0.0,2026,hqs_10000,hqs_round1,0.0003837487531925103,0.00037216524410664564,3.0185138034972914,0.13311164807063136,0.000343086791992242
web_qinhuai_fuzimiao_01,Nanjing_scenic_web,Qinhuai_Fuzimiao,0.25,0.0,2026,hqs_10000,hqs_5000,0.0003716497730697955,0.00037216524410664564,-0.13869806312334365,-0.006019406910418468,0.0001661646461487143
web_qinhuai_fuzimiao_01,Nanjing_scenic_web,Qinhuai_Fuzimiao,0.25,0.0,2026,hqs_5000,hqs_round1,0.0003837487531925103,0.0003716497730697955,3.1528389400773515,0.13913105498104983,0.00017692214584352772
web_qinhuai_fuzimiao_01,Nanjing_scenic_web,Qinhuai_Fuzimiao,0.5,0.0,2026,hqs_10000,hqs,0.00010825234133777618,9.93705657851422e-05,8.204696030472425,0.3717953570820356,0.0002900958261490283
web_qinhuai_fuzimiao_01,Nanjing_scenic_web,Qinhuai_Fuzimiao,0.5,0.0,2026,hqs_10000,hqs_round1,0.0001045139633890069,9.93705657851422e-05,4.921254000023589,0.21916554845434888,5.80518331527724e-05
web_qinhuai_fuzimiao_01,Nanjing_scenic_web,Qinhuai_Fuzimiao,0.5,0.0,2026,hqs_10000,hqs_5000,0.0001023582996865727,9.93705657851422e-05,2.918897549665367,0.12865300475884567,5.811938381194981e-05
web_qinhuai_fuzimiao_01,Nanjing_scenic_web,Qinhuai_Fuzimiao,0.5,0.0,2026,hqs_5000,hqs_round1,0.0001045139633890069,0.0001023582996865727,2.06256047759924,0.09051254369550321,-6.755065917740666e-08
web_qinhuai_fuzimiao_01,Nanjing_scenic_web,Qinhuai_Fuzimiao,0.1,0.01,2026,hqs_10000,hqs,0.0012529275452488778,0.0011922625873811647,4.841856825460944,0.21554040961371257,0.00227690172672268
web_qinhuai_fuzimiao_01,Nanjing_scenic_web,Qinhuai_Fuzimiao,0.1,0.01,2026,hqs_10000,hqs_round1,0.0012133087264115075,0.0011922625873811647,1.7346070766827038,0.07599404942009613,0.0005999455165862644
web_qinhuai_fuzimiao_01,Nanjing_scenic_web,Qinhuai_Fuzimiao,0.1,0.01,2026,hqs_10000,hqs_5000,0.001182171669093129,0.0011922625873811647,-0.8535916188700865,-0.03691369008692291,1.9079895019591397e-05
web_qinhuai_fuzimiao_01,Nanjing_scenic_web,Qinhuai_Fuzimiao,0.1,0.01,2026,hqs_5000,hqs_round1,0.0012133087264115075,0.001182171669093129,2.566293033304856,0.11290773950701904,0.000580865621566673
web_qinhuai_fuzimiao_01,Nanjing_scenic_web,Qinhuai_Fuzimiao,0.1,0.01,2027,hqs_10000,hqs,0.0012529258406370892,0.0011885829824392613,5.135408346683212,0.22895858374455003,0.0024680444865227136
web_qinhuai_fuzimiao_01,Nanjing_scenic_web,Qinhuai_Fuzimiao,0.1,0.01,2027,hqs_10000,hqs_round1,0.001209474779290322,0.0011885829824392613,1.727344563837807,0.07567308670768114,0.0006660804610252313
web_qinhuai_fuzimiao_01,Nanjing_scenic_web,Qinhuai_Fuzimiao,0.1,0.01,2027,hqs_10000,hqs_5000,0.001180460469809478,0.0011885829824392613,-0.6880800194092318,-0.029780595485526362,0.00018603887939450114
web_qinhuai_fuzimiao_01,Nanjing_scenic_web,Qinhuai_Fuzimiao,0.1,0.01,2027,hqs_5000,hqs_round1,0.001209474779290322,0.001180460469809478,2.3989181070703025,0.1054536821932075,0.0004800415816307302
web_qinhuai_fuzimiao_01,Nanjing_scenic_web,Qinhuai_Fuzimiao,0.1,0.01,2028,hqs_10000,hqs,0.001238316598283647,0.00117931256862333,4.764858174565278,0.2120276711238951,0.002184935655593856
web_qinhuai_fuzimiao_01,Nanjing_scenic_web,Qinhuai_Fuzimiao,0.1,0.01,2028,hqs_10000,hqs_round1,0.0012026641885696692,0.00117931256862333,1.9416575439991646,0.08515452190151152,0.0005848653221129929
web_qinhuai_fuzimiao_01,Nanjing_scenic_web,Qinhuai_Fuzimiao,0.1,0.01,2028,hqs_10000,hqs_5000,0.0011717474657285318,0.00117931256862333,-0.6456257099813234,-0.02794904199337367,8.798237133023079e-05
web_qinhuai_fuzimiao_01,Nanjing_scenic_web,Qinhuai_Fuzimiao,0.1,0.01,2028,hqs_5000,hqs_round1,0.0012026641885696692,0.0011717474657285318,2.5706862426748356,0.11310356389488518,0.0004968829507827621
web_qinhuai_fuzimiao_01,Nanjing_scenic_web,Qinhuai_Fuzimiao,0.1,0.05,2026,hqs_10000,hqs,0.0015966085545587698,0.0015206001539697438,4.760615892480368,0.21183421746478714,0.029600885958433243
web_qinhuai_fuzimiao_01,Nanjing_scenic_web,Qinhuai_Fuzimiao,0.1,0.05,2026,hqs_10000,hqs_round1,0.0016040398763211652,0.0015206001539697438,5.201848381898633,0.2320013048772438,0.024389854789257037
web_qinhuai_fuzimiao_01,Nanjing_scenic_web,Qinhuai_Fuzimiao,0.1,0.05,2026,hqs_10000,hqs_5000,0.0015145998563584333,0.0015206001539697438,-0.3961638835578096,-0.01717118824625885,0.004026455372095117
web_qinhuai_fuzimiao_01,Nanjing_scenic_web,Qinhuai_Fuzimiao,0.1,0.05,2026,hqs_5000,hqs_round1,0.0016040398763211652,0.0015145998563584333,5.575922474437533,0.24917249312350265,0.02036339941716192
web_qinhuai_fuzimiao_01,Nanjing_scenic_web,Qinhuai_Fuzimiao,0.1,0.05,2027,hqs_10000,hqs,0.0015983100742468304,0.0015061590747399813,5.765527039568541,0.25790194046548365,0.029721698268652008
web_qinhuai_fuzimiao_01,Nanjing_scenic_web,Qinhuai_Fuzimiao,0.1,0.05,2027,hqs_10000,hqs_round1,0.0016158435963959969,0.0015061590747399813,6.788065497221241,0.3052847866666859,0.024495464168310166
web_qinhuai_fuzimiao_01,Nanjing_scenic_web,Qinhuai_Fuzimiao,0.1,0.05,2027,hqs_10000,hqs_5000,0.0015067794269024645,0.0015061590747399813,0.04117073484063427,0.0017883904677340468,0.003579757251262694
web_qinhuai_fuzimiao_01,Nanjing_scenic_web,Qinhuai_Fuzimiao,0.1,0.05,2027,hqs_5000,hqs_round1,0.0016158435963959969,0.0015067794269024645,6.749673652622745,0.30349639619895186,0.020915706917047472
web_qinhuai_fuzimiao_01,Nanjing_scenic_web,Qinhuai_Fuzimiao,0.1,0.05,2028,hqs_10000,hqs,0.0015508253035289984,0.0014675394547037078,5.370421067786846,0.23973092359715764,0.03005592324328421
web_qinhuai_fuzimiao_01,Nanjing_scenic_web,Qinhuai_Fuzimiao,0.1,0.05,2028,hqs_10000,hqs_round1,0.001559167056706852,0.0014675394547037078,5.876702025546432,0.2630286403943529,0.025247551436185844
web_qinhuai_fuzimiao_01,Nanjing_scenic_web,Qinhuai_Fuzimiao,0.1,0.05,2028,hqs_10000,hqs_5000,0.0014676818181779303,0.0014675394547037078,0.009699886750613729,0.00042128116131578963,0.003148080606222181
web_qinhuai_fuzimiao_01,Nanjing_scenic_web,Qinhuai_Fuzimiao,0.1,0.05,2028,hqs_5000,hqs_round1,0.001559167056706852,0.0014676818181779303,5.8675712865656315,0.26260735923303713,0.022099470829963663
web_qinhuai_fuzimiao_02,Nanjing_scenic_web,Qinhuai_Fuzimiao,0.01,0.0,2026,hqs_10000,hqs,0.0061027404485402585,0.006001689162411147,1.6558345710619649,0.07251400840540256,0.005959670598793876
web_qinhuai_fuzimiao_02,Nanjing_scenic_web,Qinhuai_Fuzimiao,0.01,0.0,2026,hqs_10000,hqs_round1,0.006081225084400027,0.006001689162411147,1.307893078861866,0.05717579424267427,0.006145442240658272
web_qinhuai_fuzimiao_02,Nanjing_scenic_web,Qinhuai_Fuzimiao,0.01,0.0,2026,hqs_10000,hqs_5000,0.006016090885792624,0.006001689162411147,0.2393867322630916,0.010408897422703234,0.002050843501500199
web_qinhuai_fuzimiao_02,Nanjing_scenic_web,Qinhuai_Fuzimiao,0.01,0.0,2026,hqs_5000,hqs_round1,0.006081225084400027,0.006016090885792624,1.0710703469024585,0.04676689681997104,0.004094598739158073
web_qinhuai_fuzimiao_02,Nanjing_scenic_web,Qinhuai_Fuzimiao,0.04,0.0,2026,hqs_10000,hqs,0.0020502311942924623,0.0019913112947033094,2.8738173408529244,0.12663679962308905,0.0011501905498104703
web_qinhuai_fuzimiao_02,Nanjing_scenic_web,Qinhuai_Fuzimiao,0.04,0.0,2026,hqs_10000,hqs_round1,0.0020141874941165933,0.0019913112947033094,1.1357532245684587,0.049607380839955084,0.00023611668049261514
web_qinhuai_fuzimiao_02,Nanjing_scenic_web,Qinhuai_Fuzimiao,0.04,0.0,2026,hqs_10000,hqs_5000,0.001975994190625497,0.0019913112947033094,-0.7751593679009572,-0.033534936278201144,0.00034778238685895246
web_qinhuai_fuzimiao_02,Nanjing_scenic_web,Qinhuai_Fuzimiao,0.04,0.0,2026,hqs_5000,hqs_round1,0.0020141874941165933,0.001975994190625497,1.8962139126897593,0.08314231711815623,-0.00011166570636633733
web_qinhuai_fuzimiao_02,Nanjing_scenic_web,Qinhuai_Fuzimiao,0.1,0.0,2026,hqs_10000,hqs,0.0009376085081531573,0.0008774159669974912,6.419794683202018,0.2881600629221879,0.0017950145597457334
web_qinhuai_fuzimiao_02,Nanjing_scenic_web,Qinhuai_Fuzimiao,0.1,0.0,2026,hqs_10000,hqs_round1,0.0009088269315786328,0.0008774159669974912,3.456209701728441,0.1527565483045379,0.0008583634181021926
web_qinhuai_fuzimiao_02,Nanjing_scenic_web,Qinhuai_Fuzimiao,0.1,0.0,2026,hqs_10000,hqs_5000,0.0008746383685826996,0.0008774159669974912,-0.31757106874839014,-0.013770082931614525,0.0002024483809470734
web_qinhuai_fuzimiao_02,Nanjing_scenic_web,Qinhuai_Fuzimiao,0.1,0.0,2026,hqs_5000,hqs_round1,0.0009088269315786328,0.0008746383685826996,3.761834273170983,0.1665266312361524,0.0006559150371551192
web_qinhuai_fuzimiao_02,Nanjing_scenic_web,Qinhuai_Fuzimiao,0.25,0.0,2026,hqs_10000,hqs,0.00026355711173048346,0.0002403980197033804,8.787124686199254,0.3994385374322533,0.0009078087863922946
web_qinhuai_fuzimiao_02,Nanjing_scenic_web,Qinhuai_Fuzimiao,0.25,0.0,2026,hqs_10000,hqs_round1,0.00024801985785710207,0.0002403980197033804,3.073075768841471,0.13555568451484135,6.317963504798296e-05
web_qinhuai_fuzimiao_02,Nanjing_scenic_web,Qinhuai_Fuzimiao,0.25,0.0,2026,hqs_10000,hqs_5000,0.00024244589233132758,0.0002403980197033804,0.8446720248609263,0.03683944615167434,0.00029662170505528884
web_qinhuai_fuzimiao_02,Nanjing_scenic_web,Qinhuai_Fuzimiao,0.25,0.0,2026,hqs_5000,hqs_round1,0.00024801985785710207,0.00024244589233132758,2.247386791498751,0.09871623836316701,-0.00023344207000730588
web_qinhuai_fuzimiao_02,Nanjing_scenic_web,Qinhuai_Fuzimiao,0.5,0.0,2026,hqs_10000,hqs,4.9914298792968344e-05,4.4594090605791574e-05,10.658685618811603,0.4894766251676259,0.00017926737880702426
web_qinhuai_fuzimiao_02,Nanjing_scenic_web,Qinhuai_Fuzimiao,0.5,0.0,2026,hqs_10000,hqs_round1,4.839306324187123e-05,4.4594090605791574e-05,7.850242124769369,0.35505801558194605,9.199714565277795e-05
web_qinhuai_fuzimiao_02,Nanjing_scenic_web,Qinhuai_Fuzimiao,0.5,0.0,2026,hqs_10000,hqs_5000,4.753329636826772e-05,4.4594090605791574e-05,6.183467142073285,0.277206211489748,0.0001653770227432183
web_qinhuai_fuzimiao_02,Nanjing_scenic_web,Qinhuai_Fuzimiao,0.5,0.0,2026,hqs_5000,hqs_round1,4.839306324187123e-05,4.753329636826772e-05,1.776632467563255,0.07785180409219805,-7.337987709044036e-05
web_qinhuai_fuzimiao_02,Nanjing_scenic_web,Qinhuai_Fuzimiao,0.1,0.01,2026,hqs_10000,hqs,0.0009692484224744501,0.0009142641314208929,5.672879086373406,0.2536342105165055,0.0010752447695732137
web_qinhuai_fuzimiao_02,Nanjing_scenic_web,Qinhuai_Fuzimiao,0.1,0.01,2026,hqs_10000,hqs_round1,0.0009394882530207716,0.0009142641314208929,2.684878870893237,0.11819672447963825,0.0003441375188827367
web_qinhuai_fuzimiao_02,Nanjing_scenic_web,Qinhuai_Fuzimiao,0.1,0.01,2026,hqs_10000,hqs_5000,0.0009103490031724484,0.0009142641314208929,-0.43006893343111585,-0.018637607847121984,0.00016518448376656725
web_qinhuai_fuzimiao_02,Nanjing_scenic_web,Qinhuai_Fuzimiao,0.1,0.01,2026,hqs_5000,hqs_round1,0.0009394882530207716,0.0009103490031724484,3.1016087486597788,0.13683433232676023,0.00017895303511616945
web_qinhuai_fuzimiao_02,Nanjing_scenic_web,Qinhuai_Fuzimiao,0.1,0.01,2027,hqs_10000,hqs,0.0009664967162340015,0.0009114325189978474,5.697297912269617,0.25475863095350704,0.001204177374362958
web_qinhuai_fuzimiao_02,Nanjing_scenic_web,Qinhuai_Fuzimiao,0.1,0.01,2027,hqs_10000,hqs_round1,0.00093890178471416,0.0009114325189978474,2.925680424036614,0.12895644876070023,0.00029808950519560895
web_qinhuai_fuzimiao_02,Nanjing_scenic_web,Qinhuai_Fuzimiao,0.1,0.01,2027,hqs_10000,hqs_5000,0.0009102486746172719,0.0009114325189978474,-0.13005724848469402,-0.005644644695188106,0.00017658255338670603
web_qinhuai_fuzimiao_02,Nanjing_scenic_web,Qinhuai_Fuzimiao,0.1,0.01,2027,hqs_5000,hqs_round1,0.00093890178471416,0.0009102486746172719,3.0517686262159227,0.13460109345588833,0.00012150695180890292
web_qinhuai_fuzimiao_02,Nanjing_scenic_web,Qinhuai_Fuzimiao,0.1,0.01,2028,hqs_10000,hqs,0.0009713181127554081,0.000913749242623945,5.926881150002794,0.26534457368811815,0.0011316814358235394
web_qinhuai_fuzimiao_02,Nanjing_scenic_web,Qinhuai_Fuzimiao,0.1,0.01,2028,hqs_10000,hqs_round1,0.000940225610153396,0.000913749242623945,2.8159589829861553,0.12405046465617175,0.000267297683477441
web_qinhuai_fuzimiao_02,Nanjing_scenic_web,Qinhuai_Fuzimiao,0.1,0.01,2028,hqs_10000,hqs_5000,0.0009105517874814451,0.000913749242623945,-0.35115577021094246,-0.01522378734161478,0.00015721922874456506
web_qinhuai_fuzimiao_02,Nanjing_scenic_web,Qinhuai_Fuzimiao,0.1,0.01,2028,hqs_5000,hqs_round1,0.000940225610153396,0.0009105517874814451,3.1560321641429967,0.13927425199778654,0.00011007845473287592
web_qinhuai_fuzimiao_02,Nanjing_scenic_web,Qinhuai_Fuzimiao,0.1,0.05,2026,hqs_10000,hqs,0.0013756258501580224,0.00124494558545647,9.499695334057634,0.43349958755958085,0.028419628577351475
web_qinhuai_fuzimiao_02,Nanjing_scenic_web,Qinhuai_Fuzimiao,0.1,0.05,2026,hqs_10000,hqs_round1,0.0013950182852712613,0.00124494558545647,10.75775861859829,0.49429530641108244,0.025705344245970152
web_qinhuai_fuzimiao_02,Nanjing_scenic_web,Qinhuai_Fuzimiao,0.1,0.05,2026,hqs_10000,hqs_5000,0.0012575259327912186,0.00124494558545647,1.0004046045257287,0.043665803304495654,0.00434287648749343
web_qinhuai_fuzimiao_02,Nanjing_scenic_web,Qinhuai_Fuzimiao,0.1,0.05,2026,hqs_5000,hqs_round1,0.0013950182852712613,0.0012575259327912186,9.855953425965836,0.4506295031065868,0.021362467758476722
web_qinhuai_fuzimiao_02,Nanjing_scenic_web,Qinhuai_Fuzimiao,0.1,0.05,2027,hqs_10000,hqs,0.0013793297681443213,0.0012509177891267217,9.309737379942028,0.42439340474591347,0.02964789657807354
web_qinhuai_fuzimiao_02,Nanjing_scenic_web,Qinhuai_Fuzimiao,0.1,0.05,2027,hqs_10000,hqs_round1,0.0014108329833711689,0.0012509177891267217,11.334806892757188,0.5224683572819337,0.02768702021980285
web_qinhuai_fuzimiao_02,Nanjing_scenic_web,Qinhuai_Fuzimiao,0.1,0.05,2027,hqs_10000,hqs_5000,0.0012639910614983445,0.0012509177891267217,1.0342851915523532,0.04515234174072802,0.0031310382256508618
web_qinhuai_fuzimiao_02,Nanjing_scenic_web,Qinhuai_Fuzimiao,0.1,0.05,2027,hqs_5000,hqs_round1,0.0014108329833711689,0.0012639910614983445,10.408171881688455,0.47731601554120573,0.024555981994151987
web_qinhuai_fuzimiao_02,Nanjing_scenic_web,Qinhuai_Fuzimiao,0.1,0.05,2028,hqs_10000,hqs,0.0014025588447107939,0.0012552176264345985,10.505171945678827,0.4820206202901218,0.03179113322472571
web_qinhuai_fuzimiao_02,Nanjing_scenic_web,Qinhuai_Fuzimiao,0.1,0.05,2028,hqs_10000,hqs_round1,0.001416211160378863,0.0012552176264345985,11.367904621030933,0.5240898328321286,0.029332357798337982
web_qinhuai_fuzimiao_02,Nanjing_scenic_web,Qinhuai_Fuzimiao,0.1,0.05,2028,hqs_10000,hqs_5000,0.0012664654006656303,0.0012552176264345985,0.8881232937844263,0.03874300318801005,0.0033291285192966757
web_qinhuai_fuzimiao_02,Nanjing_scenic_web,Qinhuai_Fuzimiao,0.1,0.05,2028,hqs_5000,hqs_round1,0.001416211160378863,0.0012664654006656303,10.573688719779117,0.48534682964411857,0.026003229279041307
web_qinhuai_fuzimiao_03,Nanjing_scenic_web,Qinhuai_Fuzimiao,0.01,0.0,2026,hqs_10000,hqs,0.005140935468910332,0.0051998008734956335,-1.1450329408196014,-0.049445601729644295,-0.004406929813732363
web_qinhuai_fuzimiao_03,Nanjing_scenic_web,Qinhuai_Fuzimiao,0.01,0.0,2026,hqs_10000,hqs_round1,0.005162142242820382,0.0051998008734956335,-0.7295155558262323,-0.03156745278794304,-0.0031620692388223404
web_qinhuai_fuzimiao_03,Nanjing_scenic_web,Qinhuai_Fuzimiao,0.01,0.0,2026,hqs_10000,hqs_5000,0.0051756214248542655,0.0051998008734956335,-0.46717962262954327,-0.0202421064490359,-0.0006988459001283642
web_qinhuai_fuzimiao_03,Nanjing_scenic_web,Qinhuai_Fuzimiao,0.01,0.0,2026,hqs_5000,hqs_round1,0.005162142242820382,0.0051756214248542655,-0.26111605220935363,-0.011325346338907138,-0.002463223338693976
web_qinhuai_fuzimiao_03,Nanjing_scenic_web,Qinhuai_Fuzimiao,0.04,0.0,2026,hqs_10000,hqs,0.002461446634312,0.002355763455005631,4.293539328993356,0.19058744155638507,0.0043515281206154555
web_qinhuai_fuzimiao_03,Nanjing_scenic_web,Qinhuai_Fuzimiao,0.04,0.0,2026,hqs_10000,hqs_round1,0.0024199351922209755,0.002355763455005631,2.6517956936048637,0.11672055104570234,0.002578851060801135
web_qinhuai_fuzimiao_03,Nanjing_scenic_web,Qinhuai_Fuzimiao,0.04,0.0,2026,hqs_10000,hqs_5000,0.002325995937816909,0.002355763455005631,-1.2797751150271042,-0.055227283524740045,-0.0006470347585944003
web_qinhuai_fuzimiao_03,Nanjing_scenic_web,Qinhuai_Fuzimiao,0.04,0.0,2026,hqs_5000,hqs_round1,0.0024199351922209755,0.002325995937816909,3.881891329405829,0.17194783457044238,0.0032258858193955353
web_qinhuai_fuzimiao_03,Nanjing_scenic_web,Qinhuai_Fuzimiao,0.1,0.0,2026,hqs_10000,hqs,0.00121064148929593,0.0011335439010480481,6.368325299401345,0.2857720873372287,0.002631351809263327
web_qinhuai_fuzimiao_03,Nanjing_scenic_web,Qinhuai_Fuzimiao,0.1,0.0,2026,hqs_10000,hqs_round1,0.0011573899891003168,0.0011335439010480481,2.0603330145273824,0.09041377003705264,0.00020726924848557537
web_qinhuai_fuzimiao_03,Nanjing_scenic_web,Qinhuai_Fuzimiao,0.1,0.0,2026,hqs_10000,hqs_5000,0.001131880936251995,0.0011335439010480481,-0.14692047041269252,-0.006375992285029497,0.0007470741560459127
web_qinhuai_fuzimiao_03,Nanjing_scenic_web,Qinhuai_Fuzimiao,0.1,0.0,2026,hqs_5000,hqs_round1,0.0011573899891003168,0.001131880936251995,2.2040153352415826,0.09678976232208214,-0.0005398049075603373
web_qinhuai_fuzimiao_03,Nanjing_scenic_web,Qinhuai_Fuzimiao,0.25,0.0,2026,hqs_10000,hqs,0.0003429621088703433,0.0003220225767401432,6.105494335561213,0.27359820187871264,0.0017733111801147006
web_qinhuai_fuzimiao_03,Nanjing_scenic_web,Qinhuai_Fuzimiao,0.25,0.0,2026,hqs_10000,hqs_round1,0.0003301322520254872,0.0003220225767401432,2.45649288598373,0.10801633685164802,0.0006294977083206588
web_qinhuai_fuzimiao_03,Nanjing_scenic_web,Qinhuai_Fuzimiao,0.25,0.0,2026,hqs_10000,hqs_5000,0.0003253400493475651,0.0003220225767401432,1.01969389076898,0.04451207411664626,0.00048356202220911637
web_qinhuai_fuzimiao_03,Nanjing_scenic_web,Qinhuai_Fuzimiao,0.25,0.0,2026,hqs_5000,hqs_round1,0.0003301322520254872,0.0003253400493475651,1.4516008807137437,0.06350426273500176,0.0001459356861115424
web_qinhuai_fuzimiao_03,Nanjing_scenic_web,Qinhuai_Fuzimiao,0.5,0.0,2026,hqs_10000,hqs,6.892797104630729e-05,6.327055903414098e-05,8.207715860902876,0.3719382311952373,0.0005745703783035516
web_qinhuai_fuzimiao_03,Nanjing_scenic_web,Qinhuai_Fuzimiao,0.5,0.0,2026,hqs_10000,hqs_round1,6.586511695683488e-05,6.327055903414098e-05,3.9391988393404853,0.1745379560458673,0.00022415793323515842
web_qinhuai_fuzimiao_03,Nanjing_scenic_web,Qinhuai_Fuzimiao,0.5,0.0,2026,hqs_10000,hqs_5000,6.354680154637551e-05,6.327055903414098e-05,0.4347071851176221,0.018920246869967627,1.1084698677055194e-05
web_qinhuai_fuzimiao_03,Nanjing_scenic_web,Qinhuai_Fuzimiao,0.5,0.0,2026,hqs_5000,hqs_round1,6.586511695683488e-05,6.354680154637551e-05,3.519792444881986,0.15561770917589968,0.00021307323455810323
web_qinhuai_fuzimiao_03,Nanjing_scenic_web,Qinhuai_Fuzimiao,0.1,0.01,2026,hqs_10000,hqs,0.0012402158969569942,0.0011631615486733674,6.212978600958763,0.27857256767669725,0.002698668036222429
web_qinhuai_fuzimiao_03,Nanjing_scenic_web,Qinhuai_Fuzimiao,0.1,0.01,2026,hqs_10000,hqs_round1,0.0011884152657093327,0.0011631615486733674,2.124990966090634,0.09328184848413201,9.929621100424058e-05
web_qinhuai_fuzimiao_03,Nanjing_scenic_web,Qinhuai_Fuzimiao,0.1,0.01,2026,hqs_10000,hqs_5000,0.0011621068020495823,0.0011631615486733674,-0.09076159109686621,-0.003939938113298069,0.0005929454531669043
web_qinhuai_fuzimiao_03,Nanjing_scenic_web,Qinhuai_Fuzimiao,0.1,0.01,2026,hqs_5000,hqs_round1,0.0011884152657093327,0.0011621068020495823,2.213743328519735,0.09722178659743008,-0.0004936492421626637
web_qinhuai_fuzimiao_03,Nanjing_scenic_web,Qinhuai_Fuzimiao,0.1,0.01,2027,hqs_10000,hqs,0.0012247900087273141,0.0011628466201218856,5.057470110308482,0.22539200019236105,0.001971592720746984
web_qinhuai_fuzimiao_03,Nanjing_scenic_web,Qinhuai_Fuzimiao,0.1,0.01,2027,hqs_10000,hqs_round1,0.0011848679134625506,0.0011628466201218856,1.8585441542012915,0.0814750391463761,-0.00024895862460139195
web_qinhuai_fuzimiao_03,Nanjing_scenic_web,Qinhuai_Fuzimiao,0.1,0.01,2027,hqs_10000,hqs_5000,0.0011616558295143456,0.0011628466201218856,-0.10250803872244862,-0.004449587353857254,0.0005827820198536227
web_qinhuai_fuzimiao_03,Nanjing_scenic_web,Qinhuai_Fuzimiao,0.1,0.01,2027,hqs_5000,hqs_round1,0.0011848679134625506,0.0011616558295143456,1.9590440153259059,0.08592462650023336,-0.0008317406444550146
web_qinhuai_fuzimiao_03,Nanjing_scenic_web,Qinhuai_Fuzimiao,0.1,0.01,2028,hqs_10000,hqs,0.0012353212646549498,0.0011640176790052269,5.7720681809552925,0.2582034097812418,0.0025095316796303058
web_qinhuai_fuzimiao_03,Nanjing_scenic_web,Qinhuai_Fuzimiao,0.1,0.01,2028,hqs_10000,hqs_round1,0.0011886390903809107,0.0011640176790052269,2.07139505800652,0.09090432263134574,6.420837450027417e-05
web_qinhuai_fuzimiao_03,Nanjing_scenic_web,Qinhuai_Fuzimiao,0.1,0.01,2028,hqs_10000,hqs_5000,0.0011614222131695463,0.0011640176790052269,-0.223473066577351,-0.009694483716867097,0.0005152262945175012
web_qinhuai_fuzimiao_03,Nanjing_scenic_web,Qinhuai_Fuzimiao,0.1,0.01,2028,hqs_5000,hqs_round1,0.0011886390903809107,0.0011614222131695463,2.2897511474776144,0.10059880634821283,-0.00045101792001722707
web_qinhuai_fuzimiao_03,Nanjing_scenic_web,Qinhuai_Fuzimiao,0.1,0.05,2026,hqs_10000,hqs,0.0016339346341380618,0.0015242861468697784,6.710702189511119,0.3016817585096483,0.02842519274199007
web_qinhuai_fuzimiao_03,Nanjing_scenic_web,Qinhuai_Fuzimiao,0.1,0.05,2026,hqs_10000,hqs_round1,0.0016156235540050598,0.0015242861468697784,5.653384224862279,0.2527367341683444,0.022784958070874217
web_qinhuai_fuzimiao_03,Nanjing_scenic_web,Qinhuai_Fuzimiao,0.1,0.05,2026,hqs_10000,hqs_5000,0.0015226011733582357,0.0015242861468697784,-0.11066414114382361,-0.004803425239629178,-0.00011259991240497591
web_qinhuai_fuzimiao_03,Nanjing_scenic_web,Qinhuai_Fuzimiao,0.1,0.05,2026,hqs_5000,hqs_round1,0.0016156235540050598,0.0015226011733582357,5.757676682555513,0.2575401594079736,0.022897557983279193
web_qinhuai_fuzimiao_03,Nanjing_scenic_web,Qinhuai_Fuzimiao,0.1,0.05,2027,hqs_10000,hqs,0.0016146414260920926,0.0015205323121734744,5.8284837981885556,0.26080437196528905,0.028527450766205775
web_qinhuai_fuzimiao_03,Nanjing_scenic_web,Qinhuai_Fuzimiao,0.1,0.05,2027,hqs_10000,hqs_round1,0.0016075266066333963,0.0015205323121734744,5.411686133277249,0.24162516206022389,0.023410225672602647
web_qinhuai_fuzimiao_03,Nanjing_scenic_web,Qinhuai_Fuzimiao,0.1,0.05,2027,hqs_10000,hqs_5000,0.0015268304396084008,0.0015205323121734744,0.41249684781905493,0.017951560799243538,0.0013608144323825622
web_qinhuai_fuzimiao_03,Nanjing_scenic_web,Qinhuai_Fuzimiao,0.1,0.05,2027,hqs_5000,hqs_round1,0.0016075266066333963,0.0015268304396084008,5.01989619904305,0.22367360126098035,0.022049411240220085
web_qinhuai_fuzimiao_03,Nanjing_scenic_web,Qinhuai_Fuzimiao,0.1,0.05,2028,hqs_10000,hqs,0.0016357069518582233,0.0015238469601564157,6.838632774332265,0.30764146433987705,0.030446664738059015
web_qinhuai_fuzimiao_03,Nanjing_scenic_web,Qinhuai_Fuzimiao,0.1,0.05,2028,hqs_10000,hqs_round1,0.0016115681270821099,0.0015238469601564157,5.443218034134323,0.24307316478138574,0.024383157376885456
web_qinhuai_fuzimiao_03,Nanjing_scenic_web,Qinhuai_Fuzimiao,0.1,0.05,2028,hqs_10000,hqs_5000,0.0015265068310051262,0.0015238469601564157,0.1742455909587437,0.007573990455135515,0.0005056206252574968
web_qinhuai_fuzimiao_03,Nanjing_scenic_web,Qinhuai_Fuzimiao,0.1,0.05,2028,hqs_5000,hqs_round1,0.0016115681270821099,0.0015265068310051262,5.278169420674439,0.23549917432625023,0.02387753675162796
