image,cr,sigma,candidate,reference,images,old_mse,new_mse,delta_psnr,delta_ssim,mse_reduction_percent,improved_images,target_at_least_5_percent
web_ming_xiaoling_01,0.01,0.0,hqs_10000,hqs,1,0.007119932929762947,0.007083551865444363,0.02224824437293549,-0.002142510205162207,0.5109748178455775,1,False
web_ming_xiaoling_01,0.01,0.0,hqs_10000,hqs_5000,1,0.00710125707940111,0.007083551865444363,0.010841571071445344,0.0004060047951498502,0.2493250667984559,1,False
web_ming_xiaoling_01,0.01,0.0,hqs_10000,hqs_round1,1,0.007094647947985608,0.007083551865444363,0.006797715458478848,-0.002752006777865912,0.15640074916466462,1,False
web_ming_xiaoling_01,0.01,0.0,hqs_5000,hqs_round1,1,0.007094647947985608,0.00710125707940111,-0.004043855612966496,-0.003158011573015762,-0.09315658033994811,0,False
web_ming_xiaoling_01,0.04,0.0,hqs_10000,hqs,1,0.003899642744791115,0.0038231508373114584,0.0860338927013693,0.0007302181423940457,1.9615106430410756,1,False
web_ming_xiaoling_01,0.04,0.0,hqs_10000,hqs_5000,1,0.0037692784294181304,0.0038231508373114584,-0.06163213725250927,-3.6194004604528374e-06,-1.429249892310147,0,False
web_ming_xiaoling_01,0.04,0.0,hqs_10000,hqs_round1,1,0.0038205264922820123,0.0038231508373114584,-0.0029821735286219564,-0.0010300303200846406,-0.06869066435601923,0,False
web_ming_xiaoling_01,0.04,0.0,hqs_5000,hqs_round1,1,0.0038205264922820123,0.0037692784294181304,0.05864996372388731,-0.0010264109196241877,1.3413874492798294,1,False
web_ming_xiaoling_01,0.1,0.0,hqs_10000,hqs,1,0.002260524435794249,0.002206962532537719,0.10414245793302968,0.0008215315482615893,2.369445886467969,1,False
web_ming_xiaoling_01,0.1,0.0,hqs_10000,hqs_5000,1,0.002192593376593317,0.002206962532537719,-0.028368623808255222,0.0006047891094684843,-0.6553497834025146,0,False
web_ming_xiaoling_01,0.1,0.0,hqs_10000,hqs_round1,1,0.0021918956273866068,0.002206962532537719,-0.029750899519331853,-0.0010269633333683803,-0.6873915419538745,0,False
web_ming_xiaoling_01,0.1,0.0,hqs_5000,hqs_round1,1,0.0021918956273866068,0.002192593376593317,-0.0013822757110766304,-0.0016317524428368646,-0.031833140136416915,0,False
web_ming_xiaoling_01,0.1,0.01,hqs_10000,hqs,1,0.0023188568407290617,0.0022885948236064206,0.05707068272604469,-0.0005425082006454603,1.3050403367344754,1,False
web_ming_xiaoling_01,0.1,0.01,hqs_10000,hqs_5000,1,0.002278417463727532,0.0022885948236064206,-0.019349854044685106,0.0004887207600672664,-0.44668547537545233,0,False
web_ming_xiaoling_01,0.1,0.01,hqs_10000,hqs_round1,1,0.0022696496308236736,0.0022885948236064206,-0.036103936065040663,-0.0019342838204702284,-0.8347188273227779,0,False
web_ming_xiaoling_01,0.1,0.01,hqs_5000,hqs_round1,1,0.0022696496308236736,0.002278417463727532,-0.016754082020355554,-0.0024230045805374947,-0.38630777124293303,0,False
web_ming_xiaoling_01,0.1,0.05,hqs_10000,hqs,1,0.0034948520750375718,0.0031492898697084524,0.4524410977867343,0.02405434634367561,9.887749120981159,1,True
web_ming_xiaoling_01,0.1,0.05,hqs_10000,hqs_5000,1,0.0031437687857071577,0.0031492898697084524,-0.007627309546078227,-0.0037944535118172493,-0.17561991283823186,0,False
web_ming_xiaoling_01,0.1,0.05,hqs_10000,hqs_round1,1,0.0034868866158866453,0.0031492898697084524,0.4425611829821546,0.02100636554929843,9.681896297977243,1,True
web_ming_xiaoling_01,0.1,0.05,hqs_5000,hqs_round1,1,0.0034868866158866453,0.0031437687857071577,0.45018849252823284,0.02480081906111568,9.840234799038328,1,True
web_ming_xiaoling_01,0.25,0.0,hqs_10000,hqs,1,0.0010524919098502089,0.001024594464569874,0.11666760999640857,0.001106153231143936,2.650608999389381,1,False
web_ming_xiaoling_01,0.25,0.0,hqs_10000,hqs_5000,1,0.001026388363193793,0.001024594464569874,0.007597142809640189,0.001310637480735788,0.17477776329584138,1,False
web_ming_xiaoling_01,0.25,0.0,hqs_10000,hqs_round1,1,0.0010229604957785981,0.001024594464569874,-0.006931425959542992,-0.00046432609701152483,-0.15972941262334395,0,False
web_ming_xiaoling_01,0.25,0.0,hqs_5000,hqs_round1,1,0.0010229604957785981,0.001026388363193793,-0.014528568769183181,-0.0017749635777473127,-0.3350928436963496,0,False
web_ming_xiaoling_01,0.5,0.0,hqs_10000,hqs,1,0.0004027872595403656,0.0003896469304378434,0.14404465740535954,0.0005782171144486092,3.2623497370589782,1,False
web_ming_xiaoling_01,0.5,0.0,hqs_10000,hqs_5000,1,0.00039175291028129363,0.0003896469304378434,0.0234097216783411,0.0006343402061462777,0.537578608398348,1,False
web_ming_xiaoling_01,0.5,0.0,hqs_10000,hqs_round1,1,0.0003913253445688002,0.0003896469304378434,0.01866717016731201,-0.00039805139923088095,0.428905041355343,1,False
web_ming_xiaoling_01,0.5,0.0,hqs_5000,hqs_round1,1,0.0003913253445688002,0.00039175291028129363,-0.004742551511029092,-0.0010323916053771587,-0.1092609304323533,0,False
web_ming_xiaoling_02,0.01,0.0,hqs_10000,hqs,1,0.004038794752259883,0.003927246617814901,0.1216360894234505,0.0014493315706834986,2.7619163955426407,1,False
web_ming_xiaoling_02,0.01,0.0,hqs_10000,hqs_5000,1,0.003980970298080888,0.003927246617814901,0.059007629835377884,0.003038917983724354,1.349512210424797,1,False
web_ming_xiaoling_02,0.01,0.0,hqs_10000,hqs_round1,1,0.0039304569488718515,0.003927246617814901,0.0035486936580326756,-0.0003776016598368015,0.08167831625459643,1,False
web_ming_xiaoling_02,0.01,0.0,hqs_5000,hqs_round1,1,0.0039304569488718515,0.003980970298080888,-0.05545893617734521,-0.0034165196435611556,-1.285177521751879,0,False
web_ming_xiaoling_02,0.04,0.0,hqs_10000,hqs,1,0.0022411335305648375,0.0022059505057324806,0.0687196923822988,0.0025893489971943184,1.5698763305500019,1,False
web_ming_xiaoling_02,0.04,0.0,hqs_10000,hqs_5000,1,0.002244180902941633,0.0022059505057324806,0.07462098305345322,0.003464049947939807,1.7035345572650074,1,False
web_ming_xiaoling_02,0.04,0.0,hqs_10000,hqs_round1,1,0.002252592642838476,0.0022059505057324806,0.09086897261436988,0.0021813981757284884,2.0705979509558325,1,False
web_ming_xiaoling_02,0.04,0.0,hqs_5000,hqs_round1,1,0.002252592642838476,0.002244180902941633,0.016247989560916665,-0.0012826517722113184,0.373424814450396,1,False
web_ming_xiaoling_02,0.1,0.0,hqs_10000,hqs,1,0.0011914910482354474,0.001119013636678682,0.2725540478658921,0.005410157583892294,6.082917002532373,1,True
web_ming_xiaoling_02,0.1,0.0,hqs_10000,hqs_5000,1,0.0011546998518722688,0.001119013636678682,0.1363373108184014,0.0033901384078264263,3.090518729670222,1,False
web_ming_xiaoling_02,0.1,0.0,hqs_10000,hqs_round1,1,0.001162953800231838,0.001119013636678682,0.16727083169346457,0.0031455348493456547,3.778324086855067,1,False
web_ming_xiaoling_02,0.1,0.0,hqs_5000,hqs_round1,1,0.001162953800231838,0.0011546998518722688,0.03093352087506318,-0.00024460355848077153,0.7097400049704272,1,False
web_ming_xiaoling_02,0.1,0.01,hqs_10000,hqs,1,0.0012885721792537418,0.001238680021562965,0.1714432921554542,0.004743232146739958,3.87189468266117,1,False
web_ming_xiaoling_02,0.1,0.01,hqs_10000,hqs_5000,1,0.0012626305613925974,0.001238680021562965,0.0831740928235322,0.0026015175354877997,1.8968762963583408,1,False
web_ming_xiaoling_02,0.1,0.01,hqs_10000,hqs_round1,1,0.00128719691943602,0.001238680021562965,0.16683850190401017,0.0028871187255382256,3.7691900237232123,1,False
web_ming_xiaoling_02,0.1,0.01,hqs_5000,hqs_round1,1,0.00128719691943602,0.0012626305613925974,0.08366440908047797,0.00028560119005042556,1.9085159133371943,1,False
web_ming_xiaoling_02,0.1,0.05,hqs_10000,hqs,1,0.0023052765723058227,0.0019805738561907396,0.6593894769753822,0.09512723927819977,14.08519567742379,1,True
web_ming_xiaoling_02,0.1,0.05,hqs_10000,hqs_5000,1,0.0019885585851294203,0.0019805738561907396,0.017434156978991904,0.005014055086178988,0.40153350262803755,1,False
web_ming_xiaoling_02,0.1,0.05,hqs_10000,hqs_round1,1,0.0023361898379223754,0.0019805738561907396,0.7171578438804822,0.08560507437184699,15.222049850533248,1,True
web_ming_xiaoling_02,0.1,0.05,hqs_5000,hqs_round1,1,0.0023361898379223754,0.0019885585851294203,0.6997236869014903,0.08059101928566799,14.88026559956751,1,True
web_ming_xiaoling_02,0.25,0.0,hqs_10000,hqs,1,0.00036964244625535954,0.00034863696864892625,0.2540839891043376,0.0021785531864165764,5.68264760154793,1,True
web_ming_xiaoling_02,0.25,0.0,hqs_10000,hqs_5000,1,0.0003529197177232552,0.00034863696864892625,0.053024864048040854,0.0006913932857512961,1.2135193527745392,1,False
web_ming_xiaoling_02,0.25,0.0,hqs_10000,hqs_round1,1,0.00035241398566266633,0.00034863696864892625,0.046796984114905626,0.0005738943901061333,1.071755709875677,1,False
web_ming_xiaoling_02,0.25,0.0,hqs_5000,hqs_round1,1,0.00035241398566266633,0.0003529197177232552,-0.0062278799331352275,-0.0001174988956451628,-0.14350510512173287,0,False
web_ming_xiaoling_02,0.5,0.0,hqs_10000,hqs,1,7.434614268330131e-05,6.847322565883883e-05,0.35737653615709064,0.0005724024620056278,7.8994239815236345,1,True
web_ming_xiaoling_02,0.5,0.0,hqs_10000,hqs_5000,1,6.891875332055011e-05,6.847322565883883e-05,0.02816625608981127,1.3392208099372027e-05,0.6464534546048339,1,False
web_ming_xiaoling_02,0.5,0.0,hqs_10000,hqs_round1,1,7.065010187615792e-05,6.847322565883883e-05,0.1359200519574415,0.0001519163999558204,3.0812074710591664,1,False
web_ming_xiaoling_02,0.5,0.0,hqs_5000,hqs_round1,1,7.065010187615792e-05,6.891875332055011e-05,0.10775379586763023,0.00013852419185644838,2.4505959788178044,1,False
web_ming_xiaoling_03,0.01,0.0,hqs_10000,hqs,1,0.0031099003246040082,0.002946203861770409,0.23483675245923763,0.008172903974393075,5.263720561669228,1,True
web_ming_xiaoling_03,0.01,0.0,hqs_10000,hqs_5000,1,0.0029807721066246865,0.002946203861770409,0.05065979109727081,0.003233374179930526,1.1597077407377254,1,False
web_ming_xiaoling_03,0.01,0.0,hqs_10000,hqs_round1,1,0.003052089375567787,0.002946203861770409,0.15334452655809727,0.0055049822796330306,3.469279590728891,1,False
web_ming_xiaoling_03,0.01,0.0,hqs_5000,hqs_round1,1,0.003052089375567787,0.0029807721066246865,0.10268473546082646,0.0022716080997025045,2.3366703974661007,1,False
web_ming_xiaoling_03,0.04,0.0,hqs_10000,hqs,1,0.00106658034194803,0.0010480716916060463,0.07602584118165723,0.0013069033000487895,1.7353264085271713,1,False
web_ming_xiaoling_03,0.04,0.0,hqs_10000,hqs_5000,1,0.0010566219341117888,0.0010480716916060463,0.03528630981496761,0.0006509373167455923,0.8092054716742125,1,False
web_ming_xiaoling_03,0.04,0.0,hqs_10000,hqs_round1,1,0.0010552415676410246,0.0010480716916060463,0.029608995669129,0.00029174313851454414,0.6794535256042344,1,False
web_ming_xiaoling_03,0.04,0.0,hqs_5000,hqs_round1,1,0.0010552415676410246,0.0010566219341117888,-0.005677314145838608,-0.00035919417823104816,-0.13081047156340286,0,False
web_ming_xiaoling_03,0.1,0.0,hqs_10000,hqs,1,0.0004773432972065682,0.0004606504957534251,0.1545928574824842,0.0009747452111243948,3.49702227952714,1,False
web_ming_xiaoling_03,0.1,0.0,hqs_10000,hqs_5000,1,0.00046202490789374923,0.0004606504957534251,0.012938462378642157,0.00010439613628387967,0.2974757673974149,1,False
web_ming_xiaoling_03,0.1,0.0,hqs_10000,hqs_round1,1,0.00046218284562623294,0.0004606504957534251,0.014422792846730204,1.1320824146343611e-05,0.3315462456707219,1,False
web_ming_xiaoling_03,0.1,0.0,hqs_5000,hqs_round1,1,0.00046218284562623294,0.00046202490789374923,0.0014843304680880465,-9.307531213753606e-05,0.03417213208545267,1,False
web_ming_xiaoling_03,0.1,0.01,hqs_10000,hqs,1,0.0005290799447803994,0.0005153215174759819,0.11440736396657532,0.0019400530797640443,2.6004439291548165,1,False
web_ming_xiaoling_03,0.1,0.01,hqs_10000,hqs_5000,1,0.0005169386178811383,0.0005153215174759819,0.013632458803092126,9.426839240389562e-05,0.3128225188098077,1,False
web_ming_xiaoling_03,0.1,0.01,hqs_10000,hqs_round1,1,0.0005163376652422335,0.0005153215174759819,0.008538523004979481,0.0006382434633572428,0.1967990783269591,1,False
web_ming_xiaoling_03,0.1,0.01,hqs_5000,hqs_round1,1,0.0005163376652422335,0.0005169386178811383,-0.005093935798112644,0.0005439750709533472,-0.11638752687599396,0,False
web_ming_xiaoling_03,0.1,0.05,hqs_10000,hqs,1,0.0010640190925084933,0.0008703486232810429,0.8724649491206288,0.0780394285217126,18.201785155082117,1,True
web_ming_xiaoling_03,0.1,0.05,hqs_10000,hqs_5000,1,0.0008765090432228411,0.0008703486232810429,0.03054534195286962,0.0012439349165757063,0.7028358679731284,1,False
web_ming_xiaoling_03,0.1,0.05,hqs_10000,hqs_round1,1,0.0010828370908107746,0.0008703486232810429,0.9488161134736709,0.07594454759176568,19.623308929197357,1,True
web_ming_xiaoling_03,0.1,0.05,hqs_5000,hqs_round1,1,0.0010828370908107746,0.0008765090432228411,0.9182707715208013,0.07470061267518997,19.054394177931723,1,True
web_ming_xiaoling_03,0.25,0.0,hqs_10000,hqs,1,0.00011926239700064614,0.00011796429579037612,0.04752954339515725,0.00024984396934513153,1.088441321754574,1,False
web_ming_xiaoling_03,0.25,0.0,hqs_10000,hqs_5000,1,0.00011817525789753899,0.00011796429579037612,0.007759793052485975,0.00010113846206671884,0.17851630782628192,1,False
web_ming_xiaoling_03,0.25,0.0,hqs_10000,hqs_round1,1,0.00012031753612892014,0.00011796429579037612,0.08578350380188482,9.52966976166536e-05,1.955858151901091,1,False
web_ming_xiaoling_03,0.25,0.0,hqs_5000,hqs_round1,1,0.00012031753612892014,0.00011817525789753899,0.07802371074939884,-5.841764450065234e-06,1.7805203632874411,1,False
web_ming_xiaoling_03,0.5,0.0,hqs_10000,hqs,1,2.5762259396730432e-05,2.3902773163685817e-05,0.32535658707506343,0.00023470649433132706,7.2178693817538715,1,True
web_ming_xiaoling_03,0.5,0.0,hqs_10000,hqs_5000,1,2.5843813472362004e-05,2.3902773163685817e-05,0.3390830779856202,0.00012864101505272174,7.51065747611892,1,True
web_ming_xiaoling_03,0.5,0.0,hqs_10000,hqs_round1,1,3.06311297976048e-05,2.3902773163685817e-05,1.0771472554377652,0.00040017264652247864,21.96574752017506,1,True
web_ming_xiaoling_03,0.5,0.0,hqs_5000,hqs_round1,1,3.06311297976048e-05,2.5843813472362004e-05,0.738064177452145,0.0002715316314697569,15.6289250735281,1,True
web_nju_gulou_01,0.01,0.0,hqs_10000,hqs,1,0.011175440808544622,0.011167764218904287,0.002984263580557922,0.00030250894894323643,0.06869160484895831,1,False
web_nju_gulou_01,0.01,0.0,hqs_10000,hqs_5000,1,0.011241282863925032,0.011167764218904287,0.028496398160832825,0.00391242839109851,0.6540058275437355,1,False
web_nju_gulou_01,0.01,0.0,hqs_10000,hqs_round1,1,0.011188613404362583,0.011167764218904287,0.008100318373834625,0.0006181025503309012,0.18634288901399065,1,False
web_nju_gulou_01,0.01,0.0,hqs_5000,hqs_round1,1,0.011188613404362583,0.011241282863925032,-0.0203960797869982,-0.003294325840767609,-0.47074161613192,0,False
web_nju_gulou_01,0.04,0.0,hqs_10000,hqs,1,0.006773593022410456,0.006700955356651865,0.04682374816858825,0.0020152142372096282,1.072365368250927,1,False
web_nju_gulou_01,0.04,0.0,hqs_10000,hqs_5000,1,0.0067153857108973505,0.006700955356651865,0.009342376741752645,0.0025234658138426624,0.21488496516393063,1,False
web_nju_gulou_01,0.04,0.0,hqs_10000,hqs_round1,1,0.006741508572045041,0.006700955356651865,0.026203665030330114,0.0010914079795898424,0.601545113527524,1,False
web_nju_gulou_01,0.04,0.0,hqs_5000,hqs_round1,1,0.006741508572045041,0.0067153857108973505,0.01686128828857747,-0.00143205783425282,0.3874928121580079,1,False
web_nju_gulou_01,0.1,0.0,hqs_10000,hqs,1,0.0041374287474537546,0.004086707144774695,0.053570105712541505,0.0008775231830031593,1.2259208744144434,1,False
web_nju_gulou_01,0.1,0.0,hqs_10000,hqs_5000,1,0.004106142859915826,0.004086707144774695,0.02060538070879403,0.003236409273490337,0.4733326580247055,1,False
web_nju_gulou_01,0.1,0.0,hqs_10000,hqs_round1,1,0.0041202680859993126,0.004086707144774695,0.03551957308941667,0.001247729069429493,0.8145329508693289,1,False
web_nju_gulou_01,0.1,0.0,hqs_5000,hqs_round1,1,0.0041202680859993126,0.004106142859915826,0.014914192380622637,-0.0019886802040608442,0.34282298599656036,1,False
web_nju_gulou_01,0.1,0.01,hqs_10000,hqs,1,0.0041985730210628526,0.004154060060835045,0.04629146823637953,0.00011022247689214855,1.0601925941147394,1,False
web_nju_gulou_01,0.1,0.01,hqs_10000,hqs_5000,1,0.004171558178237173,0.004154060060835045,0.01825724883493507,0.0030968601447244337,0.4194623844254397,1,False
web_nju_gulou_01,0.1,0.01,hqs_10000,hqs_round1,1,0.00418880506411044,0.004154060060835045,0.03617683411973971,0.0004555237302060015,0.8294729103793808,1,False
web_nju_gulou_01,0.1,0.01,hqs_5000,hqs_round1,1,0.00418880506411044,0.004171558178237173,0.01791958528480464,-0.0026413364145184324,0.41173761035189216,1,False
web_nju_gulou_01,0.1,0.05,hqs_10000,hqs,1,0.00550867752478901,0.005132999970375486,0.3067544893996204,0.004783764448055394,6.819741266810009,1,True
web_nju_gulou_01,0.1,0.05,hqs_10000,hqs_5000,1,0.005150453287915798,0.005132999970375486,0.01474133915647613,0.0026258044591589424,0.3388695434101363,1,False
web_nju_gulou_01,0.1,0.05,hqs_10000,hqs_round1,1,0.0055688508078404995,0.005132999970375486,0.35394433429993555,0.004141237988370479,7.826584918586265,1,True
web_nju_gulou_01,0.1,0.05,hqs_5000,hqs_round1,1,0.0055688508078404995,0.005150453287915798,0.3392029951434594,0.0015154335292115368,7.513175237800063,1,True
web_nju_gulou_01,0.25,0.0,hqs_10000,hqs,1,0.001957959278458665,0.0018972134932840915,0.13687450363405063,0.001904307816028572,3.1025050338326476,1,False
web_nju_gulou_01,0.25,0.0,hqs_10000,hqs_5000,1,0.0019074975446574894,0.0018972134932840915,0.023477828385214394,0.0013247967667578964,0.5391383806601202,1,False
web_nju_gulou_01,0.25,0.0,hqs_10000,hqs_round1,1,0.001933847025704395,0.0018972134932840915,0.08305912078823141,0.0012954934229850723,1.8943345535285983,1,False
web_nju_gulou_01,0.25,0.0,hqs_5000,hqs_round1,1,0.001933847025704395,0.0019074975446574894,0.05958129240301702,-2.9303343772824064e-05,1.3625421606090038,1,False
web_nju_gulou_01,0.5,0.0,hqs_10000,hqs,1,0.0006637574904175173,0.0006309635638466195,0.22005154240998337,0.0015895901126861123,4.940648812907522,1,False
web_nju_gulou_01,0.5,0.0,hqs_10000,hqs_5000,1,0.0006325352943755245,0.0006309635638466195,0.010804825716867583,0.00025780357551574706,0.2484810796932302,1,False
web_nju_gulou_01,0.5,0.0,hqs_10000,hqs_round1,1,0.0006448872916044428,0.0006309635638466195,0.09479537815249373,0.0006416181573867252,2.159094765719738,1,False
web_nju_gulou_01,0.5,0.0,hqs_5000,hqs_round1,1,0.0006448872916044428,0.0006325352943755245,0.08399055243562614,0.00038381458187097817,1.915373025600664,1,False
web_nju_gulou_02,0.01,0.0,hqs_10000,hqs,1,0.005789887161003378,0.005631200119432503,0.12069138447151673,0.006735572086122077,2.740762249041384,1,False
web_nju_gulou_02,0.01,0.0,hqs_10000,hqs_5000,1,0.005732243948917573,0.005631200119432503,0.07723703119963332,0.004764475476928487,1.7627273086336381,1,False
web_nju_gulou_02,0.01,0.0,hqs_10000,hqs_round1,1,0.005787420351148168,0.005631200119432503,0.11884065722235349,0.006546652923164142,2.699306810929547,1,False
web_nju_gulou_02,0.01,0.0,hqs_5000,hqs_round1,1,0.005787420351148168,0.005732243948917573,0.041603626022720164,0.0017821774462356554,0.9533850814836597,1,False
web_nju_gulou_02,0.04,0.0,hqs_10000,hqs,1,0.0021126747101036483,0.001990384222893116,0.2589571307847649,0.005675489516839383,5.7884200831150645,1,True
web_nju_gulou_02,0.04,0.0,hqs_10000,hqs_5000,1,0.001991968982849867,0.001990384222893116,0.0034565117915512644,0.0011069710025042312,0.07955746150644094,1,False
web_nju_gulou_02,0.04,0.0,hqs_10000,hqs_round1,1,0.0020468113366501365,0.001990384222893116,0.12140893210584025,0.003252550162803458,2.7568302337708683,1,False
web_nju_gulou_02,0.04,0.0,hqs_5000,hqs_round1,1,0.0020468113366501365,0.001991968982849867,0.11795242031428899,0.002145579160299227,2.6794044384191307,1,False
web_nju_gulou_02,0.1,0.0,hqs_10000,hqs,1,0.0009795627790382191,0.0009142862447926467,0.29950088685053444,0.0037258462096452227,6.663843874270525,1,True
web_nju_gulou_02,0.1,0.0,hqs_10000,hqs_5000,1,0.0009136327562321247,0.0009142862447926467,-0.0031052414002310513,0.0006038793803453402,-0.07152639351690748,0,False
web_nju_gulou_02,0.1,0.0,hqs_10000,hqs_round1,1,0.0009344897087345166,0.0009142862447926467,0.09492337015949914,0.001526157108187598,2.1619782168847412,1,False
web_nju_gulou_02,0.1,0.0,hqs_5000,hqs_round1,1,0.0009344897087345166,0.0009136327562321247,0.0980286115597302,0.0009222777278422578,2.2319082069546137,1,False
web_nju_gulou_02,0.1,0.01,hqs_10000,hqs,1,0.0011715193949977541,0.001100582574292644,0.2712853057796873,0.004559985899607377,6.055112788401262,1,True
web_nju_gulou_02,0.1,0.01,hqs_10000,hqs_5000,1,0.001099175178402882,0.001100582574292644,-0.005587214406676348,0.00017104129970076562,-0.1280410909393792,0,False
web_nju_gulou_02,0.1,0.01,hqs_10000,hqs_round1,1,0.0011522120896709609,0.001100582574292644,0.1991092685608334,0.0027969383966128434,4.4809038059183015,1,False
web_nju_gulou_02,0.1,0.01,hqs_5000,hqs_round1,1,0.0011522120896709609,0.001099175178402882,0.20469648296750975,0.0026258970969120776,4.603051100012722,1,False
web_nju_gulou_02,0.1,0.05,hqs_10000,hqs,1,0.004018650584810103,0.0021331605356749695,2.7499149502312634,0.14411981488572426,46.91848692349624,1,True
web_nju_gulou_02,0.1,0.05,hqs_10000,hqs_5000,1,0.002144935534729301,0.0021331605356749695,0.02390612698422956,0.003300390027316117,0.5489675033901409,1,False
web_nju_gulou_02,0.1,0.05,hqs_10000,hqs_round1,1,0.0041986156977852985,0.0021331605356749695,2.9398241613639597,0.1456118592304376,49.193717900874404,1,True
web_nju_gulou_02,0.1,0.05,hqs_5000,hqs_round1,1,0.0041986156977852985,0.002144935534729301,2.91591803437973,0.14231146920312146,48.91326834554734,1,True
web_nju_gulou_02,0.25,0.0,hqs_10000,hqs,1,0.0003210962441325658,0.00029105437866992003,0.4266108837971885,0.0023461352376937805,9.356031411642086,1,True
web_nju_gulou_02,0.25,0.0,hqs_10000,hqs_5000,1,0.00028961076176380437,0.00029105437866992003,-0.021594413178029015,-2.568648481371394e-05,-0.498467977268402,0,False
web_nju_gulou_02,0.25,0.0,hqs_10000,hqs_round1,1,0.0003096586350023708,0.00029105437866992003,0.2690905778874324,0.0013223094341754393,6.007988872103742,1,True
web_nju_gulou_02,0.25,0.0,hqs_5000,hqs_round1,1,0.0003096586350023708,0.00028961076176380437,0.2906849910654614,0.0013479959189891533,6.474185109810671,1,True
web_nju_gulou_02,0.5,0.0,hqs_10000,hqs,1,8.117321783137019e-05,6.545854764672991e-05,0.9344639718563457,0.0012711340727806775,19.359427412728724,1,True
web_nju_gulou_02,0.5,0.0,hqs_10000,hqs_5000,1,6.64474510303549e-05,6.545854764672991e-05,0.06511960540235862,0.00016135088062285696,1.4882487865083616,1,False
web_nju_gulou_02,0.5,0.0,hqs_10000,hqs_round1,1,7.52932281726045e-05,6.545854764672991e-05,0.6078955254929213,0.0007393983106613877,13.061839377280071,1,True
web_nju_gulou_02,0.5,0.0,hqs_5000,hqs_round1,1,7.52932281726045e-05,6.64474510303549e-05,0.5427759200905626,0.0005780474300385308,11.74843655523875,1,True
web_nju_gulou_03,0.01,0.0,hqs_10000,hqs,1,0.006174957988529927,0.0060918174764733575,0.05887124716522152,0.0015037367534344037,1.346414213845737,1,False
web_nju_gulou_03,0.01,0.0,hqs_10000,hqs_5000,1,0.0061310652001387725,0.0060918174764733575,0.027890521160699677,0.002470435388888137,0.6401452665113827,1,False
web_nju_gulou_03,0.01,0.0,hqs_10000,hqs_round1,1,0.006160522431365263,0.0060918174764733575,0.04870660749446287,0.0005198762868832141,1.1152455925183435,1,False
web_nju_gulou_03,0.01,0.0,hqs_5000,hqs_round1,1,0.006160522431365263,0.0061310652001387725,0.020816086333763195,-0.0019505591020049229,0.47816125263198117,1,False
web_nju_gulou_03,0.04,0.0,hqs_10000,hqs,1,0.004393260364298955,0.004386100316304786,0.007083818825947219,-0.001401323697115875,0.16297800267779383,1,False
web_nju_gulou_03,0.04,0.0,hqs_10000,hqs_5000,1,0.004398717285483011,0.004386100316304786,0.012474895002753783,0.0025726197143564056,0.2868329187662333,1,False
web_nju_gulou_03,0.04,0.0,hqs_10000,hqs_round1,1,0.004391995928514224,0.004386100316304786,0.0058336845793895975,-0.0007803527455885195,0.1342353751095704,1,False
web_nju_gulou_03,0.04,0.0,hqs_5000,hqs_round1,1,0.004391995928514224,0.004398717285483011,-0.0066412104233641855,-0.003352972459944925,-0.153036502724202,0,False
web_nju_gulou_03,0.1,0.0,hqs_10000,hqs,1,0.0033061277685535856,0.0032924009849672853,0.018069103547336596,-0.0023836505300403044,0.415192168822498,1,False
web_nju_gulou_03,0.1,0.0,hqs_10000,hqs_5000,1,0.0032980639675619667,0.0032924009849672853,0.007463518021850746,0.0035641481360196847,0.17170626920458565,1,False
web_nju_gulou_03,0.1,0.0,hqs_10000,hqs_round1,1,0.003299620889957982,0.0032924009849672853,0.009513215248968976,-0.0013758103201388927,0.21881013702724772,1,False
web_nju_gulou_03,0.1,0.0,hqs_5000,hqs_round1,1,0.003299620889957982,0.0032980639675619667,0.00204969722711823,-0.004939958456158577,0.047184887232154527,1,False
web_nju_gulou_03,0.1,0.01,hqs_10000,hqs,1,0.003352494587781529,0.0033368981890627507,0.020250210976687555,-0.003166098982642085,0.4652177150597292,1,False
web_nju_gulou_03,0.1,0.01,hqs_10000,hqs_5000,1,0.003342155743416616,0.0033368981890627507,0.006837121108805633,0.004047705055465293,0.15731027389197516,1,False
web_nju_gulou_03,0.1,0.01,hqs_10000,hqs_round1,1,0.0033468253976962486,0.0033368981890627507,0.012898742639280888,-0.0024213664262990506,0.29661567168490777,1,False
web_nju_gulou_03,0.1,0.01,hqs_5000,hqs_round1,1,0.0033468253976962486,0.003342155743416616,0.0060616215304752545,-0.0064690714817643435,0.13952488477131375,1,False
web_nju_gulou_03,0.1,0.05,hqs_10000,hqs,1,0.004299736906555111,0.003950264849625769,0.3681090141054438,0.00256129227167227,8.127754430661982,1,True
web_nju_gulou_03,0.1,0.05,hqs_10000,hqs_5000,1,0.003958642989469934,0.003950264849625769,0.009198045106103336,0.002220739962384588,0.21164171324493664,1,False
web_nju_gulou_03,0.1,0.05,hqs_10000,hqs_round1,1,0.004297319456658572,0.003950264849625769,0.3656639952751668,0.00031892332575692944,8.076071852071687,1,True
web_nju_gulou_03,0.1,0.05,hqs_5000,hqs_round1,1,0.004297319456658572,0.003958642989469934,0.35646595016906346,-0.0019018166366276585,7.8811098547460485,1,True
web_nju_gulou_03,0.25,0.0,hqs_10000,hqs,1,0.0019286410794807601,0.0019107755288388694,0.04041742197524201,0.000554514009475704,0.9263284305185859,1,False
web_nju_gulou_03,0.25,0.0,hqs_10000,hqs_5000,1,0.001913954817297617,0.0019107755288388694,0.007220105090155471,0.001953003970622924,0.1661109462989585,1,False
web_nju_gulou_03,0.25,0.0,hqs_10000,hqs_round1,1,0.0019170621686985909,0.0019107755288388694,0.014265262382082255,0.00042428756999968176,0.32793093319395394,1,False
web_nju_gulou_03,0.25,0.0,hqs_5000,hqs_round1,1,0.0019170621686985909,0.001913954817297617,0.007045157291926785,-0.0015287164006232423,0.16208923485686588,1,False
web_nju_gulou_03,0.5,0.0,hqs_10000,hqs,1,0.0008320437906804691,0.0008183102870884214,0.07228173138814498,0.0004885173530578824,1.6505746146865619,1,False
web_nju_gulou_03,0.5,0.0,hqs_10000,hqs_5000,1,0.0008210338453164411,0.0008183102870884214,0.014430495396936749,0.0006020510044097982,0.3317230152637518,1,False
web_nju_gulou_03,0.5,0.0,hqs_10000,hqs_round1,1,0.0008242222296629392,0.0008183102870884214,0.03126312689266442,5.0428973197957916e-05,0.7172753126223452,1,False
web_nju_gulou_03,0.5,0.0,hqs_5000,hqs_round1,1,0.0008242222296629392,0.0008210338453164411,0.016832631495727668,-0.0005516220312118403,0.38683551980901454,1,False
web_nju_gulou_04,0.01,0.0,hqs_10000,hqs,1,0.016464630075751167,0.01648390017520047,-0.005079983080900519,0.000549594768323225,-0.11703937082490068,0,False
web_nju_gulou_04,0.01,0.0,hqs_10000,hqs_5000,1,0.0165077144582073,0.01648390017520047,0.006269722541031086,0.0015300460127175008,0.14426153945854558,1,False
web_nju_gulou_04,0.01,0.0,hqs_10000,hqs_round1,1,0.016459941434303505,0.01648390017520047,-0.006316901910039974,7.617222593236939e-05,-0.14555787450758473,0,False
web_nju_gulou_04,0.01,0.0,hqs_5000,hqs_round1,1,0.016459941434303505,0.0165077144582073,-0.01258662445107106,-0.0014538737867851315,-0.2902381159402889,0,False
web_nju_gulou_04,0.04,0.0,hqs_10000,hqs,1,0.009102785548733512,0.008889016355974548,0.1032060605673557,0.008013860586011279,2.3483931551996906,1,False
web_nju_gulou_04,0.04,0.0,hqs_10000,hqs_5000,1,0.008910978101230054,0.008889016355974548,0.01071671077216152,0.001269973453544626,0.24645717906628395,1,False
web_nju_gulou_04,0.04,0.0,hqs_10000,hqs_round1,1,0.00900308367753488,0.008889016355974548,0.055375813235748694,0.00493458209909825,1.2669805773877219,1,False
web_nju_gulou_04,0.04,0.0,hqs_5000,hqs_round1,1,0.00900308367753488,0.008910978101230054,0.044659102463587175,0.003664608645553624,1.0230447655912966,1,False
web_nju_gulou_04,0.1,0.0,hqs_10000,hqs,1,0.005291173564911078,0.00520825056809811,0.06860137907645836,0.0025884450471401754,1.5671947970650413,1,False
web_nju_gulou_04,0.1,0.0,hqs_10000,hqs_5000,1,0.0052308739825231015,0.00520825056809811,0.018823876237629378,0.0017883768032491698,0.43249779101118824,1,False
web_nju_gulou_04,0.1,0.0,hqs_10000,hqs_round1,1,0.005271814891844275,0.00520825056809811,0.05268282660039958,0.002334341953843855,1.2057389162980936,1,False
web_nju_gulou_04,0.1,0.0,hqs_5000,hqs_round1,1,0.005271814891844275,0.0052308739825231015,0.0338589503627702,0.000545965150594685,0.7765999027111281,1,False
web_nju_gulou_04,0.1,0.01,hqs_10000,hqs,1,0.005355771048114314,0.0052747849667926575,0.06617288231987455,0.0025064331574092455,1.5121273966737347,1,False
web_nju_gulou_04,0.1,0.01,hqs_10000,hqs_5000,1,0.005295955930868008,0.0052747849667926575,0.017396308333825772,0.00159650612955294,0.3997571798502686,1,False
web_nju_gulou_04,0.1,0.01,hqs_10000,hqs_round1,1,0.0053415207766137375,0.0052747849667926575,0.05460228143174817,0.0021670541806749024,1.2493784562865096,1,False
web_nju_gulou_04,0.1,0.01,hqs_5000,hqs_round1,1,0.0053415207766137375,0.005295955930868008,0.037205973097922396,0.0005705480511219626,0.8530313304260018,1,False
web_nju_gulou_04,0.1,0.05,hqs_10000,hqs,1,0.006579251802909851,0.006245376921721922,0.2261823171398305,0.014305707232201445,5.074663368869137,1,True
web_nju_gulou_04,0.1,0.05,hqs_10000,hqs_5000,1,0.00626697046258167,0.006245376921721922,0.015001709870261948,-0.0005076033721190809,0.34456107602033326,1,False
web_nju_gulou_04,0.1,0.05,hqs_10000,hqs_round1,1,0.0065840166131954855,0.006245376921721922,0.22924129685752823,0.01084443865264014,5.143360221705273,1,True
web_nju_gulou_04,0.1,0.05,hqs_5000,hqs_round1,1,0.0065840166131954855,0.00626697046258167,0.21423958698726628,0.01135204202475922,4.815391109105061,1,False
web_nju_gulou_04,0.25,0.0,hqs_10000,hqs,1,0.0023894661833315837,0.002275531672116343,0.21218003956603937,0.0037957826275826223,4.76819935808358,1,False
web_nju_gulou_04,0.25,0.0,hqs_10000,hqs_5000,1,0.002277306666641076,0.002275531672116343,0.003386328743516742,0.0012823646259307875,0.07794270972520945,1,False
web_nju_gulou_04,0.25,0.0,hqs_10000,hqs_round1,1,0.002302862805787979,0.002275531672116343,0.05185180785515797,0.0011974882693290834,1.186832910885638,1,False
web_nju_gulou_04,0.25,0.0,hqs_5000,hqs_round1,1,0.002302862805787979,0.002277306666641076,0.04846547911164123,-8.487635660170412e-05,1.1097551744146728,1,False
web_nju_gulou_04,0.5,0.0,hqs_10000,hqs,1,0.0007287857536782177,0.0006793348320671702,0.3051599136582759,0.0017383976621627717,6.785385329154181,1,True
web_nju_gulou_04,0.5,0.0,hqs_10000,hqs_5000,1,0.0006825417339305311,0.0006793348320671702,0.02045328324545892,0.00018908822727203844,0.46984700040147986,1,False
web_nju_gulou_04,0.5,0.0,hqs_10000,hqs_round1,1,0.0006964776450053772,0.0006793348320671702,0.10823298256230629,0.00039634595489501656,2.4613586754926753,1,False
web_nju_gulou_04,0.5,0.0,hqs_5000,hqs_round1,1,0.0006964776450053772,0.0006825417339305311,0.08777969931684737,0.00020725772762297812,2.000912904352947,1,False
web_nju_gulou_05,0.01,0.0,hqs_10000,hqs,1,0.0123186083595022,0.012187871291315735,0.04633788838735242,0.0029247434735949485,1.0612973833657002,1,False
web_nju_gulou_05,0.01,0.0,hqs_10000,hqs_5000,1,0.012467699322496162,0.012187871291315735,0.09858460804714397,-0.001274407170604841,2.244423962611275,1,False
web_nju_gulou_05,0.01,0.0,hqs_10000,hqs_round1,1,0.012284955212309002,0.012187871291315735,0.034457182410129406,0.0033314295477597233,0.7902667882418779,1,False
web_nju_gulou_05,0.01,0.0,hqs_5000,hqs_round1,1,0.012284955212309002,0.012467699322496162,-0.06412742563701457,0.004605836718364564,-1.4875439676333313,0,False
web_nju_gulou_05,0.04,0.0,hqs_10000,hqs,1,0.00515904504536242,0.005079006733062977,0.06790531303367331,0.00250994771291313,1.5514172021310557,1,False
web_nju_gulou_05,0.04,0.0,hqs_10000,hqs_5000,1,0.005275275920907433,0.005079006733062977,0.16466391581036532,0.011921441752518969,3.720548285760461,1,False
web_nju_gulou_05,0.04,0.0,hqs_10000,hqs_round1,1,0.005135164765061913,0.005079006733062977,0.04775594216326695,0.0011925834193067253,1.0935974709325391,1,False
web_nju_gulou_05,0.04,0.0,hqs_5000,hqs_round1,1,0.005135164765061913,0.005275275920907433,-0.11690797364709837,-0.010728858333212243,-2.7284646599617046,0,False
web_nju_gulou_05,0.1,0.0,hqs_10000,hqs,1,0.0028041995073255746,0.0025388712238769455,0.4316823543619144,0.01738532342461052,9.461819059431987,1,True
web_nju_gulou_05,0.1,0.0,hqs_10000,hqs_5000,1,0.002564937957654687,0.0025388712238769455,0.04436191350925256,0.002001212950122566,1.0162715125310973,1,False
web_nju_gulou_05,0.1,0.0,hqs_10000,hqs_round1,1,0.002701205192598239,0.0025388712238769455,0.2691690267100739,0.008511925934085562,6.0096866823044826,1,True
web_nju_gulou_05,0.1,0.0,hqs_5000,hqs_round1,1,0.002701205192598239,0.002564937957654687,0.22480711320082136,0.006510712983962996,5.044682844418746,1,True
web_nju_gulou_05,0.1,0.01,hqs_10000,hqs,1,0.0028599037088481312,0.0025925297346255437,0.42626508395832613,0.017704468053057327,9.349055123617312,1,True
web_nju_gulou_05,0.1,0.01,hqs_10000,hqs_5000,1,0.0026199375388334216,0.0025925297346255437,0.04566842415810868,0.001899395850247676,1.0461243369978113,1,False
web_nju_gulou_05,0.1,0.01,hqs_10000,hqs_round1,1,0.0027583952317362915,0.0025925297346255437,0.26932874392374256,0.008636315616184534,6.013115713165684,1,True
web_nju_gulou_05,0.1,0.01,hqs_5000,hqs_round1,1,0.0027583952317362915,0.0026199375388334216,0.22366031976563386,0.006736919765936859,5.019501604043763,1,True
web_nju_gulou_05,0.1,0.05,hqs_10000,hqs,1,0.00381410676033407,0.003356886129242958,0.5545255807481162,0.025412515119628203,11.987620164336066,1,True
web_nju_gulou_05,0.1,0.05,hqs_10000,hqs_5000,1,0.003404583431526765,0.003356886129242958,0.06119422536622565,0.0018138756519661126,1.4009732245691353,1,False
web_nju_gulou_05,0.1,0.05,hqs_10000,hqs_round1,1,0.0037692327963219194,0.003356886129242958,0.503001085273746,0.01936349905685919,10.939803651324919,1,True
web_nju_gulou_05,0.1,0.05,hqs_5000,hqs_round1,1,0.0037692327963219194,0.003404583431526765,0.4418068599075203,0.017549623404893078,9.67436569985769,1,True
web_nju_gulou_05,0.25,0.0,hqs_10000,hqs,1,0.0009767206719281003,0.0008448168656652063,0.6300780409816902,0.00941146934604642,13.504762421226191,1,True
web_nju_gulou_05,0.25,0.0,hqs_10000,hqs_5000,1,0.0008545504905445701,0.0008448168656652063,0.04975152415698503,0.0005928553023337724,1.1390344967400323,1,False
web_nju_gulou_05,0.25,0.0,hqs_10000,hqs_round1,1,0.0009094818460753356,0.0008448168656652063,0.3203145925131885,0.0039490864620208566,7.110090288132365,1,True
web_nju_gulou_05,0.25,0.0,hqs_5000,hqs_round1,1,0.0009094818460753356,0.0008545504905445701,0.2705630683562035,0.003356231159687084,6.039851786795902,1,True
web_nju_gulou_05,0.5,0.0,hqs_10000,hqs,1,0.00018596351352740488,0.0001498726095095122,0.9370547389117263,0.00229112752437588,19.407518890835572,1,True
web_nju_gulou_05,0.5,0.0,hqs_10000,hqs_5000,1,0.00015380861254600834,0.0001498726095095122,0.11258385457928455,0.00028769688510899005,2.559026423386257,1,False
web_nju_gulou_05,0.5,0.0,hqs_10000,hqs_round1,1,0.00016665794900788238,0.0001498726095095122,0.4610376373525824,0.0010421164712905995,10.071730510481858,1,True
web_nju_gulou_05,0.5,0.0,hqs_5000,hqs_round1,1,0.00016665794900788238,0.00015380861254600834,0.34845378277329786,0.0007544195861816094,7.7100051562894905,1,True
web_nju_gulou_06,0.01,0.0,hqs_10000,hqs,1,0.009404507283595223,0.009442394538588248,-0.01746095787834534,-0.0007032985380588941,-0.4028627322040901,0,False
web_nju_gulou_06,0.01,0.0,hqs_10000,hqs_5000,1,0.00943152556983513,0.009442394538588248,-0.005001964242872248,0.0015392448255329705,-0.11524083429175214,0,False
web_nju_gulou_06,0.01,0.0,hqs_10000,hqs_round1,1,0.00945152696697987,0.009442394538588248,0.004198348727719292,0.0004206806905545646,0.09662384103147348,1,False
web_nju_gulou_06,0.01,0.0,hqs_5000,hqs_round1,1,0.00945152696697987,0.00943152556983513,0.00920031297059154,-0.001118564134978406,0.21162080174575992,1,False
web_nju_gulou_06,0.04,0.0,hqs_10000,hqs,1,0.0051715881251300465,0.005138431187378647,0.02793384631034712,0.0010069946264084084,0.6411364739253189,1,False
web_nju_gulou_06,0.04,0.0,hqs_10000,hqs_5000,1,0.00516899194201337,0.005138431187378647,0.025753102062047617,0.0018309533868088312,0.5912323907167671,1,False
web_nju_gulou_06,0.04,0.0,hqs_10000,hqs_round1,1,0.005161858048786764,0.005138431187378647,0.01975512327420148,0.0004939233578981073,0.45384551815839114,1,False
web_nju_gulou_06,0.04,0.0,hqs_5000,hqs_round1,1,0.005161858048786764,0.00516899194201337,-0.005997978787846137,-0.001337030028910724,-0.138203979248952,0,False
web_nju_gulou_06,0.1,0.0,hqs_10000,hqs,1,0.003003791094262469,0.00298980500415329,0.020268608972234148,-0.0021930464618206136,0.4656146073504841,1,False
web_nju_gulou_06,0.1,0.0,hqs_10000,hqs_5000,1,0.002994119913855113,0.00298980500415329,0.006263253045055706,0.0014765048649907353,0.14411278859794985,1,False
web_nju_gulou_06,0.1,0.0,hqs_10000,hqs_round1,1,0.0029799339769808354,0.00298980500415329,-0.014362224386132993,-0.0031189817633628936,-0.33124986153068026,0,False
web_nju_gulou_06,0.1,0.0,hqs_5000,hqs_round1,1,0.0029799339769808354,0.002994119913855113,-0.0206254774311887,-0.004595486628353629,-0.47604869718120835,0,False
web_nju_gulou_06,0.1,0.01,hqs_10000,hqs,1,0.0030537238173803296,0.0030465129895381154,0.010265675368220428,-0.0032620882215698885,0.23613228547957332,1,False
web_nju_gulou_06,0.1,0.01,hqs_10000,hqs_5000,1,0.003049601834583348,0.0030465129895381154,0.004396839191506056,0.0009001407562692817,0.10128683063488353,1,False
web_nju_gulou_06,0.1,0.01,hqs_10000,hqs_round1,1,0.0030366911604429426,0.0030465129895381154,-0.014034811439985381,-0.004040285808940743,-0.3234385249022198,0,False
web_nju_gulou_06,0.1,0.01,hqs_5000,hqs_round1,1,0.0030366911604429426,0.003049601834583348,-0.018431650631491436,-0.004940426565210025,-0.4251559825570794,0,False
web_nju_gulou_06,0.1,0.05,hqs_10000,hqs,1,0.003948893361341293,0.0037512354740457297,0.22296480159234142,0.006683419184808821,5.005399467875893,1,True
web_nju_gulou_06,0.1,0.05,hqs_10000,hqs_5000,1,0.003744079796951932,0.0037512354740457297,-0.008297813761709941,-0.005088194415373226,-0.19111978060999402,0,False
web_nju_gulou_06,0.1,0.05,hqs_10000,hqs_round1,1,0.003966774699972797,0.0037512354740457297,0.24259030508515286,0.005542423870655251,5.433614012122878,1,True
web_nju_gulou_06,0.1,0.05,hqs_5000,hqs_round1,1,0.003966774699972797,0.003744079796951932,0.2508881188468628,0.010630618286028478,5.614004319993072,1,True
web_nju_gulou_06,0.25,0.0,hqs_10000,hqs,1,0.0013687106822168917,0.0013213456619805008,0.1529521351486416,0.0023381650328635484,3.4605575050874915,1,False
web_nju_gulou_06,0.25,0.0,hqs_10000,hqs_5000,1,0.0013214709662416572,0.0013213456619805008,0.00041182538840445204,0.0002983429431915319,0.009482180415409935,1,False
web_nju_gulou_06,0.25,0.0,hqs_10000,hqs_round1,1,0.001329375016011049,0.0013213456619805008,0.02631069235714989,0.00029208599758145937,0.6039946541677388,1,False
web_nju_gulou_06,0.25,0.0,hqs_5000,hqs_round1,1,0.001329375016011049,0.0013214709662416572,0.025898866968745438,-6.256945610072506e-06,0.5945688518435577,1,False
web_nju_gulou_06,0.5,0.0,hqs_10000,hqs,1,0.0004245532045834728,0.000401855348510795,0.2386237037796377,0.001328175506591811,5.34629248528381,1,True
web_nju_gulou_06,0.5,0.0,hqs_10000,hqs_5000,1,0.0004032247142330011,0.000401855348510795,0.014773898346177816,1.042314910881803e-05,0.33960361899217917,1,False
web_nju_gulou_06,0.5,0.0,hqs_10000,hqs_round1,1,0.0004065472528324183,0.000401855348510795,0.050412777829436095,1.9991682052578064e-05,1.1540858507675944,1,False
web_nju_gulou_06,0.5,0.0,hqs_5000,hqs_round1,1,0.0004065472528324183,0.0004032247142330011,0.03563887948325828,9.568532943760033e-06,0.8172576683937782,1,False
web_nju_gulou_07,0.01,0.0,hqs_10000,hqs,1,0.005048188467858753,0.004894843811028291,0.1339672187407146,0.006702295290677562,3.0376175098610125,1,False
web_nju_gulou_07,0.01,0.0,hqs_10000,hqs_5000,1,0.0049569519881551335,0.004894843811028291,0.054758739428034886,0.0021877149364941673,1.252950952021581,1,False
web_nju_gulou_07,0.01,0.0,hqs_10000,hqs_round1,1,0.0049625426572106725,0.004894843811028291,0.05965414401235236,0.003480694195831413,1.364196760787817,1,False
web_nju_gulou_07,0.01,0.0,hqs_5000,hqs_round1,1,0.0049625426572106725,0.0049569519881551335,0.004895404584317475,0.0012929792593372458,0.11265735010691502,1,False
web_nju_gulou_07,0.04,0.0,hqs_10000,hqs,1,0.001971505593056417,0.0019031964431865088,0.15314396088253446,0.003907534848786476,3.464821510549654,1,False
web_nju_gulou_07,0.04,0.0,hqs_10000,hqs_5000,1,0.0019250010459364608,0.0019031964431865088,0.049473524225273735,0.0018233625660646346,1.132706020912555,1,False
web_nju_gulou_07,0.04,0.0,hqs_10000,hqs_round1,1,0.0019738768452699576,0.0019031964431865088,0.15836435151203077,0.004127848098153364,3.5807908812964584,1,False
web_nju_gulou_07,0.04,0.0,hqs_5000,hqs_round1,1,0.0019738768452699576,0.0019250010459364608,0.10889082728675703,0.002304485532088729,2.476132158428168,1,False
web_nju_gulou_07,0.1,0.0,hqs_10000,hqs,1,0.0009736325977949025,0.0009053761887402909,0.3156603747253932,0.0028437710585593745,7.0104892963937075,1,True
web_nju_gulou_07,0.1,0.0,hqs_10000,hqs_5000,1,0.0009142626693355169,0.0009053761887402909,0.042419188304787525,0.0004663339264392441,0.9719833143449486,1,False
web_nju_gulou_07,0.1,0.0,hqs_10000,hqs_round1,1,0.0009283673201363465,0.0009053761887402909,0.10890775834285193,0.0006679322235584317,2.4765123564107094,1,False
web_nju_gulou_07,0.1,0.0,hqs_5000,hqs_round1,1,0.0009283673201363465,0.0009142626693355169,0.06648857003806441,0.00020159829711918764,1.5192963490742062,1,False
web_nju_gulou_07,0.1,0.01,hqs_10000,hqs,1,0.0010510804220265684,0.0009994587848239941,0.2186822405646538,0.0026322187252839266,4.911292810786405,1,False
web_nju_gulou_07,0.1,0.01,hqs_10000,hqs_5000,1,0.0010055536959890415,0.0009994587848239941,0.026418136976876855,8.469138407707355e-05,0.6061248831722099,1,False
web_nju_gulou_07,0.1,0.01,hqs_10000,hqs_round1,1,0.0010257059986727671,0.0009994587848239941,0.1125560263301099,0.000815459512869506,2.5589412446389237,1,False
web_nju_gulou_07,0.1,0.01,hqs_5000,hqs_round1,1,0.0010257059986727671,0.0010055536959890415,0.08613788935323304,0.0007307681287924325,1.96472504887385,1,False
web_nju_gulou_07,0.1,0.05,hqs_10000,hqs,1,0.002207457774694726,0.00172504023019679,1.0709693482616298,0.09285176823735701,21.853987425179643,1,True
web_nju_gulou_07,0.1,0.05,hqs_10000,hqs_5000,1,0.0017366126716014717,0.00172504023019679,0.02895648331779081,0.003140681797583903,0.6663801084677012,1,False
web_nju_gulou_07,0.1,0.05,hqs_10000,hqs_round1,1,0.0022283126278272833,0.00172504023019679,1.1118001131739195,0.08655795861674291,22.58535859580929,1,True
web_nju_gulou_07,0.1,0.05,hqs_5000,hqs_round1,1,0.0022283126278272833,0.0017366126716014717,1.0828436298561286,0.083417276819159,22.066022069140434,1,True
web_nju_gulou_07,0.25,0.0,hqs_10000,hqs,1,0.0003329541504464836,0.00031136327874912333,0.2911704110461386,0.0017962982692718565,6.484638100593565,1,True
web_nju_gulou_07,0.25,0.0,hqs_10000,hqs_5000,1,0.0003143349218431366,0.00031136327874912333,0.041252408915639194,0.00036807440900799016,0.9453747857822159,1,False
web_nju_gulou_07,0.25,0.0,hqs_10000,hqs_round1,1,0.00032325175105448557,0.00031136327874912333,0.16273494267613842,0.0009793122086524386,3.6777750674453102,1,False
web_nju_gulou_07,0.25,0.0,hqs_5000,hqs_round1,1,0.00032325175105448557,0.0003143349218431366,0.12148253376049922,0.0006112377996444485,2.7584782394097562,1,False
web_nju_gulou_07,0.5,0.0,hqs_10000,hqs,1,8.815193906214444e-05,7.904068110767477e-05,0.47381195848150526,0.000991453087329841,10.335856535210775,1,True
web_nju_gulou_07,0.5,0.0,hqs_10000,hqs_5000,1,7.9392045249671e-05,7.904068110767477e-05,0.01926316130420247,0.00010107217121124723,0.4425684473693403,1,False
web_nju_gulou_07,0.5,0.0,hqs_10000,hqs_round1,1,8.280332332724623e-05,7.904068110767477e-05,0.20197093638054753,0.0004615609655380659,4.544071503870883,1,False
web_nju_gulou_07,0.5,0.0,hqs_5000,hqs_round1,1,8.280332332724623e-05,7.9392045249671e-05,0.18270777507634506,0.0003604887943268187,4.119735706855088,1,False
web_nju_gulou_08,0.01,0.0,hqs_10000,hqs,1,0.003424062164063426,0.0033732123501420477,0.06497959005686837,0.0030118250377201283,1.4850727435693933,1,False
web_nju_gulou_08,0.01,0.0,hqs_10000,hqs_5000,1,0.0033989881304069985,0.0033732123501420477,0.03305966273094896,0.0024849166325784378,0.758336871916776,1,False
web_nju_gulou_08,0.01,0.0,hqs_10000,hqs_round1,1,0.003435140991441897,0.0033732123501420477,0.07900885168217897,0.0036003394349168882,1.8027976567522197,1,False
web_nju_gulou_08,0.01,0.0,hqs_5000,hqs_round1,1,0.003435140991441897,0.0033989881304069985,0.04594918895123001,0.0011154228023384505,1.0524418393587753,1,False
web_nju_gulou_08,0.04,0.0,hqs_10000,hqs,1,0.0015521861218521376,0.0015136946873056155,0.1090550941259032,0.004025689218550954,2.47982081559861,1,False
web_nju_gulou_08,0.04,0.0,hqs_10000,hqs_5000,1,0.0015501211608334518,0.0015136946873056155,0.10327358232525796,0.00417588340163233,2.349911377782299,1,False
web_nju_gulou_08,0.04,0.0,hqs_10000,hqs_round1,1,0.0015515834712552573,0.0015136946873056155,0.10736857826717738,0.004166542322814437,2.4419429989795627,1,False
web_nju_gulou_08,0.04,0.0,hqs_5000,hqs_round1,1,0.0015515834712552573,0.0015501211608334518,0.0040949959419194215,-9.3410788178927e-06,0.09424632634313923,1,False
web_nju_gulou_08,0.1,0.0,hqs_10000,hqs,1,0.0008572579121470976,0.0007926156442806598,0.34048862183361095,0.007251900179862991,7.540585738606254,1,True
web_nju_gulou_08,0.1,0.0,hqs_10000,hqs_5000,1,0.0007925962240329494,0.0007926156442806598,-0.00010640983185794539,0.0010124290208817222,-0.0024502069428944395,0,False
web_nju_gulou_08,0.1,0.0,hqs_10000,hqs_round1,1,0.0008140906423893684,0.0007926156442806598,0.11610122762869679,0.0032772192909718,2.637912413005894,1,False
web_nju_gulou_08,0.1,0.0,hqs_5000,hqs_round1,1,0.0008140906423893684,0.0007925962240329494,0.11620763746055474,0.002264790270090078,2.6402979271856752,1,False
web_nju_gulou_08,0.1,0.01,hqs_10000,hqs,1,0.0009639985325717019,0.0009051171808903093,0.27370272562755343,0.0095534483839671,6.108033331162044,1,True
web_nju_gulou_08,0.1,0.01,hqs_10000,hqs_5000,1,0.0009062037575765593,0.0009051171808903093,0.0051677843379103194,0.0005964407451550061,0.11990423535163108,1,False
web_nju_gulou_08,0.1,0.01,hqs_10000,hqs_round1,1,0.0009341897973095427,0.0009051171808903093,0.1372112457957139,0.005119768194238354,3.1120674302975937,1,False
web_nju_gulou_08,0.1,0.01,hqs_5000,hqs_round1,1,0.0009341897973095427,0.0009062037575765593,0.13204346145780357,0.0045233274490833475,2.9957552323503167,1,False
web_nju_gulou_08,0.1,0.05,hqs_10000,hqs,1,0.002117263299646677,0.0015571324279590292,1.33460814733762,0.1525656786211108,26.45541873706123,1,True
web_nju_gulou_08,0.1,0.05,hqs_10000,hqs_5000,1,0.0015586686302464352,0.0015571324279590292,0.004205998905678854,0.0028152643175559655,0.09855861968319779,1,False
web_nju_gulou_08,0.1,0.05,hqs_10000,hqs_round1,1,0.0021368594935916485,0.0015571324279590292,1.3745901942483794,0.14888930487030336,27.12986358584625,1,True
web_nju_gulou_08,0.1,0.05,hqs_5000,hqs_round1,1,0.0021368594935916485,0.0015586686302464352,1.3703841953427005,0.1460740405527474,27.057972930797902,1,True
web_nju_gulou_08,0.25,0.0,hqs_10000,hqs,1,0.00030164410647993517,0.0002457322245643021,0.890327322428135,0.003397804090499945,18.535711692862876,1,True
web_nju_gulou_08,0.25,0.0,hqs_10000,hqs_5000,1,0.0002539707373941317,0.0002457322245643021,0.14321567675069957,0.0007775516300201346,3.243882706472778,1,False
web_nju_gulou_08,0.25,0.0,hqs_10000,hqs_round1,1,0.00028538568989809344,0.0002457322245643021,0.6497008023484199,0.00217087292885787,13.894692949723918,1,True
web_nju_gulou_08,0.25,0.0,hqs_5000,hqs_round1,1,0.00028538568989809344,0.0002539707373941317,0.5064851255977203,0.0013933212988377353,11.007893393386158,1,True
web_nju_gulou_08,0.5,0.0,hqs_10000,hqs,1,6.481825047130108e-05,5.7114521308059216e-05,0.549507634740138,0.000788466074943539,11.885123568172773,1,True
web_nju_gulou_08,0.5,0.0,hqs_10000,hqs_5000,1,5.876303008268883e-05,5.7114521308059216e-05,0.12357640638298761,0.0002233197097778472,2.8053501875412112,1,False
web_nju_gulou_08,0.5,0.0,hqs_10000,hqs_round1,1,6.029500907294748e-05,5.7114521308059216e-05,0.2353482363817463,0.00030459196376797504,5.27487733029508,1,True
web_nju_gulou_08,0.5,0.0,hqs_5000,hqs_round1,1,6.029500907294748e-05,5.876303008268883e-05,0.11177182999875868,8.127225399012783e-05,2.5408056384985334,1,False
web_nju_gulou_09,0.01,0.0,hqs_10000,hqs,1,0.0019691742007347914,0.002023572591765152,-0.11834651283930953,-0.00043311255400824145,-2.762497650541129,0,False
web_nju_gulou_09,0.01,0.0,hqs_10000,hqs_5000,1,0.0019625623754470213,0.002023572591765152,-0.13295319814981355,-0.0015528061368774715,-3.1087020255462727,0,False
web_nju_gulou_09,0.01,0.0,hqs_10000,hqs_round1,1,0.001959419845982745,0.002023572591765152,-0.1399128599767785,-0.0015883181960174575,-3.274068388861884,0,False
web_nju_gulou_09,0.01,0.0,hqs_5000,hqs_round1,1,0.001959419845982745,0.0019625623754470213,-0.006959661826964947,-3.551205913998601e-05,-0.16038060810292798,0,False
web_nju_gulou_09,0.04,0.0,hqs_10000,hqs,1,0.0009148017641983693,0.0009020258199309783,0.061080243432343195,0.0012720128567814681,1.3965806328091634,1,False
web_nju_gulou_09,0.04,0.0,hqs_10000,hqs_5000,1,0.0008928242804521983,0.0009020258199309783,-0.04452976691513655,0.00012679341572519043,-1.0306103541583456,0,False
web_nju_gulou_09,0.04,0.0,hqs_10000,hqs_round1,1,0.0008974336340894727,0.0009020258199309783,-0.022166271053194464,0.0004687462719679125,-0.5117019985733995,0,False
web_nju_gulou_09,0.04,0.0,hqs_5000,hqs_round1,1,0.0008974336340894727,0.0008928242804521983,0.022363495861942084,0.0003419528562427221,0.5136149863550599,1,False
web_nju_gulou_09,0.1,0.0,hqs_10000,hqs,1,0.00047921945592368283,0.0004647854965032876,0.132818741848574,0.0008673902645111031,3.011972749014158,1,False
web_nju_gulou_09,0.1,0.0,hqs_10000,hqs_5000,1,0.000466211488982373,0.0004647854965032876,0.013304041986430093,0.0008681030511855647,0.3058681548577913,1,False
web_nju_gulou_09,0.1,0.0,hqs_10000,hqs_round1,1,0.00047062621500457586,0.0004647854965032876,0.054235471937474244,8.236005878448083e-05,1.241052520041086,1,False
web_nju_gulou_09,0.1,0.0,hqs_5000,hqs_round1,1,0.00047062621500457586,0.000466211488982373,0.04093142995104415,-0.0007857429924010839,0.9380535723365835,1,False
web_nju_gulou_09,0.1,0.01,hqs_10000,hqs,1,0.0005660621273934973,0.0005519344641780745,0.10932908845132279,0.0019185938447316604,2.4957796206002025,1,False
web_nju_gulou_09,0.1,0.01,hqs_10000,hqs_5000,1,0.0005548231489040263,0.0005519344641780745,0.02253359350825927,0.0008217361653645542,0.5206496397380023,1,False
web_nju_gulou_09,0.1,0.01,hqs_10000,hqs_round1,1,0.0005704853981344089,0.0005519344641780745,0.14329633964356722,0.0020173021963437363,3.2517806795755666,1,False
web_nju_gulou_09,0.1,0.01,hqs_5000,hqs_round1,1,0.0005704853981344089,0.0005548231489040263,0.12076274613530795,0.001195566030979182,2.7454250856553064,1,False
web_nju_gulou_09,0.1,0.05,hqs_10000,hqs,1,0.0017980880819921012,0.001068054517032761,2.2625691226438582,0.14441036838494772,40.60054522749166,1,True
web_nju_gulou_09,0.1,0.05,hqs_10000,hqs_5000,1,0.0010683684440744856,0.001068054517032761,0.0013562642781070149,0.002464030035550402,0.029383780798264425,1,False
web_nju_gulou_09,0.1,0.05,hqs_10000,hqs_round1,1,0.001830376943721198,0.001068054517032761,2.339719328755104,0.1409176670433507,41.648384465476184,1,True
web_nju_gulou_09,0.1,0.05,hqs_5000,hqs_round1,1,0.001830376943721198,0.0010683684440744856,2.3383630644769973,0.1384536370078003,41.631233515077604,1,True
web_nju_gulou_09,0.25,0.0,hqs_10000,hqs,1,0.00020397394035226655,0.00019608544810431898,0.17129320644652068,0.0010226973514557702,3.8674019996495668,1,False
web_nju_gulou_09,0.25,0.0,hqs_10000,hqs_5000,1,0.00019756670099896204,0.00019608544810431898,0.032683829929716524,0.0004337842097282829,0.7497482557300206,1,False
web_nju_gulou_09,0.25,0.0,hqs_10000,hqs_round1,1,0.0001994669732800785,0.00019608544810431898,0.07425632722788578,0.0002147910876274528,1.6952807375341328,1,False
web_nju_gulou_09,0.25,0.0,hqs_5000,hqs_round1,1,0.0001994669732800785,0.00019756670099896204,0.04157249729816925,-0.0002189931221008301,0.9526751471022776,1,False
web_nju_gulou_09,0.5,0.0,hqs_10000,hqs,1,6.739342824861074e-05,6.091104950874789e-05,0.4392146659810692,0.0018345051174164517,9.618710471219394,1,True
web_nju_gulou_09,0.5,0.0,hqs_10000,hqs_5000,1,6.180303836143624e-05,6.091104950874789e-05,0.06313743861395693,0.00023635562992097015,1.4432767002033442,1,False
web_nju_gulou_09,0.5,0.0,hqs_10000,hqs_round1,1,6.469632396756503e-05,6.091104950874789e-05,0.2618352230163197,0.0012084395370484113,5.850833906289421,1,True
web_nju_gulou_09,0.5,0.0,hqs_5000,hqs_round1,1,6.469632396756503e-05,6.180303836143624e-05,0.19869778440236274,0.0009720839071274412,4.47210201244096,1,False
web_nju_xianlin_01,0.01,0.0,hqs_10000,hqs,1,0.005359021230425951,0.00506638869096987,0.24386971956218417,0.01142496701772816,5.460559435641987,1,True
web_nju_xianlin_01,0.01,0.0,hqs_10000,hqs_5000,1,0.005296044352959882,0.00506638869096987,0.1925310794525643,0.012156632172453274,4.336362135291816,1,False
web_nju_xianlin_01,0.01,0.0,hqs_10000,hqs_round1,1,0.005322974371211477,0.00506638869096987,0.21455869556472962,0.010029606712503802,4.820344084865658,1,False
web_nju_xianlin_01,0.01,0.0,hqs_5000,hqs_round1,1,0.005322974371211477,0.005296044352959882,0.022027616112165305,-0.002127025459949472,0.5059204943243967,1,False
web_nju_xianlin_01,0.04,0.0,hqs_10000,hqs,1,0.002142314117703131,0.00208542875408199,0.11687792436589461,0.002237457425684486,2.655323192386483,1,False
web_nju_xianlin_01,0.04,0.0,hqs_10000,hqs_5000,1,0.00210464974309566,0.00208542875408199,0.03984473333512639,0.001399200345685525,0.9132630774657424,1,False
web_nju_xianlin_01,0.04,0.0,hqs_10000,hqs_round1,1,0.0021279302573443903,0.00208542875408199,0.08762032569265443,0.0003210991240022443,1.9973165528197945,1,False
web_nju_xianlin_01,0.04,0.0,hqs_5000,hqs_round1,1,0.0021279302573443903,0.00210464974309566,0.04777559235752804,-0.0010781012216832808,1.0940449842460342,1,False
web_nju_xianlin_01,0.1,0.0,hqs_10000,hqs,1,0.001066490682804037,0.0009491241245302523,0.5063405337567701,0.008842868626833034,11.004930485206154,1,True
web_nju_xianlin_01,0.1,0.0,hqs_10000,hqs_5000,1,0.0009533299282293053,0.0009491241245302523,0.019202149050329353,0.0006503992023468852,0.44116979594512884,1,False
web_nju_xianlin_01,0.1,0.0,hqs_10000,hqs_round1,1,0.0009904055500813992,0.0009491241245302523,0.18490053108791216,0.0020860834050179244,4.168133503265825,1,False
web_nju_xianlin_01,0.1,0.0,hqs_5000,hqs_round1,1,0.0009904055500813992,0.0009533299282293053,0.1656983820375828,0.0014356842026710392,3.743478805126521,1,False
web_nju_xianlin_01,0.1,0.01,hqs_10000,hqs,1,0.001156667182771234,0.0010662730909252328,0.3534156116631119,0.008111719203352926,7.815047681168574,1,True
web_nju_xianlin_01,0.1,0.01,hqs_10000,hqs_5000,1,0.0010758190735812394,0.0010662730909252328,0.03872617655722976,0.0010928697684009874,0.8873223100822614,1,False
web_nju_xianlin_01,0.1,0.01,hqs_10000,hqs_round1,1,0.001091682058001079,0.0010662730909252328,0.10231915330750378,0.0009638311488230725,2.3275061534281605,1,False
web_nju_xianlin_01,0.1,0.01,hqs_5000,hqs_round1,1,0.001091682058001079,0.0010758190735812394,0.06359297675027402,-0.00012903861957791474,1.453077322612184,1,False
web_nju_xianlin_01,0.1,0.05,hqs_10000,hqs,1,0.0025698921530353824,0.0019228563693811137,1.2598636301371506,0.10008417655247319,25.177546181851785,1,True
web_nju_xianlin_01,0.1,0.05,hqs_10000,hqs_5000,1,0.0019296327703794908,0.0019228563693811137,0.01520093108893524,0.0007577397142357242,0.3511756797664911,1,False
web_nju_xianlin_01,0.1,0.05,hqs_10000,hqs_round1,1,0.002582475648235332,0.0019228563693811137,1.2810641765720956,0.09749694549938655,25.54212967332149,1,True
web_nju_xianlin_01,0.1,0.05,hqs_5000,hqs_round1,1,0.002582475648235332,0.0019296327703794908,1.2658632454831604,0.09673920578515083,25.279730258132137,1,True
web_nju_xianlin_01,0.25,0.0,hqs_10000,hqs,1,0.0003210042413476572,0.0002912505561678009,0.4224400730840898,0.002782054162979164,9.268938333943122,1,True
web_nju_xianlin_01,0.25,0.0,hqs_10000,hqs_5000,1,0.0002944793366691107,0.0002912505561678009,0.047880628102689116,0.0005770492906570501,1.0964370328427564,1,False
web_nju_xianlin_01,0.25,0.0,hqs_10000,hqs_round1,1,0.00030177684231456,0.0002912505561678009,0.1541914656582719,0.0009770374488831113,3.4881026874112986,1,False
web_nju_xianlin_01,0.25,0.0,hqs_5000,hqs_round1,1,0.00030177684231456,0.0002944793366691107,0.1063108375555828,0.00039998815822606115,2.418179469795989,1,False
web_nju_xianlin_01,0.5,0.0,hqs_10000,hqs,1,8.293414917668392e-05,7.399623352472185e-05,0.4952377926908724,0.001049167494773906,10.777123465655425,1,True
web_nju_xianlin_01,0.5,0.0,hqs_10000,hqs_5000,1,7.453242799574533e-05,7.399623352472185e-05,0.031356548859754696,0.0001705412664413375,0.7194109804850135,1,False
web_nju_xianlin_01,0.5,0.0,hqs_10000,hqs_round1,1,7.746662738651139e-05,7.399623352472185e-05,0.1990503447448333,0.0004766365013122442,4.479856654239489,1,False
web_nju_xianlin_01,0.5,0.0,hqs_5000,hqs_round1,1,7.746662738651139e-05,7.453242799574533e-05,0.1676937958850786,0.00030609523487090673,3.787694765806948,1,False
web_nju_xianlin_02,0.01,0.0,hqs_10000,hqs,1,0.0036758240658732047,0.0035063668810564387,0.20497361200323994,0.004982699450185923,4.610046122447131,1,False
web_nju_xianlin_02,0.01,0.0,hqs_10000,hqs_5000,1,0.0034800786006842937,0.0035063668810564387,-0.032683026056147924,-0.0036599817004870916,-0.755393293903639,0,False
web_nju_xianlin_02,0.01,0.0,hqs_10000,hqs_round1,1,0.003616406925961405,0.0035063668810564387,0.13419936719346737,0.002005318862693617,3.0428004137203923,1,False
web_nju_xianlin_02,0.01,0.0,hqs_5000,hqs_round1,1,0.003616406925961405,0.0034800786006842937,0.1668823932496153,0.0056653005631807085,3.7697175143217354,1,False
web_nju_xianlin_02,0.04,0.0,hqs_10000,hqs,1,0.0008659591796804124,0.0008926433911986947,-0.13180573619209568,0.0015293017581440305,-3.0814629770574475,0,False
web_nju_xianlin_02,0.04,0.0,hqs_10000,hqs_5000,1,0.0008691188046438088,0.0008926433911986947,-0.1159884736171719,0.001187380960315454,-2.7067170137374807,0,False
web_nju_xianlin_02,0.04,0.0,hqs_10000,hqs_round1,1,0.0008859357325525366,0.0008926433911986947,-0.03275775487155386,0.0014266256272690292,-0.7571270013945863,0,False
web_nju_xianlin_02,0.04,0.0,hqs_5000,hqs_round1,1,0.0008859357325525366,0.0008691188046438088,0.08323071874561805,0.00023924466695357527,1.8982108171972212,1,False
web_nju_xianlin_02,0.1,0.0,hqs_10000,hqs,1,0.0004430936657754531,0.00040997560535332793,0.33737525836195204,0.002668082654952997,7.474279814893226,1,True
web_nju_xianlin_02,0.1,0.0,hqs_10000,hqs_5000,1,0.00040396644406215815,0.00040997560535332793,-0.06412724365955569,-7.279905128476649e-05,-1.4875397151168146,0,False
web_nju_xianlin_02,0.1,0.0,hqs_10000,hqs_round1,1,0.00043514084384995794,0.00040997560535332793,0.2587183380986815,0.001713498124122692,5.783239806674478,1,True
web_nju_xianlin_02,0.1,0.0,hqs_5000,hqs_round1,1,0.00043514084384995794,0.00040396644406215815,0.3228455817582372,0.0017862971754074586,7.164209066650873,1,True
web_nju_xianlin_02,0.1,0.01,hqs_10000,hqs,1,0.0005480689361126563,0.0004976435747238063,0.41863502547703274,0.009889528613090484,9.200550891737647,1,True
web_nju_xianlin_02,0.1,0.01,hqs_10000,hqs_5000,1,0.0004916455030913761,0.0004976435747238063,-0.05275254754485322,-4.930757045736496e-06,-1.2199992870300491,0,False
web_nju_xianlin_02,0.1,0.01,hqs_10000,hqs_round1,1,0.0005412263198475224,0.0004976435747238063,0.36438136185052866,0.0072543295300801685,8.052591591627422,1,True
web_nju_xianlin_02,0.1,0.01,hqs_5000,hqs_round1,1,0.0005412263198475224,0.0004916455030913761,0.41713390939538186,0.0072592602871259055,9.160828832218371,1,True
web_nju_xianlin_02,0.1,0.05,hqs_10000,hqs,1,0.0018912041854566315,0.0009622349394959204,2.9343555712330023,0.2245991918442731,49.12051554795028,1,True
web_nju_xianlin_02,0.1,0.05,hqs_10000,hqs_5000,1,0.0009641448511595879,0.0009622349394959204,0.008594073784160846,0.0017040223249685054,0.19809385087421472,1,False
web_nju_xianlin_02,0.1,0.05,hqs_10000,hqs_round1,1,0.001903954574954821,0.0009622349394959204,2.9635953712768823,0.21663754184289793,49.4612449186844,1,True
web_nju_xianlin_02,0.1,0.05,hqs_5000,hqs_round1,1,0.001903954574954821,0.0009641448511595879,2.9550012974927213,0.2149335195179294,49.360932038913475,1,True
web_nju_xianlin_02,0.25,0.0,hqs_10000,hqs,1,0.0001537877340872711,0.0001358616313596409,0.5382487299446339,0.0019027695789336496,11.65639303681888,1,True
web_nju_xianlin_02,0.25,0.0,hqs_10000,hqs_5000,1,0.00013723110778209507,0.0001358616313596409,0.04355744065452427,0.0001274610033035195,0.9979343930012763,1,False
web_nju_xianlin_02,0.25,0.0,hqs_10000,hqs_round1,1,0.00014443128013683808,0.0001358616313596409,0.2656443546372458,0.0012515487108230028,5.933374521833546,1,True
web_nju_xianlin_02,0.25,0.0,hqs_5000,hqs_round1,1,0.00014443128013683808,0.00013723110778209507,0.2220869139827215,0.0011240877075194833,4.985189044867133,1,False
web_nju_xianlin_02,0.5,0.0,hqs_10000,hqs,1,4.221461620196768e-05,3.576201338106868e-05,0.7204088385413172,0.0014725946617126784,15.28523388683144,1,True
web_nju_xianlin_02,0.5,0.0,hqs_10000,hqs_5000,1,3.7029099406327646e-05,3.576201338106868e-05,0.15121188251698925,0.0001631635875701809,3.4218656288530824,1,False
web_nju_xianlin_02,0.5,0.0,hqs_10000,hqs_round1,1,3.8181378149594855e-05,3.576201338106868e-05,0.2842963877225202,0.0003936206636429018,6.336504562635447,1,True
web_nju_xianlin_02,0.5,0.0,hqs_5000,hqs_round1,1,3.8181378149594855e-05,3.7029099406327646e-05,0.13308450520553095,0.00023045707607272092,3.017907679373366,1,False
web_nju_xianlin_03,0.01,0.0,hqs_10000,hqs,1,0.005192601030510336,0.005054974814769689,0.1166595903415093,0.005051433319854803,2.6504292344432523,1,False
web_nju_xianlin_03,0.01,0.0,hqs_10000,hqs_5000,1,0.005030808304666137,0.005054974814769689,-0.02081226999679231,-0.00031813380855783,-0.4803703230181977,0,False
web_nju_xianlin_03,0.01,0.0,hqs_10000,hqs_round1,1,0.0052356440191656094,0.005054974814769689,0.15251114259494258,0.007030203255587897,3.450754171493764,1,False
web_nju_xianlin_03,0.01,0.0,hqs_5000,hqs_round1,1,0.0052356440191656094,0.005030808304666137,0.1733234125917349,0.007348337064145727,3.9123308183224514,1,False
web_nju_xianlin_03,0.04,0.0,hqs_10000,hqs,1,0.002967718865628615,0.002898359730547076,0.10270470459036929,0.005796819177848245,2.337119458478343,1,False
web_nju_xianlin_03,0.04,0.0,hqs_10000,hqs_5000,1,0.0029473231044771196,0.002898359730547076,0.07275461574170095,0.00570714387528326,1.6612828724365536,1,False
web_nju_xianlin_03,0.04,0.0,hqs_10000,hqs_round1,1,0.0029661354173075942,0.002898359730547076,0.10038687590185802,0.005062023963050888,2.2849828893530155,1,False
web_nju_xianlin_03,0.04,0.0,hqs_5000,hqs_round1,1,0.0029661354173075942,0.0029473231044771196,0.027632260160157074,-0.0006451199122323725,0.6342364789113653,1,False
web_nju_xianlin_03,0.1,0.0,hqs_10000,hqs,1,0.0015187363121672824,0.00143400557019818,0.24931538525134656,0.005408103222817151,5.579029176446637,1,True
web_nju_xianlin_03,0.1,0.0,hqs_10000,hqs_5000,1,0.0014577530270370928,0.00143400557019818,0.07133113617888043,0.0029790331253111146,1.6290452771125397,1,False
web_nju_xianlin_03,0.1,0.0,hqs_10000,hqs_round1,1,0.0014769605739210813,0.00143400557019818,0.12818064089853465,0.00272255997997517,2.908337871799982,1,False
web_nju_xianlin_03,0.1,0.0,hqs_5000,hqs_round1,1,0.0014769605739210813,0.0014577530270370928,0.05684950471965422,-0.0002564731453359448,1.3004779696316193,1,False
web_nju_xianlin_03,0.1,0.01,hqs_10000,hqs,1,0.0016355267776962945,0.0015677643105153714,0.1837642530862785,0.004181933116291965,4.143158528799473,1,False
web_nju_xianlin_03,0.1,0.01,hqs_10000,hqs_5000,1,0.0016005337141762972,0.0015677643105153714,0.08985325150409551,0.0035147191244761324,2.047404773212813,1,False
web_nju_xianlin_03,0.1,0.01,hqs_10000,hqs_round1,1,0.0016329558458274376,0.0015677643105153714,0.1769318732677855,0.0033670554515321896,3.992241154507936,1,False
web_nju_xianlin_03,0.1,0.01,hqs_5000,hqs_round1,1,0.0016329558458274376,0.0016005337141762972,0.08707862176369001,-0.0001476636729439429,1.9854873439466236,1,False
web_nju_xianlin_03,0.1,0.05,hqs_10000,hqs,1,0.003246145583447465,0.002609050378356735,0.9486739568823618,0.08021007211565934,19.626205563279864,1,True
web_nju_xianlin_03,0.1,0.05,hqs_10000,hqs_5000,1,0.0026364404025157203,0.002609050378356735,0.045236591671855564,0.006381352309828022,1.038901699915129,1,False
web_nju_xianlin_03,0.1,0.05,hqs_10000,hqs_round1,1,0.003293196533927288,0.002609050378356735,1.0110820410878436,0.07964142055596901,20.774531629749937,1,True
web_nju_xianlin_03,0.1,0.05,hqs_5000,hqs_round1,1,0.003293196533927288,0.0026364404025157203,0.9658454494159882,0.073260068246141,19.942816186204226,1,True
web_nju_xianlin_03,0.25,0.0,hqs_10000,hqs,1,0.0005181405407725767,0.00047772361889393333,0.35270860487860745,0.0029043818247317388,7.800378217535242,1,True
web_nju_xianlin_03,0.25,0.0,hqs_10000,hqs_5000,1,0.0004827099661949658,0.00047772361889393333,0.04509551953681523,0.0005336692156791001,1.032990335861117,1,False
web_nju_xianlin_03,0.25,0.0,hqs_10000,hqs_round1,1,0.0004979972975729777,0.00047772361889393333,0.18050272478232188,0.0014757686474322629,4.07104190682348,1,False
web_nju_xianlin_03,0.25,0.0,hqs_5000,hqs_round1,1,0.0004979972975729777,0.0004827099661949658,0.13540720524550665,0.0009420994317531628,3.0697619148769895,1,False
web_nju_xianlin_03,0.5,0.0,hqs_10000,hqs,1,0.00013828169115789903,0.0001250516265175634,0.4367533736791813,0.0009405671291351503,9.567473849613739,1,True
web_nju_xianlin_03,0.5,0.0,hqs_10000,hqs_5000,1,0.00012600681065114881,0.0001250516265175634,0.03304674439157651,3.971675872804781e-05,0.7580416714377813,1,False
web_nju_xianlin_03,0.5,0.0,hqs_10000,hqs_round1,1,0.0001308915414415983,0.0001250516265175634,0.19822237325738,0.0002841782341003185,4.461644243559137,1,False
web_nju_xianlin_03,0.5,0.0,hqs_5000,hqs_round1,1,0.0001308915414415983,0.00012600681065114881,0.1651756288658035,0.0002444614753722707,3.731891867610837,1,False
web_nju_xianlin_04,0.01,0.0,hqs_10000,hqs,1,0.006666057185134729,0.006291686120422005,0.25101986546723154,0.01306976302523033,5.616079405192764,1,True
web_nju_xianlin_04,0.01,0.0,hqs_10000,hqs_5000,1,0.0066146500539631965,0.006291686120422005,0.2173982450197478,0.010521549100476646,4.882555099762021,1,False
web_nju_xianlin_04,0.01,0.0,hqs_10000,hqs_round1,1,0.006733391583031886,0.006291686120422005,0.29466823355888394,0.015549483581877022,6.5599253684128005,1,True
web_nju_xianlin_04,0.01,0.0,hqs_5000,hqs_round1,1,0.006733391583031886,0.0066146500539631965,0.07726998853913614,0.005027934481400376,1.763472799768806,1,False
web_nju_xianlin_04,0.04,0.0,hqs_10000,hqs,1,0.002876692541198334,0.0029403707681646477,-0.09508649246810208,-0.00467703320306867,-2.2135916874796546,0,False
web_nju_xianlin_04,0.04,0.0,hqs_10000,hqs_5000,1,0.0029449468625594093,0.0029403707681646477,0.006753664184387276,-0.0004910869543033325,0.15538801235905897,1,False
web_nju_xianlin_04,0.04,0.0,hqs_10000,hqs_round1,1,0.0028484408061452775,0.0029403707681646477,-0.13794897788957172,-0.007288177741034962,-3.227378354538346,0,False
web_nju_xianlin_04,0.04,0.0,hqs_5000,hqs_round1,1,0.0028484408061452775,0.0029449468625594093,-0.144702642073959,-0.00679709078673163,-3.3880309608655956,0,False
web_nju_xianlin_04,0.1,0.0,hqs_10000,hqs,1,0.0014171473511649108,0.0013449620013349186,0.22704994799676825,0.004415165548443789,5.093708129267938,1,True
web_nju_xianlin_04,0.1,0.0,hqs_10000,hqs_5000,1,0.0013372118529022482,0.0013449620013349186,-0.02509797088935173,-0.0008327095766067494,-0.5795752120989484,0,False
web_nju_xianlin_04,0.1,0.0,hqs_10000,hqs_round1,1,0.0013620604903481683,0.0013449620013349186,0.05486380852781281,0.0008319240454435217,1.2553399158417022,1,False
web_nju_xianlin_04,0.1,0.0,hqs_5000,hqs_round1,1,0.0013620604903481683,0.0013372118529022482,0.07996177941716454,0.001664633622050271,1.8243416956884473,1,False
web_nju_xianlin_04,0.1,0.01,hqs_10000,hqs,1,0.0014891165823865612,0.0014277049455196941,0.18280308305516021,0.0035767810899417127,4.124031495804347,1,False
web_nju_xianlin_04,0.1,0.01,hqs_10000,hqs_5000,1,0.0014151922713841745,0.0014277049455196941,-0.03821970116133263,-0.001308496189594277,-0.8841677833133721,0,False
web_nju_xianlin_04,0.1,0.01,hqs_10000,hqs_round1,1,0.0014486098394273365,0.0014277049455196941,0.06314282123039305,0.0006174636022647043,1.4431003668942677,1,False
web_nju_xianlin_04,0.1,0.01,hqs_5000,hqs_round1,1,0.0014486098394273365,0.0014151922713841745,0.10136252239172568,0.0019259597918589815,2.306871535290178,1,False
web_nju_xianlin_04,0.1,0.05,hqs_10000,hqs,1,0.0027367773336357364,0.0022465407615742602,0.8572544249829678,0.04705722910967373,17.91291407000254,1,True
web_nju_xianlin_04,0.1,0.05,hqs_10000,hqs_5000,1,0.002241983993019367,0.0022465407615742602,-0.008800897433103453,-0.0017826567549544075,-0.2032471493588206,0,False
web_nju_xianlin_04,0.1,0.05,hqs_10000,hqs_round1,1,0.0027367058690971236,0.0022465407615742602,0.8570724634931727,0.043604271475510346,17.91077050178489,1,True
web_nju_xianlin_04,0.1,0.05,hqs_5000,hqs_round1,1,0.0027367058690971236,0.002241983993019367,0.8658733609262761,0.04538692823046475,18.07727610278308,1,True
web_nju_xianlin_04,0.25,0.0,hqs_10000,hqs,1,0.0005448657612019032,0.0005188134460358381,0.21278295023440563,0.0010373364243507766,4.781419024861666,1,False
web_nju_xianlin_04,0.25,0.0,hqs_10000,hqs_5000,1,0.0005230204539559243,0.0005188134460358381,0.03507450191379746,0.0004537373409271295,0.8043677619615219,1,False
web_nju_xianlin_04,0.25,0.0,hqs_10000,hqs_round1,1,0.000532085017679933,0.0005188134460358381,0.10969807214603833,0.0007990168733597036,2.4942577225653517,1,False
web_nju_xianlin_04,0.25,0.0,hqs_5000,hqs_round1,1,0.000532085017679933,0.0005230204539559243,0.07462357023224087,0.00034527953243257414,1.7035931144111505,1,False
web_nju_xianlin_04,0.5,0.0,hqs_10000,hqs,1,0.0001643793321172841,0.00015481773727122052,0.2602649578778298,0.0007762946348189859,5.8167865283948235,1,True
web_nju_xianlin_04,0.5,0.0,hqs_10000,hqs_5000,1,0.00015597792516210173,0.00015481773727122052,0.03242423240393322,7.06213960647295e-05,0.7438154403422548,1,False
web_nju_xianlin_04,0.5,0.0,hqs_10000,hqs_round1,1,0.00016046302214322336,0.00015481773727122052,0.15554251635150962,0.0003964243345260243,3.5181219925946916,1,False
web_nju_xianlin_04,0.5,0.0,hqs_5000,hqs_round1,1,0.00016046302214322336,0.00015597792516210173,0.1231182839475764,0.0003258029384612948,2.7950969146763316,1,False
web_nju_xianlin_05,0.01,0.0,hqs_10000,hqs,1,0.0048925624168739594,0.004828963196410122,0.05682479408701724,0.001318546842071333,1.299916384193489,1,False
web_nju_xianlin_05,0.01,0.0,hqs_10000,hqs_5000,1,0.00481064960187036,0.004828963196410122,-0.01650170559305053,-0.0015895176684593837,-0.38068859832653956,0,False
web_nju_xianlin_05,0.01,0.0,hqs_10000,hqs_round1,1,0.0048660367312498174,0.004828963196410122,0.03321487407206192,0.0007691999371022273,0.7618835797438273,1,False
web_nju_xianlin_05,0.01,0.0,hqs_5000,hqs_round1,1,0.0048660367312498174,0.00481064960187036,0.04971657966511245,0.002358717605561611,1.1382390318543933,1,False
web_nju_xianlin_05,0.04,0.0,hqs_10000,hqs,1,0.002158645072557968,0.0019606330430428903,0.41784923259903906,0.01130880611619578,9.17297762528585,1,True
web_nju_xianlin_05,0.04,0.0,hqs_10000,hqs_5000,1,0.002000154836395757,0.0019606330430428903,0.08667299020711994,0.0019192002517669504,1.975936694185354,1,False
web_nju_xianlin_05,0.04,0.0,hqs_10000,hqs_round1,1,0.0021194381482787287,0.0019606330430428903,0.3382442940298702,0.009772031996541197,7.492792623592703,1,True
web_nju_xianlin_05,0.04,0.0,hqs_5000,hqs_round1,1,0.0021194381482787287,0.002000154836395757,0.2515713038227503,0.007852831744774247,5.628062889207019,1,True
web_nju_xianlin_05,0.1,0.0,hqs_10000,hqs,1,0.001054693509605974,0.0009613339143341702,0.4025200964652491,0.005555945581972588,8.85182229922722,1,True
web_nju_xianlin_05,0.1,0.0,hqs_10000,hqs_5000,1,0.0009705920572776588,0.0009613339143341702,0.04162469195487617,0.0006968867362737718,0.953865516832686,1,False
web_nju_xianlin_05,0.1,0.0,hqs_10000,hqs_round1,1,0.000986430237939151,0.0009613339143341702,0.11192112811547972,0.0009134889478087382,2.5441559514043255,1,False
web_nju_xianlin_05,0.1,0.0,hqs_5000,hqs_round1,1,0.000986430237939151,0.0009705920572776588,0.07029643616060355,0.0002166022115349664,1.6056057541972035,1,False
web_nju_xianlin_05,0.1,0.01,hqs_10000,hqs,1,0.0011899373114097414,0.001117868558911323,0.27141133033961634,0.005147358457860851,6.056516743141471,1,True
web_nju_xianlin_05,0.1,0.01,hqs_10000,hqs_5000,1,0.0011278530921875788,0.001117868558911323,0.0387472940551703,0.0013059076151872666,0.8852689543892511,1,False
web_nju_xianlin_05,0.1,0.01,hqs_10000,hqs_round1,1,0.0011535411252156312,0.001117868558911323,0.13660760398228078,0.0011642796818589114,3.0924399247265644,1,False
web_nju_xianlin_05,0.1,0.01,hqs_5000,hqs_round1,1,0.0011535411252156312,0.0011278530921875788,0.09786030992711048,-0.00014162793332835508,2.2268848909266614,1,False
web_nju_xianlin_05,0.1,0.05,hqs_10000,hqs,1,0.0030199530067732323,0.0020350134682320126,1.71438443922433,0.1317508809681502,32.61439950662049,1,True
web_nju_xianlin_05,0.1,0.05,hqs_10000,hqs_5000,1,0.0020484458907914,0.0020350134682320126,0.02853750339390852,0.0031354244913545473,0.6557372405964768,1,False
web_nju_xianlin_05,0.1,0.05,hqs_10000,hqs_round1,1,0.00307774414161773,0.0020350134682320126,1.79663305130752,0.12887533478197824,33.879706220077,1,True
web_nju_xianlin_05,0.1,0.05,hqs_5000,hqs_round1,1,0.00307774414161773,0.0020484458907914,1.7680955479136113,0.1257399102906237,33.44326894844832,1,True
web_nju_xianlin_05,0.25,0.0,hqs_10000,hqs,1,0.0003726185949745057,0.00031408016513871336,0.7422401331693393,0.006131262559413875,15.710013033514203,1,True
web_nju_xianlin_05,0.25,0.0,hqs_10000,hqs_5000,1,0.00032977802300474294,0.00031408016513871336,0.21181199512847826,0.00198909607648845,4.760128562540322,1,False
web_nju_xianlin_05,0.25,0.0,hqs_10000,hqs_round1,1,0.0003387862401221706,0.00031408016513871336,0.32885252449123215,0.0024396300015449013,7.292526099804975,1,True
web_nju_xianlin_05,0.25,0.0,hqs_5000,hqs_round1,1,0.0003387862401221706,0.00032977802300474294,0.11704052936275389,0.00045053392505645107,2.65896782412981,1,False
web_nju_xianlin_05,0.5,0.0,hqs_10000,hqs,1,8.701042749531562e-05,6.875867762492577e-05,1.0224378672309626,0.0021632361326217042,20.976508673483373,1,True
web_nju_xianlin_05,0.5,0.0,hqs_10000,hqs_5000,1,7.430402640295306e-05,6.875867762492577e-05,0.33684832351138994,0.0010371715936660086,7.463052874086118,1,True
web_nju_xianlin_05,0.5,0.0,hqs_10000,hqs_round1,1,7.791876115949571e-05,6.875867762492577e-05,0.5431452332892306,0.0010890608129501267,11.755940929065488,1,True
web_nju_xianlin_05,0.5,0.0,hqs_5000,hqs_round1,1,7.791876115949571e-05,7.430402640295306e-05,0.20629690977784065,5.188921928411805e-05,4.639107068377879,1,False
web_nju_xianlin_06,0.01,0.0,hqs_10000,hqs,1,0.005085356373228207,0.005095292507815703,-0.008477278498371987,-0.0015822907150049303,-0.19538718347851258,0,False
web_nju_xianlin_06,0.01,0.0,hqs_10000,hqs_5000,1,0.00509861369792129,0.005095292507815703,0.002829876120365782,0.0012683623329174942,0.06513908098080279,1,False
web_nju_xianlin_06,0.01,0.0,hqs_10000,hqs_round1,1,0.0050851310449117545,0.005095292507815703,-0.008669715380587917,-0.001040800886721649,-0.1998269624558846,0,False
web_nju_xianlin_06,0.01,0.0,hqs_5000,hqs_round1,1,0.0050851310449117545,0.00509861369792129,-0.011499591500953699,-0.002309163219639143,-0.2651387523833204,0,False
web_nju_xianlin_06,0.04,0.0,hqs_10000,hqs,1,0.0028582032067396455,0.0028042601611672144,0.08274799937545652,0.003611395345690438,1.8873061735160568,1,False
web_nju_xianlin_06,0.04,0.0,hqs_10000,hqs_5000,1,0.0028195257104337494,0.0028042601611672144,0.02357756943251843,0.0018526068720510214,0.5414225949436968,1,False
web_nju_xianlin_06,0.04,0.0,hqs_10000,hqs_round1,1,0.0028366045675441974,0.0028042601611672144,0.049804956632954145,0.0023985810423372556,1.1402508036213566,1,False
web_nju_xianlin_06,0.04,0.0,hqs_5000,hqs_round1,1,0.0028366045675441974,0.0028195257104337494,0.026227387200435714,0.0005459741702862342,0.6020880494186809,1,False
web_nju_xianlin_06,0.1,0.0,hqs_10000,hqs,1,0.0016672680629026902,0.001615346333594077,0.13739780904423782,0.0037848069133759044,3.1141800448224344,1,False
web_nju_xianlin_06,0.1,0.0,hqs_10000,hqs_5000,1,0.0016120607752562281,0.001615346333594077,-0.00884239453469604,0.00022185441517830196,-0.20381107141116406,0,False
web_nju_xianlin_06,0.1,0.0,hqs_10000,hqs_round1,1,0.0016251441175170653,0.001615346333594077,0.02626229901598265,0.001198269524574247,0.6028870804367537,1,False
web_nju_xianlin_06,0.1,0.0,hqs_5000,hqs_round1,1,0.0016251441175170653,0.0016120607752562281,0.03510469355067869,0.000976415109395945,0.8050573558255447,1,False
web_nju_xianlin_06,0.1,0.01,hqs_10000,hqs,1,0.0018688584206511278,0.0018255917953356835,0.10176459330184429,0.0025698476731379483,2.3151366008972385,1,False
web_nju_xianlin_06,0.1,0.01,hqs_10000,hqs_5000,1,0.00182706852214605,0.0018255917953356835,0.0034998167593857468,8.799043739834052e-05,0.08082492760763671,1,False
web_nju_xianlin_06,0.1,0.01,hqs_10000,hqs_round1,1,0.0018786287782157792,0.0018255917953356835,0.12434581367625341,0.0028910877711425162,2.8231752592690174,1,False
web_nju_xianlin_06,0.1,0.01,hqs_5000,hqs_round1,1,0.0018786287782157792,0.00182706852214605,0.12084599691686766,0.0028030973337441756,2.7445686272675074,1,False
web_nju_xianlin_06,0.1,0.05,hqs_10000,hqs,1,0.005776958885873097,0.002967620615730994,2.889762177651498,0.12159562555209757,48.63005476829727,1,True
web_nju_xianlin_06,0.1,0.05,hqs_10000,hqs_5000,1,0.0029926263625832147,0.002967620615730994,0.03642145463350843,0.004632823722440412,0.8355786463979276,1,False
web_nju_xianlin_06,0.1,0.05,hqs_10000,hqs_round1,1,0.006080233659943746,0.002967620615730994,3.111353250193892,0.12573092603295152,51.19232612257125,1,True
web_nju_xianlin_06,0.1,0.05,hqs_5000,hqs_round1,1,0.006080233659943746,0.0029926263625832147,3.0749317955603837,0.1210981023105111,50.78106319665843,1,True
web_nju_xianlin_06,0.25,0.0,hqs_10000,hqs,1,0.0005931008847187309,0.0005709159726978197,0.1655637829212182,0.0016291982121466875,3.7404955198190426,1,False
web_nju_xianlin_06,0.25,0.0,hqs_10000,hqs_5000,1,0.0005734791097691439,0.0005709159726978197,0.01945408827496209,0.00038712366962423417,0.4469451506883937,1,False
web_nju_xianlin_06,0.25,0.0,hqs_10000,hqs_round1,1,0.000580876917988943,0.0005709159726978197,0.07511925908291772,0.000997050935268362,1.7148116894727283,1,False
web_nju_xianlin_06,0.25,0.0,hqs_5000,hqs_round1,1,0.000580876917988943,0.0005734791097691439,0.05566517080795563,0.0006099272656441279,1.2735586474000637,1,False
web_nju_xianlin_06,0.5,0.0,hqs_10000,hqs,1,0.00015305464705188884,0.00014702090263528941,0.17467435427500533,0.00046291900444028755,3.942215759416867,1,False
web_nju_xianlin_06,0.5,0.0,hqs_10000,hqs_5000,1,0.00014708193631315727,0.00014702090263528941,0.0018025388658955421,5.420418071744315e-05,0.04149637909165449,1,False
web_nju_xianlin_06,0.5,0.0,hqs_10000,hqs_round1,1,0.00015053558286682307,0.00014702090263528941,0.10260083701703593,0.00027135332298278136,2.33478368675335,1,False
web_nju_xianlin_06,0.5,0.0,hqs_5000,hqs_round1,1,0.00015053558286682307,0.00014708193631315727,0.10079829815114039,0.0002171491422653382,2.294239333912962,1,False
web_nju_xianlin_07,0.01,0.0,hqs_10000,hqs,1,0.0029145105473978882,0.002872529388428307,0.06301150751466622,0.0021611304780004836,1.4404188383213334,1,False
web_nju_xianlin_07,0.01,0.0,hqs_10000,hqs_5000,1,0.0028774578591460615,0.002872529388428307,0.0074449144631003605,-0.0004369911426400641,0.17127864104384827,1,False
web_nju_xianlin_07,0.01,0.0,hqs_10000,hqs_round1,1,0.002902766592375112,0.002872529388428307,0.04547635603908873,0.002540405810683044,1.0416684560939582,1,False
web_nju_xianlin_07,0.01,0.0,hqs_5000,hqs_round1,1,0.002902766592375112,0.0028774578591460615,0.03803144157598837,0.002977396953323108,0.8718831646860714,1,False
web_nju_xianlin_07,0.04,0.0,hqs_10000,hqs,1,0.001485964761033648,0.0014340081409871354,0.15456893588320142,0.003983279490716307,3.4964907250136346,1,False
web_nju_xianlin_07,0.04,0.0,hqs_10000,hqs_5000,1,0.0014166032877269872,0.0014340081409871354,-0.05303371468896145,-0.0006645063045359612,-1.2286328438553262,0,False
web_nju_xianlin_07,0.04,0.0,hqs_10000,hqs_round1,1,0.0014637174223310373,0.0014340081409871354,0.08905625315879107,0.0027393042381709254,2.0297142666094947,1,False
web_nju_xianlin_07,0.04,0.0,hqs_5000,hqs_round1,1,0.0014637174223310373,0.0014166032877269872,0.14208996784775252,0.0034038105427068865,3.218799877985923,1,False
web_nju_xianlin_07,0.1,0.0,hqs_10000,hqs,1,0.0008290658066293175,0.0007192431550415405,0.6171326634828205,0.008903918792247723,13.246554219173056,1,True
web_nju_xianlin_07,0.1,0.0,hqs_10000,hqs_5000,1,0.0007210488521631612,0.0007192431550415405,0.010889523830567072,3.704873585697044e-05,0.25042646087064524,1,False
web_nju_xianlin_07,0.1,0.0,hqs_10000,hqs_round1,1,0.0007830480489582952,0.0007192431550415405,0.36912674362787357,0.0050726917343139055,8.148273148963925,1,True
web_nju_xianlin_07,0.1,0.0,hqs_5000,hqs_round1,1,0.0007830480489582952,0.0007210488521631612,0.3582372197973065,0.005035642998456935,7.917674640478678,1,True
web_nju_xianlin_07,0.1,0.01,hqs_10000,hqs,1,0.0009162009843611818,0.0008281732564717789,0.4384768624102584,0.011680603299379366,9.60790584074519,1,True
web_nju_xianlin_07,0.1,0.01,hqs_10000,hqs_5000,1,0.0008293174886584311,0.0008281732564717789,0.00603199453976444,-0.00015070050010079772,0.13797275498231842,1,False
web_nju_xianlin_07,0.1,0.01,hqs_10000,hqs_round1,1,0.000880234719695774,0.0008281732564717789,0.26464393689193955,0.0071239489947259775,5.914497810537234,1,True
web_nju_xianlin_07,0.1,0.01,hqs_5000,hqs_round1,1,0.000880234719695774,0.0008293174886584311,0.2586119423521751,0.007274649494826775,5.784506097980424,1,True
web_nju_xianlin_07,0.1,0.05,hqs_10000,hqs,1,0.00205032336015939,0.001376797565726836,1.7289296412160648,0.18441414789309538,32.84973519397422,1,True
web_nju_xianlin_07,0.1,0.05,hqs_10000,hqs_5000,1,0.0014042692846826486,0.001376797565726836,0.08566057173369875,0.004544070487679279,1.9562999244849943,1,False
web_nju_xianlin_07,0.1,0.05,hqs_10000,hqs_round1,1,0.0020678085460745887,0.001376797565726836,1.7661977435812624,0.17911726923388174,33.41755123604307,1,True
web_nju_xianlin_07,0.1,0.05,hqs_5000,hqs_round1,1,0.0020678085460745887,0.0014042692846826486,1.6805371718475637,0.17457319874620247,32.089008561820954,1,True
web_nju_xianlin_07,0.25,0.0,hqs_10000,hqs,1,0.00025436445943111916,0.0002296725100649421,0.44347413499725263,0.001970990384578708,9.707311084811177,1,True
web_nju_xianlin_07,0.25,0.0,hqs_10000,hqs_5000,1,0.0002324510489770354,0.0002296725100649421,0.0522249357362341,0.0002982081542014514,1.1953221653853707,1,False
web_nju_xianlin_07,0.25,0.0,hqs_10000,hqs_round1,1,0.0002389200585314199,0.0002296725100649421,0.17143595688314406,0.0006273379931449607,3.8705617784124513,1,False
web_nju_xianlin_07,0.25,0.0,hqs_5000,hqs_round1,1,0.0002389200585314199,0.0002324510489770354,0.11921102114690996,0.00032912983894350933,2.707604206255354,1,False
web_nju_xianlin_07,0.5,0.0,hqs_10000,hqs,1,7.48748892602937e-05,7.174922598064937e-05,0.1851897274695844,0.00023661803722374586,4.174514727866008,1,False
web_nju_xianlin_07,0.5,0.0,hqs_10000,hqs_5000,1,7.260837478909416e-05,7.174922598064937e-05,0.05169495616186737,0.00012544049167628746,1.1832640669073746,1,False
web_nju_xianlin_07,0.5,0.0,hqs_10000,hqs_round1,1,7.282852628264123e-05,7.174922598064937e-05,0.06484301571924078,3.2773962020948844e-06,1.4819746561988478,1,False
web_nju_xianlin_07,0.5,0.0,hqs_5000,hqs_round1,1,7.282852628264123e-05,7.260837478909416e-05,0.013148059557373415,-0.00012216309547419257,0.30228744804292607,1,False
web_nju_xianlin_08,0.01,0.0,hqs_10000,hqs,1,0.003594310295856121,0.0035612902928637644,0.04008190984061599,-0.0019415415293363436,0.9186742455270291,1,False
web_nju_xianlin_08,0.01,0.0,hqs_10000,hqs_5000,1,0.0035582991819877114,0.0035612902928637644,-0.003649151483372748,0.000721443662778043,-0.08406012881643221,0,False
web_nju_xianlin_08,0.01,0.0,hqs_10000,hqs_round1,1,0.0035780321353420224,0.0035612902928637644,0.02036860838314425,-0.002469738017548684,0.46790643138417964,1,False
web_nju_xianlin_08,0.01,0.0,hqs_5000,hqs_round1,1,0.0035780321353420224,0.0035582991819877114,0.024017759866516997,-0.0031911816803267268,0.551502966096884,1,False
web_nju_xianlin_08,0.04,0.0,hqs_10000,hqs,1,0.001813000512406508,0.0017795038043581463,0.08099006031211076,0.0010318652676251094,1.847584036471095,1,False
web_nju_xianlin_08,0.04,0.0,hqs_10000,hqs_5000,1,0.0017832807579046556,0.0017795038043581463,0.00920802630341555,0.002099011213626767,0.2117980317887347,1,False
web_nju_xianlin_08,0.04,0.0,hqs_10000,hqs_round1,1,0.001784071560323224,0.0017795038043581463,0.011133494278812606,5.29567448813717e-05,0.2560298626278268,1,False
web_nju_xianlin_08,0.04,0.0,hqs_5000,hqs_round1,1,0.001784071560323224,0.0017832807579046556,0.001925467975397055,-0.002046054468745395,0.04432571182431122,1,False
web_nju_xianlin_08,0.1,0.0,hqs_10000,hqs,1,0.0009909766931869768,0.0009641621818429128,0.11913347641850436,0.00035655153150859764,2.705867002565787,1,False
web_nju_xianlin_08,0.1,0.0,hqs_10000,hqs_5000,1,0.0009660837330192434,0.0009641621818429128,0.008646767148398737,0.001073816838413455,0.19890110045899245,1,False
web_nju_xianlin_08,0.1,0.0,hqs_10000,hqs_round1,1,0.0009669759945722631,0.0009641621818429128,0.012655999671117968,-0.000907325581118501,0.2909909599767335,1,False
web_nju_xianlin_08,0.1,0.0,hqs_5000,hqs_round1,1,0.0009669759945722631,0.0009660837330192434,0.0040092325227192305,-0.001981142419531956,0.09227339231047127,1,False
web_nju_xianlin_08,0.1,0.01,hqs_10000,hqs,1,0.0010901927202404188,0.0010720668744563487,0.07279284301730964,-0.0012178533774723037,1.6626276664251427,1,False
web_nju_xianlin_08,0.1,0.01,hqs_10000,hqs_5000,1,0.0010743202261078385,0.0010720668744563487,0.009070887662340729,0.0007565945725630149,0.20974674000633353,1,False
web_nju_xianlin_08,0.1,0.01,hqs_10000,hqs_round1,1,0.0010825741223027387,0.0010720668744563487,0.04233818988341298,-0.0019830051308383037,0.9705799935472381,1,False
web_nju_xianlin_08,0.1,0.01,hqs_5000,hqs_round1,1,0.0010825741223027387,0.0010743202261078385,0.03326730222107225,-0.0027395997034013186,0.7624324307090702,1,False
web_nju_xianlin_08,0.1,0.05,hqs_10000,hqs,1,0.0023271587963109154,0.0017362459513228668,1.2715620913451897,0.11120292262410991,25.39202936751811,1,True
web_nju_xianlin_08,0.1,0.05,hqs_10000,hqs_5000,1,0.0017498918513406036,0.0017362459513228668,0.03402870177477979,0.0026401036955428316,0.7798139072013321,1,False
web_nju_xianlin_08,0.1,0.05,hqs_10000,hqs_round1,1,0.002345285023222773,0.0017362459513228668,1.305068003366042,0.10922508387274232,25.968659069975008,1,True
web_nju_xianlin_08,0.1,0.05,hqs_5000,hqs_round1,1,0.002345285023222773,0.0017498918513406036,1.2710393015912622,0.10658498017719949,25.386815077342284,1,True
web_nju_xianlin_08,0.25,0.0,hqs_10000,hqs,1,0.00037774364892081004,0.0003553226078470782,0.26574330292672954,0.002680607576370231,5.935517681842528,1,True
web_nju_xianlin_08,0.25,0.0,hqs_10000,hqs_5000,1,0.000358173673007349,0.0003553226078470782,0.03470819652962831,0.0005846411752701286,0.7960007602826558,1,False
web_nju_xianlin_08,0.25,0.0,hqs_10000,hqs_round1,1,0.0003670681813396505,0.0003553226078470782,0.14123899181271327,0.001337259301424032,3.1998342786633494,1,False
web_nju_xianlin_08,0.25,0.0,hqs_5000,hqs_round1,1,0.0003670681813396505,0.000358173673007349,0.10653079528308496,0.0007526181261539033,2.4231215846168275,1,False
web_nju_xianlin_08,0.5,0.0,hqs_10000,hqs,1,0.00011163778670083536,0.00010354307771477531,0.32690147894182786,0.0015206862983703218,7.250868388990983,1,True
web_nju_xianlin_08,0.5,0.0,hqs_10000,hqs_5000,1,0.00010533170387536096,0.00010354307771477531,0.07438039703637855,0.0003652027835845395,1.6980890793356296,1,False
web_nju_xianlin_08,0.5,0.0,hqs_10000,hqs_round1,1,0.00010728386806166646,0.00010354307771477531,0.15413353569512367,0.0005004917917250662,3.4868153194671847,1,False
web_nju_xianlin_08,0.5,0.0,hqs_5000,hqs_round1,1,0.00010728386806166646,0.00010533170387536096,0.07975313865874512,0.0001352890081405267,1.8196250951572734,1,False
web_nju_xianlin_09,0.01,0.0,hqs_10000,hqs,1,0.007818445850233714,0.007770514505244255,0.026706571525441092,-0.0005220114463769798,0.6130546390882174,1,False
web_nju_xianlin_09,0.01,0.0,hqs_10000,hqs_5000,1,0.007799623301168286,0.007770514505244255,0.016238525734458165,0.0014721125163830728,0.37320771529658625,1,False
web_nju_xianlin_09,0.01,0.0,hqs_10000,hqs_round1,1,0.007781674935648457,0.007770514505244255,0.006233095591628768,-0.0010782318921626066,0.14341938588406933,1,False
web_nju_xianlin_09,0.01,0.0,hqs_5000,hqs_round1,1,0.007781674935648457,0.007799623301168286,-0.010005430142829397,-0.0025503444085456795,-0.23064912976005214,0,False
web_nju_xianlin_09,0.04,0.0,hqs_10000,hqs,1,0.004346720675363702,0.004308345821964378,0.03851176947424051,0.0009506890665129664,0.8828460870932808,1,False
web_nju_xianlin_09,0.04,0.0,hqs_10000,hqs_5000,1,0.004300980727755575,0.004308345821964378,-0.007430594101418109,0.0005975980887252819,-0.17124220439479476,0,False
web_nju_xianlin_09,0.04,0.0,hqs_10000,hqs_round1,1,0.004328673462886028,0.004308345821964378,0.020442697397342613,0.0015174904162035263,0.4696043971886166,1,False
web_nju_xianlin_09,0.04,0.0,hqs_5000,hqs_round1,1,0.004328673462886028,0.004300980727755575,0.02787329149876072,0.0009198923274782445,0.6397510777352511,1,False
web_nju_xianlin_09,0.1,0.0,hqs_10000,hqs,1,0.0027097512041426553,0.0026299064258621077,0.1298912172327782,0.0023554365783734488,2.9465722963230467,1,False
web_nju_xianlin_09,0.1,0.0,hqs_10000,hqs_5000,1,0.002637028719120279,0.0026299064258621077,0.011745633696982338,0.0004822266109996143,0.27008781537074533,1,False
web_nju_xianlin_09,0.1,0.0,hqs_10000,hqs_round1,1,0.002642768855177173,0.0026299064258621077,0.021188838145608457,-0.0007449626245907837,0.4867027734895557,1,False
web_nju_xianlin_09,0.1,0.0,hqs_5000,hqs_round1,1,0.002642768855177173,0.002637028719120279,0.009443204448626119,-0.001227189235590398,0.21720159315671284,1,False
web_nju_xianlin_09,0.1,0.01,hqs_10000,hqs,1,0.0027823257419716855,0.0027182342154954513,0.10119794793022407,0.0015329589395007837,2.3035234699304463,1,False
web_nju_xianlin_09,0.1,0.01,hqs_10000,hqs_5000,1,0.0027228298196685136,0.0027182342154954513,0.0073264268139385065,0.0002794883278931515,0.1687804408437743,1,False
web_nju_xianlin_09,0.1,0.01,hqs_10000,hqs_round1,1,0.00273447569854059,0.0027182342154954513,0.02586115532582885,-0.0008675897491667121,0.5939523636581234,1,False
web_nju_xianlin_09,0.1,0.01,hqs_5000,hqs_round1,1,0.00273447569854059,0.0027228298196685136,0.018534728511890346,-0.0011470780770598636,0.4258907430880421,1,False
web_nju_xianlin_09,0.1,0.05,hqs_10000,hqs,1,0.003914155770623051,0.0035620045385810046,0.4094510085114429,0.04143276620663616,8.996862993676713,1,True
web_nju_xianlin_09,0.1,0.05,hqs_10000,hqs_5000,1,0.003554373804831916,0.0035620045385810046,-0.009324262061118324,0.0013093093118451786,-0.2146857412328229,0,False
web_nju_xianlin_09,0.1,0.05,hqs_10000,hqs_round1,1,0.003912048200286509,0.0035620045385810046,0.4071128387306686,0.038839109060610354,8.947836115103803,1,True
web_nju_xianlin_09,0.1,0.05,hqs_5000,hqs_round1,1,0.003912048200286509,0.003554373804831916,0.4164371007917869,0.03752979974876517,9.14289336793953,1,True
web_nju_xianlin_09,0.25,0.0,hqs_10000,hqs,1,0.001283223774147736,0.0012112456283712315,0.2507017453577305,0.005043323252439502,5.609165542799377,1,True
web_nju_xianlin_09,0.25,0.0,hqs_10000,hqs_5000,1,0.001214191291747379,0.0012112456283712315,0.010548911564495,0.0007503953619002468,0.24260290747994961,1,False
web_nju_xianlin_09,0.25,0.0,hqs_10000,hqs_round1,1,0.0012158338529839662,0.0012112456283712315,0.016420088588557036,0.0002485446543692982,0.37737266498000244,1,False
web_nju_xianlin_09,0.25,0.0,hqs_5000,hqs_round1,1,0.0012158338529839662,0.001214191291747379,0.005871177024062035,-0.0005018507075309486,0.13509750798235132,1,False
web_nju_xianlin_09,0.5,0.0,hqs_10000,hqs,1,0.00042405408947804,0.000388705466391528,0.378006076121963,0.0026363256311416894,8.335876003465014,1,True
web_nju_xianlin_09,0.5,0.0,hqs_10000,hqs_5000,1,0.00040025579181800176,0.000388705466391528,0.12716976817397807,0.0007765080871582342,2.885735987482163,1,False
web_nju_xianlin_09,0.5,0.0,hqs_10000,hqs_round1,1,0.0004077321747052237,0.000388705466391528,0.2075433539054785,0.0013180525918007335,4.666472133932375,1,False
web_nju_xianlin_09,0.5,0.0,hqs_5000,hqs_round1,1,0.0004077321747052237,0.00040025579181800176,0.08037358573150044,0.0005415445046424994,1.8336504575894974,1,False
web_qinhuai_fuzimiao_01,0.01,0.0,hqs_10000,hqs,1,0.006099834809019021,0.005989154302605187,0.07952571695918209,0.002396173903422283,1.8144836684787946,1,False
web_qinhuai_fuzimiao_01,0.01,0.0,hqs_10000,hqs_5000,1,0.006009876159697321,0.005989154302605187,0.015000207166348645,0.0018184669424369249,0.34479674025725826,1,False
web_qinhuai_fuzimiao_01,0.01,0.0,hqs_10000,hqs_round1,1,0.006180996198625751,0.005989154302605187,0.1369297424767666,0.0035376327901103233,3.103737485928515,1,False
web_qinhuai_fuzimiao_01,0.01,0.0,hqs_5000,hqs_round1,1,0.006180996198625751,0.006009876159697321,0.12192953531041795,0.0017191658476733984,2.7684863965209194,1,False
web_qinhuai_fuzimiao_01,0.04,0.0,hqs_10000,hqs,1,0.0025434282490260536,0.002463962752060447,0.13785352270982898,0.0027984320983738264,3.124345929398087,1,False
web_qinhuai_fuzimiao_01,0.04,0.0,hqs_10000,hqs_5000,1,0.0024819608011447014,0.002463962752060447,0.03160779911184264,0.0008543048824369848,0.7251544454672132,1,False
web_qinhuai_fuzimiao_01,0.04,0.0,hqs_10000,hqs_round1,1,0.002533059247594996,0.002463962752060447,0.12011209669485012,0.0020479986492097924,2.727788368951589,1,False
web_qinhuai_fuzimiao_01,0.04,0.0,hqs_5000,hqs_round1,1,0.002533059247594996,0.0024819608011447014,0.08850429758300749,0.0011936937667728076,2.0172621899314014,1,False
web_qinhuai_fuzimiao_01,0.1,0.0,hqs_10000,hqs,1,0.0012201698299114296,0.0011388810669765454,0.29941909164728386,0.002817641529559989,6.6620859606719485,1,True
web_qinhuai_fuzimiao_01,0.1,0.0,hqs_10000,hqs_5000,1,0.0011322767916681306,0.0011388810669765454,-0.025257675479192443,0.00014104323577879274,-0.5832739271009135,0,False
web_qinhuai_fuzimiao_01,0.1,0.0,hqs_10000,hqs_round1,1,0.0011739688561103094,0.0011388810669765454,0.13178202589459076,0.001106035213947254,2.9888177144681505,1,False
web_qinhuai_fuzimiao_01,0.1,0.0,hqs_5000,hqs_round1,1,0.0011739688561103094,0.0011322767916681306,0.1570397013737832,0.0009649919781684613,3.5513773832396622,1,False
web_qinhuai_fuzimiao_01,0.1,0.01,hqs_10000,hqs,1,0.0012480566613898715,0.001186719379481252,0.21884222149405255,0.0023099606229464165,4.914623174264587,1,False
web_qinhuai_fuzimiao_01,0.1,0.01,hqs_10000,hqs_5000,1,0.0011781265348770463,0.001186719379481252,-0.03154777585527432,9.770038191477444e-05,-0.7293651700241544,0,False
web_qinhuai_fuzimiao_01,0.1,0.01,hqs_10000,hqs_round1,1,0.0012084825647571665,0.001186719379481252,0.07894055267642959,0.0006169637665748295,1.8008687845891824,1,False
web_qinhuai_fuzimiao_01,0.1,0.01,hqs_5000,hqs_round1,1,0.0012084825647571665,0.0011781265348770463,0.11048832853170391,0.0005192633846600551,2.511912936552785,1,False
web_qinhuai_fuzimiao_01,0.1,0.05,hqs_10000,hqs,1,0.0015819146441115328,0.0014980995611378108,0.23648902717580947,0.029792835823456487,5.298331568375858,1,True
web_qinhuai_fuzimiao_01,0.1,0.05,hqs_10000,hqs_5000,1,0.0014963537004796092,0.0014980995611378108,-0.004987172205736338,0.0035847644098599973,-0.11667433024973306,0,False
web_qinhuai_fuzimiao_01,0.1,0.05,hqs_10000,hqs_round1,1,0.001593016843141338,0.0014980995611378108,0.26677157731276085,0.024710956797917683,5.958335118187186,1,True
web_qinhuai_fuzimiao_01,0.1,0.05,hqs_5000,hqs_round1,1,0.001593016843141338,0.0014963537004796092,0.2717587495184972,0.021126192388057685,6.067929732062005,1,True
web_qinhuai_fuzimiao_01,0.25,0.0,hqs_10000,hqs,1,0.0003946824707247072,0.00037216524410664564,0.2551202558705157,0.00086115306949619,5.70514990866352,1,True
web_qinhuai_fuzimiao_01,0.25,0.0,hqs_10000,hqs_5000,1,0.0003716497730697955,0.00037216524410664564,-0.006019406910418468,0.0001661646461487143,-0.13869806312334365,0,False
web_qinhuai_fuzimiao_01,0.25,0.0,hqs_10000,hqs_round1,1,0.0003837487531925103,0.00037216524410664564,0.13311164807063136,0.000343086791992242,3.0185138034972914,1,False
web_qinhuai_fuzimiao_01,0.25,0.0,hqs_5000,hqs_round1,1,0.0003837487531925103,0.0003716497730697955,0.13913105498104983,0.00017692214584352772,3.1528389400773515,1,False
web_qinhuai_fuzimiao_01,0.5,0.0,hqs_10000,hqs,1,0.00010825234133777618,9.93705657851422e-05,0.3717953570820356,0.0002900958261490283,8.204696030472425,1,True
web_qinhuai_fuzimiao_01,0.5,0.0,hqs_10000,hqs_5000,1,0.0001023582996865727,9.93705657851422e-05,0.12865300475884567,5.811938381194981e-05,2.918897549665367,1,False
web_qinhuai_fuzimiao_01,0.5,0.0,hqs_10000,hqs_round1,1,0.0001045139633890069,9.93705657851422e-05,0.21916554845434888,5.80518331527724e-05,4.921254000023589,1,False
web_qinhuai_fuzimiao_01,0.5,0.0,hqs_5000,hqs_round1,1,0.0001045139633890069,0.0001023582996865727,0.09051254369550321,-6.755065917740666e-08,2.06256047759924,1,False
web_qinhuai_fuzimiao_02,0.01,0.0,hqs_10000,hqs,1,0.0061027404485402585,0.006001689162411147,0.07251400840540256,0.005959670598793876,1.6558345710619649,1,False
web_qinhuai_fuzimiao_02,0.01,0.0,hqs_10000,hqs_5000,1,0.006016090885792624,0.006001689162411147,0.010408897422703234,0.002050843501500199,0.2393867322630916,1,False
web_qinhuai_fuzimiao_02,0.01,0.0,hqs_10000,hqs_round1,1,0.006081225084400027,0.006001689162411147,0.05717579424267427,0.006145442240658272,1.307893078861866,1,False
web_qinhuai_fuzimiao_02,0.01,0.0,hqs_5000,hqs_round1,1,0.006081225084400027,0.006016090885792624,0.04676689681997104,0.004094598739158073,1.0710703469024585,1,False
web_qinhuai_fuzimiao_02,0.04,0.0,hqs_10000,hqs,1,0.0020502311942924623,0.0019913112947033094,0.12663679962308905,0.0011501905498104703,2.8738173408529244,1,False
web_qinhuai_fuzimiao_02,0.04,0.0,hqs_10000,hqs_5000,1,0.001975994190625497,0.0019913112947033094,-0.033534936278201144,0.00034778238685895246,-0.7751593679009572,0,False
web_qinhuai_fuzimiao_02,0.04,0.0,hqs_10000,hqs_round1,1,0.0020141874941165933,0.0019913112947033094,0.049607380839955084,0.00023611668049261514,1.1357532245684587,1,False
web_qinhuai_fuzimiao_02,0.04,0.0,hqs_5000,hqs_round1,1,0.0020141874941165933,0.001975994190625497,0.08314231711815623,-0.00011166570636633733,1.8962139126897593,1,False
web_qinhuai_fuzimiao_02,0.1,0.0,hqs_10000,hqs,1,0.0009376085081531573,0.0008774159669974912,0.2881600629221879,0.0017950145597457334,6.419794683202018,1,True
web_qinhuai_fuzimiao_02,0.1,0.0,hqs_10000,hqs_5000,1,0.0008746383685826996,0.0008774159669974912,-0.013770082931614525,0.0002024483809470734,-0.31757106874839014,0,False
web_qinhuai_fuzimiao_02,0.1,0.0,hqs_10000,hqs_round1,1,0.0009088269315786328,0.0008774159669974912,0.1527565483045379,0.0008583634181021926,3.456209701728441,1,False
web_qinhuai_fuzimiao_02,0.1,0.0,hqs_5000,hqs_round1,1,0.0009088269315786328,0.0008746383685826996,0.1665266312361524,0.0006559150371551192,3.761834273170983,1,False
web_qinhuai_fuzimiao_02,0.1,0.01,hqs_10000,hqs,1,0.0009690210838212866,0.0009131486310142283,0.25791247171937687,0.0011370345265865704,5.765865546157989,1,True
web_qinhuai_fuzimiao_02,0.1,0.01,hqs_10000,hqs_5000,1,0.0009103831550903884,0.0009131486310142283,-0.01316867996130829,0.00016632875529927946,-0.30377055071557635,0,False
web_qinhuai_fuzimiao_02,0.1,0.01,hqs_10000,hqs_round1,1,0.0009395385492961092,0.0009131486310142283,0.12373454596550341,0.0003031749025185955,2.8088169774036276,1,False
web_qinhuai_fuzimiao_02,0.1,0.01,hqs_5000,hqs_round1,1,0.0009395385492961092,0.0009103831550903884,0.1369032259268117,0.0001368461472193161,3.1031610387422304,1,False
web_qinhuai_fuzimiao_02,0.1,0.05,hqs_10000,hqs,1,0.0013858381543377124,0.0012503603336725968,0.4466378708652054,0.02995288612671691,9.775876081998913,1,True
web_qinhuai_fuzimiao_02,0.1,0.05,hqs_10000,hqs_5000,1,0.0012626607983183978,0.0012503603336725968,0.04252038274441124,0.0036010144108136557,0.9741701541841397,1,False
web_qinhuai_fuzimiao_02,0.1,0.05,hqs_10000,hqs_round1,1,0.0014073541430070977,0.0012503603336725968,0.5136178321750483,0.027574907421370327,11.155245473541708,1,True
web_qinhuai_fuzimiao_02,0.1,0.05,hqs_5000,hqs_round1,1,0.0014073541430070977,0.0012626607983183978,0.471097449430637,0.023973893010556673,10.28123201311173,1,True
web_qinhuai_fuzimiao_02,0.25,0.0,hqs_10000,hqs,1,0.00026355711173048346,0.0002403980197033804,0.3994385374322533,0.0009078087863922946,8.787124686199254,1,True
web_qinhuai_fuzimiao_02,0.25,0.0,hqs_10000,hqs_5000,1,0.00024244589233132758,0.0002403980197033804,0.03683944615167434,0.00029662170505528884,0.8446720248609263,1,False
web_qinhuai_fuzimiao_02,0.25,0.0,hqs_10000,hqs_round1,1,0.00024801985785710207,0.0002403980197033804,0.13555568451484135,6.317963504798296e-05,3.073075768841471,1,False
web_qinhuai_fuzimiao_02,0.25,0.0,hqs_5000,hqs_round1,1,0.00024801985785710207,0.00024244589233132758,0.09871623836316701,-0.00023344207000730588,2.247386791498751,1,False
web_qinhuai_fuzimiao_02,0.5,0.0,hqs_10000,hqs,1,4.9914298792968344e-05,4.4594090605791574e-05,0.4894766251676259,0.00017926737880702426,10.658685618811603,1,True
web_qinhuai_fuzimiao_02,0.5,0.0,hqs_10000,hqs_5000,1,4.753329636826772e-05,4.4594090605791574e-05,0.277206211489748,0.0001653770227432183,6.183467142073285,1,True
web_qinhuai_fuzimiao_02,0.5,0.0,hqs_10000,hqs_round1,1,4.839306324187123e-05,4.4594090605791574e-05,0.35505801558194605,9.199714565277795e-05,7.850242124769369,1,True
web_qinhuai_fuzimiao_02,0.5,0.0,hqs_5000,hqs_round1,1,4.839306324187123e-05,4.753329636826772e-05,0.07785180409219805,-7.337987709044036e-05,1.776632467563255,1,False
web_qinhuai_fuzimiao_03,0.01,0.0,hqs_10000,hqs,1,0.005140935468910332,0.0051998008734956335,-0.049445601729644295,-0.004406929813732363,-1.1450329408196014,0,False
web_qinhuai_fuzimiao_03,0.01,0.0,hqs_10000,hqs_5000,1,0.0051756214248542655,0.0051998008734956335,-0.0202421064490359,-0.0006988459001283642,-0.46717962262954327,0,False
web_qinhuai_fuzimiao_03,0.01,0.0,hqs_10000,hqs_round1,1,0.005162142242820382,0.0051998008734956335,-0.03156745278794304,-0.0031620692388223404,-0.7295155558262323,0,False
web_qinhuai_fuzimiao_03,0.01,0.0,hqs_5000,hqs_round1,1,0.005162142242820382,0.0051756214248542655,-0.011325346338907138,-0.002463223338693976,-0.26111605220935363,0,False
web_qinhuai_fuzimiao_03,0.04,0.0,hqs_10000,hqs,1,0.002461446634312,0.002355763455005631,0.19058744155638507,0.0043515281206154555,4.293539328993356,1,False
web_qinhuai_fuzimiao_03,0.04,0.0,hqs_10000,hqs_5000,1,0.002325995937816909,0.002355763455005631,-0.055227283524740045,-0.0006470347585944003,-1.2797751150271042,0,False
web_qinhuai_fuzimiao_03,0.04,0.0,hqs_10000,hqs_round1,1,0.0024199351922209755,0.002355763455005631,0.11672055104570234,0.002578851060801135,2.6517956936048637,1,False
web_qinhuai_fuzimiao_03,0.04,0.0,hqs_5000,hqs_round1,1,0.0024199351922209755,0.002325995937816909,0.17194783457044238,0.0032258858193955353,3.881891329405829,1,False
web_qinhuai_fuzimiao_03,0.1,0.0,hqs_10000,hqs,1,0.00121064148929593,0.0011335439010480481,0.2857720873372287,0.002631351809263327,6.368325299401345,1,True
web_qinhuai_fuzimiao_03,0.1,0.0,hqs_10000,hqs_5000,1,0.001131880936251995,0.0011335439010480481,-0.006375992285029497,0.0007470741560459127,-0.14692047041269252,0,False
web_qinhuai_fuzimiao_03,0.1,0.0,hqs_10000,hqs_round1,1,0.0011573899891003168,0.0011335439010480481,0.09041377003705264,0.00020726924848557537,2.0603330145273824,1,False
web_qinhuai_fuzimiao_03,0.1,0.0,hqs_5000,hqs_round1,1,0.0011573899891003168,0.001131880936251995,0.09678976232208214,-0.0005398049075603373,2.2040153352415826,1,False
web_qinhuai_fuzimiao_03,0.1,0.01,hqs_10000,hqs,1,0.001233442390113086,0.0011633419492668266,0.25405599255010003,0.0023932641455332395,5.683316984089737,1,True
web_qinhuai_fuzimiao_03,0.1,0.01,hqs_10000,hqs_5000,1,0.0011617282815778248,0.0011633419492668266,-0.006028003061340807,0.0005636512558460094,-0.13890233323838874,0,False
web_qinhuai_fuzimiao_03,0.1,0.01,hqs_10000,hqs_round1,1,0.0011873074231842646,0.0011633419492668266,0.08855373675395128,-2.848467969895907e-05,2.018472507580593,1,False
web_qinhuai_fuzimiao_03,0.1,0.01,hqs_5000,hqs_round1,1,0.0011873074231842646,0.0011617282815778248,0.0945817398152921,-0.0005921359355449685,2.1543823534631468,1,False
web_qinhuai_fuzimiao_03,0.1,0.05,hqs_10000,hqs,1,0.0016280943373627925,0.0015228884730665562,0.29004253160493815,0.02913310274875162,6.461902230226412,1,True
web_qinhuai_fuzimiao_03,0.1,0.05,hqs_10000,hqs_5000,1,0.0015253128146572542,0.0015228884730665562,0.006907375338249959,0.0005846117150783611,0.1589406164690721,1,False
web_qinhuai_fuzimiao_03,0.1,0.05,hqs_10000,hqs_round1,1,0.001611572762573522,0.0015228884730665562,0.245811687003318,0.02352611370678744,5.502965275073635,1,True
web_qinhuai_fuzimiao_03,0.1,0.05,hqs_5000,hqs_round1,1,0.001611572762573522,0.0015253128146572542,0.23890431166506806,0.02294150199170908,5.352532005971556,1,True
web_qinhuai_fuzimiao_03,0.25,0.0,hqs_10000,hqs,1,0.0003429621088703433,0.0003220225767401432,0.27359820187871264,0.0017733111801147006,6.105494335561213,1,True
web_qinhuai_fuzimiao_03,0.25,0.0,hqs_10000,hqs_5000,1,0.0003253400493475651,0.0003220225767401432,0.04451207411664626,0.00048356202220911637,1.01969389076898,1,False
web_qinhuai_fuzimiao_03,0.25,0.0,hqs_10000,hqs_round1,1,0.0003301322520254872,0.0003220225767401432,0.10801633685164802,0.0006294977083206588,2.45649288598373,1,False
web_qinhuai_fuzimiao_03,0.25,0.0,hqs_5000,hqs_round1,1,0.0003301322520254872,0.0003253400493475651,0.06350426273500176,0.0001459356861115424,1.4516008807137437,1,False
web_qinhuai_fuzimiao_03,0.5,0.0,hqs_10000,hqs,1,6.892797104630729e-05,6.327055903414098e-05,0.3719382311952373,0.0005745703783035516,8.207715860902876,1,True
web_qinhuai_fuzimiao_03,0.5,0.0,hqs_10000,hqs_5000,1,6.354680154637551e-05,6.327055903414098e-05,0.018920246869967627,1.1084698677055194e-05,0.4347071851176221,1,False
web_qinhuai_fuzimiao_03,0.5,0.0,hqs_10000,hqs_round1,1,6.586511695683488e-05,6.327055903414098e-05,0.1745379560458673,0.00022415793323515842,3.9391988393404853,1,False
web_qinhuai_fuzimiao_03,0.5,0.0,hqs_5000,hqs_round1,1,6.586511695683488e-05,6.354680154637551e-05,0.15561770917589968,0.00021307323455810323,3.519792444881986,1,False
web_sun_yat_sen_mausoleum_01,0.01,0.0,hqs_10000,hqs,1,0.0063567143662797785,0.0059629570496922335,0.27771016006974136,0.001638554412921489,6.1943528354253985,1,True
web_sun_yat_sen_mausoleum_01,0.01,0.0,hqs_10000,hqs_5000,1,0.005944958115898798,0.0059629570496922335,-0.013128819731889507,-0.0011533926249375215,-0.30275964006039047,0,False
web_sun_yat_sen_mausoleum_01,0.01,0.0,hqs_10000,hqs_round1,1,0.006220888414621815,0.0059629570496922335,0.18390730184117388,0.0007915479570553829,4.146214298319995,1,False
web_sun_yat_sen_mausoleum_01,0.01,0.0,hqs_5000,hqs_round1,1,0.006220888414621815,0.005944958115898798,0.19703612157306338,0.0019449405819929044,4.435544898610622,1,False
web_sun_yat_sen_mausoleum_01,0.04,0.0,hqs_10000,hqs,1,0.0026073931544712474,0.0025345244486195176,0.12310036095433574,0.0013554574701488686,2.794695756824095,1,False
web_sun_yat_sen_mausoleum_01,0.04,0.0,hqs_10000,hqs_5000,1,0.002560124884139584,0.0025345244486195176,0.04364666038625131,0.0012735736375917295,0.9999682311853442,1,False
web_sun_yat_sen_mausoleum_01,0.04,0.0,hqs_10000,hqs_round1,1,0.002576273661184181,0.0025345244486195176,0.07095508595455868,0.0003581668882093325,1.620527088937962,1,False
web_sun_yat_sen_mausoleum_01,0.04,0.0,hqs_5000,hqs_round1,1,0.002576273661184181,0.002560124884139584,0.02730842556830737,-0.000915406749382397,0.6268269278960958,1,False
web_sun_yat_sen_mausoleum_01,0.1,0.0,hqs_10000,hqs,1,0.001114909349359668,0.0010617783206843593,0.21205703662003828,0.0020865043475628564,4.765502119595977,1,False
web_sun_yat_sen_mausoleum_01,0.1,0.0,hqs_10000,hqs_5000,1,0.0010826459255834475,0.0010617783206843593,0.08452592113493296,0.0010828314536810435,1.9274634860739437,1,False
web_sun_yat_sen_mausoleum_01,0.1,0.0,hqs_10000,hqs_round1,1,0.0010911761797646107,0.0010617783206843593,0.11861023122062164,0.0009710238170623775,2.694144137804866,1,False
web_sun_yat_sen_mausoleum_01,0.1,0.0,hqs_5000,hqs_round1,1,0.0010911761797646107,0.0010826459255834475,0.034084310085688685,-0.000111807636618666,0.7817485699700089,1,False
web_sun_yat_sen_mausoleum_01,0.1,0.01,hqs_10000,hqs,1,0.001281489727947191,0.0012261967445988994,0.19131723184175087,0.005213658905426688,4.3147426110753955,1,False
web_sun_yat_sen_mausoleum_01,0.1,0.01,hqs_10000,hqs_5000,1,0.0012450844338087888,0.0012261967445988994,0.06638900341267255,0.001220794927279149,1.5169805915981827,1,False
web_sun_yat_sen_mausoleum_01,0.1,0.01,hqs_10000,hqs_round1,1,0.0012747497945483329,0.0012261967445988994,0.16858502246571186,0.0038333649891217902,3.808829792095536,1,False
web_sun_yat_sen_mausoleum_01,0.1,0.01,hqs_5000,hqs_round1,1,0.0012747497945483329,0.0012450844338087888,0.10219601905303932,0.0026125700618426415,2.327151639201086,1,False
web_sun_yat_sen_mausoleum_01,0.1,0.05,hqs_10000,hqs,1,0.0030246882750943507,0.0021661703689258957,1.449083214456299,0.15998659272782753,28.38368215454119,1,True
web_sun_yat_sen_mausoleum_01,0.1,0.05,hqs_10000,hqs_5000,1,0.0021804568375938752,0.0021661703689258957,0.028626649346454276,0.002115216938560205,0.6552052955904664,1,False
web_sun_yat_sen_mausoleum_01,0.1,0.05,hqs_10000,hqs_round1,1,0.003012293984714825,0.0021661703689258957,1.430820890381452,0.1484600139417681,28.089011898652117,1,True
web_sun_yat_sen_mausoleum_01,0.1,0.05,hqs_5000,hqs_round1,1,0.003012293984714825,0.0021804568375938752,1.402194241034998,0.1463447970032079,27.614739840862512,1,True
web_sun_yat_sen_mausoleum_01,0.25,0.0,hqs_10000,hqs,1,0.00034216055493668156,0.00029950754382310397,0.5782217599260449,0.0030092892136573957,12.465788501386644,1,True
web_sun_yat_sen_mausoleum_01,0.25,0.0,hqs_10000,hqs_5000,1,0.0003101013409384129,0.00029950754382310397,0.15095878593278655,0.0008223352904319636,3.4162371188884544,1,False
web_sun_yat_sen_mausoleum_01,0.25,0.0,hqs_10000,hqs_round1,1,0.0003258494345312979,0.00029950754382310397,0.366092060497202,0.0018262088279724642,8.084068258729415,1,True
web_sun_yat_sen_mausoleum_01,0.25,0.0,hqs_5000,hqs_round1,1,0.0003258494345312979,0.0003101013409384129,0.21513327456441544,0.0010038735375405006,4.83293568256059,1,False
web_sun_yat_sen_mausoleum_01,0.5,0.0,hqs_10000,hqs,1,6.66272884896782e-05,5.8314470593097996e-05,0.5787580203357336,0.000619783388137729,12.476596429206355,1,True
web_sun_yat_sen_mausoleum_01,0.5,0.0,hqs_10000,hqs_5000,1,5.9578276792710217e-05,5.8314470593097996e-05,0.09311600535785658,0.0001282450981139327,2.1212533622101293,1,False
web_sun_yat_sen_mausoleum_01,0.5,0.0,hqs_10000,hqs_round1,1,6.572440539311469e-05,5.8314470593097996e-05,0.519503285010714,0.00046121376800534186,11.274251559517278,1,True
web_sun_yat_sen_mausoleum_01,0.5,0.0,hqs_5000,hqs_round1,1,6.572440539311469e-05,5.9578276792710217e-05,0.4263872796528574,0.00033296866989140916,9.351364327517132,1,True
web_sun_yat_sen_mausoleum_02,0.01,0.0,hqs_10000,hqs,1,0.005106296040743242,0.004628746899450872,0.42642555548424355,0.02033208826275834,9.352163240869615,1,True
web_sun_yat_sen_mausoleum_02,0.01,0.0,hqs_10000,hqs_5000,1,0.004642466238694336,0.004628746899450872,0.012853199660110448,0.0009240266497961835,0.2955183417192142,1,False
web_sun_yat_sen_mausoleum_02,0.01,0.0,hqs_10000,hqs_round1,1,0.004953754349856022,0.004628746899450872,0.2947103254623933,0.013098316685289269,6.560830986998711,1,True
web_sun_yat_sen_mausoleum_02,0.01,0.0,hqs_5000,hqs_round1,1,0.004953754349856022,0.004642466238694336,0.28185712580228284,0.012174290035493085,6.2838826711448466,1,True
web_sun_yat_sen_mausoleum_02,0.04,0.0,hqs_10000,hqs,1,0.0016469908239689188,0.0015154529746964657,0.3614871502546144,0.006515445674181053,7.986556291520386,1,True
web_sun_yat_sen_mausoleum_02,0.04,0.0,hqs_10000,hqs_5000,1,0.0015440380586066106,0.0015154529746964657,0.08115536421000513,0.0016543763025402836,1.851319904377291,1,False
web_sun_yat_sen_mausoleum_02,0.04,0.0,hqs_10000,hqs_round1,1,0.0016011477304657012,0.0015154529746964657,0.23888939576697865,0.004465943053424404,5.352083017618292,1,True
web_sun_yat_sen_mausoleum_02,0.04,0.0,hqs_5000,hqs_round1,1,0.0016011477304657012,0.0015440380586066106,0.15773403155697352,0.0028115667508841202,3.5667959159820906,1,False
web_sun_yat_sen_mausoleum_02,0.1,0.0,hqs_10000,hqs,1,0.0006927693684488015,0.0006031793324408903,0.6014222434053558,0.005197159086227421,12.932158967783847,1,True
web_sun_yat_sen_mausoleum_02,0.1,0.0,hqs_10000,hqs_5000,1,0.0006097455082799805,0.0006031793324408903,0.04702157455724176,0.0013563083810805843,1.076871539015123,1,False
web_sun_yat_sen_mausoleum_02,0.1,0.0,hqs_10000,hqs_round1,1,0.0006352175887891565,0.0006031793324408903,0.22476062645562678,0.002088555120944968,5.043666440240924,1,True
web_sun_yat_sen_mausoleum_02,0.1,0.0,hqs_5000,hqs_round1,1,0.0006352175887891565,0.0006097455082799805,0.17773905189838501,0.0007322467398643839,4.009977204461645,1,False
web_sun_yat_sen_mausoleum_02,0.1,0.01,hqs_10000,hqs,1,0.0008170170991478005,0.0007418981272383083,0.41898408574520946,0.007510959768533665,9.194296176646233,1,True
web_sun_yat_sen_mausoleum_02,0.1,0.01,hqs_10000,hqs_5000,1,0.0007443770697183116,0.0007418981272383083,0.014387290076969114,0.0011011347423394158,0.3330224130817738,1,False
web_sun_yat_sen_mausoleum_02,0.1,0.01,hqs_10000,hqs_round1,1,0.0007761054302436718,0.0007418981272383083,0.19583075535849184,0.004304150818983647,4.407558776469777,1,False
web_sun_yat_sen_mausoleum_02,0.1,0.01,hqs_5000,hqs_round1,1,0.0007761054302436718,0.0007443770697183116,0.18144346528152275,0.003203016076644231,4.0881508219055345,1,False
web_sun_yat_sen_mausoleum_02,0.1,0.05,hqs_10000,hqs,1,0.0028490975880898065,0.0016221277015586785,2.4473766161843193,0.13388701138010436,43.06521095171602,1,True
web_sun_yat_sen_mausoleum_02,0.1,0.05,hqs_10000,hqs_5000,1,0.001646896686360184,0.0016221277015586785,0.06591470010341638,0.009755105074018222,1.503979272448941,1,False
web_sun_yat_sen_mausoleum_02,0.1,0.05,hqs_10000,hqs_round1,1,0.0028417835957654926,0.0016221277015586785,2.4358213379886897,0.13235025524040422,42.91867600419007,1,True
web_sun_yat_sen_mausoleum_02,0.1,0.05,hqs_5000,hqs_round1,1,0.0028417835957654926,0.001646896686360184,2.3699066378852733,0.122595150166386,42.047076040054385,1,True
web_sun_yat_sen_mausoleum_02,0.25,0.0,hqs_10000,hqs,1,0.00017195450736854734,0.00015156674641580143,0.5480963628307052,0.0014745339479446118,11.856485337164868,1,True
web_sun_yat_sen_mausoleum_02,0.25,0.0,hqs_10000,hqs_5000,1,0.00015602813239842185,0.00015156674641580143,0.12598982178097629,0.0016129706354141016,2.859347166463644,1,False
web_sun_yat_sen_mausoleum_02,0.25,0.0,hqs_10000,hqs_round1,1,0.00016062094927866952,0.00015156674641580143,0.2519826028639045,0.0007542874002457456,5.636999970134338,1,True
web_sun_yat_sen_mausoleum_02,0.25,0.0,hqs_5000,hqs_round1,1,0.00016062094927866952,0.00015602813239842185,0.12599278108292822,-0.000858683235168356,2.859413358514873,1,False
web_sun_yat_sen_mausoleum_02,0.5,0.0,hqs_10000,hqs,1,4.6985735045755096e-05,4.141366823827706e-05,0.5482232527884889,0.0006718879346847562,11.859060632023544,1,True
web_sun_yat_sen_mausoleum_02,0.5,0.0,hqs_10000,hqs_5000,1,4.193275177287362e-05,4.141366823827706e-05,0.0540966317466669,0.0005705856952666899,1.2378952314127778,1,False
web_sun_yat_sen_mausoleum_02,0.5,0.0,hqs_10000,hqs_round1,1,4.41080146540486e-05,4.141366823827706e-05,0.2737381011138069,0.0002742376298904281,6.108518909554306,1,True
web_sun_yat_sen_mausoleum_02,0.5,0.0,hqs_5000,hqs_round1,1,4.41080146540486e-05,4.193275177287362e-05,0.21964146936714002,-0.0002963480653762618,4.93167261831251,1,False
web_sun_yat_sen_mausoleum_03,0.01,0.0,hqs_10000,hqs,1,0.004919578472129019,0.004875444022063667,0.03913717983130738,0.0021809672392572033,0.8971185298778606,1,False
web_sun_yat_sen_mausoleum_03,0.01,0.0,hqs_10000,hqs_5000,1,0.004901234222971417,0.004875444022063667,0.022912829165743887,0.0031608928129592817,0.5261980908170982,1,False
web_sun_yat_sen_mausoleum_03,0.01,0.0,hqs_10000,hqs_round1,1,0.004892690569517298,0.004875444022063667,0.015335759563452456,0.001002003876503288,0.3524961819797223,1,False
web_sun_yat_sen_mausoleum_03,0.01,0.0,hqs_5000,hqs_round1,1,0.004892690569517298,0.004901234222971417,-0.007577069602291431,-0.0021588889364559938,-0.1746207599423677,0,False
web_sun_yat_sen_mausoleum_03,0.04,0.0,hqs_10000,hqs,1,0.0025289928073517092,0.0024657746728442473,0.10994206758232394,0.0022789168893708744,2.499735638776379,1,False
web_sun_yat_sen_mausoleum_03,0.04,0.0,hqs_10000,hqs_5000,1,0.002473928223866167,0.0024657746728442473,0.014337078592294716,0.0003735496902815827,0.3295791261549885,1,False
web_sun_yat_sen_mausoleum_03,0.04,0.0,hqs_10000,hqs_round1,1,0.0024961759384450025,0.0024657746728442473,0.05321805128718182,0.0003714932389571324,1.2179135746214098,1,False
web_sun_yat_sen_mausoleum_03,0.04,0.0,hqs_5000,hqs_round1,1,0.0024961759384450025,0.002473928223866167,0.038880972694887106,-2.0564513244503146e-06,0.8912718945882747,1,False
web_sun_yat_sen_mausoleum_03,0.1,0.0,hqs_10000,hqs,1,0.0014096848171277366,0.001361390513580792,0.1513930220623294,0.0014082826426029538,3.4258937146918633,1,False
web_sun_yat_sen_mausoleum_03,0.1,0.0,hqs_10000,hqs_5000,1,0.001371809220331835,0.001361390513580792,0.03310997517392167,0.0015251961600780684,0.7594865668363648,1,False
web_sun_yat_sen_mausoleum_03,0.1,0.0,hqs_10000,hqs_round1,1,0.001378900316997712,0.001361390513580792,0.05550151403252812,0.00025582123398781853,1.2698382327624769,1,False
web_sun_yat_sen_mausoleum_03,0.1,0.0,hqs_5000,hqs_round1,1,0.001378900316997712,0.001371809220331835,0.022391538858606452,-0.0012693749260902498,0.5142573816587781,1,False
web_sun_yat_sen_mausoleum_03,0.1,0.01,hqs_10000,hqs,1,0.0015209399552004142,0.0014744037145773667,0.13491712742348128,0.0018118097544511287,3.05970268345771,1,False
web_sun_yat_sen_mausoleum_03,0.1,0.01,hqs_10000,hqs_5000,1,0.0014829833220326334,0.0014744037145773667,0.025226477820348,0.0014395055335561697,0.578537015743863,1,False
web_sun_yat_sen_mausoleum_03,0.1,0.01,hqs_10000,hqs_round1,1,0.0015098679804875937,0.0014744037145773667,0.1032369366439904,0.0011057930199305603,2.3488322402051565,1,False
web_sun_yat_sen_mausoleum_03,0.1,0.01,hqs_5000,hqs_round1,1,0.0015098679804875937,0.0014829833220326334,0.0780104588236424,-0.00033371251362560955,1.7805966350964098,1,False
web_sun_yat_sen_mausoleum_03,0.1,0.05,hqs_10000,hqs,1,0.0027433916689269026,0.002229333764485416,0.9010802628615787,0.09622231386602882,18.738042776172904,1,True
web_sun_yat_sen_mausoleum_03,0.1,0.05,hqs_10000,hqs_5000,1,0.0022228267666939885,0.002229333764485416,-0.012687188203618879,0.004724497492949824,-0.29273526344588685,0,False
web_sun_yat_sen_mausoleum_03,0.1,0.05,hqs_10000,hqs_round1,1,0.0027572880829879755,0.002229333764485416,0.9232561251219226,0.08932645796420786,19.147593672201058,1,True
web_sun_yat_sen_mausoleum_03,0.1,0.05,hqs_5000,hqs_round1,1,0.0027572880829879755,0.0022228267666939885,0.9359433133255415,0.08460196047125805,19.383586343100223,1,True
web_sun_yat_sen_mausoleum_03,0.25,0.0,hqs_10000,hqs,1,0.0005327518151553355,0.0004966294516799622,0.3049246708352271,0.003522535003662064,6.7803360679007945,1,True
web_sun_yat_sen_mausoleum_03,0.25,0.0,hqs_10000,hqs_5000,1,0.0005035370201110561,0.0004966294516799622,0.05998934450013138,0.0008301182932852758,1.3718094509854506,1,False
web_sun_yat_sen_mausoleum_03,0.25,0.0,hqs_10000,hqs_round1,1,0.0005114530425493432,0.0004966294516799622,0.12773295494606174,0.0014371850366592387,2.8983288075661306,1,False
web_sun_yat_sen_mausoleum_03,0.25,0.0,hqs_5000,hqs_round1,1,0.0005114530425493432,0.0005035370201110561,0.06774361044593036,0.0006070667433739629,1.5477515587412616,1,False
web_sun_yat_sen_mausoleum_03,0.5,0.0,hqs_10000,hqs,1,0.00014265308474556573,0.00012847558310710112,0.45460569847920596,0.0013357149868011842,9.938447292430741,1,True
web_sun_yat_sen_mausoleum_03,0.5,0.0,hqs_10000,hqs_5000,1,0.00012945555397620684,0.00012847558310710112,0.033000900437549774,4.069954490659722e-05,0.7569940717150225,1,False
web_sun_yat_sen_mausoleum_03,0.5,0.0,hqs_10000,hqs_round1,1,0.00013497017873816315,0.00012847558310710112,0.21417225535586937,0.0004425514879227155,4.811874513155456,1,False
web_sun_yat_sen_mausoleum_03,0.5,0.0,hqs_5000,hqs_round1,1,0.00013497017873816315,0.00012945555397620684,0.1811713549183196,0.00040185194301611826,4.085809779250916,1,False
web_xuanwu_lake_01,0.01,0.0,hqs_10000,hqs,1,0.001251258698233884,0.001260116181093304,-0.03063478823140997,-0.0014563266137954667,-0.7078858170514124,0,False
web_xuanwu_lake_01,0.01,0.0,hqs_10000,hqs_5000,1,0.001241098042223647,0.001260116181093304,-0.06604497821249211,-0.002000354274269145,-1.5323639408521217,0,False
web_xuanwu_lake_01,0.01,0.0,hqs_10000,hqs_round1,1,0.0012573481959877592,0.001260116181093304,-0.009550253443098455,-0.0009602802995573034,-0.2201446754667824,0,False
web_xuanwu_lake_01,0.01,0.0,hqs_5000,hqs_round1,1,0.0012573481959877592,0.001241098042223647,0.056494724769393656,0.0010400739747118415,1.292414767521588,1,False
web_xuanwu_lake_01,0.04,0.0,hqs_10000,hqs,1,0.0006820490951498527,0.0006765435042775884,0.03519908507191616,0.0004800763959885712,0.8072132800139187,1,False
web_xuanwu_lake_01,0.04,0.0,hqs_10000,hqs_5000,1,0.000680014764958099,0.0006765435042775884,0.022226139243532117,0.0002691316610575756,0.5104684279501615,1,False
web_xuanwu_lake_01,0.04,0.0,hqs_10000,hqs_round1,1,0.0006766299451388774,0.0006765435042775884,0.000554855538084098,-0.00029653558397291224,0.01277520480877925,1,False
web_xuanwu_lake_01,0.04,0.0,hqs_5000,hqs_round1,1,0.0006766299451388774,0.000680014764958099,-0.02167128370544802,-0.0005656672450304878,-0.5002468252460757,0,False
web_xuanwu_lake_01,0.1,0.0,hqs_10000,hqs,1,0.0004553409979880617,0.0004381302285555739,0.16733536948512295,0.0014246840715408382,3.7797539664853663,1,False
web_xuanwu_lake_01,0.1,0.0,hqs_10000,hqs_5000,1,0.0004372671546671803,0.0004381302285555739,-0.00856361592661159,-0.00021630498600011538,-0.19737908031316476,0,False
web_xuanwu_lake_01,0.1,0.0,hqs_10000,hqs_round1,1,0.0004394800803982212,0.0004381302285555739,0.013359771711016322,-0.0007943440756797981,0.30714744600578436,1,False
web_xuanwu_lake_01,0.1,0.0,hqs_5000,hqs_round1,1,0.0004394800803982212,0.0004372671546671803,0.02192338763762791,-0.0005780390896796828,0.503532658189132,1,False
web_xuanwu_lake_01,0.1,0.01,hqs_10000,hqs,1,0.0005639533986088224,0.0005254076077534706,0.30746933689668526,0.016425349505265568,6.834924827199873,1,True
web_xuanwu_lake_01,0.1,0.01,hqs_10000,hqs_5000,1,0.0005245896299617266,0.0005254076077534706,-0.006781049220968782,-0.00011068069640796097,-0.1559271752672009,0,False
web_xuanwu_lake_01,0.1,0.01,hqs_10000,hqs_round1,1,0.0005448583938742262,0.0005254076077534706,0.15787630354168178,0.009702698727051429,3.5698791354668136,1,False
web_xuanwu_lake_01,0.1,0.01,hqs_5000,hqs_round1,1,0.0005448583938742262,0.0005245896299617266,0.16465735276265056,0.00981337942345939,3.720005810753535,1,False
web_xuanwu_lake_01,0.1,0.05,hqs_10000,hqs,1,0.0018782664149418384,0.0008933145815559687,3.2270515010458944,0.2980048375689438,52.43941038132065,1,True
web_xuanwu_lake_01,0.1,0.05,hqs_10000,hqs_5000,1,0.0008958712696612013,0.0008933145815559687,0.012337343017745658,0.0030502949659054757,0.285385656602144,1,False
web_xuanwu_lake_01,0.1,0.05,hqs_10000,hqs_round1,1,0.0017839971125366465,0.0008933145815559687,3.003833658597904,0.27802532210028924,49.92623164699105,1,True
web_xuanwu_lake_01,0.1,0.05,hqs_5000,hqs_round1,1,0.0017839971125366465,0.0008958712696612013,2.9914963155801586,0.27497502713438376,49.78291930151325,1,True
web_xuanwu_lake_01,0.25,0.0,hqs_10000,hqs,1,0.0002415707384047151,0.00023542178035074727,0.11197687125205391,-0.0008496262874603255,2.5454068214446512,1,False
web_xuanwu_lake_01,0.25,0.0,hqs_10000,hqs_5000,1,0.00023363814693897264,0.00023542178035074727,-0.03302886633444757,-0.0011481731777190918,-0.7634170340516055,0,False
web_xuanwu_lake_01,0.25,0.0,hqs_10000,hqs_round1,1,0.0002350546708919609,0.00023542178035074727,-0.006777539838253688,-0.0024614301948547856,-0.156180456824484,0,False
web_xuanwu_lake_01,0.25,0.0,hqs_5000,hqs_round1,1,0.0002350546708919609,0.00023363814693897264,0.026251326496193883,-0.0013132570171356939,0.6026359517183777,1,False
web_xuanwu_lake_01,0.5,0.0,hqs_10000,hqs,1,0.00010623018180153523,0.00010801839090102758,-0.07249778786776062,-0.005041442320823708,-1.6833343115548516,0,False
web_xuanwu_lake_01,0.5,0.0,hqs_10000,hqs_5000,1,0.00010470516174572559,0.00010801839090102758,-0.13529611496274185,-0.0031613553962708263,-3.1643417574275023,0,False
web_xuanwu_lake_01,0.5,0.0,hqs_10000,hqs_round1,1,0.00010283179603295057,0.00010801839090102758,-0.2137028237019436,-0.005676961507797285,-5.043765710768167,0,False
web_xuanwu_lake_01,0.5,0.0,hqs_5000,hqs_round1,1,0.00010283179603295057,0.00010470516174572559,-0.07840670873920175,-0.0025156061115264583,-1.8217767121122108,0,False
web_xuanwu_lake_02,0.01,0.0,hqs_10000,hqs,1,0.0027460057236436248,0.002741582166863501,0.007001716435130589,0.0006798919850586893,0.16109058848771118,1,False
web_xuanwu_lake_02,0.01,0.0,hqs_10000,hqs_5000,1,0.0027221049021481014,0.002741582166863501,-0.030964088221924868,-0.002998266999410748,-0.7155221938739187,0,False
web_xuanwu_lake_02,0.01,0.0,hqs_10000,hqs_round1,1,0.0027526722068252005,0.002741582166863501,0.017532314206434307,0.0013444508841621294,0.4028826946485653,1,False
web_xuanwu_lake_02,0.01,0.0,hqs_5000,hqs_round1,1,0.0027526722068252005,0.0027221049021481014,0.048496402428359175,0.0043427178835728775,1.1104593057360002,1,False
web_xuanwu_lake_02,0.04,0.0,hqs_10000,hqs,1,0.001201039176470226,0.0011672270218746727,0.12401840672908904,0.005095296855628484,2.815241605600649,1,False
web_xuanwu_lake_02,0.04,0.0,hqs_10000,hqs_5000,1,0.0011666167995371965,0.0011672270218746727,-0.002271070561857158,0.0006447942157984388,-0.05230700755536333,0,False
web_xuanwu_lake_02,0.04,0.0,hqs_10000,hqs_round1,1,0.0011872637976465855,0.0011672270218746727,0.07391892254840471,0.00395811341735719,1.6876431178673212,1,False
web_xuanwu_lake_02,0.04,0.0,hqs_5000,hqs_round1,1,0.0011872637976465855,0.0011666167995371965,0.07618999311026187,0.003313319201558751,1.739040485384613,1,False
web_xuanwu_lake_02,0.1,0.0,hqs_10000,hqs,1,0.0006455342447766292,0.0006234442507462799,0.15121661654458762,0.0015060676116942506,3.421970903804339,1,False
web_xuanwu_lake_02,0.1,0.0,hqs_10000,hqs_5000,1,0.000627181483666225,0.0006234442507462799,0.025956038186755848,0.0006259464726448005,0.5958774321746407,1,False
web_xuanwu_lake_02,0.1,0.0,hqs_10000,hqs_round1,1,0.0006314384435451159,0.0006234442507462799,0.05533394957834048,0.00041929816675179143,1.2660288394786057,1,False
web_xuanwu_lake_02,0.1,0.0,hqs_5000,hqs_round1,1,0.0006314384435451159,0.000627181483666225,0.029377911391584632,-0.0002066483058930091,0.6741686260011037,1,False
web_xuanwu_lake_02,0.1,0.01,hqs_10000,hqs,1,0.000762952327435765,0.0007369879652971203,0.1503215601344247,0.0044712174923419905,3.403143447495516,1,False
web_xuanwu_lake_02,0.1,0.01,hqs_10000,hqs_5000,1,0.0007391020254309352,0.0007369879652971203,0.012485791593784748,0.0004865187488396483,0.28603089439273033,1,False
web_xuanwu_lake_02,0.1,0.01,hqs_10000,hqs_round1,1,0.0007660039685340593,0.0007369879652971203,0.16763945074136544,0.0031930016712347076,3.7879703537918252,1,False
web_xuanwu_lake_02,0.1,0.01,hqs_5000,hqs_round1,1,0.0007660039685340593,0.0007391020254309352,0.1551536591475807,0.0027064829223950593,3.511984820993519,1,False
web_xuanwu_lake_02,0.1,0.05,hqs_10000,hqs,1,0.002020945332004512,0.001402282464159458,1.5873252063677477,0.15014113125995565,30.612548397408744,1,True
web_xuanwu_lake_02,0.1,0.05,hqs_10000,hqs_5000,1,0.001393297362097215,0.001402282464159458,-0.02806421545008675,0.001839208843877116,-0.6448804330411173,0,False
web_xuanwu_lake_02,0.1,0.05,hqs_10000,hqs_round1,1,0.002025424659725465,0.001402282464159458,1.5967254524174603,0.13878570491333755,30.766002209653674,1,True
web_xuanwu_lake_02,0.1,0.05,hqs_5000,hqs_round1,1,0.002025424659725465,0.001393297362097215,1.624789667867547,0.13694649606946044,31.20961792347937,1,True
web_xuanwu_lake_02,0.25,0.0,hqs_10000,hqs,1,0.00027482315213263683,0.00026651549054123176,0.13330860155534197,0.0007194688844680552,3.0229118350973527,1,False
web_xuanwu_lake_02,0.25,0.0,hqs_10000,hqs_5000,1,0.0002707110871872249,0.00026651549054123176,0.0678358664114711,0.0005984084558486868,1.549842930183154,1,False
web_xuanwu_lake_02,0.25,0.0,hqs_10000,hqs_round1,1,0.0002681585808199756,0.00026651549054123176,0.026692421640355235,-0.00016895595359800453,0.6127308228286443,1,False
web_xuanwu_lake_02,0.25,0.0,hqs_5000,hqs_round1,1,0.0002681585808199756,0.0002707110871872249,-0.04114344477111587,-0.0007673644094466914,-0.9518645122017944,0,False
web_xuanwu_lake_02,0.5,0.0,hqs_10000,hqs,1,0.00010833160119955818,0.00010000132770605986,0.347493961849878,0.0016843133726119897,7.68960617332064,1,True
web_xuanwu_lake_02,0.5,0.0,hqs_10000,hqs_5000,1,9.943089429520465e-05,0.00010000132770605986,-0.024844205789946727,-0.00023337568759917993,-0.5736983609557322,0,False
web_xuanwu_lake_02,0.5,0.0,hqs_10000,hqs_round1,1,0.00010425114535601982,0.00010000132770605986,0.18075068935835503,0.000735093780517615,4.076518905808424,1,False
web_xuanwu_lake_02,0.5,0.0,hqs_5000,hqs_round1,1,0.00010425114535601982,9.943089429520465e-05,0.20559489514830176,0.0009684694681167949,4.6236912259850165,1,False
web_xuanwu_lake_03,0.01,0.0,hqs_10000,hqs,1,0.0005863081748618961,0.000533758699878685,0.407809827955127,0.004426299687085189,8.962773714623552,1,True
web_xuanwu_lake_03,0.01,0.0,hqs_10000,hqs_5000,1,0.0004821706182250754,0.000533758699878685,-0.44144224299530777,-0.0022726460074093957,-10.699134228359085,0,False
web_xuanwu_lake_03,0.01,0.0,hqs_10000,hqs_round1,1,0.0005413406387649785,0.000533758699878685,0.061256642859163435,0.001106372966710456,1.4005855728088323,1,False
web_xuanwu_lake_03,0.01,0.0,hqs_5000,hqs_round1,1,0.0005413406387649785,0.0004821706182250754,0.5026988858544712,0.0033790189741198517,10.930275006674972,1,True
web_xuanwu_lake_03,0.04,0.0,hqs_10000,hqs,1,0.00016513899715246073,0.00012987105263326316,1.0433728230812065,0.002846341119766227,21.356520947403634,1,True
web_xuanwu_lake_03,0.04,0.0,hqs_10000,hqs_5000,1,0.00012907955207924762,0.00012987105263326316,-0.026549109156206896,-0.0001647988381385801,-0.6131881783488113,0,False
web_xuanwu_lake_03,0.04,0.0,hqs_10000,hqs_round1,1,0.00014908811701282892,0.00012987105263326316,0.5993066902848767,0.0016327387838364071,12.889735791560197,1,True
web_xuanwu_lake_03,0.04,0.0,hqs_5000,hqs_round1,1,0.00014908811701282892,0.00012907955207924762,0.6258557994410836,0.0017975376219749872,13.420630251745402,1,True
web_xuanwu_lake_03,0.1,0.0,hqs_10000,hqs,1,8.363210714444531e-05,6.17772488893016e-05,1.315444750770574,0.0029488251981735214,26.132138722030597,1,True
web_xuanwu_lake_03,0.1,0.0,hqs_10000,hqs_5000,1,6.191562723918131e-05,6.17772488893016e-05,0.009717128539662667,0.0002276316728592187,0.22349503033401996,1,False
web_xuanwu_lake_03,0.1,0.0,hqs_10000,hqs_round1,1,6.881225495110059e-05,6.17772488893016e-05,0.46837225673494487,0.0011356326837539399,10.223478458594638,1,True
web_xuanwu_lake_03,0.1,0.0,hqs_5000,hqs_round1,1,6.881225495110059e-05,6.191562723918131e-05,0.4586551281952822,0.0009080010108947212,10.022382956088515,1,True
web_xuanwu_lake_03,0.1,0.01,hqs_10000,hqs,1,0.00014901329138973342,0.00011000737016517251,1.3175721300022925,0.020936991786003094,26.176135605611016,1,True
web_xuanwu_lake_03,0.1,0.01,hqs_10000,hqs_5000,1,0.00011078359251627614,0.00011000737016517251,0.0307417982473505,0.00013604552332557862,0.7006654446501948,1,False
web_xuanwu_lake_03,0.1,0.01,hqs_10000,hqs_round1,1,0.00013480424485956606,0.00011000737016517251,0.8833266461931757,0.017363033077081053,18.394728385761137,1,True
web_xuanwu_lake_03,0.1,0.01,hqs_5000,hqs_round1,1,0.00013480424485956606,0.00011078359251627614,0.8525848479458252,0.017226987553755475,17.8189139135149,1,True
web_xuanwu_lake_03,0.1,0.05,hqs_10000,hqs,1,0.0012429217678639308,0.0003008014461020161,6.162276893527635,0.3446272808795943,75.79884318713239,1,True
web_xuanwu_lake_03,0.1,0.05,hqs_10000,hqs_5000,1,0.00030371282017318575,0.0003008014461020161,0.041290107014283706,0.0009721421606937822,0.9585943950306319,1,False
web_xuanwu_lake_03,0.1,0.05,hqs_10000,hqs_round1,1,0.001209896692152614,0.0003008014461020161,6.045444184574557,0.3373587991592375,75.1382536994263,1,True
web_xuanwu_lake_03,0.1,0.05,hqs_5000,hqs_round1,1,0.001209896692152614,0.00030371282017318575,6.0041540775602735,0.3363866569985437,74.89762372745821,1,True
web_xuanwu_lake_03,0.25,0.0,hqs_10000,hqs,1,2.6406435908869037e-05,2.275632181600121e-05,0.6460772134078354,0.0006444709997176501,13.822819957470578,1,True
web_xuanwu_lake_03,0.25,0.0,hqs_10000,hqs_5000,1,2.2874571459154772e-05,2.275632181600121e-05,0.02250899720890942,0.00019479103279107512,0.5169480152435235,1,False
web_xuanwu_lake_03,0.25,0.0,hqs_10000,hqs_round1,1,2.425259816978267e-05,2.275632181600121e-05,0.27656204343151103,0.00029784622287754026,6.169550756197884,1,True
web_xuanwu_lake_03,0.25,0.0,hqs_5000,hqs_round1,1,2.425259816978267e-05,2.2874571459154772e-05,0.2540530462226016,0.00010305519008646513,5.681975601050604,1,True
web_xuanwu_lake_03,0.5,0.0,hqs_10000,hqs,1,8.117610462400228e-06,7.469135077523184e-06,0.36157893486578985,0.00011909303665158522,7.988500900365969,1,True
web_xuanwu_lake_03,0.5,0.0,hqs_10000,hqs_5000,1,7.51659136089842e-06,7.469135077523184e-06,0.02750626869074324,6.850333404539999e-05,0.6313537758897647,1,False
web_xuanwu_lake_03,0.5,0.0,hqs_10000,hqs_round1,1,7.563827250005012e-06,7.469135077523184e-06,0.05471287827589322,-3.2029626846341586e-05,1.2519081855255965,1,False
web_xuanwu_lake_03,0.5,0.0,hqs_5000,hqs_round1,1,7.563827250005012e-06,7.51659136089842e-06,0.027206609585149977,-0.00010053296089174157,0.6244971962647616,1,False
