image,dataset,sequence,split,cr,actual_cr,sigma,seed,measurement_sha256,method,psnr,ssim,seconds,relative_residual
kodim01,Kodak,kodim01,test,0.01,0.01031494140625,0.0,2026,d33ef8bea12e47cd5f1843e123330d6ef8aef952e1bd91dc5a65eefe340bea63,hqs,21.40141110494799,0.3524414844310357,0.3194252090761438,0.003493034979328513
kodim01,Kodak,kodim01,test,0.01,0.01031494140625,0.0,2026,d33ef8bea12e47cd5f1843e123330d6ef8aef952e1bd91dc5a65eefe340bea63,hqs_round1,21.390239019842163,0.3503964126674332,0.312799954903312,0.0030435912776738405
kodim01,Kodak,kodim01,test,0.01,0.01031494140625,0.0,2026,d33ef8bea12e47cd5f1843e123330d6ef8aef952e1bd91dc5a65eefe340bea63,hqs_finetuned,21.38328833711875,0.34521803768920695,0.33074457105249166,0.010742399841547012
kodim01,Kodak,kodim01,test,0.04,0.041259765625,0.0,2026,a761049609e5e2a73fd49f74281d81621426801a0cebb4c3adbdcb0b9dc76dcc,hqs,22.847005047568352,0.4877464994832657,0.3239654500503093,0.004120425321161747
kodim01,Kodak,kodim01,test,0.04,0.041259765625,0.0,2026,a761049609e5e2a73fd49f74281d81621426801a0cebb4c3adbdcb0b9dc76dcc,hqs_round1,22.899402173279135,0.4900694522979716,0.31583200895693153,0.004054815974086523
kodim01,Kodak,kodim01,test,0.04,0.041259765625,0.0,2026,a761049609e5e2a73fd49f74281d81621426801a0cebb4c3adbdcb0b9dc76dcc,hqs_finetuned,23.054928657355887,0.49072791727693493,0.3445068330038339,0.00889552105218172
kodim01,Kodak,kodim01,test,0.1,0.1001129150390625,0.0,2026,40e7cc33fdc3172c07c2679b8848e4ab3416ce89db487b17f58f0cad6529b495,hqs,24.92010058318052,0.6745541009800806,0.3187574290204793,0.0039202370680868626
kodim01,Kodak,kodim01,test,0.1,0.1001129150390625,0.0,2026,40e7cc33fdc3172c07c2679b8848e4ab3416ce89db487b17f58f0cad6529b495,hqs_round1,25.216023899726384,0.6891392988304533,0.316690691979602,0.004492342006415129
kodim01,Kodak,kodim01,test,0.1,0.1001129150390625,0.0,2026,40e7cc33fdc3172c07c2679b8848e4ab3416ce89db487b17f58f0cad6529b495,hqs_finetuned,25.323717943868928,0.6912694895810299,0.32278790907002985,0.008937686681747437
kodim01,Kodak,kodim01,test,0.25,0.25,0.0,2026,560bb999d590907f16f75db9e189cc271fb52748353b059f5e8dcac0eb372667,hqs,28.337345294926774,0.8444972710380554,0.3202138190390542,0.003506054636090994
kodim01,Kodak,kodim01,test,0.25,0.25,0.0,2026,560bb999d590907f16f75db9e189cc271fb52748353b059f5e8dcac0eb372667,hqs_round1,28.483979211824114,0.849692727437973,0.3188724499195814,0.0037215999327600002
kodim01,Kodak,kodim01,test,0.25,0.25,0.0,2026,560bb999d590907f16f75db9e189cc271fb52748353b059f5e8dcac0eb372667,hqs_finetuned,28.497334064687145,0.8481970888502598,0.31809097109362483,0.006100036203861237
kodim01,Kodak,kodim01,test,0.5,0.4998931884765625,0.0,2026,5790a489d4d478f1d503ea674ca3b788f0fd12dfb1404c368793ff8b20bfd700,hqs,32.331193784423945,0.9360878987903595,0.32624184095766395,0.0027124404441565275
kodim01,Kodak,kodim01,test,0.5,0.4998931884765625,0.0,2026,5790a489d4d478f1d503ea674ca3b788f0fd12dfb1404c368793ff8b20bfd700,hqs_round1,32.50613186937833,0.9382501926975251,0.31771725602447987,0.0030286558903753757
kodim01,Kodak,kodim01,test,0.5,0.4998931884765625,0.0,2026,5790a489d4d478f1d503ea674ca3b788f0fd12dfb1404c368793ff8b20bfd700,hqs_finetuned,32.52830172480819,0.9375030504436493,0.31708435609471053,0.00481843389570713
kodim01,Kodak,kodim01,test,0.1,0.1001129150390625,0.01,2026,0885d6f5e9c9eef8695d9f6987cfe2d33e58fefb33dbcc0a248dcc9ac5fcdd4e,hqs,24.833715104510308,0.669165103552457,0.3203541599214077,0.0037864497862756252
kodim01,Kodak,kodim01,test,0.1,0.1001129150390625,0.01,2026,0885d6f5e9c9eef8695d9f6987cfe2d33e58fefb33dbcc0a248dcc9ac5fcdd4e,hqs_round1,25.113974587491864,0.684346173342511,0.31563259300310165,0.0043973238207399845
kodim01,Kodak,kodim01,test,0.1,0.1001129150390625,0.01,2026,0885d6f5e9c9eef8695d9f6987cfe2d33e58fefb33dbcc0a248dcc9ac5fcdd4e,hqs_finetuned,25.26633878400267,0.6878370838544443,0.316591740003787,0.009649551473557949
kodim01,Kodak,kodim01,test,0.1,0.1001129150390625,0.01,2027,23ee99aac06587a25b06d2eb63b9b1d9f17073efe8135abdfbd77b495e134c1f,hqs,24.863885179655433,0.671398796789594,0.3186993800336495,0.0038253962993621826
kodim01,Kodak,kodim01,test,0.1,0.1001129150390625,0.01,2027,23ee99aac06587a25b06d2eb63b9b1d9f17073efe8135abdfbd77b495e134c1f,hqs_round1,25.1692915274933,0.6862427448112727,0.3178290110081434,0.004360400605946779
kodim01,Kodak,kodim01,test,0.1,0.1001129150390625,0.01,2027,23ee99aac06587a25b06d2eb63b9b1d9f17073efe8135abdfbd77b495e134c1f,hqs_finetuned,25.27029633115978,0.6878727547278647,0.31889684800989926,0.009448615834116936
kodim01,Kodak,kodim01,test,0.1,0.1001129150390625,0.01,2028,00fee969c613f5d1c1bc07b90f061a1a81ee7f062536773e5982e2274a812029,hqs,24.87283277440666,0.6711998458683193,0.3174907099455595,0.0038205734454095364
kodim01,Kodak,kodim01,test,0.1,0.1001129150390625,0.01,2028,00fee969c613f5d1c1bc07b90f061a1a81ee7f062536773e5982e2274a812029,hqs_round1,25.152502234865743,0.6856500170351714,0.31729637389071286,0.004407629836350679
kodim01,Kodak,kodim01,test,0.1,0.1001129150390625,0.01,2028,00fee969c613f5d1c1bc07b90f061a1a81ee7f062536773e5982e2274a812029,hqs_finetuned,25.25442056770412,0.6870851188551449,0.31844997906591743,0.010005750693380833
kodim01,Kodak,kodim01,test,0.1,0.1001129150390625,0.05,2026,f2adec02b27f4358d1bebf0de777d7a4afbd21e89c1b32a6223e5450be8c4860,hqs,23.721091589898275,0.5869507003969785,0.3165587129769847,0.0034955786541104317
kodim01,Kodak,kodim01,test,0.1,0.1001129150390625,0.05,2026,f2adec02b27f4358d1bebf0de777d7a4afbd21e89c1b32a6223e5450be8c4860,hqs_round1,23.845394044846632,0.595439136076745,0.3201561060268432,0.0035410276614129543
kodim01,Kodak,kodim01,test,0.1,0.1001129150390625,0.05,2026,f2adec02b27f4358d1bebf0de777d7a4afbd21e89c1b32a6223e5450be8c4860,hqs_finetuned,24.209695655866486,0.6131213986888016,0.3181092139566317,0.026652393862605095
kodim01,Kodak,kodim01,test,0.1,0.1001129150390625,0.05,2027,5c7ca26ccbc2cfcab0ba7ceb0ed96848a235f4d64fc8edd8f0b577c57dbcd1fe,hqs,23.836204220682745,0.5971409397840673,0.3206476029008627,0.0034546260721981525
kodim01,Kodak,kodim01,test,0.1,0.1001129150390625,0.05,2027,5c7ca26ccbc2cfcab0ba7ceb0ed96848a235f4d64fc8edd8f0b577c57dbcd1fe,hqs_round1,23.94404836806568,0.6048239399369759,0.3218680419959128,0.003412781050428748
kodim01,Kodak,kodim01,test,0.1,0.1001129150390625,0.05,2027,5c7ca26ccbc2cfcab0ba7ceb0ed96848a235f4d64fc8edd8f0b577c57dbcd1fe,hqs_finetuned,24.30645100735441,0.6224562568581105,0.31823745300062,0.025577951222658157
kodim01,Kodak,kodim01,test,0.1,0.1001129150390625,0.05,2028,3a43eab3a49ca6bf20b9330c7df1fc1b51872449fb83d33383ede9d326bc25ce,hqs,23.815888947992402,0.5966635068784207,0.3195190120022744,0.0036015589721500874
kodim01,Kodak,kodim01,test,0.1,0.1001129150390625,0.05,2028,3a43eab3a49ca6bf20b9330c7df1fc1b51872449fb83d33383ede9d326bc25ce,hqs_round1,23.92436795456498,0.6040600804672847,0.3164725850801915,0.0036168762017041445
kodim01,Kodak,kodim01,test,0.1,0.1001129150390625,0.05,2028,3a43eab3a49ca6bf20b9330c7df1fc1b51872449fb83d33383ede9d326bc25ce,hqs_finetuned,24.282700661788667,0.621618207144673,0.3183311680331826,0.02869371697306633
kodim02,Kodak,kodim02,test,0.01,0.01031494140625,0.0,2026,77e12487fdd1f296a2ca197c6142c02d5673f6f36661b67989afc0e5c5756413,hqs,28.350071837155784,0.6912158475756793,0.3155765440315008,0.003449088893830776
kodim02,Kodak,kodim02,test,0.01,0.01031494140625,0.0,2026,77e12487fdd1f296a2ca197c6142c02d5673f6f36661b67989afc0e5c5756413,hqs_round1,28.37888357645874,0.6927035578853256,0.3185639959992841,0.0033711916767060757
kodim02,Kodak,kodim02,test,0.01,0.01031494140625,0.0,2026,77e12487fdd1f296a2ca197c6142c02d5673f6f36661b67989afc0e5c5756413,hqs_finetuned,28.34295057512332,0.6925734942536275,0.31603134993929416,0.003630121937021613
kodim02,Kodak,kodim02,test,0.04,0.041259765625,0.0,2026,6f6ead28dde711a1e901295cb87cae9760a0e1000d869f0e0a89dcaf534848e8,hqs,31.268052672775546,0.7951065081158877,0.31683461798820645,0.002979629673063755
kodim02,Kodak,kodim02,test,0.04,0.041259765625,0.0,2026,6f6ead28dde711a1e901295cb87cae9760a0e1000d869f0e0a89dcaf534848e8,hqs_round1,31.285755433203377,0.7954156266543865,0.321005810983479,0.0031236144714057446
kodim02,Kodak,kodim02,test,0.04,0.041259765625,0.0,2026,6f6ead28dde711a1e901295cb87cae9760a0e1000d869f0e0a89dcaf534848e8,hqs_finetuned,31.1920870351911,0.7939336122486591,0.31180229305755347,0.004953612107783556
kodim02,Kodak,kodim02,test,0.1,0.1001129150390625,0.0,2026,2c2df344729ecb30d9b705885887aaba82025f2081c545cc5865754a9579aff6,hqs,33.18084626284823,0.8531527228868008,0.31995168805588037,0.002243457827717066
kodim02,Kodak,kodim02,test,0.1,0.1001129150390625,0.0,2026,2c2df344729ecb30d9b705885887aaba82025f2081c545cc5865754a9579aff6,hqs_round1,33.2464779785832,0.8547232788020372,0.31300074700266123,0.002632357645779848
kodim02,Kodak,kodim02,test,0.1,0.1001129150390625,0.0,2026,2c2df344729ecb30d9b705885887aaba82025f2081c545cc5865754a9579aff6,hqs_finetuned,33.26999686450688,0.8541907373981475,0.3124208359513432,0.004200569353997707
kodim02,Kodak,kodim02,test,0.25,0.25,0.0,2026,0e67eb543e56f17aa5c6e5fb5abedf66750d82becae90da29e28c479b6ac462d,hqs,36.26408046864129,0.9185647877278328,0.31620283506345004,0.0017090996261686087
kodim02,Kodak,kodim02,test,0.25,0.25,0.0,2026,0e67eb543e56f17aa5c6e5fb5abedf66750d82becae90da29e28c479b6ac462d,hqs_round1,36.446710919071364,0.9214577102966308,0.31462157098576427,0.0020974159706383944
kodim02,Kodak,kodim02,test,0.25,0.25,0.0,2026,0e67eb543e56f17aa5c6e5fb5abedf66750d82becae90da29e28c479b6ac462d,hqs_finetuned,36.38961852113881,0.9194684187746048,0.3109688210533932,0.00369389564730227
kodim02,Kodak,kodim02,test,0.5,0.4998931884765625,0.0,2026,312a3ac03fac800b7964160f0f28dfdd5bf18d66b022f1efe878d1f87868a76b,hqs,40.675942709646414,0.9670706549577713,0.3126702359877527,0.001472677569836378
kodim02,Kodak,kodim02,test,0.5,0.4998931884765625,0.0,2026,312a3ac03fac800b7964160f0f28dfdd5bf18d66b022f1efe878d1f87868a76b,hqs_round1,40.795349680050556,0.9681361789197922,0.31137837702408433,0.0018477453850209713
kodim02,Kodak,kodim02,test,0.5,0.4998931884765625,0.0,2026,312a3ac03fac800b7964160f0f28dfdd5bf18d66b022f1efe878d1f87868a76b,hqs_finetuned,40.6735123897075,0.966589089471817,0.31341975601390004,0.0036769695580005646
kodim02,Kodak,kodim02,test,0.1,0.1001129150390625,0.01,2026,066603e99ab35536c995a1cc3a2d49975067f7d2566756c0679422c66db70ef7,hqs,32.9334374392101,0.8454821119946241,0.31430263305082917,0.0020850892178714275
kodim02,Kodak,kodim02,test,0.1,0.1001129150390625,0.01,2026,066603e99ab35536c995a1cc3a2d49975067f7d2566756c0679422c66db70ef7,hqs_round1,32.95287710898042,0.8463268599998951,0.3130699989851564,0.002396578900516033
kodim02,Kodak,kodim02,test,0.1,0.1001129150390625,0.01,2026,066603e99ab35536c995a1cc3a2d49975067f7d2566756c0679422c66db70ef7,hqs_finetuned,33.01850867110888,0.84665317928648,0.3124417399521917,0.005751915276050568
kodim02,Kodak,kodim02,test,0.1,0.1001129150390625,0.01,2027,518282878fe96fbcfb28f1d9ad518c5fb2f052717ec1040053aa08b40c706b96,hqs,32.919651230515825,0.8454876096692086,0.31596036604605615,0.0020554978400468826
kodim02,Kodak,kodim02,test,0.1,0.1001129150390625,0.01,2027,518282878fe96fbcfb28f1d9ad518c5fb2f052717ec1040053aa08b40c706b96,hqs_round1,32.97238662314729,0.847362387171626,0.31667455192655325,0.0024656374007463455
kodim02,Kodak,kodim02,test,0.1,0.1001129150390625,0.01,2027,518282878fe96fbcfb28f1d9ad518c5fb2f052717ec1040053aa08b40c706b96,hqs_finetuned,33.015856948078095,0.846907534894228,0.31552606204058975,0.006811884697526693
kodim02,Kodak,kodim02,test,0.1,0.1001129150390625,0.01,2028,cd949becc22a822c498b6afa73393d8d6fa76798a5c59c5b01aeded8aae170ba,hqs,32.939903542956536,0.8458005973243713,0.31140029698144644,0.002073772717267275
kodim02,Kodak,kodim02,test,0.1,0.1001129150390625,0.01,2028,cd949becc22a822c498b6afa73393d8d6fa76798a5c59c5b01aeded8aae170ba,hqs_round1,32.97617615960246,0.8470963708367347,0.31229789496865124,0.002457357244566083
kodim02,Kodak,kodim02,test,0.1,0.1001129150390625,0.01,2028,cd949becc22a822c498b6afa73393d8d6fa76798a5c59c5b01aeded8aae170ba,hqs_finetuned,33.033739576187735,0.8469209937143326,0.316906024934724,0.007000559475272894
kodim02,Kodak,kodim02,test,0.1,0.1001129150390625,0.05,2026,721a77e6744b7e19b418c5cc2478d39020f46560aa54a63b8cee134c9a62afda,hqs,30.53429692767958,0.7332678942711354,0.3118721559876576,0.0016484769294038415
kodim02,Kodak,kodim02,test,0.1,0.1001129150390625,0.05,2026,721a77e6744b7e19b418c5cc2478d39020f46560aa54a63b8cee134c9a62afda,hqs_round1,30.53958086494557,0.7356210339591503,0.31437858601566404,0.0017018745420500636
kodim02,Kodak,kodim02,test,0.1,0.1001129150390625,0.05,2026,721a77e6744b7e19b418c5cc2478d39020f46560aa54a63b8cee134c9a62afda,hqs_finetuned,31.456054191091972,0.7949475392606259,0.312739813933149,0.04031598940491676
kodim02,Kodak,kodim02,test,0.1,0.1001129150390625,0.05,2027,17b1a758dc52c6eeda6168d5c2f72442ac1339aeedade7e02c50cfd11a06ee1b,hqs,30.486619262058316,0.7276830406367779,0.3133090469054878,0.0017978362739086151
kodim02,Kodak,kodim02,test,0.1,0.1001129150390625,0.05,2027,17b1a758dc52c6eeda6168d5c2f72442ac1339aeedade7e02c50cfd11a06ee1b,hqs_round1,30.48350418328077,0.7298575876948833,0.31682073196861893,0.0016588662983849645
kodim02,Kodak,kodim02,test,0.1,0.1001129150390625,0.05,2027,17b1a758dc52c6eeda6168d5c2f72442ac1339aeedade7e02c50cfd11a06ee1b,hqs_finetuned,31.383575235249648,0.7933104576263428,0.318700760952197,0.042995553463697433
kodim02,Kodak,kodim02,test,0.1,0.1001129150390625,0.05,2028,2a01f2020244849188f84c985a59bb575d6561606b3871ec1922490fd602d874,hqs,30.444177153992538,0.7267362504160404,0.31170406891033053,0.0020118176471441984
kodim02,Kodak,kodim02,test,0.1,0.1001129150390625,0.05,2028,2a01f2020244849188f84c985a59bb575d6561606b3871ec1922490fd602d874,hqs_round1,30.44012628748898,0.7282537234867811,0.3136992850340903,0.0018554083071649075
kodim02,Kodak,kodim02,test,0.1,0.1001129150390625,0.05,2028,2a01f2020244849188f84c985a59bb575d6561606b3871ec1922490fd602d874,hqs_finetuned,31.31828169749366,0.7913807003445625,0.31486382393632084,0.04352496936917305
kodim03,Kodak,kodim03,test,0.01,0.01031494140625,0.0,2026,9a965a798f0d789dd6c038b521119110e93bf8c52a2c6d28a261bdd3cd314189,hqs,28.935638505347455,0.8145928323984076,0.31719346693716943,0.0035812375135719776
kodim03,Kodak,kodim03,test,0.01,0.01031494140625,0.0,2026,9a965a798f0d789dd6c038b521119110e93bf8c52a2c6d28a261bdd3cd314189,hqs_round1,28.986273769574083,0.815269937255192,0.31330538308247924,0.0034910887479782104
kodim03,Kodak,kodim03,test,0.01,0.01031494140625,0.0,2026,9a965a798f0d789dd6c038b521119110e93bf8c52a2c6d28a261bdd3cd314189,hqs_finetuned,29.079142396380785,0.8176206749925814,0.3136503651039675,0.003988557029515505
kodim03,Kodak,kodim03,test,0.04,0.041259765625,0.0,2026,e9f2c2903c45da15b2946a926549ef1150c5b3e3a9ca619cbf700a8677d0b0fd,hqs,33.032941747098036,0.904002492713213,0.31339482602197677,0.0022437265142798424
kodim03,Kodak,kodim03,test,0.04,0.041259765625,0.0,2026,e9f2c2903c45da15b2946a926549ef1150c5b3e3a9ca619cbf700a8677d0b0fd,hqs_round1,33.356230896353416,0.9068457225061655,0.3137639909982681,0.0023152504581958055
kodim03,Kodak,kodim03,test,0.04,0.041259765625,0.0,2026,e9f2c2903c45da15b2946a926549ef1150c5b3e3a9ca619cbf700a8677d0b0fd,hqs_finetuned,33.48612893353837,0.9074735410363675,0.3123768890509382,0.0024576361756771803
kodim03,Kodak,kodim03,test,0.1,0.1001129150390625,0.0,2026,22da5bd8200cf4b7035f95f616a05db3abc83b384d556529c7cc3011fcf1a7e0,hqs,35.98648949975009,0.9379115232844353,0.3128452670061961,0.0016364394687116146
kodim03,Kodak,kodim03,test,0.1,0.1001129150390625,0.0,2026,22da5bd8200cf4b7035f95f616a05db3abc83b384d556529c7cc3011fcf1a7e0,hqs_round1,36.2081074106571,0.9393006405386924,0.31704263808205724,0.0017889576265588403
kodim03,Kodak,kodim03,test,0.1,0.1001129150390625,0.0,2026,22da5bd8200cf4b7035f95f616a05db3abc83b384d556529c7cc3011fcf1a7e0,hqs_finetuned,36.228018838255,0.9386494359269142,0.3139179759891704,0.001825004001148045
kodim03,Kodak,kodim03,test,0.25,0.25,0.0,2026,65036dd5536d2b0b46e2b865b5993a83a8a8a73fa5c8bb1c748b9dd0bb750491,hqs,40.534907127794725,0.9710301630029678,0.3134499950101599,0.0012232521548867226
kodim03,Kodak,kodim03,test,0.25,0.25,0.0,2026,65036dd5536d2b0b46e2b865b5993a83a8a8a73fa5c8bb1c748b9dd0bb750491,hqs_round1,40.75280373323517,0.9724223430614471,0.31401189509779215,0.001528609893284738
kodim03,Kodak,kodim03,test,0.25,0.25,0.0,2026,65036dd5536d2b0b46e2b865b5993a83a8a8a73fa5c8bb1c748b9dd0bb750491,hqs_finetuned,40.7716637280714,0.9719943172836304,0.313699641963467,0.0015123753109946847
kodim03,Kodak,kodim03,test,0.5,0.4998931884765625,0.0,2026,defd0217fffeeec2eeeaaebf9e164ad985f9288d46f63a7ba324da4603c8b552,hqs,46.33965530252786,0.9906483883047104,0.3165641661034897,0.0010150225134566426
kodim03,Kodak,kodim03,test,0.5,0.4998931884765625,0.0,2026,defd0217fffeeec2eeeaaebf9e164ad985f9288d46f63a7ba324da4603c8b552,hqs_round1,46.556933213392846,0.9910286403865814,0.31486149900592864,0.0012888865312561393
kodim03,Kodak,kodim03,test,0.5,0.4998931884765625,0.0,2026,defd0217fffeeec2eeeaaebf9e164ad985f9288d46f63a7ba324da4603c8b552,hqs_finetuned,46.564810442156755,0.9908322229309082,0.31363869400229305,0.0013634052593261003
kodim03,Kodak,kodim03,test,0.1,0.1001129150390625,0.01,2026,45b83599b707614afc8223bcc326c3b594c8a0ff851c6590b6395f4671e53e0a,hqs,35.135936029424634,0.9256201216349602,0.31373234500642866,0.0014227594947442412
kodim03,Kodak,kodim03,test,0.1,0.1001129150390625,0.01,2026,45b83599b707614afc8223bcc326c3b594c8a0ff851c6590b6395f4671e53e0a,hqs_round1,35.2903945757822,0.9273822931165695,0.3219588929787278,0.0015472534578293562
kodim03,Kodak,kodim03,test,0.1,0.1001129150390625,0.01,2026,45b83599b707614afc8223bcc326c3b594c8a0ff851c6590b6395f4671e53e0a,hqs_finetuned,35.3324755377957,0.9279188101577759,0.3142980420961976,0.0021214503794908524
kodim03,Kodak,kodim03,test,0.1,0.1001129150390625,0.01,2027,c28743e448bc21cbf52ec182b23f77e25203422bf74feff70ee19f89f9eaf7e3,hqs,35.091911723370416,0.9252388827419281,0.31384490395430475,0.0013117287307977676
kodim03,Kodak,kodim03,test,0.1,0.1001129150390625,0.01,2027,c28743e448bc21cbf52ec182b23f77e25203422bf74feff70ee19f89f9eaf7e3,hqs_round1,35.30368844280848,0.9275337374982834,0.3142266320064664,0.0014935252256691456
kodim03,Kodak,kodim03,test,0.1,0.1001129150390625,0.01,2027,c28743e448bc21cbf52ec182b23f77e25203422bf74feff70ee19f89f9eaf7e3,hqs_finetuned,35.42367822281952,0.9280858078398705,0.3155565180350095,0.0020281735341995955
kodim03,Kodak,kodim03,test,0.1,0.1001129150390625,0.01,2028,5a566a5c72e3aa6ccfa61850eb0e86dfe464eb117bef29dea3edf0f15233a096,hqs,35.167359690623854,0.9251941003527642,0.3157180859707296,0.0013846165966242552
kodim03,Kodak,kodim03,test,0.1,0.1001129150390625,0.01,2028,5a566a5c72e3aa6ccfa61850eb0e86dfe464eb117bef29dea3edf0f15233a096,hqs_round1,35.33795199343851,0.926960743891716,0.31227968202438205,0.0015297600766643882
kodim03,Kodak,kodim03,test,0.1,0.1001129150390625,0.01,2028,5a566a5c72e3aa6ccfa61850eb0e86dfe464eb117bef29dea3edf0f15233a096,hqs_finetuned,35.442039238820165,0.9277043356585503,0.3162154310848564,0.001978832297027111
kodim03,Kodak,kodim03,test,0.1,0.1001129150390625,0.05,2026,227fa08a0a674aa174112cec4718522f4f09c45326520821eca36094fb228ecc,hqs,30.742340896990395,0.756192338481903,0.31444442993961275,0.0016168199945241213
kodim03,Kodak,kodim03,test,0.1,0.1001129150390625,0.05,2026,227fa08a0a674aa174112cec4718522f4f09c45326520821eca36094fb228ecc,hqs_round1,30.777148913756093,0.7608638017933369,0.3148863329552114,0.0016553120221942663
kodim03,Kodak,kodim03,test,0.1,0.1001129150390625,0.05,2026,227fa08a0a674aa174112cec4718522f4f09c45326520821eca36094fb228ecc,hqs_finetuned,32.65300248333827,0.8860358128106595,0.3203964119311422,0.0384254977107048
kodim03,Kodak,kodim03,test,0.1,0.1001129150390625,0.05,2027,f27a36ce9832650f16b5a2f1be3233902606b0f86dd18cb7046bdc10ba200994,hqs,30.64185180462384,0.7603323304662705,0.3188749550608918,0.0016945304814726114
kodim03,Kodak,kodim03,test,0.1,0.1001129150390625,0.05,2027,f27a36ce9832650f16b5a2f1be3233902606b0f86dd18cb7046bdc10ba200994,hqs_round1,30.673570875273384,0.7649396965463161,0.3132230230839923,0.0017483884003013372
kodim03,Kodak,kodim03,test,0.1,0.1001129150390625,0.05,2027,f27a36ce9832650f16b5a2f1be3233902606b0f86dd18cb7046bdc10ba200994,hqs_finetuned,32.47668777301445,0.8853639840245247,0.31624284002464265,0.03838472068309784
kodim03,Kodak,kodim03,test,0.1,0.1001129150390625,0.05,2028,baae74f6bb3717cd82c7100e0f1fad2c53354524c4d4c581ee0a5d88f845523e,hqs,30.60405748674497,0.7478856833009719,0.3176431020256132,0.0015382335986942053
kodim03,Kodak,kodim03,test,0.1,0.1001129150390625,0.05,2028,baae74f6bb3717cd82c7100e0f1fad2c53354524c4d4c581ee0a5d88f845523e,hqs_round1,30.644123254472095,0.7519044996722937,0.31712952395901084,0.0016180709935724735
kodim03,Kodak,kodim03,test,0.1,0.1001129150390625,0.05,2028,baae74f6bb3717cd82c7100e0f1fad2c53354524c4d4c581ee0a5d88f845523e,hqs_finetuned,32.440818539377446,0.8817749915450811,0.3204672340070829,0.03800327330827713
kodim04,Kodak,kodim04,test,0.01,0.01031494140625,0.0,2026,7b81c68d3e4655049edc228949a6945d93c9c8b321a9fae21dc4646077e590c2,hqs,26.482988310501014,0.7080182705015652,0.3130997660337016,0.004347601439803839
kodim04,Kodak,kodim04,test,0.01,0.01031494140625,0.0,2026,7b81c68d3e4655049edc228949a6945d93c9c8b321a9fae21dc4646077e590c2,hqs_round1,26.478337833122296,0.7083162724520867,0.3199563999660313,0.004032020457088947
kodim04,Kodak,kodim04,test,0.01,0.01031494140625,0.0,2026,7b81c68d3e4655049edc228949a6945d93c9c8b321a9fae21dc4646077e590c2,hqs_finetuned,26.46756111808611,0.7082926501469408,0.3160338409943506,0.005098659545183182
kodim04,Kodak,kodim04,test,0.04,0.041259765625,0.0,2026,cfba17c2a33298d4e031587d377346082c5c006dea951139c6b1ce408df87239,hqs,30.911407925976988,0.830063345887065,0.31907954602502286,0.003165587317198515
kodim04,Kodak,kodim04,test,0.04,0.041259765625,0.0,2026,cfba17c2a33298d4e031587d377346082c5c006dea951139c6b1ce408df87239,hqs_round1,30.97912006533565,0.8308886540060639,0.332183358957991,0.003350077196955681
kodim04,Kodak,kodim04,test,0.04,0.041259765625,0.0,2026,cfba17c2a33298d4e031587d377346082c5c006dea951139c6b1ce408df87239,hqs_finetuned,30.931788934130022,0.8297524827779531,0.31627306807786226,0.0038646876346319914
kodim04,Kodak,kodim04,test,0.1,0.1001129150390625,0.0,2026,4f84fc23e66d02c05cfdae6fc398ae9b02ecc776dff63c6c7a377b89f3ddaefa,hqs,33.88674689623532,0.888631023633957,0.3195796519285068,0.002092525130137801
kodim04,Kodak,kodim04,test,0.1,0.1001129150390625,0.0,2026,4f84fc23e66d02c05cfdae6fc398ae9b02ecc776dff63c6c7a377b89f3ddaefa,hqs_round1,33.94855123380304,0.8891330282063484,0.3125630649738014,0.0023440823424607515
kodim04,Kodak,kodim04,test,0.1,0.1001129150390625,0.0,2026,4f84fc23e66d02c05cfdae6fc398ae9b02ecc776dff63c6c7a377b89f3ddaefa,hqs_finetuned,33.95077705293082,0.8885069584388733,0.31881535006687045,0.0026934612542390823
kodim04,Kodak,kodim04,test,0.25,0.25,0.0,2026,4fd411756b46eb27ee005030484b35e8744d4cac1a6f7da892194cb484ef0ade,hqs,37.44694241522331,0.9424057269697189,0.314510544994846,0.0017184789758175611
kodim04,Kodak,kodim04,test,0.25,0.25,0.0,2026,4fd411756b46eb27ee005030484b35e8744d4cac1a6f7da892194cb484ef0ade,hqs_round1,37.50790877228029,0.9429309061899185,0.3181839750614017,0.0019208439625799656
kodim04,Kodak,kodim04,test,0.25,0.25,0.0,2026,4fd411756b46eb27ee005030484b35e8744d4cac1a6f7da892194cb484ef0ade,hqs_finetuned,37.468676046162976,0.9423068726167679,0.3166796339210123,0.00242023472674191
kodim04,Kodak,kodim04,test,0.5,0.4998931884765625,0.0,2026,988d97e68f23c4d0268582d6f171aa91e2f95f22f0d0e5eef3c315a1266c60f4,hqs,41.719985224563565,0.9762328527479172,0.3165978599572554,0.0012286879355087876
kodim04,Kodak,kodim04,test,0.5,0.4998931884765625,0.0,2026,988d97e68f23c4d0268582d6f171aa91e2f95f22f0d0e5eef3c315a1266c60f4,hqs_round1,41.77941127137743,0.976456912106514,0.31512703199405223,0.001557562267407775
kodim04,Kodak,kodim04,test,0.5,0.4998931884765625,0.0,2026,988d97e68f23c4d0268582d6f171aa91e2f95f22f0d0e5eef3c315a1266c60f4,hqs_finetuned,41.77147389588246,0.9760923922986984,0.31377166300080717,0.002277055522426963
kodim04,Kodak,kodim04,test,0.1,0.1001129150390625,0.01,2026,e15ed4fabb6d22a16a9db43998df6f476a329e00c0142ac1b9c284cbe58ed6bf,hqs,33.500253267649924,0.8808400525755882,0.3186517170397565,0.0020141582936048508
kodim04,Kodak,kodim04,test,0.1,0.1001129150390625,0.01,2026,e15ed4fabb6d22a16a9db43998df6f476a329e00c0142ac1b9c284cbe58ed6bf,hqs_round1,33.52455313396132,0.8813552889466286,0.31525742006488144,0.002185664838179946
kodim04,Kodak,kodim04,test,0.1,0.1001129150390625,0.01,2026,e15ed4fabb6d22a16a9db43998df6f476a329e00c0142ac1b9c284cbe58ed6bf,hqs_finetuned,33.5791120068576,0.8813376316752434,0.31543038203381,0.0032349007669836283
kodim04,Kodak,kodim04,test,0.1,0.1001129150390625,0.01,2027,eeb7e5b4b17546a9283e2791fe6a4a557fd9186edb8fd99fa73fd44af530840f,hqs,33.527214694923025,0.8813100826816559,0.31363520200829953,0.0020805303938686848
kodim04,Kodak,kodim04,test,0.1,0.1001129150390625,0.01,2027,eeb7e5b4b17546a9283e2791fe6a4a557fd9186edb8fd99fa73fd44af530840f,hqs_round1,33.53634285556605,0.8816655995993614,0.315514960908331,0.0022844199556857347
kodim04,Kodak,kodim04,test,0.1,0.1001129150390625,0.01,2027,eeb7e5b4b17546a9283e2791fe6a4a557fd9186edb8fd99fa73fd44af530840f,hqs_finetuned,33.55695084049647,0.8814659234275818,0.3180709460284561,0.003097306005656719
kodim04,Kodak,kodim04,test,0.1,0.1001129150390625,0.01,2028,d618b17c3fb9d7a840dfc41b1b93ba073eeb643de2919c4d0764df8ee1a7edbb,hqs,33.53847339971494,0.8802132057504654,0.3149122688919306,0.00202508014626801
kodim04,Kodak,kodim04,test,0.1,0.1001129150390625,0.01,2028,d618b17c3fb9d7a840dfc41b1b93ba073eeb643de2919c4d0764df8ee1a7edbb,hqs_round1,33.560760239822535,0.8803911929092407,0.3149375410284847,0.0021808005403727293
kodim04,Kodak,kodim04,test,0.1,0.1001129150390625,0.01,2028,d618b17c3fb9d7a840dfc41b1b93ba073eeb643de2919c4d0764df8ee1a7edbb,hqs_finetuned,33.61219774772648,0.8802406830792427,0.3240222349995747,0.0033655718434602022
kodim04,Kodak,kodim04,test,0.1,0.1001129150390625,0.05,2026,6ea459c8ee538795b38228f45b82bdd54e2c507a50c5ef21dfe44013151fc45e,hqs,30.075737433787054,0.763855515045166,0.3180252540623769,0.0019091912545263767
kodim04,Kodak,kodim04,test,0.1,0.1001129150390625,0.05,2026,6ea459c8ee538795b38228f45b82bdd54e2c507a50c5ef21dfe44013151fc45e,hqs_round1,30.048419574867687,0.7653748915216326,0.31615017994772643,0.0017784511437639594
kodim04,Kodak,kodim04,test,0.1,0.1001129150390625,0.05,2026,6ea459c8ee538795b38228f45b82bdd54e2c507a50c5ef21dfe44013151fc45e,hqs_finetuned,31.252726094911687,0.8248716594297886,0.3140424709999934,0.03078160062432289
kodim04,Kodak,kodim04,test,0.1,0.1001129150390625,0.05,2027,ad0e8abd5033505bf1e52503dfbcd7115882652f7696cdc55be93d4addb0273c,hqs,29.969862316848822,0.7596639459654689,0.31412797304801643,0.0018497619312256575
kodim04,Kodak,kodim04,test,0.1,0.1001129150390625,0.05,2027,ad0e8abd5033505bf1e52503dfbcd7115882652f7696cdc55be93d4addb0273c,hqs_round1,29.936743284266445,0.7615073642430902,0.31567760393954813,0.0016916408203542233
kodim04,Kodak,kodim04,test,0.1,0.1001129150390625,0.05,2027,ad0e8abd5033505bf1e52503dfbcd7115882652f7696cdc55be93d4addb0273c,hqs_finetuned,31.117099213077566,0.8239746065032482,0.314223840017803,0.030738629400730133
kodim04,Kodak,kodim04,test,0.1,0.1001129150390625,0.05,2028,6fa70e15911210f32261f9291a5dfec24eb2c3116c1a044771ab4c468541765c,hqs,30.114307117878315,0.75764936582613,0.31283564295154065,0.0017445130506530404
kodim04,Kodak,kodim04,test,0.1,0.1001129150390625,0.05,2028,6fa70e15911210f32261f9291a5dfec24eb2c3116c1a044771ab4c468541765c,hqs_round1,30.10335843421573,0.7587295036932826,0.3186119319871068,0.0016675986116752028
kodim04,Kodak,kodim04,test,0.1,0.1001129150390625,0.05,2028,6fa70e15911210f32261f9291a5dfec24eb2c3116c1a044771ab4c468541765c,hqs_finetuned,31.362693285320255,0.8231709582724571,0.31601381697691977,0.03321247920393944
kodim05,Kodak,kodim05,test,0.01,0.01031494140625,0.0,2026,2ee3a5b78d2684c34ee6cfe52458f088b085e6afbc526f95d5cd04fd03cc5740,hqs,17.982934095365298,0.2902147909992031,0.3290529240621254,0.004886207170784473
kodim05,Kodak,kodim05,test,0.01,0.01031494140625,0.0,2026,2ee3a5b78d2684c34ee6cfe52458f088b085e6afbc526f95d5cd04fd03cc5740,hqs_round1,17.99741435206275,0.2906794262495491,0.35528525698464364,0.004486804828047752
kodim05,Kodak,kodim05,test,0.01,0.01031494140625,0.0,2026,2ee3a5b78d2684c34ee6cfe52458f088b085e6afbc526f95d5cd04fd03cc5740,hqs_finetuned,18.060480175652767,0.2934348437844149,0.3256546879420057,0.01479019969701767
kodim05,Kodak,kodim05,test,0.04,0.041259765625,0.0,2026,9e54903728be74e8b57e9a5d3522b4c6f7e5fc618dc0d412f468ea907c483f0a,hqs,20.81764117945327,0.5724510678139986,0.3354012359632179,0.0069047026336193085
kodim05,Kodak,kodim05,test,0.04,0.041259765625,0.0,2026,9e54903728be74e8b57e9a5d3522b4c6f7e5fc618dc0d412f468ea907c483f0a,hqs_round1,20.85648339426391,0.573974150384051,0.3261574939824641,0.006013125646859407
kodim05,Kodak,kodim05,test,0.04,0.041259765625,0.0,2026,9e54903728be74e8b57e9a5d3522b4c6f7e5fc618dc0d412f468ea907c483f0a,hqs_finetuned,20.90631048234604,0.5781358717187345,0.3239876281004399,0.005316025111824274
kodim05,Kodak,kodim05,test,0.1,0.1001129150390625,0.0,2026,38f7685a89b23fcf63ad528324b78b7e66087c343f2bffcbed8698b72f286bde,hqs,23.38881723515994,0.741440284360528,0.32305150700267404,0.006096930708736181
kodim05,Kodak,kodim05,test,0.1,0.1001129150390625,0.0,2026,38f7685a89b23fcf63ad528324b78b7e66087c343f2bffcbed8698b72f286bde,hqs_round1,23.41285477442873,0.7419491739598513,0.32528202305547893,0.0057363733649253845
kodim05,Kodak,kodim05,test,0.1,0.1001129150390625,0.0,2026,38f7685a89b23fcf63ad528324b78b7e66087c343f2bffcbed8698b72f286bde,hqs_finetuned,23.421642186544602,0.7410973966088891,0.32457396399695426,0.008064224384725094
kodim05,Kodak,kodim05,test,0.25,0.25,0.0,2026,24ba0d513653e12e879ed440811efafb48e0d0bacf829d069f05bd491c8da1c6,hqs,27.16762711086234,0.8879292124252319,0.3222077639074996,0.0045083449222147465
kodim05,Kodak,kodim05,test,0.25,0.25,0.0,2026,24ba0d513653e12e879ed440811efafb48e0d0bacf829d069f05bd491c8da1c6,hqs_round1,27.285722829630934,0.8894810388698577,0.32417737995274365,0.00448957271873951
kodim05,Kodak,kodim05,test,0.25,0.25,0.0,2026,24ba0d513653e12e879ed440811efafb48e0d0bacf829d069f05bd491c8da1c6,hqs_finetuned,27.28446763764737,0.8871376448843479,0.3240624510217458,0.008634116500616074
kodim05,Kodak,kodim05,test,0.5,0.4998931884765625,0.0,2026,85756cefd378788b9caac2a5d2c9d9901858384affb5a907a76838c1b2dd2645,hqs,32.22135669765099,0.9626046992082595,0.335679306066595,0.004608423914760351
kodim05,Kodak,kodim05,test,0.5,0.4998931884765625,0.0,2026,85756cefd378788b9caac2a5d2c9d9901858384affb5a907a76838c1b2dd2645,hqs_round1,32.3647383221122,0.9634435754508972,0.31690435495693237,0.005458070896565914
kodim05,Kodak,kodim05,test,0.5,0.4998931884765625,0.0,2026,85756cefd378788b9caac2a5d2c9d9901858384affb5a907a76838c1b2dd2645,hqs_finetuned,32.332457252636914,0.962511124124527,0.31977516203187406,0.008377816528081894
kodim05,Kodak,kodim05,test,0.1,0.1001129150390625,0.01,2026,25cc8c37296259d6953d42ea5bedadf39d65fb8a1fb4ec05f83a9835491856f7,hqs,23.35166027976348,0.7397907246533633,0.31959910900332034,0.005859880708158016
kodim05,Kodak,kodim05,test,0.1,0.1001129150390625,0.01,2026,25cc8c37296259d6953d42ea5bedadf39d65fb8a1fb4ec05f83a9835491856f7,hqs_round1,23.376353727887278,0.7403164745984078,0.3225604130420834,0.0055155702866613865
kodim05,Kodak,kodim05,test,0.1,0.1001129150390625,0.01,2026,25cc8c37296259d6953d42ea5bedadf39d65fb8a1fb4ec05f83a9835491856f7,hqs_finetuned,23.383714869490447,0.7392446687206626,0.3417125940322876,0.008641453459858894
kodim05,Kodak,kodim05,test,0.1,0.1001129150390625,0.01,2027,f586d459e6be16b11e23cc63d50793310ef40c05438287cf2d6cd008cab7a3d2,hqs,23.363691278902074,0.7395915515928269,0.32826196192763746,0.006043140310794115
kodim05,Kodak,kodim05,test,0.1,0.1001129150390625,0.01,2027,f586d459e6be16b11e23cc63d50793310ef40c05438287cf2d6cd008cab7a3d2,hqs_round1,23.387380349494215,0.7401711134679914,0.32620201201643795,0.0056601762771606445
kodim05,Kodak,kodim05,test,0.1,0.1001129150390625,0.01,2027,f586d459e6be16b11e23cc63d50793310ef40c05438287cf2d6cd008cab7a3d2,hqs_finetuned,23.390529840962543,0.7389232728947922,0.3207257449394092,0.008413858711719513
kodim05,Kodak,kodim05,test,0.1,0.1001129150390625,0.01,2028,4c8de43816088bf7d66658d7a630edf472421da51fe93a537a1d70a988069740,hqs,23.343893999976522,0.7395370522209406,0.32300900807604194,0.005958706606179476
kodim05,Kodak,kodim05,test,0.1,0.1001129150390625,0.01,2028,4c8de43816088bf7d66658d7a630edf472421da51fe93a537a1d70a988069740,hqs_round1,23.36630915863681,0.7400360322744847,0.3243414780590683,0.005619180388748646
kodim05,Kodak,kodim05,test,0.1,0.1001129150390625,0.01,2028,4c8de43816088bf7d66658d7a630edf472421da51fe93a537a1d70a988069740,hqs_finetuned,23.38004031129529,0.7394506014731527,0.32225385191850364,0.008260968141257763
kodim05,Kodak,kodim05,test,0.1,0.1001129150390625,0.05,2026,7f8292d68f8c3d81227215d22d77b0c832d8a6c0808a16cfa13600a336e577c5,hqs,22.721520817538252,0.7083115065958686,0.3237787539837882,0.005098172463476658
kodim05,Kodak,kodim05,test,0.1,0.1001129150390625,0.05,2026,7f8292d68f8c3d81227215d22d77b0c832d8a6c0808a16cfa13600a336e577c5,hqs_round1,22.74736681259229,0.709136781760361,0.32235680299345404,0.004570134449750185
kodim05,Kodak,kodim05,test,0.1,0.1001129150390625,0.05,2026,7f8292d68f8c3d81227215d22d77b0c832d8a6c0808a16cfa13600a336e577c5,hqs_finetuned,22.80765743535885,0.7080200657413825,0.31959456799086183,0.019804036244750023
kodim05,Kodak,kodim05,test,0.1,0.1001129150390625,0.05,2027,dbc4156e1e750f39a6d1afb7153332cdf9281e8f1cf4e743160ea3e910c099f3,hqs,22.744648662015464,0.7062113048323747,0.32179462700150907,0.005331047344952822
kodim05,Kodak,kodim05,test,0.1,0.1001129150390625,0.05,2027,dbc4156e1e750f39a6d1afb7153332cdf9281e8f1cf4e743160ea3e910c099f3,hqs_round1,22.758885024371985,0.706744926912441,0.3140434620436281,0.004793515428900719
kodim05,Kodak,kodim05,test,0.1,0.1001129150390625,0.05,2027,dbc4156e1e750f39a6d1afb7153332cdf9281e8f1cf4e743160ea3e910c099f3,hqs_finetuned,22.824759344415693,0.7067439676070809,0.31505407101940364,0.017731279134750366
kodim05,Kodak,kodim05,test,0.1,0.1001129150390625,0.05,2028,1dce9467e4ae389c544324ac2886ced026cb21d78df4d986cd8ddc0429cf7670,hqs,22.67969896570086,0.7066670336135775,0.3154880589572713,0.0050576175563037395
kodim05,Kodak,kodim05,test,0.1,0.1001129150390625,0.05,2028,1dce9467e4ae389c544324ac2886ced026cb21d78df4d986cd8ddc0429cf7670,hqs_round1,22.68945887950474,0.7071321732410788,0.31330979603808373,0.00464088749140501
kodim05,Kodak,kodim05,test,0.1,0.1001129150390625,0.05,2028,1dce9467e4ae389c544324ac2886ced026cb21d78df4d986cd8ddc0429cf7670,hqs_finetuned,22.779459510321974,0.7081875687789172,0.31572282302659005,0.019081512466073036
kodim06,Kodak,kodim06,test,0.01,0.01031494140625,0.0,2026,754b1148a3288341157fd50e672c849c631298349f89f9f20746271e1e24a6d5,hqs,24.180109808914363,0.5301991546364834,0.3274490950861946,0.0024806105066090822
kodim06,Kodak,kodim06,test,0.01,0.01031494140625,0.0,2026,754b1148a3288341157fd50e672c849c631298349f89f9f20746271e1e24a6d5,hqs_round1,24.251180359401417,0.5313208479440359,0.3208375960821286,0.002524829702451825
kodim06,Kodak,kodim06,test,0.01,0.01031494140625,0.0,2026,754b1148a3288341157fd50e672c849c631298349f89f9f20746271e1e24a6d5,hqs_finetuned,24.130543692768896,0.5303262742176801,0.3202479840256274,0.007042567245662212
kodim06,Kodak,kodim06,test,0.04,0.041259765625,0.0,2026,91a2cb22244819169ee6308541480efcca68f271bef23b23b05d803ddc1ba5c8,hqs,26.234555655028167,0.6622013204968646,0.31748246296774596,0.00242648390121758
kodim06,Kodak,kodim06,test,0.04,0.041259765625,0.0,2026,91a2cb22244819169ee6308541480efcca68f271bef23b23b05d803ddc1ba5c8,hqs_round1,26.239638697134417,0.6624911049892344,0.3195616080192849,0.002374649280682206
kodim06,Kodak,kodim06,test,0.04,0.041259765625,0.0,2026,91a2cb22244819169ee6308541480efcca68f271bef23b23b05d803ddc1ba5c8,hqs_finetuned,26.214097296614945,0.6590864594688062,0.3225281030172482,0.0036559640429913998
kodim06,Kodak,kodim06,test,0.1,0.1001129150390625,0.0,2026,afe752bf66f6ef69921ae60671d27c03f2a0735b29e02a5aabb7839d8cae202b,hqs,27.870381363000114,0.7566214546398521,0.3200512540061027,0.002333077136427164
kodim06,Kodak,kodim06,test,0.1,0.1001129150390625,0.0,2026,afe752bf66f6ef69921ae60671d27c03f2a0735b29e02a5aabb7839d8cae202b,hqs_round1,27.91027050091049,0.7587922767609022,0.32174168003257364,0.0023969165049493313
kodim06,Kodak,kodim06,test,0.1,0.1001129150390625,0.0,2026,afe752bf66f6ef69921ae60671d27c03f2a0735b29e02a5aabb7839d8cae202b,hqs_finetuned,27.927510983943144,0.7573095090214014,0.3315421079751104,0.0030479917768388987
kodim06,Kodak,kodim06,test,0.25,0.25,0.0,2026,ff710ea5963f0365a7ace2ed9fa58c66886aa911eb66cdafdf6afebae781a417,hqs,31.025706199037764,0.8734833474702836,0.3229177329922095,0.0020690870005637407
kodim06,Kodak,kodim06,test,0.25,0.25,0.0,2026,ff710ea5963f0365a7ace2ed9fa58c66886aa911eb66cdafdf6afebae781a417,hqs_round1,31.100476465093394,0.8755418368415833,0.3256295289611444,0.0023671817034482956
kodim06,Kodak,kodim06,test,0.25,0.25,0.0,2026,ff710ea5963f0365a7ace2ed9fa58c66886aa911eb66cdafdf6afebae781a417,hqs_finetuned,31.074737160613353,0.8731783667035102,0.3209638070547953,0.0031347484327852726
kodim06,Kodak,kodim06,test,0.5,0.4998931884765625,0.0,2026,134e2b80c50674dd6e6ea265da37d8abb404ff9e44f72354c21e4ccf184f82fb,hqs,36.25822979948222,0.956305750131607,0.32691378705203533,0.0019468233222141862
kodim06,Kodak,kodim06,test,0.5,0.4998931884765625,0.0,2026,134e2b80c50674dd6e6ea265da37d8abb404ff9e44f72354c21e4ccf184f82fb,hqs_round1,36.39199901132409,0.957674198554039,0.321244030026719,0.002585104200989008
kodim06,Kodak,kodim06,test,0.5,0.4998931884765625,0.0,2026,134e2b80c50674dd6e6ea265da37d8abb404ff9e44f72354c21e4ccf184f82fb,hqs_finetuned,36.38518252896264,0.9566685515527725,0.32049522001761943,0.0027131724637001753
kodim06,Kodak,kodim06,test,0.1,0.1001129150390625,0.01,2026,1c95ef781f6d38feb19265641b12dae2c6a0e274df6fb12f90ad56b3eb5ffef2,hqs,27.65203468269967,0.7442136590437293,0.32282498211134225,0.0021471285726875067
kodim06,Kodak,kodim06,test,0.1,0.1001129150390625,0.01,2026,1c95ef781f6d38feb19265641b12dae2c6a0e274df6fb12f90ad56b3eb5ffef2,hqs_round1,27.65725800792927,0.7456332807244659,0.3211808369960636,0.0021999168675392866
kodim06,Kodak,kodim06,test,0.1,0.1001129150390625,0.01,2026,1c95ef781f6d38feb19265641b12dae2c6a0e274df6fb12f90ad56b3eb5ffef2,hqs_finetuned,27.69668173210212,0.7434708981634378,0.3218498680507764,0.005377824883908033
kodim06,Kodak,kodim06,test,0.1,0.1001129150390625,0.01,2027,d8027f41e5ccd043a8fabc1338755f2f8520f4c30b7d6e88ea2ff5b3784b4041,hqs,27.632313102054106,0.7446242543687634,0.323046587058343,0.0022501859348267317
kodim06,Kodak,kodim06,test,0.1,0.1001129150390625,0.01,2027,d8027f41e5ccd043a8fabc1338755f2f8520f4c30b7d6e88ea2ff5b3784b4041,hqs_round1,27.624266575980357,0.7457070361840427,0.32163293892517686,0.002294028177857399
kodim06,Kodak,kodim06,test,0.1,0.1001129150390625,0.01,2027,d8027f41e5ccd043a8fabc1338755f2f8520f4c30b7d6e88ea2ff5b3784b4041,hqs_finetuned,27.697880562804407,0.7454392442611456,0.31981302495114505,0.004764780402183533
kodim06,Kodak,kodim06,test,0.1,0.1001129150390625,0.01,2028,f4bd4abbf0c7da21c034871e3f4bcfe0bf025f70a7997ca74890462aadf1d4fd,hqs,27.65453178131757,0.74557373428718,0.3216177959693596,0.0021676672622561455
kodim06,Kodak,kodim06,test,0.1,0.1001129150390625,0.01,2028,f4bd4abbf0c7da21c034871e3f4bcfe0bf025f70a7997ca74890462aadf1d4fd,hqs_round1,27.647112551430876,0.7469996667635217,0.32257349602878094,0.0022496976889669895
kodim06,Kodak,kodim06,test,0.1,0.1001129150390625,0.01,2028,f4bd4abbf0c7da21c034871e3f4bcfe0bf025f70a7997ca74890462aadf1d4fd,hqs_finetuned,27.7019481969338,0.7444234066848755,0.32248576590791345,0.005624033976346254
kodim06,Kodak,kodim06,test,0.1,0.1001129150390625,0.05,2026,c18d96d7ee4152a93a1216794fbb19f5d198531b29574f9a3de3d9d53dee3c74,hqs,25.335466344075343,0.5724331918355617,0.32210931996814907,0.0021635594312101603
kodim06,Kodak,kodim06,test,0.1,0.1001129150390625,0.05,2026,c18d96d7ee4152a93a1216794fbb19f5d198531b29574f9a3de3d9d53dee3c74,hqs_round1,25.30765428682237,0.5759758471489586,0.32282353297341615,0.0020525921136140823
kodim06,Kodak,kodim06,test,0.1,0.1001129150390625,0.05,2026,c18d96d7ee4152a93a1216794fbb19f5d198531b29574f9a3de3d9d53dee3c74,hqs_finetuned,26.32346660338905,0.6574616882481035,0.3216570019721985,0.03867273032665253
kodim06,Kodak,kodim06,test,0.1,0.1001129150390625,0.05,2027,a0e0a2ed6855971601a79199e9806c35014e3bf0bb38223990d546e1d88664a0,hqs,25.291481666125737,0.5729201911485555,0.320676626986824,0.002385400701314211
kodim06,Kodak,kodim06,test,0.1,0.1001129150390625,0.05,2027,a0e0a2ed6855971601a79199e9806c35014e3bf0bb38223990d546e1d88664a0,hqs_round1,25.258433776834277,0.5758289794325512,0.32066574110649526,0.0022408338263630867
kodim06,Kodak,kodim06,test,0.1,0.1001129150390625,0.05,2027,a0e0a2ed6855971601a79199e9806c35014e3bf0bb38223990d546e1d88664a0,hqs_finetuned,26.226319051414386,0.6541840084841148,0.3254838240100071,0.03985562175512314
kodim06,Kodak,kodim06,test,0.1,0.1001129150390625,0.05,2028,701e9675bdaf7af600692a7569929594cf4e2a625a60cf19026b107631faee14,hqs,25.359579601868884,0.5723884107826352,0.32018509204499424,0.0019513778388500214
kodim06,Kodak,kodim06,test,0.1,0.1001129150390625,0.05,2028,701e9675bdaf7af600692a7569929594cf4e2a625a60cf19026b107631faee14,hqs_round1,25.336946774070288,0.5755119166801665,0.324349572067149,0.0018142755143344402
kodim06,Kodak,kodim06,test,0.1,0.1001129150390625,0.05,2028,701e9675bdaf7af600692a7569929594cf4e2a625a60cf19026b107631faee14,hqs_finetuned,26.308105395476534,0.6576894465151001,0.34944000106770545,0.03908732160925865
kodim07,Kodak,kodim07,test,0.01,0.01031494140625,0.0,2026,a288935b99961f7ad664404e174aaa06f8ff822c69dc568bfe850eb538964809,hqs,22.85229224647592,0.534450308313337,0.3245994409080595,0.004393986891955137
kodim07,Kodak,kodim07,test,0.01,0.01031494140625,0.0,2026,a288935b99961f7ad664404e174aaa06f8ff822c69dc568bfe850eb538964809,hqs_round1,22.88080317251696,0.5363036822871715,0.335267142043449,0.0038311502430588007
kodim07,Kodak,kodim07,test,0.01,0.01031494140625,0.0,2026,a288935b99961f7ad664404e174aaa06f8ff822c69dc568bfe850eb538964809,hqs_finetuned,22.90144926999474,0.539242607696671,0.319850294967182,0.008133883588016033
kodim07,Kodak,kodim07,test,0.04,0.041259765625,0.0,2026,fb114b02bbbd0b2e44bd30a22df32dddd2b5fe9732a8b6f1740c480f1d6765a3,hqs,26.341390066762674,0.781893688992708,0.31996818096376956,0.004888638388365507
kodim07,Kodak,kodim07,test,0.04,0.041259765625,0.0,2026,fb114b02bbbd0b2e44bd30a22df32dddd2b5fe9732a8b6f1740c480f1d6765a3,hqs_round1,26.535101333563777,0.790218892758049,0.326264580944553,0.0049085961654782295
kodim07,Kodak,kodim07,test,0.04,0.041259765625,0.0,2026,fb114b02bbbd0b2e44bd30a22df32dddd2b5fe9732a8b6f1740c480f1d6765a3,hqs_finetuned,26.60842104926403,0.7942221407185904,0.3450361778959632,0.0046718004159629345
kodim07,Kodak,kodim07,test,0.1,0.1001129150390625,0.0,2026,b35259fa538e5217d29ed0176f52f8ecb54ad687c7a2763abfcab66385205591,hqs,31.655622950801487,0.9338027429535389,0.3271900500403717,0.004382237326353788
kodim07,Kodak,kodim07,test,0.1,0.1001129150390625,0.0,2026,b35259fa538e5217d29ed0176f52f8ecb54ad687c7a2763abfcab66385205591,hqs_round1,31.899672439269544,0.936882677337408,0.31819745001848787,0.004946466535329819
kodim07,Kodak,kodim07,test,0.1,0.1001129150390625,0.0,2026,b35259fa538e5217d29ed0176f52f8ecb54ad687c7a2763abfcab66385205591,hqs_finetuned,31.857281688650268,0.9360906941437721,0.32289903797209263,0.004978780169039965
kodim07,Kodak,kodim07,test,0.25,0.25,0.0,2026,258af0dbc2829156cd9225372e125e8e766f194296ccee34c14462cc0036e110,hqs,37.727644213774774,0.9806497802801132,0.32253194507211447,0.0022162857931107283
kodim07,Kodak,kodim07,test,0.25,0.25,0.0,2026,258af0dbc2829156cd9225372e125e8e766f194296ccee34c14462cc0036e110,hqs_round1,37.90733188633891,0.9811077221364976,0.32100501796230674,0.0026863226667046547
kodim07,Kodak,kodim07,test,0.25,0.25,0.0,2026,258af0dbc2829156cd9225372e125e8e766f194296ccee34c14462cc0036e110,hqs_finetuned,37.96152698508968,0.9812510782880783,0.3217818579869345,0.0027591318357735872
kodim07,Kodak,kodim07,test,0.5,0.4998931884765625,0.0,2026,3cb48562b404f92451a1baee3ccfa53695e1fea07a90a843e745490da94407b7,hqs,44.378939348563634,0.9945140825967789,0.3182206068886444,0.0013566138222813606
kodim07,Kodak,kodim07,test,0.5,0.4998931884765625,0.0,2026,3cb48562b404f92451a1baee3ccfa53695e1fea07a90a843e745490da94407b7,hqs_round1,44.617486913698386,0.9946791870012284,0.3196848080260679,0.0019672377966344357
kodim07,Kodak,kodim07,test,0.5,0.4998931884765625,0.0,2026,3cb48562b404f92451a1baee3ccfa53695e1fea07a90a843e745490da94407b7,hqs_finetuned,44.61075105961727,0.9946847584486007,0.3199174440233037,0.0019699647091329098
kodim07,Kodak,kodim07,test,0.1,0.1001129150390625,0.01,2026,38ece9b6770865dd7701ce2991be5f25d56f38adc0508ab857f44abb1783ecb3,hqs,31.15970374211441,0.9242687004282475,0.3225872020702809,0.0040991357527673244
kodim07,Kodak,kodim07,test,0.1,0.1001129150390625,0.01,2026,38ece9b6770865dd7701ce2991be5f25d56f38adc0508ab857f44abb1783ecb3,hqs_round1,31.281219643740485,0.9266870466122628,0.3229352170601487,0.0046427687630057335
kodim07,Kodak,kodim07,test,0.1,0.1001129150390625,0.01,2026,38ece9b6770865dd7701ce2991be5f25d56f38adc0508ab857f44abb1783ecb3,hqs_finetuned,31.263231364299173,0.9265394844605923,0.32326815894339234,0.005069619044661522
kodim07,Kodak,kodim07,test,0.1,0.1001129150390625,0.01,2027,3df6eea6416c85a42067473b344e7d276d6a3b52ba9e58bb71700343b21def8e,hqs,31.285529532513692,0.9272348548434973,0.32006990700028837,0.004159390460699797
kodim07,Kodak,kodim07,test,0.1,0.1001129150390625,0.01,2027,3df6eea6416c85a42067473b344e7d276d6a3b52ba9e58bb71700343b21def8e,hqs_round1,31.387885038277886,0.9293144077832699,0.3257033240515739,0.0045754979364573956
kodim07,Kodak,kodim07,test,0.1,0.1001129150390625,0.01,2027,3df6eea6416c85a42067473b344e7d276d6a3b52ba9e58bb71700343b21def8e,hqs_finetuned,31.341866772571166,0.9286985056729317,0.32176773401442915,0.005098417866975069
kodim07,Kodak,kodim07,test,0.1,0.1001129150390625,0.01,2028,23ad847a967f9b6718632c9cc23662428e41e60c01b256649753b85f0ea762a1,hqs,31.185723708136216,0.9243756645148993,0.32255124603398144,0.004175102338194847
kodim07,Kodak,kodim07,test,0.1,0.1001129150390625,0.01,2028,23ad847a967f9b6718632c9cc23662428e41e60c01b256649753b85f0ea762a1,hqs_round1,31.377359320714557,0.9275319898400307,0.32218979694880545,0.004619840532541275
kodim07,Kodak,kodim07,test,0.1,0.1001129150390625,0.01,2028,23ad847a967f9b6718632c9cc23662428e41e60c01b256649753b85f0ea762a1,hqs_finetuned,31.353927497616745,0.9272313594563008,0.3229541319888085,0.00505002960562706
kodim07,Kodak,kodim07,test,0.1,0.1001129150390625,0.05,2026,416abc0c05c5d0372ab7f4cc28349828a11e2d9a66c9ba076d2939e56a904e60,hqs,27.57037124267892,0.7853529404151067,0.32472990499809384,0.0035644504241645336
kodim07,Kodak,kodim07,test,0.1,0.1001129150390625,0.05,2026,416abc0c05c5d0372ab7f4cc28349828a11e2d9a66c9ba076d2939e56a904e60,hqs_round1,27.53652028063604,0.7879441492358931,0.3249699140433222,0.0032648856285959482
kodim07,Kodak,kodim07,test,0.1,0.1001129150390625,0.05,2026,416abc0c05c5d0372ab7f4cc28349828a11e2d9a66c9ba076d2939e56a904e60,hqs_finetuned,28.359281297194894,0.8469482777953222,0.32318579393904656,0.026915527880191803
kodim07,Kodak,kodim07,test,0.1,0.1001129150390625,0.05,2027,8f499114af856b972186fa8932e0469717c5c5753051d79d7acc1b056ad57823,hqs,27.603511995202563,0.7866837016693726,0.3336895890533924,0.0033723788801580667
kodim07,Kodak,kodim07,test,0.1,0.1001129150390625,0.05,2027,8f499114af856b972186fa8932e0469717c5c5753051d79d7acc1b056ad57823,hqs_round1,27.4820733758532,0.7864270190366711,0.32632390200160444,0.0032616814132779837
kodim07,Kodak,kodim07,test,0.1,0.1001129150390625,0.05,2027,8f499114af856b972186fa8932e0469717c5c5753051d79d7acc1b056ad57823,hqs_finetuned,28.502460250283477,0.8516294143381417,0.3286537081003189,0.028803199529647827
kodim07,Kodak,kodim07,test,0.1,0.1001129150390625,0.05,2028,b66e5f38711fa553510ba51a14ad45c9cd8eac20e5dcd0b1f2a8aeb40cc4ab37,hqs,27.49498435393001,0.7847050233208239,0.34677720291074365,0.0033438268583267927
kodim07,Kodak,kodim07,test,0.1,0.1001129150390625,0.05,2028,b66e5f38711fa553510ba51a14ad45c9cd8eac20e5dcd0b1f2a8aeb40cc4ab37,hqs_round1,27.4097117696523,0.7871333818638027,0.33070902002509683,0.0031704106368124485
kodim07,Kodak,kodim07,test,0.1,0.1001129150390625,0.05,2028,b66e5f38711fa553510ba51a14ad45c9cd8eac20e5dcd0b1f2a8aeb40cc4ab37,hqs_finetuned,28.399789099762735,0.8531461223919317,0.32509670802392066,0.028365761041641235
kodim08,Kodak,kodim08,test,0.01,0.01031494140625,0.0,2026,8e88d9d0a92399697aab5f290609e3c287d76d66b5c22d64c6c1579deec325dd,hqs,16.87297821097751,0.3549863461675564,0.3332859840011224,0.005829441826790571
kodim08,Kodak,kodim08,test,0.01,0.01031494140625,0.0,2026,8e88d9d0a92399697aab5f290609e3c287d76d66b5c22d64c6c1579deec325dd,hqs_round1,16.86582014521868,0.3558067446959679,0.3223387829493731,0.0052772508934140205
kodim08,Kodak,kodim08,test,0.01,0.01031494140625,0.0,2026,8e88d9d0a92399697aab5f290609e3c287d76d66b5c22d64c6c1579deec325dd,hqs_finetuned,16.850859609813604,0.3556779308548566,0.328872452955693,0.010140765458345413
kodim08,Kodak,kodim08,test,0.04,0.041259765625,0.0,2026,2a39962faf4105c257c472e1a998ef3051c19e99d9402c3c7e8b8824896f2c7f,hqs,19.76256751110637,0.6191346023658076,0.32568568899296224,0.008497821167111397
kodim08,Kodak,kodim08,test,0.04,0.041259765625,0.0,2026,2a39962faf4105c257c472e1a998ef3051c19e99d9402c3c7e8b8824896f2c7f,hqs_round1,19.798589601411237,0.6213043162789464,0.322921177954413,0.007771958597004414
kodim08,Kodak,kodim08,test,0.04,0.041259765625,0.0,2026,2a39962faf4105c257c472e1a998ef3051c19e99d9402c3c7e8b8824896f2c7f,hqs_finetuned,20.158625514030618,0.6416699427252305,0.32795313093811274,0.010228262282907963
kodim08,Kodak,kodim08,test,0.1,0.1001129150390625,0.0,2026,9efacdb89f48072c3f0e31d1aeef8b7a42eb968282d15bb9afa92d391e2cc2df,hqs,22.86126852365445,0.7855867720393697,0.32465622294694185,0.006937053520232439
kodim08,Kodak,kodim08,test,0.1,0.1001129150390625,0.0,2026,9efacdb89f48072c3f0e31d1aeef8b7a42eb968282d15bb9afa92d391e2cc2df,hqs_round1,23.0347830410295,0.7915246994074192,0.3240153529914096,0.006694172043353319
kodim08,Kodak,kodim08,test,0.1,0.1001129150390625,0.0,2026,9efacdb89f48072c3f0e31d1aeef8b7a42eb968282d15bb9afa92d391e2cc2df,hqs_finetuned,23.149188530206462,0.7948395217117071,0.32269329600967467,0.009357621893286705
kodim08,Kodak,kodim08,test,0.25,0.25,0.0,2026,1007f02fb144904c76934881455154aabf09290cd341803d3c9c61a4727cf309,hqs,27.216668107945114,0.8966801692028046,0.32438737200573087,0.005037821363657713
kodim08,Kodak,kodim08,test,0.25,0.25,0.0,2026,1007f02fb144904c76934881455154aabf09290cd341803d3c9c61a4727cf309,hqs_round1,27.367469408333363,0.8994619919469357,0.3222213019616902,0.005262706894427538
kodim08,Kodak,kodim08,test,0.25,0.25,0.0,2026,1007f02fb144904c76934881455154aabf09290cd341803d3c9c61a4727cf309,hqs_finetuned,27.358770950612758,0.8959843889493943,0.3172404720680788,0.009174350649118423
kodim08,Kodak,kodim08,test,0.5,0.4998931884765625,0.0,2026,07b69242ec01e55db22dd85a4d3c840af47e16d0706085b7bf03f9c56b7968eb,hqs,32.76518193745053,0.9593860467252732,0.3172206950839609,0.003397796070203185
kodim08,Kodak,kodim08,test,0.5,0.4998931884765625,0.0,2026,07b69242ec01e55db22dd85a4d3c840af47e16d0706085b7bf03f9c56b7968eb,hqs_round1,32.98516368777765,0.962734688970089,0.33534408500418067,0.004012873396277428
kodim08,Kodak,kodim08,test,0.5,0.4998931884765625,0.0,2026,07b69242ec01e55db22dd85a4d3c840af47e16d0706085b7bf03f9c56b7968eb,hqs_finetuned,32.873416231573806,0.9591172227983474,0.32213605009019375,0.00826035812497139
kodim08,Kodak,kodim08,test,0.1,0.1001129150390625,0.01,2026,69bd5aeac4fdb703ad5840d0416f203d46d9e35b42d68a72214fdf9ce0b88416,hqs,22.781820283132475,0.7824340911544988,0.3193929479457438,0.0068438793532550335
kodim08,Kodak,kodim08,test,0.1,0.1001129150390625,0.01,2026,69bd5aeac4fdb703ad5840d0416f203d46d9e35b42d68a72214fdf9ce0b88416,hqs_round1,22.942076645790678,0.7884031314079426,0.31933516007848084,0.006628234405070543
kodim08,Kodak,kodim08,test,0.1,0.1001129150390625,0.01,2026,69bd5aeac4fdb703ad5840d0416f203d46d9e35b42d68a72214fdf9ce0b88416,hqs_finetuned,23.052403431455293,0.7914524653774155,0.345171804074198,0.009934448637068272
kodim08,Kodak,kodim08,test,0.1,0.1001129150390625,0.01,2027,7b1529896ab036f0782605059d1d53af78b2cc1d17af394a183b31a2b628ab3d,hqs,22.764911281240042,0.7820123797751904,0.32504107407294214,0.006736575160175562
kodim08,Kodak,kodim08,test,0.1,0.1001129150390625,0.01,2027,7b1529896ab036f0782605059d1d53af78b2cc1d17af394a183b31a2b628ab3d,hqs_round1,22.93817587857445,0.7884606093487367,0.3356918978970498,0.00657778000459075
kodim08,Kodak,kodim08,test,0.1,0.1001129150390625,0.01,2027,7b1529896ab036f0782605059d1d53af78b2cc1d17af394a183b31a2b628ab3d,hqs_finetuned,23.061132584941483,0.7917219015197828,0.32155294297263026,0.01002443302422762
kodim08,Kodak,kodim08,test,0.1,0.1001129150390625,0.01,2028,ac131bf7e845290899f5f68734eb468732650f7445a8ac34357a0ed620c54c25,hqs,22.802019743924102,0.7831216594669487,0.317202938022092,0.006925147958099842
kodim08,Kodak,kodim08,test,0.1,0.1001129150390625,0.01,2028,ac131bf7e845290899f5f68734eb468732650f7445a8ac34357a0ed620c54c25,hqs_round1,22.943917590510136,0.7884200157508203,0.31816996401175857,0.0066704717464745045
kodim08,Kodak,kodim08,test,0.1,0.1001129150390625,0.01,2028,ac131bf7e845290899f5f68734eb468732650f7445a8ac34357a0ed620c54c25,hqs_finetuned,23.039936861605934,0.7913182853016062,0.31637325196061283,0.009656798094511032
kodim08,Kodak,kodim08,test,0.1,0.1001129150390625,0.05,2026,f64a932e30b9617c598a7de1ad189860df10ab464aac857700e595cda12fe7e7,hqs,21.426077206855567,0.7089713126509264,0.3200167560717091,0.006466679275035858
kodim08,Kodak,kodim08,test,0.1,0.1001129150390625,0.05,2026,f64a932e30b9617c598a7de1ad189860df10ab464aac857700e595cda12fe7e7,hqs_round1,21.41085541673686,0.711672017713367,0.31765598501078784,0.005879947450011969
kodim08,Kodak,kodim08,test,0.1,0.1001129150390625,0.05,2026,f64a932e30b9617c598a7de1ad189860df10ab464aac857700e595cda12fe7e7,hqs_finetuned,21.763052123513056,0.732125712464219,0.32034363492857665,0.022996695712208748
kodim08,Kodak,kodim08,test,0.1,0.1001129150390625,0.05,2027,0c4f1fa8d3f3faf4627623444728b2a7800a24f9918f5dacb0650ddf6f74c294,hqs,21.32732430655956,0.703400538744349,0.3142729999963194,0.006170362234115601
kodim08,Kodak,kodim08,test,0.1,0.1001129150390625,0.05,2027,0c4f1fa8d3f3faf4627623444728b2a7800a24f9918f5dacb0650ddf6f74c294,hqs_round1,21.295145352800073,0.7068693482774128,0.3161402679979801,0.005615913309156895
kodim08,Kodak,kodim08,test,0.1,0.1001129150390625,0.05,2027,0c4f1fa8d3f3faf4627623444728b2a7800a24f9918f5dacb0650ddf6f74c294,hqs_finetuned,21.761816422111757,0.7330690664485153,0.31899388204328716,0.026335952803492546
kodim08,Kodak,kodim08,test,0.1,0.1001129150390625,0.05,2028,ecfe0fdaa8db58cc1c4138668464bbc37e0fb034f7ee2aae377d34b74b5fd1fe,hqs,21.39576400490235,0.7062278413408422,0.3220487979706377,0.006396603770554066
kodim08,Kodak,kodim08,test,0.1,0.1001129150390625,0.05,2028,ecfe0fdaa8db58cc1c4138668464bbc37e0fb034f7ee2aae377d34b74b5fd1fe,hqs_round1,21.392821800176414,0.7092291882763425,0.3208940679905936,0.005879249889403582
kodim08,Kodak,kodim08,test,0.1,0.1001129150390625,0.05,2028,ecfe0fdaa8db58cc1c4138668464bbc37e0fb034f7ee2aae377d34b74b5fd1fe,hqs_finetuned,21.653818347463787,0.7298043065079466,0.33053772198036313,0.024818304926156998
kodim09,Kodak,kodim09,test,0.01,0.01031494140625,0.0,2026,14c241c510700c2b8eeb2049af30c4eb6a9c5f482267ed45079cf453f3ef1a9e,hqs,23.496950602594172,0.7537707097720046,0.31508679094258696,0.003533961484208703
kodim09,Kodak,kodim09,test,0.01,0.01031494140625,0.0,2026,14c241c510700c2b8eeb2049af30c4eb6a9c5f482267ed45079cf453f3ef1a9e,hqs_round1,23.52019106749587,0.754121363216005,0.31742728292010725,0.0034545264206826687
kodim09,Kodak,kodim09,test,0.01,0.01031494140625,0.0,2026,14c241c510700c2b8eeb2049af30c4eb6a9c5f482267ed45079cf453f3ef1a9e,hqs_finetuned,23.658481241405227,0.7606051892007606,0.3162958580069244,0.0050467196851968765
kodim09,Kodak,kodim09,test,0.04,0.041259765625,0.0,2026,323d847033cedcea78ecaa76aefe616bf64958a17aa4dabc64616fac13d5558d,hqs,28.693185545438958,0.898354928642489,0.3246449469588697,0.003708565142005682
kodim09,Kodak,kodim09,test,0.04,0.041259765625,0.0,2026,323d847033cedcea78ecaa76aefe616bf64958a17aa4dabc64616fac13d5558d,hqs_round1,28.76962603914646,0.8993541929060519,0.3133273820858449,0.0034882351756095886
kodim09,Kodak,kodim09,test,0.04,0.041259765625,0.0,2026,323d847033cedcea78ecaa76aefe616bf64958a17aa4dabc64616fac13d5558d,hqs_finetuned,28.934828273376993,0.9019084099987149,0.31423700496088713,0.0037524604704231024
kodim09,Kodak,kodim09,test,0.1,0.1001129150390625,0.0,2026,9c7f4af5342072c0f1725c259e6f58c77538139b7498d6ea31068bd442364410,hqs,33.302120455960164,0.9496477103476524,0.32508604205213487,0.0029141739942133427
kodim09,Kodak,kodim09,test,0.1,0.1001129150390625,0.0,2026,9c7f4af5342072c0f1725c259e6f58c77538139b7498d6ea31068bd442364410,hqs_round1,33.355705012285696,0.9502131948766709,0.31741502007935196,0.002975348848849535
kodim09,Kodak,kodim09,test,0.1,0.1001129150390625,0.0,2026,9c7f4af5342072c0f1725c259e6f58c77538139b7498d6ea31068bd442364410,hqs_finetuned,33.38076248511268,0.9505817220773697,0.31811504799406976,0.0029594674706459045
kodim09,Kodak,kodim09,test,0.25,0.25,0.0,2026,7688271e3a52fc2f342e14979703949cc42a10f3d216435600488bb65289e8d6,hqs,38.23983358543737,0.9771550077867508,0.3173365810653195,0.0017624198226258159
kodim09,Kodak,kodim09,test,0.25,0.25,0.0,2026,7688271e3a52fc2f342e14979703949cc42a10f3d216435600488bb65289e8d6,hqs_round1,38.278725334015654,0.9775257870035171,0.318898790050298,0.0020494458731263876
kodim09,Kodak,kodim09,test,0.25,0.25,0.0,2026,7688271e3a52fc2f342e14979703949cc42a10f3d216435600488bb65289e8d6,hqs_finetuned,38.25663674993744,0.9774419168872833,0.3178543819813058,0.0025230436585843563
kodim09,Kodak,kodim09,test,0.5,0.4998931884765625,0.0,2026,1b70cbd402c8d434db7b84b6aaa8d90c2f96230550aeaac0a1d150ed022d72eb,hqs,43.69086595938016,0.9889423571825028,0.3204128840006888,0.0009444657480344176
kodim09,Kodak,kodim09,test,0.5,0.4998931884765625,0.0,2026,1b70cbd402c8d434db7b84b6aaa8d90c2f96230550aeaac0a1d150ed022d72eb,hqs_round1,43.72552954924913,0.9890400699701309,0.31646640703547746,0.00121406395919621
kodim09,Kodak,kodim09,test,0.5,0.4998931884765625,0.0,2026,1b70cbd402c8d434db7b84b6aaa8d90c2f96230550aeaac0a1d150ed022d72eb,hqs_finetuned,43.67981527510374,0.9885892116937637,0.32165814097970724,0.0018366409931331873
kodim09,Kodak,kodim09,test,0.1,0.1001129150390625,0.01,2026,dc72585c2dfd16a1a7c513e75d53a22f9f4e0bb3bfffddd9428ca71e4515fa21,hqs,32.316258999996336,0.9332987754063606,0.32021876506041735,0.002455080859363079
kodim09,Kodak,kodim09,test,0.1,0.1001129150390625,0.01,2026,dc72585c2dfd16a1a7c513e75d53a22f9f4e0bb3bfffddd9428ca71e4515fa21,hqs_round1,32.28773307494172,0.934326397210598,0.31348064995836467,0.002479239134117961
kodim09,Kodak,kodim09,test,0.1,0.1001129150390625,0.01,2026,dc72585c2dfd16a1a7c513e75d53a22f9f4e0bb3bfffddd9428ca71e4515fa21,hqs_finetuned,32.42684798133332,0.9383771592335701,0.3226577960886061,0.004926920402795076
kodim09,Kodak,kodim09,test,0.1,0.1001129150390625,0.01,2027,ef144775d2de878a6eee9628f75c381093e44b4ce686358a68fb8b4212628c44,hqs,32.208321970423576,0.9331664005613327,0.31675570097286254,0.0023146194871515036
kodim09,Kodak,kodim09,test,0.1,0.1001129150390625,0.01,2027,ef144775d2de878a6eee9628f75c381093e44b4ce686358a68fb8b4212628c44,hqs_round1,32.17061987615053,0.9343048659157753,0.32382957299705595,0.002390192588791251
kodim09,Kodak,kodim09,test,0.1,0.1001129150390625,0.01,2027,ef144775d2de878a6eee9628f75c381093e44b4ce686358a68fb8b4212628c44,hqs_finetuned,32.32841602861997,0.9386998401000499,0.31516335997730494,0.00516011705622077
kodim09,Kodak,kodim09,test,0.1,0.1001129150390625,0.01,2028,55a06a2e1a3c6ebc97bc4da90b779cf201ebbd3ad5f2860caf432f313f909cc1,hqs,32.32193671391003,0.9339474989829063,0.31530715501867235,0.002418935764580965
kodim09,Kodak,kodim09,test,0.1,0.1001129150390625,0.01,2028,55a06a2e1a3c6ebc97bc4da90b779cf201ebbd3ad5f2860caf432f313f909cc1,hqs_round1,32.28502274428625,0.9351656288056374,0.3138611330650747,0.002450548345223069
kodim09,Kodak,kodim09,test,0.1,0.1001129150390625,0.01,2028,55a06a2e1a3c6ebc97bc4da90b779cf201ebbd3ad5f2860caf432f313f909cc1,hqs_finetuned,32.44021776216253,0.9392269978327751,0.3167711190180853,0.004849384538829327
kodim09,Kodak,kodim09,test,0.1,0.1001129150390625,0.05,2026,449450a826f8ed3cf660ec4206d7c4a3716aaa48b7819ae28ec14a37dbcbd1e6,hqs,27.199099220700823,0.6895252522798478,0.31573914096225053,0.0023041970562189817
kodim09,Kodak,kodim09,test,0.1,0.1001129150390625,0.05,2026,449450a826f8ed3cf660ec4206d7c4a3716aaa48b7819ae28ec14a37dbcbd1e6,hqs_round1,27.202842002146852,0.692252458816573,0.3201302499510348,0.0020873965695500374
kodim09,Kodak,kodim09,test,0.1,0.1001129150390625,0.05,2026,449450a826f8ed3cf660ec4206d7c4a3716aaa48b7819ae28ec14a37dbcbd1e6,hqs_finetuned,28.734060766887993,0.8765801870638132,0.3206019130302593,0.038680825382471085
kodim09,Kodak,kodim09,test,0.1,0.1001129150390625,0.05,2027,3d24fd79c452a6155278d56f21ca4a05ec53d442fb991b4a21ab91aecc90b496,hqs,27.117572754286847,0.6941588103217893,0.3504222680348903,0.002494367305189371
kodim09,Kodak,kodim09,test,0.1,0.1001129150390625,0.05,2027,3d24fd79c452a6155278d56f21ca4a05ec53d442fb991b4a21ab91aecc90b496,hqs_round1,27.09589359861961,0.6967186116579716,0.35997794894501567,0.0022910386323928833
kodim09,Kodak,kodim09,test,0.1,0.1001129150390625,0.05,2027,3d24fd79c452a6155278d56f21ca4a05ec53d442fb991b4a21ab91aecc90b496,hqs_finetuned,28.65680542922375,0.8807193583785593,0.35412909695878625,0.04002100229263306
kodim09,Kodak,kodim09,test,0.1,0.1001129150390625,0.05,2028,1e4659902b7e57c909b536578a98bd3c47e1b1f4dd5340792d473a1984c63cb8,hqs,27.307912861759984,0.7027988120140434,0.35780870798043907,0.0024973831605166197
kodim09,Kodak,kodim09,test,0.1,0.1001129150390625,0.05,2028,1e4659902b7e57c909b536578a98bd3c47e1b1f4dd5340792d473a1984c63cb8,hqs_round1,27.30467330661977,0.7046364400234818,0.3579678119858727,0.002219499321654439
kodim09,Kodak,kodim09,test,0.1,0.1001129150390625,0.05,2028,1e4659902b7e57c909b536578a98bd3c47e1b1f4dd5340792d473a1984c63cb8,hqs_finetuned,28.802552024180194,0.8829369490293408,0.35968307801522315,0.03833440691232681
kodim10,Kodak,kodim10,test,0.01,0.01031494140625,0.0,2026,eee7fee40b03516070b8462ccf0ca6ffbf749a3eb44f688f10978fbe4ea28ee7,hqs,24.772712816983663,0.7092281628043763,0.3546455589821562,0.0030157663859426975
kodim10,Kodak,kodim10,test,0.01,0.01031494140625,0.0,2026,eee7fee40b03516070b8462ccf0ca6ffbf749a3eb44f688f10978fbe4ea28ee7,hqs_round1,24.79489401798613,0.7093165179222063,0.3565971039934084,0.0027479182463139296
kodim10,Kodak,kodim10,test,0.01,0.01031494140625,0.0,2026,eee7fee40b03516070b8462ccf0ca6ffbf749a3eb44f688f10978fbe4ea28ee7,hqs_finetuned,24.783601809658578,0.7114755174775302,0.3543756550643593,0.004074582364410162
kodim10,Kodak,kodim10,test,0.04,0.041259765625,0.0,2026,74d4085c23087a341d6711d5c3f1fd104fe7aa84a053276d65f5c10aab97cc9b,hqs,28.650177470797225,0.8494979907423351,0.35819898394402117,0.0030237510800361633
kodim10,Kodak,kodim10,test,0.04,0.041259765625,0.0,2026,74d4085c23087a341d6711d5c3f1fd104fe7aa84a053276d65f5c10aab97cc9b,hqs_round1,28.761989049316682,0.8518085872399509,0.35585392301436514,0.002912975614890456
kodim10,Kodak,kodim10,test,0.04,0.041259765625,0.0,2026,74d4085c23087a341d6711d5c3f1fd104fe7aa84a053276d65f5c10aab97cc9b,hqs_finetuned,28.795568051828138,0.8519245192262829,0.3556392890168354,0.003196069272235036
kodim10,Kodak,kodim10,test,0.1,0.1001129150390625,0.0,2026,219aa0296c638d62e515cbb9b97d9dda31094aaeee9e71990375d335015ccca5,hqs,31.997524895584064,0.9218234584922791,0.3549441529903561,0.002447093604132533
kodim10,Kodak,kodim10,test,0.1,0.1001129150390625,0.0,2026,219aa0296c638d62e515cbb9b97d9dda31094aaeee9e71990375d335015ccca5,hqs_round1,32.23499628823633,0.925103503054142,0.3561364299384877,0.00262803235091269
kodim10,Kodak,kodim10,test,0.1,0.1001129150390625,0.0,2026,219aa0296c638d62e515cbb9b97d9dda31094aaeee9e71990375d335015ccca5,hqs_finetuned,32.273189585367525,0.9255693781132698,0.35408304806333035,0.0030636482406407595
kodim10,Kodak,kodim10,test,0.25,0.25,0.0,2026,f151b4c7dc85d28c53ba31038a669b9d9122323317a68706c7c63d7610ec62ab,hqs,38.143688676111296,0.9738015720767975,0.35590170603245497,0.001807735301554203
kodim10,Kodak,kodim10,test,0.25,0.25,0.0,2026,f151b4c7dc85d28c53ba31038a669b9d9122323317a68706c7c63d7610ec62ab,hqs_round1,38.3162343708061,0.9743427285861969,0.3558745450573042,0.0021294723264873028
kodim10,Kodak,kodim10,test,0.25,0.25,0.0,2026,f151b4c7dc85d28c53ba31038a669b9d9122323317a68706c7c63d7610ec62ab,hqs_finetuned,38.306313594834556,0.9738656533508301,0.35498479299712926,0.0027991689275950193
kodim10,Kodak,kodim10,test,0.5,0.4998931884765625,0.0,2026,e98d8ee9659cabdb8e2e74796ca32afa59fa3324d5ed8091099f2bf17d24d12d,hqs,44.050424033791096,0.9892267580556869,0.3545412450330332,0.0011393062304705381
kodim10,Kodak,kodim10,test,0.5,0.4998931884765625,0.0,2026,e98d8ee9659cabdb8e2e74796ca32afa59fa3324d5ed8091099f2bf17d24d12d,hqs_round1,44.100295618567245,0.9893374020500183,0.35420050099492073,0.0017854865873232484
kodim10,Kodak,kodim10,test,0.5,0.4998931884765625,0.0,2026,e98d8ee9659cabdb8e2e74796ca32afa59fa3324d5ed8091099f2bf17d24d12d,hqs_finetuned,44.03047421072874,0.9887788045854569,0.3553011149633676,0.002348389709368348
kodim10,Kodak,kodim10,test,0.1,0.1001129150390625,0.01,2026,19a8ce6198acbe6c26948109ca9255a35db86f7ac1e811f02e2a0af7ab2437a4,hqs,31.288288608239668,0.9014685425434112,0.35509425692725927,0.002154444344341755
kodim10,Kodak,kodim10,test,0.1,0.1001129150390625,0.01,2026,19a8ce6198acbe6c26948109ca9255a35db86f7ac1e811f02e2a0af7ab2437a4,hqs_round1,31.39882016520484,0.9042152125270366,0.3542922419728711,0.002324851928278804
kodim10,Kodak,kodim10,test,0.1,0.1001129150390625,0.01,2026,19a8ce6198acbe6c26948109ca9255a35db86f7ac1e811f02e2a0af7ab2437a4,hqs_finetuned,31.463344969008613,0.9071348107159137,0.35423081496264786,0.004956432152539492
kodim10,Kodak,kodim10,test,0.1,0.1001129150390625,0.01,2027,13ad68db8d42cc05a040b3d32f812a0f48fc6cd81c8fee731916ff6c034a99dc,hqs,31.305181406488643,0.9015384859026074,0.3610575750935823,0.002053193049505353
kodim10,Kodak,kodim10,test,0.1,0.1001129150390625,0.01,2027,13ad68db8d42cc05a040b3d32f812a0f48fc6cd81c8fee731916ff6c034a99dc,hqs_round1,31.48286279334332,0.9055825270155669,0.35456936608534306,0.0021778144873678684
kodim10,Kodak,kodim10,test,0.1,0.1001129150390625,0.01,2027,13ad68db8d42cc05a040b3d32f812a0f48fc6cd81c8fee731916ff6c034a99dc,hqs_finetuned,31.541448105572133,0.9086466658916473,0.35495192697271705,0.004506704863160849
kodim10,Kodak,kodim10,test,0.1,0.1001129150390625,0.01,2028,1fdf749b5a47448dee16b2f2dcb7a7f60fb3f7bc8a7f947722133c0360c659da,hqs,31.235478608458006,0.900711531052351,0.3566265859408304,0.002051008865237236
kodim10,Kodak,kodim10,test,0.1,0.1001129150390625,0.01,2028,1fdf749b5a47448dee16b2f2dcb7a7f60fb3f7bc8a7f947722133c0360c659da,hqs_round1,31.386467859003222,0.9040524621739388,0.3615893149981275,0.0022014935966581106
kodim10,Kodak,kodim10,test,0.1,0.1001129150390625,0.01,2028,1fdf749b5a47448dee16b2f2dcb7a7f60fb3f7bc8a7f947722133c0360c659da,hqs_finetuned,31.458448255780496,0.9070999210047722,0.37425810494460166,0.00452780956402421
kodim10,Kodak,kodim10,test,0.1,0.1001129150390625,0.05,2026,f7adcd574734a3cb20c19777ecb4625f428cf70767ed203f27b7c69b9539a940,hqs,27.298469969426755,0.6735357896018996,0.3564453630242497,0.001757033634930849
kodim10,Kodak,kodim10,test,0.1,0.1001129150390625,0.05,2026,f7adcd574734a3cb20c19777ecb4625f428cf70767ed203f27b7c69b9539a940,hqs_round1,27.293844477730282,0.67632503205329,0.35455438401550055,0.0016551906010136008
kodim10,Kodak,kodim10,test,0.1,0.1001129150390625,0.05,2026,f7adcd574734a3cb20c19777ecb4625f428cf70767ed203f27b7c69b9539a940,hqs_finetuned,28.743065327919176,0.8258975407578275,0.3570334200048819,0.03791579604148865
kodim10,Kodak,kodim10,test,0.1,0.1001129150390625,0.05,2027,0befdda9c6750276850770880c0beac0133e61f52150b1973f0a40f798d8408c,hqs,27.357693753450917,0.6819684323989377,0.35526872193440795,0.001696498366072774
kodim10,Kodak,kodim10,test,0.1,0.1001129150390625,0.05,2027,0befdda9c6750276850770880c0beac0133e61f52150b1973f0a40f798d8408c,hqs_round1,27.34800702218059,0.6843661279976964,0.35669370100367814,0.0015985013451427221
kodim10,Kodak,kodim10,test,0.1,0.1001129150390625,0.05,2027,0befdda9c6750276850770880c0beac0133e61f52150b1973f0a40f798d8408c,hqs_finetuned,28.68848283108435,0.8232831698535755,0.36992762389127165,0.0365002416074276
kodim10,Kodak,kodim10,test,0.1,0.1001129150390625,0.05,2028,2945c9704f222745daabf515ccfda128ce0eba24a3b42eef4603b27564c5f116,hqs,27.320375959060016,0.6762828610447077,0.3551732510095462,0.001752335811033845
kodim10,Kodak,kodim10,test,0.1,0.1001129150390625,0.05,2028,2945c9704f222745daabf515ccfda128ce0eba24a3b42eef4603b27564c5f116,hqs_round1,27.3011176707363,0.6784102894602716,0.35898806096520275,0.0016501778736710548
kodim10,Kodak,kodim10,test,0.1,0.1001129150390625,0.05,2028,2945c9704f222745daabf515ccfda128ce0eba24a3b42eef4603b27564c5f116,hqs_finetuned,28.617505636938752,0.8230572194589079,0.3562729210825637,0.038259901106357574
kodim11,Kodak,kodim11,test,0.01,0.01031494140625,0.0,2026,1a98e940cbf8e580e802b2cef6bab3d4f56affad1c39911c5b59fa06c4fbd5fa,hqs,22.380736133883143,0.5290346715573575,0.3337981280637905,0.005815292242914438
kodim11,Kodak,kodim11,test,0.01,0.01031494140625,0.0,2026,1a98e940cbf8e580e802b2cef6bab3d4f56affad1c39911c5b59fa06c4fbd5fa,hqs_round1,22.355176796842237,0.5254271423713668,0.3246369670378044,0.005507195368409157
kodim11,Kodak,kodim11,test,0.01,0.01031494140625,0.0,2026,1a98e940cbf8e580e802b2cef6bab3d4f56affad1c39911c5b59fa06c4fbd5fa,hqs_finetuned,22.36168085221147,0.5249162930647208,0.32251716300379485,0.008450319990515709
kodim11,Kodak,kodim11,test,0.04,0.041259765625,0.0,2026,076d861e6191614d4ec8678c677f1be1453d63bdad4f42ba7284d1468d52ae55,hqs,25.569755581068563,0.701333681492269,0.34756917401682585,0.005070802755653858
kodim11,Kodak,kodim11,test,0.04,0.041259765625,0.0,2026,076d861e6191614d4ec8678c677f1be1453d63bdad4f42ba7284d1468d52ae55,hqs_round1,25.589916814144892,0.7000092906870402,0.31840641202870756,0.004910204093903303
kodim11,Kodak,kodim11,test,0.04,0.041259765625,0.0,2026,076d861e6191614d4ec8678c677f1be1453d63bdad4f42ba7284d1468d52ae55,hqs_finetuned,25.595015797423066,0.698962841019556,0.3176870250608772,0.006680911406874657
kodim11,Kodak,kodim11,test,0.1,0.1001129150390625,0.0,2026,9052a7929b3d8efcdd62f4b6c8de73bcf1ebfec53cd47cef47de8160eb31cae4,hqs,27.957972952469973,0.8089438144295216,0.3254887849325314,0.004110362380743027
kodim11,Kodak,kodim11,test,0.1,0.1001129150390625,0.0,2026,9052a7929b3d8efcdd62f4b6c8de73bcf1ebfec53cd47cef47de8160eb31cae4,hqs_round1,27.997852380324886,0.8099007994573116,0.34336890594568104,0.004063708242028952
kodim11,Kodak,kodim11,test,0.1,0.1001129150390625,0.0,2026,9052a7929b3d8efcdd62f4b6c8de73bcf1ebfec53cd47cef47de8160eb31cae4,hqs_finetuned,28.03051970767559,0.8094211293280125,0.3920415530446917,0.004882576875388622
kodim11,Kodak,kodim11,test,0.25,0.25,0.0,2026,925f148f241de036e81eabe5ae8af098e0bb4a9a23d27aead9dc37628e282b9d,hqs,31.641797671901124,0.9038385140357017,0.35849859297741205,0.003453906625509262
kodim11,Kodak,kodim11,test,0.25,0.25,0.0,2026,925f148f241de036e81eabe5ae8af098e0bb4a9a23d27aead9dc37628e282b9d,hqs_round1,31.673908693819087,0.9043553002943993,0.33865444699767977,0.003629635088145733
kodim11,Kodak,kodim11,test,0.25,0.25,0.0,2026,925f148f241de036e81eabe5ae8af098e0bb4a9a23d27aead9dc37628e282b9d,hqs_finetuned,31.68681068349408,0.9033577891850472,0.3169564619893208,0.004112325608730316
kodim11,Kodak,kodim11,test,0.5,0.4998931884765625,0.0,2026,835f075640b1da3fbb5e64ca5ae837c8c215a89dfffd60aa5d8fd5bc98693481,hqs,36.6736797983354,0.9646159192314148,0.3168678970541805,0.0027798551600426435
kodim11,Kodak,kodim11,test,0.5,0.4998931884765625,0.0,2026,835f075640b1da3fbb5e64ca5ae837c8c215a89dfffd60aa5d8fd5bc98693481,hqs_round1,36.75261772070826,0.9653201877088546,0.31633264699485153,0.003436347469687462
kodim11,Kodak,kodim11,test,0.5,0.4998931884765625,0.0,2026,835f075640b1da3fbb5e64ca5ae837c8c215a89dfffd60aa5d8fd5bc98693481,hqs_finetuned,36.74583262893138,0.9643951998414994,0.32125659298617393,0.003814375726506114
kodim11,Kodak,kodim11,test,0.1,0.1001129150390625,0.01,2026,bb82560c9f9b8f6197ce9ad27228e39d98e20f37c94ade04bdd3dc9849db3080,hqs,27.815735724786876,0.8025469991643429,0.33379169402178377,0.004067923408001661
kodim11,Kodak,kodim11,test,0.1,0.1001129150390625,0.01,2026,bb82560c9f9b8f6197ce9ad27228e39d98e20f37c94ade04bdd3dc9849db3080,hqs_round1,27.84052652101373,0.803292573498249,0.3175032220315188,0.003941172733902931
kodim11,Kodak,kodim11,test,0.1,0.1001129150390625,0.01,2026,bb82560c9f9b8f6197ce9ad27228e39d98e20f37c94ade04bdd3dc9849db3080,hqs_finetuned,27.890644864369417,0.8027977044047118,0.31342523789498955,0.005652393214404583
kodim11,Kodak,kodim11,test,0.1,0.1001129150390625,0.01,2027,54b21695bcfe8f2844a14b967fb595cade04beeb70eadc1abbc7c8d6cddd6e14,hqs,27.79122105608937,0.8021426368094683,0.31808952800929546,0.004076056182384491
kodim11,Kodak,kodim11,test,0.1,0.1001129150390625,0.01,2027,54b21695bcfe8f2844a14b967fb595cade04beeb70eadc1abbc7c8d6cddd6e14,hqs_round1,27.810485550386886,0.802662086811781,0.3258099879603833,0.003946464043110609
kodim11,Kodak,kodim11,test,0.1,0.1001129150390625,0.01,2027,54b21695bcfe8f2844a14b967fb595cade04beeb70eadc1abbc7c8d6cddd6e14,hqs_finetuned,27.859716508009758,0.8025043031401634,0.31923481402918696,0.005784136708825827
kodim11,Kodak,kodim11,test,0.1,0.1001129150390625,0.01,2028,a350583ec3eefc1ee3354b3585eaabf2074015ccf1e0da35a6b57a61b42feef1,hqs,27.82225251152257,0.8034166591100693,0.3280870949383825,0.004011557903140783
kodim11,Kodak,kodim11,test,0.1,0.1001129150390625,0.01,2028,a350583ec3eefc1ee3354b3585eaabf2074015ccf1e0da35a6b57a61b42feef1,hqs_round1,27.838505242062524,0.8038435356798171,0.3237680500606075,0.0038887292612344027
kodim11,Kodak,kodim11,test,0.1,0.1001129150390625,0.01,2028,a350583ec3eefc1ee3354b3585eaabf2074015ccf1e0da35a6b57a61b42feef1,hqs_finetuned,27.898618723923356,0.803618493673563,0.31975732499267906,0.005824956111609936
kodim11,Kodak,kodim11,test,0.1,0.1001129150390625,0.05,2026,bc5b5f5b9a6fba5b325b62b0c07afe5797f7fe8930caa08d4b5138cfd6413d8f,hqs,26.226888722214838,0.7062268417725563,0.32977179100271314,0.0033627040684223175
kodim11,Kodak,kodim11,test,0.1,0.1001129150390625,0.05,2026,bc5b5f5b9a6fba5b325b62b0c07afe5797f7fe8930caa08d4b5138cfd6413d8f,hqs_round1,26.239279529223104,0.7078375216683149,0.3182166269980371,0.002839089138433337
kodim11,Kodak,kodim11,test,0.1,0.1001129150390625,0.05,2026,bc5b5f5b9a6fba5b325b62b0c07afe5797f7fe8930caa08d4b5138cfd6413d8f,hqs_finetuned,26.609771677437966,0.7428104798179865,0.3203808480175212,0.0325506366789341
kodim11,Kodak,kodim11,test,0.1,0.1001129150390625,0.05,2027,45f87a8565f3635591da75d9b4174a40a97d27a3ff1aebb68b8447fb5e573ad3,hqs,26.060401675297967,0.7011824021059274,0.32662435504607856,0.003477503079921007
kodim11,Kodak,kodim11,test,0.1,0.1001129150390625,0.05,2027,45f87a8565f3635591da75d9b4174a40a97d27a3ff1aebb68b8447fb5e573ad3,hqs_round1,26.06080216962784,0.7021474392816871,0.32619506295304745,0.0029219542630016804
kodim11,Kodak,kodim11,test,0.1,0.1001129150390625,0.05,2027,45f87a8565f3635591da75d9b4174a40a97d27a3ff1aebb68b8447fb5e573ad3,hqs_finetuned,26.495781145899567,0.740334744287245,0.3175984569825232,0.03476927801966667
kodim11,Kodak,kodim11,test,0.1,0.1001129150390625,0.05,2028,72cf09e0ad30256e1553cc5f32fd597c0cf501e0b8f762e10d39e607cb47a2ae,hqs,26.131187125310134,0.7031521059407815,0.3233845599461347,0.003492097370326519
kodim11,Kodak,kodim11,test,0.1,0.1001129150390625,0.05,2028,72cf09e0ad30256e1553cc5f32fd597c0cf501e0b8f762e10d39e607cb47a2ae,hqs_round1,26.12869408508597,0.7042791871238798,0.3210648000240326,0.002968217246234417
kodim11,Kodak,kodim11,test,0.1,0.1001129150390625,0.05,2028,72cf09e0ad30256e1553cc5f32fd597c0cf501e0b8f762e10d39e607cb47a2ae,hqs_finetuned,26.58401687987884,0.7421954590234756,0.32196698407642543,0.035204119980335236
kodim12,Kodak,kodim12,test,0.01,0.01031494140625,0.0,2026,a1d408975dafe45f4fbae4e2afe25c94bfa1961ef284ef5cd9f64bff0ba2f822,hqs,25.968069570204214,0.7208537672190198,0.3215341359609738,0.0030886472668498755
kodim12,Kodak,kodim12,test,0.01,0.01031494140625,0.0,2026,a1d408975dafe45f4fbae4e2afe25c94bfa1961ef284ef5cd9f64bff0ba2f822,hqs_round1,26.12911000960915,0.7224273901808798,0.31594688596669585,0.0030150641687214375
kodim12,Kodak,kodim12,test,0.01,0.01031494140625,0.0,2026,a1d408975dafe45f4fbae4e2afe25c94bfa1961ef284ef5cd9f64bff0ba2f822,hqs_finetuned,26.237573423004918,0.7239820219779662,0.3200552429771051,0.004073364660143852
kodim12,Kodak,kodim12,test,0.04,0.041259765625,0.0,2026,33d1e8e33e65d0834032318032773c4462f86f7d05938a3b603c3ef0d9f428bc,hqs,29.692744975681286,0.80870485465011,0.3261803589994088,0.0018472468946129084
kodim12,Kodak,kodim12,test,0.04,0.041259765625,0.0,2026,33d1e8e33e65d0834032318032773c4462f86f7d05938a3b603c3ef0d9f428bc,hqs_round1,30.274610741774623,0.8129212809673547,0.31869039905723184,0.0017822644440457225
kodim12,Kodak,kodim12,test,0.04,0.041259765625,0.0,2026,33d1e8e33e65d0834032318032773c4462f86f7d05938a3b603c3ef0d9f428bc,hqs_finetuned,30.74113755635018,0.8154323204834462,0.3152538959402591,0.0018915754044428468
kodim12,Kodak,kodim12,test,0.1,0.1001129150390625,0.0,2026,a9d49bb11cf4ceef3e81a5cd88c4c6654e5f81727c8dfd6b89f08f02dfb87c2f,hqs,33.457527015837684,0.8708156843156815,0.32037495996337384,0.001495410455390811
kodim12,Kodak,kodim12,test,0.1,0.1001129150390625,0.0,2026,a9d49bb11cf4ceef3e81a5cd88c4c6654e5f81727c8dfd6b89f08f02dfb87c2f,hqs_round1,33.66786674322514,0.8722853061819077,0.31965452001895756,0.0014947591116651893
kodim12,Kodak,kodim12,test,0.1,0.1001129150390625,0.0,2026,a9d49bb11cf4ceef3e81a5cd88c4c6654e5f81727c8dfd6b89f08f02dfb87c2f,hqs_finetuned,33.76044632547931,0.8721070452365876,0.32124993798788637,0.0017087789019569755
kodim12,Kodak,kodim12,test,0.25,0.25,0.0,2026,c210c0aa4c64fe1ba8e16526235a0ece41e18fe0e29337b6280fdee10c7a26fb,hqs,37.10607624932067,0.9303480245437622,0.3304324409691617,0.0012297999346628785
kodim12,Kodak,kodim12,test,0.25,0.25,0.0,2026,c210c0aa4c64fe1ba8e16526235a0ece41e18fe0e29337b6280fdee10c7a26fb,hqs_round1,37.147631140988295,0.9314732157001495,0.31869042105972767,0.0013585101114585996
kodim12,Kodak,kodim12,test,0.25,0.25,0.0,2026,c210c0aa4c64fe1ba8e16526235a0ece41e18fe0e29337b6280fdee10c7a26fb,hqs_finetuned,37.1284697270783,0.9302195055551529,0.3206286820350215,0.0014624126488342881
kodim12,Kodak,kodim12,test,0.5,0.4998931884765625,0.0,2026,916e94ad19f88c99423fd9efa07844110b2da42dda47d6c30ba729e30c2f0ec7,hqs,41.675120134709864,0.9719709545612335,0.3199020600877702,0.0009104296914301813
kodim12,Kodak,kodim12,test,0.5,0.4998931884765625,0.0,2026,916e94ad19f88c99423fd9efa07844110b2da42dda47d6c30ba729e30c2f0ec7,hqs_round1,41.83383331808461,0.973109402560234,0.31884110101964325,0.001192531199194491
kodim12,Kodak,kodim12,test,0.5,0.4998931884765625,0.0,2026,916e94ad19f88c99423fd9efa07844110b2da42dda47d6c30ba729e30c2f0ec7,hqs_finetuned,41.88176179882458,0.9728665561447144,0.3303947530221194,0.0014355976600199938
kodim12,Kodak,kodim12,test,0.1,0.1001129150390625,0.01,2026,54dc6e54f48b45ae64bc57f17902895911718abb7369b962c0caeef41dc3ca2a,hqs,32.600349779054,0.845322949382782,0.3205362289445475,0.0011566814500838518
kodim12,Kodak,kodim12,test,0.1,0.1001129150390625,0.01,2026,54dc6e54f48b45ae64bc57f17902895911718abb7369b962c0caeef41dc3ca2a,hqs_round1,32.71634282595898,0.8474323609240055,0.3268793469760567,0.0011373810702934861
kodim12,Kodak,kodim12,test,0.1,0.1001129150390625,0.01,2026,54dc6e54f48b45ae64bc57f17902895911718abb7369b962c0caeef41dc3ca2a,hqs_finetuned,32.894680779667915,0.8509802670781612,0.317645835923031,0.005533365532755852
kodim12,Kodak,kodim12,test,0.1,0.1001129150390625,0.01,2027,f742c0f2315a80da9de10dabb79b276e42ec9d4ee4f17a158934c2f8c17c85ef,hqs,32.43206269791785,0.8431718478055,0.3165920110186562,0.0010957710910588503
kodim12,Kodak,kodim12,test,0.1,0.1001129150390625,0.01,2027,f742c0f2315a80da9de10dabb79b276e42ec9d4ee4f17a158934c2f8c17c85ef,hqs_round1,32.557524780011136,0.8459356861281395,0.3203531069448218,0.0010651031043380499
kodim12,Kodak,kodim12,test,0.1,0.1001129150390625,0.01,2027,f742c0f2315a80da9de10dabb79b276e42ec9d4ee4f17a158934c2f8c17c85ef,hqs_finetuned,32.74294593261628,0.850090444311142,0.32008157402742654,0.005311361979693174
kodim12,Kodak,kodim12,test,0.1,0.1001129150390625,0.01,2028,29981782d12c364dab8a0016495272e8110701066788d1fc9fb0e7269014ff72,hqs,32.59051916291345,0.84457703033638,0.329882649006322,0.0011951189953833818
kodim12,Kodak,kodim12,test,0.1,0.1001129150390625,0.01,2028,29981782d12c364dab8a0016495272e8110701066788d1fc9fb0e7269014ff72,hqs_round1,32.73473436389616,0.8472137934656143,0.3175777599681169,0.0011193066602572799
kodim12,Kodak,kodim12,test,0.1,0.1001129150390625,0.01,2028,29981782d12c364dab8a0016495272e8110701066788d1fc9fb0e7269014ff72,hqs_finetuned,32.90255450454899,0.8506403877239227,0.34450736502185464,0.0057306597009301186
kodim12,Kodak,kodim12,test,0.1,0.1001129150390625,0.05,2026,53c6447787cead6663a7c670203667bf5fe16bbee7542a64a6e50e372d25ba64,hqs,26.858192884949396,0.5562894013560414,0.3307440700009465,0.0018560230964794755
kodim12,Kodak,kodim12,test,0.1,0.1001129150390625,0.05,2026,53c6447787cead6663a7c670203667bf5fe16bbee7542a64a6e50e372d25ba64,hqs_round1,26.926534450790452,0.5614586209581727,0.3286318570608273,0.0015659462660551071
kodim12,Kodak,kodim12,test,0.1,0.1001129150390625,0.05,2026,53c6447787cead6663a7c670203667bf5fe16bbee7542a64a6e50e372d25ba64,hqs_finetuned,29.72500789683696,0.7715983099949956,0.3255743329646066,0.03923250362277031
kodim12,Kodak,kodim12,test,0.1,0.1001129150390625,0.05,2027,5c729557341604f2a532e1a65a0fb8171ec185851557c242d001f4dba4515054,hqs,26.704754372450694,0.553320286332801,0.3243798710172996,0.002195177134126425
kodim12,Kodak,kodim12,test,0.1,0.1001129150390625,0.05,2027,5c729557341604f2a532e1a65a0fb8171ec185851557c242d001f4dba4515054,hqs_round1,26.738318595864463,0.5574618221812028,0.32029810501262546,0.0018151550320908427
kodim12,Kodak,kodim12,test,0.1,0.1001129150390625,0.05,2027,5c729557341604f2a532e1a65a0fb8171ec185851557c242d001f4dba4515054,hqs_finetuned,29.557845331144954,0.7724148456159831,0.3233544940594584,0.03978404030203819
kodim12,Kodak,kodim12,test,0.1,0.1001129150390625,0.05,2028,a53547e58a60c6f29d9ed66f49b505670e47f240c9b8cdf6a363a9b457eca509,hqs,26.741670644981962,0.5535392518910381,0.3199233029736206,0.002028468530625105
kodim12,Kodak,kodim12,test,0.1,0.1001129150390625,0.05,2028,a53547e58a60c6f29d9ed66f49b505670e47f240c9b8cdf6a363a9b457eca509,hqs_round1,26.80540087487499,0.5584071797295586,0.31839284708257765,0.0017829032149165869
kodim12,Kodak,kodim12,test,0.1,0.1001129150390625,0.05,2028,a53547e58a60c6f29d9ed66f49b505670e47f240c9b8cdf6a363a9b457eca509,hqs_finetuned,29.618356217580242,0.7728890138493478,0.3216323589440435,0.03931892290711403
kodim13,Kodak,kodim13,test,0.01,0.01031494140625,0.0,2026,c5b2da835c2718ab6cc30edb5cc2af76f2285bd67a0eeb4552035d61826808ea,hqs,19.47593577925422,0.2976988920793247,0.31873356795404106,0.0033211957197636366
kodim13,Kodak,kodim13,test,0.01,0.01031494140625,0.0,2026,c5b2da835c2718ab6cc30edb5cc2af76f2285bd67a0eeb4552035d61826808ea,hqs_round1,19.48207040287728,0.2978957406183623,0.3185670980019495,0.0024133464321494102
kodim13,Kodak,kodim13,test,0.01,0.01031494140625,0.0,2026,c5b2da835c2718ab6cc30edb5cc2af76f2285bd67a0eeb4552035d61826808ea,hqs_finetuned,19.44050165339328,0.29077526009455457,0.3224815990542993,0.01076193805783987
kodim13,Kodak,kodim13,test,0.04,0.041259765625,0.0,2026,a3e1051cbc4fd05099522ea78b31fd6fe5d98c77e1bda57e44444d1758c934a8,hqs,21.201461787781554,0.47638080674549,0.3209289270453155,0.0034377870615571737
kodim13,Kodak,kodim13,test,0.04,0.041259765625,0.0,2026,a3e1051cbc4fd05099522ea78b31fd6fe5d98c77e1bda57e44444d1758c934a8,hqs_round1,21.256967840144302,0.477560363935226,0.32062633498571813,0.0027215443551540375
kodim13,Kodak,kodim13,test,0.04,0.041259765625,0.0,2026,a3e1051cbc4fd05099522ea78b31fd6fe5d98c77e1bda57e44444d1758c934a8,hqs_finetuned,21.273039185938295,0.46836652888578384,0.32041522103827447,0.010026649571955204
kodim13,Kodak,kodim13,test,0.1,0.1001129150390625,0.0,2026,37997413393982215ffaf29dfb5ded1283a483b7720fe9a1a3d833abb8dc8307,hqs,22.942657431025765,0.6328069630834385,0.32145177002530545,0.0025988384149968624
kodim13,Kodak,kodim13,test,0.1,0.1001129150390625,0.0,2026,37997413393982215ffaf29dfb5ded1283a483b7720fe9a1a3d833abb8dc8307,hqs_round1,23.036188670912672,0.635529449072726,0.31892347999382764,0.002357781631872058
kodim13,Kodak,kodim13,test,0.1,0.1001129150390625,0.0,2026,37997413393982215ffaf29dfb5ded1283a483b7720fe9a1a3d833abb8dc8307,hqs_finetuned,23.071217281235015,0.6321954825644717,0.3169311980018392,0.006521429400891066
kodim13,Kodak,kodim13,test,0.25,0.25,0.0,2026,52d15013e9e864904fb2a18432db62be55b030d9d88ae4405f75525b8adbce2e,hqs,25.567161702567848,0.7937478474276066,0.31675307103432715,0.002793476916849613
kodim13,Kodak,kodim13,test,0.25,0.25,0.0,2026,52d15013e9e864904fb2a18432db62be55b030d9d88ae4405f75525b8adbce2e,hqs_round1,25.67418201891,0.7963431316037178,0.31700131099205464,0.002800309332087636
kodim13,Kodak,kodim13,test,0.25,0.25,0.0,2026,52d15013e9e864904fb2a18432db62be55b030d9d88ae4405f75525b8adbce2e,hqs_finetuned,25.66848001505157,0.7905189099941253,0.3162841950543225,0.006412552669644356
kodim13,Kodak,kodim13,test,0.5,0.4998931884765625,0.0,2026,65529cb3410d4a36e2fc7da61f1c5312eeeec6ef80dd31949f97f8220e750eac,hqs,29.422832822252694,0.9082764195280075,0.3198385270079598,0.0031432805117219687
kodim13,Kodak,kodim13,test,0.5,0.4998931884765625,0.0,2026,65529cb3410d4a36e2fc7da61f1c5312eeeec6ef80dd31949f97f8220e750eac,hqs_round1,29.554941184772908,0.90992977074337,0.31780479196459055,0.0032380432821810246
kodim13,Kodak,kodim13,test,0.5,0.4998931884765625,0.0,2026,65529cb3410d4a36e2fc7da61f1c5312eeeec6ef80dd31949f97f8220e750eac,hqs_finetuned,29.50245376785073,0.9062134056835175,0.3178632779745385,0.006386004853993654
kodim13,Kodak,kodim13,test,0.1,0.1001129150390625,0.01,2026,15a514fbe0a996d4de7bc9ff19987e312332aee68684671d920f68c649267695,hqs,22.89544059015901,0.629513413516149,0.31896712200250477,0.0025484587531536818
kodim13,Kodak,kodim13,test,0.1,0.1001129150390625,0.01,2026,15a514fbe0a996d4de7bc9ff19987e312332aee68684671d920f68c649267695,hqs_round1,22.99063603201666,0.6324528241393826,0.3204606910003349,0.002311012940481305
kodim13,Kodak,kodim13,test,0.1,0.1001129150390625,0.01,2026,15a514fbe0a996d4de7bc9ff19987e312332aee68684671d920f68c649267695,hqs_finetuned,23.02860271696845,0.6293602259038389,0.31568988400977105,0.006891151424497366
kodim13,Kodak,kodim13,test,0.1,0.1001129150390625,0.01,2027,e144574739cdbcbb9ffbfac69e4eeb6d22ce9b9a25303b2e3aac82a99d821063,hqs,22.915364336128505,0.6309638077358268,0.3190953469602391,0.0026200569700449705
kodim13,Kodak,kodim13,test,0.1,0.1001129150390625,0.01,2027,e144574739cdbcbb9ffbfac69e4eeb6d22ce9b9a25303b2e3aac82a99d821063,hqs_round1,23.008693148567918,0.6337871333075874,0.3210599720478058,0.002391090616583824
kodim13,Kodak,kodim13,test,0.1,0.1001129150390625,0.01,2027,e144574739cdbcbb9ffbfac69e4eeb6d22ce9b9a25303b2e3aac82a99d821063,hqs_finetuned,23.046112957544477,0.630411942567979,0.3260210499865934,0.0070441667921841145
kodim13,Kodak,kodim13,test,0.1,0.1001129150390625,0.01,2028,83d6bc670bd58e76f399eae2765ab3fdb205127dcb9a2e059c1989cd947ec772,hqs,22.9129357138064,0.6306447459117044,0.3229783680289984,0.00255973101593554
kodim13,Kodak,kodim13,test,0.1,0.1001129150390625,0.01,2028,83d6bc670bd58e76f399eae2765ab3fdb205127dcb9a2e059c1989cd947ec772,hqs_round1,23.002105583433057,0.6332358268219652,0.3192481549922377,0.0023473487235605717
kodim13,Kodak,kodim13,test,0.1,0.1001129150390625,0.01,2028,83d6bc670bd58e76f399eae2765ab3fdb205127dcb9a2e059c1989cd947ec772,hqs_finetuned,23.038008435796108,0.6297299080156759,0.31824450800195336,0.00695843156427145
kodim13,Kodak,kodim13,test,0.1,0.1001129150390625,0.05,2026,9cd8413229aec85c5e145b2a9b088ea1ed60ef02fe501eacb35680068d61cb95,hqs,22.174764526882175,0.5781717751523815,0.3171260349918157,0.002728615887463093
kodim13,Kodak,kodim13,test,0.1,0.1001129150390625,0.05,2026,9cd8413229aec85c5e145b2a9b088ea1ed60ef02fe501eacb35680068d61cb95,hqs_round1,22.22172192659807,0.5805527794548254,0.31461408000905067,0.0023553010541945696
kodim13,Kodak,kodim13,test,0.1,0.1001129150390625,0.05,2026,9cd8413229aec85c5e145b2a9b088ea1ed60ef02fe501eacb35680068d61cb95,hqs_finetuned,22.39304415448754,0.5799896026696265,0.32302294101100415,0.020597564056515694
kodim13,Kodak,kodim13,test,0.1,0.1001129150390625,0.05,2027,b89101984c6993fee21cc616a44d08c7958bcf56b7a45940b835a9b4a23de593,hqs,22.19463449977031,0.5821060983532185,0.32020894601009786,0.002711332170292735
kodim13,Kodak,kodim13,test,0.1,0.1001129150390625,0.05,2027,b89101984c6993fee21cc616a44d08c7958bcf56b7a45940b835a9b4a23de593,hqs_round1,22.2502944802607,0.5844811672657206,0.3200428090058267,0.0024655829183757305
kodim13,Kodak,kodim13,test,0.1,0.1001129150390625,0.05,2027,b89101984c6993fee21cc616a44d08c7958bcf56b7a45940b835a9b4a23de593,hqs_finetuned,22.441612547351927,0.583870018203781,0.3177118399180472,0.021294187754392624
kodim13,Kodak,kodim13,test,0.1,0.1001129150390625,0.05,2028,a05750da393c8d136f629de9bedf888c7c74d50e7295ad2202e831df052f7632,hqs,22.197917850273875,0.5796052322513028,0.31992924492806196,0.00258718803524971
kodim13,Kodak,kodim13,test,0.1,0.1001129150390625,0.05,2028,a05750da393c8d136f629de9bedf888c7c74d50e7295ad2202e831df052f7632,hqs_round1,22.244256310486854,0.581617155777134,0.31912579701747745,0.002336008008569479
kodim13,Kodak,kodim13,test,0.1,0.1001129150390625,0.05,2028,a05750da393c8d136f629de9bedf888c7c74d50e7295ad2202e831df052f7632,hqs_finetuned,22.40419250651479,0.5785909898773879,0.3154002899536863,0.022689739242196083
kodim14,Kodak,kodim14,test,0.01,0.01031494140625,0.0,2026,444ada1e7dc489af67c59b7d76784b527c0ffea54853d1050aed6326b04fdccd,hqs,21.31971128412234,0.42440378676974183,0.3169776789145544,0.004195658955723047
kodim14,Kodak,kodim14,test,0.01,0.01031494140625,0.0,2026,444ada1e7dc489af67c59b7d76784b527c0ffea54853d1050aed6326b04fdccd,hqs_round1,21.33816934393311,0.42594519885280674,0.31857444893103093,0.0037479547318071127
kodim14,Kodak,kodim14,test,0.01,0.01031494140625,0.0,2026,444ada1e7dc489af67c59b7d76784b527c0ffea54853d1050aed6326b04fdccd,hqs_finetuned,21.30748968453005,0.4232688256683106,0.3157147659221664,0.004768318496644497
kodim14,Kodak,kodim14,test,0.04,0.041259765625,0.0,2026,7c3129b629cf50b95ac3f7d6d026882b6bc2b3d41a86350b07256bd6319b8cc8,hqs,23.787731414292228,0.621276351752406,0.31873489706777036,0.002936531091108918
kodim14,Kodak,kodim14,test,0.04,0.041259765625,0.0,2026,7c3129b629cf50b95ac3f7d6d026882b6bc2b3d41a86350b07256bd6319b8cc8,hqs_round1,23.802206081992686,0.622076224317708,0.3153421460883692,0.0026850674767047167
kodim14,Kodak,kodim14,test,0.04,0.041259765625,0.0,2026,7c3129b629cf50b95ac3f7d6d026882b6bc2b3d41a86350b07256bd6319b8cc8,hqs_finetuned,23.80416602679795,0.6191016765708783,0.3184438219759613,0.006464100908488035
kodim14,Kodak,kodim14,test,0.1,0.1001129150390625,0.0,2026,b74ee720ade016301b5b127dc3d02f338c2c5b853afc0f7f502d837251d8188b,hqs,26.236889976890016,0.7660406762840748,0.31888137909118086,0.002755369758233428
kodim14,Kodak,kodim14,test,0.1,0.1001129150390625,0.0,2026,b74ee720ade016301b5b127dc3d02f338c2c5b853afc0f7f502d837251d8188b,hqs_round1,26.26282438098404,0.7664089484307766,0.31574942800216377,0.002557263942435384
kodim14,Kodak,kodim14,test,0.1,0.1001129150390625,0.0,2026,b74ee720ade016301b5b127dc3d02f338c2c5b853afc0f7f502d837251d8188b,hqs_finetuned,26.29101939292206,0.7657705606548786,0.3170575989643112,0.0038064229302108288
kodim14,Kodak,kodim14,test,0.25,0.25,0.0,2026,e525e2b1dc9139e819f5161228f3fcfd5989001533dcd08cb8f7ef28a7d7cf12,hqs,29.85624063630974,0.8879087495555877,0.31799435697030276,0.002440314507111907
kodim14,Kodak,kodim14,test,0.25,0.25,0.0,2026,e525e2b1dc9139e819f5161228f3fcfd5989001533dcd08cb8f7ef28a7d7cf12,hqs_round1,29.944889785464312,0.8885433204340935,0.31644920399412513,0.0024456412065774202
kodim14,Kodak,kodim14,test,0.25,0.25,0.0,2026,e525e2b1dc9139e819f5161228f3fcfd5989001533dcd08cb8f7ef28a7d7cf12,hqs_finetuned,29.97429499646847,0.8874754670886993,0.320960737997666,0.003725537797436118
kodim14,Kodak,kodim14,test,0.5,0.4998931884765625,0.0,2026,5552c2427c89a587fdcaa1b5a64ba57f4fc33f68aa31e6998d05feb99ed62d48,hqs,34.295578832348156,0.9543855685300827,0.3193796389969066,0.002237739972770214
kodim14,Kodak,kodim14,test,0.5,0.4998931884765625,0.0,2026,5552c2427c89a587fdcaa1b5a64ba57f4fc33f68aa31e6998d05feb99ed62d48,hqs_round1,34.41132738594998,0.9551723943881989,0.3164426959119737,0.0024551048409193754
kodim14,Kodak,kodim14,test,0.5,0.4998931884765625,0.0,2026,5552c2427c89a587fdcaa1b5a64ba57f4fc33f68aa31e6998d05feb99ed62d48,hqs_finetuned,34.41122277784446,0.954436256690979,0.319523389916867,0.003498534904792905
kodim14,Kodak,kodim14,test,0.1,0.1001129150390625,0.01,2026,afc3bad6def6c23189b601664c1648508821682e1f585f7b34b55aa6c05c180b,hqs,26.164221462168996,0.7625790668654442,0.318485968047753,0.002716490300372243
kodim14,Kodak,kodim14,test,0.1,0.1001129150390625,0.01,2026,afc3bad6def6c23189b601664c1648508821682e1f585f7b34b55aa6c05c180b,hqs_round1,26.194418583751897,0.7631237903757095,0.32074827305041254,0.0025206368882209063
kodim14,Kodak,kodim14,test,0.1,0.1001129150390625,0.01,2026,afc3bad6def6c23189b601664c1648508821682e1f585f7b34b55aa6c05c180b,hqs_finetuned,26.223758777507456,0.7625446692817212,0.32073003496043384,0.004395025782287121
kodim14,Kodak,kodim14,test,0.1,0.1001129150390625,0.01,2027,623840552918f1bf37071876f57e677dea1375368cb6e4e7ae8c2eb58c035c2c,hqs,26.158055895110802,0.7622322713627815,0.3166876219911501,0.002716739196330309
kodim14,Kodak,kodim14,test,0.1,0.1001129150390625,0.01,2027,623840552918f1bf37071876f57e677dea1375368cb6e4e7ae8c2eb58c035c2c,hqs_round1,26.185822669729074,0.7627665098190307,0.3190193589543924,0.0025043394416570663
kodim14,Kodak,kodim14,test,0.1,0.1001129150390625,0.01,2027,623840552918f1bf37071876f57e677dea1375368cb6e4e7ae8c2eb58c035c2c,hqs_finetuned,26.208266030242346,0.7619551454510689,0.31965465005487204,0.004142723046243191
kodim14,Kodak,kodim14,test,0.1,0.1001129150390625,0.01,2028,3595133fd282234e7701f8f5c4a1cd7c11d326f338ac569b9d989625cf7bc516,hqs,26.17300422344006,0.7630878613698483,0.3213637549197301,0.0027218805626034737
kodim14,Kodak,kodim14,test,0.1,0.1001129150390625,0.01,2028,3595133fd282234e7701f8f5c4a1cd7c11d326f338ac569b9d989625cf7bc516,hqs_round1,26.198527175752638,0.7634949697487354,0.3186286670388654,0.002510709222406149
kodim14,Kodak,kodim14,test,0.1,0.1001129150390625,0.01,2028,3595133fd282234e7701f8f5c4a1cd7c11d326f338ac569b9d989625cf7bc516,hqs_finetuned,26.22232661183449,0.7627448566527366,0.31579933094326407,0.004299226216971874
kodim14,Kodak,kodim14,test,0.1,0.1001129150390625,0.05,2026,8d5adf2e797919e305d471b1a8d98f55f74f73bfe9bc8d0a892b9b2ba22b675e,hqs,24.917150431529773,0.6943806700570285,0.31728944601491094,0.002512958599254489
kodim14,Kodak,kodim14,test,0.1,0.1001129150390625,0.05,2026,8d5adf2e797919e305d471b1a8d98f55f74f73bfe9bc8d0a892b9b2ba22b675e,hqs_round1,24.933379298111284,0.6956300312423557,0.3182923400308937,0.002278335625305772
kodim14,Kodak,kodim14,test,0.1,0.1001129150390625,0.05,2026,8d5adf2e797919e305d471b1a8d98f55f74f73bfe9bc8d0a892b9b2ba22b675e,hqs_finetuned,25.15319705141343,0.7054041255737469,0.31855818000622094,0.02552536129951477
kodim14,Kodak,kodim14,test,0.1,0.1001129150390625,0.05,2027,37e19404791b0eee32d0a451cd9453cf4f627256c649172d9d3eacbc0866ed90,hqs,24.939648674210453,0.6968003104309427,0.32110696693416685,0.0023812223225831985
kodim14,Kodak,kodim14,test,0.1,0.1001129150390625,0.05,2027,37e19404791b0eee32d0a451cd9453cf4f627256c649172d9d3eacbc0866ed90,hqs_round1,24.95073216236591,0.6982585812045075,0.31834231701213866,0.0021695694886147976
kodim14,Kodak,kodim14,test,0.1,0.1001129150390625,0.05,2027,37e19404791b0eee32d0a451cd9453cf4f627256c649172d9d3eacbc0866ed90,hqs_finetuned,25.148088915393476,0.7060797219724655,0.31819073494989425,0.023668302223086357
kodim14,Kodak,kodim14,test,0.1,0.1001129150390625,0.05,2028,543899958c4109e2bd88690f3ff7abdeaecf210822463bb9627b8adab9e878ec,hqs,24.958921457767353,0.6996499142746926,0.3206939570372924,0.002590138465166092
kodim14,Kodak,kodim14,test,0.1,0.1001129150390625,0.05,2028,543899958c4109e2bd88690f3ff7abdeaecf210822463bb9627b8adab9e878ec,hqs_round1,24.969205782497177,0.7005125166925285,0.31675328698474914,0.0023778036702424288
kodim14,Kodak,kodim14,test,0.1,0.1001129150390625,0.05,2028,543899958c4109e2bd88690f3ff7abdeaecf210822463bb9627b8adab9e878ec,hqs_finetuned,25.18368444137308,0.7067843097985983,0.3201555829728022,0.024413716048002243
kodim15,Kodak,kodim15,test,0.01,0.01031494140625,0.0,2026,c07976f706b9f07d5a7570093594bd97e01956a993220bb58cd9dbddf7da2140,hqs,26.376229895795507,0.7001265633375143,0.3191991000203416,0.00515290442854166
kodim15,Kodak,kodim15,test,0.01,0.01031494140625,0.0,2026,c07976f706b9f07d5a7570093594bd97e01956a993220bb58cd9dbddf7da2140,hqs_round1,26.3967099449521,0.7006852162361101,0.3162898189621046,0.005021529737859964
kodim15,Kodak,kodim15,test,0.01,0.01031494140625,0.0,2026,c07976f706b9f07d5a7570093594bd97e01956a993220bb58cd9dbddf7da2140,hqs_finetuned,26.41143622759815,0.7009692573136584,0.3217626790283248,0.0058572618290781975
kodim15,Kodak,kodim15,test,0.04,0.041259765625,0.0,2026,7757a597af998912124fcb58e7110a06c76b40b12795b1ad7df7990e9e52d298,hqs,30.222191269292985,0.8120139149750472,0.3170527491020039,0.0031857637222856283
kodim15,Kodak,kodim15,test,0.04,0.041259765625,0.0,2026,7757a597af998912124fcb58e7110a06c76b40b12795b1ad7df7990e9e52d298,hqs_round1,30.25829040051715,0.8125238908178807,0.31850425992161036,0.0032693264074623585
kodim15,Kodak,kodim15,test,0.04,0.041259765625,0.0,2026,7757a597af998912124fcb58e7110a06c76b40b12795b1ad7df7990e9e52d298,hqs_finetuned,30.216685034590913,0.8115023898648024,0.31835359998513013,0.003748707240447402
kodim15,Kodak,kodim15,test,0.1,0.1001129150390625,0.0,2026,566a61cb6bb3d779b629ba91f9e421fb5e7589973e37684fa9524ab4e1bc8a97,hqs,32.37333466584114,0.8715951700026989,0.3155439649708569,0.002460631774738431
kodim15,Kodak,kodim15,test,0.1,0.1001129150390625,0.0,2026,566a61cb6bb3d779b629ba91f9e421fb5e7589973e37684fa9524ab4e1bc8a97,hqs_round1,32.42213635796536,0.8726849349861145,0.3182016920763999,0.0027608093805611134
kodim15,Kodak,kodim15,test,0.1,0.1001129150390625,0.0,2026,566a61cb6bb3d779b629ba91f9e421fb5e7589973e37684fa9524ab4e1bc8a97,hqs_finetuned,32.42875903188243,0.8705963318800927,0.31615484098438174,0.003285804996266961
kodim15,Kodak,kodim15,test,0.25,0.25,0.0,2026,5c7ed4e989a15486bff5bb52bf7e8a09d6bc2c13ce91488c4068f255a8404bd5,hqs,35.40055197280543,0.9264651487159729,0.31564970302861184,0.0018108367221429944
kodim15,Kodak,kodim15,test,0.25,0.25,0.0,2026,5c7ed4e989a15486bff5bb52bf7e8a09d6bc2c13ce91488c4068f255a8404bd5,hqs_round1,35.38494868679175,0.9262798021688461,0.31849812902510166,0.0021143131889402866
kodim15,Kodak,kodim15,test,0.25,0.25,0.0,2026,5c7ed4e989a15486bff5bb52bf7e8a09d6bc2c13ce91488c4068f255a8404bd5,hqs_finetuned,35.360672450470936,0.9252121633682251,0.31517169694416225,0.0034146530088037252
kodim15,Kodak,kodim15,test,0.5,0.4998931884765625,0.0,2026,0bdd412ee411368a0415417eec7514379b977b92ec803ac0151114c886b24060,hqs,39.8314600380862,0.9699630416727066,0.31699335493613034,0.001841300050728023
kodim15,Kodak,kodim15,test,0.5,0.4998931884765625,0.0,2026,0bdd412ee411368a0415417eec7514379b977b92ec803ac0151114c886b24060,hqs_round1,39.89383704033914,0.9701816307535172,0.31598196795675904,0.002322353655472398
kodim15,Kodak,kodim15,test,0.5,0.4998931884765625,0.0,2026,0bdd412ee411368a0415417eec7514379b977b92ec803ac0151114c886b24060,hqs_finetuned,39.874049408101165,0.9693956141366958,0.3200608789920807,0.0030007800087332726
kodim15,Kodak,kodim15,test,0.1,0.1001129150390625,0.01,2026,2c5fe1fbfb0548053fee5b10d3840e97be17820789464dc5cdb226621f4c7cfe,hqs,32.109381060296336,0.8652999074392319,0.32236811297480017,0.00236894260160625
kodim15,Kodak,kodim15,test,0.1,0.1001129150390625,0.01,2026,2c5fe1fbfb0548053fee5b10d3840e97be17820789464dc5cdb226621f4c7cfe,hqs_round1,32.126549083306045,0.8661996858727932,0.31950687197968364,0.00270449323579669
kodim15,Kodak,kodim15,test,0.1,0.1001129150390625,0.01,2026,2c5fe1fbfb0548053fee5b10d3840e97be17820789464dc5cdb226621f4c7cfe,hqs_finetuned,32.11695771992797,0.8638945403237343,0.31729356211144477,0.00453264219686389
kodim15,Kodak,kodim15,test,0.1,0.1001129150390625,0.01,2027,71aec5dbaa2e85bb2fcd04625437541d0c3f9bced0be0b2eae95f96252872202,hqs,32.08991639327535,0.8630282072970867,0.3193039100151509,0.0022533026058226824
kodim15,Kodak,kodim15,test,0.1,0.1001129150390625,0.01,2027,71aec5dbaa2e85bb2fcd04625437541d0c3f9bced0be0b2eae95f96252872202,hqs_round1,32.08598584290273,0.8639808303236961,0.3159177219495177,0.002566677751019597
kodim15,Kodak,kodim15,test,0.1,0.1001129150390625,0.01,2027,71aec5dbaa2e85bb2fcd04625437541d0c3f9bced0be0b2eae95f96252872202,hqs_finetuned,32.103111638865826,0.862793379840374,0.31986643106210977,0.004264030139893293
kodim15,Kodak,kodim15,test,0.1,0.1001129150390625,0.01,2028,023bd8155118d1b94b014b870e6dcbe682d41417ca8c872550941bc52b9894b6,hqs,32.08013909801717,0.863648167675972,0.32036461296956986,0.0022899562027305365
kodim15,Kodak,kodim15,test,0.1,0.1001129150390625,0.01,2028,023bd8155118d1b94b014b870e6dcbe682d41417ca8c872550941bc52b9894b6,hqs_round1,32.13147514222391,0.8650379096484184,0.31694423500448465,0.0026010023429989815
kodim15,Kodak,kodim15,test,0.1,0.1001129150390625,0.01,2028,023bd8155118d1b94b014b870e6dcbe682d41417ca8c872550941bc52b9894b6,hqs_finetuned,32.16539229202858,0.8635139424343109,0.3206254920223728,0.0045253811404109
kodim15,Kodak,kodim15,test,0.1,0.1001129150390625,0.05,2026,ab7335c2d22adf7d21c4d72d24188ca26d117ecc2875705abae395fb9f65843f,hqs,29.15587526516169,0.7456762171368003,0.31701190990861505,0.002835017628967762
kodim15,Kodak,kodim15,test,0.1,0.1001129150390625,0.05,2026,ab7335c2d22adf7d21c4d72d24188ca26d117ecc2875705abae395fb9f65843f,hqs_round1,29.11263694053848,0.7472595178123266,0.31538312195334584,0.002656924305483699
kodim15,Kodak,kodim15,test,0.1,0.1001129150390625,0.05,2026,ab7335c2d22adf7d21c4d72d24188ca26d117ecc2875705abae395fb9f65843f,hqs_finetuned,30.279269935587738,0.8103417615383863,0.31822515302337706,0.03808315843343735
kodim15,Kodak,kodim15,test,0.1,0.1001129150390625,0.05,2027,fd6b6b12935fd1dc8915238c14f16733e7b9366bab6378ca4d211019e6f7223d,hqs,29.139814760501594,0.7370074805026054,0.31760365690570325,0.002602302934974432
kodim15,Kodak,kodim15,test,0.1,0.1001129150390625,0.05,2027,fd6b6b12935fd1dc8915238c14f16733e7b9366bab6378ca4d211019e6f7223d,hqs_round1,29.126803898095414,0.7391408747566343,0.31990324100479484,0.002405019709840417
kodim15,Kodak,kodim15,test,0.1,0.1001129150390625,0.05,2027,fd6b6b12935fd1dc8915238c14f16733e7b9366bab6378ca4d211019e6f7223d,hqs_finetuned,30.210727405676447,0.8079237258428336,0.3173712739953771,0.03897985816001892
kodim15,Kodak,kodim15,test,0.1,0.1001129150390625,0.05,2028,559a5f49a80c166a16efd4d179a8b3d4e80ff6058ba40de1c41bee99959beca5,hqs,29.253971091744106,0.7423942531036138,0.33668918698094785,0.003589105559512973
kodim15,Kodak,kodim15,test,0.1,0.1001129150390625,0.05,2028,559a5f49a80c166a16efd4d179a8b3d4e80ff6058ba40de1c41bee99959beca5,hqs_round1,29.221022736267294,0.745117628382206,0.35091010807082057,0.00333849317394197
kodim15,Kodak,kodim15,test,0.1,0.1001129150390625,0.05,2028,559a5f49a80c166a16efd4d179a8b3d4e80ff6058ba40de1c41bee99959beca5,hqs_finetuned,30.260084376069017,0.8099724382679463,0.31501113798003644,0.03794827312231064
kodim16,Kodak,kodim16,test,0.01,0.01031494140625,0.0,2026,e5f09d214c715dff302b7bbe17df867ee9b1fc6d3352f0ad03addb27d727cdf4,hqs,27.581452924743676,0.6373730033452996,0.31940728006884456,0.002213320229202509
kodim16,Kodak,kodim16,test,0.01,0.01031494140625,0.0,2026,e5f09d214c715dff302b7bbe17df867ee9b1fc6d3352f0ad03addb27d727cdf4,hqs_round1,27.604263835857395,0.6382617093515918,0.3153242820408195,0.0021941557060927153
kodim16,Kodak,kodim16,test,0.01,0.01031494140625,0.0,2026,e5f09d214c715dff302b7bbe17df867ee9b1fc6d3352f0ad03addb27d727cdf4,hqs_finetuned,27.542013282936747,0.6348872158382591,0.3142098309472203,0.005735691636800766
kodim16,Kodak,kodim16,test,0.04,0.041259765625,0.0,2026,2c28542cb33ab0d75c53b8382b396cc004cf1cb88ad581b9c0583ca875220dbc,hqs,29.698014627389785,0.7424873724848143,0.31721784302499145,0.001918624504469335
kodim16,Kodak,kodim16,test,0.04,0.041259765625,0.0,2026,2c28542cb33ab0d75c53b8382b396cc004cf1cb88ad581b9c0583ca875220dbc,hqs_round1,29.68003476109587,0.7426308617637456,0.3158117609564215,0.0018695605685934424
kodim16,Kodak,kodim16,test,0.04,0.041259765625,0.0,2026,2c28542cb33ab0d75c53b8382b396cc004cf1cb88ad581b9c0583ca875220dbc,hqs_finetuned,29.721810489555438,0.7420030266259313,0.31654515699483454,0.0023666182532906532
kodim16,Kodak,kodim16,test,0.1,0.1001129150390625,0.0,2026,137041f72e8ccdfb8b91ef47832872b3ac9227b6205cf1341a6ddcb4e57224a5,hqs,31.126084002383916,0.8164091880677938,0.31905730394646525,0.0012640745844691992
kodim16,Kodak,kodim16,test,0.1,0.1001129150390625,0.0,2026,137041f72e8ccdfb8b91ef47832872b3ac9227b6205cf1341a6ddcb4e57224a5,hqs_round1,31.250881711076374,0.8196547302484513,0.31538839696440846,0.0013497780309990048
kodim16,Kodak,kodim16,test,0.1,0.1001129150390625,0.0,2026,137041f72e8ccdfb8b91ef47832872b3ac9227b6205cf1341a6ddcb4e57224a5,hqs_finetuned,31.187026795611153,0.8161603569099903,0.3157019589561969,0.0016012456035241485
kodim16,Kodak,kodim16,test,0.25,0.25,0.0,2026,3ea3d47c9a19d52357807ff230d537e350f3c86457d4ef4cd7197317af8d923c,hqs,34.19616091934979,0.9072554828834534,0.31720368401147425,0.0017367779510095716
kodim16,Kodak,kodim16,test,0.25,0.25,0.0,2026,3ea3d47c9a19d52357807ff230d537e350f3c86457d4ef4cd7197317af8d923c,hqs_round1,34.38757724435942,0.9102064406995773,0.3166653010994196,0.001879101269878447
kodim16,Kodak,kodim16,test,0.25,0.25,0.0,2026,3ea3d47c9a19d52357807ff230d537e350f3c86457d4ef4cd7197317af8d923c,hqs_finetuned,34.337134562910514,0.9083704703354836,0.31815243302844465,0.0024623905774205923
kodim16,Kodak,kodim16,test,0.5,0.4998931884765625,0.0,2026,ea7afecc3f3284c536f5923eb4d450730b16e65688ec3f084a141b8c400c1c8a,hqs,39.559713119543225,0.9705963832654954,0.3184684250736609,0.0017256070859730244
kodim16,Kodak,kodim16,test,0.5,0.4998931884765625,0.0,2026,ea7afecc3f3284c536f5923eb4d450730b16e65688ec3f084a141b8c400c1c8a,hqs_round1,39.66099158549789,0.9710423409223556,0.32236089603975415,0.0021284555550664663
kodim16,Kodak,kodim16,test,0.5,0.4998931884765625,0.0,2026,ea7afecc3f3284c536f5923eb4d450730b16e65688ec3f084a141b8c400c1c8a,hqs_finetuned,39.631549046846395,0.9705182828435898,0.3209790919208899,0.002261873334646225
kodim16,Kodak,kodim16,test,0.1,0.1001129150390625,0.01,2026,81a13c7b17d9ab490e8be3ba2dda6fde5a87b166330429e20b3af8b265b5539d,hqs,30.901873537747445,0.8057717208821773,0.32064820802770555,0.0011133417719975114
kodim16,Kodak,kodim16,test,0.1,0.1001129150390625,0.01,2026,81a13c7b17d9ab490e8be3ba2dda6fde5a87b166330429e20b3af8b265b5539d,hqs_round1,31.00885224733925,0.8094278798407316,0.31918075191788375,0.0011528142495080829
kodim16,Kodak,kodim16,test,0.1,0.1001129150390625,0.01,2026,81a13c7b17d9ab490e8be3ba2dda6fde5a87b166330429e20b3af8b265b5539d,hqs_finetuned,30.96009162464209,0.8055247730621099,0.31782398209907115,0.0033412829507142305
kodim16,Kodak,kodim16,test,0.1,0.1001129150390625,0.01,2027,38122488db3a89eadea013fe70507f89a2892c13bb9f11add68999204068293b,hqs,30.955336890115582,0.8068179678855538,0.3160138661041856,0.0010922002838924527
kodim16,Kodak,kodim16,test,0.1,0.1001129150390625,0.01,2027,38122488db3a89eadea013fe70507f89a2892c13bb9f11add68999204068293b,hqs_round1,31.06124112202338,0.810062036888361,0.3199128520209342,0.0011292569106444716
kodim16,Kodak,kodim16,test,0.1,0.1001129150390625,0.01,2027,38122488db3a89eadea013fe70507f89a2892c13bb9f11add68999204068293b,hqs_finetuned,31.01314499274538,0.8067284419914484,0.3166240690043196,0.0030780471861362457
kodim16,Kodak,kodim16,test,0.1,0.1001129150390625,0.01,2028,612b5a1210bbf7e24717e305511fb4fe2fb683cf9581a58035978ec565f73ae7,hqs,30.925338634375628,0.8055959423861504,0.3166029149433598,0.0011277112644165754
kodim16,Kodak,kodim16,test,0.1,0.1001129150390625,0.01,2028,612b5a1210bbf7e24717e305511fb4fe2fb683cf9581a58035978ec565f73ae7,hqs_round1,31.012507773687123,0.8086387597489357,0.3197227059863508,0.0011421451345086098
kodim16,Kodak,kodim16,test,0.1,0.1001129150390625,0.01,2028,612b5a1210bbf7e24717e305511fb4fe2fb683cf9581a58035978ec565f73ae7,hqs_finetuned,30.957658351188037,0.8049636656594277,0.32206047407817096,0.0032527765724807978
kodim16,Kodak,kodim16,test,0.1,0.1001129150390625,0.05,2026,2fba41380cdbe86a57773215100582b1efdd6f520827f8586a551638f3883720,hqs,28.42873006076749,0.6544661369637116,0.31926132505759597,0.0011400963412597775
kodim16,Kodak,kodim16,test,0.1,0.1001129150390625,0.05,2026,2fba41380cdbe86a57773215100582b1efdd6f520827f8586a551638f3883720,hqs_round1,28.488882178538134,0.6589662933794903,0.3161600539460778,0.0011410195147618651
kodim16,Kodak,kodim16,test,0.1,0.1001129150390625,0.05,2026,2fba41380cdbe86a57773215100582b1efdd6f520827f8586a551638f3883720,hqs_finetuned,29.54794824864929,0.7365500020392836,0.3217148659750819,0.03468857333064079
kodim16,Kodak,kodim16,test,0.1,0.1001129150390625,0.05,2027,495a4fd7f883c7980177fd9754594628fa267156b0a76f970cc1a10329653447,hqs,28.511594950006916,0.6592176354712099,0.3221814660355449,0.0012295766500756145
kodim16,Kodak,kodim16,test,0.1,0.1001129150390625,0.05,2027,495a4fd7f883c7980177fd9754594628fa267156b0a76f970cc1a10329653447,hqs_round1,28.590074041274388,0.6636739315704704,0.3184144940460101,0.0012499664444476366
kodim16,Kodak,kodim16,test,0.1,0.1001129150390625,0.05,2027,495a4fd7f883c7980177fd9754594628fa267156b0a76f970cc1a10329653447,hqs_finetuned,29.555485921013215,0.736922059552528,0.32095175003632903,0.031691256910562515
kodim16,Kodak,kodim16,test,0.1,0.1001129150390625,0.05,2028,6dd42cc3273e7fc40388a01d9e82cd6c9be9ace00eef43abf24e7faf56f2efe8,hqs,28.402348036540896,0.6521492883032263,0.31832843902520835,0.0011389364954084158
kodim16,Kodak,kodim16,test,0.1,0.1001129150390625,0.05,2028,6dd42cc3273e7fc40388a01d9e82cd6c9be9ace00eef43abf24e7faf56f2efe8,hqs_round1,28.49530039618486,0.6586335718047619,0.3156283269636333,0.001154143363237381
kodim16,Kodak,kodim16,test,0.1,0.1001129150390625,0.05,2028,6dd42cc3273e7fc40388a01d9e82cd6c9be9ace00eef43abf24e7faf56f2efe8,hqs_finetuned,29.56726532512301,0.7358487669976354,0.3179254960268736,0.03285040333867073
kodim17,Kodak,kodim17,test,0.01,0.01031494140625,0.0,2026,caec5522c2ae5ae8277f2248e0fe6b5955647809ecafea6d78325dc8d70e34be,hqs,23.371432996091208,0.5365080280344474,0.31904568895697594,0.004069205839186907
kodim17,Kodak,kodim17,test,0.01,0.01031494140625,0.0,2026,caec5522c2ae5ae8277f2248e0fe6b5955647809ecafea6d78325dc8d70e34be,hqs_round1,23.368759762198618,0.5367578493869384,0.31540183594916016,0.004154309630393982
kodim17,Kodak,kodim17,test,0.01,0.01031494140625,0.0,2026,caec5522c2ae5ae8277f2248e0fe6b5955647809ecafea6d78325dc8d70e34be,hqs_finetuned,23.435272718226283,0.5407176607223393,0.31534517905674875,0.005272503476589918
kodim17,Kodak,kodim17,test,0.04,0.041259765625,0.0,2026,837275c1144e2595940812fd87c654f4a0348e8e2b05e07b57ae64fa0ba6e2e7,hqs,26.554451095222685,0.731648035666598,0.31623205996584147,0.003201886313036084
kodim17,Kodak,kodim17,test,0.04,0.041259765625,0.0,2026,837275c1144e2595940812fd87c654f4a0348e8e2b05e07b57ae64fa0ba6e2e7,hqs_round1,26.562013691197954,0.7318532225811796,0.31779662799090147,0.0030470327474176884
kodim17,Kodak,kodim17,test,0.04,0.041259765625,0.0,2026,837275c1144e2595940812fd87c654f4a0348e8e2b05e07b57ae64fa0ba6e2e7,hqs_finetuned,26.521967713042898,0.7305431629572118,0.31558147608302534,0.0030295015312731266
kodim17,Kodak,kodim17,test,0.1,0.1001129150390625,0.0,2026,1271749dbdf53534ffc2e38d7da126a3807f57029d48ce4462e447ad57c17722,hqs,29.447479982586447,0.853842156796217,0.31528404692653567,0.0025723797734826803
kodim17,Kodak,kodim17,test,0.1,0.1001129150390625,0.0,2026,1271749dbdf53534ffc2e38d7da126a3807f57029d48ce4462e447ad57c17722,hqs_round1,29.494063486769726,0.854301606061697,0.31711821793578565,0.0025619470980018377
kodim17,Kodak,kodim17,test,0.1,0.1001129150390625,0.0,2026,1271749dbdf53534ffc2e38d7da126a3807f57029d48ce4462e447ad57c17722,hqs_finetuned,29.537902091488398,0.8553635285115242,0.3165877800201997,0.0025767688639461994
kodim17,Kodak,kodim17,test,0.25,0.25,0.0,2026,8f6e03bb8cd3f2a12b3821c6d175ba00f051aa743bae71cba93e31b16c2f1c5a,hqs,33.737026520858315,0.9398508891448975,0.3168136540334672,0.0022061080671846867
kodim17,Kodak,kodim17,test,0.25,0.25,0.0,2026,8f6e03bb8cd3f2a12b3821c6d175ba00f051aa743bae71cba93e31b16c2f1c5a,hqs_round1,33.91284318082114,0.94079960825634,0.31619103893171996,0.0023424418177455664
kodim17,Kodak,kodim17,test,0.25,0.25,0.0,2026,8f6e03bb8cd3f2a12b3821c6d175ba00f051aa743bae71cba93e31b16c2f1c5a,hqs_finetuned,33.92057495418777,0.9406821763038635,0.31608148594386876,0.00236460636369884
kodim17,Kodak,kodim17,test,0.5,0.4998931884765625,0.0,2026,f708afabf0afe98d434dc4ec0716355bf3e339da2c51bc5f39964d3ff0d67f5c,hqs,39.11308276724323,0.9788260125389099,0.31846815801691264,0.0018614974105730653
kodim17,Kodak,kodim17,test,0.5,0.4998931884765625,0.0,2026,f708afabf0afe98d434dc4ec0716355bf3e339da2c51bc5f39964d3ff0d67f5c,hqs_round1,39.289754371764985,0.9792692038574219,0.3170150800142437,0.002270761178806424
kodim17,Kodak,kodim17,test,0.5,0.4998931884765625,0.0,2026,f708afabf0afe98d434dc4ec0716355bf3e339da2c51bc5f39964d3ff0d67f5c,hqs_finetuned,39.33349309201114,0.9792260734024048,0.3159438929287717,0.0023197790142148733
kodim17,Kodak,kodim17,test,0.1,0.1001129150390625,0.01,2026,79280f69877d0947384f8ba034f60a41df9627e4b40a2d88164e6eb3d67c36e2,hqs,29.302887159728353,0.848701862067461,0.3177651249570772,0.002510275226086378
kodim17,Kodak,kodim17,test,0.1,0.1001129150390625,0.01,2026,79280f69877d0947384f8ba034f60a41df9627e4b40a2d88164e6eb3d67c36e2,hqs_round1,29.338051704641288,0.8491505085492134,0.3181681109126657,0.002464289078488946
kodim17,Kodak,kodim17,test,0.1,0.1001129150390625,0.01,2026,79280f69877d0947384f8ba034f60a41df9627e4b40a2d88164e6eb3d67c36e2,hqs_finetuned,29.382614307316707,0.8502753488929272,0.31876327795907855,0.002783618401736021
kodim17,Kodak,kodim17,test,0.1,0.1001129150390625,0.01,2027,30765294dd7665c338fdfa77a2c141289783c0f7ffa9a10971b46c20ad8ec570,hqs,29.284789204160113,0.8481047161786556,0.31590734992641956,0.002564183436334133
kodim17,Kodak,kodim17,test,0.1,0.1001129150390625,0.01,2027,30765294dd7665c338fdfa77a2c141289783c0f7ffa9a10971b46c20ad8ec570,hqs_round1,29.31909556153874,0.8484535091351271,0.3192575229331851,0.0025324190501123667
kodim17,Kodak,kodim17,test,0.1,0.1001129150390625,0.01,2027,30765294dd7665c338fdfa77a2c141289783c0f7ffa9a10971b46c20ad8ec570,hqs_finetuned,29.35188737964448,0.8492517565792799,0.31757431698497385,0.00283742300234735
kodim17,Kodak,kodim17,test,0.1,0.1001129150390625,0.01,2028,e51a8aeabeafd1ec9a5b130671527b37804ae7f7515b3c02aec3d0ee9e565bb8,hqs,29.32361325949508,0.8488371944811344,0.31566725100856274,0.0025052588898688555
kodim17,Kodak,kodim17,test,0.1,0.1001129150390625,0.01,2028,e51a8aeabeafd1ec9a5b130671527b37804ae7f7515b3c02aec3d0ee9e565bb8,hqs_round1,29.359221330331266,0.8493206131687164,0.31573503790423274,0.0024428425822407007
kodim17,Kodak,kodim17,test,0.1,0.1001129150390625,0.01,2028,e51a8aeabeafd1ec9a5b130671527b37804ae7f7515b3c02aec3d0ee9e565bb8,hqs_finetuned,29.400619133852185,0.8504640996601581,0.31775971804745495,0.0028586145490407944
kodim17,Kodak,kodim17,test,0.1,0.1001129150390625,0.05,2026,17a0601b781164aa9df39d03a1e536a0f1833828e49b3768c89e66ecb97c9c51,hqs,27.41026933346173,0.762117908449769,0.3199193070176989,0.0027359265368431807
kodim17,Kodak,kodim17,test,0.1,0.1001129150390625,0.05,2026,17a0601b781164aa9df39d03a1e536a0f1833828e49b3768c89e66ecb97c9c51,hqs_round1,27.422184333349758,0.7639943755259514,0.31768551806453615,0.0024851427879184484
kodim17,Kodak,kodim17,test,0.1,0.1001129150390625,0.05,2026,17a0601b781164aa9df39d03a1e536a0f1833828e49b3768c89e66ecb97c9c51,hqs_finetuned,27.843515380514823,0.7869101300057173,0.3155726520344615,0.02590705081820488
kodim17,Kodak,kodim17,test,0.1,0.1001129150390625,0.05,2027,6ad0e746e244b73aa05432390337e1be11a371f4663e8899aed22fb7c7d836d9,hqs,27.37174907690939,0.7602933601598293,0.31767359795048833,0.002457018243148923
kodim17,Kodak,kodim17,test,0.1,0.1001129150390625,0.05,2027,6ad0e746e244b73aa05432390337e1be11a371f4663e8899aed22fb7c7d836d9,hqs_round1,27.38323790058496,0.7619714062781632,0.32316914096008986,0.0022876064758747816
kodim17,Kodak,kodim17,test,0.1,0.1001129150390625,0.05,2027,6ad0e746e244b73aa05432390337e1be11a371f4663e8899aed22fb7c7d836d9,hqs_finetuned,27.796857332564016,0.7862927221883536,0.3210374730406329,0.024974267929792404
kodim17,Kodak,kodim17,test,0.1,0.1001129150390625,0.05,2028,f11c1270a7ccb36f3b8dcd326140139b55aa443b514c7502fb9859f6c4afbed9,hqs,27.37986477626897,0.7596687262968123,0.3183604379883036,0.002480501774698496
kodim17,Kodak,kodim17,test,0.1,0.1001129150390625,0.05,2028,f11c1270a7ccb36f3b8dcd326140139b55aa443b514c7502fb9859f6c4afbed9,hqs_round1,27.374955834911212,0.7610628241159916,0.317703990964219,0.0022494730073958635
kodim17,Kodak,kodim17,test,0.1,0.1001129150390625,0.05,2028,f11c1270a7ccb36f3b8dcd326140139b55aa443b514c7502fb9859f6c4afbed9,hqs_finetuned,27.809809843522032,0.7855455398593545,0.31839452299755067,0.025102723389863968
kodim18,Kodak,kodim18,test,0.01,0.01031494140625,0.0,2026,c45dd866b335176cbd23d2d2838698904a0f79c2a13884a7c668f0df1b458b2d,hqs,21.838235284022012,0.42544294531024923,0.3181560880038887,0.005686648655682802
kodim18,Kodak,kodim18,test,0.01,0.01031494140625,0.0,2026,c45dd866b335176cbd23d2d2838698904a0f79c2a13884a7c668f0df1b458b2d,hqs_round1,21.836472056020128,0.42515467770685045,0.31631089898291975,0.00495525449514389
kodim18,Kodak,kodim18,test,0.01,0.01031494140625,0.0,2026,c45dd866b335176cbd23d2d2838698904a0f79c2a13884a7c668f0df1b458b2d,hqs_finetuned,21.891677910826463,0.42460276510551687,0.3157507550204173,0.011260380037128925
kodim18,Kodak,kodim18,test,0.04,0.041259765625,0.0,2026,039c1bbded8f7907840bed74c9bab6a69e39c786eb87aca61d483c9df9aaf44b,hqs,24.236439980393946,0.6159480390134792,0.324857461033389,0.004148246720433235
kodim18,Kodak,kodim18,test,0.04,0.041259765625,0.0,2026,039c1bbded8f7907840bed74c9bab6a69e39c786eb87aca61d483c9df9aaf44b,hqs_round1,24.263090308798706,0.6170129456318114,0.3156293409410864,0.0037518597673624754
kodim18,Kodak,kodim18,test,0.04,0.041259765625,0.0,2026,039c1bbded8f7907840bed74c9bab6a69e39c786eb87aca61d483c9df9aaf44b,hqs_finetuned,24.32146096628292,0.6180094733193181,0.31551196496002376,0.004284226335585117
kodim18,Kodak,kodim18,test,0.1,0.1001129150390625,0.0,2026,cffbd5f3015c98edc56a3461077b5e3630732535322ffa10d8d33801d519a717,hqs,26.43359850588145,0.75612214219445,0.32011248893104494,0.00448976457118988
kodim18,Kodak,kodim18,test,0.1,0.1001129150390625,0.0,2026,cffbd5f3015c98edc56a3461077b5e3630732535322ffa10d8d33801d519a717,hqs_round1,26.48867855463385,0.756168681801945,0.3173034969950095,0.004404671490192413
kodim18,Kodak,kodim18,test,0.1,0.1001129150390625,0.0,2026,cffbd5f3015c98edc56a3461077b5e3630732535322ffa10d8d33801d519a717,hqs_finetuned,26.527038394368706,0.7569825673908591,0.31686019094195217,0.003712734906002879
kodim18,Kodak,kodim18,test,0.25,0.25,0.0,2026,08dc1c42af7991c465a7f7dca12d5b50b0f85492c8225f522124379c990f5d41,hqs,29.805431530412207,0.8873502451272011,0.31709839298855513,0.004220491740852594
kodim18,Kodak,kodim18,test,0.25,0.25,0.0,2026,08dc1c42af7991c465a7f7dca12d5b50b0f85492c8225f522124379c990f5d41,hqs_round1,29.882563188914595,0.8884134812116623,0.3160054190084338,0.004417621996253729
kodim18,Kodak,kodim18,test,0.25,0.25,0.0,2026,08dc1c42af7991c465a7f7dca12d5b50b0f85492c8225f522124379c990f5d41,hqs_finetuned,29.900721939906326,0.8886070421862602,0.3195328100118786,0.003973163664340973
kodim18,Kodak,kodim18,test,0.5,0.4998931884765625,0.0,2026,6c6ac8b47743ca512cbbfdb625f5ecdc8cffbfe05c2aa5952366d9ab01611053,hqs,34.55565377622601,0.958333791212082,0.31724204402416945,0.0036844369024038315
kodim18,Kodak,kodim18,test,0.5,0.4998931884765625,0.0,2026,6c6ac8b47743ca512cbbfdb625f5ecdc8cffbfe05c2aa5952366d9ab01611053,hqs_round1,34.62230013674689,0.9587174434928895,0.3182365809334442,0.004626350477337837
kodim18,Kodak,kodim18,test,0.5,0.4998931884765625,0.0,2026,6c6ac8b47743ca512cbbfdb625f5ecdc8cffbfe05c2aa5952366d9ab01611053,hqs_finetuned,34.61930655107644,0.9584820343523025,0.3165448569925502,0.004633942618966103
kodim18,Kodak,kodim18,test,0.1,0.1001129150390625,0.01,2026,290d3a61ba79c4d79cc887b7a8d3e2df03543ee970fd7bcae9a8ec9e0c772108,hqs,26.37213961045245,0.7535521050127745,0.31696857907809317,0.004490996710956097
kodim18,Kodak,kodim18,test,0.1,0.1001129150390625,0.01,2026,290d3a61ba79c4d79cc887b7a8d3e2df03543ee970fd7bcae9a8ec9e0c772108,hqs_round1,26.4239979847627,0.7536434458701908,0.33207780099473894,0.004399526864290237
kodim18,Kodak,kodim18,test,0.1,0.1001129150390625,0.01,2026,290d3a61ba79c4d79cc887b7a8d3e2df03543ee970fd7bcae9a8ec9e0c772108,hqs_finetuned,26.469101907246294,0.7546020494312048,0.3176496960222721,0.0036720717325806618
kodim18,Kodak,kodim18,test,0.1,0.1001129150390625,0.01,2027,e2c4d3ab78a0351a7ccfcd2e67e2cf51dc3b25a7490c7a2bfa9299a04dab83d7,hqs,26.391590107638557,0.7536987401469946,0.3178328350186348,0.004476944915950298
kodim18,Kodak,kodim18,test,0.1,0.1001129150390625,0.01,2027,e2c4d3ab78a0351a7ccfcd2e67e2cf51dc3b25a7490c7a2bfa9299a04dab83d7,hqs_round1,26.43789901286017,0.7536230201280266,0.31671989406459033,0.004399320110678673
kodim18,Kodak,kodim18,test,0.1,0.1001129150390625,0.01,2027,e2c4d3ab78a0351a7ccfcd2e67e2cf51dc3b25a7490c7a2bfa9299a04dab83d7,hqs_finetuned,26.474011257224475,0.7543900492798686,0.3178020630730316,0.003731953911483288
kodim18,Kodak,kodim18,test,0.1,0.1001129150390625,0.01,2028,15b01cabb9a60f1516c1f2eb1ccbd3fcee3eafeef7cc8f2c3613475797827c13,hqs,26.408291648186733,0.7543248909481763,0.3217194339958951,0.004425783641636372
kodim18,Kodak,kodim18,test,0.1,0.1001129150390625,0.01,2028,15b01cabb9a60f1516c1f2eb1ccbd3fcee3eafeef7cc8f2c3613475797827c13,hqs_round1,26.448766246691243,0.7542733997448683,0.3169930250151083,0.004314824473112822
kodim18,Kodak,kodim18,test,0.1,0.1001129150390625,0.01,2028,15b01cabb9a60f1516c1f2eb1ccbd3fcee3eafeef7cc8f2c3613475797827c13,hqs_finetuned,26.480203334922578,0.7549077876758575,0.3170832379255444,0.0037185417022556067
kodim18,Kodak,kodim18,test,0.1,0.1001129150390625,0.05,2026,98fa658ca73f51d57deffeb35400d24cb636b091ceb1eaf66ebef794e4c93a38,hqs,25.607472395514684,0.7048339481067062,0.31742033502086997,0.0033847130835056305
kodim18,Kodak,kodim18,test,0.1,0.1001129150390625,0.05,2026,98fa658ca73f51d57deffeb35400d24cb636b091ceb1eaf66ebef794e4c93a38,hqs_round1,25.615119622780597,0.705613338273108,0.32041278202086687,0.003124360693618655
kodim18,Kodak,kodim18,test,0.1,0.1001129150390625,0.05,2026,98fa658ca73f51d57deffeb35400d24cb636b091ceb1eaf66ebef794e4c93a38,hqs_finetuned,25.763890848033352,0.712118227478087,0.31971969397272915,0.016710033640265465
kodim18,Kodak,kodim18,test,0.1,0.1001129150390625,0.05,2027,dc1eb7bee46d8a361426eb1a9837003308bfdd68233e7c1580e22378a9d8d9cf,hqs,25.62072328168467,0.7057235383942724,0.3208518149331212,0.0034223198890686035
kodim18,Kodak,kodim18,test,0.1,0.1001129150390625,0.05,2027,dc1eb7bee46d8a361426eb1a9837003308bfdd68233e7c1580e22378a9d8d9cf,hqs_round1,25.616724067949633,0.7057590846713298,0.32382559799589217,0.003217610064893961
kodim18,Kodak,kodim18,test,0.1,0.1001129150390625,0.05,2027,dc1eb7bee46d8a361426eb1a9837003308bfdd68233e7c1580e22378a9d8d9cf,hqs_finetuned,25.76223732849804,0.7120774883229136,0.32118410302791744,0.012701299972832203
kodim18,Kodak,kodim18,test,0.1,0.1001129150390625,0.05,2028,06727f34c1d8c66e4f9be8c9755734f85b6247741b8012bb41d77b7ede5e3c2d,hqs,25.716941306614643,0.7110392008767425,0.3167713040020317,0.003492647083476186
kodim18,Kodak,kodim18,test,0.1,0.1001129150390625,0.05,2028,06727f34c1d8c66e4f9be8c9755734f85b6247741b8012bb41d77b7ede5e3c2d,hqs_round1,25.709668328556795,0.711660686149314,0.3171982270432636,0.003296640468761325
kodim18,Kodak,kodim18,test,0.1,0.1001129150390625,0.05,2028,06727f34c1d8c66e4f9be8c9755734f85b6247741b8012bb41d77b7ede5e3c2d,hqs_finetuned,25.827444213881293,0.7159732143663764,0.3178199460962787,0.01851397193968296
kodim19,Kodak,kodim19,test,0.01,0.01031494140625,0.0,2026,c1f8a8901797b4f2fda99995725733db6e5374774b1805c7190a656b739598bf,hqs,20.640671203003635,0.5455598617954963,0.3183742460096255,0.003098852466791868
kodim19,Kodak,kodim19,test,0.01,0.01031494140625,0.0,2026,c1f8a8901797b4f2fda99995725733db6e5374774b1805c7190a656b739598bf,hqs_round1,20.653520588984872,0.5455154402367736,0.31522802310064435,0.0028618094511330128
kodim19,Kodak,kodim19,test,0.01,0.01031494140625,0.0,2026,c1f8a8901797b4f2fda99995725733db6e5374774b1805c7190a656b739598bf,hqs_finetuned,20.759518357287895,0.5495839281236329,0.3236967290285975,0.004394060932099819
kodim19,Kodak,kodim19,test,0.04,0.041259765625,0.0,2026,220b3107ca59ff6896e327a97d1218258e6365de0461dffaf62a96eabe469055,hqs,23.702024640599795,0.7142318933511672,0.3257121980423108,0.0034945292863994837
kodim19,Kodak,kodim19,test,0.04,0.041259765625,0.0,2026,220b3107ca59ff6896e327a97d1218258e6365de0461dffaf62a96eabe469055,hqs_round1,23.790101102657452,0.7163703665108075,0.3217239659279585,0.0035019454080611467
kodim19,Kodak,kodim19,test,0.04,0.041259765625,0.0,2026,220b3107ca59ff6896e327a97d1218258e6365de0461dffaf62a96eabe469055,hqs_finetuned,23.947661179350284,0.7199809321802398,0.3219391219317913,0.004461555741727352
kodim19,Kodak,kodim19,test,0.1,0.1001129150390625,0.0,2026,0a314f5425c803c2e189be466d676714491629b34b9d7ea7f1649540707de9fa,hqs,25.405868638174816,0.7937948196370411,0.3271886659786105,0.004032282158732414
kodim19,Kodak,kodim19,test,0.1,0.1001129150390625,0.0,2026,0a314f5425c803c2e189be466d676714491629b34b9d7ea7f1649540707de9fa,hqs_round1,25.898739897912108,0.8078393248139201,0.3255134760402143,0.004052900709211826
kodim19,Kodak,kodim19,test,0.1,0.1001129150390625,0.0,2026,0a314f5425c803c2e189be466d676714491629b34b9d7ea7f1649540707de9fa,hqs_finetuned,26.390536788806934,0.8162263426815197,0.32302023901138455,0.005355861037969589
kodim19,Kodak,kodim19,test,0.25,0.25,0.0,2026,1850e5c4a5ef6e76482e8b276033c4b00831fd243013d33fedcdda551a411299,hqs,30.389655184473302,0.9141356555318684,0.33073968393728137,0.0027681298088282347
kodim19,Kodak,kodim19,test,0.25,0.25,0.0,2026,1850e5c4a5ef6e76482e8b276033c4b00831fd243013d33fedcdda551a411299,hqs_round1,31.105796410071676,0.9229665499102772,0.32926962501369417,0.003125585149973631
kodim19,Kodak,kodim19,test,0.25,0.25,0.0,2026,1850e5c4a5ef6e76482e8b276033c4b00831fd243013d33fedcdda551a411299,hqs_finetuned,32.02779843507949,0.9299181674011946,0.3283345539821312,0.004786388017237186
kodim19,Kodak,kodim19,test,0.5,0.4998931884765625,0.0,2026,9d2d800035eb4ff856166b1d9ea885796d0d913be05d1a5ab9ece261aa3a7e04,hqs,36.10918425851763,0.9728176637105942,0.3263888140209019,0.0021372176706790924
kodim19,Kodak,kodim19,test,0.5,0.4998931884765625,0.0,2026,9d2d800035eb4ff856166b1d9ea885796d0d913be05d1a5ab9ece261aa3a7e04,hqs_round1,36.64998369199855,0.9744653126296997,0.3248131830478087,0.0029879396315664053
kodim19,Kodak,kodim19,test,0.5,0.4998931884765625,0.0,2026,9d2d800035eb4ff856166b1d9ea885796d0d913be05d1a5ab9ece261aa3a7e04,hqs_finetuned,38.0624785865329,0.9767447942342758,0.32479623705148697,0.003740702522918582
kodim19,Kodak,kodim19,test,0.1,0.1001129150390625,0.01,2026,e1d30d492b8ecc62c6d3d457e544bc465564ff3e7a540fd735572bedd2000def,hqs,25.280241989226944,0.7857051683864468,0.3284629479749128,0.0037915066350251436
kodim19,Kodak,kodim19,test,0.1,0.1001129150390625,0.01,2026,e1d30d492b8ecc62c6d3d457e544bc465564ff3e7a540fd735572bedd2000def,hqs_round1,25.749586805338186,0.800085145396854,0.3247852160129696,0.0037683050613850355
kodim19,Kodak,kodim19,test,0.1,0.1001129150390625,0.01,2026,e1d30d492b8ecc62c6d3d457e544bc465564ff3e7a540fd735572bedd2000def,hqs_finetuned,26.20316799933999,0.8087720093856249,0.3260301520349458,0.006466421764343977
kodim19,Kodak,kodim19,test,0.1,0.1001129150390625,0.01,2027,8cc1c2d6234c46eaba42fafa8134a755e2dc54a6e1d558139dc4ea86f0407100,hqs,25.40408214551104,0.7881395680273713,0.3288455830188468,0.003977219108492136
kodim19,Kodak,kodim19,test,0.1,0.1001129150390625,0.01,2027,8cc1c2d6234c46eaba42fafa8134a755e2dc54a6e1d558139dc4ea86f0407100,hqs_round1,25.807794362236287,0.8003893147244592,0.33036942896433175,0.003947138786315918
kodim19,Kodak,kodim19,test,0.1,0.1001129150390625,0.01,2027,8cc1c2d6234c46eaba42fafa8134a755e2dc54a6e1d558139dc4ea86f0407100,hqs_finetuned,26.141353632737854,0.8064704913200359,0.3223190049175173,0.006337797734886408
kodim19,Kodak,kodim19,test,0.1,0.1001129150390625,0.01,2028,7fe3bfb3df66010468e93d86cd88be3615bdac81f5d50a52eeda1a132a05b8e8,hqs,25.279099107815355,0.7834767373016424,0.33011680596973747,0.003898788243532181
kodim19,Kodak,kodim19,test,0.1,0.1001129150390625,0.01,2028,7fe3bfb3df66010468e93d86cd88be3615bdac81f5d50a52eeda1a132a05b8e8,hqs_round1,25.707993766895466,0.7961188931176705,0.323712995974347,0.0038350559771060944
kodim19,Kodak,kodim19,test,0.1,0.1001129150390625,0.01,2028,7fe3bfb3df66010468e93d86cd88be3615bdac81f5d50a52eeda1a132a05b8e8,hqs_finetuned,26.139560615210662,0.8056484100556441,0.32619568798691034,0.006034023594111204
kodim19,Kodak,kodim19,test,0.1,0.1001129150390625,0.05,2026,7ea20830047c402d65b3ad329a78988c4984596088edb53d4566b536c4f31734,hqs,23.715848783917032,0.6402243471667045,0.3255647210171446,0.004017284139990807
kodim19,Kodak,kodim19,test,0.1,0.1001129150390625,0.05,2026,7ea20830047c402d65b3ad329a78988c4984596088edb53d4566b536c4f31734,hqs_round1,23.822238109560153,0.6461736287725862,0.33501979208085686,0.0034958210308104753
kodim19,Kodak,kodim19,test,0.1,0.1001129150390625,0.05,2026,7ea20830047c402d65b3ad329a78988c4984596088edb53d4566b536c4f31734,hqs_finetuned,24.89338204440579,0.741787383204002,0.3288297300459817,0.0358893908560276
kodim19,Kodak,kodim19,test,0.1,0.1001129150390625,0.05,2027,0624d93265dce89e588082945556bb1d3792251911b7ee675202830b8d22f204,hqs,23.845304323717976,0.6463045519018492,0.32896445598453283,0.003965266048908234
kodim19,Kodak,kodim19,test,0.1,0.1001129150390625,0.05,2027,0624d93265dce89e588082945556bb1d3792251911b7ee675202830b8d22f204,hqs_round1,24.016403530902586,0.6531529056489804,0.32143154204823077,0.0036767139099538326
kodim19,Kodak,kodim19,test,0.1,0.1001129150390625,0.05,2027,0624d93265dce89e588082945556bb1d3792251911b7ee675202830b8d22f204,hqs_finetuned,24.856621265548817,0.7404936100219048,0.322508845012635,0.03487382084131241
kodim19,Kodak,kodim19,test,0.1,0.1001129150390625,0.05,2028,caf9dc9484a81c92f3ef313be9a90bfe28230a5531509ab674e50e02fdfdcec7,hqs,23.829097894014343,0.6436264275658196,0.3248345359461382,0.0037943122442811728
kodim19,Kodak,kodim19,test,0.1,0.1001129150390625,0.05,2028,caf9dc9484a81c92f3ef313be9a90bfe28230a5531509ab674e50e02fdfdcec7,hqs_round1,23.948645495097193,0.6489442306979105,0.32772108900826424,0.0033962621819227934
kodim19,Kodak,kodim19,test,0.1,0.1001129150390625,0.05,2028,caf9dc9484a81c92f3ef313be9a90bfe28230a5531509ab674e50e02fdfdcec7,hqs_finetuned,24.908891209748,0.7418835683938768,0.3282300140708685,0.03462233394384384
kodim20,Kodak,kodim20,test,0.01,0.01031494140625,0.0,2026,605b2aad8f6dbc587b65ad4c2fac34a440277bff1a2fb97f9098703c1ccafe93,hqs,25.366454300412045,0.7872932485987074,0.3233044348889962,0.0028805613983422518
kodim20,Kodak,kodim20,test,0.01,0.01031494140625,0.0,2026,605b2aad8f6dbc587b65ad4c2fac34a440277bff1a2fb97f9098703c1ccafe93,hqs_round1,25.387116435303266,0.7881888476972103,0.3286875960184261,0.0028588841669261456
kodim20,Kodak,kodim20,test,0.01,0.01031494140625,0.0,2026,605b2aad8f6dbc587b65ad4c2fac34a440277bff1a2fb97f9098703c1ccafe93,hqs_finetuned,25.32251167182131,0.7872480528429141,0.32810397702269256,0.0034986163955181837
kodim20,Kodak,kodim20,test,0.04,0.041259765625,0.0,2026,90f0d42129e572206a7b890b18895d7bf4c95ee229bd868de7c4804eeb118d67,hqs,29.35967189581062,0.8875136461715475,0.3231977439718321,0.0020352290011942387
kodim20,Kodak,kodim20,test,0.04,0.041259765625,0.0,2026,90f0d42129e572206a7b890b18895d7bf4c95ee229bd868de7c4804eeb118d67,hqs_round1,29.5453664183469,0.8896974493585825,0.3220642330124974,0.0022477831225842237
kodim20,Kodak,kodim20,test,0.04,0.041259765625,0.0,2026,90f0d42129e572206a7b890b18895d7bf4c95ee229bd868de7c4804eeb118d67,hqs_finetuned,29.556330427391273,0.889310235303849,0.3258447670377791,0.002199433743953705
kodim20,Kodak,kodim20,test,0.1,0.1001129150390625,0.0,2026,bf3ab6d2c2eb28686beef3d33f392645c195489cc9616140b04a3554d064e9c6,hqs,32.818224851961354,0.9370997766563892,0.3275191260036081,0.00209986325353384
kodim20,Kodak,kodim20,test,0.1,0.1001129150390625,0.0,2026,bf3ab6d2c2eb28686beef3d33f392645c195489cc9616140b04a3554d064e9c6,hqs_round1,33.032269998965255,0.9383415894389152,0.3238891221117228,0.002318271901458502
kodim20,Kodak,kodim20,test,0.1,0.1001129150390625,0.0,2026,bf3ab6d2c2eb28686beef3d33f392645c195489cc9616140b04a3554d064e9c6,hqs_finetuned,33.142117268104315,0.93886045688653,0.32231268007308245,0.00207857065834105
kodim20,Kodak,kodim20,test,0.25,0.25,0.0,2026,1034c6a2c1c9675d898587ae972374edd386e364b19ad8d713ca1ec05fbde907,hqs,38.04227572710475,0.9723995657892227,0.3266040679300204,0.001447471440769732
kodim20,Kodak,kodim20,test,0.25,0.25,0.0,2026,1034c6a2c1c9675d898587ae972374edd386e364b19ad8d713ca1ec05fbde907,hqs_round1,38.24502718820901,0.9731406650619507,0.3279078840278089,0.0016798488795757294
kodim20,Kodak,kodim20,test,0.25,0.25,0.0,2026,1034c6a2c1c9675d898587ae972374edd386e364b19ad8d713ca1ec05fbde907,hqs_finetuned,38.289281964122104,0.9729440045785904,0.3183709440054372,0.0015839207917451859
kodim20,Kodak,kodim20,test,0.5,0.4998931884765625,0.0,2026,ec509ddf0288535e96c45801e551e3db1053f9d6949fba2456e17929f0e3cf5a,hqs,42.652326047193505,0.9884389146709442,0.32184342003893107,0.001026635873131454
kodim20,Kodak,kodim20,test,0.5,0.4998931884765625,0.0,2026,ec509ddf0288535e96c45801e551e3db1053f9d6949fba2456e17929f0e3cf5a,hqs_round1,42.74858327732182,0.9887122893037796,0.3178990470478311,0.0014034289633855224
kodim20,Kodak,kodim20,test,0.5,0.4998931884765625,0.0,2026,ec509ddf0288535e96c45801e551e3db1053f9d6949fba2456e17929f0e3cf5a,hqs_finetuned,42.84377392074292,0.9887121950950623,0.31881124700885266,0.0012324473354965448
kodim20,Kodak,kodim20,test,0.1,0.1001129150390625,0.01,2026,83514104c81717403121efdff6018ad91e8391b1357f8e41a510c856500192ed,hqs,31.20843813540595,0.9094754992703199,0.31775639997795224,0.0022969087585806847
kodim20,Kodak,kodim20,test,0.1,0.1001129150390625,0.01,2026,83514104c81717403121efdff6018ad91e8391b1357f8e41a510c856500192ed,hqs_round1,31.153268889546855,0.9102595667977333,0.3229993199929595,0.0025202473625540733
kodim20,Kodak,kodim20,test,0.1,0.1001129150390625,0.01,2026,83514104c81717403121efdff6018ad91e8391b1357f8e41a510c856500192ed,hqs_finetuned,31.546121072263894,0.9175850635116101,0.3226955420104787,0.007585671730339527
kodim20,Kodak,kodim20,test,0.1,0.1001129150390625,0.01,2027,68a147bd4e11449ec2aa36775c9f59336854166db3300b7255dd8144933679cc,hqs,31.113665386116306,0.9086312941362857,0.32508874603081495,0.0022574225440621376
kodim20,Kodak,kodim20,test,0.1,0.1001129150390625,0.01,2027,68a147bd4e11449ec2aa36775c9f59336854166db3300b7255dd8144933679cc,hqs_round1,31.088257059964537,0.9096581052823066,0.3247885250020772,0.0024567944929003716
kodim20,Kodak,kodim20,test,0.1,0.1001129150390625,0.01,2027,68a147bd4e11449ec2aa36775c9f59336854166db3300b7255dd8144933679cc,hqs_finetuned,31.423556554881912,0.9173407480955124,0.32840021199081093,0.007388188038021326
kodim20,Kodak,kodim20,test,0.1,0.1001129150390625,0.01,2028,b53bf740c99dfe939a9ddf4f3ef8af595a7e4a2e7565a7ea05195e5c3d1dd533,hqs,31.108721992584158,0.9095274515616893,0.3209897050401196,0.002397053875029087
kodim20,Kodak,kodim20,test,0.1,0.1001129150390625,0.01,2028,b53bf740c99dfe939a9ddf4f3ef8af595a7e4a2e7565a7ea05195e5c3d1dd533,hqs_round1,31.048579422901362,0.9101538581705093,0.3225741559872404,0.0025887691881507635
kodim20,Kodak,kodim20,test,0.1,0.1001129150390625,0.01,2028,b53bf740c99dfe939a9ddf4f3ef8af595a7e4a2e7565a7ea05195e5c3d1dd533,hqs_finetuned,31.44490382184378,0.9171374831135273,0.3644998900126666,0.007458883337676525
kodim20,Kodak,kodim20,test,0.1,0.1001129150390625,0.05,2026,cce3b5a5b400b6ab01e1f28bb11324d6b0fab93ff188a9e69a140719904e5fa4,hqs,23.847557534002405,0.5845649999171976,0.3551911370595917,0.007096122018992901
kodim20,Kodak,kodim20,test,0.1,0.1001129150390625,0.05,2026,cce3b5a5b400b6ab01e1f28bb11324d6b0fab93ff188a9e69a140719904e5fa4,hqs_round1,23.599832317096553,0.5831097687900354,0.36158584093209356,0.0066528706811368465
kodim20,Kodak,kodim20,test,0.1,0.1001129150390625,0.05,2026,cce3b5a5b400b6ab01e1f28bb11324d6b0fab93ff188a9e69a140719904e5fa4,hqs_finetuned,27.955950400314965,0.8434831842675097,0.3634392759995535,0.03875993564724922
kodim20,Kodak,kodim20,test,0.1,0.1001129150390625,0.05,2027,5c85508326a4b2dc7050d81ba48922ba6570020f09bc17d88061d6f426211f82,hqs,23.685670874451695,0.5884516587732036,0.35669113404583186,0.007586203049868345
kodim20,Kodak,kodim20,test,0.1,0.1001129150390625,0.05,2027,5c85508326a4b2dc7050d81ba48922ba6570020f09bc17d88061d6f426211f82,hqs_round1,23.3571926523137,0.5876354971994628,0.35686183301731944,0.007132332306355238
kodim20,Kodak,kodim20,test,0.1,0.1001129150390625,0.05,2027,5c85508326a4b2dc7050d81ba48922ba6570020f09bc17d88061d6f426211f82,hqs_finetuned,27.907232146133545,0.8436940704362691,0.33878639398608357,0.038941677659749985
kodim20,Kodak,kodim20,test,0.1,0.1001129150390625,0.05,2028,1532717cfcd16d52f2976fc8921f4c275e552b6ac59661290bbe635e22045033,hqs,23.711934565996682,0.5861907836568195,0.333917498937808,0.007908904924988747
kodim20,Kodak,kodim20,test,0.1,0.1001129150390625,0.05,2028,1532717cfcd16d52f2976fc8921f4c275e552b6ac59661290bbe635e22045033,hqs_round1,23.455267208668197,0.5844792416265797,0.3193923160433769,0.0074528479017317295
kodim20,Kodak,kodim20,test,0.1,0.1001129150390625,0.05,2028,1532717cfcd16d52f2976fc8921f4c275e552b6ac59661290bbe635e22045033,hqs_finetuned,27.902542280175638,0.8401842477433011,0.3210373519686982,0.03889681026339531
kodim21,Kodak,kodim21,test,0.01,0.01031494140625,0.0,2026,03c9baa7bc789625a684a2729979516a7fc5f00a38cca91bb3e0a66280aad7d3,hqs,22.790103166531143,0.6296505064154642,0.36433280701749027,0.004092826507985592
kodim21,Kodak,kodim21,test,0.01,0.01031494140625,0.0,2026,03c9baa7bc789625a684a2729979516a7fc5f00a38cca91bb3e0a66280aad7d3,hqs_round1,22.803222173661325,0.6301554614521319,0.31579760496970266,0.003961483016610146
kodim21,Kodak,kodim21,test,0.01,0.01031494140625,0.0,2026,03c9baa7bc789625a684a2729979516a7fc5f00a38cca91bb3e0a66280aad7d3,hqs_finetuned,22.781960912960493,0.6272874325864184,0.32203327503520995,0.005050890613347292
kodim21,Kodak,kodim21,test,0.04,0.041259765625,0.0,2026,b69cf6c8387d739e90b5f021fdc11ba90b2269ab1de2781b53c567494ef99822,hqs,25.470298509681445,0.7729445861506211,0.3379407819593325,0.0033913555089384317
kodim21,Kodak,kodim21,test,0.04,0.041259765625,0.0,2026,b69cf6c8387d739e90b5f021fdc11ba90b2269ab1de2781b53c567494ef99822,hqs_round1,25.49763748124176,0.7742047493536249,0.33641757105942816,0.003373808925971389
kodim21,Kodak,kodim21,test,0.04,0.041259765625,0.0,2026,b69cf6c8387d739e90b5f021fdc11ba90b2269ab1de2781b53c567494ef99822,hqs_finetuned,25.500453408523107,0.772976885233189,0.3234286729712039,0.0036620215978473425
kodim21,Kodak,kodim21,test,0.1,0.1001129150390625,0.0,2026,59d4d3ff8ed81341a3613e71dc3376bffd663308696c72b9b8663c5547317f33,hqs,27.94711319187702,0.8664759727957249,0.3244459719862789,0.003287765895947814
kodim21,Kodak,kodim21,test,0.1,0.1001129150390625,0.0,2026,59d4d3ff8ed81341a3613e71dc3376bffd663308696c72b9b8663c5547317f33,hqs_round1,28.00536429496566,0.8676966518833638,0.320587184978649,0.003400128334760666
kodim21,Kodak,kodim21,test,0.1,0.1001129150390625,0.0,2026,59d4d3ff8ed81341a3613e71dc3376bffd663308696c72b9b8663c5547317f33,hqs_finetuned,27.998777253174715,0.8659092938764096,0.32517032604664564,0.00374925066716969
kodim21,Kodak,kodim21,test,0.25,0.25,0.0,2026,7041c82b3c4e0aa5683a65a399abff71d8e2fab8a5271352915133e04d71d8c3,hqs,32.06181042583868,0.9427214854168892,0.32316589704714715,0.002445195335894823
kodim21,Kodak,kodim21,test,0.25,0.25,0.0,2026,7041c82b3c4e0aa5683a65a399abff71d8e2fab8a5271352915133e04d71d8c3,hqs_round1,32.20062583463362,0.9440676658339501,0.31651148898527026,0.002894266974180937
kodim21,Kodak,kodim21,test,0.25,0.25,0.0,2026,7041c82b3c4e0aa5683a65a399abff71d8e2fab8a5271352915133e04d71d8c3,hqs_finetuned,32.18107445307696,0.9432238269042968,0.3213399749947712,0.00312164262868464
kodim21,Kodak,kodim21,test,0.5,0.4998931884765625,0.0,2026,6a1be1ee03b5711044f7c1bf7fd22d1a7e84aea85880e0140449824f34aebc21,hqs,37.16288227668949,0.9792109297704696,0.32774772797711194,0.0021629033144563437
kodim21,Kodak,kodim21,test,0.5,0.4998931884765625,0.0,2026,6a1be1ee03b5711044f7c1bf7fd22d1a7e84aea85880e0140449824f34aebc21,hqs_round1,37.24023906102375,0.9795333979511262,0.3478556340560317,0.0029661955777555704
kodim21,Kodak,kodim21,test,0.5,0.4998931884765625,0.0,2026,6a1be1ee03b5711044f7c1bf7fd22d1a7e84aea85880e0140449824f34aebc21,hqs_finetuned,37.28811014535451,0.9793651139974594,0.3358482300536707,0.00277384789660573
kodim21,Kodak,kodim21,test,0.1,0.1001129150390625,0.01,2026,a1a8090e5930458d321418ee6d8f00b3a4f8ae1c7b7cfbac1cc671d9bfff5144,hqs,27.64855837884007,0.8572584899685383,0.3226708370493725,0.002916469471529126
kodim21,Kodak,kodim21,test,0.1,0.1001129150390625,0.01,2026,a1a8090e5930458d321418ee6d8f00b3a4f8ae1c7b7cfbac1cc671d9bfff5144,hqs_round1,27.68370803297327,0.8589432663581371,0.32019527605734766,0.0030180993489921093
kodim21,Kodak,kodim21,test,0.1,0.1001129150390625,0.01,2026,a1a8090e5930458d321418ee6d8f00b3a4f8ae1c7b7cfbac1cc671d9bfff5144,hqs_finetuned,27.72032827097434,0.8575759711618424,0.3182304110378027,0.004671116825193167
kodim21,Kodak,kodim21,test,0.1,0.1001129150390625,0.01,2027,889da85f6f20df6ad42bef01ea7f8c4ded9bd6541cd3b7aeb9a7732308db6afc,hqs,27.635717967864906,0.8562396114060878,0.33009527903050184,0.0028694989159703255
kodim21,Kodak,kodim21,test,0.1,0.1001129150390625,0.01,2027,889da85f6f20df6ad42bef01ea7f8c4ded9bd6541cd3b7aeb9a7732308db6afc,hqs_round1,27.674077244396592,0.8584988490580321,0.32004758506082,0.0030287739355117083
kodim21,Kodak,kodim21,test,0.1,0.1001129150390625,0.01,2027,889da85f6f20df6ad42bef01ea7f8c4ded9bd6541cd3b7aeb9a7732308db6afc,hqs_finetuned,27.700968213297607,0.8568778343291282,0.3174598589539528,0.0049251350574195385
kodim21,Kodak,kodim21,test,0.1,0.1001129150390625,0.01,2028,c9dfbf775ee7227d84270b6fa59c8c38bde1e91409d6605a782aabee611dcf84,hqs,27.65494024166852,0.8577427781150341,0.3216339339269325,0.0029123141430318356
kodim21,Kodak,kodim21,test,0.1,0.1001129150390625,0.01,2028,c9dfbf775ee7227d84270b6fa59c8c38bde1e91409d6605a782aabee611dcf84,hqs_round1,27.701831908227497,0.8597188023648262,0.3206338520394638,0.003066146979108453
kodim21,Kodak,kodim21,test,0.1,0.1001129150390625,0.01,2028,c9dfbf775ee7227d84270b6fa59c8c38bde1e91409d6605a782aabee611dcf84,hqs_finetuned,27.735030723244787,0.8582425918009281,0.34071770205628127,0.0048959278501570225
kodim21,Kodak,kodim21,test,0.1,0.1001129150390625,0.05,2026,019298e80f8aef14742f1782a4195ad4759c77b9e0cf29ef0c5911b4e9de94d3,hqs,25.539906106086406,0.7038030557552714,0.3232400349806994,0.0023590547498315573
kodim21,Kodak,kodim21,test,0.1,0.1001129150390625,0.05,2026,019298e80f8aef14742f1782a4195ad4759c77b9e0cf29ef0c5911b4e9de94d3,hqs_round1,25.542794305696653,0.7115526188911969,0.3204030019696802,0.002195537555962801
kodim21,Kodak,kodim21,test,0.1,0.1001129150390625,0.05,2026,019298e80f8aef14742f1782a4195ad4759c77b9e0cf29ef0c5911b4e9de94d3,hqs_finetuned,26.01166360711085,0.7885352913038284,0.32236751599702984,0.03584213927388191
kodim21,Kodak,kodim21,test,0.1,0.1001129150390625,0.05,2027,32653f270393585e3e560e130518522c51ac417a7424d18dcfc847ba89c00d9e,hqs,25.479253582186093,0.6983580617026873,0.3258283999748528,0.0024304573889821768
kodim21,Kodak,kodim21,test,0.1,0.1001129150390625,0.05,2027,32653f270393585e3e560e130518522c51ac417a7424d18dcfc847ba89c00d9e,hqs_round1,25.463000823175413,0.7079597775442311,0.3348770400043577,0.0023617511615157127
kodim21,Kodak,kodim21,test,0.1,0.1001129150390625,0.05,2027,32653f270393585e3e560e130518522c51ac417a7424d18dcfc847ba89c00d9e,hqs_finetuned,26.04032376635564,0.7908291164818406,0.3234614609973505,0.035721130669116974
kodim21,Kodak,kodim21,test,0.1,0.1001129150390625,0.05,2028,5682d3977e86c2809646362ca9c18a59a79cee7b21da7805203eaeaf067db672,hqs,25.447694906809673,0.7043707748724641,0.32423801999539137,0.002391392132267356
kodim21,Kodak,kodim21,test,0.1,0.1001129150390625,0.05,2028,5682d3977e86c2809646362ca9c18a59a79cee7b21da7805203eaeaf067db672,hqs_round1,25.443563721435495,0.7130512609709203,0.33040405495557934,0.002205454045906663
kodim21,Kodak,kodim21,test,0.1,0.1001129150390625,0.05,2028,5682d3977e86c2809646362ca9c18a59a79cee7b21da7805203eaeaf067db672,hqs_finetuned,25.975359881275132,0.7894224191925228,0.3439311970723793,0.03586221858859062
kodim22,Kodak,kodim22,test,0.01,0.01031494140625,0.0,2026,69e6c878c336937f60b3c381ebbbcf8a3671a3c9127fb59c5b274aee660ea1c7,hqs,24.59465336736704,0.5720590788980268,0.3540057659847662,0.0027183983474969864
kodim22,Kodak,kodim22,test,0.01,0.01031494140625,0.0,2026,69e6c878c336937f60b3c381ebbbcf8a3671a3c9127fb59c5b274aee660ea1c7,hqs_round1,24.60668393614858,0.5714988116609873,0.3211653559701517,0.002542987698689103
kodim22,Kodak,kodim22,test,0.01,0.01031494140625,0.0,2026,69e6c878c336937f60b3c381ebbbcf8a3671a3c9127fb59c5b274aee660ea1c7,hqs_finetuned,24.631519341719432,0.5729772063540565,0.3208401451120153,0.004739138297736645
kodim22,Kodak,kodim22,test,0.04,0.041259765625,0.0,2026,a6c33a889f3cc88464f9203008f1b529a26083c0f641a21b57f47788e581f942,hqs,27.237415649126483,0.7240744401278868,0.32209381205029786,0.002111565787345171
kodim22,Kodak,kodim22,test,0.04,0.041259765625,0.0,2026,a6c33a889f3cc88464f9203008f1b529a26083c0f641a21b57f47788e581f942,hqs_round1,27.243105767948343,0.7239872366733867,0.3199218960944563,0.002231369959190488
kodim22,Kodak,kodim22,test,0.04,0.041259765625,0.0,2026,a6c33a889f3cc88464f9203008f1b529a26083c0f641a21b57f47788e581f942,hqs_finetuned,27.341732607346202,0.725436196326674,0.3220799280097708,0.0030369178857654333
kodim22,Kodak,kodim22,test,0.1,0.1001129150390625,0.0,2026,715791871bba2feb44dd3fa362f3d854cf0a624b5f17fe19536e23cb32fb5d0a,hqs,29.730413312941735,0.8230215022837706,0.3243948119925335,0.0019302844302728772
kodim22,Kodak,kodim22,test,0.1,0.1001129150390625,0.0,2026,715791871bba2feb44dd3fa362f3d854cf0a624b5f17fe19536e23cb32fb5d0a,hqs_round1,29.848851256320224,0.8245736453475953,0.32264627900440246,0.0019946882966905832
kodim22,Kodak,kodim22,test,0.1,0.1001129150390625,0.0,2026,715791871bba2feb44dd3fa362f3d854cf0a624b5f17fe19536e23cb32fb5d0a,hqs_finetuned,29.86736994249245,0.8237663740229308,0.3212655469542369,0.0023803256917744875
kodim22,Kodak,kodim22,test,0.25,0.25,0.0,2026,8ea5d1b20f4facb08dae9c30203f193b5ef2228898e1171f7d72e9ae35850e6b,hqs,33.555745458350266,0.9158011227025986,0.3247672659344971,0.0018654168816283345
kodim22,Kodak,kodim22,test,0.25,0.25,0.0,2026,8ea5d1b20f4facb08dae9c30203f193b5ef2228898e1171f7d72e9ae35850e6b,hqs_round1,33.5944906956251,0.9159057691726684,0.3238835809752345,0.0019744965247809887
kodim22,Kodak,kodim22,test,0.25,0.25,0.0,2026,8ea5d1b20f4facb08dae9c30203f193b5ef2228898e1171f7d72e9ae35850e6b,hqs_finetuned,33.55348059405772,0.9146616005401611,0.32182971097063273,0.002303655259311199
kodim22,Kodak,kodim22,test,0.5,0.4998931884765625,0.0,2026,95eefbb691d1f7d4f525b64ab93b70837991297ad580040caeaa05361eac01b6,hqs,38.11771763322558,0.9671499781484604,0.32561054395046085,0.0015633180737495422
kodim22,Kodak,kodim22,test,0.5,0.4998931884765625,0.0,2026,95eefbb691d1f7d4f525b64ab93b70837991297ad580040caeaa05361eac01b6,hqs_round1,38.233003456969456,0.9675006012525559,0.3179391960147768,0.0019502025097608566
kodim22,Kodak,kodim22,test,0.5,0.4998931884765625,0.0,2026,95eefbb691d1f7d4f525b64ab93b70837991297ad580040caeaa05361eac01b6,hqs_finetuned,38.20575669253649,0.9669533696069718,0.3228649569209665,0.0023703030310571194
kodim22,Kodak,kodim22,test,0.1,0.1001129150390625,0.01,2026,5d97967ab4dac9cf5204bce10db9d769d81203581dcb40f65ade485e8f43f8e7,hqs,29.540432891963388,0.8134016728769988,0.32646379398647696,0.001785207074135542
kodim22,Kodak,kodim22,test,0.1,0.1001129150390625,0.01,2026,5d97967ab4dac9cf5204bce10db9d769d81203581dcb40f65ade485e8f43f8e7,hqs_round1,29.591390833666715,0.8145236563538536,0.3210911559872329,0.0017948318272829056
kodim22,Kodak,kodim22,test,0.1,0.1001129150390625,0.01,2026,5d97967ab4dac9cf5204bce10db9d769d81203581dcb40f65ade485e8f43f8e7,hqs_finetuned,29.640456495156403,0.8142519821595698,0.3213279190240428,0.004427304025739431
kodim22,Kodak,kodim22,test,0.1,0.1001129150390625,0.01,2027,d85c15144a047a0e59289e940a6f236dc8a6959d4ebd93479d2e21f9852fb9db,hqs,29.447555996063738,0.811041279308483,0.31999779189936817,0.0017738447058945894
kodim22,Kodak,kodim22,test,0.1,0.1001129150390625,0.01,2027,d85c15144a047a0e59289e940a6f236dc8a6959d4ebd93479d2e21f9852fb9db,hqs_round1,29.546393050287932,0.8127607003997936,0.3211926950607449,0.0017636107513681054
kodim22,Kodak,kodim22,test,0.1,0.1001129150390625,0.01,2027,d85c15144a047a0e59289e940a6f236dc8a6959d4ebd93479d2e21f9852fb9db,hqs_finetuned,29.568908345237453,0.8122296715245545,0.31896327110007405,0.003916316665709019
kodim22,Kodak,kodim22,test,0.1,0.1001129150390625,0.01,2028,9907ff00195cffa4b9b60a349132d809db68b8a91156a4ac55c417e67ced4c21,hqs,29.4874178333931,0.8123599873778038,0.3200584730366245,0.001798294484615326
kodim22,Kodak,kodim22,test,0.1,0.1001129150390625,0.01,2028,9907ff00195cffa4b9b60a349132d809db68b8a91156a4ac55c417e67ced4c21,hqs_round1,29.54442396692087,0.813613937247172,0.32348820695187896,0.001769907190464437
kodim22,Kodak,kodim22,test,0.1,0.1001129150390625,0.01,2028,9907ff00195cffa4b9b60a349132d809db68b8a91156a4ac55c417e67ced4c21,hqs_finetuned,29.583759259731973,0.8131613471963852,0.32600624300539494,0.004498139955103397
kodim22,Kodak,kodim22,test,0.1,0.1001129150390625,0.05,2026,8e419684e253b98a727ba39f636b288d48cfa4c966981202d75b91d7b6112d31,hqs,26.93066544394287,0.6586048505594321,0.3241977409925312,0.0020355256274342537
kodim22,Kodak,kodim22,test,0.1,0.1001129150390625,0.05,2026,8e419684e253b98a727ba39f636b288d48cfa4c966981202d75b91d7b6112d31,hqs_round1,26.941838379965247,0.6604215376305198,0.32190683495718986,0.0018342570401728153
kodim22,Kodak,kodim22,test,0.1,0.1001129150390625,0.05,2026,8e419684e253b98a727ba39f636b288d48cfa4c966981202d75b91d7b6112d31,hqs_finetuned,27.738163266596136,0.7342958634992466,0.3230442509520799,0.034444961696863174
kodim22,Kodak,kodim22,test,0.1,0.1001129150390625,0.05,2027,59aa43795a168a8a7345f65c641d7553934ac532a0869f0458e6f01cd8bb4ec1,hqs,26.828591069512534,0.6576508936136923,0.32994735694956034,0.001815184485167265
kodim22,Kodak,kodim22,test,0.1,0.1001129150390625,0.05,2027,59aa43795a168a8a7345f65c641d7553934ac532a0869f0458e6f01cd8bb4ec1,hqs_round1,26.84638114239648,0.6597528986512833,0.3209842399228364,0.0017018306534737349
kodim22,Kodak,kodim22,test,0.1,0.1001129150390625,0.05,2027,59aa43795a168a8a7345f65c641d7553934ac532a0869f0458e6f01cd8bb4ec1,hqs_finetuned,27.66557820028837,0.7320387790386714,0.3212403500219807,0.033560141921043396
kodim22,Kodak,kodim22,test,0.1,0.1001129150390625,0.05,2028,182a93a51bd619916d16f2a4abef7728d923c4601885512a0c8fc32e7f2ebeca,hqs,26.893138920623198,0.6579186552709658,0.32161945302505046,0.0018947279313579202
kodim22,Kodak,kodim22,test,0.1,0.1001129150390625,0.05,2028,182a93a51bd619916d16f2a4abef7728d923c4601885512a0c8fc32e7f2ebeca,hqs_round1,26.902417368846358,0.6595326040837862,0.32710127090103924,0.0016936901956796646
kodim22,Kodak,kodim22,test,0.1,0.1001129150390625,0.05,2028,182a93a51bd619916d16f2a4abef7728d923c4601885512a0c8fc32e7f2ebeca,hqs_finetuned,27.716023119922394,0.7337705260339826,0.3253717318875715,0.035009823739528656
kodim23,Kodak,kodim23,test,0.01,0.01031494140625,0.0,2026,81b2c4b321c0ee85c94b82f5e2d028992dd7c6eab38c2a587e960765e417d20f,hqs,25.443575111100042,0.7669587433945737,0.3240846099797636,0.0026369113475084305
kodim23,Kodak,kodim23,test,0.01,0.01031494140625,0.0,2026,81b2c4b321c0ee85c94b82f5e2d028992dd7c6eab38c2a587e960765e417d20f,hqs_round1,25.448636161458715,0.7670889758621994,0.32458986598066986,0.002534301718696952
kodim23,Kodak,kodim23,test,0.01,0.01031494140625,0.0,2026,81b2c4b321c0ee85c94b82f5e2d028992dd7c6eab38c2a587e960765e417d20f,hqs_finetuned,25.459402803707665,0.7659041203915137,0.3174764720024541,0.0032628076151013374
kodim23,Kodak,kodim23,test,0.04,0.041259765625,0.0,2026,9cf3ee25ad65f93c252e259bb34b95fcfcc221cac350797422e27284268424e3,hqs,29.182067316241476,0.8798404891701266,0.3254348310874775,0.001982669113203883
kodim23,Kodak,kodim23,test,0.04,0.041259765625,0.0,2026,9cf3ee25ad65f93c252e259bb34b95fcfcc221cac350797422e27284268424e3,hqs_round1,29.260666074410754,0.8802997477522343,0.32037383096758276,0.0020097186788916588
kodim23,Kodak,kodim23,test,0.04,0.041259765625,0.0,2026,9cf3ee25ad65f93c252e259bb34b95fcfcc221cac350797422e27284268424e3,hqs_finetuned,29.228637319573476,0.880653360027425,0.31983614596538246,0.0025332209188491106
kodim23,Kodak,kodim23,test,0.1,0.1001129150390625,0.0,2026,2831e7f26b57f57fa75c4e8179a7bc353565e7d9903d100950ec8b2d94f92a88,hqs,33.25963845122955,0.9426991541705132,0.3241022030124441,0.002090263646095991
kodim23,Kodak,kodim23,test,0.1,0.1001129150390625,0.0,2026,2831e7f26b57f57fa75c4e8179a7bc353565e7d9903d100950ec8b2d94f92a88,hqs_round1,33.42300154652972,0.9437663227710724,0.3260459110606462,0.0022084505762904882
kodim23,Kodak,kodim23,test,0.1,0.1001129150390625,0.0,2026,2831e7f26b57f57fa75c4e8179a7bc353565e7d9903d100950ec8b2d94f92a88,hqs_finetuned,33.448975253882224,0.9435798211369515,0.3230767749482766,0.0023253904655575752
kodim23,Kodak,kodim23,test,0.25,0.25,0.0,2026,c10c8cfa8f84672a1f1053f8a765b950fc49c0568244bc146712837ecfd7c059,hqs,38.75516568310482,0.9760411937026977,0.3305749910650775,0.0013492610305547714
kodim23,Kodak,kodim23,test,0.25,0.25,0.0,2026,c10c8cfa8f84672a1f1053f8a765b950fc49c0568244bc146712837ecfd7c059,hqs_round1,39.01960053223354,0.9768891050901413,0.3218908249400556,0.001610237406566739
kodim23,Kodak,kodim23,test,0.25,0.25,0.0,2026,c10c8cfa8f84672a1f1053f8a765b950fc49c0568244bc146712837ecfd7c059,hqs_finetuned,39.09301528529669,0.9768962548007966,0.32203244289848953,0.0017738653114065528
kodim23,Kodak,kodim23,test,0.5,0.4998931884765625,0.0,2026,a1af191803d92618d147254349100f4537d0fc98d8e1fd46e78877fdb174ac02,hqs,44.900906316197855,0.9907574981317521,0.324194320011884,0.0011658130679279566
kodim23,Kodak,kodim23,test,0.5,0.4998931884765625,0.0,2026,a1af191803d92618d147254349100f4537d0fc98d8e1fd46e78877fdb174ac02,hqs_round1,44.830588005692974,0.9908671286783218,0.3236758289858699,0.002479028655216098
kodim23,Kodak,kodim23,test,0.5,0.4998931884765625,0.0,2026,a1af191803d92618d147254349100f4537d0fc98d8e1fd46e78877fdb174ac02,hqs_finetuned,45.092581961671385,0.990798173067093,0.3220845339819789,0.0016579985385760665
kodim23,Kodak,kodim23,test,0.1,0.1001129150390625,0.01,2026,81e178f8fe1a059ebe04860de6418165f914dc620c94bc0681b27342bae6a013,hqs,32.50462894110714,0.9288775673375129,0.3302315630717203,0.0016847343649715185
kodim23,Kodak,kodim23,test,0.1,0.1001129150390625,0.01,2026,81e178f8fe1a059ebe04860de6418165f914dc620c94bc0681b27342bae6a013,hqs_round1,32.56966725202609,0.9303460568795204,0.3214021329768002,0.0017418009229004383
kodim23,Kodak,kodim23,test,0.1,0.1001129150390625,0.01,2026,81e178f8fe1a059ebe04860de6418165f914dc620c94bc0681b27342bae6a013,hqs_finetuned,32.61725380036654,0.9322021341638566,0.32223297795280814,0.003823327599093318
kodim23,Kodak,kodim23,test,0.1,0.1001129150390625,0.01,2027,a9b28866da5a9ca2d0faf375b7904410153a99e778d0e704646cbc870a549171,hqs,32.44406365661297,0.9288799825482369,0.3304159940453246,0.0017143675358965993
kodim23,Kodak,kodim23,test,0.1,0.1001129150390625,0.01,2027,a9b28866da5a9ca2d0faf375b7904410153a99e778d0e704646cbc870a549171,hqs_round1,32.490103740923296,0.9300092166676521,0.3242991149891168,0.0017669239314273
kodim23,Kodak,kodim23,test,0.1,0.1001129150390625,0.01,2027,a9b28866da5a9ca2d0faf375b7904410153a99e778d0e704646cbc870a549171,hqs_finetuned,32.54027437594581,0.9317686424312591,0.32132812996860594,0.003857859643176198
kodim23,Kodak,kodim23,test,0.1,0.1001129150390625,0.01,2028,8ee6907af645f3c36e62fb7d53fb25e7aca7c662acde72667434992e9a2a5755,hqs,32.45656741545488,0.9288140285410881,0.3316064180107787,0.0017026383429765701
kodim23,Kodak,kodim23,test,0.1,0.1001129150390625,0.01,2028,8ee6907af645f3c36e62fb7d53fb25e7aca7c662acde72667434992e9a2a5755,hqs_round1,32.56457411607173,0.9303629167523384,0.3243624570313841,0.0017448884900659323
kodim23,Kodak,kodim23,test,0.1,0.1001129150390625,0.01,2028,8ee6907af645f3c36e62fb7d53fb25e7aca7c662acde72667434992e9a2a5755,hqs_finetuned,32.595505486453355,0.9320584090986251,0.3252885830588639,0.003655127016827464
kodim23,Kodak,kodim23,test,0.1,0.1001129150390625,0.05,2026,ffbcd0b0643957b2ce8384ba77e56bf18d657aca1e8da9f5bfe438e42bab3390,hqs,27.913100297756447,0.7220993913320303,0.32361405598931015,0.0017178322887048125
kodim23,Kodak,kodim23,test,0.1,0.1001129150390625,0.05,2026,ffbcd0b0643957b2ce8384ba77e56bf18d657aca1e8da9f5bfe438e42bab3390,hqs_round1,27.957232792470954,0.7256493550114632,0.3226522559998557,0.0014999997802078724
kodim23,Kodak,kodim23,test,0.1,0.1001129150390625,0.05,2026,ffbcd0b0643957b2ce8384ba77e56bf18d657aca1e8da9f5bfe438e42bab3390,hqs_finetuned,29.337586619844473,0.8567352180068567,0.3188909989548847,0.033088479191064835
kodim23,Kodak,kodim23,test,0.1,0.1001129150390625,0.05,2027,d51ad0d0a00539054684013a45fa1baa55b20b8330d9f55289faa72ed24fcc42,hqs,27.953775038594657,0.7247028300452736,0.33396853995509446,0.0016280522104352713
kodim23,Kodak,kodim23,test,0.1,0.1001129150390625,0.05,2027,d51ad0d0a00539054684013a45fa1baa55b20b8330d9f55289faa72ed24fcc42,hqs_round1,27.970100703919552,0.7284183332116753,0.3231396770570427,0.001407238538376987
kodim23,Kodak,kodim23,test,0.1,0.1001129150390625,0.05,2027,d51ad0d0a00539054684013a45fa1baa55b20b8330d9f55289faa72ed24fcc42,hqs_finetuned,29.435848627712247,0.8585937329316735,0.3194068300072104,0.03305201604962349
kodim23,Kodak,kodim23,test,0.1,0.1001129150390625,0.05,2028,d94eefccdf86eaa0c917e55f66721be1696e681d041c3dff39a4d5a7dfa699c2,hqs,27.950295288192727,0.7232393238345981,0.32000745192635804,0.0018499280558899045
kodim23,Kodak,kodim23,test,0.1,0.1001129150390625,0.05,2028,d94eefccdf86eaa0c917e55f66721be1696e681d041c3dff39a4d5a7dfa699c2,hqs_round1,27.98355591980019,0.7260631383697856,0.32132250198628753,0.0016147700371220708
kodim23,Kodak,kodim23,test,0.1,0.1001129150390625,0.05,2028,d94eefccdf86eaa0c917e55f66721be1696e681d041c3dff39a4d5a7dfa699c2,hqs_finetuned,29.393554560719302,0.8579488307177611,0.3205252260668203,0.03390289470553398
kodim24,Kodak,kodim24,test,0.01,0.01031494140625,0.0,2026,cafb8f83b496b5c8208e0aaafe8888f23aed197bdf5de418879bfb96845c567d,hqs,22.21219054995209,0.4784365325982674,0.323803290957585,0.00418431218713522
kodim24,Kodak,kodim24,test,0.01,0.01031494140625,0.0,2026,cafb8f83b496b5c8208e0aaafe8888f23aed197bdf5de418879bfb96845c567d,hqs_round1,22.255059320123742,0.47877436884101326,0.3213233429705724,0.003436395898461342
kodim24,Kodak,kodim24,test,0.01,0.01031494140625,0.0,2026,cafb8f83b496b5c8208e0aaafe8888f23aed197bdf5de418879bfb96845c567d,hqs_finetuned,22.28782810267905,0.4754700907877726,0.3207098440034315,0.008319593966007233
kodim24,Kodak,kodim24,test,0.04,0.041259765625,0.0,2026,f44137ff0fb7306ce75122c859e64e22f9372a766bbf1b5894ebd0549bd324ca,hqs,24.727295061911004,0.6784478372567541,0.32205228705424815,0.003544703358784318
kodim24,Kodak,kodim24,test,0.04,0.041259765625,0.0,2026,f44137ff0fb7306ce75122c859e64e22f9372a766bbf1b5894ebd0549bd324ca,hqs_round1,24.750328417260373,0.6792520189229961,0.3219610380474478,0.00339557696133852
kodim24,Kodak,kodim24,test,0.04,0.041259765625,0.0,2026,f44137ff0fb7306ce75122c859e64e22f9372a766bbf1b5894ebd0549bd324ca,hqs_finetuned,24.797699699620583,0.6811096147906538,0.32116692408453673,0.004482679069042206
kodim24,Kodak,kodim24,test,0.1,0.1001129150390625,0.0,2026,65c0d7bfaabc734b4c4e23168b4cbb136fd6c80539eaa517d1c3c473ba0aa88b,hqs,26.8561258915545,0.8143258165858984,0.32226679695304483,0.0034698613453656435
kodim24,Kodak,kodim24,test,0.1,0.1001129150390625,0.0,2026,65c0d7bfaabc734b4c4e23168b4cbb136fd6c80539eaa517d1c3c473ba0aa88b,hqs_round1,26.988388158396308,0.8176522248951434,0.32185145607218146,0.0035679275169968605
kodim24,Kodak,kodim24,test,0.1,0.1001129150390625,0.0,2026,65c0d7bfaabc734b4c4e23168b4cbb136fd6c80539eaa517d1c3c473ba0aa88b,hqs_finetuned,27.117859611206878,0.8198244559435696,0.31928925693500787,0.00389474187977612
kodim24,Kodak,kodim24,test,0.25,0.25,0.0,2026,552c7ce1ad5e440184a37de9a9386159e0f8c03cca82a27c6046624a63a8c19c,hqs,31.149710086534803,0.9237385570888519,0.3199959989869967,0.0033177388831973076
kodim24,Kodak,kodim24,test,0.25,0.25,0.0,2026,552c7ce1ad5e440184a37de9a9386159e0f8c03cca82a27c6046624a63a8c19c,hqs_round1,31.246912252300604,0.9251316710376739,0.3200749339303002,0.003612702712416649
kodim24,Kodak,kodim24,test,0.25,0.25,0.0,2026,552c7ce1ad5e440184a37de9a9386159e0f8c03cca82a27c6046624a63a8c19c,hqs_finetuned,31.31072233723025,0.9250855420804024,0.322193710017018,0.004135421011596918
kodim24,Kodak,kodim24,test,0.5,0.4998931884765625,0.0,2026,be95aa7aba08fbb522abcd9d5157fb68d52f4585b356bbf3cc24290bf6e13b49,hqs,36.977792295800334,0.975936856959343,0.34318755695130676,0.0027388844173401594
kodim24,Kodak,kodim24,test,0.5,0.4998931884765625,0.0,2026,be95aa7aba08fbb522abcd9d5157fb68d52f4585b356bbf3cc24290bf6e13b49,hqs_round1,37.18314688543947,0.9767812234754563,0.33924946596380323,0.003480597399175167
kodim24,Kodak,kodim24,test,0.5,0.4998931884765625,0.0,2026,be95aa7aba08fbb522abcd9d5157fb68d52f4585b356bbf3cc24290bf6e13b49,hqs_finetuned,37.19584837459632,0.9767553189411163,0.33723148598801345,0.0035699268337339163
kodim24,Kodak,kodim24,test,0.1,0.1001129150390625,0.01,2026,484541085044bbe3e1e1924f50d6a3efbfb720061f4a6eb76dde29020ffba2ab,hqs,26.6084493135373,0.8038224570341707,0.34404028998687863,0.0031412008684128523
kodim24,Kodak,kodim24,test,0.1,0.1001129150390625,0.01,2026,484541085044bbe3e1e1924f50d6a3efbfb720061f4a6eb76dde29020ffba2ab,hqs_round1,26.801674899490457,0.8092698672298491,0.32214995892718434,0.0033019224647432566
kodim24,Kodak,kodim24,test,0.1,0.1001129150390625,0.01,2026,484541085044bbe3e1e1924f50d6a3efbfb720061f4a6eb76dde29020ffba2ab,hqs_finetuned,26.931922679799047,0.8116965103717149,0.3398614570032805,0.004357249476015568
kodim24,Kodak,kodim24,test,0.1,0.1001129150390625,0.01,2027,33a507f66b13894cdb112958bbca10dae539bfbbeec07be86de2776c95951f9e,hqs,26.71036876343692,0.8071636980645173,0.3409047919558361,0.0033949578646570444
kodim24,Kodak,kodim24,test,0.1,0.1001129150390625,0.01,2027,33a507f66b13894cdb112958bbca10dae539bfbbeec07be86de2776c95951f9e,hqs_round1,26.838041155928853,0.8106119745032759,0.34325087000615895,0.0034412280656397343
kodim24,Kodak,kodim24,test,0.1,0.1001129150390625,0.01,2027,33a507f66b13894cdb112958bbca10dae539bfbbeec07be86de2776c95951f9e,hqs_finetuned,26.956791533335675,0.8131808729487772,0.32603481295518577,0.004287270363420248
kodim24,Kodak,kodim24,test,0.1,0.1001129150390625,0.01,2028,2b8f08d4f222e2681261b347299f93f365dcda388eba2186abddb69b809420c9,hqs,26.71076859644701,0.807066690675199,0.36048084998037666,0.003319260897114873
kodim24,Kodak,kodim24,test,0.1,0.1001129150390625,0.01,2028,2b8f08d4f222e2681261b347299f93f365dcda388eba2186abddb69b809420c9,hqs_round1,26.849531643061976,0.8108840466840341,0.35629043995868415,0.0033945366740226746
kodim24,Kodak,kodim24,test,0.1,0.1001129150390625,0.01,2028,2b8f08d4f222e2681261b347299f93f365dcda388eba2186abddb69b809420c9,hqs_finetuned,26.95339483982748,0.8125928298337758,0.35426511301193386,0.004441749770194292
kodim24,Kodak,kodim24,test,0.1,0.1001129150390625,0.05,2026,6aa2b8c42f125591ae8c8c84c2b5f95c8b8af9c390b8595ef74260a7e3e7454f,hqs,25.01649445436324,0.6891730189154325,0.3299624950159341,0.002663595136255026
kodim24,Kodak,kodim24,test,0.1,0.1001129150390625,0.05,2026,6aa2b8c42f125591ae8c8c84c2b5f95c8b8af9c390b8595ef74260a7e3e7454f,hqs_round1,25.005476358681964,0.6902222726363242,0.3230696809478104,0.0023894249461591244
kodim24,Kodak,kodim24,test,0.1,0.1001129150390625,0.05,2026,6aa2b8c42f125591ae8c8c84c2b5f95c8b8af9c390b8595ef74260a7e3e7454f,hqs_finetuned,25.411689724131946,0.723216213295199,0.31755227607209235,0.031526628881692886
kodim24,Kodak,kodim24,test,0.1,0.1001129150390625,0.05,2027,7e880e4234c5386baa0751405532d0b1bc592d8c5c1f7ddc1aedfa56bb595351,hqs,25.038653726152504,0.6943267026488673,0.3263338420074433,0.0029298895969986916
kodim24,Kodak,kodim24,test,0.1,0.1001129150390625,0.05,2027,7e880e4234c5386baa0751405532d0b1bc592d8c5c1f7ddc1aedfa56bb595351,hqs_round1,25.050426606501823,0.696559433437178,0.32433701306581497,0.002662717131897807
kodim24,Kodak,kodim24,test,0.1,0.1001129150390625,0.05,2027,7e880e4234c5386baa0751405532d0b1bc592d8c5c1f7ddc1aedfa56bb595351,hqs_finetuned,25.46680639634506,0.7301140308511183,0.31941658398136497,0.028778383508324623
kodim24,Kodak,kodim24,test,0.1,0.1001129150390625,0.05,2028,5a3fbfb295dcb9e8aea3cec2323a41a2c0cf613bd4ad73723f23aada1c73a9d2,hqs,25.07043380190077,0.6905633797007188,0.3207096760161221,0.002663059625774622
kodim24,Kodak,kodim24,test,0.1,0.1001129150390625,0.05,2028,5a3fbfb295dcb9e8aea3cec2323a41a2c0cf613bd4ad73723f23aada1c73a9d2,hqs_round1,25.087996640452282,0.692077689452332,0.3230151290772483,0.002367025939747691
kodim24,Kodak,kodim24,test,0.1,0.1001129150390625,0.05,2028,5a3fbfb295dcb9e8aea3cec2323a41a2c0cf613bd4ad73723f23aada1c73a9d2,hqs_finetuned,25.466491222695065,0.7240405984879583,0.3266338249668479,0.029051167890429497
hevc_BQTerrace_f0000,HEVC_B,BQTerrace,test,0.01,0.01031494140625,0.0,2026,25b7f94e405d59703d4648c87db24f05613500a6f1977fdba4c02f34b4a254dc,hqs,19.96258174507645,0.47189737026154993,0.32609034900087863,0.003056329907849431
hevc_BQTerrace_f0000,HEVC_B,BQTerrace,test,0.01,0.01031494140625,0.0,2026,25b7f94e405d59703d4648c87db24f05613500a6f1977fdba4c02f34b4a254dc,hqs_round1,19.975472314038768,0.4724962675499781,0.31914357899222523,0.0029488238506019115
hevc_BQTerrace_f0000,HEVC_B,BQTerrace,test,0.01,0.01031494140625,0.0,2026,25b7f94e405d59703d4648c87db24f05613500a6f1977fdba4c02f34b4a254dc,hqs_finetuned,19.977236121068206,0.4739572024490426,0.3216988950734958,0.004740887321531773
hevc_BQTerrace_f0000,HEVC_B,BQTerrace,test,0.04,0.041259765625,0.0,2026,a22e369c3a78e5fea05818cafaf98b5a9a40d17adeedad113bec1c22422026d4,hqs,23.128913855860347,0.6946545656429327,0.3241969980299473,0.0036970425862818956
hevc_BQTerrace_f0000,HEVC_B,BQTerrace,test,0.04,0.041259765625,0.0,2026,a22e369c3a78e5fea05818cafaf98b5a9a40d17adeedad113bec1c22422026d4,hqs_round1,23.1510251865757,0.6951539797640713,0.32115420000627637,0.003587106941267848
hevc_BQTerrace_f0000,HEVC_B,BQTerrace,test,0.04,0.041259765625,0.0,2026,a22e369c3a78e5fea05818cafaf98b5a9a40d17adeedad113bec1c22422026d4,hqs_finetuned,23.17978024423703,0.6954894305552133,0.3193706239107996,0.00402398407459259
hevc_BQTerrace_f0000,HEVC_B,BQTerrace,test,0.1,0.1001129150390625,0.0,2026,87fd2b97d0579416bf1e2e98e0611d7ee012de2ef9e3f4fa769e3a5834fa8618,hqs,26.088300475521766,0.8266723750704527,0.3190653270576149,0.003461310174316168
hevc_BQTerrace_f0000,HEVC_B,BQTerrace,test,0.1,0.1001129150390625,0.0,2026,87fd2b97d0579416bf1e2e98e0611d7ee012de2ef9e3f4fa769e3a5834fa8618,hqs_round1,26.254909016740967,0.831213824871689,0.33895830903202295,0.003661113791167736
hevc_BQTerrace_f0000,HEVC_B,BQTerrace,test,0.1,0.1001129150390625,0.0,2026,87fd2b97d0579416bf1e2e98e0611d7ee012de2ef9e3f4fa769e3a5834fa8618,hqs_finetuned,26.28463052846938,0.8317822211700082,0.32248238497413695,0.004351691342890263
hevc_BQTerrace_f0000,HEVC_B,BQTerrace,test,0.25,0.25,0.0,2026,04972fe16054fb809475ad3a3f31cea8d6a4b39f411d938c1e3d3de1a717706f,hqs,30.42924278779342,0.9235409809503555,0.3237562350695953,0.002808213932439685
hevc_BQTerrace_f0000,HEVC_B,BQTerrace,test,0.25,0.25,0.0,2026,04972fe16054fb809475ad3a3f31cea8d6a4b39f411d938c1e3d3de1a717706f,hqs_round1,30.528433414898135,0.9251688121072054,0.323741786996834,0.0031883171759545803
hevc_BQTerrace_f0000,HEVC_B,BQTerrace,test,0.25,0.25,0.0,2026,04972fe16054fb809475ad3a3f31cea8d6a4b39f411d938c1e3d3de1a717706f,hqs_finetuned,30.518106603409166,0.9243665573170186,0.32285942195449024,0.003925093449652195
hevc_BQTerrace_f0000,HEVC_B,BQTerrace,test,0.5,0.4998931884765625,0.0,2026,542463b209eac76dda941d28d8a0c590800f5aa9dff5d6603897f425975c7d22,hqs,35.88663736633187,0.970169595161438,0.3416263069957495,0.0020313577260822058
hevc_BQTerrace_f0000,HEVC_B,BQTerrace,test,0.5,0.4998931884765625,0.0,2026,542463b209eac76dda941d28d8a0c590800f5aa9dff5d6603897f425975c7d22,hqs_round1,36.097198446505494,0.971476953781128,0.3221403859788552,0.00253318645991385
hevc_BQTerrace_f0000,HEVC_B,BQTerrace,test,0.5,0.4998931884765625,0.0,2026,542463b209eac76dda941d28d8a0c590800f5aa9dff5d6603897f425975c7d22,hqs_finetuned,36.2741751895195,0.9727088655576706,0.3298739689635113,0.002998422598466277
hevc_BQTerrace_f0000,HEVC_B,BQTerrace,test,0.1,0.1001129150390625,0.01,2026,f57492c95f83b849cafa9ef473b0b42649842ce2b26dc2bb6567a30fb10e152a,hqs,25.845559965287208,0.8156282591676116,0.3270611179759726,0.00309346173889935
hevc_BQTerrace_f0000,HEVC_B,BQTerrace,test,0.1,0.1001129150390625,0.01,2026,f57492c95f83b849cafa9ef473b0b42649842ce2b26dc2bb6567a30fb10e152a,hqs_round1,25.958186471966957,0.820509593274951,0.3340832890244201,0.003287330735474825
hevc_BQTerrace_f0000,HEVC_B,BQTerrace,test,0.1,0.1001129150390625,0.01,2026,f57492c95f83b849cafa9ef473b0b42649842ce2b26dc2bb6567a30fb10e152a,hqs_finetuned,25.99844560027684,0.8213574837532202,0.32613017794210464,0.006665320135653019
hevc_BQTerrace_f0000,HEVC_B,BQTerrace,test,0.1,0.1001129150390625,0.01,2027,6e208fc3f919920f7973a82f7f58780538d8a4928b1ba540c144d85fa98dcd82,hqs,25.784514616625607,0.8146346644320785,0.33086627593729645,0.0032440039794892073
hevc_BQTerrace_f0000,HEVC_B,BQTerrace,test,0.1,0.1001129150390625,0.01,2027,6e208fc3f919920f7973a82f7f58780538d8a4928b1ba540c144d85fa98dcd82,hqs_round1,25.857267602682942,0.8178996320252642,0.33161958202254027,0.0034386180341243744
hevc_BQTerrace_f0000,HEVC_B,BQTerrace,test,0.1,0.1001129150390625,0.01,2027,6e208fc3f919920f7973a82f7f58780538d8a4928b1ba540c144d85fa98dcd82,hqs_finetuned,25.898313103169794,0.8177654335558638,0.3252555219223723,0.006238226778805256
hevc_BQTerrace_f0000,HEVC_B,BQTerrace,test,0.1,0.1001129150390625,0.01,2028,7856c7a776709a7c2e7ae6d5f4a05fc93134bb9e48a8e5f2ef58fd633ac2193a,hqs,25.79341250216149,0.8142923785901368,0.3234908420126885,0.0031577397603541613
hevc_BQTerrace_f0000,HEVC_B,BQTerrace,test,0.1,0.1001129150390625,0.01,2028,7856c7a776709a7c2e7ae6d5f4a05fc93134bb9e48a8e5f2ef58fd633ac2193a,hqs_round1,25.872552239661267,0.8184518461181559,0.33184376498684287,0.00334202591329813
hevc_BQTerrace_f0000,HEVC_B,BQTerrace,test,0.1,0.1001129150390625,0.01,2028,7856c7a776709a7c2e7ae6d5f4a05fc93134bb9e48a8e5f2ef58fd633ac2193a,hqs_finetuned,25.87933890750105,0.8170499269649982,0.32512070797383785,0.006680965423583984
hevc_BQTerrace_f0000,HEVC_B,BQTerrace,test,0.1,0.1001129150390625,0.05,2026,1222a075dbfdc9a25cd5b7b599b261e7647c67acfac78cf4b7e5b2a46ec58554,hqs,23.10241137641591,0.6291415680118678,0.32717668102122843,0.002468699123710394
hevc_BQTerrace_f0000,HEVC_B,BQTerrace,test,0.1,0.1001129150390625,0.05,2026,1222a075dbfdc9a25cd5b7b599b261e7647c67acfac78cf4b7e5b2a46ec58554,hqs_round1,23.101778079487406,0.6371351566911624,0.3423331899102777,0.0021849009208381176
hevc_BQTerrace_f0000,HEVC_B,BQTerrace,test,0.1,0.1001129150390625,0.05,2026,1222a075dbfdc9a25cd5b7b599b261e7647c67acfac78cf4b7e5b2a46ec58554,hqs_finetuned,23.81558346605449,0.7216475332046224,0.3566606210079044,0.03174745664000511
hevc_BQTerrace_f0000,HEVC_B,BQTerrace,test,0.1,0.1001129150390625,0.05,2027,04be7af63318c738feec61d60f75239f6c5740ee407264ff5d0cb3ab23c4e10c,hqs,23.037847680008138,0.6325482016708683,0.3611047320300713,0.002490807557478547
hevc_BQTerrace_f0000,HEVC_B,BQTerrace,test,0.1,0.1001129150390625,0.05,2027,04be7af63318c738feec61d60f75239f6c5740ee407264ff5d0cb3ab23c4e10c,hqs_round1,23.022496605232185,0.6396896778362747,0.35520028707105666,0.0022009897511452436
hevc_BQTerrace_f0000,HEVC_B,BQTerrace,test,0.1,0.1001129150390625,0.05,2027,04be7af63318c738feec61d60f75239f6c5740ee407264ff5d0cb3ab23c4e10c,hqs_finetuned,23.718111450633323,0.7195808037151804,0.3516810069559142,0.03155588358640671
hevc_BQTerrace_f0000,HEVC_B,BQTerrace,test,0.1,0.1001129150390625,0.05,2028,b3c30fddf5d1833b8372275cc849c61ace2f7ddf1232cb1bf61546135db59bac,hqs,23.107061669798092,0.6305496125710467,0.3216077609686181,0.0025508059188723564
hevc_BQTerrace_f0000,HEVC_B,BQTerrace,test,0.1,0.1001129150390625,0.05,2028,b3c30fddf5d1833b8372275cc849c61ace2f7ddf1232cb1bf61546135db59bac,hqs_round1,23.10536373660569,0.6384002553061535,0.3217601500218734,0.0022553359158337116
hevc_BQTerrace_f0000,HEVC_B,BQTerrace,test,0.1,0.1001129150390625,0.05,2028,b3c30fddf5d1833b8372275cc849c61ace2f7ddf1232cb1bf61546135db59bac,hqs_finetuned,23.80440022104946,0.7207150907737148,0.32814683695323765,0.03215086832642555
hevc_BQTerrace_f0200,HEVC_B,BQTerrace,test,0.01,0.01031494140625,0.0,2026,1f93160bc044d800e9887a4a2684ab4890559e4104be74bc9a70c038ce25b363,hqs,23.63526801946161,0.6570986147869212,0.3289326939266175,0.0034838842693716288
hevc_BQTerrace_f0200,HEVC_B,BQTerrace,test,0.01,0.01031494140625,0.0,2026,1f93160bc044d800e9887a4a2684ab4890559e4104be74bc9a70c038ce25b363,hqs_round1,23.599803504478693,0.6537517242795416,0.32398929994087666,0.003435793099924922
hevc_BQTerrace_f0200,HEVC_B,BQTerrace,test,0.01,0.01031494140625,0.0,2026,1f93160bc044d800e9887a4a2684ab4890559e4104be74bc9a70c038ce25b363,hqs_finetuned,23.689436677241655,0.65763197604482,0.32136129296850413,0.004257164895534515
hevc_BQTerrace_f0200,HEVC_B,BQTerrace,test,0.04,0.041259765625,0.0,2026,9a6b5ae9a94068c783803b35f5fbee0ff3dc4667aca49148033a952c08099ba6,hqs,28.254504313648788,0.8569551483380645,0.3200279859593138,0.003309345105662942
hevc_BQTerrace_f0200,HEVC_B,BQTerrace,test,0.04,0.041259765625,0.0,2026,9a6b5ae9a94068c783803b35f5fbee0ff3dc4667aca49148033a952c08099ba6,hqs_round1,28.321934595807345,0.8585377220137268,0.32119240693282336,0.0034121498465538025
hevc_BQTerrace_f0200,HEVC_B,BQTerrace,test,0.04,0.041259765625,0.0,2026,9a6b5ae9a94068c783803b35f5fbee0ff3dc4667aca49148033a952c08099ba6,hqs_finetuned,28.46510522178308,0.8607674575681612,0.3201634350698441,0.0037846833001822233
hevc_BQTerrace_f0200,HEVC_B,BQTerrace,test,0.1,0.1001129150390625,0.0,2026,abe48d4c09fea10e396a9f342ba32b29f6e36fecd38190e1f3afda350c45862c,hqs,32.66545615640015,0.9409356276273727,0.3243962050182745,0.002885382156819105
hevc_BQTerrace_f0200,HEVC_B,BQTerrace,test,0.1,0.1001129150390625,0.0,2026,abe48d4c09fea10e396a9f342ba32b29f6e36fecd38190e1f3afda350c45862c,hqs_round1,32.85816113998117,0.9423161946563721,0.32210434309672564,0.003182819811627269
hevc_BQTerrace_f0200,HEVC_B,BQTerrace,test,0.1,0.1001129150390625,0.0,2026,abe48d4c09fea10e396a9f342ba32b29f6e36fecd38190e1f3afda350c45862c,hqs_finetuned,32.97425790585228,0.943478174535513,0.322018385049887,0.003252878785133362
hevc_BQTerrace_f0200,HEVC_B,BQTerrace,test,0.25,0.25,0.0,2026,95cffb9bf96bcae8977cb20e435bf06cad501d19fd31dca6010ed8dc080568b3,hqs,38.04392852787771,0.9792001309695244,0.32357219397090375,0.0021128738299012184
hevc_BQTerrace_f0200,HEVC_B,BQTerrace,test,0.25,0.25,0.0,2026,95cffb9bf96bcae8977cb20e435bf06cad501d19fd31dca6010ed8dc080568b3,hqs_round1,38.22497340570814,0.979451207493782,0.3220484380144626,0.0026623005978763103
hevc_BQTerrace_f0200,HEVC_B,BQTerrace,test,0.25,0.25,0.0,2026,95cffb9bf96bcae8977cb20e435bf06cad501d19fd31dca6010ed8dc080568b3,hqs_finetuned,38.16946966645872,0.979193663901329,0.32241666701156646,0.0031237865332514048
hevc_BQTerrace_f0200,HEVC_B,BQTerrace,test,0.5,0.4998931884765625,0.0,2026,6e2b5c99a9be6bbfc423be20de0aedd54e210439698c09bffd0feca50c042db5,hqs,44.10872253583718,0.9924313490905762,0.330242901109159,0.0012615134473890066
hevc_BQTerrace_f0200,HEVC_B,BQTerrace,test,0.5,0.4998931884765625,0.0,2026,6e2b5c99a9be6bbfc423be20de0aedd54e210439698c09bffd0feca50c042db5,hqs_round1,44.45890676225573,0.9927171287031173,0.3201037480030209,0.0017300804611295462
hevc_BQTerrace_f0200,HEVC_B,BQTerrace,test,0.5,0.4998931884765625,0.0,2026,6e2b5c99a9be6bbfc423be20de0aedd54e210439698c09bffd0feca50c042db5,hqs_finetuned,44.57892126922023,0.9928132168970109,0.36626034090295434,0.002014032332226634
hevc_BQTerrace_f0200,HEVC_B,BQTerrace,test,0.1,0.1001129150390625,0.01,2026,adf15571fed5ba166a478defb5dce3a3c99b3e16957591fa8e3b742cb646bb6a,hqs,31.748001282704557,0.9254959573655128,0.3586647040210664,0.0025072703137993813
hevc_BQTerrace_f0200,HEVC_B,BQTerrace,test,0.1,0.1001129150390625,0.01,2026,adf15571fed5ba166a478defb5dce3a3c99b3e16957591fa8e3b742cb646bb6a,hqs_round1,31.833356228452402,0.9270214226238728,0.3593828729353845,0.002687351079657674
hevc_BQTerrace_f0200,HEVC_B,BQTerrace,test,0.1,0.1001129150390625,0.01,2026,adf15571fed5ba166a478defb5dce3a3c99b3e16957591fa8e3b742cb646bb6a,hqs_finetuned,32.067662241015526,0.9313076608934402,0.3539992629084736,0.0048271105624735355
hevc_BQTerrace_f0200,HEVC_B,BQTerrace,test,0.1,0.1001129150390625,0.01,2027,e09f0cb5d4a3cd2b00d0dd1cdeaa34af90077c6b32542ef5dba307a98ae961bd,hqs,31.733339681788877,0.924458363317728,0.36250875203404576,0.0024183359928429127
hevc_BQTerrace_f0200,HEVC_B,BQTerrace,test,0.1,0.1001129150390625,0.01,2027,e09f0cb5d4a3cd2b00d0dd1cdeaa34af90077c6b32542ef5dba307a98ae961bd,hqs_round1,31.82183764952578,0.9262219725115299,0.35572160000447184,0.002630054485052824
hevc_BQTerrace_f0200,HEVC_B,BQTerrace,test,0.1,0.1001129150390625,0.01,2027,e09f0cb5d4a3cd2b00d0dd1cdeaa34af90077c6b32542ef5dba307a98ae961bd,hqs_finetuned,32.09538755322306,0.9312400134289265,0.3542325320886448,0.004892769735306501
hevc_BQTerrace_f0200,HEVC_B,BQTerrace,test,0.1,0.1001129150390625,0.01,2028,7cce8bee6bdb37f4df9890d7686afc770d7280eba88300a3fea203d28f4353a2,hqs,31.709069212695738,0.9256522075705528,0.3255798179889098,0.0023427321575582027
hevc_BQTerrace_f0200,HEVC_B,BQTerrace,test,0.1,0.1001129150390625,0.01,2028,7cce8bee6bdb37f4df9890d7686afc770d7280eba88300a3fea203d28f4353a2,hqs_round1,31.868132018794636,0.9280561998541356,0.32807526795659214,0.0026380771305412054
hevc_BQTerrace_f0200,HEVC_B,BQTerrace,test,0.1,0.1001129150390625,0.01,2028,7cce8bee6bdb37f4df9890d7686afc770d7280eba88300a3fea203d28f4353a2,hqs_finetuned,32.10360395930663,0.9320836277267933,0.3190513859735802,0.004251593258231878
hevc_BQTerrace_f0200,HEVC_B,BQTerrace,test,0.1,0.1001129150390625,0.05,2026,42db7d5e862a19fc02408139c15d94660ab9d34f198859d219992a453360f5fc,hqs,26.884665292633617,0.7144629112191359,0.324259493034333,0.0016952351434156299
hevc_BQTerrace_f0200,HEVC_B,BQTerrace,test,0.1,0.1001129150390625,0.05,2026,42db7d5e862a19fc02408139c15d94660ab9d34f198859d219992a453360f5fc,hqs_round1,26.794125912710662,0.7170004097802557,0.3238470070064068,0.0016796700656414032
hevc_BQTerrace_f0200,HEVC_B,BQTerrace,test,0.1,0.1001129150390625,0.05,2026,42db7d5e862a19fc02408139c15d94660ab9d34f198859d219992a453360f5fc,hqs_finetuned,28.31058736043741,0.8486333177659809,0.32199337100610137,0.03408617526292801
hevc_BQTerrace_f0200,HEVC_B,BQTerrace,test,0.1,0.1001129150390625,0.05,2027,2c09befa72b7c5495fa696e277d13836b4c578f883c9ef654b082cff6afed200,hqs,26.874554995847,0.7133661222347273,0.32084364793263376,0.0017624457832425833
hevc_BQTerrace_f0200,HEVC_B,BQTerrace,test,0.1,0.1001129150390625,0.05,2027,2c09befa72b7c5495fa696e277d13836b4c578f883c9ef654b082cff6afed200,hqs_round1,26.77992454299545,0.7168860384630262,0.3245820209849626,0.0017066143918782473
hevc_BQTerrace_f0200,HEVC_B,BQTerrace,test,0.1,0.1001129150390625,0.05,2027,2c09befa72b7c5495fa696e277d13836b4c578f883c9ef654b082cff6afed200,hqs_finetuned,28.343919952510625,0.8448630176690519,0.32060627499595284,0.033843155950307846
hevc_BQTerrace_f0200,HEVC_B,BQTerrace,test,0.1,0.1001129150390625,0.05,2028,b0480dee4ced39d6f9ae8bcd33a94f4a1f95dac4abb8e719b977ebf0fa695d77,hqs,26.821583451320077,0.720130462261416,0.3177405199967325,0.0018504909239709377
hevc_BQTerrace_f0200,HEVC_B,BQTerrace,test,0.1,0.1001129150390625,0.05,2028,b0480dee4ced39d6f9ae8bcd33a94f4a1f95dac4abb8e719b977ebf0fa695d77,hqs_round1,26.73296224217704,0.7238607893069386,0.32217630301602185,0.0018715737387537956
hevc_BQTerrace_f0200,HEVC_B,BQTerrace,test,0.1,0.1001129150390625,0.05,2028,b0480dee4ced39d6f9ae8bcd33a94f4a1f95dac4abb8e719b977ebf0fa695d77,hqs_finetuned,28.241372166509315,0.8502381023467481,0.32017556799110025,0.034269917756319046
hevc_BQTerrace_f0400,HEVC_B,BQTerrace,test,0.01,0.01031494140625,0.0,2026,708ddfd609de2363742df0927297d032e85e5402e12e392f7a5945299dd36d60,hqs,23.50691946427562,0.5798702240090272,0.32676781504414976,0.0034906151704490185
hevc_BQTerrace_f0400,HEVC_B,BQTerrace,test,0.01,0.01031494140625,0.0,2026,708ddfd609de2363742df0927297d032e85e5402e12e392f7a5945299dd36d60,hqs_round1,23.47709104666756,0.5784403915184659,0.32007320097181946,0.0034341237042099237
hevc_BQTerrace_f0400,HEVC_B,BQTerrace,test,0.01,0.01031494140625,0.0,2026,708ddfd609de2363742df0927297d032e85e5402e12e392f7a5945299dd36d60,hqs_finetuned,23.518762316524864,0.5819190703437143,0.32074862311128527,0.004570296499878168
hevc_BQTerrace_f0400,HEVC_B,BQTerrace,test,0.04,0.041259765625,0.0,2026,aed6da1c938f4c079de87a8e8b5349711c389b2cb48c5f41c60876d6aa03b667,hqs,26.58374368740801,0.7728197478999048,0.32227290398441255,0.004449842963367701
hevc_BQTerrace_f0400,HEVC_B,BQTerrace,test,0.04,0.041259765625,0.0,2026,aed6da1c938f4c079de87a8e8b5349711c389b2cb48c5f41c60876d6aa03b667,hqs_round1,26.619361788970195,0.7743884414425641,0.3214304429711774,0.004348495975136757
hevc_BQTerrace_f0400,HEVC_B,BQTerrace,test,0.04,0.041259765625,0.0,2026,aed6da1c938f4c079de87a8e8b5349711c389b2cb48c5f41c60876d6aa03b667,hqs_finetuned,26.729011403328492,0.7777276202416942,0.3193696369417012,0.004742302466183901
hevc_BQTerrace_f0400,HEVC_B,BQTerrace,test,0.1,0.1001129150390625,0.0,2026,dd44e061127f091462619b18abd45ff8e6a589295f83622cb0b6e9333492191d,hqs,29.835577204918508,0.8893750444734096,0.3267193080391735,0.003414612030610442
hevc_BQTerrace_f0400,HEVC_B,BQTerrace,test,0.1,0.1001129150390625,0.0,2026,dd44e061127f091462619b18abd45ff8e6a589295f83622cb0b6e9333492191d,hqs_round1,29.95264856012588,0.8922435669317246,0.32007177895866334,0.0034339805133640766
hevc_BQTerrace_f0400,HEVC_B,BQTerrace,test,0.1,0.1001129150390625,0.0,2026,dd44e061127f091462619b18abd45ff8e6a589295f83622cb0b6e9333492191d,hqs_finetuned,30.036801284194766,0.8940652659204006,0.32011799700558186,0.0039598047733306885
hevc_BQTerrace_f0400,HEVC_B,BQTerrace,test,0.25,0.25,0.0,2026,36fabb4150fa5753ae4458b42ce9df224c609536c676f265ca6c959e9649c03a,hqs,34.68474991695052,0.9586214930257797,0.32439986197277904,0.0023697137366980314
hevc_BQTerrace_f0400,HEVC_B,BQTerrace,test,0.25,0.25,0.0,2026,36fabb4150fa5753ae4458b42ce9df224c609536c676f265ca6c959e9649c03a,hqs_round1,34.780857716721385,0.9595277418107987,0.3203168020118028,0.0027265669777989388
hevc_BQTerrace_f0400,HEVC_B,BQTerrace,test,0.25,0.25,0.0,2026,36fabb4150fa5753ae4458b42ce9df224c609536c676f265ca6c959e9649c03a,hqs_finetuned,34.862469626321435,0.9598737156610488,0.3190949830459431,0.0033354959450662136
hevc_BQTerrace_f0400,HEVC_B,BQTerrace,test,0.5,0.4998931884765625,0.0,2026,f1af190b431946d0e5140bcc8fa8304bf3a5cf2bc04eabef0c09d5c88b1ace91,hqs,40.998934311949185,0.9871150492115021,0.3206820390187204,0.0017357347533106804
hevc_BQTerrace_f0400,HEVC_B,BQTerrace,test,0.5,0.4998931884765625,0.0,2026,f1af190b431946d0e5140bcc8fa8304bf3a5cf2bc04eabef0c09d5c88b1ace91,hqs_round1,41.09167008164587,0.9872994572229385,0.32020793796982616,0.0023072229232639074
hevc_BQTerrace_f0400,HEVC_B,BQTerrace,test,0.5,0.4998931884765625,0.0,2026,f1af190b431946d0e5140bcc8fa8304bf3a5cf2bc04eabef0c09d5c88b1ace91,hqs_finetuned,41.127542941299055,0.9873346545829773,0.3217928629601374,0.002692612586542964
hevc_BQTerrace_f0400,HEVC_B,BQTerrace,test,0.1,0.1001129150390625,0.01,2026,c5bbe1f6cc70a59b18f1f611a600a2a76c6ce6e39247aaeb954f2fcf3c6389d1,hqs,29.168937587202603,0.8723660634109974,0.32047463103663176,0.0031234838534146547
hevc_BQTerrace_f0400,HEVC_B,BQTerrace,test,0.1,0.1001129150390625,0.01,2026,c5bbe1f6cc70a59b18f1f611a600a2a76c6ce6e39247aaeb954f2fcf3c6389d1,hqs_round1,29.210856319698948,0.8742779383442998,0.3208612740272656,0.0031612366437911987
hevc_BQTerrace_f0400,HEVC_B,BQTerrace,test,0.1,0.1001129150390625,0.01,2026,c5bbe1f6cc70a59b18f1f611a600a2a76c6ce6e39247aaeb954f2fcf3c6389d1,hqs_finetuned,29.332258874743175,0.877135847304523,0.3188206240301952,0.005364634096622467
hevc_BQTerrace_f0400,HEVC_B,BQTerrace,test,0.1,0.1001129150390625,0.01,2027,b649bbc3f0efa895c65fac893952d312631feb6173b72f0dcf876136146b99e1,hqs,29.195466349019952,0.8719409897390558,0.3244165399810299,0.002940393751487136
hevc_BQTerrace_f0400,HEVC_B,BQTerrace,test,0.1,0.1001129150390625,0.01,2027,b649bbc3f0efa895c65fac893952d312631feb6173b72f0dcf876136146b99e1,hqs_round1,29.24773193502938,0.8742697924903221,0.3253659959882498,0.0030813857447355986
hevc_BQTerrace_f0400,HEVC_B,BQTerrace,test,0.1,0.1001129150390625,0.01,2027,b649bbc3f0efa895c65fac893952d312631feb6173b72f0dcf876136146b99e1,hqs_finetuned,29.315575339630485,0.8758277768726795,0.3232868880731985,0.005668975412845612
hevc_BQTerrace_f0400,HEVC_B,BQTerrace,test,0.1,0.1001129150390625,0.01,2028,90f8bedd1ec41c086e8837d7b23c6a7d92fd226e767a8737316716497dc56f11,hqs,29.258843394803215,0.8730573353520632,0.33352954301517457,0.0029832026921212673
hevc_BQTerrace_f0400,HEVC_B,BQTerrace,test,0.1,0.1001129150390625,0.01,2028,90f8bedd1ec41c086e8837d7b23c6a7d92fd226e767a8737316716497dc56f11,hqs_round1,29.30775494924708,0.8754299739968777,0.3217393249506131,0.0030373097397387028
hevc_BQTerrace_f0400,HEVC_B,BQTerrace,test,0.1,0.1001129150390625,0.01,2028,90f8bedd1ec41c086e8837d7b23c6a7d92fd226e767a8737316716497dc56f11,hqs_finetuned,29.454266358395,0.8786102060749829,0.3186212050495669,0.005779556464403868
hevc_BQTerrace_f0400,HEVC_B,BQTerrace,test,0.1,0.1001129150390625,0.05,2026,732dd5fa556f6ab8688c85b9f06e89f13e6492ef3e6ca8e4148686fc9f2363c9,hqs,25.686546953579132,0.6850462504241877,0.3230129579314962,0.002103249542415142
hevc_BQTerrace_f0400,HEVC_B,BQTerrace,test,0.1,0.1001129150390625,0.05,2026,732dd5fa556f6ab8688c85b9f06e89f13e6492ef3e6ca8e4148686fc9f2363c9,hqs_round1,25.599586419408382,0.6878725721304901,0.31942653795704246,0.001985554350540042
hevc_BQTerrace_f0400,HEVC_B,BQTerrace,test,0.1,0.1001129150390625,0.05,2026,732dd5fa556f6ab8688c85b9f06e89f13e6492ef3e6ca8e4148686fc9f2363c9,hqs_finetuned,26.68859253029818,0.77779795524468,0.3190103159286082,0.033197496086359024
hevc_BQTerrace_f0400,HEVC_B,BQTerrace,test,0.1,0.1001129150390625,0.05,2027,d7418024eb1788de31ee70abb0e09fb2c5bcd9c6e63a731ddeb2c23db4b06799,hqs,25.828127301608074,0.6876093786211256,0.32072313502430916,0.0018723027314990759
hevc_BQTerrace_f0400,HEVC_B,BQTerrace,test,0.1,0.1001129150390625,0.05,2027,d7418024eb1788de31ee70abb0e09fb2c5bcd9c6e63a731ddeb2c23db4b06799,hqs_round1,25.79217272760074,0.6919448031194135,0.32332442107144743,0.0019124692771583796
hevc_BQTerrace_f0400,HEVC_B,BQTerrace,test,0.1,0.1001129150390625,0.05,2027,d7418024eb1788de31ee70abb0e09fb2c5bcd9c6e63a731ddeb2c23db4b06799,hqs_finetuned,26.729521400979685,0.7772226501901848,0.35086785396561027,0.032103948295116425
hevc_BQTerrace_f0400,HEVC_B,BQTerrace,test,0.1,0.1001129150390625,0.05,2028,b3a0f858dd83f0ea9ff8af33ed663034d98efe647ae60749cd30c7fede79fb2f,hqs,25.92137102402351,0.694509011739023,0.3196588399587199,0.001975727267563343
hevc_BQTerrace_f0400,HEVC_B,BQTerrace,test,0.1,0.1001129150390625,0.05,2028,b3a0f858dd83f0ea9ff8af33ed663034d98efe647ae60749cd30c7fede79fb2f,hqs_round1,25.832220475466908,0.6979527283114195,0.33233589492738247,0.0019869219977408648
hevc_BQTerrace_f0400,HEVC_B,BQTerrace,test,0.1,0.1001129150390625,0.05,2028,b3a0f858dd83f0ea9ff8af33ed663034d98efe647ae60749cd30c7fede79fb2f,hqs_finetuned,26.75083887719707,0.7785514163592383,0.32353415701072663,0.0315677672624588
hevc_BasketballDrive_f0000,HEVC_B,BasketballDrive,test,0.01,0.01031494140625,0.0,2026,f1ef1e3c4c29ee8b5a9e658277c382d3178506cb01561918b3c9ab07a279dd5a,hqs,26.304972916785747,0.7032584626252845,0.3294231169857085,0.0038569264579564333
hevc_BasketballDrive_f0000,HEVC_B,BasketballDrive,test,0.01,0.01031494140625,0.0,2026,f1ef1e3c4c29ee8b5a9e658277c382d3178506cb01561918b3c9ab07a279dd5a,hqs_round1,26.353034780459502,0.7061430039346218,0.31896119995508343,0.0036694256123155355
hevc_BasketballDrive_f0000,HEVC_B,BasketballDrive,test,0.01,0.01031494140625,0.0,2026,f1ef1e3c4c29ee8b5a9e658277c382d3178506cb01561918b3c9ab07a279dd5a,hqs_finetuned,26.559295256187244,0.7141496217807467,0.33740623004268855,0.005592899397015572
hevc_BasketballDrive_f0000,HEVC_B,BasketballDrive,test,0.04,0.041259765625,0.0,2026,4c249d349995cc534189ed99efbb05208eb3eb64beebb1b88206d4849873e24c,hqs,31.68699017147478,0.8562699352223874,0.3468832189682871,0.0030241559725254774
hevc_BasketballDrive_f0000,HEVC_B,BasketballDrive,test,0.04,0.041259765625,0.0,2026,4c249d349995cc534189ed99efbb05208eb3eb64beebb1b88206d4849873e24c,hqs_round1,31.7955016875636,0.8565402589142919,0.34568858600687236,0.003066055476665497
hevc_BasketballDrive_f0000,HEVC_B,BasketballDrive,test,0.04,0.041259765625,0.0,2026,4c249d349995cc534189ed99efbb05208eb3eb64beebb1b88206d4849873e24c,hqs_finetuned,31.842520389381317,0.8573181525623799,0.3461115349782631,0.00372541812248528
hevc_BasketballDrive_f0000,HEVC_B,BasketballDrive,test,0.1,0.1001129150390625,0.0,2026,06bbb566f32605fbc7a95700dd97c164b425f6441c32377f567d9d7e3c3202b6,hqs,35.085087620972295,0.9260406781873703,0.34510895295534283,0.002060465980321169
hevc_BasketballDrive_f0000,HEVC_B,BasketballDrive,test,0.1,0.1001129150390625,0.0,2026,06bbb566f32605fbc7a95700dd97c164b425f6441c32377f567d9d7e3c3202b6,hqs_round1,35.25592160724773,0.9264408980998993,0.34564718790352345,0.002374284667894244
hevc_BasketballDrive_f0000,HEVC_B,BasketballDrive,test,0.1,0.1001129150390625,0.0,2026,06bbb566f32605fbc7a95700dd97c164b425f6441c32377f567d9d7e3c3202b6,hqs_finetuned,35.26881539824847,0.9258340286273956,0.3252780119655654,0.0032062879763543606
hevc_BasketballDrive_f0000,HEVC_B,BasketballDrive,test,0.25,0.25,0.0,2026,e0d3ce43dee63fd18d8af5cd003d9f36c0c86875919f4cdaf50f688d99d4aa00,hqs,39.964153607638075,0.9693376034440995,0.3212862230138853,0.0015431171050295234
hevc_BasketballDrive_f0000,HEVC_B,BasketballDrive,test,0.25,0.25,0.0,2026,e0d3ce43dee63fd18d8af5cd003d9f36c0c86875919f4cdaf50f688d99d4aa00,hqs_round1,40.308435952230084,0.970475356464386,0.32115868001710624,0.0017632362432777882
hevc_BasketballDrive_f0000,HEVC_B,BasketballDrive,test,0.25,0.25,0.0,2026,e0d3ce43dee63fd18d8af5cd003d9f36c0c86875919f4cdaf50f688d99d4aa00,hqs_finetuned,40.46669964223973,0.970610853975296,0.32068315404467285,0.0016552183078601956
hevc_BasketballDrive_f0000,HEVC_B,BasketballDrive,test,0.5,0.4998931884765625,0.0,2026,c867576f91620e1220f36cb50b3e92d2752f2eb84978a6391e3baa6ae040c44b,hqs,45.90017689490332,0.9900338105220795,0.3220149470726028,0.0013927883701398969
hevc_BasketballDrive_f0000,HEVC_B,BasketballDrive,test,0.5,0.4998931884765625,0.0,2026,c867576f91620e1220f36cb50b3e92d2752f2eb84978a6391e3baa6ae040c44b,hqs_round1,46.028259498116654,0.9898507776155472,0.3235625750385225,0.0019422421464696527
hevc_BasketballDrive_f0000,HEVC_B,BasketballDrive,test,0.5,0.4998931884765625,0.0,2026,c867576f91620e1220f36cb50b3e92d2752f2eb84978a6391e3baa6ae040c44b,hqs_finetuned,46.13731124547363,0.9898897921924591,0.319772950024344,0.0018292542081326246
hevc_BasketballDrive_f0000,HEVC_B,BasketballDrive,test,0.1,0.1001129150390625,0.01,2026,beac6652583eac2478fd28dade8028947e5c5b4eebf7321e3e3dbf9a35012d4a,hqs,34.34248559072624,0.9110043008933068,0.3347827970283106,0.0016670981422066689
hevc_BasketballDrive_f0000,HEVC_B,BasketballDrive,test,0.1,0.1001129150390625,0.01,2026,beac6652583eac2478fd28dade8028947e5c5b4eebf7321e3e3dbf9a35012d4a,hqs_round1,34.44192457390589,0.9117491973109245,0.32200574898160994,0.0018376425141468644
hevc_BasketballDrive_f0000,HEVC_B,BasketballDrive,test,0.1,0.1001129150390625,0.01,2026,beac6652583eac2478fd28dade8028947e5c5b4eebf7321e3e3dbf9a35012d4a,hqs_finetuned,34.502664505647914,0.9130586143355369,0.3225568850757554,0.003907064441591501
hevc_BasketballDrive_f0000,HEVC_B,BasketballDrive,test,0.1,0.1001129150390625,0.01,2027,44d175c23f370dadd8ce953c65e3c1dbfa45076008cb522e037caea37702fae3,hqs,34.26191832401915,0.9104663663563728,0.3210751001024619,0.0017167080659419298
hevc_BasketballDrive_f0000,HEVC_B,BasketballDrive,test,0.1,0.1001129150390625,0.01,2027,44d175c23f370dadd8ce953c65e3c1dbfa45076008cb522e037caea37702fae3,hqs_round1,34.378285917560035,0.9111669858801364,0.3188310139812529,0.0018805945292115211
hevc_BasketballDrive_f0000,HEVC_B,BasketballDrive,test,0.1,0.1001129150390625,0.01,2027,44d175c23f370dadd8ce953c65e3c1dbfa45076008cb522e037caea37702fae3,hqs_finetuned,34.50536543105886,0.9136215820369721,0.3240671860985458,0.0037136529572308064
hevc_BasketballDrive_f0000,HEVC_B,BasketballDrive,test,0.1,0.1001129150390625,0.01,2028,0157b8ee6634e13c686772e63295612ff52796b071ec1f67d4ee0b759bcdfbee,hqs,34.329299911147075,0.912042490439415,0.32069248391781,0.0017234755214303732
hevc_BasketballDrive_f0000,HEVC_B,BasketballDrive,test,0.1,0.1001129150390625,0.01,2028,0157b8ee6634e13c686772e63295612ff52796b071ec1f67d4ee0b759bcdfbee,hqs_round1,34.463678094846664,0.9125479652628898,0.3214750640327111,0.0018128635128960013
hevc_BasketballDrive_f0000,HEVC_B,BasketballDrive,test,0.1,0.1001129150390625,0.01,2028,0157b8ee6634e13c686772e63295612ff52796b071ec1f67d4ee0b759bcdfbee,hqs_finetuned,34.514122534742604,0.9129302653203011,0.32377726095728576,0.0035854000598192215
hevc_BasketballDrive_f0000,HEVC_B,BasketballDrive,test,0.1,0.1001129150390625,0.05,2026,7bf3ae606b8210d7a1f757ff7cf86a2d0a5b62f089f0abcfe6c3fdb900cdc833,hqs,29.037931527744185,0.7183501603171359,0.32420881907455623,0.001449092524126172
hevc_BasketballDrive_f0000,HEVC_B,BasketballDrive,test,0.1,0.1001129150390625,0.05,2026,7bf3ae606b8210d7a1f757ff7cf86a2d0a5b62f089f0abcfe6c3fdb900cdc833,hqs_round1,28.96933121931474,0.7195130869421438,0.3219167949864641,0.0013033418217673898
hevc_BasketballDrive_f0000,HEVC_B,BasketballDrive,test,0.1,0.1001129150390625,0.05,2026,7bf3ae606b8210d7a1f757ff7cf86a2d0a5b62f089f0abcfe6c3fdb900cdc833,hqs_finetuned,31.293284708741634,0.8462577642829419,0.3205851510865614,0.03657808527350426
hevc_BasketballDrive_f0000,HEVC_B,BasketballDrive,test,0.1,0.1001129150390625,0.05,2027,8f02f81f6a7e19fb9b67f3526400301ef01c0d8c5168375734d3c7dbe9cccec9,hqs,28.989555240500046,0.7096308503885567,0.32543068402446806,0.0014697526348754764
hevc_BasketballDrive_f0000,HEVC_B,BasketballDrive,test,0.1,0.1001129150390625,0.05,2027,8f02f81f6a7e19fb9b67f3526400301ef01c0d8c5168375734d3c7dbe9cccec9,hqs_round1,28.958862214031495,0.711228550294906,0.3260327070020139,0.0013306171167641878
hevc_BasketballDrive_f0000,HEVC_B,BasketballDrive,test,0.1,0.1001129150390625,0.05,2027,8f02f81f6a7e19fb9b67f3526400301ef01c0d8c5168375734d3c7dbe9cccec9,hqs_finetuned,31.30759412521718,0.8453904860732593,0.3219133979873732,0.038820188492536545
hevc_BasketballDrive_f0000,HEVC_B,BasketballDrive,test,0.1,0.1001129150390625,0.05,2028,78e12100dedbb7cc0b947e3621443d43fc548a916b316844cefcca74e3b87733,hqs,29.069750471957803,0.7140848604844212,0.32461973500903696,0.0013766564661636949
hevc_BasketballDrive_f0000,HEVC_B,BasketballDrive,test,0.1,0.1001129150390625,0.05,2028,78e12100dedbb7cc0b947e3621443d43fc548a916b316844cefcca74e3b87733,hqs_round1,29.05435690640629,0.7156329590994864,0.3182399779325351,0.0012639224296435714
hevc_BasketballDrive_f0000,HEVC_B,BasketballDrive,test,0.1,0.1001129150390625,0.05,2028,78e12100dedbb7cc0b947e3621443d43fc548a916b316844cefcca74e3b87733,hqs_finetuned,31.24438393783239,0.8441987769165207,0.3232515669660643,0.036320850253105164
hevc_BasketballDrive_f0167,HEVC_B,BasketballDrive,test,0.01,0.01031494140625,0.0,2026,0d79724fe53cf3173ae3400087379b8b08517bedfd3806f40f64451185023d43,hqs,23.960200260440065,0.5871234498954504,0.32318906497675925,0.004389570094645023
hevc_BasketballDrive_f0167,HEVC_B,BasketballDrive,test,0.01,0.01031494140625,0.0,2026,0d79724fe53cf3173ae3400087379b8b08517bedfd3806f40f64451185023d43,hqs_round1,23.936055784095277,0.58605606711124,0.31970705289859325,0.004093616269528866
hevc_BasketballDrive_f0167,HEVC_B,BasketballDrive,test,0.01,0.01031494140625,0.0,2026,0d79724fe53cf3173ae3400087379b8b08517bedfd3806f40f64451185023d43,hqs_finetuned,24.049814944492034,0.5921695985063969,0.3230342019814998,0.004929449874907732
hevc_BasketballDrive_f0167,HEVC_B,BasketballDrive,test,0.04,0.041259765625,0.0,2026,3222cbdd99905cb3e33fceab8229d3b8ab5ee4b4ae0bed5525c66c9d2e21a364,hqs,28.138556302209963,0.7817806305695698,0.3217041780008003,0.0035865292884409428
hevc_BasketballDrive_f0167,HEVC_B,BasketballDrive,test,0.04,0.041259765625,0.0,2026,3222cbdd99905cb3e33fceab8229d3b8ab5ee4b4ae0bed5525c66c9d2e21a364,hqs_round1,28.20894873596089,0.7834412428263166,0.31753471097908914,0.0034699500538408756
hevc_BasketballDrive_f0167,HEVC_B,BasketballDrive,test,0.04,0.041259765625,0.0,2026,3222cbdd99905cb3e33fceab8229d3b8ab5ee4b4ae0bed5525c66c9d2e21a364,hqs_finetuned,28.17124033671405,0.7840909406865537,0.3230118310311809,0.004254347179085016
hevc_BasketballDrive_f0167,HEVC_B,BasketballDrive,test,0.1,0.1001129150390625,0.0,2026,794cfde4094a3636cf21f66c4810c6bfaa97c39c5ac8ec9a2b5cae85fc486ec8,hqs,30.938622407879595,0.8692384831237793,0.3190042399801314,0.0026051118038594723
hevc_BasketballDrive_f0167,HEVC_B,BasketballDrive,test,0.1,0.1001129150390625,0.0,2026,794cfde4094a3636cf21f66c4810c6bfaa97c39c5ac8ec9a2b5cae85fc486ec8,hqs_round1,31.110818367150443,0.8706287200483084,0.32038839207962155,0.002815213752910495
hevc_BasketballDrive_f0167,HEVC_B,BasketballDrive,test,0.1,0.1001129150390625,0.0,2026,794cfde4094a3636cf21f66c4810c6bfaa97c39c5ac8ec9a2b5cae85fc486ec8,hqs_finetuned,31.138413748294553,0.8685723593866825,0.3206938439980149,0.004109612666070461
hevc_BasketballDrive_f0167,HEVC_B,BasketballDrive,test,0.25,0.25,0.0,2026,3fff7f9c140357f0944f59b63e644182ed251ca82f40d18a2cf2efc4c015c34e,hqs,35.36141255912176,0.9390864160556793,0.3216375639894977,0.001838228665292263
hevc_BasketballDrive_f0167,HEVC_B,BasketballDrive,test,0.25,0.25,0.0,2026,3fff7f9c140357f0944f59b63e644182ed251ca82f40d18a2cf2efc4c015c34e,hqs_round1,35.809425083350895,0.9425808442153931,0.32138113700784743,0.0021564962808042765
hevc_BasketballDrive_f0167,HEVC_B,BasketballDrive,test,0.25,0.25,0.0,2026,3fff7f9c140357f0944f59b63e644182ed251ca82f40d18a2cf2efc4c015c34e,hqs_finetuned,35.92374079730571,0.9410029067349434,0.32212879694998264,0.004114666022360325
hevc_BasketballDrive_f0167,HEVC_B,BasketballDrive,test,0.5,0.4998931884765625,0.0,2026,2bdb89add7567d473e15f589276c364c54d578948c144fcbb2bcfedfa8ab34a9,hqs,41.130176453028696,0.978020281200409,0.3271180000156164,0.0013427137164399028
hevc_BasketballDrive_f0167,HEVC_B,BasketballDrive,test,0.5,0.4998931884765625,0.0,2026,2bdb89add7567d473e15f589276c364c54d578948c144fcbb2bcfedfa8ab34a9,hqs_round1,41.626782007090675,0.979711564007759,0.31969530205242336,0.0018639396876096725
hevc_BasketballDrive_f0167,HEVC_B,BasketballDrive,test,0.5,0.4998931884765625,0.0,2026,2bdb89add7567d473e15f589276c364c54d578948c144fcbb2bcfedfa8ab34a9,hqs_finetuned,41.182069109738535,0.9760061995868683,0.3228029350284487,0.004154085647314787
hevc_BasketballDrive_f0167,HEVC_B,BasketballDrive,test,0.1,0.1001129150390625,0.01,2026,99761a3ca86e7ad0e458614e0ff45b4a1d68b3a549620ac04d76006ef6ac94f6,hqs,30.56832526075332,0.8572882290498018,0.3185294229770079,0.0024229122791439295
hevc_BasketballDrive_f0167,HEVC_B,BasketballDrive,test,0.1,0.1001129150390625,0.01,2026,99761a3ca86e7ad0e458614e0ff45b4a1d68b3a549620ac04d76006ef6ac94f6,hqs_round1,30.710393095356356,0.8585997200814486,0.31788920296821743,0.0025851966347545385
hevc_BasketballDrive_f0167,HEVC_B,BasketballDrive,test,0.1,0.1001129150390625,0.01,2026,99761a3ca86e7ad0e458614e0ff45b4a1d68b3a549620ac04d76006ef6ac94f6,hqs_finetuned,30.728691837562852,0.85613391114401,0.32236543798353523,0.004460277035832405
hevc_BasketballDrive_f0167,HEVC_B,BasketballDrive,test,0.1,0.1001129150390625,0.01,2027,30d77bbdcea4ee8543a8a3ab16cf5e52d18f466336bd48adece5a40eb210d8d4,hqs,30.558550964189447,0.8570463115526438,0.32228635798674077,0.0022369916550815105
hevc_BasketballDrive_f0167,HEVC_B,BasketballDrive,test,0.1,0.1001129150390625,0.01,2027,30d77bbdcea4ee8543a8a3ab16cf5e52d18f466336bd48adece5a40eb210d8d4,hqs_round1,30.71898797163129,0.859036814205885,0.32303955301176757,0.0024401796981692314
hevc_BasketballDrive_f0167,HEVC_B,BasketballDrive,test,0.1,0.1001129150390625,0.01,2027,30d77bbdcea4ee8543a8a3ab16cf5e52d18f466336bd48adece5a40eb210d8d4,hqs_finetuned,30.746842292950657,0.8577051377323865,0.32799512695055455,0.004357016179710627
hevc_BasketballDrive_f0167,HEVC_B,BasketballDrive,test,0.1,0.1001129150390625,0.01,2028,3577d8ae659a562f7f98da45569817d639fbb03204206bfa9bde57c7545d7126,hqs,30.6458734105896,0.8585196925758123,0.32393866300117224,0.0023685030173510313
hevc_BasketballDrive_f0167,HEVC_B,BasketballDrive,test,0.1,0.1001129150390625,0.01,2028,3577d8ae659a562f7f98da45569817d639fbb03204206bfa9bde57c7545d7126,hqs_round1,30.8166433732943,0.8606214945483208,0.3302048819605261,0.0025660826358944178
hevc_BasketballDrive_f0167,HEVC_B,BasketballDrive,test,0.1,0.1001129150390625,0.01,2028,3577d8ae659a562f7f98da45569817d639fbb03204206bfa9bde57c7545d7126,hqs_finetuned,30.850088466815993,0.859549654895544,0.3191878069192171,0.004950602073222399
hevc_BasketballDrive_f0167,HEVC_B,BasketballDrive,test,0.1,0.1001129150390625,0.05,2026,2b61cbfe1f034b614b6ec35b75a94f608ccdae0e32a9e07be1902df4a97d87f5,hqs,27.13979020665551,0.6853443457155516,0.3224645850714296,0.0019156222697347403
hevc_BasketballDrive_f0167,HEVC_B,BasketballDrive,test,0.1,0.1001129150390625,0.05,2026,2b61cbfe1f034b614b6ec35b75a94f608ccdae0e32a9e07be1902df4a97d87f5,hqs_round1,27.14957748508511,0.6873781680204666,0.3231471700128168,0.0016663398128002882
hevc_BasketballDrive_f0167,HEVC_B,BasketballDrive,test,0.1,0.1001129150390625,0.05,2026,2b61cbfe1f034b614b6ec35b75a94f608ccdae0e32a9e07be1902df4a97d87f5,hqs_finetuned,28.35605773886524,0.7837611643778496,0.3215588229941204,0.03719661012291908
hevc_BasketballDrive_f0167,HEVC_B,BasketballDrive,test,0.1,0.1001129150390625,0.05,2027,ac997c52b35328678b28707b667c767d3aa9c294bb48a8cc6a2cd4b220f95ada,hqs,27.181920648403043,0.6879980622032094,0.32433305005542934,0.001780588529072702
hevc_BasketballDrive_f0167,HEVC_B,BasketballDrive,test,0.1,0.1001129150390625,0.05,2027,ac997c52b35328678b28707b667c767d3aa9c294bb48a8cc6a2cd4b220f95ada,hqs_round1,27.180964331741407,0.6898791661763956,0.3197551219491288,0.0015987611841410398
hevc_BasketballDrive_f0167,HEVC_B,BasketballDrive,test,0.1,0.1001129150390625,0.05,2027,ac997c52b35328678b28707b667c767d3aa9c294bb48a8cc6a2cd4b220f95ada,hqs_finetuned,28.35304137091913,0.7827386359415054,0.31803021603263915,0.037654366344213486
hevc_BasketballDrive_f0167,HEVC_B,BasketballDrive,test,0.1,0.1001129150390625,0.05,2028,4910b48a3df157ac8e4af88fb03fe9e761ca901ba47da8b1773b087ca0f91d3a,hqs,27.23560080984071,0.6862096720505617,0.3223012979142368,0.001886106445454061
hevc_BasketballDrive_f0167,HEVC_B,BasketballDrive,test,0.1,0.1001129150390625,0.05,2028,4910b48a3df157ac8e4af88fb03fe9e761ca901ba47da8b1773b087ca0f91d3a,hqs_round1,27.26919752853194,0.6879145789860189,0.3255192030919716,0.001670326106250286
hevc_BasketballDrive_f0167,HEVC_B,BasketballDrive,test,0.1,0.1001129150390625,0.05,2028,4910b48a3df157ac8e4af88fb03fe9e761ca901ba47da8b1773b087ca0f91d3a,hqs_finetuned,28.42328698518143,0.7842811616687775,0.32344627496786416,0.03895880654454231
hevc_BasketballDrive_f0334,HEVC_B,BasketballDrive,test,0.01,0.01031494140625,0.0,2026,b10a5d66dee8440bde52c9d019dfc0f05c61bd3375b5f5bdb09f41163cbce03e,hqs,23.248964529730213,0.6161966989774159,0.3212618400575593,0.005088051315397024
hevc_BasketballDrive_f0334,HEVC_B,BasketballDrive,test,0.01,0.01031494140625,0.0,2026,b10a5d66dee8440bde52c9d019dfc0f05c61bd3375b5f5bdb09f41163cbce03e,hqs_round1,23.275127545317282,0.6171808370578239,0.3211822439916432,0.0044851102866232395
hevc_BasketballDrive_f0334,HEVC_B,BasketballDrive,test,0.01,0.01031494140625,0.0,2026,b10a5d66dee8440bde52c9d019dfc0f05c61bd3375b5f5bdb09f41163cbce03e,hqs_finetuned,23.394137647633467,0.6246099445714394,0.326053214026615,0.006378829013556242
hevc_BasketballDrive_f0334,HEVC_B,BasketballDrive,test,0.04,0.041259765625,0.0,2026,002908c453b02759ed9d6e8891228222ed74c6d095127b4fb89d73025eaf2293,hqs,28.50650467570272,0.8288850647148341,0.3280702669871971,0.004978402052074671
hevc_BasketballDrive_f0334,HEVC_B,BasketballDrive,test,0.04,0.041259765625,0.0,2026,002908c453b02759ed9d6e8891228222ed74c6d095127b4fb89d73025eaf2293,hqs_round1,28.61206320842517,0.8312466806528941,0.31790848600212485,0.004731142893433571
hevc_BasketballDrive_f0334,HEVC_B,BasketballDrive,test,0.04,0.041259765625,0.0,2026,002908c453b02759ed9d6e8891228222ed74c6d095127b4fb89d73025eaf2293,hqs_finetuned,28.659868481050562,0.8310068753961315,0.32169873593375087,0.0052417912520468235
hevc_BasketballDrive_f0334,HEVC_B,BasketballDrive,test,0.1,0.1001129150390625,0.0,2026,c1c421b074bcfefa90614627f75729c093e6800bb409b4ae70a4897c90505f56,hqs,32.344630608045804,0.915515642162323,0.3326114790979773,0.0030811161268502474
hevc_BasketballDrive_f0334,HEVC_B,BasketballDrive,test,0.1,0.1001129150390625,0.0,2026,c1c421b074bcfefa90614627f75729c093e6800bb409b4ae70a4897c90505f56,hqs_round1,32.518144519401424,0.9166347409322262,0.32170299300923944,0.0030187119264155626
hevc_BasketballDrive_f0334,HEVC_B,BasketballDrive,test,0.1,0.1001129150390625,0.0,2026,c1c421b074bcfefa90614627f75729c093e6800bb409b4ae70a4897c90505f56,hqs_finetuned,32.661427978575375,0.9166136623400449,0.3214210909791291,0.003485169494524598
hevc_BasketballDrive_f0334,HEVC_B,BasketballDrive,test,0.25,0.25,0.0,2026,1831ab3bfe62a4686f64e5c89b39ec5c50560ad8dc161db0443328157f7dcdbe,hqs,38.248301780932835,0.9680826048855782,0.3235341110266745,0.001875191810540855
hevc_BasketballDrive_f0334,HEVC_B,BasketballDrive,test,0.25,0.25,0.0,2026,1831ab3bfe62a4686f64e5c89b39ec5c50560ad8dc161db0443328157f7dcdbe,hqs_round1,38.67868859200633,0.9697636177139283,0.32202245492953807,0.002192821353673935
hevc_BasketballDrive_f0334,HEVC_B,BasketballDrive,test,0.25,0.25,0.0,2026,1831ab3bfe62a4686f64e5c89b39ec5c50560ad8dc161db0443328157f7dcdbe,hqs_finetuned,38.748069898514586,0.9700472326045037,0.32399327296298,0.0022050465922802687
hevc_BasketballDrive_f0334,HEVC_B,BasketballDrive,test,0.5,0.4998931884765625,0.0,2026,0440baaaaf2fca65139b8dd17faeba1ae28bacccb41f34e28a7be0df0f899e8e,hqs,45.11567453495058,0.9918207310857773,0.3316806460497901,0.0013030230766162276
hevc_BasketballDrive_f0334,HEVC_B,BasketballDrive,test,0.5,0.4998931884765625,0.0,2026,0440baaaaf2fca65139b8dd17faeba1ae28bacccb41f34e28a7be0df0f899e8e,hqs_round1,45.45298386164819,0.9923049733304977,0.32106298592407256,0.002030777744948864
hevc_BasketballDrive_f0334,HEVC_B,BasketballDrive,test,0.5,0.4998931884765625,0.0,2026,0440baaaaf2fca65139b8dd17faeba1ae28bacccb41f34e28a7be0df0f899e8e,hqs_finetuned,45.5101907374691,0.9923223808860778,0.32427263900171965,0.0015917065320536494
hevc_BasketballDrive_f0334,HEVC_B,BasketballDrive,test,0.1,0.1001129150390625,0.01,2026,e668ad51677963f65a5c0c6ae1110885815f179911a24dd8909eea427bb352a9,hqs,32.01317648722612,0.9066951313583851,0.3214170429855585,0.0028309321496635675
hevc_BasketballDrive_f0334,HEVC_B,BasketballDrive,test,0.1,0.1001129150390625,0.01,2026,e668ad51677963f65a5c0c6ae1110885815f179911a24dd8909eea427bb352a9,hqs_round1,31.975897852860946,0.9073598688099385,0.31999482691753656,0.0029629420023411512
hevc_BasketballDrive_f0334,HEVC_B,BasketballDrive,test,0.1,0.1001129150390625,0.01,2026,e668ad51677963f65a5c0c6ae1110885815f179911a24dd8909eea427bb352a9,hqs_finetuned,32.17396635216443,0.9086968558938503,0.32277598103974015,0.004273727536201477
hevc_BasketballDrive_f0334,HEVC_B,BasketballDrive,test,0.1,0.1001129150390625,0.01,2027,40e7231216160bb5438f1dbed5e98716c33380ae4a5840aa1d8444276564c8a6,hqs,31.913402262694586,0.9069688171997015,0.32280475297011435,0.0028788952622562647
hevc_BasketballDrive_f0334,HEVC_B,BasketballDrive,test,0.1,0.1001129150390625,0.01,2027,40e7231216160bb5438f1dbed5e98716c33380ae4a5840aa1d8444276564c8a6,hqs_round1,32.069821256878505,0.9082789078781903,0.32845079398248345,0.002947632223367691
hevc_BasketballDrive_f0334,HEVC_B,BasketballDrive,test,0.1,0.1001129150390625,0.01,2027,40e7231216160bb5438f1dbed5e98716c33380ae4a5840aa1d8444276564c8a6,hqs_finetuned,32.207175471273416,0.9091871586335302,0.3239587160060182,0.0038605607114732265
hevc_BasketballDrive_f0334,HEVC_B,BasketballDrive,test,0.1,0.1001129150390625,0.01,2028,79bc53b7feb1c53ed6b64d0e5a809d4eeaf151e6fff04fd94b0fec13d821bc0c,hqs,31.97924346701649,0.9059830420089587,0.3226685110712424,0.002794280182570219
hevc_BasketballDrive_f0334,HEVC_B,BasketballDrive,test,0.1,0.1001129150390625,0.01,2028,79bc53b7feb1c53ed6b64d0e5a809d4eeaf151e6fff04fd94b0fec13d821bc0c,hqs_round1,32.03748418649615,0.907045454947751,0.32200605899561197,0.002896518213674426
hevc_BasketballDrive_f0334,HEVC_B,BasketballDrive,test,0.1,0.1001129150390625,0.01,2028,79bc53b7feb1c53ed6b64d0e5a809d4eeaf151e6fff04fd94b0fec13d821bc0c,hqs_finetuned,32.14660020158835,0.9080287488421547,0.32096924900542945,0.004333940334618092
hevc_BasketballDrive_f0334,HEVC_B,BasketballDrive,test,0.1,0.1001129150390625,0.05,2026,202a5aebba743c8153e4c028c70f6a1a94db679bf7db84ea2693943c8fa6d89f,hqs,28.0637140488021,0.7475164917780608,0.3255487179849297,0.002618164522573352
hevc_BasketballDrive_f0334,HEVC_B,BasketballDrive,test,0.1,0.1001129150390625,0.05,2026,202a5aebba743c8153e4c028c70f6a1a94db679bf7db84ea2693943c8fa6d89f,hqs_round1,27.98343237288938,0.7503536975236536,0.32242166600190103,0.002102541271597147
hevc_BasketballDrive_f0334,HEVC_B,BasketballDrive,test,0.1,0.1001129150390625,0.05,2026,202a5aebba743c8153e4c028c70f6a1a94db679bf7db84ea2693943c8fa6d89f,hqs_finetuned,29.32408515186559,0.8377204287236929,0.3193516299361363,0.034235015511512756
hevc_BasketballDrive_f0334,HEVC_B,BasketballDrive,test,0.1,0.1001129150390625,0.05,2027,68887760034972924696a8df52c73d82107e24343a85e67bbf290e732b419b10,hqs,28.208921966464175,0.7600950202930048,0.32356686401180923,0.002728863386437297
hevc_BasketballDrive_f0334,HEVC_B,BasketballDrive,test,0.1,0.1001129150390625,0.05,2027,68887760034972924696a8df52c73d82107e24343a85e67bbf290e732b419b10,hqs_round1,28.15949420214495,0.7630610393428281,0.3214468670776114,0.002234412357211113
hevc_BasketballDrive_f0334,HEVC_B,BasketballDrive,test,0.1,0.1001129150390625,0.05,2027,68887760034972924696a8df52c73d82107e24343a85e67bbf290e732b419b10,hqs_finetuned,29.37407909558398,0.8405219804446697,0.32698491401970387,0.03310346603393555
hevc_BasketballDrive_f0334,HEVC_B,BasketballDrive,test,0.1,0.1001129150390625,0.05,2028,2e041e355cb6feff92f35fb8dc459a1adebc4a98d94e170299f945d5ef1cb7c1,hqs,28.096320393832972,0.7482624081231085,0.32355576602276415,0.0029949308373034
hevc_BasketballDrive_f0334,HEVC_B,BasketballDrive,test,0.1,0.1001129150390625,0.05,2028,2e041e355cb6feff92f35fb8dc459a1adebc4a98d94e170299f945d5ef1cb7c1,hqs_round1,28.068778557499012,0.7511829428837746,0.3241740119410679,0.0023270398378372192
hevc_BasketballDrive_f0334,HEVC_B,BasketballDrive,test,0.1,0.1001129150390625,0.05,2028,2e041e355cb6feff92f35fb8dc459a1adebc4a98d94e170299f945d5ef1cb7c1,hqs_finetuned,29.383314092575876,0.8381606853135973,0.32355688500683755,0.03565934672951698
hevc_Cactus_f0000,HEVC_B,Cactus,test,0.01,0.01031494140625,0.0,2026,bf823b9030acd5df21f5b1cd3d63d526e51c5761f6e46da9c0db7a9502ff8d34,hqs,22.28059127682148,0.47863000757576873,0.326324637979269,0.003029752057045698
hevc_Cactus_f0000,HEVC_B,Cactus,test,0.01,0.01031494140625,0.0,2026,bf823b9030acd5df21f5b1cd3d63d526e51c5761f6e46da9c0db7a9502ff8d34,hqs_round1,22.300584792383418,0.47992609088757765,0.3219029370229691,0.0027053621597588062
hevc_Cactus_f0000,HEVC_B,Cactus,test,0.01,0.01031494140625,0.0,2026,bf823b9030acd5df21f5b1cd3d63d526e51c5761f6e46da9c0db7a9502ff8d34,hqs_finetuned,22.34231366095273,0.48317344430519316,0.3190615229541436,0.009707790799438953
hevc_Cactus_f0000,HEVC_B,Cactus,test,0.04,0.041259765625,0.0,2026,08459f356c49f0a07250307151001404cca282f187444b63d9ef922bd7a57d24,hqs,25.90636232961068,0.7110494533843491,0.3232099930755794,0.003224832471460104
hevc_Cactus_f0000,HEVC_B,Cactus,test,0.04,0.041259765625,0.0,2026,08459f356c49f0a07250307151001404cca282f187444b63d9ef922bd7a57d24,hqs_round1,25.939765368640586,0.7120740900688544,0.31903958204202354,0.002950161462649703
hevc_Cactus_f0000,HEVC_B,Cactus,test,0.04,0.041259765625,0.0,2026,08459f356c49f0a07250307151001404cca282f187444b63d9ef922bd7a57d24,hqs_finetuned,25.986346091537346,0.713354813421681,0.3192134330747649,0.0035220449790358543
hevc_Cactus_f0000,HEVC_B,Cactus,test,0.1,0.1001129150390625,0.0,2026,5f4b3097f2dc36507ba5d0a054164ac546cd4ffb8584d140da664bd8297de513,hqs,29.070006312032852,0.8497454054756165,0.3289360429625958,0.003144683549180627
hevc_Cactus_f0000,HEVC_B,Cactus,test,0.1,0.1001129150390625,0.0,2026,5f4b3097f2dc36507ba5d0a054164ac546cd4ffb8584d140da664bd8297de513,hqs_round1,29.185428122515855,0.8517108843121529,0.317432924057357,0.0032869887072592974
hevc_Cactus_f0000,HEVC_B,Cactus,test,0.1,0.1001129150390625,0.0,2026,5f4b3097f2dc36507ba5d0a054164ac546cd4ffb8584d140da664bd8297de513,hqs_finetuned,29.229560409946433,0.8531575526754857,0.31963293498847634,0.0031223613768815994
hevc_Cactus_f0000,HEVC_B,Cactus,test,0.25,0.25,0.0,2026,14113ecd96eafb2a29d00d2f54a45ef2b18603d2be255f7ca643f7bb98669c51,hqs,33.83361369532635,0.9451101089191437,0.3253823140403256,0.0026375006418675184
hevc_Cactus_f0000,HEVC_B,Cactus,test,0.25,0.25,0.0,2026,14113ecd96eafb2a29d00d2f54a45ef2b18603d2be255f7ca643f7bb98669c51,hqs_round1,34.023110246577204,0.9468313701815605,0.31842428003437817,0.0030714613385498524
hevc_Cactus_f0000,HEVC_B,Cactus,test,0.25,0.25,0.0,2026,14113ecd96eafb2a29d00d2f54a45ef2b18603d2be255f7ca643f7bb98669c51,hqs_finetuned,34.0912456163461,0.9472375629177093,0.3221069269347936,0.0031308734323829412
hevc_Cactus_f0000,HEVC_B,Cactus,test,0.5,0.4998931884765625,0.0,2026,8e26cd35dbeec630b48be306a25649f5f87ff6134ea0bd57cced57c0bd273404,hqs,39.73499689693579,0.9833196380672455,0.3228536091046408,0.0018771113827824593
hevc_Cactus_f0000,HEVC_B,Cactus,test,0.5,0.4998931884765625,0.0,2026,8e26cd35dbeec630b48be306a25649f5f87ff6134ea0bd57cced57c0bd273404,hqs_round1,40.016899716520555,0.984084944940567,0.3195483509916812,0.0023870926816016436
hevc_Cactus_f0000,HEVC_B,Cactus,test,0.5,0.4998931884765625,0.0,2026,8e26cd35dbeec630b48be306a25649f5f87ff6134ea0bd57cced57c0bd273404,hqs_finetuned,40.06859782456749,0.9841424156837464,0.32272320694755763,0.002467517042532563
hevc_Cactus_f0000,HEVC_B,Cactus,test,0.1,0.1001129150390625,0.01,2026,c23f005401f658fec6b90dc8d3689ff439274b0c5c2ca99a93c335c9c2eb4dd8,hqs,28.91946965942752,0.8443233790524006,0.3260855400003493,0.003036507638171315
hevc_Cactus_f0000,HEVC_B,Cactus,test,0.1,0.1001129150390625,0.01,2026,c23f005401f658fec6b90dc8d3689ff439274b0c5c2ca99a93c335c9c2eb4dd8,hqs_round1,28.992728854104755,0.845649503554821,0.3213423489360139,0.0030770597513765097
hevc_Cactus_f0000,HEVC_B,Cactus,test,0.1,0.1001129150390625,0.01,2026,c23f005401f658fec6b90dc8d3689ff439274b0c5c2ca99a93c335c9c2eb4dd8,hqs_finetuned,29.02308510318148,0.8466466423077583,0.32185707695316523,0.0030579720623791218
hevc_Cactus_f0000,HEVC_B,Cactus,test,0.1,0.1001129150390625,0.01,2027,e26a17f4929e22e174b732cfe614ecec288853d1240da8e9f0b29ac7bd313bb3,hqs,28.94383678648967,0.8454839824945927,0.3239890659460798,0.0030833056662231684
hevc_Cactus_f0000,HEVC_B,Cactus,test,0.1,0.1001129150390625,0.01,2027,e26a17f4929e22e174b732cfe614ecec288853d1240da8e9f0b29ac7bd313bb3,hqs_round1,29.021235418745537,0.8469365689942837,0.3206624840386212,0.003204762004315853
hevc_Cactus_f0000,HEVC_B,Cactus,test,0.1,0.1001129150390625,0.01,2027,e26a17f4929e22e174b732cfe614ecec288853d1240da8e9f0b29ac7bd313bb3,hqs_finetuned,29.068366603609444,0.8482934741177559,0.3281293330946937,0.003136069281026721
hevc_Cactus_f0000,HEVC_B,Cactus,test,0.1,0.1001129150390625,0.01,2028,8a7a32ff5fc1e0a78e71cbf0a8d6b740bbb6f2d708f7cc2ac63dc2d2517333b5,hqs,28.950060400261396,0.8447857903952598,0.3225726910168305,0.0030059381388127804
hevc_Cactus_f0000,HEVC_B,Cactus,test,0.1,0.1001129150390625,0.01,2028,8a7a32ff5fc1e0a78e71cbf0a8d6b740bbb6f2d708f7cc2ac63dc2d2517333b5,hqs_round1,29.032332915552743,0.846246628594637,0.31922447902616113,0.0031036236323416233
hevc_Cactus_f0000,HEVC_B,Cactus,test,0.1,0.1001129150390625,0.01,2028,8a7a32ff5fc1e0a78e71cbf0a8d6b740bbb6f2d708f7cc2ac63dc2d2517333b5,hqs_finetuned,29.083898298825094,0.8477631191010475,0.320597497979179,0.003144016256555915
hevc_Cactus_f0000,HEVC_B,Cactus,test,0.1,0.1001129150390625,0.05,2026,19107e0c6a9973d751e77288c4bba391944844b09ce132901ca925ce1e2c3b28,hqs,26.978270697906094,0.7577455593936443,0.32772645191289485,0.002768906531855464
hevc_Cactus_f0000,HEVC_B,Cactus,test,0.1,0.1001129150390625,0.05,2026,19107e0c6a9973d751e77288c4bba391944844b09ce132901ca925ce1e2c3b28,hqs_round1,26.94819469842946,0.7589002075312138,0.3173855879576877,0.0023892216850072145
hevc_Cactus_f0000,HEVC_B,Cactus,test,0.1,0.1001129150390625,0.05,2026,19107e0c6a9973d751e77288c4bba391944844b09ce132901ca925ce1e2c3b28,hqs_finetuned,27.3533282841643,0.7792219444013834,0.3206017230404541,0.022043311968445778
hevc_Cactus_f0000,HEVC_B,Cactus,test,0.1,0.1001129150390625,0.05,2027,e1aaca8ba46eef73cf05390ea5ff80a2c75857e1601dee0dec14b060f8782be8,hqs,27.003946877491053,0.75684050407698,0.3228302039206028,0.002593926154077053
hevc_Cactus_f0000,HEVC_B,Cactus,test,0.1,0.1001129150390625,0.05,2027,e1aaca8ba46eef73cf05390ea5ff80a2c75857e1601dee0dec14b060f8782be8,hqs_round1,27.00027778976521,0.7588536738657207,0.32496321096550673,0.0023182425647974014
hevc_Cactus_f0000,HEVC_B,Cactus,test,0.1,0.1001129150390625,0.05,2027,e1aaca8ba46eef73cf05390ea5ff80a2c75857e1601dee0dec14b060f8782be8,hqs_finetuned,27.367085900965506,0.7796121656174511,0.32225652097258717,0.021590007469058037
hevc_Cactus_f0000,HEVC_B,Cactus,test,0.1,0.1001129150390625,0.05,2028,4a3383d7792fc1506f33abbfca62a4ffb51b8b1c4a6a7b52cb0e5e393f0ef8ad,hqs,26.9987174785781,0.7554540905733108,0.326764902099967,0.0030587976798415184
hevc_Cactus_f0000,HEVC_B,Cactus,test,0.1,0.1001129150390625,0.05,2028,4a3383d7792fc1506f33abbfca62a4ffb51b8b1c4a6a7b52cb0e5e393f0ef8ad,hqs_round1,27.00078139886007,0.7576738685915172,0.32513704895973206,0.002751742023974657
hevc_Cactus_f0000,HEVC_B,Cactus,test,0.1,0.1001129150390625,0.05,2028,4a3383d7792fc1506f33abbfca62a4ffb51b8b1c4a6a7b52cb0e5e393f0ef8ad,hqs_finetuned,27.419929702910363,0.7808130960514545,0.3235289170406759,0.024249982088804245
hevc_Cactus_f0166,HEVC_B,Cactus,test,0.01,0.01031494140625,0.0,2026,900542e7f88691e661a6854757b4c06c6dc61e15f22758832c12eee5e869cfbe,hqs,22.058639684368263,0.5048531809480874,0.3225384900579229,0.0035120141692459583
hevc_Cactus_f0166,HEVC_B,Cactus,test,0.01,0.01031494140625,0.0,2026,900542e7f88691e661a6854757b4c06c6dc61e15f22758832c12eee5e869cfbe,hqs_round1,22.047027038632546,0.5045144877435481,0.31996150501072407,0.003010499058291316
hevc_Cactus_f0166,HEVC_B,Cactus,test,0.01,0.01031494140625,0.0,2026,900542e7f88691e661a6854757b4c06c6dc61e15f22758832c12eee5e869cfbe,hqs_finetuned,22.121297356303703,0.5110096667276846,0.3223305840510875,0.007449005730450153
hevc_Cactus_f0166,HEVC_B,Cactus,test,0.04,0.041259765625,0.0,2026,2f44fc13179ab4f949bc7414b44360dbf0662277af7ae2120bbac1ac1dbbf327,hqs,26.087529945411237,0.7462347541911304,0.32523533899802715,0.0037008924409747124
hevc_Cactus_f0166,HEVC_B,Cactus,test,0.04,0.041259765625,0.0,2026,2f44fc13179ab4f949bc7414b44360dbf0662277af7ae2120bbac1ac1dbbf327,hqs_round1,26.118025609031395,0.7468944608339966,0.3212310840608552,0.003419403685256839
hevc_Cactus_f0166,HEVC_B,Cactus,test,0.04,0.041259765625,0.0,2026,2f44fc13179ab4f949bc7414b44360dbf0662277af7ae2120bbac1ac1dbbf327,hqs_finetuned,26.09447481278395,0.7457016860728599,0.3203399480553344,0.002989470725879073
hevc_Cactus_f0166,HEVC_B,Cactus,test,0.1,0.1001129150390625,0.0,2026,2f48634e5c6a8f049d700ccdacc45afd55d18ac391c6e2a0fbb6da59ed6dd764,hqs,29.543563248402442,0.8754470901367665,0.32419068994931877,0.0035617367830127478
hevc_Cactus_f0166,HEVC_B,Cactus,test,0.1,0.1001129150390625,0.0,2026,2f48634e5c6a8f049d700ccdacc45afd55d18ac391c6e2a0fbb6da59ed6dd764,hqs_round1,29.69956703326745,0.8772875679206849,0.32015676505398005,0.00370857585221529
hevc_Cactus_f0166,HEVC_B,Cactus,test,0.1,0.1001129150390625,0.0,2026,2f48634e5c6a8f049d700ccdacc45afd55d18ac391c6e2a0fbb6da59ed6dd764,hqs_finetuned,29.727489401930146,0.8783082160398961,0.3183194110170007,0.0030513484962284565
hevc_Cactus_f0166,HEVC_B,Cactus,test,0.25,0.25,0.0,2026,cc77bf0b0f5486eb89b464faa1cc03620a63702d32ebd5b02bca5f996904a0f4,hqs,34.754695475228125,0.9571638359737397,0.3211642690002918,0.0024829779285937548
hevc_Cactus_f0166,HEVC_B,Cactus,test,0.25,0.25,0.0,2026,cc77bf0b0f5486eb89b464faa1cc03620a63702d32ebd5b02bca5f996904a0f4,hqs_round1,34.923696005811195,0.9580030993232727,0.32097772997803986,0.0027758199721574783
hevc_Cactus_f0166,HEVC_B,Cactus,test,0.25,0.25,0.0,2026,cc77bf0b0f5486eb89b464faa1cc03620a63702d32ebd5b02bca5f996904a0f4,hqs_finetuned,35.03660403220079,0.9587306892223358,0.31938668503426015,0.0025299882981926203
hevc_Cactus_f0166,HEVC_B,Cactus,test,0.5,0.4998931884765625,0.0,2026,a3d3ed44725cc4d2181df4682eb071050d460e4a06ad4babf9c4ba744cbfa130,hqs,40.50703165422544,0.9864253109455109,0.3253771540476009,0.0017355007585138083
hevc_Cactus_f0166,HEVC_B,Cactus,test,0.5,0.4998931884765625,0.0,2026,a3d3ed44725cc4d2181df4682eb071050d460e4a06ad4babf9c4ba744cbfa130,hqs_round1,40.65188877622086,0.9867118015737534,0.3195326580898836,0.002095291158184409
hevc_Cactus_f0166,HEVC_B,Cactus,test,0.5,0.4998931884765625,0.0,2026,a3d3ed44725cc4d2181df4682eb071050d460e4a06ad4babf9c4ba744cbfa130,hqs_finetuned,40.69845856443786,0.9866881303596496,0.3223814389202744,0.0020220763981342316
hevc_Cactus_f0166,HEVC_B,Cactus,test,0.1,0.1001129150390625,0.01,2026,c6b8b3ff49d8d6311835c0b82bcae6be94c02b72931a684934c3100b345f7119,hqs,29.36761962460786,0.8705741853272915,0.3262049159966409,0.003553143236786127
hevc_Cactus_f0166,HEVC_B,Cactus,test,0.1,0.1001129150390625,0.01,2026,c6b8b3ff49d8d6311835c0b82bcae6be94c02b72931a684934c3100b345f7119,hqs_round1,29.459512175833645,0.8717285610020161,0.31973333295900375,0.0036293540615588427
hevc_Cactus_f0166,HEVC_B,Cactus,test,0.1,0.1001129150390625,0.01,2026,c6b8b3ff49d8d6311835c0b82bcae6be94c02b72931a684934c3100b345f7119,hqs_finetuned,29.473690654401395,0.8724058354451656,0.3180097409058362,0.002846132731065154
hevc_Cactus_f0166,HEVC_B,Cactus,test,0.1,0.1001129150390625,0.01,2027,7984e7a4b0cf5c6659a6756f3c77e4d8494803b04bbab77c87be71e18a6b30a1,hqs,29.3898456873978,0.8705994997053146,0.32365245500113815,0.0033965688198804855
hevc_Cactus_f0166,HEVC_B,Cactus,test,0.1,0.1001129150390625,0.01,2027,7984e7a4b0cf5c6659a6756f3c77e4d8494803b04bbab77c87be71e18a6b30a1,hqs_round1,29.49583345654023,0.8719926024334431,0.3184178869705647,0.003483415115624666
hevc_Cactus_f0166,HEVC_B,Cactus,test,0.1,0.1001129150390625,0.01,2027,7984e7a4b0cf5c6659a6756f3c77e4d8494803b04bbab77c87be71e18a6b30a1,hqs_finetuned,29.526374829529264,0.8729307716178895,0.31851935596205294,0.002776164561510086
hevc_Cactus_f0166,HEVC_B,Cactus,test,0.1,0.1001129150390625,0.01,2028,5cadc67bc123e44ae55a443ba7d8b147d8efa97ed4fc9c99be6d17adbfc8ad02,hqs,29.38481396322176,0.8715215843253136,0.32180863397661597,0.0035239991266280413
hevc_Cactus_f0166,HEVC_B,Cactus,test,0.1,0.1001129150390625,0.01,2028,5cadc67bc123e44ae55a443ba7d8b147d8efa97ed4fc9c99be6d17adbfc8ad02,hqs_round1,29.467194370547904,0.8728321930117607,0.32025194400921464,0.0035991808399558067
hevc_Cactus_f0166,HEVC_B,Cactus,test,0.1,0.1001129150390625,0.01,2028,5cadc67bc123e44ae55a443ba7d8b147d8efa97ed4fc9c99be6d17adbfc8ad02,hqs_finetuned,29.490280323774407,0.8736016148531437,0.32334690203424543,0.002960684709250927
hevc_Cactus_f0166,HEVC_B,Cactus,test,0.1,0.1001129150390625,0.05,2026,f30e8ac518fb25ca64cf46349b51f1b805f37125cc58072dfdb6085fc462f83d,hqs,27.080876286842106,0.7801602048869282,0.32081714703235775,0.0030777612701058388
hevc_Cactus_f0166,HEVC_B,Cactus,test,0.1,0.1001129150390625,0.05,2026,f30e8ac518fb25ca64cf46349b51f1b805f37125cc58072dfdb6085fc462f83d,hqs_round1,27.044725766179795,0.7819462173747123,0.32506805600132793,0.002790219848975539
hevc_Cactus_f0166,HEVC_B,Cactus,test,0.1,0.1001129150390625,0.05,2026,f30e8ac518fb25ca64cf46349b51f1b805f37125cc58072dfdb6085fc462f83d,hqs_finetuned,27.483125584487574,0.8033992255783156,0.32237550895661116,0.018846306949853897
hevc_Cactus_f0166,HEVC_B,Cactus,test,0.1,0.1001129150390625,0.05,2027,cada27f6526802ff7ad912c720c5a57c22924e197c39f4ae8c4727401563ee93,hqs,27.097858376488617,0.7771073769847751,0.3415942690335214,0.0028293957002460957
hevc_Cactus_f0166,HEVC_B,Cactus,test,0.1,0.1001129150390625,0.05,2027,cada27f6526802ff7ad912c720c5a57c22924e197c39f4ae8c4727401563ee93,hqs_round1,27.10170997542555,0.7797051003490686,0.3213814590126276,0.0024844284635037184
hevc_Cactus_f0166,HEVC_B,Cactus,test,0.1,0.1001129150390625,0.05,2027,cada27f6526802ff7ad912c720c5a57c22924e197c39f4ae8c4727401563ee93,hqs_finetuned,27.511125422336733,0.802251732734263,0.3210655200527981,0.018720567226409912
hevc_Cactus_f0166,HEVC_B,Cactus,test,0.1,0.1001129150390625,0.05,2028,7396c953dc273f939568bedecf4decb3192a007ab5ceced7783743280a6748c2,hqs,27.116905109278946,0.7843697047423124,0.3261786720249802,0.0031051228288561106
hevc_Cactus_f0166,HEVC_B,Cactus,test,0.1,0.1001129150390625,0.05,2028,7396c953dc273f939568bedecf4decb3192a007ab5ceced7783743280a6748c2,hqs_round1,27.06966103221319,0.7875302766657285,0.33762309793382883,0.002821295754984021
hevc_Cactus_f0166,HEVC_B,Cactus,test,0.1,0.1001129150390625,0.05,2028,7396c953dc273f939568bedecf4decb3192a007ab5ceced7783743280a6748c2,hqs_finetuned,27.50651913539564,0.8083450665365458,0.3459742399863899,0.019132595509290695
hevc_Cactus_f0333,HEVC_B,Cactus,test,0.01,0.01031494140625,0.0,2026,8e11c3afda51ec0936806c4e0c31eac8882a052a59f793e23681a3639e34df4a,hqs,21.83901428400986,0.46149176366086747,0.3694226740626618,0.0028479702305048704
hevc_Cactus_f0333,HEVC_B,Cactus,test,0.01,0.01031494140625,0.0,2026,8e11c3afda51ec0936806c4e0c31eac8882a052a59f793e23681a3639e34df4a,hqs_round1,21.828354530307482,0.46114990092079006,0.35418547794688493,0.002520528854802251
hevc_Cactus_f0333,HEVC_B,Cactus,test,0.01,0.01031494140625,0.0,2026,8e11c3afda51ec0936806c4e0c31eac8882a052a59f793e23681a3639e34df4a,hqs_finetuned,21.87882441235725,0.4674495253575651,0.35334548505488783,0.010717235505580902
hevc_Cactus_f0333,HEVC_B,Cactus,test,0.04,0.041259765625,0.0,2026,befa498fd2515629696b23b806cc269a36e1c53ed8f93926ad8ea03ad2eb1852,hqs,25.558866372889266,0.7129632016678229,0.3581357039511204,0.0035155718214809895
hevc_Cactus_f0333,HEVC_B,Cactus,test,0.04,0.041259765625,0.0,2026,befa498fd2515629696b23b806cc269a36e1c53ed8f93926ad8ea03ad2eb1852,hqs_round1,25.580676094373672,0.713716223317109,0.371767041971907,0.003284008475020528
hevc_Cactus_f0333,HEVC_B,Cactus,test,0.04,0.041259765625,0.0,2026,befa498fd2515629696b23b806cc269a36e1c53ed8f93926ad8ea03ad2eb1852,hqs_finetuned,25.626143677685352,0.7147235430305731,0.35414856602437794,0.002923734486103058
hevc_Cactus_f0333,HEVC_B,Cactus,test,0.1,0.1001129150390625,0.0,2026,1c4c8348384e37d777965637a5599b8dc3437b8fc1f4547d47c6f53ca85eee2b,hqs,28.696087099746258,0.8495182632043362,0.35997019498609006,0.003675630083307624
hevc_Cactus_f0333,HEVC_B,Cactus,test,0.1,0.1001129150390625,0.0,2026,1c4c8348384e37d777965637a5599b8dc3437b8fc1f4547d47c6f53ca85eee2b,hqs_round1,28.806113817015753,0.8513281705126763,0.3597234459593892,0.0037844881881028414
hevc_Cactus_f0333,HEVC_B,Cactus,test,0.1,0.1001129150390625,0.0,2026,1c4c8348384e37d777965637a5599b8dc3437b8fc1f4547d47c6f53ca85eee2b,hqs_finetuned,28.841052338562577,0.852083503841877,0.3515781160676852,0.0031500246841460466
hevc_Cactus_f0333,HEVC_B,Cactus,test,0.25,0.25,0.0,2026,5bbc5006b2ce2792285eb1238b950db1c1ee7e64b6ae0dc1e61d12e049ddf86d,hqs,33.36837758617551,0.9437110641584396,0.3652902729809284,0.002818471984937787
hevc_Cactus_f0333,HEVC_B,Cactus,test,0.25,0.25,0.0,2026,5bbc5006b2ce2792285eb1238b950db1c1ee7e64b6ae0dc1e61d12e049ddf86d,hqs_round1,33.58287912980897,0.9454451894669533,0.3554237548960373,0.003242913633584976
hevc_Cactus_f0333,HEVC_B,Cactus,test,0.25,0.25,0.0,2026,5bbc5006b2ce2792285eb1238b950db1c1ee7e64b6ae0dc1e61d12e049ddf86d,hqs_finetuned,33.6289762428544,0.9458239276165962,0.3732864100020379,0.00320156360976398
hevc_Cactus_f0333,HEVC_B,Cactus,test,0.5,0.4998931884765625,0.0,2026,3f1c39946f7246646f84e4dfed57f38c3d8c9dc20566dd155b516a10ae5d8597,hqs,39.11182599671522,0.9823104247894288,0.3579009249806404,0.0022139986976981163
hevc_Cactus_f0333,HEVC_B,Cactus,test,0.5,0.4998931884765625,0.0,2026,3f1c39946f7246646f84e4dfed57f38c3d8c9dc20566dd155b516a10ae5d8597,hqs_round1,39.37563520162714,0.9830958820152282,0.3568093089852482,0.0027372969780117273
hevc_Cactus_f0333,HEVC_B,Cactus,test,0.5,0.4998931884765625,0.0,2026,3f1c39946f7246646f84e4dfed57f38c3d8c9dc20566dd155b516a10ae5d8597,hqs_finetuned,39.47015385542302,0.9832898593530655,0.3539128010161221,0.00279601220972836
hevc_Cactus_f0333,HEVC_B,Cactus,test,0.1,0.1001129150390625,0.01,2026,861f865f2b9ef81f17e1fb0e42edd3f9df91a35a848a93af9c12eb3502c756e8,hqs,28.58800782558632,0.8455804607954025,0.37618758098687977,0.0035835287999361753
hevc_Cactus_f0333,HEVC_B,Cactus,test,0.1,0.1001129150390625,0.01,2026,861f865f2b9ef81f17e1fb0e42edd3f9df91a35a848a93af9c12eb3502c756e8,hqs_round1,28.66661450658052,0.8470401214377881,0.3530156670603901,0.0037144371308386326
hevc_Cactus_f0333,HEVC_B,Cactus,test,0.1,0.1001129150390625,0.01,2026,861f865f2b9ef81f17e1fb0e42edd3f9df91a35a848a93af9c12eb3502c756e8,hqs_finetuned,28.699301782919285,0.8477169534475804,0.35386204009409994,0.0030499170534312725
hevc_Cactus_f0333,HEVC_B,Cactus,test,0.1,0.1001129150390625,0.01,2027,76edd975b6bf37a9c736067f76fe84c3ea15f890f4f32b680813a9415f479d4f,hqs,28.555195206570577,0.8448125463547707,0.3581823999993503,0.003484809771180153
hevc_Cactus_f0333,HEVC_B,Cactus,test,0.1,0.1001129150390625,0.01,2027,76edd975b6bf37a9c736067f76fe84c3ea15f890f4f32b680813a9415f479d4f,hqs_round1,28.66284471624864,0.8468197315146923,0.3711788640357554,0.003592792199924588
hevc_Cactus_f0333,HEVC_B,Cactus,test,0.1,0.1001129150390625,0.01,2027,76edd975b6bf37a9c736067f76fe84c3ea15f890f4f32b680813a9415f479d4f,hqs_finetuned,28.69034627896676,0.8474483613798618,0.3573451560223475,0.0031788290943950415
hevc_Cactus_f0333,HEVC_B,Cactus,test,0.1,0.1001129150390625,0.01,2028,c110a56a3f4b59d1f0914443dc1cd50c48e15e083eda6404309b74120b178fc8,hqs,28.606642089375576,0.8460865901272296,0.3594089479884133,0.0036475227680057287
hevc_Cactus_f0333,HEVC_B,Cactus,test,0.1,0.1001129150390625,0.01,2028,c110a56a3f4b59d1f0914443dc1cd50c48e15e083eda6404309b74120b178fc8,hqs_round1,28.697446855908908,0.8478570955407619,0.35835750203114003,0.0037955590523779392
hevc_Cactus_f0333,HEVC_B,Cactus,test,0.1,0.1001129150390625,0.01,2028,c110a56a3f4b59d1f0914443dc1cd50c48e15e083eda6404309b74120b178fc8,hqs_finetuned,28.725733766957447,0.8482273041484356,0.3722016440005973,0.0032479404471814632
hevc_Cactus_f0333,HEVC_B,Cactus,test,0.1,0.1001129150390625,0.05,2026,68aa6c1077849d457114fc681c29b60c61bd8680b5bdfa4cc76e43772d70f745,hqs,26.80846156855637,0.7693638385635614,0.3601342139299959,0.0033372996840626
hevc_Cactus_f0333,HEVC_B,Cactus,test,0.1,0.1001129150390625,0.05,2026,68aa6c1077849d457114fc681c29b60c61bd8680b5bdfa4cc76e43772d70f745,hqs_round1,26.808078265630773,0.7718732957482338,0.35152263892814517,0.002788739511743188
hevc_Cactus_f0333,HEVC_B,Cactus,test,0.1,0.1001129150390625,0.05,2026,68aa6c1077849d457114fc681c29b60c61bd8680b5bdfa4cc76e43772d70f745,hqs_finetuned,27.138411450262137,0.7876111813675165,0.35538143501617014,0.018274152651429176
hevc_Cactus_f0333,HEVC_B,Cactus,test,0.1,0.1001129150390625,0.05,2027,5ee5312724d9dca358783748b89c37550c18624ae05a272b2270497bc5dc900f,hqs,26.775390324294584,0.7670286722545624,0.3643642810638994,0.0029231379739940166
hevc_Cactus_f0333,HEVC_B,Cactus,test,0.1,0.1001129150390625,0.05,2027,5ee5312724d9dca358783748b89c37550c18624ae05a272b2270497bc5dc900f,hqs_round1,26.793429167355498,0.7698079338545799,0.3592914550099522,0.0025438619777560234
hevc_Cactus_f0333,HEVC_B,Cactus,test,0.1,0.1001129150390625,0.05,2027,5ee5312724d9dca358783748b89c37550c18624ae05a272b2270497bc5dc900f,hqs_finetuned,27.095295314526908,0.7870831474118233,0.35289991507306695,0.018494868651032448
hevc_Cactus_f0333,HEVC_B,Cactus,test,0.1,0.1001129150390625,0.05,2028,9bfd12a7aa244a8d70d0c2376a6978fef3251baa38f52dfb268580297245a5ba,hqs,26.773426086773245,0.7692345940914154,0.3733482470270246,0.0033961161971092224
hevc_Cactus_f0333,HEVC_B,Cactus,test,0.1,0.1001129150390625,0.05,2028,9bfd12a7aa244a8d70d0c2376a6978fef3251baa38f52dfb268580297245a5ba,hqs_round1,26.744047067157332,0.7707768510198593,0.35339837602805346,0.0030076168477535248
hevc_Cactus_f0333,HEVC_B,Cactus,test,0.1,0.1001129150390625,0.05,2028,9bfd12a7aa244a8d70d0c2376a6978fef3251baa38f52dfb268580297245a5ba,hqs_finetuned,27.05251638828836,0.7865630536618232,0.3533514169976115,0.017449501901865005
hevc_Kimono1_f0000,HEVC_B,Kimono1,test,0.01,0.01031494140625,0.0,2026,a05e8e2e37659cd18fd61a6403cdd54f4b6cf04f549073276f2617126fe53c6f,hqs,25.696755183898752,0.5893917479688849,0.3599345119437203,0.003062998875975609
hevc_Kimono1_f0000,HEVC_B,Kimono1,test,0.01,0.01031494140625,0.0,2026,a05e8e2e37659cd18fd61a6403cdd54f4b6cf04f549073276f2617126fe53c6f,hqs_round1,25.697018075694082,0.5893764059410332,0.36901789403054863,0.002718390664085746
hevc_Kimono1_f0000,HEVC_B,Kimono1,test,0.01,0.01031494140625,0.0,2026,a05e8e2e37659cd18fd61a6403cdd54f4b6cf04f549073276f2617126fe53c6f,hqs_finetuned,25.64456751520919,0.585374499794692,0.35200998198706657,0.010049507021903992
hevc_Kimono1_f0000,HEVC_B,Kimono1,test,0.04,0.041259765625,0.0,2026,3444243c536650f86f54fddebea742f8473a53971b1af6a27d148df6fbe02190,hqs,29.13764305130043,0.7693474378533364,0.3619294749805704,0.0022378258872777224
hevc_Kimono1_f0000,HEVC_B,Kimono1,test,0.04,0.041259765625,0.0,2026,3444243c536650f86f54fddebea742f8473a53971b1af6a27d148df6fbe02190,hqs_round1,29.20845109644538,0.7707991277848482,0.35712723596952856,0.0023318852763623
hevc_Kimono1_f0000,HEVC_B,Kimono1,test,0.04,0.041259765625,0.0,2026,3444243c536650f86f54fddebea742f8473a53971b1af6a27d148df6fbe02190,hqs_finetuned,29.23368526420477,0.7696544237896203,0.3701313401106745,0.002203339012339711
hevc_Kimono1_f0000,HEVC_B,Kimono1,test,0.1,0.1001129150390625,0.0,2026,a4e84cb021d1c54b6b000abe4d5fb1a226091edf4a29d9f19fc5efead4dc5880,hqs,32.71168384761235,0.891691312259674,0.36112214101012796,0.0026741798501461744
hevc_Kimono1_f0000,HEVC_B,Kimono1,test,0.1,0.1001129150390625,0.0,2026,a4e84cb021d1c54b6b000abe4d5fb1a226091edf4a29d9f19fc5efead4dc5880,hqs_round1,32.80122927928149,0.8922584788646698,0.3528034359915182,0.002697887597605586
hevc_Kimono1_f0000,HEVC_B,Kimono1,test,0.1,0.1001129150390625,0.0,2026,a4e84cb021d1c54b6b000abe4d5fb1a226091edf4a29d9f19fc5efead4dc5880,hqs_finetuned,32.71980295631749,0.8913717585644721,0.35649446200113744,0.0025583829265087843
hevc_Kimono1_f0000,HEVC_B,Kimono1,test,0.25,0.25,0.0,2026,379f3a4951ded1db0ebcb70c1cd2725d943d7d87113ef2f2e766ef252466414e,hqs,38.43833178424353,0.9702361371564865,0.36218757403548807,0.0020381056237965822
hevc_Kimono1_f0000,HEVC_B,Kimono1,test,0.25,0.25,0.0,2026,379f3a4951ded1db0ebcb70c1cd2725d943d7d87113ef2f2e766ef252466414e,hqs_round1,38.4879738167192,0.9705024508447647,0.3530759980203584,0.002243461785838008
hevc_Kimono1_f0000,HEVC_B,Kimono1,test,0.25,0.25,0.0,2026,379f3a4951ded1db0ebcb70c1cd2725d943d7d87113ef2f2e766ef252466414e,hqs_finetuned,38.470074853556284,0.9704361776123047,0.35629921697545797,0.0019721013959497213
hevc_Kimono1_f0000,HEVC_B,Kimono1,test,0.5,0.4998931884765625,0.0,2026,1f69a6f8f6498cdde35d26ec2c61251b23558aebdd88f460fc5b89eff69c2418,hqs,45.6253449739131,0.993718748131752,0.37485608900897205,0.0013182676630094647
hevc_Kimono1_f0000,HEVC_B,Kimono1,test,0.5,0.4998931884765625,0.0,2026,1f69a6f8f6498cdde35d26ec2c61251b23558aebdd88f460fc5b89eff69c2418,hqs_round1,45.68184387126973,0.9937898531475067,0.358450784930028,0.001604424207471311
hevc_Kimono1_f0000,HEVC_B,Kimono1,test,0.5,0.4998931884765625,0.0,2026,1f69a6f8f6498cdde35d26ec2c61251b23558aebdd88f460fc5b89eff69c2418,hqs_finetuned,45.68804636895659,0.9937678791923523,0.3224494020687416,0.0013046510284766555
hevc_Kimono1_f0000,HEVC_B,Kimono1,test,0.1,0.1001129150390625,0.01,2026,ebd8af74628e5808781ca5b1db5a261395e98f305c0b63f7013b773bb06453f6,hqs,32.507098082275945,0.8873101419506073,0.3308765090769157,0.002487013814970851
hevc_Kimono1_f0000,HEVC_B,Kimono1,test,0.1,0.1001129150390625,0.01,2026,ebd8af74628e5808781ca5b1db5a261395e98f305c0b63f7013b773bb06453f6,hqs_round1,32.60589410776034,0.8880696297903061,0.3233948400011286,0.0025023671332746744
hevc_Kimono1_f0000,HEVC_B,Kimono1,test,0.1,0.1001129150390625,0.01,2026,ebd8af74628e5808781ca5b1db5a261395e98f305c0b63f7013b773bb06453f6,hqs_finetuned,32.528280102818215,0.8870803559947014,0.3184201769763604,0.0023812362924218178
hevc_Kimono1_f0000,HEVC_B,Kimono1,test,0.1,0.1001129150390625,0.01,2027,30bc34699aac824b23f5d83d410db4c5893332196bd186c494c5d0c93cdc05ae,hqs,32.5550765866232,0.8878932464723587,0.3266975710866973,0.0024563090410083532
hevc_Kimono1_f0000,HEVC_B,Kimono1,test,0.1,0.1001129150390625,0.01,2027,30bc34699aac824b23f5d83d410db4c5893332196bd186c494c5d0c93cdc05ae,hqs_round1,32.598867686296195,0.8880885886330605,0.3533585969125852,0.0025497647002339363
hevc_Kimono1_f0000,HEVC_B,Kimono1,test,0.1,0.1001129150390625,0.01,2027,30bc34699aac824b23f5d83d410db4c5893332196bd186c494c5d0c93cdc05ae,hqs_finetuned,32.50533150838168,0.8867049535589218,0.32807492406573147,0.002307863673195243
hevc_Kimono1_f0000,HEVC_B,Kimono1,test,0.1,0.1001129150390625,0.01,2028,49d03773f34ffe66bb0a98266189a30a1afb8581c81024b7834a0855625f3535,hqs,32.528498193416226,0.8875067058324814,0.3301170860650018,0.0025584851391613483
hevc_Kimono1_f0000,HEVC_B,Kimono1,test,0.1,0.1001129150390625,0.01,2028,49d03773f34ffe66bb0a98266189a30a1afb8581c81024b7834a0855625f3535,hqs_round1,32.577342777394364,0.8878926524829864,0.3220833990490064,0.002555820159614086
hevc_Kimono1_f0000,HEVC_B,Kimono1,test,0.1,0.1001129150390625,0.01,2028,49d03773f34ffe66bb0a98266189a30a1afb8581c81024b7834a0855625f3535,hqs_finetuned,32.49584883727177,0.886774122742176,0.3231393179157749,0.0023185578174889088
hevc_Kimono1_f0000,HEVC_B,Kimono1,test,0.1,0.1001129150390625,0.05,2026,40f273482a87f1937beb9f59bca036a261473348b712e17f1cbf075e22f24910,hqs,29.99157175230969,0.802532369492054,0.32949442497920245,0.0019553133752197027
hevc_Kimono1_f0000,HEVC_B,Kimono1,test,0.1,0.1001129150390625,0.05,2026,40f273482a87f1937beb9f59bca036a261473348b712e17f1cbf075e22f24910,hqs_round1,29.980173474017118,0.8048520612192154,0.33855551993474364,0.001744552282616496
hevc_Kimono1_f0000,HEVC_B,Kimono1,test,0.1,0.1001129150390625,0.05,2026,40f273482a87f1937beb9f59bca036a261473348b712e17f1cbf075e22f24910,hqs_finetuned,30.379922348462408,0.8210973978815079,0.347879761015065,0.01326765026897192
hevc_Kimono1_f0000,HEVC_B,Kimono1,test,0.1,0.1001129150390625,0.05,2027,7ba5c4462feab9a25812affdea645e3cac7732add4740dfb3f577ce7069419d0,hqs,30.04786872225829,0.8023352825859785,0.34686235897243023,0.001833004062063992
hevc_Kimono1_f0000,HEVC_B,Kimono1,test,0.1,0.1001129150390625,0.05,2027,7ba5c4462feab9a25812affdea645e3cac7732add4740dfb3f577ce7069419d0,hqs_round1,30.032895147466185,0.8039620585174561,0.32325783697888255,0.001663613016717136
hevc_Kimono1_f0000,HEVC_B,Kimono1,test,0.1,0.1001129150390625,0.05,2027,7ba5c4462feab9a25812affdea645e3cac7732add4740dfb3f577ce7069419d0,hqs_finetuned,30.506742102969625,0.822585703396082,0.32310982793569565,0.016930442303419113
hevc_Kimono1_f0000,HEVC_B,Kimono1,test,0.1,0.1001129150390625,0.05,2028,c068262051e6b6494f4a8b38d6245a5cd70681ba551d92a250d16838da6a1d06,hqs,30.000686871408263,0.8027320257828235,0.3219585419865325,0.0020208717323839664
hevc_Kimono1_f0000,HEVC_B,Kimono1,test,0.1,0.1001129150390625,0.05,2028,c068262051e6b6494f4a8b38d6245a5cd70681ba551d92a250d16838da6a1d06,hqs_round1,29.946574472327878,0.8048423188481331,0.32355749199632555,0.0019246895099058747
hevc_Kimono1_f0000,HEVC_B,Kimono1,test,0.1,0.1001129150390625,0.05,2028,c068262051e6b6494f4a8b38d6245a5cd70681ba551d92a250d16838da6a1d06,hqs_finetuned,30.467116584022573,0.8256992713720799,0.3216308660339564,0.01657218299806118
hevc_Kimono1_f0080,HEVC_B,Kimono1,test,0.01,0.01031494140625,0.0,2026,9c5d1be6aded65119b8b64cc29fa06cbb71dcbceb4b632dcc9646dfcdb9a7892,hqs,24.44859040983355,0.622177478006969,0.3235733489273116,0.004000924061983824
hevc_Kimono1_f0080,HEVC_B,Kimono1,test,0.01,0.01031494140625,0.0,2026,9c5d1be6aded65119b8b64cc29fa06cbb71dcbceb4b632dcc9646dfcdb9a7892,hqs_round1,24.461462155229444,0.6226029201318557,0.3204609400127083,0.003474791534245014
hevc_Kimono1_f0080,HEVC_B,Kimono1,test,0.01,0.01031494140625,0.0,2026,9c5d1be6aded65119b8b64cc29fa06cbb71dcbceb4b632dcc9646dfcdb9a7892,hqs_finetuned,24.52011582104329,0.6236377418982624,0.32154713897034526,0.009332908317446709
hevc_Kimono1_f0080,HEVC_B,Kimono1,test,0.04,0.041259765625,0.0,2026,1cd210c5dc73bfaf16d203a52e429ab87591021ea787948c838a5bcd9b852084,hqs,29.643940806117357,0.8212264080837965,0.3288633250631392,0.0038447552360594273
hevc_Kimono1_f0080,HEVC_B,Kimono1,test,0.04,0.041259765625,0.0,2026,1cd210c5dc73bfaf16d203a52e429ab87591021ea787948c838a5bcd9b852084,hqs_round1,29.707391041546014,0.82205364645648,0.32237532595172524,0.0035992187913507223
hevc_Kimono1_f0080,HEVC_B,Kimono1,test,0.04,0.041259765625,0.0,2026,1cd210c5dc73bfaf16d203a52e429ab87591021ea787948c838a5bcd9b852084,hqs_finetuned,29.75813839689735,0.8231407873182297,0.3502989220432937,0.00358331436291337
hevc_Kimono1_f0080,HEVC_B,Kimono1,test,0.1,0.1001129150390625,0.0,2026,94e09a133d9e67156d91d13dd067df95429ab9c5df427f67fc3afc1b09c2587c,hqs,33.40067778458184,0.9207490753893852,0.3209284609183669,0.003028006525710225
hevc_Kimono1_f0080,HEVC_B,Kimono1,test,0.1,0.1001129150390625,0.0,2026,94e09a133d9e67156d91d13dd067df95429ab9c5df427f67fc3afc1b09c2587c,hqs_round1,33.59007471352296,0.9223623226442337,0.32044918090105057,0.0030779787339270115
hevc_Kimono1_f0080,HEVC_B,Kimono1,test,0.1,0.1001129150390625,0.0,2026,94e09a133d9e67156d91d13dd067df95429ab9c5df427f67fc3afc1b09c2587c,hqs_finetuned,33.59593190278976,0.9221832183203698,0.3195409079780802,0.0028964364901185036
hevc_Kimono1_f0080,HEVC_B,Kimono1,test,0.25,0.25,0.0,2026,ec43653ea4a618c4907bebbcc64c01c37df3a04c46a18fb47c2bcb555998b6c5,hqs,39.90607796607482,0.9802619366550446,0.3228339559864253,0.0022396899294108152
hevc_Kimono1_f0080,HEVC_B,Kimono1,test,0.25,0.25,0.0,2026,ec43653ea4a618c4907bebbcc64c01c37df3a04c46a18fb47c2bcb555998b6c5,hqs_round1,40.01592818634166,0.9805132710924148,0.3216367430286482,0.002418976277112961
hevc_Kimono1_f0080,HEVC_B,Kimono1,test,0.25,0.25,0.0,2026,ec43653ea4a618c4907bebbcc64c01c37df3a04c46a18fb47c2bcb555998b6c5,hqs_finetuned,40.02646424065736,0.9805887974300385,0.32264425605535507,0.0022286653984338045
hevc_Kimono1_f0080,HEVC_B,Kimono1,test,0.5,0.4998931884765625,0.0,2026,1dab28617201d1566a14f472a3ded087a40215f800fcd590e4cc79e0c00e953f,hqs,46.86838983355936,0.9952626922254563,0.322764316922985,0.001194196054711938
hevc_Kimono1_f0080,HEVC_B,Kimono1,test,0.5,0.4998931884765625,0.0,2026,1dab28617201d1566a14f472a3ded087a40215f800fcd590e4cc79e0c00e953f,hqs_round1,46.932247550792454,0.9953276899213791,0.32012862199917436,0.0015159989707171917
hevc_Kimono1_f0080,HEVC_B,Kimono1,test,0.5,0.4998931884765625,0.0,2026,1dab28617201d1566a14f472a3ded087a40215f800fcd590e4cc79e0c00e953f,hqs_finetuned,46.971082376470676,0.995339314901352,0.32333048700820655,0.0013885779771953821
hevc_Kimono1_f0080,HEVC_B,Kimono1,test,0.1,0.1001129150390625,0.01,2026,cfc77d60e8be4e676682d4e2c36186ec89aa7e185be49b153ce2a51ef02975ba,hqs,33.135030291927976,0.9153182864217758,0.32339195802342147,0.0029260676819831133
hevc_Kimono1_f0080,HEVC_B,Kimono1,test,0.1,0.1001129150390625,0.01,2026,cfc77d60e8be4e676682d4e2c36186ec89aa7e185be49b153ce2a51ef02975ba,hqs_round1,33.27653607322934,0.9169016079654694,0.3205020660534501,0.002915134420618415
hevc_Kimono1_f0080,HEVC_B,Kimono1,test,0.1,0.1001129150390625,0.01,2026,cfc77d60e8be4e676682d4e2c36186ec89aa7e185be49b153ce2a51ef02975ba,hqs_finetuned,33.30298055307677,0.916597666832447,0.3187610280001536,0.0026496334467083216
hevc_Kimono1_f0080,HEVC_B,Kimono1,test,0.1,0.1001129150390625,0.01,2027,73961d6b8463603216123fb963e69f362e166677e6bdd1957eaac760da761294,hqs,33.183670062109364,0.9155996616520882,0.32462346693500876,0.0029435313772410154
hevc_Kimono1_f0080,HEVC_B,Kimono1,test,0.1,0.1001129150390625,0.01,2027,73961d6b8463603216123fb963e69f362e166677e6bdd1957eaac760da761294,hqs_round1,33.30196632716304,0.916800508105278,0.32408717810176313,0.002868928015232086
hevc_Kimono1_f0080,HEVC_B,Kimono1,test,0.1,0.1001129150390625,0.01,2027,73961d6b8463603216123fb963e69f362e166677e6bdd1957eaac760da761294,hqs_finetuned,33.30894542443092,0.9168017531309128,0.3185729779070243,0.0026150986086577177
hevc_Kimono1_f0080,HEVC_B,Kimono1,test,0.1,0.1001129150390625,0.01,2028,f6f62cfb66f38a33e102a14f0787c109a1a6da5bab3187d77bf8c627a8e21633,hqs,33.12456525222557,0.9152679647974968,0.32708203699439764,0.0028530126437544823
hevc_Kimono1_f0080,HEVC_B,Kimono1,test,0.1,0.1001129150390625,0.01,2028,f6f62cfb66f38a33e102a14f0787c109a1a6da5bab3187d77bf8c627a8e21633,hqs_round1,33.31458327089016,0.9171843230957984,0.3206093260087073,0.0028499248437583447
hevc_Kimono1_f0080,HEVC_B,Kimono1,test,0.1,0.1001129150390625,0.01,2028,f6f62cfb66f38a33e102a14f0787c109a1a6da5bab3187d77bf8c627a8e21633,hqs_finetuned,33.29689377981115,0.9168597889404297,0.319558311952278,0.002606798894703388
hevc_Kimono1_f0080,HEVC_B,Kimono1,test,0.1,0.1001129150390625,0.05,2026,cbb3cd561733095382f94cbaceabbaee865d3c24244b4e5db591923e521dfe3f,hqs,30.34526369038438,0.8257352432582379,0.3245029719546437,0.002275848062708974
hevc_Kimono1_f0080,HEVC_B,Kimono1,test,0.1,0.1001129150390625,0.05,2026,cbb3cd561733095382f94cbaceabbaee865d3c24244b4e5db591923e521dfe3f,hqs_round1,30.313082421778038,0.828184753812313,0.3224729070207104,0.00208530155941844
hevc_Kimono1_f0080,HEVC_B,Kimono1,test,0.1,0.1001129150390625,0.05,2026,cbb3cd561733095382f94cbaceabbaee865d3c24244b4e5db591923e521dfe3f,hqs_finetuned,30.97994190697026,0.8585498053908348,0.3253198539605364,0.021654846146702766
hevc_Kimono1_f0080,HEVC_B,Kimono1,test,0.1,0.1001129150390625,0.05,2027,852f30a086b6e337e336fae8c0b6d0591ee7a3bc219e43aa5449565d9c2b1cde,hqs,30.34264679344945,0.8228560207085609,0.3307635569944978,0.0023119791876524687
hevc_Kimono1_f0080,HEVC_B,Kimono1,test,0.1,0.1001129150390625,0.05,2027,852f30a086b6e337e336fae8c0b6d0591ee7a3bc219e43aa5449565d9c2b1cde,hqs_round1,30.332502556872143,0.8264956344366073,0.3255627569742501,0.002058857586234808
hevc_Kimono1_f0080,HEVC_B,Kimono1,test,0.1,0.1001129150390625,0.05,2027,852f30a086b6e337e336fae8c0b6d0591ee7a3bc219e43aa5449565d9c2b1cde,hqs_finetuned,30.931845201056582,0.8564050827147961,0.3215640790294856,0.020666208118200302
hevc_Kimono1_f0080,HEVC_B,Kimono1,test,0.1,0.1001129150390625,0.05,2028,20a3b17cb021bee0352f667c8fb021b84647a2b688a15bb11dc2edf5158c82df,hqs,30.29740885119969,0.8242681572284698,0.32430228404700756,0.0020282145123928785
hevc_Kimono1_f0080,HEVC_B,Kimono1,test,0.1,0.1001129150390625,0.05,2028,20a3b17cb021bee0352f667c8fb021b84647a2b688a15bb11dc2edf5158c82df,hqs_round1,30.260941578408342,0.827406572145462,0.3198129429947585,0.0019300132989883423
hevc_Kimono1_f0080,HEVC_B,Kimono1,test,0.1,0.1001129150390625,0.05,2028,20a3b17cb021bee0352f667c8fb021b84647a2b688a15bb11dc2edf5158c82df,hqs_finetuned,30.921699360284816,0.858621569468975,0.31863223703112453,0.0222421046346426
hevc_Kimono1_f0160,HEVC_B,Kimono1,test,0.01,0.01031494140625,0.0,2026,f615b5a93eac0471962539a1a003eacd6dc08f0d4dee8c296d4c2ebe8971f61e,hqs,27.558815303411855,0.7549111743155494,0.3202049939427525,0.004385452717542648
hevc_Kimono1_f0160,HEVC_B,Kimono1,test,0.01,0.01031494140625,0.0,2026,f615b5a93eac0471962539a1a003eacd6dc08f0d4dee8c296d4c2ebe8971f61e,hqs_round1,27.524107615537858,0.7531284078325673,0.31909641600213945,0.004532784689217806
hevc_Kimono1_f0160,HEVC_B,Kimono1,test,0.01,0.01031494140625,0.0,2026,f615b5a93eac0471962539a1a003eacd6dc08f0d4dee8c296d4c2ebe8971f61e,hqs_finetuned,27.70107804343423,0.7573043299970185,0.3214789000339806,0.005581975448876619
hevc_Kimono1_f0160,HEVC_B,Kimono1,test,0.04,0.041259765625,0.0,2026,3ad83d6eeab46ea05f352c4407eccad4ca1bdee07b2f4436d617542f64ccae96,hqs,31.74290938409625,0.8738482641723156,0.32136683899443597,0.0033480969723314047
hevc_Kimono1_f0160,HEVC_B,Kimono1,test,0.04,0.041259765625,0.0,2026,3ad83d6eeab46ea05f352c4407eccad4ca1bdee07b2f4436d617542f64ccae96,hqs_round1,32.00940424616227,0.8759083255198001,0.3195060590514913,0.0034770325291901827
hevc_Kimono1_f0160,HEVC_B,Kimono1,test,0.04,0.041259765625,0.0,2026,3ad83d6eeab46ea05f352c4407eccad4ca1bdee07b2f4436d617542f64ccae96,hqs_finetuned,31.961633569938538,0.8752958756287098,0.3210357130737975,0.0033265622332692146
hevc_Kimono1_f0160,HEVC_B,Kimono1,test,0.1,0.1001129150390625,0.0,2026,481fa446425eca798411cbb75c04d0371977342d76b7768a7f9977e170dc6423,hqs,35.09106148716469,0.9314110238842964,0.3258327739313245,0.0031323526054620743
hevc_Kimono1_f0160,HEVC_B,Kimono1,test,0.1,0.1001129150390625,0.0,2026,481fa446425eca798411cbb75c04d0371977342d76b7768a7f9977e170dc6423,hqs_round1,35.336195356456116,0.93324491208601,0.3217975520528853,0.0034803813323378563
hevc_Kimono1_f0160,HEVC_B,Kimono1,test,0.1,0.1001129150390625,0.0,2026,481fa446425eca798411cbb75c04d0371977342d76b7768a7f9977e170dc6423,hqs_finetuned,35.39196791708733,0.9334606093258858,0.319542012992315,0.0029987276066094637
hevc_Kimono1_f0160,HEVC_B,Kimono1,test,0.25,0.25,0.0,2026,b8a0bb51efa849a4b5631219b4e6ef6754d6bbe8170e76e5c25d54dc15351967,hqs,40.01653779566921,0.9730384566631317,0.31995931291021407,0.0022243838757276535
hevc_Kimono1_f0160,HEVC_B,Kimono1,test,0.25,0.25,0.0,2026,b8a0bb51efa849a4b5631219b4e6ef6754d6bbe8170e76e5c25d54dc15351967,hqs_round1,40.233295595532496,0.9739792918109894,0.3184650170151144,0.0027257034089416265
hevc_Kimono1_f0160,HEVC_B,Kimono1,test,0.25,0.25,0.0,2026,b8a0bb51efa849a4b5631219b4e6ef6754d6bbe8170e76e5c25d54dc15351967,hqs_finetuned,40.33821256422541,0.9742330733251572,0.317878610920161,0.002730857813730836
hevc_Kimono1_f0160,HEVC_B,Kimono1,test,0.5,0.4998931884765625,0.0,2026,6a6145934158efecd15702ea237377192ca1dd856185bff0fddf0efc621ffe9f,hqs,45.63446640147618,0.9909737796440125,0.327227539033629,0.0015703493263572454
hevc_Kimono1_f0160,HEVC_B,Kimono1,test,0.5,0.4998931884765625,0.0,2026,6a6145934158efecd15702ea237377192ca1dd856185bff0fddf0efc621ffe9f,hqs_round1,45.83021453230899,0.9913055619297028,0.3209407180547714,0.002168439794331789
hevc_Kimono1_f0160,HEVC_B,Kimono1,test,0.5,0.4998931884765625,0.0,2026,6a6145934158efecd15702ea237377192ca1dd856185bff0fddf0efc621ffe9f,hqs_finetuned,45.94535202263751,0.9914068901844024,0.3211910929530859,0.0018624553922563791
hevc_Kimono1_f0160,HEVC_B,Kimono1,test,0.1,0.1001129150390625,0.01,2026,9d9f7b73e1b1e60108ba2cdc12cfcc36091d7a319bb76182c071392ebf92a8d3,hqs,34.67345761574054,0.9243975936455726,0.32144996302668005,0.002808971796184778
hevc_Kimono1_f0160,HEVC_B,Kimono1,test,0.1,0.1001129150390625,0.01,2026,9d9f7b73e1b1e60108ba2cdc12cfcc36091d7a319bb76182c071392ebf92a8d3,hqs_round1,34.81390858779966,0.9257662526702881,0.32325819600373507,0.0032368998508900404
hevc_Kimono1_f0160,HEVC_B,Kimono1,test,0.1,0.1001129150390625,0.01,2026,9d9f7b73e1b1e60108ba2cdc12cfcc36091d7a319bb76182c071392ebf92a8d3,hqs_finetuned,34.853903109198214,0.9258198529586792,0.3210460130358115,0.0036157644353806973
hevc_Kimono1_f0160,HEVC_B,Kimono1,test,0.1,0.1001129150390625,0.01,2027,233e4b46c8e6c29686ab4a7ba4a8c8ab84728c2dc3ac982237d760ec77eab2e1,hqs,34.6146591598421,0.9237580032143593,0.32071573298890144,0.002708653686568141
hevc_Kimono1_f0160,HEVC_B,Kimono1,test,0.1,0.1001129150390625,0.01,2027,233e4b46c8e6c29686ab4a7ba4a8c8ab84728c2dc3ac982237d760ec77eab2e1,hqs_round1,34.802858628077324,0.9253416865992546,0.32019161502830684,0.0031440756283700466
hevc_Kimono1_f0160,HEVC_B,Kimono1,test,0.1,0.1001129150390625,0.01,2027,233e4b46c8e6c29686ab4a7ba4a8c8ab84728c2dc3ac982237d760ec77eab2e1,hqs_finetuned,34.849076965851225,0.9254887415862083,0.3205311670899391,0.0034659747034311295
hevc_Kimono1_f0160,HEVC_B,Kimono1,test,0.1,0.1001129150390625,0.01,2028,e471acf1192831ffa1bbfe5ede0cccc0a4111e3d56c75ff237363ae015c6dd1c,hqs,34.69439186894366,0.9240231102185249,0.346127129974775,0.0027034832164645195
hevc_Kimono1_f0160,HEVC_B,Kimono1,test,0.1,0.1001129150390625,0.01,2028,e471acf1192831ffa1bbfe5ede0cccc0a4111e3d56c75ff237363ae015c6dd1c,hqs_round1,34.87763956938733,0.9256270034446716,0.3249744479544461,0.003143133595585823
hevc_Kimono1_f0160,HEVC_B,Kimono1,test,0.1,0.1001129150390625,0.01,2028,e471acf1192831ffa1bbfe5ede0cccc0a4111e3d56c75ff237363ae015c6dd1c,hqs_finetuned,34.91230918220073,0.9254682660279274,0.3211850109510124,0.003862873651087284
hevc_Kimono1_f0160,HEVC_B,Kimono1,test,0.1,0.1001129150390625,0.05,2026,5b2c5a9a8e1fe7750285919cd0fcae27e7156d672655cd07ec1c8729b2238b31,hqs,31.268530983298945,0.8123154920842648,0.3224030219716951,0.002382877515628934
hevc_Kimono1_f0160,HEVC_B,Kimono1,test,0.1,0.1001129150390625,0.05,2026,5b2c5a9a8e1fe7750285919cd0fcae27e7156d672655cd07ec1c8729b2238b31,hqs_round1,31.22698733854918,0.8136513715898991,0.31788203900214285,0.0022240267135202885
hevc_Kimono1_f0160,HEVC_B,Kimono1,test,0.1,0.1001129150390625,0.05,2026,5b2c5a9a8e1fe7750285919cd0fcae27e7156d672655cd07ec1c8729b2238b31,hqs_finetuned,32.334994645354364,0.8752332801587581,0.31874451297335327,0.03828016296029091
hevc_Kimono1_f0160,HEVC_B,Kimono1,test,0.1,0.1001129150390625,0.05,2027,23395c88f81868bb9811fb92d13088559060fa9e7025b326b58df76d9f3e4cf5,hqs,31.18415600814281,0.8126680900475979,0.32161910901777446,0.002403964288532734
hevc_Kimono1_f0160,HEVC_B,Kimono1,test,0.1,0.1001129150390625,0.05,2027,23395c88f81868bb9811fb92d13088559060fa9e7025b326b58df76d9f3e4cf5,hqs_round1,31.12770835787048,0.814090927549839,0.32163116696756333,0.0022757956758141518
hevc_Kimono1_f0160,HEVC_B,Kimono1,test,0.1,0.1001129150390625,0.05,2027,23395c88f81868bb9811fb92d13088559060fa9e7025b326b58df76d9f3e4cf5,hqs_finetuned,32.26930201903451,0.8747327940027714,0.320071886992082,0.03853427246212959
hevc_Kimono1_f0160,HEVC_B,Kimono1,test,0.1,0.1001129150390625,0.05,2028,42446101153a5133c8b4e43b24ed8d4257d546a37d76896cc6bab8ee1419a62e,hqs,31.226315569616958,0.8124187398791313,0.3236404339550063,0.00230036536231637
hevc_Kimono1_f0160,HEVC_B,Kimono1,test,0.1,0.1001129150390625,0.05,2028,42446101153a5133c8b4e43b24ed8d4257d546a37d76896cc6bab8ee1419a62e,hqs_round1,31.161713922067975,0.8142024056990147,0.3226914550177753,0.00225399830378592
hevc_Kimono1_f0160,HEVC_B,Kimono1,test,0.1,0.1001129150390625,0.05,2028,42446101153a5133c8b4e43b24ed8d4257d546a37d76896cc6bab8ee1419a62e,hqs_finetuned,32.264635919211976,0.8729493296709061,0.31814150605350733,0.03863286226987839
hevc_ParkScene_f0000,HEVC_B,ParkScene,test,0.01,0.01031494140625,0.0,2026,b152342c5aad08fc74d04fa9a1bcf589343fb406600ccbf626c163375e5f66dd,hqs,26.249660422559398,0.5978942942330336,0.32626011909451336,0.0035244240425527096
hevc_ParkScene_f0000,HEVC_B,ParkScene,test,0.01,0.01031494140625,0.0,2026,b152342c5aad08fc74d04fa9a1bcf589343fb406600ccbf626c163375e5f66dd,hqs_round1,26.245034255503423,0.5974565692562871,0.3193506369134411,0.0034561161883175373
hevc_ParkScene_f0000,HEVC_B,ParkScene,test,0.01,0.01031494140625,0.0,2026,b152342c5aad08fc74d04fa9a1bcf589343fb406600ccbf626c163375e5f66dd,hqs_finetuned,26.29080638811533,0.5995299835357717,0.3213817650685087,0.007081766612827778
hevc_ParkScene_f0000,HEVC_B,ParkScene,test,0.04,0.041259765625,0.0,2026,4c655cbc2e34b5aa207b8fb3b4bed03978468c527da57b5c8b0ec333a6e2739f,hqs,28.7774603171301,0.751060729417529,0.3234615420224145,0.003231966169551015
hevc_ParkScene_f0000,HEVC_B,ParkScene,test,0.04,0.041259765625,0.0,2026,4c655cbc2e34b5aa207b8fb3b4bed03978468c527da57b5c8b0ec333a6e2739f,hqs_round1,28.79003148112592,0.7513363675392931,0.3182222679024562,0.003243067767471075
hevc_ParkScene_f0000,HEVC_B,ParkScene,test,0.04,0.041259765625,0.0,2026,4c655cbc2e34b5aa207b8fb3b4bed03978468c527da57b5c8b0ec333a6e2739f,hqs_finetuned,28.87686167269316,0.7544611483035535,0.32040045398753136,0.003591892309486866
hevc_ParkScene_f0000,HEVC_B,ParkScene,test,0.1,0.1001129150390625,0.0,2026,cdcaadc219688880da3ecd83602b0d74bc4a59b47e28a15b8421e42f96e0be2d,hqs,31.336675993558465,0.8565258826982975,0.3237184339668602,0.0027819001115858555
hevc_ParkScene_f0000,HEVC_B,ParkScene,test,0.1,0.1001129150390625,0.0,2026,cdcaadc219688880da3ecd83602b0d74bc4a59b47e28a15b8421e42f96e0be2d,hqs_round1,31.478060800065975,0.8593299636569023,0.3205686069559306,0.0027473606169223785
hevc_ParkScene_f0000,HEVC_B,ParkScene,test,0.1,0.1001129150390625,0.0,2026,cdcaadc219688880da3ecd83602b0d74bc4a59b47e28a15b8421e42f96e0be2d,hqs_finetuned,31.50833375727103,0.8596689913852215,0.31946612906176597,0.0028713117353618145
hevc_ParkScene_f0000,HEVC_B,ParkScene,test,0.25,0.25,0.0,2026,d532d41cf4e67b97948c55a515664cc1c0f35024ac0ec155b4b1053c70830a89,hqs,35.167944358017095,0.9369789965877533,0.32570206094533205,0.002476542489603162
hevc_ParkScene_f0000,HEVC_B,ParkScene,test,0.25,0.25,0.0,2026,d532d41cf4e67b97948c55a515664cc1c0f35024ac0ec155b4b1053c70830a89,hqs_round1,35.30849070869911,0.9383573574266434,0.32978995400480926,0.0027302009984850883
hevc_ParkScene_f0000,HEVC_B,ParkScene,test,0.25,0.25,0.0,2026,d532d41cf4e67b97948c55a515664cc1c0f35024ac0ec155b4b1053c70830a89,hqs_finetuned,35.333368984640146,0.9386330943498612,0.3210763339884579,0.0029658505227416754
hevc_ParkScene_f0000,HEVC_B,ParkScene,test,0.5,0.4998931884765625,0.0,2026,83cd1464ca83ee0a8012b03084c01a604e856e24b6503306d17234ecb74a5692,hqs,40.45371146737444,0.9789100907516479,0.3273264029994607,0.0019818556029349566
hevc_ParkScene_f0000,HEVC_B,ParkScene,test,0.5,0.4998931884765625,0.0,2026,83cd1464ca83ee0a8012b03084c01a604e856e24b6503306d17234ecb74a5692,hqs_round1,40.6249811210362,0.97955456519413,0.32093389809597284,0.002356815617531538
hevc_ParkScene_f0000,HEVC_B,ParkScene,test,0.5,0.4998931884765625,0.0,2026,83cd1464ca83ee0a8012b03084c01a604e856e24b6503306d17234ecb74a5692,hqs_finetuned,40.65410387744236,0.9795540208539962,0.31831786199472845,0.0026349565014243126
hevc_ParkScene_f0000,HEVC_B,ParkScene,test,0.1,0.1001129150390625,0.01,2026,cd24dc41c5bf4df0e1f4ae6166297d919f95200716396b6878eab12fc09da434,hqs,31.24305063511885,0.8523838292980194,0.32579617900773883,0.002636968158185482
hevc_ParkScene_f0000,HEVC_B,ParkScene,test,0.1,0.1001129150390625,0.01,2026,cd24dc41c5bf4df0e1f4ae6166297d919f95200716396b6878eab12fc09da434,hqs_round1,31.339129932440727,0.8546406222925186,0.31882541603408754,0.002599369967356324
hevc_ParkScene_f0000,HEVC_B,ParkScene,test,0.1,0.1001129150390625,0.01,2026,cd24dc41c5bf4df0e1f4ae6166297d919f95200716396b6878eab12fc09da434,hqs_finetuned,31.357957747862685,0.8544637326896191,0.3227204449940473,0.002875401172786951
hevc_ParkScene_f0000,HEVC_B,ParkScene,test,0.1,0.1001129150390625,0.01,2027,290e9505d576c924828d7d83c0cc1ee4796306ba4d3b39f689e6d7ef6157e642,hqs,31.2389659668056,0.853116689214468,0.32118253398220986,0.0026567846070975065
hevc_ParkScene_f0000,HEVC_B,ParkScene,test,0.1,0.1001129150390625,0.01,2027,290e9505d576c924828d7d83c0cc1ee4796306ba4d3b39f689e6d7ef6157e642,hqs_round1,31.34523743618091,0.8555786114938259,0.31961251702159643,0.002666093409061432
hevc_ParkScene_f0000,HEVC_B,ParkScene,test,0.1,0.1001129150390625,0.01,2027,290e9505d576c924828d7d83c0cc1ee4796306ba4d3b39f689e6d7ef6157e642,hqs_finetuned,31.35161951169978,0.8553404549217224,0.3220597329782322,0.0028335880488157272
hevc_ParkScene_f0000,HEVC_B,ParkScene,test,0.1,0.1001129150390625,0.01,2028,2322bea2033468db1d97ccc0073949eac085eaa2f3230bbbfa42b8695b6fe022,hqs,31.23435223153312,0.852764529140234,0.32604340091347694,0.0024820829275995493
hevc_ParkScene_f0000,HEVC_B,ParkScene,test,0.1,0.1001129150390625,0.01,2028,2322bea2033468db1d97ccc0073949eac085eaa2f3230bbbfa42b8695b6fe022,hqs_round1,31.333884220022416,0.8549523022787571,0.32758924504742026,0.0025267070159316063
hevc_ParkScene_f0000,HEVC_B,ParkScene,test,0.1,0.1001129150390625,0.01,2028,2322bea2033468db1d97ccc0073949eac085eaa2f3230bbbfa42b8695b6fe022,hqs_finetuned,31.34964572435556,0.8548241987233162,0.31798395700752735,0.0027265120297670364
hevc_ParkScene_f0000,HEVC_B,ParkScene,test,0.1,0.1001129150390625,0.05,2026,855cff0af5d60aa9d5a8c90508574eff067b8298f5e3be1b714e1f0b13b97fb0,hqs,29.571421725095014,0.7780638194631339,0.32988940505310893,0.0025773218367248774
hevc_ParkScene_f0000,HEVC_B,ParkScene,test,0.1,0.1001129150390625,0.05,2026,855cff0af5d60aa9d5a8c90508574eff067b8298f5e3be1b714e1f0b13b97fb0,hqs_round1,29.54894320549235,0.7802541162576675,0.3181310959625989,0.0023551378399133682
hevc_ParkScene_f0000,HEVC_B,ParkScene,test,0.1,0.1001129150390625,0.05,2026,855cff0af5d60aa9d5a8c90508574eff067b8298f5e3be1b714e1f0b13b97fb0,hqs_finetuned,29.953487524379852,0.8020139315510988,0.31743097899015993,0.021439600735902786
hevc_ParkScene_f0000,HEVC_B,ParkScene,test,0.1,0.1001129150390625,0.05,2027,616c9d9705b373591385f2413156aa80d8c2a3661cbd95fa1f705294f74ba092,hqs,29.645386683839558,0.7818010851584672,0.3265218089800328,0.002686082385480404
hevc_ParkScene_f0000,HEVC_B,ParkScene,test,0.1,0.1001129150390625,0.05,2027,616c9d9705b373591385f2413156aa80d8c2a3661cbd95fa1f705294f74ba092,hqs_round1,29.632413068181293,0.7843795185542106,0.32469813199713826,0.0025494014844298363
hevc_ParkScene_f0000,HEVC_B,ParkScene,test,0.1,0.1001129150390625,0.05,2027,616c9d9705b373591385f2413156aa80d8c2a3661cbd95fa1f705294f74ba092,hqs_finetuned,30.050075073088593,0.8079376972439289,0.3203073189361021,0.024021435528993607
hevc_ParkScene_f0000,HEVC_B,ParkScene,test,0.1,0.1001129150390625,0.05,2028,7621a9d35eed2792600959345a1d3248ccf03d97ee11a64c5d17ed4fbf76999c,hqs,29.552380244271717,0.776391346763134,0.3264430039562285,0.0028336711693555117
hevc_ParkScene_f0000,HEVC_B,ParkScene,test,0.1,0.1001129150390625,0.05,2028,7621a9d35eed2792600959345a1d3248ccf03d97ee11a64c5d17ed4fbf76999c,hqs_round1,29.52197291925112,0.7783254042673111,0.3225627529900521,0.002674476010724902
hevc_ParkScene_f0000,HEVC_B,ParkScene,test,0.1,0.1001129150390625,0.05,2028,7621a9d35eed2792600959345a1d3248ccf03d97ee11a64c5d17ed4fbf76999c,hqs_finetuned,29.964660867225426,0.8026059219729901,0.32194314908701926,0.023921702057123184
hevc_ParkScene_f0080,HEVC_B,ParkScene,test,0.01,0.01031494140625,0.0,2026,0150552a391892331ac25676b5d6451c5d17ddb82b1cdd951dd2cd4f656bb683,hqs,25.47364675391468,0.572887704283682,0.3224526420235634,0.004173590335994959
hevc_ParkScene_f0080,HEVC_B,ParkScene,test,0.01,0.01031494140625,0.0,2026,0150552a391892331ac25676b5d6451c5d17ddb82b1cdd951dd2cd4f656bb683,hqs_round1,25.470354634524483,0.5723998319022175,0.3214088670210913,0.003988157492130995
hevc_ParkScene_f0080,HEVC_B,ParkScene,test,0.01,0.01031494140625,0.0,2026,0150552a391892331ac25676b5d6451c5d17ddb82b1cdd951dd2cd4f656bb683,hqs_finetuned,25.507241132737125,0.5742762371344841,0.321492693037726,0.005744833033531904
hevc_ParkScene_f0080,HEVC_B,ParkScene,test,0.04,0.041259765625,0.0,2026,d027a6be242220fb04cc92671380a1dfe50f3b855ee5809774d76b9634f2a921,hqs,28.592340412630946,0.7414290213885791,0.32231871993280947,0.0030264996457844973
hevc_ParkScene_f0080,HEVC_B,ParkScene,test,0.04,0.041259765625,0.0,2026,d027a6be242220fb04cc92671380a1dfe50f3b855ee5809774d76b9634f2a921,hqs_round1,28.60428653126441,0.7415651442829706,0.32131771300919354,0.003028289182111621
hevc_ParkScene_f0080,HEVC_B,ParkScene,test,0.04,0.041259765625,0.0,2026,d027a6be242220fb04cc92671380a1dfe50f3b855ee5809774d76b9634f2a921,hqs_finetuned,28.662496947278882,0.7427279144367128,0.3182096229866147,0.005747966468334198
hevc_ParkScene_f0080,HEVC_B,ParkScene,test,0.1,0.1001129150390625,0.0,2026,1c485b3c6860e0ec80f8cacf5446d28e4e361258ef233db688b6fe134ff1fa69,hqs,30.99923970995885,0.8460052364530564,0.32775788207072765,0.002820239868015051
hevc_ParkScene_f0080,HEVC_B,ParkScene,test,0.1,0.1001129150390625,0.0,2026,1c485b3c6860e0ec80f8cacf5446d28e4e361258ef233db688b6fe134ff1fa69,hqs_round1,31.04561164098144,0.8467444456977844,0.3193005109205842,0.0029113527853041887
hevc_ParkScene_f0080,HEVC_B,ParkScene,test,0.1,0.1001129150390625,0.0,2026,1c485b3c6860e0ec80f8cacf5446d28e4e361258ef233db688b6fe134ff1fa69,hqs_finetuned,31.104586978296197,0.8478498614821434,0.31879656098317355,0.003131011500954628
hevc_ParkScene_f0080,HEVC_B,ParkScene,test,0.25,0.25,0.0,2026,456f3902e387922932724d43d82cb5da3545a0c5ee0b22b5291aa5716ccbd021,hqs,34.97166488254772,0.9339068936815261,0.32526630198117346,0.0020882864482700825
hevc_ParkScene_f0080,HEVC_B,ParkScene,test,0.25,0.25,0.0,2026,456f3902e387922932724d43d82cb5da3545a0c5ee0b22b5291aa5716ccbd021,hqs_round1,35.04805639895899,0.934742764134407,0.3196262790588662,0.002424488542601466
hevc_ParkScene_f0080,HEVC_B,ParkScene,test,0.25,0.25,0.0,2026,456f3902e387922932724d43d82cb5da3545a0c5ee0b22b5291aa5716ccbd021,hqs_finetuned,35.09536566016047,0.9352266806678772,0.3232669970020652,0.0025163949467241764
hevc_ParkScene_f0080,HEVC_B,ParkScene,test,0.5,0.4998931884765625,0.0,2026,b6cde3ac0a16bf5019e6b34fbccf10de570baab1e7fe2c33176cfcb0ffc0cabd,hqs,40.1232618501428,0.977309413722992,0.3275324470596388,0.0019549825228750706
hevc_ParkScene_f0080,HEVC_B,ParkScene,test,0.5,0.4998931884765625,0.0,2026,b6cde3ac0a16bf5019e6b34fbccf10de570baab1e7fe2c33176cfcb0ffc0cabd,hqs_round1,40.34526415806391,0.9782040137996674,0.31939280906226486,0.0022369592916220427
hevc_ParkScene_f0080,HEVC_B,ParkScene,test,0.5,0.4998931884765625,0.0,2026,b6cde3ac0a16bf5019e6b34fbccf10de570baab1e7fe2c33176cfcb0ffc0cabd,hqs_finetuned,40.405361350383764,0.9782963406381607,0.32580864802002907,0.002269328571856022
hevc_ParkScene_f0080,HEVC_B,ParkScene,test,0.1,0.1001129150390625,0.01,2026,380850db1b97225571e842e5b442f4e34fbe20a9d3e183cc2ea4df208542e1a0,hqs,30.912468227760336,0.8429355465738774,0.32133671396877617,0.0027171350084245205
hevc_ParkScene_f0080,HEVC_B,ParkScene,test,0.1,0.1001129150390625,0.01,2026,380850db1b97225571e842e5b442f4e34fbe20a9d3e183cc2ea4df208542e1a0,hqs_round1,30.927538033721234,0.8434610305657386,0.3219960839487612,0.0028617470525205135
hevc_ParkScene_f0080,HEVC_B,ParkScene,test,0.1,0.1001129150390625,0.01,2026,380850db1b97225571e842e5b442f4e34fbe20a9d3e183cc2ea4df208542e1a0,hqs_finetuned,30.991931127885163,0.8444952220394611,0.31688410602509975,0.0035436975304037333
hevc_ParkScene_f0080,HEVC_B,ParkScene,test,0.1,0.1001129150390625,0.01,2027,da6675161788c72713767e93e243e109f93d8b334693badece0acfd74a9244b7,hqs,30.851110833515083,0.8412880664248467,0.3227144939592108,0.0027167275547981262
hevc_ParkScene_f0080,HEVC_B,ParkScene,test,0.1,0.1001129150390625,0.01,2027,da6675161788c72713767e93e243e109f93d8b334693badece0acfd74a9244b7,hqs_round1,30.88913113539624,0.8421596983923912,0.31986776599660516,0.0028129618149250746
hevc_ParkScene_f0080,HEVC_B,ParkScene,test,0.1,0.1001129150390625,0.01,2027,da6675161788c72713767e93e243e109f93d8b334693badece0acfd74a9244b7,hqs_finetuned,30.95567234509791,0.8432967838497162,0.3200294889975339,0.003627635072916746
hevc_ParkScene_f0080,HEVC_B,ParkScene,test,0.1,0.1001129150390625,0.01,2028,9955cd168a7fbaf3fde4646d0ee967ba484fa8cb082f30ab94c2e1f0cc79a271,hqs,30.89017818024203,0.8418918334372043,0.32638542097993195,0.002737806411460042
hevc_ParkScene_f0080,HEVC_B,ParkScene,test,0.1,0.1001129150390625,0.01,2028,9955cd168a7fbaf3fde4646d0ee967ba484fa8cb082f30ab94c2e1f0cc79a271,hqs_round1,30.882700755178007,0.8420733583703041,0.31723769602831453,0.0029621224384754896
hevc_ParkScene_f0080,HEVC_B,ParkScene,test,0.1,0.1001129150390625,0.01,2028,9955cd168a7fbaf3fde4646d0ee967ba484fa8cb082f30ab94c2e1f0cc79a271,hqs_finetuned,30.96110725556339,0.8435661133277417,0.32085960102267563,0.0035753650590777397
hevc_ParkScene_f0080,HEVC_B,ParkScene,test,0.1,0.1001129150390625,0.05,2026,72fec67e6bd348a72ac775af952848e49993ab14e77d1b79aa2c8b67b1e5c948,hqs,29.14455489475625,0.7564122100057602,0.3220985160442069,0.0028528948314487934
hevc_ParkScene_f0080,HEVC_B,ParkScene,test,0.1,0.1001129150390625,0.05,2026,72fec67e6bd348a72ac775af952848e49993ab14e77d1b79aa2c8b67b1e5c948,hqs_round1,29.12064507509811,0.7586648560960293,0.3201112160459161,0.002356539014726877
hevc_ParkScene_f0080,HEVC_B,ParkScene,test,0.1,0.1001129150390625,0.05,2026,72fec67e6bd348a72ac775af952848e49993ab14e77d1b79aa2c8b67b1e5c948,hqs_finetuned,29.63463873067651,0.789589023084402,0.3203851149883121,0.02965645305812359
hevc_ParkScene_f0080,HEVC_B,ParkScene,test,0.1,0.1001129150390625,0.05,2027,3db4cb55f574a2da58521101e890ba84579337f32c1533e30925d424e6801315,hqs,29.115041989081554,0.7615190054154396,0.3252273879479617,0.0029638472478836775
hevc_ParkScene_f0080,HEVC_B,ParkScene,test,0.1,0.1001129150390625,0.05,2027,3db4cb55f574a2da58521101e890ba84579337f32c1533e30925d424e6801315,hqs_round1,29.082721765516375,0.7631201850469113,0.3226663360837847,0.002478524576872587
hevc_ParkScene_f0080,HEVC_B,ParkScene,test,0.1,0.1001129150390625,0.05,2027,3db4cb55f574a2da58521101e890ba84579337f32c1533e30925d424e6801315,hqs_finetuned,29.641200834564792,0.7908911732780933,0.32313458796124905,0.02905600517988205
hevc_ParkScene_f0080,HEVC_B,ParkScene,test,0.1,0.1001129150390625,0.05,2028,4839fea461253e7f747874c4abad3571fdc08d94c8d1a86d9901a8185265be6e,hqs,29.043848186126084,0.7544618351589442,0.32381356495898217,0.0029026430565863848
hevc_ParkScene_f0080,HEVC_B,ParkScene,test,0.1,0.1001129150390625,0.05,2028,4839fea461253e7f747874c4abad3571fdc08d94c8d1a86d9901a8185265be6e,hqs_round1,29.01074001448999,0.7566195571197272,0.32406340597663075,0.002601585118100047
hevc_ParkScene_f0080,HEVC_B,ParkScene,test,0.1,0.1001129150390625,0.05,2028,4839fea461253e7f747874c4abad3571fdc08d94c8d1a86d9901a8185265be6e,hqs_finetuned,29.553831950644657,0.7850645760457515,0.3236171349417418,0.03141041845083237
hevc_ParkScene_f0160,HEVC_B,ParkScene,test,0.01,0.01031494140625,0.0,2026,8813acb5cbea146d01b0197c2a9a8338794fa459de4052011c3dd486b9ed6e7d,hqs,25.532310648324014,0.5392631017530255,0.3302036760142073,0.003369373269379139
hevc_ParkScene_f0160,HEVC_B,ParkScene,test,0.01,0.01031494140625,0.0,2026,8813acb5cbea146d01b0197c2a9a8338794fa459de4052011c3dd486b9ed6e7d,hqs_round1,25.48655658182492,0.5361154054747693,0.3238079850561917,0.003030903870239854
hevc_ParkScene_f0160,HEVC_B,ParkScene,test,0.01,0.01031494140625,0.0,2026,8813acb5cbea146d01b0197c2a9a8338794fa459de4052011c3dd486b9ed6e7d,hqs_finetuned,25.443470645272292,0.5314958995552748,0.32231802796013653,0.007608762476593256
hevc_ParkScene_f0160,HEVC_B,ParkScene,test,0.04,0.041259765625,0.0,2026,429b60547f5f7e224ee8dcb862d3574d613004e1acbdba859bf7861cbb4cb27b,hqs,28.220324335262617,0.7110553454506994,0.3299740239745006,0.0032509316224604845
hevc_ParkScene_f0160,HEVC_B,ParkScene,test,0.04,0.041259765625,0.0,2026,429b60547f5f7e224ee8dcb862d3574d613004e1acbdba859bf7861cbb4cb27b,hqs_round1,28.203204430004813,0.7100925547062624,0.40354828198906034,0.002826020820066333
hevc_ParkScene_f0160,HEVC_B,ParkScene,test,0.04,0.041259765625,0.0,2026,429b60547f5f7e224ee8dcb862d3574d613004e1acbdba859bf7861cbb4cb27b,hqs_finetuned,28.187560892817118,0.7087325489607006,0.3210470719495788,0.003914185333997011
hevc_ParkScene_f0160,HEVC_B,ParkScene,test,0.1,0.1001129150390625,0.0,2026,eeac34cecacae82de3d32d49198f8b6126942a78423fb7ae41c9bd3896d5060d,hqs,30.45997891285412,0.8224028076047898,0.3196653709746897,0.002568964147940278
hevc_ParkScene_f0160,HEVC_B,ParkScene,test,0.1,0.1001129150390625,0.0,2026,eeac34cecacae82de3d32d49198f8b6126942a78423fb7ae41c9bd3896d5060d,hqs_round1,30.564489166866732,0.8243546917414665,0.3246077890507877,0.0025574315804988146
hevc_ParkScene_f0160,HEVC_B,ParkScene,test,0.1,0.1001129150390625,0.0,2026,eeac34cecacae82de3d32d49198f8b6126942a78423fb7ae41c9bd3896d5060d,hqs_finetuned,30.598135938103738,0.8241480110177993,0.3226780619006604,0.002737317932769656
hevc_ParkScene_f0160,HEVC_B,ParkScene,test,0.25,0.25,0.0,2026,5b97e6a1e252a71f0030e6ad19e2afd02bd1cde80636deff2c657932edb5dad7,hqs,34.213663842547305,0.9193997320308686,0.3256487339967862,0.0023581208661198616
hevc_ParkScene_f0160,HEVC_B,ParkScene,test,0.25,0.25,0.0,2026,5b97e6a1e252a71f0030e6ad19e2afd02bd1cde80636deff2c657932edb5dad7,hqs_round1,34.217032335938335,0.919228861251831,0.32212784804869443,0.0024994886480271816
hevc_ParkScene_f0160,HEVC_B,ParkScene,test,0.25,0.25,0.0,2026,5b97e6a1e252a71f0030e6ad19e2afd02bd1cde80636deff2c657932edb5dad7,hqs_finetuned,34.26132694590184,0.9196371400337219,0.3212976730428636,0.002619967795908451
hevc_ParkScene_f0160,HEVC_B,ParkScene,test,0.5,0.4998931884765625,0.0,2026,49908f854adcb5dcd29b62387514e171c0628147093d603b1daacff10debe881,hqs,38.96834997098124,0.9699493936548234,0.32426956098061055,0.0017717432929202914
hevc_ParkScene_f0160,HEVC_B,ParkScene,test,0.5,0.4998931884765625,0.0,2026,49908f854adcb5dcd29b62387514e171c0628147093d603b1daacff10debe881,hqs_round1,39.105835591078865,0.9706243447933197,0.31772882700897753,0.0019405047642067075
hevc_ParkScene_f0160,HEVC_B,ParkScene,test,0.5,0.4998931884765625,0.0,2026,49908f854adcb5dcd29b62387514e171c0628147093d603b1daacff10debe881,hqs_finetuned,39.135921490904515,0.9706174203872681,0.31774742901325226,0.0023935751523822546
hevc_ParkScene_f0160,HEVC_B,ParkScene,test,0.1,0.1001129150390625,0.01,2026,e41cc84d0c864c50978a2080a2fe6f455b4fcb9d04379f1ad58766b3d33243fc,hqs,30.369828331671883,0.8185056033668519,0.3294553899904713,0.0024328671861439943
hevc_ParkScene_f0160,HEVC_B,ParkScene,test,0.1,0.1001129150390625,0.01,2026,e41cc84d0c864c50978a2080a2fe6f455b4fcb9d04379f1ad58766b3d33243fc,hqs_round1,30.44415658618183,0.8200604956274032,0.3209501439705491,0.0024256138131022453
hevc_ParkScene_f0160,HEVC_B,ParkScene,test,0.1,0.1001129150390625,0.01,2026,e41cc84d0c864c50978a2080a2fe6f455b4fcb9d04379f1ad58766b3d33243fc,hqs_finetuned,30.48978335532581,0.8199225652518273,0.3228312110295519,0.0032270862720906734
hevc_ParkScene_f0160,HEVC_B,ParkScene,test,0.1,0.1001129150390625,0.01,2027,9861fea2751f5c97b12bff7b43f19abfae702d80db731abc3b9e383bb8f25e9d,hqs,30.366877838721678,0.8185891106481552,0.3248540529748425,0.0025229663588106632
hevc_ParkScene_f0160,HEVC_B,ParkScene,test,0.1,0.1001129150390625,0.01,2027,9861fea2751f5c97b12bff7b43f19abfae702d80db731abc3b9e383bb8f25e9d,hqs_round1,30.425795264314832,0.819425118637085,0.3207234700676054,0.0025225230492651463
hevc_ParkScene_f0160,HEVC_B,ParkScene,test,0.1,0.1001129150390625,0.01,2027,9861fea2751f5c97b12bff7b43f19abfae702d80db731abc3b9e383bb8f25e9d,hqs_finetuned,30.459845664097074,0.8193156006641388,0.32260866300202906,0.0032186496537178755
hevc_ParkScene_f0160,HEVC_B,ParkScene,test,0.1,0.1001129150390625,0.01,2028,1fc6763432dc7a432ffe90a27a6835bf1ef30fbc8ad55ea3912314a9ae314a4d,hqs,30.34829355637841,0.8172966022071838,0.3260277269873768,0.002477040281519294
hevc_ParkScene_f0160,HEVC_B,ParkScene,test,0.1,0.1001129150390625,0.01,2028,1fc6763432dc7a432ffe90a27a6835bf1ef30fbc8ad55ea3912314a9ae314a4d,hqs_round1,30.431848571412846,0.8190269077539444,0.35066575498785824,0.0024392062332481146
hevc_ParkScene_f0160,HEVC_B,ParkScene,test,0.1,0.1001129150390625,0.01,2028,1fc6763432dc7a432ffe90a27a6835bf1ef30fbc8ad55ea3912314a9ae314a4d,hqs_finetuned,30.46765298194913,0.8188394599814415,0.3457070169970393,0.0029888038989156485
hevc_ParkScene_f0160,HEVC_B,ParkScene,test,0.1,0.1001129150390625,0.05,2026,6b7478b705ef2839fe82c567688f9d05b963ce608ba9f50b439b6a3ff3d6d988,hqs,28.65502794037908,0.7341580978100299,0.3244161530165002,0.0026124869473278522
hevc_ParkScene_f0160,HEVC_B,ParkScene,test,0.1,0.1001129150390625,0.05,2026,6b7478b705ef2839fe82c567688f9d05b963ce608ba9f50b439b6a3ff3d6d988,hqs_round1,28.644098818027352,0.7356636628341675,0.322258886997588,0.0020652776584029198
hevc_ParkScene_f0160,HEVC_B,ParkScene,test,0.1,0.1001129150390625,0.05,2026,6b7478b705ef2839fe82c567688f9d05b963ce608ba9f50b439b6a3ff3d6d988,hqs_finetuned,29.15551260719696,0.7588578175046444,0.3245128990383819,0.030124492943286896
hevc_ParkScene_f0160,HEVC_B,ParkScene,test,0.1,0.1001129150390625,0.05,2027,d1fbe0233522be84b84f293ea67f35acf54fa7fb8575bb4fc3969bb925ef90f4,hqs,28.676867359462662,0.7349954843200445,0.3271892840275541,0.0024083885364234447
hevc_ParkScene_f0160,HEVC_B,ParkScene,test,0.1,0.1001129150390625,0.05,2027,d1fbe0233522be84b84f293ea67f35acf54fa7fb8575bb4fc3969bb925ef90f4,hqs_round1,28.659727506627828,0.7357441447102092,0.32155981892719865,0.002024867106229067
hevc_ParkScene_f0160,HEVC_B,ParkScene,test,0.1,0.1001129150390625,0.05,2027,d1fbe0233522be84b84f293ea67f35acf54fa7fb8575bb4fc3969bb925ef90f4,hqs_finetuned,29.128256702806897,0.7573058435099125,0.32401347695849836,0.03011147677898407
hevc_ParkScene_f0160,HEVC_B,ParkScene,test,0.1,0.1001129150390625,0.05,2028,ec5809634e5d49e1f723453fe8b436cbd3b92ec0de4feff4e20ff4c4861e8544,hqs,28.643837390102295,0.7328863372709751,0.3241496760165319,0.002421095734462142
hevc_ParkScene_f0160,HEVC_B,ParkScene,test,0.1,0.1001129150390625,0.05,2028,ec5809634e5d49e1f723453fe8b436cbd3b92ec0de4feff4e20ff4c4861e8544,hqs_round1,28.62702283206437,0.7337002150917054,0.32433465600479394,0.0019288068870082498
hevc_ParkScene_f0160,HEVC_B,ParkScene,test,0.1,0.1001129150390625,0.05,2028,ec5809634e5d49e1f723453fe8b436cbd3b92ec0de4feff4e20ff4c4861e8544,hqs_finetuned,29.08758417489492,0.7555208746467829,0.326156739029102,0.02733633667230606
hevc_FourPeople_f0000,HEVC_E,FourPeople,test,0.01,0.01031494140625,0.0,2026,98c57e198d90f3560b1f3b1e18a1d95881d0520338ab813f24f361a6b257d9b2,hqs,23.6990447416962,0.6818762471465335,0.3241907609626651,0.003980065230280161
hevc_FourPeople_f0000,HEVC_E,FourPeople,test,0.01,0.01031494140625,0.0,2026,98c57e198d90f3560b1f3b1e18a1d95881d0520338ab813f24f361a6b257d9b2,hqs_round1,23.725355299282693,0.682496190990061,0.3216455610236153,0.004210101440548897
hevc_FourPeople_f0000,HEVC_E,FourPeople,test,0.01,0.01031494140625,0.0,2026,98c57e198d90f3560b1f3b1e18a1d95881d0520338ab813f24f361a6b257d9b2,hqs_finetuned,23.853509734678426,0.6891123243652774,0.3255179770058021,0.006962599698454142
hevc_FourPeople_f0000,HEVC_E,FourPeople,test,0.04,0.041259765625,0.0,2026,42a35d0943d1f920fd27073780a6d6d2091e9761f3bf620958454d76169b656d,hqs,28.87066367422454,0.8750212232647836,0.33246025105472654,0.003566376632079482
hevc_FourPeople_f0000,HEVC_E,FourPeople,test,0.04,0.041259765625,0.0,2026,42a35d0943d1f920fd27073780a6d6d2091e9761f3bf620958454d76169b656d,hqs_round1,28.880711754245326,0.8755222305545359,0.3281398540129885,0.0037010367959737778
hevc_FourPeople_f0000,HEVC_E,FourPeople,test,0.04,0.041259765625,0.0,2026,42a35d0943d1f920fd27073780a6d6d2091e9761f3bf620958454d76169b656d,hqs_finetuned,28.968615138201066,0.8780919619555473,0.3241500740405172,0.004313245415687561
hevc_FourPeople_f0000,HEVC_E,FourPeople,test,0.1,0.1001129150390625,0.0,2026,9ba1d01a92742cfb02099d2c065eedac66b6483d48ad6aa69d8ce0cc2d28520b,hqs,32.731516703062795,0.9455336523323059,0.3319001100026071,0.0032842732034623623
hevc_FourPeople_f0000,HEVC_E,FourPeople,test,0.1,0.1001129150390625,0.0,2026,9ba1d01a92742cfb02099d2c065eedac66b6483d48ad6aa69d8ce0cc2d28520b,hqs_round1,33.0257369294376,0.9481140197730065,0.3283847130369395,0.003661966882646084
hevc_FourPeople_f0000,HEVC_E,FourPeople,test,0.1,0.1001129150390625,0.0,2026,9ba1d01a92742cfb02099d2c065eedac66b6483d48ad6aa69d8ce0cc2d28520b,hqs_finetuned,33.155541269241326,0.9491586718120575,0.33044469088781625,0.003990716766566038
hevc_FourPeople_f0000,HEVC_E,FourPeople,test,0.25,0.25,0.0,2026,c08eb4cb476a022c8033f159c816078af99d2e8bcdce53f2c5eaea7cbc5a6ae8,hqs,39.618462660288024,0.9863236230211258,0.3273502680240199,0.0023575578816235065
hevc_FourPeople_f0000,HEVC_E,FourPeople,test,0.25,0.25,0.0,2026,c08eb4cb476a022c8033f159c816078af99d2e8bcdce53f2c5eaea7cbc5a6ae8,hqs_round1,39.8322934394231,0.9868703870010376,0.3296608009841293,0.0027947325725108385
hevc_FourPeople_f0000,HEVC_E,FourPeople,test,0.25,0.25,0.0,2026,c08eb4cb476a022c8033f159c816078af99d2e8bcdce53f2c5eaea7cbc5a6ae8,hqs_finetuned,39.94389889078172,0.9872017342395782,0.33114306605421007,0.002922907005995512
hevc_FourPeople_f0000,HEVC_E,FourPeople,test,0.5,0.4998931884765625,0.0,2026,9d4a98487e37d0744882a70fb560a54c9adda0ab85fa18579789797b2b043961,hqs,46.838800800077934,0.9959477300844193,0.3300141521031037,0.0013868121895939112
hevc_FourPeople_f0000,HEVC_E,FourPeople,test,0.5,0.4998931884765625,0.0,2026,9d4a98487e37d0744882a70fb560a54c9adda0ab85fa18579789797b2b043961,hqs_round1,46.9683864552084,0.9960249277801514,0.3260463799815625,0.0019691460765898228
hevc_FourPeople_f0000,HEVC_E,FourPeople,test,0.5,0.4998931884765625,0.0,2026,9d4a98487e37d0744882a70fb560a54c9adda0ab85fa18579789797b2b043961,hqs_finetuned,47.05986722884894,0.9960620470275879,0.32470276299864054,0.00182408990804106
hevc_FourPeople_f0000,HEVC_E,FourPeople,test,0.1,0.1001129150390625,0.01,2026,e118bd1bea93203bb957e0a5d306387a413e8111bbe5b829de408a77d5ecd78c,hqs,32.07913291161041,0.9350051434755325,0.3306816730182618,0.002680444624274969
hevc_FourPeople_f0000,HEVC_E,FourPeople,test,0.1,0.1001129150390625,0.01,2026,e118bd1bea93203bb957e0a5d306387a413e8111bbe5b829de408a77d5ecd78c,hqs_round1,32.237672276141566,0.9374927683677673,0.3258399589685723,0.0030436990782618523
hevc_FourPeople_f0000,HEVC_E,FourPeople,test,0.1,0.1001129150390625,0.01,2026,e118bd1bea93203bb957e0a5d306387a413e8111bbe5b829de408a77d5ecd78c,hqs_finetuned,32.37996501525568,0.9395871570072174,0.32342973491176963,0.00447461474686861
hevc_FourPeople_f0000,HEVC_E,FourPeople,test,0.1,0.1001129150390625,0.01,2027,9c51c13543d1cff60153804c5da80a76cf6470ec7b9468c88babd5a3f8a6559d,hqs,31.941267969833902,0.9339155029530525,0.3266897660214454,0.0025893428828567266
hevc_FourPeople_f0000,HEVC_E,FourPeople,test,0.1,0.1001129150390625,0.01,2027,9c51c13543d1cff60153804c5da80a76cf6470ec7b9468c88babd5a3f8a6559d,hqs_round1,32.14848764624453,0.9371617252640724,0.32406506303232163,0.0030016147065907717
hevc_FourPeople_f0000,HEVC_E,FourPeople,test,0.1,0.1001129150390625,0.01,2027,9c51c13543d1cff60153804c5da80a76cf6470ec7b9468c88babd5a3f8a6559d,hqs_finetuned,32.285665855744874,0.9390411017811299,0.3225844179978594,0.004136221949011087
hevc_FourPeople_f0000,HEVC_E,FourPeople,test,0.1,0.1001129150390625,0.01,2028,150b276000348ce04cf82d7ce1f560e65c3b425392c252970a7be872907e082d,hqs,32.037121446182496,0.9346604167950153,0.32548002200201154,0.0026548400055617094
hevc_FourPeople_f0000,HEVC_E,FourPeople,test,0.1,0.1001129150390625,0.01,2028,150b276000348ce04cf82d7ce1f560e65c3b425392c252970a7be872907e082d,hqs_round1,32.187948967265704,0.9375300034787655,0.31771963799837977,0.003006619866937399
hevc_FourPeople_f0000,HEVC_E,FourPeople,test,0.1,0.1001129150390625,0.01,2028,150b276000348ce04cf82d7ce1f560e65c3b425392c252970a7be872907e082d,hqs_finetuned,32.33582349517834,0.939633307811737,0.3238194170407951,0.0043213083408772945
hevc_FourPeople_f0000,HEVC_E,FourPeople,test,0.1,0.1001129150390625,0.05,2026,f03ea569d3c6eca6c0abdce46572bc63584f4c56c97797426c25fb053fd69741,hqs,28.341785873147984,0.7823545235496759,0.3332347919931635,0.002750673098489642
hevc_FourPeople_f0000,HEVC_E,FourPeople,test,0.1,0.1001129150390625,0.05,2026,f03ea569d3c6eca6c0abdce46572bc63584f4c56c97797426c25fb053fd69741,hqs_round1,28.289667537952184,0.7854465879403353,0.3266956500010565,0.0024371016770601273
hevc_FourPeople_f0000,HEVC_E,FourPeople,test,0.1,0.1001129150390625,0.05,2026,f03ea569d3c6eca6c0abdce46572bc63584f4c56c97797426c25fb053fd69741,hqs_finetuned,29.373083323170682,0.8817582426599264,0.3197720000753179,0.036260936409235
hevc_FourPeople_f0000,HEVC_E,FourPeople,test,0.1,0.1001129150390625,0.05,2027,d896e8078ea4c76979ccd560f546f6af53edbee0fcdadff186b00a5704d029a3,hqs,28.232796158002845,0.7817934967263938,0.3301107039442286,0.0025208161678165197
hevc_FourPeople_f0000,HEVC_E,FourPeople,test,0.1,0.1001129150390625,0.05,2027,d896e8078ea4c76979ccd560f546f6af53edbee0fcdadff186b00a5704d029a3,hqs_round1,28.192543777042232,0.7854314732143283,0.3257290510227904,0.0022574751637876034
hevc_FourPeople_f0000,HEVC_E,FourPeople,test,0.1,0.1001129150390625,0.05,2027,d896e8078ea4c76979ccd560f546f6af53edbee0fcdadff186b00a5704d029a3,hqs_finetuned,29.262862203539793,0.8800078505090475,0.31961093097925186,0.03549351543188095
hevc_FourPeople_f0000,HEVC_E,FourPeople,test,0.1,0.1001129150390625,0.05,2028,2e7ece02cc42cff8421cb6092f1c68b2bc9241e0f67a1bb00b2690a1eefef41f,hqs,28.227898810444024,0.7773068462475539,0.32780764100607485,0.0025934865698218346
hevc_FourPeople_f0000,HEVC_E,FourPeople,test,0.1,0.1001129150390625,0.05,2028,2e7ece02cc42cff8421cb6092f1c68b2bc9241e0f67a1bb00b2690a1eefef41f,hqs_round1,28.185915458954348,0.7812641090202928,0.31859959103167057,0.002350871218368411
hevc_FourPeople_f0000,HEVC_E,FourPeople,test,0.1,0.1001129150390625,0.05,2028,2e7ece02cc42cff8421cb6092f1c68b2bc9241e0f67a1bb00b2690a1eefef41f,hqs_finetuned,29.26024439521511,0.8786090892485678,0.3227057659532875,0.03537418320775032
hevc_FourPeople_f0200,HEVC_E,FourPeople,test,0.01,0.01031494140625,0.0,2026,ef02a4b9f1b84c56b5610d4d10666add9754d90d93945a8afbd471e02db5db2a,hqs,23.94048108907608,0.693825908342763,0.32296691089868546,0.003720013191923499
hevc_FourPeople_f0200,HEVC_E,FourPeople,test,0.01,0.01031494140625,0.0,2026,ef02a4b9f1b84c56b5610d4d10666add9754d90d93945a8afbd471e02db5db2a,hqs_round1,23.96738746148194,0.6949808916210228,0.32145703898277134,0.003672703169286251
hevc_FourPeople_f0200,HEVC_E,FourPeople,test,0.01,0.01031494140625,0.0,2026,ef02a4b9f1b84c56b5610d4d10666add9754d90d93945a8afbd471e02db5db2a,hqs_finetuned,24.151096765187432,0.7014884332923943,0.3212781799957156,0.005793958902359009
hevc_FourPeople_f0200,HEVC_E,FourPeople,test,0.04,0.041259765625,0.0,2026,20401c6981013cf1a62fb18579ac235290e9d5f0c7385201b0fe0b969fa7545d,hqs,29.262157460805017,0.8853293239350915,0.3590912740910426,0.00378902698867023
hevc_FourPeople_f0200,HEVC_E,FourPeople,test,0.04,0.041259765625,0.0,2026,20401c6981013cf1a62fb18579ac235290e9d5f0c7385201b0fe0b969fa7545d,hqs_round1,29.258741771756952,0.8851722062693834,0.33491115702781826,0.003949857782572508
hevc_FourPeople_f0200,HEVC_E,FourPeople,test,0.04,0.041259765625,0.0,2026,20401c6981013cf1a62fb18579ac235290e9d5f0c7385201b0fe0b969fa7545d,hqs_finetuned,29.310000215621145,0.8872740682344437,0.32363466604147106,0.0045523508451879025
hevc_FourPeople_f0200,HEVC_E,FourPeople,test,0.1,0.1001129150390625,0.0,2026,0429cb089558711871c231e115f5040286dede66c7ed9682e8f0dcabbc041e61,hqs,33.52905138333709,0.9544134727120399,0.3239713499788195,0.0033296961337327957
hevc_FourPeople_f0200,HEVC_E,FourPeople,test,0.1,0.1001129150390625,0.0,2026,0429cb089558711871c231e115f5040286dede66c7ed9682e8f0dcabbc041e61,hqs_round1,33.72538329613534,0.9558699874353409,0.32233687897678465,0.003703686874359846
hevc_FourPeople_f0200,HEVC_E,FourPeople,test,0.1,0.1001129150390625,0.0,2026,0429cb089558711871c231e115f5040286dede66c7ed9682e8f0dcabbc041e61,hqs_finetuned,33.83179359885474,0.9565733716335296,0.3270371229154989,0.0038356510922312737
hevc_FourPeople_f0200,HEVC_E,FourPeople,test,0.25,0.25,0.0,2026,343aed9beec2c2bdf29ad1ddd87dd9a373b0740da77dd896ea2c669278714334,hqs,40.22372968364891,0.9875140265111924,0.3262973460368812,0.0020652494858950377
hevc_FourPeople_f0200,HEVC_E,FourPeople,test,0.25,0.25,0.0,2026,343aed9beec2c2bdf29ad1ddd87dd9a373b0740da77dd896ea2c669278714334,hqs_round1,40.5328124868851,0.9882136863269806,0.3245678850216791,0.002526623662561178
hevc_FourPeople_f0200,HEVC_E,FourPeople,test,0.25,0.25,0.0,2026,343aed9beec2c2bdf29ad1ddd87dd9a373b0740da77dd896ea2c669278714334,hqs_finetuned,40.61941517712011,0.9883313337364197,0.32219743204768747,0.002711999462917447
hevc_FourPeople_f0200,HEVC_E,FourPeople,test,0.5,0.4998931884765625,0.0,2026,e3338e7553eb03d1b88368aa0ab95bfae10c147fdd44e0eddd8fc0553da12ca3,hqs,47.30062538074264,0.996219446275711,0.32468222395982593,0.0012576410081237555
hevc_FourPeople_f0200,HEVC_E,FourPeople,test,0.5,0.4998931884765625,0.0,2026,e3338e7553eb03d1b88368aa0ab95bfae10c147fdd44e0eddd8fc0553da12ca3,hqs_round1,47.44632973432075,0.9962687731943131,0.3251887710066512,0.0017656683921813965
hevc_FourPeople_f0200,HEVC_E,FourPeople,test,0.5,0.4998931884765625,0.0,2026,e3338e7553eb03d1b88368aa0ab95bfae10c147fdd44e0eddd8fc0553da12ca3,hqs_finetuned,47.49260365808272,0.9962806424970627,0.32478585303761065,0.0017183675663545728
hevc_FourPeople_f0200,HEVC_E,FourPeople,test,0.1,0.1001129150390625,0.01,2026,81836ceae90d353b57e22ba925d9785e6616c20d660e845fc0e43b0ddab26c92,hqs,32.71664801316483,0.9428508703746795,0.32744947203900665,0.002666354877874255
hevc_FourPeople_f0200,HEVC_E,FourPeople,test,0.1,0.1001129150390625,0.01,2026,81836ceae90d353b57e22ba925d9785e6616c20d660e845fc0e43b0ddab26c92,hqs_round1,32.8864512887842,0.9454658062250614,0.3277976290555671,0.003021646523848176
hevc_FourPeople_f0200,HEVC_E,FourPeople,test,0.1,0.1001129150390625,0.01,2026,81836ceae90d353b57e22ba925d9785e6616c20d660e845fc0e43b0ddab26c92,hqs_finetuned,32.98601919510767,0.9472498685429096,0.3231438009534031,0.0046676043421030045
hevc_FourPeople_f0200,HEVC_E,FourPeople,test,0.1,0.1001129150390625,0.01,2027,ff5522d587a2bb49f01cff5790137e559cb539eb0cfab445507d710eff57ca53,hqs,32.71646547113509,0.9423614116122723,0.3247698179911822,0.0025654886849224567
hevc_FourPeople_f0200,HEVC_E,FourPeople,test,0.1,0.1001129150390625,0.01,2027,ff5522d587a2bb49f01cff5790137e559cb539eb0cfab445507d710eff57ca53,hqs_round1,32.90098903945321,0.9453065136966705,0.3256744269747287,0.0029181111603975296
hevc_FourPeople_f0200,HEVC_E,FourPeople,test,0.1,0.1001129150390625,0.01,2027,ff5522d587a2bb49f01cff5790137e559cb539eb0cfab445507d710eff57ca53,hqs_finetuned,33.020903963775496,0.9474253912823201,0.3216720559867099,0.004337618127465248
hevc_FourPeople_f0200,HEVC_E,FourPeople,test,0.1,0.1001129150390625,0.01,2028,faa1e10046c9727dcc6ac50245d3770bbd92f061937cf5781907455f7a067630,hqs,32.6815503789997,0.9426543092031479,0.3247954740654677,0.002813111525028944
hevc_FourPeople_f0200,HEVC_E,FourPeople,test,0.1,0.1001129150390625,0.01,2028,faa1e10046c9727dcc6ac50245d3770bbd92f061937cf5781907455f7a067630,hqs_round1,32.751525553923656,0.9442967186951637,0.32218754501082003,0.0031863092444837093
hevc_FourPeople_f0200,HEVC_E,FourPeople,test,0.1,0.1001129150390625,0.01,2028,faa1e10046c9727dcc6ac50245d3770bbd92f061937cf5781907455f7a067630,hqs_finetuned,32.826525526876324,0.9457526632746458,0.32486643898300827,0.004680031444877386
hevc_FourPeople_f0200,HEVC_E,FourPeople,test,0.1,0.1001129150390625,0.05,2026,7d27840c7deffc55034d89169f6308c3a4a3b30e364fa20bcb5a3e4a1df782b2,hqs,28.48776636437457,0.7833115748403072,0.3282586680725217,0.002338831312954426
hevc_FourPeople_f0200,HEVC_E,FourPeople,test,0.1,0.1001129150390625,0.05,2026,7d27840c7deffc55034d89169f6308c3a4a3b30e364fa20bcb5a3e4a1df782b2,hqs_round1,28.47221714024895,0.7878136637580395,0.32395683391951025,0.0022295541130006313
hevc_FourPeople_f0200,HEVC_E,FourPeople,test,0.1,0.1001129150390625,0.05,2026,7d27840c7deffc55034d89169f6308c3a4a3b30e364fa20bcb5a3e4a1df782b2,hqs_finetuned,29.567991959799098,0.8841795420150756,0.3223887160420418,0.03519501909613609
hevc_FourPeople_f0200,HEVC_E,FourPeople,test,0.1,0.1001129150390625,0.05,2027,1ca94e9372e1b4278547d4102e273b1f99991e0430073a4b66a6746300d86cba,hqs,28.5288859280066,0.7786884449518919,0.32525321503635496,0.0023446292616426945
hevc_FourPeople_f0200,HEVC_E,FourPeople,test,0.1,0.1001129150390625,0.05,2027,1ca94e9372e1b4278547d4102e273b1f99991e0430073a4b66a6746300d86cba,hqs_round1,28.522508060113083,0.7834699329920412,0.32476446393411607,0.0022141439840197563
hevc_FourPeople_f0200,HEVC_E,FourPeople,test,0.1,0.1001129150390625,0.05,2027,1ca94e9372e1b4278547d4102e273b1f99991e0430073a4b66a6746300d86cba,hqs_finetuned,29.66391926819423,0.8856772786594629,0.324317894061096,0.03460036590695381
hevc_FourPeople_f0200,HEVC_E,FourPeople,test,0.1,0.1001129150390625,0.05,2028,fa37b4340711dabedc90da626b167fdd8df86782c0860db09805834e355fb75c,hqs,28.49010941236164,0.781543754093647,0.32507873803842813,0.0024115927517414093
hevc_FourPeople_f0200,HEVC_E,FourPeople,test,0.1,0.1001129150390625,0.05,2028,fa37b4340711dabedc90da626b167fdd8df86782c0860db09805834e355fb75c,hqs_round1,28.476671298057585,0.7864937855554819,0.32422042300459,0.0022452317643910646
hevc_FourPeople_f0200,HEVC_E,FourPeople,test,0.1,0.1001129150390625,0.05,2028,fa37b4340711dabedc90da626b167fdd8df86782c0860db09805834e355fb75c,hqs_finetuned,29.598351482340636,0.8860223415534496,0.3341643000021577,0.035802651196718216
hevc_FourPeople_f0400,HEVC_E,FourPeople,test,0.01,0.01031494140625,0.0,2026,51862ca6adfa333cd6da30cd7a53f9754ac70785c3804d1529d8062be3df8887,hqs,23.71636814843057,0.6854304006037025,0.3275722119724378,0.003934003878384829
hevc_FourPeople_f0400,HEVC_E,FourPeople,test,0.01,0.01031494140625,0.0,2026,51862ca6adfa333cd6da30cd7a53f9754ac70785c3804d1529d8062be3df8887,hqs_round1,23.754648554399893,0.6867956602485049,0.32363357301801443,0.0037058559246361256
hevc_FourPeople_f0400,HEVC_E,FourPeople,test,0.01,0.01031494140625,0.0,2026,51862ca6adfa333cd6da30cd7a53f9754ac70785c3804d1529d8062be3df8887,hqs_finetuned,23.942934745295638,0.6933992467674437,0.323998628067784,0.0068142106756567955
hevc_FourPeople_f0400,HEVC_E,FourPeople,test,0.04,0.041259765625,0.0,2026,3dc9fb855b55533489727889113880b9a4c0687314f212809690aeeefea93364,hqs,29.127580120138038,0.8855752742798925,0.32631119701545686,0.004321788903325796
hevc_FourPeople_f0400,HEVC_E,FourPeople,test,0.04,0.041259765625,0.0,2026,3dc9fb855b55533489727889113880b9a4c0687314f212809690aeeefea93364,hqs_round1,29.162633418814256,0.8860467370983959,0.3228729129768908,0.004356494639068842
hevc_FourPeople_f0400,HEVC_E,FourPeople,test,0.04,0.041259765625,0.0,2026,3dc9fb855b55533489727889113880b9a4c0687314f212809690aeeefea93364,hqs_finetuned,29.203735746819135,0.8868025695494414,0.32243741396814585,0.0049133701249957085
hevc_FourPeople_f0400,HEVC_E,FourPeople,test,0.1,0.1001129150390625,0.0,2026,33d5e5b7dd818f75553b7a9ee02cdc48cca5d2f6c6c6152a5484086faaeee30f,hqs,33.421481142213985,0.9532004153194428,0.325645443983376,0.003303801640868187
hevc_FourPeople_f0400,HEVC_E,FourPeople,test,0.1,0.1001129150390625,0.0,2026,33d5e5b7dd818f75553b7a9ee02cdc48cca5d2f6c6c6152a5484086faaeee30f,hqs_round1,33.68888686534832,0.9551892739081382,0.32077148905955255,0.003767681308090687
hevc_FourPeople_f0400,HEVC_E,FourPeople,test,0.1,0.1001129150390625,0.0,2026,33d5e5b7dd818f75553b7a9ee02cdc48cca5d2f6c6c6152a5484086faaeee30f,hqs_finetuned,33.80316727340683,0.9560886715989113,0.32194999197963625,0.003919417504221201
hevc_FourPeople_f0400,HEVC_E,FourPeople,test,0.25,0.25,0.0,2026,cb490b62acb832e333cc2c4a10724935f7b91d3e9dacc2f8fff2f7cb7e44a749,hqs,40.23942690170638,0.9877956484270096,0.3275899749714881,0.0021249321289360523
hevc_FourPeople_f0400,HEVC_E,FourPeople,test,0.25,0.25,0.0,2026,cb490b62acb832e333cc2c4a10724935f7b91d3e9dacc2f8fff2f7cb7e44a749,hqs_round1,40.57533970241995,0.9885139309835433,0.3222058400278911,0.0026513109914958477
hevc_FourPeople_f0400,HEVC_E,FourPeople,test,0.25,0.25,0.0,2026,cb490b62acb832e333cc2c4a10724935f7b91d3e9dacc2f8fff2f7cb7e44a749,hqs_finetuned,40.7186967942772,0.9887051419963837,0.3227811399847269,0.002770506078377366
hevc_FourPeople_f0400,HEVC_E,FourPeople,test,0.5,0.4998931884765625,0.0,2026,b1b0ff0c33692a144bf551d22439534ab21fda07ab24e7fd3c6ce62ff632d41c,hqs,47.39573437099796,0.9962185518445968,0.3218191839987412,0.0012922125170007348
hevc_FourPeople_f0400,HEVC_E,FourPeople,test,0.5,0.4998931884765625,0.0,2026,b1b0ff0c33692a144bf551d22439534ab21fda07ab24e7fd3c6ce62ff632d41c,hqs_round1,47.52030611507837,0.9962907048797608,0.3219944080337882,0.0019170190207660198
hevc_FourPeople_f0400,HEVC_E,FourPeople,test,0.5,0.4998931884765625,0.0,2026,b1b0ff0c33692a144bf551d22439534ab21fda07ab24e7fd3c6ce62ff632d41c,hqs_finetuned,47.57731712451368,0.996278354516983,0.3266384109156206,0.0018449173076078296
hevc_FourPeople_f0400,HEVC_E,FourPeople,test,0.1,0.1001129150390625,0.01,2026,4ae2388cb6a858f206a22e42df6d4a4f8c5dc90cf2cba49ea7a6fb45a070ad68,hqs,32.594737098049904,0.9410665225057602,0.3273362370673567,0.002747001126408577
hevc_FourPeople_f0400,HEVC_E,FourPeople,test,0.1,0.1001129150390625,0.01,2026,4ae2388cb6a858f206a22e42df6d4a4f8c5dc90cf2cba49ea7a6fb45a070ad68,hqs_round1,32.67884917652169,0.9426732132856845,0.3208858729340136,0.0031966972164809704
hevc_FourPeople_f0400,HEVC_E,FourPeople,test,0.1,0.1001129150390625,0.01,2026,4ae2388cb6a858f206a22e42df6d4a4f8c5dc90cf2cba49ea7a6fb45a070ad68,hqs_finetuned,32.800170493851496,0.944804120139122,0.3212157560046762,0.004490360617637634
hevc_FourPeople_f0400,HEVC_E,FourPeople,test,0.1,0.1001129150390625,0.01,2027,0c986b259a47c7bb4a8b26bcff958b19bf779cd31311cf7faecb715ac11054cf,hqs,32.668452384270985,0.9425865567133427,0.32738477003294975,0.002729427767917514
hevc_FourPeople_f0400,HEVC_E,FourPeople,test,0.1,0.1001129150390625,0.01,2027,0c986b259a47c7bb4a8b26bcff958b19bf779cd31311cf7faecb715ac11054cf,hqs_round1,32.792124640736006,0.9446771180882454,0.32174980198033154,0.0031257211230695248
hevc_FourPeople_f0400,HEVC_E,FourPeople,test,0.1,0.1001129150390625,0.01,2027,0c986b259a47c7bb4a8b26bcff958b19bf779cd31311cf7faecb715ac11054cf,hqs_finetuned,32.90825900077621,0.9464093566038608,0.32281328993849456,0.004391914699226618
hevc_FourPeople_f0400,HEVC_E,FourPeople,test,0.1,0.1001129150390625,0.01,2028,7be14b70d5c07c3ef36f5e554c30aa4bf8f2be43d7f3de78345240e5174e8b23,hqs,32.767211298013336,0.9434234478492737,0.3262377909850329,0.0027104925829917192
hevc_FourPeople_f0400,HEVC_E,FourPeople,test,0.1,0.1001129150390625,0.01,2028,7be14b70d5c07c3ef36f5e554c30aa4bf8f2be43d7f3de78345240e5174e8b23,hqs_round1,32.83015850777688,0.9450878491125106,0.3232893800595775,0.0031161042861640453
hevc_FourPeople_f0400,HEVC_E,FourPeople,test,0.1,0.1001129150390625,0.01,2028,7be14b70d5c07c3ef36f5e554c30aa4bf8f2be43d7f3de78345240e5174e8b23,hqs_finetuned,32.92985607354381,0.9464465691385269,0.35865806601941586,0.004598444793373346
hevc_FourPeople_f0400,HEVC_E,FourPeople,test,0.1,0.1001129150390625,0.05,2026,0f783db75cbf650f552ce3e513189b7c36165b38c65325fd76c78cc73902360d,hqs,28.574037257374528,0.7851775424998999,0.3585567350964993,0.00259441789239645
hevc_FourPeople_f0400,HEVC_E,FourPeople,test,0.1,0.1001129150390625,0.05,2026,0f783db75cbf650f552ce3e513189b7c36165b38c65325fd76c78cc73902360d,hqs_round1,28.55551792347425,0.7897969320034981,0.3575605188962072,0.0024047191254794598
hevc_FourPeople_f0400,HEVC_E,FourPeople,test,0.1,0.1001129150390625,0.05,2026,0f783db75cbf650f552ce3e513189b7c36165b38c65325fd76c78cc73902360d,hqs_finetuned,29.666343247950802,0.8879547978830338,0.35327213897835463,0.03599419817328453
hevc_FourPeople_f0400,HEVC_E,FourPeople,test,0.1,0.1001129150390625,0.05,2027,adcd91488438a0b4bcae2f5056b577a7c95cd612a38e981d912be01a19a4bf55,hqs,28.564509612349482,0.7864457881957293,0.3265547170303762,0.002598968567326665
hevc_FourPeople_f0400,HEVC_E,FourPeople,test,0.1,0.1001129150390625,0.05,2027,adcd91488438a0b4bcae2f5056b577a7c95cd612a38e981d912be01a19a4bf55,hqs_round1,28.553904338772828,0.7913979861328602,0.3259879869874567,0.0023688815999776125
hevc_FourPeople_f0400,HEVC_E,FourPeople,test,0.1,0.1001129150390625,0.05,2027,adcd91488438a0b4bcae2f5056b577a7c95cd612a38e981d912be01a19a4bf55,hqs_finetuned,29.594984732204548,0.8830905001533031,0.3253850049804896,0.034581948071718216
hevc_FourPeople_f0400,HEVC_E,FourPeople,test,0.1,0.1001129150390625,0.05,2028,f716071c6ce70cf9da70423b2e3866ece2fef66ca626654440baa7301c9f6366,hqs,28.598061922820712,0.7939946174496431,0.33111344592180103,0.002681158948689699
hevc_FourPeople_f0400,HEVC_E,FourPeople,test,0.1,0.1001129150390625,0.05,2028,f716071c6ce70cf9da70423b2e3866ece2fef66ca626654440baa7301c9f6366,hqs_round1,28.544255863130807,0.797914882823728,0.32711993297562003,0.0024567563086748123
hevc_FourPeople_f0400,HEVC_E,FourPeople,test,0.1,0.1001129150390625,0.05,2028,f716071c6ce70cf9da70423b2e3866ece2fef66ca626654440baa7301c9f6366,hqs_finetuned,29.677756827923,0.8910907815153599,0.32498128490988165,0.034815043210983276
hevc_Johnny_f0000,HEVC_E,Johnny,test,0.01,0.01031494140625,0.0,2026,02c16f5ca948a75d9fad48eb666bc7bc5c5b243f68f6df8e0f2077ce0846de64,hqs,24.713412927324697,0.7544415047973992,0.3225293109426275,0.006008162163197994
hevc_Johnny_f0000,HEVC_E,Johnny,test,0.01,0.01031494140625,0.0,2026,02c16f5ca948a75d9fad48eb666bc7bc5c5b243f68f6df8e0f2077ce0846de64,hqs_round1,24.85911791384131,0.7591218018191986,0.3223934849957004,0.0056160008534789085
hevc_Johnny_f0000,HEVC_E,Johnny,test,0.01,0.01031494140625,0.0,2026,02c16f5ca948a75d9fad48eb666bc7bc5c5b243f68f6df8e0f2077ce0846de64,hqs_finetuned,25.247739122280805,0.7696384253489151,0.32293672405648977,0.006729758344590664
hevc_Johnny_f0000,HEVC_E,Johnny,test,0.04,0.041259765625,0.0,2026,99dbcdaf94dc5b283dbde977346a451fffb8e6a1312a6865711704cc07a73892,hqs,31.396335272326642,0.9103831639075577,0.3241757790092379,0.003686823882162571
hevc_Johnny_f0000,HEVC_E,Johnny,test,0.04,0.041259765625,0.0,2026,99dbcdaf94dc5b283dbde977346a451fffb8e6a1312a6865711704cc07a73892,hqs_round1,31.620760960896387,0.9122839233063459,0.3247973460238427,0.0037025653291493654
hevc_Johnny_f0000,HEVC_E,Johnny,test,0.04,0.041259765625,0.0,2026,99dbcdaf94dc5b283dbde977346a451fffb8e6a1312a6865711704cc07a73892,hqs_finetuned,31.78266308681229,0.9139945196492671,0.32373601000290364,0.004319049417972565
hevc_Johnny_f0000,HEVC_E,Johnny,test,0.1,0.1001129150390625,0.0,2026,4aafb4786886b7d63c895ff259eefb62120b5c4046eadcebd5f727f3958544cd,hqs,36.630607538704176,0.9561029012422562,0.3292521770345047,0.0023632398806512356
hevc_Johnny_f0000,HEVC_E,Johnny,test,0.1,0.1001129150390625,0.0,2026,4aafb4786886b7d63c895ff259eefb62120b5c4046eadcebd5f727f3958544cd,hqs_round1,36.905585498208694,0.9571085547566414,0.3261138299712911,0.002504916163161397
hevc_Johnny_f0000,HEVC_E,Johnny,test,0.1,0.1001129150390625,0.0,2026,4aafb4786886b7d63c895ff259eefb62120b5c4046eadcebd5f727f3958544cd,hqs_finetuned,36.92459865390785,0.9570356125583649,0.3276013130089268,0.0028291833586990833
hevc_Johnny_f0000,HEVC_E,Johnny,test,0.25,0.25,0.0,2026,d68377486351e2260748ead6e2f753721d7855428343e4f2781edc08e8d10b3f,hqs,41.95745858776032,0.9779578041362762,0.325979191926308,0.0014258286682888865
hevc_Johnny_f0000,HEVC_E,Johnny,test,0.25,0.25,0.0,2026,d68377486351e2260748ead6e2f753721d7855428343e4f2781edc08e8d10b3f,hqs_round1,41.95777422861327,0.9778551623029709,0.32453523005824536,0.001615564338862896
hevc_Johnny_f0000,HEVC_E,Johnny,test,0.25,0.25,0.0,2026,d68377486351e2260748ead6e2f753721d7855428343e4f2781edc08e8d10b3f,hqs_finetuned,42.000482623748276,0.9780733300533294,0.32335925102233887,0.0018722510430961847
hevc_Johnny_f0000,HEVC_E,Johnny,test,0.5,0.4998931884765625,0.0,2026,ec3c713984713eceed7417979c37b20f7f2197c0fa94cf64e22aec47253e503b,hqs,47.682045736277594,0.9932807815227509,0.32660625292919576,0.0010768508072942495
hevc_Johnny_f0000,HEVC_E,Johnny,test,0.5,0.4998931884765625,0.0,2026,ec3c713984713eceed7417979c37b20f7f2197c0fa94cf64e22aec47253e503b,hqs_round1,47.75644995702515,0.9932291943368912,0.32727785396855325,0.001365060918033123
hevc_Johnny_f0000,HEVC_E,Johnny,test,0.5,0.4998931884765625,0.0,2026,ec3c713984713eceed7417979c37b20f7f2197c0fa94cf64e22aec47253e503b,hqs_finetuned,47.66299209085831,0.9930472847766876,0.3248834259575233,0.001682789297774434
hevc_Johnny_f0000,HEVC_E,Johnny,test,0.1,0.1001129150390625,0.01,2026,b2cca18f9c9738f549333cbba510b3c9fbc927561096a3fde0b7d65f21b0e3c6,hqs,35.15584844630848,0.9436380969128608,0.32597687595989555,0.0019820556044578552
hevc_Johnny_f0000,HEVC_E,Johnny,test,0.1,0.1001129150390625,0.01,2026,b2cca18f9c9738f549333cbba510b3c9fbc927561096a3fde0b7d65f21b0e3c6,hqs_round1,35.361512951121426,0.9453959602851868,0.3252718560397625,0.0021895235404372215
hevc_Johnny_f0000,HEVC_E,Johnny,test,0.1,0.1001129150390625,0.01,2026,b2cca18f9c9738f549333cbba510b3c9fbc927561096a3fde0b7d65f21b0e3c6,hqs_finetuned,35.50101716610395,0.9480221867671013,0.32043774507474154,0.0036925780586898327
hevc_Johnny_f0000,HEVC_E,Johnny,test,0.1,0.1001129150390625,0.01,2027,aca29a66ce132758a213bfb7f46901a8d94b4b6f37923dc472e4b74c9fcee4dd,hqs,35.11634788514257,0.9425171553463936,0.3323116539977491,0.0019762192387133837
hevc_Johnny_f0000,HEVC_E,Johnny,test,0.1,0.1001129150390625,0.01,2027,aca29a66ce132758a213bfb7f46901a8d94b4b6f37923dc472e4b74c9fcee4dd,hqs_round1,35.470305703918264,0.9450691484131813,0.32175278197973967,0.0021513537503778934
hevc_Johnny_f0000,HEVC_E,Johnny,test,0.1,0.1001129150390625,0.01,2027,aca29a66ce132758a213bfb7f46901a8d94b4b6f37923dc472e4b74c9fcee4dd,hqs_finetuned,35.55541329679786,0.9473576960468292,0.32241734594572335,0.003751776646822691
hevc_Johnny_f0000,HEVC_E,Johnny,test,0.1,0.1001129150390625,0.01,2028,baf075de0ac81b4c37963f08f7e7c4b7610125bd3ed1d66ca2e619aa5e0e0114,hqs,35.16503331361257,0.9432512534689903,0.33112293505109847,0.0019385801861062646
hevc_Johnny_f0000,HEVC_E,Johnny,test,0.1,0.1001129150390625,0.01,2028,baf075de0ac81b4c37963f08f7e7c4b7610125bd3ed1d66ca2e619aa5e0e0114,hqs_round1,35.44355764542905,0.9454322430200577,0.3217694169143215,0.002207924146205187
hevc_Johnny_f0000,HEVC_E,Johnny,test,0.1,0.1001129150390625,0.01,2028,baf075de0ac81b4c37963f08f7e7c4b7610125bd3ed1d66ca2e619aa5e0e0114,hqs_finetuned,35.56477227939799,0.9480209749007225,0.32098434097133577,0.004101758357137442
hevc_Johnny_f0000,HEVC_E,Johnny,test,0.1,0.1001129150390625,0.05,2026,c97f64ca514e1a13e4e1a2bc48b31f37ae807990abf0970f92dadfe11b60e838,hqs,29.078606863015175,0.7596055572350696,0.32869141991250217,0.0023952496703714132
hevc_Johnny_f0000,HEVC_E,Johnny,test,0.1,0.1001129150390625,0.05,2026,c97f64ca514e1a13e4e1a2bc48b31f37ae807990abf0970f92dadfe11b60e838,hqs_round1,28.96756902083726,0.7625566536435187,0.32063496799673885,0.0021122724283486605
hevc_Johnny_f0000,HEVC_E,Johnny,test,0.1,0.1001129150390625,0.05,2026,c97f64ca514e1a13e4e1a2bc48b31f37ae807990abf0970f92dadfe11b60e838,hqs_finetuned,30.938253731174242,0.8958479186918735,0.32431453093886375,0.03634485602378845
hevc_Johnny_f0000,HEVC_E,Johnny,test,0.1,0.1001129150390625,0.05,2027,6e299b1bbae0996d7ee79b5a3f7eca934e8030aaf1564dd15c3430cf297f52e2,hqs,29.292999656600145,0.7615256951912641,0.3281005989992991,0.0021427145693451166
hevc_Johnny_f0000,HEVC_E,Johnny,test,0.1,0.1001129150390625,0.05,2027,6e299b1bbae0996d7ee79b5a3f7eca934e8030aaf1564dd15c3430cf297f52e2,hqs_round1,29.22383352577358,0.7640378550328016,0.32567118003498763,0.0018866040045395494
hevc_Johnny_f0000,HEVC_E,Johnny,test,0.1,0.1001129150390625,0.05,2027,6e299b1bbae0996d7ee79b5a3f7eca934e8030aaf1564dd15c3430cf297f52e2,hqs_finetuned,31.236108902239692,0.8948561945192813,0.32129663799423724,0.03633372113108635
hevc_Johnny_f0000,HEVC_E,Johnny,test,0.1,0.1001129150390625,0.05,2028,600a2aebe64ed3588ec9a10947b31ddb9845ddf22d2a97c992c3ad755c7abb31,hqs,29.28979523111262,0.7631332684870958,0.3320397889474407,0.0021878916304558516
hevc_Johnny_f0000,HEVC_E,Johnny,test,0.1,0.1001129150390625,0.05,2028,600a2aebe64ed3588ec9a10947b31ddb9845ddf22d2a97c992c3ad755c7abb31,hqs_round1,29.215932002175936,0.7661928479028494,0.3241931420052424,0.0019259455148130655
hevc_Johnny_f0000,HEVC_E,Johnny,test,0.1,0.1001129150390625,0.05,2028,600a2aebe64ed3588ec9a10947b31ddb9845ddf22d2a97c992c3ad755c7abb31,hqs_finetuned,31.243931777091646,0.898495889295578,0.32639221800491214,0.03667541593313217
hevc_Johnny_f0200,HEVC_E,Johnny,test,0.01,0.01031494140625,0.0,2026,accaf2658232d870e09fcd99598ee48dc256f780e7855169f5db9b178613eef8,hqs,24.87348358379205,0.7573953274846726,0.3281052150996402,0.005392767023295164
hevc_Johnny_f0200,HEVC_E,Johnny,test,0.01,0.01031494140625,0.0,2026,accaf2658232d870e09fcd99598ee48dc256f780e7855169f5db9b178613eef8,hqs_round1,24.936186347337888,0.7589092705600103,0.3409987520426512,0.005255291238427162
hevc_Johnny_f0200,HEVC_E,Johnny,test,0.01,0.01031494140625,0.0,2026,accaf2658232d870e09fcd99598ee48dc256f780e7855169f5db9b178613eef8,hqs_finetuned,25.131458671871115,0.7655564071375386,0.3197102949488908,0.007372399792075157
hevc_Johnny_f0200,HEVC_E,Johnny,test,0.04,0.041259765625,0.0,2026,5179c07a779eaceb78e08b38bba8e5c5a6692d777ec07105f33237747b6019ee,hqs,31.28598703840212,0.9091301548331976,0.32863477303180844,0.0035768640227615833
hevc_Johnny_f0200,HEVC_E,Johnny,test,0.04,0.041259765625,0.0,2026,5179c07a779eaceb78e08b38bba8e5c5a6692d777ec07105f33237747b6019ee,hqs_round1,31.453216569577314,0.9105952525122165,0.3220550889382139,0.0035434653982520103
hevc_Johnny_f0200,HEVC_E,Johnny,test,0.04,0.041259765625,0.0,2026,5179c07a779eaceb78e08b38bba8e5c5a6692d777ec07105f33237747b6019ee,hqs_finetuned,31.667629017930096,0.9128684981684685,0.3240566389868036,0.0039017603266984224
hevc_Johnny_f0200,HEVC_E,Johnny,test,0.1,0.1001129150390625,0.0,2026,a07cf8a6983834cc6bb84a373510fda9903ab09e27d4671457c66260572a26de,hqs,36.36166065526248,0.9554198018417358,0.325866678962484,0.0023488232400268316
hevc_Johnny_f0200,HEVC_E,Johnny,test,0.1,0.1001129150390625,0.0,2026,a07cf8a6983834cc6bb84a373510fda9903ab09e27d4671457c66260572a26de,hqs_round1,36.69898877770101,0.9565339978756905,0.3227303989697248,0.0025468592066317797
hevc_Johnny_f0200,HEVC_E,Johnny,test,0.1,0.1001129150390625,0.0,2026,a07cf8a6983834cc6bb84a373510fda9903ab09e27d4671457c66260572a26de,hqs_finetuned,36.85173821979459,0.9566067504472733,0.323403074988164,0.0028164118994027376
hevc_Johnny_f0200,HEVC_E,Johnny,test,0.25,0.25,0.0,2026,8f704c23f4a009f52843f4361caf4e522c1952d2588f221201b3eeb0be2c058a,hqs,41.92642837955063,0.9776602508859634,0.32691808696836233,0.0015303026884794235
hevc_Johnny_f0200,HEVC_E,Johnny,test,0.25,0.25,0.0,2026,8f704c23f4a009f52843f4361caf4e522c1952d2588f221201b3eeb0be2c058a,hqs_round1,41.93490282461961,0.9775708678226471,0.3247886240715161,0.0017070105532184243
hevc_Johnny_f0200,HEVC_E,Johnny,test,0.25,0.25,0.0,2026,8f704c23f4a009f52843f4361caf4e522c1952d2588f221201b3eeb0be2c058a,hqs_finetuned,41.95371476413104,0.977294729388237,0.32386061106808484,0.001984270755201578
hevc_Johnny_f0200,HEVC_E,Johnny,test,0.5,0.4998931884765625,0.0,2026,73abf9871d840f6c4e03d60881c8cdfdbfaea255e0dc980d1b1e82ddbafaaf12,hqs,47.4379246704282,0.9927740754261016,0.33265214902348816,0.0010784977348521352
hevc_Johnny_f0200,HEVC_E,Johnny,test,0.5,0.4998931884765625,0.0,2026,73abf9871d840f6c4e03d60881c8cdfdbfaea255e0dc980d1b1e82ddbafaaf12,hqs_round1,47.51605453583322,0.9927540839147567,0.32225964195095,0.0013674659421667457
hevc_Johnny_f0200,HEVC_E,Johnny,test,0.5,0.4998931884765625,0.0,2026,73abf9871d840f6c4e03d60881c8cdfdbfaea255e0dc980d1b1e82ddbafaaf12,hqs_finetuned,47.48317308251768,0.9927254460763931,0.3209460349753499,0.0017070628236979246
hevc_Johnny_f0200,HEVC_E,Johnny,test,0.1,0.1001129150390625,0.01,2026,a8918604ca7cae1337d385872482cbceb06552a10b121e35e6c8613d17360655,hqs,34.92718343976939,0.9423875622692108,0.3447209009900689,0.0019398784497752786
hevc_Johnny_f0200,HEVC_E,Johnny,test,0.1,0.1001129150390625,0.01,2026,a8918604ca7cae1337d385872482cbceb06552a10b121e35e6c8613d17360655,hqs_round1,35.172387819789094,0.9443166170220375,0.319824205012992,0.0022802327293902636
hevc_Johnny_f0200,HEVC_E,Johnny,test,0.1,0.1001129150390625,0.01,2026,a8918604ca7cae1337d385872482cbceb06552a10b121e35e6c8613d17360655,hqs_finetuned,35.37573261310816,0.9465709154334069,0.32962259207852185,0.003841471392661333
hevc_Johnny_f0200,HEVC_E,Johnny,test,0.1,0.1001129150390625,0.01,2027,f840f76fc09733514c771cc666a3f594b5341c89ef69704d5b099b5db7c571e4,hqs,35.00033030817065,0.9430129398317337,0.3512978879734874,0.002049253089353442
hevc_Johnny_f0200,HEVC_E,Johnny,test,0.1,0.1001129150390625,0.01,2027,f840f76fc09733514c771cc666a3f594b5341c89ef69704d5b099b5db7c571e4,hqs_round1,35.225837968487234,0.9447192747383117,0.3194009909639135,0.0023451365996152163
hevc_Johnny_f0200,HEVC_E,Johnny,test,0.1,0.1001129150390625,0.01,2027,f840f76fc09733514c771cc666a3f594b5341c89ef69704d5b099b5db7c571e4,hqs_finetuned,35.427287849565545,0.9471069226193428,0.3232663650996983,0.0035953198093920946
hevc_Johnny_f0200,HEVC_E,Johnny,test,0.1,0.1001129150390625,0.01,2028,1381057f13d8b6729d31754b38524fc39ca114d08d71380bfd58461609810649,hqs,34.99776035143407,0.9429022664008141,0.3484097339678556,0.001945868949405849
hevc_Johnny_f0200,HEVC_E,Johnny,test,0.1,0.1001129150390625,0.01,2028,1381057f13d8b6729d31754b38524fc39ca114d08d71380bfd58461609810649,hqs_round1,35.20262953007207,0.9449381124396324,0.3245091300923377,0.002283055568113923
hevc_Johnny_f0200,HEVC_E,Johnny,test,0.1,0.1001129150390625,0.01,2028,1381057f13d8b6729d31754b38524fc39ca114d08d71380bfd58461609810649,hqs_finetuned,35.34299384363485,0.9469982064518928,0.32126057299319655,0.0038224998861551285
hevc_Johnny_f0200,HEVC_E,Johnny,test,0.1,0.1001129150390625,0.05,2026,4e749237164f95e49b456c10525351c7a48b9330e0c3414551c8547e89d6e9b6,hqs,29.172722897894182,0.7627249403803349,0.3292889839503914,0.0023226533085107803
hevc_Johnny_f0200,HEVC_E,Johnny,test,0.1,0.1001129150390625,0.05,2026,4e749237164f95e49b456c10525351c7a48b9330e0c3414551c8547e89d6e9b6,hqs_round1,29.084510261824267,0.765367436899066,0.32504516700282693,0.00202127150259912
hevc_Johnny_f0200,HEVC_E,Johnny,test,0.1,0.1001129150390625,0.05,2026,4e749237164f95e49b456c10525351c7a48b9330e0c3414551c8547e89d6e9b6,hqs_finetuned,31.129283571118705,0.8962044885059595,0.33599183603655547,0.036247383803129196
hevc_Johnny_f0200,HEVC_E,Johnny,test,0.1,0.1001129150390625,0.05,2027,6ea38580aad542634ddf040b10d9a7253ee981366a8b6b43695c4104b76e53bd,hqs,29.192376452125348,0.7617879500798806,0.320930715999566,0.002419784665107727
hevc_Johnny_f0200,HEVC_E,Johnny,test,0.1,0.1001129150390625,0.05,2027,6ea38580aad542634ddf040b10d9a7253ee981366a8b6b43695c4104b76e53bd,hqs_round1,29.128674052395056,0.7657233093956709,0.32429064891766757,0.002096317010000348
hevc_Johnny_f0200,HEVC_E,Johnny,test,0.1,0.1001129150390625,0.05,2027,6ea38580aad542634ddf040b10d9a7253ee981366a8b6b43695c4104b76e53bd,hqs_finetuned,31.104167377871708,0.8968794845628738,0.32037677499465644,0.03716065362095833
hevc_Johnny_f0200,HEVC_E,Johnny,test,0.1,0.1001129150390625,0.05,2028,2e6505edb100282fd2db606808c5522abc12f951d3aab5826a212ad859ebb2c4,hqs,29.064339388685795,0.7594971497632415,0.32588025694712996,0.002616110723465681
hevc_Johnny_f0200,HEVC_E,Johnny,test,0.1,0.1001129150390625,0.05,2028,2e6505edb100282fd2db606808c5522abc12f951d3aab5826a212ad859ebb2c4,hqs_round1,29.017714286259046,0.7640949916426242,0.31938246299978346,0.0022658815141767263
hevc_Johnny_f0200,HEVC_E,Johnny,test,0.1,0.1001129150390625,0.05,2028,2e6505edb100282fd2db606808c5522abc12f951d3aab5826a212ad859ebb2c4,hqs_finetuned,31.094960010885984,0.8956066899209022,0.321170546929352,0.03566958010196686
hevc_Johnny_f0400,HEVC_E,Johnny,test,0.01,0.01031494140625,0.0,2026,760c5f9d257e725ce827400810eaffa8255847815d600d2e58ef6dd9e29e5413,hqs,24.9752228871794,0.7513124987962942,0.31762814696412534,0.00552415894344449
hevc_Johnny_f0400,HEVC_E,Johnny,test,0.01,0.01031494140625,0.0,2026,760c5f9d257e725ce827400810eaffa8255847815d600d2e58ef6dd9e29e5413,hqs_round1,25.02054982498859,0.7530716385346006,0.3463657860411331,0.005509662441909313
hevc_Johnny_f0400,HEVC_E,Johnny,test,0.01,0.01031494140625,0.0,2026,760c5f9d257e725ce827400810eaffa8255847815d600d2e58ef6dd9e29e5413,hqs_finetuned,25.184055220068938,0.7600613392241038,0.3456976079614833,0.007477005012333393
hevc_Johnny_f0400,HEVC_E,Johnny,test,0.04,0.041259765625,0.0,2026,d33b2f5d689ed38391845bc5632605857932f5bc9f811e1f587b799e3ea4f4cd,hqs,31.090006719019513,0.9018037578184893,0.35922182991635054,0.0035694281104952097
hevc_Johnny_f0400,HEVC_E,Johnny,test,0.04,0.041259765625,0.0,2026,d33b2f5d689ed38391845bc5632605857932f5bc9f811e1f587b799e3ea4f4cd,hqs_round1,31.259143222627593,0.90324981753923,0.32192209200002253,0.0036113467067480087
hevc_Johnny_f0400,HEVC_E,Johnny,test,0.04,0.041259765625,0.0,2026,d33b2f5d689ed38391845bc5632605857932f5bc9f811e1f587b799e3ea4f4cd,hqs_finetuned,31.44565065313669,0.9051268386009336,0.32018744794186205,0.003930316306650639
hevc_Johnny_f0400,HEVC_E,Johnny,test,0.1,0.1001129150390625,0.0,2026,0e41c79cbe0653d751d62981f9d3128ed5ac683146738da2e19c18f69314ecb4,hqs,36.3247500314614,0.9506779422426224,0.3317621049936861,0.002329394221305847
hevc_Johnny_f0400,HEVC_E,Johnny,test,0.1,0.1001129150390625,0.0,2026,0e41c79cbe0653d751d62981f9d3128ed5ac683146738da2e19c18f69314ecb4,hqs_round1,36.65245220446056,0.9520428022222519,0.32317742391023785,0.0024925803299993277
hevc_Johnny_f0400,HEVC_E,Johnny,test,0.1,0.1001129150390625,0.0,2026,0e41c79cbe0653d751d62981f9d3128ed5ac683146738da2e19c18f69314ecb4,hqs_finetuned,36.69031661224505,0.9522354488101006,0.32256345299538225,0.002736707217991352
hevc_Johnny_f0400,HEVC_E,Johnny,test,0.25,0.25,0.0,2026,b051f097fae937e5e5270fd262b4037ca9071c0a4c73a99858400418dba4cff0,hqs,41.38123413958895,0.9734998298578262,0.3233838740270585,0.0014120601117610931
hevc_Johnny_f0400,HEVC_E,Johnny,test,0.25,0.25,0.0,2026,b051f097fae937e5e5270fd262b4037ca9071c0a4c73a99858400418dba4cff0,hqs_round1,41.4621465670195,0.9738185427875519,0.322634752956219,0.0016058589098975062
hevc_Johnny_f0400,HEVC_E,Johnny,test,0.25,0.25,0.0,2026,b051f097fae937e5e5270fd262b4037ca9071c0a4c73a99858400418dba4cff0,hqs_finetuned,41.40670120622535,0.9734577912282943,0.3224833681015298,0.0019258479587733746
hevc_Johnny_f0400,HEVC_E,Johnny,test,0.5,0.4998931884765625,0.0,2026,28d5bcdb8e8f269733cde62b57d55265ac832a4c675b5184456a67dbcafe7d19,hqs,46.9943933962561,0.9921052758407592,0.34797428105957806,0.0011430252343416214
hevc_Johnny_f0400,HEVC_E,Johnny,test,0.5,0.4998931884765625,0.0,2026,28d5bcdb8e8f269733cde62b57d55265ac832a4c675b5184456a67dbcafe7d19,hqs_round1,47.04331241484695,0.9920469108161927,0.3597426830092445,0.0015267722774297
hevc_Johnny_f0400,HEVC_E,Johnny,test,0.5,0.4998931884765625,0.0,2026,28d5bcdb8e8f269733cde62b57d55265ac832a4c675b5184456a67dbcafe7d19,hqs_finetuned,47.05398965574759,0.9921675007667542,0.35928965196944773,0.0017855898477137089
hevc_Johnny_f0400,HEVC_E,Johnny,test,0.1,0.1001129150390625,0.01,2026,d73c1a3d6b57e71196bf22cc164a959540ae5b1c5219c89f6a0bc0b5b3e50e3b,hqs,34.95267410908831,0.9382196568579674,0.36767609789967537,0.0019286408787593246
hevc_Johnny_f0400,HEVC_E,Johnny,test,0.1,0.1001129150390625,0.01,2026,d73c1a3d6b57e71196bf22cc164a959540ae5b1c5219c89f6a0bc0b5b3e50e3b,hqs_round1,35.20773226397224,0.9404988328967094,0.3610854808939621,0.0021198915783315897
hevc_Johnny_f0400,HEVC_E,Johnny,test,0.1,0.1001129150390625,0.01,2026,d73c1a3d6b57e71196bf22cc164a959540ae5b1c5219c89f6a0bc0b5b3e50e3b,hqs_finetuned,35.355081142793395,0.9429531529359817,0.36261555401142687,0.003463688539341092
hevc_Johnny_f0400,HEVC_E,Johnny,test,0.1,0.1001129150390625,0.01,2027,6eee924354a9499b00b2fd1277495c4aad8b0e96598d1b0522e77634d2ac71f6,hqs,34.870245779828,0.9381523742637634,0.3608801109949127,0.0019807748030871153
hevc_Johnny_f0400,HEVC_E,Johnny,test,0.1,0.1001129150390625,0.01,2027,6eee924354a9499b00b2fd1277495c4aad8b0e96598d1b0522e77634d2ac71f6,hqs_round1,35.158146289196296,0.9404281154575348,0.3532816960942,0.0021217477042227983
hevc_Johnny_f0400,HEVC_E,Johnny,test,0.1,0.1001129150390625,0.01,2027,6eee924354a9499b00b2fd1277495c4aad8b0e96598d1b0522e77634d2ac71f6,hqs_finetuned,35.279003570463495,0.9425019218654632,0.32564636797178537,0.003494001692160964
hevc_Johnny_f0400,HEVC_E,Johnny,test,0.1,0.1001129150390625,0.01,2028,0d54b33b8d24420ed228ae0b6ca1c84cdb6310b61e1cd41fd6079fae08439336,hqs,34.76256949903513,0.9373765667996407,0.3312439500587061,0.001901044393889606
hevc_Johnny_f0400,HEVC_E,Johnny,test,0.1,0.1001129150390625,0.01,2028,0d54b33b8d24420ed228ae0b6ca1c84cdb6310b61e1cd41fd6079fae08439336,hqs_round1,35.11932816884506,0.9403609610686302,0.3467250750400126,0.0021053794771432877
hevc_Johnny_f0400,HEVC_E,Johnny,test,0.1,0.1001129150390625,0.01,2028,0d54b33b8d24420ed228ae0b6ca1c84cdb6310b61e1cd41fd6079fae08439336,hqs_finetuned,35.2531657482613,0.9426059657850265,0.3645106250187382,0.003469809191301465
hevc_Johnny_f0400,HEVC_E,Johnny,test,0.1,0.1001129150390625,0.05,2026,4caf73dc5d30575c5ffebdd7437b39d8a4a72710e0c5593360ec123d95bd08aa,hqs,29.148767800942256,0.7644958675458431,0.35936521692201495,0.0024396313820034266
hevc_Johnny_f0400,HEVC_E,Johnny,test,0.1,0.1001129150390625,0.05,2026,4caf73dc5d30575c5ffebdd7437b39d8a4a72710e0c5593360ec123d95bd08aa,hqs_round1,29.09158520371891,0.7681668044756055,0.35465669294353575,0.0021139923483133316
hevc_Johnny_f0400,HEVC_E,Johnny,test,0.1,0.1001129150390625,0.05,2026,4caf73dc5d30575c5ffebdd7437b39d8a4a72710e0c5593360ec123d95bd08aa,hqs_finetuned,31.170864372182706,0.8921126499886513,0.35898810194339603,0.03585397079586983
hevc_Johnny_f0400,HEVC_E,Johnny,test,0.1,0.1001129150390625,0.05,2027,636e510236bc0e4ba52fa6bb35bf43e23fd479df8833785cb2a2d1d720a8683f,hqs,29.047707295015094,0.7584581144828796,0.3547784660477191,0.002213787054643035
hevc_Johnny_f0400,HEVC_E,Johnny,test,0.1,0.1001129150390625,0.05,2027,636e510236bc0e4ba52fa6bb35bf43e23fd479df8833785cb2a2d1d720a8683f,hqs_round1,28.955884879982587,0.7599353307036459,0.3651018199743703,0.001908256090246141
hevc_Johnny_f0400,HEVC_E,Johnny,test,0.1,0.1001129150390625,0.05,2027,636e510236bc0e4ba52fa6bb35bf43e23fd479df8833785cb2a2d1d720a8683f,hqs_finetuned,31.04905003870899,0.8923615674889087,0.32293004891835153,0.03744274005293846
hevc_Johnny_f0400,HEVC_E,Johnny,test,0.1,0.1001129150390625,0.05,2028,aee5759ee5bd69c52f853ccbcc727874e9e0ab586a45c86b343b92845eb3a7c5,hqs,28.86889651371096,0.7552201057451069,0.3486555890413001,0.0024452507495880127
hevc_Johnny_f0400,HEVC_E,Johnny,test,0.1,0.1001129150390625,0.05,2028,aee5759ee5bd69c52f853ccbcc727874e9e0ab586a45c86b343b92845eb3a7c5,hqs_round1,28.67992663591892,0.7563521776987687,0.32349196693394333,0.002124108374118805
hevc_Johnny_f0400,HEVC_E,Johnny,test,0.1,0.1001129150390625,0.05,2028,aee5759ee5bd69c52f853ccbcc727874e9e0ab586a45c86b343b92845eb3a7c5,hqs_finetuned,30.8539144340928,0.890785744758606,0.3241898480337113,0.036855679005384445
hevc_KristenAndSara_f0000,HEVC_E,KristenAndSara,test,0.01,0.01031494140625,0.0,2026,c24f07a04d03cca52d7f7959960d24481a549cd896d1e83f04ddc0501f5cd85f,hqs,22.77523740603447,0.7038024877634224,0.3421682110056281,0.005727238021790981
hevc_KristenAndSara_f0000,HEVC_E,KristenAndSara,test,0.01,0.01031494140625,0.0,2026,c24f07a04d03cca52d7f7959960d24481a549cd896d1e83f04ddc0501f5cd85f,hqs_round1,22.77681021262243,0.7048627500869031,0.32123526092618704,0.005299312993884087
hevc_KristenAndSara_f0000,HEVC_E,KristenAndSara,test,0.01,0.01031494140625,0.0,2026,c24f07a04d03cca52d7f7959960d24481a549cd896d1e83f04ddc0501f5cd85f,hqs_finetuned,22.738603585630234,0.7032569717450762,0.3197045719716698,0.007713862229138613
hevc_KristenAndSara_f0000,HEVC_E,KristenAndSara,test,0.04,0.041259765625,0.0,2026,d3f2c638ffa7e728a7fb8d0718b6cc48c5383a79538abea45dbdbbcf562c7634,hqs,27.275641794716933,0.8764735907541104,0.3282494010636583,0.004330328665673733
hevc_KristenAndSara_f0000,HEVC_E,KristenAndSara,test,0.04,0.041259765625,0.0,2026,d3f2c638ffa7e728a7fb8d0718b6cc48c5383a79538abea45dbdbbcf562c7634,hqs_round1,27.391931915733842,0.8784892220629379,0.3207247909158468,0.00434443773701787
hevc_KristenAndSara_f0000,HEVC_E,KristenAndSara,test,0.04,0.041259765625,0.0,2026,d3f2c638ffa7e728a7fb8d0718b6cc48c5383a79538abea45dbdbbcf562c7634,hqs_finetuned,27.58543367402018,0.8815744136755764,0.3206684549804777,0.004801468923687935
hevc_KristenAndSara_f0000,HEVC_E,KristenAndSara,test,0.1,0.1001129150390625,0.0,2026,c828da3ea10c15b82123d0326f40c99e6267811aecdac31ca86c73215adef2f9,hqs,31.044956498973658,0.9452289822635651,0.3235184079967439,0.0037390487268567085
hevc_KristenAndSara_f0000,HEVC_E,KristenAndSara,test,0.1,0.1001129150390625,0.0,2026,c828da3ea10c15b82123d0326f40c99e6267811aecdac31ca86c73215adef2f9,hqs_round1,31.507676459510208,0.9490798222837448,0.32337393099442124,0.003877762472257018
hevc_KristenAndSara_f0000,HEVC_E,KristenAndSara,test,0.1,0.1001129150390625,0.0,2026,c828da3ea10c15b82123d0326f40c99e6267811aecdac31ca86c73215adef2f9,hqs_finetuned,31.878607668666973,0.9519764478445053,0.34115934500005096,0.004576584789901972
hevc_KristenAndSara_f0000,HEVC_E,KristenAndSara,test,0.25,0.25,0.0,2026,764a6055a1f2ee0c707b9de97317af753b1a05a0f37c38167d2babd67705db00,hqs,39.08980510494555,0.985597699660778,0.3510687720263377,0.0025447916705161333
hevc_KristenAndSara_f0000,HEVC_E,KristenAndSara,test,0.25,0.25,0.0,2026,764a6055a1f2ee0c707b9de97317af753b1a05a0f37c38167d2babd67705db00,hqs_round1,39.67785648794676,0.9869266447134017,0.35256284999195486,0.0029429232235997915
hevc_KristenAndSara_f0000,HEVC_E,KristenAndSara,test,0.25,0.25,0.0,2026,764a6055a1f2ee0c707b9de97317af753b1a05a0f37c38167d2babd67705db00,hqs_finetuned,39.97572249504379,0.9873926115550995,0.3182668499648571,0.003165632952004671
hevc_KristenAndSara_f0000,HEVC_E,KristenAndSara,test,0.5,0.4998931884765625,0.0,2026,63b83e30afa2143a85644c73e40f8b21469009b204a8fc1e6e6831ad5f32d425,hqs,47.786813857994446,0.9964672253341674,0.32140783593058586,0.0015023871092125773
hevc_KristenAndSara_f0000,HEVC_E,KristenAndSara,test,0.5,0.4998931884765625,0.0,2026,63b83e30afa2143a85644c73e40f8b21469009b204a8fc1e6e6831ad5f32d425,hqs_round1,47.83895188927178,0.9965501749296188,0.33659658301621675,0.0021602141205221415
hevc_KristenAndSara_f0000,HEVC_E,KristenAndSara,test,0.5,0.4998931884765625,0.0,2026,63b83e30afa2143a85644c73e40f8b21469009b204a8fc1e6e6831ad5f32d425,hqs_finetuned,48.11702547188794,0.9966283476724624,0.3212672109948471,0.0018714211182668805
hevc_KristenAndSara_f0000,HEVC_E,KristenAndSara,test,0.1,0.1001129150390625,0.01,2026,10c6891f320295639dc695ecf5d29d48ea030c1d42ba6170e2260a4160ce8b88,hqs,30.337005344334642,0.9311899695961475,0.330257105990313,0.003115482395514846
hevc_KristenAndSara_f0000,HEVC_E,KristenAndSara,test,0.1,0.1001129150390625,0.01,2026,10c6891f320295639dc695ecf5d29d48ea030c1d42ba6170e2260a4160ce8b88,hqs_round1,30.820243386747244,0.9367737688245773,0.31895715405698866,0.003567092353478074
hevc_KristenAndSara_f0000,HEVC_E,KristenAndSara,test,0.1,0.1001129150390625,0.01,2026,10c6891f320295639dc695ecf5d29d48ea030c1d42ba6170e2260a4160ce8b88,hqs_finetuned,31.158888972494236,0.9412578220806121,0.32006933400407434,0.005041672382503748
hevc_KristenAndSara_f0000,HEVC_E,KristenAndSara,test,0.1,0.1001129150390625,0.01,2027,a14a174b86efd6f995da2f391ead1355afb8e94557fd2242ad87971659c4e182,hqs,30.40487780830877,0.9330590099322796,0.32073843688704073,0.0032297878060489893
hevc_KristenAndSara_f0000,HEVC_E,KristenAndSara,test,0.1,0.1001129150390625,0.01,2027,a14a174b86efd6f995da2f391ead1355afb8e94557fd2242ad87971659c4e182,hqs_round1,30.820812750710942,0.9378837807574272,0.3251031849067658,0.0035607621539384127
hevc_KristenAndSara_f0000,HEVC_E,KristenAndSara,test,0.1,0.1001129150390625,0.01,2027,a14a174b86efd6f995da2f391ead1355afb8e94557fd2242ad87971659c4e182,hqs_finetuned,31.145051248381396,0.9418161521306038,0.32375205296557397,0.004985432140529156
hevc_KristenAndSara_f0000,HEVC_E,KristenAndSara,test,0.1,0.1001129150390625,0.01,2028,58b8a08b34cea45772467438eac45ef733d6797dcc519d93f80336b41e47d939,hqs,30.261816359507208,0.9316662321195602,0.32586566999088973,0.003006463870406151
hevc_KristenAndSara_f0000,HEVC_E,KristenAndSara,test,0.1,0.1001129150390625,0.01,2028,58b8a08b34cea45772467438eac45ef733d6797dcc519d93f80336b41e47d939,hqs_round1,30.699893221376442,0.9362149358468056,0.3466547660063952,0.003432889236137271
hevc_KristenAndSara_f0000,HEVC_E,KristenAndSara,test,0.1,0.1001129150390625,0.01,2028,58b8a08b34cea45772467438eac45ef733d6797dcc519d93f80336b41e47d939,hqs_finetuned,31.01992682460629,0.9409211270060539,0.3216574980178848,0.005304841324687004
hevc_KristenAndSara_f0000,HEVC_E,KristenAndSara,test,0.1,0.1001129150390625,0.05,2026,47e19e6694bff071f23bd2be5239a32058066cbf1367edf902892bd74040ac77,hqs,26.49038824771956,0.7421546454983652,0.32729473803192377,0.0023110343609005213
hevc_KristenAndSara_f0000,HEVC_E,KristenAndSara,test,0.1,0.1001129150390625,0.05,2026,47e19e6694bff071f23bd2be5239a32058066cbf1367edf902892bd74040ac77,hqs_round1,26.504027068050462,0.7482790912272483,0.32154577504843473,0.002151853172108531
hevc_KristenAndSara_f0000,HEVC_E,KristenAndSara,test,0.1,0.1001129150390625,0.05,2026,47e19e6694bff071f23bd2be5239a32058066cbf1367edf902892bd74040ac77,hqs_finetuned,27.487758340869107,0.8712278885229826,0.3219708550022915,0.037125859409570694
hevc_KristenAndSara_f0000,HEVC_E,KristenAndSara,test,0.1,0.1001129150390625,0.05,2027,49b728fcd3835b0a4b320f29bae81d5ab642a681b0f69006ff76958cd70c958c,hqs,26.603909287581242,0.7514306832025945,0.3225140880094841,0.00253021321259439
hevc_KristenAndSara_f0000,HEVC_E,KristenAndSara,test,0.1,0.1001129150390625,0.05,2027,49b728fcd3835b0a4b320f29bae81d5ab642a681b0f69006ff76958cd70c958c,hqs_round1,26.606412656902133,0.756872072794266,0.3191691640531644,0.0023530551698058844
hevc_KristenAndSara_f0000,HEVC_E,KristenAndSara,test,0.1,0.1001129150390625,0.05,2027,49b728fcd3835b0a4b320f29bae81d5ab642a681b0f69006ff76958cd70c958c,hqs_finetuned,27.744320076940525,0.8779357516136169,0.32406156905926764,0.03607276827096939
hevc_KristenAndSara_f0000,HEVC_E,KristenAndSara,test,0.1,0.1001129150390625,0.05,2028,6b3c0ae7fda2ef7cad32fa364446e7d8052eb52fc06599b104a5f70a469a2aed,hqs,26.59074869544037,0.7488065694387257,0.32472869905177504,0.002474335255101323
hevc_KristenAndSara_f0000,HEVC_E,KristenAndSara,test,0.1,0.1001129150390625,0.05,2028,6b3c0ae7fda2ef7cad32fa364446e7d8052eb52fc06599b104a5f70a469a2aed,hqs_round1,26.533193638559027,0.7544746003048122,0.3215424019144848,0.002331758150830865
hevc_KristenAndSara_f0000,HEVC_E,KristenAndSara,test,0.1,0.1001129150390625,0.05,2028,6b3c0ae7fda2ef7cad32fa364446e7d8052eb52fc06599b104a5f70a469a2aed,hqs_finetuned,27.57785311925705,0.874135487621665,0.32760833494830877,0.03720131888985634
hevc_KristenAndSara_f0200,HEVC_E,KristenAndSara,test,0.01,0.01031494140625,0.0,2026,d85e02111597d20dcd7a81c8a0b6ef461e901ea0b59c7039c791a235a1490840,hqs,22.47361208105734,0.7080032317393143,0.3214326039887965,0.00582581153139472
hevc_KristenAndSara_f0200,HEVC_E,KristenAndSara,test,0.01,0.01031494140625,0.0,2026,d85e02111597d20dcd7a81c8a0b6ef461e901ea0b59c7039c791a235a1490840,hqs_round1,22.52691297734261,0.7099419572717277,0.3233843520283699,0.005367890931665897
hevc_KristenAndSara_f0200,HEVC_E,KristenAndSara,test,0.01,0.01031494140625,0.0,2026,d85e02111597d20dcd7a81c8a0b6ef461e901ea0b59c7039c791a235a1490840,hqs_finetuned,22.664474366207212,0.7156814769697287,0.3213114059763029,0.007373183034360409
hevc_KristenAndSara_f0200,HEVC_E,KristenAndSara,test,0.04,0.041259765625,0.0,2026,ac037a724529bc57b550f683cee73836fa3eaa50686dc721ccc8cf381ff8c0fa,hqs,27.256550487899048,0.8806602353471537,0.32557459303643554,0.00430730264633894
hevc_KristenAndSara_f0200,HEVC_E,KristenAndSara,test,0.04,0.041259765625,0.0,2026,ac037a724529bc57b550f683cee73836fa3eaa50686dc721ccc8cf381ff8c0fa,hqs_round1,27.346234959574147,0.8825070761787072,0.32882233907002956,0.004333027638494968
hevc_KristenAndSara_f0200,HEVC_E,KristenAndSara,test,0.04,0.041259765625,0.0,2026,ac037a724529bc57b550f683cee73836fa3eaa50686dc721ccc8cf381ff8c0fa,hqs_finetuned,27.558773928658148,0.8868199152497948,0.31779849505983293,0.004873746540397406
hevc_KristenAndSara_f0200,HEVC_E,KristenAndSara,test,0.1,0.1001129150390625,0.0,2026,1e4a426df82916cdc78dae913acdf2a7de3dcaeaf0f8634a786e2a1b2b69cf79,hqs,31.007222302744335,0.9480357874419689,0.32241451705340296,0.0032053152099251747
hevc_KristenAndSara_f0200,HEVC_E,KristenAndSara,test,0.1,0.1001129150390625,0.0,2026,1e4a426df82916cdc78dae913acdf2a7de3dcaeaf0f8634a786e2a1b2b69cf79,hqs_round1,31.623789391253933,0.9535137381772995,0.32002148404717445,0.0035132858902215958
hevc_KristenAndSara_f0200,HEVC_E,KristenAndSara,test,0.1,0.1001129150390625,0.0,2026,1e4a426df82916cdc78dae913acdf2a7de3dcaeaf0f8634a786e2a1b2b69cf79,hqs_finetuned,31.942425630127133,0.956082735019207,0.3199743740260601,0.00435821944847703
hevc_KristenAndSara_f0200,HEVC_E,KristenAndSara,test,0.25,0.25,0.0,2026,3a8e8c8048c7608dea7cbfd55a95cbfdb1f4c904b0e8ceecf2c6a4269beb38ac,hqs,39.37165494753313,0.9879849059581757,0.3257588689448312,0.0024262540973722935
hevc_KristenAndSara_f0200,HEVC_E,KristenAndSara,test,0.25,0.25,0.0,2026,3a8e8c8048c7608dea7cbfd55a95cbfdb1f4c904b0e8ceecf2c6a4269beb38ac,hqs_round1,39.969009038536846,0.9891334454584122,0.32000494899693877,0.002813969273120165
hevc_KristenAndSara_f0200,HEVC_E,KristenAndSara,test,0.25,0.25,0.0,2026,3a8e8c8048c7608dea7cbfd55a95cbfdb1f4c904b0e8ceecf2c6a4269beb38ac,hqs_finetuned,40.22787192634147,0.9893288035135269,0.3241536000277847,0.0030801333487033844
hevc_KristenAndSara_f0200,HEVC_E,KristenAndSara,test,0.5,0.4998931884765625,0.0,2026,4195e62ae7ae5415567095bea9b79fc258befa360be68f334b383e56dd9906d6,hqs,48.02682633614411,0.9967218863124847,0.3265324590029195,0.0013924819650128484
hevc_KristenAndSara_f0200,HEVC_E,KristenAndSara,test,0.5,0.4998931884765625,0.0,2026,4195e62ae7ae5415567095bea9b79fc258befa360be68f334b383e56dd9906d6,hqs_round1,48.14510975719411,0.9968362507658005,0.32147374900523573,0.0020793129224330187
hevc_KristenAndSara_f0200,HEVC_E,KristenAndSara,test,0.5,0.4998931884765625,0.0,2026,4195e62ae7ae5415567095bea9b79fc258befa360be68f334b383e56dd9906d6,hqs_finetuned,48.44541655877161,0.9969139740962982,0.3198038600385189,0.0018422832945361733
hevc_KristenAndSara_f0200,HEVC_E,KristenAndSara,test,0.1,0.1001129150390625,0.01,2026,303a5df74e5f05342a6965212c15614fd8122f5510582e9a8309e0e5499f6686,hqs,30.016702353336324,0.9306029844651222,0.32172045297920704,0.002744457684457302
hevc_KristenAndSara_f0200,HEVC_E,KristenAndSara,test,0.1,0.1001129150390625,0.01,2026,303a5df74e5f05342a6965212c15614fd8122f5510582e9a8309e0e5499f6686,hqs_round1,30.538201633562135,0.9378066984620095,0.32175403099972755,0.0031466663349419832
hevc_KristenAndSara_f0200,HEVC_E,KristenAndSara,test,0.1,0.1001129150390625,0.01,2026,303a5df74e5f05342a6965212c15614fd8122f5510582e9a8309e0e5499f6686,hqs_finetuned,30.961059221023678,0.9441087032680512,0.32171644701156765,0.005428544245660305
hevc_KristenAndSara_f0200,HEVC_E,KristenAndSara,test,0.1,0.1001129150390625,0.01,2027,295c6c545ded286324fe7905243b12225160fdfcbc32cb1d7f912fbb2a2047eb,hqs,30.138357023465954,0.930080137100935,0.32777874800376594,0.002625817898660898
hevc_KristenAndSara_f0200,HEVC_E,KristenAndSara,test,0.1,0.1001129150390625,0.01,2027,295c6c545ded286324fe7905243b12225160fdfcbc32cb1d7f912fbb2a2047eb,hqs_round1,30.777570679113758,0.9381205310800076,0.3193217139923945,0.002988321240991354
hevc_KristenAndSara_f0200,HEVC_E,KristenAndSara,test,0.1,0.1001129150390625,0.01,2027,295c6c545ded286324fe7905243b12225160fdfcbc32cb1d7f912fbb2a2047eb,hqs_finetuned,31.151268998742502,0.944404581001997,0.32205448392778635,0.00506629841402173
hevc_KristenAndSara_f0200,HEVC_E,KristenAndSara,test,0.1,0.1001129150390625,0.01,2028,1026a9ac34b077a05da9fc8f0ad2aa69adba7550c9c06d807e00796fc9029ce4,hqs,30.266037388291217,0.9334582539969682,0.32209086895454675,0.0026428387500345707
hevc_KristenAndSara_f0200,HEVC_E,KristenAndSara,test,0.1,0.1001129150390625,0.01,2028,1026a9ac34b077a05da9fc8f0ad2aa69adba7550c9c06d807e00796fc9029ce4,hqs_round1,30.793331863328333,0.94015864037776,0.31918338092509657,0.0030884623993188143
hevc_KristenAndSara_f0200,HEVC_E,KristenAndSara,test,0.1,0.1001129150390625,0.01,2028,1026a9ac34b077a05da9fc8f0ad2aa69adba7550c9c06d807e00796fc9029ce4,hqs_finetuned,31.17811251306835,0.9454025151371956,0.32574254798237234,0.0053208619356155396
hevc_KristenAndSara_f0200,HEVC_E,KristenAndSara,test,0.1,0.1001129150390625,0.05,2026,74fd0e2292fc4ece48d6f01e787dd9939fffc87838859eaf88a7c9d0d8ea736a,hqs,26.405411501592845,0.7412410646852254,0.3224158399971202,0.0025356935802847147
hevc_KristenAndSara_f0200,HEVC_E,KristenAndSara,test,0.1,0.1001129150390625,0.05,2026,74fd0e2292fc4ece48d6f01e787dd9939fffc87838859eaf88a7c9d0d8ea736a,hqs_round1,26.360263288465443,0.7475518113957942,0.3199532190337777,0.0024358362425118685
hevc_KristenAndSara_f0200,HEVC_E,KristenAndSara,test,0.1,0.1001129150390625,0.05,2026,74fd0e2292fc4ece48d6f01e787dd9939fffc87838859eaf88a7c9d0d8ea736a,hqs_finetuned,27.46917862203488,0.8782963704632595,0.31787892198190093,0.036769043654203415
hevc_KristenAndSara_f0200,HEVC_E,KristenAndSara,test,0.1,0.1001129150390625,0.05,2027,7327249514a4a4757e26caa482a408078f5d6943c84fff13e36c99c41de540ea,hqs,26.437636681076796,0.7379163303895797,0.32364514807704836,0.0022181118838489056
hevc_KristenAndSara_f0200,HEVC_E,KristenAndSara,test,0.1,0.1001129150390625,0.05,2027,7327249514a4a4757e26caa482a408078f5d6943c84fff13e36c99c41de540ea,hqs_round1,26.446161368919405,0.7449655503052249,0.3300533649744466,0.002161212032660842
hevc_KristenAndSara_f0200,HEVC_E,KristenAndSara,test,0.1,0.1001129150390625,0.05,2027,7327249514a4a4757e26caa482a408078f5d6943c84fff13e36c99c41de540ea,hqs_finetuned,27.595120726609757,0.8779383212378025,0.31810724292881787,0.037703558802604675
hevc_KristenAndSara_f0200,HEVC_E,KristenAndSara,test,0.1,0.1001129150390625,0.05,2028,17628fc58ab45948fd5757558e22866aa44a7b26a0ac1b124c0b51edf7a8f733,hqs,26.4610482661492,0.7431775184678138,0.3312943310011178,0.0023067048750817776
hevc_KristenAndSara_f0200,HEVC_E,KristenAndSara,test,0.1,0.1001129150390625,0.05,2028,17628fc58ab45948fd5757558e22866aa44a7b26a0ac1b124c0b51edf7a8f733,hqs_round1,26.4653799361926,0.7497189223788678,0.3258060490479693,0.0022152976598590612
hevc_KristenAndSara_f0200,HEVC_E,KristenAndSara,test,0.1,0.1001129150390625,0.05,2028,17628fc58ab45948fd5757558e22866aa44a7b26a0ac1b124c0b51edf7a8f733,hqs_finetuned,27.65794811479455,0.8802780313072205,0.3213997361017391,0.03661879152059555
hevc_KristenAndSara_f0400,HEVC_E,KristenAndSara,test,0.01,0.01031494140625,0.0,2026,3dd529c9d06b7f849f2439595b96bb00672b7d150341b3bfa5c8d23af75c262a,hqs,22.781683604935118,0.7041361854633825,0.3230117280036211,0.0055151148699223995
hevc_KristenAndSara_f0400,HEVC_E,KristenAndSara,test,0.01,0.01031494140625,0.0,2026,3dd529c9d06b7f849f2439595b96bb00672b7d150341b3bfa5c8d23af75c262a,hqs_round1,22.793096729826175,0.7049674491721949,0.3193545729154721,0.005238840356469154
hevc_KristenAndSara_f0400,HEVC_E,KristenAndSara,test,0.01,0.01031494140625,0.0,2026,3dd529c9d06b7f849f2439595b96bb00672b7d150341b3bfa5c8d23af75c262a,hqs_finetuned,22.750835647436816,0.7046854962428245,0.327032131026499,0.007877841591835022
hevc_KristenAndSara_f0400,HEVC_E,KristenAndSara,test,0.04,0.041259765625,0.0,2026,f5b38859eb6df2a39d9a96ab3603230d1d17beef87ee4f6ec1151c464b2defe7,hqs,27.375282531904638,0.8754053316444359,0.32373171602375805,0.0042950366623699665
hevc_KristenAndSara_f0400,HEVC_E,KristenAndSara,test,0.04,0.041259765625,0.0,2026,f5b38859eb6df2a39d9a96ab3603230d1d17beef87ee4f6ec1151c464b2defe7,hqs_round1,27.494587726720976,0.8776039276816174,0.3241908879717812,0.004375922027975321
hevc_KristenAndSara_f0400,HEVC_E,KristenAndSara,test,0.04,0.041259765625,0.0,2026,f5b38859eb6df2a39d9a96ab3603230d1d17beef87ee4f6ec1151c464b2defe7,hqs_finetuned,27.73677204081098,0.8824845617421754,0.32304238399956375,0.0054113250225782394
hevc_KristenAndSara_f0400,HEVC_E,KristenAndSara,test,0.1,0.1001129150390625,0.0,2026,d16265ba04201647ffd755a38ebf6644fc1a235118496f6bd42e483595a3d017,hqs,30.93309314529666,0.9413743260741234,0.3292299030581489,0.0034607734996825457
hevc_KristenAndSara_f0400,HEVC_E,KristenAndSara,test,0.1,0.1001129150390625,0.0,2026,d16265ba04201647ffd755a38ebf6644fc1a235118496f6bd42e483595a3d017,hqs_round1,31.499471530395525,0.946675646427393,0.3389964570524171,0.003771083662286401
hevc_KristenAndSara_f0400,HEVC_E,KristenAndSara,test,0.1,0.1001129150390625,0.0,2026,d16265ba04201647ffd755a38ebf6644fc1a235118496f6bd42e483595a3d017,hqs_finetuned,31.7916667912092,0.9494757374796867,0.32191115198656917,0.004455531015992165
hevc_KristenAndSara_f0400,HEVC_E,KristenAndSara,test,0.25,0.25,0.0,2026,e4bd1bb9ef948390a7c86e3291de40602aabe7d4fe29379e451ce07dc9ff9dbd,hqs,38.906044740004425,0.9853282617492676,0.327412033919245,0.0024558505974709988
hevc_KristenAndSara_f0400,HEVC_E,KristenAndSara,test,0.25,0.25,0.0,2026,e4bd1bb9ef948390a7c86e3291de40602aabe7d4fe29379e451ce07dc9ff9dbd,hqs_round1,39.56596168584467,0.986896289384842,0.32239881705027074,0.002833327744156122
hevc_KristenAndSara_f0400,HEVC_E,KristenAndSara,test,0.25,0.25,0.0,2026,e4bd1bb9ef948390a7c86e3291de40602aabe7d4fe29379e451ce07dc9ff9dbd,hqs_finetuned,39.898968324653936,0.9875818754425049,0.3695770689519122,0.003109223674982786
hevc_KristenAndSara_f0400,HEVC_E,KristenAndSara,test,0.5,0.4998931884765625,0.0,2026,a510773e6fb1af79caac8e048cabb311949c782fee57e9dbba1b3d5b84af2e24,hqs,47.83708252613813,0.996575264418602,0.35610582202207297,0.001442263717763126
hevc_KristenAndSara_f0400,HEVC_E,KristenAndSara,test,0.5,0.4998931884765625,0.0,2026,a510773e6fb1af79caac8e048cabb311949c782fee57e9dbba1b3d5b84af2e24,hqs_round1,47.89439458372748,0.9966410176706314,0.342176542035304,0.002060079015791416
hevc_KristenAndSara_f0400,HEVC_E,KristenAndSara,test,0.5,0.4998931884765625,0.0,2026,a510773e6fb1af79caac8e048cabb311949c782fee57e9dbba1b3d5b84af2e24,hqs_finetuned,48.131529105909095,0.9966856000480652,0.3418180301086977,0.0018968243384733796
hevc_KristenAndSara_f0400,HEVC_E,KristenAndSara,test,0.1,0.1001129150390625,0.01,2026,66553ea4f60037f18b542d51b2e21818dc8a05beaef5a01a6926e6c36225a578,hqs,30.291724115960005,0.9281308547438383,0.3509680529823527,0.002734852721914649
hevc_KristenAndSara_f0400,HEVC_E,KristenAndSara,test,0.1,0.1001129150390625,0.01,2026,66553ea4f60037f18b542d51b2e21818dc8a05beaef5a01a6926e6c36225a578,hqs_round1,30.76986156522895,0.934620653231144,0.3438717849785462,0.0032650569919496775
hevc_KristenAndSara_f0400,HEVC_E,KristenAndSara,test,0.1,0.1001129150390625,0.01,2026,66553ea4f60037f18b542d51b2e21818dc8a05beaef5a01a6926e6c36225a578,hqs_finetuned,31.01612530255363,0.9390130265059471,0.33587979106232524,0.005734998732805252
hevc_KristenAndSara_f0400,HEVC_E,KristenAndSara,test,0.1,0.1001129150390625,0.01,2027,aa109d1121ad8ad070f4dde6453d4d856c609b695eae6f65d3d9e935926b93ee,hqs,30.371392395106437,0.9284256577872038,0.3302757079945877,0.0029153137002140284
hevc_KristenAndSara_f0400,HEVC_E,KristenAndSara,test,0.1,0.1001129150390625,0.01,2027,aa109d1121ad8ad070f4dde6453d4d856c609b695eae6f65d3d9e935926b93ee,hqs_round1,30.828824441069415,0.9347213641550541,0.33022170106414706,0.003329214407131076
hevc_KristenAndSara_f0400,HEVC_E,KristenAndSara,test,0.1,0.1001129150390625,0.01,2027,aa109d1121ad8ad070f4dde6453d4d856c609b695eae6f65d3d9e935926b93ee,hqs_finetuned,31.063927068710345,0.9390969027857781,0.34368073695804924,0.005859994329512119
hevc_KristenAndSara_f0400,HEVC_E,KristenAndSara,test,0.1,0.1001129150390625,0.01,2028,e624835aa46b23bdd3ca1129292f92da4fdfb915c992406bffd09273ec4d6960,hqs,30.25439539637357,0.9287332671041488,0.3487302119610831,0.0030328372959047556
hevc_KristenAndSara_f0400,HEVC_E,KristenAndSara,test,0.1,0.1001129150390625,0.01,2028,e624835aa46b23bdd3ca1129292f92da4fdfb915c992406bffd09273ec4d6960,hqs_round1,30.659654438379217,0.9343535713670253,0.32745100907050073,0.0034718916285783052
hevc_KristenAndSara_f0400,HEVC_E,KristenAndSara,test,0.1,0.1001129150390625,0.01,2028,e624835aa46b23bdd3ca1129292f92da4fdfb915c992406bffd09273ec4d6960,hqs_finetuned,30.806740499073378,0.9377836601088047,0.32917517703026533,0.005645375233143568
hevc_KristenAndSara_f0400,HEVC_E,KristenAndSara,test,0.1,0.1001129150390625,0.05,2026,33bc6f928597d86051be39d29ab94cf1b9b59c8b417e3c11ff0990bf3c10d5c2,hqs,26.50012212854662,0.7360499826995134,0.33315560792107135,0.0022952842991799116
hevc_KristenAndSara_f0400,HEVC_E,KristenAndSara,test,0.1,0.1001129150390625,0.05,2026,33bc6f928597d86051be39d29ab94cf1b9b59c8b417e3c11ff0990bf3c10d5c2,hqs_round1,26.46906327097551,0.7414819062671941,0.37255106994416565,0.002244194969534874
hevc_KristenAndSara_f0400,HEVC_E,KristenAndSara,test,0.1,0.1001129150390625,0.05,2026,33bc6f928597d86051be39d29ab94cf1b9b59c8b417e3c11ff0990bf3c10d5c2,hqs_finetuned,27.67345642872039,0.8717460977931023,0.3393088149605319,0.03620924428105354
hevc_KristenAndSara_f0400,HEVC_E,KristenAndSara,test,0.1,0.1001129150390625,0.05,2027,1312b6e05d1c5d6e935ebec07928bda168642b21400e69229e6f7246fcffa8cd,hqs,26.54783168197889,0.7402530004361272,0.32586855301633477,0.002447072882205248
hevc_KristenAndSara_f0400,HEVC_E,KristenAndSara,test,0.1,0.1001129150390625,0.05,2027,1312b6e05d1c5d6e935ebec07928bda168642b21400e69229e6f7246fcffa8cd,hqs_round1,26.59084148481066,0.7468123814830184,0.32171177596319467,0.0023350780829787254
hevc_KristenAndSara_f0400,HEVC_E,KristenAndSara,test,0.1,0.1001129150390625,0.05,2027,1312b6e05d1c5d6e935ebec07928bda168642b21400e69229e6f7246fcffa8cd,hqs_finetuned,27.757679144330663,0.8759794809923171,0.3205234620254487,0.0358748659491539
hevc_KristenAndSara_f0400,HEVC_E,KristenAndSara,test,0.1,0.1001129150390625,0.05,2028,79912665dce99aea6947cee78ce3fd88af7fb7bde78d3a9251db904bce2a4ea8,hqs,26.47487509412562,0.7393634499870464,0.3219634429551661,0.0024160919710993767
hevc_KristenAndSara_f0400,HEVC_E,KristenAndSara,test,0.1,0.1001129150390625,0.05,2028,79912665dce99aea6947cee78ce3fd88af7fb7bde78d3a9251db904bce2a4ea8,hqs_round1,26.464033517968705,0.7451554567952454,0.32007813395466655,0.002269935328513384
hevc_KristenAndSara_f0400,HEVC_E,KristenAndSara,test,0.1,0.1001129150390625,0.05,2028,79912665dce99aea6947cee78ce3fd88af7fb7bde78d3a9251db904bce2a4ea8,hqs_finetuned,27.5513676794736,0.868817398383677,0.3266450810479,0.03591272607445717
fresh_div2k_0802,DIV2K_fresh,fresh_div2k_0802,test,0.01,0.01031494140625,0.0,2026,04058bffd7e8bb05fd2892b3ba285ac9e1439077cd871b0f26d5d5bae9d3e192,hqs,19.011267637451333,0.5420339176951064,0.32090714504010975,0.01155367773026228
fresh_div2k_0802,DIV2K_fresh,fresh_div2k_0802,test,0.01,0.01031494140625,0.0,2026,04058bffd7e8bb05fd2892b3ba285ac9e1439077cd871b0f26d5d5bae9d3e192,hqs_round1,19.284695862533162,0.5590330796290994,0.31900318793486804,0.01043962873518467
fresh_div2k_0802,DIV2K_fresh,fresh_div2k_0802,test,0.01,0.01031494140625,0.0,2026,04058bffd7e8bb05fd2892b3ba285ac9e1439077cd871b0f26d5d5bae9d3e192,hqs_finetuned,19.924118521587907,0.6027805735289016,0.3196563629899174,0.010589703917503357
fresh_div2k_0802,DIV2K_fresh,fresh_div2k_0802,test,0.04,0.041259765625,0.0,2026,74f1d4b54a49d710cd908200a647a1825f804e87b904abd4845d6250e39771bb,hqs,27.162189751947118,0.8866380973985791,0.32697381800971925,0.006687596440315247
fresh_div2k_0802,DIV2K_fresh,fresh_div2k_0802,test,0.04,0.041259765625,0.0,2026,74f1d4b54a49d710cd908200a647a1825f804e87b904abd4845d6250e39771bb,hqs_round1,27.318618910674314,0.8893830881841183,0.3204770960146561,0.005795449949800968
fresh_div2k_0802,DIV2K_fresh,fresh_div2k_0802,test,0.04,0.041259765625,0.0,2026,74f1d4b54a49d710cd908200a647a1825f804e87b904abd4845d6250e39771bb,hqs_finetuned,27.442705110170827,0.8918780991948247,0.3196605099365115,0.005569055210798979
fresh_div2k_0802,DIV2K_fresh,fresh_div2k_0802,test,0.1,0.1001129150390625,0.0,2026,66b9c6357c472e6dbb4e0309e298ed5e5aeb39bafc6ff2e666f02e663f805431,hqs,32.12033658793449,0.9555928787317276,0.3249557319795713,0.002944242674857378
fresh_div2k_0802,DIV2K_fresh,fresh_div2k_0802,test,0.1,0.1001129150390625,0.0,2026,66b9c6357c472e6dbb4e0309e298ed5e5aeb39bafc6ff2e666f02e663f805431,hqs_round1,32.429348041554626,0.9569249301638603,0.3178642999846488,0.0029480543453246355
fresh_div2k_0802,DIV2K_fresh,fresh_div2k_0802,test,0.1,0.1001129150390625,0.0,2026,66b9c6357c472e6dbb4e0309e298ed5e5aeb39bafc6ff2e666f02e663f805431,hqs_finetuned,32.53875452562548,0.9573300736088752,0.31785134598612785,0.002978002652525902
fresh_div2k_0802,DIV2K_fresh,fresh_div2k_0802,test,0.25,0.25,0.0,2026,ffb5edb234efe9446a537de9d80bc7abab9d7291f7dfd7c1acd1f3d4156fa7ac,hqs,37.05128066396081,0.9825157458715439,0.31936740002129227,0.0016113182064145803
fresh_div2k_0802,DIV2K_fresh,fresh_div2k_0802,test,0.25,0.25,0.0,2026,ffb5edb234efe9446a537de9d80bc7abab9d7291f7dfd7c1acd1f3d4156fa7ac,hqs_round1,37.34113759463335,0.9830581777906418,0.4017068019602448,0.0015951868845149875
fresh_div2k_0802,DIV2K_fresh,fresh_div2k_0802,test,0.25,0.25,0.0,2026,ffb5edb234efe9446a537de9d80bc7abab9d7291f7dfd7c1acd1f3d4156fa7ac,hqs_finetuned,37.496635412616484,0.9831987758369446,0.35893205797765404,0.0022650344762951136
fresh_div2k_0802,DIV2K_fresh,fresh_div2k_0802,test,0.5,0.4998931884765625,0.0,2026,8de555f626d8bc0d9632b2ec7d9deabf520c74ce22a94baac6fa5795dd3a5c62,hqs,41.413573509301536,0.9928660578737258,0.32111761101987213,0.0010972380405291915
fresh_div2k_0802,DIV2K_fresh,fresh_div2k_0802,test,0.5,0.4998931884765625,0.0,2026,8de555f626d8bc0d9632b2ec7d9deabf520c74ce22a94baac6fa5795dd3a5c62,hqs_round1,41.69902349706841,0.9931691402521133,0.37351517600473017,0.0011192624224349856
fresh_div2k_0802,DIV2K_fresh,fresh_div2k_0802,test,0.5,0.4998931884765625,0.0,2026,8de555f626d8bc0d9632b2ec7d9deabf520c74ce22a94baac6fa5795dd3a5c62,hqs_finetuned,41.80357055665564,0.993132889248848,0.3566484950715676,0.001991031691431999
fresh_div2k_0802,DIV2K_fresh,fresh_div2k_0802,test,0.1,0.1001129150390625,0.01,2026,6b5c02f67f29122f1276b5f8e1afd70585253824bd4bbd1f0f64b9d16f6c0083,hqs,31.85270262810175,0.952921907661438,0.36836670408956707,0.002916867844760418
fresh_div2k_0802,DIV2K_fresh,fresh_div2k_0802,test,0.1,0.1001129150390625,0.01,2026,6b5c02f67f29122f1276b5f8e1afd70585253824bd4bbd1f0f64b9d16f6c0083,hqs_round1,32.103018351000344,0.9541519336719513,0.3589359049219638,0.0029185228049755096
fresh_div2k_0802,DIV2K_fresh,fresh_div2k_0802,test,0.1,0.1001129150390625,0.01,2026,6b5c02f67f29122f1276b5f8e1afd70585253824bd4bbd1f0f64b9d16f6c0083,hqs_finetuned,32.21618323531463,0.9547088619651795,0.35417155094910413,0.003639697330072522
fresh_div2k_0802,DIV2K_fresh,fresh_div2k_0802,test,0.1,0.1001129150390625,0.01,2027,7849d15dd33fd583ccc894f1415c699a1d35df8c0fdd7c40e33d3d9923f3ebfb,hqs,31.850698140092078,0.9530210095305442,0.3585542009677738,0.00288451393134892
fresh_div2k_0802,DIV2K_fresh,fresh_div2k_0802,test,0.1,0.1001129150390625,0.01,2027,7849d15dd33fd583ccc894f1415c699a1d35df8c0fdd7c40e33d3d9923f3ebfb,hqs_round1,32.12240441032901,0.9543321177506446,0.3567983399843797,0.0029300947207957506
fresh_div2k_0802,DIV2K_fresh,fresh_div2k_0802,test,0.1,0.1001129150390625,0.01,2027,7849d15dd33fd583ccc894f1415c699a1d35df8c0fdd7c40e33d3d9923f3ebfb,hqs_finetuned,32.23455347987474,0.9549692214970589,0.3534647370688617,0.0035546976141631603
fresh_div2k_0802,DIV2K_fresh,fresh_div2k_0802,test,0.1,0.1001129150390625,0.01,2028,f9ead2771edcbfe552a9edb19771a1049282746328df9d67df3d818b13ff4e49,hqs,31.837467747819886,0.9530464186034202,0.3611726419767365,0.002930756425485015
fresh_div2k_0802,DIV2K_fresh,fresh_div2k_0802,test,0.1,0.1001129150390625,0.01,2028,f9ead2771edcbfe552a9edb19771a1049282746328df9d67df3d818b13ff4e49,hqs_round1,32.09343125595215,0.954312158411026,0.3571997359395027,0.0029157495591789484
fresh_div2k_0802,DIV2K_fresh,fresh_div2k_0802,test,0.1,0.1001129150390625,0.01,2028,f9ead2771edcbfe552a9edb19771a1049282746328df9d67df3d818b13ff4e49,hqs_finetuned,32.21702202966241,0.9549412824544906,0.3536178709473461,0.0035421813372522593
fresh_div2k_0802,DIV2K_fresh,fresh_div2k_0802,test,0.1,0.1001129150390625,0.05,2026,7a89df472caaa792c4d8723cbcaae9ca92acdf33080b13d47823d709d2200cdf,hqs,28.205254893080077,0.8983096339562386,0.3615459509892389,0.0030863313004374504
fresh_div2k_0802,DIV2K_fresh,fresh_div2k_0802,test,0.1,0.1001129150390625,0.05,2026,7a89df472caaa792c4d8723cbcaae9ca92acdf33080b13d47823d709d2200cdf,hqs_round1,28.2345386729433,0.899521303926453,0.3514461440499872,0.002852493664249778
fresh_div2k_0802,DIV2K_fresh,fresh_div2k_0802,test,0.1,0.1001129150390625,0.05,2026,7a89df472caaa792c4d8723cbcaae9ca92acdf33080b13d47823d709d2200cdf,hqs_finetuned,29.079567156045314,0.9178093232748509,0.3597128069959581,0.021802730858325958
fresh_div2k_0802,DIV2K_fresh,fresh_div2k_0802,test,0.1,0.1001129150390625,0.05,2027,bb0f809f752bcbd8a6326d096b7c4921abaabd1303e21d2a6a5c24c1558e6cfb,hqs,28.208640405328296,0.8994238403762579,0.36341382598038763,0.003137742867693305
fresh_div2k_0802,DIV2K_fresh,fresh_div2k_0802,test,0.1,0.1001129150390625,0.05,2027,bb0f809f752bcbd8a6326d096b7c4921abaabd1303e21d2a6a5c24c1558e6cfb,hqs_round1,28.22891595439744,0.9006926068245172,0.35836204199586064,0.0029538236558437347
fresh_div2k_0802,DIV2K_fresh,fresh_div2k_0802,test,0.1,0.1001129150390625,0.05,2027,bb0f809f752bcbd8a6326d096b7c4921abaabd1303e21d2a6a5c24c1558e6cfb,hqs_finetuned,29.19065134414349,0.9203392064783573,0.35674078203737736,0.022843733429908752
fresh_div2k_0802,DIV2K_fresh,fresh_div2k_0802,test,0.1,0.1001129150390625,0.05,2028,2ca67765660bd52eedc29dd8a7f2139ab858b84d69f3ba570ae741810465ccd5,hqs,28.200235494527078,0.9007032441682815,0.3602493020007387,0.0031301849521696568
fresh_div2k_0802,DIV2K_fresh,fresh_div2k_0802,test,0.1,0.1001129150390625,0.05,2028,2ca67765660bd52eedc29dd8a7f2139ab858b84d69f3ba570ae741810465ccd5,hqs_round1,28.189992107734856,0.9015001386510134,0.3569619330810383,0.0028909207321703434
fresh_div2k_0802,DIV2K_fresh,fresh_div2k_0802,test,0.1,0.1001129150390625,0.05,2028,2ca67765660bd52eedc29dd8a7f2139ab858b84d69f3ba570ae741810465ccd5,hqs_finetuned,29.09797089850336,0.9188785313038826,0.3540437859483063,0.022716334089636803
fresh_div2k_0804,DIV2K_fresh,fresh_div2k_0804,test,0.01,0.01031494140625,0.0,2026,70ac2f8ce6ca6305b1297e9539d17707caa215f888c90e2f0ce4ef673b674716,hqs,19.216400751003604,0.4227171330052023,0.35517733497545123,0.005176724400371313
fresh_div2k_0804,DIV2K_fresh,fresh_div2k_0804,test,0.01,0.01031494140625,0.0,2026,70ac2f8ce6ca6305b1297e9539d17707caa215f888c90e2f0ce4ef673b674716,hqs_round1,19.242493435699703,0.42391153180241553,0.35367353504989296,0.0044545563869178295
fresh_div2k_0804,DIV2K_fresh,fresh_div2k_0804,test,0.01,0.01031494140625,0.0,2026,70ac2f8ce6ca6305b1297e9539d17707caa215f888c90e2f0ce4ef673b674716,hqs_finetuned,19.277825586385006,0.42303964330479127,0.3556374900508672,0.007947785779833794
fresh_div2k_0804,DIV2K_fresh,fresh_div2k_0804,test,0.04,0.041259765625,0.0,2026,75e4ecd5077e199bdd407370d79d7652b97d4d6794c4eebc4a63397074ce082a,hqs,22.962534336858052,0.6707521114320827,0.3636126290075481,0.004559910390526056
fresh_div2k_0804,DIV2K_fresh,fresh_div2k_0804,test,0.04,0.041259765625,0.0,2026,75e4ecd5077e199bdd407370d79d7652b97d4d6794c4eebc4a63397074ce082a,hqs_round1,23.029853409006577,0.6722815536010772,0.3630043650045991,0.004137314856052399
fresh_div2k_0804,DIV2K_fresh,fresh_div2k_0804,test,0.04,0.041259765625,0.0,2026,75e4ecd5077e199bdd407370d79d7652b97d4d6794c4eebc4a63397074ce082a,hqs_finetuned,23.053714850817414,0.6708006345376055,0.35449030704330653,0.004234738182276487
fresh_div2k_0804,DIV2K_fresh,fresh_div2k_0804,test,0.1,0.1001129150390625,0.0,2026,1443ad6c91dec27751110c0da4d1c3902122511529cf382daa0b65d3ff4149eb,hqs,26.090734020380026,0.8073796840952039,0.3258706530323252,0.003241945756599307
fresh_div2k_0804,DIV2K_fresh,fresh_div2k_0804,test,0.1,0.1001129150390625,0.0,2026,1443ad6c91dec27751110c0da4d1c3902122511529cf382daa0b65d3ff4149eb,hqs_round1,26.14651675967022,0.8076719386052639,0.31834615604020655,0.0034132860600948334
fresh_div2k_0804,DIV2K_fresh,fresh_div2k_0804,test,0.1,0.1001129150390625,0.0,2026,1443ad6c91dec27751110c0da4d1c3902122511529cf382daa0b65d3ff4149eb,hqs_finetuned,26.20983554092968,0.8075091256672591,0.3215967289870605,0.003682643873617053
fresh_div2k_0804,DIV2K_fresh,fresh_div2k_0804,test,0.25,0.25,0.0,2026,e836c173a2c7124d7b075375df63bef7eb8aac240c4bfe954f669db977ca347d,hqs,29.717852504723204,0.9124680301976204,0.3299665870144963,0.0023600494023412466
fresh_div2k_0804,DIV2K_fresh,fresh_div2k_0804,test,0.25,0.25,0.0,2026,e836c173a2c7124d7b075375df63bef7eb8aac240c4bfe954f669db977ca347d,hqs_round1,29.93807534007019,0.9150495345089436,0.3201301640365273,0.002695784205570817
fresh_div2k_0804,DIV2K_fresh,fresh_div2k_0804,test,0.25,0.25,0.0,2026,e836c173a2c7124d7b075375df63bef7eb8aac240c4bfe954f669db977ca347d,hqs_finetuned,30.088415133089224,0.9164093805336953,0.3246554940706119,0.0028426432982087135
fresh_div2k_0804,DIV2K_fresh,fresh_div2k_0804,test,0.5,0.4998931884765625,0.0,2026,3ad812efe8391b47321a1c7649e04648d0e112cf0f97161859b48b31167d7b38,hqs,34.52059884851354,0.9698278643045425,0.32242383901029825,0.0019795058760792017
fresh_div2k_0804,DIV2K_fresh,fresh_div2k_0804,test,0.5,0.4998931884765625,0.0,2026,3ad812efe8391b47321a1c7649e04648d0e112cf0f97161859b48b31167d7b38,hqs_round1,34.8587934078962,0.9718377462120056,0.32634923700243235,0.0023759575560688972
fresh_div2k_0804,DIV2K_fresh,fresh_div2k_0804,test,0.5,0.4998931884765625,0.0,2026,3ad812efe8391b47321a1c7649e04648d0e112cf0f97161859b48b31167d7b38,hqs_finetuned,35.02441234879484,0.9727394461297989,0.3198372209444642,0.0025229291059076786
fresh_div2k_0804,DIV2K_fresh,fresh_div2k_0804,test,0.1,0.1001129150390625,0.01,2026,8ac4281df7d5c146116f1740f4e016ab9cf047c77f10bb18fd2682de8e208e02,hqs,25.971577862056996,0.802481839221552,0.32791945803910494,0.0031582831870764494
fresh_div2k_0804,DIV2K_fresh,fresh_div2k_0804,test,0.1,0.1001129150390625,0.01,2026,8ac4281df7d5c146116f1740f4e016ab9cf047c77f10bb18fd2682de8e208e02,hqs_round1,25.989982366925272,0.8024159385685623,0.32242316601332277,0.003357754787430167
fresh_div2k_0804,DIV2K_fresh,fresh_div2k_0804,test,0.1,0.1001129150390625,0.01,2026,8ac4281df7d5c146116f1740f4e016ab9cf047c77f10bb18fd2682de8e208e02,hqs_finetuned,26.069221976342305,0.8022024625130891,0.3208111400017515,0.004567130468785763
fresh_div2k_0804,DIV2K_fresh,fresh_div2k_0804,test,0.1,0.1001129150390625,0.01,2027,4d8c96a24465a123bf2393ce600b9378cb7f6beef19fb45de51c868d678d164a,hqs,25.945043083357167,0.8015223573540747,0.3289282351033762,0.003182844026014209
fresh_div2k_0804,DIV2K_fresh,fresh_div2k_0804,test,0.1,0.1001129150390625,0.01,2027,4d8c96a24465a123bf2393ce600b9378cb7f6beef19fb45de51c868d678d164a,hqs_round1,25.955125899982534,0.8011514450561404,0.3194327719975263,0.0032996959052979946
fresh_div2k_0804,DIV2K_fresh,fresh_div2k_0804,test,0.1,0.1001129150390625,0.01,2027,4d8c96a24465a123bf2393ce600b9378cb7f6beef19fb45de51c868d678d164a,hqs_finetuned,26.044310777898158,0.8009647950521559,0.3184716980904341,0.004556914791464806
fresh_div2k_0804,DIV2K_fresh,fresh_div2k_0804,test,0.1,0.1001129150390625,0.01,2028,743ddadbc8db11e67fec6838ed4526dff8f6e3485cfef12ca796c5d1d771531d,hqs,25.980300875486094,0.8028024770823717,0.3244217319879681,0.003085116855800152
fresh_div2k_0804,DIV2K_fresh,fresh_div2k_0804,test,0.1,0.1001129150390625,0.01,2028,743ddadbc8db11e67fec6838ed4526dff8f6e3485cfef12ca796c5d1d771531d,hqs_round1,25.990757281592195,0.8025381695296466,0.3207545940531418,0.0032233698293566704
fresh_div2k_0804,DIV2K_fresh,fresh_div2k_0804,test,0.1,0.1001129150390625,0.01,2028,743ddadbc8db11e67fec6838ed4526dff8f6e3485cfef12ca796c5d1d771531d,hqs_finetuned,26.070099882642594,0.8022524080073834,0.32848505896981806,0.004864419810473919
fresh_div2k_0804,DIV2K_fresh,fresh_div2k_0804,test,0.1,0.1001129150390625,0.05,2026,935c5b0c2cf9013655e854982f8f3f2a7e7200445d3528015e9c1bacec878b76,hqs,24.01404266293983,0.7108462918317262,0.3223974439315498,0.0032118891831487417
fresh_div2k_0804,DIV2K_fresh,fresh_div2k_0804,test,0.1,0.1001129150390625,0.05,2026,935c5b0c2cf9013655e854982f8f3f2a7e7200445d3528015e9c1bacec878b76,hqs_round1,23.97382465222796,0.7118622959486763,0.3189658619230613,0.0028580408543348312
fresh_div2k_0804,DIV2K_fresh,fresh_div2k_0804,test,0.1,0.1001129150390625,0.05,2026,935c5b0c2cf9013655e854982f8f3f2a7e7200445d3528015e9c1bacec878b76,hqs_finetuned,24.561094357447164,0.7361313013116866,0.32033384207170457,0.028174173086881638
fresh_div2k_0804,DIV2K_fresh,fresh_div2k_0804,test,0.1,0.1001129150390625,0.05,2027,2de4bfeb2d96aae36c369a003952f5ab810744a0d241d407d7e4c9f795bb20a9,hqs,23.915178356683796,0.7064099755413188,0.3215855519520119,0.0030782923568040133
fresh_div2k_0804,DIV2K_fresh,fresh_div2k_0804,test,0.1,0.1001129150390625,0.05,2027,2de4bfeb2d96aae36c369a003952f5ab810744a0d241d407d7e4c9f795bb20a9,hqs_round1,23.84186391185946,0.7064876257677134,0.3254876969149336,0.0027438339311629534
fresh_div2k_0804,DIV2K_fresh,fresh_div2k_0804,test,0.1,0.1001129150390625,0.05,2027,2de4bfeb2d96aae36c369a003952f5ab810744a0d241d407d7e4c9f795bb20a9,hqs_finetuned,24.47595821491562,0.7320043452417336,0.32264511100947857,0.030109500512480736
fresh_div2k_0804,DIV2K_fresh,fresh_div2k_0804,test,0.1,0.1001129150390625,0.05,2028,3a0663bee51296f8f6bbea717b9245efcbd2fc945fd0007e157e1a6b9c80e42c,hqs,24.045503889972878,0.7122587802921347,0.32885215000715107,0.003072580089792609
fresh_div2k_0804,DIV2K_fresh,fresh_div2k_0804,test,0.1,0.1001129150390625,0.05,2028,3a0663bee51296f8f6bbea717b9245efcbd2fc945fd0007e157e1a6b9c80e42c,hqs_round1,24.002952150159963,0.7126557784219906,0.31971598300151527,0.0026728485245257616
fresh_div2k_0804,DIV2K_fresh,fresh_div2k_0804,test,0.1,0.1001129150390625,0.05,2028,3a0663bee51296f8f6bbea717b9245efcbd2fc945fd0007e157e1a6b9c80e42c,hqs_finetuned,24.568997072018202,0.7371382871442791,0.3192424440057948,0.0295968409627676
fresh_div2k_0808,DIV2K_fresh,fresh_div2k_0808,test,0.01,0.01031494140625,0.0,2026,a1a665cf8dfb046dcb1d2567b76bd7df43021866d301cbc27ba8bc4e7661517d,hqs,22.98909998703985,0.7309261252895164,0.3263030890375376,0.0051302011124789715
fresh_div2k_0808,DIV2K_fresh,fresh_div2k_0808,test,0.01,0.01031494140625,0.0,2026,a1a665cf8dfb046dcb1d2567b76bd7df43021866d301cbc27ba8bc4e7661517d,hqs_round1,23.012293864715595,0.7313847770193587,0.3195760529488325,0.004970998503267765
fresh_div2k_0808,DIV2K_fresh,fresh_div2k_0808,test,0.01,0.01031494140625,0.0,2026,a1a665cf8dfb046dcb1d2567b76bd7df43021866d301cbc27ba8bc4e7661517d,hqs_finetuned,23.014799258750486,0.7321635327823128,0.3215789740206674,0.006416469346731901
fresh_div2k_0808,DIV2K_fresh,fresh_div2k_0808,test,0.04,0.041259765625,0.0,2026,411b997be69d7989538c47150e773fe983be3e1c91aaea6978b114c026584585,hqs,26.74654267361562,0.8587998595801103,0.3221328780055046,0.004617471247911453
fresh_div2k_0808,DIV2K_fresh,fresh_div2k_0808,test,0.04,0.041259765625,0.0,2026,411b997be69d7989538c47150e773fe983be3e1c91aaea6978b114c026584585,hqs_round1,26.758194935290533,0.8592690064049885,0.31878789397887886,0.004454928915947676
fresh_div2k_0808,DIV2K_fresh,fresh_div2k_0808,test,0.04,0.041259765625,0.0,2026,411b997be69d7989538c47150e773fe983be3e1c91aaea6978b114c026584585,hqs_finetuned,26.76183313919544,0.8592008165819048,0.32142162101808935,0.004813582170754671
fresh_div2k_0808,DIV2K_fresh,fresh_div2k_0808,test,0.1,0.1001129150390625,0.0,2026,d7032f0e4980e3c86a0d708077158b1428c0bca5621ebb9961f810405b1169bb,hqs,29.441705411781086,0.9215630284144878,0.3922088099643588,0.0037164620589464903
fresh_div2k_0808,DIV2K_fresh,fresh_div2k_0808,test,0.1,0.1001129150390625,0.0,2026,d7032f0e4980e3c86a0d708077158b1428c0bca5621ebb9961f810405b1169bb,hqs_round1,29.585538873915965,0.9233842320790291,0.3867423050105572,0.004087486770004034
fresh_div2k_0808,DIV2K_fresh,fresh_div2k_0808,test,0.1,0.1001129150390625,0.0,2026,d7032f0e4980e3c86a0d708077158b1428c0bca5621ebb9961f810405b1169bb,hqs_finetuned,29.70378957948561,0.9237585613749028,0.38703630201052874,0.004383856896311045
fresh_div2k_0808,DIV2K_fresh,fresh_div2k_0808,test,0.25,0.25,0.0,2026,90e23858ebfc2f304a6b6b3a5526ef1208d5fccd813b3765fdf00e7af32e01f6,hqs,33.49764220788288,0.9652620769939423,0.38519682292826474,0.002759228926151991
fresh_div2k_0808,DIV2K_fresh,fresh_div2k_0808,test,0.25,0.25,0.0,2026,90e23858ebfc2f304a6b6b3a5526ef1208d5fccd813b3765fdf00e7af32e01f6,hqs_round1,33.69858583184862,0.9664077172794342,0.3432502510258928,0.003419570391997695
fresh_div2k_0808,DIV2K_fresh,fresh_div2k_0808,test,0.25,0.25,0.0,2026,90e23858ebfc2f304a6b6b3a5526ef1208d5fccd813b3765fdf00e7af32e01f6,hqs_finetuned,33.79069718428049,0.9664879986801147,0.3259717579931021,0.0036757932975888252
fresh_div2k_0808,DIV2K_fresh,fresh_div2k_0808,test,0.5,0.4998931884765625,0.0,2026,73ba6e9bf77c884f63f5e1cdd773222449a55730ddd0160df999e0f9f3e2f8b1,hqs,38.419301746434314,0.9875435921144485,0.32734085398260504,0.0022115602623671293
fresh_div2k_0808,DIV2K_fresh,fresh_div2k_0808,test,0.5,0.4998931884765625,0.0,2026,73ba6e9bf77c884f63f5e1cdd773222449a55730ddd0160df999e0f9f3e2f8b1,hqs_round1,38.53111403062607,0.9878353397407532,0.32076626899652183,0.0029657066334038973
fresh_div2k_0808,DIV2K_fresh,fresh_div2k_0808,test,0.5,0.4998931884765625,0.0,2026,73ba6e9bf77c884f63f5e1cdd773222449a55730ddd0160df999e0f9f3e2f8b1,hqs_finetuned,38.56477608146259,0.9878007554540634,0.3230156609788537,0.002963649109005928
fresh_div2k_0808,DIV2K_fresh,fresh_div2k_0808,test,0.1,0.1001129150390625,0.01,2026,9bbcede1da685b63dd7e12084bec2ebe6854f51b5f20d6d66ec2ffd122949ed0,hqs,29.18615936681814,0.9143444390568733,0.32873727404512465,0.0034300338011235
fresh_div2k_0808,DIV2K_fresh,fresh_div2k_0808,test,0.1,0.1001129150390625,0.01,2026,9bbcede1da685b63dd7e12084bec2ebe6854f51b5f20d6d66ec2ffd122949ed0,hqs_round1,29.253467150759338,0.9157288061499596,0.32311311503872275,0.0037707665469497442
fresh_div2k_0808,DIV2K_fresh,fresh_div2k_0808,test,0.1,0.1001129150390625,0.01,2026,9bbcede1da685b63dd7e12084bec2ebe6854f51b5f20d6d66ec2ffd122949ed0,hqs_finetuned,29.35448882004295,0.9162826306481361,0.322975005954504,0.00602415157482028
fresh_div2k_0808,DIV2K_fresh,fresh_div2k_0808,test,0.1,0.1001129150390625,0.01,2027,23974fb8a618221bea8e574e343252b8c665ae80bfb22f762a1df42a326fa6b7,hqs,29.17923913386748,0.9138941157941818,0.32882505108136684,0.0033251370768994093
fresh_div2k_0808,DIV2K_fresh,fresh_div2k_0808,test,0.1,0.1001129150390625,0.01,2027,23974fb8a618221bea8e574e343252b8c665ae80bfb22f762a1df42a326fa6b7,hqs_round1,29.259989871199828,0.915665315669775,0.32572127296589315,0.0036582094617187977
fresh_div2k_0808,DIV2K_fresh,fresh_div2k_0808,test,0.1,0.1001129150390625,0.01,2027,23974fb8a618221bea8e574e343252b8c665ae80bfb22f762a1df42a326fa6b7,hqs_finetuned,29.35136035849654,0.9160387178354263,0.3541984959738329,0.005797986872494221
fresh_div2k_0808,DIV2K_fresh,fresh_div2k_0808,test,0.1,0.1001129150390625,0.01,2028,b47223ca431f5041be331f2a6d6bf56c369d5d8cd5251631209bdcf6ecb4777e,hqs,29.20775715994569,0.9142593967697621,0.33968934405129403,0.0034535543527454138
fresh_div2k_0808,DIV2K_fresh,fresh_div2k_0808,test,0.1,0.1001129150390625,0.01,2028,b47223ca431f5041be331f2a6d6bf56c369d5d8cd5251631209bdcf6ecb4777e,hqs_round1,29.290143653217427,0.9156847009441853,0.3297277190722525,0.003802120452746749
fresh_div2k_0808,DIV2K_fresh,fresh_div2k_0808,test,0.1,0.1001129150390625,0.01,2028,b47223ca431f5041be331f2a6d6bf56c369d5d8cd5251631209bdcf6ecb4777e,hqs_finetuned,29.38779499180623,0.9163382486577034,0.36021936510223895,0.00578968646004796
fresh_div2k_0808,DIV2K_fresh,fresh_div2k_0808,test,0.1,0.1001129150390625,0.05,2026,b2470285ad2dc130e143a8fabfa104dcd780b19eba736cac7093e5ec0e4fa851,hqs,26.90025990398482,0.7854716882949918,0.3272010919172317,0.003660112852230668
fresh_div2k_0808,DIV2K_fresh,fresh_div2k_0808,test,0.1,0.1001129150390625,0.05,2026,b2470285ad2dc130e143a8fabfa104dcd780b19eba736cac7093e5ec0e4fa851,hqs_round1,26.811458574112596,0.7868509695892334,0.32556044904049486,0.0033460117410868406
fresh_div2k_0808,DIV2K_fresh,fresh_div2k_0808,test,0.1,0.1001129150390625,0.05,2026,b2470285ad2dc130e143a8fabfa104dcd780b19eba736cac7093e5ec0e4fa851,hqs_finetuned,27.61773616052336,0.8702322239876985,0.3190933669684455,0.03795110806822777
fresh_div2k_0808,DIV2K_fresh,fresh_div2k_0808,test,0.1,0.1001129150390625,0.05,2027,194c335fa32150101046328613ab3058e0610ffa80ced3a33b476b17bd3e4c8a,hqs,26.929055010341347,0.783639533548627,0.3736452159937471,0.0036569966468960047
fresh_div2k_0808,DIV2K_fresh,fresh_div2k_0808,test,0.1,0.1001129150390625,0.05,2027,194c335fa32150101046328613ab3058e0610ffa80ced3a33b476b17bd3e4c8a,hqs_round1,26.852975074653173,0.7857034069093578,0.32073325000237674,0.0033705218229442835
fresh_div2k_0808,DIV2K_fresh,fresh_div2k_0808,test,0.1,0.1001129150390625,0.05,2027,194c335fa32150101046328613ab3058e0610ffa80ced3a33b476b17bd3e4c8a,hqs_finetuned,27.586004317076064,0.8689310086763478,0.32042133098002523,0.03730029612779617
fresh_div2k_0808,DIV2K_fresh,fresh_div2k_0808,test,0.1,0.1001129150390625,0.05,2028,49fbc26e5a35f7cadca10c4a9759f00a5d96f06cae789cf0a2ba27634b3c8076,hqs,26.95782501855696,0.7910094744283185,0.329684843076393,0.00410483917221427
fresh_div2k_0808,DIV2K_fresh,fresh_div2k_0808,test,0.1,0.1001129150390625,0.05,2028,49fbc26e5a35f7cadca10c4a9759f00a5d96f06cae789cf0a2ba27634b3c8076,hqs_round1,26.89278955932858,0.7930601219623983,0.32639361708424985,0.003796172561123967
fresh_div2k_0808,DIV2K_fresh,fresh_div2k_0808,test,0.1,0.1001129150390625,0.05,2028,49fbc26e5a35f7cadca10c4a9759f00a5d96f06cae789cf0a2ba27634b3c8076,hqs_finetuned,27.65295669271086,0.8726910758143663,0.3238645310048014,0.03639126941561699
fresh_div2k_0811,DIV2K_fresh,fresh_div2k_0811,test,0.01,0.01031494140625,0.0,2026,ed5b02490d2b4b0c2a863d46bb6d80568d94aac3f943dc6e8a3c2d0d6c1703c8,hqs,22.450375190043964,0.4074084568193348,0.3291329530766234,0.0037512837443500757
fresh_div2k_0811,DIV2K_fresh,fresh_div2k_0811,test,0.01,0.01031494140625,0.0,2026,ed5b02490d2b4b0c2a863d46bb6d80568d94aac3f943dc6e8a3c2d0d6c1703c8,hqs_round1,22.464479979219764,0.4076498982181965,0.321656410000287,0.0034546589013189077
fresh_div2k_0811,DIV2K_fresh,fresh_div2k_0811,test,0.01,0.01031494140625,0.0,2026,ed5b02490d2b4b0c2a863d46bb6d80568d94aac3f943dc6e8a3c2d0d6c1703c8,hqs_finetuned,22.474058680589653,0.4056712871049727,0.32275471300818026,0.00893296767026186
fresh_div2k_0811,DIV2K_fresh,fresh_div2k_0811,test,0.04,0.041259765625,0.0,2026,496766292f6f1f83f4e7824125b5be97e5ae13836e6325504588f989b1ee96d2,hqs,24.461469292397133,0.5804804366423832,0.32641438604332507,0.002919347956776619
fresh_div2k_0811,DIV2K_fresh,fresh_div2k_0811,test,0.04,0.041259765625,0.0,2026,496766292f6f1f83f4e7824125b5be97e5ae13836e6325504588f989b1ee96d2,hqs_round1,24.46865687326861,0.5801680820892593,0.32283794693648815,0.0026741144247353077
fresh_div2k_0811,DIV2K_fresh,fresh_div2k_0811,test,0.04,0.041259765625,0.0,2026,496766292f6f1f83f4e7824125b5be97e5ae13836e6325504588f989b1ee96d2,hqs_finetuned,24.490437015480268,0.5789623014458251,0.3175391830736771,0.005865597166121006
fresh_div2k_0811,DIV2K_fresh,fresh_div2k_0811,test,0.1,0.1001129150390625,0.0,2026,d212eb8acf65f44f01fe50180d35abcdf1f0c08cba3520db844bdef66d7d6299,hqs,26.36072997896226,0.7297840174230933,0.3294084459776059,0.0025393415708094835
fresh_div2k_0811,DIV2K_fresh,fresh_div2k_0811,test,0.1,0.1001129150390625,0.0,2026,d212eb8acf65f44f01fe50180d35abcdf1f0c08cba3520db844bdef66d7d6299,hqs_round1,26.385103930946823,0.7297950906706452,0.3213249039836228,0.002515482949092984
fresh_div2k_0811,DIV2K_fresh,fresh_div2k_0811,test,0.1,0.1001129150390625,0.0,2026,d212eb8acf65f44f01fe50180d35abcdf1f0c08cba3520db844bdef66d7d6299,hqs_finetuned,26.38567021088663,0.7281708859235049,0.3192498590797186,0.002889899769797921
fresh_div2k_0811,DIV2K_fresh,fresh_div2k_0811,test,0.25,0.25,0.0,2026,a7d0b9e31bbeaa28d074c075291528641e8609e560bace856088111785c0b8d7,hqs,29.71720029374035,0.876590647819519,0.32475016405805945,0.0028430367819964886
fresh_div2k_0811,DIV2K_fresh,fresh_div2k_0811,test,0.25,0.25,0.0,2026,a7d0b9e31bbeaa28d074c075291528641e8609e560bace856088111785c0b8d7,hqs_round1,29.735574165472226,0.8766557697920799,0.32328191597480327,0.0028627493884414434
fresh_div2k_0811,DIV2K_fresh,fresh_div2k_0811,test,0.25,0.25,0.0,2026,a7d0b9e31bbeaa28d074c075291528641e8609e560bace856088111785c0b8d7,hqs_finetuned,29.766325600672744,0.8765820307264328,0.32112901599612087,0.0029559237882494926
fresh_div2k_0811,DIV2K_fresh,fresh_div2k_0811,test,0.5,0.4998931884765625,0.0,2026,c91489521b1f446113b3b082b970cd291beb2a39c913be617ec3e62abea00fea,hqs,34.26627064931189,0.9561246472234726,0.32519415905699134,0.002697402611374855
fresh_div2k_0811,DIV2K_fresh,fresh_div2k_0811,test,0.5,0.4998931884765625,0.0,2026,c91489521b1f446113b3b082b970cd291beb2a39c913be617ec3e62abea00fea,hqs_round1,34.33233649681432,0.956833178864479,0.32126717001665384,0.0031832470558583736
fresh_div2k_0811,DIV2K_fresh,fresh_div2k_0811,test,0.5,0.4998931884765625,0.0,2026,c91489521b1f446113b3b082b970cd291beb2a39c913be617ec3e62abea00fea,hqs_finetuned,34.36807704361514,0.9568011812944412,0.31923081690911204,0.00309408875182271
fresh_div2k_0811,DIV2K_fresh,fresh_div2k_0811,test,0.1,0.1001129150390625,0.01,2026,b62f4e1af218bc07b1e7745078b64d3c8a1bafe17c84bc2c9f205e57cd0958b0,hqs,26.310126869121014,0.7270215243594647,0.3251019091112539,0.002571746474131942
fresh_div2k_0811,DIV2K_fresh,fresh_div2k_0811,test,0.1,0.1001129150390625,0.01,2026,b62f4e1af218bc07b1e7745078b64d3c8a1bafe17c84bc2c9f205e57cd0958b0,hqs_round1,26.328161672242594,0.7268885613673925,0.32362332998309284,0.002513691782951355
fresh_div2k_0811,DIV2K_fresh,fresh_div2k_0811,test,0.1,0.1001129150390625,0.01,2026,b62f4e1af218bc07b1e7745078b64d3c8a1bafe17c84bc2c9f205e57cd0958b0,hqs_finetuned,26.331112469390433,0.7249258553019762,0.31997198809403926,0.0034074473660439253
fresh_div2k_0811,DIV2K_fresh,fresh_div2k_0811,test,0.1,0.1001129150390625,0.01,2027,010d4388b85b82ef4753cd95522074f900e9a788abced4360db9d31240e853ad,hqs,26.314312111311015,0.7275907227687836,0.3290891690412536,0.0025867342483252287
fresh_div2k_0811,DIV2K_fresh,fresh_div2k_0811,test,0.1,0.1001129150390625,0.01,2027,010d4388b85b82ef4753cd95522074f900e9a788abced4360db9d31240e853ad,hqs_round1,26.334766702819984,0.7276290112316608,0.32173114304896444,0.0025639841333031654
fresh_div2k_0811,DIV2K_fresh,fresh_div2k_0811,test,0.1,0.1001129150390625,0.01,2027,010d4388b85b82ef4753cd95522074f900e9a788abced4360db9d31240e853ad,hqs_finetuned,26.34163477016333,0.7258535566349029,0.3204623810015619,0.003478198079392314
fresh_div2k_0811,DIV2K_fresh,fresh_div2k_0811,test,0.1,0.1001129150390625,0.01,2028,70029d7a21b9f9cee84d6df137cd6652a0483001994fa06c78c9337e24ba4e74,hqs,26.307644283807793,0.727478961153686,0.3264811240369454,0.002549639670178294
fresh_div2k_0811,DIV2K_fresh,fresh_div2k_0811,test,0.1,0.1001129150390625,0.01,2028,70029d7a21b9f9cee84d6df137cd6652a0483001994fa06c78c9337e24ba4e74,hqs_round1,26.325539447870643,0.7274000672196671,0.3232269720174372,0.0025155318435281515
fresh_div2k_0811,DIV2K_fresh,fresh_div2k_0811,test,0.1,0.1001129150390625,0.01,2028,70029d7a21b9f9cee84d6df137cd6652a0483001994fa06c78c9337e24ba4e74,hqs_finetuned,26.331619421919488,0.7258078193755746,0.32439524098299444,0.003196907928213477
fresh_div2k_0811,DIV2K_fresh,fresh_div2k_0811,test,0.1,0.1001129150390625,0.05,2026,ae0d61a8c1d6e59280438cecb5a78b53a1abbde0d190d484227b47b136b71354,hqs,25.410018634516938,0.6727040210338495,0.3213188350200653,0.0026907911524176598
fresh_div2k_0811,DIV2K_fresh,fresh_div2k_0811,test,0.1,0.1001129150390625,0.05,2026,ae0d61a8c1d6e59280438cecb5a78b53a1abbde0d190d484227b47b136b71354,hqs_round1,25.42084673162148,0.673682559521527,0.32046667393296957,0.0024594003334641457
fresh_div2k_0811,DIV2K_fresh,fresh_div2k_0811,test,0.1,0.1001129150390625,0.05,2026,ae0d61a8c1d6e59280438cecb5a78b53a1abbde0d190d484227b47b136b71354,hqs_finetuned,25.60209476822117,0.6736483146263808,0.3191869630245492,0.027116240933537483
fresh_div2k_0811,DIV2K_fresh,fresh_div2k_0811,test,0.1,0.1001129150390625,0.05,2027,055de8291df690266299f62fed3bfd4eb1d2088848e2fa9cde968fe7660ca7d6,hqs,25.429655009300667,0.6759346015700847,0.32304626796394587,0.0028274301439523697
fresh_div2k_0811,DIV2K_fresh,fresh_div2k_0811,test,0.1,0.1001129150390625,0.05,2027,055de8291df690266299f62fed3bfd4eb1d2088848e2fa9cde968fe7660ca7d6,hqs_round1,25.437229899632122,0.6769687055717707,0.32009694597218186,0.002629268681630492
fresh_div2k_0811,DIV2K_fresh,fresh_div2k_0811,test,0.1,0.1001129150390625,0.05,2027,055de8291df690266299f62fed3bfd4eb1d2088848e2fa9cde968fe7660ca7d6,hqs_finetuned,25.633722409194636,0.6783892492964864,0.32206562103237957,0.025710880756378174
fresh_div2k_0811,DIV2K_fresh,fresh_div2k_0811,test,0.1,0.1001129150390625,0.05,2028,9a6eb17c295a1354ad7d337660f0091dab0310324f1e9e946726839459e66bfb,hqs,25.39615814773507,0.6773893374086917,0.3226201420184225,0.002716738497838378
fresh_div2k_0811,DIV2K_fresh,fresh_div2k_0811,test,0.1,0.1001129150390625,0.05,2028,9a6eb17c295a1354ad7d337660f0091dab0310324f1e9e946726839459e66bfb,hqs_round1,25.398233109223543,0.6783219819846414,0.32488935498986393,0.002515691565349698
fresh_div2k_0811,DIV2K_fresh,fresh_div2k_0811,test,0.1,0.1001129150390625,0.05,2028,9a6eb17c295a1354ad7d337660f0091dab0310324f1e9e946726839459e66bfb,hqs_finetuned,25.586233161307103,0.679961950727962,0.3223734829807654,0.02001587487757206
fresh_div2k_0813,DIV2K_fresh,fresh_div2k_0813,test,0.01,0.01031494140625,0.0,2026,8d583e586098c8acc48ee316adb8fa4f47c594b658ca0c5ce003490260608b18,hqs,20.581168969942482,0.5619937965477291,0.3231119209667668,0.004032562952488661
fresh_div2k_0813,DIV2K_fresh,fresh_div2k_0813,test,0.01,0.01031494140625,0.0,2026,8d583e586098c8acc48ee316adb8fa4f47c594b658ca0c5ce003490260608b18,hqs_round1,20.59550293677791,0.5632856885173442,0.3188397280173376,0.003591484623029828
fresh_div2k_0813,DIV2K_fresh,fresh_div2k_0813,test,0.01,0.01031494140625,0.0,2026,8d583e586098c8acc48ee316adb8fa4f47c594b658ca0c5ce003490260608b18,hqs_finetuned,20.652402681485732,0.5659262494878621,0.32116174593102187,0.0069686416536569595
fresh_div2k_0813,DIV2K_fresh,fresh_div2k_0813,test,0.04,0.041259765625,0.0,2026,57f5b106ad56f29fa5213f19506cfc28681db62b98dbf406e09892debef73890,hqs,24.168089707625633,0.7708688582253493,0.35170382098294795,0.00402957946062088
fresh_div2k_0813,DIV2K_fresh,fresh_div2k_0813,test,0.04,0.041259765625,0.0,2026,57f5b106ad56f29fa5213f19506cfc28681db62b98dbf406e09892debef73890,hqs_round1,24.202572221189218,0.773319937224377,0.325501337996684,0.00380522757768631
fresh_div2k_0813,DIV2K_fresh,fresh_div2k_0813,test,0.04,0.041259765625,0.0,2026,57f5b106ad56f29fa5213f19506cfc28681db62b98dbf406e09892debef73890,hqs_finetuned,24.216837220765996,0.7744571762852985,0.31959132105112076,0.004111358430236578
fresh_div2k_0813,DIV2K_fresh,fresh_div2k_0813,test,0.1,0.1001129150390625,0.0,2026,679429ab02412ed08003ec8bab225eed34153323e4622e3547943754aac44172,hqs,27.251444325072065,0.8908315761768818,0.3245778330601752,0.003806890221312642
fresh_div2k_0813,DIV2K_fresh,fresh_div2k_0813,test,0.1,0.1001129150390625,0.0,2026,679429ab02412ed08003ec8bab225eed34153323e4622e3547943754aac44172,hqs_round1,27.348144630371024,0.8931658380391597,0.3329739790642634,0.00407045055180788
fresh_div2k_0813,DIV2K_fresh,fresh_div2k_0813,test,0.1,0.1001129150390625,0.0,2026,679429ab02412ed08003ec8bab225eed34153323e4622e3547943754aac44172,hqs_finetuned,27.352922864574918,0.893202268629551,0.3194611299550161,0.003817188087850809
fresh_div2k_0813,DIV2K_fresh,fresh_div2k_0813,test,0.25,0.25,0.0,2026,e187e747e98613bd0df211f9afe4229e7e20490f3bcc6771dabdb466c6ded131,hqs,32.6402624417707,0.9667950558919907,0.3326807609992102,0.003109558252617717
fresh_div2k_0813,DIV2K_fresh,fresh_div2k_0813,test,0.25,0.25,0.0,2026,e187e747e98613bd0df211f9afe4229e7e20490f3bcc6771dabdb466c6ded131,hqs_round1,32.71699077011226,0.9673883717298508,0.31937824201304466,0.0035374918952584267
fresh_div2k_0813,DIV2K_fresh,fresh_div2k_0813,test,0.25,0.25,0.0,2026,e187e747e98613bd0df211f9afe4229e7e20490f3bcc6771dabdb466c6ded131,hqs_finetuned,32.840521429122,0.9683010137481689,0.32060542702674866,0.0035462260711938143
fresh_div2k_0813,DIV2K_fresh,fresh_div2k_0813,test,0.5,0.4998931884765625,0.0,2026,94d721b514019fbe3dd8542613758d02558c63c805724364b6b0957c20516e14,hqs,39.16983603328004,0.9910965863723755,0.32689612894319,0.0019995924085378647
fresh_div2k_0813,DIV2K_fresh,fresh_div2k_0813,test,0.5,0.4998931884765625,0.0,2026,94d721b514019fbe3dd8542613758d02558c63c805724364b6b0957c20516e14,hqs_round1,39.507155184089015,0.9916170638818741,0.31846179405692965,0.002572735771536827
fresh_div2k_0813,DIV2K_fresh,fresh_div2k_0813,test,0.5,0.4998931884765625,0.0,2026,94d721b514019fbe3dd8542613758d02558c63c805724364b6b0957c20516e14,hqs_finetuned,39.68181624491764,0.9918456758651734,0.3227367219515145,0.002492793370038271
fresh_div2k_0813,DIV2K_fresh,fresh_div2k_0813,test,0.1,0.1001129150390625,0.01,2026,4ea1253e8b7dd2d3f9aa9372aa407d5a17461dac0c7cc07175d203829b17f3f5,hqs,27.00944161986782,0.8830843790535927,0.3226868821075186,0.0036025068257004023
fresh_div2k_0813,DIV2K_fresh,fresh_div2k_0813,test,0.1,0.1001129150390625,0.01,2026,4ea1253e8b7dd2d3f9aa9372aa407d5a17461dac0c7cc07175d203829b17f3f5,hqs_round1,27.053750052214856,0.8850063170514106,0.32601405296009034,0.0038273108657449484
fresh_div2k_0813,DIV2K_fresh,fresh_div2k_0813,test,0.1,0.1001129150390625,0.01,2026,4ea1253e8b7dd2d3f9aa9372aa407d5a17461dac0c7cc07175d203829b17f3f5,hqs_finetuned,27.070307012947843,0.8850386492609977,0.3236806580098346,0.0038672976661473513
fresh_div2k_0813,DIV2K_fresh,fresh_div2k_0813,test,0.1,0.1001129150390625,0.01,2027,9e5e3b1962aa1e3f8178d448ff9115afa41673b17967cadaaa474fc60a1c1f46,hqs,27.028362439146996,0.8835810884435177,0.3351036360254511,0.0036525719333440065
fresh_div2k_0813,DIV2K_fresh,fresh_div2k_0813,test,0.1,0.1001129150390625,0.01,2027,9e5e3b1962aa1e3f8178d448ff9115afa41673b17967cadaaa474fc60a1c1f46,hqs_round1,27.059814159980927,0.8853438086044788,0.3241848030593246,0.003895196598023176
fresh_div2k_0813,DIV2K_fresh,fresh_div2k_0813,test,0.1,0.1001129150390625,0.01,2027,9e5e3b1962aa1e3f8178d448ff9115afa41673b17967cadaaa474fc60a1c1f46,hqs_finetuned,27.09079553964076,0.8856320908219815,0.32062687596771866,0.00399970356374979
fresh_div2k_0813,DIV2K_fresh,fresh_div2k_0813,test,0.1,0.1001129150390625,0.01,2028,561fbb5a53f212b294e2ddc6f0dc8b4f034089c0ba84b847574537ca978302d0,hqs,27.015146587087095,0.8826766590776444,0.3268684549257159,0.0035538047086447477
fresh_div2k_0813,DIV2K_fresh,fresh_div2k_0813,test,0.1,0.1001129150390625,0.01,2028,561fbb5a53f212b294e2ddc6f0dc8b4f034089c0ba84b847574537ca978302d0,hqs_round1,27.083722598580586,0.885283089748621,0.323172727948986,0.0037575322203338146
fresh_div2k_0813,DIV2K_fresh,fresh_div2k_0813,test,0.1,0.1001129150390625,0.01,2028,561fbb5a53f212b294e2ddc6f0dc8b4f034089c0ba84b847574537ca978302d0,hqs_finetuned,27.102390418135606,0.8854200622251034,0.3257970829727128,0.003742941189557314
fresh_div2k_0813,DIV2K_fresh,fresh_div2k_0813,test,0.1,0.1001129150390625,0.05,2026,bdc9b2acc06afe7dbbc6e5a6216c7cba204b68e9477390f0cdf5ef9930af3489,hqs,24.549250449047104,0.731136277400693,0.32276913605164737,0.0029329387471079826
fresh_div2k_0813,DIV2K_fresh,fresh_div2k_0813,test,0.1,0.1001129150390625,0.05,2026,bdc9b2acc06afe7dbbc6e5a6216c7cba204b68e9477390f0cdf5ef9930af3489,hqs_round1,24.546102299371952,0.7390883654612191,0.3252553279744461,0.002691000234335661
fresh_div2k_0813,DIV2K_fresh,fresh_div2k_0813,test,0.1,0.1001129150390625,0.05,2026,bdc9b2acc06afe7dbbc6e5a6216c7cba204b68e9477390f0cdf5ef9930af3489,hqs_finetuned,25.184580737842694,0.8082572134540081,0.3227710450300947,0.03270552679896355
fresh_div2k_0813,DIV2K_fresh,fresh_div2k_0813,test,0.1,0.1001129150390625,0.05,2027,1f6d8e5465e66151a0c810b6a823d92651d9b356ab45d358a53850d9e5f41be2,hqs,24.544227761036915,0.7369406683165133,0.323711946955882,0.0031848528888076544
fresh_div2k_0813,DIV2K_fresh,fresh_div2k_0813,test,0.1,0.1001129150390625,0.05,2027,1f6d8e5465e66151a0c810b6a823d92651d9b356ab45d358a53850d9e5f41be2,hqs_round1,24.5320283557376,0.7449449467073753,0.32493831997271627,0.0028789921198040247
fresh_div2k_0813,DIV2K_fresh,fresh_div2k_0813,test,0.1,0.1001129150390625,0.05,2027,1f6d8e5465e66151a0c810b6a823d92651d9b356ab45d358a53850d9e5f41be2,hqs_finetuned,25.189817486373293,0.8109487952252217,0.32375861098989844,0.03328881412744522
fresh_div2k_0813,DIV2K_fresh,fresh_div2k_0813,test,0.1,0.1001129150390625,0.05,2028,94ae942cc83cb99fec3ac352f53befb55acf4bfb6e4dfc8e081525b10a06ecb8,hqs,24.583021089306094,0.7369303050798949,0.3254212309839204,0.0030012556817382574
fresh_div2k_0813,DIV2K_fresh,fresh_div2k_0813,test,0.1,0.1001129150390625,0.05,2028,94ae942cc83cb99fec3ac352f53befb55acf4bfb6e4dfc8e081525b10a06ecb8,hqs_round1,24.59012980297869,0.744145085678109,0.3261533180484548,0.0027362576220184565
fresh_div2k_0813,DIV2K_fresh,fresh_div2k_0813,test,0.1,0.1001129150390625,0.05,2028,94ae942cc83cb99fec3ac352f53befb55acf4bfb6e4dfc8e081525b10a06ecb8,hqs_finetuned,25.23508326462043,0.8093579588589073,0.3186213159933686,0.03162327781319618
fresh_div2k_0817,DIV2K_fresh,fresh_div2k_0817,test,0.01,0.01031494140625,0.0,2026,8b3ed615d7863fc457d75c527a60c3facad3ec027d426ab348aea4b1b33dc705,hqs,21.339060411120418,0.44481828259685147,0.3233382690232247,0.0032090381719172
fresh_div2k_0817,DIV2K_fresh,fresh_div2k_0817,test,0.01,0.01031494140625,0.0,2026,8b3ed615d7863fc457d75c527a60c3facad3ec027d426ab348aea4b1b33dc705,hqs_round1,21.341192856597914,0.44523215546150263,0.3195131140528247,0.002879282459616661
fresh_div2k_0817,DIV2K_fresh,fresh_div2k_0817,test,0.01,0.01031494140625,0.0,2026,8b3ed615d7863fc457d75c527a60c3facad3ec027d426ab348aea4b1b33dc705,hqs_finetuned,21.326501141761838,0.44091774131123185,0.3192238190677017,0.007599920965731144
fresh_div2k_0817,DIV2K_fresh,fresh_div2k_0817,test,0.04,0.041259765625,0.0,2026,9f751397b1cb7eec79776dd9ead49c91595daa49506bd2e9a4ef38d5b903def3,hqs,23.96755910175486,0.6600003935909933,0.32615973497740924,0.003641201416030526
fresh_div2k_0817,DIV2K_fresh,fresh_div2k_0817,test,0.04,0.041259765625,0.0,2026,9f751397b1cb7eec79776dd9ead49c91595daa49506bd2e9a4ef38d5b903def3,hqs_round1,23.99218923732181,0.6613189352673438,0.31980029004625976,0.0034120625350624323
fresh_div2k_0817,DIV2K_fresh,fresh_div2k_0817,test,0.04,0.041259765625,0.0,2026,9f751397b1cb7eec79776dd9ead49c91595daa49506bd2e9a4ef38d5b903def3,hqs_finetuned,23.966736817405714,0.6587919435495878,0.3191190349170938,0.00226127402856946
fresh_div2k_0817,DIV2K_fresh,fresh_div2k_0817,test,0.1,0.1001129150390625,0.0,2026,5989fe3ed5e28523ff400449d327811a2adbdeb4ec881ff97dc90bba67d600f8,hqs,26.55328407892902,0.8126194016536474,0.325118001899682,0.002991589717566967
fresh_div2k_0817,DIV2K_fresh,fresh_div2k_0817,test,0.1,0.1001129150390625,0.0,2026,5989fe3ed5e28523ff400449d327811a2adbdeb4ec881ff97dc90bba67d600f8,hqs_round1,26.65978238739912,0.8149626257476918,0.3187767720082775,0.0028693831991404295
fresh_div2k_0817,DIV2K_fresh,fresh_div2k_0817,test,0.1,0.1001129150390625,0.0,2026,5989fe3ed5e28523ff400449d327811a2adbdeb4ec881ff97dc90bba67d600f8,hqs_finetuned,26.701599765340546,0.8167147565267235,0.3230282290605828,0.0024638071190565825
fresh_div2k_0817,DIV2K_fresh,fresh_div2k_0817,test,0.25,0.25,0.0,2026,24484fb9e2351eebdda9f6a8052bec5a993ef29294bbd7ccc33bd5c48a8db654,hqs,31.146446828260036,0.933832616959095,0.3285931160207838,0.002785384189337492
fresh_div2k_0817,DIV2K_fresh,fresh_div2k_0817,test,0.25,0.25,0.0,2026,24484fb9e2351eebdda9f6a8052bec5a993ef29294bbd7ccc33bd5c48a8db654,hqs_round1,31.30472573229353,0.9353782375316619,0.31900840997695923,0.0028647116851061583
fresh_div2k_0817,DIV2K_fresh,fresh_div2k_0817,test,0.25,0.25,0.0,2026,24484fb9e2351eebdda9f6a8052bec5a993ef29294bbd7ccc33bd5c48a8db654,hqs_finetuned,31.35904004775555,0.9359304821310044,0.32015697297174484,0.002658459357917309
fresh_div2k_0817,DIV2K_fresh,fresh_div2k_0817,test,0.5,0.4998931884765625,0.0,2026,c0b8ce5ffdf46fd9173d06eb2b6b4fdda927b44eee13a67f4edd18b354f52602,hqs,37.086315269961226,0.9815623502016068,0.32679198298137635,0.0020462272223085165
fresh_div2k_0817,DIV2K_fresh,fresh_div2k_0817,test,0.5,0.4998931884765625,0.0,2026,c0b8ce5ffdf46fd9173d06eb2b6b4fdda927b44eee13a67f4edd18b354f52602,hqs_round1,37.28694619329349,0.9823046396999359,0.32213716802652925,0.002427509753033519
fresh_div2k_0817,DIV2K_fresh,fresh_div2k_0817,test,0.5,0.4998931884765625,0.0,2026,c0b8ce5ffdf46fd9173d06eb2b6b4fdda927b44eee13a67f4edd18b354f52602,hqs_finetuned,37.408063490469786,0.9826162686920166,0.33383541693910956,0.0024443818256258965
fresh_div2k_0817,DIV2K_fresh,fresh_div2k_0817,test,0.1,0.1001129150390625,0.01,2026,3867e36f54480c6425ab4503581f868767c507bc9a1dfe07b57b47743dab351f,hqs,26.42868967119036,0.8072709139970541,0.3276875140145421,0.0029840751085430384
fresh_div2k_0817,DIV2K_fresh,fresh_div2k_0817,test,0.1,0.1001129150390625,0.01,2026,3867e36f54480c6425ab4503581f868767c507bc9a1dfe07b57b47743dab351f,hqs_round1,26.51616576925901,0.8092088607314527,0.327649706043303,0.0028289766050875187
fresh_div2k_0817,DIV2K_fresh,fresh_div2k_0817,test,0.1,0.1001129150390625,0.01,2026,3867e36f54480c6425ab4503581f868767c507bc9a1dfe07b57b47743dab351f,hqs_finetuned,26.558833386446473,0.8110097696662247,0.3211666829884052,0.00235765497200191
fresh_div2k_0817,DIV2K_fresh,fresh_div2k_0817,test,0.1,0.1001129150390625,0.01,2027,bd0712447335367b047c37a310c163702b74aa90ed27e41bd9f63fc46843b156,hqs,26.47575148583619,0.8078273006349802,0.3288260579574853,0.0029501523822546005
fresh_div2k_0817,DIV2K_fresh,fresh_div2k_0817,test,0.1,0.1001129150390625,0.01,2027,bd0712447335367b047c37a310c163702b74aa90ed27e41bd9f63fc46843b156,hqs_round1,26.537711883347335,0.8089869796203673,0.3350131829502061,0.0028687207959592342
fresh_div2k_0817,DIV2K_fresh,fresh_div2k_0817,test,0.1,0.1001129150390625,0.01,2027,bd0712447335367b047c37a310c163702b74aa90ed27e41bd9f63fc46843b156,hqs_finetuned,26.564549445368442,0.8102806509066224,0.3228985739406198,0.002432997338473797
fresh_div2k_0817,DIV2K_fresh,fresh_div2k_0817,test,0.1,0.1001129150390625,0.01,2028,9357dece78f9e13c8a7d80107540d417a13a762462818d4828a63534d39fe4f8,hqs,26.455787503151154,0.8077848009687663,0.32777148799505085,0.003016701666638255
fresh_div2k_0817,DIV2K_fresh,fresh_div2k_0817,test,0.1,0.1001129150390625,0.01,2028,9357dece78f9e13c8a7d80107540d417a13a762462818d4828a63534d39fe4f8,hqs_round1,26.538152485238836,0.8095593988718987,0.32461152598261833,0.002891896292567253
fresh_div2k_0817,DIV2K_fresh,fresh_div2k_0817,test,0.1,0.1001129150390625,0.01,2028,9357dece78f9e13c8a7d80107540d417a13a762462818d4828a63534d39fe4f8,hqs_finetuned,26.56864623220496,0.810869144676067,0.3274485020665452,0.002331030322238803
fresh_div2k_0817,DIV2K_fresh,fresh_div2k_0817,test,0.1,0.1001129150390625,0.05,2026,8ae7e38b905cc989aeb9c3c6055978fbf37d7a330d40f8be4a1a6afa78fa3990,hqs,24.78950672912021,0.7169217548134923,0.33232921198941767,0.0025806620251387358
fresh_div2k_0817,DIV2K_fresh,fresh_div2k_0817,test,0.1,0.1001129150390625,0.05,2026,8ae7e38b905cc989aeb9c3c6055978fbf37d7a330d40f8be4a1a6afa78fa3990,hqs_round1,24.762516971035883,0.7197253854686562,0.3253085849573836,0.00231690751388669
fresh_div2k_0817,DIV2K_fresh,fresh_div2k_0817,test,0.1,0.1001129150390625,0.05,2026,8ae7e38b905cc989aeb9c3c6055978fbf37d7a330d40f8be4a1a6afa78fa3990,hqs_finetuned,25.217699556999065,0.741455306078285,0.32626716000959277,0.024287033826112747
fresh_div2k_0817,DIV2K_fresh,fresh_div2k_0817,test,0.1,0.1001129150390625,0.05,2027,b4c1ec211ea621b01d8c9e942f3316beb9152a7155cf1ab58c5792fa71839adb,hqs,24.849922842538717,0.7103175531152003,0.32894445303827524,0.002444789744913578
fresh_div2k_0817,DIV2K_fresh,fresh_div2k_0817,test,0.1,0.1001129150390625,0.05,2027,b4c1ec211ea621b01d8c9e942f3316beb9152a7155cf1ab58c5792fa71839adb,hqs_round1,24.818967371668435,0.7129201716671996,0.3267857899190858,0.0021134738344699144
fresh_div2k_0817,DIV2K_fresh,fresh_div2k_0817,test,0.1,0.1001129150390625,0.05,2027,b4c1ec211ea621b01d8c9e942f3316beb9152a7155cf1ab58c5792fa71839adb,hqs_finetuned,25.2033183710454,0.7366341315412084,0.3243921760004014,0.02346971072256565
fresh_div2k_0817,DIV2K_fresh,fresh_div2k_0817,test,0.1,0.1001129150390625,0.05,2028,b0c638f29da420d27e141c28d4e62cafc2d3188dbd5ede38a6d3285764311c5b,hqs,24.81736653128219,0.7166351377318129,0.32332764903549105,0.0023662964813411236
fresh_div2k_0817,DIV2K_fresh,fresh_div2k_0817,test,0.1,0.1001129150390625,0.05,2028,b0c638f29da420d27e141c28d4e62cafc2d3188dbd5ede38a6d3285764311c5b,hqs_round1,24.786302277036757,0.7199844006545544,0.32260395900812,0.0022150829900056124
fresh_div2k_0817,DIV2K_fresh,fresh_div2k_0817,test,0.1,0.1001129150390625,0.05,2028,b0c638f29da420d27e141c28d4e62cafc2d3188dbd5ede38a6d3285764311c5b,hqs_finetuned,25.207797372005945,0.7424767729290128,0.32690067996736616,0.022862877696752548
fresh_div2k_0821,DIV2K_fresh,fresh_div2k_0821,test,0.01,0.01031494140625,0.0,2026,6c358f77cecc66148a2339755ce60bc1b11022e918e5d7ef6e15f579612e785f,hqs,14.669366173626317,0.2476460005598334,0.32715844397898763,0.008879749104380608
fresh_div2k_0821,DIV2K_fresh,fresh_div2k_0821,test,0.01,0.01031494140625,0.0,2026,6c358f77cecc66148a2339755ce60bc1b11022e918e5d7ef6e15f579612e785f,hqs_round1,14.762568795020918,0.2567427395448192,0.3198091289959848,0.00782089028507471
fresh_div2k_0821,DIV2K_fresh,fresh_div2k_0821,test,0.01,0.01031494140625,0.0,2026,6c358f77cecc66148a2339755ce60bc1b11022e918e5d7ef6e15f579612e785f,hqs_finetuned,14.969825356621591,0.27816284391719687,0.32437764503993094,0.013646025210618973
fresh_div2k_0821,DIV2K_fresh,fresh_div2k_0821,test,0.04,0.041259765625,0.0,2026,38860502865ca3fad5563d378e1d45635b3e16de292858d00e64d2ad32c57c9e,hqs,17.485305969330454,0.5817746852669204,0.3314156159758568,0.008825774304568768
fresh_div2k_0821,DIV2K_fresh,fresh_div2k_0821,test,0.04,0.041259765625,0.0,2026,38860502865ca3fad5563d378e1d45635b3e16de292858d00e64d2ad32c57c9e,hqs_round1,17.577545147226306,0.5922204333981416,0.32334087102208287,0.008743899874389172
fresh_div2k_0821,DIV2K_fresh,fresh_div2k_0821,test,0.04,0.041259765625,0.0,2026,38860502865ca3fad5563d378e1d45635b3e16de292858d00e64d2ad32c57c9e,hqs_finetuned,17.712736170918426,0.6049489356399415,0.3247788540320471,0.010531323961913586
fresh_div2k_0821,DIV2K_fresh,fresh_div2k_0821,test,0.1,0.1001129150390625,0.0,2026,2f2393397fcf4e15d9074850784fa64a22625e11d900f0477ae5d18a0d9b6e22,hqs,22.423783748536714,0.8565582579591554,0.3260715410578996,0.007612711284309626
fresh_div2k_0821,DIV2K_fresh,fresh_div2k_0821,test,0.1,0.1001129150390625,0.0,2026,2f2393397fcf4e15d9074850784fa64a22625e11d900f0477ae5d18a0d9b6e22,hqs_round1,22.78030895700672,0.8663516883832514,0.3229275989579037,0.007483974099159241
fresh_div2k_0821,DIV2K_fresh,fresh_div2k_0821,test,0.1,0.1001129150390625,0.0,2026,2f2393397fcf4e15d9074850784fa64a22625e11d900f0477ae5d18a0d9b6e22,hqs_finetuned,23.304893321073983,0.879335205174122,0.31941616302356124,0.007900414988398552
fresh_div2k_0821,DIV2K_fresh,fresh_div2k_0821,test,0.25,0.25,0.0,2026,eda315c6353482caa5a4adeddb02e9f702623817400c5c37e6ba51d778adca0b,hqs,30.164263279014925,0.9741921227827072,0.32492137304507196,0.004533909726887941
fresh_div2k_0821,DIV2K_fresh,fresh_div2k_0821,test,0.25,0.25,0.0,2026,eda315c6353482caa5a4adeddb02e9f702623817400c5c37e6ba51d778adca0b,hqs_round1,30.764553692556596,0.9773659171133041,0.32547008199617267,0.0047128889709711075
fresh_div2k_0821,DIV2K_fresh,fresh_div2k_0821,test,0.25,0.25,0.0,2026,eda315c6353482caa5a4adeddb02e9f702623817400c5c37e6ba51d778adca0b,hqs_finetuned,31.45173152284675,0.9803439148044586,0.3281078420113772,0.006553097628057003
fresh_div2k_0821,DIV2K_fresh,fresh_div2k_0821,test,0.5,0.4998931884765625,0.0,2026,1b2414d78755964c34cbb05ee1984ffcdf31e175b77b70f06cbff5ab5902f50e,hqs,37.232071978991534,0.9941783373470306,0.34009521803818643,0.0033099076244980097
fresh_div2k_0821,DIV2K_fresh,fresh_div2k_0821,test,0.5,0.4998931884765625,0.0,2026,1b2414d78755964c34cbb05ee1984ffcdf31e175b77b70f06cbff5ab5902f50e,hqs_round1,37.85426209266041,0.9948148222589492,0.3334743119776249,0.003994104918092489
fresh_div2k_0821,DIV2K_fresh,fresh_div2k_0821,test,0.5,0.4998931884765625,0.0,2026,1b2414d78755964c34cbb05ee1984ffcdf31e175b77b70f06cbff5ab5902f50e,hqs_finetuned,38.31344663841425,0.995166189250946,0.3278835660312325,0.0077851759269833565
fresh_div2k_0821,DIV2K_fresh,fresh_div2k_0821,test,0.1,0.1001129150390625,0.01,2026,fde30a4127b20ec40fdee584336460e9812737566abf74ca942d7610195a2671,hqs,22.360065159944007,0.854519127948761,0.33069961599539965,0.0075031849555671215
fresh_div2k_0821,DIV2K_fresh,fresh_div2k_0821,test,0.1,0.1001129150390625,0.01,2026,fde30a4127b20ec40fdee584336460e9812737566abf74ca942d7610195a2671,hqs_round1,22.710522809332264,0.8643401492391228,0.33013947191648185,0.00738233607262373
fresh_div2k_0821,DIV2K_fresh,fresh_div2k_0821,test,0.1,0.1001129150390625,0.01,2026,fde30a4127b20ec40fdee584336460e9812737566abf74ca942d7610195a2671,hqs_finetuned,23.23547520524133,0.877315523044534,0.32329601095989347,0.0079256072640419
fresh_div2k_0821,DIV2K_fresh,fresh_div2k_0821,test,0.1,0.1001129150390625,0.01,2027,bff8b7e8c39227ab79c01662cc3e6e376bbb2b3beba47404a7f9db6786afb73d,hqs,22.36464592337481,0.8547009480571449,0.32321124500595033,0.007625258527696133
fresh_div2k_0821,DIV2K_fresh,fresh_div2k_0821,test,0.1,0.1001129150390625,0.01,2027,bff8b7e8c39227ab79c01662cc3e6e376bbb2b3beba47404a7f9db6786afb73d,hqs_round1,22.71127182887623,0.8644082117011808,0.32332015491556376,0.007510432507842779
fresh_div2k_0821,DIV2K_fresh,fresh_div2k_0821,test,0.1,0.1001129150390625,0.01,2027,bff8b7e8c39227ab79c01662cc3e6e376bbb2b3beba47404a7f9db6786afb73d,hqs_finetuned,23.21941729447062,0.8771284473973326,0.323347708908841,0.00780082494020462
fresh_div2k_0821,DIV2K_fresh,fresh_div2k_0821,test,0.1,0.1001129150390625,0.01,2028,daa9b7b4fa77284f13efe0b25caa210fe39a4fbde0f7a1786825019c45b5f3fd,hqs,22.355676724649474,0.8540908644587547,0.322778366971761,0.007616441231220961
fresh_div2k_0821,DIV2K_fresh,fresh_div2k_0821,test,0.1,0.1001129150390625,0.01,2028,daa9b7b4fa77284f13efe0b25caa210fe39a4fbde0f7a1786825019c45b5f3fd,hqs_round1,22.706380203863787,0.86390396364481,0.31837949296459556,0.007506249938160181
fresh_div2k_0821,DIV2K_fresh,fresh_div2k_0821,test,0.1,0.1001129150390625,0.01,2028,daa9b7b4fa77284f13efe0b25caa210fe39a4fbde0f7a1786825019c45b5f3fd,hqs_finetuned,23.210432368021998,0.8764850340671391,0.31949721195269376,0.0080136489123106
fresh_div2k_0821,DIV2K_fresh,fresh_div2k_0821,test,0.1,0.1001129150390625,0.05,2026,59cb55027c3db27ede3baeb6c40f1854f062e31d15f5e48a190b0ba850594151,hqs,21.197808384429816,0.8078220884412695,0.3214979820186272,0.0067903148010373116
fresh_div2k_0821,DIV2K_fresh,fresh_div2k_0821,test,0.1,0.1001129150390625,0.05,2026,59cb55027c3db27ede3baeb6c40f1854f062e31d15f5e48a190b0ba850594151,hqs_round1,21.435297918487066,0.8170570776494192,0.3192660710774362,0.006574881728738546
fresh_div2k_0821,DIV2K_fresh,fresh_div2k_0821,test,0.1,0.1001129150390625,0.05,2026,59cb55027c3db27ede3baeb6c40f1854f062e31d15f5e48a190b0ba850594151,hqs_finetuned,21.838253316978864,0.8311614242939223,0.3199785550823435,0.00898623839020729
fresh_div2k_0821,DIV2K_fresh,fresh_div2k_0821,test,0.1,0.1001129150390625,0.05,2027,601f9007f308cd51b4b8eda77f1877129040045cb3a7161b9655fda924e3e6ad,hqs,21.204324347219,0.8107940716506666,0.32318652095273137,0.00691980542615056
fresh_div2k_0821,DIV2K_fresh,fresh_div2k_0821,test,0.1,0.1001129150390625,0.05,2027,601f9007f308cd51b4b8eda77f1877129040045cb3a7161b9655fda924e3e6ad,hqs_round1,21.4288032300786,0.8201254635226977,0.3172326560597867,0.006796357221901417
fresh_div2k_0821,DIV2K_fresh,fresh_div2k_0821,test,0.1,0.1001129150390625,0.05,2027,601f9007f308cd51b4b8eda77f1877129040045cb3a7161b9655fda924e3e6ad,hqs_finetuned,21.8040990022195,0.8340118838438019,0.33351321006193757,0.008591779507696629
fresh_div2k_0821,DIV2K_fresh,fresh_div2k_0821,test,0.1,0.1001129150390625,0.05,2028,106f72bb24cb47f46067295cc22a3d1831d3cc0fdecdb7e6c05296e2e644abaf,hqs,21.14671237627004,0.8062756768911281,0.3223510409006849,0.006886279676109552
fresh_div2k_0821,DIV2K_fresh,fresh_div2k_0821,test,0.1,0.1001129150390625,0.05,2028,106f72bb24cb47f46067295cc22a3d1831d3cc0fdecdb7e6c05296e2e644abaf,hqs_round1,21.3781429345148,0.8157140763994287,0.31882314395625144,0.0065992046147584915
fresh_div2k_0821,DIV2K_fresh,fresh_div2k_0821,test,0.1,0.1001129150390625,0.05,2028,106f72bb24cb47f46067295cc22a3d1831d3cc0fdecdb7e6c05296e2e644abaf,hqs_finetuned,21.756399601798044,0.829294250274919,0.3195436110254377,0.009253528900444508
fresh_div2k_0823,DIV2K_fresh,fresh_div2k_0823,test,0.01,0.01031494140625,0.0,2026,c2ed701709b32fd31e5eb0938ba981e326a5e4b423898ee270f448fd6ed2766a,hqs,20.35845313154673,0.5901641975232442,0.31860302202403545,0.0041656335815787315
fresh_div2k_0823,DIV2K_fresh,fresh_div2k_0823,test,0.01,0.01031494140625,0.0,2026,c2ed701709b32fd31e5eb0938ba981e326a5e4b423898ee270f448fd6ed2766a,hqs_round1,20.367458360453355,0.5907011056074684,0.3172267290065065,0.00405488908290863
fresh_div2k_0823,DIV2K_fresh,fresh_div2k_0823,test,0.01,0.01031494140625,0.0,2026,c2ed701709b32fd31e5eb0938ba981e326a5e4b423898ee270f448fd6ed2766a,hqs_finetuned,20.36179460831377,0.5909311897989765,0.3181031319545582,0.004180125426501036
fresh_div2k_0823,DIV2K_fresh,fresh_div2k_0823,test,0.04,0.041259765625,0.0,2026,f37f98704e39ae22c5c3736f38b2563e4fda9a8fa5059318d2fd9cfc6f89c4df,hqs,22.935440150757053,0.7589077451529419,0.31948450510390103,0.0034770448692142963
fresh_div2k_0823,DIV2K_fresh,fresh_div2k_0823,test,0.04,0.041259765625,0.0,2026,f37f98704e39ae22c5c3736f38b2563e4fda9a8fa5059318d2fd9cfc6f89c4df,hqs_round1,22.969600301644697,0.7602587615062381,0.31804502196609974,0.003257100936025381
fresh_div2k_0823,DIV2K_fresh,fresh_div2k_0823,test,0.04,0.041259765625,0.0,2026,f37f98704e39ae22c5c3736f38b2563e4fda9a8fa5059318d2fd9cfc6f89c4df,hqs_finetuned,23.009649843198634,0.7617439417909346,0.31969334091991186,0.003146258182823658
fresh_div2k_0823,DIV2K_fresh,fresh_div2k_0823,test,0.1,0.1001129150390625,0.0,2026,679dce580b70c272eb31b85854811bd11cd7f05a7ff340f2e21ba1fae98a7b04,hqs,25.719216052455728,0.8701281309301854,0.3197037699865177,0.0032566306181252003
fresh_div2k_0823,DIV2K_fresh,fresh_div2k_0823,test,0.1,0.1001129150390625,0.0,2026,679dce580b70c272eb31b85854811bd11cd7f05a7ff340f2e21ba1fae98a7b04,hqs_round1,25.819632576213394,0.8728523779702186,0.3226470430381596,0.0032842231448739767
fresh_div2k_0823,DIV2K_fresh,fresh_div2k_0823,test,0.1,0.1001129150390625,0.0,2026,679dce580b70c272eb31b85854811bd11cd7f05a7ff340f2e21ba1fae98a7b04,hqs_finetuned,25.873085882022664,0.8738643266509771,0.3189105730270967,0.0043205637484788895
fresh_div2k_0823,DIV2K_fresh,fresh_div2k_0823,test,0.25,0.25,0.0,2026,066f20408adb3b2ea5fb7291731730426ca645e76ec068411c0a024173fc0af6,hqs,30.44650972146635,0.9530901457977294,0.3203865139512345,0.0029185793828219175
fresh_div2k_0823,DIV2K_fresh,fresh_div2k_0823,test,0.25,0.25,0.0,2026,066f20408adb3b2ea5fb7291731730426ca645e76ec068411c0a024173fc0af6,hqs_round1,30.592160727135003,0.9543163640651703,0.32008229999337345,0.0033869650214910507
fresh_div2k_0823,DIV2K_fresh,fresh_div2k_0823,test,0.25,0.25,0.0,2026,066f20408adb3b2ea5fb7291731730426ca645e76ec068411c0a024173fc0af6,hqs_finetuned,30.62251655914354,0.9544626015195846,0.3178903580410406,0.0043733795173466206
fresh_div2k_0823,DIV2K_fresh,fresh_div2k_0823,test,0.5,0.4998931884765625,0.0,2026,a8941ad2d22c8b7c374b44b1449fb7720b56eff59622e4bea775d8c05eb8c86a,hqs,37.4843326280982,0.9874784585065842,0.3201669849222526,0.002188191283494234
fresh_div2k_0823,DIV2K_fresh,fresh_div2k_0823,test,0.5,0.4998931884765625,0.0,2026,a8941ad2d22c8b7c374b44b1449fb7720b56eff59622e4bea775d8c05eb8c86a,hqs_round1,37.721009501397546,0.98813516705513,0.31887297600042075,0.0029081471730023623
fresh_div2k_0823,DIV2K_fresh,fresh_div2k_0823,test,0.5,0.4998931884765625,0.0,2026,a8941ad2d22c8b7c374b44b1449fb7720b56eff59622e4bea775d8c05eb8c86a,hqs_finetuned,37.88017133330659,0.9882849596529006,0.32043571793474257,0.0030638950411230326
fresh_div2k_0823,DIV2K_fresh,fresh_div2k_0823,test,0.1,0.1001129150390625,0.01,2026,efcdad0f98dde73ccc1cd0e31ba207a2ed5d8c35e259558f4326e6c52d6a9a09,hqs,25.500487831594036,0.8618449979038239,0.32147056702524424,0.00294791953638196
fresh_div2k_0823,DIV2K_fresh,fresh_div2k_0823,test,0.1,0.1001129150390625,0.01,2026,efcdad0f98dde73ccc1cd0e31ba207a2ed5d8c35e259558f4326e6c52d6a9a09,hqs_round1,25.577875247917046,0.8652883859329223,0.3199236210202798,0.003129774471744895
fresh_div2k_0823,DIV2K_fresh,fresh_div2k_0823,test,0.1,0.1001129150390625,0.01,2026,efcdad0f98dde73ccc1cd0e31ba207a2ed5d8c35e259558f4326e6c52d6a9a09,hqs_finetuned,25.617651953988677,0.8662335337693692,0.31881676393095404,0.004317515064030886
fresh_div2k_0823,DIV2K_fresh,fresh_div2k_0823,test,0.1,0.1001129150390625,0.01,2027,7382ac50a10ff682ce6cd00e5e36e6ad0fd3be4302420b616ca7cb2e764e7efd,hqs,25.584235482740375,0.863981313813448,0.3223694530315697,0.0030501012224704027
fresh_div2k_0823,DIV2K_fresh,fresh_div2k_0823,test,0.1,0.1001129150390625,0.01,2027,7382ac50a10ff682ce6cd00e5e36e6ad0fd3be4302420b616ca7cb2e764e7efd,hqs_round1,25.62878239789326,0.866818261221826,0.31739430502057076,0.00322554400190711
fresh_div2k_0823,DIV2K_fresh,fresh_div2k_0823,test,0.1,0.1001129150390625,0.01,2027,7382ac50a10ff682ce6cd00e5e36e6ad0fd3be4302420b616ca7cb2e764e7efd,hqs_finetuned,25.66723417035395,0.8676170630956889,0.3178003670182079,0.004636576399207115
fresh_div2k_0823,DIV2K_fresh,fresh_div2k_0823,test,0.1,0.1001129150390625,0.01,2028,a2333e77bcc9814239847583aceb7d218ea04ab880f7080afb75d1613292d3a7,hqs,25.50966614548578,0.8625122586330474,0.320558754960075,0.0031801857985556126
fresh_div2k_0823,DIV2K_fresh,fresh_div2k_0823,test,0.1,0.1001129150390625,0.01,2028,a2333e77bcc9814239847583aceb7d218ea04ab880f7080afb75d1613292d3a7,hqs_round1,25.584912602903394,0.8658463627411574,0.32587677310220897,0.003290377091616392
fresh_div2k_0823,DIV2K_fresh,fresh_div2k_0823,test,0.1,0.1001129150390625,0.01,2028,a2333e77bcc9814239847583aceb7d218ea04ab880f7080afb75d1613292d3a7,hqs_finetuned,25.631085383073696,0.8667057521800995,0.31809982599224895,0.0044347853399813175
fresh_div2k_0823,DIV2K_fresh,fresh_div2k_0823,test,0.1,0.1001129150390625,0.05,2026,ffbdb7daf97b302d491f2c0eb1aa179290827c103f0a7690371eeae14c66f5ad,hqs,23.53255797287019,0.6982513448539301,0.3235969999805093,0.0023936566431075335
fresh_div2k_0823,DIV2K_fresh,fresh_div2k_0823,test,0.1,0.1001129150390625,0.05,2026,ffbdb7daf97b302d491f2c0eb1aa179290827c103f0a7690371eeae14c66f5ad,hqs_round1,23.511356458394175,0.709065499452006,0.32018869603052735,0.002345121232792735
fresh_div2k_0823,DIV2K_fresh,fresh_div2k_0823,test,0.1,0.1001129150390625,0.05,2026,ffbdb7daf97b302d491f2c0eb1aa179290827c103f0a7690371eeae14c66f5ad,hqs_finetuned,24.025172641774052,0.8039260575244576,0.3203700300073251,0.033662162721157074
fresh_div2k_0823,DIV2K_fresh,fresh_div2k_0823,test,0.1,0.1001129150390625,0.05,2027,6ea755f83e73769b424410d7ea2ce7bdc571ed894bfcc810b5598f209fcbbf43,hqs,23.633638476699694,0.7007099680919647,0.3238099960144609,0.002463042037561536
fresh_div2k_0823,DIV2K_fresh,fresh_div2k_0823,test,0.1,0.1001129150390625,0.05,2027,6ea755f83e73769b424410d7ea2ce7bdc571ed894bfcc810b5598f209fcbbf43,hqs_round1,23.62139387505589,0.7104859173998609,0.3194500569952652,0.002517996123060584
fresh_div2k_0823,DIV2K_fresh,fresh_div2k_0823,test,0.1,0.1001129150390625,0.05,2027,6ea755f83e73769b424410d7ea2ce7bdc571ed894bfcc810b5598f209fcbbf43,hqs_finetuned,24.036347513064857,0.8034301233046129,0.31757375702727586,0.03361561894416809
fresh_div2k_0823,DIV2K_fresh,fresh_div2k_0823,test,0.1,0.1001129150390625,0.05,2028,ebf7b1597778d4e5af4b3ecc048182f7549d9a789182f5a58d6f4bea7f557812,hqs,23.555860510524628,0.696005553318087,0.32202140998560935,0.0025809595827013254
fresh_div2k_0823,DIV2K_fresh,fresh_div2k_0823,test,0.1,0.1001129150390625,0.05,2028,ebf7b1597778d4e5af4b3ecc048182f7549d9a789182f5a58d6f4bea7f557812,hqs_round1,23.54276631305173,0.706052895479869,0.3189792260527611,0.002495100721716881
fresh_div2k_0823,DIV2K_fresh,fresh_div2k_0823,test,0.1,0.1001129150390625,0.05,2028,ebf7b1597778d4e5af4b3ecc048182f7549d9a789182f5a58d6f4bea7f557812,hqs_finetuned,24.033953946429047,0.8024003674271702,0.3198195960139856,0.03247587010264397
fresh_div2k_0826,DIV2K_fresh,fresh_div2k_0826,test,0.01,0.01031494140625,0.0,2026,32ba4054d2e421fae7b454ebeecd0c9ac7597875df7cddafa689f599a2559da3,hqs,20.294373624862843,0.5201374311831898,0.3199326309841126,0.006515620741993189
fresh_div2k_0826,DIV2K_fresh,fresh_div2k_0826,test,0.01,0.01031494140625,0.0,2026,32ba4054d2e421fae7b454ebeecd0c9ac7597875df7cddafa689f599a2559da3,hqs_round1,20.308635583914885,0.5207799488894937,0.3193744990276173,0.006585417315363884
fresh_div2k_0826,DIV2K_fresh,fresh_div2k_0826,test,0.01,0.01031494140625,0.0,2026,32ba4054d2e421fae7b454ebeecd0c9ac7597875df7cddafa689f599a2559da3,hqs_finetuned,20.517604659841567,0.5214301452121142,0.31678960006684065,0.009908048436045647
fresh_div2k_0826,DIV2K_fresh,fresh_div2k_0826,test,0.04,0.041259765625,0.0,2026,14dadd0d5c047b9265c00328a72f9b45a5b6a55c6e2f641d534d1d31042e3349,hqs,23.910237482555633,0.7187776215925347,0.3203853879822418,0.004512903746217489
fresh_div2k_0826,DIV2K_fresh,fresh_div2k_0826,test,0.04,0.041259765625,0.0,2026,14dadd0d5c047b9265c00328a72f9b45a5b6a55c6e2f641d534d1d31042e3349,hqs_round1,23.940556200884444,0.7211319482848474,0.31686315906699747,0.004220334812998772
fresh_div2k_0826,DIV2K_fresh,fresh_div2k_0826,test,0.04,0.041259765625,0.0,2026,14dadd0d5c047b9265c00328a72f9b45a5b6a55c6e2f641d534d1d31042e3349,hqs_finetuned,23.944600483401093,0.7209235785581587,0.3182371800066903,0.0058073606342077255
fresh_div2k_0826,DIV2K_fresh,fresh_div2k_0826,test,0.1,0.1001129150390625,0.0,2026,9e071bcf426d4f8d184985002ffdf4b0eabca6273fdad3efebb6dd41324df088,hqs,26.232469635135732,0.8270114688423276,0.3272242300445214,0.003814711468294263
fresh_div2k_0826,DIV2K_fresh,fresh_div2k_0826,test,0.1,0.1001129150390625,0.0,2026,9e071bcf426d4f8d184985002ffdf4b0eabca6273fdad3efebb6dd41324df088,hqs_round1,26.37439403484606,0.8298308085292428,0.31891151901800185,0.003980965819209814
fresh_div2k_0826,DIV2K_fresh,fresh_div2k_0826,test,0.1,0.1001129150390625,0.0,2026,9e071bcf426d4f8d184985002ffdf4b0eabca6273fdad3efebb6dd41324df088,hqs_finetuned,26.424625238597038,0.828838250150159,0.3170026809675619,0.006683609914034605
fresh_div2k_0826,DIV2K_fresh,fresh_div2k_0826,test,0.25,0.25,0.0,2026,9d8c5ce0eb352ddf144af1951b94d433d121a84f0b1af8fcdbecc5b4d08df8c5,hqs,29.73783555658803,0.9191414766206741,0.32164252595975995,0.0030530111398547888
fresh_div2k_0826,DIV2K_fresh,fresh_div2k_0826,test,0.25,0.25,0.0,2026,9d8c5ce0eb352ddf144af1951b94d433d121a84f0b1af8fcdbecc5b4d08df8c5,hqs_round1,29.884669917712504,0.9217584350633621,0.31662056292407215,0.003319928189739585
fresh_div2k_0826,DIV2K_fresh,fresh_div2k_0826,test,0.25,0.25,0.0,2026,9d8c5ce0eb352ddf144af1951b94d433d121a84f0b1af8fcdbecc5b4d08df8c5,hqs_finetuned,29.952507793290792,0.922188524618864,0.31635415693745017,0.004155926872044802
fresh_div2k_0826,DIV2K_fresh,fresh_div2k_0826,test,0.5,0.4998931884765625,0.0,2026,4152e734a4adc846042cba17f5fba36271338698f0434905c7eb6dcf5c0efdf8,hqs,35.188468057276204,0.975974225156784,0.3254937760066241,0.0025578688364475965
fresh_div2k_0826,DIV2K_fresh,fresh_div2k_0826,test,0.5,0.4998931884765625,0.0,2026,4152e734a4adc846042cba17f5fba36271338698f0434905c7eb6dcf5c0efdf8,hqs_round1,35.40333875088714,0.9773151720495225,0.31903748807962984,0.0031801878940314054
fresh_div2k_0826,DIV2K_fresh,fresh_div2k_0826,test,0.5,0.4998931884765625,0.0,2026,4152e734a4adc846042cba17f5fba36271338698f0434905c7eb6dcf5c0efdf8,hqs_finetuned,35.50804888661027,0.9776074985942841,0.3172686470206827,0.0035271686501801014
fresh_div2k_0826,DIV2K_fresh,fresh_div2k_0826,test,0.1,0.1001129150390625,0.01,2026,c0f3e1a0482b0bc11acd8d66882aa0fb9fa82512661d48e45f39448a68c4a146,hqs,26.053318028284046,0.8193558750394583,0.32014044001698494,0.003752673277631402
fresh_div2k_0826,DIV2K_fresh,fresh_div2k_0826,test,0.1,0.1001129150390625,0.01,2026,c0f3e1a0482b0bc11acd8d66882aa0fb9fa82512661d48e45f39448a68c4a146,hqs_round1,26.142460443256432,0.8219386625123098,0.31889282003976405,0.0038704632315784693
fresh_div2k_0826,DIV2K_fresh,fresh_div2k_0826,test,0.1,0.1001129150390625,0.01,2026,c0f3e1a0482b0bc11acd8d66882aa0fb9fa82512661d48e45f39448a68c4a146,hqs_finetuned,26.214902866987607,0.8207998060150947,0.3182279779575765,0.007638794369995594
fresh_div2k_0826,DIV2K_fresh,fresh_div2k_0826,test,0.1,0.1001129150390625,0.01,2027,21bd3c737337c326550f43cdaae007051c1bab6220ed12a590dab1848daeceb3,hqs,26.090371063662225,0.8204608102866262,0.32044748996850103,0.0038213031366467476
fresh_div2k_0826,DIV2K_fresh,fresh_div2k_0826,test,0.1,0.1001129150390625,0.01,2027,21bd3c737337c326550f43cdaae007051c1bab6220ed12a590dab1848daeceb3,hqs_round1,26.17355182323689,0.8230060641598701,0.32014637696556747,0.003880166681483388
fresh_div2k_0826,DIV2K_fresh,fresh_div2k_0826,test,0.1,0.1001129150390625,0.01,2027,21bd3c737337c326550f43cdaae007051c1bab6220ed12a590dab1848daeceb3,hqs_finetuned,26.241424230677058,0.8213978115036339,0.3183843579608947,0.007421295158565044
fresh_div2k_0826,DIV2K_fresh,fresh_div2k_0826,test,0.1,0.1001129150390625,0.01,2028,167a62b3d39c3c21fc96a4c39712eb475a9c6e0cba64807a3ce5f8c192aa4d9d,hqs,26.13208168542731,0.820617112863049,0.3202568870037794,0.0037904928904026747
fresh_div2k_0826,DIV2K_fresh,fresh_div2k_0826,test,0.1,0.1001129150390625,0.01,2028,167a62b3d39c3c21fc96a4c39712eb475a9c6e0cba64807a3ce5f8c192aa4d9d,hqs_round1,26.190539990043625,0.822554605505824,0.3189561190083623,0.0038053460884839296
fresh_div2k_0826,DIV2K_fresh,fresh_div2k_0826,test,0.1,0.1001129150390625,0.01,2028,167a62b3d39c3c21fc96a4c39712eb475a9c6e0cba64807a3ce5f8c192aa4d9d,hqs_finetuned,26.240844135049898,0.8203589527974278,0.3221299689030275,0.007770556956529617
fresh_div2k_0826,DIV2K_fresh,fresh_div2k_0826,test,0.1,0.1001129150390625,0.05,2026,10d58db69cf1c8920eccbbd3fd7954c4ebe84563fc036dfda5bffa23270f6c08,hqs,24.16942454761994,0.6995957135433364,0.32750993594527245,0.003805763553828001
fresh_div2k_0826,DIV2K_fresh,fresh_div2k_0826,test,0.1,0.1001129150390625,0.05,2026,10d58db69cf1c8920eccbbd3fd7954c4ebe84563fc036dfda5bffa23270f6c08,hqs_round1,24.172688727707833,0.704357173825995,0.3340946289245039,0.003338400973007083
fresh_div2k_0826,DIV2K_fresh,fresh_div2k_0826,test,0.1,0.1001129150390625,0.05,2026,10d58db69cf1c8920eccbbd3fd7954c4ebe84563fc036dfda5bffa23270f6c08,hqs_finetuned,24.902833343697548,0.7649014689435065,0.32326414599083364,0.036886848509311676
fresh_div2k_0826,DIV2K_fresh,fresh_div2k_0826,test,0.1,0.1001129150390625,0.05,2027,7fd1e06fedeca89e6ebdd90fdc57e4e4ae16a83a0cf116a137b4c8e12e5e51ec,hqs,24.143509362378666,0.6968536352879098,0.32618951599579304,0.003627946600317955
fresh_div2k_0826,DIV2K_fresh,fresh_div2k_0826,test,0.1,0.1001129150390625,0.05,2027,7fd1e06fedeca89e6ebdd90fdc57e4e4ae16a83a0cf116a137b4c8e12e5e51ec,hqs_round1,24.18422080681411,0.7034439866075441,0.32196854101493955,0.0032011084258556366
fresh_div2k_0826,DIV2K_fresh,fresh_div2k_0826,test,0.1,0.1001129150390625,0.05,2027,7fd1e06fedeca89e6ebdd90fdc57e4e4ae16a83a0cf116a137b4c8e12e5e51ec,hqs_finetuned,24.872964331194677,0.7642838297356237,0.31966491998173296,0.037796031683683395
fresh_div2k_0826,DIV2K_fresh,fresh_div2k_0826,test,0.1,0.1001129150390625,0.05,2028,ff8f920f3ffa8ee2cc63bc636c0c511c18fef0af4cfd52b4cf0f0528c3933b00,hqs,24.258658199029938,0.697429457663592,0.32749914401210845,0.004006245173513889
fresh_div2k_0826,DIV2K_fresh,fresh_div2k_0826,test,0.1,0.1001129150390625,0.05,2028,ff8f920f3ffa8ee2cc63bc636c0c511c18fef0af4cfd52b4cf0f0528c3933b00,hqs_round1,24.26555136794349,0.7031142958977502,0.3228996390243992,0.0035052115563303232
fresh_div2k_0826,DIV2K_fresh,fresh_div2k_0826,test,0.1,0.1001129150390625,0.05,2028,ff8f920f3ffa8ee2cc63bc636c0c511c18fef0af4cfd52b4cf0f0528c3933b00,hqs_finetuned,24.96579458899418,0.767778175126873,0.32670837198384106,0.03666779026389122
fresh_div2k_0830,DIV2K_fresh,fresh_div2k_0830,test,0.01,0.01031494140625,0.0,2026,2fa9dca65ca94b583a4d6121aacd25af768452aced895680159150f988881e28,hqs,20.739353536199566,0.4608040433612989,0.32036325393710285,0.004056898411363363
fresh_div2k_0830,DIV2K_fresh,fresh_div2k_0830,test,0.01,0.01031494140625,0.0,2026,2fa9dca65ca94b583a4d6121aacd25af768452aced895680159150f988881e28,hqs_round1,20.78838613496263,0.46256647544410584,0.32050966599490494,0.0037593026645481586
fresh_div2k_0830,DIV2K_fresh,fresh_div2k_0830,test,0.01,0.01031494140625,0.0,2026,2fa9dca65ca94b583a4d6121aacd25af768452aced895680159150f988881e28,hqs_finetuned,20.873390900810737,0.4648018471937699,0.32232462894171476,0.0072420150972902775
fresh_div2k_0830,DIV2K_fresh,fresh_div2k_0830,test,0.04,0.041259765625,0.0,2026,8d6df002c08cc311b14983010f67dc51378f3c1c5d9c39370fb5f5d738b5cf9f,hqs,23.024708617978654,0.6483303358880971,0.3297433640109375,0.005332098808139563
fresh_div2k_0830,DIV2K_fresh,fresh_div2k_0830,test,0.04,0.041259765625,0.0,2026,8d6df002c08cc311b14983010f67dc51378f3c1c5d9c39370fb5f5d738b5cf9f,hqs_round1,23.05298792718191,0.6493695333777424,0.3207694790326059,0.004824123810976744
fresh_div2k_0830,DIV2K_fresh,fresh_div2k_0830,test,0.04,0.041259765625,0.0,2026,8d6df002c08cc311b14983010f67dc51378f3c1c5d9c39370fb5f5d738b5cf9f,hqs_finetuned,23.124920919744035,0.6456901971257697,0.32029997592326254,0.006490782834589481
fresh_div2k_0830,DIV2K_fresh,fresh_div2k_0830,test,0.1,0.1001129150390625,0.0,2026,d10ec87763de32d606611e9a8eb8ed3036df815b12a5f26351726ec5a58c3cf0,hqs,25.612580517469866,0.7938664588503861,0.32122018898371607,0.004214882850646973
fresh_div2k_0830,DIV2K_fresh,fresh_div2k_0830,test,0.1,0.1001129150390625,0.0,2026,d10ec87763de32d606611e9a8eb8ed3036df815b12a5f26351726ec5a58c3cf0,hqs_round1,25.68016398167364,0.79802449173069,0.319265409023501,0.004387970082461834
fresh_div2k_0830,DIV2K_fresh,fresh_div2k_0830,test,0.1,0.1001129150390625,0.0,2026,d10ec87763de32d606611e9a8eb8ed3036df815b12a5f26351726ec5a58c3cf0,hqs_finetuned,25.652255749694547,0.7919784308315515,0.3191011240705848,0.0069109247997403145
fresh_div2k_0830,DIV2K_fresh,fresh_div2k_0830,test,0.25,0.25,0.0,2026,e3020e934fa72132a4073ff8d0dea958d61678c699c0a644e0918afabb62f434,hqs,28.754921191271823,0.9008328607149124,0.32042412692680955,0.003233605530112982
fresh_div2k_0830,DIV2K_fresh,fresh_div2k_0830,test,0.25,0.25,0.0,2026,e3020e934fa72132a4073ff8d0dea958d61678c699c0a644e0918afabb62f434,hqs_round1,28.87315780698961,0.9034860686421394,0.32061300694476813,0.003657183377072215
fresh_div2k_0830,DIV2K_fresh,fresh_div2k_0830,test,0.25,0.25,0.0,2026,e3020e934fa72132a4073ff8d0dea958d61678c699c0a644e0918afabb62f434,hqs_finetuned,29.048048387028587,0.9045954676380158,0.3248574680183083,0.004780439659953117
fresh_div2k_0830,DIV2K_fresh,fresh_div2k_0830,test,0.5,0.4998931884765625,0.0,2026,fc1722a9e17cb412f5ffebfcae8d28771b6f465a7eee1296350ba87492473e2f,hqs,34.52702161263574,0.9695045445489884,0.32617594802286476,0.0027572219260036945
fresh_div2k_0830,DIV2K_fresh,fresh_div2k_0830,test,0.5,0.4998931884765625,0.0,2026,fc1722a9e17cb412f5ffebfcae8d28771b6f465a7eee1296350ba87492473e2f,hqs_round1,34.73608220039363,0.9707074842729568,0.32162129099015146,0.0033727569971233606
fresh_div2k_0830,DIV2K_fresh,fresh_div2k_0830,test,0.5,0.4998931884765625,0.0,2026,fc1722a9e17cb412f5ffebfcae8d28771b6f465a7eee1296350ba87492473e2f,hqs_finetuned,34.918158623017185,0.9708501669063568,0.31913350196555257,0.004109581001102924
fresh_div2k_0830,DIV2K_fresh,fresh_div2k_0830,test,0.1,0.1001129150390625,0.01,2026,c99646166a24f19ef9c80d78ee0a70dfb27b1601a8d84c6f36fcb024a44a556f,hqs,25.472169299089977,0.7844667014154791,0.3284868070622906,0.004133869428187609
fresh_div2k_0830,DIV2K_fresh,fresh_div2k_0830,test,0.1,0.1001129150390625,0.01,2026,c99646166a24f19ef9c80d78ee0a70dfb27b1601a8d84c6f36fcb024a44a556f,hqs_round1,25.522579644894133,0.7879135590745211,0.3250322409439832,0.004269873257726431
fresh_div2k_0830,DIV2K_fresh,fresh_div2k_0830,test,0.1,0.1001129150390625,0.01,2026,c99646166a24f19ef9c80d78ee0a70dfb27b1601a8d84c6f36fcb024a44a556f,hqs_finetuned,25.516398835422365,0.7824562695409656,0.3200172639917582,0.008080136962234974
fresh_div2k_0830,DIV2K_fresh,fresh_div2k_0830,test,0.1,0.1001129150390625,0.01,2027,951fd189a9449b56f002dc974b6ef648539b6cdbce71dec52efe20dd4da9b3a2,hqs,25.49850782115572,0.7863385562804341,0.32408766995649785,0.0039839171804487705
fresh_div2k_0830,DIV2K_fresh,fresh_div2k_0830,test,0.1,0.1001129150390625,0.01,2027,951fd189a9449b56f002dc974b6ef648539b6cdbce71dec52efe20dd4da9b3a2,hqs_round1,25.525787484448838,0.7898861747906208,0.3223827030742541,0.00420650327578187
fresh_div2k_0830,DIV2K_fresh,fresh_div2k_0830,test,0.1,0.1001129150390625,0.01,2027,951fd189a9449b56f002dc974b6ef648539b6cdbce71dec52efe20dd4da9b3a2,hqs_finetuned,25.55617758473985,0.7844653153122068,0.321438848040998,0.0079356012865901
fresh_div2k_0830,DIV2K_fresh,fresh_div2k_0830,test,0.1,0.1001129150390625,0.01,2028,6a414aabbc7b2547c04d1613c141cd01ce6ca266aef2660049e952f47dc626d1,hqs,25.534260755346597,0.7894397327753901,0.32425177190452814,0.0042038606479763985
fresh_div2k_0830,DIV2K_fresh,fresh_div2k_0830,test,0.1,0.1001129150390625,0.01,2028,6a414aabbc7b2547c04d1613c141cd01ce6ca266aef2660049e952f47dc626d1,hqs_round1,25.521531575399298,0.7912878581889718,0.32183673488907516,0.004293793812394142
fresh_div2k_0830,DIV2K_fresh,fresh_div2k_0830,test,0.1,0.1001129150390625,0.01,2028,6a414aabbc7b2547c04d1613c141cd01ce6ca266aef2660049e952f47dc626d1,hqs_finetuned,25.541637696285925,0.7844197775918991,0.3225294779986143,0.008347959257662296
fresh_div2k_0830,DIV2K_fresh,fresh_div2k_0830,test,0.1,0.1001129150390625,0.05,2026,f5873dc64868326088cfa1d97d09e7e6575527287c0c05ffefd6b1576fc61ad6,hqs,23.906079578579597,0.6604354533854984,0.3225535680539906,0.004677260760217905
fresh_div2k_0830,DIV2K_fresh,fresh_div2k_0830,test,0.1,0.1001129150390625,0.05,2026,f5873dc64868326088cfa1d97d09e7e6575527287c0c05ffefd6b1576fc61ad6,hqs_round1,23.929240069076073,0.6636929767993763,0.32053789496421814,0.004258141852915287
fresh_div2k_0830,DIV2K_fresh,fresh_div2k_0830,test,0.1,0.1001129150390625,0.05,2026,f5873dc64868326088cfa1d97d09e7e6575527287c0c05ffefd6b1576fc61ad6,hqs_finetuned,24.424659897380216,0.7131397010856718,0.3212108960142359,0.03441767022013664
fresh_div2k_0830,DIV2K_fresh,fresh_div2k_0830,test,0.1,0.1001129150390625,0.05,2027,1f1b7adb23b9bb153635db14186b9ae9b60b923ee82edc717906066bfa3c4bd1,hqs,23.921295523547784,0.6599136047133338,0.32305698096752167,0.004590592812746763
fresh_div2k_0830,DIV2K_fresh,fresh_div2k_0830,test,0.1,0.1001129150390625,0.05,2027,1f1b7adb23b9bb153635db14186b9ae9b60b923ee82edc717906066bfa3c4bd1,hqs_round1,23.93294252188545,0.6630384962886255,0.3220037600258365,0.0042124283500015736
fresh_div2k_0830,DIV2K_fresh,fresh_div2k_0830,test,0.1,0.1001129150390625,0.05,2027,1f1b7adb23b9bb153635db14186b9ae9b60b923ee82edc717906066bfa3c4bd1,hqs_finetuned,24.490812021854214,0.7186171902657319,0.3210454600630328,0.03439097851514816
fresh_div2k_0830,DIV2K_fresh,fresh_div2k_0830,test,0.1,0.1001129150390625,0.05,2028,8d8b201e4a4f5c2b74b8b518798b49e4ca09957f596bcf59d5aab487d003de35,hqs,23.948555115352637,0.6639415454752594,0.3297685319557786,0.004550478421151638
fresh_div2k_0830,DIV2K_fresh,fresh_div2k_0830,test,0.1,0.1001129150390625,0.05,2028,8d8b201e4a4f5c2b74b8b518798b49e4ca09957f596bcf59d5aab487d003de35,hqs_round1,23.960479938219606,0.667391569606781,0.321285363053903,0.004122582264244556
fresh_div2k_0830,DIV2K_fresh,fresh_div2k_0830,test,0.1,0.1001129150390625,0.05,2028,8d8b201e4a4f5c2b74b8b518798b49e4ca09957f596bcf59d5aab487d003de35,hqs_finetuned,24.527110081478916,0.7213873513432816,0.32231423899065703,0.03563043475151062
fresh_div2k_0832,DIV2K_fresh,fresh_div2k_0832,test,0.01,0.01031494140625,0.0,2026,2f83dfb440180ecad85cfbb8ce4ebe6e54e3b06697249db9da34b8599279f17d,hqs,18.978347543146523,0.4684764559836882,0.3277317149331793,0.005028861574828625
fresh_div2k_0832,DIV2K_fresh,fresh_div2k_0832,test,0.01,0.01031494140625,0.0,2026,2f83dfb440180ecad85cfbb8ce4ebe6e54e3b06697249db9da34b8599279f17d,hqs_round1,18.97690226424499,0.4688614231413066,0.32013946305960417,0.004611636977642775
fresh_div2k_0832,DIV2K_fresh,fresh_div2k_0832,test,0.01,0.01031494140625,0.0,2026,2f83dfb440180ecad85cfbb8ce4ebe6e54e3b06697249db9da34b8599279f17d,hqs_finetuned,19.033758213797725,0.4713221569153105,0.32173056702595204,0.008657252416014671
fresh_div2k_0832,DIV2K_fresh,fresh_div2k_0832,test,0.04,0.041259765625,0.0,2026,542ad81ce806d25296c28aa94223176124d52b059614253f5e42c8cd71785264,hqs,22.321991873546114,0.6961024058714044,0.3227166769793257,0.004817315377295017
fresh_div2k_0832,DIV2K_fresh,fresh_div2k_0832,test,0.04,0.041259765625,0.0,2026,542ad81ce806d25296c28aa94223176124d52b059614253f5e42c8cd71785264,hqs_round1,22.31278999009817,0.6961079844608009,0.3212018859339878,0.004518761765211821
fresh_div2k_0832,DIV2K_fresh,fresh_div2k_0832,test,0.04,0.041259765625,0.0,2026,542ad81ce806d25296c28aa94223176124d52b059614253f5e42c8cd71785264,hqs_finetuned,22.372397646652434,0.6971105885952772,0.32125971699133515,0.0055614314042031765
fresh_div2k_0832,DIV2K_fresh,fresh_div2k_0832,test,0.1,0.1001129150390625,0.0,2026,81a76ef3aa3489fd1741c37893798809cd1566ff6f1d71a69644c4215220b1bb,hqs,25.700468202518223,0.8450395981180072,0.3237836000043899,0.004927660338580608
fresh_div2k_0832,DIV2K_fresh,fresh_div2k_0832,test,0.1,0.1001129150390625,0.0,2026,81a76ef3aa3489fd1741c37893798809cd1566ff6f1d71a69644c4215220b1bb,hqs_round1,25.766059759920953,0.8458818969859481,0.3220825419994071,0.004932146053761244
fresh_div2k_0832,DIV2K_fresh,fresh_div2k_0832,test,0.1,0.1001129150390625,0.0,2026,81a76ef3aa3489fd1741c37893798809cd1566ff6f1d71a69644c4215220b1bb,hqs_finetuned,25.766503257095135,0.8450414622279405,0.3177680049557239,0.004872816149145365
fresh_div2k_0832,DIV2K_fresh,fresh_div2k_0832,test,0.25,0.25,0.0,2026,fd3e9ee97c26097194c5e7ffd5b5bf44ffbb794192cc1a104675cc0363253653,hqs,30.50145522255835,0.9410469843053818,0.32697397097945213,0.0036344528198242188
fresh_div2k_0832,DIV2K_fresh,fresh_div2k_0832,test,0.25,0.25,0.0,2026,fd3e9ee97c26097194c5e7ffd5b5bf44ffbb794192cc1a104675cc0363253653,hqs_round1,30.63213648305933,0.9421119772033691,0.3216249409597367,0.003956509754061699
fresh_div2k_0832,DIV2K_fresh,fresh_div2k_0832,test,0.25,0.25,0.0,2026,fd3e9ee97c26097194c5e7ffd5b5bf44ffbb794192cc1a104675cc0363253653,hqs_finetuned,30.685912994267817,0.9425961109180451,0.31856741895899177,0.003887282917276025
fresh_div2k_0832,DIV2K_fresh,fresh_div2k_0832,test,0.5,0.4998931884765625,0.0,2026,a30388a5c4704ebc835f5b886e53014adf4e8a02fca6cfebe585a388cd6afa5e,hqs,36.92665063657179,0.9822096123628616,0.3222536500543356,0.0027729400899261236
fresh_div2k_0832,DIV2K_fresh,fresh_div2k_0832,test,0.5,0.4998931884765625,0.0,2026,a30388a5c4704ebc835f5b886e53014adf4e8a02fca6cfebe585a388cd6afa5e,hqs_round1,37.14681714933997,0.9828207764568329,0.31975126697216183,0.0032719892915338278
fresh_div2k_0832,DIV2K_fresh,fresh_div2k_0832,test,0.5,0.4998931884765625,0.0,2026,a30388a5c4704ebc835f5b886e53014adf4e8a02fca6cfebe585a388cd6afa5e,hqs_finetuned,37.28818116511281,0.9830616448602676,0.31835807999596,0.0035200801212340593
fresh_div2k_0832,DIV2K_fresh,fresh_div2k_0832,test,0.1,0.1001129150390625,0.01,2026,f4f489e775230faa8b29120115ad2b2d1a740220223ffe812e848e8c9b7cabc2,hqs,25.592273939271543,0.841127952560097,0.3227435629814863,0.004872963763773441
fresh_div2k_0832,DIV2K_fresh,fresh_div2k_0832,test,0.1,0.1001129150390625,0.01,2026,f4f489e775230faa8b29120115ad2b2d1a740220223ffe812e848e8c9b7cabc2,hqs_round1,25.64447754829933,0.8419275421581864,0.31971992109902203,0.004865746945142746
fresh_div2k_0832,DIV2K_fresh,fresh_div2k_0832,test,0.1,0.1001129150390625,0.01,2026,f4f489e775230faa8b29120115ad2b2d1a740220223ffe812e848e8c9b7cabc2,hqs_finetuned,25.658503207666424,0.8412313210223913,0.3188766350504011,0.004920417908579111
fresh_div2k_0832,DIV2K_fresh,fresh_div2k_0832,test,0.1,0.1001129150390625,0.01,2027,8d39facc1b6aa90f6053800b2b058db404a8045e8b9f6e29b5a985938e224295,hqs,25.632273578746553,0.8423203401389122,0.3199792030500248,0.004772162530571222
fresh_div2k_0832,DIV2K_fresh,fresh_div2k_0832,test,0.1,0.1001129150390625,0.01,2027,8d39facc1b6aa90f6053800b2b058db404a8045e8b9f6e29b5a985938e224295,hqs_round1,25.684869255267586,0.8430791186368466,0.31930659199133515,0.004803716670721769
fresh_div2k_0832,DIV2K_fresh,fresh_div2k_0832,test,0.1,0.1001129150390625,0.01,2027,8d39facc1b6aa90f6053800b2b058db404a8045e8b9f6e29b5a985938e224295,hqs_finetuned,25.67908297087655,0.8416862581212521,0.31975981197319925,0.00498908432200551
fresh_div2k_0832,DIV2K_fresh,fresh_div2k_0832,test,0.1,0.1001129150390625,0.01,2028,ba1b19ba6cfc13de3560fed8ab33544be321afdc6256137ef4caf0b3e2813e8d,hqs,25.603917097564086,0.8413453424118459,0.32233790203463286,0.0047723944298923016
fresh_div2k_0832,DIV2K_fresh,fresh_div2k_0832,test,0.1,0.1001129150390625,0.01,2028,ba1b19ba6cfc13de3560fed8ab33544be321afdc6256137ef4caf0b3e2813e8d,hqs_round1,25.65562515842052,0.842128029138945,0.31825695803854614,0.004743313882499933
fresh_div2k_0832,DIV2K_fresh,fresh_div2k_0832,test,0.1,0.1001129150390625,0.01,2028,ba1b19ba6cfc13de3560fed8ab33544be321afdc6256137ef4caf0b3e2813e8d,hqs_finetuned,25.667245560592924,0.8411388981777131,0.31995029898826033,0.0050842128694057465
fresh_div2k_0832,DIV2K_fresh,fresh_div2k_0832,test,0.1,0.1001129150390625,0.05,2026,a4cc71b3d8e5b8dc054598f5ab4dd68348e78f3f379c411266ca8cdf409ba11e,hqs,24.11002034569944,0.7696316339543834,0.3209703740430996,0.004086738917976618
fresh_div2k_0832,DIV2K_fresh,fresh_div2k_0832,test,0.1,0.1001129150390625,0.05,2026,a4cc71b3d8e5b8dc054598f5ab4dd68348e78f3f379c411266ca8cdf409ba11e,hqs_round1,24.092392495300338,0.7720282518534511,0.31898245902266353,0.003690079553052783
fresh_div2k_0832,DIV2K_fresh,fresh_div2k_0832,test,0.1,0.1001129150390625,0.05,2026,a4cc71b3d8e5b8dc054598f5ab4dd68348e78f3f379c411266ca8cdf409ba11e,hqs_finetuned,24.388984484149315,0.7873464023117424,0.3204662619391456,0.024875476956367493
fresh_div2k_0832,DIV2K_fresh,fresh_div2k_0832,test,0.1,0.1001129150390625,0.05,2027,906a14e54e347748319d0f675bc712fa4a6855c187d7d3161989ee8b6f07f1ab,hqs,24.19250942600433,0.772108684826821,0.3255126450676471,0.0039388868026435375
fresh_div2k_0832,DIV2K_fresh,fresh_div2k_0832,test,0.1,0.1001129150390625,0.05,2027,906a14e54e347748319d0f675bc712fa4a6855c187d7d3161989ee8b6f07f1ab,hqs_round1,24.175755581557894,0.7746829904371537,0.3194773510331288,0.003617741633206606
fresh_div2k_0832,DIV2K_fresh,fresh_div2k_0832,test,0.1,0.1001129150390625,0.05,2027,906a14e54e347748319d0f675bc712fa4a6855c187d7d3161989ee8b6f07f1ab,hqs_finetuned,24.4395383461504,0.7887485375372172,0.32990037999115884,0.023838870227336884
fresh_div2k_0832,DIV2K_fresh,fresh_div2k_0832,test,0.1,0.1001129150390625,0.05,2028,09e141548d952de4d4a906ac6265c68ca1feb6170af145657a78cd35e0c3fc53,hqs,24.177134260837775,0.7693160609962456,0.32175305497366935,0.003968023229390383
fresh_div2k_0832,DIV2K_fresh,fresh_div2k_0832,test,0.1,0.1001129150390625,0.05,2028,09e141548d952de4d4a906ac6265c68ca1feb6170af145657a78cd35e0c3fc53,hqs_round1,24.17821503829588,0.7722547535277605,0.32373631396330893,0.003548000007867813
fresh_div2k_0832,DIV2K_fresh,fresh_div2k_0832,test,0.1,0.1001129150390625,0.05,2028,09e141548d952de4d4a906ac6265c68ca1feb6170af145657a78cd35e0c3fc53,hqs_finetuned,24.4321058434665,0.787512128021121,0.3197649270296097,0.025121882557868958
fresh_div2k_0836,DIV2K_fresh,fresh_div2k_0836,test,0.01,0.01031494140625,0.0,2026,3875a330172a5748fcaa1ab9160fc3bb0c4aab35cb34124a7eccd4899de28f33,hqs,19.28030216861105,0.4418358249498015,0.3236508700065315,0.0042722211219370365
fresh_div2k_0836,DIV2K_fresh,fresh_div2k_0836,test,0.01,0.01031494140625,0.0,2026,3875a330172a5748fcaa1ab9160fc3bb0c4aab35cb34124a7eccd4899de28f33,hqs_round1,19.285599948256934,0.4415010305995892,0.32092374295461923,0.00392981618642807
fresh_div2k_0836,DIV2K_fresh,fresh_div2k_0836,test,0.01,0.01031494140625,0.0,2026,3875a330172a5748fcaa1ab9160fc3bb0c4aab35cb34124a7eccd4899de28f33,hqs_finetuned,19.330317249708678,0.4430678933793551,0.32024748995900154,0.005219043232500553
fresh_div2k_0836,DIV2K_fresh,fresh_div2k_0836,test,0.04,0.041259765625,0.0,2026,810ba62867c4be30573a1d7da9dc4541f05fe97fdf964303113a5e4f33be8ebd,hqs,22.284726250099904,0.6845374847607387,0.33125639508944005,0.0042901537381112576
fresh_div2k_0836,DIV2K_fresh,fresh_div2k_0836,test,0.04,0.041259765625,0.0,2026,810ba62867c4be30573a1d7da9dc4541f05fe97fdf964303113a5e4f33be8ebd,hqs_round1,22.329143632146142,0.6876617140241517,0.31995507702231407,0.004268588498234749
fresh_div2k_0836,DIV2K_fresh,fresh_div2k_0836,test,0.04,0.041259765625,0.0,2026,810ba62867c4be30573a1d7da9dc4541f05fe97fdf964303113a5e4f33be8ebd,hqs_finetuned,22.4006811289238,0.689803115300666,0.3226944600464776,0.004579809028655291
fresh_div2k_0836,DIV2K_fresh,fresh_div2k_0836,test,0.1,0.1001129150390625,0.0,2026,02f96399ba6cda70b465125c9ae0df2cf24fc0dc12e6185d3502b6faa075b2fa,hqs,24.85638025952724,0.8217997437222563,0.32591880892869085,0.0037270744796842337
fresh_div2k_0836,DIV2K_fresh,fresh_div2k_0836,test,0.1,0.1001129150390625,0.0,2026,02f96399ba6cda70b465125c9ae0df2cf24fc0dc12e6185d3502b6faa075b2fa,hqs_round1,25.140723898866405,0.8297969483633936,0.3200704009504989,0.003897956572473049
fresh_div2k_0836,DIV2K_fresh,fresh_div2k_0836,test,0.1,0.1001129150390625,0.0,2026,02f96399ba6cda70b465125c9ae0df2cf24fc0dc12e6185d3502b6faa075b2fa,hqs_finetuned,25.329360712490548,0.8335783932104819,0.3178613409399986,0.0060237073339521885
fresh_div2k_0836,DIV2K_fresh,fresh_div2k_0836,test,0.25,0.25,0.0,2026,3c037e4b6d8f57aaa5e5b5d3ca78dbc17f0c29e0c248f2fd318c1a5bf98e8683,hqs,30.50778374962544,0.9419817946629524,0.3235266769770533,0.0035195264499634504
fresh_div2k_0836,DIV2K_fresh,fresh_div2k_0836,test,0.25,0.25,0.0,2026,3c037e4b6d8f57aaa5e5b5d3ca78dbc17f0c29e0c248f2fd318c1a5bf98e8683,hqs_round1,30.78404090522035,0.945470829424858,0.3206197440158576,0.00403855973854661
fresh_div2k_0836,DIV2K_fresh,fresh_div2k_0836,test,0.25,0.25,0.0,2026,3c037e4b6d8f57aaa5e5b5d3ca78dbc17f0c29e0c248f2fd318c1a5bf98e8683,hqs_finetuned,30.944937469728295,0.9457604124946595,0.32187989295925945,0.005157225765287876
fresh_div2k_0836,DIV2K_fresh,fresh_div2k_0836,test,0.5,0.4998931884765625,0.0,2026,d92a309d1b68ec29e22f93e4ccf5e2f621040dd0d8081f74db2833852aec6cce,hqs,37.66693321228466,0.9854735512151718,0.3237318890169263,0.0024384665302932262
fresh_div2k_0836,DIV2K_fresh,fresh_div2k_0836,test,0.5,0.4998931884765625,0.0,2026,d92a309d1b68ec29e22f93e4ccf5e2f621040dd0d8081f74db2833852aec6cce,hqs_round1,37.975325704690974,0.9862145473842621,0.32083338196389377,0.0032059920486062765
fresh_div2k_0836,DIV2K_fresh,fresh_div2k_0836,test,0.5,0.4998931884765625,0.0,2026,d92a309d1b68ec29e22f93e4ccf5e2f621040dd0d8081f74db2833852aec6cce,hqs_finetuned,38.10739451271594,0.9863530207309723,0.320250635035336,0.0035631260834634304
fresh_div2k_0836,DIV2K_fresh,fresh_div2k_0836,test,0.1,0.1001129150390625,0.01,2026,45d8c80fcaad8e0fa37b452e7028556a7606c4ef4b1f6b5c28aca18a388a0ba8,hqs,24.686602518677766,0.8124268216641983,0.3225581389851868,0.0034374920651316643
fresh_div2k_0836,DIV2K_fresh,fresh_div2k_0836,test,0.1,0.1001129150390625,0.01,2026,45d8c80fcaad8e0fa37b452e7028556a7606c4ef4b1f6b5c28aca18a388a0ba8,hqs_round1,24.88212815734734,0.8194608206698504,0.3217003949685022,0.0036017855163663626
fresh_div2k_0836,DIV2K_fresh,fresh_div2k_0836,test,0.1,0.1001129150390625,0.01,2026,45d8c80fcaad8e0fa37b452e7028556a7606c4ef4b1f6b5c28aca18a388a0ba8,hqs_finetuned,25.006537502835386,0.8215240498186499,0.3275706109125167,0.006799479015171528
fresh_div2k_0836,DIV2K_fresh,fresh_div2k_0836,test,0.1,0.1001129150390625,0.01,2027,04d671174a65156c4b618391088ce9442847ff2c2856fc0a3479b8f9d381dec4,hqs,24.651980835623164,0.8106173941168487,0.3224021630594507,0.0034323225263506174
fresh_div2k_0836,DIV2K_fresh,fresh_div2k_0836,test,0.1,0.1001129150390625,0.01,2027,04d671174a65156c4b618391088ce9442847ff2c2856fc0a3479b8f9d381dec4,hqs_round1,24.925592808605884,0.8190838236017078,0.32307823502924293,0.003676054999232292
fresh_div2k_0836,DIV2K_fresh,fresh_div2k_0836,test,0.1,0.1001129150390625,0.01,2027,04d671174a65156c4b618391088ce9442847ff2c2856fc0a3479b8f9d381dec4,hqs_finetuned,25.070574668280496,0.8217721979710608,0.32113191101234406,0.006760838441550732
fresh_div2k_0836,DIV2K_fresh,fresh_div2k_0836,test,0.1,0.1001129150390625,0.01,2028,b5dc209f982e0337df7fd5a501c8b82b782eaf936fec9ceb5fa546c5088bdec6,hqs,24.729578913536695,0.8146615557665937,0.32398855802603066,0.0036448498722165823
fresh_div2k_0836,DIV2K_fresh,fresh_div2k_0836,test,0.1,0.1001129150390625,0.01,2028,b5dc209f982e0337df7fd5a501c8b82b782eaf936fec9ceb5fa546c5088bdec6,hqs_round1,24.91598767420428,0.8206152665631306,0.3232796189840883,0.0037845754995942116
fresh_div2k_0836,DIV2K_fresh,fresh_div2k_0836,test,0.1,0.1001129150390625,0.01,2028,b5dc209f982e0337df7fd5a501c8b82b782eaf936fec9ceb5fa546c5088bdec6,hqs_finetuned,25.053199120690483,0.822970838679145,0.32222361001186073,0.0071032484993338585
fresh_div2k_0836,DIV2K_fresh,fresh_div2k_0836,test,0.1,0.1001129150390625,0.05,2026,1a99372023a528b6e70ba26fe41230f990cbf9974b278ed1041087f56bdfb212,hqs,22.611830196991324,0.6622115254872395,0.3230969529831782,0.0030867010354995728
fresh_div2k_0836,DIV2K_fresh,fresh_div2k_0836,test,0.1,0.1001129150390625,0.05,2026,1a99372023a528b6e70ba26fe41230f990cbf9974b278ed1041087f56bdfb212,hqs_round1,22.626011744142637,0.6705070067884932,0.3217618491034955,0.002897549420595169
fresh_div2k_0836,DIV2K_fresh,fresh_div2k_0836,test,0.1,0.1001129150390625,0.05,2026,1a99372023a528b6e70ba26fe41230f990cbf9974b278ed1041087f56bdfb212,hqs_finetuned,23.292056763017207,0.7357427964504655,0.32067038607783616,0.03326145559549332
fresh_div2k_0836,DIV2K_fresh,fresh_div2k_0836,test,0.1,0.1001129150390625,0.05,2027,f5b794da6724c28cc89a12c668d11b288a7bbada1b365d8f4b2ba4b353d1fc9a,hqs,22.65040201975075,0.6609821834009787,0.3203595200320706,0.0033243505749851465
fresh_div2k_0836,DIV2K_fresh,fresh_div2k_0836,test,0.1,0.1001129150390625,0.05,2027,f5b794da6724c28cc89a12c668d11b288a7bbada1b365d8f4b2ba4b353d1fc9a,hqs_round1,22.68231946521123,0.6709343160801043,0.3194126640446484,0.0031331994105130434
fresh_div2k_0836,DIV2K_fresh,fresh_div2k_0836,test,0.1,0.1001129150390625,0.05,2027,f5b794da6724c28cc89a12c668d11b288a7bbada1b365d8f4b2ba4b353d1fc9a,hqs_finetuned,23.327479438128528,0.7358242328127911,0.3198171539697796,0.03269573673605919
fresh_div2k_0836,DIV2K_fresh,fresh_div2k_0836,test,0.1,0.1001129150390625,0.05,2028,5c2225cdf9c64d3e811c83d66e77f7d4ad61e995f013925fb8e2eee21724e076,hqs,22.735685083200167,0.6733369476780691,0.3248808210482821,0.0033835223875939846
fresh_div2k_0836,DIV2K_fresh,fresh_div2k_0836,test,0.1,0.1001129150390625,0.05,2028,5c2225cdf9c64d3e811c83d66e77f7d4ad61e995f013925fb8e2eee21724e076,hqs_round1,22.717731562265474,0.6805570493292962,0.32111330691259354,0.003049734514206648
fresh_div2k_0836,DIV2K_fresh,fresh_div2k_0836,test,0.1,0.1001129150390625,0.05,2028,5c2225cdf9c64d3e811c83d66e77f7d4ad61e995f013925fb8e2eee21724e076,hqs_finetuned,23.320762508439866,0.7391962196185197,0.31888112996239215,0.03187262639403343
fresh_div2k_0839,DIV2K_fresh,fresh_div2k_0839,test,0.01,0.01031494140625,0.0,2026,4aad33b6a76462f583046591e4ea4fdc4d8f42e0f4fd1f38ed9932ebf0222831,hqs,24.158905889708706,0.6038228479609491,0.33956762205343693,0.006447255611419678
fresh_div2k_0839,DIV2K_fresh,fresh_div2k_0839,test,0.01,0.01031494140625,0.0,2026,4aad33b6a76462f583046591e4ea4fdc4d8f42e0f4fd1f38ed9932ebf0222831,hqs_round1,24.27327990997226,0.6117462205637128,0.3175616570515558,0.005994697101414204
fresh_div2k_0839,DIV2K_fresh,fresh_div2k_0839,test,0.01,0.01031494140625,0.0,2026,4aad33b6a76462f583046591e4ea4fdc4d8f42e0f4fd1f38ed9932ebf0222831,hqs_finetuned,24.424889343720373,0.6216566079661675,0.31741305894684047,0.007618070114403963
fresh_div2k_0839,DIV2K_fresh,fresh_div2k_0839,test,0.04,0.041259765625,0.0,2026,14dad48dd16caff1a4826a401eb88bffbe992d86d61bf9ca83d232f1e5b47187,hqs,27.021802464016492,0.7622372334895273,0.32552602200303227,0.004181718919426203
fresh_div2k_0839,DIV2K_fresh,fresh_div2k_0839,test,0.04,0.041259765625,0.0,2026,14dad48dd16caff1a4826a401eb88bffbe992d86d61bf9ca83d232f1e5b47187,hqs_round1,27.092439643623813,0.7642836181138456,0.316633073030971,0.0039398218505084515
fresh_div2k_0839,DIV2K_fresh,fresh_div2k_0839,test,0.04,0.041259765625,0.0,2026,14dad48dd16caff1a4826a401eb88bffbe992d86d61bf9ca83d232f1e5b47187,hqs_finetuned,27.230251948948315,0.7710712752039842,0.3210797420470044,0.004961489234119654
fresh_div2k_0839,DIV2K_fresh,fresh_div2k_0839,test,0.1,0.1001129150390625,0.0,2026,c2c66e9d5a37964509f3ff0b3cac2987af7b95190e814a1ae27e7e626b9346f7,hqs,29.751820367762882,0.878901860628128,0.32368470693472773,0.004301946144551039
fresh_div2k_0839,DIV2K_fresh,fresh_div2k_0839,test,0.1,0.1001129150390625,0.0,2026,c2c66e9d5a37964509f3ff0b3cac2987af7b95190e814a1ae27e7e626b9346f7,hqs_round1,29.789797421709736,0.8790373020656109,0.3201209249673411,0.004111770074814558
fresh_div2k_0839,DIV2K_fresh,fresh_div2k_0839,test,0.1,0.1001129150390625,0.0,2026,c2c66e9d5a37964509f3ff0b3cac2987af7b95190e814a1ae27e7e626b9346f7,hqs_finetuned,29.8693186989194,0.8802092044968605,0.32039877504576,0.004323713015764952
fresh_div2k_0839,DIV2K_fresh,fresh_div2k_0839,test,0.25,0.25,0.0,2026,0ad13cd0744f440278546eb9018ec2e19075ab30bf3252466cde633b6649e5d9,hqs,33.51044894645363,0.9514185519366264,0.31862607900984585,0.003161305794492364
fresh_div2k_0839,DIV2K_fresh,fresh_div2k_0839,test,0.25,0.25,0.0,2026,0ad13cd0744f440278546eb9018ec2e19075ab30bf3252466cde633b6649e5d9,hqs_round1,33.61620428641966,0.9522181938719749,0.3159406330669299,0.003259435761719942
fresh_div2k_0839,DIV2K_fresh,fresh_div2k_0839,test,0.25,0.25,0.0,2026,0ad13cd0744f440278546eb9018ec2e19075ab30bf3252466cde633b6649e5d9,hqs_finetuned,33.7263963873991,0.9523537586565017,0.3176557569531724,0.0032674113754183054
fresh_div2k_0839,DIV2K_fresh,fresh_div2k_0839,test,0.5,0.4998931884765625,0.0,2026,642217f72f3f5c1260acdddd381433064e50d42bdf767daa291616e9ba1abc93,hqs,38.983077043124126,0.9867132473974228,0.32460251497104764,0.0026648053899407387
fresh_div2k_0839,DIV2K_fresh,fresh_div2k_0839,test,0.5,0.4998931884765625,0.0,2026,642217f72f3f5c1260acdddd381433064e50d42bdf767daa291616e9ba1abc93,hqs_round1,39.16707149246554,0.9873199010572433,0.31912741099949926,0.003300185315310955
fresh_div2k_0839,DIV2K_fresh,fresh_div2k_0839,test,0.5,0.4998931884765625,0.0,2026,642217f72f3f5c1260acdddd381433064e50d42bdf767daa291616e9ba1abc93,hqs_finetuned,39.39968590813712,0.9869507766084671,0.32191020902246237,0.0031294755171984434
fresh_div2k_0839,DIV2K_fresh,fresh_div2k_0839,test,0.1,0.1001129150390625,0.01,2026,ae7d15d27d730ec8675727b5081290b984e197b2bee2a3f2fdee79998e82392c,hqs,29.5695852124871,0.8738230250909328,0.3214109749533236,0.0047038099728524685
fresh_div2k_0839,DIV2K_fresh,fresh_div2k_0839,test,0.1,0.1001129150390625,0.01,2026,ae7d15d27d730ec8675727b5081290b984e197b2bee2a3f2fdee79998e82392c,hqs_round1,29.59702543611091,0.873770322035551,0.31867734098341316,0.004491452127695084
fresh_div2k_0839,DIV2K_fresh,fresh_div2k_0839,test,0.1,0.1001129150390625,0.01,2026,ae7d15d27d730ec8675727b5081290b984e197b2bee2a3f2fdee79998e82392c,hqs_finetuned,29.672267104087634,0.8742840971763134,0.31907271000090986,0.005494230426847935
fresh_div2k_0839,DIV2K_fresh,fresh_div2k_0839,test,0.1,0.1001129150390625,0.01,2027,de21319fb4bcb3c3ba552533daad15b3b0af3ffb064fb4d0c0f421e92684436f,hqs,29.546537344954086,0.8731594435298443,0.32069114793557674,0.004608455579727888
fresh_div2k_0839,DIV2K_fresh,fresh_div2k_0839,test,0.1,0.1001129150390625,0.01,2027,de21319fb4bcb3c3ba552533daad15b3b0af3ffb064fb4d0c0f421e92684436f,hqs_round1,29.56279653275584,0.87276755914402,0.32108322402928025,0.004392592702060938
fresh_div2k_0839,DIV2K_fresh,fresh_div2k_0839,test,0.1,0.1001129150390625,0.01,2027,de21319fb4bcb3c3ba552533daad15b3b0af3ffb064fb4d0c0f421e92684436f,hqs_finetuned,29.63422305896906,0.8732858590049744,0.3187106689438224,0.005555594805628061
fresh_div2k_0839,DIV2K_fresh,fresh_div2k_0839,test,0.1,0.1001129150390625,0.01,2028,5a414a92aaedcb15ee120102b95a7d945d7bd754f4487e346093e65d19d9caa5,hqs,29.54602570340855,0.8731202587077618,0.3215168110327795,0.0045569222420454025
fresh_div2k_0839,DIV2K_fresh,fresh_div2k_0839,test,0.1,0.1001129150390625,0.01,2028,5a414a92aaedcb15ee120102b95a7d945d7bd754f4487e346093e65d19d9caa5,hqs_round1,29.560059118900273,0.8725999099581242,0.3193780720466748,0.004349763039499521
fresh_div2k_0839,DIV2K_fresh,fresh_div2k_0839,test,0.1,0.1001129150390625,0.01,2028,5a414a92aaedcb15ee120102b95a7d945d7bd754f4487e346093e65d19d9caa5,hqs_finetuned,29.600377192796575,0.8719451118655205,0.3186453799717128,0.005340095143765211
fresh_div2k_0839,DIV2K_fresh,fresh_div2k_0839,test,0.1,0.1001129150390625,0.05,2026,b88de2644196ae743beafb772173b97f5c8284f78ae16130263c87e2259a5e43,hqs,27.09445138963819,0.7699249736492186,0.35294195893220603,0.009576712734997272
fresh_div2k_0839,DIV2K_fresh,fresh_div2k_0839,test,0.1,0.1001129150390625,0.05,2026,b88de2644196ae743beafb772173b97f5c8284f78ae16130263c87e2259a5e43,hqs_round1,27.091601223818323,0.7668055056022345,0.32117881695739925,0.009424864314496517
fresh_div2k_0839,DIV2K_fresh,fresh_div2k_0839,test,0.1,0.1001129150390625,0.05,2026,b88de2644196ae743beafb772173b97f5c8284f78ae16130263c87e2259a5e43,hqs_finetuned,28.14554420215803,0.8134011915409863,0.3208496969891712,0.035354770720005035
fresh_div2k_0839,DIV2K_fresh,fresh_div2k_0839,test,0.1,0.1001129150390625,0.05,2027,2442db12ba4e0059882bb531954f60907178be5699d7191db353068eb95c01d6,hqs,27.05474964439326,0.7584243391236017,0.31865526095498353,0.009629443287849426
fresh_div2k_0839,DIV2K_fresh,fresh_div2k_0839,test,0.1,0.1001129150390625,0.05,2027,2442db12ba4e0059882bb531954f60907178be5699d7191db353068eb95c01d6,hqs_round1,27.049003203865624,0.7544735462452657,0.3191138890106231,0.00956353172659874
fresh_div2k_0839,DIV2K_fresh,fresh_div2k_0839,test,0.1,0.1001129150390625,0.05,2027,2442db12ba4e0059882bb531954f60907178be5699d7191db353068eb95c01d6,hqs_finetuned,28.04915841239375,0.8026877669769228,0.3201216410379857,0.03634943440556526
fresh_div2k_0839,DIV2K_fresh,fresh_div2k_0839,test,0.1,0.1001129150390625,0.05,2028,2d959510b517946b952501373d7d328bc7ed756feecd51168c9f0bfbc1abbdf7,hqs,27.08370854365732,0.7647313486030698,0.32051266299095005,0.009372580796480179
fresh_div2k_0839,DIV2K_fresh,fresh_div2k_0839,test,0.1,0.1001129150390625,0.05,2028,2d959510b517946b952501373d7d328bc7ed756feecd51168c9f0bfbc1abbdf7,hqs_round1,27.106748562754017,0.7618349745246247,0.32152449898421764,0.009371071122586727
fresh_div2k_0839,DIV2K_fresh,fresh_div2k_0839,test,0.1,0.1001129150390625,0.05,2028,2d959510b517946b952501373d7d328bc7ed756feecd51168c9f0bfbc1abbdf7,hqs_finetuned,28.089521036668152,0.8049230003153086,0.3193366179475561,0.0367622897028923
fresh_div2k_0842,DIV2K_fresh,fresh_div2k_0842,test,0.01,0.01031494140625,0.0,2026,5451ef3fd52b69ed9eeba989e45b1fdd9884baf2f0ea1a1b28f1702256320a6d,hqs,22.20513341606253,0.5997687628350518,0.3291229821043089,0.002924542874097824
fresh_div2k_0842,DIV2K_fresh,fresh_div2k_0842,test,0.01,0.01031494140625,0.0,2026,5451ef3fd52b69ed9eeba989e45b1fdd9884baf2f0ea1a1b28f1702256320a6d,hqs_round1,22.264650068064693,0.6018218143979567,0.3194756399607286,0.00265282834880054
fresh_div2k_0842,DIV2K_fresh,fresh_div2k_0842,test,0.01,0.01031494140625,0.0,2026,5451ef3fd52b69ed9eeba989e45b1fdd9884baf2f0ea1a1b28f1702256320a6d,hqs_finetuned,22.334336324934135,0.6038536937188189,0.3164599599549547,0.0063185058534145355
fresh_div2k_0842,DIV2K_fresh,fresh_div2k_0842,test,0.04,0.041259765625,0.0,2026,83fb0a9602687e9ebd5f0a38e9aeae5200e588d0c74f11914d7e8d9b0b0a9023,hqs,26.370701134611974,0.7857595508682169,0.319047212949954,0.002380888443440199
fresh_div2k_0842,DIV2K_fresh,fresh_div2k_0842,test,0.04,0.041259765625,0.0,2026,83fb0a9602687e9ebd5f0a38e9aeae5200e588d0c74f11914d7e8d9b0b0a9023,hqs_round1,26.383487190989378,0.7857886327485889,0.31355333293322474,0.002296369755640626
fresh_div2k_0842,DIV2K_fresh,fresh_div2k_0842,test,0.04,0.041259765625,0.0,2026,83fb0a9602687e9ebd5f0a38e9aeae5200e588d0c74f11914d7e8d9b0b0a9023,hqs_finetuned,26.373802691595884,0.784688799122259,0.3203099640086293,0.002863713540136814
fresh_div2k_0842,DIV2K_fresh,fresh_div2k_0842,test,0.1,0.1001129150390625,0.0,2026,27a05205ee300432d0712f70a5740155d8835e2860381db596a2e5089a402611,hqs,28.73763776862959,0.8708342397227288,0.3292923349654302,0.001633355626836419
fresh_div2k_0842,DIV2K_fresh,fresh_div2k_0842,test,0.1,0.1001129150390625,0.0,2026,27a05205ee300432d0712f70a5740155d8835e2860381db596a2e5089a402611,hqs_round1,28.848223938865054,0.8716578164103032,0.3177009519422427,0.0017251382814720273
fresh_div2k_0842,DIV2K_fresh,fresh_div2k_0842,test,0.1,0.1001129150390625,0.0,2026,27a05205ee300432d0712f70a5740155d8835e2860381db596a2e5089a402611,hqs_finetuned,28.85030107382484,0.8702098644888401,0.3178204190917313,0.0021118042059242725
fresh_div2k_0842,DIV2K_fresh,fresh_div2k_0842,test,0.25,0.25,0.0,2026,aa1c01787045a025319a949d20c42b4dc2952843a7e03f56ed9cd5a3098ec92c,hqs,32.743461986505714,0.9406139256105422,0.3171175849856809,0.0013291683280840516
fresh_div2k_0842,DIV2K_fresh,fresh_div2k_0842,test,0.25,0.25,0.0,2026,aa1c01787045a025319a949d20c42b4dc2952843a7e03f56ed9cd5a3098ec92c,hqs_round1,32.92792009217173,0.9419284358863831,0.31723819696344435,0.001476382021792233
fresh_div2k_0842,DIV2K_fresh,fresh_div2k_0842,test,0.25,0.25,0.0,2026,aa1c01787045a025319a949d20c42b4dc2952843a7e03f56ed9cd5a3098ec92c,hqs_finetuned,32.96931612158305,0.9418141007137298,0.31658028007950634,0.0015372774796560407
fresh_div2k_0842,DIV2K_fresh,fresh_div2k_0842,test,0.5,0.4998931884765625,0.0,2026,200329930a4c9e308ac78c546608005c0adf73a5568d2e72a3213fb8e7e20163,hqs,37.6672792189327,0.9777492274389267,0.32193685497622937,0.001261222525499761
fresh_div2k_0842,DIV2K_fresh,fresh_div2k_0842,test,0.5,0.4998931884765625,0.0,2026,200329930a4c9e308ac78c546608005c0adf73a5568d2e72a3213fb8e7e20163,hqs_round1,37.88388156695268,0.9785426859378815,0.3156268590828404,0.0016442222986370325
fresh_div2k_0842,DIV2K_fresh,fresh_div2k_0842,test,0.5,0.4998931884765625,0.0,2026,200329930a4c9e308ac78c546608005c0adf73a5568d2e72a3213fb8e7e20163,hqs_finetuned,37.932965369132326,0.9786536325502395,0.31699443294201046,0.0012517084833234549
fresh_div2k_0842,DIV2K_fresh,fresh_div2k_0842,test,0.1,0.1001129150390625,0.01,2026,ccb3e4188734936a90a7cdd8f79b5074ddb55e3449847b47f9d5c49721daca91,hqs,28.47916362443126,0.8613538999248743,0.3200702239992097,0.0015140301547944546
fresh_div2k_0842,DIV2K_fresh,fresh_div2k_0842,test,0.1,0.1001129150390625,0.01,2026,ccb3e4188734936a90a7cdd8f79b5074ddb55e3449847b47f9d5c49721daca91,hqs_round1,28.526562500800043,0.8621516678583622,0.31689346593338996,0.0016040625050663948
fresh_div2k_0842,DIV2K_fresh,fresh_div2k_0842,test,0.1,0.1001129150390625,0.01,2026,ccb3e4188734936a90a7cdd8f79b5074ddb55e3449847b47f9d5c49721daca91,hqs_finetuned,28.575329409863194,0.8619868882131576,0.31886309990659356,0.0033057457767426968
fresh_div2k_0842,DIV2K_fresh,fresh_div2k_0842,test,0.1,0.1001129150390625,0.01,2027,c6f9b66e6d02411ccb5d6a5ca2bec9ee984cb0017c70dda7713c29d1ac6cd256,hqs,28.480217396185374,0.861396630676508,0.3237961770500988,0.0015631414717063308
fresh_div2k_0842,DIV2K_fresh,fresh_div2k_0842,test,0.1,0.1001129150390625,0.01,2027,c6f9b66e6d02411ccb5d6a5ca2bec9ee984cb0017c70dda7713c29d1ac6cd256,hqs_round1,28.511039498765662,0.8624488846328259,0.3210031830240041,0.0016047360841184855
fresh_div2k_0842,DIV2K_fresh,fresh_div2k_0842,test,0.1,0.1001129150390625,0.01,2027,c6f9b66e6d02411ccb5d6a5ca2bec9ee984cb0017c70dda7713c29d1ac6cd256,hqs_finetuned,28.5502484562884,0.8618182057111263,0.31723717297427356,0.0035115485079586506
fresh_div2k_0842,DIV2K_fresh,fresh_div2k_0842,test,0.1,0.1001129150390625,0.01,2028,6ad0ba174d23793a42e72dc7d71979bbcfa3cb12068770dc7847a04efb23f8fd,hqs,28.435406872809864,0.8600556216945648,0.3220868699718267,0.0014631599187850952
fresh_div2k_0842,DIV2K_fresh,fresh_div2k_0842,test,0.1,0.1001129150390625,0.01,2028,6ad0ba174d23793a42e72dc7d71979bbcfa3cb12068770dc7847a04efb23f8fd,hqs_round1,28.4973926569325,0.8617911545579433,0.32032532698940486,0.0015135874273255467
fresh_div2k_0842,DIV2K_fresh,fresh_div2k_0842,test,0.1,0.1001129150390625,0.01,2028,6ad0ba174d23793a42e72dc7d71979bbcfa3cb12068770dc7847a04efb23f8fd,hqs_finetuned,28.542883246276066,0.8617235307807922,0.31882270995993167,0.0037002689205110073
fresh_div2k_0842,DIV2K_fresh,fresh_div2k_0842,test,0.1,0.1001129150390625,0.05,2026,8d1f4f3ac48af7b32e2f1cc700e139ffdff7d96f587dfc46294c301c5320cfbb,hqs,25.214323365321686,0.6859134675242193,0.32224290794692934,0.0019889867398887873
fresh_div2k_0842,DIV2K_fresh,fresh_div2k_0842,test,0.1,0.1001129150390625,0.05,2026,8d1f4f3ac48af7b32e2f1cc700e139ffdff7d96f587dfc46294c301c5320cfbb,hqs_round1,25.184291860688038,0.6906327048613764,0.31840419489890337,0.001853280933573842
fresh_div2k_0842,DIV2K_fresh,fresh_div2k_0842,test,0.1,0.1001129150390625,0.05,2026,8d1f4f3ac48af7b32e2f1cc700e139ffdff7d96f587dfc46294c301c5320cfbb,hqs_finetuned,26.40750920107948,0.779220932200253,0.3184259799309075,0.030798815190792084
fresh_div2k_0842,DIV2K_fresh,fresh_div2k_0842,test,0.1,0.1001129150390625,0.05,2027,72427158b7687032c5b55f9c9b2381f3d2884d815f9026eb0c20734737a6e16c,hqs,25.186430328820485,0.6843716663881456,0.3220679829828441,0.001954156206920743
fresh_div2k_0842,DIV2K_fresh,fresh_div2k_0842,test,0.1,0.1001129150390625,0.05,2027,72427158b7687032c5b55f9c9b2381f3d2884d815f9026eb0c20734737a6e16c,hqs_round1,25.16705256386064,0.6892060468339882,0.3165401320438832,0.0018820347031578422
fresh_div2k_0842,DIV2K_fresh,fresh_div2k_0842,test,0.1,0.1001129150390625,0.05,2027,72427158b7687032c5b55f9c9b2381f3d2884d815f9026eb0c20734737a6e16c,hqs_finetuned,26.340469016089827,0.7772170123571157,0.3200198169797659,0.029931489378213882
fresh_div2k_0842,DIV2K_fresh,fresh_div2k_0842,test,0.1,0.1001129150390625,0.05,2028,76364cad11b9af68ca0598b32c838f717d9a3261bd45b5b460e2daf8a308afc9,hqs,25.201766546222167,0.6810162624182515,0.3207195979775861,0.0019675432704389095
fresh_div2k_0842,DIV2K_fresh,fresh_div2k_0842,test,0.1,0.1001129150390625,0.05,2028,76364cad11b9af68ca0598b32c838f717d9a3261bd45b5b460e2daf8a308afc9,hqs_round1,25.163925230885575,0.6859537201729752,0.3231195940170437,0.0018946129130199552
fresh_div2k_0842,DIV2K_fresh,fresh_div2k_0842,test,0.1,0.1001129150390625,0.05,2028,76364cad11b9af68ca0598b32c838f717d9a3261bd45b5b460e2daf8a308afc9,hqs_finetuned,26.43723627157427,0.7803848909085691,0.3170019320677966,0.03179365396499634
fresh_div2k_0845,DIV2K_fresh,fresh_div2k_0845,test,0.01,0.01031494140625,0.0,2026,29b850cfc251e7c6d6118ea07a275bdeea7d921a0d18c899917b7db03a66f00d,hqs,19.832382790035183,0.5813664063090138,0.3180906919296831,0.0045927902683615685
fresh_div2k_0845,DIV2K_fresh,fresh_div2k_0845,test,0.01,0.01031494140625,0.0,2026,29b850cfc251e7c6d6118ea07a275bdeea7d921a0d18c899917b7db03a66f00d,hqs_round1,19.800333562272396,0.5801172957098649,0.3187607859726995,0.004704311024397612
fresh_div2k_0845,DIV2K_fresh,fresh_div2k_0845,test,0.01,0.01031494140625,0.0,2026,29b850cfc251e7c6d6118ea07a275bdeea7d921a0d18c899917b7db03a66f00d,hqs_finetuned,19.884071269395424,0.5866517004189841,0.3179691300028935,0.006198735907673836
fresh_div2k_0845,DIV2K_fresh,fresh_div2k_0845,test,0.04,0.041259765625,0.0,2026,b343f5716d4478870bb4853c730192c226d81c18c07e11caafb8de70d14a5f69,hqs,22.679467250068456,0.7564201448140261,0.32477314304560423,0.004459480755031109
fresh_div2k_0845,DIV2K_fresh,fresh_div2k_0845,test,0.04,0.041259765625,0.0,2026,b343f5716d4478870bb4853c730192c226d81c18c07e11caafb8de70d14a5f69,hqs_round1,22.76130169347948,0.7600709631536868,0.31857086694799364,0.004290061537176371
fresh_div2k_0845,DIV2K_fresh,fresh_div2k_0845,test,0.04,0.041259765625,0.0,2026,b343f5716d4478870bb4853c730192c226d81c18c07e11caafb8de70d14a5f69,hqs_finetuned,23.26956970618904,0.7901997817654945,0.32219863403588533,0.004989916924387217
fresh_div2k_0845,DIV2K_fresh,fresh_div2k_0845,test,0.1,0.1001129150390625,0.0,2026,114ccba95146dc4a6f8fc50f64c9f989abe82acccba8112c621042f63a2ddbb1,hqs,24.829058089477016,0.8513392968850731,0.3219549560453743,0.003243600018322468
fresh_div2k_0845,DIV2K_fresh,fresh_div2k_0845,test,0.1,0.1001129150390625,0.0,2026,114ccba95146dc4a6f8fc50f64c9f989abe82acccba8112c621042f63a2ddbb1,hqs_round1,25.149268372178497,0.860882259587884,0.31871179898735136,0.003449514042586088
fresh_div2k_0845,DIV2K_fresh,fresh_div2k_0845,test,0.1,0.1001129150390625,0.0,2026,114ccba95146dc4a6f8fc50f64c9f989abe82acccba8112c621042f63a2ddbb1,hqs_finetuned,25.412798508747088,0.868080805934608,0.3177188020199537,0.0043700202368199825
fresh_div2k_0845,DIV2K_fresh,fresh_div2k_0845,test,0.25,0.25,0.0,2026,0fa673c019579aae75bd2e13cf52069d5f5efa9e655a5d086198f944c6da863a,hqs,29.081740621761387,0.9367627552478314,0.3182493479689583,0.0023710019886493683
fresh_div2k_0845,DIV2K_fresh,fresh_div2k_0845,test,0.25,0.25,0.0,2026,0fa673c019579aae75bd2e13cf52069d5f5efa9e655a5d086198f944c6da863a,hqs_round1,29.54673939831268,0.943343572728455,0.31602906505577266,0.0027881807181984186
fresh_div2k_0845,DIV2K_fresh,fresh_div2k_0845,test,0.25,0.25,0.0,2026,0fa673c019579aae75bd2e13cf52069d5f5efa9e655a5d086198f944c6da863a,hqs_finetuned,29.826536953075284,0.946190684135437,0.31802686292212456,0.003410564037039876
fresh_div2k_0845,DIV2K_fresh,fresh_div2k_0845,test,0.5,0.4998931884765625,0.0,2026,c03a79dbdcb9ee8115e82b0e5d53d2f9505b54e69495c6ab7c1b98a6a763ef21,hqs,34.649630059509484,0.9786925351696014,0.32558843796141446,0.0019111636793240905
fresh_div2k_0845,DIV2K_fresh,fresh_div2k_0845,test,0.5,0.4998931884765625,0.0,2026,c03a79dbdcb9ee8115e82b0e5d53d2f9505b54e69495c6ab7c1b98a6a763ef21,hqs_round1,35.41957923263092,0.982768944773674,0.317636142950505,0.0023251979146152735
fresh_div2k_0845,DIV2K_fresh,fresh_div2k_0845,test,0.5,0.4998931884765625,0.0,2026,c03a79dbdcb9ee8115e82b0e5d53d2f9505b54e69495c6ab7c1b98a6a763ef21,hqs_finetuned,35.80540760854542,0.9846570225505828,0.31582876900210977,0.002686882857233286
fresh_div2k_0845,DIV2K_fresh,fresh_div2k_0845,test,0.1,0.1001129150390625,0.01,2026,c2d1c050410eb3181fb84edc171d5ca7045eca7ac7cfda3765221b6d8306379a,hqs,24.609354632585433,0.8363017688528747,0.3248829760123044,0.003086353186517954
fresh_div2k_0845,DIV2K_fresh,fresh_div2k_0845,test,0.1,0.1001129150390625,0.01,2026,c2d1c050410eb3181fb84edc171d5ca7045eca7ac7cfda3765221b6d8306379a,hqs_round1,24.903250293887098,0.8494301108608022,0.3143741060048342,0.003519320860505104
fresh_div2k_0845,DIV2K_fresh,fresh_div2k_0845,test,0.1,0.1001129150390625,0.01,2026,c2d1c050410eb3181fb84edc171d5ca7045eca7ac7cfda3765221b6d8306379a,hqs_finetuned,25.1495043144988,0.8620962660901174,0.3166162610286847,0.0075448318384587765
fresh_div2k_0845,DIV2K_fresh,fresh_div2k_0845,test,0.1,0.1001129150390625,0.01,2027,52f099d453adb0906997f26210d6cb5b2a733c35c384a66cd2fdbc2e2239241e,hqs,24.57089445835176,0.8361190452215709,0.3212612820789218,0.002991284942254424
fresh_div2k_0845,DIV2K_fresh,fresh_div2k_0845,test,0.1,0.1001129150390625,0.01,2027,52f099d453adb0906997f26210d6cb5b2a733c35c384a66cd2fdbc2e2239241e,hqs_round1,24.906180032309436,0.8494089081843197,0.31745888595469296,0.0034078790340572596
fresh_div2k_0845,DIV2K_fresh,fresh_div2k_0845,test,0.1,0.1001129150390625,0.01,2027,52f099d453adb0906997f26210d6cb5b2a733c35c384a66cd2fdbc2e2239241e,hqs_finetuned,25.11181734859301,0.8602690058719255,0.3173846770077944,0.00741532351821661
fresh_div2k_0845,DIV2K_fresh,fresh_div2k_0845,test,0.1,0.1001129150390625,0.01,2028,cf090817f90b655b97b4f17c758fedaa745205ebf8b66565c77260c4544f24a8,hqs,24.59234215598238,0.8318751153965444,0.32272092101629823,0.003041537245735526
fresh_div2k_0845,DIV2K_fresh,fresh_div2k_0845,test,0.1,0.1001129150390625,0.01,2028,cf090817f90b655b97b4f17c758fedaa745205ebf8b66565c77260c4544f24a8,hqs_round1,24.851300665320988,0.8444883257932067,0.3176613840041682,0.003406734671443701
fresh_div2k_0845,DIV2K_fresh,fresh_div2k_0845,test,0.1,0.1001129150390625,0.01,2028,cf090817f90b655b97b4f17c758fedaa745205ebf8b66565c77260c4544f24a8,hqs_finetuned,25.033355312544305,0.8569956884761155,0.3143175820587203,0.007845507934689522
fresh_div2k_0845,DIV2K_fresh,fresh_div2k_0845,test,0.1,0.1001129150390625,0.05,2026,ee88a30d1d59f5ec03e7540f6c7d2d8399fc3e8823ffe7ea81e2ecbdd918a2d0,hqs,22.096546391037784,0.6163693103166175,0.32501360797323287,0.002853148151189089
fresh_div2k_0845,DIV2K_fresh,fresh_div2k_0845,test,0.1,0.1001129150390625,0.05,2026,ee88a30d1d59f5ec03e7540f6c7d2d8399fc3e8823ffe7ea81e2ecbdd918a2d0,hqs_round1,22.05390728310515,0.6234037158943976,0.3161999440053478,0.0026670326478779316
fresh_div2k_0845,DIV2K_fresh,fresh_div2k_0845,test,0.1,0.1001129150390625,0.05,2026,ee88a30d1d59f5ec03e7540f6c7d2d8399fc3e8823ffe7ea81e2ecbdd918a2d0,hqs_finetuned,23.33241641534286,0.7920911438781337,0.33247996505815536,0.03806338831782341
fresh_div2k_0845,DIV2K_fresh,fresh_div2k_0845,test,0.1,0.1001129150390625,0.05,2027,b64927f8d6c104dd78722196f2e669e226e75577389d87768f78d9e1f2678ef1,hqs,22.1460282539036,0.6247903715352882,0.32085338805336505,0.002739017130807042
fresh_div2k_0845,DIV2K_fresh,fresh_div2k_0845,test,0.1,0.1001129150390625,0.05,2027,b64927f8d6c104dd78722196f2e669e226e75577389d87768f78d9e1f2678ef1,hqs_round1,22.11644735187752,0.632969360915418,0.3216487760655582,0.0025637613143771887
fresh_div2k_0845,DIV2K_fresh,fresh_div2k_0845,test,0.1,0.1001129150390625,0.05,2027,b64927f8d6c104dd78722196f2e669e226e75577389d87768f78d9e1f2678ef1,hqs_finetuned,23.345723785182976,0.7924768191653266,0.31865523592568934,0.037237104028463364
fresh_div2k_0845,DIV2K_fresh,fresh_div2k_0845,test,0.1,0.1001129150390625,0.05,2028,b8077d787e86b679e2e1adec49853e8ff6202c3ed17a0283fdfd41594ee8ce52,hqs,22.11514371979316,0.6133520970114483,0.3254490499384701,0.0029240213334560394
fresh_div2k_0845,DIV2K_fresh,fresh_div2k_0845,test,0.1,0.1001129150390625,0.05,2028,b8077d787e86b679e2e1adec49853e8ff6202c3ed17a0283fdfd41594ee8ce52,hqs_round1,22.066297011002753,0.6196714238780415,0.32449024403467774,0.0027354336343705654
fresh_div2k_0845,DIV2K_fresh,fresh_div2k_0845,test,0.1,0.1001129150390625,0.05,2028,b8077d787e86b679e2e1adec49853e8ff6202c3ed17a0283fdfd41594ee8ce52,hqs_finetuned,23.29264572725201,0.7919477591010718,0.3182928090682253,0.03800081089138985
fresh_div2k_0849,DIV2K_fresh,fresh_div2k_0849,test,0.01,0.01031494140625,0.0,2026,1c9684e06b4aaf78d583310b42e4681ce110953f8883dd146693cc2b999148aa,hqs,14.832632296567201,0.21067478764766162,0.32132871402427554,0.005996534135192633
fresh_div2k_0849,DIV2K_fresh,fresh_div2k_0849,test,0.01,0.01031494140625,0.0,2026,1c9684e06b4aaf78d583310b42e4681ce110953f8883dd146693cc2b999148aa,hqs_round1,14.858220241887363,0.2120475932373806,0.31847530300728977,0.004851450212299824
fresh_div2k_0849,DIV2K_fresh,fresh_div2k_0849,test,0.01,0.01031494140625,0.0,2026,1c9684e06b4aaf78d583310b42e4681ce110953f8883dd146693cc2b999148aa,hqs_finetuned,14.874161294632295,0.2089568791561202,0.31798530102241784,0.011682040989398956
fresh_div2k_0849,DIV2K_fresh,fresh_div2k_0849,test,0.04,0.041259765625,0.0,2026,8ba89c5404a9f28b0d2b7ffe0a6af0d3e37911c6f712b899af78ca9c4fff7b5c,hqs,17.2390861548621,0.48991913554132194,0.32322461099829525,0.005211007781326771
fresh_div2k_0849,DIV2K_fresh,fresh_div2k_0849,test,0.04,0.041259765625,0.0,2026,8ba89c5404a9f28b0d2b7ffe0a6af0d3e37911c6f712b899af78ca9c4fff7b5c,hqs_round1,17.246918769547523,0.48985644933696965,0.31539462495129555,0.0045588454231619835
fresh_div2k_0849,DIV2K_fresh,fresh_div2k_0849,test,0.04,0.041259765625,0.0,2026,8ba89c5404a9f28b0d2b7ffe0a6af0d3e37911c6f712b899af78ca9c4fff7b5c,hqs_finetuned,17.216257558221038,0.4753294451443932,0.3195549389347434,0.015614038333296776
fresh_div2k_0849,DIV2K_fresh,fresh_div2k_0849,test,0.1,0.1001129150390625,0.0,2026,3677abd7bb13b9bb83434384d19d4dc51909e9bc07360c71fd35c85ea24e47ff,hqs,19.64337938544133,0.705697283268109,0.32072965893894434,0.0055788429453969
fresh_div2k_0849,DIV2K_fresh,fresh_div2k_0849,test,0.1,0.1001129150390625,0.0,2026,3677abd7bb13b9bb83434384d19d4dc51909e9bc07360c71fd35c85ea24e47ff,hqs_round1,19.64962345497776,0.7041156961438507,0.3185189899522811,0.004501265939325094
fresh_div2k_0849,DIV2K_fresh,fresh_div2k_0849,test,0.1,0.1001129150390625,0.0,2026,3677abd7bb13b9bb83434384d19d4dc51909e9bc07360c71fd35c85ea24e47ff,hqs_finetuned,19.62830369726463,0.6954706650445499,0.32128269190434366,0.012134406715631485
fresh_div2k_0849,DIV2K_fresh,fresh_div2k_0849,test,0.25,0.25,0.0,2026,98960dc01af9f69eb0cdaefc3cbb0c0847ae6443f27b6a5eb246a648e3d8642b,hqs,23.317750591282355,0.8759447589011192,0.31899009994231164,0.004185173194855452
fresh_div2k_0849,DIV2K_fresh,fresh_div2k_0849,test,0.25,0.25,0.0,2026,98960dc01af9f69eb0cdaefc3cbb0c0847ae6443f27b6a5eb246a648e3d8642b,hqs_round1,23.39072806987791,0.8770151797952652,0.3171730189351365,0.0035050867591053247
fresh_div2k_0849,DIV2K_fresh,fresh_div2k_0849,test,0.25,0.25,0.0,2026,98960dc01af9f69eb0cdaefc3cbb0c0847ae6443f27b6a5eb246a648e3d8642b,hqs_finetuned,23.419620193429616,0.8760671381592751,0.31676583806984127,0.006000906229019165
fresh_div2k_0849,DIV2K_fresh,fresh_div2k_0849,test,0.5,0.4998931884765625,0.0,2026,6f6333d7e6b964779d56e25510559e5f79e6cca8bf4569994c6ad99444949600,hqs,28.164210506652182,0.9585237481899261,0.3234950170153752,0.0035082560498267412
fresh_div2k_0849,DIV2K_fresh,fresh_div2k_0849,test,0.5,0.4998931884765625,0.0,2026,6f6333d7e6b964779d56e25510559e5f79e6cca8bf4569994c6ad99444949600,hqs_round1,28.374205482821097,0.9601473930149078,0.3192235960159451,0.0033550821244716644
fresh_div2k_0849,DIV2K_fresh,fresh_div2k_0849,test,0.5,0.4998931884765625,0.0,2026,6f6333d7e6b964779d56e25510559e5f79e6cca8bf4569994c6ad99444949600,hqs_finetuned,28.40745889291234,0.9600229467926026,0.31564432999584824,0.005317005328834057
fresh_div2k_0849,DIV2K_fresh,fresh_div2k_0849,test,0.1,0.1001129150390625,0.01,2026,7d142a2a2cd239e647d5f26bd4bb94e1db31f76b45e1a46c251ca07205b2b231,hqs,19.62601099329133,0.7046004229005426,0.32228883798234165,0.005566015373915434
fresh_div2k_0849,DIV2K_fresh,fresh_div2k_0849,test,0.1,0.1001129150390625,0.01,2026,7d142a2a2cd239e647d5f26bd4bb94e1db31f76b45e1a46c251ca07205b2b231,hqs_round1,19.633104310893785,0.7030610912164003,0.3177185580134392,0.004477139096707106
fresh_div2k_0849,DIV2K_fresh,fresh_div2k_0849,test,0.1,0.1001129150390625,0.01,2026,7d142a2a2cd239e647d5f26bd4bb94e1db31f76b45e1a46c251ca07205b2b231,hqs_finetuned,19.614357243514046,0.6944735613841116,0.3160831490531564,0.012142577208578587
fresh_div2k_0849,DIV2K_fresh,fresh_div2k_0849,test,0.1,0.1001129150390625,0.01,2027,a1342dd3fdfbe5c8c58c3239bbfabeb79b619c4feb0442f4f0942380ac2ef249,hqs,19.62682279325463,0.7052986443925798,0.323668921017088,0.005499373190104961
fresh_div2k_0849,DIV2K_fresh,fresh_div2k_0849,test,0.1,0.1001129150390625,0.01,2027,a1342dd3fdfbe5c8c58c3239bbfabeb79b619c4feb0442f4f0942380ac2ef249,hqs_round1,19.633407524680074,0.7037757353998423,0.31949954002629966,0.004444650374352932
fresh_div2k_0849,DIV2K_fresh,fresh_div2k_0849,test,0.1,0.1001129150390625,0.01,2027,a1342dd3fdfbe5c8c58c3239bbfabeb79b619c4feb0442f4f0942380ac2ef249,hqs_finetuned,19.613671337178747,0.6953635785125233,0.32156311289872974,0.012008288875222206
fresh_div2k_0849,DIV2K_fresh,fresh_div2k_0849,test,0.1,0.1001129150390625,0.01,2028,661daaf568e54b39a15165c11a57040f0ba62e79ed23372642aef03dcb56bae2,hqs,19.61904237847873,0.7044671082171723,0.3236686389427632,0.005532838404178619
fresh_div2k_0849,DIV2K_fresh,fresh_div2k_0849,test,0.1,0.1001129150390625,0.01,2028,661daaf568e54b39a15165c11a57040f0ba62e79ed23372642aef03dcb56bae2,hqs_round1,19.62591054017653,0.702952971368216,0.3224522799719125,0.004486556630581617
fresh_div2k_0849,DIV2K_fresh,fresh_div2k_0849,test,0.1,0.1001129150390625,0.01,2028,661daaf568e54b39a15165c11a57040f0ba62e79ed23372642aef03dcb56bae2,hqs_finetuned,19.60980519842167,0.6946760958050862,0.3177930419333279,0.012108905240893364
fresh_div2k_0849,DIV2K_fresh,fresh_div2k_0849,test,0.1,0.1001129150390625,0.05,2026,d4b8a7e651fd26ab153be40d0f9219cc0dadcd2c8cefbb7563a9d4d76d8cef1a,hqs,19.220037932672163,0.6828292483037924,0.3246603519655764,0.005316745489835739
fresh_div2k_0849,DIV2K_fresh,fresh_div2k_0849,test,0.1,0.1001129150390625,0.05,2026,d4b8a7e651fd26ab153be40d0f9219cc0dadcd2c8cefbb7563a9d4d76d8cef1a,hqs_round1,19.233379339543802,0.6819807920251806,0.3177390450146049,0.004355883691459894
fresh_div2k_0849,DIV2K_fresh,fresh_div2k_0849,test,0.1,0.1001129150390625,0.05,2026,d4b8a7e651fd26ab153be40d0f9219cc0dadcd2c8cefbb7563a9d4d76d8cef1a,hqs_finetuned,19.270527855955528,0.673833150541367,0.31574049906339496,0.016709476709365845
fresh_div2k_0849,DIV2K_fresh,fresh_div2k_0849,test,0.1,0.1001129150390625,0.05,2027,4b792b60ea4d7a4488876500455dc88d2926ccb124d6f44058790f2bbd26211d,hqs,19.214235576245372,0.6851308928283527,0.3301695709815249,0.005119172390550375
fresh_div2k_0849,DIV2K_fresh,fresh_div2k_0849,test,0.1,0.1001129150390625,0.05,2027,4b792b60ea4d7a4488876500455dc88d2926ccb124d6f44058790f2bbd26211d,hqs_round1,19.22389669529888,0.6843381664889716,0.3201820590766147,0.004261248745024204
fresh_div2k_0849,DIV2K_fresh,fresh_div2k_0849,test,0.1,0.1001129150390625,0.05,2027,4b792b60ea4d7a4488876500455dc88d2926ccb124d6f44058790f2bbd26211d,hqs_finetuned,19.256895479904045,0.6764502270451281,0.31995004101190716,0.016998613253235817
fresh_div2k_0849,DIV2K_fresh,fresh_div2k_0849,test,0.1,0.1001129150390625,0.05,2028,2ee5b007eb705498147d3d0e7904b8aa71aa4c9facb821f99d2fb75cc492be06,hqs,19.195766586723902,0.6824304215611033,0.3211727211019024,0.005215384531766176
fresh_div2k_0849,DIV2K_fresh,fresh_div2k_0849,test,0.1,0.1001129150390625,0.05,2028,2ee5b007eb705498147d3d0e7904b8aa71aa4c9facb821f99d2fb75cc492be06,hqs_round1,19.206442409731416,0.6814995787163032,0.32172703207470477,0.004324931185692549
fresh_div2k_0849,DIV2K_fresh,fresh_div2k_0849,test,0.1,0.1001129150390625,0.05,2028,2ee5b007eb705498147d3d0e7904b8aa71aa4c9facb821f99d2fb75cc492be06,hqs_finetuned,19.250120234070266,0.6740754901893998,0.31929296802263707,0.017002571374177933
fresh_div2k_0851,DIV2K_fresh,fresh_div2k_0851,test,0.01,0.01031494140625,0.0,2026,7185fd3469a9b99312e34d96846181e2c1e82f2622a4b48f19db03969c32c167,hqs,21.634358600311202,0.7031758318319371,0.319063066970557,0.008489258587360382
fresh_div2k_0851,DIV2K_fresh,fresh_div2k_0851,test,0.01,0.01031494140625,0.0,2026,7185fd3469a9b99312e34d96846181e2c1e82f2622a4b48f19db03969c32c167,hqs_round1,21.619068397888405,0.7022202859803395,0.3204512840602547,0.00864385161548853
fresh_div2k_0851,DIV2K_fresh,fresh_div2k_0851,test,0.01,0.01031494140625,0.0,2026,7185fd3469a9b99312e34d96846181e2c1e82f2622a4b48f19db03969c32c167,hqs_finetuned,21.763020603492137,0.7101987952276112,0.3175120169762522,0.011670787818729877
fresh_div2k_0851,DIV2K_fresh,fresh_div2k_0851,test,0.04,0.041259765625,0.0,2026,504f01c3d2d801e4ddae17699c30d5616dab9039fd7377bba7a49976a048054a,hqs,25.853969529727294,0.8833657209925745,0.31892953405622393,0.010787474922835827
fresh_div2k_0851,DIV2K_fresh,fresh_div2k_0851,test,0.04,0.041259765625,0.0,2026,504f01c3d2d801e4ddae17699c30d5616dab9039fd7377bba7a49976a048054a,hqs_round1,25.800706915834077,0.8835215847591386,0.31829075200948864,0.010588301345705986
fresh_div2k_0851,DIV2K_fresh,fresh_div2k_0851,test,0.04,0.041259765625,0.0,2026,504f01c3d2d801e4ddae17699c30d5616dab9039fd7377bba7a49976a048054a,hqs_finetuned,25.840180147756236,0.883087433896307,0.31557516602333635,0.012236117385327816
fresh_div2k_0851,DIV2K_fresh,fresh_div2k_0851,test,0.1,0.1001129150390625,0.0,2026,7664b0e90f4a02f436c47a8dc55fc0a5f839ce50cc59796b10bf07f4213f1859,hqs,29.86842127286936,0.946910980861187,0.32101131102535874,0.007910327985882759
fresh_div2k_0851,DIV2K_fresh,fresh_div2k_0851,test,0.1,0.1001129150390625,0.0,2026,7664b0e90f4a02f436c47a8dc55fc0a5f839ce50cc59796b10bf07f4213f1859,hqs_round1,29.946680220977147,0.9486693546319008,0.3177346820011735,0.008503769524395466
fresh_div2k_0851,DIV2K_fresh,fresh_div2k_0851,test,0.1,0.1001129150390625,0.0,2026,7664b0e90f4a02f436c47a8dc55fc0a5f839ce50cc59796b10bf07f4213f1859,hqs_finetuned,30.02625507232324,0.9501187095179557,0.31879516795743257,0.010397227481007576
fresh_div2k_0851,DIV2K_fresh,fresh_div2k_0851,test,0.25,0.25,0.0,2026,be8a67de439e9bad6c8d50761a3b1d9681ba4c51856dd749f20ae9bfcd446ead,hqs,35.40692349337264,0.9822172486553192,0.32035088900011033,0.005263595376163721
fresh_div2k_0851,DIV2K_fresh,fresh_div2k_0851,test,0.25,0.25,0.0,2026,be8a67de439e9bad6c8d50761a3b1d9681ba4c51856dd749f20ae9bfcd446ead,hqs_round1,35.60224870625538,0.9830344245557785,0.31510393996722996,0.006141586694866419
fresh_div2k_0851,DIV2K_fresh,fresh_div2k_0851,test,0.25,0.25,0.0,2026,be8a67de439e9bad6c8d50761a3b1d9681ba4c51856dd749f20ae9bfcd446ead,hqs_finetuned,35.710970073115156,0.9836306489400863,0.3173650810495019,0.006415323819965124
fresh_div2k_0851,DIV2K_fresh,fresh_div2k_0851,test,0.5,0.4998931884765625,0.0,2026,b0b3cbe29d788704c911fe4c5d3d364c1a8e16ce5f851ae0e0c04cd10905362e,hqs,41.94101288558507,0.9944551177196502,0.3234372240258381,0.003656803397461772
fresh_div2k_0851,DIV2K_fresh,fresh_div2k_0851,test,0.5,0.4998931884765625,0.0,2026,b0b3cbe29d788704c911fe4c5d3d364c1a8e16ce5f851ae0e0c04cd10905362e,hqs_round1,42.225019512135816,0.9947971262369156,0.3184733020607382,0.005463247653096914
fresh_div2k_0851,DIV2K_fresh,fresh_div2k_0851,test,0.5,0.4998931884765625,0.0,2026,b0b3cbe29d788704c911fe4c5d3d364c1a8e16ce5f851ae0e0c04cd10905362e,hqs_finetuned,42.44047649690618,0.9950133394899369,0.32158851192798465,0.004750940017402172
fresh_div2k_0851,DIV2K_fresh,fresh_div2k_0851,test,0.1,0.1001129150390625,0.01,2026,d129cd20ad751207f27e2ec6ff69a16192122546dd3014153042ac1f56a78a65,hqs,29.69477644831198,0.9442581732578278,0.32981977600138634,0.007638497278094292
fresh_div2k_0851,DIV2K_fresh,fresh_div2k_0851,test,0.1,0.1001129150390625,0.01,2026,d129cd20ad751207f27e2ec6ff69a16192122546dd3014153042ac1f56a78a65,hqs_round1,29.739093830056387,0.9459753343026638,0.31809723807964474,0.008375069126486778
fresh_div2k_0851,DIV2K_fresh,fresh_div2k_0851,test,0.1,0.1001129150390625,0.01,2026,d129cd20ad751207f27e2ec6ff69a16192122546dd3014153042ac1f56a78a65,hqs_finetuned,29.8118842918355,0.9474851156668663,0.31705204502213746,0.01049465499818325
fresh_div2k_0851,DIV2K_fresh,fresh_div2k_0851,test,0.1,0.1001129150390625,0.01,2027,cc66d64811c58ac0dba940aeef3e2e4f2786d0b687ca66d10c210049c0418beb,hqs,29.698002945435466,0.9438818856327533,0.329017915064469,0.007814392447471619
fresh_div2k_0851,DIV2K_fresh,fresh_div2k_0851,test,0.1,0.1001129150390625,0.01,2027,cc66d64811c58ac0dba940aeef3e2e4f2786d0b687ca66d10c210049c0418beb,hqs_round1,29.728828419197725,0.9454534656867981,0.32151537493336946,0.008342020213603973
fresh_div2k_0851,DIV2K_fresh,fresh_div2k_0851,test,0.1,0.1001129150390625,0.01,2027,cc66d64811c58ac0dba940aeef3e2e4f2786d0b687ca66d10c210049c0418beb,hqs_finetuned,29.80812312390053,0.9469436522586345,0.32002060499507934,0.010613249614834785
fresh_div2k_0851,DIV2K_fresh,fresh_div2k_0851,test,0.1,0.1001129150390625,0.01,2028,c0dc0916f5ad1871e8b6d8ecd11247f5e7efd5cd50ef7029b63dfb150e3a3922,hqs,29.66318669025357,0.9437657575466633,0.3242153050377965,0.008011752739548683
fresh_div2k_0851,DIV2K_fresh,fresh_div2k_0851,test,0.1,0.1001129150390625,0.01,2028,c0dc0916f5ad1871e8b6d8ecd11247f5e7efd5cd50ef7029b63dfb150e3a3922,hqs_round1,29.690665305903295,0.9453371449141502,0.32343226904049516,0.008637485094368458
fresh_div2k_0851,DIV2K_fresh,fresh_div2k_0851,test,0.1,0.1001129150390625,0.01,2028,c0dc0916f5ad1871e8b6d8ecd11247f5e7efd5cd50ef7029b63dfb150e3a3922,hqs_finetuned,29.770012304286485,0.9468996379673481,0.3210005220025778,0.01063186302781105
fresh_div2k_0851,DIV2K_fresh,fresh_div2k_0851,test,0.1,0.1001129150390625,0.05,2026,603aca0d9963bfa9bd129ae124d6764b8bf9d2b35397f5638ee0a0c6964f32fc,hqs,27.632003619423795,0.8644369269331693,0.3228411669842899,0.007398602087050676
fresh_div2k_0851,DIV2K_fresh,fresh_div2k_0851,test,0.1,0.1001129150390625,0.05,2026,603aca0d9963bfa9bd129ae124d6764b8bf9d2b35397f5638ee0a0c6964f32fc,hqs_round1,27.48404803775149,0.8667569052461386,0.31960438599344343,0.007749074138700962
fresh_div2k_0851,DIV2K_fresh,fresh_div2k_0851,test,0.1,0.1001129150390625,0.05,2026,603aca0d9963bfa9bd129ae124d6764b8bf9d2b35397f5638ee0a0c6964f32fc,hqs_finetuned,28.06374478832869,0.9197965569504499,0.31810434802901,0.03509736433625221
fresh_div2k_0851,DIV2K_fresh,fresh_div2k_0851,test,0.1,0.1001129150390625,0.05,2027,e4abf685bf6b10b176feb9f0c5845ba1fa4e082070b9f57ee30244bed5016163,hqs,27.634943501941866,0.865071647493992,0.31992652802728117,0.007213438395410776
fresh_div2k_0851,DIV2K_fresh,fresh_div2k_0851,test,0.1,0.1001129150390625,0.05,2027,e4abf685bf6b10b176feb9f0c5845ba1fa4e082070b9f57ee30244bed5016163,hqs_round1,27.49868704737687,0.8695744255653024,0.328234329004772,0.007223646156489849
fresh_div2k_0851,DIV2K_fresh,fresh_div2k_0851,test,0.1,0.1001129150390625,0.05,2027,e4abf685bf6b10b176feb9f0c5845ba1fa4e082070b9f57ee30244bed5016163,hqs_finetuned,28.074541999019466,0.9195738170017302,0.3225053430069238,0.03391161933541298
fresh_div2k_0851,DIV2K_fresh,fresh_div2k_0851,test,0.1,0.1001129150390625,0.05,2028,c3c1161948baf9a38ead8607b36e47a51210d4a9256aa7c3073c8f3b7f73d165,hqs,27.488633572917216,0.8656450181231499,0.322132486035116,0.007768284063786268
fresh_div2k_0851,DIV2K_fresh,fresh_div2k_0851,test,0.1,0.1001129150390625,0.05,2028,c3c1161948baf9a38ead8607b36e47a51210d4a9256aa7c3073c8f3b7f73d165,hqs_round1,27.347663356188093,0.8685185124126673,0.31688882294110954,0.00764252245426178
fresh_div2k_0851,DIV2K_fresh,fresh_div2k_0851,test,0.1,0.1001129150390625,0.05,2028,c3c1161948baf9a38ead8607b36e47a51210d4a9256aa7c3073c8f3b7f73d165,hqs_finetuned,27.91770798433433,0.9170285609390736,0.3340598050272092,0.03540841117501259
fresh_div2k_0855,DIV2K_fresh,fresh_div2k_0855,test,0.01,0.01031494140625,0.0,2026,eadb0e50c3f4a92dfd87b2d58bf96330212802a3efcc030a4ce1448dcfa14493,hqs,23.47069848065036,0.6011910840160493,0.31915115111041814,0.003391304751858115
fresh_div2k_0855,DIV2K_fresh,fresh_div2k_0855,test,0.01,0.01031494140625,0.0,2026,eadb0e50c3f4a92dfd87b2d58bf96330212802a3efcc030a4ce1448dcfa14493,hqs_round1,23.511323854216485,0.6024702788575638,0.3179936030646786,0.0029902991373091936
fresh_div2k_0855,DIV2K_fresh,fresh_div2k_0855,test,0.01,0.01031494140625,0.0,2026,eadb0e50c3f4a92dfd87b2d58bf96330212802a3efcc030a4ce1448dcfa14493,hqs_finetuned,23.49446881977919,0.6014916620534284,0.3187540590297431,0.005130837205797434
fresh_div2k_0855,DIV2K_fresh,fresh_div2k_0855,test,0.04,0.041259765625,0.0,2026,f85ddb8b92ad4f7b5f0fea34dcd89848c83e5045bea43cbe083ca5d96aeff29a,hqs,26.554351979171457,0.7645893826652993,0.32649813091848046,0.002290078904479742
fresh_div2k_0855,DIV2K_fresh,fresh_div2k_0855,test,0.04,0.041259765625,0.0,2026,f85ddb8b92ad4f7b5f0fea34dcd89848c83e5045bea43cbe083ca5d96aeff29a,hqs_round1,26.582330100480647,0.7655365885970388,0.31994306202977896,0.0020607514306902885
fresh_div2k_0855,DIV2K_fresh,fresh_div2k_0855,test,0.04,0.041259765625,0.0,2026,f85ddb8b92ad4f7b5f0fea34dcd89848c83e5045bea43cbe083ca5d96aeff29a,hqs_finetuned,26.581373806460718,0.7653784604774118,0.3235166429076344,0.00216710870154202
fresh_div2k_0855,DIV2K_fresh,fresh_div2k_0855,test,0.1,0.1001129150390625,0.0,2026,1ebf3ca91b7f6b4217d662d8062023525ad1005ec25969e869f7d6d54f25a279,hqs,28.520646531748927,0.8583142489494086,0.3241952130338177,0.0027598803862929344
fresh_div2k_0855,DIV2K_fresh,fresh_div2k_0855,test,0.1,0.1001129150390625,0.0,2026,1ebf3ca91b7f6b4217d662d8062023525ad1005ec25969e869f7d6d54f25a279,hqs_round1,28.645689471811263,0.8610766752210856,0.31915900600142777,0.0026336933951824903
fresh_div2k_0855,DIV2K_fresh,fresh_div2k_0855,test,0.1,0.1001129150390625,0.0,2026,1ebf3ca91b7f6b4217d662d8062023525ad1005ec25969e869f7d6d54f25a279,hqs_finetuned,28.65588939485288,0.8615799146236182,0.3604756130371243,0.002354465425014496
fresh_div2k_0855,DIV2K_fresh,fresh_div2k_0855,test,0.25,0.25,0.0,2026,ef93c1b633eab334813e950cc74f6c21d2dacf9174f56ae0ec7aa5525a845716,hqs,31.989598318944097,0.9378856495137214,0.32345879392232746,0.002087915549054742
fresh_div2k_0855,DIV2K_fresh,fresh_div2k_0855,test,0.25,0.25,0.0,2026,ef93c1b633eab334813e950cc74f6c21d2dacf9174f56ae0ec7aa5525a845716,hqs_round1,32.30713340920469,0.9412936140785217,0.32014771504327655,0.002148284576833248
fresh_div2k_0855,DIV2K_fresh,fresh_div2k_0855,test,0.25,0.25,0.0,2026,ef93c1b633eab334813e950cc74f6c21d2dacf9174f56ae0ec7aa5525a845716,hqs_finetuned,32.43518232174492,0.9428066213474273,0.3160350149264559,0.002140613505616784
fresh_div2k_0855,DIV2K_fresh,fresh_div2k_0855,test,0.5,0.4998931884765625,0.0,2026,7a5d2be296c1086297e38b5cf82464576089dde578686395c47c560d4148d6b7,hqs,37.87687078580746,0.981900783331871,0.32549093395937234,0.001847466453909874
fresh_div2k_0855,DIV2K_fresh,fresh_div2k_0855,test,0.5,0.4998931884765625,0.0,2026,7a5d2be296c1086297e38b5cf82464576089dde578686395c47c560d4148d6b7,hqs_round1,38.124690286876294,0.982710096613884,0.3224000639747828,0.0027186134830117226
fresh_div2k_0855,DIV2K_fresh,fresh_div2k_0855,test,0.5,0.4998931884765625,0.0,2026,7a5d2be296c1086297e38b5cf82464576089dde578686395c47c560d4148d6b7,hqs_finetuned,38.306211053564944,0.9831901667032242,0.32183193194214255,0.002008723560720682
fresh_div2k_0855,DIV2K_fresh,fresh_div2k_0855,test,0.1,0.1001129150390625,0.01,2026,b535e0383bd6dd76c32e06ad80bae5237e5da4e078177a6bfb9c267cd823c84b,hqs,28.35336849497182,0.8498459960541129,0.32192849298007786,0.0026838593184947968
fresh_div2k_0855,DIV2K_fresh,fresh_div2k_0855,test,0.1,0.1001129150390625,0.01,2026,b535e0383bd6dd76c32e06ad80bae5237e5da4e078177a6bfb9c267cd823c84b,hqs_round1,28.47096655338097,0.8531250352661014,0.319887253921479,0.0025170552544295788
fresh_div2k_0855,DIV2K_fresh,fresh_div2k_0855,test,0.1,0.1001129150390625,0.01,2026,b535e0383bd6dd76c32e06ad80bae5237e5da4e078177a6bfb9c267cd823c84b,hqs_finetuned,28.477769824239925,0.8536381734400391,0.3179436809150502,0.003115051658824086
fresh_div2k_0855,DIV2K_fresh,fresh_div2k_0855,test,0.1,0.1001129150390625,0.01,2027,aabf1b2e039ea8390ce329f4e146fa48b52cec8773f9d316ea5d8d36be84de03,hqs,28.352757935501383,0.8494656445925236,0.3219828678993508,0.0026733253616839647
fresh_div2k_0855,DIV2K_fresh,fresh_div2k_0855,test,0.1,0.1001129150390625,0.01,2027,aabf1b2e039ea8390ce329f4e146fa48b52cec8773f9d316ea5d8d36be84de03,hqs_round1,28.465929788525898,0.8526739042767286,0.3214346789754927,0.0024758216459304094
fresh_div2k_0855,DIV2K_fresh,fresh_div2k_0855,test,0.1,0.1001129150390625,0.01,2027,aabf1b2e039ea8390ce329f4e146fa48b52cec8773f9d316ea5d8d36be84de03,hqs_finetuned,28.46120027629491,0.8530849270463586,0.3180492930114269,0.0032614085357636213
fresh_div2k_0855,DIV2K_fresh,fresh_div2k_0855,test,0.1,0.1001129150390625,0.01,2028,1951e12e1e51915624396dbb332edc05a7bbdf9094e2b2769c4ea36bff0e2e49,hqs,28.350918174109594,0.8497551880077719,0.3225188769865781,0.0026267978828400373
fresh_div2k_0855,DIV2K_fresh,fresh_div2k_0855,test,0.1,0.1001129150390625,0.01,2028,1951e12e1e51915624396dbb332edc05a7bbdf9094e2b2769c4ea36bff0e2e49,hqs_round1,28.451509198166036,0.8525421713873148,0.3181012939894572,0.0024250131100416183
fresh_div2k_0855,DIV2K_fresh,fresh_div2k_0855,test,0.1,0.1001129150390625,0.01,2028,1951e12e1e51915624396dbb332edc05a7bbdf9094e2b2769c4ea36bff0e2e49,hqs_finetuned,28.452628094402495,0.8527046347343922,0.316602987004444,0.0032363536302000284
fresh_div2k_0855,DIV2K_fresh,fresh_div2k_0855,test,0.1,0.1001129150390625,0.05,2026,e64e79d0888da2d4ea06e514a48ec8cf4d193ba5353e73c03154aaefec385f3f,hqs,26.16242052646179,0.7046593835633174,0.3202659779926762,0.0023767100647091866
fresh_div2k_0855,DIV2K_fresh,fresh_div2k_0855,test,0.1,0.1001129150390625,0.05,2026,e64e79d0888da2d4ea06e514a48ec8cf4d193ba5353e73c03154aaefec385f3f,hqs_round1,26.197032020328415,0.707258478739582,0.31879360298626125,0.0020427366252988577
fresh_div2k_0855,DIV2K_fresh,fresh_div2k_0855,test,0.1,0.1001129150390625,0.05,2026,e64e79d0888da2d4ea06e514a48ec8cf4d193ba5353e73c03154aaefec385f3f,hqs_finetuned,26.88465740832335,0.7712383499688329,0.318636096897535,0.029850482940673828
fresh_div2k_0855,DIV2K_fresh,fresh_div2k_0855,test,0.1,0.1001129150390625,0.05,2027,0908015afe2d78eed058cf9bf432c8429f9b6b25f54038d9cfa6ec8148ceca87,hqs,26.21589885192818,0.7062500542655182,0.3222257620655,0.0025585771072655916
fresh_div2k_0855,DIV2K_fresh,fresh_div2k_0855,test,0.1,0.1001129150390625,0.05,2027,0908015afe2d78eed058cf9bf432c8429f9b6b25f54038d9cfa6ec8148ceca87,hqs_round1,26.24093922595133,0.7080382398254164,0.3190708380425349,0.002199701964855194
fresh_div2k_0855,DIV2K_fresh,fresh_div2k_0855,test,0.1,0.1001129150390625,0.05,2027,0908015afe2d78eed058cf9bf432c8429f9b6b25f54038d9cfa6ec8148ceca87,hqs_finetuned,26.915410132520222,0.7717076350346208,0.318536191014573,0.029490789398550987
fresh_div2k_0855,DIV2K_fresh,fresh_div2k_0855,test,0.1,0.1001129150390625,0.05,2028,3f770cab28f4a9d114aff4bef184c6165c616606998925e3f12a989603fe6db0,hqs,26.211564563745195,0.7071993878470212,0.32277986500412226,0.001941267866641283
fresh_div2k_0855,DIV2K_fresh,fresh_div2k_0855,test,0.1,0.1001129150390625,0.05,2028,3f770cab28f4a9d114aff4bef184c6165c616606998925e3f12a989603fe6db0,hqs_round1,26.239956318426003,0.7096498002162017,0.32073408900760114,0.001705680857412517
fresh_div2k_0855,DIV2K_fresh,fresh_div2k_0855,test,0.1,0.1001129150390625,0.05,2028,3f770cab28f4a9d114aff4bef184c6165c616606998925e3f12a989603fe6db0,hqs_finetuned,26.950958319288336,0.7770687735930979,0.32036085496656597,0.03284955769777298
fresh_div2k_0858,DIV2K_fresh,fresh_div2k_0858,test,0.01,0.01031494140625,0.0,2026,bb8ebb895a49dbf9e33f97b827d848c5abed5a7db230e450b2273968929b321d,hqs,22.400450581268643,0.40413740323047537,0.31877858692314476,0.004522576928138733
fresh_div2k_0858,DIV2K_fresh,fresh_div2k_0858,test,0.01,0.01031494140625,0.0,2026,bb8ebb895a49dbf9e33f97b827d848c5abed5a7db230e450b2273968929b321d,hqs_round1,22.415049836404364,0.4055697362951419,0.31824315898120403,0.004034325014799833
fresh_div2k_0858,DIV2K_fresh,fresh_div2k_0858,test,0.01,0.01031494140625,0.0,2026,bb8ebb895a49dbf9e33f97b827d848c5abed5a7db230e450b2273968929b321d,hqs_finetuned,22.397325730082805,0.40259655398303745,0.31833116500638425,0.014793723821640015
fresh_div2k_0858,DIV2K_fresh,fresh_div2k_0858,test,0.04,0.041259765625,0.0,2026,6c6227d957bbede124bcc3360921d3f83d794e8e4a705a9c0da8b823459bd195,hqs,24.862198813248078,0.6089982353922511,0.31615702400449663,0.003868363332003355
fresh_div2k_0858,DIV2K_fresh,fresh_div2k_0858,test,0.04,0.041259765625,0.0,2026,6c6227d957bbede124bcc3360921d3f83d794e8e4a705a9c0da8b823459bd195,hqs_round1,24.876825167288203,0.6097404743932057,0.315128265065141,0.0034083686769008636
fresh_div2k_0858,DIV2K_fresh,fresh_div2k_0858,test,0.04,0.041259765625,0.0,2026,6c6227d957bbede124bcc3360921d3f83d794e8e4a705a9c0da8b823459bd195,hqs_finetuned,24.849051272101693,0.6013232504546304,0.31588606000877917,0.011815544217824936
fresh_div2k_0858,DIV2K_fresh,fresh_div2k_0858,test,0.1,0.1001129150390625,0.0,2026,21c9fa0274b87c75fdcfcdd9512dc635f391019ec709ce0a08a3e229981e8e3f,hqs,26.944918710591004,0.7505123393876553,0.32238099607639015,0.003633459797129035
fresh_div2k_0858,DIV2K_fresh,fresh_div2k_0858,test,0.1,0.1001129150390625,0.0,2026,21c9fa0274b87c75fdcfcdd9512dc635f391019ec709ce0a08a3e229981e8e3f,hqs_round1,26.960434783147296,0.7500146902309656,0.3195127820363268,0.0033756024204194546
fresh_div2k_0858,DIV2K_fresh,fresh_div2k_0858,test,0.1,0.1001129150390625,0.0,2026,21c9fa0274b87c75fdcfcdd9512dc635f391019ec709ce0a08a3e229981e8e3f,hqs_finetuned,26.97766832227945,0.7479593389561177,0.32097991497721523,0.005649797152727842
fresh_div2k_0858,DIV2K_fresh,fresh_div2k_0858,test,0.25,0.25,0.0,2026,60622399cfb0e4c0534b5ac456a167d0112082e662ba173ede7eed987ceed3e5,hqs,30.201648074257278,0.882610577688694,0.32569355599116534,0.002894681878387928
fresh_div2k_0858,DIV2K_fresh,fresh_div2k_0858,test,0.25,0.25,0.0,2026,60622399cfb0e4c0534b5ac456a167d0112082e662ba173ede7eed987ceed3e5,hqs_round1,30.271475932727512,0.883127275118351,0.32221678097266704,0.002781608374789357
fresh_div2k_0858,DIV2K_fresh,fresh_div2k_0858,test,0.25,0.25,0.0,2026,60622399cfb0e4c0534b5ac456a167d0112082e662ba173ede7eed987ceed3e5,hqs_finetuned,30.277146578814673,0.8814425959358215,0.31952961604110897,0.004645900335162878
fresh_div2k_0858,DIV2K_fresh,fresh_div2k_0858,test,0.5,0.4998931884765625,0.0,2026,584b64cc02fe027406a8ecb25b14adfe60740efcf48553b3bfb7eea762b8d389,hqs,34.391642830797934,0.9544176267595291,0.3249007810372859,0.002714595990255475
fresh_div2k_0858,DIV2K_fresh,fresh_div2k_0858,test,0.5,0.4998931884765625,0.0,2026,584b64cc02fe027406a8ecb25b14adfe60740efcf48553b3bfb7eea762b8d389,hqs_round1,34.47514223630952,0.9549551138191223,0.31792925705667585,0.002890382194891572
fresh_div2k_0858,DIV2K_fresh,fresh_div2k_0858,test,0.5,0.4998931884765625,0.0,2026,584b64cc02fe027406a8ecb25b14adfe60740efcf48553b3bfb7eea762b8d389,hqs_finetuned,34.495698261440154,0.9545658354730606,0.3222279279725626,0.004236449953168631
fresh_div2k_0858,DIV2K_fresh,fresh_div2k_0858,test,0.1,0.1001129150390625,0.01,2026,b7d3f28d55e58af2cbda6803726f2fe28bec35b7389547807e01eb734cf81e55,hqs,26.919590257088053,0.7487831355090737,0.3207352680619806,0.003618636168539524
fresh_div2k_0858,DIV2K_fresh,fresh_div2k_0858,test,0.1,0.1001129150390625,0.01,2026,b7d3f28d55e58af2cbda6803726f2fe28bec35b7389547807e01eb734cf81e55,hqs_round1,26.937944520627923,0.7484626303001642,0.3176614510593936,0.003367174183949828
fresh_div2k_0858,DIV2K_fresh,fresh_div2k_0858,test,0.1,0.1001129150390625,0.01,2026,b7d3f28d55e58af2cbda6803726f2fe28bec35b7389547807e01eb734cf81e55,hqs_finetuned,26.957612876024378,0.7465079576292037,0.31876949802972376,0.005928641185164452
fresh_div2k_0858,DIV2K_fresh,fresh_div2k_0858,test,0.1,0.1001129150390625,0.01,2027,3bbe7cf3e22bafe299cd8bcc3607c5e57e9d70aa84a3bdc21f45b5643c50e307,hqs,26.921851078722238,0.7491657307398021,0.3210718809859827,0.003656940069049597
fresh_div2k_0858,DIV2K_fresh,fresh_div2k_0858,test,0.1,0.1001129150390625,0.01,2027,3bbe7cf3e22bafe299cd8bcc3607c5e57e9d70aa84a3bdc21f45b5643c50e307,hqs_round1,26.935430838751447,0.7486872741690874,0.3214429080253467,0.003375122556462884
fresh_div2k_0858,DIV2K_fresh,fresh_div2k_0858,test,0.1,0.1001129150390625,0.01,2027,3bbe7cf3e22bafe299cd8bcc3607c5e57e9d70aa84a3bdc21f45b5643c50e307,hqs_finetuned,26.958655084096424,0.7464821051734686,0.31890607299283147,0.006217358633875847
fresh_div2k_0858,DIV2K_fresh,fresh_div2k_0858,test,0.1,0.1001129150390625,0.01,2028,64f07f7a56d93323ba160edb1ef566157422b02348bdec41564654ede83a12a1,hqs,26.90003642740171,0.7482892086607218,0.3221332560060546,0.0036247093230485916
fresh_div2k_0858,DIV2K_fresh,fresh_div2k_0858,test,0.1,0.1001129150390625,0.01,2028,64f07f7a56d93323ba160edb1ef566157422b02348bdec41564654ede83a12a1,hqs_round1,26.91413123461071,0.7479207855839729,0.32164829899556935,0.003376609645783901
fresh_div2k_0858,DIV2K_fresh,fresh_div2k_0858,test,0.1,0.1001129150390625,0.01,2028,64f07f7a56d93323ba160edb1ef566157422b02348bdec41564654ede83a12a1,hqs_finetuned,26.938619091954237,0.745738067266941,0.3197732289554551,0.006428690627217293
fresh_div2k_0858,DIV2K_fresh,fresh_div2k_0858,test,0.1,0.1001129150390625,0.05,2026,d0ef45182b3a6f13bd064260fab281be88bb2ca2e24d0fa7189ddc6ba3856cac,hqs,26.219567982067886,0.711874294620648,0.3207119950093329,0.003888669889420271
fresh_div2k_0858,DIV2K_fresh,fresh_div2k_0858,test,0.1,0.1001129150390625,0.05,2026,d0ef45182b3a6f13bd064260fab281be88bb2ca2e24d0fa7189ddc6ba3856cac,hqs_round1,26.236517584548984,0.7121387535213679,0.3201330020092428,0.0035337889567017555
fresh_div2k_0858,DIV2K_fresh,fresh_div2k_0858,test,0.1,0.1001129150390625,0.05,2026,d0ef45182b3a6f13bd064260fab281be88bb2ca2e24d0fa7189ddc6ba3856cac,hqs_finetuned,26.39692427802451,0.7088827063559294,0.3178653419017792,0.02526704967021942
fresh_div2k_0858,DIV2K_fresh,fresh_div2k_0858,test,0.1,0.1001129150390625,0.05,2027,a990779f0212b2dc1d3d8621fc58224ee9ec8e7a235e928fa48afeea7e9e9523,hqs,26.246400874268634,0.7145158828029334,0.3284021409926936,0.003752687945961952
fresh_div2k_0858,DIV2K_fresh,fresh_div2k_0858,test,0.1,0.1001129150390625,0.05,2027,a990779f0212b2dc1d3d8621fc58224ee9ec8e7a235e928fa48afeea7e9e9523,hqs_round1,26.2616526489486,0.7147132566460371,0.3188743389910087,0.0033172923140227795
fresh_div2k_0858,DIV2K_fresh,fresh_div2k_0858,test,0.1,0.1001129150390625,0.05,2027,a990779f0212b2dc1d3d8621fc58224ee9ec8e7a235e928fa48afeea7e9e9523,hqs_finetuned,26.420555915873265,0.7094836407261491,0.3221355560235679,0.026001857593655586
fresh_div2k_0858,DIV2K_fresh,fresh_div2k_0858,test,0.1,0.1001129150390625,0.05,2028,f6b8a0ffaadc8f0c405510765abdd6b3610264defadb52c5ad1bc31a0cf45339,hqs,26.19170987483789,0.7122697090371847,0.31736250000540167,0.0037877322174608707
fresh_div2k_0858,DIV2K_fresh,fresh_div2k_0858,test,0.1,0.1001129150390625,0.05,2028,f6b8a0ffaadc8f0c405510765abdd6b3610264defadb52c5ad1bc31a0cf45339,hqs_round1,26.201435850634176,0.7124197488309145,0.3187809711089358,0.003518130863085389
fresh_div2k_0858,DIV2K_fresh,fresh_div2k_0858,test,0.1,0.1001129150390625,0.05,2028,f6b8a0ffaadc8f0c405510765abdd6b3610264defadb52c5ad1bc31a0cf45339,hqs_finetuned,26.354539860606998,0.7047282848811149,0.3186268100980669,0.02989722229540348
fresh_div2k_0861,DIV2K_fresh,fresh_div2k_0861,test,0.01,0.01031494140625,0.0,2026,bf1f1e7ab0f8c67f28ac72eb11981b36c98e42ae6931f2f670ed0db011ad0ef5,hqs,18.447472297631663,0.38537699954527227,0.3186564330244437,0.005602565128356218
fresh_div2k_0861,DIV2K_fresh,fresh_div2k_0861,test,0.01,0.01031494140625,0.0,2026,bf1f1e7ab0f8c67f28ac72eb11981b36c98e42ae6931f2f670ed0db011ad0ef5,hqs_round1,18.473662182827614,0.3865066964929387,0.31570494500920177,0.005069767590612173
fresh_div2k_0861,DIV2K_fresh,fresh_div2k_0861,test,0.01,0.01031494140625,0.0,2026,bf1f1e7ab0f8c67f28ac72eb11981b36c98e42ae6931f2f670ed0db011ad0ef5,hqs_finetuned,18.487121618393164,0.381528285214405,0.31474658101797104,0.009729313664138317
fresh_div2k_0861,DIV2K_fresh,fresh_div2k_0861,test,0.04,0.041259765625,0.0,2026,0a363ba9606f4e5d48e5223faad42d97710d369f5ac68ae1a3753a83e11150b0,hqs,20.766171336225945,0.5841775336862925,0.3230802019825205,0.0051815444603562355
fresh_div2k_0861,DIV2K_fresh,fresh_div2k_0861,test,0.04,0.041259765625,0.0,2026,0a363ba9606f4e5d48e5223faad42d97710d369f5ac68ae1a3753a83e11150b0,hqs_round1,20.775531969683364,0.5838106142904903,0.3325635549845174,0.004822452552616596
fresh_div2k_0861,DIV2K_fresh,fresh_div2k_0861,test,0.04,0.041259765625,0.0,2026,0a363ba9606f4e5d48e5223faad42d97710d369f5ac68ae1a3753a83e11150b0,hqs_finetuned,20.765015293025883,0.5716585247646216,0.32190896198153496,0.014587720856070518
fresh_div2k_0861,DIV2K_fresh,fresh_div2k_0861,test,0.1,0.1001129150390625,0.0,2026,48d6681faa6bc63c6c089b760a66cc803cb138f3c3ce9848a10dd5f6f57bf325,hqs,23.207012298529584,0.7476204742251337,0.3205542709911242,0.006381419952958822
fresh_div2k_0861,DIV2K_fresh,fresh_div2k_0861,test,0.1,0.1001129150390625,0.0,2026,48d6681faa6bc63c6c089b760a66cc803cb138f3c3ce9848a10dd5f6f57bf325,hqs_round1,23.23346447285998,0.7481790596711337,0.31906404299661517,0.006201132200658321
fresh_div2k_0861,DIV2K_fresh,fresh_div2k_0861,test,0.1,0.1001129150390625,0.0,2026,48d6681faa6bc63c6c089b760a66cc803cb138f3c3ce9848a10dd5f6f57bf325,hqs_finetuned,23.240633171474542,0.7408295137326727,0.3194476399803534,0.01075107790529728
fresh_div2k_0861,DIV2K_fresh,fresh_div2k_0861,test,0.25,0.25,0.0,2026,a5d1490a2826440d301d2a23bb71fc41a2f6c8dbe79f364c4dd3be56fc908ad7,hqs,27.230745573869207,0.8876044209938049,0.3219936080276966,0.005216544959694147
fresh_div2k_0861,DIV2K_fresh,fresh_div2k_0861,test,0.25,0.25,0.0,2026,a5d1490a2826440d301d2a23bb71fc41a2f6c8dbe79f364c4dd3be56fc908ad7,hqs_round1,27.28016490365033,0.8890512156424523,0.3178412530105561,0.005540458019822836
fresh_div2k_0861,DIV2K_fresh,fresh_div2k_0861,test,0.25,0.25,0.0,2026,a5d1490a2826440d301d2a23bb71fc41a2f6c8dbe79f364c4dd3be56fc908ad7,hqs_finetuned,27.362042234625015,0.8888923168520927,0.3186805780278519,0.005904703866690397
fresh_div2k_0861,DIV2K_fresh,fresh_div2k_0861,test,0.5,0.4998931884765625,0.0,2026,e62a023f4c219e2ff001f9cd4621ba9314559273f8de1b8d2f6adb5057ac9c0a,hqs,32.82576255160037,0.9648381549663544,0.32039537001401186,0.003966918680816889
fresh_div2k_0861,DIV2K_fresh,fresh_div2k_0861,test,0.5,0.4998931884765625,0.0,2026,e62a023f4c219e2ff001f9cd4621ba9314559273f8de1b8d2f6adb5057ac9c0a,hqs_round1,32.97719041749801,0.9662258737802506,0.31805307301692665,0.004806942772120237
fresh_div2k_0861,DIV2K_fresh,fresh_div2k_0861,test,0.5,0.4998931884765625,0.0,2026,e62a023f4c219e2ff001f9cd4621ba9314559273f8de1b8d2f6adb5057ac9c0a,hqs_finetuned,33.08096705094285,0.9665905549468994,0.31620962102897465,0.004452688153833151
fresh_div2k_0861,DIV2K_fresh,fresh_div2k_0861,test,0.1,0.1001129150390625,0.01,2026,0d8fcef9d7834a5b3a92f5f4d4cbcab56871a0a01df8e7b59fba0da24699bf64,hqs,23.136867051157438,0.7434286837384552,0.3200768179958686,0.0062830825336277485
fresh_div2k_0861,DIV2K_fresh,fresh_div2k_0861,test,0.1,0.1001129150390625,0.01,2026,0d8fcef9d7834a5b3a92f5f4d4cbcab56871a0a01df8e7b59fba0da24699bf64,hqs_round1,23.16796719860809,0.744271812999487,0.3171459480654448,0.006148567423224449
fresh_div2k_0861,DIV2K_fresh,fresh_div2k_0861,test,0.1,0.1001129150390625,0.01,2026,0d8fcef9d7834a5b3a92f5f4d4cbcab56871a0a01df8e7b59fba0da24699bf64,hqs_finetuned,23.178444373854706,0.7365516335221529,0.31641556904651225,0.01180618442595005
fresh_div2k_0861,DIV2K_fresh,fresh_div2k_0861,test,0.1,0.1001129150390625,0.01,2027,c8fe537cdd8cb79a5adbd7495d1f540e2104cf71141c82584b3dab2d17f792c6,hqs,23.1088617790722,0.7435928293209225,0.32363507500849664,0.006256129592657089
fresh_div2k_0861,DIV2K_fresh,fresh_div2k_0861,test,0.1,0.1001129150390625,0.01,2027,c8fe537cdd8cb79a5adbd7495d1f540e2104cf71141c82584b3dab2d17f792c6,hqs_round1,23.123753772846204,0.7438212824227214,0.3217713360209018,0.006068793591111898
fresh_div2k_0861,DIV2K_fresh,fresh_div2k_0861,test,0.1,0.1001129150390625,0.01,2027,c8fe537cdd8cb79a5adbd7495d1f540e2104cf71141c82584b3dab2d17f792c6,hqs_finetuned,23.13483695600654,0.7353050530921668,0.3233052439754829,0.011706419289112091
fresh_div2k_0861,DIV2K_fresh,fresh_div2k_0861,test,0.1,0.1001129150390625,0.01,2028,3fe46d3a930933aeab45a488002cbc804128ca4138674e07ec804beea162ad0e,hqs,23.115119278586548,0.7436888195466399,0.32684540399350226,0.006252296268939972
fresh_div2k_0861,DIV2K_fresh,fresh_div2k_0861,test,0.1,0.1001129150390625,0.01,2028,3fe46d3a930933aeab45a488002cbc804128ca4138674e07ec804beea162ad0e,hqs_round1,23.13618127194968,0.7441857765954286,0.32286317995749414,0.006104276515543461
fresh_div2k_0861,DIV2K_fresh,fresh_div2k_0861,test,0.1,0.1001129150390625,0.01,2028,3fe46d3a930933aeab45a488002cbc804128ca4138674e07ec804beea162ad0e,hqs_finetuned,23.16033248073092,0.7373699102501702,0.32251897791866213,0.011192617006599903
fresh_div2k_0861,DIV2K_fresh,fresh_div2k_0861,test,0.1,0.1001129150390625,0.05,2026,28de40f3e47c70c0610467453b9565bc18a2b2112e8f0619d773ca4d38b12a17,hqs,21.939268776568035,0.6699847382509672,0.320302875014022,0.00509528536349535
fresh_div2k_0861,DIV2K_fresh,fresh_div2k_0861,test,0.1,0.1001129150390625,0.05,2026,28de40f3e47c70c0610467453b9565bc18a2b2112e8f0619d773ca4d38b12a17,hqs_round1,21.938567519140232,0.6712229452396741,0.31925728695932776,0.004810894373804331
fresh_div2k_0861,DIV2K_fresh,fresh_div2k_0861,test,0.1,0.1001129150390625,0.05,2026,28de40f3e47c70c0610467453b9565bc18a2b2112e8f0619d773ca4d38b12a17,hqs_finetuned,22.188007612344155,0.6706252992215342,0.32026126503478736,0.03339860960841179
fresh_div2k_0861,DIV2K_fresh,fresh_div2k_0861,test,0.1,0.1001129150390625,0.05,2027,19ff63e9850a84629593b634abb226824e4bc62c08d866fe5b1b5a183b85397f,hqs,21.84304581578996,0.6690023143922892,0.3225907440064475,0.0052578989416360855
fresh_div2k_0861,DIV2K_fresh,fresh_div2k_0861,test,0.1,0.1001129150390625,0.05,2027,19ff63e9850a84629593b634abb226824e4bc62c08d866fe5b1b5a183b85397f,hqs_round1,21.813604637996423,0.6693890368986167,0.3196779830614105,0.004933480639010668
fresh_div2k_0861,DIV2K_fresh,fresh_div2k_0861,test,0.1,0.1001129150390625,0.05,2027,19ff63e9850a84629593b634abb226824e4bc62c08d866fe5b1b5a183b85397f,hqs_finetuned,22.072464282609182,0.6652881040489338,0.3180354769574478,0.0338888019323349
fresh_div2k_0861,DIV2K_fresh,fresh_div2k_0861,test,0.1,0.1001129150390625,0.05,2028,cdbc4b916836cbf845d69f6fee8d5a94576c3668dfd876c611c3ed04423c08e2,hqs,21.852603104038625,0.6746554821112603,0.3192919499706477,0.005332253873348236
fresh_div2k_0861,DIV2K_fresh,fresh_div2k_0861,test,0.1,0.1001129150390625,0.05,2028,cdbc4b916836cbf845d69f6fee8d5a94576c3668dfd876c611c3ed04423c08e2,hqs_round1,21.838710891913074,0.6741223146256786,0.31822997191920877,0.004993955604732037
fresh_div2k_0861,DIV2K_fresh,fresh_div2k_0861,test,0.1,0.1001129150390625,0.05,2028,cdbc4b916836cbf845d69f6fee8d5a94576c3668dfd876c611c3ed04423c08e2,hqs_finetuned,22.126908729013085,0.6709515425511002,0.319052392966114,0.034202080219984055
fresh_div2k_0864,DIV2K_fresh,fresh_div2k_0864,test,0.01,0.01031494140625,0.0,2026,9df5b4f2ab6e3ace7f47d08082a34da542235bfc1a7e024c497ae26f19e43c64,hqs,22.108629324177357,0.4113653320156128,0.3213203599443659,0.008225449360907078
fresh_div2k_0864,DIV2K_fresh,fresh_div2k_0864,test,0.01,0.01031494140625,0.0,2026,9df5b4f2ab6e3ace7f47d08082a34da542235bfc1a7e024c497ae26f19e43c64,hqs_round1,22.169678403757594,0.4149889775391308,0.3237992770737037,0.006762160453945398
fresh_div2k_0864,DIV2K_fresh,fresh_div2k_0864,test,0.01,0.01031494140625,0.0,2026,9df5b4f2ab6e3ace7f47d08082a34da542235bfc1a7e024c497ae26f19e43c64,hqs_finetuned,22.284562295416244,0.41836786319905966,0.3176927409367636,0.014132717624306679
fresh_div2k_0864,DIV2K_fresh,fresh_div2k_0864,test,0.04,0.041259765625,0.0,2026,b76eb2770fdcea1a074a6fbe93e468aa48b1999e3467fb8bb76c31219931ba9c,hqs,24.99574033215337,0.6378235288169325,0.3267149680759758,0.003871101653203368
fresh_div2k_0864,DIV2K_fresh,fresh_div2k_0864,test,0.04,0.041259765625,0.0,2026,b76eb2770fdcea1a074a6fbe93e468aa48b1999e3467fb8bb76c31219931ba9c,hqs_round1,24.99990721150747,0.6370446193388584,0.32001221494283527,0.0036461909767240286
fresh_div2k_0864,DIV2K_fresh,fresh_div2k_0864,test,0.04,0.041259765625,0.0,2026,b76eb2770fdcea1a074a6fbe93e468aa48b1999e3467fb8bb76c31219931ba9c,hqs_finetuned,24.9768372353298,0.6296555831909243,0.3205251700710505,0.010994324460625648
fresh_div2k_0864,DIV2K_fresh,fresh_div2k_0864,test,0.1,0.1001129150390625,0.0,2026,6424485b2b48275c339ab072518fbf7d12ba7518ad4045d535dfc334abd3b7f6,hqs,27.337634787640255,0.7902964842201471,0.3252949439920485,0.0030376326758414507
fresh_div2k_0864,DIV2K_fresh,fresh_div2k_0864,test,0.1,0.1001129150390625,0.0,2026,6424485b2b48275c339ab072518fbf7d12ba7518ad4045d535dfc334abd3b7f6,hqs_round1,27.445567022371463,0.7929721867728233,0.320068918983452,0.003102402202785015
fresh_div2k_0864,DIV2K_fresh,fresh_div2k_0864,test,0.1,0.1001129150390625,0.0,2026,6424485b2b48275c339ab072518fbf7d12ba7518ad4045d535dfc334abd3b7f6,hqs_finetuned,27.424108143656486,0.7870532718352713,0.3208436919376254,0.011203721165657043
fresh_div2k_0864,DIV2K_fresh,fresh_div2k_0864,test,0.25,0.25,0.0,2026,45cb2c732e0cdc2869e722caddd8098c4a315e1202ad47551cdd8ca375d05d26,hqs,30.863937441743175,0.9086547718377114,0.3219429909950122,0.002882844302803278
fresh_div2k_0864,DIV2K_fresh,fresh_div2k_0864,test,0.25,0.25,0.0,2026,45cb2c732e0cdc2869e722caddd8098c4a315e1202ad47551cdd8ca375d05d26,hqs_round1,31.093758551747147,0.9123967046060563,0.3173711228882894,0.0025916267186403275
fresh_div2k_0864,DIV2K_fresh,fresh_div2k_0864,test,0.25,0.25,0.0,2026,45cb2c732e0cdc2869e722caddd8098c4a315e1202ad47551cdd8ca375d05d26,hqs_finetuned,31.116991102880633,0.9117423013000489,0.3395877779694274,0.0058154757134616375
fresh_div2k_0864,DIV2K_fresh,fresh_div2k_0864,test,0.5,0.4998931884765625,0.0,2026,5675e342e408f20af9a37d54dcb60c493b2ca99d4ed7173fa859f2b61e2d4980,hqs,35.32469746199049,0.9673350691967011,0.3440856740344316,0.0024474458768963814
fresh_div2k_0864,DIV2K_fresh,fresh_div2k_0864,test,0.5,0.4998931884765625,0.0,2026,5675e342e408f20af9a37d54dcb60c493b2ca99d4ed7173fa859f2b61e2d4980,hqs_round1,35.466852883266476,0.9683184717464447,0.33810059598181397,0.002637600526213646
fresh_div2k_0864,DIV2K_fresh,fresh_div2k_0864,test,0.5,0.4998931884765625,0.0,2026,5675e342e408f20af9a37d54dcb60c493b2ca99d4ed7173fa859f2b61e2d4980,hqs_finetuned,35.45944530311333,0.9679342312660217,0.31706603907514364,0.004342387896031141
fresh_div2k_0864,DIV2K_fresh,fresh_div2k_0864,test,0.1,0.1001129150390625,0.01,2026,77e008973603ae5c59e3949b3375cb25a17729ad8c118d8586890e4834b4a492,hqs,27.294825460335268,0.7889645566972494,0.3233989890431985,0.0030182308983057737
fresh_div2k_0864,DIV2K_fresh,fresh_div2k_0864,test,0.1,0.1001129150390625,0.01,2026,77e008973603ae5c59e3949b3375cb25a17729ad8c118d8586890e4834b4a492,hqs_round1,27.400630525182414,0.7917271908336282,0.3157067879801616,0.0030655863229185343
fresh_div2k_0864,DIV2K_fresh,fresh_div2k_0864,test,0.1,0.1001129150390625,0.01,2026,77e008973603ae5c59e3949b3375cb25a17729ad8c118d8586890e4834b4a492,hqs_finetuned,27.39955492036424,0.7864566370552741,0.32041177595965564,0.011146319098770618
fresh_div2k_0864,DIV2K_fresh,fresh_div2k_0864,test,0.1,0.1001129150390625,0.01,2027,e9fe9639d10ebde5cbf2c9ff03a19e514508191faadd1f90010827bae7bbe3c8,hqs,27.291040445505264,0.7885082459048033,0.3213592160027474,0.003047310747206211
fresh_div2k_0864,DIV2K_fresh,fresh_div2k_0864,test,0.1,0.1001129150390625,0.01,2027,e9fe9639d10ebde5cbf2c9ff03a19e514508191faadd1f90010827bae7bbe3c8,hqs_round1,27.38881637475138,0.7909760618809424,0.3180197599576786,0.0030800828244537115
fresh_div2k_0864,DIV2K_fresh,fresh_div2k_0864,test,0.1,0.1001129150390625,0.01,2027,e9fe9639d10ebde5cbf2c9ff03a19e514508191faadd1f90010827bae7bbe3c8,hqs_finetuned,27.380132237269855,0.7855130969257355,0.3178973440080881,0.01191546581685543
fresh_div2k_0864,DIV2K_fresh,fresh_div2k_0864,test,0.1,0.1001129150390625,0.01,2028,0084e058cbe480d1741b1a3b019b55798d91f0d791220490a22621bcb3b2059d,hqs,27.290824946521887,0.7881594346674681,0.32547435897868127,0.003050723345950246
fresh_div2k_0864,DIV2K_fresh,fresh_div2k_0864,test,0.1,0.1001129150390625,0.01,2028,0084e058cbe480d1741b1a3b019b55798d91f0d791220490a22621bcb3b2059d,hqs_round1,27.391491937179463,0.7906020783455372,0.32044894609134644,0.0031153662130236626
fresh_div2k_0864,DIV2K_fresh,fresh_div2k_0864,test,0.1,0.1001129150390625,0.01,2028,0084e058cbe480d1741b1a3b019b55798d91f0d791220490a22621bcb3b2059d,hqs_finetuned,27.36846502869986,0.7845322901230007,0.3187851859256625,0.011715909466147423
fresh_div2k_0864,DIV2K_fresh,fresh_div2k_0864,test,0.1,0.1001129150390625,0.05,2026,df7a7ac0e6021718a96a24afac7dfa47ce1e6be7bc50efda3495b6e7c0bea2e3,hqs,26.461054662548978,0.7556285722646415,0.32357257604599,0.003210015594959259
fresh_div2k_0864,DIV2K_fresh,fresh_div2k_0864,test,0.1,0.1001129150390625,0.05,2026,df7a7ac0e6021718a96a24afac7dfa47ce1e6be7bc50efda3495b6e7c0bea2e3,hqs_round1,26.49475071135233,0.7567863790393621,0.3182668690569699,0.002898342674598098
fresh_div2k_0864,DIV2K_fresh,fresh_div2k_0864,test,0.1,0.1001129150390625,0.05,2026,df7a7ac0e6021718a96a24afac7dfa47ce1e6be7bc50efda3495b6e7c0bea2e3,hqs_finetuned,26.701121319311834,0.7582752335181236,0.3263852989766747,0.01957026682794094
fresh_div2k_0864,DIV2K_fresh,fresh_div2k_0864,test,0.1,0.1001129150390625,0.05,2027,f48e2dbfa6b3c99e19aa734740fd7b8257669f8656794cba7a129639f1257299,hqs,26.414915230171445,0.7525494384469912,0.36424209200777113,0.003240525256842375
fresh_div2k_0864,DIV2K_fresh,fresh_div2k_0864,test,0.1,0.1001129150390625,0.05,2027,f48e2dbfa6b3c99e19aa734740fd7b8257669f8656794cba7a129639f1257299,hqs_round1,26.416256983554398,0.7526375536758602,0.3179040140239522,0.0028386213816702366
fresh_div2k_0864,DIV2K_fresh,fresh_div2k_0864,test,0.1,0.1001129150390625,0.05,2027,f48e2dbfa6b3c99e19aa734740fd7b8257669f8656794cba7a129639f1257299,hqs_finetuned,26.662636371620984,0.7560703553628475,0.3167974700918421,0.021329019218683243
fresh_div2k_0864,DIV2K_fresh,fresh_div2k_0864,test,0.1,0.1001129150390625,0.05,2028,8b5ae23ef173988fd977fdd7bd66c38d5fcd42ee461b82da2edc0c7d66261447,hqs,26.44354837333489,0.7521304377120733,0.3264540630625561,0.003074783831834793
fresh_div2k_0864,DIV2K_fresh,fresh_div2k_0864,test,0.1,0.1001129150390625,0.05,2028,8b5ae23ef173988fd977fdd7bd66c38d5fcd42ee461b82da2edc0c7d66261447,hqs_round1,26.47781041270165,0.7531510043953658,0.3203597270185128,0.00284301838837564
fresh_div2k_0864,DIV2K_fresh,fresh_div2k_0864,test,0.1,0.1001129150390625,0.05,2028,8b5ae23ef173988fd977fdd7bd66c38d5fcd42ee461b82da2edc0c7d66261447,hqs_finetuned,26.690370528468506,0.7542342641458512,0.3191184949828312,0.02325705625116825
fresh_div2k_0868,DIV2K_fresh,fresh_div2k_0868,test,0.01,0.01031494140625,0.0,2026,7f3e7fde1799091f2c71c2f23aaf2240b1eb455598e3108f2b02064439517d53,hqs,23.037998829148236,0.824947335963853,0.3255812480347231,0.0032411713618785143
fresh_div2k_0868,DIV2K_fresh,fresh_div2k_0868,test,0.01,0.01031494140625,0.0,2026,7f3e7fde1799091f2c71c2f23aaf2240b1eb455598e3108f2b02064439517d53,hqs_round1,23.147546192223977,0.8283833982030162,0.3172907449770719,0.003346662502735853
fresh_div2k_0868,DIV2K_fresh,fresh_div2k_0868,test,0.01,0.01031494140625,0.0,2026,7f3e7fde1799091f2c71c2f23aaf2240b1eb455598e3108f2b02064439517d53,hqs_finetuned,23.231710042461536,0.8291538847652752,0.32348996703512967,0.004484959878027439
fresh_div2k_0868,DIV2K_fresh,fresh_div2k_0868,test,0.04,0.041259765625,0.0,2026,b017e7762a3bae91171accf9e524cb9a6470af9c609feb098d2395cd3a470b7d,hqs,27.25694369747536,0.9277061701641679,0.31998134905006737,0.0029093301855027676
fresh_div2k_0868,DIV2K_fresh,fresh_div2k_0868,test,0.04,0.041259765625,0.0,2026,b017e7762a3bae91171accf9e524cb9a6470af9c609feb098d2395cd3a470b7d,hqs_round1,27.448081036895402,0.93119046696949,0.3213065901072696,0.0030442457646131516
fresh_div2k_0868,DIV2K_fresh,fresh_div2k_0868,test,0.04,0.041259765625,0.0,2026,b017e7762a3bae91171accf9e524cb9a6470af9c609feb098d2395cd3a470b7d,hqs_finetuned,27.612684416529298,0.9339920865835547,0.32486327399965376,0.0036352190654724836
fresh_div2k_0868,DIV2K_fresh,fresh_div2k_0868,test,0.1,0.1001129150390625,0.0,2026,b0550b1d9cd7abc91f9080d300eb4741ec8f1a0d116beda67f55f9d6470a5f88,hqs,31.821626193537274,0.9745089227576256,0.32044293195940554,0.00228316243737936
fresh_div2k_0868,DIV2K_fresh,fresh_div2k_0868,test,0.1,0.1001129150390625,0.0,2026,b0550b1d9cd7abc91f9080d300eb4741ec8f1a0d116beda67f55f9d6470a5f88,hqs_round1,32.385271435937604,0.9777654482469559,0.3213080359855667,0.002480542054399848
fresh_div2k_0868,DIV2K_fresh,fresh_div2k_0868,test,0.1,0.1001129150390625,0.0,2026,b0550b1d9cd7abc91f9080d300eb4741ec8f1a0d116beda67f55f9d6470a5f88,hqs_finetuned,32.58288408716268,0.9791493013911248,0.3225287599489093,0.0030509307980537415
fresh_div2k_0868,DIV2K_fresh,fresh_div2k_0868,test,0.25,0.25,0.0,2026,75f683ce1c25eb1f3bbdadd805855e550edc55187cb60b611132c2a4ece2001a,hqs,39.46987219660905,0.9949478965082169,0.33902572898659855,0.0014671932440251112
fresh_div2k_0868,DIV2K_fresh,fresh_div2k_0868,test,0.25,0.25,0.0,2026,75f683ce1c25eb1f3bbdadd805855e550edc55187cb60b611132c2a4ece2001a,hqs_round1,40.03106598974558,0.9954826789855957,0.33155970997177064,0.001743385219015181
fresh_div2k_0868,DIV2K_fresh,fresh_div2k_0868,test,0.25,0.25,0.0,2026,75f683ce1c25eb1f3bbdadd805855e550edc55187cb60b611132c2a4ece2001a,hqs_finetuned,40.42696909205577,0.9957891082792282,0.3207264299271628,0.0019236344378441572
fresh_div2k_0868,DIV2K_fresh,fresh_div2k_0868,test,0.5,0.4998931884765625,0.0,2026,b329ac2a7df74e9d36b5666ab1c6dfcb56ea13e7996dbfe94ee58347bf8a0fa6,hqs,48.474478951679544,0.9988458465032578,0.3325627229642123,0.0011034759227186441
fresh_div2k_0868,DIV2K_fresh,fresh_div2k_0868,test,0.5,0.4998931884765625,0.0,2026,b329ac2a7df74e9d36b5666ab1c6dfcb56ea13e7996dbfe94ee58347bf8a0fa6,hqs_round1,48.78969215646556,0.9989391008281707,0.3163204309530556,0.0016147716669365764
fresh_div2k_0868,DIV2K_fresh,fresh_div2k_0868,test,0.5,0.4998931884765625,0.0,2026,b329ac2a7df74e9d36b5666ab1c6dfcb56ea13e7996dbfe94ee58347bf8a0fa6,hqs_finetuned,48.80263822842714,0.9989258661375046,0.32416274410206825,0.0020715068094432354
fresh_div2k_0868,DIV2K_fresh,fresh_div2k_0868,test,0.1,0.1001129150390625,0.01,2026,b288bb6e8e8f8aa69e6e470f65eea3965d64d5db8580f923507423c6c9723fa1,hqs,30.148452411370783,0.9425078214359284,0.3239483640063554,0.0018374503124505281
fresh_div2k_0868,DIV2K_fresh,fresh_div2k_0868,test,0.1,0.1001129150390625,0.01,2026,b288bb6e8e8f8aa69e6e470f65eea3965d64d5db8580f923507423c6c9723fa1,hqs_round1,30.21307906552392,0.946930540336132,0.318550931988284,0.002056779572740197
fresh_div2k_0868,DIV2K_fresh,fresh_div2k_0868,test,0.1,0.1001129150390625,0.01,2026,b288bb6e8e8f8aa69e6e470f65eea3965d64d5db8580f923507423c6c9723fa1,hqs_finetuned,30.386034948627085,0.9626332536010742,0.32042302296031266,0.008562534116208553
fresh_div2k_0868,DIV2K_fresh,fresh_div2k_0868,test,0.1,0.1001129150390625,0.01,2027,f2b19f9b74dfb4ebf6bd856f7c06d623a414d2d28b1fbaafa6f5e49e3e7000de,hqs,30.108313178545508,0.9435721967816353,0.3232964309863746,0.0017107054591178894
fresh_div2k_0868,DIV2K_fresh,fresh_div2k_0868,test,0.1,0.1001129150390625,0.01,2027,f2b19f9b74dfb4ebf6bd856f7c06d623a414d2d28b1fbaafa6f5e49e3e7000de,hqs_round1,30.171403138515764,0.948775659879446,0.31788279791362584,0.001967028249055147
fresh_div2k_0868,DIV2K_fresh,fresh_div2k_0868,test,0.1,0.1001129150390625,0.01,2027,f2b19f9b74dfb4ebf6bd856f7c06d623a414d2d28b1fbaafa6f5e49e3e7000de,hqs_finetuned,30.330500058132497,0.9636794845468998,0.31784036196768284,0.007947667501866817
fresh_div2k_0868,DIV2K_fresh,fresh_div2k_0868,test,0.1,0.1001129150390625,0.01,2028,ec6fc3b5e43931b4b70f0d293ebd6fa55a0a62fd702bc3ffcdb1ddc875748e37,hqs,30.200807990804563,0.945986932072401,0.31919001205824316,0.0018838457763195038
fresh_div2k_0868,DIV2K_fresh,fresh_div2k_0868,test,0.1,0.1001129150390625,0.01,2028,ec6fc3b5e43931b4b70f0d293ebd6fa55a0a62fd702bc3ffcdb1ddc875748e37,hqs_round1,30.216528753232623,0.9492300245461464,0.31800193793606013,0.0020953055936843157
fresh_div2k_0868,DIV2K_fresh,fresh_div2k_0868,test,0.1,0.1001129150390625,0.01,2028,ec6fc3b5e43931b4b70f0d293ebd6fa55a0a62fd702bc3ffcdb1ddc875748e37,hqs_finetuned,30.345165196632852,0.9636725296828746,0.322767412988469,0.008218280039727688
fresh_div2k_0868,DIV2K_fresh,fresh_div2k_0868,test,0.1,0.1001129150390625,0.05,2026,39981528f1d6f5e7fc62b7ae1c0ad8cf7d2761b1955a9faab40c02c3919973be,hqs,24.416567492905543,0.5201421580951289,0.32302289304789156,0.0020331237465143204
fresh_div2k_0868,DIV2K_fresh,fresh_div2k_0868,test,0.1,0.1001129150390625,0.05,2026,39981528f1d6f5e7fc62b7ae1c0ad8cf7d2761b1955a9faab40c02c3919973be,hqs_round1,24.51447228987595,0.5328422113496131,0.31829658802598715,0.0018824707949534059
fresh_div2k_0868,DIV2K_fresh,fresh_div2k_0868,test,0.1,0.1001129150390625,0.05,2026,39981528f1d6f5e7fc62b7ae1c0ad8cf7d2761b1955a9faab40c02c3919973be,hqs_finetuned,26.390762965634416,0.9009084569720179,0.317671507014893,0.0440397635102272
fresh_div2k_0868,DIV2K_fresh,fresh_div2k_0868,test,0.1,0.1001129150390625,0.05,2027,720b58c5ae6986312a5cca2ffceed90e4e5a96930c2864397c59d2307516e1a2,hqs,24.451064940053534,0.529038484635599,0.33324079297017306,0.001725988695397973
fresh_div2k_0868,DIV2K_fresh,fresh_div2k_0868,test,0.1,0.1001129150390625,0.05,2027,720b58c5ae6986312a5cca2ffceed90e4e5a96930c2864397c59d2307516e1a2,hqs_round1,24.554464297235782,0.5444117822032682,0.3200953380437568,0.0015904669417068362
fresh_div2k_0868,DIV2K_fresh,fresh_div2k_0868,test,0.1,0.1001129150390625,0.05,2027,720b58c5ae6986312a5cca2ffceed90e4e5a96930c2864397c59d2307516e1a2,hqs_finetuned,26.444835834640166,0.9024154254135969,0.3165010520024225,0.043232351541519165
fresh_div2k_0868,DIV2K_fresh,fresh_div2k_0868,test,0.1,0.1001129150390625,0.05,2028,6f106d6f3707c37330d8d6ff6b66d1b23623d6db733a27fa8db1c0b1df54a603,hqs,24.53205909097351,0.53631621434623,0.3263606729451567,0.0019954396411776543
fresh_div2k_0868,DIV2K_fresh,fresh_div2k_0868,test,0.1,0.1001129150390625,0.05,2028,6f106d6f3707c37330d8d6ff6b66d1b23623d6db733a27fa8db1c0b1df54a603,hqs_round1,24.59467954264948,0.5475576531184828,0.31831864593550563,0.0018034549430012703
fresh_div2k_0868,DIV2K_fresh,fresh_div2k_0868,test,0.1,0.1001129150390625,0.05,2028,6f106d6f3707c37330d8d6ff6b66d1b23623d6db733a27fa8db1c0b1df54a603,hqs_finetuned,26.51420174112216,0.9043315084688663,0.3199944799998775,0.043201200664043427
fresh_div2k_0870,DIV2K_fresh,fresh_div2k_0870,test,0.01,0.01031494140625,0.0,2026,74fe2c45c74b1ea2fca580b39aa976298bc35e985641d2dba658d594e3a1e56d,hqs,19.14257502580214,0.24304737242921853,0.3225677600130439,0.0034874218981713057
fresh_div2k_0870,DIV2K_fresh,fresh_div2k_0870,test,0.01,0.01031494140625,0.0,2026,74fe2c45c74b1ea2fca580b39aa976298bc35e985641d2dba658d594e3a1e56d,hqs_round1,19.140808110970625,0.24344961078122376,0.31568866898305714,0.002822291571646929
fresh_div2k_0870,DIV2K_fresh,fresh_div2k_0870,test,0.01,0.01031494140625,0.0,2026,74fe2c45c74b1ea2fca580b39aa976298bc35e985641d2dba658d594e3a1e56d,hqs_finetuned,19.141024409236515,0.23958883321908853,0.3236298959236592,0.008265456184744835
fresh_div2k_0870,DIV2K_fresh,fresh_div2k_0870,test,0.04,0.041259765625,0.0,2026,a1426a27a05148e4a127aa66fde231b2cf37d0f0f5d5175ed14acd41bc6a1b47,hqs,21.01251135044031,0.46814242947672474,0.33010367199312896,0.003251702059060335
fresh_div2k_0870,DIV2K_fresh,fresh_div2k_0870,test,0.04,0.041259765625,0.0,2026,a1426a27a05148e4a127aa66fde231b2cf37d0f0f5d5175ed14acd41bc6a1b47,hqs_round1,21.00567369851017,0.4665846151522709,0.32391757192090154,0.0029162343125790358
fresh_div2k_0870,DIV2K_fresh,fresh_div2k_0870,test,0.04,0.041259765625,0.0,2026,a1426a27a05148e4a127aa66fde231b2cf37d0f0f5d5175ed14acd41bc6a1b47,hqs_finetuned,21.036627125469263,0.461575768355467,0.31712403800338507,0.010019585490226746
fresh_div2k_0870,DIV2K_fresh,fresh_div2k_0870,test,0.1,0.1001129150390625,0.0,2026,10690968bcf54104f86298faca4987e73c76008ec48e8408c6f68af6572e384a,hqs,23.262256870917337,0.6867180709849801,0.323943326016888,0.003330842824652791
fresh_div2k_0870,DIV2K_fresh,fresh_div2k_0870,test,0.1,0.1001129150390625,0.0,2026,10690968bcf54104f86298faca4987e73c76008ec48e8408c6f68af6572e384a,hqs_round1,23.245819005002918,0.684212608888127,0.3174249160801992,0.0031733023934066296
fresh_div2k_0870,DIV2K_fresh,fresh_div2k_0870,test,0.1,0.1001129150390625,0.0,2026,10690968bcf54104f86298faca4987e73c76008ec48e8408c6f68af6572e384a,hqs_finetuned,23.245007033838405,0.6783656084450772,0.3179233110276982,0.012798226438462734
fresh_div2k_0870,DIV2K_fresh,fresh_div2k_0870,test,0.25,0.25,0.0,2026,a4526240c7a6095994b31d8bbdd66c7f56b362274b5c515b618c514c9cda7bab,hqs,26.56848778785043,0.864356263008833,0.3205979709746316,0.0027807322330772877
fresh_div2k_0870,DIV2K_fresh,fresh_div2k_0870,test,0.25,0.25,0.0,2026,a4526240c7a6095994b31d8bbdd66c7f56b362274b5c515b618c514c9cda7bab,hqs_round1,26.573259750948353,0.8637145186524391,0.3164054730441421,0.002430274384096265
fresh_div2k_0870,DIV2K_fresh,fresh_div2k_0870,test,0.25,0.25,0.0,2026,a4526240c7a6095994b31d8bbdd66c7f56b362274b5c515b618c514c9cda7bab,hqs_finetuned,26.59962181892834,0.8638531633327007,0.3190441789338365,0.004391077905893326
fresh_div2k_0870,DIV2K_fresh,fresh_div2k_0870,test,0.5,0.4998931884765625,0.0,2026,579f95c9c48d6d455e4aa049979aa6ba5e6df7cd097e50f27d999a5e81e8a3d4,hqs,30.8849362002328,0.9519239306211471,0.32631437596865,0.00295505253598094
fresh_div2k_0870,DIV2K_fresh,fresh_div2k_0870,test,0.5,0.4998931884765625,0.0,2026,579f95c9c48d6d455e4aa049979aa6ba5e6df7cd097e50f27d999a5e81e8a3d4,hqs_round1,30.945575531615248,0.9525519776973724,0.3153266579611227,0.00264981877990067
fresh_div2k_0870,DIV2K_fresh,fresh_div2k_0870,test,0.5,0.4998931884765625,0.0,2026,579f95c9c48d6d455e4aa049979aa6ba5e6df7cd097e50f27d999a5e81e8a3d4,hqs_finetuned,30.94179833911461,0.9522147585344315,0.3149946110788733,0.0036849656607955694
fresh_div2k_0870,DIV2K_fresh,fresh_div2k_0870,test,0.1,0.1001129150390625,0.01,2026,cc569b9619aeee2967cc6273b84f1ba9bb461e0af926ccbfdbd3418c20ee8ee1,hqs,23.241566941450643,0.685766474852167,0.35397870594169945,0.003330591833218932
fresh_div2k_0870,DIV2K_fresh,fresh_div2k_0870,test,0.1,0.1001129150390625,0.01,2026,cc569b9619aeee2967cc6273b84f1ba9bb461e0af926ccbfdbd3418c20ee8ee1,hqs_round1,23.22570245131057,0.6832442920494824,0.3594834570540115,0.003157953731715679
fresh_div2k_0870,DIV2K_fresh,fresh_div2k_0870,test,0.1,0.1001129150390625,0.01,2026,cc569b9619aeee2967cc6273b84f1ba9bb461e0af926ccbfdbd3418c20ee8ee1,hqs_finetuned,23.225294712885937,0.67726106022143,0.35404475999530405,0.013018411584198475
fresh_div2k_0870,DIV2K_fresh,fresh_div2k_0870,test,0.1,0.1001129150390625,0.01,2027,341bba1861a8418d8c6454a11bfc4d7a19b6262c5f9ae9d2db5c4eb604016f7b,hqs,23.240650501593727,0.6857457522056103,0.3608590749790892,0.0033174781128764153
fresh_div2k_0870,DIV2K_fresh,fresh_div2k_0870,test,0.1,0.1001129150390625,0.01,2027,341bba1861a8418d8c6454a11bfc4d7a19b6262c5f9ae9d2db5c4eb604016f7b,hqs_round1,23.225708424065164,0.683322273158051,0.35290937090758234,0.0031760968267917633
fresh_div2k_0870,DIV2K_fresh,fresh_div2k_0870,test,0.1,0.1001129150390625,0.01,2027,341bba1861a8418d8c6454a11bfc4d7a19b6262c5f9ae9d2db5c4eb604016f7b,hqs_finetuned,23.225556296231403,0.677243979596985,0.3669998859986663,0.013308943249285221
fresh_div2k_0870,DIV2K_fresh,fresh_div2k_0870,test,0.1,0.1001129150390625,0.01,2028,89ffa30aa93ca9f171cc8a5859a148bbff12582e546a11e1b1b27996c275ad86,hqs,23.245276911844343,0.6859159955567569,0.38297804491594434,0.0033272788859903812
fresh_div2k_0870,DIV2K_fresh,fresh_div2k_0870,test,0.1,0.1001129150390625,0.01,2028,89ffa30aa93ca9f171cc8a5859a148bbff12582e546a11e1b1b27996c275ad86,hqs_round1,23.229347578752485,0.6834602705930174,0.355706277070567,0.003177576931193471
fresh_div2k_0870,DIV2K_fresh,fresh_div2k_0870,test,0.1,0.1001129150390625,0.01,2028,89ffa30aa93ca9f171cc8a5859a148bbff12582e546a11e1b1b27996c275ad86,hqs_finetuned,23.231296586695883,0.6775988267036169,0.35583753406535834,0.013079570606350899
fresh_div2k_0870,DIV2K_fresh,fresh_div2k_0870,test,0.1,0.1001129150390625,0.05,2026,ece1f2a6e076e7bdd7d9c73ea6187a616aa7a73cbd449472b8b66ca0c1d39898,hqs,22.72983610088287,0.661385680357024,0.3699564980342984,0.0032103636767715216
fresh_div2k_0870,DIV2K_fresh,fresh_div2k_0870,test,0.1,0.1001129150390625,0.05,2026,ece1f2a6e076e7bdd7d9c73ea6187a616aa7a73cbd449472b8b66ca0c1d39898,hqs_round1,22.729961317738635,0.6592361614082195,0.35352635791059583,0.0030336978379637003
fresh_div2k_0870,DIV2K_fresh,fresh_div2k_0870,test,0.1,0.1001129150390625,0.05,2026,ece1f2a6e076e7bdd7d9c73ea6187a616aa7a73cbd449472b8b66ca0c1d39898,hqs_finetuned,22.781735646051935,0.6502846546296003,0.36189599707722664,0.021151963621377945
fresh_div2k_0870,DIV2K_fresh,fresh_div2k_0870,test,0.1,0.1001129150390625,0.05,2027,82d975c119205c285dc8cc4f6c426640b2617876c7d62c517357f9da3dfd3cb3,hqs,22.70927125474659,0.6596383414971102,0.37250672292429954,0.0032331261318176985
fresh_div2k_0870,DIV2K_fresh,fresh_div2k_0870,test,0.1,0.1001129150390625,0.05,2027,82d975c119205c285dc8cc4f6c426640b2617876c7d62c517357f9da3dfd3cb3,hqs_round1,22.706708424758123,0.6576913016236052,0.3534237639978528,0.0031215467024594545
fresh_div2k_0870,DIV2K_fresh,fresh_div2k_0870,test,0.1,0.1001129150390625,0.05,2027,82d975c119205c285dc8cc4f6c426640b2617876c7d62c517357f9da3dfd3cb3,hqs_finetuned,22.777872594793685,0.6501005870773755,0.3524297430412844,0.021665077656507492
fresh_div2k_0870,DIV2K_fresh,fresh_div2k_0870,test,0.1,0.1001129150390625,0.05,2028,c98750c23a18b813cc0bce779eb967f5cdc0708ee02f9950502608a8705da63a,hqs,22.735155857651513,0.6606396474951799,0.362179312040098,0.003303159959614277
fresh_div2k_0870,DIV2K_fresh,fresh_div2k_0870,test,0.1,0.1001129150390625,0.05,2028,c98750c23a18b813cc0bce779eb967f5cdc0708ee02f9950502608a8705da63a,hqs_round1,22.728525670365627,0.6584897448381503,0.3587597489822656,0.003202043706551194
fresh_div2k_0870,DIV2K_fresh,fresh_div2k_0870,test,0.1,0.1001129150390625,0.05,2028,c98750c23a18b813cc0bce779eb967f5cdc0708ee02f9950502608a8705da63a,hqs_finetuned,22.794500836713972,0.6504146297753528,0.36176397604867816,0.021752607077360153
fresh_div2k_0874,DIV2K_fresh,fresh_div2k_0874,test,0.01,0.01031494140625,0.0,2026,65f33c9bc715805dfed812d40316830bf13f1f6cdecb05875addb6b54ddfbb30,hqs,23.10942896244109,0.5274579816994808,0.35961031808983535,0.0031931374687701464
fresh_div2k_0874,DIV2K_fresh,fresh_div2k_0874,test,0.01,0.01031494140625,0.0,2026,65f33c9bc715805dfed812d40316830bf13f1f6cdecb05875addb6b54ddfbb30,hqs_round1,23.117041237962745,0.5275896579379306,0.36520674999337643,0.002696027746424079
fresh_div2k_0874,DIV2K_fresh,fresh_div2k_0874,test,0.01,0.01031494140625,0.0,2026,65f33c9bc715805dfed812d40316830bf13f1f6cdecb05875addb6b54ddfbb30,hqs_finetuned,23.22638211219902,0.5292614319921138,0.34407234902027994,0.005781111773103476
fresh_div2k_0874,DIV2K_fresh,fresh_div2k_0874,test,0.04,0.041259765625,0.0,2026,ccbedc9086a65d37c2778e135f85a7788baac7a7e5d1e680f0abfb5955ef8a24,hqs,26.685179246438544,0.721947083069846,0.3299768209690228,0.0022468019742518663
fresh_div2k_0874,DIV2K_fresh,fresh_div2k_0874,test,0.04,0.041259765625,0.0,2026,ccbedc9086a65d37c2778e135f85a7788baac7a7e5d1e680f0abfb5955ef8a24,hqs_round1,26.69757254848378,0.7224089699783139,0.31698392098769546,0.0022049066610634327
fresh_div2k_0874,DIV2K_fresh,fresh_div2k_0874,test,0.04,0.041259765625,0.0,2026,ccbedc9086a65d37c2778e135f85a7788baac7a7e5d1e680f0abfb5955ef8a24,hqs_finetuned,26.740304246874036,0.7232178277913077,0.31619765399955213,0.0025673755444586277
fresh_div2k_0874,DIV2K_fresh,fresh_div2k_0874,test,0.1,0.1001129150390625,0.0,2026,750b0d462077340d2106e9ce49dafce2f78a7a24cfb1ae9fbb6207c563707240,hqs,29.553628299990407,0.8442079738345146,0.32057663006708026,0.002092731185257435
fresh_div2k_0874,DIV2K_fresh,fresh_div2k_0874,test,0.1,0.1001129150390625,0.0,2026,750b0d462077340d2106e9ce49dafce2f78a7a24cfb1ae9fbb6207c563707240,hqs_round1,29.587859533068915,0.8449881758511066,0.31501456000842154,0.002179320203140378
fresh_div2k_0874,DIV2K_fresh,fresh_div2k_0874,test,0.1,0.1001129150390625,0.0,2026,750b0d462077340d2106e9ce49dafce2f78a7a24cfb1ae9fbb6207c563707240,hqs_finetuned,29.5810796842982,0.8444147239778041,0.31366146297659725,0.002037511207163334
fresh_div2k_0874,DIV2K_fresh,fresh_div2k_0874,test,0.25,0.25,0.0,2026,abb681cd7654040b397d5928645467dc343c1be27ed6e12cb57d56e5410bddce,hqs,33.691284154921334,0.9338611992144584,0.32772309507708997,0.001529594068415463
fresh_div2k_0874,DIV2K_fresh,fresh_div2k_0874,test,0.25,0.25,0.0,2026,abb681cd7654040b397d5928645467dc343c1be27ed6e12cb57d56e5410bddce,hqs_round1,33.850325880174275,0.9352400970129967,0.31517295504454523,0.0016759963473305106
fresh_div2k_0874,DIV2K_fresh,fresh_div2k_0874,test,0.25,0.25,0.0,2026,abb681cd7654040b397d5928645467dc343c1be27ed6e12cb57d56e5410bddce,hqs_finetuned,33.93201694989469,0.9357802718338967,0.3145687310025096,0.001615765388123691
fresh_div2k_0874,DIV2K_fresh,fresh_div2k_0874,test,0.5,0.4998931884765625,0.0,2026,52a321a3f55b8f33944f637da45f13385ad0faffe3134ae9274ee2d9a35b70b4,hqs,38.79045115093963,0.9770952665328979,0.31405600905418396,0.0013221886474639177
fresh_div2k_0874,DIV2K_fresh,fresh_div2k_0874,test,0.5,0.4998931884765625,0.0,2026,52a321a3f55b8f33944f637da45f13385ad0faffe3134ae9274ee2d9a35b70b4,hqs_round1,38.90461866443714,0.9775637246713639,0.31601806404069066,0.0015859403647482395
fresh_div2k_0874,DIV2K_fresh,fresh_div2k_0874,test,0.5,0.4998931884765625,0.0,2026,52a321a3f55b8f33944f637da45f13385ad0faffe3134ae9274ee2d9a35b70b4,hqs_finetuned,38.949711631740314,0.9776484273462296,0.31339759996626526,0.0014484534040093422
fresh_div2k_0874,DIV2K_fresh,fresh_div2k_0874,test,0.1,0.1001129150390625,0.01,2026,06467686a1de6950ca90e018e3b878bc26b7c9133abda82d692a13263531c845,hqs,29.27350466325307,0.8343644214401841,0.3296923430170864,0.001922055147588253
fresh_div2k_0874,DIV2K_fresh,fresh_div2k_0874,test,0.1,0.1001129150390625,0.01,2026,06467686a1de6950ca90e018e3b878bc26b7c9133abda82d692a13263531c845,hqs_round1,29.284241079666078,0.8351008567188978,0.3166900700889528,0.00196053390391171
fresh_div2k_0874,DIV2K_fresh,fresh_div2k_0874,test,0.1,0.1001129150390625,0.01,2026,06467686a1de6950ca90e018e3b878bc26b7c9133abda82d692a13263531c845,hqs_finetuned,29.327838347176474,0.8353507349795103,0.31818830501288176,0.003068708349019289
fresh_div2k_0874,DIV2K_fresh,fresh_div2k_0874,test,0.1,0.1001129150390625,0.01,2027,8e70510140a0ffdb9d8a1dacb06d6b1adad545e6fa855c1755c450f0037976d3,hqs,29.215645812520474,0.8340094721227884,0.31956820795312524,0.002079373924061656
fresh_div2k_0874,DIV2K_fresh,fresh_div2k_0874,test,0.1,0.1001129150390625,0.01,2027,8e70510140a0ffdb9d8a1dacb06d6b1adad545e6fa855c1755c450f0037976d3,hqs_round1,29.180521382315273,0.8336641223058701,0.3187028840184212,0.0021593517158180475
fresh_div2k_0874,DIV2K_fresh,fresh_div2k_0874,test,0.1,0.1001129150390625,0.01,2027,8e70510140a0ffdb9d8a1dacb06d6b1adad545e6fa855c1755c450f0037976d3,hqs_finetuned,29.230959387740047,0.8339213292403221,0.3212443949887529,0.00317300483584404
fresh_div2k_0874,DIV2K_fresh,fresh_div2k_0874,test,0.1,0.1001129150390625,0.01,2028,49a08e1c412e2e845638d2f55bf8974644f9ca08f06387330a4645663b93c9e3,hqs,29.254725359541936,0.8338544937171936,0.32738368201535195,0.002084078500047326
fresh_div2k_0874,DIV2K_fresh,fresh_div2k_0874,test,0.1,0.1001129150390625,0.01,2028,49a08e1c412e2e845638d2f55bf8974644f9ca08f06387330a4645663b93c9e3,hqs_round1,29.24864952788141,0.8341686916890144,0.3186191360000521,0.0021406938321888447
fresh_div2k_0874,DIV2K_fresh,fresh_div2k_0874,test,0.1,0.1001129150390625,0.01,2028,49a08e1c412e2e845638d2f55bf8974644f9ca08f06387330a4645663b93c9e3,hqs_finetuned,29.28940587644326,0.8346029784504175,0.31365114508662373,0.0029214462265372276
fresh_div2k_0874,DIV2K_fresh,fresh_div2k_0874,test,0.1,0.1001129150390625,0.05,2026,cc55ac3b4db21cdd789b09c137add4e283a0e753d57032654e781559b9538115,hqs,25.907703626126988,0.6775742253345419,0.3167716839816421,0.002468517515808344
fresh_div2k_0874,DIV2K_fresh,fresh_div2k_0874,test,0.1,0.1001129150390625,0.05,2026,cc55ac3b4db21cdd789b09c137add4e283a0e753d57032654e781559b9538115,hqs_round1,25.86444077460213,0.6795113854417223,0.31517369591165334,0.0021918800193816423
fresh_div2k_0874,DIV2K_fresh,fresh_div2k_0874,test,0.1,0.1001129150390625,0.05,2026,cc55ac3b4db21cdd789b09c137add4e283a0e753d57032654e781559b9538115,hqs_finetuned,27.106607969939102,0.7423215044820533,0.31411463394761086,0.03292924538254738
fresh_div2k_0874,DIV2K_fresh,fresh_div2k_0874,test,0.1,0.1001129150390625,0.05,2027,e9d0b34f9454c63718f5cee3a59ca0ff64ec82e2df1fd3b3489f4749e2de8425,hqs,25.63518060070421,0.6696430211459883,0.3189229500712827,0.0031295691151171923
fresh_div2k_0874,DIV2K_fresh,fresh_div2k_0874,test,0.1,0.1001129150390625,0.05,2027,e9d0b34f9454c63718f5cee3a59ca0ff64ec82e2df1fd3b3489f4749e2de8425,hqs_round1,25.569587079325107,0.6711139678226226,0.33080904302187264,0.002839768771082163
fresh_div2k_0874,DIV2K_fresh,fresh_div2k_0874,test,0.1,0.1001129150390625,0.05,2027,e9d0b34f9454c63718f5cee3a59ca0ff64ec82e2df1fd3b3489f4749e2de8425,hqs_finetuned,27.033070868075853,0.7407300532652438,0.33825177897233516,0.03375857695937157
fresh_div2k_0874,DIV2K_fresh,fresh_div2k_0874,test,0.1,0.1001129150390625,0.05,2028,281f8aa8c07c4a731860a26d84fa65838c41a7f8ecddf3fdf83ba8b6d5948405,hqs,25.665325403362935,0.6773653041720661,0.3173521049320698,0.002592582255601883
fresh_div2k_0874,DIV2K_fresh,fresh_div2k_0874,test,0.1,0.1001129150390625,0.05,2028,281f8aa8c07c4a731860a26d84fa65838c41a7f8ecddf3fdf83ba8b6d5948405,hqs_round1,25.580876746576276,0.6779463047900051,0.31808502704370767,0.0023075579665601254
fresh_div2k_0874,DIV2K_fresh,fresh_div2k_0874,test,0.1,0.1001129150390625,0.05,2028,281f8aa8c07c4a731860a26d84fa65838c41a7f8ecddf3fdf83ba8b6d5948405,hqs_finetuned,27.04846529936621,0.7426180359091759,0.3169547769939527,0.03162471204996109
fresh_div2k_0877,DIV2K_fresh,fresh_div2k_0877,test,0.01,0.01031494140625,0.0,2026,72afb6862d1b3cad52332d8b838f5394420343549050953de5e12fa6748fa62a,hqs,26.76682024189312,0.7178929545549042,0.3289378540357575,0.005919027607887983
fresh_div2k_0877,DIV2K_fresh,fresh_div2k_0877,test,0.01,0.01031494140625,0.0,2026,72afb6862d1b3cad52332d8b838f5394420343549050953de5e12fa6748fa62a,hqs_round1,26.790337952124354,0.7180947454151784,0.3189513109391555,0.005643992219120264
fresh_div2k_0877,DIV2K_fresh,fresh_div2k_0877,test,0.01,0.01031494140625,0.0,2026,72afb6862d1b3cad52332d8b838f5394420343549050953de5e12fa6748fa62a,hqs_finetuned,26.798084810113743,0.7189747384456792,0.3153326299507171,0.008061019703745842
fresh_div2k_0877,DIV2K_fresh,fresh_div2k_0877,test,0.04,0.041259765625,0.0,2026,36fa6f88fef73e3ff689ceb994f0a3e7acb02a3977168c32c30c54cbc8da5816,hqs,32.74624057749053,0.894352855470419,0.3234721990302205,0.005922934506088495
fresh_div2k_0877,DIV2K_fresh,fresh_div2k_0877,test,0.04,0.041259765625,0.0,2026,36fa6f88fef73e3ff689ceb994f0a3e7acb02a3977168c32c30c54cbc8da5816,hqs_round1,32.80592034479294,0.8942373321444989,0.31726076104678214,0.006242356263101101
fresh_div2k_0877,DIV2K_fresh,fresh_div2k_0877,test,0.04,0.041259765625,0.0,2026,36fa6f88fef73e3ff689ceb994f0a3e7acb02a3977168c32c30c54cbc8da5816,hqs_finetuned,32.762721015214034,0.8935639061779976,0.3184618669329211,0.006785253062844276
fresh_div2k_0877,DIV2K_fresh,fresh_div2k_0877,test,0.1,0.1001129150390625,0.0,2026,37dc4cc5f9fa84758686bd434945db415760367c2c236f97e27051067bc2e870,hqs,37.12631238187677,0.9612975281391144,0.32479133806191385,0.004546201787889004
fresh_div2k_0877,DIV2K_fresh,fresh_div2k_0877,test,0.1,0.1001129150390625,0.0,2026,37dc4cc5f9fa84758686bd434945db415760367c2c236f97e27051067bc2e870,hqs_round1,37.60421362904676,0.9634988927850723,0.32005890796426684,0.005200984422117472
fresh_div2k_0877,DIV2K_fresh,fresh_div2k_0877,test,0.1,0.1001129150390625,0.0,2026,37dc4cc5f9fa84758686bd434945db415760367c2c236f97e27051067bc2e870,hqs_finetuned,37.63592762462758,0.9637458120670319,0.3307533230399713,0.00526120699942112
fresh_div2k_0877,DIV2K_fresh,fresh_div2k_0877,test,0.25,0.25,0.0,2026,d182beb7e7ad5cfd509d22e983b213126815011fc3aafd4027809a4ec52c7693,hqs,43.02240240604888,0.9886516829452515,0.32662530802190304,0.0027901160065084696
fresh_div2k_0877,DIV2K_fresh,fresh_div2k_0877,test,0.25,0.25,0.0,2026,d182beb7e7ad5cfd509d22e983b213126815011fc3aafd4027809a4ec52c7693,hqs_round1,43.44879515572582,0.9894333042240143,0.31806807802058756,0.0035883085802197456
fresh_div2k_0877,DIV2K_fresh,fresh_div2k_0877,test,0.25,0.25,0.0,2026,d182beb7e7ad5cfd509d22e983b213126815011fc3aafd4027809a4ec52c7693,hqs_finetuned,43.58763184383803,0.9896284860401153,0.31736595393158495,0.0038452004082500935
fresh_div2k_0877,DIV2K_fresh,fresh_div2k_0877,test,0.5,0.4998931884765625,0.0,2026,8e5225a5b49d2f6a82810f5d8867a15d7074166c11cf571ad6a7ef2a47c9916c,hqs,49.29062113706253,0.9969137450771332,0.3285299210110679,0.0019253611098974943
fresh_div2k_0877,DIV2K_fresh,fresh_div2k_0877,test,0.5,0.4998931884765625,0.0,2026,8e5225a5b49d2f6a82810f5d8867a15d7074166c11cf571ad6a7ef2a47c9916c,hqs_round1,50.00274709193498,0.9973090992841721,0.3158611349062994,0.003197434823960066
fresh_div2k_0877,DIV2K_fresh,fresh_div2k_0877,test,0.5,0.4998931884765625,0.0,2026,8e5225a5b49d2f6a82810f5d8867a15d7074166c11cf571ad6a7ef2a47c9916c,hqs_finetuned,50.35700454987023,0.9974761074991226,0.3159252939512953,0.00310240825638175
fresh_div2k_0877,DIV2K_fresh,fresh_div2k_0877,test,0.1,0.1001129150390625,0.01,2026,b9b9e1774af06dcd48202cbf25a9e9f14fd2f62d063e2939f73e34454dd22126,hqs,36.72883845397696,0.9572986985435485,0.33194245293270797,0.004200587514787912
fresh_div2k_0877,DIV2K_fresh,fresh_div2k_0877,test,0.1,0.1001129150390625,0.01,2026,b9b9e1774af06dcd48202cbf25a9e9f14fd2f62d063e2939f73e34454dd22126,hqs_round1,37.19534660876782,0.9597993878002167,0.3172348210355267,0.0046873996034264565
fresh_div2k_0877,DIV2K_fresh,fresh_div2k_0877,test,0.1,0.1001129150390625,0.01,2026,b9b9e1774af06dcd48202cbf25a9e9f14fd2f62d063e2939f73e34454dd22126,hqs_finetuned,37.2445127151994,0.959989394780159,0.3199460139730945,0.004838029853999615
fresh_div2k_0877,DIV2K_fresh,fresh_div2k_0877,test,0.1,0.1001129150390625,0.01,2027,f90c5092e05e63c0a946c66a9bef9a11dca8410ae8d13a57b1dd2ff5afb9b385,hqs,36.838007553094094,0.9579086667261124,0.3302187800873071,0.004339495208114386
fresh_div2k_0877,DIV2K_fresh,fresh_div2k_0877,test,0.1,0.1001129150390625,0.01,2027,f90c5092e05e63c0a946c66a9bef9a11dca8410ae8d13a57b1dd2ff5afb9b385,hqs_round1,37.13693801834883,0.9595568353109359,0.3171419530408457,0.004833281505852938
fresh_div2k_0877,DIV2K_fresh,fresh_div2k_0877,test,0.1,0.1001129150390625,0.01,2027,f90c5092e05e63c0a946c66a9bef9a11dca8410ae8d13a57b1dd2ff5afb9b385,hqs_finetuned,37.14647358386416,0.9594779409418106,0.319074478931725,0.004985340405255556
fresh_div2k_0877,DIV2K_fresh,fresh_div2k_0877,test,0.1,0.1001129150390625,0.01,2028,de6870a0d5c819ac9ceb6fa62121456fe777702d562d7545368c41490144f107,hqs,36.83202936316506,0.9583035006980896,0.32532668905332685,0.004201026633381844
fresh_div2k_0877,DIV2K_fresh,fresh_div2k_0877,test,0.1,0.1001129150390625,0.01,2028,de6870a0d5c819ac9ceb6fa62121456fe777702d562d7545368c41490144f107,hqs_round1,37.24496809355154,0.9605435621242523,0.32155099301598966,0.004752168897539377
fresh_div2k_0877,DIV2K_fresh,fresh_div2k_0877,test,0.1,0.1001129150390625,0.01,2028,de6870a0d5c819ac9ceb6fa62121456fe777702d562d7545368c41490144f107,hqs_finetuned,37.25394490651663,0.9604769323444367,0.3315747519955039,0.004823931492865086
fresh_div2k_0877,DIV2K_fresh,fresh_div2k_0877,test,0.1,0.1001129150390625,0.05,2026,420b53feb8fb1f93cfbc69af78d55ca4713923049c6a92e2bbec921a21a2a080,hqs,33.65677628244451,0.8990791814556122,0.334033663966693,0.002808279823511839
fresh_div2k_0877,DIV2K_fresh,fresh_div2k_0877,test,0.1,0.1001129150390625,0.05,2026,420b53feb8fb1f93cfbc69af78d55ca4713923049c6a92e2bbec921a21a2a080,hqs_round1,33.68395590588496,0.9012463775763512,0.3220276179490611,0.002922400599345565
fresh_div2k_0877,DIV2K_fresh,fresh_div2k_0877,test,0.1,0.1001129150390625,0.05,2026,420b53feb8fb1f93cfbc69af78d55ca4713923049c6a92e2bbec921a21a2a080,hqs_finetuned,34.22195473467515,0.9192201443529129,0.3186103568878025,0.019197994843125343
fresh_div2k_0877,DIV2K_fresh,fresh_div2k_0877,test,0.1,0.1001129150390625,0.05,2027,1ffca9db6e4be4201e260938dea41000baaf319b0c73a606161cc015b948b9fe,hqs,33.737559900069286,0.8998117367820739,0.32050621998496354,0.0028930155094712973
fresh_div2k_0877,DIV2K_fresh,fresh_div2k_0877,test,0.1,0.1001129150390625,0.05,2027,1ffca9db6e4be4201e260938dea41000baaf319b0c73a606161cc015b948b9fe,hqs_round1,33.73131561461233,0.9020039161396026,0.3230110510485247,0.0029674347024410963
fresh_div2k_0877,DIV2K_fresh,fresh_div2k_0877,test,0.1,0.1001129150390625,0.05,2027,1ffca9db6e4be4201e260938dea41000baaf319b0c73a606161cc015b948b9fe,hqs_finetuned,34.249557094402114,0.9209845127401352,0.330282537965104,0.02278881147503853
fresh_div2k_0877,DIV2K_fresh,fresh_div2k_0877,test,0.1,0.1001129150390625,0.05,2028,ed3adb3d7a520042a81627e2afe79560ee57e1a7a969114fad67032ece28576a,hqs,33.71428087411694,0.9004006565294266,0.32270982302725315,0.0026734003331512213
fresh_div2k_0877,DIV2K_fresh,fresh_div2k_0877,test,0.1,0.1001129150390625,0.05,2028,ed3adb3d7a520042a81627e2afe79560ee57e1a7a969114fad67032ece28576a,hqs_round1,33.75516158665774,0.9030704538292885,0.32320933090522885,0.002814790466800332
fresh_div2k_0877,DIV2K_fresh,fresh_div2k_0877,test,0.1,0.1001129150390625,0.05,2028,ed3adb3d7a520042a81627e2afe79560ee57e1a7a969114fad67032ece28576a,hqs_finetuned,34.181858260349166,0.919987350971222,0.3222160270670429,0.018605412915349007
fresh_div2k_0879,DIV2K_fresh,fresh_div2k_0879,test,0.01,0.01031494140625,0.0,2026,12d84d1acaf4790ff8a714c0c70dc3ba5b4ad3d259f6c723baa59cc65b6bfb46,hqs,20.23978466268276,0.6675410163549477,0.3333407479804009,0.00958560872823
fresh_div2k_0879,DIV2K_fresh,fresh_div2k_0879,test,0.01,0.01031494140625,0.0,2026,12d84d1acaf4790ff8a714c0c70dc3ba5b4ad3d259f6c723baa59cc65b6bfb46,hqs_round1,20.258219179564886,0.6686835434708748,0.321142373024486,0.009064998477697372
fresh_div2k_0879,DIV2K_fresh,fresh_div2k_0879,test,0.01,0.01031494140625,0.0,2026,12d84d1acaf4790ff8a714c0c70dc3ba5b4ad3d259f6c723baa59cc65b6bfb46,hqs_finetuned,20.437454628687046,0.6741558215867072,0.31770279398187995,0.01170485932379961
fresh_div2k_0879,DIV2K_fresh,fresh_div2k_0879,test,0.04,0.041259765625,0.0,2026,707963fcb3e8c3bb930d6a27bbc862eedd5696a05da8dd42193401e9ca25da0a,hqs,24.345323814492247,0.8472104453868805,0.35434042604174465,0.008758722804486752
fresh_div2k_0879,DIV2K_fresh,fresh_div2k_0879,test,0.04,0.041259765625,0.0,2026,707963fcb3e8c3bb930d6a27bbc862eedd5696a05da8dd42193401e9ca25da0a,hqs_round1,24.350941749360132,0.8473716368487086,0.31632634601555765,0.008355708792805672
fresh_div2k_0879,DIV2K_fresh,fresh_div2k_0879,test,0.04,0.041259765625,0.0,2026,707963fcb3e8c3bb930d6a27bbc862eedd5696a05da8dd42193401e9ca25da0a,hqs_finetuned,24.423360359580148,0.8451279006052278,0.31766778603196144,0.009570561349391937
fresh_div2k_0879,DIV2K_fresh,fresh_div2k_0879,test,0.1,0.1001129150390625,0.0,2026,84b914ca817d8ced02d36540c0d096559e226a8fb94b038d781ecffef1e262d6,hqs,27.58792344207672,0.9224051168447733,0.3186125149950385,0.006542041432112455
fresh_div2k_0879,DIV2K_fresh,fresh_div2k_0879,test,0.1,0.1001129150390625,0.0,2026,84b914ca817d8ced02d36540c0d096559e226a8fb94b038d781ecffef1e262d6,hqs_round1,27.693693616497264,0.9236778209677935,0.3191788580734283,0.006639542523771524
fresh_div2k_0879,DIV2K_fresh,fresh_div2k_0879,test,0.1,0.1001129150390625,0.0,2026,84b914ca817d8ced02d36540c0d096559e226a8fb94b038d781ecffef1e262d6,hqs_finetuned,27.73902071331523,0.9210327176483869,0.3174726599827409,0.008572770282626152
fresh_div2k_0879,DIV2K_fresh,fresh_div2k_0879,test,0.25,0.25,0.0,2026,04a681323f55974043ddb3df33b536927d96302f27139589bb6886e857c852ca,hqs,33.18798700749265,0.976175124853611,0.3306262530386448,0.004451597109436989
fresh_div2k_0879,DIV2K_fresh,fresh_div2k_0879,test,0.25,0.25,0.0,2026,04a681323f55974043ddb3df33b536927d96302f27139589bb6886e857c852ca,hqs_round1,33.37589458263663,0.9769133046774864,0.3228913589846343,0.0048497808165848255
fresh_div2k_0879,DIV2K_fresh,fresh_div2k_0879,test,0.25,0.25,0.0,2026,04a681323f55974043ddb3df33b536927d96302f27139589bb6886e857c852ca,hqs_finetuned,33.47772070069955,0.9767105935754776,0.31773556501138955,0.0056839012540876865
fresh_div2k_0879,DIV2K_fresh,fresh_div2k_0879,test,0.5,0.4998931884765625,0.0,2026,3959739b238073712a4296dab85fedf0f34ccbe7e9980898206226314de633d0,hqs,39.82829714380858,0.99330894161129,0.3277350770076737,0.002970790956169367
fresh_div2k_0879,DIV2K_fresh,fresh_div2k_0879,test,0.5,0.4998931884765625,0.0,2026,3959739b238073712a4296dab85fedf0f34ccbe7e9980898206226314de633d0,hqs_round1,40.033247645717566,0.993604656252861,0.31807369203306735,0.0035880389623343945
fresh_div2k_0879,DIV2K_fresh,fresh_div2k_0879,test,0.5,0.4998931884765625,0.0,2026,3959739b238073712a4296dab85fedf0f34ccbe7e9980898206226314de633d0,hqs_finetuned,40.14753663364922,0.9936480206375122,0.31901597406249493,0.003643657313659787
fresh_div2k_0879,DIV2K_fresh,fresh_div2k_0879,test,0.1,0.1001129150390625,0.01,2026,5f741fefcc866644055aacd2167a9653d1d5f53540e6ab855c10c55dbe623bbf,hqs,27.280391056868723,0.9161474156450033,0.3195760139496997,0.006685169879347086
fresh_div2k_0879,DIV2K_fresh,fresh_div2k_0879,test,0.1,0.1001129150390625,0.01,2026,5f741fefcc866644055aacd2167a9653d1d5f53540e6ab855c10c55dbe623bbf,hqs_round1,27.317983229099628,0.9169423095111847,0.32242780399974436,0.00681960117071867
fresh_div2k_0879,DIV2K_fresh,fresh_div2k_0879,test,0.1,0.1001129150390625,0.01,2026,5f741fefcc866644055aacd2167a9653d1d5f53540e6ab855c10c55dbe623bbf,hqs_finetuned,27.389831457639694,0.9143881982951164,0.3174042949685827,0.010694733820855618
fresh_div2k_0879,DIV2K_fresh,fresh_div2k_0879,test,0.1,0.1001129150390625,0.01,2027,9dd1461edc25dc7445e4b5a8c22428121c2d75ff6125476e5436dbf1f4466393,hqs,27.336521196234482,0.9173639375154972,0.3266100080218166,0.006694731302559376
fresh_div2k_0879,DIV2K_fresh,fresh_div2k_0879,test,0.1,0.1001129150390625,0.01,2027,9dd1461edc25dc7445e4b5a8c22428121c2d75ff6125476e5436dbf1f4466393,hqs_round1,27.364828420599103,0.917954270670414,0.3201447579776868,0.0068723298609256744
fresh_div2k_0879,DIV2K_fresh,fresh_div2k_0879,test,0.1,0.1001129150390625,0.01,2027,9dd1461edc25dc7445e4b5a8c22428121c2d75ff6125476e5436dbf1f4466393,hqs_finetuned,27.42512303036351,0.9151418588742017,0.31899595505092293,0.011084257625043392
fresh_div2k_0879,DIV2K_fresh,fresh_div2k_0879,test,0.1,0.1001129150390625,0.01,2028,ca2eea7252851cea10eaf4967449892c6b6ef9d05d521b2f09b86e2cad563b1e,hqs,27.34241009999505,0.9172612605336905,0.3291458049789071,0.006548250559717417
fresh_div2k_0879,DIV2K_fresh,fresh_div2k_0879,test,0.1,0.1001129150390625,0.01,2028,ca2eea7252851cea10eaf4967449892c6b6ef9d05d521b2f09b86e2cad563b1e,hqs_round1,27.38155762993751,0.9182826150617004,0.32561052998062223,0.0066402265802025795
fresh_div2k_0879,DIV2K_fresh,fresh_div2k_0879,test,0.1,0.1001129150390625,0.01,2028,ca2eea7252851cea10eaf4967449892c6b6ef9d05d521b2f09b86e2cad563b1e,hqs_finetuned,27.428034045964186,0.9154230089698434,0.32682816695887595,0.010477103292942047
fresh_div2k_0879,DIV2K_fresh,fresh_div2k_0879,test,0.1,0.1001129150390625,0.05,2026,4fc71d27878ef6a8868765c001dd1224ef4fc8b6875e3220b8724aa514377354,hqs,25.072532119265265,0.7845422971677333,0.3295425530523062,0.005468695890158415
fresh_div2k_0879,DIV2K_fresh,fresh_div2k_0879,test,0.1,0.1001129150390625,0.05,2026,4fc71d27878ef6a8868765c001dd1224ef4fc8b6875e3220b8724aa514377354,hqs_round1,25.000800217185947,0.7906096956006754,0.32218669005669653,0.005350202787667513
fresh_div2k_0879,DIV2K_fresh,fresh_div2k_0879,test,0.1,0.1001129150390625,0.05,2026,4fc71d27878ef6a8868765c001dd1224ef4fc8b6875e3220b8724aa514377354,hqs_finetuned,25.646279402605494,0.8750001563173533,0.3173712940188125,0.03981409966945648
fresh_div2k_0879,DIV2K_fresh,fresh_div2k_0879,test,0.1,0.1001129150390625,0.05,2027,f6fefd07c3cf3e5c262ec821aba1ace6b1c909618b5d58d948c778885a72a036,hqs,25.08194075631456,0.7759036319878623,0.32756557199172676,0.005274595692753792
fresh_div2k_0879,DIV2K_fresh,fresh_div2k_0879,test,0.1,0.1001129150390625,0.05,2027,f6fefd07c3cf3e5c262ec821aba1ace6b1c909618b5d58d948c778885a72a036,hqs_round1,25.021118180293172,0.7835336004846022,0.31624190299771726,0.005071005318313837
fresh_div2k_0879,DIV2K_fresh,fresh_div2k_0879,test,0.1,0.1001129150390625,0.05,2027,f6fefd07c3cf3e5c262ec821aba1ace6b1c909618b5d58d948c778885a72a036,hqs_finetuned,25.743054807567027,0.8768670207895041,0.31715003796853125,0.0414123497903347
fresh_div2k_0879,DIV2K_fresh,fresh_div2k_0879,test,0.1,0.1001129150390625,0.05,2028,dcb269b247dd00d342dea0b734a5c324f3e788417bf5f6c42c408f39ae1a970e,hqs,25.131652879991663,0.7794078852962995,0.32162440998945385,0.005391461309045553
fresh_div2k_0879,DIV2K_fresh,fresh_div2k_0879,test,0.1,0.1001129150390625,0.05,2028,dcb269b247dd00d342dea0b734a5c324f3e788417bf5f6c42c408f39ae1a970e,hqs_round1,25.08485729110828,0.7872796445609834,0.3165478069568053,0.005180023144930601
fresh_div2k_0879,DIV2K_fresh,fresh_div2k_0879,test,0.1,0.1001129150390625,0.05,2028,dcb269b247dd00d342dea0b734a5c324f3e788417bf5f6c42c408f39ae1a970e,hqs_finetuned,25.749302022224178,0.878618964576184,0.31812154001090676,0.039682500064373016
fresh_div2k_0883,DIV2K_fresh,fresh_div2k_0883,test,0.01,0.01031494140625,0.0,2026,9b404f86af9c66398642d64290bb53964035543b28a981adb1491ec8add1b05a,hqs,19.369031138168115,0.40928758120793735,0.3284326819702983,0.00868994276970625
fresh_div2k_0883,DIV2K_fresh,fresh_div2k_0883,test,0.01,0.01031494140625,0.0,2026,9b404f86af9c66398642d64290bb53964035543b28a981adb1491ec8add1b05a,hqs_round1,19.380169993381124,0.40846303185781613,0.31610850209835917,0.0077888513915240765
fresh_div2k_0883,DIV2K_fresh,fresh_div2k_0883,test,0.01,0.01031494140625,0.0,2026,9b404f86af9c66398642d64290bb53964035543b28a981adb1491ec8add1b05a,hqs_finetuned,19.464434278796332,0.41006198579606584,0.31885973003227264,0.013229666277766228
fresh_div2k_0883,DIV2K_fresh,fresh_div2k_0883,test,0.04,0.041259765625,0.0,2026,9d429baf2dee08d23e1f6b8fcbf4c7055d3e40bdcb25715dca726cb5d6d9d9d6,hqs,22.682376391513905,0.6575469672373905,0.32198656199034303,0.006394583266228437
fresh_div2k_0883,DIV2K_fresh,fresh_div2k_0883,test,0.04,0.041259765625,0.0,2026,9d429baf2dee08d23e1f6b8fcbf4c7055d3e40bdcb25715dca726cb5d6d9d9d6,hqs_round1,22.701575774202407,0.6576572657648255,0.31802912103012204,0.005829166155308485
fresh_div2k_0883,DIV2K_fresh,fresh_div2k_0883,test,0.04,0.041259765625,0.0,2026,9d429baf2dee08d23e1f6b8fcbf4c7055d3e40bdcb25715dca726cb5d6d9d9d6,hqs_finetuned,22.722761627819168,0.6542322336722494,0.3156197089701891,0.007564458530396223
fresh_div2k_0883,DIV2K_fresh,fresh_div2k_0883,test,0.1,0.1001129150390625,0.0,2026,ccd79da2089af8acf167c1d169b2283121d04a81e71626c399e84c3c7c045b68,hqs,24.74982561657061,0.7781495457997322,0.3198015809757635,0.0035573288332670927
fresh_div2k_0883,DIV2K_fresh,fresh_div2k_0883,test,0.1,0.1001129150390625,0.0,2026,ccd79da2089af8acf167c1d169b2283121d04a81e71626c399e84c3c7c045b68,hqs_round1,24.769484822218732,0.7780522610755339,0.3145589630585164,0.0033349134027957916
fresh_div2k_0883,DIV2K_fresh,fresh_div2k_0883,test,0.1,0.1001129150390625,0.0,2026,ccd79da2089af8acf167c1d169b2283121d04a81e71626c399e84c3c7c045b68,hqs_finetuned,24.827627872161962,0.7776291317394376,0.3165680019883439,0.0049204714596271515
fresh_div2k_0883,DIV2K_fresh,fresh_div2k_0883,test,0.25,0.25,0.0,2026,1930e333b8f4b12098b2c4053f4d6967b6c39cbdccee5c8a72cf93c05c7fea10,hqs,27.828046996689192,0.8897039208841324,0.3269143250072375,0.00287422863766551
fresh_div2k_0883,DIV2K_fresh,fresh_div2k_0883,test,0.25,0.25,0.0,2026,1930e333b8f4b12098b2c4053f4d6967b6c39cbdccee5c8a72cf93c05c7fea10,hqs_round1,27.891326250446756,0.8903322710165977,0.3161516929976642,0.002866447903215885
fresh_div2k_0883,DIV2K_fresh,fresh_div2k_0883,test,0.25,0.25,0.0,2026,1930e333b8f4b12098b2c4053f4d6967b6c39cbdccee5c8a72cf93c05c7fea10,hqs_finetuned,27.90994084755063,0.8895485055470467,0.3199404129991308,0.003624618286266923
fresh_div2k_0883,DIV2K_fresh,fresh_div2k_0883,test,0.5,0.4998931884765625,0.0,2026,095eb096234566e3d7c012a60e0a40e38b68454c572781e7d7556f5046e54c29,hqs,31.874964908439,0.9547048068523407,0.32820056192576885,0.002252696780487895
fresh_div2k_0883,DIV2K_fresh,fresh_div2k_0883,test,0.5,0.4998931884765625,0.0,2026,095eb096234566e3d7c012a60e0a40e38b68454c572781e7d7556f5046e54c29,hqs_round1,31.948974422790553,0.955498484336853,0.32359227898996323,0.002528565237298608
fresh_div2k_0883,DIV2K_fresh,fresh_div2k_0883,test,0.5,0.4998931884765625,0.0,2026,095eb096234566e3d7c012a60e0a40e38b68454c572781e7d7556f5046e54c29,hqs_finetuned,31.991740908294442,0.9553197579221725,0.31627776799723506,0.0029090209864079952
fresh_div2k_0883,DIV2K_fresh,fresh_div2k_0883,test,0.1,0.1001129150390625,0.01,2026,063b75338e73b6894a8bfa2e1bd0f12b95b51643ebdc41b66100620bf5b1f7a9,hqs,24.68217871992173,0.774784460960567,0.33162649103906006,0.0034750315826386213
fresh_div2k_0883,DIV2K_fresh,fresh_div2k_0883,test,0.1,0.1001129150390625,0.01,2026,063b75338e73b6894a8bfa2e1bd0f12b95b51643ebdc41b66100620bf5b1f7a9,hqs_round1,24.69354386467066,0.7748930221887902,0.31647620303556323,0.0032772778067737818
fresh_div2k_0883,DIV2K_fresh,fresh_div2k_0883,test,0.1,0.1001129150390625,0.01,2026,063b75338e73b6894a8bfa2e1bd0f12b95b51643ebdc41b66100620bf5b1f7a9,hqs_finetuned,24.756817158160388,0.7746230619267225,0.31521428609266877,0.005454646423459053
fresh_div2k_0883,DIV2K_fresh,fresh_div2k_0883,test,0.1,0.1001129150390625,0.01,2027,ba8c05a09f290d7751484af311d5eddb2b348fba2ffdc06378c85b2ecb2e2d23,hqs,24.68757811552813,0.7747646636817753,0.3545512630371377,0.003469933522865176
fresh_div2k_0883,DIV2K_fresh,fresh_div2k_0883,test,0.1,0.1001129150390625,0.01,2027,ba8c05a09f290d7751484af311d5eddb2b348fba2ffdc06378c85b2ecb2e2d23,hqs_round1,24.708320905295796,0.7750422260308415,0.3498402839759365,0.0032751653343439102
fresh_div2k_0883,DIV2K_fresh,fresh_div2k_0883,test,0.1,0.1001129150390625,0.01,2027,ba8c05a09f290d7751484af311d5eddb2b348fba2ffdc06378c85b2ecb2e2d23,hqs_finetuned,24.76534666889411,0.774244060346365,0.34772664902266115,0.005841992329806089
fresh_div2k_0883,DIV2K_fresh,fresh_div2k_0883,test,0.1,0.1001129150390625,0.01,2028,ec38060053efcc83fcfd09b6485cdfbb8434a3fa1664a9c389d0db07f697bf00,hqs,24.683372774714286,0.7745324068498611,0.32353218900971115,0.0034829939249902964
fresh_div2k_0883,DIV2K_fresh,fresh_div2k_0883,test,0.1,0.1001129150390625,0.01,2028,ec38060053efcc83fcfd09b6485cdfbb8434a3fa1664a9c389d0db07f697bf00,hqs_round1,24.69801117831316,0.7745475887283981,0.3227875200100243,0.003297478659078479
fresh_div2k_0883,DIV2K_fresh,fresh_div2k_0883,test,0.1,0.1001129150390625,0.01,2028,ec38060053efcc83fcfd09b6485cdfbb8434a3fa1664a9c389d0db07f697bf00,hqs_finetuned,24.765488106721115,0.7740427132183909,0.3291891369735822,0.006164984777569771
fresh_div2k_0883,DIV2K_fresh,fresh_div2k_0883,test,0.1,0.1001129150390625,0.05,2026,c5d4e6ef36b8e6a0b3188241246b3c414b7f3d463c8e9a68f9cb0f9687d1c686,hqs,23.58278528558385,0.7103808428959176,0.3291069359984249,0.003286998951807618
fresh_div2k_0883,DIV2K_fresh,fresh_div2k_0883,test,0.1,0.1001129150390625,0.05,2026,c5d4e6ef36b8e6a0b3188241246b3c414b7f3d463c8e9a68f9cb0f9687d1c686,hqs_round1,23.568774686465176,0.7109818735974445,0.32015635597053915,0.0027784674894064665
fresh_div2k_0883,DIV2K_fresh,fresh_div2k_0883,test,0.1,0.1001129150390625,0.05,2026,c5d4e6ef36b8e6a0b3188241246b3c414b7f3d463c8e9a68f9cb0f9687d1c686,hqs_finetuned,23.892646605533212,0.7276892675395134,0.3195622470229864,0.028568945825099945
fresh_div2k_0883,DIV2K_fresh,fresh_div2k_0883,test,0.1,0.1001129150390625,0.05,2027,694ef21a4ab37d08bd25af4aaf020474a1d8ceae6eb2e37f183456d8110eadad,hqs,23.55323447779491,0.7079475838057911,0.32417804503347725,0.0033335175830870867
fresh_div2k_0883,DIV2K_fresh,fresh_div2k_0883,test,0.1,0.1001129150390625,0.05,2027,694ef21a4ab37d08bd25af4aaf020474a1d8ceae6eb2e37f183456d8110eadad,hqs_round1,23.554338291603372,0.7093523058623606,0.32176184409763664,0.0028219101950526237
fresh_div2k_0883,DIV2K_fresh,fresh_div2k_0883,test,0.1,0.1001129150390625,0.05,2027,694ef21a4ab37d08bd25af4aaf020474a1d8ceae6eb2e37f183456d8110eadad,hqs_finetuned,23.87872659044938,0.7247421665928494,0.3255312329856679,0.02890944853425026
fresh_div2k_0883,DIV2K_fresh,fresh_div2k_0883,test,0.1,0.1001129150390625,0.05,2028,374dd7929869148207a00477ac8088a6645941a8fae3d31faff207c02ee9437b,hqs,23.58027630375033,0.7098552138250545,0.3227636399678886,0.0033714864403009415
fresh_div2k_0883,DIV2K_fresh,fresh_div2k_0883,test,0.1,0.1001129150390625,0.05,2028,374dd7929869148207a00477ac8088a6645941a8fae3d31faff207c02ee9437b,hqs_round1,23.578044241361034,0.7113151117120311,0.322952787973918,0.0028991461731493473
fresh_div2k_0883,DIV2K_fresh,fresh_div2k_0883,test,0.1,0.1001129150390625,0.05,2028,374dd7929869148207a00477ac8088a6645941a8fae3d31faff207c02ee9437b,hqs_finetuned,23.923781072057466,0.7276538398054913,0.32263057003729045,0.028805304318666458
fresh_div2k_0887,DIV2K_fresh,fresh_div2k_0887,test,0.01,0.01031494140625,0.0,2026,5dd328f1eced1eb31d6f82201a1adb0d02f5b983c6ce89545514f53f1a4e1a91,hqs,19.54786936830175,0.5057177437256517,0.3275187920080498,0.005124357528984547
fresh_div2k_0887,DIV2K_fresh,fresh_div2k_0887,test,0.01,0.01031494140625,0.0,2026,5dd328f1eced1eb31d6f82201a1adb0d02f5b983c6ce89545514f53f1a4e1a91,hqs_round1,19.57637842950392,0.5052381387184083,0.3220309460302815,0.004975979682058096
fresh_div2k_0887,DIV2K_fresh,fresh_div2k_0887,test,0.01,0.01031494140625,0.0,2026,5dd328f1eced1eb31d6f82201a1adb0d02f5b983c6ce89545514f53f1a4e1a91,hqs_finetuned,19.64575731193332,0.502557060609866,0.31932533404324204,0.007926865480840206
fresh_div2k_0887,DIV2K_fresh,fresh_div2k_0887,test,0.04,0.041259765625,0.0,2026,7f4fb3ba12799ec41178a010179e86e3a934d0fec2e5e4424a600288a653b122,hqs,22.259215195927165,0.6956126931779782,0.3264603919815272,0.00501839118078351
fresh_div2k_0887,DIV2K_fresh,fresh_div2k_0887,test,0.04,0.041259765625,0.0,2026,7f4fb3ba12799ec41178a010179e86e3a934d0fec2e5e4424a600288a653b122,hqs_round1,22.209549983914997,0.6942836545091831,0.3195621310733259,0.004574748687446117
fresh_div2k_0887,DIV2K_fresh,fresh_div2k_0887,test,0.04,0.041259765625,0.0,2026,7f4fb3ba12799ec41178a010179e86e3a934d0fec2e5e4424a600288a653b122,hqs_finetuned,22.298860895583616,0.6936267621449911,0.3285626140423119,0.005370731931179762
fresh_div2k_0887,DIV2K_fresh,fresh_div2k_0887,test,0.1,0.1001129150390625,0.0,2026,a3c7d818260dc227a1f00ffa2cc63a351c85814bbb1ac33895814b479e567db6,hqs,24.770876298543335,0.8196971432049498,0.33370809396728873,0.0045152632519602776
fresh_div2k_0887,DIV2K_fresh,fresh_div2k_0887,test,0.1,0.1001129150390625,0.0,2026,a3c7d818260dc227a1f00ffa2cc63a351c85814bbb1ac33895814b479e567db6,hqs_round1,24.802275143861845,0.819615432548672,0.32201987598091364,0.004371871706098318
fresh_div2k_0887,DIV2K_fresh,fresh_div2k_0887,test,0.1,0.1001129150390625,0.0,2026,a3c7d818260dc227a1f00ffa2cc63a351c85814bbb1ac33895814b479e567db6,hqs_finetuned,24.86688483556136,0.8172945685249455,0.32078150007873774,0.004739351104944944
fresh_div2k_0887,DIV2K_fresh,fresh_div2k_0887,test,0.25,0.25,0.0,2026,4be3675a74b8aab6b09de411be3d2594a25132953981528b9dbb49f188158b88,hqs,28.816630714871,0.9236512682685852,0.33077530399896204,0.003614007495343685
fresh_div2k_0887,DIV2K_fresh,fresh_div2k_0887,test,0.25,0.25,0.0,2026,4be3675a74b8aab6b09de411be3d2594a25132953981528b9dbb49f188158b88,hqs_round1,28.982094461467796,0.9248149851646423,0.322368333931081,0.003853021189570427
fresh_div2k_0887,DIV2K_fresh,fresh_div2k_0887,test,0.25,0.25,0.0,2026,4be3675a74b8aab6b09de411be3d2594a25132953981528b9dbb49f188158b88,hqs_finetuned,28.989741311308933,0.9236196854200364,0.3163295550039038,0.003944972064346075
fresh_div2k_0887,DIV2K_fresh,fresh_div2k_0887,test,0.5,0.4998931884765625,0.0,2026,d7dd7044612adbe97902ab6c3c6362e248ad5221874749c1d1e178386f093750,hqs,34.26862288002302,0.9748042458381653,0.3200038659851998,0.00285365735180676
fresh_div2k_0887,DIV2K_fresh,fresh_div2k_0887,test,0.5,0.4998931884765625,0.0,2026,d7dd7044612adbe97902ab6c3c6362e248ad5221874749c1d1e178386f093750,hqs_round1,34.425141020308715,0.9754008788347244,0.31655873300042003,0.0036339936777949333
fresh_div2k_0887,DIV2K_fresh,fresh_div2k_0887,test,0.5,0.4998931884765625,0.0,2026,d7dd7044612adbe97902ab6c3c6362e248ad5221874749c1d1e178386f093750,hqs_finetuned,34.45088360032213,0.9753308429174423,0.3219869389431551,0.003191258292645216
fresh_div2k_0887,DIV2K_fresh,fresh_div2k_0887,test,0.1,0.1001129150390625,0.01,2026,86c1bf079fc299d7dd685852fd937fe69248319d924e10add05c842b3d232d58,hqs,24.638402251688703,0.8134765780750066,0.3256933660013601,0.004406539723277092
fresh_div2k_0887,DIV2K_fresh,fresh_div2k_0887,test,0.1,0.1001129150390625,0.01,2026,86c1bf079fc299d7dd685852fd937fe69248319d924e10add05c842b3d232d58,hqs_round1,24.627470564727034,0.8130425953689814,0.3180796679807827,0.0042616501450538635
fresh_div2k_0887,DIV2K_fresh,fresh_div2k_0887,test,0.1,0.1001129150390625,0.01,2026,86c1bf079fc299d7dd685852fd937fe69248319d924e10add05c842b3d232d58,hqs_finetuned,24.71990832653651,0.809916885204643,0.317360867979005,0.0066243321634829044
fresh_div2k_0887,DIV2K_fresh,fresh_div2k_0887,test,0.1,0.1001129150390625,0.01,2027,75b92d7967f27afbdfcef977fe080f46885c456cf8c128e517cc59b3c9f6d182,hqs,24.629792938281273,0.8136037388194204,0.32517464901320636,0.004263944923877716
fresh_div2k_0887,DIV2K_fresh,fresh_div2k_0887,test,0.1,0.1001129150390625,0.01,2027,75b92d7967f27afbdfcef977fe080f46885c456cf8c128e517cc59b3c9f6d182,hqs_round1,24.62081068002858,0.8131601066106557,0.3192970030941069,0.004122426267713308
fresh_div2k_0887,DIV2K_fresh,fresh_div2k_0887,test,0.1,0.1001129150390625,0.01,2027,75b92d7967f27afbdfcef977fe080f46885c456cf8c128e517cc59b3c9f6d182,hqs_finetuned,24.714961732740854,0.8103828470402062,0.3172682800795883,0.006480101961642504
fresh_div2k_0887,DIV2K_fresh,fresh_div2k_0887,test,0.1,0.1001129150390625,0.01,2028,8ab6ed1fd123fdac07e07044ccffcdc50cfde45eb988faf75497bfe45565caa2,hqs,24.609305527190344,0.812947169329375,0.32294662203639746,0.0043492973782122135
fresh_div2k_0887,DIV2K_fresh,fresh_div2k_0887,test,0.1,0.1001129150390625,0.01,2028,8ab6ed1fd123fdac07e07044ccffcdc50cfde45eb988faf75497bfe45565caa2,hqs_round1,24.615248336693604,0.8128762993591279,0.3189842499559745,0.004212643019855022
fresh_div2k_0887,DIV2K_fresh,fresh_div2k_0887,test,0.1,0.1001129150390625,0.01,2028,8ab6ed1fd123fdac07e07044ccffcdc50cfde45eb988faf75497bfe45565caa2,hqs_finetuned,24.69533053398233,0.8098642813842892,0.3191211660159752,0.006272146478295326
fresh_div2k_0887,DIV2K_fresh,fresh_div2k_0887,test,0.1,0.1001129150390625,0.05,2026,50b4f1c67de88691e8753711f58119bf4c430b899567586172cdf37c2851dafa,hqs,23.11572378680765,0.6795152370368168,0.32785289210733026,0.0037951418198645115
fresh_div2k_0887,DIV2K_fresh,fresh_div2k_0887,test,0.1,0.1001129150390625,0.05,2026,50b4f1c67de88691e8753711f58119bf4c430b899567586172cdf37c2851dafa,hqs_round1,23.084441731677266,0.6866152747576106,0.3339775800704956,0.0034141347277909517
fresh_div2k_0887,DIV2K_fresh,fresh_div2k_0887,test,0.1,0.1001129150390625,0.05,2026,50b4f1c67de88691e8753711f58119bf4c430b899567586172cdf37c2851dafa,hqs_finetuned,23.560387286791375,0.7454527631370723,0.3330889049684629,0.034254804253578186
fresh_div2k_0887,DIV2K_fresh,fresh_div2k_0887,test,0.1,0.1001129150390625,0.05,2027,d48b9f579967e4a0cb5644a44d9e1c792ed98e92d56e8b195824a4a8e28c0cea,hqs,23.103047269485128,0.6777220150946193,0.3298200579592958,0.0035836612805724144
fresh_div2k_0887,DIV2K_fresh,fresh_div2k_0887,test,0.1,0.1001129150390625,0.05,2027,d48b9f579967e4a0cb5644a44d9e1c792ed98e92d56e8b195824a4a8e28c0cea,hqs_round1,23.080766235386857,0.6855840123810135,0.3179563239682466,0.003104578470811248
fresh_div2k_0887,DIV2K_fresh,fresh_div2k_0887,test,0.1,0.1001129150390625,0.05,2027,d48b9f579967e4a0cb5644a44d9e1c792ed98e92d56e8b195824a4a8e28c0cea,hqs_finetuned,23.58400301125146,0.7435875412513292,0.3168659269576892,0.035935547202825546
fresh_div2k_0887,DIV2K_fresh,fresh_div2k_0887,test,0.1,0.1001129150390625,0.05,2028,0d2218a5e646769244653cb2421aed73d2102ca714ebdd78ab77ca3537a4db65,hqs,23.02780832955345,0.6723239946046322,0.32428744388744235,0.00368349882774055
fresh_div2k_0887,DIV2K_fresh,fresh_div2k_0887,test,0.1,0.1001129150390625,0.05,2028,0d2218a5e646769244653cb2421aed73d2102ca714ebdd78ab77ca3537a4db65,hqs_round1,23.007200805035296,0.680279058172253,0.3172986190766096,0.003208945970982313
fresh_div2k_0887,DIV2K_fresh,fresh_div2k_0887,test,0.1,0.1001129150390625,0.05,2028,0d2218a5e646769244653cb2421aed73d2102ca714ebdd78ab77ca3537a4db65,hqs_finetuned,23.481768640208045,0.7407995776472185,0.31685068004298955,0.03605210781097412
fresh_div2k_0889,DIV2K_fresh,fresh_div2k_0889,test,0.01,0.01031494140625,0.0,2026,b00d7ff566671aafe988280faacb46a60b0546457edffd39b12e2b36a9f3526e,hqs,16.854842900241973,0.2620885448032384,0.32253217708785087,0.0048096273094415665
fresh_div2k_0889,DIV2K_fresh,fresh_div2k_0889,test,0.01,0.01031494140625,0.0,2026,b00d7ff566671aafe988280faacb46a60b0546457edffd39b12e2b36a9f3526e,hqs_round1,16.874208459496437,0.2638329914968522,0.3174967960221693,0.003878641175106168
fresh_div2k_0889,DIV2K_fresh,fresh_div2k_0889,test,0.01,0.01031494140625,0.0,2026,b00d7ff566671aafe988280faacb46a60b0546457edffd39b12e2b36a9f3526e,hqs_finetuned,16.91054576897052,0.2601576297384937,0.32043196097947657,0.0149898836389184
fresh_div2k_0889,DIV2K_fresh,fresh_div2k_0889,test,0.04,0.041259765625,0.0,2026,8cebb9676243f5b113b31edab310b91167dd3d73305678377e9a789d48c9273f,hqs,19.748062908658838,0.5677549895880215,0.33116057293955237,0.004657915327697992
fresh_div2k_0889,DIV2K_fresh,fresh_div2k_0889,test,0.04,0.041259765625,0.0,2026,8cebb9676243f5b113b31edab310b91167dd3d73305678377e9a789d48c9273f,hqs_round1,19.78357704509685,0.5697296120705498,0.3240795460296795,0.003924008924514055
fresh_div2k_0889,DIV2K_fresh,fresh_div2k_0889,test,0.04,0.041259765625,0.0,2026,8cebb9676243f5b113b31edab310b91167dd3d73305678377e9a789d48c9273f,hqs_finetuned,19.82769480490212,0.5667858279152437,0.31856695597525686,0.010811932384967804
fresh_div2k_0889,DIV2K_fresh,fresh_div2k_0889,test,0.1,0.1001129150390625,0.0,2026,aee75b9f496fad6d977249f931b70176f3d01779314e08019e5ed65fe3f15a19,hqs,22.673559217737775,0.7787256067489423,0.3281014880631119,0.004696996882557869
fresh_div2k_0889,DIV2K_fresh,fresh_div2k_0889,test,0.1,0.1001129150390625,0.0,2026,aee75b9f496fad6d977249f931b70176f3d01779314e08019e5ed65fe3f15a19,hqs_round1,22.704612397128997,0.7790918877513111,0.3181104559917003,0.004057948011904955
fresh_div2k_0889,DIV2K_fresh,fresh_div2k_0889,test,0.1,0.1001129150390625,0.0,2026,aee75b9f496fad6d977249f931b70176f3d01779314e08019e5ed65fe3f15a19,hqs_finetuned,22.758039206369762,0.7792529604256936,0.3172436279710382,0.006374826189130545
fresh_div2k_0889,DIV2K_fresh,fresh_div2k_0889,test,0.25,0.25,0.0,2026,cb7724048d46ce61f6313ac9b6feeab34e14b7036cd1f6032cb3a36962e17d9d,hqs,26.97201368764693,0.9187465613503456,0.32106788898818195,0.0037863440811634064
fresh_div2k_0889,DIV2K_fresh,fresh_div2k_0889,test,0.25,0.25,0.0,2026,cb7724048d46ce61f6313ac9b6feeab34e14b7036cd1f6032cb3a36962e17d9d,hqs_round1,26.983087064419845,0.9186220448288918,0.32271951506845653,0.0035364769864827394
fresh_div2k_0889,DIV2K_fresh,fresh_div2k_0889,test,0.25,0.25,0.0,2026,cb7724048d46ce61f6313ac9b6feeab34e14b7036cd1f6032cb3a36962e17d9d,hqs_finetuned,27.027459135831876,0.918307212539196,0.3219226930523291,0.005549381021410227
fresh_div2k_0889,DIV2K_fresh,fresh_div2k_0889,test,0.5,0.4998931884765625,0.0,2026,18a85fb82e94b778b5c16332660f2f28c4f6009e6d25df871a0b488aa645eb5d,hqs,32.18920418598864,0.9755711167850495,0.31731813203077763,0.002956058131530881
fresh_div2k_0889,DIV2K_fresh,fresh_div2k_0889,test,0.5,0.4998931884765625,0.0,2026,18a85fb82e94b778b5c16332660f2f28c4f6009e6d25df871a0b488aa645eb5d,hqs_round1,32.260496345629655,0.975843256070137,0.3166527150897309,0.003045848337933421
fresh_div2k_0889,DIV2K_fresh,fresh_div2k_0889,test,0.5,0.4998931884765625,0.0,2026,18a85fb82e94b778b5c16332660f2f28c4f6009e6d25df871a0b488aa645eb5d,hqs_finetuned,32.29537361177,0.975806908449173,0.31622660194989294,0.00421936297789216
fresh_div2k_0889,DIV2K_fresh,fresh_div2k_0889,test,0.1,0.1001129150390625,0.01,2026,6c51ff5ec3e3beb182d984134e82683093840dddd5a9b53ccf694b8e9f1c6823,hqs,22.62858673412805,0.7768050836471021,0.33302135905250907,0.004656621720641851
fresh_div2k_0889,DIV2K_fresh,fresh_div2k_0889,test,0.1,0.1001129150390625,0.01,2026,6c51ff5ec3e3beb182d984134e82683093840dddd5a9b53ccf694b8e9f1c6823,hqs_round1,22.661116796067667,0.7772663551745713,0.31700913002714515,0.0040120212361216545
fresh_div2k_0889,DIV2K_fresh,fresh_div2k_0889,test,0.1,0.1001129150390625,0.01,2026,6c51ff5ec3e3beb182d984134e82683093840dddd5a9b53ccf694b8e9f1c6823,hqs_finetuned,22.715587662987566,0.777032860841535,0.3187183670233935,0.006978150457143784
fresh_div2k_0889,DIV2K_fresh,fresh_div2k_0889,test,0.1,0.1001129150390625,0.01,2027,dad41ab1d25edb8b3403a9a92a1094867d3c21be63062a6e3049e826fd39d459,hqs,22.63452001886524,0.7772034940291606,0.3316459689522162,0.004629536997526884
fresh_div2k_0889,DIV2K_fresh,fresh_div2k_0889,test,0.1,0.1001129150390625,0.01,2027,dad41ab1d25edb8b3403a9a92a1094867d3c21be63062a6e3049e826fd39d459,hqs_round1,22.665846955287098,0.7775717770060598,0.3230074009625241,0.003984898794442415
fresh_div2k_0889,DIV2K_fresh,fresh_div2k_0889,test,0.1,0.1001129150390625,0.01,2027,dad41ab1d25edb8b3403a9a92a1094867d3c21be63062a6e3049e826fd39d459,hqs_finetuned,22.71968420555129,0.7775335130473823,0.319838554947637,0.0067859822884202
fresh_div2k_0889,DIV2K_fresh,fresh_div2k_0889,test,0.1,0.1001129150390625,0.01,2028,e7507118396dd607672285227dd7d72fe48e8d5953162b52f8786deda8378531,hqs,22.63871618431207,0.7769268962276429,0.326296154060401,0.004648213274776936
fresh_div2k_0889,DIV2K_fresh,fresh_div2k_0889,test,0.1,0.1001129150390625,0.01,2028,e7507118396dd607672285227dd7d72fe48e8d5953162b52f8786deda8378531,hqs_round1,22.668455562401483,0.7773068126442693,0.31824175699148327,0.004016049671918154
fresh_div2k_0889,DIV2K_fresh,fresh_div2k_0889,test,0.1,0.1001129150390625,0.01,2028,e7507118396dd607672285227dd7d72fe48e8d5953162b52f8786deda8378531,hqs_finetuned,22.722759987331393,0.7775447390261442,0.3153550319839269,0.006559489294886589
fresh_div2k_0889,DIV2K_fresh,fresh_div2k_0889,test,0.1,0.1001129150390625,0.05,2026,3eb6eb6b639d3e5458c5910f2a32278fd27b1f5f64e7ba6d3f939a834567214c,hqs,21.760543462174084,0.7377507608281262,0.3260413979878649,0.004418496508151293
fresh_div2k_0889,DIV2K_fresh,fresh_div2k_0889,test,0.1,0.1001129150390625,0.05,2026,3eb6eb6b639d3e5458c5910f2a32278fd27b1f5f64e7ba6d3f939a834567214c,hqs_round1,21.79683353670073,0.7389893419582192,0.315572603023611,0.0037650454323738813
fresh_div2k_0889,DIV2K_fresh,fresh_div2k_0889,test,0.1,0.1001129150390625,0.05,2026,3eb6eb6b639d3e5458c5910f2a32278fd27b1f5f64e7ba6d3f939a834567214c,hqs_finetuned,21.972361738143483,0.7411848830648586,0.3164090949576348,0.014838938601315022
fresh_div2k_0889,DIV2K_fresh,fresh_div2k_0889,test,0.1,0.1001129150390625,0.05,2027,d9430822a080587c5224688c1a949ea49b2a20f4df6353c8592cc35f631b43df,hqs,21.827509480997342,0.7415128326001178,0.3271225079661235,0.004333511460572481
fresh_div2k_0889,DIV2K_fresh,fresh_div2k_0889,test,0.1,0.1001129150390625,0.05,2027,d9430822a080587c5224688c1a949ea49b2a20f4df6353c8592cc35f631b43df,hqs_round1,21.86880236302553,0.7428189059012719,0.31455877306871116,0.003646204248070717
fresh_div2k_0889,DIV2K_fresh,fresh_div2k_0889,test,0.1,0.1001129150390625,0.05,2027,d9430822a080587c5224688c1a949ea49b2a20f4df6353c8592cc35f631b43df,hqs_finetuned,22.027958106543764,0.7445267614865899,0.3167293609585613,0.01622682996094227
fresh_div2k_0889,DIV2K_fresh,fresh_div2k_0889,test,0.1,0.1001129150390625,0.05,2028,554df95d03f5d45c3fdd6b528c96b6024310238e292615b1c5590532f643c836,hqs,21.81808261379503,0.7386502540903204,0.32533473800867796,0.004328272771090269
fresh_div2k_0889,DIV2K_fresh,fresh_div2k_0889,test,0.1,0.1001129150390625,0.05,2028,554df95d03f5d45c3fdd6b528c96b6024310238e292615b1c5590532f643c836,hqs_round1,21.856292734120544,0.7398662872913322,0.3172088370192796,0.0036223491188138723
fresh_div2k_0889,DIV2K_fresh,fresh_div2k_0889,test,0.1,0.1001129150390625,0.05,2028,554df95d03f5d45c3fdd6b528c96b6024310238e292615b1c5590532f643c836,hqs_finetuned,22.02336161401619,0.7425814802524596,0.3146567109506577,0.01599936932325363
fresh_div2k_0892,DIV2K_fresh,fresh_div2k_0892,test,0.01,0.01031494140625,0.0,2026,46d6b7f2d5d49bec4fb1b11c96dbb40551766c18b99cfb75ddf6d0f12bae17ac,hqs,17.564518865425242,0.1967340359574025,0.3169000359484926,0.002681432291865349
fresh_div2k_0892,DIV2K_fresh,fresh_div2k_0892,test,0.01,0.01031494140625,0.0,2026,46d6b7f2d5d49bec4fb1b11c96dbb40551766c18b99cfb75ddf6d0f12bae17ac,hqs_round1,17.55994875158952,0.19652568829086406,0.317791330977343,0.0020057884976267815
fresh_div2k_0892,DIV2K_fresh,fresh_div2k_0892,test,0.01,0.01031494140625,0.0,2026,46d6b7f2d5d49bec4fb1b11c96dbb40551766c18b99cfb75ddf6d0f12bae17ac,hqs_finetuned,17.5274732635604,0.1865525083468936,0.313872835948132,0.01603197678923607
fresh_div2k_0892,DIV2K_fresh,fresh_div2k_0892,test,0.04,0.041259765625,0.0,2026,d6e4668b96e7a42159282c2d9d03b6c8daa0cddc1abea7088dad7081fe33863e,hqs,19.40672753659953,0.5019959153386732,0.31786894192919135,0.003218841040506959
fresh_div2k_0892,DIV2K_fresh,fresh_div2k_0892,test,0.04,0.041259765625,0.0,2026,d6e4668b96e7a42159282c2d9d03b6c8daa0cddc1abea7088dad7081fe33863e,hqs_round1,19.40988491365697,0.5012330231154045,0.3169931329321116,0.0030864339787513018
fresh_div2k_0892,DIV2K_fresh,fresh_div2k_0892,test,0.04,0.041259765625,0.0,2026,d6e4668b96e7a42159282c2d9d03b6c8daa0cddc1abea7088dad7081fe33863e,hqs_finetuned,19.408854518179186,0.49449935962164876,0.3143311870517209,0.013625025749206543
fresh_div2k_0892,DIV2K_fresh,fresh_div2k_0892,test,0.1,0.1001129150390625,0.0,2026,40c27e624470ed8c9432c15c4d15d90978c4855a2e726d3e49e458fbf5c9df73,hqs,23.067733277714673,0.796847538359195,0.3297995440661907,0.004280359484255314
fresh_div2k_0892,DIV2K_fresh,fresh_div2k_0892,test,0.1,0.1001129150390625,0.0,2026,40c27e624470ed8c9432c15c4d15d90978c4855a2e726d3e49e458fbf5c9df73,hqs_round1,23.26243754180294,0.8047770196803249,0.31775795004796237,0.004453192465007305
fresh_div2k_0892,DIV2K_fresh,fresh_div2k_0892,test,0.1,0.1001129150390625,0.0,2026,40c27e624470ed8c9432c15c4d15d90978c4855a2e726d3e49e458fbf5c9df73,hqs_finetuned,23.39851045955133,0.815468074225217,0.31455744698178023,0.005438617896288633
fresh_div2k_0892,DIV2K_fresh,fresh_div2k_0892,test,0.25,0.25,0.0,2026,2de29040e15c3aef098266285eaa7395cd69098b0945e69b1d443b236dc37f0b,hqs,28.88655913243344,0.9461683649053574,0.3229134529829025,0.003188673174008727
fresh_div2k_0892,DIV2K_fresh,fresh_div2k_0892,test,0.25,0.25,0.0,2026,2de29040e15c3aef098266285eaa7395cd69098b0945e69b1d443b236dc37f0b,hqs_round1,29.209580029518072,0.950437768954277,0.31628257397096604,0.0034326387103646994
fresh_div2k_0892,DIV2K_fresh,fresh_div2k_0892,test,0.25,0.25,0.0,2026,2de29040e15c3aef098266285eaa7395cd69098b0945e69b1d443b236dc37f0b,hqs_finetuned,29.446786269255316,0.9533668785748481,0.3164898679824546,0.003888439852744341
fresh_div2k_0892,DIV2K_fresh,fresh_div2k_0892,test,0.5,0.4998931884765625,0.0,2026,847bdacc6117e09ca47d2435bef58bcb2837210653c24e1ad51c91da428a73f4,hqs,35.107508674175804,0.9867274574327469,0.3237656180281192,0.0023567485623061657
fresh_div2k_0892,DIV2K_fresh,fresh_div2k_0892,test,0.5,0.4998931884765625,0.0,2026,847bdacc6117e09ca47d2435bef58bcb2837210653c24e1ad51c91da428a73f4,hqs_round1,35.58814787047459,0.9881218030967712,0.3177257450297475,0.002862490015104413
fresh_div2k_0892,DIV2K_fresh,fresh_div2k_0892,test,0.5,0.4998931884765625,0.0,2026,847bdacc6117e09ca47d2435bef58bcb2837210653c24e1ad51c91da428a73f4,hqs_finetuned,36.08008750331513,0.9892965100440979,0.31401122105307877,0.0029989841859787703
fresh_div2k_0892,DIV2K_fresh,fresh_div2k_0892,test,0.1,0.1001129150390625,0.01,2026,b4c1b2fc357a108d8c51a53411255ef6404aa56c2d96a170e0df5ddf76d39147,hqs,22.928755132676216,0.7905092437384874,0.3257799509447068,0.004103092011064291
fresh_div2k_0892,DIV2K_fresh,fresh_div2k_0892,test,0.1,0.1001129150390625,0.01,2026,b4c1b2fc357a108d8c51a53411255ef6404aa56c2d96a170e0df5ddf76d39147,hqs_round1,23.102630811683483,0.7979233243732191,0.31600302504375577,0.004249525722116232
fresh_div2k_0892,DIV2K_fresh,fresh_div2k_0892,test,0.1,0.1001129150390625,0.01,2026,b4c1b2fc357a108d8c51a53411255ef6404aa56c2d96a170e0df5ddf76d39147,hqs_finetuned,23.23715518960882,0.8088413800790222,0.3142851609736681,0.005712683312594891
fresh_div2k_0892,DIV2K_fresh,fresh_div2k_0892,test,0.1,0.1001129150390625,0.01,2027,9a190533085c57f9fc153d029c3ad17e69892431a02a298273149eacd0a375b8,hqs,22.92710720521914,0.7906654916117415,0.33336550695821643,0.004174043424427509
fresh_div2k_0892,DIV2K_fresh,fresh_div2k_0892,test,0.1,0.1001129150390625,0.01,2027,9a190533085c57f9fc153d029c3ad17e69892431a02a298273149eacd0a375b8,hqs_round1,23.11083661552988,0.7984888095150888,0.3167482210556045,0.004303618799895048
fresh_div2k_0892,DIV2K_fresh,fresh_div2k_0892,test,0.1,0.1001129150390625,0.01,2027,9a190533085c57f9fc153d029c3ad17e69892431a02a298273149eacd0a375b8,hqs_finetuned,23.21447497346798,0.8080237880218625,0.325036455062218,0.00553029403090477
fresh_div2k_0892,DIV2K_fresh,fresh_div2k_0892,test,0.1,0.1001129150390625,0.01,2028,53ffb9bfed90f9b523de84e1d7c1f9a5c63368c1c91b83924612101d165c6f90,hqs,22.909768497369072,0.7888309399015904,0.32833132799714804,0.004077835939824581
fresh_div2k_0892,DIV2K_fresh,fresh_div2k_0892,test,0.1,0.1001129150390625,0.01,2028,53ffb9bfed90f9b523de84e1d7c1f9a5c63368c1c91b83924612101d165c6f90,hqs_round1,23.0977295414528,0.7966870057189316,0.3161288689589128,0.00419037789106369
fresh_div2k_0892,DIV2K_fresh,fresh_div2k_0892,test,0.1,0.1001129150390625,0.01,2028,53ffb9bfed90f9b523de84e1d7c1f9a5c63368c1c91b83924612101d165c6f90,hqs_finetuned,23.251243908197473,0.8084751925749183,0.31742339895572513,0.005664379335939884
fresh_div2k_0892,DIV2K_fresh,fresh_div2k_0892,test,0.1,0.1001129150390625,0.05,2026,f3d1aac1a651fb916afe9fa85fabc0cf5fd5571edb0a8c13be647579a73c034a,hqs,21.031110680131455,0.6873857838529523,0.32753270003013313,0.0029585412703454494
fresh_div2k_0892,DIV2K_fresh,fresh_div2k_0892,test,0.1,0.1001129150390625,0.05,2026,f3d1aac1a651fb916afe9fa85fabc0cf5fd5571edb0a8c13be647579a73c034a,hqs_round1,21.099340604992797,0.6922202632772313,0.3166490269359201,0.0028544245287775993
fresh_div2k_0892,DIV2K_fresh,fresh_div2k_0892,test,0.1,0.1001129150390625,0.05,2026,f3d1aac1a651fb916afe9fa85fabc0cf5fd5571edb0a8c13be647579a73c034a,hqs_finetuned,21.4191448190742,0.7148754648611657,0.31717290508095175,0.018267111852765083
fresh_div2k_0892,DIV2K_fresh,fresh_div2k_0892,test,0.1,0.1001129150390625,0.05,2027,e326df74037c91fe7bd3437bbbc4ccfedf04cc298f903b66fc41c982b701490e,hqs,20.989829704147684,0.6858699021494487,0.3261274649994448,0.0029669764917343855
fresh_div2k_0892,DIV2K_fresh,fresh_div2k_0892,test,0.1,0.1001129150390625,0.05,2027,e326df74037c91fe7bd3437bbbc4ccfedf04cc298f903b66fc41c982b701490e,hqs_round1,21.068665861695667,0.6913691880012659,0.3190408740192652,0.002949990564957261
fresh_div2k_0892,DIV2K_fresh,fresh_div2k_0892,test,0.1,0.1001129150390625,0.05,2027,e326df74037c91fe7bd3437bbbc4ccfedf04cc298f903b66fc41c982b701490e,hqs_finetuned,21.490286931595108,0.7192291272285629,0.3154349580872804,0.01743554323911667
fresh_div2k_0892,DIV2K_fresh,fresh_div2k_0892,test,0.1,0.1001129150390625,0.05,2028,a6750c2c2b6e8e9ebadba7488ac74ef98e999e7e9df8e8477454d7e72ec82510,hqs,21.035347444378566,0.6852979221515981,0.3204996020067483,0.002956546377390623
fresh_div2k_0892,DIV2K_fresh,fresh_div2k_0892,test,0.1,0.1001129150390625,0.05,2028,a6750c2c2b6e8e9ebadba7488ac74ef98e999e7e9df8e8477454d7e72ec82510,hqs_round1,21.126506459063457,0.6915313057524262,0.31748025596607476,0.00293711107224226
fresh_div2k_0892,DIV2K_fresh,fresh_div2k_0892,test,0.1,0.1001129150390625,0.05,2028,a6750c2c2b6e8e9ebadba7488ac74ef98e999e7e9df8e8477454d7e72ec82510,hqs_finetuned,21.51025694857649,0.7175911586368671,0.31986620801035315,0.01677921786904335
fresh_div2k_0896,DIV2K_fresh,fresh_div2k_0896,test,0.01,0.01031494140625,0.0,2026,3b7c7f5c9615af2a4305c20241f5ff2e8fb01818a3db95904e61b714795918a1,hqs,23.03341742642764,0.8809837031879397,0.3181284279562533,0.003587458049878478
fresh_div2k_0896,DIV2K_fresh,fresh_div2k_0896,test,0.01,0.01031494140625,0.0,2026,3b7c7f5c9615af2a4305c20241f5ff2e8fb01818a3db95904e61b714795918a1,hqs_round1,23.12301521847135,0.8823994398404574,0.3148502230178565,0.003588823601603508
fresh_div2k_0896,DIV2K_fresh,fresh_div2k_0896,test,0.01,0.01031494140625,0.0,2026,3b7c7f5c9615af2a4305c20241f5ff2e8fb01818a3db95904e61b714795918a1,hqs_finetuned,23.12302087293228,0.8817666421952683,0.3155120189767331,0.004897416569292545
fresh_div2k_0896,DIV2K_fresh,fresh_div2k_0896,test,0.04,0.041259765625,0.0,2026,acd9b379829b28ea7bb883e811099396aa2a4f0ae7f687ae758d8a6c70c9fa7c,hqs,29.442041142028348,0.952827074918747,0.31738247303292155,0.0026370538398623466
fresh_div2k_0896,DIV2K_fresh,fresh_div2k_0896,test,0.04,0.041259765625,0.0,2026,acd9b379829b28ea7bb883e811099396aa2a4f0ae7f687ae758d8a6c70c9fa7c,hqs_round1,29.671718137947014,0.9543549380241633,0.3145005840342492,0.0025884155184030533
fresh_div2k_0896,DIV2K_fresh,fresh_div2k_0896,test,0.04,0.041259765625,0.0,2026,acd9b379829b28ea7bb883e811099396aa2a4f0ae7f687ae758d8a6c70c9fa7c,hqs_finetuned,29.965617350245665,0.9564520061357021,0.31349248497281224,0.003087828168645501
fresh_div2k_0896,DIV2K_fresh,fresh_div2k_0896,test,0.1,0.1001129150390625,0.0,2026,ac893dcedbbd746e7f853401e9e6b5c2cc8ab210c67034c64f409a2409c4223a,hqs,35.25573545322254,0.9780631352975369,0.32123190409038216,0.0018751365132629871
fresh_div2k_0896,DIV2K_fresh,fresh_div2k_0896,test,0.1,0.1001129150390625,0.0,2026,ac893dcedbbd746e7f853401e9e6b5c2cc8ab210c67034c64f409a2409c4223a,hqs_round1,35.63628865391875,0.9789923040506839,0.32103977899532765,0.001958381850272417
fresh_div2k_0896,DIV2K_fresh,fresh_div2k_0896,test,0.1,0.1001129150390625,0.0,2026,ac893dcedbbd746e7f853401e9e6b5c2cc8ab210c67034c64f409a2409c4223a,hqs_finetuned,36.021734986790264,0.979958059624672,0.3177461359882727,0.0021595859434455633
fresh_div2k_0896,DIV2K_fresh,fresh_div2k_0896,test,0.25,0.25,0.0,2026,97b91b01355bdfe6900780879080ecf4d10a25033c078fc2064c9d9d1cf9f9a1,hqs,41.76429643042603,0.9916614852867126,0.32404237310402095,0.0010727631160989404
fresh_div2k_0896,DIV2K_fresh,fresh_div2k_0896,test,0.25,0.25,0.0,2026,97b91b01355bdfe6900780879080ecf4d10a25033c078fc2064c9d9d1cf9f9a1,hqs_round1,42.293243049374226,0.9920957566728592,0.32074608909897506,0.0012454388197511435
fresh_div2k_0896,DIV2K_fresh,fresh_div2k_0896,test,0.25,0.25,0.0,2026,97b91b01355bdfe6900780879080ecf4d10a25033c078fc2064c9d9d1cf9f9a1,hqs_finetuned,42.63918806944004,0.9924351238384247,0.3195135570131242,0.001239149016328156
fresh_div2k_0896,DIV2K_fresh,fresh_div2k_0896,test,0.5,0.4998931884765625,0.0,2026,11dbb33b6dd06b529f9485baf71837bcfebb3a6c3e5a593435ed84b324c00590,hqs,48.33953004827099,0.9968860924243927,0.3258913599420339,0.0007600188837386668
fresh_div2k_0896,DIV2K_fresh,fresh_div2k_0896,test,0.5,0.4998931884765625,0.0,2026,11dbb33b6dd06b529f9485baf71837bcfebb3a6c3e5a593435ed84b324c00590,hqs_round1,48.822304120113486,0.9970788863630294,0.31726306094788015,0.0010974976466968656
fresh_div2k_0896,DIV2K_fresh,fresh_div2k_0896,test,0.5,0.4998931884765625,0.0,2026,11dbb33b6dd06b529f9485baf71837bcfebb3a6c3e5a593435ed84b324c00590,hqs_finetuned,49.09598764262141,0.9971176281442642,0.3179272779962048,0.001223497441969812
fresh_div2k_0896,DIV2K_fresh,fresh_div2k_0896,test,0.1,0.1001129150390625,0.01,2026,fcdd5db6b6c9f3f8b5c7a942b16bb026834cbd35b1868e0473cd189e499f1770,hqs,33.221700660022925,0.947165860155344,0.3151648829225451,0.0014988675247877836
fresh_div2k_0896,DIV2K_fresh,fresh_div2k_0896,test,0.1,0.1001129150390625,0.01,2026,fcdd5db6b6c9f3f8b5c7a942b16bb026834cbd35b1868e0473cd189e499f1770,hqs_round1,33.16673476860685,0.9514246088929176,0.31359327491372824,0.0016610086895525455
fresh_div2k_0896,DIV2K_fresh,fresh_div2k_0896,test,0.1,0.1001129150390625,0.01,2026,fcdd5db6b6c9f3f8b5c7a942b16bb026834cbd35b1868e0473cd189e499f1770,hqs_finetuned,33.83940389305542,0.9701294810335637,0.31506640394218266,0.0071130720898509026
fresh_div2k_0896,DIV2K_fresh,fresh_div2k_0896,test,0.1,0.1001129150390625,0.01,2027,a0eca12cb7b1bde594fd39ecc8a4c50d3b9c700139921e34dc210bb7dfa894fd,hqs,33.07350195166915,0.9476337373030186,0.3229954279959202,0.0015377338277176023
fresh_div2k_0896,DIV2K_fresh,fresh_div2k_0896,test,0.1,0.1001129150390625,0.01,2027,a0eca12cb7b1bde594fd39ecc8a4c50d3b9c700139921e34dc210bb7dfa894fd,hqs_round1,33.06045864003951,0.9511961740922927,0.31846046494320035,0.0016805521445348859
fresh_div2k_0896,DIV2K_fresh,fresh_div2k_0896,test,0.1,0.1001129150390625,0.01,2027,a0eca12cb7b1bde594fd39ecc8a4c50d3b9c700139921e34dc210bb7dfa894fd,hqs_finetuned,33.70740369246145,0.968940110688448,0.3146156370639801,0.00649369228631258
fresh_div2k_0896,DIV2K_fresh,fresh_div2k_0896,test,0.1,0.1001129150390625,0.01,2028,24de7633d83dee25d64c30b5e632fbad238372466245991dae00fd716ae86680,hqs,33.01709700510978,0.9471693369026184,0.3219042760320008,0.0015103222103789449
fresh_div2k_0896,DIV2K_fresh,fresh_div2k_0896,test,0.1,0.1001129150390625,0.01,2028,24de7633d83dee25d64c30b5e632fbad238372466245991dae00fd716ae86680,hqs_round1,32.95525957712372,0.9509176476075649,0.3159468020312488,0.0016574874753132463
fresh_div2k_0896,DIV2K_fresh,fresh_div2k_0896,test,0.1,0.1001129150390625,0.01,2028,24de7633d83dee25d64c30b5e632fbad238372466245991dae00fd716ae86680,hqs_finetuned,33.58394983438923,0.9695240610909462,0.31825113110244274,0.00690365070477128
fresh_div2k_0896,DIV2K_fresh,fresh_div2k_0896,test,0.1,0.1001129150390625,0.05,2026,ba70208f448231d7c3255d74d0ef452db7cb7ccb3a929c9cedd1dd9571743349,hqs,24.740029767496182,0.5452913430225849,0.3170303669758141,0.003189230803400278
fresh_div2k_0896,DIV2K_fresh,fresh_div2k_0896,test,0.1,0.1001129150390625,0.05,2026,ba70208f448231d7c3255d74d0ef452db7cb7ccb3a929c9cedd1dd9571743349,hqs_round1,24.70417382003843,0.5525161203567908,0.3145528599852696,0.0026620482094585896
fresh_div2k_0896,DIV2K_fresh,fresh_div2k_0896,test,0.1,0.1001129150390625,0.05,2026,ba70208f448231d7c3255d74d0ef452db7cb7ccb3a929c9cedd1dd9571743349,hqs_finetuned,28.29444270012472,0.9132723979674577,0.31726571707986295,0.03825259208679199
fresh_div2k_0896,DIV2K_fresh,fresh_div2k_0896,test,0.1,0.1001129150390625,0.05,2027,ecb5b17e1d5a3797436f194f52c583a65f97d0e182bddf4081d60b77f90ef8e3,hqs,24.802445117072573,0.5521385872424542,0.31512845191173255,0.0029380996711552143
fresh_div2k_0896,DIV2K_fresh,fresh_div2k_0896,test,0.1,0.1001129150390625,0.05,2027,ecb5b17e1d5a3797436f194f52c583a65f97d0e182bddf4081d60b77f90ef8e3,hqs_round1,24.78712384544334,0.5595163757529296,0.3146702110534534,0.002393276197835803
fresh_div2k_0896,DIV2K_fresh,fresh_div2k_0896,test,0.1,0.1001129150390625,0.05,2027,ecb5b17e1d5a3797436f194f52c583a65f97d0e182bddf4081d60b77f90ef8e3,hqs_finetuned,27.88074417202282,0.9087898511131703,0.3153684369754046,0.03729833662509918
fresh_div2k_0896,DIV2K_fresh,fresh_div2k_0896,test,0.1,0.1001129150390625,0.05,2028,005b229d7317f23fdaaea300a6eebb5a6759fc3aaab3fecc4fe9e6172b9a17f7,hqs,24.88305474570918,0.5453577056077029,0.3247776640346274,0.00332979136146605
fresh_div2k_0896,DIV2K_fresh,fresh_div2k_0896,test,0.1,0.1001129150390625,0.05,2028,005b229d7317f23fdaaea300a6eebb5a6759fc3aaab3fecc4fe9e6172b9a17f7,hqs_round1,24.85674673894951,0.5530756812629178,0.3171643640380353,0.0027910133358091116
fresh_div2k_0896,DIV2K_fresh,fresh_div2k_0896,test,0.1,0.1001129150390625,0.05,2028,005b229d7317f23fdaaea300a6eebb5a6759fc3aaab3fecc4fe9e6172b9a17f7,hqs_finetuned,28.250829812573993,0.9134061812868118,0.31349122093524784,0.03833771497011185
fresh_div2k_0899,DIV2K_fresh,fresh_div2k_0899,test,0.01,0.01031494140625,0.0,2026,11d028db8a86facf357ee3084331975af9231cfd003860e58c71afe1f20581bb,hqs,17.907531057398263,0.35371839605963123,0.32157868007197976,0.007425051182508469
fresh_div2k_0899,DIV2K_fresh,fresh_div2k_0899,test,0.01,0.01031494140625,0.0,2026,11d028db8a86facf357ee3084331975af9231cfd003860e58c71afe1f20581bb,hqs_round1,17.89191386732839,0.35179879501740857,0.3154429669957608,0.007085242308676243
fresh_div2k_0899,DIV2K_fresh,fresh_div2k_0899,test,0.01,0.01031494140625,0.0,2026,11d028db8a86facf357ee3084331975af9231cfd003860e58c71afe1f20581bb,hqs_finetuned,17.875525097168506,0.3499993576478403,0.315712969051674,0.011556663550436497
fresh_div2k_0899,DIV2K_fresh,fresh_div2k_0899,test,0.04,0.041259765625,0.0,2026,2a49ae5a75dbf492c41df6436ddf8a6e582b4e0eda5d9d27f87204ab9f35d964,hqs,22.781551279720354,0.7202634301800653,0.32783275900874287,0.009331617504358292
fresh_div2k_0899,DIV2K_fresh,fresh_div2k_0899,test,0.04,0.041259765625,0.0,2026,2a49ae5a75dbf492c41df6436ddf8a6e582b4e0eda5d9d27f87204ab9f35d964,hqs_round1,22.876569522088737,0.7232965792060159,0.3142863209359348,0.009722994640469551
fresh_div2k_0899,DIV2K_fresh,fresh_div2k_0899,test,0.04,0.041259765625,0.0,2026,2a49ae5a75dbf492c41df6436ddf8a6e582b4e0eda5d9d27f87204ab9f35d964,hqs_finetuned,23.188533394793744,0.735593767701932,0.31444218300748616,0.010378499515354633
fresh_div2k_0899,DIV2K_fresh,fresh_div2k_0899,test,0.1,0.1001129150390625,0.0,2026,2cf80ee9cf0442548e22a116b91228fb8d351421d138e068d27f71e18109b65a,hqs,27.630982448315542,0.8978566516933442,0.3273353079566732,0.0073797027580440044
fresh_div2k_0899,DIV2K_fresh,fresh_div2k_0899,test,0.1,0.1001129150390625,0.0,2026,2cf80ee9cf0442548e22a116b91228fb8d351421d138e068d27f71e18109b65a,hqs_round1,28.002372314376238,0.9024851122794151,0.3571192470844835,0.007663080934435129
fresh_div2k_0899,DIV2K_fresh,fresh_div2k_0899,test,0.1,0.1001129150390625,0.0,2026,2cf80ee9cf0442548e22a116b91228fb8d351421d138e068d27f71e18109b65a,hqs_finetuned,28.31254761999654,0.9053914198074341,0.35534202691633254,0.008357355371117592
fresh_div2k_0899,DIV2K_fresh,fresh_div2k_0899,test,0.25,0.25,0.0,2026,558b8803cf90ac733ba6a236b7feb52dadd025e12530fa550fedd2db7ac19106,hqs,33.28815672776059,0.9691357115316391,0.35954704496543854,0.004645647015422583
fresh_div2k_0899,DIV2K_fresh,fresh_div2k_0899,test,0.25,0.25,0.0,2026,558b8803cf90ac733ba6a236b7feb52dadd025e12530fa550fedd2db7ac19106,hqs_round1,33.84311599244133,0.971293590259552,0.35209790198132396,0.0049259294755756855
fresh_div2k_0899,DIV2K_fresh,fresh_div2k_0899,test,0.25,0.25,0.0,2026,558b8803cf90ac733ba6a236b7feb52dadd025e12530fa550fedd2db7ac19106,hqs_finetuned,34.06683331333214,0.9716267238054276,0.357737599988468,0.006684229709208012
fresh_div2k_0899,DIV2K_fresh,fresh_div2k_0899,test,0.5,0.4998931884765625,0.0,2026,5ef69b77c15b11eb82b977fbc2b0fb28d8b8ba916b354da4f3d97f64fcaeb1f0,hqs,38.550354137756294,0.9892939032278061,0.36049887991975993,0.0026427421253174543
fresh_div2k_0899,DIV2K_fresh,fresh_div2k_0899,test,0.5,0.4998931884765625,0.0,2026,5ef69b77c15b11eb82b977fbc2b0fb28d8b8ba916b354da4f3d97f64fcaeb1f0,hqs_round1,39.160059109315945,0.9902177049512864,0.35762388492003083,0.0030266514513641596
fresh_div2k_0899,DIV2K_fresh,fresh_div2k_0899,test,0.5,0.4998931884765625,0.0,2026,5ef69b77c15b11eb82b977fbc2b0fb28d8b8ba916b354da4f3d97f64fcaeb1f0,hqs_finetuned,39.35092450620908,0.9905331184368134,0.35391677694860846,0.007403319235891104
fresh_div2k_0899,DIV2K_fresh,fresh_div2k_0899,test,0.1,0.1001129150390625,0.01,2026,c7051806c7d447547fb8ed4ff2390420f737e97ff6a1341d7bd11ae8bc3c7386,hqs,27.45292631010041,0.893334857096672,0.36478096595965326,0.007193747907876968
fresh_div2k_0899,DIV2K_fresh,fresh_div2k_0899,test,0.1,0.1001129150390625,0.01,2026,c7051806c7d447547fb8ed4ff2390420f737e97ff6a1341d7bd11ae8bc3c7386,hqs_round1,27.822190465046248,0.8981790563602448,0.35786268999800086,0.0074636060744524
fresh_div2k_0899,DIV2K_fresh,fresh_div2k_0899,test,0.1,0.1001129150390625,0.01,2026,c7051806c7d447547fb8ed4ff2390420f737e97ff6a1341d7bd11ae8bc3c7386,hqs_finetuned,28.14863021214192,0.9012746101737023,0.3524179880041629,0.008248897269368172
fresh_div2k_0899,DIV2K_fresh,fresh_div2k_0899,test,0.1,0.1001129150390625,0.01,2027,9a3a5d01b7f7a1c2f3a21029e48848115cce2a4d2877a169a11580dfcfec6f6a,hqs,27.527041052583954,0.8941970083289147,0.36209348507691175,0.007204733788967133
fresh_div2k_0899,DIV2K_fresh,fresh_div2k_0899,test,0.1,0.1001129150390625,0.01,2027,9a3a5d01b7f7a1c2f3a21029e48848115cce2a4d2877a169a11580dfcfec6f6a,hqs_round1,27.856457336461272,0.8985239102013111,0.3590258159674704,0.007411471102386713
fresh_div2k_0899,DIV2K_fresh,fresh_div2k_0899,test,0.1,0.1001129150390625,0.01,2027,9a3a5d01b7f7a1c2f3a21029e48848115cce2a4d2877a169a11580dfcfec6f6a,hqs_finetuned,28.168926334772575,0.9015922788100242,0.3570846610236913,0.008113730698823929
fresh_div2k_0899,DIV2K_fresh,fresh_div2k_0899,test,0.1,0.1001129150390625,0.01,2028,740bbc406a6fb8e4181993e773a9184bd983ef587805a4311fe96d5703e1fdd9,hqs,27.525824024532128,0.8950883206348419,0.3571728429524228,0.0071139223873615265
fresh_div2k_0899,DIV2K_fresh,fresh_div2k_0899,test,0.1,0.1001129150390625,0.01,2028,740bbc406a6fb8e4181993e773a9184bd983ef587805a4311fe96d5703e1fdd9,hqs_round1,27.857873706260513,0.899499395383358,0.3568730700062588,0.0074296556413173676
fresh_div2k_0899,DIV2K_fresh,fresh_div2k_0899,test,0.1,0.1001129150390625,0.01,2028,740bbc406a6fb8e4181993e773a9184bd983ef587805a4311fe96d5703e1fdd9,hqs_finetuned,28.150208277622855,0.9023775352663994,0.36093960190191865,0.008168384432792664
fresh_div2k_0899,DIV2K_fresh,fresh_div2k_0899,test,0.1,0.1001129150390625,0.05,2026,66dced2db634886ba91a7614a8f93d03dd84f04ced112d0ff061444b075a66a0,hqs,25.6935777110421,0.8273290018203259,0.3607539519434795,0.00556053314357996
fresh_div2k_0899,DIV2K_fresh,fresh_div2k_0899,test,0.1,0.1001129150390625,0.05,2026,66dced2db634886ba91a7614a8f93d03dd84f04ced112d0ff061444b075a66a0,hqs_round1,25.866334819786143,0.8311330669749976,0.3601755569688976,0.005817858036607504
fresh_div2k_0899,DIV2K_fresh,fresh_div2k_0899,test,0.1,0.1001129150390625,0.05,2026,66dced2db634886ba91a7614a8f93d03dd84f04ced112d0ff061444b075a66a0,hqs_finetuned,26.21943113871552,0.8429539627598525,0.357001165044494,0.013074398040771484
fresh_div2k_0899,DIV2K_fresh,fresh_div2k_0899,test,0.1,0.1001129150390625,0.05,2027,a920aede2c3a3aecc76d33db398cddcd84eba324c6be5d5c96ead33f1534bf89,hqs,25.749190041022505,0.8302358027653545,0.3703921679407358,0.005648563150316477
fresh_div2k_0899,DIV2K_fresh,fresh_div2k_0899,test,0.1,0.1001129150390625,0.05,2027,a920aede2c3a3aecc76d33db398cddcd84eba324c6be5d5c96ead33f1534bf89,hqs_round1,25.90816204921826,0.8340648912445306,0.36395941104274243,0.0058964011259377
fresh_div2k_0899,DIV2K_fresh,fresh_div2k_0899,test,0.1,0.1001129150390625,0.05,2027,a920aede2c3a3aecc76d33db398cddcd84eba324c6be5d5c96ead33f1534bf89,hqs_finetuned,26.248243563368337,0.8466190670697094,0.3238440409768373,0.013813471421599388
fresh_div2k_0899,DIV2K_fresh,fresh_div2k_0899,test,0.1,0.1001129150390625,0.05,2028,982284051d02b9ab8552fd4de94a03807e4304ba735b04c18dd12a85d88015dd,hqs,25.72025978282051,0.8329695839961357,0.334360881941393,0.0053807757794857025
fresh_div2k_0899,DIV2K_fresh,fresh_div2k_0899,test,0.1,0.1001129150390625,0.05,2028,982284051d02b9ab8552fd4de94a03807e4304ba735b04c18dd12a85d88015dd,hqs_round1,25.855805064680347,0.8367052630957365,0.32189066894352436,0.005453915800899267
fresh_div2k_0899,DIV2K_fresh,fresh_div2k_0899,test,0.1,0.1001129150390625,0.05,2028,982284051d02b9ab8552fd4de94a03807e4304ba735b04c18dd12a85d88015dd,hqs_finetuned,26.17559044129309,0.8494392385129929,0.32347344199661165,0.016078626736998558
