dataset,sequence,cr,sigma,reference,units,images,old_mean_mse,new_mean_mse,mse_reduction_percent,bootstrap_low,bootstrap_high,delta_psnr,delta_ssim,positive_mse_units,target_at_least_5_percent
DIV2K_fresh,fresh_div2k_0802,0.01,0.0,hqs,1,1,0.012556634017551803,0.010176258906162226,18.957111500281542,18.957111500281542,18.957111500281542,0.9128508841365743,0.06074665583379513,1,True
DIV2K_fresh,fresh_div2k_0802,0.01,0.0,hqs_round1,1,1,0.011790450891629497,0.010176258906162226,13.690672225379007,13.690672225379007,13.690672225379007,0.6394226590547447,0.04374749389980215,1,True
DIV2K_fresh,fresh_div2k_0802,0.04,0.0,hqs,1,1,0.0019221223331255125,0.0018018950365298893,6.254924284664276,6.254924284664276,6.254924284664276,0.28051535822370965,0.005240001796245619,1,True
DIV2K_fresh,fresh_div2k_0802,0.04,0.0,hqs_round1,1,1,0.0018541211542337354,0.0018018950365298893,2.8167586343854634,2.8167586343854634,2.8167586343854634,0.12408619949651367,0.0024950110107064827,1,False
DIV2K_fresh,fresh_div2k_0802,0.1,0.0,hqs,1,1,0.0006137144390802578,0.0005573455621733954,9.184870571293647,9.184870571293647,9.184870571293647,0.41841793769098956,0.0017371948771476298,1,True
DIV2K_fresh,fresh_div2k_0802,0.1,0.0,hqs_round1,1,1,0.0005715644329014172,0.0005573455621733954,2.4877109052855007,2.4877109052855007,2.4877109052855007,0.10940648407085263,0.000405143445014966,1,False
DIV2K_fresh,fresh_div2k_0802,0.1,0.01,hqs,1,1,0.0006535892627628774,0.0005994351428295843,8.285650181028192,8.285650181028192,8.285650181028192,0.375630076279356,0.001876676707108819,1,True
DIV2K_fresh,fresh_div2k_0802,0.1,0.01,hqs_round1,1,1,0.0006157057427435991,0.0005994351428295843,2.642593496288126,2.642593496288126,2.642593496288126,0.1163015758567596,0.0006077186943690046,1,False
DIV2K_fresh,fresh_div2k_0802,0.1,0.05,hqs,1,1,0.0015119210402962026,0.0012239231852731456,19.04847193386733,19.04847193386733,19.04847193386733,0.918019535252237,0.019530114185437597,1,True
DIV2K_fresh,fresh_div2k_0802,0.1,0.05,hqs_round1,1,1,0.0015073807461974812,0.0012239231852731456,18.80464253237848,18.80464253237848,18.80464253237848,0.9049142212055218,0.018437670551702385,1,True
DIV2K_fresh,fresh_div2k_0802,0.25,0.0,hqs,1,1,0.00019718411864024622,0.0001779657621131453,9.746401819592766,9.746401819592766,9.746401819592766,0.44535474865567437,0.0006830299654007055,1,True
DIV2K_fresh,fresh_div2k_0802,0.25,0.0,hqs_round1,1,1,0.00018445321975730283,0.0001779657621131453,3.517128978661088,3.517128978661088,3.517128978661088,0.15549781798313234,0.00014059804630284223,1,False
DIV2K_fresh,fresh_div2k_0802,0.5,0.0,hqs,1,1,7.221753308651154e-05,6.601504814245318e-05,8.588613704968594,8.588613704968594,8.588613704968594,0.38999704735410745,0.00026683137512217847,1,True
DIV2K_fresh,fresh_div2k_0802,0.5,0.0,hqs_round1,1,1,6.762350084622994e-05,6.601504814245318e-05,2.3785410155475972,2.3785410155475972,2.3785410155475972,0.1045470595872331,-3.6251003265319603e-05,1,False
DIV2K_fresh,fresh_div2k_0804,0.01,0.0,hqs,1,1,0.011977327503454448,0.011809117432917788,1.404404033271578,1.404404033271578,1.404404033271578,0.061424835381401977,0.0003225102995889628,1,False
DIV2K_fresh,fresh_div2k_0804,0.01,0.0,hqs_round1,1,1,0.011905582708479674,0.011809117432917788,0.8102524498290964,0.8102524498290964,0.8102524498290964,0.03533215068530282,-0.0008718884976242625,1,False
DIV2K_fresh,fresh_div2k_0804,0.04,0.0,hqs,1,1,0.005055295728012155,0.004950265757975752,2.0776226691233135,2.0776226691233135,2.0776226691233135,0.09118051395936178,4.852310552283523e-05,1,False
DIV2K_fresh,fresh_div2k_0804,0.04,0.0,hqs_round1,1,1,0.004977538857922571,0.004950265757975752,0.547923395985328,0.547923395985328,0.547923395985328,0.023861441810836936,-0.0014809190634716973,1,False
DIV2K_fresh,fresh_div2k_0804,0.1,0.0,hqs,1,1,0.002459951801637813,0.002393406388442694,2.705151098928593,2.705151098928593,2.705151098928593,0.1191015205496555,0.00012944157205518891,1,False
DIV2K_fresh,fresh_div2k_0804,0.1,0.0,hqs_round1,1,1,0.0024285571280378768,0.002393406388442694,1.44739191799792,1.44739191799792,1.44739191799792,0.06331878125946133,-0.00016281293800479713,1,False
DIV2K_fresh,fresh_div2k_0804,0.1,0.01,hqs,1,1,0.0025318532464823486,0.0024767408017824957,2.1767630006369387,2.1767630006369387,2.1767630006369387,0.09557027199426689,-0.0004623360284566891,1,False
DIV2K_fresh,fresh_div2k_0804,0.1,0.01,hqs_round1,1,1,0.002524300172495509,0.0024767408017824957,1.8840616195813342,1.8840616195813342,1.8840616195813342,0.08258902946101898,-0.00022862919390698178,1,False
DIV2K_fresh,fresh_div2k_0804,0.1,0.05,hqs,1,1,0.003989128999142999,0.0035195365696137106,11.77180355987918,11.77180355987918,11.77180355987918,0.5437749115948284,0.025252962010839857,1,True
DIV2K_fresh,fresh_div2k_0804,0.1,0.05,hqs_round1,1,1,0.004037402533359254,0.0035195365696137106,12.826711220064102,12.826711220064102,12.826711220064102,0.5958029767112016,0.024756077853106333,1,True
DIV2K_fresh,fresh_div2k_0804,0.25,0.0,hqs,1,1,0.0010671236610968835,0.0009798474950288671,8.178636576974242,8.178636576974242,8.178636576974242,0.37056262836602016,0.0039413503360749,1,True
DIV2K_fresh,fresh_div2k_0804,0.25,0.0,hqs_round1,1,1,0.0010143608197427986,0.0009798474950288671,3.402470210026709,3.402470210026709,3.402470210026709,0.150339793019036,0.0013598460247516986,1,False
DIV2K_fresh,fresh_div2k_0804,0.5,0.0,hqs,1,1,0.000353134472734169,0.0003144551886104431,10.953131769959679,10.953131769959679,10.953131769959679,0.5038135002812965,0.002911581825256415,1,True
DIV2K_fresh,fresh_div2k_0804,0.5,0.0,hqs_round1,1,1,0.00032667858005452677,0.0003144551886104431,3.741718064907529,3.741718064907529,3.741718064907529,0.16561894089863927,0.0009016999177933194,1,False
DIV2K_fresh,fresh_div2k_0808,0.01,0.0,hqs,1,1,0.005024467035994104,0.004994822669342615,0.5900002216976286,0.5900002216976286,0.5900002216976286,0.025699271710635685,0.0012374074927964385,1,False
DIV2K_fresh,fresh_div2k_0808,0.01,0.0,hqs_round1,1,1,0.004997704955378169,0.004994822669342615,0.05767219276225921,0.05767219276225921,0.05767219276225921,0.0025053940348911397,0.0007787557629541642,1,False
DIV2K_fresh,fresh_div2k_0808,0.04,0.0,hqs,1,1,0.002115172213576946,0.0021077382944551695,0.35145692034243003,0.35145692034243003,0.35145692034243003,0.015290465579816725,0.0004009570017945441,1,False
DIV2K_fresh,fresh_div2k_0808,0.04,0.0,hqs_round1,1,1,0.0021095047443910877,0.0021077382944551695,0.08373766120294279,0.08373766120294279,0.08373766120294279,0.003638203904905879,-6.818982308365307e-05,1,False
DIV2K_fresh,fresh_div2k_0808,0.1,0.0,hqs,1,1,0.0011371806436998807,0.001070584723599236,5.856230535543694,5.856230535543694,5.856230535543694,0.26208416770452203,0.00219553296041497,1,True
DIV2K_fresh,fresh_div2k_0808,0.1,0.0,hqs_round1,1,1,0.0011001353316995384,0.001070584723599236,2.6860884519226746,2.6860884519226746,2.6860884519226746,0.11825070556964334,0.0003743292958736655,1,False
DIV2K_fresh,fresh_div2k_0808,0.1,0.01,hqs,1,1,0.001204748817732028,0.0011575728209428527,3.9158367366556424,3.9158367366556424,3.9158367366556424,0.1734961699048038,0.0020538818401495407,1,False
DIV2K_fresh,fresh_div2k_0808,0.1,0.01,hqs_round1,1,1,0.001183630770595324,0.0011575728209428527,2.20152688657842,2.20152688657842,2.20152688657842,0.09668116505637532,0.0005269247924486464,1,False
DIV2K_fresh,fresh_div2k_0808,0.1,0.05,hqs,1,1,0.0020281575756019954,0.0017302892207944527,14.686647546067999,14.686647546067999,14.686647546067999,0.6898524124757183,0.08391120406882509,1,True
DIV2K_fresh,fresh_div2k_0808,0.1,0.05,hqs_round1,1,1,0.0020642957644066364,0.0017302892207944527,16.18016901314483,16.18016901314483,16.18016901314483,0.7664913207386448,0.08207993667247437,1,True
DIV2K_fresh,fresh_div2k_0808,0.25,0.0,hqs,1,1,0.0004469261632718451,0.0004177632966296245,6.525209092420514,6.525209092420514,6.525209092420514,0.293054976397606,0.0012259216861724154,1,True
DIV2K_fresh,fresh_div2k_0808,0.25,0.0,hqs_round1,1,1,0.0004267184460554675,0.0004177632966296245,2.098608463876661,2.098608463876661,2.098608463876661,0.0921113524318713,8.028140068050416e-05,1,False
DIV2K_fresh,fresh_div2k_0808,0.5,0.0,hqs,1,1,0.00014390299251982284,0.0001391625544023252,3.2941900890939735,3.2941900890939735,3.2941900890939735,0.14547433502827545,0.00025716333961489646,1,False
DIV2K_fresh,fresh_div2k_0808,0.5,0.0,hqs_round1,1,1,0.000140245390790926,0.0001391625544023252,0.7721012309167885,0.7721012309167885,0.7721012309167885,0.03366205083651863,-3.458428668978719e-05,1,False
DIV2K_fresh,fresh_div2k_0811,0.01,0.0,hqs,1,1,0.0056880378936353376,0.00565710359714382,0.5438482842410775,0.5438482842410775,0.5438482842410775,0.023683490545689523,-0.0017371697143621079,1,False
DIV2K_fresh,fresh_div2k_0811,0.01,0.0,hqs_round1,1,1,0.005669594547359878,0.00565710359714382,0.22031469996165454,0.22031469996165454,0.22031469996165454,0.009578701369889586,-0.001978611113223838,1,False
DIV2K_fresh,fresh_div2k_0811,0.04,0.0,hqs,1,1,0.0035797530745398922,0.0035559553442280926,0.6647869229041259,0.6647869229041259,0.6647869229041259,0.028967723083134445,-0.0015181351965581902,1,False
DIV2K_fresh,fresh_div2k_0811,0.04,0.0,hqs_round1,1,1,0.003573833477093064,0.0035559553442280926,0.5002508645006398,0.5002508645006398,0.5002508645006398,0.02178014221165725,-0.00120578064343424,1,False
DIV2K_fresh,fresh_div2k_0811,0.1,0.0,hqs,1,1,0.002311676202041971,0.0022984389827453927,0.5726242838372309,0.5726242838372309,0.5726242838372309,0.02494023192436856,-0.001613131499588416,1,False
DIV2K_fresh,fresh_div2k_0811,0.1,0.0,hqs_round1,1,1,0.002298738697524748,0.0022984389827453927,0.013038227427841775,0.013038227427841775,0.013038227427841775,0.0005662799398074014,-0.001624204747140312,1,False
DIV2K_fresh,fresh_div2k_0811,0.1,0.01,hqs,1,1,0.002338463766119675,0.0023255269750265947,0.5532175131602202,0.5532175131602202,0.5532175131602202,0.024094465744476896,-0.0018346589898268577,1,False
DIV2K_fresh,fresh_div2k_0811,0.1,0.01,hqs_round1,1,1,0.0023283659849653512,0.0023255269750265947,0.12193142989926908,0.12193142989926908,0.12193142989926908,0.0052996128466773484,-0.0017768028354222531,1,False
DIV2K_fresh,fresh_div2k_0811,0.1,0.05,hqs,1,1,0.0028761251569345437,0.002749599704637107,4.3991636453085015,4.3991636453085015,4.3991636453085015,0.19540618239007893,0.001990518212734401,1,False
DIV2K_fresh,fresh_div2k_0811,0.1,0.05,hqs_round1,1,1,0.0028716132741939348,0.002749599704637107,4.24895547925328,4.24895547925328,4.24895547925328,0.18858019941525464,0.0010087558576299764,1,False
DIV2K_fresh,fresh_div2k_0811,0.25,0.0,hqs,1,1,0.0010672839306983455,0.0010552793502558626,1.1247785239892116,1.1247785239892116,1.1247785239892116,0.049125306932392476,-8.617093086193961e-06,1,False
DIV2K_fresh,fresh_div2k_0811,0.25,0.0,hqs_round1,1,1,0.0010627780678339126,0.0010552793502558626,0.7055769972119763,0.7055769972119763,0.7055769972119763,0.030751435200517818,-7.373906564711596e-05,1,False
DIV2K_fresh,fresh_div2k_0811,0.5,0.0,hqs,1,1,0.0003744319805172666,0.00036575670444699126,2.316916428530147,2.316916428530147,2.316916428530147,0.1018063943032459,0.0006765340709686818,1,False
DIV2K_fresh,fresh_div2k_0811,0.5,0.0,hqs_round1,1,1,0.0003687791426484368,0.00036575670444699126,0.8195794859057082,0.8195794859057082,0.8195794859057082,0.03574054680081673,-3.199757003780057e-05,1,False
DIV2K_fresh,fresh_div2k_0813,0.01,0.0,hqs,1,1,0.00874748291671176,0.008605175495848558,1.626838511354256,1.626838511354256,1.626838511354256,0.07123371154325042,0.003932452940133002,1,False
DIV2K_fresh,fresh_div2k_0813,0.01,0.0,hqs_round1,1,1,0.008718659285945536,0.008605175495848558,1.3016197373363791,1.3016197373363791,1.3016197373363791,0.056899744707823885,0.0026405609705179023,1,False
DIV2K_fresh,fresh_div2k_0813,0.04,0.0,hqs,1,1,0.0038299317005921155,0.0037871828849420086,1.1161769710801295,1.1161769710801295,1.1161769710801295,0.04874751314036274,0.0035883180599491915,1,False
DIV2K_fresh,fresh_div2k_0813,0.04,0.0,hqs_round1,1,1,0.0037996428600566437,0.0037871828849420086,0.32792490172219857,0.32792490172219857,0.32792490172219857,0.014264999576777626,0.0011372390609215577,1,False
DIV2K_fresh,fresh_div2k_0813,0.1,0.0,hqs,1,1,0.0018830227519751172,0.0018395335521252869,2.309541921584013,2.309541921584013,2.309541921584013,0.10147853950285324,0.0023706924526691875,1,False
DIV2K_fresh,fresh_div2k_0813,0.1,0.0,hqs_round1,1,1,0.0018415585742317673,0.0018395335521252869,0.10996240547630487,0.10996240547630487,0.10996240547630487,0.004778234203893561,3.6430590391267614e-05,1,False
DIV2K_fresh,fresh_div2k_0813,0.1,0.01,hqs,1,1,0.0019871731078366325,0.0019553248844594636,1.6026899343379752,1.6026899343379752,1.6026899343379752,0.0701807748740985,0.0022495585777759417,1,False
DIV2K_fresh,fresh_div2k_0813,0.1,0.01,hqs_round1,1,1,0.0019652857234104958,0.0019553248844594636,0.5068392260920929,0.5068392260920929,0.5068392260920929,0.02206871998261306,0.00015252896785737194,1,False
DIV2K_fresh,fresh_div2k_0813,0.1,0.05,hqs,1,1,0.003500419570699596,0.0030177958861848666,13.78759530870386,13.78759530870386,13.78759530870386,0.6443273964821022,0.07451890558034531,1,True
DIV2K_fresh,fresh_div2k_0813,0.1,0.05,hqs_round1,1,1,0.0035026630598675224,0.0030177958861848666,13.842815177917645,13.842815177917645,13.842815177917645,0.6470736769160581,0.06679518989714454,1,True
DIV2K_fresh,fresh_div2k_0813,0.25,0.0,hqs,1,1,0.0005444697498402619,0.0005199335677459553,4.506436234796363,4.506436234796363,4.506436234796363,0.20025898735129743,0.0015059578561782416,1,False
DIV2K_fresh,fresh_div2k_0813,0.25,0.0,hqs_round1,1,1,0.0005349348878177754,0.0005199335677459553,2.804326360730891,2.804326360730891,2.804326360730891,0.12353065900973803,0.0009126420183180883,1,False
DIV2K_fresh,fresh_div2k_0813,0.5,0.0,hqs,1,1,0.00012106438402220107,0.00010760151237048037,11.120423038085136,11.120423038085136,11.120423038085136,0.5119802116375993,0.0007490894927978387,1,True
DIV2K_fresh,fresh_div2k_0813,0.5,0.0,hqs_round1,1,1,0.00011201714037134631,0.00010760151237048037,3.941921732895304,3.941921732895304,3.941921732895304,0.1746610608286261,0.00022861198329926502,1,False
DIV2K_fresh,fresh_div2k_0817,0.01,0.0,hqs,1,1,0.007346727962006427,0.007368004557514653,-0.2896064155125666,-0.2896064155125666,-0.2896064155125666,-0.012559269358579428,-0.0039005412856196187,0,False
DIV2K_fresh,fresh_div2k_0817,0.01,0.0,hqs_round1,1,1,0.007343121503286214,0.007368004557514653,-0.3388620795298447,-0.3388620795298447,-0.3388620795298447,-0.014691714836075676,-0.0043144141502707845,0,False
DIV2K_fresh,fresh_div2k_0817,0.04,0.0,hqs,1,1,0.004010920831177077,0.004011680322676903,-0.018935589401869457,-0.018935589401869457,-0.018935589401869457,-0.0008222843491445531,-0.0012084500414054622,0,False
DIV2K_fresh,fresh_div2k_0817,0.04,0.0,hqs_round1,1,1,0.003988238083797743,0.004011680322676903,-0.5877843395155846,-0.5877843395155846,-0.5877843395155846,-0.025452419916096147,-0.0025269917177559442,0,False
DIV2K_fresh,fresh_div2k_0817,0.1,0.0,hqs,1,1,0.0022114218284792478,0.0021371746957103786,3.3574387216720014,3.3574387216720014,3.3574387216720014,0.14831568641152515,0.004095354873076107,1,False
DIV2K_fresh,fresh_div2k_0817,0.1,0.0,hqs_round1,1,1,0.0021578525302908902,0.0021371746957103786,0.9582598574391032,0.9582598574391032,0.9582598574391032,0.04181737794142748,0.001752130779031691,1,False
DIV2K_fresh,fresh_div2k_0817,0.1,0.01,hqs,1,1,0.002262889400566684,0.0022059680478769047,2.5154279601789176,2.5154279601789176,2.5154279601789176,0.1106001346140566,0.0030921832160378435,1,False
DIV2K_fresh,fresh_div2k_0817,0.1,0.01,hqs_round1,1,1,0.0022229696937714114,0.0022059680478769047,0.7648168097902586,0.7648168097902586,0.7648168097902586,0.033332975391563956,0.0014681086750651569,1,False
DIV2K_fresh,fresh_div2k_0817,0.1,0.05,hqs,1,1,0.003296961025936534,0.003013282889930894,8.604230798423174,8.604230798423174,8.604230798423174,0.3906730657030977,0.025563921629333592,1,True
DIV2K_fresh,fresh_div2k_0817,0.1,0.05,hqs_round1,1,1,0.003319555562851301,0.003013282889930894,9.226315605253399,9.226315605253399,9.226315605253399,0.4203428934364446,0.02264541758603204,1,True
DIV2K_fresh,fresh_div2k_0817,0.25,0.0,hqs,1,1,0.0007679895615441771,0.0007313007102614632,4.777259108697329,4.777259108697329,4.777259108697329,0.21259321949551335,0.002097865171909352,1,False
DIV2K_fresh,fresh_div2k_0817,0.25,0.0,hqs_round1,1,1,0.0007405040306352584,0.0007313007102614632,1.2428454124550736,1.2428454124550736,1.2428454124550736,0.054314315462018925,0.0005522445993424441,1,False
DIV2K_fresh,fresh_div2k_0817,0.5,0.0,hqs,1,1,0.00019559983000304594,0.00018163253777204438,7.140748655448248,7.140748655448248,7.140748655448248,0.3217482205085602,0.001053918490409811,1,True
DIV2K_fresh,fresh_div2k_0817,0.5,0.0,hqs_round1,1,1,0.00018676925251879956,0.00018163253777204438,2.7502999971786735,2.7502999971786735,2.7502999971786735,0.12111729717629771,0.0003116289920807036,1,False
DIV2K_fresh,fresh_div2k_0821,0.01,0.0,hqs,1,1,0.03412427102853656,0.031843255708304256,6.6844367703116525,6.6844367703116525,6.6844367703116525,0.3004591829952741,0.03051684335736346,1,True
DIV2K_fresh,fresh_div2k_0821,0.01,0.0,hqs_round1,1,1,0.033399742648248625,0.031843255708304256,4.660176446078057,4.660176446078057,4.660176446078057,0.20725656160067274,0.02142010437237768,1,False
DIV2K_fresh,fresh_div2k_0821,0.04,0.0,hqs,1,1,0.017843062760915046,0.016932706587003608,5.102017440108764,5.102017440108764,5.102017440108764,0.22743020158797123,0.02317425037302101,1,True
DIV2K_fresh,fresh_div2k_0821,0.04,0.0,hqs_round1,1,1,0.017468092591397134,0.016932706587003608,3.0649368360756157,3.0649368360756157,3.0649368360756157,0.13519102369211922,0.012728502241799888,1,False
DIV2K_fresh,fresh_div2k_0821,0.1,0.0,hqs,1,1,0.005722972053313726,0.0046720842741281784,18.36262294129254,18.36262294129254,18.36262294129254,0.8811095725372695,0.022776947214966592,1,True
DIV2K_fresh,fresh_div2k_0821,0.1,0.0,hqs_round1,1,1,0.005271923556352248,0.0046720842741281784,11.377996585350914,11.377996585350914,11.377996585350914,0.5245843640672625,0.01298351679087062,1,True
DIV2K_fresh,fresh_div2k_0821,0.1,0.01,hqs,1,1,0.00580747337562388,0.0047623766419010545,17.995721480351236,17.995721480351236,17.995721480351236,0.8616456865885525,0.02253935468144837,1,True
DIV2K_fresh,fresh_div2k_0821,0.1,0.01,hqs_round1,1,1,0.005358717861551444,0.0047623766419010545,11.12843099893559,11.12843099893559,11.12843099893559,0.5123833418872211,0.012758893307964017,1,True
DIV2K_fresh,fresh_div2k_0821,0.1,0.05,hqs,1,1,0.007615752350345978,0.006607764900541779,13.23555971142375,13.23555971142375,13.23555971142375,0.6166356043591831,0.02319190714319297,1,True
DIV2K_fresh,fresh_div2k_0821,0.1,0.05,hqs_round1,1,1,0.007221033995649516,0.006607764900541779,8.492815509208462,8.492815509208462,8.492815509208462,0.38550261263864743,0.01385698028036586,1,True
DIV2K_fresh,fresh_div2k_0821,0.25,0.0,hqs,1,1,0.0009628833390635748,0.0007158579422724976,25.654758657607978,25.654758657607978,25.654758657607978,1.2874682438318246,0.006151792021751423,1,True
DIV2K_fresh,fresh_div2k_0821,0.25,0.0,hqs_round1,1,1,0.0008385802518046753,0.0007158579422724976,14.634533697648122,14.634533697648122,14.634533697648122,0.6871778302901532,0.002977997691154477,1,True
DIV2K_fresh,fresh_div2k_0821,0.5,0.0,hqs,1,1,0.00018914410142548856,0.00014745358508676953,22.041668772389713,22.041668772389713,22.041668772389713,1.081374659422714,0.000987851903915371,1,True
DIV2K_fresh,fresh_div2k_0821,0.5,0.0,hqs_round1,1,1,0.00016389805158961368,0.00014745358508676953,10.033350819825271,10.033350819825271,10.033350819825271,0.4591845457538355,0.0003513669919967821,1,True
DIV2K_fresh,fresh_div2k_0823,0.01,0.0,hqs,1,1,0.009207774755285262,0.009200692986254823,0.07691075442928241,0.07691075442928241,0.07691075442928241,0.0033414767670372214,0.0007669922757322922,1,False
DIV2K_fresh,fresh_div2k_0823,0.01,0.0,hqs_round1,1,1,0.009188701933593384,0.009200692986254823,-0.13049778682667768,-0.13049778682667768,-0.13049778682667768,-0.005663752139586364,0.00023008419150816195,0,False
DIV2K_fresh,fresh_div2k_0823,0.04,0.0,hqs,1,1,0.005086932617548189,0.005000748526782848,1.6942251302491274,1.6942251302491274,1.6942251302491274,0.07420969244158115,0.0028361966379927273,1,False
DIV2K_fresh,fresh_div2k_0823,0.04,0.0,hqs_round1,1,1,0.00504707745672243,0.005000748526782848,0.9179357823778656,0.9179357823778656,0.9179357823778656,0.04004954155393747,0.0014851802846965745,1,False
DIV2K_fresh,fresh_div2k_0823,0.1,0.0,hqs,1,1,0.002679651986733594,0.0025863745121442855,3.4809548049935635,3.4809548049935635,3.4809548049935635,0.1538698295669363,0.0037361957207917573,1,False
DIV2K_fresh,fresh_div2k_0823,0.1,0.0,hqs_round1,1,1,0.002618404522295077,0.0025863745121442855,1.2232643916577302,1.2232643916577302,1.2232643916577302,0.053453305809270546,0.0010119486807584899,1,False
DIV2K_fresh,fresh_div2k_0823,0.1,0.01,hqs,1,1,0.0027981426165198443,0.0027298534084635034,2.4405192091772165,2.4405192091772165,2.4405192091772165,0.10719401586537695,0.004072592898279437,1,False
DIV2K_fresh,fresh_div2k_0823,0.1,0.01,hqs_round1,1,1,0.0027560483071276676,0.0027298534084635034,0.9504513616985233,0.9504513616985233,0.9504513616985233,0.04146708623420755,0.0008677797164172348,1,False
DIV2K_fresh,fresh_div2k_0823,0.1,0.05,hqs,1,1,0.0043915675221006785,0.003952007824164054,10.009175441901519,10.009175441901519,10.009175441901519,0.4578057137244815,0.10492989399741963,1,True
DIV2K_fresh,fresh_div2k_0823,0.1,0.05,hqs_round1,1,1,0.004407314710973293,0.003952007824164054,10.330709664903658,10.330709664903658,10.330709664903658,0.4733191515887209,0.09471741197483492,1,True
DIV2K_fresh,fresh_div2k_0823,0.25,0.0,hqs,1,1,0.0009022959912065354,0.0008664596522836253,3.971683269366,3.971683269366,3.971683269366,0.1760068376771926,0.0013724557218551814,1,False
DIV2K_fresh,fresh_div2k_0823,0.25,0.0,hqs_round1,1,1,0.0008725371506279538,0.0008664596522836253,0.6965317568374707,0.6965317568374707,0.6965317568374707,0.03035583200853864,0.000146237454414333,1,False
DIV2K_fresh,fresh_div2k_0823,0.5,0.0,hqs,1,1,0.00017847062198106744,0.00016292317566284035,8.711487720301891,8.711487720301891,8.711487720301891,0.3958387052083907,0.0008065011463164184,1,True
DIV2K_fresh,fresh_div2k_0823,0.5,0.0,hqs_round1,1,1,0.00016900480405902243,0.00016292317566284035,3.598494391945306,3.598494391945306,3.598494391945306,0.15916183190904576,0.00014979259777059273,1,False
DIV2K_fresh,fresh_div2k_0826,0.01,0.0,hqs,1,1,0.0093446413462362,0.008876454556411093,5.010216791398648,5.010216791398648,5.010216791398648,0.2232310349787241,0.001292714028924391,1,True
DIV2K_fresh,fresh_div2k_0826,0.01,0.0,hqs_round1,1,1,0.00931400446107984,0.008876454556411093,4.6977635290719855,4.6977635290719855,4.6977635290719855,0.20896907592668157,0.0006501963226204222,1,False
DIV2K_fresh,fresh_div2k_0826,0.04,0.0,hqs,1,1,0.004064211044846005,0.004032180376100203,0.7881152920545698,0.7881152920545698,0.7881152920545698,0.034363000845459624,0.0021459569656240296,1,False
DIV2K_fresh,fresh_div2k_0826,0.04,0.0,hqs_round1,1,1,0.004035937014177062,0.004032180376100203,0.09307970029421853,0.09307970029421853,0.09307970029421853,0.0040442825166486784,-0.00020836972668869524,1,False
DIV2K_fresh,fresh_div2k_0826,0.1,0.0,hqs,1,1,0.002380965137770281,0.002277914799204921,4.328091030424086,4.328091030424086,4.328091030424086,0.19215560346130545,0.0018267813078314266,1,False
DIV2K_fresh,fresh_div2k_0826,0.1,0.0,hqs_round1,1,1,0.002304414485428538,0.002277914799204921,1.1499531178606137,1.1499531178606137,1.1499531178606137,0.05023120375097889,-0.0009925583790838521,1,False
DIV2K_fresh,fresh_div2k_0826,0.1,0.01,hqs,1,1,0.002459345565432883,0.002381018233271841,3.1848851687198865,3.1848851687198865,3.1848851687198865,0.1404668184469943,0.0007075907090076475,1,False
DIV2K_fresh,fresh_div2k_0826,0.1,0.01,hqs_round1,1,1,0.0024161255058215794,0.002381018233271841,1.4530401034693163,1.4530401034693163,1.4530401034693163,0.06353965872587253,-0.001647587287282537,1,False
DIV2K_fresh,fresh_div2k_0826,0.1,0.05,hqs,1,1,0.0038104377929081158,0.003225750744034278,15.3443536058256,15.3443536058256,15.3443536058256,0.7233333849526199,0.06769488910372168,1,True
DIV2K_fresh,fresh_div2k_0826,0.1,0.05,hqs_round1,1,1,0.003795516855639475,0.003225750744034278,15.011555297366785,15.011555297366785,15.011555297366785,0.7063771204736563,0.062016005824904595,1,True
DIV2K_fresh,fresh_div2k_0826,0.25,0.0,hqs,1,1,0.0010622248185134734,0.001010995495683402,4.822832411481781,4.822832411481781,4.822832411481781,0.2146722367027607,0.003047047998189889,1,False
DIV2K_fresh,fresh_div2k_0826,0.25,0.0,hqs_round1,1,1,0.0010269114783444495,0.001010995495683402,1.549888475947958,1.549888475947958,1.549888475947958,0.06783787557828802,0.0004300895555019446,1,False
DIV2K_fresh,fresh_div2k_0826,0.5,0.0,hqs,1,1,0.0003027981338502125,0.00028131643900735975,7.094394727504916,7.094394727504916,7.094394727504916,0.31958082933406473,0.0016332734375000824,1,True
DIV2K_fresh,fresh_div2k_0826,0.5,0.0,hqs_round1,1,1,0.00028818151815305983,0.00028131643900735975,2.3822066000963593,2.3822066000963593,2.3822066000963593,0.10471013572313126,0.0002923265447616341,1,False
DIV2K_fresh,fresh_div2k_0830,0.01,0.0,hqs,1,1,0.008434603006835921,0.008178259935279654,3.039183602933193,3.039183602933193,3.039183602933193,0.13403736461117077,0.003997803832471003,1,False
DIV2K_fresh,fresh_div2k_0830,0.01,0.0,hqs_round1,1,1,0.008339910432505324,0.008178259935279654,1.9382761785501468,1.9382761785501468,1.9382761785501468,0.08500476584810812,0.002235371749664039,1,False
DIV2K_fresh,fresh_div2k_0830,0.04,0.0,hqs,1,1,0.004983438903301633,0.004869763923904658,2.2810549422340287,2.2810549422340287,2.2810549422340287,0.10021230176538154,-0.002640138762327382,1,False
DIV2K_fresh,fresh_div2k_0830,0.04,0.0,hqs_round1,1,1,0.0049510944045518535,0.004869763923904658,1.6426768306502804,1.6426768306502804,1.6426768306502804,0.07193299256212526,-0.003679336251972698,1,False
DIV2K_fresh,fresh_div2k_0830,0.1,0.0,hqs,1,1,0.002746261877562072,0.002721287489079292,0.9093957385065687,0.9093957385065687,0.9093957385065687,0.03967523222468117,-0.0018880280188345866,1,False
DIV2K_fresh,fresh_div2k_0830,0.1,0.0,hqs_round1,1,1,0.0027038562695012444,0.002721287489079292,-0.6446799622697119,-0.6446799622697119,-0.6446799622697119,-0.027908231979093756,-0.006046060899138506,0,False
DIV2K_fresh,fresh_div2k_0830,0.1,0.01,hqs,1,1,0.002817363318407561,0.0027938042487185544,0.8362098539113072,0.8362098539113072,0.8362098539113072,0.03642541361861499,-0.0029678760087440046,1,False
DIV2K_fresh,fresh_div2k_0830,0.1,0.01,hqs_round1,1,1,0.0028033032525187993,0.0027938042487185544,0.3388503827300826,0.3388503827300826,0.3388503827300826,0.014771803901956796,-0.005915409869680792,1,False
DIV2K_fresh,fresh_div2k_0830,0.1,0.05,hqs,1,1,0.004050163409761957,0.0035639751398610525,12.004164294434716,12.004164294434716,12.004164294434716,0.5555505944111102,0.05628454637353123,1,True
DIV2K_fresh,fresh_div2k_0830,0.1,0.05,hqs_round1,1,1,0.004035649900565704,0.0035639751398610525,11.687702658214572,11.687702658214572,11.687702658214572,0.5399731571774057,0.05300706666663413,1,True
DIV2K_fresh,fresh_div2k_0830,0.25,0.0,hqs,1,1,0.0013320112132758537,0.00124507399181568,6.5267634831967065,6.5267634831967065,6.5267634831967065,0.2931271957567638,0.003762606923103373,1,True
DIV2K_fresh,fresh_div2k_0830,0.25,0.0,hqs_round1,1,1,0.0012962364192814675,0.00124507399181568,3.946998148235026,3.946998148235026,3.946998148235026,0.1748905800389764,0.001109398995876365,1,False
DIV2K_fresh,fresh_div2k_0830,0.5,0.0,hqs,1,1,0.0003526126095282082,0.00032224347905651397,8.612604782434696,8.612604782434696,8.612604782434696,0.391137010381442,0.001345622357368459,1,True
DIV2K_fresh,fresh_div2k_0830,0.5,0.0,hqs_round1,1,1,0.0003360406220453653,0.00032224347905651397,4.105796169782339,4.105796169782339,4.105796169782339,0.1820764226235525,0.0001426826334000042,1,False
DIV2K_fresh,fresh_div2k_0832,0.01,0.0,hqs,1,1,0.012652176614141935,0.012491775731724861,1.2677730267990905,1.2677730267990905,1.2677730267990905,0.05541067065120231,0.002845700931622286,1,False
DIV2K_fresh,fresh_div2k_0832,0.01,0.0,hqs_round1,1,1,0.012656387804402093,0.012491775731724861,1.3006244374084153,1.3006244374084153,1.3006244374084153,0.056855949552733875,0.0024607337740039092,1,False
DIV2K_fresh,fresh_div2k_0832,0.04,0.0,hqs,1,1,0.005858693963264696,0.005791088945617934,1.1539264223504597,1.1539264223504597,1.1539264223504597,0.050405773106319884,0.0010081827238728192,1,False
DIV2K_fresh,fresh_div2k_0832,0.04,0.0,hqs_round1,1,1,0.005871120594334417,0.005791088945617934,1.3631409444001763,1.3631409444001763,1.3631409444001763,0.059607656554263144,0.0010026041344762815,1,False
DIV2K_fresh,fresh_div2k_0832,0.1,0.0,hqs,1,1,0.002691244651622579,0.0026506334499367735,1.5090118864266255,1.5090118864266255,1.5090118864266255,0.06603505457691128,1.864109933302771e-06,1,False
DIV2K_fresh,fresh_div2k_0832,0.1,0.0,hqs_round1,1,1,0.002650904143790548,0.0026506334499367735,0.010211378423796713,0.010211378423796713,0.010211378423796713,0.00044349717418157297,-0.0008404347580075466,1,False
DIV2K_fresh,fresh_div2k_0832,0.1,0.01,hqs,1,1,0.0027482385438264115,0.0027112720314891037,1.345098387487098,1.345098387487098,1.345098387487098,0.058789041184572476,-0.00024571926316618864,1,False
DIV2K_fresh,fresh_div2k_0832,0.1,0.01,hqs_round1,1,1,0.0027154237101869962,0.0027112720314891037,0.1528924816527666,0.1528924816527666,0.1528924816527666,0.006619925716153811,-0.0010260708708738446,1,False
DIV2K_fresh,fresh_div2k_0832,0.1,0.05,hqs,1,1,0.003837302108249819,0.003613971880697639,5.819980320862472,5.819980320862472,5.819980320862472,0.260321547074889,0.017516896030876843,1,True
DIV2K_fresh,fresh_div2k_0832,0.1,0.05,hqs_round1,1,1,0.003847154151806986,0.003613971880697639,6.061162664870667,6.061162664870667,6.061162664870667,0.27142185287070103,0.01488035735057173,1,True
DIV2K_fresh,fresh_div2k_0832,0.25,0.0,hqs,1,1,0.0008909523501349967,0.0008539033169804613,4.158363031302592,4.158363031302592,4.158363031302592,0.18445777170946798,0.0015491266126632652,1,False
DIV2K_fresh,fresh_div2k_0832,0.25,0.0,hqs_round1,1,1,0.0008645425081605995,0.0008539033169804613,1.2306151611647276,1.2306151611647276,1.2306151611647276,0.053776511208486255,0.00048413371467592725,1,False
DIV2K_fresh,fresh_div2k_0832,0.5,0.0,hqs,1,1,0.0002029247110999629,0.00018671614984734476,7.987475337409067,7.987475337409067,7.987475337409067,0.3615305285410173,0.0008520324974059523,1,True
DIV2K_fresh,fresh_div2k_0832,0.5,0.0,hqs_round1,1,1,0.00019289380724321032,0.00018671614984734476,3.2026209053339194,3.2026209053339194,3.2026209053339194,0.14136401577284374,0.00024086840343473526,1,False
DIV2K_fresh,fresh_div2k_0836,0.01,0.0,hqs,1,1,0.01180238515464917,0.01166724385379122,1.1450338138195293,1.1450338138195293,1.1450338138195293,0.050015081097626535,0.00123206842955359,1,False
DIV2K_fresh,fresh_div2k_0836,0.01,0.0,hqs_round1,1,1,0.011787996688472756,0.01166724385379122,1.0243711282988177,1.0243711282988177,1.0243711282988177,0.04471730145174391,0.0015668627797659207,1,False
DIV2K_fresh,fresh_div2k_0836,0.04,0.0,hqs,1,1,0.005909182118926762,0.005753496948709549,2.634631444486424,2.634631444486424,2.634631444486424,0.11595487882389577,0.005265630539927235,1,False
DIV2K_fresh,fresh_div2k_0836,0.04,0.0,hqs_round1,1,1,0.005849054079232421,0.005753496948709549,1.6337193882709378,1.6337193882709378,1.6337193882709378,0.0715374967776583,0.0021414012765142987,1,False
DIV2K_fresh,fresh_div2k_0836,0.1,0.0,hqs,1,1,0.0032686014877605935,0.002931324708562076,10.318687685282635,10.318687685282635,10.318687685282635,0.47298045296330926,0.011778649488225601,1,True
DIV2K_fresh,fresh_div2k_0836,0.1,0.0,hqs_round1,1,1,0.0030614530962976153,0.002931324708562076,4.250543243432691,4.250543243432691,4.250543243432691,0.18863681362414297,0.003781444847088311,1,False
DIV2K_fresh,fresh_div2k_0836,0.1,0.01,hqs,1,1,0.003396822493634021,0.003130867699233278,7.829516994166418,7.829516994166418,7.829516994166418,0.35404967465624654,0.009520438307071647,1,True
DIV2K_fresh,fresh_div2k_0836,0.1,0.01,hqs_round1,1,1,0.003230083256008249,0.003130867699233278,3.071609890872651,3.071609890872651,3.071609890872651,0.13553421721628686,0.002369058544722321,1,False
DIV2K_fresh,fresh_div2k_0836,0.1,0.05,hqs,1,1,0.0054129440057737845,0.004662935719292278,13.85582939120562,13.85582939120562,13.85582939120562,0.64746046988112,0.071410864105163,1,True
DIV2K_fresh,fresh_div2k_0836,0.1,0.05,hqs_round1,1,1,0.005401084954154527,0.004662935719292278,13.666684400038232,13.666684400038232,13.666684400038232,0.6380786459887536,0.06292162556129417,1,True
DIV2K_fresh,fresh_div2k_0836,0.25,0.0,hqs,1,1,0.0008896550023328134,0.0008044633312340778,9.575809822386184,9.575809822386184,9.575809822386184,0.4371537201028559,0.003778617831707076,1,True
DIV2K_fresh,fresh_div2k_0836,0.25,0.0,hqs_round1,1,1,0.0008348258906493414,0.0008044633312340778,3.63699302517404,3.63699302517404,3.63699302517404,0.16089656450794365,0.00028958306980142456,1,False
DIV2K_fresh,fresh_div2k_0836,0.5,0.0,hqs,1,1,0.000171122327564269,0.00015461817708573353,9.644650533599686,9.644650533599686,9.644650533599686,0.44046130043128073,0.000879469515800535,1,True
DIV2K_fresh,fresh_div2k_0836,0.5,0.0,hqs_round1,1,1,0.00015939233379140877,0.00015461817708573353,2.9952235418818973,2.9952235418818973,2.9952235418818973,0.13206880802496812,0.00013847334671024392,1,False
DIV2K_fresh,fresh_div2k_0839,0.01,0.0,hqs,1,1,0.0038380392434731333,0.0036100321166861325,5.940719005798167,5.940719005798167,5.940719005798167,0.2659834540116677,0.017833760005218413,1,True
DIV2K_fresh,fresh_div2k_0839,0.01,0.0,hqs_round1,1,1,0.003738281564506652,0.0036100321166861325,3.43070594355952,3.43070594355952,3.43070594355952,0.15160943374811353,0.009910387402454757,1,False
DIV2K_fresh,fresh_div2k_0839,0.04,0.0,hqs,1,1,0.001985270794096917,0.0018922338405623455,4.686360863777939,4.686360863777939,4.686360863777939,0.20844948493182258,0.008834041714456897,1,False
DIV2K_fresh,fresh_div2k_0839,0.04,0.0,hqs_round1,1,1,0.001953241916418374,0.0018922338405623455,3.1234265117501603,3.1234265117501603,3.1234265117501603,0.13781230532450195,0.006787657090138621,1,False
DIV2K_fresh,fresh_div2k_0839,0.1,0.0,hqs,1,1,0.0010588098265424347,0.0010305477753262463,2.6692282700547576,2.6692282700547576,2.6692282700547576,0.11749833115651853,0.0013073438687324357,1,False
DIV2K_fresh,fresh_div2k_0839,0.1,0.0,hqs_round1,1,1,0.0010495913860944352,0.0010305477753262463,1.8143832943457006,1.8143832943457006,1.8143832943457006,0.07952127720966473,0.0011719024312495385,1,False
DIV2K_fresh,fresh_div2k_0839,0.1,0.01,hqs,1,1,0.0011081446320329166,0.0010875461146924368,1.8588293211050821,1.8588293211050821,1.8588293211050821,0.08157303166784402,-0.00019588642724355232,1,False
DIV2K_fresh,fresh_div2k_0839,0.1,0.01,hqs_round1,1,1,0.001103249867297202,0.0010875461146924368,1.42340851970707,1.42340851970707,1.42340851970707,0.06232875602874799,0.0001257589697043112,1,False
DIV2K_fresh,fresh_div2k_0839,0.1,0.05,hqs,1,1,0.0019599256028309674,0.0015507573583082937,20.87672327621316,20.87672327621316,20.87672327621316,1.0171046911770543,0.04264376581910919,1,True
DIV2K_fresh,fresh_div2k_0839,0.1,0.05,hqs_round1,1,1,0.001957770531506706,0.0015507573583082937,20.78962608989593,20.78962608989593,20.78962608989593,1.0122902202606572,0.04596597748703094,1,True
DIV2K_fresh,fresh_div2k_0839,0.25,0.0,hqs,1,1,0.0004456101816249198,0.0004239946349622293,4.850774859737106,4.850774859737106,4.850774859737106,0.21594744094547025,0.0009352067198753478,1,False
DIV2K_fresh,fresh_div2k_0839,0.25,0.0,hqs_round1,1,1,0.00043489015008990394,0.0004239946349622293,2.5053487933498264,2.5053487933498264,2.5053487933498264,0.11019210097943954,0.0001355647845268093,1,False
DIV2K_fresh,fresh_div2k_0839,0.5,0.0,hqs,1,1,0.00012638405797091447,0.00011482366616380391,9.147033251433523,9.147033251433523,9.147033251433523,0.41660886501299643,0.00023752921104425173,1,True
DIV2K_fresh,fresh_div2k_0839,0.5,0.0,hqs_round1,1,1,0.00012114147318439978,0.00011482366616380391,5.215230469402499,5.215230469402499,5.215230469402499,0.23261441567158414,-0.00036912444877623685,1,True
DIV2K_fresh,fresh_div2k_0842,0.01,0.0,hqs,1,1,0.006018477737414263,0.005842064768543283,2.9311891904874376,2.9311891904874376,2.9311891904874376,0.1292029088716049,0.004084930883767157,1,False
DIV2K_fresh,fresh_div2k_0842,0.01,0.0,hqs_round1,1,1,0.005936561799957285,0.005842064768543283,1.59178047156322,1.59178047156322,1.59178047156322,0.06968625686944208,0.00203187932086224,1,False
DIV2K_fresh,fresh_div2k_0842,0.04,0.0,hqs,1,1,0.002306374812414129,0.002304728280050946,0.07139049361450933,0.07139049361450933,0.07139049361450933,0.0031015569839105694,-0.001070751745957943,1,False
DIV2K_fresh,fresh_div2k_0842,0.04,0.0,hqs_round1,1,1,0.0022995946039903064,0.002304728280050946,-0.22324265554161116,-0.22324265554161116,-0.22324265554161116,-0.009684499393493695,-0.0010998336263299269,0,False
DIV2K_fresh,fresh_div2k_0842,0.1,0.0,hqs,1,1,0.001337322720511604,0.0013030764397942494,2.5608090098292458,2.5608090098292458,2.5608090098292458,0.1126633051952517,-0.0006243752338886965,1,False
DIV2K_fresh,fresh_div2k_0842,0.1,0.0,hqs_round1,1,1,0.0013036998216500407,0.0013030764397942494,0.047816364276420664,0.047816364276420664,0.047816364276420664,0.00207713495978723,-0.0014479519214630754,1,False
DIV2K_fresh,fresh_div2k_0842,0.1,0.01,hqs,1,1,0.0014240069049874218,0.0013943983141705082,2.079244890822707,2.079244890822707,2.079244890822707,0.09122440633372146,0.0009074908030430132,1,False
DIV2K_fresh,fresh_div2k_0842,0.1,0.01,hqs_round1,1,1,0.0014087539483644714,0.0013943983141705082,1.019030627075057,1.019030627075057,1.019030627075057,0.0444888186431515,-0.00028769411468506273,1,False
DIV2K_fresh,fresh_div2k_0842,0.1,0.05,hqs,1,1,0.0030193780252543317,0.0022935685965078836,24.038375542105594,24.038375542105594,24.038375542105594,1.1942314161264136,0.09517381304510712,1,True
DIV2K_fresh,fresh_div2k_0842,0.1,0.05,hqs_round1,1,1,0.003039661814367137,0.0022935685965078836,24.545270606512894,24.545270606512894,24.545270606512894,1.2233149444364422,0.09034345453253267,1,True
DIV2K_fresh,fresh_div2k_0842,0.25,0.0,hqs,1,1,0.0005316842572019126,0.0005047407722422205,5.06757245390096,5.06757245390096,5.06757245390096,0.2258541350773342,0.0012001751031875951,1,True
DIV2K_fresh,fresh_div2k_0842,0.25,0.0,hqs_round1,1,1,0.0005095748564227312,0.0005047407722422205,0.9486504523489314,0.9486504523489314,0.9486504523489314,0.041396029411316704,-0.000114335172653246,1,False
DIV2K_fresh,fresh_div2k_0842,0.5,0.0,hqs,1,1,0.0001711086946246724,0.00016095462593318047,5.934279794352316,5.934279794352316,5.934279794352316,0.2656861501996275,0.0009044051113128448,1,True
DIV2K_fresh,fresh_div2k_0842,0.5,0.0,hqs_round1,1,1,0.00016278404773514596,0.00016095462593318047,1.1238335865330074,1.1238335865330074,1.1238335865330074,0.04908380217964492,0.0001109466123579983,1,False
DIV2K_fresh,fresh_div2k_0845,0.01,0.0,hqs,1,1,0.010393497621344496,0.010270530415524183,1.1831166975762142,1.1831166975762142,1.1831166975762142,0.05168847936024079,0.005285294109970251,1,False
DIV2K_fresh,fresh_div2k_0845,0.01,0.0,hqs_round1,1,1,0.01047048125853645,0.010270530415524183,1.9096623934955148,1.9096623934955148,1.9096623934955148,0.08373770712302786,0.006534404709119146,1,False
DIV2K_fresh,fresh_div2k_0845,0.04,0.0,hqs,1,1,0.0053957680845326565,0.004710239925824597,12.70492259801108,12.70492259801108,12.70492259801108,0.590102456120583,0.03377963695146846,1,True
DIV2K_fresh,fresh_div2k_0845,0.04,0.0,hqs_round1,1,1,0.00529504713775154,0.004710239925824597,11.044419373672888,11.044419373672888,11.044419373672888,0.5082680127095571,0.030128818611807717,1,True
DIV2K_fresh,fresh_div2k_0845,0.1,0.0,hqs,1,1,0.0032892296091045787,0.0028755448727008095,12.576949181616603,12.576949181616603,12.576949181616603,0.5837404192700717,0.016741509049534864,1,True
DIV2K_fresh,fresh_div2k_0845,0.1,0.0,hqs_round1,1,1,0.0030554357993665313,0.0028755448727008095,5.8875701693034355,5.8875701693034355,5.8875701693034355,0.2635301365685905,0.007198546346724011,1,True
DIV2K_fresh,fresh_div2k_0845,0.1,0.01,hqs,1,1,0.0034746932968984824,0.003091750381999488,11.020912701584628,11.020912701584628,11.020912701584628,0.5073619095721812,0.025021676989056146,1,True
DIV2K_fresh,fresh_div2k_0845,0.1,0.01,hqs_round1,1,1,0.003245759170152213,0.003091750381999488,4.74492345485703,4.74492345485703,4.74492345485703,0.21131532803953115,0.012011205199943253,1,False
DIV2K_fresh,fresh_div2k_0845,0.1,0.05,hqs,1,1,0.006138762719626607,0.004652070934146823,24.21810148691027,24.21810148691027,24.21810148691027,1.2043558543477673,0.17400131442705943,1,True
DIV2K_fresh,fresh_div2k_0845,0.1,0.05,hqs_round1,1,1,0.006196122827641493,0.004652070934146823,24.919646308599752,24.919646308599752,24.919646308599752,1.2447114272641404,0.16682374048555837,1,True
DIV2K_fresh,fresh_div2k_0845,0.25,0.0,hqs,1,1,0.0012354521736543374,0.001040749724732558,15.759610373736288,15.759610373736288,15.759610373736288,0.7447963313138963,0.009427928887605685,1,True
DIV2K_fresh,fresh_div2k_0845,0.25,0.0,hqs_round1,1,1,0.0011100078756382573,0.001040749724732558,6.239428784762069,6.239428784762069,6.239428784762069,0.2797975547626024,0.002847111406982017,1,True
DIV2K_fresh,fresh_div2k_0845,0.5,0.0,hqs,1,1,0.0003427969854170827,0.00026269949574036095,23.36586757881396,23.36586757881396,23.36586757881396,1.155777549035939,0.005964487380981431,1,True
DIV2K_fresh,fresh_div2k_0845,0.5,0.0,hqs_round1,1,1,0.00028710587318424465,0.00026269949574036095,8.500828343633838,8.500828343633838,8.500828343633838,0.3858283759144996,0.001888077776908803,1,True
DIV2K_fresh,fresh_div2k_0849,0.01,0.0,hqs,1,1,0.03286523714394314,0.03255246424371746,0.9516830773373064,0.9516830773373064,0.9516830773373064,0.04152899806509325,-0.001717908491541409,1,False
DIV2K_fresh,fresh_div2k_0849,0.01,0.0,hqs_round1,1,1,0.03267216967465285,0.03255246424371746,0.36638347599013965,0.36638347599013965,0.36638347599013965,0.01594105274493174,-0.0030907140812603817,1,False
DIV2K_fresh,fresh_div2k_0849,0.04,0.0,hqs,1,1,0.018883886632050574,0.018983410722589286,-0.5270318154197984,-0.5270318154197984,-0.5270318154197984,-0.022828596641062404,-0.014589690396928756,0,False
DIV2K_fresh,fresh_div2k_0849,0.04,0.0,hqs_round1,1,1,0.018849859741520678,0.018983410722589286,-0.7084985400418464,-0.7084985400418464,-0.7084985400418464,-0.03066121132648547,-0.014527004192576465,0,False
DIV2K_fresh,fresh_div2k_0849,0.1,0.0,hqs,1,1,0.010855805696222062,0.010893554995861811,-0.3477337444689699,-0.3477337444689699,-0.3477337444689699,-0.015075688176700908,-0.01022661822355908,0,False
DIV2K_fresh,fresh_div2k_0849,0.1,0.0,hqs_round1,1,1,0.010840208974806304,0.010893554995861811,-0.49211247845395434,-0.49211247845395434,-0.49211247845395434,-0.02131975771312966,-0.008645031099300815,0,False
DIV2K_fresh,fresh_div2k_0849,0.1,0.01,hqs,1,1,0.010904462624284697,0.010932989229450497,-0.26160486902189195,-0.26160486902189195,-0.26160486902189195,-0.011347461970075301,-0.009950979936191207,0,False
DIV2K_fresh,fresh_div2k_0849,0.1,0.01,hqs_round1,1,1,0.010887280002412422,0.010932989229450497,-0.41984064916074093,-0.41984064916074093,-0.41984064916074093,-0.018196198878641212,-0.008425520760912483,0,False
DIV2K_fresh,fresh_div2k_0849,0.1,0.05,hqs,1,1,0.011994990186836701,0.01185994595557209,1.125838613964092,1.125838613964092,1.125838613964092,0.049167824762800905,-0.008677231639117822,1,False
DIV2K_fresh,fresh_div2k_0849,0.1,0.05,hqs_round1,1,1,0.011964029775347997,0.01185994595557209,0.8699729249284527,0.8699729249284527,0.8699729249284527,0.037941708451914025,-0.007819889818186784,1,False
DIV2K_fresh,fresh_div2k_0849,0.25,0.0,hqs,1,1,0.004658273042056922,0.004550278522769205,2.3183381118430657,2.3183381118430657,2.3183381118430657,0.10186960214726071,0.00012237925815583583,1,False
DIV2K_fresh,fresh_div2k_0849,0.25,0.0,hqs_round1,1,1,0.004580650882832085,0.004550278522769205,0.663057736548156,0.663057736548156,0.663057736548156,0.02889212355170656,-0.00094804163599016,1,False
DIV2K_fresh,fresh_div2k_0849,0.5,0.0,hqs,1,1,0.001526085793007707,0.0014429593967508157,5.447032967462495,5.447032967462495,5.447032967462495,0.24324838626015932,0.0014991986026764437,1,True
DIV2K_fresh,fresh_div2k_0849,0.5,0.0,hqs_round1,1,1,0.0014540503715639436,0.0014429593967508157,0.7627641400895002,0.7627641400895002,0.7627641400895002,0.03325341009124472,-0.00012444622230523006,1,False
DIV2K_fresh,fresh_div2k_0851,0.01,0.0,hqs,1,1,0.0068637924072254605,0.006663431532437235,2.919098697934208,2.919098697934208,2.919098697934208,0.1286620031809349,0.007022963395674098,1,False
DIV2K_fresh,fresh_div2k_0851,0.01,0.0,hqs_round1,1,1,0.006888000345206298,0.006663431532437235,3.260290382031572,3.260290382031572,3.260290382031572,0.1439522056037319,0.007978509247271726,1,False
DIV2K_fresh,fresh_div2k_0851,0.04,0.0,hqs,1,1,0.0025977840563212234,0.002606045447548431,-0.31801685775632027,-0.31801685775632027,-0.31801685775632027,-0.01378938197105839,-0.00027828709626753767,0,False
DIV2K_fresh,fresh_div2k_0851,0.04,0.0,hqs_round1,1,1,0.002629839889110663,0.002606045447548431,0.9047867005423815,0.9047867005423815,0.9047867005423815,0.0394732319221589,-0.000434150862831606,1,False
DIV2K_fresh,fresh_div2k_0851,0.1,0.0,hqs,1,1,0.0010307607497063082,0.0009939727831724202,3.5690111933705193,3.5690111933705193,3.5690111933705193,0.15783379945388276,0.0032077286567687713,1,False
DIV2K_fresh,fresh_div2k_0851,0.1,0.0,hqs_round1,1,1,0.0010123530086667471,0.0009939727831724202,1.8155944949018732,1.8155944949018732,1.8155944949018732,0.07957485134609499,0.00144935488605491,1,False
DIV2K_fresh,fresh_div2k_0851,0.1,0.01,hqs,1,1,0.0010751539134096638,0.0010479409198594072,2.531078872601167,2.531078872601167,2.531078872601167,0.11135121200716587,0.003140863151868197,1,False
DIV2K_fresh,fresh_div2k_0851,0.1,0.01,hqs_round1,1,1,0.0010667240438845223,0.0010479409198594072,1.760823160666325,1.760823160666325,1.760823160666325,0.07714405495503603,0.0015208203297456164,1,False
DIV2K_fresh,fresh_div2k_0851,0.1,0.05,hqs,1,1,0.0017439520082488096,0.0015783111536753966,9.498016791169695,9.498016791169695,9.498016791169695,0.433471359133204,0.05374844744698085,1,True
DIV2K_fresh,fresh_div2k_0851,0.1,0.05,hqs_round1,1,1,0.0018018009782639402,0.0015783111536753966,12.403690933938726,12.403690933938726,12.403690933938726,0.5751987767886794,0.05051636388904849,1,True
DIV2K_fresh,fresh_div2k_0851,0.25,0.0,hqs,1,1,0.0002879437462401021,0.00026847446937280163,6.7614862699834415,6.7614862699834415,6.7614862699834415,0.3040465797425185,0.0014134002847671079,1,True
DIV2K_fresh,fresh_div2k_0851,0.25,0.0,hqs_round1,1,1,0.0002752802977611858,0.00026847446937280163,2.4723267316022923,2.4723267316022923,2.4723267316022923,0.10872136685977551,0.0005962243843078419,1,False
DIV2K_fresh,fresh_div2k_0851,0.5,0.0,hqs,1,1,6.395856503874028e-05,5.701017187325177e-05,10.863897839608839,10.863897839608839,10.863897839608839,0.4994636113211115,0.0005582217702866377,1,True
DIV2K_fresh,fresh_div2k_0851,0.5,0.0,hqs_round1,1,1,5.99098246955551e-05,5.701017187325177e-05,4.840028888481229,4.840028888481229,4.840028888481229,0.21545698477036268,0.00021621325302123573,1,False
DIV2K_fresh,fresh_div2k_0855,0.01,0.0,hqs,1,1,0.004497075221153104,0.004472528513878217,0.5458371512094273,0.5458371512094273,0.5458371512094273,0.023770339128830642,0.0003005780373791511,1,False
DIV2K_fresh,fresh_div2k_0855,0.01,0.0,hqs_round1,1,1,0.004455204202865674,0.004472528513878217,-0.388855599512139,-0.388855599512139,-0.388855599512139,-0.016855034437295302,-0.0009786168041353571,0,False
DIV2K_fresh,fresh_div2k_0855,0.04,0.0,hqs,1,1,0.002210878121920433,0.002197164732344548,0.6202689076308276,0.6202689076308276,0.6202689076308276,0.027021827289260614,0.0007890778121124598,1,False
DIV2K_fresh,fresh_div2k_0855,0.04,0.0,hqs_round1,1,1,0.002196680981279484,0.002197164732344548,-0.022021908014258074,-0.022021908014258074,-0.022021908014258074,-0.000956294019928805,-0.00015812811962701012,0,False
DIV2K_fresh,fresh_div2k_0855,0.1,0.0,hqs,1,1,0.0014058382222067074,0.0013627339023551102,3.0660938912257962,3.0660938912257962,3.0660938912257962,0.1352428631039544,0.0032656656742096057,1,False
DIV2K_fresh,fresh_div2k_0855,0.1,0.0,hqs_round1,1,1,0.0013659382065637703,0.0013627339023551102,0.234586322665431,0.234586322665431,0.234586322665431,0.01019992304161832,0.000503239402532607,1,False
DIV2K_fresh,fresh_div2k_0855,0.1,0.01,hqs,1,1,0.001461386840648669,0.0014243432013149031,2.5348277610959813,2.5348277610959813,2.5348277610959813,0.11151786345151038,0.0034536355221271484,1,False
DIV2K_fresh,fresh_div2k_0855,0.1,0.01,hqs_round1,1,1,0.001424690729517481,0.0014243432013149031,0.024393238151809715,0.024393238151809715,0.024393238151809715,0.0010642182881426265,0.00036220809688169986,1,False
DIV2K_fresh,fresh_div2k_0855,0.1,0.05,hqs,1,1,0.002400733665232897,0.002033796922745162,15.284358602608183,15.284358602608183,15.284358602608183,0.7203806393322468,0.0673019776402316,1,True
DIV2K_fresh,fresh_div2k_0855,0.1,0.05,hqs_round1,1,1,0.002384554452146721,0.002033796922745162,14.709562580371605,14.709562580371605,14.709562580371605,0.6910327651420533,0.06502274660511716,1,True
DIV2K_fresh,fresh_div2k_0855,0.25,0.0,hqs,1,1,0.0006324703461576993,0.0005707971129592412,9.751165975310494,9.751165975310494,9.751165975310494,0.4455840028008211,0.004920971833705878,1,True
DIV2K_fresh,fresh_div2k_0855,0.25,0.0,hqs_round1,1,1,0.0005878772569496945,0.0005707971129592412,2.905392884065061,2.905392884065061,2.905392884065061,0.12804891254022976,0.0015130072689055751,1,False
DIV2K_fresh,fresh_div2k_0855,0.5,0.0,hqs,1,1,0.00016304704094046295,0.00014769945562676168,9.412979975089197,9.412979975089197,9.412979975089197,0.4293402677574818,0.0012893833713532032,1,True
DIV2K_fresh,fresh_div2k_0855,0.5,0.0,hqs_round1,1,1,0.00015400363484222092,0.00014769945562676168,4.093526248207036,4.093526248207036,4.093526248207036,0.18152076668864936,0.0004800700893402565,1,False
DIV2K_fresh,fresh_div2k_0858,0.01,0.0,hqs,1,1,0.005753802384420608,0.005757943870656706,-0.07197824950178067,-0.07197824950178067,-0.07197824950178067,-0.00312485118583794,-0.0015408492474379143,0,False
DIV2K_fresh,fresh_div2k_0858,0.01,0.0,hqs_round1,1,1,0.005734492860307456,0.005757943870656706,-0.408946543670341,-0.408946543670341,-0.408946543670341,-0.017724106321558963,-0.002973182312104472,0,False
DIV2K_fresh,fresh_div2k_0858,0.04,0.0,hqs,1,1,0.0032642252408627507,0.0032741221113933077,-0.3031920226173268,-0.3031920226173268,-0.3031920226173268,-0.013147541146384611,-0.007674984937620644,0,False
DIV2K_fresh,fresh_div2k_0858,0.04,0.0,hqs_round1,1,1,0.0032532503356889463,0.0032741221113933077,-0.6415668500942884,-0.6415668500942884,-0.6415668500942884,-0.027773895186509634,-0.008417223938575247,0,False
DIV2K_fresh,fresh_div2k_0858,0.1,0.0,hqs,1,1,0.002020729254796001,0.0020055484945636806,0.7512515690209498,0.7512515690209498,0.7512515690209498,0.0327496116884447,-0.002553000431537611,1,False
DIV2K_fresh,fresh_div2k_0858,0.1,0.0,hqs_round1,1,1,0.002013522660945384,0.0020055484945636806,0.39603062515122245,0.39603062515122245,0.39603062515122245,0.017233539132153197,-0.0020553512748479053,1,False
DIV2K_fresh,fresh_div2k_0858,0.1,0.01,hqs,1,1,0.0020352535121357512,0.0020176139646864346,0.8667002584265782,0.8667002584265782,0.8667002584265782,0.037803096287679715,-0.0025033149466614133,1,False
DIV2K_fresh,fresh_div2k_0858,0.1,0.01,hqs_round1,1,1,0.0020280769451989714,0.0020176139646864346,0.5159064865514873,0.5159064865514873,0.5159064865514873,0.022460152694986135,-0.0021141866612037394,1,False
DIV2K_fresh,fresh_div2k_0858,0.1,0.05,hqs,1,1,0.002388268309400786,0.002295838096397926,3.870177091871674,3.870177091871674,3.870177091871674,0.17144710777678776,-0.005188418165857541,1,False
DIV2K_fresh,fresh_div2k_0858,0.1,0.05,hqs_round1,1,1,0.0023806021465618264,0.002295838096397926,3.5606138676435584,3.5606138676435584,3.5606138676435584,0.15747132345767056,-0.005392375678375361,1,False
DIV2K_fresh,fresh_div2k_0858,0.25,0.0,hqs,1,1,0.0009546302512080175,0.0009381782105509789,1.7233940194352426,1.7233940194352426,1.7233940194352426,0.0754985045573946,-0.0011679817528724712,1,False
DIV2K_fresh,fresh_div2k_0858,0.25,0.0,hqs_round1,1,1,0.0009394040035516616,0.0009381782105509789,0.1304862440492327,0.1304862440492327,0.1304862440492327,0.0056706460871609465,-0.0016846791825294583,1,False
DIV2K_fresh,fresh_div2k_0858,0.5,0.0,hqs,1,1,0.00036377740191998067,0.0003551650102344411,2.3674894702321314,2.3674894702321314,2.3674894702321314,0.10405543064221945,0.00014820871353149467,1,False
DIV2K_fresh,fresh_div2k_0858,0.5,0.0,hqs_round1,1,1,0.0003568500618526824,0.0003551650102344411,0.4722015766209675,0.4722015766209675,0.4722015766209675,0.02055602513063093,-0.00038927834606172773,1,False
DIV2K_fresh,fresh_div2k_0861,0.01,0.0,hqs,1,1,0.014297258525557806,0.014167324392552702,0.9088045290139624,0.9088045290139624,0.9088045290139624,0.03964932076150163,-0.0038487143308672533,1,False
DIV2K_fresh,fresh_div2k_0861,0.01,0.0,hqs_round1,1,1,0.014211299156831274,0.014167324392552702,0.3094352162548941,0.3094352162548941,0.3094352162548941,0.013459435565550848,-0.0049784112785336565,1,False
DIV2K_fresh,fresh_div2k_0861,0.04,0.0,hqs,1,1,0.008382679587668912,0.008384911259964333,-0.02662242153097516,-0.02662242153097516,-0.02662242153097516,-0.001156043200062129,-0.012519008921670904,0,False
DIV2K_fresh,fresh_div2k_0861,0.04,0.0,hqs_round1,1,1,0.00836463130654615,0.008384911259964333,-0.24244886205937455,-0.24244886205937455,-0.24244886205937455,-0.010516676657481128,-0.012152089525868659,0,False
DIV2K_fresh,fresh_div2k_0861,0.1,0.0,hqs,1,1,0.00477857899931995,0.0047417284908155746,0.7711603911878306,0.7711603911878306,0.7711603911878306,0.03362087294495808,-0.0067909604924609734,1,False
DIV2K_fresh,fresh_div2k_0861,0.1,0.0,hqs_round1,1,1,0.004749561906586279,0.0047417284908155746,0.16492922767975537,0.16492922767975537,0.16492922767975537,0.007168698614563596,-0.007349545938461044,1,False
DIV2K_fresh,fresh_div2k_0861,0.1,0.01,hqs,1,1,0.004874986161721452,0.004832997357868163,0.8613112419269209,0.8613112419269209,0.8613112419269209,0.0375885672586603,-0.007161245247175911,1,False
DIV2K_fresh,fresh_div2k_0861,0.1,0.01,hqs_round1,1,1,0.0048499870591048565,0.004832997357868163,0.35030405297264977,0.35030405297264977,0.35030405297264977,0.01523718906273075,-0.007684091717715706,1,False
DIV2K_fresh,fresh_div2k_0861,0.1,0.05,hqs,1,1,0.006489196571192318,0.006125096716673291,5.610861845908421,5.610861845908421,5.610861845908421,0.2508209758566006,-0.002259196310982777,1,True
DIV2K_fresh,fresh_div2k_0861,0.1,0.05,hqs_round1,1,1,0.006511344690572709,0.006125096716673291,5.931923316218191,5.931923316218191,5.931923316218191,0.2654991916388975,-0.002623116980800385,1,True
DIV2K_fresh,fresh_div2k_0861,0.25,0.0,hqs,1,1,0.0018920187789537178,0.0018356749290903112,2.977975191903992,2.977975191903992,2.977975191903992,0.13129666075580815,0.001287895858287813,1,False
DIV2K_fresh,fresh_div2k_0861,0.25,0.0,hqs_round1,1,1,0.0018706111110366524,0.0018356749290903112,1.86763468581026,1.86763468581026,1.86763468581026,0.08187733097468453,-0.000158898790359574,1,False
DIV2K_fresh,fresh_div2k_0861,0.5,0.0,hqs,1,1,0.0005217034934130841,0.000491929984594799,5.706979001329115,5.706979001329115,5.706979001329115,0.2552044993424829,0.0017523999805449941,1,True
DIV2K_fresh,fresh_div2k_0861,0.5,0.0,hqs_round1,1,1,0.0005038264439620106,0.000491929984594799,2.3612217083445852,2.3612217083445852,2.3612217083445852,0.10377663344484489,0.0003646811666487837,1,False
DIV2K_fresh,fresh_div2k_0864,0.01,0.0,hqs,1,1,0.006153710591841539,0.005909405206350935,3.9700499697613134,3.9700499697613134,3.9700499697613134,0.17593297123888618,0.007002531183446847,1,False
DIV2K_fresh,fresh_div2k_0864,0.01,0.0,hqs_round1,1,1,0.006067812602419059,0.005909405206350935,2.610617803275128,2.610617803275128,2.610617803275128,0.11488389165864987,0.0033788856599288875,1,False
DIV2K_fresh,fresh_div2k_0864,0.04,0.0,hqs,1,1,0.003165380822002488,0.003179188482878694,-0.43620852126950993,-0.43620852126950993,-0.43620852126950993,-0.018903096823571275,-0.0081679456260082,0,False
DIV2K_fresh,fresh_div2k_0864,0.04,0.0,hqs_round1,1,1,0.003162345224027428,0.003179188482878694,-0.5326192321853718,-0.5326192321853718,-0.5326192321853718,-0.023069976177669815,-0.007389036147934069,0,False
DIV2K_fresh,fresh_div2k_0864,0.1,0.0,hqs,1,1,0.001846020507194786,0.0018096274926987406,1.9714306723140562,1.9714306723140562,1.9714306723140562,0.0864733560162314,-0.0032432123848757932,1,False
DIV2K_fresh,fresh_div2k_0864,0.1,0.0,hqs_round1,1,1,0.0018007080155469722,0.0018096274926987406,-0.49533167369497644,-0.49533167369497644,-0.49533167369497644,-0.021458878714977203,-0.005918914937552033,0,False
DIV2K_fresh,fresh_div2k_0864,0.1,0.01,hqs,1,1,0.0018654216396236905,0.0018269646870912434,2.061568908367817,2.061568908367817,2.061568908367817,0.0904871113238445,-0.003043404388503479,1,False
DIV2K_fresh,fresh_div2k_0864,0.1,0.01,hqs_round1,1,1,0.0018223662619076622,0.0018269646870912434,-0.25233265560828944,-0.25233265560828944,-0.25233265560828944,-0.010928883593101327,-0.005601102318699147,0,False
DIV2K_fresh,fresh_div2k_0864,0.1,0.05,hqs,1,1,0.002269970554066533,0.0021455176302751706,5.482578774795632,5.482578774795632,5.482578774795632,0.2448699844486697,0.0027571348677054206,1,True
DIV2K_fresh,fresh_div2k_0864,0.1,0.05,hqs_round1,1,1,0.002257975253329834,0.0021455176302751706,4.980463044881567,4.980463044881567,4.980463044881567,0.22177003726431485,0.00200163863874477,1,False
DIV2K_fresh,fresh_div2k_0864,0.25,0.0,hqs,1,1,0.0008196081265002339,0.000773216102365378,5.660268930342616,5.660268930342616,5.660268930342616,0.2530536611374572,0.0030875294623374794,1,True
DIV2K_fresh,fresh_div2k_0864,0.25,0.0,hqs_round1,1,1,0.0007773634995210462,0.000773216102365378,0.5335209536109553,0.5335209536109553,0.5335209536109553,0.023232551133485657,-0.0006544033060074117,1,False
DIV2K_fresh,fresh_div2k_0864,0.5,0.0,hqs,1,1,0.0002934473918014456,0.0002844824435685481,3.0550444418205536,3.0550444418205536,3.0550444418205536,0.134747841122838,0.0005991620693206468,1,False
DIV2K_fresh,fresh_div2k_0864,0.5,0.0,hqs_round1,1,1,0.0002839976272923903,0.0002844824435685481,-0.17071138261963714,-0.17071138261963714,-0.17071138261963714,-0.00740758015314924,-0.00038424048042295933,0,False
DIV2K_fresh,fresh_div2k_0868,0.01,0.0,hqs,1,1,0.004968211972736635,0.004751480986719326,4.36235384493725,4.36235384493725,4.36235384493725,0.19371121331329988,0.0042065488014222385,1,False
DIV2K_fresh,fresh_div2k_0868,0.01,0.0,hqs_round1,1,1,0.0048444600716919415,0.004751480986719326,1.9192868471747504,1.9192868471747504,1.9192868471747504,0.08416385023755879,0.0007704865622589763,1,False
DIV2K_fresh,fresh_div2k_0868,0.04,0.0,hqs,1,1,0.0018806398320616983,0.001732732647741409,7.864726770045194,7.864726770045194,7.864726770045194,0.3557407190539372,0.0062859164193868056,1,True
DIV2K_fresh,fresh_div2k_0868,0.04,0.0,hqs_round1,1,1,0.00179966593551499,0.001732732647741409,3.719206240041839,3.719206240041839,3.719206240041839,0.16460337963389549,0.0028016196140646654,1,False
DIV2K_fresh,fresh_div2k_0868,0.1,0.0,hqs,1,1,0.0006574116268314728,0.0005517109343061102,16.078312005951023,16.078312005951023,16.078312005951023,0.7612578936254089,0.004640378633499198,1,True
DIV2K_fresh,fresh_div2k_0868,0.1,0.0,hqs_round1,1,1,0.0005773947841614132,0.0005517109343061102,4.448230320023628,4.448230320023628,4.448230320023628,0.19761265122507865,0.0013838531441688895,1,False
DIV2K_fresh,fresh_div2k_0868,0.1,0.01,hqs,1,1,0.0009655261731852187,0.0009217567879161445,4.533215824142955,4.533215824142955,4.533215824142955,0.20137554089052637,0.019306105846961314,1,False
DIV2K_fresh,fresh_div2k_0868,0.1,0.01,hqs_round1,1,1,0.0009549291453904797,0.0009217567879161445,3.4738030182093538,3.4738030182093538,3.4738030182093538,0.15356308204004185,0.01501634768970809,1,False
DIV2K_fresh,fresh_div2k_0868,0.1,0.05,hqs,1,1,0.00357577799319868,0.0022648321320752045,36.66183593100478,36.66183593100478,36.66183593100478,1.9833696724880514,0.37405284459250776,1,True
DIV2K_fresh,fresh_div2k_0868,0.1,0.05,hqs_round1,1,1,0.003503954620501079,0.0022648321320752045,35.36354270046669,35.36354270046669,35.36354270046669,1.89539480387851,0.36094791472770565,1,True
DIV2K_fresh,fresh_div2k_0868,0.25,0.0,hqs,1,1,0.00011298291625908755,9.063649253685794e-05,19.778586411228538,19.778586411228538,19.778586411228538,0.9570968954467176,0.0008412117710112632,1,True
DIV2K_fresh,fresh_div2k_0868,0.25,0.0,hqs_round1,1,1,9.928723148130213e-05,9.063649253685794e-05,8.71284133456104,8.71284133456104,8.71284133456104,0.3959031023101929,0.00030642929363244864,1,True
DIV2K_fresh,fresh_div2k_0868,0.5,0.0,hqs,1,1,1.420862671783797e-05,1.3174561743300035e-05,7.277726377593807,7.277726377593807,7.277726377593807,0.3281592767475985,8.001963424675296e-05,1,True
DIV2K_fresh,fresh_div2k_0868,0.5,0.0,hqs_round1,1,1,1.3213892956884795e-05,1.3174561743300035e-05,0.2976504631382437,0.2976504631382437,0.2976504631382437,0.012946071961579264,-1.3234690666164006e-05,1,False
DIV2K_fresh,fresh_div2k_0870,0.01,0.0,hqs,1,1,0.012182670478875363,0.01218702098854815,-0.03571064062128926,-0.03571064062128926,-0.03571064062128926,-0.0015506165656269388,-0.003458539210130007,0,False
DIV2K_fresh,fresh_div2k_0870,0.01,0.0,hqs_round1,1,1,0.012187627972348377,0.01218702098854815,0.004980327604386936,0.004980327604386936,0.004980327604386936,0.0002162982658902024,-0.003860777562135237,1,False
DIV2K_fresh,fresh_div2k_0870,0.04,0.0,hqs,1,1,0.007920431912872096,0.007876572728945909,0.5537473765150125,0.5537473765150125,0.5537473765150125,0.024115775028953124,-0.006566661121257755,1,False
DIV2K_fresh,fresh_div2k_0870,0.04,0.0,hqs_round1,1,1,0.007932911880833381,0.007876572728945909,0.7101951053256061,0.7101951053256061,0.7101951053256061,0.030953426959094088,-0.005008846796803912,1,False
DIV2K_fresh,fresh_div2k_0870,0.1,0.0,hqs,1,1,0.004718177909506713,0.004736955409761705,-0.3979820306724058,-0.3979820306724058,-0.3979820306724058,-0.017249837078932018,-0.00835246253990285,0,False
DIV2K_fresh,fresh_div2k_0870,0.1,0.0,hqs_round1,1,1,0.004736069855874364,0.004736955409761705,-0.018698074865630687,-0.018698074865630687,-0.018698074865630687,-0.0008119711645129257,-0.005847000443049755,0,False
DIV2K_fresh,fresh_div2k_0870,0.1,0.01,hqs,1,1,0.004739693238132312,0.0047562189082841246,-0.3486653950272256,-0.3486653950272256,-0.3486653950272256,-0.015115586358496339,-0.008441452030834093,0,False
DIV2K_fresh,fresh_div2k_0870,0.1,0.01,hqs_round1,1,1,0.0047567254505497215,0.0047562189082841246,0.010648969987081536,0.010648969987081536,0.010648969987081536,0.0004630472283343086,-0.005974323092839666,1,False
DIV2K_fresh,fresh_div2k_0870,0.1,0.05,hqs,1,1,0.005339812339048472,0.005266599316972158,1.371078559089589,1.371078559089589,1.371078559089589,0.05994862142620624,-0.010287932622328522,1,False
DIV2K_fresh,fresh_div2k_0870,0.1,0.05,hqs_round1,1,1,0.0053435284193628614,0.005266599316972158,1.4396686300374606,1.4396686300374606,1.4396686300374606,0.06297122156573565,-0.008205778795882135,1,False
DIV2K_fresh,fresh_div2k_0870,0.25,0.0,hqs,1,1,0.002203693654980983,0.0021879521412355063,0.7143240490753544,0.7143240490753544,0.7143240490753544,0.031134031077911573,-0.0005030996761322681,1,False
DIV2K_fresh,fresh_div2k_0870,0.25,0.0,hqs_round1,1,1,0.002201273599011514,0.0021879521412355063,0.6051704695858695,0.6051704695858695,0.6051704695858695,0.026362067979988524,0.00013864468026159038,1,False
DIV2K_fresh,fresh_div2k_0870,0.5,0.0,hqs,1,1,0.0008156547693716452,0.00080504501680906,1.300765098297485,1.300765098297485,1.300765098297485,0.05686213888180802,0.00029082791328438606,1,False
DIV2K_fresh,fresh_div2k_0870,0.5,0.0,hqs_round1,1,1,0.000804345148823817,0.00080504501680906,-0.08701090399643174,-0.08701090399643174,-0.08701090399643174,-0.003777192500638904,-0.00033721916294093823,0,False
DIV2K_fresh,fresh_div2k_0874,0.01,0.0,hqs,1,1,0.004887166146368228,0.0047573136867256225,2.6570093128326033,2.6570093128326033,2.6570093128326033,0.11695314975792925,0.0018034502926330687,1,False
DIV2K_fresh,fresh_div2k_0874,0.01,0.0,hqs_round1,1,1,0.004878607467465365,0.0047573136867256225,2.486237754290155,2.486237754290155,2.486237754290155,0.10934087423627403,0.0016717740541832837,1,False
DIV2K_fresh,fresh_div2k_0874,0.04,0.0,hqs,1,1,0.0021452705721981147,0.002118212737742816,1.2612784049694237,1.2612784049694237,1.2612784049694237,0.055125000435491955,0.001270744721461714,1,False
DIV2K_fresh,fresh_div2k_0874,0.04,0.0,hqs_round1,1,1,0.0021391574189846747,0.002118212737742816,0.9791089265323794,0.9791089265323794,0.9791089265323794,0.0427316983902557,0.0008088578129937796,1,False
DIV2K_fresh,fresh_div2k_0874,0.1,0.0,hqs,1,1,0.0011082485455276966,0.0011012654937499456,0.6300979871285084,0.6300979871285084,0.6300979871285084,0.027451384307791926,0.00020675014328952468,1,False
DIV2K_fresh,fresh_div2k_0874,0.1,0.0,hqs_round1,1,1,0.0010995476297496723,0.0011012654937499456,-0.15623370500688072,-0.15623370500688072,-0.15623370500688072,-0.006779848770715802,-0.0005734518733024885,0,False
DIV2K_fresh,fresh_div2k_0874,0.1,0.01,hqs,1,1,0.0011890793330073528,0.0011796273282190855,0.7949011075957246,0.7949011075957246,0.7949011075957246,0.034775925348100145,0.0005488851300279688,1,False
DIV2K_fresh,fresh_div2k_0874,0.1,0.01,hqs_round1,1,1,0.0011919030879097195,0.0011796273282190855,1.0299293470379611,1.0299293470379611,1.0299293470379611,0.04493054049900754,0.00031379065215590235,1,False
DIV2K_fresh,fresh_div2k_0874,0.1,0.05,hqs,1,1,0.0026703195272278026,0.00196670878418401,26.34930898229425,26.34930898229425,26.34930898229425,1.3266448357290106,0.06702901433462553,1,True
DIV2K_fresh,fresh_div2k_0874,0.1,0.05,hqs_round1,1,1,0.0027104983393607973,0.00196670878418401,27.44106293576226,27.44106293576226,27.44106293576226,1.3910798456258842,0.06569931186737432,1,True
DIV2K_fresh,fresh_div2k_0874,0.25,0.0,hqs,1,1,0.000427436479798147,0.00040438804223584264,5.3922485916945595,5.3922485916945595,5.3922485916945595,0.2407327949733542,0.0019190726194382446,1,True
DIV2K_fresh,fresh_div2k_0874,0.25,0.0,hqs_round1,1,1,0.00041206659782649674,0.00040438804223584264,1.863425871244051,1.863425871244051,1.863425871244051,0.08169106972041362,0.0005401748208999635,1,False
DIV2K_fresh,fresh_div2k_0874,0.5,0.0,hqs,1,1,0.00013211583833508457,0.00012735876434679261,3.600684102860263,3.600684102860263,3.600684102860263,0.15926048080068256,0.0005531608133316768,1,False
DIV2K_fresh,fresh_div2k_0874,0.5,0.0,hqs_round1,1,1,0.00012868802435645493,0.00012735876434679261,1.0329321755537912,1.0329321755537912,1.0329321755537912,0.04509296730317658,8.470267486571093e-05,1,False
DIV2K_fresh,fresh_div2k_0877,0.01,0.0,hqs,1,1,0.002105319319593732,0.002090217690164981,0.7173082623715965,0.7173082623715965,0.7173082623715965,0.03126456822062096,0.0010817838907749566,1,False
DIV2K_fresh,fresh_div2k_0877,0.01,0.0,hqs_round1,1,1,0.0020939495059982926,0.002090217690164981,0.1782189982433513,0.1782189982433513,0.1782189982433513,0.0077468579893889,0.0008799930305007919,1,False
DIV2K_fresh,fresh_div2k_0877,0.04,0.0,hqs,1,1,0.0005313441974840116,0.0005293316941333759,0.378757001613117,0.378757001613117,0.378757001613117,0.016480437723501495,-0.0007889492924213481,1,False
DIV2K_fresh,fresh_div2k_0877,0.04,0.0,hqs_round1,1,1,0.0005240925250084644,0.0005293316941333759,-0.99966492077459,-0.99966492077459,-0.99966492077459,-0.043199329578904155,-0.0006734259665012177,0,False
DIV2K_fresh,fresh_div2k_0877,0.1,0.0,hqs,1,1,0.00019380668886518498,0.00017234839268076612,11.07201010969523,11.07201010969523,11.07201010969523,0.5096152427508045,0.002448283927917516,1,True
DIV2K_fresh,fresh_div2k_0877,0.1,0.0,hqs_round1,1,1,0.00017361155904385516,0.00017234839268076612,0.7275819479104828,0.7275819479104828,0.7275819479104828,0.03171399558081589,0.0002469192819596344,1,False
DIV2K_fresh,fresh_div2k_0877,0.1,0.01,hqs,1,1,0.00020896159653417885,0.00018990200348423367,9.121098501383095,9.121098501383095,9.121098501383095,0.4153519451146887,0.0021444673662185756,1,True
DIV2K_fresh,fresh_div2k_0877,0.1,0.01,hqs_round1,1,1,0.00019088890771179836,0.00018990200348423367,0.517004491981643,0.517004491981643,0.517004491981643,0.022559494970664673,1.4827610333778551e-05,1,False
DIV2K_fresh,fresh_div2k_0877,0.1,0.05,hqs,1,1,0.0004263105223937252,0.0003786429675900209,11.181416432334789,11.181416432334789,11.181416432334789,0.5149176775985657,0.020300144432385776,1,True
DIV2K_fresh,fresh_div2k_0877,0.1,0.05,hqs_round1,1,1,0.00042428953576421517,0.0003786429675900209,10.758353512531793,10.758353512531793,10.758353512531793,0.49431232742380143,0.017957086839675895,1,True
DIV2K_fresh,fresh_div2k_0877,0.25,0.0,hqs,1,1,4.9860859363099995e-05,4.377607458170694e-05,12.203529700685733,12.203529700685733,12.203529700685733,0.5652294377891494,0.0009768030948638096,1,True
DIV2K_fresh,fresh_div2k_0877,0.25,0.0,hqs_round1,1,1,4.519813181925727e-05,4.377607458170694e-05,3.146274370889901,3.146274370889901,3.146274370889901,0.13883668811221384,0.00019518181610100882,1,False
DIV2K_fresh,fresh_div2k_0877,0.5,0.0,hqs,1,1,1.177437561892041e-05,9.210846504769545e-06,21.77210237824836,21.77210237824836,21.77210237824836,1.0663834128077028,0.0005623624219894818,1,True
DIV2K_fresh,fresh_div2k_0877,0.5,0.0,hqs_round1,1,1,9.993676587182136e-06,9.210846504769545e-06,7.833254114072963,7.833254114072963,7.833254114072963,0.35425745793525465,0.00016700821495052587,1,True
DIV2K_fresh,fresh_div2k_0879,0.01,0.0,hqs,1,1,0.009462840800423871,0.009041792519530977,4.449491329010147,4.449491329010147,4.449491329010147,0.19766996600428755,0.006614805231759502,1,False
DIV2K_fresh,fresh_div2k_0879,0.01,0.0,hqs_round1,1,1,0.009422758966609041,0.009041792519530977,4.043045656034239,4.043045656034239,4.043045656034239,0.17923544912216016,0.005472278115832396,1,False
DIV2K_fresh,fresh_div2k_0879,0.04,0.0,hqs,1,1,0.0036767797790291067,0.0036113032941544713,1.7808106226020692,1.7808106226020692,1.7808106226020692,0.07803654508790103,-0.0020825447816527065,1,False
DIV2K_fresh,fresh_div2k_0879,0.04,0.0,hqs_round1,1,1,0.0036720266550698145,0.0036113032941544713,1.6536742954059158,1.6536742954059158,1.6536742954059158,0.07241861022001572,-0.0022437362434808428,1,False
DIV2K_fresh,fresh_div2k_0879,0.1,0.0,hqs,1,1,0.0017426399090089083,0.0016830535284982618,3.4193168768030358,3.4193168768030358,3.4193168768030358,0.15109727123851258,-0.0013723991963864313,1,False
DIV2K_fresh,fresh_div2k_0879,0.1,0.0,hqs_round1,1,1,0.0017007114607783794,0.0016830535284982618,1.0382673773501772,1.0382673773501772,1.0382673773501772,0.045327096817967316,-0.0026451033194065943,1,False
DIV2K_fresh,fresh_div2k_0879,0.1,0.01,hqs,1,1,0.0018536664787883329,0.0018137211738293811,2.1549348502575505,2.1549348502575505,2.1549348502575505,0.0945553936230444,-0.0019398491850098158,1,False
DIV2K_fresh,fresh_div2k_0879,0.1,0.01,hqs_round1,1,1,0.0018387782926394338,0.0018137211738293811,1.3627047322864017,1.3627047322864017,1.3627047322864017,0.05953975144371526,-0.0027420430347125193,1,False
DIV2K_fresh,fresh_div2k_0879,0.1,0.05,hqs,1,1,0.003093643107684977,0.002683723674966052,13.25037887210183,13.25037887210183,13.25037887210183,0.617503492275071,0.09687744241038214,1,True
DIV2K_fresh,fresh_div2k_0879,0.1,0.05,hqs_round1,1,1,0.00313657409903161,0.002683723674966052,14.43774034241282,14.43774034241282,14.43774034241282,0.6772868479364339,0.0896877336789268,1,True
DIV2K_fresh,fresh_div2k_0879,0.25,0.0,hqs,1,1,0.000479955860782728,0.00044898096591822775,6.453696557426203,6.453696557426203,6.453696557426203,0.2897336932068981,0.0005354687218666054,1,True
DIV2K_fresh,fresh_div2k_0879,0.25,0.0,hqs_round1,1,1,0.00045963230129803,0.00044898096591822775,2.3173600614496026,2.3173600614496026,2.3173600614496026,0.10182611806291675,-0.00020271110200875686,1,False
DIV2K_fresh,fresh_div2k_0879,0.5,0.0,hqs,1,1,0.000104032799548882,9.665989891689433e-05,7.0870924015876025,7.0870924015876025,7.0870924015876025,0.31923948984064054,0.000339079026222211,1,True
DIV2K_fresh,fresh_div2k_0879,0.5,0.0,hqs_round1,1,1,9.923736757719313e-05,9.665989891689433e-05,2.597276331714349,2.597276331714349,2.597276331714349,0.11428898793165132,4.336438465124548e-05,1,False
DIV2K_fresh,fresh_div2k_0883,0.01,0.0,hqs,1,1,0.01156370186518604,0.011312447380755097,2.172785906798369,2.172785906798369,2.172785906798369,0.09540314062821764,0.0007744045881284967,1,False
DIV2K_fresh,fresh_div2k_0883,0.01,0.0,hqs_round1,1,1,0.01153408109749916,0.011312447380755097,1.9215550408442805,1.9215550408442805,1.9215550408442805,0.08426428541520892,0.0015989539382497142,1,False
DIV2K_fresh,fresh_div2k_0883,0.04,0.0,hqs,1,1,0.0053921549148929085,0.005342245442263219,0.9255941904013465,0.9255941904013465,0.9255941904013465,0.04038523630526214,-0.0033147335651411147,1,False
DIV2K_fresh,fresh_div2k_0883,0.04,0.0,hqs_round1,1,1,0.005368369775592068,0.005342245442263219,0.4866343866181899,0.4866343866181899,0.4866343866181899,0.021185853616760397,-0.0034250320925761635,1,False
DIV2K_fresh,fresh_div2k_0883,0.1,0.0,hqs,1,1,0.003349788893850771,0.003290312995615973,1.775511834312249,1.775511834312249,1.775511834312249,0.0778022555913509,-0.0005204140602945717,1,False
DIV2K_fresh,fresh_div2k_0883,0.1,0.0,hqs_round1,1,1,0.0033346596750670108,0.003290312995615973,1.329871224419521,1.329871224419521,1.329871224419521,0.058143049943229386,-0.0004231293360963395,1,False
DIV2K_fresh,fresh_div2k_0883,0.1,0.01,hqs,1,1,0.0034006536964345385,0.003339989679497507,1.783892814509025,1.783892814509025,1.783892814509025,0.07817410787048946,-0.0003905653335750288,1,False
DIV2K_fresh,fresh_div2k_0883,0.1,0.01,hqs_round1,1,1,0.003388477262715272,0.003339989679497507,1.4309549528719656,1.4309549528719656,1.4309549528719656,0.06259199516533324,-0.0005243338188504939,1,False
DIV2K_fresh,fresh_div2k_0883,0.1,0.05,hqs,1,1,0.004393313481456528,0.004075356508477445,7.237293089171271,7.237293089171271,7.237293089171271,0.32628606697032225,0.017300544470363593,1,True
DIV2K_fresh,fresh_div2k_0883,0.1,0.05,hqs_round1,1,1,0.004398411469257322,0.004075356508477445,7.344809894159932,7.344809894159932,7.344809894159932,0.3313323495368247,0.016145327588672598,1,True
DIV2K_fresh,fresh_div2k_0883,0.25,0.0,hqs,1,1,0.0016489037296279208,0.001618102076617384,1.8680079653581205,1.8680079653581205,1.8680079653581205,0.0818938508614373,-0.0001554153370857403,1,False
DIV2K_fresh,fresh_div2k_0883,0.25,0.0,hqs_round1,1,1,0.0016250524207279745,0.001618102076617384,0.4276996866031446,0.4276996866031446,0.4276996866031446,0.018614597103873365,-0.0007837654695510565,1,False
DIV2K_fresh,fresh_div2k_0883,0.5,0.0,hqs,1,1,0.0006493868786857535,0.0006321583942300047,2.6530385847364557,2.6530385847364557,2.6530385847364557,0.11677599985544163,0.0006149510698317817,1,False
DIV2K_fresh,fresh_div2k_0883,0.5,0.0,hqs_round1,1,1,0.0006384142285573676,0.0006321583942300047,0.979902083557771,0.979902083557771,0.979902083557771,0.04276648550388984,-0.00017872641468053008,1,False
DIV2K_fresh,fresh_div2k_0887,0.01,0.0,hqs,1,1,0.011097191055797978,0.010849863359128877,2.2287414484035484,2.2287414484035484,2.2287414484035484,0.09788794363156939,-0.0031606831157856563,1,False
DIV2K_fresh,fresh_div2k_0887,0.01,0.0,hqs_round1,1,1,0.011024582634371925,0.010849863359128877,1.5848153262357112,1.5848153262357112,1.5848153262357112,0.06937888242940105,-0.002681078108542234,1,False
DIV2K_fresh,fresh_div2k_0887,0.04,0.0,hqs,1,1,0.005943995615575477,0.005889981225223614,0.9087219077067554,0.9087219077067554,0.9087219077067554,0.03964569965645026,-0.001985931032987165,1,False
DIV2K_fresh,fresh_div2k_0887,0.04,0.0,hqs_round1,1,1,0.006012360343532771,0.005889981225223614,2.035458810129287,2.035458810129287,2.035458810129287,0.08931091166861904,-0.0006568923641919744,1,False
DIV2K_fresh,fresh_div2k_0887,0.1,0.0,hqs,1,1,0.0033335914237032803,0.0032607050526890806,2.186421842099362,2.186421842099362,2.186421842099362,0.09600853701802592,-0.0024025746800042658,1,False
DIV2K_fresh,fresh_div2k_0887,0.1,0.0,hqs_round1,1,1,0.003309576968433971,0.0032607050526890806,1.4766816487732481,1.4766816487732481,1.4766816487732481,0.06460969169951625,-0.0023208640237264433,1,False
DIV2K_fresh,fresh_div2k_0887,0.1,0.01,hqs,1,1,0.0034468180474887962,0.0033806064147033975,1.9209494633358415,1.9209494633358415,1.9209494633358415,0.08423329203312353,-0.0032878241982211933,1,False
DIV2K_fresh,fresh_div2k_0887,0.1,0.01,hqs_round1,1,1,0.0034505047904062856,0.0033806064147033975,2.025743476642383,2.025743476642383,2.025743476642383,0.08889033727015772,-0.002971662569875503,1,False
DIV2K_fresh,fresh_div2k_0887,0.1,0.05,hqs,1,1,0.004918107924917822,0.004424016448699257,10.04637319395184,10.04637319395184,10.04637319395184,0.45985985080155106,0.06675954509985056,1,True
DIV2K_fresh,fresh_div2k_0887,0.1,0.05,hqs_round1,1,1,0.004946154077594348,0.004424016448699257,10.556436793191093,10.556436793191093,10.556436793191093,0.48458338871715395,0.05912051224158096,1,True
DIV2K_fresh,fresh_div2k_0887,0.25,0.0,hqs,1,1,0.0013132183073164463,0.0012619026979300027,3.907622144813583,3.907622144813583,3.907622144813583,0.17311059643793314,-3.158284854887228e-05,1,False
DIV2K_fresh,fresh_div2k_0887,0.25,0.0,hqs_round1,1,1,0.0012641265531932102,0.0012619026979300027,0.1759203030416545,0.1759203030416545,0.1759203030416545,0.007646849841137282,-0.001195299744605971,1,False
DIV2K_fresh,fresh_div2k_0887,0.5,0.0,hqs,1,1,0.00037422923515276636,0.0003588489170751263,4.1098654602336415,4.1098654602336415,4.1098654602336415,0.18226072029911222,0.0005265970792770469,1,False
DIV2K_fresh,fresh_div2k_0887,0.5,0.0,hqs_round1,1,1,0.0003609822918946019,0.0003588489170751263,0.5909915437343649,0.5909915437343649,0.5909915437343649,0.02574258001341434,-7.003591728205194e-05,1,False
DIV2K_fresh,fresh_div2k_0889,0.01,0.0,hqs,1,1,0.020630782948393545,0.02036786102888871,1.274415615551372,1.274415615551372,1.274415615551372,0.05570286872854524,-0.001930915064744687,1,False
DIV2K_fresh,fresh_div2k_0889,0.01,0.0,hqs_round1,1,1,0.020538993338537384,0.02036786102888871,0.8332068998122666,0.8332068998122666,0.8332068998122666,0.036337309474081536,-0.0036753617583584752,1,False
DIV2K_fresh,fresh_div2k_0889,0.04,0.0,hqs,1,1,0.010597262913674122,0.010404722923910578,1.8168841457646634,1.8168841457646634,1.8168841457646634,0.07963189624328137,-0.0009691616727778296,1,False
DIV2K_fresh,fresh_div2k_0889,0.04,0.0,hqs_round1,1,1,0.010510957873331322,0.010404722923910578,1.010706642543835,1.010706642543835,1.010706642543835,0.044117759805271106,-0.0029437841553061617,1,False
DIV2K_fresh,fresh_div2k_0889,0.1,0.0,hqs,1,1,0.005403113346036813,0.005299026353239949,1.926426231150824,1.926426231150824,1.926426231150824,0.08447998863198691,0.0005273536767512743,1,False
DIV2K_fresh,fresh_div2k_0889,0.1,0.0,hqs_round1,1,1,0.00536461747902851,0.005299026353239949,1.2226617469926149,1.2226617469926149,1.2226617469926149,0.05342680924076504,0.00016107267438247863,1,False
DIV2K_fresh,fresh_div2k_0889,0.1,0.01,hqs,1,1,0.0054526309067277345,0.005346452394748953,1.9472895524208944,1.9472895524208944,1.9472895524208944,0.08540297285496361,0.0003918796703853052,1,False
DIV2K_fresh,fresh_div2k_0889,0.1,0.01,hqs_round1,1,1,0.005413599571561663,0.005346452394748953,1.2403425101007337,1.2403425101007337,1.2403425101007337,0.054204180704667,-1.127730327965537e-05,1,False
DIV2K_fresh,fresh_div2k_0889,0.1,0.05,hqs,1,1,0.006603977451729558,0.006298221585182224,4.629874477649176,4.629874477649176,4.629874477649176,0.20584863391232608,0.003459759095114608,1,False
DIV2K_fresh,fresh_div2k_0889,0.1,0.05,hqs_round1,1,1,0.006545564060690528,0.006298221585182224,3.778780151182426,3.778780151182426,3.778780151182426,0.1672509416188769,0.002206196551028309,1,False
DIV2K_fresh,fresh_div2k_0889,0.25,0.0,hqs,1,1,0.0020081614750571595,0.0019826866684741844,1.2685636538391387,1.2685636538391387,1.2685636538391387,0.055445448184947566,-0.000439348811149598,1,False
DIV2K_fresh,fresh_div2k_0889,0.25,0.0,hqs_round1,1,1,0.0020030477091220185,0.0019826866684741844,1.0165030296137467,1.0165030296137467,1.0165030296137467,0.04437207141203103,-0.0003148322896957545,1,False
DIV2K_fresh,fresh_div2k_0889,0.5,0.0,hqs,1,1,0.0006040593088439341,0.0005894712642692436,2.4150020306134445,2.4150020306134445,2.4150020306134445,0.1061694257813599,0.00023579166412346364,1,False
DIV2K_fresh,fresh_div2k_0889,0.5,0.0,hqs_round1,1,1,0.0005942242421504514,0.0005894712642692436,0.7998626686799404,0.7998626686799404,0.7998626686799404,0.034877266140348695,-3.634762096405009e-05,1,False
DIV2K_fresh,fresh_div2k_0892,0.01,0.0,hqs,1,1,0.017520565256174177,0.01767065604976626,-0.8566549731561457,-0.8566549731561457,-0.8566549731561457,-0.03704560186484329,-0.01018152761050889,0,False
DIV2K_fresh,fresh_div2k_0892,0.01,0.0,hqs_round1,1,1,0.01753901198424833,0.01767065604976626,-0.7505785709945423,-0.7505785709945423,-0.7505785709945423,-0.032475488029120925,-0.009973179943970456,0,False
DIV2K_fresh,fresh_div2k_0892,0.04,0.0,hqs,1,1,0.01146376425098633,0.011458151182785472,0.048963569713800226,0.048963569713800226,0.048963569713800226,0.0021269815796571834,-0.0074965557170244,1,False
DIV2K_fresh,fresh_div2k_0892,0.04,0.0,hqs_round1,1,1,0.011455432974936997,0.011458151182785472,-0.023728547444878956,-0.023728547444878956,-0.023728547444878956,-0.0010303954777839408,-0.006733663493755759,0,False
DIV2K_fresh,fresh_div2k_0892,0.1,0.0,hqs,1,1,0.004934312743765379,0.004572449883189219,7.3336020509316535,7.3336020509316535,7.3336020509316535,0.3307771818366554,0.01862053586602208,1,True
DIV2K_fresh,fresh_div2k_0892,0.1,0.0,hqs_round1,1,1,0.0047179816326287,0.004572449883189219,3.0846188215954418,3.0846188215954418,3.0846188215954418,0.1360729177483897,0.010691054544892165,1,False
DIV2K_fresh,fresh_div2k_0892,0.1,0.01,hqs,1,1,0.005102854145085223,0.0047486865802934325,6.940577855491014,6.940577855491014,6.940577855491014,0.3124144120032817,0.018444895141327893,1,True
DIV2K_fresh,fresh_div2k_0892,0.1,0.01,hqs_round1,1,1,0.004893584639681287,0.0047486865802934325,2.9609799371385193,2.9609799371385193,2.9609799371385193,0.13055903420270334,0.01074707368952114,1,False
DIV2K_fresh,fresh_div2k_0892,0.1,0.05,hqs,1,1,0.007909127879312614,0.007123520478984333,9.932920700184189,9.932920700184189,9.932920700184189,0.45446695686269817,0.031047380857532187,1,True
DIV2K_fresh,fresh_div2k_0892,0.1,0.05,hqs_round1,1,1,0.007765855953208966,0.007123520478984333,8.27127721779608,8.27127721779608,8.27127721779608,0.3750585911646264,0.025524997898557444,1,True
DIV2K_fresh,fresh_div2k_0892,0.25,0.0,hqs,1,1,0.0012922426978581984,0.0011358510218544414,12.102345500807644,12.102345500807644,12.102345500807644,0.5602271368218759,0.007198513669490758,1,True
DIV2K_fresh,fresh_div2k_0892,0.25,0.0,hqs_round1,1,1,0.0011996153024722252,0.0011358510218544414,5.315394067279344,5.315394067279344,5.315394067279344,0.23720623973724386,0.0029291096205711353,1,True
DIV2K_fresh,fresh_div2k_0892,0.5,0.0,hqs,1,1,0.0003084957125236935,0.0002465989651030076,20.064054347572835,20.064054347572835,20.064054347572835,0.9725788291393229,0.002569052611350986,1,True
DIV2K_fresh,fresh_div2k_0892,0.5,0.0,hqs_round1,1,1,0.0002761755407024832,0.0002465989651030076,10.709339257286976,10.709339257286976,10.709339257286976,0.4919396328405341,0.001174706947326687,1,True
DIV2K_fresh,fresh_div2k_0896,0.01,0.0,hqs,1,1,0.004973455739486865,0.004871894921223979,2.042057345691073,2.042057345691073,2.042057345691073,0.0896034465046398,0.0007829390073286202,1,False
DIV2K_fresh,fresh_div2k_0896,0.01,0.0,hqs_round1,1,1,0.00487190126437559,0.004871894921223979,0.0001301986897184193,0.0001301986897184193,0.0001301986897184193,5.65446092792854e-06,-0.0006327976451890871,1,False
DIV2K_fresh,fresh_div2k_0896,0.04,0.0,hqs,1,1,0.0011370927376365882,0.0010079483191781525,11.357421798934219,11.357421798934219,11.357421798934219,0.5235762082173174,0.003624931216955174,1,True
DIV2K_fresh,fresh_div2k_0896,0.04,0.0,hqs_round1,1,1,0.0010785199581930787,0.0010079483191781525,6.543378124699695,6.543378124699695,6.543378124699695,0.29389921229865124,0.002097068111538869,1,True
DIV2K_fresh,fresh_div2k_0896,0.1,0.0,hqs,1,1,0.00029814426146735506,0.0002499346684542828,16.16988795149119,16.16988795149119,16.16988795149119,0.7659995335677223,0.0018949243271351168,1,True
DIV2K_fresh,fresh_div2k_0896,0.1,0.0,hqs_round1,1,1,0.000273131087942108,0.0002499346684542828,8.49277892992607,8.49277892992607,8.49277892992607,0.385446332871517,0.0009657555739880364,1,True
DIV2K_fresh,fresh_div2k_0896,0.1,0.01,hqs,1,1,0.0004894129404823545,0.0004256963881266866,13.018975814752732,13.018975814752732,13.018975814752732,0.6061526010347459,0.02220823948399231,1,True
DIV2K_fresh,fresh_div2k_0896,0.1,0.01,hqs_round1,1,1,0.0004943152850850784,0.0004256963881266866,13.881605329396518,13.881605329396518,13.881605329396518,0.6494348113786709,0.01835174074006089,1,True
DIV2K_fresh,fresh_div2k_0896,0.1,0.05,hqs,1,1,0.003305129248908897,0.0015353229862876778,53.54726333941328,53.54726333941328,53.54726333941328,3.333495684814532,0.36422693149823265,1,True
DIV2K_fresh,fresh_div2k_0896,0.1,0.05,hqs_round1,1,1,0.003324885207116646,0.0015353229862876778,53.82327837961311,53.82327837961311,53.82327837961311,3.3593240934300836,0.35678675099826723,1,True
DIV2K_fresh,fresh_div2k_0896,0.25,0.0,hqs,1,1,6.661474303604805e-05,5.4460445926429236e-05,18.24565637525857,18.24565637525857,18.24565637525857,0.8748916390140096,0.0007736385517120858,1,True
DIV2K_fresh,fresh_div2k_0896,0.25,0.0,hqs_round1,1,1,5.8976051809881295e-05,5.4460445926429236e-05,7.656677150937186,7.656677150937186,7.656677150937186,0.3459450200658125,0.0003393671655654851,1,True
DIV2K_fresh,fresh_div2k_0896,0.5,0.0,hqs,1,1,1.4657064370320959e-05,1.2314059160332492e-05,15.985501262673107,15.985501262673107,15.985501262673107,0.7564575943504224,0.00023153571987144517,1,True
DIV2K_fresh,fresh_div2k_0896,0.5,0.0,hqs_round1,1,1,1.3115039048474582e-05,1.2314059160332492e-05,6.107338950205044,6.107338950205044,6.107338950205044,0.27368352250792327,3.874178123475236e-05,1,True
DIV2K_fresh,fresh_div2k_0899,0.01,0.0,hqs,1,1,0.01619000169644138,0.016309756991472604,-0.7396867355334846,-0.7396867355334846,-0.7396867355334846,-0.03200596022975688,-0.0037190384117909425,0,False
DIV2K_fresh,fresh_div2k_0899,0.01,0.0,hqs_round1,1,1,0.01624832559855384,0.016309756991472604,-0.3780782982600428,-0.3780782982600428,-0.3780782982600428,-0.01638877015988527,-0.0017994373695682797,0,False
DIV2K_fresh,fresh_div2k_0899,0.04,0.0,hqs,1,1,0.005270415709950577,0.0047989548117795,8.94542146421119,8.94542146421119,8.94542146421119,0.4069821150733901,0.015330337521866633,1,True
DIV2K_fresh,fresh_div2k_0899,0.04,0.0,hqs_round1,1,1,0.005156357827807274,0.0047989548117795,6.9313074841386495,6.9313074841386495,6.9313074841386495,0.31196387270500736,0.0122971884959161,1,True
DIV2K_fresh,fresh_div2k_0899,0.1,0.0,hqs,1,1,0.0017254475221296145,0.001474841121176168,14.5241392589059,14.5241392589059,14.5241392589059,0.6815651716809974,0.007534768114089929,1,True
DIV2K_fresh,fresh_div2k_0899,0.1,0.0,hqs_round1,1,1,0.0015840276879833723,0.001474841121176168,6.892970851173052,6.892970851173052,6.892970851173052,0.3101753056203016,0.0029063075280190143,1,True
DIV2K_fresh,fresh_div2k_0899,0.1,0.01,hqs,1,1,0.0017775458268637723,0.0015290046881739309,13.98226335060835,13.98226335060835,13.98226335060835,0.6539911457736203,0.0075414127298990925,1,True
DIV2K_fresh,fresh_div2k_0899,0.1,0.01,hqs_round1,1,1,0.00164229972180567,0.0015290046881739309,6.898560118318353,6.898560118318353,6.898560118318353,0.3104144389231062,0.003014020768404032,1,True
DIV2K_fresh,fresh_div2k_0899,0.1,0.05,hqs,1,1,0.002678582451515036,0.0023909368590016473,10.738724594820404,10.738724594820404,10.738724594820404,0.49341253616394454,0.016159293253579527,1,True
DIV2K_fresh,fresh_div2k_0899,0.1,0.05,hqs_round1,1,1,0.002584218012545283,0.0023909368590016473,7.479289773747322,7.479289773747322,7.479289773747322,0.3376544032307329,0.012369682342430003,1,True
DIV2K_fresh,fresh_div2k_0899,0.25,0.0,hqs,1,1,0.0004690124024276074,0.00039202762242787257,16.41423118051074,16.41423118051074,16.41423118051074,0.778676585571553,0.002491012273788451,1,True
DIV2K_fresh,fresh_div2k_0899,0.25,0.0,hqs_round1,1,1,0.0004127512533988613,0.00039202762242787257,5.020852341534255,5.020852341534255,5.020852341534255,0.2237173208908132,0.00033313354587560795,1,True
DIV2K_fresh,fresh_div2k_0899,0.5,0.0,hqs,1,1,0.0001396254501309232,0.00011612013962912766,16.834545908181653,16.834545908181653,16.834545908181653,0.8005703684527887,0.0012392152090072717,1,True
DIV2K_fresh,fresh_div2k_0899,0.5,0.0,hqs_round1,1,1,0.00012133723358418752,0.00011612013962912766,4.299664497822986,4.299664497822986,4.299664497822986,0.19086539689313753,0.0003154134855269941,1,False
HEVC_B,BQTerrace,0.01,0.0,hqs,1,3,0.0062920363801317325,0.006258772288402418,0.5286697297929077,0.5286697297929077,0.5286697297929077,0.026888628673682764,0.0015473465933595147,1,False
HEVC_B,BQTerrace,0.01,0.0,hqs_round1,1,3,0.006304151116182752,0.006258772288402418,0.7198245559794092,0.7198245559794092,0.7198245559794092,0.044356083216567775,0.0029399551631970797,1,False
HEVC_B,BQTerrace,0.04,0.0,hqs,1,3,0.0028519798043054726,0.00278543246079554,2.333373588742449,2.333373588742449,2.333373588742449,0.13557833747715264,0.0031850154947222022,1,False
HEVC_B,BQTerrace,0.04,0.0,hqs_round1,1,3,0.00283008916593163,0.00278543246079554,1.5779257301735683,1.5779257301735683,1.5779257301735683,0.09385843266512002,0.001968121714902127,1,False
HEVC_B,BQTerrace,0.1,0.0,hqs,1,3,0.0013470788515660434,0.0012827561259691328,4.774978504200577,4.774978504200577,4.774978504200577,0.23545196055866668,0.004114204818228921,1,False
HEVC_B,BQTerrace,0.1,0.0,hqs_round1,1,3,0.0012991611738660711,0.0012827561259691328,1.2627415463871805,1.2627415463871805,1.2627415463871805,0.07665700055613438,0.0011840250553786975,1,False
HEVC_B,BQTerrace,0.1,0.01,hqs,1,3,0.0014990532419653943,0.001443573459922991,3.700988096304325,3.700988096304325,3.700988096304325,0.2119674827747018,0.004983528625521181,1,False
HEVC_B,BQTerrace,0.1,0.01,hqs_round1,1,3,0.0014714785103391093,0.001443573459922991,1.8963953751310547,1.8963953751310547,1.8963953751310547,0.12968628024468584,0.002248845037335406,1,False
HEVC_B,BQTerrace,0.1,0.05,hqs,1,3,0.0032006522978310203,0.002598373934186023,18.817363074806416,18.817363074806416,18.817363074806416,1.0154175200484452,0.10354292983511149,1,True
HEVC_B,BQTerrace,0.1,0.05,hqs_round1,1,3,0.0032318590040078133,0.002598373934186023,19.601259492948444,19.601259492948444,19.601259492948444,1.071366298220566,0.09872305070269637,1,True
HEVC_B,BQTerrace,0.25,0.0,hqs,1,3,0.0004676069707739528,0.000455456309219952,2.5984774208754335,2.5984774208754335,2.5984774208754335,0.1307082211892213,0.0006904439779122548,1,False
HEVC_B,BQTerrace,0.25,0.0,hqs_round1,1,3,0.00045617235999614506,0.000455456309219952,0.1569693473315814,0.1569693473315814,0.1569693473315814,0.005260452953885182,-0.00023794151079655398,1,False
HEVC_B,BQTerrace,0.5,0.0,hqs,1,3,0.00012537014801612345,0.00011593245366081741,7.527864092568737,7.527864092568737,7.527864092568737,0.3287817286401828,0.001046914524714171,1,True
HEVC_B,BQTerrace,0.5,0.0,hqs_round1,1,3,0.0001197405639741358,0.00011593245366081741,3.1803009664635895,3.1803009664635895,3.1803009664635895,0.11095470321056193,0.0004543991101582841,1,False
HEVC_B,BasketballDrive,0.01,0.0,hqs,1,3,0.0036973032522064253,0.003573695870495694,3.3431767231147824,3.3431767231147824,3.3431767231147824,0.16303671378557402,0.008116851120144078,1,False
HEVC_B,BasketballDrive,0.01,0.0,hqs_round1,1,3,0.003686704405408357,0.003573695870495694,3.0652995869937527,3.0652995869937527,3.0652995869937527,0.14634324614689476,0.007183085584965758,1,False
HEVC_B,BasketballDrive,0.04,0.0,hqs,1,3,0.0012078873343580956,0.0011797866112050442,2.3264357820247272,2.3264357820247272,2.3264357820247272,0.11385935258615613,0.001826779379424585,1,False
HEVC_B,BasketballDrive,0.04,0.0,hqs_round1,1,3,0.0011827930719568317,0.0011797866112050442,0.2541831553691365,0.2541831553691365,0.2541831553691365,0.019038525065422363,0.0003959287505208575,1,False
HEVC_B,BasketballDrive,0.1,0.0,hqs,1,3,0.0005661832590832321,0.0005361605977340398,5.302640243691625,5.302640243691625,5.302640243691625,0.23343882940690128,7.508229355016975e-05,1,True
HEVC_B,BasketballDrive,0.1,0.0,hqs_round1,1,3,0.0005441480536086436,0.0005361605977340398,1.4678828347603479,1.4678828347603479,1.4678828347603479,0.06125754377293428,-0.0008947695754369193,1,False
HEVC_B,BasketballDrive,0.1,0.01,hqs,1,3,0.0006263245436279583,0.0005989067373711625,4.377571745469111,4.377571745469111,4.377571745469111,0.19591571282700534,0.0014330608222097923,1,False
HEVC_B,BasketballDrive,0.1,0.01,hqs_round1,1,3,0.0006098100260868467,0.0005989067373711625,1.7879812153385966,1.7879812153385966,1.7879812153385966,0.08471119677499356,0.00027839110097787554,1,False
HEVC_B,BasketballDrive,0.1,0.05,hqs,1,3,0.001567397125938646,0.0011187044257577625,28.62661241082606,28.62661241082606,28.62661241082606,1.559513543620211,0.10505991248768931,1,True
HEVC_B,BasketballDrive,0.1,0.05,hqs_round1,1,3,0.0015752879113356416,0.0011187044257577625,28.9841293323171,28.9841293323171,28.9841293323171,1.585014709904236,0.10298743271923787,1,True
HEVC_B,BasketballDrive,0.25,0.0,hqs,1,3,0.00018049598291561652,0.00015962027496511062,11.565746568590107,11.565746568590107,11.565746568590107,0.521547463455787,0.001718122976462011,1,True
HEVC_B,BasketballDrive,0.25,0.0,hqs_round1,1,3,0.00016372026368880857,0.00015962027496511062,2.5042646715320416,2.5042646715320416,2.5042646715320416,0.11398690349090639,-0.000386275026321455,1,False
HEVC_B,BasketballDrive,0.5,0.0,hqs,1,3,4.452724875313131e-05,4.287549267411808e-05,3.709539945238749,3.709539945238749,3.709539945238749,0.2278477365995594,-0.0005521500476201776,1,False
HEVC_B,BasketballDrive,0.5,0.0,hqs_round1,1,3,4.0734773516442156e-05,4.287549267411808e-05,-5.255262206900069,-5.255262206900069,-5.255262206900069,-0.0928180913914171,-0.0012163140961329126,0,False
HEVC_B,Cactus,0.01,0.0,hqs,1,3,0.006229203697370104,0.006151743610195351,1.243499023919481,1.243499023919481,1.243499023919481,0.054730061471360614,0.0055525614019064085,1,False
HEVC_B,Cactus,0.01,0.0,hqs_round1,1,3,0.006231067486525115,0.006151743610195351,1.2730383116746014,1.2730383116746014,1.2730383116746014,0.055489689430078926,0.005347385612842333,1,False
HEVC_B,Cactus,0.04,0.0,hqs,1,3,0.0026029464140953406,0.0025717761586910304,1.197498927965579,1.197498927965579,1.197498927965579,0.051401978031821706,0.0011775444272705455,1,False
HEVC_B,Cactus,0.04,0.0,hqs_round1,1,3,0.002586006806876208,0.0025717761586910304,0.5502943050009756,0.5502943050009756,0.5502943050009756,0.02283250332033167,0.00036508943505135044,1,False
HEVC_B,Cactus,0.1,0.0,hqs,1,3,0.0012332645212569076,0.001188240585487145,3.6507930775366404,3.6507930775366404,3.6507930775366404,0.1628151634192013,0.002946171246846522,1,False
HEVC_B,Cactus,0.1,0.0,hqs_round1,1,3,0.001198111186088597,0.001188240585487145,0.8238467945263062,0.8238467945263062,0.8238467945263062,0.03566439254669973,0.0010742166039148977,1,False
HEVC_B,Cactus,0.1,0.01,hqs,1,3,0.0012720246489759028,0.0012374537720424032,2.717783571358645,2.717783571358645,2.717783571358645,0.11950959991401117,0.0023628953156736364,1,False
HEVC_B,Cactus,0.1,0.01,hqs_round1,1,3,0.0012465820388644834,0.0012374537720424032,0.732263624654439,0.732263624654439,0.732263624654439,0.031703819122410846,0.0008812300371593664,1,False
HEVC_B,Cactus,0.1,0.05,hqs,1,3,0.00201495721317952,0.001852748115467271,8.050250231184297,8.050250231184297,8.050250231184297,0.3659427085698223,0.021955118643676275,1,True
HEVC_B,Cactus,0.1,0.05,hqs_round1,1,3,0.0020212127559938275,0.001852748115467271,8.334829672283695,8.334829672283695,8.334829672283695,0.37960355803562645,0.019759243151104704,1,True
HEVC_B,Cactus,0.25,0.0,hqs,1,3,0.0004028957868824152,0.00037900563969731093,5.929609582161399,5.929609582161399,5.929609582161399,0.26671304489043496,0.001935723568439444,1,True
HEVC_B,Cactus,0.25,0.0,hqs_round1,1,3,0.0003853557602614374,0.00037900563969731093,1.6478592560335237,1.6478592560335237,1.6478592560335237,0.07571350306797342,0.0005041735949516216,1,False
HEVC_B,Cactus,0.5,0.0,hqs,1,3,0.00010598838956236291,9.885083111336636e-05,6.734283329021473,6.734283329021473,6.734283329021473,0.2944518988506388,0.0006883438647587633,1,True
HEVC_B,Cactus,0.5,0.0,hqs_round1,1,3,0.0001003782912432861,9.885083111336636e-05,1.5217036582318766,1.5217036582318766,1.5217036582318766,0.0642621833532715,7.592562230429589e-05,1,False
HEVC_B,Kimono1,0.01,0.0,hqs,1,3,0.0026794300057026645,0.002651889620636376,1.0278449150630475,1.0278449150630475,1.0278449150630475,0.05386682751418448,-5.46095338101645e-05,1,False
HEVC_B,Kimono1,0.01,0.0,hqs_round1,1,3,0.0026805259989900574,0.002651889620636376,1.068311904621344,1.068311904621344,1.068311904621344,0.06105784440844175,0.00040294592817221214,1,False
HEVC_B,Kimono1,0.04,0.0,hqs,1,3,0.0009915091913025242,0.0009622673367285871,2.9492267777692205,2.9492267777692205,2.9492267777692205,0.14298799650887398,0.0012229922090370993,1,False
HEVC_B,Kimono1,0.04,0.0,hqs_round1,1,3,0.0009664056707530148,0.0009622673367285871,0.42821913712520754,0.42821913712520754,0.42821913712520754,0.00940361562899857,-0.00022333767485616107,1,False
HEVC_B,Kimono1,0.1,0.0,hqs,1,3,0.0004340906837093925,0.000420150186862381,3.211425024809822,3.211425024809822,3.211425024809822,0.16809321894523302,0.0010547248924573556,1,False
HEVC_B,Kimono1,0.1,0.0,hqs_round1,1,3,0.0004182816775519102,0.000420150186862381,-0.4467107718910013,-0.4467107718910013,-0.4467107718910013,-0.006598857688665305,-0.00028337579472859087,0,False
HEVC_B,Kimono1,0.1,0.01,hqs,1,3,0.0004616007317495721,0.0004514014850066818,2.2095386860052857,2.2095386860052857,2.2095386860052857,0.11523581665956566,0.0007245319519042998,1,False
HEVC_B,Kimono1,0.1,0.01,hqs_round1,1,3,0.0004490115883381245,0.0004514014850066818,-0.532257235810496,-0.532257235810496,-0.532257235810496,-0.01289195166189769,-0.00045297233496773465,0,False
HEVC_B,Kimono1,0.1,0.05,hqs,1,3,0.0008927103631186082,0.0007654004035480424,14.261059894703054,14.261059894703054,14.261059894703054,0.7057500939220711,0.038668090332176976,1,True
HEVC_B,Kimono1,0.1,0.05,hqs_round1,1,3,0.0008998132604895807,0.0007654004035480424,14.9378613145138,14.9378613145138,14.9378613145138,0.7415134242233089,0.036465125582085735,1,True
HEVC_B,Kimono1,0.25,0.0,hqs,1,3,0.00011502664343501332,0.00011137693389298074,3.1729253615007558,3.1729253615007558,3.1729253615007558,0.15793470415049882,0.0005738392976125292,1,False
HEVC_B,Kimono1,0.25,0.0,hqs_round1,1,3,0.000112016420778613,0.00011137693389298074,0.5708867335585732,0.5708867335585732,0.5708867335585732,0.032518019948566255,8.767820644380493e-05,1,False
HEVC_B,Kimono1,0.5,0.0,hqs,1,3,2.5091040792706294e-05,2.4170796718898453e-05,3.667620173314401,3.667620173314401,3.667620173314401,0.15875985303870976,0.00018628809229533547,1,False
HEVC_B,Kimono1,0.5,0.0,hqs_round1,1,3,2.447158849266395e-05,2.4170796718898453e-05,1.2291469099182772,1.2291469099182772,1.2291469099182772,0.05339160456453366,3.032642650605914e-05,1,False
HEVC_B,ParkScene,0.01,0.0,hqs,1,3,0.002668196232923322,0.002672730692309276,-0.1699447488157979,-0.1699447488157979,-0.1699447488157979,-0.0046998862244471695,-0.0015809933480701959,0,False
HEVC_B,ParkScene,0.01,0.0,hqs_round1,1,3,0.002679631546843766,0.002672730692309276,0.25752997805307265,0.25752997805307265,0.25752997805307265,0.013190898090640482,-0.00022322880258115094,1,False
HEVC_B,ParkScene,0.04,0.0,hqs,1,3,0.0014048105821466046,0.0013912320580179473,0.9665733089730066,0.9665733089730066,0.9665733089730066,0.04559814925516529,0.0007921718147197998,1,False
HEVC_B,ParkScene,0.04,0.0,hqs_round1,1,3,0.0014042511409957032,0.0013912320580179473,0.9271192735883838,0.9271192735883838,0.9271192735883838,0.04313235679800561,0.0009758483908135865,1,False
HEVC_B,ParkScene,0.1,0.0,hqs,1,3,0.0008096818399231645,0.0007844512609599075,3.1161102693931353,3.1161102693931353,3.1161102693931353,0.13838735243317637,0.002244312376340152,1,False
HEVC_B,ParkScene,0.1,0.0,hqs_round1,1,3,0.0007918916680730608,0.0007844512609599075,0.9395738600531556,0.9395738600531556,0.9395738600531556,0.040965021918938284,0.0004125875963369996,1,False
HEVC_B,ParkScene,0.1,0.01,hqs,1,3,0.000829221933650497,0.0008097187264934411,2.3519888181438464,2.3519888181438464,2.3519888181438464,0.10334332356550113,0.0016991467931270548,1,False
HEVC_B,ParkScene,0.1,0.01,hqs_round1,1,3,0.0008174683865587372,0.0008097187264934411,0.9480073104624287,0.9480073104624287,0.9480073104624287,0.04064375322082883,0.00029844289300178737,1,False
HEVC_B,ParkScene,0.1,0.05,hqs,1,3,0.0012303401314398357,0.0011066986282460996,10.049375781072968,10.049375781072968,10.049375781072968,0.4578757835960437,0.026566404163519547,1,True
HEVC_B,ParkScene,0.1,0.05,hqs_round1,1,3,0.0012365933205039708,0.0011066986282460996,10.504236930936429,10.504236930936429,10.504236930936429,0.48010702896998025,0.024812799873296158,1,True
HEVC_B,ParkScene,0.25,0.0,hqs,1,3,0.000333841765636355,0.0003256933287080649,2.440808121403837,2.440808121403837,2.440808121403837,0.11226283586344483,0.0010704309171040889,1,False
HEVC_B,ParkScene,0.25,0.0,hqs_round1,1,3,0.00032866455056797516,0.0003256933287080649,0.9040286987980983,0.9040286987980983,0.9040286987980983,0.03882738236867311,0.0003893107461929353,1,False
HEVC_B,ParkScene,0.5,0.0,hqs,1,3,0.000104698382174928,9.970670338541157e-05,4.767675188310383,4.767675188310383,4.767675188310383,0.21668781007738858,0.0007662945833205962,1,False
HEVC_B,ParkScene,0.5,0.0,hqs_round1,1,3,0.00010060542912420307,9.970670338541157e-05,0.893317335471,0.893317335471,0.893317335471,0.0397686161838872,2.8286030769320014e-05,1,False
HEVC_E,FourPeople,0.01,0.0,hqs,1,3,0.004184162821699983,0.0039987733664777385,4.4307418980154,4.4307418980154,4.4307418980154,0.19721575531954963,0.007622482777372097,1,False
HEVC_E,FourPeople,0.01,0.0,hqs_round1,1,3,0.004154831986956326,0.0039987733664777385,3.756075359208688,3.756075359208688,3.756075359208688,0.16671664333232292,0.006575753855175541,1,False
HEVC_E,FourPeople,0.04,0.0,hqs,1,3,0.0012348805084602206,0.0012138273893803288,1.7048709519387528,1.7048709519387528,1.7048709519387528,0.07398328182458276,0.0020809260865549315,1,False
HEVC_E,FourPeople,0.04,0.0,hqs_round1,1,3,0.001230916468990021,0.0012138273893803288,1.3883216319068303,1.3883216319068303,1.3883216319068303,0.06008805194160397,0.0018091419390390273,1,False
HEVC_E,FourPeople,0.1,0.0,hqs,1,3,0.0004772290450069574,0.0004379830669836251,8.223719497785408,8.223719497785408,8.223719497785408,0.3694843042963403,0.002891058226903276,1,True
HEVC_E,FourPeople,0.1,0.0,hqs_round1,1,3,0.0004499973163140583,0.0004379830669836251,2.669849106844069,2.669849106844069,2.669849106844069,0.1168316835272094,0.00088247797600427,1,False
HEVC_E,FourPeople,0.1,0.01,hqs,1,3,0.0005682148643368846,0.000535790545726719,5.706348187143117,5.706348187143117,5.706348187143117,0.2522890720943612,0.004202817122154768,1,True
HEVC_E,FourPeople,0.1,0.01,hqs_round1,1,3,0.0005506482473379663,0.000535790545726719,2.6982200857035066,2.6982200857035066,2.6982200857035066,0.11766461369582892,0.0018508688186142314,1,False
HEVC_E,FourPeople,0.1,0.05,hqs,1,3,0.0014297572779435519,0.0011180606160338992,21.800669716329203,21.800669716329203,21.800669716329203,1.0688540112728357,0.10086375951583165,1,True
HEVC_E,FourPeople,0.1,0.05,hqs_round1,1,3,0.0014391312274159886,0.0011180606160338992,22.310030194993622,22.310030194993622,22.310030194993622,1.0969262269546258,0.09659567452851352,1,True
HEVC_E,FourPeople,0.25,0.0,hqs,1,3,9.959925225363072e-05,9.091872883031945e-05,8.715450394352576,8.715450394352576,8.715450394352576,0.400130538845237,0.0008683040043513021,1,True
HEVC_E,FourPeople,0.25,0.0,hqs_round1,1,3,9.332789806101822e-05,9.091872883031945e-05,2.5814030753415707,2.5814030753415707,2.5814030753415707,0.11385507781695973,0.0002134018869400419,1,False
HEVC_E,FourPeople,0.5,0.0,hqs,1,3,1.9180070354758426e-05,1.8320526514842715e-05,4.481442580853024,4.481442580853024,4.481442580853024,0.19820915320893562,7.843861230216742e-05,1,False
HEVC_E,FourPeople,0.5,0.0,hqs_round1,1,3,1.8600717970811992e-05,1.8320526514842715e-05,1.5063475313638386,1.5063475313638386,1.5063475313638386,0.06492190227927115,1.2212729136133286e-05,1,False
HEVC_E,Johnny,0.01,0.0,hqs,1,3,0.003271372535844298,0.003028662716927442,7.4192045160706765,7.4192045160706765,7.4192045160706765,0.33371120530823717,0.01070228021073046,1,True
HEVC_E,Johnny,0.01,0.0,hqs_round1,1,3,0.0032076592041655632,0.003028662716927442,5.580283809628872,5.580283809628872,5.580283809628872,0.24913297601769102,0.008051153598915986,1,True
HEVC_E,Johnny,0.04,0.0,hqs,1,3,0.0007489296294286713,0.0006871127587000751,8.254029257161822,8.254029257161822,8.254029257161822,0.374537909376933,0.0035575932864748694,1,True
HEVC_E,Johnny,0.04,0.0,hqs_round1,1,3,0.0007174873191056142,0.0006871127587000751,4.2334630308731525,4.2334630308731525,4.2334630308731525,0.18760733492592627,0.0019536210202922843,1,False
HEVC_E,Johnny,0.1,0.0,hqs,1,3,0.00022714951343523338,0.0002079164729133599,8.467128206003116,8.467128206003116,8.467128206003116,0.38321175350647724,0.0012257221630414723,1,True
HEVC_E,Johnny,0.1,0.0,hqs_round1,1,3,0.00021130238003361595,0.0002079164729133599,1.6023989506021685,1.6023989506021685,1.6023989506021685,0.06987566852574172,6.415232038499881e-05,1,False
HEVC_E,Johnny,0.1,0.01,hqs,1,3,0.00031678481191686753,0.0002880896104776426,9.05826301001933,9.05826301001933,9.05826301001933,0.41183048641526515,0.004520007850488006,1,True
HEVC_E,Johnny,0.1,0.01,hqs_round1,1,3,0.0002978044142935975,0.0002880896104776426,3.2621423154518214,3.2621423154518214,3.2621423154518214,0.14366990769953483,0.0023309641627205445,1,False
HEVC_E,Johnny,0.1,0.05,hqs,1,3,0.0012227376150515188,0.0007781351656006025,36.36123105873238,36.36123105873238,36.36123105873238,1.9627024573627665,0.13407799764687978,1,True
HEVC_E,Johnny,0.1,0.05,hqs_round1,1,3,0.00124802135482421,0.0007781351656006025,37.6504927105028,37.6504927105028,37.6504927105028,2.050544927386768,0.13119146892645372,1,True
HEVC_E,Johnny,0.25,0.0,hqs,1,3,6.688261375597012e-05,6.639746728525683e-05,0.7253700826995391,0.7253700826995391,0.7253700826995391,0.03192582906825692,-9.734473673502404e-05,1,False
HEVC_E,Johnny,0.25,0.0,hqs_round1,1,3,6.639171130665199e-05,6.639746728525683e-05,-0.008669724716470206,-0.008669724716470206,-0.008669724716470206,0.002024991284095279,-0.00013957408110302585,0,False
HEVC_E,Johnny,0.5,0.0,hqs,1,3,1.8356660902533318e-05,1.8228570883231244e-05,0.6977849619938081,0.6977849619938081,0.6977849619938081,0.028597008720562183,-7.33003899256272e-05,1,False
HEVC_E,Johnny,0.5,0.0,hqs_round1,1,3,1.80783090972031e-05,1.8228570883231244e-05,-0.831171683259857,-0.831171683259857,-0.831171683259857,-0.03855402619391176,-2.9985816001887322e-05,0,False
HEVC_E,KristenAndSara,0.01,0.0,hqs,1,3,0.0054020080095851545,0.00534834819495601,0.9933308972132626,0.9933308972132626,0.9933308972132626,0.041126835749111024,0.0025606799971700602,1,False
HEVC_E,KristenAndSara,0.01,0.0,hqs_round1,1,3,0.005373756231191206,0.00534834819495601,0.4728170602104953,0.4728170602104953,0.4728170602104953,0.01903122649434863,0.0012839294756012236,1,False
HEVC_E,KristenAndSara,0.04,0.0,hqs,1,3,0.0018611524987019806,0.0017273133828087258,7.191195562244246,7.191195562244246,7.191195562244246,0.3245016096562298,0.006113244307282217,1,True
HEVC_E,KristenAndSara,0.04,0.0,hqs_round1,1,3,0.001815316660655172,0.0017273133828087258,4.847819653386798,4.847819653386798,4.847819653386798,0.21607501382011426,0.004092888248094691,1,False
HEVC_E,KristenAndSara,0.1,0.0,hqs,1,3,0.0007952722454676141,0.0006500608147871728,18.259335907675002,18.259335907675002,18.259335907675002,0.8758093809962174,0.007631941521247206,1,True
HEVC_E,KristenAndSara,0.1,0.0,hqs_round1,1,3,0.0007009263878673373,0.0006500608147871728,7.25690656831024,7.25690656831024,7.25690656831024,0.3272542362812132,0.002755237818320618,1,True
HEVC_E,KristenAndSara,0.1,0.01,hqs,1,3,0.0009421538055906764,0.0007844811928419661,16.735336822193126,16.735336822193126,16.735336822193126,0.7954213848855199,0.010939791464315526,1,True
HEVC_E,KristenAndSara,0.1,0.01,hqs_round1,1,3,0.0008424777159220296,0.0007844811928419661,6.884042388775891,6.884042388775891,6.884042388775891,0.310300741015263,0.00479450510258143,1,True
HEVC_E,KristenAndSara,0.1,0.05,hqs,1,3,0.0022382750596489065,0.0017331460920165936,22.567778944538965,22.567778944538965,22.567778944538965,1.1114122965354862,0.13288462034785023,1,True
HEVC_E,KristenAndSara,0.1,0.05,hqs_round1,1,3,0.0022425010351049836,0.0017331460920165936,22.7136993524083,22.7136993524083,22.7136993524083,1.1194784469096195,0.12678255944266356,1,True
HEVC_E,KristenAndSara,0.25,0.0,hqs,1,3,0.0001225096562699593,9.926750570961004e-05,18.97168865540968,18.97168865540968,18.97168865540968,0.911685984518698,0.001797474380969999,1,True
HEVC_E,KristenAndSara,0.25,0.0,hqs_round1,1,3,0.00010630879442353423,9.926750570961004e-05,6.623430123637464,6.623430123637464,6.623430123637464,0.296578511236973,0.0004489703181584555,1,True
HEVC_E,KristenAndSara,0.5,0.0,hqs,1,3,1.628414556880749e-05,1.503590894691255e-05,7.665349198830285,7.665349198830285,7.665349198830285,0.34774947209731977,0.00015451525052390114,1,True
HEVC_E,KristenAndSara,0.5,0.0,hqs_round1,1,3,1.600495265460089e-05,1.503590894691255e-05,6.054649011471913,6.054649011471913,6.054649011471913,0.2718383021250901,6.682615025836262e-05,1,True
Kodak,kodim01,0.01,0.0,hqs,1,1,0.007242006153599833,0.007272289618131329,-0.41816402650309836,-0.41816402650309836,-0.41816402650309836,-0.01812276782924016,-0.007223446741828732,0,False
Kodak,kodim01,0.01,0.0,hqs_round1,1,1,0.007260659963113608,0.007272289618131329,-0.16017352522776918,-0.16017352522776918,-0.16017352522776918,-0.006950682723413593,-0.005178374978226263,0,False
Kodak,kodim01,0.04,0.0,hqs,1,1,0.0051915793371699786,0.0049488824050679826,4.674818900760447,4.674818900760447,4.674818900760447,0.2079236097875352,0.0029814177936692277,1,False
Kodak,kodim01,0.04,0.0,hqs_round1,1,1,0.0051293198662524875,0.0049488824050679826,3.517765822554042,3.517765822554042,3.517765822554042,0.15552648407675207,0.0006584649789633246,1,False
Kodak,kodim01,0.1,0.0,hqs,1,1,0.0032209941917650284,0.0029351358408963436,8.874848380649858,8.874848380649858,8.874848380649858,0.4036173606884077,0.016715388600949233,1,True
Kodak,kodim01,0.1,0.0,hqs_round1,1,1,0.0030088297186630962,0.0029351358408963436,2.4492538514109374,2.4492538514109374,2.4492538514109374,0.10769404414254424,0.0021301907505765216,1,False
Kodak,kodim01,0.1,0.01,hqs,1,1,0.003268301585249026,0.002975993659121344,8.943725617212571,8.943725617212571,8.943725617212571,0.4068742080980563,0.017010403742361218,1,True
Kodak,kodim01,0.1,0.01,hqs_round1,1,1,0.00305830339550781,0.002975993659121344,2.6913528758254257,2.6913528758254257,2.6913528758254257,0.1184291110052212,0.002185340749499609,1,False
Kodak,kodim01,0.1,0.05,hqs,1,1,0.0041775618127998905,0.0037444781742336578,10.366899592946321,10.366899592946321,10.366899592946321,0.47522085547871384,0.02548023854403947,1,True
Kodak,kodim01,0.1,0.05,hqs_round1,1,1,0.004069683345497783,0.0037444781742336578,7.99092075858664,7.99092075858664,7.99092075858664,0.36167898584409147,0.01762423540352646,1,True
Kodak,kodim01,0.25,0.0,hqs,1,1,0.0014664439579439427,0.001413404903044366,3.6168484047587657,3.6168484047587657,3.6168484047587657,0.15998876976037124,0.003699817812204409,1,False
Kodak,kodim01,0.25,0.0,hqs_round1,1,1,0.0014177579094228798,0.001413404903044366,0.30703453315847895,0.30703453315847895,0.30703453315847895,0.013354852863031397,-0.0014956385877131773,1,False
Kodak,kodim01,0.5,0.0,hqs,1,1,0.0005846293597090443,0.0005586886229186542,4.437125224655181,4.437125224655181,4.437125224655181,0.1971079403842424,0.00141515165328987,1,False
Kodak,kodim01,0.5,0.0,hqs_round1,1,1,0.0005615479072318868,0.0005586886229186542,0.5091790524743067,0.5091790524743067,0.5091790524743067,0.022169855429858387,-0.0007471422538757322,1,False
Kodak,kodim02,0.01,0.0,hqs,1,1,0.0014621529886139047,0.00146455249319276,-0.16410762741934093,-0.16410762741934093,-0.16410762741934093,-0.007121262032462994,0.0013576466779481322,0,False
Kodak,kodim02,0.01,0.0,hqs_round1,1,1,0.0014524849541264026,0.00146455249319276,-0.8308202458190195,-0.8308202458190195,-0.8308202458190195,-0.03593300133541888,-0.00013006363169809632,0,False
Kodak,kodim02,0.04,0.0,hqs,1,1,0.000746783532620332,0.0007599609841393743,-1.7645610733816097,-1.7645610733816097,-1.7645610733816097,-0.07596563758444574,-0.0011728958672285739,0,False
Kodak,kodim02,0.04,0.0,hqs_round1,1,1,0.0007437456808698164,0.0007599609841393743,-2.1802215040219064,-2.1802215040219064,-2.1802215040219064,-0.09366839801227655,-0.001482014405727372,0,False
Kodak,kodim02,0.1,0.0,hqs,1,1,0.0004807456615965966,0.00047097766643044645,2.0318426033653303,2.0318426033653303,2.0318426033653303,0.08915060165865185,0.0010380145113467742,1,False
Kodak,kodim02,0.1,0.0,hqs_round1,1,1,0.0004735351286269121,0.00047097766643044645,0.5400786640436639,0.5400786640436639,0.5400786640436639,0.023518885923678567,-0.000532541403889697,1,False
Kodak,kodim02,0.1,0.01,hqs,1,1,0.0005092148743715495,0.0004985750498698735,2.089456737650708,2.089456737650708,2.089456737650708,0.09170432756408313,0.0012371296356122146,1,False
Kodak,kodim02,0.1,0.01,hqs_round1,1,1,0.0005049943710080349,0.0004985750498698735,1.2711668697113487,1.2711668697113487,1.2711668697113487,0.055555101214849856,-0.00010130337107176295,1,False
Kodak,kodim02,0.1,0.05,hqs,1,1,0.0008936740623373612,0.0007268409818830137,18.6682245222608,18.6682245222608,18.6682245222608,0.8976059267016154,0.06398383730252584,1,True
Kodak,kodim02,0.1,0.05,hqs_round1,1,1,0.0008938103142927669,0.0007268409818830137,18.68062269362698,18.68062269362698,18.68062269362698,0.898233262706654,0.06196878403023883,1,True
Kodak,kodim02,0.25,0.0,hqs,1,1,0.0002363697811724359,0.00022963503478067927,2.8492417086275146,2.8492417086275146,2.8492417086275146,0.12553805249751804,0.0009036310467720465,1,False
Kodak,kodim02,0.25,0.0,hqs_round1,1,1,0.00022663600603786634,0.00022963503478067927,-1.323279912686015,-1.323279912686015,-1.323279912686015,-0.05709239793255705,-0.001989291522025982,0,False
Kodak,kodim02,0.5,0.0,hqs,1,1,8.55865911379764e-05,8.563449895579347e-05,-0.05597584525809385,-0.05597584525809385,-0.05597584525809385,-0.0024303199389166252,-0.00048156548595434945,0,False
Kodak,kodim02,0.5,0.0,hqs_round1,1,1,8.326548805736756e-05,8.563449895579347e-05,-2.8451294211999656,-2.8451294211999656,-2.8451294211999656,-0.12183729034305912,-0.001547089447975214,0,False
Kodak,kodim03,0.01,0.0,hqs,1,1,0.0012777213435169455,0.001236191520739625,3.2503035961666815,3.2503035961666815,3.2503035961666815,0.14350389103332972,0.0030278425941737686,1,False
Kodak,kodim03,0.01,0.0,hqs_round1,1,1,0.0012629106424849425,0.001236191520739625,2.115677930525961,2.115677930525961,2.115677930525961,0.09286862680670183,0.0023507377373893634,1,False
Kodak,kodim03,0.04,0.0,hqs,1,1,0.0004974000508015075,0.00044811254954243296,9.909026181170056,9.909026181170056,9.909026181170056,0.4531871864403314,0.0034710483231544798,1,True
Kodak,kodim03,0.04,0.0,hqs_round1,1,1,0.0004617181111888292,0.00044811254954243296,2.9467247042496814,2.9467247042496814,2.9467247042496814,0.12989803718495097,0.0006278185302019956,1,False
Kodak,kodim03,0.1,0.0,hqs,1,1,0.0002519712845532628,0.00023834064822234779,5.409599095818285,5.409599095818285,5.409599095818285,0.241529338504904,0.0007379126424789106,1,True
Kodak,kodim03,0.1,0.0,hqs_round1,1,1,0.00023943589543239636,0.00023834064822234779,0.45742815966280936,0.45742815966280936,0.45742815966280936,0.019911427597897102,-0.0006512046117782555,1,False
Kodak,kodim03,0.1,0.01,hqs,1,1,0.00030678734996084577,0.00028846074564378086,5.973715773940446,5.973715773940446,5.973715773940446,0.2676618520054935,0.00255194964218138,1,True
Kodak,kodim03,0.1,0.01,hqs_round1,1,1,0.00029439930736663023,0.00028846074564378086,2.0171792440577208,2.0171792440577208,2.0171792440577208,0.08871932913539855,0.000610726383209248,1,False
Kodak,kodim03,0.1,0.05,hqs,1,1,0.0008585470749154772,0.0005594332352337606,34.83953861367055,34.83953861367055,34.83953861367055,1.8607528691236521,0.12958814537703991,1,True
Kodak,kodim03,0.1,0.05,hqs_round1,1,1,0.0008515482768164875,0.0005594332352337606,34.30399068797353,34.30399068797353,34.30399068797353,1.8252219174095299,0.12515559678943952,1,True
Kodak,kodim03,0.25,0.0,hqs,1,1,8.84116075480711e-05,8.372084965382296e-05,5.305590548953298,5.305590548953298,5.305590548953298,0.2367566002766779,0.0009641542806625436,1,True
Kodak,kodim03,0.25,0.0,hqs_round1,1,1,8.408521261790426e-05,8.372084965382296e-05,0.4333258521174499,0.4333258521174499,0.4333258521174499,0.018859994836233795,-0.000428025777816754,1,False
Kodak,kodim03,0.5,0.0,hqs,1,1,2.3229211581921367e-05,2.20556040106252e-05,5.052291883249083,5.052291883249083,5.052291883249083,0.225155139628896,0.00018383462619786517,1,True
Kodak,kodim03,0.5,0.0,hqs_round1,1,1,2.2095644744021157e-05,2.20556040106252e-05,0.18121550133445297,0.18121550133445297,0.18121550133445297,0.007877228763909727,-0.00019641745567322566,1,False
Kodak,kodim04,0.01,0.0,hqs,1,1,0.0022475075998194295,0.0022555054882571627,-0.3558559018165486,-0.3558559018165486,-0.3558559018165486,-0.015427192414904312,0.0002743796453755776,0,False
Kodak,kodim04,0.01,0.0,hqs_round1,1,1,0.002249915546901346,0.0022555054882571627,-0.24845116357878894,-0.24845116357878894,-0.24845116357878894,-0.010776715036186602,-2.3622305145964972e-05,0,False
Kodak,kodim04,0.04,0.0,hqs,1,1,0.0008106981974829918,0.0008069025846446076,0.46819061028734454,0.46819061028734454,0.46819061028734454,0.02038100815303423,-0.00031086310911188075,1,False
Kodak,kodim04,0.04,0.0,hqs_round1,1,1,0.0007981563873026049,0.0008069025846446076,-1.09579995614153,-1.09579995614153,-1.09579995614153,-0.047331131205627486,-0.0011361712281108272,0,False
Kodak,kodim04,0.1,0.0,hqs,1,1,0.0004086253545176992,0.0004026449854113911,1.4635335375521863,1.4635335375521863,1.4635335375521863,0.06403015669549461,-0.00012406519508367797,1,False
Kodak,kodim04,0.1,0.0,hqs_round1,1,1,0.00040285139941112616,0.0004026449854113911,0.05123824815720379,0.05123824815720379,0.05123824815720379,0.002225819127779971,-0.0006260697674751459,1,False
Kodak,kodim04,0.1,0.01,hqs,1,1,0.0004444315860106793,0.0004382587314937602,1.3889324501725975,1.3889324501725975,1.3889324501725975,0.06077307759755494,0.00022696572478616192,1,False
Kodak,kodim04,0.1,0.01,hqs_round1,1,1,0.00044253477987552794,0.0004382587314937602,0.9662626704663668,0.9662626704663668,0.9662626704663668,0.0422014552435499,-0.00012261442438762002,1,False
Kodak,kodim04,0.1,0.05,hqs,1,1,0.0009878995854360232,0.0007511021016742165,23.969792806147684,23.969792806147684,23.969792806147684,1.1908705749317718,0.06361613245624298,1,True
Kodak,kodim04,0.1,0.05,hqs_round1,1,1,0.000993355565956874,0.0007511021016742165,24.38738681141842,24.38738681141842,24.38738681141842,1.2146657666532157,0.06213515491582947,1,True
Kodak,kodim04,0.25,0.0,hqs,1,1,0.0001800137828980007,0.00017911518063739343,0.49918525467376185,0.49918525467376185,0.49918525467376185,0.021733630939664295,-9.885435295098333e-05,1,False
Kodak,kodim04,0.25,0.0,hqs_round1,1,1,0.0001775043999610069,0.00017911518063739343,-0.9074595766304316,-0.9074595766304316,-0.9074595766304316,-0.03923272611731221,-0.0006240335731505509,0,False
Kodak,kodim04,0.5,0.0,hqs,1,1,6.729789458691812e-05,6.650474160557479e-05,1.1785702750610527,1.1785702750610527,1.1785702750610527,0.0514886713188929,-0.0001404604492187822,1,False
Kodak,kodim04,0.5,0.0,hqs_round1,1,1,6.638330533620978e-05,6.650474160557479e-05,-0.18293194162293247,-0.18293194162293247,-0.18293194162293247,-0.007937375494968535,-0.0003645198078155998,0,False
Kodak,kodim05,0.01,0.0,hqs,1,1,0.01591133393447378,0.015629748235105215,1.7697177403742104,1.7697177403742104,1.7697177403742104,0.07754608028746901,0.0032200527852118133,1,False
Kodak,kodim05,0.01,0.0,hqs_round1,1,1,0.01585837067211421,0.015629748235105215,1.4416514895254195,1.4416514895254195,1.4416514895254195,0.06306582359001567,0.0027554175348658005,1,False
Kodak,kodim05,0.04,0.0,hqs,1,1,0.008283919731228807,0.00811650296737557,2.0209848632659733,2.0209848632659733,2.0209848632659733,0.08866930289277164,0.005684803904735913,1,False
Kodak,kodim05,0.04,0.0,hqs_round1,1,1,0.008210160752772843,0.00811650296737557,1.1407545871211178,1.1407545871211178,1.1407545871211178,0.04982708808212877,0.00416172133468351,1,False
Kodak,kodim05,0.1,0.0,hqs,1,1,0.004582666748322961,0.00454816049209193,0.7529732822850188,0.7529732822850188,0.7529732822850188,0.03282495138466146,-0.0003428877516389317,1,False
Kodak,kodim05,0.1,0.0,hqs_round1,1,1,0.004557372449246103,0.00454816049209193,0.20213307682800385,0.20213307682800385,0.20213307682800385,0.008787412115871973,-0.0008517773509622018,1,False
Kodak,kodim05,0.1,0.01,hqs,1,1,0.004620538340154828,0.004586950463496338,0.7269256131173019,0.7269256131173019,0.7269256131173019,0.03167982103540131,-0.0004335951261743946,1,False
Kodak,kodim05,0.1,0.01,hqs_round1,1,1,0.004595499727254261,0.004586950463496338,0.18603556229630502,0.18603556229630502,0.18603556229630502,0.00808059524332568,-0.0009683590840920964,1,False
Kodak,kodim05,0.1,0.05,hqs,1,1,0.005351547388903676,0.005243341467429017,2.0219557748665684,2.0219557748665684,2.0219557748665684,0.08866928161397898,0.0005872523618532707,1,False
Kodak,kodim05,0.1,0.05,hqs_round1,1,1,0.0053311424048421985,0.005243341467429017,1.6469441396544493,1.6469441396544493,1.6469441396544493,0.07205519120916648,-2.07599288333619e-05,1,False
Kodak,kodim05,0.25,0.0,hqs,1,1,0.0019197173453386167,0.0018687587374596225,2.6544849429385953,2.6544849429385953,2.6544849429385953,0.11684052678502965,-0.0007915675408840528,1,False
Kodak,kodim05,0.25,0.0,hqs_round1,1,1,0.0018682187094029852,0.0018687587374596225,-0.028906040492970853,-0.028906040492970853,-0.028906040492970853,-0.0012551919835637193,-0.0023433939855098673,0,False
Kodak,kodim05,0.5,0.0,hqs,1,1,0.0005996037360774649,0.0005844593015557885,2.525740520022346,2.525740520022346,2.525740520022346,0.1111005549859243,-9.357508373253332e-05,1,False
Kodak,kodim05,0.5,0.0,hqs_round1,1,1,0.0005801311264354886,0.0005844593015557885,-0.7460684185131683,-0.7460684185131683,-0.7460684185131683,-0.03228106947528886,-0.0009324513263702094,0,False
Kodak,kodim06,0.01,0.0,hqs,1,1,0.003819346137163081,0.0038631861084361427,-1.1478397007929964,-1.1478397007929964,-1.1478397007929964,-0.04956611614546702,0.00012711958119671074,0,False
Kodak,kodim06,0.01,0.0,hqs_round1,1,1,0.003757352701486351,0.0038631861084361427,-2.8167014214003805,-2.8167014214003805,-2.8167014214003805,-0.12063666663252093,-0.0009945737263558074,0,False
Kodak,kodim06,0.04,0.0,hqs,1,1,0.002379821778087737,0.0023910588775645047,-0.4721823953471427,-0.4721823953471427,-0.4721823953471427,-0.0204583584132223,-0.0031148610280584688,0,False
Kodak,kodim06,0.04,0.0,hqs_round1,1,1,0.002377038031465019,0.0023910588775645047,-0.589845257580679,-0.589845257580679,-0.589845257580679,-0.02554140051947229,-0.0034046455204281845,0,False
Kodak,kodim06,0.1,0.0,hqs,1,1,0.0016329085525087401,0.001611568988346599,1.3068437990208182,1.3068437990208182,1.3068437990208182,0.05712962094303009,0.0006880543815492857,1,False
Kodak,kodim06,0.1,0.0,hqs_round1,1,1,0.0016179792584457497,0.001611568988346599,0.39618988103150565,0.39618988103150565,0.39618988103150565,0.017240483032654907,-0.0014827677395008454,1,False
Kodak,kodim06,0.1,0.01,hqs,1,1,0.0017193797943839675,0.0016986987821093844,1.2028181523438763,1.2028181523438763,1.2028181523438763,0.05254364192299358,-0.00035936619673793135,1,False
Kodak,kodim06,0.1,0.01,hqs_round1,1,1,0.0017207361718447672,0.0016986987821093844,1.2806954427974193,1.2806954427974193,1.2806954427974193,0.05595778549994179,-0.001668811520857109,1,False
Kodak,kodim06,0.1,0.05,hqs,1,1,0.002931736295502268,0.002351931162598691,19.776851478527824,19.776851478527824,19.776851478527824,0.9571211460700025,0.0838644498268553,1,True
Kodak,kodim06,0.1,0.05,hqs_round1,1,1,0.002950604020262987,0.002351931162598691,20.2898407767687,20.2898407767687,20.2898407767687,0.984952070851012,0.08067279999521404,1,True
Kodak,kodim06,0.25,0.0,hqs,1,1,0.0007896404368408736,0.0007807756920378647,1.1226305530241398,1.1226305530241398,1.1226305530241398,0.04903096157558906,-0.00030498076677332175,1,False
Kodak,kodim06,0.25,0.0,hqs_round1,1,1,0.0007761619591185991,0.0007807756920378647,-0.5944291478166219,-0.5944291478166219,-0.5944291478166219,-0.025739304480040914,-0.0023634701380730316,0,False
Kodak,kodim06,0.5,0.0,hqs,1,1,0.0002366884251749579,0.00022986970956455818,2.8808825802780214,2.8808825802780214,2.8808825802780214,0.12695272948041492,0.00036280142116551506,1,False
Kodak,kodim06,0.5,0.0,hqs_round1,1,1,0.0002295091998504251,0.00022986970956455818,-0.15707854603128624,-0.15707854603128624,-0.15707854603128624,-0.006816482361450937,-0.0010056470012664853,0,False
Kodak,kodim07,0.01,0.0,hqs,1,1,0.005185262837177687,0.005126902672394461,1.12550060847042,1.12550060847042,1.12550060847042,0.0491570235188199,0.004792299383334031,1,False
Kodak,kodim07,0.01,0.0,hqs_round1,1,1,0.005151333683943461,0.005126902672394461,0.4742657542288642,0.4742657542288642,0.4742657542288642,0.02064609747777979,0.002938925409499471,1,False
Kodak,kodim07,0.04,0.0,hqs,1,1,0.002321993466039401,0.0021835236243405937,5.963403589373318,5.963403589373318,5.963403589373318,0.2670309825013568,0.012328451725882483,1,True
Kodak,kodim07,0.04,0.0,hqs_round1,1,1,0.0022206998674442506,0.0021835236243405937,1.6740777828046616,1.6740777828046616,1.6740777828046616,0.0733197157002543,0.004003247960541412,1,False
Kodak,kodim07,0.1,0.0,hqs,1,1,0.0006830267377863219,0.0006520363852739343,4.5372092771692625,4.5372092771692625,4.5372092771692625,0.2016587378487813,0.002287951190233173,1,False
Kodak,kodim07,0.1,0.0,hqs_round1,1,1,0.0006457029284668629,0.0006520363852739343,-0.9808623327927979,-0.9808623327927979,-0.9808623327927979,-0.04239075061927622,-0.0007919831936359367,0,False
Kodak,kodim07,0.1,0.01,hqs,1,1,0.000756836168552406,0.0007379911184720256,2.4899774698168953,2.4899774698168953,2.4899774698168953,0.10935621724092215,0.0021967099343935446,1,False
Kodak,kodim07,0.1,0.01,hqs_round1,1,1,0.0007330683211992924,0.0007379911184720256,-0.67153321598723,-0.67153321598723,-0.67153321598723,-0.029146122748615017,-0.00035469821524621487,0,False
Kodak,kodim07,0.1,0.05,hqs,1,1,0.0017554758442503784,0.0014387677462571237,18.0411538575454,18.0411538575454,18.0411538575454,0.864221018476537,0.06499404970669742,1,True
Kodak,kodim07,0.1,0.05,hqs_round1,1,1,0.0017882198046743532,0.0014387677462571237,19.54189622012754,19.54189622012754,19.54189622012754,0.9444084070331881,0.06340642146300957,1,True
Kodak,kodim07,0.25,0.0,hqs,1,1,0.00016874681270871204,0.0001598995720775512,5.24290828913776,5.24290828913776,5.24290828913776,0.23388277131490298,0.0006012980079651564,1,True
Kodak,kodim07,0.25,0.0,hqs_round1,1,1,0.0001619074420040246,0.0001598995720775512,1.240134425953976,1.240134425953976,1.240134425953976,0.054195098750767556,0.00014335615158078685,1,False
Kodak,kodim07,0.5,0.0,hqs,1,1,3.648430394791625e-05,3.4587955698050265e-05,5.197709822210528,5.197709822210528,5.197709822210528,0.23181171105363774,0.0001706758518218443,1,True
Kodak,kodim07,0.5,0.0,hqs_round1,1,1,3.45343517837694e-05,3.4587955698050265e-05,-0.15521911231026753,-0.15521911231026753,-0.15521911231026753,-0.006735854081114212,5.5714473723433855e-06,0,False
Kodak,kodim08,0.01,0.0,hqs,1,1,0.020544812349930358,0.020649713904613058,-0.5105987482190599,-0.5105987482190599,-0.5105987482190599,-0.02211860116390696,0.0006915846873001841,0,False
Kodak,kodim08,0.01,0.0,hqs_round1,1,1,0.02057870234485853,0.020649713904613058,-0.3450730690619519,-0.3450730690619519,-0.3450730690619519,-0.014960535405077025,-0.00012881384111129712,0,False
Kodak,kodim08,0.04,0.0,hqs,1,1,0.010561929125639384,0.009641341113428804,8.716097232425335,8.716097232425335,8.716097232425335,0.3960580029242493,0.02253534035942284,1,True
Kodak,kodim08,0.04,0.0,hqs_round1,1,1,0.010474686648437937,0.009641341113428804,7.955803958425889,7.955803958425889,7.955803958425889,0.36003591261938084,0.020365626446284035,1,True
Kodak,kodim08,0.1,0.0,hqs,1,1,0.005174556670947788,0.004842628425901742,6.414621892337868,6.414621892337868,6.414621892337868,0.2879200065520138,0.009252749672337468,1,True
Kodak,kodim08,0.1,0.0,hqs_round1,1,1,0.004971892110118079,0.004842628425901742,2.5998891639920862,2.5998891639920862,2.5998891639920862,0.11440548917696347,0.0033148223042879232,1,False
Kodak,kodim08,0.1,0.01,hqs,1,1,0.005268790600638791,0.0049531913805763396,5.989974625755446,5.989974625755446,5.989974625755446,0.26824052323536307,0.008974840600722215,1,True
Kodak,kodim08,0.1,0.01,hqs_round1,1,1,0.005079969001101613,0.0049531913805763396,2.4956376800287727,2.4956376800287727,2.4956376800287727,0.10976758770914803,0.0030696318971016323,1,False
Kodak,kodim08,0.1,0.05,hqs,1,1,0.007273009448616096,0.006720589555241466,7.595478835514835,7.595478835514835,7.595478835514835,0.34317379159037387,0.02546646422818777,1,True
Kodak,kodim08,0.1,0.05,hqs_round1,1,1,0.00730133714248922,0.006720589555241466,7.953989466780886,7.953989466780886,7.953989466780886,0.3599547744584169,0.02240951038451955,1,True
Kodak,kodim08,0.25,0.0,hqs,1,1,0.0018981616256853607,0.0018370581555591811,3.219086788993386,3.219086788993386,3.219086788993386,0.14210284266764361,-0.0006957802534103275,1,False
Kodak,kodim08,0.25,0.0,hqs_round1,1,1,0.001833382405268591,0.0018370581555591811,-0.20049010397542588,-0.20049010397542588,-0.20049010397542588,-0.00869845772060529,-0.003477602997541407,0,False
Kodak,kodim08,0.5,0.0,hqs,1,1,0.0005290318342019224,0.0005160103074205327,2.461388131970066,2.461388131970066,2.461388131970066,0.10823429412327812,-0.000268823926925732,1,False
Kodak,kodim08,0.5,0.0,hqs_round1,1,1,0.000502902310851842,0.0005160103074205327,-2.6064697428985095,-2.6064697428985095,-2.6064697428985095,-0.11174745620384385,-0.0036174661717415235,0,False
Kodak,kodim09,0.01,0.0,hqs,1,1,0.004469973410380546,0.0043067719502854675,3.6510610939223587,3.6510610939223587,3.6510610939223587,0.16153063881105467,0.006834479428756035,1,False
Kodak,kodim09,0.01,0.0,hqs_round1,1,1,0.0044461170638379855,0.0043067719502854675,3.134085575160994,3.134085575160994,3.134085575160994,0.1382901739093576,0.006483825984755609,1,False
Kodak,kodim09,0.04,0.0,hqs,1,1,0.0013510811830294547,0.001277959741033065,5.412068713179297,5.412068713179297,5.412068713179297,0.24164272793803576,0.003553481356225907,1,True
Kodak,kodim09,0.04,0.0,hqs_round1,1,1,0.0013275087614930477,0.001277959741033065,3.732481614980454,3.732481614980454,3.732481614980454,0.16520223423053437,0.0025542170926630137,1,False
Kodak,kodim09,0.1,0.0,hqs,1,1,0.0004675068239308214,0.00045911739912224105,1.7945031770962405,1.7945031770962405,1.7945031770962405,0.07864202915251894,0.000934011729717299,1,False
Kodak,kodim09,0.1,0.0,hqs_round1,1,1,0.0004617740236883017,0.00045911739912224105,0.5753083607521914,0.5753083607521914,0.5753083607521914,0.025057472826986782,0.0003685272006987983,1,False
Kodak,kodim09,0.1,0.01,hqs,1,1,0.000591308727151318,0.0005756775493039027,2.643488440077635,2.643488440077635,2.643488440077635,0.11632136259529346,0.00529710740526516,1,False
Kodak,kodim09,0.1,0.01,hqs_round1,1,1,0.0005960122797859742,0.0005756775493039027,3.4117972350122594,3.4117972350122594,3.4117972350122594,0.15070202557910525,0.004169035078128158,1,False
Kodak,kodim09,0.1,0.05,hqs,1,1,0.0019021748001960355,0.0013394511545644647,29.58317214451465,29.58317214451465,29.58317214451465,1.522944461181427,0.18458453995201096,1,True
Kodak,kodim09,0.1,0.05,hqs_round1,1,1,0.0019053292660413848,0.0013394511545644647,29.69975434495997,29.69975434495997,29.69975434495997,1.5300031043019011,0.18220966132456232,1,True
Kodak,kodim09,0.25,0.0,hqs,1,1,0.00014997423020804665,0.00014939509026124824,0.3861596395560829,0.3861596395560829,0.3861596395560829,0.01680316450007524,0.0002869091005325286,1,False
Kodak,kodim09,0.25,0.0,hqs_round1,1,1,0.00014863718324026638,0.00014939509026124824,-0.509904052579313,-0.509904052579313,-0.509904052579313,-0.02208858407821168,-8.387011623378626e-05,0,False
Kodak,kodim09,0.5,0.0,hqs,1,1,4.2747764095584116e-05,4.2856674887325134e-05,-0.25477541117120417,-0.25477541117120417,-0.25477541117120417,-0.011050684276419531,-0.0003531454887391039,0,False
Kodak,kodim09,0.5,0.0,hqs_round1,1,1,4.240792714064191e-05,4.2856674887325134e-05,-1.0581694908005979,-1.0581694908005979,-1.0581694908005979,-0.04571427414538931,-0.00045085827636726084,0,False
Kodak,kodim10,0.01,0.0,hqs,1,1,0.0033321820325874353,0.0033238377735691268,0.25041426118695975,0.25041426118695975,0.25041426118695975,0.010888992674914277,0.002247354673153956,1,False
Kodak,kodim10,0.01,0.0,hqs_round1,1,1,0.0033152065989816367,0.0033238377735691268,-0.26035103182231456,-0.26035103182231456,-0.26035103182231456,-0.01129220832755351,0.0021589995553239483,0,False
Kodak,kodim10,0.04,0.0,hqs,1,1,0.0013645273751829716,0.0013196026980125022,3.292325092741022,3.292325092741022,3.292325092741022,0.14539058103091307,0.002426528483947754,1,False
Kodak,kodim10,0.04,0.0,hqs_round1,1,1,0.0013298452153177101,0.0013196026980125022,0.7702037189915356,0.7702037189915356,0.7702037189915356,0.033579002511455514,0.0001159319863319741,1,False
Kodak,kodim10,0.1,0.0,hqs,1,1,0.0006313170382990836,0.0005924900227935366,6.150161194786707,6.150161194786707,6.150161194786707,0.27566468978346137,0.0037459196209906898,1,True
Kodak,kodim10,0.1,0.0,hqs_round1,1,1,0.0005977235555419849,0.0005924900227935366,0.8755774638499636,0.8755774638499636,0.8755774638499636,0.038193297131194015,0.0004658750591277627,1,False
Kodak,kodim10,0.1,0.01,hqs,1,1,0.000745381379405891,0.0007099731118188976,4.7503557997673145,4.7503557997673145,4.7503557997673145,0.21143090239164172,0.006387612704654526,1,False
Kodak,kodim10,0.1,0.01,hqs_round1,1,1,0.0007206914614675495,0.0007099731118188976,1.4872313912011714,1.4872313912011714,1.4872313912011714,0.06503017093662085,0.003010398631930348,1,False
Kodak,kodim10,0.1,0.05,hqs,1,1,0.001851209436388194,0.001354342938996866,26.840101807213145,26.840101807213145,26.840101807213145,1.357504704668197,0.1468169490082553,1,True
Kodak,kodim10,0.1,0.05,hqs_round1,1,1,0.001855984389450953,0.001354342938996866,27.028322722180064,27.028322722180064,27.028322722180064,1.3686948750983692,0.14437882685301764,1,True
Kodak,kodim10,0.25,0.0,hqs,1,1,0.0001533314110678319,0.00014769596833610156,3.6753348139718756,3.6753348139718756,3.6753348139718756,0.16262491872326024,6.408127403256803e-05,1,False
Kodak,kodim10,0.25,0.0,hqs_round1,1,1,0.00014735896513397244,0.00014769596833610156,-0.22869541858057119,-0.22869541858057119,-0.22869541858057119,-0.00992077597154406,-0.0004770752353667751,0,False
Kodak,kodim10,0.5,0.0,hqs,1,1,3.935116521299218e-05,3.953234519264059e-05,-0.4604183349279589,-0.4604183349279589,-0.4604183349279589,-0.01994982306235471,-0.00044795347023007803,0,False
Kodak,kodim10,0.5,0.0,hqs_round1,1,1,3.8901866410194077e-05,3.953234519264059e-05,-1.6206903180390864,-1.6206903180390864,-1.6206903180390864,-0.06982140783850355,-0.0005585974645614389,0,False
Kodak,kodim11,0.01,0.0,hqs,1,1,0.00577998067799284,0.005805396874556523,-0.4397280541170945,-0.4397280541170945,-0.4397280541170945,-0.019055281671672475,-0.004118378492636743,0,False
Kodak,kodim11,0.01,0.0,hqs_round1,1,1,0.005814097632298004,0.005805396874556523,0.1496493229344309,0.1496493229344309,0.1496493229344309,0.006504055369234152,-0.0005108493066460218,1,False
Kodak,kodim11,0.04,0.0,hqs,1,1,0.0027734761902204383,0.002757391422341399,0.579949737291996,0.579949737291996,0.579949737291996,0.025260216354503484,-0.002370840472713076,1,False
Kodak,kodim11,0.04,0.0,hqs_round1,1,1,0.0027606307335278986,0.002757391422341399,0.11733953212786918,0.11733953212786918,0.11733953212786918,0.005098983278173819,-0.0010464496674842394,1,False
Kodak,kodim11,0.1,0.0,hqs,1,1,0.0016003047884944703,0.0015737945217477547,1.656576105833929,1.656576105833929,1.656576105833929,0.07254675520561804,0.00047731489849089925,1,False
Kodak,kodim11,0.1,0.0,hqs_round1,1,1,0.0015856771281714313,0.0015737945217477547,0.749371118026998,0.749371118026998,0.749371118026998,0.03266732735070477,-0.0004796701292991701,1,False
Kodak,kodim11,0.1,0.01,hqs,1,1,0.0016558782932638162,0.0016281855902446352,1.6723875862034165,1.6723875862034165,1.6723875862034165,0.07325693463457128,0.00027140204485254227,1,False
Kodak,kodim11,0.1,0.01,hqs_round1,1,1,0.0016482316717586762,0.0016281855902446352,1.2162174685462657,1.2162174685462657,1.2162174685462657,0.053154260946463694,-0.0002925649238029922,1,False
Kodak,kodim11,0.1,0.05,hqs,1,1,0.002432788082685985,0.0022065231946134423,9.300641090888984,9.300641090888984,9.300641090888984,0.42369739346447705,0.038259777769813964,1,True
Kodak,kodim11,0.1,0.05,hqs_round1,1,1,0.002430914367278274,0.0022065231946134423,9.230731270722092,9.230731270722092,9.230731270722092,0.420264639759818,0.03702551168494176,1,True
Kodak,kodim11,0.25,0.0,hqs,1,1,0.0006852045415405126,0.0006781393281199902,1.031110127296897,1.031110127296897,1.031110127296897,0.045013011592956786,-0.00048072485065453474,1,False
Kodak,kodim11,0.25,0.0,hqs_round1,1,1,0.0006801569350900193,0.0006781393281199902,0.29663844709046927,0.29663844709046927,0.29663844709046927,0.012901989674993786,-0.0009975111093520894,1,False
Kodak,kodim11,0.5,0.0,hqs,1,1,0.00021509584448069235,0.00021155180594554357,1.6476555108282942,1.6476555108282942,1.6476555108282942,0.07215283059598221,-0.00022071938991541362,1,False
Kodak,kodim11,0.5,0.0,hqs_round1,1,1,0.00021122155129509916,0.00021155180594554357,-0.1563546183708464,-0.1563546183708464,-0.1563546183708464,-0.006785091776876584,-0.0009249878673552869,0,False
Kodak,kodim12,0.01,0.0,hqs,1,1,0.0025304225139656878,0.002378168693452856,6.016932732479496,6.016932732479496,6.016932732479496,0.2695038528007032,0.0031282547589464027,1,True
Kodak,kodim12,0.01,0.0,hqs_round1,1,1,0.0024383104449164747,0.002378168693452856,2.4665338078260546,2.4665338078260546,2.4665338078260546,0.10846341339576782,0.001554631797086481,1,False
Kodak,kodim12,0.04,0.0,hqs,1,1,0.0010733108075082008,0.0008431138903070738,21.447367863140443,21.447367863140443,21.447367863140443,1.0483925806688923,0.006727465833336166,1,True
Kodak,kodim12,0.04,0.0,hqs_round1,1,1,0.0009387261709458644,0.0008431138903070738,10.185321726191066,10.185321726191066,10.185321726191066,0.46652681457555545,0.00251103951609144,1,True
Kodak,kodim12,0.1,0.0,hqs,1,1,0.0004510734842365366,0.0004206833924297921,6.737281810785478,6.737281810785478,6.737281810785478,0.3029193096416236,0.0012913609209060928,1,True
Kodak,kodim12,0.1,0.0,hqs_round1,1,1,0.00042974746711051256,0.0004206833924297921,2.1091630258264105,2.1091630258264105,2.1091630258264105,0.09257958225416729,-0.00017826094532014114,1,False
Kodak,kodim12,0.1,0.01,hqs,1,1,0.0005571485822996212,0.0005192657224991458,6.7994177862060745,6.7994177862060745,6.7994177862060745,0.30574985898262713,0.006213090529521311,1,True
Kodak,kodim12,0.1,0.01,hqs_round1,1,1,0.000540903473029442,0.0005192657224991458,4.00029794763741,4.00029794763741,4.00029794763741,0.1771930823223021,0.0037097528651555134,1,False
Kodak,kodim12,0.1,0.05,hqs,1,1,0.0021048855988040336,0.0010881311320343663,48.30450012805317,48.30450012805317,48.30450012805317,2.865530514393368,0.21791774329348199,1,True
Kodak,kodim12,0.1,0.05,hqs_round1,1,1,0.002078394111966175,0.0010881311320343663,47.645582434556324,47.645582434556324,47.645582434556324,2.81031850801075,0.21319151553046414,1,True
Kodak,kodim12,0.25,0.0,hqs,1,1,0.0001947118463888005,0.00019371043986412485,0.5143017968593622,0.5143017968593622,0.5143017968593622,0.02239347775762468,-0.00012851898860932742,1,False
Kodak,kodim12,0.25,0.0,hqs_round1,1,1,0.0001928576568334936,0.00019371043986412485,-0.4421826152163133,-0.4421826152163133,-0.4421826152163133,-0.01916141390999826,-0.0012537101449966448,0,False
Kodak,kodim12,0.5,0.0,hqs,1,1,6.799672354628405e-05,6.483713559201272e-05,4.6466767654189445,4.6466767654189445,4.6466767654189445,0.20664166411471285,0.0008956015834808984,1,False
Kodak,kodim12,0.5,0.0,hqs_round1,1,1,6.555663725073454e-05,6.483713559201272e-05,1.097526793465542,1.097526793465542,1.097526793465542,0.04792848073996936,-0.00024284641551963748,1,False
Kodak,kodim13,0.01,0.0,hqs,1,1,0.011282528054209236,0.011374958861274147,-0.8192384421364496,-0.8192384421364496,-0.8192384421364496,-0.03543412586093808,-0.00692363198477014,0,False
Kodak,kodim13,0.01,0.0,hqs_round1,1,1,0.011266602177901259,0.011374958861274147,-0.961751215334683,-0.961751215334683,-0.961751215334683,-0.04156874948400002,-0.0071204805238077595,0,False
Kodak,kodim13,0.04,0.0,hqs,1,1,0.007583222890701577,0.007459265774776134,1.6346231373132514,1.6346231373132514,1.6346231373132514,0.07157739815674091,-0.008014277859706154,1,False
Kodak,kodim13,0.04,0.0,hqs_round1,1,1,0.007486920403405171,0.007459265774776134,0.3693725475758858,0.3693725475758858,0.3693725475758858,0.01607134579399272,-0.009193835049442156,1,False
Kodak,kodim13,0.1,0.0,hqs,1,1,0.005078485968884737,0.004930355919543695,2.9168151738257597,2.9168151738257597,2.9168151738257597,0.12855985020924976,-0.0006114805189668671,1,False
Kodak,kodim13,0.1,0.0,hqs_round1,1,1,0.004970283176646995,0.004930355919543695,0.8033195631769852,0.8033195631769852,0.8033195631769852,0.0350286103223425,-0.003333966508254349,1,False
Kodak,kodim13,0.1,0.01,hqs,1,1,0.005119287881176582,0.004968703928512801,2.9415019463443826,2.9415019463443826,2.9415019463443826,0.12966115673837328,-0.0005399635587288362,1,False
Kodak,kodim13,0.1,0.01,hqs_round1,1,1,0.0050113278448276274,0.004968703928512801,0.8505513435689505,0.8505513435689505,0.8505513435689505,0.03709644876380006,-0.0033245692604805255,1,False
Kodak,kodim13,0.1,0.05,hqs,1,1,0.006040746941126385,0.005737332104883469,5.0228032923746335,5.0228032923746335,5.0228032923746335,0.22384411047596586,0.0008558349979642296,1,True
Kodak,kodim13,0.1,0.05,hqs_round1,1,1,0.005972085053750645,0.005737332104883469,3.9308373332651136,3.9308373332651136,3.9308373332651136,0.17419216366954396,-0.0014001639156282126,1,False
Kodak,kodim13,0.25,0.0,hqs,1,1,0.002775133178591521,0.0027111403364279175,2.305937699036198,2.305937699036198,2.305937699036198,0.10131831248372336,-0.0032289374334812937,1,False
Kodak,kodim13,0.25,0.0,hqs_round1,1,1,0.0027075831213454076,0.0027111403364279175,-0.1313797184827381,-0.1313797184827381,-0.1313797184827381,-0.005702003858427673,-0.005824221609592506,0,False
Kodak,kodim13,0.5,0.0,hqs,1,1,0.0011421330995543388,0.0011213846918896723,1.8166365787632421,1.8166365787632421,1.8166365787632421,0.07962094559803745,-0.002063013844490036,1,False
Kodak,kodim13,0.5,0.0,hqs_round1,1,1,0.0011079135694210044,0.0011213846918896723,-1.215900124384972,-1.215900124384972,-1.215900124384972,-0.05248741692217607,-0.003716365059852511,0,False
Kodak,kodim14,0.01,0.0,hqs,1,1,0.007379532871072557,0.007400329063853862,-0.28180906765555847,-0.28180906765555847,-0.28180906765555847,-0.012221599592290744,-0.0011349611014312422,0,False
Kodak,kodim14,0.01,0.0,hqs_round1,1,1,0.007348235487458417,0.007400329063853862,-0.7089263331905293,-0.7089263331905293,-0.7089263331905293,-0.03067965940305939,-0.0026763731844961502,0,False
Kodak,kodim14,0.04,0.0,hqs,1,1,0.004180486820177725,0.004164696877821486,0.3777058279439194,0.3777058279439194,0.3777058279439194,0.016434612505722868,-0.0021746751815276966,1,False
Kodak,kodim14,0.04,0.0,hqs_round1,1,1,0.004166576804573763,0.004164696877821486,0.045119215136335544,0.045119215136335544,0.045119215136335544,0.001959944805264513,-0.0029745477468297032,1,False
Kodak,kodim14,0.1,0.0,hqs,1,1,0.002378542973605761,0.0023490813706034674,1.2386407699681468,1.2386407699681468,1.2386407699681468,0.05412941603204402,-0.00027011562919621035,1,False
Kodak,kodim14,0.1,0.0,hqs_round1,1,1,0.0023643815507926446,0.0023490813706034674,0.6471112999527406,0.6471112999527406,0.6471112999527406,0.028195011938020542,-0.000638387775897975,1,False
Kodak,kodim14,0.1,0.01,hqs,1,1,0.002418193486693101,0.002388849825521945,1.2134538171833409,1.2134538171833409,1.2134538171833409,0.05302327962147757,-0.0002181760708491002,1,False
Kodak,kodim14,0.1,0.01,hqs_round1,1,1,0.0024027469888662817,0.002388849825521945,0.5783864638571057,0.5783864638571057,0.5783864638571057,0.025194330116894054,-0.0007135328526496713,1,False
Kodak,kodim14,0.1,0.05,hqs,1,1,0.003207347402773513,0.003046752391450027,5.007097490736845,5.007097490736845,5.007097490736845,0.22308328155746912,0.00914575419404895,1,True
Kodak,kodim14,0.1,0.05,hqs_round1,1,1,0.0031980988911276625,0.003046752391450027,4.7323896111377,4.7323896111377,4.7323896111377,0.21055105506853877,0.007955676068473028,1,False
Kodak,kodim14,0.25,0.0,hqs,1,1,0.0010336557773877812,0.0010059363464757494,2.681688770906243,2.681688770906243,2.681688770906243,0.11805436015873028,-0.0004332824668884516,1,False
Kodak,kodim14,0.25,0.0,hqs_round1,1,1,0.0010127704504094748,0.0010059363464757494,0.674792983045891,0.674792983045891,0.674792983045891,0.02940521100415694,-0.0010678533453941652,1,False
Kodak,kodim14,0.5,0.0,hqs,1,1,0.00037191364880809376,0.0003621410214446874,2.6276603170455326,2.6276603170455326,2.6276603170455326,0.11564394549630208,5.0688160896261714e-05,1,False
Kodak,kodim14,0.5,0.0,hqs_round1,1,1,0.00036213229869283873,0.0003621410214446874,-0.002408719653046454,-0.002408719653046454,-0.002408719653046454,-0.0001046081055235959,-0.0007361376972199185,0,False
Kodak,kodim15,0.01,0.0,hqs,1,1,0.002303440563197078,0.0022848430725324635,0.8073787950839018,0.8073787950839018,0.8073787950839018,0.03520633180264099,0.0008426939761441155,1,False
Kodak,kodim15,0.01,0.0,hqs_round1,1,1,0.0022926037872635307,0.0022848430725324635,0.3385109443760692,0.3385109443760692,0.3385109443760692,0.014726282646048361,0.00028404107754831376,1,False
Kodak,kodim15,0.04,0.0,hqs,1,1,0.0009501252790034752,0.000951330666332171,-0.12686614653174555,-0.12686614653174555,-0.12686614653174555,-0.005506234702071566,-0.0005115251102447704,0,False
Kodak,kodim15,0.04,0.0,hqs_round1,1,1,0.000942260444188174,0.000951330666332171,-0.9626024524261645,-0.9626024524261645,-0.9626024524261645,-0.041605365926237425,-0.0010215009530782915,0,False
Kodak,kodim15,0.1,0.0,hqs,1,1,0.0005789839614496545,0.0005716419562925237,1.268084376421752,1.268084376421752,1.268084376421752,0.05542436604128653,-0.0009988381226062604,1,False
Kodak,kodim15,0.1,0.0,hqs_round1,1,1,0.0005725143335463391,0.0005716419562925237,0.1523764913293313,0.1523764913293313,0.1523764913293313,0.006622673917071609,-0.00208860310602188,1,False
Kodak,kodim15,0.1,0.01,hqs,1,1,0.0006175713616656712,0.0006125752935367197,0.8089863680654452,0.8089863680654452,0.8089863680654452,0.03534169974450426,-0.0005914732712904991,1,False
Kodak,kodim15,0.1,0.01,hqs_round1,1,1,0.0006145224956994017,0.0006125752935367197,0.31686426067540907,0.31686426067540907,0.31686426067540907,0.013817194129894498,-0.0016721877488295271,1,False
Kodak,kodim15,0.1,0.05,hqs,1,1,0.0012069997993947406,0.0009440758391078509,21.783264621811448,21.783264621811448,21.783264621811448,1.0668068666419377,0.06771999163538218,1,True
Kodak,kodim15,0.1,0.05,hqs_round1,1,1,0.0012152840241959114,0.0009440758391078509,22.316444525591827,22.316444525591827,22.316444525591827,1.0965393808106718,0.06557330156599979,1,True
Kodak,kodim15,0.25,0.0,hqs,1,1,0.0002883664976295734,0.0002910266464960589,-0.9224888772976003,-0.9224888772976003,-0.9224888772976003,-0.039879522334494766,-0.0012529853477477593,0,False
Kodak,kodim15,0.25,0.0,hqs_round1,1,1,0.000289404401086945,0.0002910266464960589,-0.560546212504387,-0.560546212504387,-0.560546212504387,-0.02427623632081577,-0.0010676388006209958,0,False
Kodak,kodim15,0.5,0.0,hqs,1,1,0.00010395706177871322,0.00010294258251900316,0.975863729074522,0.975863729074522,0.975863729074522,0.042589370014965766,-0.0005674275360108005,1,False
Kodak,kodim15,0.5,0.0,hqs_round1,1,1,0.00010247461514889305,0.00010294258251900316,-0.45666662854031426,-0.45666662854031426,-0.45666662854031426,-0.019787632237978414,-0.0007860166168213167,0,False
Kodak,kodim16,0.01,0.0,hqs,1,1,0.0017452381887998205,0.0017611594267329938,-0.9122673360776101,-0.9122673360776101,-0.9122673360776101,-0.03943964180692916,-0.0024857875070404267,0,False
Kodak,kodim16,0.01,0.0,hqs_round1,1,1,0.0017360955201115075,0.0017611594267329938,-1.443693986369854,-1.443693986369854,-1.443693986369854,-0.062250552920648516,-0.0033744935133326326,0,False
Kodak,kodim16,0.04,0.0,hqs,1,1,0.0010720092611325232,0.0010661515706401066,0.5464216313045944,0.5464216313045944,0.5464216313045944,0.023795862165652437,-0.0004843458588830174,1,False
Kodak,kodim16,0.04,0.0,hqs_round1,1,1,0.0010764565975957146,0.0010661515706401066,0.9573100279773983,0.9573100279773983,0.9573100279773983,0.0417757284595659,-0.000627835137814281,1,False
Kodak,kodim16,0.1,0.0,hqs,1,1,0.0007715988998656457,0.0007608469787924913,1.3934598759830497,1.3934598759830497,1.3934598759830497,0.0609427932272375,-0.0002488311578034974,1,False
Kodak,kodim16,0.1,0.0,hqs_round1,1,1,0.000749741980155094,0.0007608469787924913,-1.4811760487388081,-1.4811760487388081,-1.4811760487388081,-0.06385491546522104,-0.003494373338460921,0,False
Kodak,kodim16,0.1,0.01,hqs,1,1,0.0008077070528379582,0.0007985664073534455,1.131678304949324,1.131678304949324,1.131678304949324,0.04944863544561784,-0.000322916813631835,1,False
Kodak,kodim16,0.1,0.01,hqs_round1,1,1,0.0007893201436496678,0.0007985664073534455,-1.1714212259964274,-1.1714212259964274,-1.1714212259964274,-0.050568724824747356,-0.003637265255014103,0,False
Kodak,kodim16,0.1,0.05,hqs,1,1,0.0014297796935134003,0.0011074158732951318,22.546397999689262,22.546397999689262,22.546397999689262,1.1093421491567383,0.08116258928376636,1,True
Kodak,kodim16,0.1,0.05,hqs_round1,1,1,0.0014045893129050787,0.0011074158732951318,21.15731886036568,21.15731886036568,21.15731886036568,1.0321476262627118,0.07601567727824143,1,True
Kodak,kodim16,0.25,0.0,hqs,1,1,0.00038052562510662704,0.00036837194207198546,3.1939197343768932,3.1939197343768932,3.1939197343768932,0.14097364356072006,0.0011149874520302028,1,False
Kodak,kodim16,0.25,0.0,hqs_round1,1,1,0.0003641181064435991,0.00036837194207198546,-1.1682570993061248,-1.1682570993061248,-1.1682570993061248,-0.05044268144890651,-0.0018359703640937752,0,False
Kodak,kodim16,0.5,0.0,hqs,1,1,0.00011066968862701306,0.00010885417616811888,1.6404785098952823,1.6404785098952823,1.6404785098952823,0.07183592730316946,-7.810042190559141e-05,1,False
Kodak,kodim16,0.5,0.0,hqs_round1,1,1,0.00010811870654039609,0.00010885417616811888,-0.6802427177095449,-0.6802427177095449,-0.6802427177095449,-0.029442538651494488,-0.0005240580787658766,0,False
Kodak,kodim17,0.01,0.0,hqs,1,1,0.004601047325843799,0.00453390825894299,1.4592126997627797,1.4592126997627797,1.4592126997627797,0.06383972213507505,0.004209632687891873,1,False
Kodak,kodim17,0.01,0.0,hqs_round1,1,1,0.004603880302633016,0.00453390825894299,1.519849324710032,1.519849324710032,1.519849324710032,0.06651295602766538,0.003959811335400909,1,False
Kodak,kodim17,0.04,0.0,hqs,1,1,0.002210827665141041,0.0022274257126149205,-0.750761705020575,-0.750761705020575,-0.750761705020575,-0.03248338217978741,-0.0011048727093861954,0,False
Kodak,kodim17,0.04,0.0,hqs_round1,1,1,0.0022069811858066958,0.0022274257126149205,-0.9263570953710554,-0.9263570953710554,-0.9263570953710554,-0.040045978155056616,-0.0013100596239677964,0,False
Kodak,kodim17,0.1,0.0,hqs,1,1,0.0011356696030013693,0.001112268891571237,2.0605210677725694,2.0605210677725694,2.0605210677725694,0.09042210890195079,0.001521371715307196,1,False
Kodak,kodim17,0.1,0.0,hqs_round1,1,1,0.001123553226728707,0.001112268891571237,1.004343620668957,1.004343620668957,1.004343620668957,0.043838604718672514,0.0010619224498271684,1,False
Kodak,kodim17,0.1,0.01,hqs,1,1,0.001173887763492535,0.0011538976843518478,1.7028952649794205,1.7028952649794205,1.7028952649794205,0.0746103991432759,0.0014491441350380867,1,False
Kodak,kodim17,0.1,0.01,hqs_round1,1,1,0.0011644588317329277,0.0011538976843518478,0.9069575577320244,0.9069575577320244,0.9069575577320244,0.03958407476735933,0.0010221914264361143,1,False
Kodak,kodim17,0.1,0.05,hqs,1,1,0.0018250456123692193,0.0016532239855131178,9.414648362297518,9.414648362297518,9.414648362297518,0.4294331233202608,0.025556132382338264,1,True
Kodak,kodim17,0.1,0.05,hqs_round1,1,1,0.001822463927498386,0.0016532239855131178,9.286326024437486,9.286326024437486,9.286326024437486,0.42326816258498096,0.023906595377773066,1,True
Kodak,kodim17,0.25,0.0,hqs,1,1,0.00042295810140016666,0.00040545485449963514,4.138293330376818,4.138293330376818,4.138293330376818,0.18354843332945592,0.0008312871589660764,1,False
Kodak,kodim17,0.25,0.0,hqs_round1,1,1,0.00040617733138137197,0.00040545485449963514,0.17787228038544933,0.17787228038544933,0.17787228038544933,0.007731773366629113,-0.00011743195247648774,1,False
Kodak,kodim17,0.5,0.0,hqs,1,1,0.00012265682629657293,0.00011658715128805285,4.948501597329901,4.948501597329901,4.948501597329901,0.22041032476791145,0.0004000608634948666,1,False
Kodak,kodim17,0.5,0.0,hqs_round1,1,1,0.000117767257843264,0.00011658715128805285,1.0020667686614249,1.0020667686614249,1.0020667686614249,0.04373872024615366,-4.3130455017137415e-05,1,False
Kodak,kodim18,0.01,0.0,hqs,1,1,0.006549022335518195,0.006468926383914886,1.2230215061096006,1.2230215061096006,1.2230215061096006,0.053442626804450555,-0.0008401802047323659,1,False
Kodak,kodim18,0.01,0.0,hqs_round1,1,1,0.006551681766959664,0.006468926383914886,1.2631166468145105,1.2631166468145105,1.2631166468145105,0.055205854806335,-0.0005519126013335818,1,False
Kodak,kodim18,0.04,0.0,hqs,1,1,0.0037701271903045537,0.0036970379053418985,1.9386424190307228,1.9386424190307228,1.9386424190307228,0.08502098588897411,0.0020614343058389384,1,False
Kodak,kodim18,0.04,0.0,hqs_round1,1,1,0.0037470627765264853,0.0036970379053418985,1.3350422495712722,1.3350422495712722,1.3350422495712722,0.05837065748421466,0.0009965276875066875,1,False
Kodak,kodim18,0.1,0.0,hqs,1,1,0.0022732130963022657,0.0022248265603306665,2.12855257830018,2.12855257830018,2.12855257830018,0.09343988848725715,0.0008604251964091647,1,False
Kodak,kodim18,0.1,0.0,hqs_round1,1,1,0.0022445647826841403,0.0022248265603306665,0.8793785996174308,0.8793785996174308,0.8793785996174308,0.03835983973485568,0.0008138855889141539,1,False
Kodak,kodim18,0.1,0.01,hqs,1,1,0.0022958057224570214,0.0022519376100115797,1.9107937582145684,1.9107937582145684,1.9107937582145684,0.08376504437186938,0.0007747167596618606,1,False
Kodak,kodim18,0.1,0.01,hqs_round1,1,1,0.0022714982593217956,0.0022519376100115797,0.8611342416813494,0.8611342416813494,0.8611342416813494,0.03755108502641136,0.0007866735479484058,1,False
Kodak,kodim18,0.1,0.05,hqs,1,1,0.0027238891414743563,0.0026397219207661277,3.089964985236937,3.089964985236937,3.089964985236937,0.13614513553289598,0.006190747596551953,1,False
Kodak,kodim18,0.1,0.05,hqs_round1,1,1,0.002724616409713474,0.0026397219207661277,3.1158326964739302,3.1158326964739302,3.1158326964739302,0.13735345704188617,0.005711940357875071,1,False
Kodak,kodim18,0.25,0.0,hqs,1,1,0.0010458197689359407,0.0010231229015523595,2.170246543214027,2.170246543214027,2.170246543214027,0.09529040949411893,0.0012567970590591226,1,False
Kodak,kodim18,0.25,0.0,hqs_round1,1,1,0.0010274097459691699,0.0010231229015523595,0.41724778586430533,0.41724778586430533,0.41724778586430533,0.0181587509917307,0.0001935609745978839,1,False
Kodak,kodim18,0.5,0.0,hqs,1,1,0.0003502955517019002,0.0003451988537049031,1.4549708017229768,1.4549708017229768,1.4549708017229768,0.06365277485043208,0.00014824314022054974,1,False
Kodak,kodim18,0.5,0.0,hqs_round1,1,1,0.0003449609906160817,0.0003451988537049031,-0.06895361947929501,-0.06895361947929501,-0.06895361947929501,-0.0029935856704454977,-0.00023540914058695073,0,False
Kodak,kodim19,0.01,0.0,hqs,1,1,0.008628451845631019,0.008395530897528694,2.6994523730263786,2.6994523730263786,2.6994523730263786,0.11884715428426063,0.004024066328136566,1,False
Kodak,kodim19,0.01,0.0,hqs_round1,1,1,0.008602960742352684,0.008395530897528694,2.411144849270397,2.411144849270397,2.411144849270397,0.10599776830302332,0.004068487886859318,1,False
Kodak,kodim19,0.04,0.0,hqs,1,1,0.004263806977337352,0.0040293396928971666,5.499012635572087,5.499012635572087,5.499012635572087,0.24563653875048885,0.005749038829072628,1,True
Kodak,kodim19,0.04,0.0,hqs_round1,1,1,0.004178206397745376,0.0040293396928971666,3.562933246393485,3.562933246393485,3.562933246393485,0.15756007669283179,0.0036105656694322974,1,False
Kodak,kodim19,0.1,0.0,hqs,1,1,0.002880136932139944,0.0022958648612404708,20.28626015587941,20.28626015587941,20.28626015587941,0.9846681506321175,0.022431523044478596,1,True
Kodak,kodim19,0.1,0.0,hqs_round1,1,1,0.0025711416893285936,0.0022958648612404708,10.70640444401204,10.70640444401204,10.70640444401204,0.49179689089482537,0.008387017867599655,1,True
Kodak,kodim19,0.1,0.01,hqs,1,1,0.0029371448669157653,0.0024203266148512185,17.5959401215115,17.5959401215115,17.5959401215115,0.8402196682450551,0.021189812348614834,1,True
Kodak,kodim19,0.1,0.01,hqs_round1,1,1,0.002657705028693481,0.0024203266148512185,8.931706539267715,8.931706539267715,8.931706539267715,0.40623577093952196,0.008099185840773737,1,True
Kodak,kodim19,0.1,0.05,hqs,1,1,0.004172182128206713,0.003246203324796177,22.194112695855395,22.194112695855395,22.194112695855395,1.0895478393510853,0.0980030783284701,1,True
Kodak,kodim19,0.1,0.05,hqs_round1,1,1,0.004047297481898666,0.003246203324796177,19.793310491391903,19.793310491391903,19.793310491391903,0.9572024613808914,0.09196459883343548,1,True
Kodak,kodim19,0.25,0.0,hqs,1,1,0.0009141858219347104,0.0006269315939739867,31.421864249961963,31.421864249961963,31.421864249961963,1.6381432506061877,0.01578251186932622,1,True
Kodak,kodim19,0.25,0.0,hqs_round1,1,1,0.000775211771837695,0.0006269315939739867,19.127699455878943,19.127699455878943,19.127699455878943,0.9220020250078136,0.006951617490917439,1,True
Kodak,kodim19,0.5,0.0,hqs,1,1,0.00024495232960704743,0.0001562255784356247,36.22204831191367,36.22204831191367,36.22204831191367,1.953294328015268,0.0039271305236816545,1,True
Kodak,kodim19,0.5,0.0,hqs_round1,1,1,0.00021627266448716613,0.0001562255784356247,27.764528723002215,27.764528723002215,27.764528723002215,1.4124948945343476,0.002279481604576139,1,True
Kodak,kodim20,0.01,0.0,hqs,1,1,0.0029063945465318763,0.002935951201030698,-1.016952585948494,-1.016952585948494,-1.016952585948494,-0.0439426285907345,-4.5195755793314696e-05,0,False
Kodak,kodim20,0.01,0.0,hqs_round1,1,1,0.0028925998308445148,0.002935951201030698,-1.498699188318997,-1.498699188318997,-1.498699188318997,-0.06460476348195598,-0.0009407948542962119,0,False
Kodak,kodim20,0.04,0.0,hqs,1,1,0.0011588649036794738,0.0011075592212399174,4.427235847479505,4.427235847479505,4.427235847479505,0.1966585315806526,0.0017965891323015182,1,False
Kodak,kodim20,0.04,0.0,hqs_round1,1,1,0.001110358849359055,0.0011075592212399174,0.25213723660181264,0.25213723660181264,0.25213723660181264,0.010964009044371892,-0.0003872140547335201,1,False
Kodak,kodim20,0.1,0.0,hqs,1,1,0.0005226097583983832,0.00048505197046007636,7.186583743366826,7.186583743366826,7.186583743366826,0.3238924161429608,0.0017606802301407543,1,True
Kodak,kodim20,0.1,0.0,hqs_round1,1,1,0.0004974769924646734,0.00048505197046007636,2.497607365325427,2.497607365325427,2.497607365325427,0.10984726913905973,0.000518867447614757,1,False
Kodak,kodim20,0.1,0.01,hqs,1,1,0.0007685344326532334,0.0007126562611754327,7.2707440426437175,7.2707440426437175,7.2707440426437175,0.327918644961058,0.008143016584118238,1,True
Kodak,kodim20,0.1,0.01,hqs_round1,1,1,0.0007768751698050154,0.0007126562611754327,8.266309843021592,8.266309843021592,8.266309843021592,0.37482535885894447,0.007330588156700142,1,True
Kodak,kodim20,0.1,0.05,hqs,1,1,0.004219091735946264,0.0016136742804186627,61.75304114223661,61.75304114223661,61.75304114223661,4.173520617391122,0.2560513533666197,1,True
Kodak,kodim20,0.1,0.05,hqs_round1,1,1,0.0044981893910593295,0.0016136742804186627,64.12613742707174,64.12613742707174,64.12613742707174,4.451144216181899,0.25737899827700067,1,True
Kodak,kodim20,0.25,0.0,hqs,1,1,0.00015695401410977238,0.00014827632158632493,5.52881209994307,5.52881209994307,5.52881209994307,0.24700623701735225,0.0005444387893677183,1,True
Kodak,kodim20,0.25,0.0,hqs_round1,1,1,0.00014979498753752373,0.00014827632158632493,1.013829618843809,1.013829618843809,1.013829618843809,0.04425477591309601,-0.0001966604833603114,1,False
Kodak,kodim20,0.5,0.0,hqs,1,1,5.429594487785331e-05,5.19544328056172e-05,4.312498985888691,4.312498985888691,4.312498985888691,0.19144787354941428,0.00027328042411800535,1,False
Kodak,kodim20,0.5,0.0,hqs_round1,1,1,5.31057653597243e-05,5.19544328056172e-05,2.167999173551649,2.167999173551649,2.167999173551649,0.09519064342109829,-9.420871738274883e-08,1,False
Kodak,kodim21,0.01,0.0,hqs,1,1,0.00526004771013859,0.005269918619671943,-0.1876581749311379,-0.1876581749311379,-0.1876581749311379,-0.008142253570650126,-0.00236307382904577,0,False
Kodak,kodim21,0.01,0.0,hqs_round1,1,1,0.00524418232734974,0.005269918619671943,-0.49075891560790286,-0.49075891560790286,-0.49075891560790286,-0.02126126070083245,-0.002868028865713468,0,False
Kodak,kodim21,0.04,0.0,hqs,1,1,0.002837723972499777,0.002818088704146229,0.6919372195404505,0.6919372195404505,0.6919372195404505,0.030154898841662003,3.229908256785485e-05,1,False
Kodak,kodim21,0.04,0.0,hqs_round1,1,1,0.0028199165206198593,0.002818088704146229,0.06481810579372915,0.06481810579372915,0.06481810579372915,0.0028159272813468306,-0.001227864120435962,1,False
Kodak,kodim21,0.1,0.0,hqs,1,1,0.00160431144162591,0.0015853394785722483,1.1825611013803194,1.1825611013803194,1.1825611013803194,0.051664061297696406,-0.0005666789193152777,1,False
Kodak,kodim21,0.1,0.0,hqs_round1,1,1,0.0015829367812093657,0.0015853394785722483,-0.15178732286749153,-0.15178732286749153,-0.15178732286749153,-0.006587041790943715,-0.0017873580069541761,0,False
Kodak,kodim21,0.1,0.01,hqs,1,1,0.001719333728516997,0.0016909262531689619,1.6522374264441253,1.6522374264441253,1.6522374264441253,0.07237020638107812,0.0004851726007461717,1,False
Kodak,kodim21,0.1,0.01,hqs_round1,1,1,0.0017035214939135441,0.0016909262531689619,0.7393649442982264,0.7393649442982264,0.7393649442982264,0.032236673973123686,-0.0014881734963655784,1,False
Kodak,kodim21,0.1,0.05,hqs,1,1,0.0028256715930348,0.002506666532092013,11.289530663404957,11.289530663404957,11.289530663404957,0.5201642198864841,0.08741831154925632,1,True
Kodak,kodim21,0.1,0.05,hqs_round1,1,1,0.0028294968852302193,0.002506666532092013,11.409461336513871,11.409461336513871,11.409461336513871,0.5259961348113542,0.0787410565239478,1,True
Kodak,kodim21,0.25,0.0,hqs,1,1,0.0006220409234298984,0.0006051911307569666,2.7087916627772657,2.7087916627772657,2.7087916627772657,0.11926402723828033,0.000502341487407687,1,False
Kodak,kodim21,0.25,0.0,hqs_round1,1,1,0.000602472761234566,0.0006051911307569666,-0.4512020621198154,-0.4512020621198154,-0.4512020621198154,-0.01955138155665992,-0.0008438389296532289,0,False
Kodak,kodim21,0.5,0.0,hqs,1,1,0.00019218158564823906,0.00018671920322352388,2.8423027140140777,2.8423027140140777,2.8423027140140777,0.12522786866502145,0.00015418422698976197,1,False
Kodak,kodim21,0.5,0.0,hqs_round1,1,1,0.00018878874258963796,0.00018671920322352388,1.0962196885926367,1.0962196885926367,1.0962196885926367,0.04787108433075815,-0.00016828395366674798,1,False
Kodak,kodim22,0.01,0.0,hqs,1,1,0.0034716398371463894,0.0034422948398530034,0.8452776978589704,0.8452776978589704,0.8452776978589704,0.03686597435239136,0.0009181274560297048,1,False
Kodak,kodim22,0.01,0.0,hqs_round1,1,1,0.0034620362137097213,0.0034422948398530034,0.570224360407956,0.570224360407956,0.570224360407956,0.024835405570851066,0.0014783946930692071,1,False
Kodak,kodim22,0.04,0.0,hqs,1,1,0.0018891151681460292,0.0018442795015402309,2.3733686204954862,2.3733686204954862,2.3733686204954862,0.10431695821971942,0.0013617561987872007,1,False
Kodak,kodim22,0.04,0.0,hqs_round1,1,1,0.0018866416734445131,0.0018442795015402309,2.2453745457101104,2.2453745457101104,2.2453745457101104,0.0986268393978591,0.001448959653287285,1,False
Kodak,kodim22,0.1,0.0,hqs,1,1,0.0010640417498058784,0.0010310103041698017,3.104337366659049,3.104337366659049,3.104337366659049,0.13695662955071342,0.0007448717391602688,1,False
Kodak,kodim22,0.1,0.0,hqs_round1,1,1,0.0010354160062858836,0.0010310103041698017,0.4255006769583902,0.4255006769583902,0.4255006769583902,0.018518686172225074,-0.0008072713246644048,1,False
Kodak,kodim22,0.1,0.01,hqs,1,1,0.0011241814896564423,0.001097084613469966,2.4103649131206883,2.4103649131206883,2.4103649131206883,0.10590579290186852,0.0009466871057413062,1,False
Kodak,kodim22,0.1,0.01,hqs_round1,1,1,0.0011064500570797803,0.001097084613469966,0.8464407001371854,0.8464407001371854,0.8464407001371854,0.03697208308343747,-0.00041843104010323245,1,False
Kodak,kodim22,0.1,0.05,hqs,1,1,0.0020493082987030433,0.001695710904951737,17.254475277101513,17.254475277101513,17.254475277101513,0.8224563842427651,0.0753102563759368,1,True
Kodak,kodim22,0.1,0.05,hqs_round1,1,1,0.0020432888992909857,0.001695710904951737,17.010712213033464,17.010712213033464,17.010712213033464,0.8097092318662705,0.07346604273543711,1,True
Kodak,kodim22,0.25,0.0,hqs,1,1,0.00044098666208942136,0.00044121669849652925,-0.05216402827650235,-0.05216402827650235,-0.05216402827650235,-0.002264864292548907,-0.0011395221624375118,0,False
Kodak,kodim22,0.25,0.0,hqs_round1,1,1,0.00043706993198444307,0.00044121669849652925,-0.9487649935694398,-0.9487649935694398,-0.9487649935694398,-0.041010101567380275,-0.0012441686325073142,0,False
Kodak,kodim22,0.5,0.0,hqs,1,1,0.00015425108824632347,0.00015115563105599862,2.0067652199521,2.0067652199521,2.0067652199521,0.08803905931090839,-0.00019660854148861873,1,False
Kodak,kodim22,0.5,0.0,hqs_round1,1,1,0.00015021027952808337,0.00015115563105599862,-0.6293520862122648,-0.6293520862122648,-0.6293520862122648,-0.027246764432966586,-0.0005472316455841231,0,False
Kodak,kodim23,0.01,0.0,hqs,1,1,0.002855239143515642,0.0028448522748463125,0.3637827918168801,0.3637827918168801,0.3637827918168801,0.015827692607622623,-0.001054623003060029,1,False
Kodak,kodim23,0.01,0.0,hqs_round1,1,1,0.002851913728845824,0.0028448522748463125,0.24760405366011096,0.24760405366011096,0.24760405366011096,0.01076664224894941,-0.0011848554706856973,1,False
Kodak,kodim23,0.04,0.0,hqs,1,1,0.0012072390318189669,0.001194362799416351,1.0665851636038504,1.0665851636038504,1.0665851636038504,0.046570003332000454,0.00081287085729842,1,False
Kodak,kodim23,0.04,0.0,hqs_round1,1,1,0.0011855869015884196,0.001194362799416351,-0.7402154845143505,-0.7402154845143505,-0.7402154845143505,-0.03202875483727752,0.0003536122751907067,0,False
Kodak,kodim23,0.1,0.0,hqs,1,1,0.0004721023419970153,0.0004519625753077935,4.2659747469223745,4.2659747469223745,4.2659747469223745,0.18933680265267583,0.0008806669664382927,1,False
Kodak,kodim23,0.1,0.0,hqs_round1,1,1,0.0004546737121510572,0.0004519625753077935,0.5962818546155435,0.5962818546155435,0.5962818546155435,0.025973707352505926,-0.00018650163412092802,1,False
Kodak,kodim23,0.1,0.01,hqs,1,1,0.0005664555516160654,0.0005515408022201881,2.632995537483296,2.632995537483296,2.632995537483296,0.11592454986357363,0.003152535755634308,1,False
Kodak,kodim23,0.1,0.01,hqs_round1,1,1,0.0005570195240651707,0.0005515408022201881,0.9835780629372737,0.9835780629372737,0.9835780629372737,0.04289618458152944,0.0017703317980766187,1,False
Kodak,kodim23,0.1,0.05,hqs,1,1,0.0016073047120861081,0.0011511157492093624,28.382232656100513,28.382232656100513,28.382232656100513,1.4499397279107302,0.13441207881479644,1,True
Kodak,kodim23,0.1,0.05,hqs_round1,1,1,0.0015957750939730967,0.0011511157492093624,27.8647878666059,27.8647878666059,27.8647878666059,1.4187001306951086,0.1310489850211224,1,True
Kodak,kodim23,0.25,0.0,hqs,1,1,0.0001331936228050401,0.00012322489917261203,7.484385079771894,7.484385079771894,7.484385079771894,0.33784960219186644,0.0008550610980988527,1,True
Kodak,kodim23,0.25,0.0,hqs_round1,1,1,0.0001253256445236136,0.00012322489917261203,1.676229441298227,1.676229441298227,1.676229441298227,0.07341475306314749,7.1497106552964595e-06,1,False
Kodak,kodim23,0.5,0.0,hqs,1,1,3.235261341805554e-05,3.095578372976909e-05,4.317517321512265,4.317517321512265,4.317517321512265,0.19167564547353066,4.0674935340878626e-05,1,False
Kodak,kodim23,0.5,0.0,hqs_round1,1,1,3.288071095777688e-05,3.095578372976909e-05,5.854274959199179,5.854274959199179,5.854274959199179,0.26199395597841146,-6.89556112288825e-05,1,True
Kodak,kodim24,0.01,0.0,hqs,1,1,0.006008705862587429,0.00590496312273208,1.7265404935410844,1.7265404935410844,1.7265404935410844,0.07563755272695971,-0.0029664418104948242,1,False
Kodak,kodim24,0.01,0.0,hqs_round1,1,1,0.005949686300488181,0.00590496312273208,0.7516896773605009,0.7516896773605009,0.7516896773605009,0.03276878255530846,-0.0033042780532406835,1,False
Kodak,kodim24,0.04,0.0,hqs,1,1,0.0033672122584679897,0.003313065560861749,1.6080571538093724,1.6080571538093724,1.6080571538093724,0.07040463770957928,0.002661777533899734,1,False
Kodak,kodim24,0.04,0.0,hqs_round1,1,1,0.003349401097380283,0.003313065560861749,1.0848368249163687,1.0848368249163687,1.0848368249163687,0.04737128236020993,0.0018575958676576576,1,False
Kodak,kodim24,0.1,0.0,hqs,1,1,0.0020624689109527868,0.001941842664846249,5.8486334250154925,5.8486334250154925,5.8486334250154925,0.2617337196523799,0.005498639357671142,1,True
Kodak,kodim24,0.1,0.0,hqs_round1,1,1,0.002000604236609401,0.001941842664846249,2.9371912089289687,2.9371912089289687,2.9371912089289687,0.12947145281057004,0.002172231048426121,1,False
Kodak,kodim24,0.1,0.01,hqs,1,1,0.0021496802216386655,0.00201959565665134,6.0513449246029865,6.0513449246029865,6.0513449246029865,0.2708407931803241,0.006472455793460304,1,True
Kodak,kodim24,0.1,0.01,hqs_round1,1,1,0.0020750562368456967,0.00201959565665134,2.6727266090225466,2.6727266090225466,2.6727266090225466,0.11762045149363942,0.0022347749123695637,1,False
Kodak,kodim24,0.1,0.05,hqs,1,1,0.0031319842813025546,0.0028521661895483767,8.93421124188417,8.93421124188417,8.93421124188417,0.4064684535851863,0.03443591378975234,1,True
Kodak,kodim24,0.1,0.05,hqs_round1,1,1,0.003127637785791256,0.0028521661895483767,8.80765661210312,8.80765661210312,8.80765661210312,0.40036257917866774,0.03283714903614717,1,True
Kodak,kodim24,0.25,0.0,hqs,1,1,0.0007674127163203275,0.000739482270962705,3.6395598826595266,3.6395598826595266,3.6395598826595266,0.1610122506954461,0.0013469849915505039,1,False
Kodak,kodim24,0.25,0.0,hqs_round1,1,1,0.00075042755883215,0.000739482270962705,1.458540233580774,1.458540233580774,1.458540233580774,0.06381008492964568,-4.6128957271518445e-05,1,False
Kodak,kodim24,0.5,0.0,hqs,1,1,0.0002005491245077489,0.00019072831084818617,4.896961621581786,4.896961621581786,4.896961621581786,0.2180560787959891,0.0008184619817733774,1,False
Kodak,kodim24,0.5,0.0,hqs_round1,1,1,0.0001912869363043103,0.00019072831084818617,0.29203534068601433,0.29203534068601433,0.29203534068601433,0.01270148915685354,-2.5904534339926677e-05,1,False
