image,dataset,sequence,cr,sigma,seed,reference,old_mse,new_mse,mse_reduction_percent,delta_psnr,delta_ssim
kodim01,Kodak,kodim01,0.01,0.0,2026,hqs_round1,0.007260659963113608,0.007272289618131329,-0.16017352522776918,-0.006950682723413593,-0.005178374978226263
kodim01,Kodak,kodim01,0.01,0.0,2026,hqs,0.007242006153599833,0.007272289618131329,-0.41816402650309836,-0.01812276782924016,-0.007223446741828732
kodim01,Kodak,kodim01,0.04,0.0,2026,hqs_round1,0.0051293198662524875,0.0049488824050679826,3.517765822554042,0.15552648407675207,0.0006584649789633246
kodim01,Kodak,kodim01,0.04,0.0,2026,hqs,0.0051915793371699786,0.0049488824050679826,4.674818900760447,0.2079236097875352,0.0029814177936692277
kodim01,Kodak,kodim01,0.1,0.0,2026,hqs_round1,0.0030088297186630962,0.0029351358408963436,2.4492538514109374,0.10769404414254424,0.0021301907505765216
kodim01,Kodak,kodim01,0.1,0.0,2026,hqs,0.0032209941917650284,0.0029351358408963436,8.874848380649858,0.4036173606884077,0.016715388600949233
kodim01,Kodak,kodim01,0.25,0.0,2026,hqs_round1,0.0014177579094228798,0.001413404903044366,0.30703453315847895,0.013354852863031397,-0.0014956385877131773
kodim01,Kodak,kodim01,0.25,0.0,2026,hqs,0.0014664439579439427,0.001413404903044366,3.6168484047587657,0.15998876976037124,0.003699817812204409
kodim01,Kodak,kodim01,0.5,0.0,2026,hqs_round1,0.0005615479072318868,0.0005586886229186542,0.5091790524743067,0.022169855429858387,-0.0007471422538757322
kodim01,Kodak,kodim01,0.5,0.0,2026,hqs,0.0005846293597090443,0.0005586886229186542,4.437125224655181,0.1971079403842424,0.00141515165328987
kodim01,Kodak,kodim01,0.1,0.01,2026,hqs_round1,0.00308036756109502,0.0029741722801435245,3.44748731588852,0.15236419651080624,0.0034909105119332873
kodim01,Kodak,kodim01,0.1,0.01,2026,hqs,0.0032857044015700033,0.0029741722801435245,9.48144091348022,0.43262367949236236,0.018671980301987356
kodim01,Kodak,kodim01,0.1,0.01,2027,hqs_round1,0.0030413811312590844,0.002971463273647319,2.2988850983901687,0.10100480366648057,0.0016300099165920123
kodim01,Kodak,kodim01,0.1,0.01,2027,hqs,0.0032629579875529126,0.002971463273647319,8.93344980283375,0.40641115150434715,0.016473957938270667
kodim01,Kodak,kodim01,0.1,0.01,2028,hqs_round1,0.0030531614941693257,0.0029823454235731895,2.3194341580481392,0.10191833283837681,0.0014351018199735277
kodim01,Kodak,kodim01,0.1,0.01,2028,hqs,0.0032562423666241615,0.0029823454235731895,8.411442153641923,0.3815877932974594,0.015885272986825627
kodim01,Kodak,kodim01,0.1,0.05,2026,hqs_round1,0.0041253480523682235,0.003793415674747977,8.046166612043681,0.3643016110198545,0.01768226261205652
kodim01,Kodak,kodim01,0.1,0.05,2026,hqs,0.004245128501381416,0.003793415674747977,10.640733878525621,0.48860406596821093,0.026170698291823058
kodim01,Kodak,kodim01,0.1,0.05,2027,hqs_round1,0.004032693016768911,0.003709837605911082,8.005950602124157,0.3624026392887316,0.01763231692113454
kodim01,Kodak,kodim01,0.1,0.05,2027,hqs,0.004134086676469157,0.003709837605911082,10.262220020031565,0.470246786671666,0.02531531707404311
kodim01,Kodak,kodim01,0.1,0.05,2028,hqs_round1,0.004051008967356214,0.003730181242041915,7.919699213198217,0.3583327072236884,0.01755812667738832
kodim01,Kodak,kodim01,0.1,0.05,2028,hqs,0.004153470260549099,0.003730181242041915,10.191213418035261,0.4668117137962646,0.02495470026625224
kodim02,Kodak,kodim02,0.01,0.0,2026,hqs_round1,0.0014524849541264026,0.00146455249319276,-0.8308202458190195,-0.03593300133541888,-0.00013006363169809632
kodim02,Kodak,kodim02,0.01,0.0,2026,hqs,0.0014621529886139047,0.00146455249319276,-0.16410762741934093,-0.007121262032462994,0.0013576466779481322
kodim02,Kodak,kodim02,0.04,0.0,2026,hqs_round1,0.0007437456808698164,0.0007599609841393743,-2.1802215040219064,-0.09366839801227655,-0.001482014405727372
kodim02,Kodak,kodim02,0.04,0.0,2026,hqs,0.000746783532620332,0.0007599609841393743,-1.7645610733816097,-0.07596563758444574,-0.0011728958672285739
kodim02,Kodak,kodim02,0.1,0.0,2026,hqs_round1,0.0004735351286269121,0.00047097766643044645,0.5400786640436639,0.023518885923678567,-0.000532541403889697
kodim02,Kodak,kodim02,0.1,0.0,2026,hqs,0.0004807456615965966,0.00047097766643044645,2.0318426033653303,0.08915060165865185,0.0010380145113467742
kodim02,Kodak,kodim02,0.25,0.0,2026,hqs_round1,0.00022663600603786634,0.00022963503478067927,-1.323279912686015,-0.05709239793255705,-0.001989291522025982
kodim02,Kodak,kodim02,0.25,0.0,2026,hqs,0.0002363697811724359,0.00022963503478067927,2.8492417086275146,0.12553805249751804,0.0009036310467720465
kodim02,Kodak,kodim02,0.5,0.0,2026,hqs_round1,8.326548805736756e-05,8.563449895579347e-05,-2.8451294211999656,-0.12183729034305912,-0.001547089447975214
kodim02,Kodak,kodim02,0.5,0.0,2026,hqs,8.55865911379764e-05,8.563449895579347e-05,-0.05597584525809385,-0.0024303199389166252,-0.00048156548595434945
kodim02,Kodak,kodim02,0.1,0.01,2026,hqs_round1,0.000506654948895059,0.000499055829403502,1.4998609029931664,0.06563156212846621,0.0003263192865848863
kodim02,Kodak,kodim02,0.1,0.01,2026,hqs,0.0005089278953606536,0.000499055829403502,1.9397769403376341,0.0850712318987803,0.0011710672918558984
kodim02,Kodak,kodim02,0.1,0.01,2027,hqs_round1,0.0005043840420371639,0.0004993606368516684,0.9959484771180249,0.0434703249308086,-0.00045485227739805456
kodim02,Kodak,kodim02,0.1,0.01,2027,hqs,0.0005105459988189114,0.0004993606368516684,2.1908627220894927,0.09620571756227037,0.001419925225019436
kodim02,Kodak,kodim02,0.1,0.01,2028,hqs_round1,0.0005039441220918816,0.0004973086833544501,1.3167012862234984,0.05756341658527475,-0.00017537712240212056
kodim02,Kodak,kodim02,0.1,0.01,2028,hqs,0.0005081707289350836,0.0004973086833544501,2.1374795835635507,0.09383603323119871,0.001120396389961309
kodim02,Kodak,kodim02,0.1,0.05,2026,hqs_round1,0.0008831651300538973,0.0007151457810431183,19.024681035643376,0.9164733261464022,0.05932650530147554
kodim02,Kodak,kodim02,0.1,0.05,2026,hqs,0.0008842403058486638,0.0007151457810431183,19.123141490734717,0.9217572634123918,0.06167964498949052
kodim02,Kodak,kodim02,0.1,0.05,2027,hqs_round1,0.0008946426157343171,0.000727180922119504,18.718278189482575,0.9000710519688795,0.06345286993145949
kodim02,Kodak,kodim02,0.1,0.05,2027,hqs,0.0008940011424707746,0.000727180922119504,18.659956058917903,0.8969559731913321,0.06562741698956487
kodim02,Kodak,kodim02,0.1,0.05,2028,hqs_round1,0.0009036231970900865,0.0007381962424864188,18.307072586935313,0.8781554100046804,0.06312697685778146
kodim02,Kodak,kodim02,0.1,0.05,2028,hqs,0.0009027807386926456,0.0007381962424864188,18.23083824811863,0.8741045435011223,0.06464444992852214
kodim03,Kodak,kodim03,0.01,0.0,2026,hqs_round1,0.0012629106424849425,0.001236191520739625,2.115677930525961,0.09286862680670183,0.0023507377373893634
kodim03,Kodak,kodim03,0.01,0.0,2026,hqs,0.0012777213435169455,0.001236191520739625,3.2503035961666815,0.14350389103332972,0.0030278425941737686
kodim03,Kodak,kodim03,0.04,0.0,2026,hqs_round1,0.0004617181111888292,0.00044811254954243296,2.9467247042496814,0.12989803718495097,0.0006278185302019956
kodim03,Kodak,kodim03,0.04,0.0,2026,hqs,0.0004974000508015075,0.00044811254954243296,9.909026181170056,0.4531871864403314,0.0034710483231544798
kodim03,Kodak,kodim03,0.1,0.0,2026,hqs_round1,0.00023943589543239636,0.00023834064822234779,0.45742815966280936,0.019911427597897102,-0.0006512046117782555
kodim03,Kodak,kodim03,0.1,0.0,2026,hqs,0.0002519712845532628,0.00023834064822234779,5.409599095818285,0.241529338504904,0.0007379126424789106
kodim03,Kodak,kodim03,0.25,0.0,2026,hqs_round1,8.408521261790426e-05,8.372084965382296e-05,0.4333258521174499,0.018859994836233795,-0.000428025777816754
kodim03,Kodak,kodim03,0.25,0.0,2026,hqs,8.84116075480711e-05,8.372084965382296e-05,5.305590548953298,0.2367566002766779,0.0009641542806625436
kodim03,Kodak,kodim03,0.5,0.0,2026,hqs_round1,2.2095644744021157e-05,2.20556040106252e-05,0.18121550133445297,0.007877228763909727,-0.00019641745567322566
kodim03,Kodak,kodim03,0.5,0.0,2026,hqs,2.3229211581921367e-05,2.20556040106252e-05,5.052291883249083,0.225155139628896,0.00018383462619786517
kodim03,Kodak,kodim03,0.1,0.01,2026,hqs_round1,0.00029577437302189056,0.0002929223072171606,0.9642707634169745,0.04208096201350031,0.0005365170412063858
kodim03,Kodak,kodim03,0.1,0.01,2026,hqs,0.0003064830049277191,0.0002929223072171606,4.424616534204451,0.19653950837106748,0.002298688522815673
kodim03,Kodak,kodim03,0.1,0.01,2027,hqs_round1,0.00029487038424709543,0.0002868350226410981,2.725048711322564,0.11998978001103922,0.0005520703415871075
kodim03,Kodak,kodim03,0.1,0.01,2027,hqs,0.0003096056144484941,0.0002868350226410981,7.354708940907829,0.3317664994491025,0.0028469250979423766
kodim03,Kodak,kodim03,0.1,0.01,2028,hqs_round1,0.0002925531648309046,0.00028562490707308386,2.36820468574499,0.10408724538165615,0.0007435917668342507
kodim03,Kodak,kodim03,0.1,0.01,2028,hqs,0.00030427343050632414,0.00028562490707308386,6.128870142295484,0.27467954819631046,0.0025102353057860904
kodim03,Kodak,kodim03,0.1,0.05,2026,hqs_round1,0.0008361517607413357,0.0005428748866184304,35.07459864258191,1.8758535695821763,0.12517201101732256
kodim03,Kodak,kodim03,0.1,0.05,2026,hqs,0.0008428803131588758,0.0005428748866184304,35.59288571067823,1.9106615863478744,0.12984347432875643
kodim03,Kodak,kodim03,0.1,0.05,2027,hqs_round1,0.0008563334574095497,0.0005653679987614787,33.978055642979974,1.803116897741063,0.12042428747820855
kodim03,Kodak,kodim03,0.1,0.05,2027,hqs,0.0008626106575272887,0.0005653679987614787,34.45849598216989,1.8348359683906068,0.12503165355825419
kodim03,Kodak,kodim03,0.1,0.05,2028,hqs_round1,0.000862159612298577,0.0005700568203213725,33.88036134033678,1.7966952849053506,0.12987049187278743
kodim03,Kodak,kodim03,0.1,0.05,2028,hqs,0.0008701502540602671,0.0005700568203213725,34.4875419318225,1.8367610526324754,0.13388930824410916
kodim04,Kodak,kodim04,0.01,0.0,2026,hqs_round1,0.002249915546901346,0.0022555054882571627,-0.24845116357878894,-0.010776715036186602,-2.3622305145964972e-05
kodim04,Kodak,kodim04,0.01,0.0,2026,hqs,0.0022475075998194295,0.0022555054882571627,-0.3558559018165486,-0.015427192414904312,0.0002743796453755776
kodim04,Kodak,kodim04,0.04,0.0,2026,hqs_round1,0.0007981563873026049,0.0008069025846446076,-1.09579995614153,-0.047331131205627486,-0.0011361712281108272
kodim04,Kodak,kodim04,0.04,0.0,2026,hqs,0.0008106981974829918,0.0008069025846446076,0.46819061028734454,0.02038100815303423,-0.00031086310911188075
kodim04,Kodak,kodim04,0.1,0.0,2026,hqs_round1,0.00040285139941112616,0.0004026449854113911,0.05123824815720379,0.002225819127779971,-0.0006260697674751459
kodim04,Kodak,kodim04,0.1,0.0,2026,hqs,0.0004086253545176992,0.0004026449854113911,1.4635335375521863,0.06403015669549461,-0.00012406519508367797
kodim04,Kodak,kodim04,0.25,0.0,2026,hqs_round1,0.0001775043999610069,0.00017911518063739343,-0.9074595766304316,-0.03923272611731221,-0.0006240335731505509
kodim04,Kodak,kodim04,0.25,0.0,2026,hqs,0.0001800137828980007,0.00017911518063739343,0.49918525467376185,0.021733630939664295,-9.885435295098333e-05
kodim04,Kodak,kodim04,0.5,0.0,2026,hqs_round1,6.638330533620978e-05,6.650474160557479e-05,-0.18293194162293247,-0.007937375494968535,-0.0003645198078155998
kodim04,Kodak,kodim04,0.5,0.0,2026,hqs,6.729789458691812e-05,6.650474160557479e-05,1.1785702750610527,0.0514886713188929,-0.0001404604492187822
kodim04,Kodak,kodim04,0.1,0.01,2026,hqs_round1,0.0004441653612795272,0.000438620372427201,1.248406412501979,0.05455887289627981,-1.765727138525186e-05
kodim04,Kodak,kodim04,0.1,0.01,2026,hqs,0.0004466575436493808,0.000438620372427201,1.7994034437463613,0.07885873920767494,0.0004975790996551988
kodim04,Kodak,kodim04,0.1,0.01,2027,hqs_round1,0.00044296122796353744,0.00044086428344741323,0.4733923385946581,0.020607984930421708,-0.00019967617177962804
kodim04,Kodak,kodim04,0.1,0.01,2027,hqs,0.0004438932392370705,0.00044086428344741323,0.6823613251833227,0.029736145573444617,0.0001558407459258948
kodim04,Kodak,kodim04,0.1,0.01,2028,hqs_round1,0.0004404777503835193,0.0004352915386066664,1.1774060715523782,0.05143750790394819,-0.00015050982999798013
kodim04,Kodak,kodim04,0.1,0.01,2028,hqs,0.00044274397514558646,0.0004352915386066664,1.683238385450525,0.07372434801154526,2.7477328777392174e-05
kodim04,Kodak,kodim04,0.1,0.05,2026,hqs_round1,0.0009889129008545001,0.0007494236435290904,24.217426743899473,1.2043065200439997,0.059496767908155945
kodim04,Kodak,kodim04,0.1,0.05,2026,hqs,0.0009827119939382753,0.0007494236435290904,23.73923915126631,1.176988661124632,0.06101614438462255
kodim04,Kodak,kodim04,0.1,0.05,2027,hqs_round1,0.0010146719893547533,0.0007731968547101248,23.79834440863855,1.180355928811121,0.062467242260157985
kodim04,Kodak,kodim04,0.1,0.05,2027,hqs,0.0010069635918277071,0.0007731968547101248,23.215013831163432,1.147236896228744,0.06431066053777923
kodim04,Kodak,kodim04,0.1,0.05,2028,hqs_round1,0.0009764818076613687,0.0007306858067834343,25.171590392104193,1.2593348511045264,0.0644414545791745
kodim04,Kodak,kodim04,0.1,0.05,2028,hqs,0.0009740231705420875,0.0007306858067834343,24.982707918870663,1.2483861674419394,0.06552159244632716
kodim05,Kodak,kodim05,0.01,0.0,2026,hqs_round1,0.01585837067211421,0.015629748235105215,1.4416514895254195,0.06306582359001567,0.0027554175348658005
kodim05,Kodak,kodim05,0.01,0.0,2026,hqs,0.01591133393447378,0.015629748235105215,1.7697177403742104,0.07754608028746901,0.0032200527852118133
kodim05,Kodak,kodim05,0.04,0.0,2026,hqs_round1,0.008210160752772843,0.00811650296737557,1.1407545871211178,0.04982708808212877,0.00416172133468351
kodim05,Kodak,kodim05,0.04,0.0,2026,hqs,0.008283919731228807,0.00811650296737557,2.0209848632659733,0.08866930289277164,0.005684803904735913
kodim05,Kodak,kodim05,0.1,0.0,2026,hqs_round1,0.004557372449246103,0.00454816049209193,0.20213307682800385,0.008787412115871973,-0.0008517773509622018
kodim05,Kodak,kodim05,0.1,0.0,2026,hqs,0.004582666748322961,0.00454816049209193,0.7529732822850188,0.03282495138466146,-0.0003428877516389317
kodim05,Kodak,kodim05,0.25,0.0,2026,hqs_round1,0.0018682187094029852,0.0018687587374596225,-0.028906040492970853,-0.0012551919835637193,-0.0023433939855098673
kodim05,Kodak,kodim05,0.25,0.0,2026,hqs,0.0019197173453386167,0.0018687587374596225,2.6544849429385953,0.11684052678502965,-0.0007915675408840528
kodim05,Kodak,kodim05,0.5,0.0,2026,hqs_round1,0.0005801311264354886,0.0005844593015557885,-0.7460684185131683,-0.03228106947528886,-0.0009324513263702094
kodim05,Kodak,kodim05,0.5,0.0,2026,hqs,0.0005996037360774649,0.0005844593015557885,2.525740520022346,0.1111005549859243,-9.357508373253332e-05
kodim05,Kodak,kodim05,0.1,0.01,2026,hqs_round1,0.004595837105740675,0.004588053918418599,0.1693529849514097,0.007361141603169585,-0.0010718058777451356
kodim05,Kodak,kodim05,0.1,0.01,2026,hqs,0.004622042899040149,0.004588053918418599,0.7353670522748268,0.032054589726968175,-0.0005460559327006287
kodim05,Kodak,kodim05,0.1,0.01,2027,hqs_round1,0.004584183198072675,0.004580859966349619,0.07249343186052082,0.0031494914683278807,-0.0012478405731991549
kodim05,Kodak,kodim05,0.1,0.01,2027,hqs,0.00460925645019949,0.004580859966349619,0.61607515564992,0.026838562060468973,-0.0006682786980346522
kodim05,Kodak,kodim05,0.1,0.01,2028,hqs_round1,0.004606478877949433,0.004591937505720796,0.315672178553672,0.013731152658479573,-0.0005854308013319987
kodim05,Kodak,kodim05,0.1,0.01,2028,hqs,0.004630315671224847,0.004591937505720796,0.8288455524221083,0.03614631131876678,-8.645074778790285e-05
kodim05,Kodak,kodim05,0.1,0.05,2026,hqs_round1,0.005312064244002036,0.005238829404585843,1.378651237113404,0.0602906227665585,-0.0011167160189784475
kodim05,Kodak,kodim05,0.1,0.05,2026,hqs,0.005343771977913485,0.005238829404585843,1.9638295526340555,0.08613661782059623,-0.00029144085448606916
kodim05,Kodak,kodim05,0.1,0.05,2027,hqs_round1,0.005297994432354978,0.005218240192702038,1.5053666188450165,0.06587432004370797,-9.593053600376322e-07
kodim05,Kodak,kodim05,0.1,0.05,2027,hqs,0.005315389985072168,0.005218240192702038,1.827707706169579,0.08011068240022823,0.0005326627747062052
kodim05,Kodak,kodim05,0.1,0.05,2028,hqs_round1,0.0053833685381695804,0.005272954804999169,2.051015686322566,0.09000063081723297,0.0010553955378383995
kodim05,Kodak,kodim05,0.1,0.05,2028,hqs,0.0053954802037253745,0.005272954804999169,2.2708895983272526,0.0997605446211125,0.001520535165339676
kodim06,Kodak,kodim06,0.01,0.0,2026,hqs_round1,0.003757352701486351,0.0038631861084361427,-2.8167014214003805,-0.12063666663252093,-0.0009945737263558074
kodim06,Kodak,kodim06,0.01,0.0,2026,hqs,0.003819346137163081,0.0038631861084361427,-1.1478397007929964,-0.04956611614546702,0.00012711958119671074
kodim06,Kodak,kodim06,0.04,0.0,2026,hqs_round1,0.002377038031465019,0.0023910588775645047,-0.589845257580679,-0.02554140051947229,-0.0034046455204281845
kodim06,Kodak,kodim06,0.04,0.0,2026,hqs,0.002379821778087737,0.0023910588775645047,-0.4721823953471427,-0.0204583584132223,-0.0031148610280584688
kodim06,Kodak,kodim06,0.1,0.0,2026,hqs_round1,0.0016179792584457497,0.001611568988346599,0.39618988103150565,0.017240483032654907,-0.0014827677395008454
kodim06,Kodak,kodim06,0.1,0.0,2026,hqs,0.0016329085525087401,0.001611568988346599,1.3068437990208182,0.05712962094303009,0.0006880543815492857
kodim06,Kodak,kodim06,0.25,0.0,2026,hqs_round1,0.0007761619591185991,0.0007807756920378647,-0.5944291478166219,-0.025739304480040914,-0.0023634701380730316
kodim06,Kodak,kodim06,0.25,0.0,2026,hqs,0.0007896404368408736,0.0007807756920378647,1.1226305530241398,0.04903096157558906,-0.00030498076677332175
kodim06,Kodak,kodim06,0.5,0.0,2026,hqs_round1,0.0002295091998504251,0.00022986970956455818,-0.15707854603128624,-0.006816482361450937,-0.0010056470012664853
kodim06,Kodak,kodim06,0.5,0.0,2026,hqs,0.0002366884251749579,0.00022986970956455818,2.8808825802780214,0.12695272948041492,0.00036280142116551506
kodim06,Kodak,kodim06,0.1,0.01,2026,hqs_round1,0.0017150397852877277,0.0016995417073536049,0.9036570502370389,0.03942372417285256,-0.0021623825610280756
kodim06,Kodak,kodim06,0.1,0.01,2026,hqs,0.001717103730422101,0.0016995417073536049,1.0227700724975475,0.04464704940244957,-0.0007427608802914598
kodim06,Kodak,kodim06,0.1,0.01,2027,hqs_round1,0.001728117795425552,0.0016990726289568595,1.6807399672393308,0.07361398682404996,-0.0002677919228970538
kodim06,Kodak,kodim06,0.1,0.01,2027,hqs,0.0017249189357461843,0.0016990726289568595,1.4984070412644601,0.06556746075030162,0.0008149898923821564
kodim06,Kodak,kodim06,0.1,0.01,2028,hqs_round1,0.0017190509348210218,0.0016974820100176895,1.2546995767509284,0.05483564550292286,-0.0025762600786461975
kodim06,Kodak,kodim06,0.1,0.01,2028,hqs,0.0017161167169836172,0.0016974820100176895,1.0858647772327257,0.04741641561622956,-0.0011503276023044906
kodim06,Kodak,kodim06,0.1,0.05,2026,hqs_round1,0.002946012405612364,0.0023315962044004406,20.85585926391269,1.0158123165666808,0.08148584109914492
kodim06,Kodak,kodim06,0.1,0.05,2026,hqs,0.0029272065319582313,0.0023315962044004406,20.347396777614513,0.9880002593137078,0.08502849641254173
kodim06,Kodak,kodim06,0.1,0.05,2027,hqs_round1,0.0029795907840237425,0.0023843395071784816,19.97761840441099,0.9678852745801088,0.07835502905156366
kodim06,Kodak,kodim06,0.1,0.05,2027,hqs,0.0029570034647084732,0.0023843395071784816,19.366360721746734,0.9348373852886489,0.08126381733555932
kodim06,Kodak,kodim06,0.1,0.05,2028,hqs_round1,0.0029262088711528547,0.0023398577762171508,20.037909826467583,0.9711586214062464,0.08217752983493354
kodim06,Kodak,kodim06,0.1,0.05,2028,hqs,0.0029109988898401,0.0023398577762171508,19.620107572570113,0.9485257936076508,0.08530103573246484
kodim07,Kodak,kodim07,0.01,0.0,2026,hqs_round1,0.005151333683943461,0.005126902672394461,0.4742657542288642,0.02064609747777979,0.002938925409499471
kodim07,Kodak,kodim07,0.01,0.0,2026,hqs,0.005185262837177687,0.005126902672394461,1.12550060847042,0.0491570235188199,0.004792299383334031
kodim07,Kodak,kodim07,0.04,0.0,2026,hqs_round1,0.0022206998674442506,0.0021835236243405937,1.6740777828046616,0.0733197157002543,0.004003247960541412
kodim07,Kodak,kodim07,0.04,0.0,2026,hqs,0.002321993466039401,0.0021835236243405937,5.963403589373318,0.2670309825013568,0.012328451725882483
kodim07,Kodak,kodim07,0.1,0.0,2026,hqs_round1,0.0006457029284668629,0.0006520363852739343,-0.9808623327927979,-0.04239075061927622,-0.0007919831936359367
kodim07,Kodak,kodim07,0.1,0.0,2026,hqs,0.0006830267377863219,0.0006520363852739343,4.5372092771692625,0.2016587378487813,0.002287951190233173
kodim07,Kodak,kodim07,0.25,0.0,2026,hqs_round1,0.0001619074420040246,0.0001598995720775512,1.240134425953976,0.054195098750767556,0.00014335615158078685
kodim07,Kodak,kodim07,0.25,0.0,2026,hqs,0.00016874681270871204,0.0001598995720775512,5.24290828913776,0.23388277131490298,0.0006012980079651564
kodim07,Kodak,kodim07,0.5,0.0,2026,hqs_round1,3.45343517837694e-05,3.4587955698050265e-05,-0.15521911231026753,-0.006735854081114212,5.5714473723433855e-06
kodim07,Kodak,kodim07,0.5,0.0,2026,hqs,3.648430394791625e-05,3.4587955698050265e-05,5.197709822210528,0.23181171105363774,0.0001706758518218443
kodim07,Kodak,kodim07,0.1,0.01,2026,hqs_round1,0.0007445228576960098,0.000747613032693171,-0.4150544157534686,-0.01798827944131176,-0.00014756215167044395
kodim07,Kodak,kodim07,0.1,0.01,2026,hqs,0.0007656488345535057,0.000747613032693171,2.3556232369702945,0.10352762218476386,0.002270784032344819
kodim07,Kodak,kodim07,0.1,0.01,2027,hqs_round1,0.0007264596483893891,0.000734198212363766,-1.0652434710632486,-0.04601826570672074,-0.00061590211033824
kodim07,Kodak,kodim07,0.1,0.01,2027,hqs,0.0007437843682211346,0.000734198212363766,1.288835348919104,0.05633724005747354,0.0014636508294343376
kodim07,Kodak,kodim07,0.1,0.01,2028,hqs_round1,0.0007282224575124784,0.0007321621103591401,-0.5409957913299124,-0.023431823097812554,-0.00030063038372996065
kodim07,Kodak,kodim07,0.1,0.01,2028,hqs,0.0007610753028825776,0.0007321621103591401,3.7989923485795107,0.16820378948052905,0.0028556949414014765
kodim07,Kodak,kodim07,0.1,0.05,2026,hqs_round1,0.0017633883690033527,0.0014590556956843718,17.258403121428458,0.8227610165588537,0.05900412855942916
kodim07,Kodak,kodim07,0.1,0.05,2026,hqs,0.0017496971149977751,0.0014590556956843718,16.610956080462703,0.7889100545159735,0.0615953373802155
kodim07,Kodak,kodim07,0.1,0.05,2027,hqs_round1,0.0017856348870301827,0.0014117375778059645,20.939180340840768,1.020386874430276,0.06520239530147054
kodim07,Kodak,kodim07,0.1,0.05,2027,hqs,0.0017363960950062016,0.0014117375778059645,18.69726142174246,0.8989482550809136,0.06494571266876903
kodim07,Kodak,kodim07,0.1,0.05,2028,hqs_round1,0.0018156361579895238,0.0014455099652810346,20.385482580294866,0.9900773301104344,0.066012740528129
kodim07,Kodak,kodim07,0.1,0.05,2028,hqs,0.0017803343227471584,0.0014455099652810346,18.806824829926917,0.904804745832724,0.06844109907110774
kodim08,Kodak,kodim08,0.01,0.0,2026,hqs_round1,0.02057870234485853,0.020649713904613058,-0.3450730690619519,-0.014960535405077025,-0.00012881384111129712
kodim08,Kodak,kodim08,0.01,0.0,2026,hqs,0.020544812349930358,0.020649713904613058,-0.5105987482190599,-0.02211860116390696,0.0006915846873001841
kodim08,Kodak,kodim08,0.04,0.0,2026,hqs_round1,0.010474686648437937,0.009641341113428804,7.955803958425889,0.36003591261938084,0.020365626446284035
kodim08,Kodak,kodim08,0.04,0.0,2026,hqs,0.010561929125639384,0.009641341113428804,8.716097232425335,0.3960580029242493,0.02253534035942284
kodim08,Kodak,kodim08,0.1,0.0,2026,hqs_round1,0.004971892110118079,0.004842628425901742,2.5998891639920862,0.11440548917696347,0.0033148223042879232
kodim08,Kodak,kodim08,0.1,0.0,2026,hqs,0.005174556670947788,0.004842628425901742,6.414621892337868,0.2879200065520138,0.009252749672337468
kodim08,Kodak,kodim08,0.25,0.0,2026,hqs_round1,0.001833382405268591,0.0018370581555591811,-0.20049010397542588,-0.00869845772060529,-0.003477602997541407
kodim08,Kodak,kodim08,0.25,0.0,2026,hqs,0.0018981616256853607,0.0018370581555591811,3.219086788993386,0.14210284266764361,-0.0006957802534103275
kodim08,Kodak,kodim08,0.5,0.0,2026,hqs_round1,0.000502902310851842,0.0005160103074205327,-2.6064697428985095,-0.11174745620384385,-0.0036174661717415235
kodim08,Kodak,kodim08,0.5,0.0,2026,hqs,0.0005290318342019224,0.0005160103074205327,2.461388131970066,0.10823429412327812,-0.000268823926925732
kodim08,Kodak,kodim08,0.1,0.01,2026,hqs_round1,0.0050791651639975205,0.004951760793002173,2.5083722793348695,0.11032678566461485,0.0030493339694729338
kodim08,Kodak,kodim08,0.1,0.01,2026,hqs,0.005270089268800391,0.004951760793002173,6.040286218352387,0.2705831483228174,0.009018374222916736
kodim08,Kodak,kodim08,0.1,0.01,2027,hqs_round1,0.005083729242555945,0.004941817938349705,2.79148037661604,0.12295670636703093,0.003261292171046093
kodim08,Kodak,kodim08,0.1,0.01,2027,hqs,0.00529064804966982,0.004941817938349705,6.593334276731655,0.29622130370144006,0.009709521744592386
kodim08,Kodak,kodim08,0.1,0.01,2028,hqs_round1,0.005077012596751372,0.0049659954103771385,2.1866635990871908,0.09601927109579833,0.0028982695507858702
kodim08,Kodak,kodim08,0.1,0.01,2028,hqs,0.0052456344834461615,0.0049659954103771385,5.330891314510955,0.23791711768183177,0.008196625834657523
kodim08,Kodak,kodim08,0.1,0.05,2026,hqs_round1,0.007226274558341626,0.0066633831710723405,7.789510109597398,0.3521967067761942,0.020453694750852014
kodim08,Kodak,kodim08,0.1,0.05,2026,hqs,0.007200991185483769,0.0066633831710723405,7.46575020804322,0.33697491665748913,0.023154399813292592
kodim08,Kodak,kodim08,0.1,0.05,2027,hqs_round1,0.007421393588695143,0.006665279378319374,10.188304950266247,0.46667106931168334,0.02619971817110256
kodim08,Kodak,kodim08,0.1,0.05,2027,hqs,0.007366608153120798,0.006665279378319374,9.520375730916442,0.4344921155521959,0.02966852770416628
kodim08,Kodak,kodim08,0.1,0.05,2028,hqs_round1,0.007256343280430889,0.006833106116332684,5.832650795885064,0.2609965472873732,0.020575118231604073
kodim08,Kodak,kodim08,0.1,0.05,2028,hqs,0.007251429007243719,0.006833106116332684,5.768833846310251,0.25805434256143656,0.023576465167104432
kodim09,Kodak,kodim09,0.01,0.0,2026,hqs_round1,0.0044461170638379855,0.0043067719502854675,3.134085575160994,0.1382901739093576,0.006483825984755609
kodim09,Kodak,kodim09,0.01,0.0,2026,hqs,0.004469973410380546,0.0043067719502854675,3.6510610939223587,0.16153063881105467,0.006834479428756035
kodim09,Kodak,kodim09,0.04,0.0,2026,hqs_round1,0.0013275087614930477,0.001277959741033065,3.732481614980454,0.16520223423053437,0.0025542170926630137
kodim09,Kodak,kodim09,0.04,0.0,2026,hqs,0.0013510811830294547,0.001277959741033065,5.412068713179297,0.24164272793803576,0.003553481356225907
kodim09,Kodak,kodim09,0.1,0.0,2026,hqs_round1,0.0004617740236883017,0.00045911739912224105,0.5753083607521914,0.025057472826986782,0.0003685272006987983
kodim09,Kodak,kodim09,0.1,0.0,2026,hqs,0.0004675068239308214,0.00045911739912224105,1.7945031770962405,0.07864202915251894,0.000934011729717299
kodim09,Kodak,kodim09,0.25,0.0,2026,hqs_round1,0.00014863718324026638,0.00014939509026124824,-0.509904052579313,-0.02208858407821168,-8.387011623378626e-05
kodim09,Kodak,kodim09,0.25,0.0,2026,hqs,0.00014997423020804665,0.00014939509026124824,0.3861596395560829,0.01680316450007524,0.0002869091005325286
kodim09,Kodak,kodim09,0.5,0.0,2026,hqs_round1,4.240792714064191e-05,4.2856674887325134e-05,-1.0581694908005979,-0.04571427414538931,-0.00045085827636726084
kodim09,Kodak,kodim09,0.5,0.0,2026,hqs,4.2747764095584116e-05,4.2856674887325134e-05,-0.25477541117120417,-0.011050684276419531,-0.0003531454887391039
kodim09,Kodak,kodim09,0.1,0.01,2026,hqs_round1,0.000590509233031981,0.0005718935544847184,3.1524788277534688,0.13911490639159751,0.004050762022972165
kodim09,Kodak,kodim09,0.1,0.01,2026,hqs,0.0005866432797409986,0.0005718935544847184,2.514257942713005,0.11058898133698136,0.005078383827209487
kodim09,Kodak,kodim09,0.1,0.01,2027,hqs_round1,0.0006066497352253454,0.0005850034093732079,3.568175274006624,0.15779615246943735,0.0043949741842745915
kodim09,Kodak,kodim09,0.1,0.01,2027,hqs,0.000601406064226336,0.0005850034093732079,2.7273843462534586,0.1200940581963934,0.005533439538717211
kodim09,Kodak,kodim09,0.1,0.01,2028,hqs_round1,0.0005908778711005959,0.0005701356840537817,3.5104017363484785,0.15519501787628087,0.004061369027137718
kodim09,Kodak,kodim09,0.1,0.01,2028,hqs,0.0005858768374866195,0.0005701356840537817,2.6867683488506766,0.11828104825250563,0.00527949884986878
kodim09,Kodak,kodim09,0.1,0.05,2026,hqs_round1,0.0019042142015596464,0.0013384246401567917,29.712495628876457,1.5312187647411406,0.1843277282472402
kodim09,Kodak,kodim09,0.1,0.05,2026,hqs,0.0019058559745587114,0.0013384246401567917,29.77304381740099,1.5349615461871693,0.1870549347839654
kodim09,Kodak,kodim09,0.1,0.05,2027,hqs_round1,0.0019516891157384366,0.0013624464984150779,30.191417914446596,1.5609118306041374,0.18400074672058775
kodim09,Kodak,kodim09,0.1,0.05,2027,hqs,0.0019419709302113263,0.0013624464984150779,29.842075531644763,1.5392326749369012,0.18656054805677003
kodim09,Kodak,kodim09,0.1,0.05,2028,hqs_round1,0.0018600844808260716,0.0013174823251215241,29.170833975431886,1.4978787175604253,0.17830050900585903
kodim09,Kodak,kodim09,0.1,0.05,2028,hqs,0.0018586974958180681,0.0013174823251215241,29.117980301487368,1.49463916242021,0.18013813701529746
kodim10,Kodak,kodim10,0.01,0.0,2026,hqs_round1,0.0033152065989816367,0.0033238377735691268,-0.26035103182231456,-0.01129220832755351,0.0021589995553239483
kodim10,Kodak,kodim10,0.01,0.0,2026,hqs,0.0033321820325874353,0.0033238377735691268,0.25041426118695975,0.010888992674914277,0.002247354673153956
kodim10,Kodak,kodim10,0.04,0.0,2026,hqs_round1,0.0013298452153177101,0.0013196026980125022,0.7702037189915356,0.033579002511455514,0.0001159319863319741
kodim10,Kodak,kodim10,0.04,0.0,2026,hqs,0.0013645273751829716,0.0013196026980125022,3.292325092741022,0.14539058103091307,0.002426528483947754
kodim10,Kodak,kodim10,0.1,0.0,2026,hqs_round1,0.0005977235555419849,0.0005924900227935366,0.8755774638499636,0.038193297131194015,0.0004658750591277627
kodim10,Kodak,kodim10,0.1,0.0,2026,hqs,0.0006313170382990836,0.0005924900227935366,6.150161194786707,0.27566468978346137,0.0037459196209906898
kodim10,Kodak,kodim10,0.25,0.0,2026,hqs_round1,0.00014735896513397244,0.00014769596833610156,-0.22869541858057119,-0.00992077597154406,-0.0004770752353667751
kodim10,Kodak,kodim10,0.25,0.0,2026,hqs,0.0001533314110678319,0.00014769596833610156,3.6753348139718756,0.16262491872326024,6.408127403256803e-05
kodim10,Kodak,kodim10,0.5,0.0,2026,hqs_round1,3.8901866410194077e-05,3.953234519264059e-05,-1.6206903180390864,-0.06982140783850355,-0.0005585974645614389
kodim10,Kodak,kodim10,0.5,0.0,2026,hqs,3.935116521299218e-05,3.953234519264059e-05,-0.4604183349279589,-0.01994982306235471,-0.00044795347023007803
kodim10,Kodak,kodim10,0.1,0.01,2026,hqs_round1,0.0007246327921549715,0.0007139462274632737,1.4747558773757996,0.06452480380377423,0.002919598188877104
kodim10,Kodak,kodim10,0.1,0.01,2026,hqs,0.0007433119915848321,0.0007139462274632737,3.9506646541443535,0.17505636076894504,0.005666268172502487
kodim10,Kodak,kodim10,0.1,0.01,2027,hqs_round1,0.0007107448486165619,0.0007012214451160453,1.3399187513006394,0.058585312228814246,0.00306413887608048
kodim10,Kodak,kodim10,0.1,0.01,2027,hqs,0.0007404263389097516,0.0007012214451160453,5.294908046009539,0.2362666990834903,0.007108179989039898
kodim10,Kodak,kodim10,0.1,0.01,2028,hqs_round1,0.0007266967436311154,0.000714751662877374,1.6437504169971917,0.07198039677727408,0.0030474588308334605
kodim10,Kodak,kodim10,0.1,0.01,2028,hqs,0.0007524058077230893,0.000714751662877374,5.0044994947159305,0.2229696473224898,0.006388389952421192
kodim10,Kodak,kodim10,0.1,0.05,2026,hqs_round1,0.0018647282583296708,0.001335652456443237,28.372809792690813,1.449220850188894,0.14957250870453753
kodim10,Kodak,kodim10,0.1,0.05,2026,hqs,0.0018627432702981474,0.001335652456443237,28.2964819822189,1.4445953584924212,0.15236175115592787
kodim10,Kodak,kodim10,0.1,0.05,2027,hqs_round1,0.0018416169257808545,0.0013525449801595792,26.55666000755865,1.3404758089037614,0.13891704185587916
kodim10,Kodak,kodim10,0.1,0.05,2027,hqs,0.0018375138646109586,0.0013525449801595792,26.392665317606067,1.3307890776334332,0.14131473745463785
kodim10,Kodak,kodim10,0.1,0.05,2028,hqs_round1,0.001861607984242334,0.0013748313803877824,26.14817985176764,1.316387966202452,0.14464692999863626
kodim10,Kodak,kodim10,0.1,0.05,2028,hqs,0.0018533711742554759,0.0013748313803877824,25.81996528892435,1.2971296778787362,0.14677435841420017
kodim11,Kodak,kodim11,0.01,0.0,2026,hqs_round1,0.005814097632298004,0.005805396874556523,0.1496493229344309,0.006504055369234152,-0.0005108493066460218
kodim11,Kodak,kodim11,0.01,0.0,2026,hqs,0.00577998067799284,0.005805396874556523,-0.4397280541170945,-0.019055281671672475,-0.004118378492636743
kodim11,Kodak,kodim11,0.04,0.0,2026,hqs_round1,0.0027606307335278986,0.002757391422341399,0.11733953212786918,0.005098983278173819,-0.0010464496674842394
kodim11,Kodak,kodim11,0.04,0.0,2026,hqs,0.0027734761902204383,0.002757391422341399,0.579949737291996,0.025260216354503484,-0.002370840472713076
kodim11,Kodak,kodim11,0.1,0.0,2026,hqs_round1,0.0015856771281714313,0.0015737945217477547,0.749371118026998,0.03266732735070477,-0.0004796701292991701
kodim11,Kodak,kodim11,0.1,0.0,2026,hqs,0.0016003047884944703,0.0015737945217477547,1.656576105833929,0.07254675520561804,0.00047731489849089925
kodim11,Kodak,kodim11,0.25,0.0,2026,hqs_round1,0.0006801569350900193,0.0006781393281199902,0.29663844709046927,0.012901989674993786,-0.0009975111093520894
kodim11,Kodak,kodim11,0.25,0.0,2026,hqs,0.0006852045415405126,0.0006781393281199902,1.031110127296897,0.045013011592956786,-0.00048072485065453474
kodim11,Kodak,kodim11,0.5,0.0,2026,hqs_round1,0.00021122155129509916,0.00021155180594554357,-0.1563546183708464,-0.006785091776876584,-0.0009249878673552869
kodim11,Kodak,kodim11,0.5,0.0,2026,hqs,0.00021509584448069235,0.00021155180594554357,1.6476555108282942,0.07215283059598221,-0.00022071938991541362
kodim11,Kodak,kodim11,0.1,0.01,2026,hqs_round1,0.001644172378341341,0.0016253074032361728,1.147384261752371,0.05011834335568821,-0.0004948690935372424
kodim11,Kodak,kodim11,0.1,0.01,2026,hqs,0.0016535846324077677,0.0016253074032361728,1.7100563598260288,0.07490913958254097,0.00025070524036885367
kodim11,Kodak,kodim11,0.1,0.01,2027,hqs_round1,0.0016555848552447332,0.001636923370475613,1.1271838293278824,0.04923095762287133,-0.0001577836716175618
kodim11,Kodak,kodim11,0.1,0.01,2027,hqs,0.0016629450334135086,0.001636923370475613,1.5647939297477098,0.06849545192038775,0.00036166633069512066
kodim11,Kodak,kodim11,0.1,0.01,2028,hqs_round1,0.0016449377816899543,0.0016223259970221194,1.3746285676899173,0.06011348186083154,-0.00022504200625417248
kodim11,Kodak,kodim11,0.1,0.01,2028,hqs,0.0016511052139701718,0.0016223259970221194,1.7430274403198887,0.07636621240078512,0.00020183456349365247
kodim11,Kodak,kodim11,0.1,0.05,2026,hqs_round1,0.002377234624128487,0.002182844667983607,8.177146427696213,0.3704921482148613,0.03497295814967161
kodim11,Kodak,kodim11,0.1,0.05,2026,hqs,0.002384026770182806,0.002182844667983607,8.438751809140655,0.38288295522312765,0.03658363804543019
kodim11,Kodak,kodim11,0.1,0.05,2027,hqs_round1,0.0024769645042243874,0.002240896949503149,9.530518274227685,0.43497897627172577,0.03818730500555789
kodim11,Kodak,kodim11,0.1,0.05,2027,hqs,0.002477192933555682,0.002240896949503149,9.538860734329702,0.43537947060159965,0.03915234218131758
kodim11,Kodak,kodim11,0.1,0.05,2028,hqs_round1,0.0024385439734819474,0.0021958279663535705,9.953316805757972,0.45532279479286686,0.03791627189959579
kodim11,Kodak,kodim11,0.1,0.05,2028,hqs,0.002437144544319469,0.0021958279663535705,9.90161123304576,0.4528297545687039,0.03904335308269413
kodim12,Kodak,kodim12,0.01,0.0,2026,hqs_round1,0.0024383104449164747,0.002378168693452856,2.4665338078260546,0.10846341339576782,0.001554631797086481
kodim12,Kodak,kodim12,0.01,0.0,2026,hqs,0.0025304225139656878,0.002378168693452856,6.016932732479496,0.2695038528007032,0.0031282547589464027
kodim12,Kodak,kodim12,0.04,0.0,2026,hqs_round1,0.0009387261709458644,0.0008431138903070738,10.185321726191066,0.46652681457555545,0.00251103951609144
kodim12,Kodak,kodim12,0.04,0.0,2026,hqs,0.0010733108075082008,0.0008431138903070738,21.447367863140443,1.0483925806688923,0.006727465833336166
kodim12,Kodak,kodim12,0.1,0.0,2026,hqs_round1,0.00042974746711051256,0.0004206833924297921,2.1091630258264105,0.09257958225416729,-0.00017826094532014114
kodim12,Kodak,kodim12,0.1,0.0,2026,hqs,0.0004510734842365366,0.0004206833924297921,6.737281810785478,0.3029193096416236,0.0012913609209060928
kodim12,Kodak,kodim12,0.25,0.0,2026,hqs_round1,0.0001928576568334936,0.00019371043986412485,-0.4421826152163133,-0.01916141390999826,-0.0012537101449966448
kodim12,Kodak,kodim12,0.25,0.0,2026,hqs,0.0001947118463888005,0.00019371043986412485,0.5143017968593622,0.02239347775762468,-0.00012851898860932742
kodim12,Kodak,kodim12,0.5,0.0,2026,hqs_round1,6.555663725073454e-05,6.483713559201272e-05,1.097526793465542,0.04792848073996936,-0.00024284641551963748
kodim12,Kodak,kodim12,0.5,0.0,2026,hqs,6.799672354628405e-05,6.483713559201272e-05,4.6466767654189445,0.20664166411471285,0.0008956015834808984
kodim12,Kodak,kodim12,0.1,0.01,2026,hqs_round1,0.0005350147031975928,0.0005134899192669857,4.023213530761149,0.17833795370893313,0.0035479061541556778
kodim12,Kodak,kodim12,0.1,0.01,2026,hqs,0.0005494966158357909,0.0005134899192669857,6.552669394339872,0.2943310006139157,0.005657317695379249
kodim12,Kodak,kodim12,0.1,0.01,2027,hqs_round1,0.0005549419066918,0.0005317474387624749,4.179620902590564,0.18542115260514436,0.004154758183002483
kodim12,Kodak,kodim12,0.1,0.01,2027,hqs,0.000571207275198825,0.0005317474387624749,6.908146683288486,0.31088323469843004,0.006918596505641972
kodim12,Kodak,kodim12,0.1,0.01,2028,hqs_round1,0.0005327538091989331,0.0005125598094679769,3.790493729424582,0.1678201406528288,0.0034265942583083797
kodim12,Kodak,kodim12,0.1,0.01,2028,hqs,0.0005507418558642477,0.0005125598094679769,6.932839040598049,0.3120353416355357,0.006063357387542712
kodim12,Kodak,kodim12,0.1,0.05,2026,hqs_round1,0.0020293013996965214,0.0010653669264943043,47.50080364338052,2.7984734460465077,0.2101396890368229
kodim12,Kodak,kodim12,0.1,0.05,2026,hqs,0.002061487527247387,0.0010653669264943043,48.32047672309512,2.8668150118875637,0.21530890863895413
kodim12,Kodak,kodim12,0.1,0.05,2027,hqs_round1,0.0021191814336644133,0.0011071729503815526,47.75468806995594,2.8195267352804905,0.2149530234347803
kodim12,Kodak,kodim12,0.1,0.05,2027,hqs,0.0021356228688341064,0.0011071729503815526,48.15690698302046,2.85309095869426,0.2190945592831821
kodim12,Kodak,kodim12,0.1,0.05,2028,hqs_round1,0.002086699502537591,0.0010918535192272424,47.675574853999706,2.8129553427052514,0.21448183411978927
kodim12,Kodak,kodim12,0.1,0.05,2028,hqs,0.0021175464003306077,0.0010918535192272424,48.43779956572504,2.87668557259828,0.21934976195830969
kodim13,Kodak,kodim13,0.01,0.0,2026,hqs_round1,0.011266602177901259,0.011374958861274147,-0.961751215334683,-0.04156874948400002,-0.0071204805238077595
kodim13,Kodak,kodim13,0.01,0.0,2026,hqs,0.011282528054209236,0.011374958861274147,-0.8192384421364496,-0.03543412586093808,-0.00692363198477014
kodim13,Kodak,kodim13,0.04,0.0,2026,hqs_round1,0.007486920403405171,0.007459265774776134,0.3693725475758858,0.01607134579399272,-0.009193835049442156
kodim13,Kodak,kodim13,0.04,0.0,2026,hqs,0.007583222890701577,0.007459265774776134,1.6346231373132514,0.07157739815674091,-0.008014277859706154
kodim13,Kodak,kodim13,0.1,0.0,2026,hqs_round1,0.004970283176646995,0.004930355919543695,0.8033195631769852,0.0350286103223425,-0.003333966508254349
kodim13,Kodak,kodim13,0.1,0.0,2026,hqs,0.005078485968884737,0.004930355919543695,2.9168151738257597,0.12855985020924976,-0.0006114805189668671
kodim13,Kodak,kodim13,0.25,0.0,2026,hqs_round1,0.0027075831213454076,0.0027111403364279175,-0.1313797184827381,-0.005702003858427673,-0.005824221609592506
kodim13,Kodak,kodim13,0.25,0.0,2026,hqs,0.002775133178591521,0.0027111403364279175,2.305937699036198,0.10131831248372336,-0.0032289374334812937
kodim13,Kodak,kodim13,0.5,0.0,2026,hqs_round1,0.0011079135694210044,0.0011213846918896723,-1.215900124384972,-0.05248741692217607,-0.003716365059852511
kodim13,Kodak,kodim13,0.5,0.0,2026,hqs,0.0011421330995543388,0.0011213846918896723,1.8166365787632421,0.07962094559803745,-0.002063013844490036
kodim13,Kodak,kodim13,0.1,0.01,2026,hqs_round1,0.005022690259408514,0.004978972508351731,0.8704050777348038,0.03796668495179034,-0.003092598235543753
kodim13,Kodak,kodim13,0.1,0.01,2026,hqs,0.00513400090610023,0.004978972508351731,3.019641028194864,0.13316212680944162,-0.0001531876123100906
kodim13,Kodak,kodim13,0.1,0.01,2027,hqs_round1,0.00500185024841431,0.004958938294184464,0.857921610976875,0.0374198089765585,-0.003375190739608458
kodim13,Kodak,kodim13,0.1,0.01,2027,hqs,0.005110502044739334,0.004958938294184464,2.9657311400723807,0.13074862141597166,-0.000551865167847887
kodim13,Kodak,kodim13,0.1,0.01,2028,hqs_round1,0.0050094430266600576,0.004968200983002208,0.8232860108072115,0.03590285236305135,-0.0035059188062893654
kodim13,Kodak,kodim13,0.1,0.01,2028,hqs,0.005113360692690184,0.004968200983002208,2.8388318057728457,0.12507272198970654,-0.0009148378960285308
kodim13,Kodak,kodim13,0.1,0.05,2026,hqs_round1,0.005995533132785907,0.005763623249357136,3.868044397262982,0.17132222788946905,-0.0005631767851989045
kodim13,Kodak,kodim13,0.1,0.05,2026,hqs,0.006060710606206997,0.005763623249357136,4.9018568308739745,0.2182796276053658,0.0018178275172450187
kodim13,Kodak,kodim13,0.1,0.05,2027,hqs_round1,0.005956217550820567,0.005699526080170167,4.3096389354521865,0.19131806709122756,-0.0006111490619395976
kodim13,Kodak,kodim13,0.1,0.05,2027,hqs,0.006033044796164222,0.005699526080170167,5.528198898939118,0.24697804758161723,0.0017639198505625675
kodim13,Kodak,kodim13,0.1,0.05,2028,hqs_round1,0.005964504477645459,0.005748846985123104,3.61568162670719,0.1599361960279353,-0.003026165899746136
kodim13,Kodak,kodim13,0.1,0.05,2028,hqs,0.006028485421007935,0.005748846985123104,4.638618431593999,0.20627465624091457,-0.0010142423739148976
kodim14,Kodak,kodim14,0.01,0.0,2026,hqs_round1,0.007348235487458417,0.007400329063853862,-0.7089263331905293,-0.03067965940305939,-0.0026763731844961502
kodim14,Kodak,kodim14,0.01,0.0,2026,hqs,0.007379532871072557,0.007400329063853862,-0.28180906765555847,-0.012221599592290744,-0.0011349611014312422
kodim14,Kodak,kodim14,0.04,0.0,2026,hqs_round1,0.004166576804573763,0.004164696877821486,0.045119215136335544,0.001959944805264513,-0.0029745477468297032
kodim14,Kodak,kodim14,0.04,0.0,2026,hqs,0.004180486820177725,0.004164696877821486,0.3777058279439194,0.016434612505722868,-0.0021746751815276966
kodim14,Kodak,kodim14,0.1,0.0,2026,hqs_round1,0.0023643815507926446,0.0023490813706034674,0.6471112999527406,0.028195011938020542,-0.000638387775897975
kodim14,Kodak,kodim14,0.1,0.0,2026,hqs,0.002378542973605761,0.0023490813706034674,1.2386407699681468,0.05412941603204402,-0.00027011562919621035
kodim14,Kodak,kodim14,0.25,0.0,2026,hqs_round1,0.0010127704504094748,0.0010059363464757494,0.674792983045891,0.02940521100415694,-0.0010678533453941652
kodim14,Kodak,kodim14,0.25,0.0,2026,hqs,0.0010336557773877812,0.0010059363464757494,2.681688770906243,0.11805436015873028,-0.0004332824668884516
kodim14,Kodak,kodim14,0.5,0.0,2026,hqs_round1,0.00036213229869283873,0.0003621410214446874,-0.002408719653046454,-0.0001046081055235959,-0.0007361376972199185
kodim14,Kodak,kodim14,0.5,0.0,2026,hqs,0.00037191364880809376,0.0003621410214446874,2.6276603170455326,0.11564394549630208,5.0688160896261714e-05
kodim14,Kodak,kodim14,0.1,0.01,2026,hqs_round1,0.002401917805602905,0.00238574554898402,0.6733059966148813,0.02934019375555863,-0.0005791210939883884
kodim14,Kodak,kodim14,0.1,0.01,2026,hqs,0.002418676883085188,0.00238574554898402,1.3615433434482571,0.05953731533845996,-3.43975837230337e-05
kodim14,Kodak,kodim14,0.1,0.01,2027,hqs_round1,0.002406676587051686,0.0023942715055295374,0.5154444759586707,0.02244336051327167,-0.0008113643679618088
kodim14,Kodak,kodim14,0.1,0.01,2027,hqs,0.002422113054992575,0.0023942715055295374,1.1494735724928096,0.050210135131543154,-0.0002771259117125835
kodim14,Kodak,kodim14,0.1,0.01,2028,hqs_round1,0.002399646573944254,0.0023865324220522775,0.546503474068738,0.023799436081851866,-0.0007501130959988167
kodim14,Kodak,kodim14,0.1,0.01,2028,hqs,0.002413790522001541,0.0023865324220522775,1.129265348455366,0.049322388394429595,-0.00034300471711168345
kodim14,Kodak,kodim14,0.1,0.05,2026,hqs_round1,0.0032111609229601994,0.0030526730658036144,4.935531446691977,0.21981775330214504,0.009774094331391203
kodim14,Kodak,kodim14,0.1,0.05,2026,hqs,0.0032231829484599766,0.0030526730658036144,5.290108733599219,0.2360466198836555,0.01102345551671835
kodim14,Kodak,kodim14,0.1,0.05,2027,hqs_round1,0.0031983558642493678,0.003056265707190139,4.442599982306106,0.1973567530275666,0.007821140767958035
kodim14,Kodak,kodim14,0.1,0.05,2027,hqs,0.0032065287085668373,0.003056265707190139,4.686157993073403,0.2084402411830233,0.009279411541522786
kodim14,Kodak,kodim14,0.1,0.05,2028,hqs_round1,0.0031847798861734202,0.0030313184013563282,4.818589990577937,0.21447865887590467,0.006271793106069845
kodim14,Kodak,kodim14,0.1,0.05,2028,hqs,0.0031923305512937235,0.0030313184013563282,5.043717978144324,0.22476298360572855,0.007134395523905712
kodim15,Kodak,kodim15,0.01,0.0,2026,hqs_round1,0.0022926037872635307,0.0022848430725324635,0.3385109443760692,0.014726282646048361,0.00028404107754831376
kodim15,Kodak,kodim15,0.01,0.0,2026,hqs,0.002303440563197078,0.0022848430725324635,0.8073787950839018,0.03520633180264099,0.0008426939761441155
kodim15,Kodak,kodim15,0.04,0.0,2026,hqs_round1,0.000942260444188174,0.000951330666332171,-0.9626024524261645,-0.041605365926237425,-0.0010215009530782915
kodim15,Kodak,kodim15,0.04,0.0,2026,hqs,0.0009501252790034752,0.000951330666332171,-0.12686614653174555,-0.005506234702071566,-0.0005115251102447704
kodim15,Kodak,kodim15,0.1,0.0,2026,hqs_round1,0.0005725143335463391,0.0005716419562925237,0.1523764913293313,0.006622673917071609,-0.00208860310602188
kodim15,Kodak,kodim15,0.1,0.0,2026,hqs,0.0005789839614496545,0.0005716419562925237,1.268084376421752,0.05542436604128653,-0.0009988381226062604
kodim15,Kodak,kodim15,0.25,0.0,2026,hqs_round1,0.000289404401086945,0.0002910266464960589,-0.560546212504387,-0.02427623632081577,-0.0010676388006209958
kodim15,Kodak,kodim15,0.25,0.0,2026,hqs,0.0002883664976295734,0.0002910266464960589,-0.9224888772976003,-0.039879522334494766,-0.0012529853477477593
kodim15,Kodak,kodim15,0.5,0.0,2026,hqs_round1,0.00010247461514889305,0.00010294258251900316,-0.45666662854031426,-0.019787632237978414,-0.0007860166168213167
kodim15,Kodak,kodim15,0.5,0.0,2026,hqs,0.00010395706177871322,0.00010294258251900316,0.975863729074522,0.042589370014965766,-0.0005674275360108005
kodim15,Kodak,kodim15,0.1,0.01,2026,hqs_round1,0.0006128371605108105,0.0006141921027500483,-0.22109335506164118,-0.0095913633780782,-0.002305145549058918
kodim15,Kodak,kodim15,0.1,0.01,2026,hqs,0.0006152645515868716,0.0006141921027500483,0.17430694390847545,0.007576659631631344,-0.0014053671154976577
kodim15,Kodak,kodim15,0.1,0.01,2027,hqs_round1,0.0006185878929564332,0.0006161533812818391,0.39355954138686755,0.01712579596309638,-0.0011874504833221389
kodim15,Kodak,kodim15,0.1,0.01,2027,hqs,0.0006180282977854062,0.0006161533812818391,0.30337065637374705,0.013195245590473803,-0.00023482745671277172
kodim15,Kodak,kodim15,0.1,0.01,2028,hqs_round1,0.0006121424336309616,0.0006073803965782718,0.7779295783243656,0.033917149804665314,-0.0015239672141075244
kodim15,Kodak,kodim15,0.1,0.01,2028,hqs,0.0006194212356247358,0.0006073803965782718,1.9438854133439265,0.08525319401140763,-0.00013422524166106786
kodim15,Kodak,kodim15,0.1,0.05,2026,hqs_round1,0.0012266941832752077,0.0009377196276692019,23.557179902366478,1.1666329950492589,0.06308224372605975
kodim15,Kodak,kodim15,0.1,0.05,2026,hqs,0.0012145418203837264,0.0009377196276692019,22.792314605277596,1.1233946704260482,0.064665544401586
kodim15,Kodak,kodim15,0.1,0.05,2027,hqs_round1,0.0012226991497134327,0.0009526365922748115,22.08740862393799,1.0839235075810336,0.0687828510861993
kodim15,Kodak,kodim15,0.1,0.05,2027,hqs,0.0012190415935614488,0.0009526365922748115,21.85364327958088,1.0709126451748538,0.07091624534022811
kodim15,Kodak,kodim15,0.1,0.05,2028,hqs_round1,0.001196458739599094,0.0009418712973795392,21.2784138552794,1.039061639801723,0.06485480988574033
kodim15,Kodak,kodim15,0.1,0.05,2028,hqs,0.001187415984239046,0.0009418712973795392,20.678910349759505,1.0061132843249112,0.06757818516433245
kodim16,Kodak,kodim16,0.01,0.0,2026,hqs_round1,0.0017360955201115075,0.0017611594267329938,-1.443693986369854,-0.062250552920648516,-0.0033744935133326326
kodim16,Kodak,kodim16,0.01,0.0,2026,hqs,0.0017452381887998205,0.0017611594267329938,-0.9122673360776101,-0.03943964180692916,-0.0024857875070404267
kodim16,Kodak,kodim16,0.04,0.0,2026,hqs_round1,0.0010764565975957146,0.0010661515706401066,0.9573100279773983,0.0417757284595659,-0.000627835137814281
kodim16,Kodak,kodim16,0.04,0.0,2026,hqs,0.0010720092611325232,0.0010661515706401066,0.5464216313045944,0.023795862165652437,-0.0004843458588830174
kodim16,Kodak,kodim16,0.1,0.0,2026,hqs_round1,0.000749741980155094,0.0007608469787924913,-1.4811760487388081,-0.06385491546522104,-0.003494373338460921
kodim16,Kodak,kodim16,0.1,0.0,2026,hqs,0.0007715988998656457,0.0007608469787924913,1.3934598759830497,0.0609427932272375,-0.0002488311578034974
kodim16,Kodak,kodim16,0.25,0.0,2026,hqs_round1,0.0003641181064435991,0.00036837194207198546,-1.1682570993061248,-0.05044268144890651,-0.0018359703640937752
kodim16,Kodak,kodim16,0.25,0.0,2026,hqs,0.00038052562510662704,0.00036837194207198546,3.1939197343768932,0.14097364356072006,0.0011149874520302028
kodim16,Kodak,kodim16,0.5,0.0,2026,hqs_round1,0.00010811870654039609,0.00010885417616811888,-0.6802427177095449,-0.029442538651494488,-0.0005240580787658766
kodim16,Kodak,kodim16,0.5,0.0,2026,hqs,0.00011066968862701306,0.00010885417616811888,1.6404785098952823,0.07183592730316946,-7.810042190559141e-05
kodim16,Kodak,kodim16,0.1,0.01,2026,hqs_round1,0.0007927108002649321,0.0008016611502805924,-1.129081376546015,-0.048760622697159306,-0.003903106778621712
kodim16,Kodak,kodim16,0.1,0.01,2026,hqs,0.0008124799383226279,0.0008016611502805924,1.3315760219718142,0.05821808689464447,-0.00024694782006740024
kodim16,Kodak,kodim16,0.1,0.01,2027,hqs_round1,0.0007832057870873595,0.0007919276394015234,-1.1136092784246765,-0.048096129277997335,-0.0033335948969125395
kodim16,Kodak,kodim16,0.1,0.01,2027,hqs,0.0008025393040268965,0.0007919276394015234,1.3222610496616327,0.05780810262979941,-8.952589410538003e-05
kodim16,Kodak,kodim16,0.1,0.01,2028,hqs_round1,0.0007920438435967123,0.0008021104323782211,-1.2709635789599494,-0.05484942249908542,-0.0036750940895080575
kodim16,Kodak,kodim16,0.1,0.01,2028,hqs,0.0008081019161643503,0.0008021104323782211,0.741426751537444,0.03231971681240964,-0.0006322767267227247
kodim16,Kodak,kodim16,0.1,0.05,2026,hqs_round1,0.0014161582350510082,0.0011096989500776152,21.640186625215275,1.0590660701111574,0.07758370865979325
kodim16,Kodak,kodim16,0.1,0.05,2026,hqs,0.0014359092523899518,0.0011096989500776152,22.718030528000753,1.1192181878818026,0.08208386507557197
kodim16,Kodak,kodim16,0.1,0.05,2027,hqs_round1,0.0013835427912567784,0.001107774612365533,19.932031060690502,0.9654118797388271,0.0732481279820576
kodim16,Kodak,kodim16,0.1,0.05,2027,hqs,0.0014087713309937043,0.001107774612365533,21.36590318145226,1.0438909710062987,0.07770442408131806
kodim16,Kodak,kodim16,0.1,0.05,2028,hqs_round1,0.0014140669124074494,0.0011047740574422467,21.872575636370094,1.0719649289381508,0.07721519519287345
kodim16,Kodak,kodim16,0.1,0.05,2028,hqs,0.0014446584971565446,0.0011047740574422467,23.526974740623952,1.1649172885821137,0.08369947869440908
kodim17,Kodak,kodim17,0.01,0.0,2026,hqs_round1,0.004603880302633016,0.00453390825894299,1.519849324710032,0.06651295602766538,0.003959811335400909
kodim17,Kodak,kodim17,0.01,0.0,2026,hqs,0.004601047325843799,0.00453390825894299,1.4592126997627797,0.06383972213507505,0.004209632687891873
kodim17,Kodak,kodim17,0.04,0.0,2026,hqs_round1,0.0022069811858066958,0.0022274257126149205,-0.9263570953710554,-0.040045978155056616,-0.0013100596239677964
kodim17,Kodak,kodim17,0.04,0.0,2026,hqs,0.002210827665141041,0.0022274257126149205,-0.750761705020575,-0.03248338217978741,-0.0011048727093861954
kodim17,Kodak,kodim17,0.1,0.0,2026,hqs_round1,0.001123553226728707,0.001112268891571237,1.004343620668957,0.043838604718672514,0.0010619224498271684
kodim17,Kodak,kodim17,0.1,0.0,2026,hqs,0.0011356696030013693,0.001112268891571237,2.0605210677725694,0.09042210890195079,0.001521371715307196
kodim17,Kodak,kodim17,0.25,0.0,2026,hqs_round1,0.00040617733138137197,0.00040545485449963514,0.17787228038544933,0.007731773366629113,-0.00011743195247648774
kodim17,Kodak,kodim17,0.25,0.0,2026,hqs,0.00042295810140016666,0.00040545485449963514,4.138293330376818,0.18354843332945592,0.0008312871589660764
kodim17,Kodak,kodim17,0.5,0.0,2026,hqs_round1,0.000117767257843264,0.00011658715128805285,1.0020667686614249,0.04373872024615366,-4.3130455017137415e-05
kodim17,Kodak,kodim17,0.5,0.0,2026,hqs,0.00012265682629657293,0.00011658715128805285,4.948501597329901,0.22041032476791145,0.0004000608634948666
kodim17,Kodak,kodim17,0.1,0.01,2026,hqs_round1,0.0011646483869927238,0.0011527591265369668,1.0208454833700142,0.04456260267541978,0.001124840343713851
kodim17,Kodak,kodim17,0.1,0.01,2026,hqs,0.001174116750722868,0.0011527591265369668,1.8190375167334905,0.07972714758835409,0.0015734868254662082
kodim17,Kodak,kodim17,0.1,0.01,2027,hqs_round1,0.0011697429700707326,0.0011609439750972191,0.7522161020537155,0.03279181810573917,0.0007982474441527998
kodim17,Kodak,kodim17,0.1,0.01,2027,hqs,0.0011790197485683112,0.0011609439750972191,1.5331188042474797,0.06709817548436803,0.0011470404006242996
kodim17,Kodak,kodim17,0.1,0.01,2028,hqs_round1,0.0011589851381353267,0.0011479899514213576,0.9486909151966483,0.04139780352091904,0.001143486491441692
kodim17,Kodak,kodim17,0.1,0.01,2028,hqs,0.001168526791186426,0.0011479899514213576,1.7574984091051182,0.0770058743571056,0.001626905179023752
kodim17,Kodak,kodim17,0.1,0.05,2026,hqs_round1,0.0018104292876467876,0.0016430412311991803,9.245766050613325,0.4213310471650651,0.022915754479765904
kodim17,Kodak,kodim17,0.1,0.05,2026,hqs,0.0018154030746614684,0.0016430412311991803,9.49441178480045,0.43324604705309255,0.02479222155594829
kodim17,Kodak,kodim17,0.1,0.05,2027,hqs_round1,0.0018267377763675637,0.0016607882621519532,9.084473774095713,0.4136194319790576,0.024321315910190378
kodim17,Kodak,kodim17,0.1,0.05,2027,hqs,0.001831576624930792,0.0016607882621519532,9.324663814449597,0.42510825565462795,0.025999362028524264
kodim17,Kodak,kodim17,0.1,0.05,2028,hqs_round1,0.0018302247184808066,0.0016558424631882196,9.527914989441,0.43485400861082013,0.024482715743362915
kodim17,Kodak,kodim17,0.1,0.05,2028,hqs,0.0018281571375153977,0.0016558424631882196,9.425594266003124,0.4299450672530618,0.025876813562542234
kodim18,Kodak,kodim18,0.01,0.0,2026,hqs_round1,0.006551681766959664,0.006468926383914886,1.2631166468145105,0.055205854806335,-0.0005519126013335818
kodim18,Kodak,kodim18,0.01,0.0,2026,hqs,0.006549022335518195,0.006468926383914886,1.2230215061096006,0.053442626804450555,-0.0008401802047323659
kodim18,Kodak,kodim18,0.04,0.0,2026,hqs_round1,0.0037470627765264853,0.0036970379053418985,1.3350422495712722,0.05837065748421466,0.0009965276875066875
kodim18,Kodak,kodim18,0.04,0.0,2026,hqs,0.0037701271903045537,0.0036970379053418985,1.9386424190307228,0.08502098588897411,0.0020614343058389384
kodim18,Kodak,kodim18,0.1,0.0,2026,hqs_round1,0.0022445647826841403,0.0022248265603306665,0.8793785996174308,0.03835983973485568,0.0008138855889141539
kodim18,Kodak,kodim18,0.1,0.0,2026,hqs,0.0022732130963022657,0.0022248265603306665,2.12855257830018,0.09343988848725715,0.0008604251964091647
kodim18,Kodak,kodim18,0.25,0.0,2026,hqs_round1,0.0010274097459691699,0.0010231229015523595,0.41724778586430533,0.0181587509917307,0.0001935609745978839
kodim18,Kodak,kodim18,0.25,0.0,2026,hqs,0.0010458197689359407,0.0010231229015523595,2.170246543214027,0.09529040949411893,0.0012567970590591226
kodim18,Kodak,kodim18,0.5,0.0,2026,hqs_round1,0.0003449609906160817,0.0003451988537049031,-0.06895361947929501,-0.0029935856704454977,-0.00023540914058695073
kodim18,Kodak,kodim18,0.5,0.0,2026,hqs,0.0003502955517019002,0.0003451988537049031,1.4549708017229768,0.06365277485043208,0.00014824314022054974
kodim18,Kodak,kodim18,0.1,0.01,2026,hqs_round1,0.0022782438234131477,0.002254705422368933,1.0331818219944,0.045103922483594516,0.0009586035610139598
kodim18,Kodak,kodim18,0.1,0.01,2026,hqs,0.0023056110184436654,0.002254705422368933,2.2079004510090705,0.09696229679384416,0.0010499444184303153
kodim18,Kodak,kodim18,0.1,0.01,2027,hqs_round1,0.0022709632104371278,0.0022521580991934046,0.8280676303912271,0.03611224436430405,0.0007670291518420136
kodim18,Kodak,kodim18,0.1,0.01,2027,hqs,0.0022953080997437387,0.0022521580991934046,1.8799219396799738,0.08242114958591884,0.0006913091328740739
kodim18,Kodak,kodim18,0.1,0.01,2028,hqs_round1,0.002265287744115112,0.0022489493084724014,0.7212521095898539,0.03143708823133551,0.0006343879309892442
kodim18,Kodak,kodim18,0.1,0.01,2028,hqs,0.00228649804918366,0.0022489493084724014,1.6421943034092834,0.07191168673584514,0.0005828967276811925
kodim18,Kodak,kodim18,0.1,0.05,2026,hqs_round1,0.0027446567431642734,0.0026522283635742393,3.3675751920611674,0.1487712252527551,0.006504889204978936
kodim18,Kodak,kodim18,0.1,0.05,2026,hqs,0.0027494938996898547,0.0026522283635742393,3.537579629712473,0.15641845251866826,0.007284279371380764
kodim18,Kodak,kodim18,0.1,0.05,2027,hqs_round1,0.0027436429522690025,0.0026532383571530515,3.295056852830869,0.1455132605484053,0.00631840365158387
kodim18,Kodak,kodim18,0.1,0.05,2027,hqs,0.0027411176233514815,0.0026532383571530515,3.205964802451,0.14151404681337,0.006353949928641245
kodim18,Kodak,kodim18,0.1,0.05,2028,hqs_round1,0.0026855495337071477,0.0026136990415710918,2.6754484039202664,0.11777588532449812,0.004312528217062406
kodim18,Kodak,kodim18,0.1,0.05,2028,hqs,0.0026810559013817317,0.0026136990415710918,2.512325825654227,0.11050290726664969,0.004934013489633848
kodim19,Kodak,kodim19,0.01,0.0,2026,hqs_round1,0.008602960742352684,0.008395530897528694,2.411144849270397,0.10599776830302332,0.004068487886859318
kodim19,Kodak,kodim19,0.01,0.0,2026,hqs,0.008628451845631019,0.008395530897528694,2.6994523730263786,0.11884715428426063,0.004024066328136566
kodim19,Kodak,kodim19,0.04,0.0,2026,hqs_round1,0.004178206397745376,0.0040293396928971666,3.562933246393485,0.15756007669283179,0.0036105656694322974
kodim19,Kodak,kodim19,0.04,0.0,2026,hqs,0.004263806977337352,0.0040293396928971666,5.499012635572087,0.24563653875048885,0.005749038829072628
kodim19,Kodak,kodim19,0.1,0.0,2026,hqs_round1,0.0025711416893285936,0.0022958648612404708,10.70640444401204,0.49179689089482537,0.008387017867599655
kodim19,Kodak,kodim19,0.1,0.0,2026,hqs,0.002880136932139944,0.0022958648612404708,20.28626015587941,0.9846681506321175,0.022431523044478596
kodim19,Kodak,kodim19,0.25,0.0,2026,hqs_round1,0.000775211771837695,0.0006269315939739867,19.127699455878943,0.9220020250078136,0.006951617490917439
kodim19,Kodak,kodim19,0.25,0.0,2026,hqs,0.0009141858219347104,0.0006269315939739867,31.421864249961963,1.6381432506061877,0.01578251186932622
kodim19,Kodak,kodim19,0.5,0.0,2026,hqs_round1,0.00021627266448716613,0.0001562255784356247,27.764528723002215,1.4124948945343476,0.002279481604576139
kodim19,Kodak,kodim19,0.5,0.0,2026,hqs,0.00024495232960704743,0.0001562255784356247,36.22204831191367,1.953294328015268,0.0039271305236816545
kodim19,Kodak,kodim19,0.1,0.01,2026,hqs_round1,0.002660978217445968,0.0023970837072903326,9.917199187332082,0.45358119400180286,0.008686863988770832
kodim19,Kodak,kodim19,0.1,0.01,2026,hqs,0.0029646661934885064,0.0023970837072903326,19.144903646987068,0.922926010113045,0.023066840999178106
kodim19,Kodak,kodim19,0.1,0.01,2027,hqs_round1,0.002625551635513287,0.002431446044586683,7.392945097751113,0.3335592705015671,0.0060811765955767205
kodim19,Kodak,kodim19,0.1,0.01,2027,hqs,0.0028813219349758654,0.002431446044586683,15.61352394983071,0.7372714872268133,0.018330923292664614
kodim19,Kodak,kodim19,0.1,0.01,2028,hqs_round1,0.0026865852331211873,0.0024324500926766394,9.45941105130329,0.431566848315196,0.009529516937973659
kodim19,Kodak,kodim19,0.1,0.01,2028,hqs,0.002965446472282923,0.0024324500926766394,17.973562651965892,0.860461507395307,0.02217167275400178
kodim19,Kodak,kodim19,0.1,0.05,2026,hqs_round1,0.004147402537453702,0.003240871379763698,21.857804963551196,1.0711439348456366,0.09561375443141573
kodim19,Kodak,kodim19,0.1,0.05,2026,hqs,0.004250256317965632,0.003240871379763698,23.748801547222264,1.177533260488758,0.10156303603729744
kodim19,Kodak,kodim19,0.1,0.05,2027,hqs_round1,0.003966063349923451,0.003268420106044667,17.59032023258653,0.840217734646231,0.0873407043729244
kodim19,Kodak,kodim19,0.1,0.05,2027,hqs,0.0041254332790340185,0.003268420106044667,20.77389488626086,1.0113169418308416,0.09418905812005562
kodim19,Kodak,kodim19,0.1,0.05,2028,hqs_round1,0.004028426558318844,0.0032293184885801647,19.836729258188733,0.9602457146508065,0.0929393376959663
kodim19,Kodak,kodim19,0.1,0.05,2028,hqs,0.004140856787620488,0.0032293184885801647,22.013277584616297,1.0797933157336566,0.09825714082805725
kodim20,Kodak,kodim20,0.01,0.0,2026,hqs_round1,0.0028925998308445148,0.002935951201030698,-1.498699188318997,-0.06460476348195598,-0.0009407948542962119
kodim20,Kodak,kodim20,0.01,0.0,2026,hqs,0.0029063945465318763,0.002935951201030698,-1.016952585948494,-0.0439426285907345,-4.5195755793314696e-05
kodim20,Kodak,kodim20,0.04,0.0,2026,hqs_round1,0.001110358849359055,0.0011075592212399174,0.25213723660181264,0.010964009044371892,-0.0003872140547335201
kodim20,Kodak,kodim20,0.04,0.0,2026,hqs,0.0011588649036794738,0.0011075592212399174,4.427235847479505,0.1966585315806526,0.0017965891323015182
kodim20,Kodak,kodim20,0.1,0.0,2026,hqs_round1,0.0004974769924646734,0.00048505197046007636,2.497607365325427,0.10984726913905973,0.000518867447614757
kodim20,Kodak,kodim20,0.1,0.0,2026,hqs,0.0005226097583983832,0.00048505197046007636,7.186583743366826,0.3238924161429608,0.0017606802301407543
kodim20,Kodak,kodim20,0.25,0.0,2026,hqs_round1,0.00014979498753752373,0.00014827632158632493,1.013829618843809,0.04425477591309601,-0.0001966604833603114
kodim20,Kodak,kodim20,0.25,0.0,2026,hqs,0.00015695401410977238,0.00014827632158632493,5.52881209994307,0.24700623701735225,0.0005444387893677183
kodim20,Kodak,kodim20,0.5,0.0,2026,hqs_round1,5.31057653597243e-05,5.19544328056172e-05,2.167999173551649,0.09519064342109829,-9.420871738274883e-08
kodim20,Kodak,kodim20,0.5,0.0,2026,hqs,5.429594487785331e-05,5.19544328056172e-05,4.312498985888691,0.19144787354941428,0.00027328042411800535
kodim20,Kodak,kodim20,0.1,0.01,2026,hqs_round1,0.0007667841216397593,0.0007004673433876238,8.6486895568883,0.39285218271703926,0.007325496713876722
kodim20,Kodak,kodim20,0.1,0.01,2026,hqs,0.000757105125761324,0.0007004673433876238,7.4808346221070465,0.33768293685794504,0.008109564241290168
kodim20,Kodak,kodim20,0.1,0.01,2027,hqs_round1,0.0007783488606040734,0.0007205171865163129,7.430045448114042,0.33529949491737554,0.007682642813205742
kodim20,Kodak,kodim20,0.1,0.01,2027,hqs,0.0007738084383738844,0.0007205171865163129,6.886879131165857,0.3098911687656063,0.00870945395922662
kodim20,Kodak,kodim20,0.1,0.01,2028,hqs_round1,0.0007854925271712137,0.0007169842536223618,8.721696410730996,0.39632439894241855,0.006983624943017963
kodim20,Kodak,kodim20,0.1,0.01,2028,hqs,0.0007746897338244918,0.0007169842536223618,7.448850511707361,0.3361818292596226,0.007610031551837926
kodim20,Kodak,kodim20,0.1,0.05,2026,hqs_round1,0.004365326866231453,0.0016010502397567036,63.32347407609191,4.356118083218412,0.2603734154774743
kodim20,Kodak,kodim20,0.1,0.05,2026,hqs,0.0041232934734056256,0.0016010502397567036,61.17059699768787,4.10839286631256,0.2589181843503121
kodim20,Kodak,kodim20,0.1,0.05,2027,hqs_round1,0.0046161587388247995,0.0016191116041805599,64.9251315696141,4.550039493819845,0.25605857323680625
kodim20,Kodak,kodim20,0.1,0.05,2027,hqs,0.004279893010243349,0.0016191116041805599,62.1693439460885,4.22156127168185,0.2552424116630655
kodim20,Kodak,kodim20,0.1,0.05,2028,hqs_round1,0.004513082568121736,0.0016208609973187244,64.08527934392971,4.447275071507441,0.2557050061167214
kodim20,Kodak,kodim20,0.1,0.05,2028,hqs,0.004254088724189819,0.0016208609973187244,61.89874959348871,4.190607714178956,0.2539934640864816
kodim21,Kodak,kodim21,0.01,0.0,2026,hqs_round1,0.00524418232734974,0.005269918619671943,-0.49075891560790286,-0.02126126070083245,-0.002868028865713468
kodim21,Kodak,kodim21,0.01,0.0,2026,hqs,0.00526004771013859,0.005269918619671943,-0.1876581749311379,-0.008142253570650126,-0.00236307382904577
kodim21,Kodak,kodim21,0.04,0.0,2026,hqs_round1,0.0028199165206198593,0.002818088704146229,0.06481810579372915,0.0028159272813468306,-0.001227864120435962
kodim21,Kodak,kodim21,0.04,0.0,2026,hqs,0.002837723972499777,0.002818088704146229,0.6919372195404505,0.030154898841662003,3.229908256785485e-05
kodim21,Kodak,kodim21,0.1,0.0,2026,hqs_round1,0.0015829367812093657,0.0015853394785722483,-0.15178732286749153,-0.006587041790943715,-0.0017873580069541761
kodim21,Kodak,kodim21,0.1,0.0,2026,hqs,0.00160431144162591,0.0015853394785722483,1.1825611013803194,0.051664061297696406,-0.0005666789193152777
kodim21,Kodak,kodim21,0.25,0.0,2026,hqs_round1,0.000602472761234566,0.0006051911307569666,-0.4512020621198154,-0.01955138155665992,-0.0008438389296532289
kodim21,Kodak,kodim21,0.25,0.0,2026,hqs,0.0006220409234298984,0.0006051911307569666,2.7087916627772657,0.11926402723828033,0.000502341487407687
kodim21,Kodak,kodim21,0.5,0.0,2026,hqs_round1,0.00018878874258963796,0.00018671920322352388,1.0962196885926367,0.04787108433075815,-0.00016828395366674798
kodim21,Kodak,kodim21,0.5,0.0,2026,hqs,0.00019218158564823906,0.00018671920322352388,2.8423027140140777,0.12522786866502145,0.00015418422698976197
kodim21,Kodak,kodim21,0.1,0.01,2026,hqs_round1,0.001704626347052992,0.0016903131608004783,0.8396670787858329,0.03662023800106695,-0.0013672951962947488
kodim21,Kodak,kodim21,0.1,0.01,2026,hqs,0.0017184787338403425,0.0016903131608004783,1.638982926307242,0.07176989213426666,0.0003174811933041033
kodim21,Kodak,kodim21,0.1,0.01,2027,hqs_round1,0.0017084106714952108,0.0016978650893245972,0.6172744262586516,0.02689096890101439,-0.001621014728903858
kodim21,Kodak,kodim21,0.1,0.01,2027,hqs,0.0017235671304396893,0.0016978650893245972,1.4912120718231225,0.06525024543270064,0.000638222923040388
kodim21,Kodak,kodim21,0.1,0.01,2028,hqs_round1,0.0016975274631924296,0.00168460050938181,0.761516622906866,0.03319881501728972,-0.0014762105638981282
kodim21,Kodak,kodim21,0.1,0.01,2028,hqs,0.0017159553212709594,0.00168460050938181,1.8272510653672303,0.08009048157626708,0.0004998136858940239
kodim21,Kodak,kodim21,0.1,0.05,2026,hqs_round1,0.0027907476610689436,0.002505149447433165,10.233752682834297,0.46886930141419825,0.07698267241263146
kodim21,Kodak,kodim21,0.1,0.05,2026,hqs,0.002792604216331997,0.002505149447433165,10.293430312025931,0.47175750102444525,0.08473223554855702
kodim21,Kodak,kodim21,0.1,0.05,2027,hqs_round1,0.002842496363039782,0.0024886717809888058,12.447670528330745,0.5773229431802278,0.0828693389376095
kodim21,Kodak,kodim21,0.1,0.05,2027,hqs,0.002831878666281379,0.0024886717809888058,12.11940643428936,0.561070184169548,0.0924710547791533
kodim21,Kodak,kodim21,0.1,0.05,2028,hqs_round1,0.0028552466315819314,0.002526178367854068,11.525038155654709,0.5317961598396366,0.07637115822160245
kodim21,Kodak,kodim21,0.1,0.05,2028,hqs,0.0028525318964910244,0.002526178367854068,11.44083713974987,0.5276649744654591,0.08505164432005863
kodim22,Kodak,kodim22,0.01,0.0,2026,hqs_round1,0.0034620362137097213,0.0034422948398530034,0.570224360407956,0.024835405570851066,0.0014783946930692071
kodim22,Kodak,kodim22,0.01,0.0,2026,hqs,0.0034716398371463894,0.0034422948398530034,0.8452776978589704,0.03686597435239136,0.0009181274560297048
kodim22,Kodak,kodim22,0.04,0.0,2026,hqs_round1,0.0018866416734445131,0.0018442795015402309,2.2453745457101104,0.0986268393978591,0.001448959653287285
kodim22,Kodak,kodim22,0.04,0.0,2026,hqs,0.0018891151681460292,0.0018442795015402309,2.3733686204954862,0.10431695821971942,0.0013617561987872007
kodim22,Kodak,kodim22,0.1,0.0,2026,hqs_round1,0.0010354160062858836,0.0010310103041698017,0.4255006769583902,0.018518686172225074,-0.0008072713246644048
kodim22,Kodak,kodim22,0.1,0.0,2026,hqs,0.0010640417498058784,0.0010310103041698017,3.104337366659049,0.13695662955071342,0.0007448717391602688
kodim22,Kodak,kodim22,0.25,0.0,2026,hqs_round1,0.00043706993198444307,0.00044121669849652925,-0.9487649935694398,-0.041010101567380275,-0.0012441686325073142
kodim22,Kodak,kodim22,0.25,0.0,2026,hqs,0.00044098666208942136,0.00044121669849652925,-0.05216402827650235,-0.002264864292548907,-0.0011395221624375118
kodim22,Kodak,kodim22,0.5,0.0,2026,hqs_round1,0.00015021027952808337,0.00015115563105599862,-0.6293520862122648,-0.027246764432966586,-0.0005472316455841231
kodim22,Kodak,kodim22,0.5,0.0,2026,hqs,0.00015425108824632347,0.00015115563105599862,2.0067652199521,0.08803905931090839,-0.00019660854148861873
kodim22,Kodak,kodim22,0.1,0.01,2026,hqs_round1,0.0010986539377497541,0.0010863114333633244,1.1234205751548543,0.049065661489688495,-0.0002716741942837553
kodim22,Kodak,kodim22,0.1,0.01,2026,hqs,0.001111620918656164,0.0010863114333633244,2.2768090153823417,0.10002360319301573,0.0008503092825710157
kodim22,Kodak,kodim22,0.1,0.01,2027,hqs_round1,0.0011100964018299166,0.001104356179076072,0.5170922763448549,0.022515294949521092,-0.0005310288752391479
kodim22,Kodak,kodim22,0.1,0.01,2027,hqs,0.0011356497258342153,0.001104356179076072,2.755563273275652,0.12135234917371562,0.0011883922160714766
kodim22,Kodak,kodim22,0.1,0.01,2028,hqs_round1,0.0011105998316596705,0.0011005862279705014,0.9016392226716685,0.03933529281110282,-0.00045259005078679415
kodim22,Kodak,kodim22,0.1,0.01,2028,hqs,0.0011252738244789473,0.0011005862279705014,2.193919024098634,0.09634142633887421,0.0008013598185814264
kodim22,Kodak,kodim22,0.1,0.05,2026,hqs_round1,0.0020221630105606335,0.001683385853972615,16.753207076718034,0.7963248866308881,0.07387432586872678
kodim22,Kodak,kodim22,0.1,0.05,2026,hqs,0.0020273720534014247,0.001683385853972615,16.967097817674205,0.8074978226532643,0.0756910129398145
kodim22,Kodak,kodim22,0.1,0.05,2027,hqs_round1,0.002067101898068367,0.0017117572658097754,17.190474866800155,0.8191970578918877,0.07228588038738815
kodim22,Kodak,kodim22,0.1,0.05,2027,hqs,0.0020755867664346457,0.0017117572658097754,17.52899500558298,0.8369871307758352,0.0743878854249791
kodim22,Kodak,kodim22,0.1,0.05,2028,hqs_round1,0.0020406017892439557,0.0016919895950728205,17.083793418621685,0.8136057510760359,0.0742379219501964
kodim22,Kodak,kodim22,0.1,0.05,2028,hqs,0.002044966076273059,0.0016919895950728205,17.260749960387432,0.822884199299196,0.0758518707630168
kodim23,Kodak,kodim23,0.01,0.0,2026,hqs_round1,0.002851913728845824,0.0028448522748463125,0.24760405366011096,0.01076664224894941,-0.0011848554706856973
kodim23,Kodak,kodim23,0.01,0.0,2026,hqs,0.002855239143515642,0.0028448522748463125,0.3637827918168801,0.015827692607622623,-0.001054623003060029
kodim23,Kodak,kodim23,0.04,0.0,2026,hqs_round1,0.0011855869015884196,0.001194362799416351,-0.7402154845143505,-0.03202875483727752,0.0003536122751907067
kodim23,Kodak,kodim23,0.04,0.0,2026,hqs,0.0012072390318189669,0.001194362799416351,1.0665851636038504,0.046570003332000454,0.00081287085729842
kodim23,Kodak,kodim23,0.1,0.0,2026,hqs_round1,0.0004546737121510572,0.0004519625753077935,0.5962818546155435,0.025973707352505926,-0.00018650163412092802
kodim23,Kodak,kodim23,0.1,0.0,2026,hqs,0.0004721023419970153,0.0004519625753077935,4.2659747469223745,0.18933680265267583,0.0008806669664382927
kodim23,Kodak,kodim23,0.25,0.0,2026,hqs_round1,0.0001253256445236136,0.00012322489917261203,1.676229441298227,0.07341475306314749,7.1497106552964595e-06
kodim23,Kodak,kodim23,0.25,0.0,2026,hqs,0.0001331936228050401,0.00012322489917261203,7.484385079771894,0.33784960219186644,0.0008550610980988527
kodim23,Kodak,kodim23,0.5,0.0,2026,hqs_round1,3.288071095777688e-05,3.095578372976909e-05,5.854274959199179,0.26199395597841146,-6.89556112288825e-05
kodim23,Kodak,kodim23,0.5,0.0,2026,hqs,3.235261341805554e-05,3.095578372976909e-05,4.317517321512265,0.19167564547353066,4.0674935340878626e-05
kodim23,Kodak,kodim23,0.1,0.01,2026,hqs_round1,0.0005533925074476388,0.0005473619700738316,1.0897396138630944,0.04758654834044762,0.0018560772843361217
kodim23,Kodak,kodim23,0.1,0.01,2026,hqs,0.0005617422712659132,0.0005473619700738316,2.5599464251951254,0.11262485925939814,0.0033245668263436334
kodim23,Kodak,kodim23,0.1,0.01,2027,hqs_round1,0.0005636241922442393,0.0005571505484990209,1.1485744995156422,0.05017063502251773,0.001759425763606992
kodim23,Kodak,kodim23,0.1,0.01,2027,hqs,0.0005696310239264702,0.0005571505484990209,2.190975368831094,0.09621071933284497,0.0028886598830222265
kodim23,Kodak,kodim23,0.1,0.01,2028,hqs_round1,0.0005540418725036339,0.0005501098880877119,0.7096908394583878,0.03093137038162297,0.0016954923462867422
kodim23,Kodak,kodim23,0.1,0.01,2028,hqs,0.0005679933596558132,0.0005501098880877119,3.148535324240087,0.13893807099847777,0.0032443805575370632
kodim23,Kodak,kodim23,0.1,0.05,2026,hqs_round1,0.0016005775487021806,0.0011647731155548298,27.227948655203893,1.3803538273735185,0.1310858629953935
kodim23,Kodak,kodim23,0.1,0.05,2026,hqs,0.0016169253511410565,0.0011647731155548298,27.963705019971698,1.4244863220880255,0.13463582667482643
kodim23,Kodak,kodim23,0.1,0.05,2027,hqs_round1,0.0015958421425247948,0.0011387152509022675,28.644869028167353,1.4657479237926943,0.13017539971999825
kodim23,Kodak,kodim23,0.1,0.05,2027,hqs,0.0016018523995745384,0.0011387152509022675,28.912598239093867,1.48207358911759,0.13389090288639993
kodim23,Kodak,kodim23,0.1,0.05,2028,hqs_round1,0.0015909055906923142,0.0011498588811709896,27.722997021425655,1.4099986409191132,0.13188569234797543
kodim23,Kodak,kodim23,0.1,0.05,2028,hqs,0.0016031363855427293,0.0011498588811709896,28.274419348188275,1.443259272526575,0.13470950688316297
kodim24,Kodak,kodim24,0.01,0.0,2026,hqs_round1,0.005949686300488181,0.00590496312273208,0.7516896773605009,0.03276878255530846,-0.0033042780532406835
kodim24,Kodak,kodim24,0.01,0.0,2026,hqs,0.006008705862587429,0.00590496312273208,1.7265404935410844,0.07563755272695971,-0.0029664418104948242
kodim24,Kodak,kodim24,0.04,0.0,2026,hqs_round1,0.003349401097380283,0.003313065560861749,1.0848368249163687,0.04737128236020993,0.0018575958676576576
kodim24,Kodak,kodim24,0.04,0.0,2026,hqs,0.0033672122584679897,0.003313065560861749,1.6080571538093724,0.07040463770957928,0.002661777533899734
kodim24,Kodak,kodim24,0.1,0.0,2026,hqs_round1,0.002000604236609401,0.001941842664846249,2.9371912089289687,0.12947145281057004,0.002172231048426121
kodim24,Kodak,kodim24,0.1,0.0,2026,hqs,0.0020624689109527868,0.001941842664846249,5.8486334250154925,0.2617337196523799,0.005498639357671142
kodim24,Kodak,kodim24,0.25,0.0,2026,hqs_round1,0.00075042755883215,0.000739482270962705,1.458540233580774,0.06381008492964568,-4.6128957271518445e-05
kodim24,Kodak,kodim24,0.25,0.0,2026,hqs,0.0007674127163203275,0.000739482270962705,3.6395598826595266,0.1610122506954461,0.0013469849915505039
kodim24,Kodak,kodim24,0.5,0.0,2026,hqs_round1,0.0001912869363043103,0.00019072831084818617,0.29203534068601433,0.01270148915685354,-2.5904534339926677e-05
kodim24,Kodak,kodim24,0.5,0.0,2026,hqs,0.0002005491245077489,0.00019072831084818617,4.896961621581786,0.2180560787959891,0.0008184619817733774
kodim24,Kodak,kodim24,0.1,0.01,2026,hqs_round1,0.0020884905285551464,0.002026785235920716,2.9545402189168346,0.13024778030858997,0.002426643141865803
kodim24,Kodak,kodim24,0.1,0.01,2026,hqs,0.002183509413819817,0.002026785235920716,7.177627763231353,0.32347336626174794,0.007874053337544207
kodim24,Kodak,kodim24,0.1,0.01,2027,hqs_round1,0.0020710752770166235,0.0020152124921933726,2.697284132700428,0.1187503774068226,0.002568898445501233
kodim24,Kodak,kodim24,0.1,0.01,2027,hqs,0.0021328638020314218,0.0020152124921933726,5.516119206767611,0.24642276989875356,0.0060171748842599015
kodim24,Kodak,kodim24,0.1,0.01,2028,hqs_round1,0.002065602904965321,0.0020167892418399315,2.3631678193350103,0.1038631967655057,0.001708783149741655
kodim24,Kodak,kodim24,0.1,0.01,2028,hqs,0.0021326674490647585,0.0020167892418399315,5.4334869356046696,0.2426262433804709,0.005526139158576804
kodim24,Kodak,kodim24,0.1,0.05,2026,hqs_round1,0.0031582926100779166,0.0028762791134263905,8.929302362663883,0.40621336544998243,0.03299394065887484
kodim24,Kodak,kodim24,0.1,0.05,2026,hqs,0.003150290144697909,0.0028762791134263905,8.69796173322932,0.3951952697687062,0.03404319437976655
kodim24,Kodak,kodim24,0.1,0.05,2027,hqs_round1,0.003125772308125732,0.002840006672218829,9.142240948389901,0.4163797898432371,0.03355459741394029
kodim24,Kodak,kodim24,0.1,0.05,2027,hqs,0.0031342571652806855,0.002840006672218829,9.388205164572227,0.42815267019255643,0.035787328202250945
kodim24,Kodak,kodim24,0.1,0.05,2028,hqs_round1,0.0030988484391701186,0.0028402127829999114,8.34618605095352,0.37849458224278365,0.031962909035626375
kodim24,Kodak,kodim24,0.1,0.05,2028,hqs,0.0031114055339290683,0.0028402127829999114,8.716084996695884,0.3960574207942962,0.03347721878723953
hevc_BQTerrace_f0000,HEVC_B,BQTerrace,0.01,0.0,2026,hqs_round1,0.010056636867773482,0.01005255337925309,0.04060491170242431,0.0017638070294374586,0.0014609348990645143
hevc_BQTerrace_f0000,HEVC_B,BQTerrace,0.01,0.0,2026,hqs,0.010086530950483421,0.01005255337925309,0.33686082357882174,0.014654375991757007,0.0020598321874926717
hevc_BQTerrace_f0000,HEVC_B,BQTerrace,0.04,0.0,2026,hqs_round1,0.004840580883447403,0.00480863679841387,0.6599225548067245,0.028755057661328465,0.00033545079114194465
hevc_BQTerrace_f0000,HEVC_B,BQTerrace,0.04,0.0,2026,hqs,0.004865288683942648,0.00480863679841387,1.1644095388573916,0.05086638837668289,0.0008348649122805751
hevc_BQTerrace_f0000,HEVC_B,BQTerrace,0.1,0.0,2026,hqs_round1,0.0023686947546368298,0.002352539624746879,0.6820266671476505,0.029721511728411087,0.0005683962983191737
hevc_BQTerrace_f0000,HEVC_B,BQTerrace,0.1,0.0,2026,hqs,0.0024613306081492986,0.002352539624746879,4.4200069280502134,0.1963300529476122,0.0051098460995555595
hevc_BQTerrace_f0000,HEVC_B,BQTerrace,0.25,0.0,2026,hqs_round1,0.0008854349459274534,0.0008875428703680222,-0.2380665513897151,-0.010326811488969412,-0.0008022547901868071
hevc_BQTerrace_f0000,HEVC_B,BQTerrace,0.25,0.0,2026,hqs,0.0009058905332695058,0.0008875428703680222,2.0253730696648264,0.08886381561574552,0.0008255763666630278
hevc_BQTerrace_f0000,HEVC_B,BQTerrace,0.5,0.0,2026,hqs_round1,0.0002456292913920495,0.000235821002381344,3.9931267786179836,0.17697674301400212,0.0012319117765425824
hevc_BQTerrace_f0000,HEVC_B,BQTerrace,0.5,0.0,2026,hqs,0.00025783167105609115,0.000235821002381344,8.536836682859938,0.3875378231876283,0.0025392703962325847
hevc_BQTerrace_f0000,HEVC_B,BQTerrace,0.1,0.01,2026,hqs_round1,0.002536187471234378,0.002512785631143151,0.9227172816147156,0.040259128309880765,0.0008478904782691643
hevc_BQTerrace_f0000,HEVC_B,BQTerrace,0.1,0.01,2026,hqs,0.002602819210629842,0.002512785631143151,3.4590792598654607,0.15288563498963015,0.005729224585608539
hevc_BQTerrace_f0000,HEVC_B,BQTerrace,0.1,0.01,2027,hqs_round1,0.002595812023672347,0.002571394375863245,0.9406554706745673,0.041045500486852404,-0.0001341984694003262
hevc_BQTerrace_f0000,HEVC_B,BQTerrace,0.1,0.01,2027,hqs,0.0026396633242939463,0.002571394375863245,2.586274840522018,0.11379848654418723,0.003130769123785293
hevc_BQTerrace_f0000,HEVC_B,BQTerrace,0.1,0.01,2028,hqs_round1,0.0025866923342349555,0.002582653297811939,0.1561467658739213,0.0067866678397834335,-0.0014019191531576825
hevc_BQTerrace_f0000,HEVC_B,BQTerrace,0.1,0.01,2028,hqs,0.0026342606818851436,0.002582653297811939,1.9590841721963903,0.08592640533955986,0.0027575483748614182
hevc_BQTerrace_f0000,HEVC_B,BQTerrace,0.1,0.05,2026,hqs_round1,0.0048957833618049834,0.004153762425156778,15.156327022906424,0.7138053865670848,0.08451237651346
hevc_BQTerrace_f0000,HEVC_B,BQTerrace,0.1,0.05,2026,hqs,0.004895069500900372,0.004153762425156778,15.143954046152807,0.7131720896385829,0.09250596519275456
hevc_BQTerrace_f0000,HEVC_B,BQTerrace,0.1,0.05,2027,hqs_round1,0.00498597778846357,0.0042480425185405036,14.800211738417346,0.6956148454011384,0.07989112587890568
hevc_BQTerrace_f0000,HEVC_B,BQTerrace,0.1,0.05,2027,hqs,0.004968384886293354,0.0042480425185405036,14.498521838356593,0.6802637706251851,0.08703260204431207
hevc_BQTerrace_f0000,HEVC_B,BQTerrace,0.1,0.05,2028,hqs_round1,0.004891742933846398,0.004164472301684501,14.867310935941624,0.69903648444377,0.08231483546756124
hevc_BQTerrace_f0000,HEVC_B,BQTerrace,0.1,0.05,2028,hqs,0.0048898308143950145,0.004164472301684501,14.834020649040747,0.6973385512513666,0.09016547820266807
hevc_BQTerrace_f0200,HEVC_B,BQTerrace,0.01,0.0,2026,hqs_round1,0.004365355827435727,0.004276183488700406,2.0427278384704373,0.08963317276296223,0.0038802517652783974
hevc_BQTerrace_f0200,HEVC_B,BQTerrace,0.01,0.0,2026,hqs,0.004329853457590109,0.004276183488700406,1.2395331485323346,0.0541686577800462,0.0005333612578988234
hevc_BQTerrace_f0200,HEVC_B,BQTerrace,0.04,0.0,2026,hqs_round1,0.0014716567963616604,0.0014239327468853866,3.2428790186856626,0.14317062597573482,0.0022297355544343977
hevc_BQTerrace_f0200,HEVC_B,BQTerrace,0.04,0.0,2026,hqs,0.0014946846299565683,0.0014239327468853866,4.733565974598775,0.21060090813429255,0.0038123092300966777
hevc_BQTerrace_f0200,HEVC_B,BQTerrace,0.1,0.0,2026,hqs_round1,0.0005178260399029046,0.0005041667604778425,2.6378123872687675,0.11609676587110584,0.0011619798791409064
hevc_BQTerrace_f0200,HEVC_B,BQTerrace,0.1,0.0,2026,hqs,0.000541320387909084,0.0005041667604778425,6.863518954967107,0.30880174945212957,0.002542546908140264
hevc_BQTerrace_f0200,HEVC_B,BQTerrace,0.25,0.0,2026,hqs_round1,0.00015048827340170224,0.000152423887305032,-1.2862224142627943,-0.0555037392494242,-0.0002575435924530023
hevc_BQTerrace_f0200,HEVC_B,BQTerrace,0.25,0.0,2026,hqs,0.00015689429325901725,0.000152423887305032,2.8493107436387444,0.12554113858100635,-6.467068195403769e-06
hevc_BQTerrace_f0200,HEVC_B,BQTerrace,0.5,0.0,2026,hqs_round1,3.581865910961247e-05,3.484238482226407e-05,2.725602553576334,0.12001450696450178,9.608819389350653e-05
hevc_BQTerrace_f0200,HEVC_B,BQTerrace,0.5,0.0,2026,hqs,3.8826455604746005e-05,3.484238482226407e-05,10.261227094844417,0.4701987333830502,0.000381867806434677
hevc_BQTerrace_f0200,HEVC_B,BQTerrace,0.1,0.01,2026,hqs_round1,0.0006556383930170188,0.0006212033311049159,5.252142381968328,0.234306012563124,0.004286238269567422
hevc_BQTerrace_f0200,HEVC_B,BQTerrace,0.1,0.01,2026,hqs,0.0006686515747089338,0.0006212033311049159,7.096108855299155,0.3196609583109691,0.00581170352792737
hevc_BQTerrace_f0200,HEVC_B,BQTerrace,0.1,0.01,2027,hqs_round1,0.0006573796185405552,0.0006172502076103311,6.1044501226422465,0.27354990369728327,0.005018040917396549
hevc_BQTerrace_f0200,HEVC_B,BQTerrace,0.1,0.01,2027,hqs,0.0006709127292239201,0.0006172502076103311,7.998435456078356,0.3620478714341857,0.006781650111198467
hevc_BQTerrace_f0200,HEVC_B,BQTerrace,0.1,0.01,2028,hqs_round1,0.000650409383340614,0.0006160835374952314,5.277575435501747,0.23547194051199583,0.004027427872657752
hevc_BQTerrace_f0200,HEVC_B,BQTerrace,0.1,0.01,2028,hqs,0.0006746726091825171,0.0006160835374952314,8.684074451796187,0.39453474661089416,0.0064314201562405415
hevc_BQTerrace_f0200,HEVC_B,BQTerrace,0.1,0.05,2026,hqs_round1,0.002092123938224169,0.0014755069652269135,29.47325259901431,1.5164614477267477,0.13163290798572524
hevc_BQTerrace_f0200,HEVC_B,BQTerrace,0.1,0.05,2026,hqs,0.0020489599556166175,0.0014755069652269135,27.987515754895664,1.4259220678037927,0.1341704065468451
hevc_BQTerrace_f0200,HEVC_B,BQTerrace,0.1,0.05,2027,hqs_round1,0.002098976352217728,0.001464225630730505,30.24096583158551,1.5639954095151758,0.1279769792060257
hevc_BQTerrace_f0200,HEVC_B,BQTerrace,0.1,0.05,2027,hqs,0.0020537354537185667,0.001464225630730505,28.70427259366216,1.4693649566636253,0.13149689543432463
hevc_BQTerrace_f0200,HEVC_B,BQTerrace,0.1,0.05,2028,hqs_round1,0.0021217967300926135,0.0014992110804032462,29.34237954368948,1.5084099243322733,0.12637731303980948
hevc_BQTerrace_f0200,HEVC_B,BQTerrace,0.1,0.05,2028,hqs,0.0020789385613761806,0.0014992110804032462,27.885743799430806,1.419788715189238,0.13010764008533215
hevc_BQTerrace_f0400,HEVC_B,BQTerrace,0.01,0.0,2026,hqs_round1,0.004490460653339048,0.004447579997253759,0.9549277768062248,0.04167126985730363,0.003478678825248327
hevc_BQTerrace_f0400,HEVC_B,BQTerrace,0.01,0.0,2026,hqs,0.004459724732321666,0.004447579997253759,0.27232028425182575,0.011842852249245084,0.002048846334687049
hevc_BQTerrace_f0400,HEVC_B,BQTerrace,0.04,0.0,2026,hqs_round1,0.002178029817985827,0.0021237278370873644,2.4931697651724094,0.10964961435829679,0.003339178799130038
hevc_BQTerrace_f0400,HEVC_B,BQTerrace,0.04,0.0,2026,hqs,0.0021959660990172013,0.0021237278370873644,3.2895891226265683,0.1452677159204825,0.004907872341789354
hevc_BQTerrace_f0400,HEVC_B,BQTerrace,0.1,0.0,2026,hqs_round1,0.0010109627270584788,0.0009915619926826767,1.9190355743629595,0.08415272406888619,0.0018216989886760127
hevc_BQTerrace_f0400,HEVC_B,BQTerrace,0.1,0.0,2026,hqs,0.0010385855586397478,0.0009915619926826767,4.527654516846802,0.2012240792762583,0.004690221446990939
hevc_BQTerrace_f0400,HEVC_B,BQTerrace,0.25,0.0,2026,hqs_round1,0.00033259386065927974,0.000326402169986802,1.8616370910167657,0.08161190960004916,0.0003459738502501475
hevc_BQTerrace_f0400,HEVC_B,BQTerrace,0.25,0.0,2026,hqs,0.0003400360857933353,0.000326402169986802,4.009549684917757,0.17771970937091197,0.0012522226352691401
hevc_BQTerrace_f0400,HEVC_B,BQTerrace,0.5,0.0,2026,hqs_round1,7.777374142074542e-05,7.713397377884412e-05,0.8226010864518463,0.03587285965318188,3.519736003876339e-05
hevc_BQTerrace_f0400,HEVC_B,BQTerrace,0.5,0.0,2026,hqs,7.945231738753324e-05,7.713397377884412e-05,2.9179055878021387,0.12860862934986983,0.00021960537147525105
hevc_BQTerrace_f0400,HEVC_B,BQTerrace,0.1,0.01,2026,hqs_round1,0.0011992628153128914,0.0011662028878572015,2.7566874444501566,0.12140255504422726,0.002857908960223199
hevc_BQTerrace_f0400,HEVC_B,BQTerrace,0.1,0.01,2026,hqs,0.0012108943178981528,0.0011662028878572015,3.6907787393474445,0.1633212875405725,0.004769783893525559
hevc_BQTerrace_f0400,HEVC_B,BQTerrace,0.1,0.01,2027,hqs_round1,0.001189123074438603,0.0011706915025294106,1.5500138131533614,0.06784340460110627,0.0015579843823574357
hevc_BQTerrace_f0400,HEVC_B,BQTerrace,0.1,0.01,2027,hqs,0.0012035201478597082,0.0011706915025294106,2.727718799612844,0.12010899061053237,0.0038867871336237814
hevc_BQTerrace_f0400,HEVC_B,BQTerrace,0.1,0.01,2028,hqs_round1,0.001172801479260619,0.0011338963678914928,3.3172802095759346,0.14651140914791938,0.0031802320781051385
hevc_BQTerrace_f0400,HEVC_B,BQTerrace,0.1,0.01,2028,hqs,0.0011860845820063852,0.0011338963678914928,4.400041523734388,0.1954229635917848,0.005552870722919656
hevc_BQTerrace_f0400,HEVC_B,BQTerrace,0.1,0.05,2026,hqs_round1,0.0027544910022675928,0.0021435851856699537,22.178537381124862,1.0890061108897982,0.08992538311418985
hevc_BQTerrace_f0400,HEVC_B,BQTerrace,0.1,0.05,2026,hqs,0.0026998852399961475,0.0021435851856699537,20.60458148684081,1.0020455767190484,0.09275170482049233
hevc_BQTerrace_f0400,HEVC_B,BQTerrace,0.1,0.05,2027,hqs_round1,0.0026350127880515255,0.0021234784596115726,19.412973278896672,0.9373486733789456,0.08527784707077124
hevc_BQTerrace_f0400,HEVC_B,BQTerrace,0.1,0.05,2027,hqs,0.0026132879736414307,0.0021234784596115726,18.74303631938976,0.9013940993716112,0.08961327156905918
hevc_BQTerrace_f0400,HEVC_B,BQTerrace,0.1,0.05,2028,hqs_round1,0.002610826141101739,0.0021130808406502333,19.064666643848703,0.9186184017301606,0.08059868804781878
hevc_BQTerrace_f0400,HEVC_B,BQTerrace,0.1,0.05,2028,hqs,0.002557778294541497,0.0021130808406502333,17.38608286888208,0.8294678531735578,0.08404240462021528
hevc_BasketballDrive_f0000,HEVC_B,BasketballDrive,0.01,0.0,2026,hqs_round1,0.0023157758572673673,0.002208363062217336,4.638307058645097,0.20626047572774198,0.008006617846124886
hevc_BasketballDrive_f0000,HEVC_B,BasketballDrive,0.01,0.0,2026,hqs,0.002341546077334195,0.002208363062217336,5.687823801805569,0.2543223394014973,0.010891159155462238
hevc_BasketballDrive_f0000,HEVC_B,BasketballDrive,0.04,0.0,2026,hqs_round1,0.0006613781321040738,0.000654256372006774,1.0768061040426269,0.04701870181771639,0.0007778936480880017
hevc_BasketballDrive_f0000,HEVC_B,BasketballDrive,0.04,0.0,2026,hqs,0.0006781113021264478,0.000654256372006774,3.5178487727410834,0.15553021790653787,0.0010482173399924966
hevc_BasketballDrive_f0000,HEVC_B,BasketballDrive,0.1,0.0,2026,hqs_round1,0.0002981314822202754,0.00029724767076906605,0.2964502254600432,0.012893791000742283,-0.0006068694725036572
hevc_BasketballDrive_f0000,HEVC_B,BasketballDrive,0.1,0.0,2026,hqs,0.00031009248252715954,0.00029724767076906605,4.14225190285562,0.18372777727617517,-0.00020664955997473644
hevc_BasketballDrive_f0000,HEVC_B,BasketballDrive,0.25,0.0,2026,hqs_round1,9.314432606777215e-05,8.981110416618215e-05,3.578556034819269,0.15826369000964746,0.00013549751091002094
hevc_BasketballDrive_f0000,HEVC_B,BasketballDrive,0.25,0.0,2026,hqs,0.00010082880945196245,8.981110416618215e-05,10.92714011567243,0.5025460346016573,0.0012732505311965348
hevc_BasketballDrive_f0000,HEVC_B,BasketballDrive,0.5,0.0,2026,hqs_round1,2.495594674478223e-05,2.4337102737375523e-05,2.479745664371935,0.10905174735697898,3.9014576911911014e-05
hevc_BasketballDrive_f0000,HEVC_B,BasketballDrive,0.5,0.0,2026,hqs,2.570291088679382e-05,2.4337102737375523e-05,5.313826731275217,0.23713435057031518,-0.00014401832962041006
hevc_BasketballDrive_f0000,HEVC_B,BasketballDrive,0.1,0.01,2026,hqs_round1,0.0003595899477298881,0.00035459576907853363,1.3888537994131922,0.06073993174202741,0.0013094170246124026
hevc_BasketballDrive_f0000,HEVC_B,BasketballDrive,0.1,0.01,2026,hqs,0.00036791834325102993,0.00035459576907853363,3.621068211705425,0.1601789149216728,0.002054313442230171
hevc_BasketballDrive_f0000,HEVC_B,BasketballDrive,0.1,0.01,2027,hqs_round1,0.00036489793718080495,0.00035437531060820694,2.883717746911818,0.12707951349882762,0.002454596156835631
hevc_BasketballDrive_f0000,HEVC_B,BasketballDrive,0.1,0.01,2027,hqs,0.0003748074093345477,0.00035437531060820694,5.4513593428200835,0.24344710703971373,0.003155215680599288
hevc_BasketballDrive_f0000,HEVC_B,BasketballDrive,0.1,0.01,2028,hqs_round1,0.0003577932890930441,0.0003536614690043501,1.154806480347248,0.05044443989594072,0.0003823000574112445
hevc_BasketballDrive_f0000,HEVC_B,BasketballDrive,0.1,0.01,2028,hqs,0.00036903708307574817,0.0003536614690043501,4.166414373116567,0.18482262359552948,0.0008877748808860941
hevc_BasketballDrive_f0000,HEVC_B,BasketballDrive,0.1,0.05,2026,hqs_round1,0.0012678470896974612,0.0007424573811074507,41.439516867557046,2.323953489426895,0.12674467734079808
hevc_BasketballDrive_f0000,HEVC_B,BasketballDrive,0.1,0.05,2026,hqs,0.0012479777637313934,0.0007424573811074507,40.5071626526791,2.2553531809974494,0.12790760396580592
hevc_BasketballDrive_f0000,HEVC_B,BasketballDrive,0.1,0.05,2027,hqs_round1,0.0012709070200471464,0.0007400151100239019,41.77267901184071,2.348731911185684,0.13416193577835334
hevc_BasketballDrive_f0000,HEVC_B,BasketballDrive,0.1,0.05,2027,hqs,0.0012619567645358646,0.0007400151100239019,41.359709712711734,2.318038884717133,0.13575963568470262
hevc_BasketballDrive_f0000,HEVC_B,BasketballDrive,0.1,0.05,2028,hqs_round1,0.001243266722381259,0.0007508645593737682,39.605512971856996,2.190027031426098,0.12856581781703424
hevc_BasketballDrive_f0000,HEVC_B,BasketballDrive,0.1,0.05,2028,hqs,0.0012388677648161183,0.0007508645593737682,39.39106491440457,2.174633465874585,0.13011391643209946
hevc_BasketballDrive_f0167,HEVC_B,BasketballDrive,0.01,0.0,2026,hqs_round1,0.004040121458995615,0.003935668452200307,2.5853927377043395,0.11375916039675715,0.006113531395156913
hevc_BasketballDrive_f0167,HEVC_B,BasketballDrive,0.01,0.0,2026,hqs,0.0040177228403065444,0.003935668452200307,2.042310815545867,0.08961468405196982,0.005046148610946544
hevc_BasketballDrive_f0167,HEVC_B,BasketballDrive,0.04,0.0,2026,hqs_round1,0.001510445732171734,0.0015236175494024395,-0.8720483596432738,-0.037708399246842106,0.0006496978602371639
hevc_BasketballDrive_f0167,HEVC_B,BasketballDrive,0.04,0.0,2026,hqs,0.0015351272106575707,0.0015236175494024395,0.7497529309118955,0.03268403450408641,0.0023103101169839046
hevc_BasketballDrive_f0167,HEVC_B,BasketballDrive,0.1,0.0,2026,hqs_round1,0.0007743158750680746,0.0007694114149151483,0.633392690353296,0.027595381144109865,-0.0020563606616258445
hevc_BasketballDrive_f0167,HEVC_B,BasketballDrive,0.1,0.0,2026,hqs,0.0008056339496212708,0.0007694114149151483,4.496152964153355,0.19979134041495783,-0.0006661237370967354
hevc_BasketballDrive_f0167,HEVC_B,BasketballDrive,0.25,0.0,2026,hqs_round1,0.0002624565958988291,0.0002556382996766221,2.597875735931321,0.11431571395481654,-0.0015779374804497648
hevc_BasketballDrive_f0167,HEVC_B,BasketballDrive,0.25,0.0,2026,hqs,0.00029097705503321295,0.0002556382996766221,12.144859790596607,0.5623282381839516,0.0019164906792640268
hevc_BasketballDrive_f0167,HEVC_B,BasketballDrive,0.5,0.0,2026,hqs_round1,6.875777259477207e-05,7.6171601910496e-05,-10.782532702764769,-0.44471289735214015,-0.0037053644208907555
hevc_BasketballDrive_f0167,HEVC_B,BasketballDrive,0.5,0.0,2026,hqs,7.70872148038201e-05,7.6171601910496e-05,1.1877623230444279,0.051892656709839,-0.0020140816135406636
hevc_BasketballDrive_f0167,HEVC_B,BasketballDrive,0.1,0.01,2026,hqs_round1,0.0008491036161747128,0.0008455334946281765,0.42045770133686267,0.018298742206496854,-0.0024658089374385295
hevc_BasketballDrive_f0167,HEVC_B,BasketballDrive,0.1,0.01,2026,hqs,0.0008773390780139334,0.0008455334946281765,3.6252327273232132,0.16036657680953326,-0.0011543179057917907
hevc_BasketballDrive_f0167,HEVC_B,BasketballDrive,0.1,0.01,2027,hqs_round1,0.0008474248649769842,0.0008420071331875057,0.6393170667260972,0.02785432131936716,-0.001331676473498411
hevc_BasketballDrive_f0167,HEVC_B,BasketballDrive,0.1,0.01,2027,hqs,0.0008793158541111283,0.0008420071331875057,4.242925991745794,0.1882913287612098,0.0006588261797427775
hevc_BasketballDrive_f0167,HEVC_B,BasketballDrive,0.1,0.01,2028,hqs_round1,0.0008285823208267287,0.0008222259008398703,0.7671440516032524,0.033445093521692115,-0.001071839652776796
hevc_BasketballDrive_f0167,HEVC_B,BasketballDrive,0.1,0.01,2028,hqs,0.0008618122420265441,0.0008222259008398703,4.593383483806967,0.20421505622639202,0.0010299623197317365
hevc_BasketballDrive_f0167,HEVC_B,BasketballDrive,0.1,0.05,2026,hqs_round1,0.0019277124466908506,0.00146013908433068,24.255347998754495,1.2064802537801285,0.09638299635738301
hevc_BasketballDrive_f0167,HEVC_B,BasketballDrive,0.1,0.05,2026,hqs,0.0019320616462903599,0.00146013908433068,24.425854261213196,1.2162675322097307,0.09841681866229801
hevc_BasketballDrive_f0167,HEVC_B,BasketballDrive,0.1,0.05,2027,hqs_round1,0.001913830920123224,0.001461153567996792,23.652943808499337,1.1720770391777222,0.09285946976510984
hevc_BasketballDrive_f0167,HEVC_B,BasketballDrive,0.1,0.05,2027,hqs,0.0019134095408565451,0.001461153567996792,23.63613033189429,1.1711207225160862,0.09474057373829603
hevc_BasketballDrive_f0167,HEVC_B,BasketballDrive,0.1,0.05,2028,hqs_round1,0.0018753409938452464,0.001437710026466608,23.33607428275264,1.1540894566494906,0.09636658268275855
hevc_BasketballDrive_f0167,HEVC_B,BasketballDrive,0.1,0.05,2028,hqs,0.0018899047606937764,0.001437710026466608,23.9268530156604,1.187686175340719,0.09807148961821577
hevc_BasketballDrive_f0334,HEVC_B,BasketballDrive,0.01,0.0,2026,hqs_round1,0.004704215899962089,0.004577056097069439,2.7031030377171805,0.11901010231618514,0.007429107513615474
hevc_BasketballDrive_f0334,HEVC_B,BasketballDrive,0.01,0.0,2026,hqs,0.0047326408389785374,0.004577056097069439,3.2874825536661434,0.14517311790325493,0.008413245594023455
hevc_BasketballDrive_f0334,HEVC_B,BasketballDrive,0.04,0.0,2026,hqs_round1,0.0013765553515946874,0.0013614859122059186,1.0947209185094842,0.0478052726253928,-0.000239805256762593
hevc_BasketballDrive_f0334,HEVC_B,BasketballDrive,0.04,0.0,2026,hqs,0.001410423490290268,0.0013614859122059186,3.469708099818869,0.1533638053478441,0.0021218106812973536
hevc_BasketballDrive_f0334,HEVC_B,BasketballDrive,0.1,0.0,2026,hqs_round1,0.000559996803537581,0.0005418227075179051,3.2453928138281296,0.1432834591739507,-2.1078592181256184e-05
hevc_BasketballDrive_f0334,HEVC_B,BasketballDrive,0.1,0.0,2026,hqs,0.000582823345101266,0.0005418227075179051,7.03483103893805,0.3167973705295708,0.0010980201777219811
hevc_BasketballDrive_f0334,HEVC_B,BasketballDrive,0.25,0.0,2026,hqs_round1,0.00013555986909982444,0.00013341142105252764,1.5848702581106155,0.06938130650825514,0.0002836148905753788
hevc_BasketballDrive_f0334,HEVC_B,BasketballDrive,0.25,0.0,2026,hqs,0.00014968208426167408,0.00013341142105252764,10.870147412366382,0.4997681175817519,0.0019646277189254713
hevc_BasketballDrive_f0334,HEVC_B,BasketballDrive,0.5,0.0,2026,hqs_round1,2.8490601209772172e-05,2.8117773374482705e-05,1.3085993957950848,0.057206875820909886,1.740755558010676e-05
hevc_BasketballDrive_f0334,HEVC_B,BasketballDrive,0.5,0.0,2026,hqs,3.0791620568779995e-05,2.8117773374482705e-05,8.683684537891246,0.39451620251852404,0.000501649800300541
hevc_BasketballDrive_f0334,HEVC_B,BasketballDrive,0.1,0.01,2026,hqs_round1,0.000634468718461807,0.0006061824585486145,4.45825918443531,0.19806849930348136,0.0013369870839118336
hevc_BasketballDrive_f0334,HEVC_B,BasketballDrive,0.1,0.01,2026,hqs,0.0006290459220580127,0.0006061824585486145,3.6346255031106667,0.16078986493830882,0.0020017245354652102
hevc_BasketballDrive_f0334,HEVC_B,BasketballDrive,0.1,0.01,2027,hqs_round1,0.0006208945879401848,0.0006015648510842782,3.113207496305115,0.1373542143949109,0.0009082507553398456
hevc_BasketballDrive_f0334,HEVC_B,BasketballDrive,0.1,0.01,2027,hqs,0.0006436648209703171,0.0006015648510842782,6.54066658832988,0.2937732085788305,0.0022183414338287077
hevc_BasketballDrive_f0334,HEVC_B,BasketballDrive,0.1,0.01,2028,hqs_round1,0.0006255349523974652,0.000610014249360927,2.4811887772302144,0.10911601509219793,0.0009832938944036584
hevc_BasketballDrive_f0334,HEVC_B,BasketballDrive,0.1,0.01,2028,hqs,0.0006339801398103637,0.000610014249360927,3.7802273201500314,0.1673567345718574,0.002045706833195937
hevc_BasketballDrive_f0334,HEVC_B,BasketballDrive,0.1,0.05,2026,hqs_round1,0.0015909508489847992,0.0011683998291954886,26.559652679336033,1.3406527789762102,0.08736673120003935
hevc_BasketballDrive_f0334,HEVC_B,BasketballDrive,0.1,0.05,2026,hqs,0.0015618114237556772,0.0011683998291954886,25.18944275706182,1.2603711030634877,0.09020393694563211
hevc_BasketballDrive_f0334,HEVC_B,BasketballDrive,0.1,0.05,2027,hqs_round1,0.0015277439754491126,0.001155026877643681,24.396567997976458,1.2145848934390315,0.07746094110184165
hevc_BasketballDrive_f0334,HEVC_B,BasketballDrive,0.1,0.05,2027,hqs,0.0015104550424435356,0.001155026877643681,23.531197871660016,1.1651571291198053,0.08042696015166495
hevc_BasketballDrive_f0334,HEVC_B,BasketballDrive,0.1,0.05,2028,hqs_round1,0.0015599911848016754,0.001152573395681491,26.116672522863016,1.314535535076864,0.0869777424298227
hevc_BasketballDrive_f0334,HEVC_B,BasketballDrive,0.1,0.05,2028,hqs,0.001550129426324544,0.001152573395681491,25.64663465460969,1.2869936987429043,0.08989827719048882
hevc_Cactus_f0000,HEVC_B,Cactus,0.01,0.0,2026,hqs_round1,0.005887643708801867,0.005831343624373849,0.9562413626329147,0.04172886856931157,0.003247353417615506
hevc_Cactus_f0000,HEVC_B,Cactus,0.01,0.0,2026,hqs,0.005914811006002203,0.005831343624373849,1.4111588949106468,0.06172238413125086,0.0045434367294244216
hevc_Cactus_f0000,HEVC_B,Cactus,0.04,0.0,2026,hqs_round1,0.002546967851014579,0.0025197960502466995,1.0668293577814736,0.04658072289675985,0.001280723352826696
hevc_Cactus_f0000,HEVC_B,Cactus,0.04,0.0,2026,hqs,0.0025666329598921177,0.0025197960502466995,1.8248386262205152,0.07998376192666612,0.0023053600373319494
hevc_Cactus_f0000,HEVC_B,Cactus,0.1,0.0,2026,hqs_round1,0.0012063051661566973,0.0011941089652812602,1.011037772000456,0.04413228743057829,0.001446668363332737
hevc_Cactus_f0000,HEVC_B,Cactus,0.1,0.0,2026,hqs,0.0012387947860656166,0.0011941089652812602,3.607201231955248,0.15955409791358122,0.0034121471998691533
hevc_Cactus_f0000,HEVC_B,Cactus,0.25,0.0,2026,hqs_round1,0.0003959943370835284,0.000389830161985185,1.5566321336163869,0.06813536976889623,0.000406192736148836
hevc_Cactus_f0000,HEVC_B,Cactus,0.25,0.0,2026,hqs,0.00041365533555284167,0.000389830161985185,5.759667897384868,0.2576319210197511,0.0021274539985656205
hevc_Cactus_f0000,HEVC_B,Cactus,0.5,0.0,2026,hqs_round1,9.961162577770252e-05,9.843288576588175e-05,1.1833357829650226,0.051698108046934976,5.747074317941081e-05
hevc_Cactus_f0000,HEVC_B,Cactus,0.5,0.0,2026,hqs,0.00010629193427386639,9.843288576588175e-05,7.393833371905167,0.3336009276317,0.0008227776165008471
hevc_Cactus_f0000,HEVC_B,Cactus,0.1,0.01,2026,hqs_round1,0.0012610349245486695,0.0012522512955762978,0.6965412932964821,0.03035624907672485,0.0009971387529372766
hevc_Cactus_f0000,HEVC_B,Cactus,0.1,0.01,2026,hqs,0.001282487184567624,0.0012522512955762978,2.3575977487462985,0.10361544375395937,0.0023232632553576993
hevc_Cactus_f0000,HEVC_B,Cactus,0.1,0.01,2027,hqs_round1,0.0012527847499843067,0.0012392625897879666,1.0793681992464776,0.04713118486390755,0.0013569051234721963
hevc_Cactus_f0000,HEVC_B,Cactus,0.1,0.01,2027,hqs,0.0012753116334277082,0.0012392625897879666,2.8266850779719688,0.12452981711977529,0.0028094916231632405
hevc_Cactus_f0000,HEVC_B,Cactus,0.1,0.01,2028,hqs_round1,0.0012495876043539295,0.0012348385244264051,1.180315799879439,0.05156538327235083,0.0015164905064105616
hevc_Cactus_f0000,HEVC_B,Cactus,0.1,0.01,2028,hqs,0.0012734853696739431,0.0012348385244264051,3.034730211108194,0.13383789856369788,0.0029773287057877074
hevc_Cactus_f0000,HEVC_B,Cactus,0.1,0.05,2026,hqs_round1,0.0020192055448255033,0.0018393618372728989,8.906656779617073,0.4051335857348377,0.020321736870169582
hevc_Cactus_f0000,HEVC_B,Cactus,0.1,0.05,2026,hqs,0.002005270340038853,0.0018393618372728989,8.273622735712504,0.3750575862582046,0.021476385007739074
hevc_Cactus_f0000,HEVC_B,Cactus,0.1,0.05,2027,hqs_round1,0.001995134695174667,0.0018335443107809434,8.099221811165835,0.3668081112002959,0.02075849175173039
hevc_Cactus_f0000,HEVC_B,Cactus,0.1,0.05,2027,hqs,0.001993449840047439,0.0018335443107809434,8.021547673489016,0.3631390234744529,0.022771661540471055
hevc_Cactus_f0000,HEVC_B,Cactus,0.1,0.05,2028,hqs_round1,0.0019949033522114255,0.0018113694121188587,9.20014194618063,0.41914830405029235,0.02313922745993735
hevc_Cactus_f0000,HEVC_B,Cactus,0.1,0.05,2028,hqs,0.001995851625828492,0.0018113694121188587,9.243282983676382,0.4212122243322618,0.025359005478143737
hevc_Cactus_f0166,HEVC_B,Cactus,0.01,0.0,2026,hqs_round1,0.006241619591244009,0.006135786850633689,1.695597417676431,0.07427031767115722,0.006495178984136429
hevc_Cactus_f0166,HEVC_B,Cactus,0.01,0.0,2026,hqs,0.006224952352389213,0.006135786850633689,1.4323885020790739,0.06265767193544036,0.006156485779597154
hevc_Cactus_f0166,HEVC_B,Cactus,0.04,0.0,2026,hqs_round1,0.0024445416384186185,0.002457833836203372,-0.5437501074169626,-0.02355079624744505,-0.0011927747611366613
hevc_Cactus_f0166,HEVC_B,Cactus,0.04,0.0,2026,hqs,0.0024617673389107308,0.002457833836203372,0.1597836905700034,0.006944867372713048,-0.0005330681182704744
hevc_Cactus_f0166,HEVC_B,Cactus,0.1,0.0,2026,hqs_round1,0.001071626134902326,0.0010647583628547585,0.6408738853866724,0.02792236866269704,0.0010206481192112093
hevc_Cactus_f0166,HEVC_B,Cactus,0.1,0.0,2026,hqs,0.0011108199607685997,0.0010647583628547585,4.146630375814486,0.18392615352770392,0.002861125903129591
hevc_Cactus_f0166,HEVC_B,Cactus,0.25,0.0,2026,hqs_round1,0.0003218328709364568,0.0003135736756769441,2.5662994694980568,0.11290802638959718,0.0007275898990631857
hevc_Cactus_f0166,HEVC_B,Cactus,0.25,0.0,2026,hqs,0.00033460347923264163,0.0003135736756769441,6.284992494377494,0.2819085569726667,0.0015668532485961784
hevc_Cactus_f0166,HEVC_B,Cactus,0.5,0.0,2026,hqs_round1,8.606193815636522e-05,8.514401850983799e-05,1.0665802632279453,0.046569788216999086,-2.3671214103737626e-05
hevc_Cactus_f0166,HEVC_B,Cactus,0.5,0.0,2026,hqs,8.898090828939735e-05,8.514401850983799e-05,4.312037102476463,0.19142691021241376,0.00026281941413874854
hevc_Cactus_f0166,HEVC_B,Cactus,0.1,0.01,2026,hqs_round1,0.0011325275680038405,0.0011288362167647288,0.32593919507124536,0.014178478567750119,0.000677274443149467
hevc_Cactus_f0166,HEVC_B,Cactus,0.1,0.01,2026,hqs,0.0011567460829538707,0.0011288362167647288,2.4127910697455013,0.10607102979353655,0.0018316501178741174
hevc_Cactus_f0166,HEVC_B,Cactus,0.1,0.01,2027,hqs_round1,0.001123095415233066,0.0011152250529094286,0.7007741476715124,0.0305413729890347,0.0009381691844463358
hevc_Cactus_f0166,HEVC_B,Cactus,0.1,0.01,2027,hqs,0.0011508412796683552,0.0011152250529094286,3.0947992036912564,0.13652914213146516,0.0023312719125748727
hevc_Cactus_f0166,HEVC_B,Cactus,0.1,0.01,2028,hqs_round1,0.0011305260212984259,0.0011245323865061024,0.5301633646114245,0.0230859532265022,0.0007694218413829557
hevc_Cactus_f0166,HEVC_B,Cactus,0.1,0.01,2028,hqs,0.001152175413989869,0.0011245323865061024,2.3992030335069803,0.10546636055264713,0.0020800305278301234
hevc_Cactus_f0166,HEVC_B,Cactus,0.1,0.05,2026,hqs_round1,0.001974819574803989,0.0017852023158285014,9.601751035626037,0.4383998183077793,0.021453008203603297
hevc_Cactus_f0166,HEVC_B,Cactus,0.1,0.05,2026,hqs,0.0019584494723869235,0.0017852023158285014,8.846138692936078,0.4022492976454686,0.02323902069138739
hevc_Cactus_f0166,HEVC_B,Cactus,0.1,0.05,2027,hqs_round1,0.0019490770261003036,0.0017737297804185236,8.996424632463773,0.4094154469111828,0.022546632385194387
hevc_Cactus_f0166,HEVC_B,Cactus,0.1,0.05,2027,hqs,0.0019508063579635455,0.0017737297804185236,9.07709659762812,0.4132670458481158,0.025144355749487923
hevc_Cactus_f0166,HEVC_B,Cactus,0.1,0.05,2028,hqs_round1,0.001963513523512665,0.0017756120614656385,9.569654590963895,0.43685810318244833,0.020814789870817307
hevc_Cactus_f0166,HEVC_B,Cactus,0.1,0.05,2028,hqs,0.0019422694941848271,0.0017756120614656385,8.580551422867034,0.3896140261166927,0.02397536179423343
hevc_Cactus_f0333,HEVC_B,Cactus,0.01,0.0,2026,hqs_round1,0.006563939159529472,0.006488100355578516,1.155385540721432,0.05046988204976799,0.006299624436775064
hevc_Cactus_f0333,HEVC_B,Cactus,0.01,0.0,2026,hqs,0.006547847733718895,0.006488100355578516,0.9124735419961394,0.039810128347390616,0.00595776169669765
hevc_Cactus_f0333,HEVC_B,Cactus,0.04,0.0,2026,hqs_round1,0.002766510931195426,0.0027376985896230195,1.0414685605437568,0.045467583311680215,0.0010073197134640166
hevc_Cactus_f0333,HEVC_B,Cactus,0.04,0.0,2026,hqs,0.002780438943483173,0.0027376985896230195,1.5371800902274524,0.06727730479608596,0.0017603413627501618
hevc_Cactus_f0333,HEVC_B,Cactus,0.1,0.0,2026,hqs_round1,0.0013164022572067675,0.0013058544283254165,0.8012618349448997,0.034938521546823864,0.0007553333292007469
hevc_Cactus_f0333,HEVC_B,Cactus,0.1,0.0,2026,hqs,0.0013501788169365061,0.0013058544283254165,3.282853208411285,0.14496523881631873,0.002565240637540822
hevc_Cactus_f0333,HEVC_B,Cactus,0.25,0.0,2026,hqs_round1,0.0004382400727643269,0.0004336130814298036,1.055812013113544,0.04609711304542685,0.00037873814964284325
hevc_Cactus_f0333,HEVC_B,Cactus,0.25,0.0,2026,hqs,0.0004604285458617622,0.0004336130814298036,5.8240230048658965,0.26059865667888715,0.002112863458156533
hevc_Cactus_f0333,HEVC_B,Cactus,0.5,0.0,2026,hqs_round1,0.00011546130979579061,0.0001129755890643793,2.1528603268122004,0.09451865379588043,0.0001939773378372145
hevc_Cactus_f0333,HEVC_B,Cactus,0.5,0.0,2026,hqs,0.00012269232612382495,0.0001129755890643793,7.91959641358434,0.3583278587078027,0.0009794345636366941
hevc_Cactus_f0333,HEVC_B,Cactus,0.1,0.01,2026,hqs_round1,0.0013593727172596334,0.0013491797733608249,0.749827017225746,0.032687276338766225,0.0006768320097922942
hevc_Cactus_f0333,HEVC_B,Cactus,0.1,0.01,2026,hqs,0.0013842011873635217,0.0013491797733608249,2.530081199352374,0.11129395733296477,0.002136492652177857
hevc_Cactus_f0333,HEVC_B,Cactus,0.1,0.01,2027,hqs_round1,0.0013605532008039555,0.0013519647617727195,0.6312461009360781,0.027501562718121875,0.0006286298651695388
hevc_Cactus_f0333,HEVC_B,Cactus,0.1,0.01,2027,hqs,0.0013946989673382564,0.0013519647617727195,3.064045114129099,0.13515107239618374,0.002635815025091137
hevc_Cactus_f0333,HEVC_B,Cactus,0.1,0.01,2028,hqs_round1,0.0013497561482945233,0.0013409933472771551,0.6492136396963555,0.02828691104853931,0.00037020860767367214
hevc_Cactus_f0333,HEVC_B,Cactus,0.1,0.01,2028,hqs,0.0013782747217999766,0.0013409933472771551,2.704930586997445,0.11909167758187067,0.0021407140212059694
hevc_Cactus_f0333,HEVC_B,Cactus,0.1,0.05,2026,hqs_round1,0.0020854134654355555,0.0019326751160323242,7.324127897645982,0.33033318463136396,0.015737885619282688
hevc_Cactus_f0333,HEVC_B,Cactus,0.1,0.05,2026,hqs,0.002085229417550508,0.0019326751160323242,7.315948079103329,0.32994988170576534,0.018247342803955124
hevc_Cactus_f0333,HEVC_B,Cactus,0.1,0.05,2027,hqs_round1,0.0020924596078290385,0.0019519579989577584,6.714662894594792,0.3018661471714097,0.017275213557243374
hevc_Cactus_f0333,HEVC_B,Cactus,0.1,0.05,2027,hqs,0.002101168916973852,0.0019519579989577584,7.101329017896873,0.3199049902323239,0.020054475157260887
hevc_Cactus_f0333,HEVC_B,Cactus,0.1,0.05,2028,hqs_round1,0.0021163880140512973,0.001971280206329993,6.856389601429058,0.3084693211310281,0.015786202641963953
hevc_Cactus_f0333,HEVC_B,Cactus,0.1,0.05,2028,hqs,0.0021021194536412365,0.001971280206329993,6.224158531267432,0.27909030151511516,0.01732845957040785
hevc_Kimono1_f0000,HEVC_B,Kimono1,0.01,0.0,2026,hqs_round1,0.002693383482503545,0.002726109200370923,-1.2150411584524345,-0.052450560484892605,-0.0040019061463412164
hevc_Kimono1_f0000,HEVC_B,Kimono1,0.01,0.0,2026,hqs,0.002693546526216956,0.002726109200370923,-1.2089144864225077,-0.05218766868956237,-0.004017248174192911
hevc_Kimono1_f0000,HEVC_B,Kimono1,0.04,0.0,2026,hqs_round1,0.001199927178740979,0.0011929753595583668,0.5793534229224129,0.025234167759389692,-0.0011447039952278137
hevc_Kimono1_f0000,HEVC_B,Kimono1,0.04,0.0,2026,hqs,0.0012196513332632323,0.0011929753595583668,2.1871803012335267,0.09604221290434012,0.00030698593628397663
hevc_Kimono1_f0000,HEVC_B,Kimono1,0.1,0.0,2026,hqs_round1,0.0005246589334621253,0.0005345886136585067,-1.8925971832514765,-0.0814263229640062,-0.000886720300197652
hevc_Kimono1_f0000,HEVC_B,Kimono1,0.1,0.0,2026,hqs,0.0005355889585712504,0.0005345886136585067,0.18677474520987225,0.00811910870513799,-0.0003195536952018685
hevc_Kimono1_f0000,HEVC_B,Kimono1,0.25,0.0,2026,hqs_round1,0.00014164544669079774,0.00014223042725469156,-0.412989317736967,-0.017898963162913617,-6.627323246000127e-05
hevc_Kimono1_f0000,HEVC_B,Kimono1,0.25,0.0,2026,hqs,0.00014327381382124704,0.00014223042725469156,0.7282465223249046,0.03174306931275339,0.00020004045581822893
hevc_Kimono1_f0000,HEVC_B,Kimono1,0.5,0.0,2026,hqs_round1,2.7028105961525903e-05,2.6989532570076762e-05,0.14271585106278017,0.006202497686864206,-2.1973955154352964e-05
hevc_Kimono1_f0000,HEVC_B,Kimono1,0.5,0.0,2026,hqs,2.7382021215264168e-05,2.6989532570076762e-05,1.4333808381121638,0.06270139504349004,4.913106060033812e-05
hevc_Kimono1_f0000,HEVC_B,Kimono1,0.1,0.01,2026,hqs_round1,0.0005487955601850538,0.0005586914044391147,-1.8031932056309152,-0.07761400494212722,-0.0009892737956047615
hevc_Kimono1_f0000,HEVC_B,Kimono1,0.1,0.01,2026,hqs,0.0005614229886565887,0.0005586914044391147,0.4865465562801874,0.021182020542269697,-0.00022978595590594786
hevc_Kimono1_f0000,HEVC_B,Kimono1,0.1,0.01,2027,hqs_round1,0.0005496841715078651,0.0005616514043928455,-2.177110694701745,-0.0935361779145154,-0.0013836350741387449
hevc_Kimono1_f0000,HEVC_B,Kimono1,0.1,0.01,2027,hqs,0.0005552548252689147,0.0005616514043928455,-1.152007840874325,-0.04974507824152141,-0.001188292913436917
hevc_Kimono1_f0000,HEVC_B,Kimono1,0.1,0.01,2028,hqs_round1,0.0005524153301803093,0.0005628790907953576,-1.8941836048671723,-0.08149394012259137,-0.0011185297408103922
hevc_Kimono1_f0000,HEVC_B,Kimono1,0.1,0.01,2028,hqs,0.0005586633492166201,0.0005628790907953576,-0.7546121621633262,-0.032649356144453634,-0.0007325830903053276
hevc_Kimono1_f0000,HEVC_B,Kimono1,0.1,0.05,2026,hqs_round1,0.001004575662838719,0.0009162368722242006,8.793642319075456,0.39974887444529017,0.016245336662292553
hevc_Kimono1_f0000,HEVC_B,Kimono1,0.1,0.05,2026,hqs,0.00100194256007912,0.0009162368722242006,8.553952219391858,0.38835059615271916,0.018565028389453953
hevc_Kimono1_f0000,HEVC_B,Kimono1,0.1,0.05,2027,hqs_round1,0.0009924542257666181,0.0008898684099029821,10.33657907843496,0.4738469555034399,0.01862364487862589
hevc_Kimono1_f0000,HEVC_B,Kimono1,0.1,0.05,2027,hqs,0.0009890383410393055,0.0008898684099029821,10.026904622535993,0.458873380711335,0.02025042081010342
hevc_Kimono1_f0000,HEVC_B,Kimono1,0.1,0.05,2028,hqs_round1,0.0010123776592831121,0.0008980248231948194,11.295472103687931,0.5205421116946951,0.020856952523946815
hevc_Kimono1_f0000,HEVC_B,Kimono1,0.1,0.05,2028,hqs,0.0009998418545197683,0.0008980248231948194,10.183313577510965,0.46642971261431043,0.022967245589256335
hevc_Kimono1_f0080,HEVC_B,Kimono1,0.01,0.0,2026,hqs_round1,0.0035797589574879914,0.00353173750953024,1.3414715495662644,0.058653665813846345,0.0010348217664066794
hevc_Kimono1_f0080,HEVC_B,Kimono1,0.01,0.0,2026,hqs,0.0035903844889165347,0.00353173750953024,1.6334456537269726,0.07152541120974121,0.0014602638912933896
hevc_Kimono1_f0080,HEVC_B,Kimono1,0.04,0.0,2026,hqs_round1,0.0010696972907221658,0.0010572706110958806,1.1617005796000335,0.05074735535133712,0.001087140861749658
hevc_Kimono1_f0080,HEVC_B,Kimono1,0.04,0.0,2026,hqs,0.0010854402436427458,0.0010572706110958806,2.5952264725626506,0.11419759077999458,0.0019143792344331612
hevc_Kimono1_f0080,HEVC_B,Kimono1,0.1,0.0,2026,hqs_round1,0.00043751457834452707,0.0004369249142976812,0.13477586257286678,0.005857189266798457,-0.00017910432386392117
hevc_Kimono1_f0080,HEVC_B,Kimono1,0.1,0.0,2026,hqs,0.000457016859407727,0.0004369249142976812,4.396324708039012,0.19525411820792016,0.0014341429309845388
hevc_Kimono1_f0080,HEVC_B,Kimono1,0.25,0.0,2026,hqs_round1,9.963391169888354e-05,9.939249118240035e-05,0.24230757617227372,0.010536054315700483,7.552633762364369e-05
hevc_Kimono1_f0080,HEVC_B,Kimono1,0.25,0.0,2026,hqs,0.00010218618918992264,9.939249118240035e-05,2.733929144113534,0.12038627458254325,0.00032686077499388677
hevc_Kimono1_f0080,HEVC_B,Kimono1,0.5,0.0,2026,hqs_round1,2.0266336293187794e-05,2.0085921560455722e-05,0.8902187850929666,0.03883482567822227,1.1624979972868488e-05
hevc_Kimono1_f0080,HEVC_B,Kimono1,0.5,0.0,2026,hqs,2.0566529680418744e-05,2.0085921560455722e-05,2.3368459697923893,0.10269254291131347,7.662267589569893e-05
hevc_Kimono1_f0080,HEVC_B,Kimono1,0.1,0.01,2026,hqs_round1,0.0004702690449997146,0.0004674142458591141,0.6070565713297671,0.026444479847434366,-0.00030394113302234516
hevc_Kimono1_f0080,HEVC_B,Kimono1,0.1,0.01,2026,hqs,0.0004858441421753275,0.0004674142458591141,3.7933762530705906,0.1679502611487962,0.0012793804106712159
hevc_Kimono1_f0080,HEVC_B,Kimono1,0.1,0.01,2027,hqs_round1,0.00046752341579326843,0.00046677271063676537,0.16057060056110517,0.006979097267873158,1.2450256348106592e-06
hevc_Kimono1_f0080,HEVC_B,Kimono1,0.1,0.01,2027,hqs,0.00048043318053573713,0.00046677271063676537,2.8433652071530147,0.12527536232155256,0.0012020914788246628
hevc_Kimono1_f0080,HEVC_B,Kimono1,0.1,0.01,2028,hqs_round1,0.00046616715712288846,0.0004680698008559146,-0.4081462419551318,-0.017689491079011077,-0.00032453415536870533
hevc_Kimono1_f0080,HEVC_B,Kimono1,0.1,0.01,2028,hqs,0.0004870162751853572,0.0004680698008559146,3.890316462675014,0.17232852758557726,0.0015918241429329072
hevc_Kimono1_f0080,HEVC_B,Kimono1,0.1,0.05,2026,hqs_round1,0.0009304472525419338,0.0007980053616470175,14.234218063742132,0.6668594851922229,0.030365051578521762
hevc_Kimono1_f0080,HEVC_B,Kimono1,0.1,0.05,2026,hqs,0.0009235781098668149,0.0007980053616470175,13.596332229864739,0.6346782165858791,0.032814562132596925
hevc_Kimono1_f0080,HEVC_B,Kimono1,0.1,0.05,2027,hqs_round1,0.0009262959054282248,0.0008068921305319605,12.890456947563022,0.5993426441844392,0.029909448278188755
hevc_Kimono1_f0080,HEVC_B,Kimono1,0.1,0.05,2027,hqs,0.0009241347913678534,0.0008068921305319605,12.6867489386864,0.5891984076071317,0.0335490620062352
hevc_Kimono1_f0080,HEVC_B,Kimono1,0.1,0.05,2028,hqs_round1,0.000941685410927069,0.0008087793682236162,14.113635101621636,0.6607577818764732,0.031214997323513072
hevc_Kimono1_f0080,HEVC_B,Kimono1,0.1,0.05,2028,hqs,0.000933811278238945,0.0008087793682236162,13.389419567851423,0.6242905090851245,0.034353412240505254
hevc_Kimono1_f0160,HEVC_B,Kimono1,0.01,0.0,2026,hqs_round1,0.001768435556978635,0.0016978221520079655,3.9929871740032263,0.17697042789637152,0.0041759221644511735
hevc_Kimono1_f0160,HEVC_B,Kimono1,0.01,0.0,2026,hqs,0.0017543590019745022,0.0016978221520079655,3.2226499765957484,0.1422627400223746,0.002393155681469028
hevc_Kimono1_f0160,HEVC_B,Kimono1,0.04,0.0,2026,hqs_round1,0.0006295925427958996,0.0006365560395315137,-1.106032276794533,-0.0477706762237311,-0.0006124498910903275
hevc_Kimono1_f0160,HEVC_B,Kimono1,0.04,0.0,2026,hqs,0.000669435997001594,0.0006365560395315137,4.911590894028661,0.21872418584228726,0.00144761145639416
hevc_Kimono1_f0160,HEVC_B,Kimono1,0.1,0.0,2026,hqs_round1,0.0002926715208490783,0.0002889370326309549,1.2759998674586326,0.05577256063121183,0.00021569723987580058
hevc_Kimono1_f0160,HEVC_B,Kimono1,0.1,0.0,2026,hqs,0.00030966623314920003,0.0002889370326309549,6.694046137170407,0.30090642992264094,0.0020495854415893966
hevc_Kimono1_f0160,HEVC_B,Kimono1,0.25,0.0,2026,hqs_round1,9.476990394615769e-05,9.25078832418503e-05,2.3868555418105286,0.1049169686929119,0.0002537815141677724
hevc_Kimono1_f0160,HEVC_B,Kimono1,0.25,0.0,2026,hqs,9.96199272938703e-05,9.25078832418503e-05,7.139178119494172,0.3216747685561998,0.0011946166620254717
hevc_Kimono1_f0160,HEVC_B,Kimono1,0.5,0.0,2026,hqs_round1,2.612032322327815e-05,2.543693602616287e-05,2.616304519946566,0.1151374903285145,0.00010132825469966189
hevc_Kimono1_f0160,HEVC_B,Kimono1,0.5,0.0,2026,hqs,2.732457148243597e-05,2.543693602616287e-05,6.9081978375633675,0.3108856211613258,0.0004331105403899693
hevc_Kimono1_f0160,HEVC_B,Kimono1,0.1,0.01,2026,hqs_round1,0.0003300723469623855,0.0003270466380633693,0.9166805177293624,0.03999452139855464,5.360028839107578e-05
hevc_Kimono1_f0160,HEVC_B,Kimono1,0.1,0.01,2026,hqs,0.0003409213805425418,0.0003270466380633693,4.069777746732184,0.18044549345767535,0.0014222593131065775
hevc_Kimono1_f0160,HEVC_B,Kimono1,0.1,0.01,2027,hqs_round1,0.0003309132349336922,0.0003274102741074751,1.0585738061879013,0.04621833777390094,0.00014705498695366526
hevc_Kimono1_f0160,HEVC_B,Kimono1,0.1,0.01,2027,hqs,0.0003455684491909011,0.0003274102741074751,5.254581292343319,0.23441780600912665,0.0017307383718490055
hevc_Kimono1_f0160,HEVC_B,Kimono1,0.1,0.01,2028,hqs_round1,0.0003252640333579433,0.0003226777959101798,0.7951194053224531,0.03466961281340275,-0.0001587374167442146
hevc_Kimono1_f0160,HEVC_B,Kimono1,0.1,0.01,2028,hqs,0.0003392819949741613,0.0003226777959101798,4.893922845875176,0.2179173132570682,0.0014451558094025208
hevc_Kimono1_f0160,HEVC_B,Kimono1,0.1,0.05,2026,hqs_round1,0.0007538783409608256,0.0005841179272821748,22.518277081987716,1.1080073068051846,0.061581908568859034
hevc_Kimono1_f0160,HEVC_B,Kimono1,0.1,0.05,2026,hqs,0.0007467012900940873,0.0005841179272821748,21.77354786562996,1.066463662055419,0.06291778807449333
hevc_Kimono1_f0160,HEVC_B,Kimono1,0.1,0.05,2027,hqs_round1,0.0007713103591179142,0.0005930206248579813,23.115174346138513,1.141593661164034,0.06064186645293235
hevc_Kimono1_f0160,HEVC_B,Kimono1,0.1,0.05,2027,hqs,0.0007613500825931545,0.0005930206248579813,22.109337292227494,1.0851460108917017,0.062064703955173495
hevc_Kimono1_f0160,HEVC_B,Kimono1,0.1,0.05,2028,hqs_round1,0.0007652945275418097,0.0005936581140676284,22.427497819106566,1.1029219971440014,0.05874692397189141
hevc_Kimono1_f0160,HEVC_B,Kimono1,0.1,0.05,2028,hqs,0.0007539949602684249,0.0005936581140676284,21.26497584860726,1.0383203495950184,0.060530589791774836
hevc_ParkScene_f0000,HEVC_B,ParkScene,0.01,0.0,2026,hqs_round1,0.002374086696764659,0.0023491965868714373,1.0484077909682643,0.04577213261190849,0.0020734142794845978
hevc_ParkScene_f0000,HEVC_B,ParkScene,0.01,0.0,2026,hqs,0.002371559132032501,0.0023491965868714373,0.9429469777503807,0.04114596555593408,0.0016356893027380526
hevc_ParkScene_f0000,HEVC_B,ParkScene,0.04,0.0,2026,hqs_round1,0.001321286056417294,0.001295131399737318,1.9794848021703282,0.08683019156724114,0.003124780764260371
hevc_ParkScene_f0000,HEVC_B,ParkScene,0.04,0.0,2026,hqs,0.001325116214882183,0.001295131399737318,2.26280644732213,0.09940135556306018,0.003400418886024492
hevc_ParkScene_f0000,HEVC_B,ParkScene,0.1,0.0,2026,hqs_round1,0.0007115311536918485,0.0007065885966857833,0.6946367675428111,0.030272957205053075,0.0003390277283191745
hevc_ParkScene_f0000,HEVC_B,ParkScene,0.1,0.0,2026,hqs,0.0007350762661425727,0.0007065885966857833,3.875471263176933,0.17165776371256314,0.003143108686923912
hevc_ParkScene_f0000,HEVC_B,ParkScene,0.25,0.0,2026,hqs_round1,0.0002945445078128894,0.00029286205234315955,0.5712058534795728,0.024878275941034644,0.0002757369232178064
hevc_ParkScene_f0000,HEVC_B,ParkScene,0.25,0.0,2026,hqs,0.0003042324705617204,0.00029286205234315955,3.737411130891788,0.16542462662305013,0.0016540977621078978
hevc_ParkScene_f0000,HEVC_B,ParkScene,0.5,0.0,2026,hqs_round1,8.659680877515843e-05,8.601805380968123e-05,0.6683329024050888,0.029122756406160022,-5.443401337457132e-07
hevc_ParkScene_f0000,HEVC_B,ParkScene,0.5,0.0,2026,hqs,9.008009867972389e-05,8.601805380968123e-05,4.509369915862438,0.20039241006791997,0.0006439301023483113
hevc_ParkScene_f0000,HEVC_B,ParkScene,0.1,0.01,2026,hqs_round1,0.00073466103574406,0.0007314829795152195,0.43258810175250684,0.01882781542195744,-0.0001768896028995215
hevc_ParkScene_f0000,HEVC_B,ParkScene,0.1,0.01,2026,hqs,0.0007510951134073867,0.0007314829795152195,2.6111385285407684,0.11490711274383614,0.002079903391599691
hevc_ParkScene_f0000,HEVC_B,ParkScene,0.1,0.01,2027,hqs_round1,0.0007336286045981666,0.0007325513091638627,0.14684479688383822,0.006382075518871488,-0.00023815657210346508
hevc_ParkScene_f0000,HEVC_B,ParkScene,0.1,0.01,2027,hqs,0.0007518018729336352,0.0007325513091638627,2.5605900254882408,0.11265354489417945,0.002223765707254355
hevc_ParkScene_f0000,HEVC_B,ParkScene,0.1,0.01,2028,hqs_round1,0.0007355489468443504,0.000732884315725184,0.3622642831042189,0.015761504333145382,-0.00012810355544090601
hevc_ParkScene_f0000,HEVC_B,ParkScene,0.1,0.01,2028,hqs,0.0007526009754000279,0.000732884315725184,2.6198025672719782,0.11529349282244183,0.0020596695830821243
hevc_ParkScene_f0000,HEVC_B,ParkScene,0.1,0.05,2026,hqs_round1,0.0011094447501864514,0.0010107674494974335,8.894296058675689,0.40454431888750264,0.021759815293431295
hevc_ParkScene_f0000,HEVC_B,ParkScene,0.1,0.05,2026,hqs,0.0011037172431305614,0.0010107674494974335,8.42152228857882,0.3820657992848382,0.023950112087964937
hevc_ParkScene_f0000,HEVC_B,ParkScene,0.1,0.05,2027,hqs_round1,0.0010883252197278208,0.0009885360064608615,9.169061918083232,0.41766200490729943,0.023558178689718323
hevc_ParkScene_f0000,HEVC_B,ParkScene,0.1,0.05,2027,hqs,0.0010850789328933864,0.0009885360064608615,8.89731829693634,0.40468838924903494,0.026136612085461697
hevc_ParkScene_f0000,HEVC_B,ParkScene,0.1,0.05,2028,hqs_round1,0.0011163559927566719,0.0010081703325043256,9.690964258202095,0.44268794797430644,0.02428051770567896
hevc_ParkScene_f0000,HEVC_B,ParkScene,0.1,0.05,2028,hqs,0.0011085670747179547,0.0010081703325043256,9.056442727127934,0.41228062295370904,0.02621457520985604
hevc_ParkScene_f0080,HEVC_B,ParkScene,0.01,0.0,2026,hqs_round1,0.0028376873001979045,0.00281368766537615,0.8457462814905892,0.03688649821264178,0.0018764052322665092
hevc_ParkScene_f0080,HEVC_B,ParkScene,0.01,0.0,2026,hqs,0.0028355370390575813,0.00281368766537615,0.7705550440876285,0.0335943788224462,0.0013885328508020933
hevc_ParkScene_f0080,HEVC_B,ParkScene,0.04,0.0,2026,hqs_round1,0.0013790224832737836,0.0013606621538645289,1.3314017452179194,0.05821041601447163,0.0011627701537422208
hevc_ParkScene_f0080,HEVC_B,ParkScene,0.04,0.0,2026,hqs,0.0013828209760227666,0.0013606621538645289,1.6024360739718024,0.07015653464793559,0.0012988930481336869
hevc_ParkScene_f0080,HEVC_B,ParkScene,0.1,0.0,2026,hqs_round1,0.0007860294824653517,0.0007754276843920451,1.3487786794020074,0.058975337314755905,0.0011054157843589651
hevc_ParkScene_f0080,HEVC_B,ParkScene,0.1,0.0,2026,hqs,0.0007944673045804742,0.0007754276843920451,2.3965265881499276,0.10534726833734709,0.0018446250290869992
hevc_ParkScene_f0080,HEVC_B,ParkScene,0.25,0.0,2026,hqs_round1,0.00031274786966418685,0.0003093594835050927,1.0834242173199837,0.047309261201476716,0.0004839165334701301
hevc_ParkScene_f0080,HEVC_B,ParkScene,0.25,0.0,2026,hqs,0.0003182977082808606,0.0003093594835050927,2.808133562771664,0.123700777612747,0.0013197869863510459
hevc_ParkScene_f0080,HEVC_B,ParkScene,0.5,0.0,2026,hqs_round1,9.235780104092864e-05,9.108856597817641e-05,1.374258642418047,0.060097192319851445,9.232683849336176e-05
hevc_ParkScene_f0080,HEVC_B,ParkScene,0.5,0.0,2026,hqs,9.720168980308934e-05,9.108856597817641e-05,6.289112707090649,0.2820995002409674,0.0009869269151687732
hevc_ParkScene_f0080,HEVC_B,ParkScene,0.1,0.01,2026,hqs_round1,0.0008076927723860197,0.000795805409989974,1.4717678308460047,0.06439309416392902,0.0010341914737225233
hevc_ParkScene_f0080,HEVC_B,ParkScene,0.1,0.01,2026,hqs,0.0008105002949403893,0.000795805409989974,1.8130634920368704,0.07946290012482748,0.0015596754655837763
hevc_ParkScene_f0080,HEVC_B,ParkScene,0.1,0.01,2027,hqs_round1,0.0008148672928911736,0.0008024773171902595,1.520489999905883,0.06654120970166844,0.0011370854573249378
hevc_ParkScene_f0080,HEVC_B,ParkScene,0.1,0.01,2027,hqs,0.0008220323645462355,0.0008024773171902595,2.3788658694442577,0.10456151158282623,0.0020087174248695217
hevc_ParkScene_f0080,HEVC_B,ParkScene,0.1,0.01,2028,hqs_round1,0.0008160747196229603,0.0008014736975977992,1.7891771027911396,0.07840650038538399,0.0014927549574376142
hevc_ParkScene_f0080,HEVC_B,ParkScene,0.1,0.01,2028,hqs,0.0008146708594127137,0.0008014736975977992,1.6199378758224081,0.07092907532135939,0.0016742798905373668
hevc_ParkScene_f0080,HEVC_B,ParkScene,0.1,0.05,2026,hqs_round1,0.0012244343155934762,0.0010877676201823836,11.16161917961691,0.5139936555783997,0.030924166988372748
hevc_ParkScene_f0080,HEVC_B,ParkScene,0.1,0.05,2026,hqs,0.0012177117888422168,0.0010877676201823836,10.6711760410386,0.4900838359202595,0.03317681307864184
hevc_ParkScene_f0080,HEVC_B,ParkScene,0.1,0.05,2027,hqs_round1,0.0012351730959035438,0.0010861252658766422,12.066958916221482,0.5584790690484169,0.02777098823118207
hevc_ParkScene_f0080,HEVC_B,ParkScene,0.1,0.05,2027,hqs,0.0012260150490862039,0.0010861252658766422,11.410119583265054,0.5261588454832378,0.02937216786265373
hevc_ParkScene_f0080,HEVC_B,ParkScene,0.1,0.05,2028,hqs_round1,0.001255815961162725,0.001108196578427223,11.754857980848177,0.5430919361546671,0.028445018926024357
hevc_ParkScene_f0080,HEVC_B,ParkScene,0.1,0.05,2028,hqs,0.0012462787251879442,0.001108196578427223,11.079555798394757,0.509983764518573,0.030602740886807367
hevc_ParkScene_f0160,HEVC_B,ParkScene,0.01,0.0,2026,hqs_round1,0.0028271206435687337,0.0028553078246802413,-0.9970278833211221,-0.04308593655262882,-0.00461950591949456
hevc_ParkScene_f0160,HEVC_B,ParkScene,0.01,0.0,2026,hqs,0.0027974925276798837,0.0028553078246802413,-2.066682803557196,-0.0888400030517218,-0.007767202197750733
hevc_ParkScene_f0160,HEVC_B,ParkScene,0.04,0.0,2026,hqs_round1,0.001512444883296032,0.0015179026204519953,-0.3608552758675998,-0.015643537187695955,-0.001360005745561832
hevc_ParkScene_f0160,HEVC_B,ParkScene,0.04,0.0,2026,hqs,0.0015064945555348641,0.0015179026204519953,-0.7572589542536257,-0.03276344244549989,-0.0023227964899987796
hevc_ParkScene_f0160,HEVC_B,ParkScene,0.1,0.0,2026,hqs_round1,0.0008781143680619824,0.000871337501801894,0.771752120973157,0.03364677123700588,-0.00020668072366714085
hevc_ParkScene_f0160,HEVC_B,ParkScene,0.1,0.0,2026,hqs,0.0008995019490464463,0.000871337501801894,3.131115755158631,0.13815702524961893,0.001745203413009544
hevc_ParkScene_f0160,HEVC_B,ParkScene,0.25,0.0,2026,hqs_round1,0.0003787012742268493,0.00037485845027594245,1.0147375286107208,0.04429460996350798,0.0004082787818908695
hevc_ParkScene_f0160,HEVC_B,ParkScene,0.25,0.0,2026,hqs,0.0003789951180664841,0.00037485845027594245,1.091483133515181,0.047663103354537384,0.0002374080028533232
hevc_ParkScene_f0160,HEVC_B,ParkScene,0.5,0.0,2026,hqs_round1,0.00012286167755652213,0.00012201349036837705,0.690359439178978,0.03008589982565013,-6.924406051656007e-06
hevc_ParkScene_f0160,HEVC_B,ParkScene,0.5,0.0,2026,hqs,0.00012681335804197075,0.00012201349036837705,3.7849858624555255,0.16757151992327834,0.0006680267324447042
hevc_ParkScene_f0160,HEVC_B,ParkScene,0.1,0.01,2026,hqs_round1,0.0009027850141941974,0.0008933500467454152,1.0450957094368274,0.04562676914397912,-0.00013793037557596755
hevc_ParkScene_f0160,HEVC_B,ParkScene,0.1,0.01,2026,hqs,0.0009183688971376024,0.0008933500467454152,2.7242702219300696,0.11995502365392596,0.0014169618849754206
hevc_ParkScene_f0160,HEVC_B,ParkScene,0.1,0.01,2027,hqs_round1,0.0009066099342576596,0.0008995295476829471,0.7809738573524405,0.03405039978224167,-0.000109517972946227
hevc_ParkScene_f0160,HEVC_B,ParkScene,0.1,0.01,2027,hqs,0.0009189930270104833,0.0008995295476829471,2.1179137115818536,0.09296782537539627,0.0007264900159835719
hevc_ParkScene_f0160,HEVC_B,ParkScene,0.1,0.01,2028,hqs_round1,0.0009053471584900474,0.0008979139148303092,0.8210379399804402,0.035804410536282916,-0.00018744777250290223
hevc_ParkScene_f0160,HEVC_B,ParkScene,0.1,0.01,2028,hqs,0.0009229339980659978,0.0008979139148303092,2.7109287650165625,0.11935942557071755,0.0015428577742576666
hevc_ParkScene_f0160,HEVC_B,ParkScene,0.1,0.05,2026,hqs_round1,0.0013664385888644025,0.0012146432450331247,11.108830288335858,0.5114137891696089,0.02319415467047692
hevc_ParkScene_f0160,HEVC_B,ParkScene,0.1,0.05,2026,hqs,0.0013630042372781794,0.0012146432450331247,10.884851872604662,0.5004846668178793,0.024699719694614486
hevc_ParkScene_f0160,HEVC_B,ParkScene,0.1,0.05,2027,hqs_round1,0.0013615301075189427,0.0012222902000074507,10.226722622037554,0.46852919617906963,0.021561698799703266
hevc_ParkScene_f0160,HEVC_B,ParkScene,0.1,0.05,2027,hqs,0.0013561672863387512,0.0012222902000074507,9.871723619932526,0.4513893433442355,0.022310359189868012
hevc_ParkScene_f0160,HEVC_B,ParkScene,0.1,0.05,2028,hqs_round1,0.001371821852821703,0.0012337909562254515,10.061867458397423,0.4605613428305517,0.021820659555077504
hevc_ParkScene_f0160,HEVC_B,ParkScene,0.1,0.05,2028,hqs,0.0013665208454833255,0.0012337909562254515,9.712979476059779,0.4437467847926264,0.022634537375807784
hevc_FourPeople_f0000,HEVC_E,FourPeople,0.01,0.0,2026,hqs_round1,0.004240962868842463,0.004117646185565816,2.90775201505844,0.12815443539573224,0.006616133375216382
hevc_FourPeople_f0000,HEVC_E,FourPeople,0.01,0.0,2026,hqs,0.004266733579967103,0.004117646185565816,3.4941810077215196,0.15446499298222705,0.007236077218743864
hevc_FourPeople_f0000,HEVC_E,FourPeople,0.04,0.0,2026,hqs_round1,0.001293983756345404,0.001268056154340314,2.0037038237881166,0.08790338395574082,0.0025697314010113548
hevc_FourPeople_f0000,HEVC_E,FourPeople,0.04,0.0,2026,hqs,0.0012969810555550887,0.001268056154340314,2.23017145014468,0.09795146397652488,0.0030707386907636858
hevc_FourPeople_f0000,HEVC_E,FourPeople,0.1,0.0,2026,hqs_round1,0.00049822590769616,0.0004835549941934899,2.9446307941932814,0.12980433980372652,0.0010446520390510194
hevc_FourPeople_f0000,HEVC_E,FourPeople,0.1,0.0,2026,hqs,0.0005331486694428161,0.0004835549941934899,9.302034890409772,0.4240245661785309,0.003625019479751579
hevc_FourPeople_f0000,HEVC_E,FourPeople,0.25,0.0,2026,hqs_round1,0.00010393711456648879,0.00010130015524359449,2.5370718957253957,0.11160545135862066,0.00033134723854066905
hevc_FourPeople_f0000,HEVC_E,FourPeople,0.25,0.0,2026,hqs,0.00010918267589469014,0.00010130015524359449,7.219570858199676,0.3254362304936933,0.0008781112184524931
hevc_FourPeople_f0000,HEVC_E,FourPeople,0.5,0.0,2026,hqs_round1,2.0098393944012715e-05,1.9679464522308096e-05,2.084392528435919,0.09148077364053364,3.71192474365456e-05
hevc_FourPeople_f0000,HEVC_E,FourPeople,0.5,0.0,2026,hqs,2.070713047539786e-05,1.9679464522308096e-05,4.962860278060899,0.22106642877100313,0.00011431694316865748
hevc_FourPeople_f0000,HEVC_E,FourPeople,0.1,0.01,2026,hqs_round1,0.0005973553702687029,0.0005781007042974623,3.223318468297942,0.14229273911411155,0.0020943886394501066
hevc_FourPeople_f0000,HEVC_E,FourPeople,0.1,0.01,2026,hqs,0.0006195647616094024,0.0005781007042974623,6.692449261354316,0.3008321036452699,0.004582013531684859
hevc_FourPeople_f0000,HEVC_E,FourPeople,0.1,0.01,2027,hqs_round1,0.0006097491946510576,0.000590790379269318,3.109280922066515,0.1371782095003411,0.001879376517057496
hevc_FourPeople_f0000,HEVC_E,FourPeople,0.1,0.01,2027,hqs,0.0006395480852234863,0.000590790379269318,7.6237748311184905,0.344397885910972,0.005125598828077393
hevc_FourPeople_f0000,HEVC_E,FourPeople,0.1,0.01,2028,hqs_round1,0.0006042339221925995,0.0005840064591736101,3.347621223513819,0.14787452791263433,0.0021033043329715673
hevc_FourPeople_f0000,HEVC_E,FourPeople,0.1,0.01,2028,hqs,0.0006255872017882904,0.0005840064591736101,6.646674116065432,0.2987020489958425,0.004972891016721714
hevc_FourPeople_f0000,HEVC_E,FourPeople,0.1,0.05,2026,hqs_round1,0.0014826315795340003,0.001155291738427042,22.078299533444646,1.0834157852184987,0.09631165471959113
hevc_FourPeople_f0000,HEVC_E,FourPeople,0.1,0.05,2026,hqs,0.0014649453132726446,0.001155291738427042,21.137551828050537,1.0312974500226986,0.09940371911025048
hevc_FourPeople_f0000,HEVC_E,FourPeople,0.1,0.05,2027,hqs_round1,0.0015161620513263847,0.0011849875286209129,21.842950258235938,1.0703184264975611,0.09457637729471924
hevc_FourPeople_f0000,HEVC_E,FourPeople,0.1,0.05,2027,hqs,0.0015021744958899482,0.0011849875286209129,21.11518789174497,1.0300660455369481,0.09821435378265375
hevc_FourPeople_f0000,HEVC_E,FourPeople,0.1,0.05,2028,hqs_round1,0.0015184778249910363,0.0011857020220017351,21.915091383785313,1.0743289362607626,0.09734498022827509
hevc_FourPeople_f0000,HEVC_E,FourPeople,0.1,0.05,2028,hqs,0.001503869387343407,0.0011857020220017351,21.156582348133046,1.032345584771086,0.10130224300101398
hevc_FourPeople_f0200,HEVC_E,FourPeople,0.01,0.0,2026,hqs_round1,0.0040110793524521645,0.0038449466968530173,4.141844152187679,0.18370930370549132,0.006507541671371464
hevc_FourPeople_f0200,HEVC_E,FourPeople,0.01,0.0,2026,hqs,0.004036006816848223,0.0038449466968530173,4.733889923020673,0.21061567611135246,0.007662524949631266
hevc_FourPeople_f0200,HEVC_E,FourPeople,0.04,0.0,2026,hqs_round1,0.00118611233620166,0.0011721953073502694,1.1733314313176924,0.051258443864192316,0.0021018619650602366
hevc_FourPeople_f0200,HEVC_E,FourPeople,0.04,0.0,2026,hqs,0.0011851798357185338,0.0011721953073502694,1.0955745260711747,0.0478427548161271,0.001944744299352208
hevc_FourPeople_f0200,HEVC_E,FourPeople,0.1,0.0,2026,hqs_round1,0.00042409355295059596,0.0004138287318164427,2.4204143313984905,0.10641030271939655,0.0007033841981887168
hevc_FourPeople_f0200,HEVC_E,FourPeople,0.1,0.0,2026,hqs,0.0004437055506458784,0.0004138287318164427,6.733478719377217,0.3027422155176467,0.0021598989214897113
hevc_FourPeople_f0200,HEVC_E,FourPeople,0.25,0.0,2026,hqs_round1,8.845425953755867e-05,8.67078629090646e-05,1.9743499494815464,0.08660269023501144,0.00011764740943909224
hevc_FourPeople_f0200,HEVC_E,FourPeople,0.25,0.0,2026,hqs,9.49788772883356e-05,8.67078629090646e-05,8.70826715940426,0.3956854934711984,0.0008173072252273261
hevc_FourPeople_f0200,HEVC_E,FourPeople,0.5,0.0,2026,hqs_round1,1.8003918013227217e-05,1.7813105259044282e-05,1.0598401639173582,0.046273923761972924,1.1869302749656363e-05
hevc_FourPeople_f0200,HEVC_E,FourPeople,0.5,0.0,2026,hqs,1.8618190168399362e-05,1.7813105259044282e-05,4.324184585468194,0.191978277340084,6.119622135170033e-05
hevc_FourPeople_f0200,HEVC_E,FourPeople,0.1,0.01,2026,hqs_round1,0.000514463859078448,0.0005028032549673591,2.2665545704175116,0.09956790632347179,0.0017840623178482229
hevc_FourPeople_f0200,HEVC_E,FourPeople,0.1,0.01,2026,hqs,0.000534977107991505,0.0005028032549673591,6.01406163806486,0.2693711819428444,0.004398998168230084
hevc_FourPeople_f0200,HEVC_E,FourPeople,0.1,0.01,2027,hqs_round1,0.0005127446009305136,0.0004987806577792662,2.723372050316286,0.11991492432228767,0.002118877585649548
hevc_FourPeople_f0200,HEVC_E,FourPeople,0.1,0.01,2027,hqs,0.000534999594544658,0.0004987806577792662,6.769899853142503,0.3044384926404078,0.005063979670047791
hevc_FourPeople_f0200,HEVC_E,FourPeople,0.1,0.01,2028,hqs_round1,0.0005306979922609419,0.0005216118477853499,1.7121120878717089,0.0749999729526678,0.0014559445794820602
hevc_FourPeople_f0200,HEVC_E,FourPeople,0.1,0.01,2028,hqs,0.0005393180580936778,0.0005216118477853499,3.28307388239768,0.1449751478766217,0.003098354071497944
hevc_FourPeople_f0200,HEVC_E,FourPeople,0.1,0.05,2026,hqs_round1,0.001421602851677236,0.0011045892289400312,22.29973176848834,1.0957748195501473,0.09636587825703613
hevc_FourPeople_f0200,HEVC_E,FourPeople,0.1,0.05,2026,hqs,0.0014165221292501812,0.0011045892289400312,22.021039690729573,1.0802255954245297,0.10086796717476842
hevc_FourPeople_f0200,HEVC_E,FourPeople,0.1,0.05,2027,hqs_round1,0.001405235763034971,0.0010804584570269626,23.11194424105516,1.1414112080811485,0.10220734566742173
hevc_FourPeople_f0200,HEVC_E,FourPeople,0.1,0.05,2027,hqs,0.0014031736068852254,0.0010804584570269626,22.998946693034526,1.1350333401876327,0.10698883370757095
hevc_FourPeople_f0200,HEVC_E,FourPeople,0.1,0.05,2028,hqs_round1,0.0014201455922093595,0.0010968944820621686,22.761828922364245,1.1216801842830506,0.09952855599796773
hevc_FourPeople_f0200,HEVC_E,FourPeople,0.1,0.05,2028,hqs,0.0014157581121334605,0.0010968944820621686,22.52246533772525,1.1082420699789957,0.10447858745980265
hevc_FourPeople_f0400,HEVC_E,FourPeople,0.01,0.0,2026,hqs_round1,0.00421245373957435,0.004033727217014383,4.242812707494014,0.18828619089574516,0.0066035865189387755
hevc_FourPeople_f0400,HEVC_E,FourPeople,0.01,0.0,2026,hqs,0.004249748068284621,0.004033727217014383,5.083144878219414,0.22656659686506941,0.007968846163741161
hevc_FourPeople_f0400,HEVC_E,FourPeople,0.04,0.0,2026,hqs_round1,0.0012126533144229989,0.001201230706450403,0.9419516556577467,0.041102328004878785,0.0007558324510454906
hevc_FourPeople_f0400,HEVC_E,FourPeople,0.04,0.0,2026,hqs,0.0012224806341070392,0.001201230706450403,1.7382629273434924,0.07615562668109632,0.0012272952695489003
hevc_FourPeople_f0400,HEVC_E,FourPeople,0.1,0.0,2026,hqs_round1,0.0004276724882954189,0.0004165654749409426,2.5970839037941618,0.11428040805850515,0.0008993976907730739
hevc_FourPeople_f0400,HEVC_E,FourPeople,0.1,0.0,2026,hqs,0.00045483291493217756,0.0004165654749409426,8.413515982444054,0.38168613119284345,0.0028882562794685374
hevc_FourPeople_f0400,HEVC_E,FourPeople,0.25,0.0,2026,hqs_round1,8.75923200790072e-05,8.474816833829923e-05,3.247033230930041,0.1433570918572471,0.00019121101284036435
hevc_FourPeople_f0400,HEVC_E,FourPeople,0.25,0.0,2026,hqs,9.463620357786643e-05,8.474816833829923e-05,10.448469893904132,0.4792698925708194,0.0009094935693740869
hevc_FourPeople_f0400,HEVC_E,FourPeople,0.5,0.0,2026,hqs_round1,1.7699841955196048e-05,1.7469009763175774e-05,1.3041483229318307,0.0570110094353069,-1.2350362777802104e-05
hevc_FourPeople_f0400,HEVC_E,FourPeople,0.5,0.0,2026,hqs,1.821489042047806e-05,1.7469009763175774e-05,4.094895111000685,0.18158275351571973,5.980267238614445e-05
hevc_FourPeople_f0400,HEVC_E,FourPeople,0.1,0.01,2026,hqs_round1,0.0005396536047051071,0.0005247868579412871,2.7548684256346156,0.12132131732980866,0.00213090685343742
hevc_FourPeople_f0400,HEVC_E,FourPeople,0.1,0.01,2026,hqs,0.0005502072265232673,0.0005247868579412871,4.6201444395069675,0.2054333958015917,0.003737597633361789
hevc_FourPeople_f0400,HEVC_E,FourPeople,0.1,0.01,2027,hqs_round1,0.0005257599929438935,0.0005118869996165156,2.6386551874551745,0.11613436004020627,0.0017322385156154363
hevc_FourPeople_f0400,HEVC_E,FourPeople,0.1,0.01,2027,hqs,0.0005409470560011683,0.0005118869996165156,5.372070346305746,0.23980661650522705,0.003822799890518147
hevc_FourPeople_f0400,HEVC_E,FourPeople,0.1,0.01,2028,hqs_round1,0.0005211756890104333,0.0005093477507103024,2.2694723774604353,0.099697565766931,0.0013587200260162247
hevc_FourPeople_f0400,HEVC_E,FourPeople,0.1,0.01,2028,hqs,0.0005287846872565059,0.0005093477507103024,3.675775228486322,0.16264477553047385,0.0030231212892531945
hevc_FourPeople_f0400,HEVC_E,FourPeople,0.1,0.05,2026,hqs_round1,0.001394595333461096,0.0010798555760825398,22.568536537221696,1.1108253244765507,0.09815786587953568
hevc_FourPeople_f0400,HEVC_E,FourPeople,0.1,0.05,2026,hqs,0.0013886611137646561,0.0010798555760825398,22.237645644511893,1.0923059905762749,0.10277725538313387
hevc_FourPeople_f0400,HEVC_E,FourPeople,0.1,0.05,2027,hqs_round1,0.0013951135799228687,0.0010977451494337163,21.314997916197832,1.04108039343172,0.09169251402044298
hevc_FourPeople_f0400,HEVC_E,FourPeople,0.1,0.05,2027,hqs,0.0013917109323062032,0.0010977451494337163,21.12261792650837,1.0304751198550655,0.09664471195757385
hevc_FourPeople_f0400,HEVC_E,FourPeople,0.1,0.05,2028,hqs_round1,0.0013982164705869451,0.0010770213617099845,22.971772657071398,1.1335009647921943,0.0931758986916319
hevc_FourPeople_f0400,HEVC_E,FourPeople,0.1,0.05,2028,hqs,0.0013810004106462415,0.0010770213617099845,22.011510394411072,1.07969490510229,0.09709616406571686
hevc_Johnny_f0000,HEVC_E,Johnny,0.01,0.0,2026,hqs_round1,0.0032665417145958317,0.0029869371729138046,8.55965011659502,0.38862120843949555,0.010516623529716496
hevc_Johnny_f0000,HEVC_E,Johnny,0.01,0.0,2026,hqs,0.0033779927043727505,0.0029869371729138046,11.57656530615746,0.5343261949561082,0.015196920551515891
hevc_Johnny_f0000,HEVC_E,Johnny,0.04,0.0,2026,hqs_round1,0.000688531642828536,0.0006633361889757067,3.65930224344152,0.16190212591590125,0.0017105963429212556
hevc_Johnny_f0000,HEVC_E,Johnny,0.04,0.0,2026,hqs,0.0007250475222909573,0.0006633361889757067,8.511350141609919,0.38632781448564657,0.0036113557417094544
hevc_Johnny_f0000,HEVC_E,Johnny,0.1,0.0,2026,hqs_round1,0.00020391137360322516,0.00020302061293462126,0.4368371674731364,0.01901315569915596,-7.294219827647108e-05
hevc_Johnny_f0000,HEVC_E,Johnny,0.1,0.0,2026,hqs,0.00021723972588762628,0.00020302061293462126,6.545355779154438,0.29399111520367427,0.0009327113161087253
hevc_Johnny_f0000,HEVC_E,Johnny,0.25,0.0,2026,hqs_round1,6.371219640407603e-05,6.308872312064117e-05,0.9785776015013847,0.04270839513500846,0.0002181677503585444
hevc_Johnny_f0000,HEVC_E,Johnny,0.25,0.0,2026,hqs,6.371682711058174e-05,6.308872312064117e-05,0.9857741171739209,0.04302403598795479,0.00011552591705321635
hevc_Johnny_f0000,HEVC_E,Johnny,0.5,0.0,2026,hqs_round1,1.6763125803080916e-05,1.712776875791537e-05,-2.175268259141938,-0.09345786616683682,-0.00018190956020358584
hevc_Johnny_f0000,HEVC_E,Johnny,0.5,0.0,2026,hqs,1.705278931237649e-05,1.712776875791537e-05,-0.4396902123481983,-0.019053645419283782,-0.00023349674606332194
hevc_Johnny_f0000,HEVC_E,Johnny,0.1,0.01,2026,hqs_round1,0.00029097032885270645,0.0002817722911849684,3.1611600069346713,0.13950421498252297,0.002626226481914462
hevc_Johnny_f0000,HEVC_E,Johnny,0.1,0.01,2026,hqs,0.00030508099586373083,0.0002817722911849684,7.6401693303681295,0.3451687197954669,0.004384089854240436
hevc_Johnny_f0000,HEVC_E,Johnny,0.1,0.01,2027,hqs_round1,0.00028377192717167303,0.00027826505500212274,1.9405979387872363,0.08510759287959502,0.0022885476336478305
hevc_Johnny_f0000,HEVC_E,Johnny,0.1,0.01,2027,hqs,0.00030786846864011363,0.00027826505500212274,9.615604276966783,0.43906541165529234,0.004840540700435603
hevc_Johnny_f0000,HEVC_E,Johnny,0.1,0.01,2028,hqs_round1,0.00028552506262237654,0.0002776660435385429,2.7524795937888036,0.12121463396893972,0.002588731880664774
hevc_Johnny_f0000,HEVC_E,Johnny,0.1,0.01,2028,hqs,0.00030443646373949466,0.0002776660435385429,8.793434226676311,0.3997389657854242,0.004769721431732155
hevc_Johnny_f0000,HEVC_E,Johnny,0.1,0.05,2026,hqs_round1,0.0012683616372316901,0.0008057023435544403,36.47692267696176,1.9706847103369824,0.13329126504835487
hevc_Johnny_f0000,HEVC_E,Johnny,0.1,0.05,2026,hqs,0.0012363439662926388,0.0008057023435544403,34.831861883027706,1.8596468681590679,0.1362423614568039
hevc_Johnny_f0000,HEVC_E,Johnny,0.1,0.05,2027,hqs_round1,0.0011956846322212075,0.000752296618610579,37.08235446557112,2.012275376466114,0.1308183394864797
hevc_Johnny_f0000,HEVC_E,Johnny,0.1,0.05,2027,hqs,0.0011767928860775994,0.000752296618610579,36.07230061374016,1.9431092456395476,0.13333049932801722
hevc_Johnny_f0000,HEVC_E,Johnny,0.1,0.05,2028,hqs_round1,0.0011978620326978367,0.0007509427388496882,37.30974700329991,2.0279997749157097,0.13230304139272864
hevc_Johnny_f0000,HEVC_E,Johnny,0.1,0.05,2028,hqs,0.001177661498690914,0.0007509427388496882,36.234415433939674,1.9541365459790256,0.13536262080848216
hevc_Johnny_f0200,HEVC_E,Johnny,0.01,0.0,2026,hqs_round1,0.0032090860694359022,0.0030679913641213545,4.3967254932289705,0.19527232453322796,0.006647136577528245
hevc_Johnny_f0200,HEVC_E,Johnny,0.01,0.0,2026,hqs,0.0032557544409413967,0.0030679913641213545,5.767114204281043,0.2579750880790641,0.008161079652865944
hevc_Johnny_f0200,HEVC_E,Johnny,0.04,0.0,2026,hqs_round1,0.0007156132003280241,0.0006811411185682916,4.817138887870021,0.21441244835278184,0.0022732456562519765
hevc_Johnny_f0200,HEVC_E,Johnny,0.04,0.0,2026,hqs,0.0007437060186635526,0.0006811411185682916,8.412584882355901,0.38164197952797707,0.0037383433352708995
hevc_Johnny_f0200,HEVC_E,Johnny,0.1,0.0,2026,hqs_round1,0.00021384599559837267,0.0002064553673672711,3.456051730321863,0.15274944209357955,7.275257158279036e-05
hevc_Johnny_f0200,HEVC_E,Johnny,0.1,0.0,2026,hqs,0.0002311180871836226,0.0002064553673672711,10.67104704650702,0.4900775645321076,0.0011869486055374745
hevc_Johnny_f0200,HEVC_E,Johnny,0.25,0.0,2026,hqs_round1,6.404861125792681e-05,6.377177770764355e-05,0.43222412609141836,0.018811939511429898,-0.00027613843441010033
hevc_Johnny_f0200,HEVC_E,Johnny,0.25,0.0,2026,hqs,6.417371216721508e-05,6.377177770764355e-05,0.6263225953397011,0.02728638458041388,-0.0003655214977263954
hevc_Johnny_f0200,HEVC_E,Johnny,0.5,0.0,2026,hqs_round1,1.7717177917413417e-05,1.7851827914888663e-05,-0.7599968691565984,-0.03288145331553949,-2.863783836359879e-05
hevc_Johnny_f0200,HEVC_E,Johnny,0.5,0.0,2026,hqs,1.803879540946933e-05,1.7851827914888663e-05,1.0364743894291317,0.04524841208947805,-4.862934970850663e-05
hevc_Johnny_f0200,HEVC_E,Johnny,0.1,0.01,2026,hqs_round1,0.0003039213558508471,0.00029001919228843813,4.574263471380291,0.20334479331906863,0.002254298411369371
hevc_Johnny_f0200,HEVC_E,Johnny,0.1,0.01,2026,hqs,0.000321574539225593,0.00029001919228843813,9.81276285527628,0.4485491733387761,0.004183353164196046
hevc_Johnny_f0200,HEVC_E,Johnny,0.1,0.01,2027,hqs_round1,0.0003002038123596737,0.0002865967195402425,4.532618261066101,0.20144988107831097,0.002387647881031074
hevc_Johnny_f0200,HEVC_E,Johnny,0.1,0.01,2027,hqs,0.0003162037158280332,0.0002865967195402425,9.36326640256575,0.4269575413948914,0.004093982787609085
hevc_Johnny_f0200,HEVC_E,Johnny,0.1,0.01,2028,hqs_round1,0.0003018123778616125,0.0002922137284729104,3.180336557668706,0.14036431356277745,0.0020600940122603717
hevc_Johnny_f0200,HEVC_E,Johnny,0.1,0.01,2028,hqs,0.0003163908861443936,0.0002922137284729104,7.6415468113229075,0.3452334922007836,0.004095940051078717
hevc_Johnny_f0200,HEVC_E,Johnny,0.1,0.05,2026,hqs_round1,0.001234664535973894,0.000771030650755658,37.55140539875676,2.0447733092944382,0.13083705160689352
hevc_Johnny_f0200,HEVC_E,Johnny,0.1,0.05,2026,hqs,0.0012098393622306755,0.000771030650755658,36.2699979165789,1.9565606732245229,0.13347954812562457
hevc_Johnny_f0200,HEVC_E,Johnny,0.1,0.05,2027,hqs_round1,0.0012221727456480983,0.0007755026071731655,36.54721806433925,1.975493325476652,0.1311561751672029
hevc_Johnny_f0200,HEVC_E,Johnny,0.1,0.05,2027,hqs,0.0012043767271017493,0.0007755026071731655,35.60963195964773,1.9117909257463594,0.13509153448299316
hevc_Johnny_f0200,HEVC_E,Johnny,0.1,0.05,2028,hqs_round1,0.0012538008830445828,0.0007771484746147124,38.01659536819145,2.0772457246269376,0.13151169827827802
hevc_Johnny_f0200,HEVC_E,Johnny,0.1,0.05,2028,hqs,0.001240412291590386,0.0007771484746147124,37.347567427093374,2.030620622200189,0.13610954015766075
hevc_Johnny_f0400,HEVC_E,Johnny,0.01,0.0,2026,hqs_round1,0.0031473498284649553,0.0030310596137471672,3.694861424873952,0.16350539508034956,0.00698970068950322
hevc_Johnny_f0400,HEVC_E,Johnny,0.01,0.0,2026,hqs,0.0031803704622187477,0.0030310596137471672,4.694762771989003,0.20883233288953917,0.008748840427809546
hevc_Johnny_f0400,HEVC_E,Johnny,0.04,0.0,2026,hqs_round1,0.0007483171141602825,0.000716860968556227,4.20358495199642,0.18650743050909568,0.001877021061703621
hevc_Johnny_f0400,HEVC_E,Johnny,0.04,0.0,2026,hqs,0.000778035347331504,0.000716860968556227,7.862673461442604,0.3556439341171753,0.0033230807824442543
hevc_Johnny_f0400,HEVC_E,Johnny,0.1,0.0,2026,hqs_round1,0.00021614977089925004,0.00021427343843818733,0.8680705296408964,0.03786440778448963,0.00019264658784867716
hevc_Johnny_f0400,HEVC_E,Johnny,0.1,0.0,2026,hqs,0.0002330907272344512,0.00021427343843818733,8.07294610966517,0.3655665807836499,0.0015575065674782174
hevc_Johnny_f0400,HEVC_E,Johnny,0.25,0.0,2026,hqs_round1,7.141432625795311e-05,7.233190102748575e-05,-1.2848609202281036,-0.05544536079415252,-0.00036075155925752167
hevc_Johnny_f0400,HEVC_E,Johnny,0.25,0.0,2026,hqs,7.275730199011352e-05,7.233190102748575e-05,0.5846849058333436,0.02546706663640208,-4.203862953189308e-05
hevc_Johnny_f0400,HEVC_E,Johnny,0.5,0.0,2026,hqs_round1,1.975462357111496e-05,1.9706115976889697e-05,0.24555058743914726,0.010677240900641038,0.00012058995056152266
hevc_Johnny_f0400,HEVC_E,Johnny,0.5,0.0,2026,hqs,1.9978397985754142e-05,1.9706115976889697e-05,1.3628820942429898,0.059596259491492276,6.2224925994947e-05
hevc_Johnny_f0400,HEVC_E,Johnny,0.1,0.01,2026,hqs_round1,0.00030145797228650146,0.00029140156893215074,3.335922177832884,0.14734887882115544,0.002454320039272262
hevc_Johnny_f0400,HEVC_E,Johnny,0.1,0.01,2026,hqs,0.00031969260398970916,0.00029140156893215074,8.84944934743286,0.4024070337050816,0.004733496078014321
hevc_Johnny_f0400,HEVC_E,Johnny,0.1,0.01,2027,hqs_round1,0.00030491962085156895,0.0002965511707746658,2.744477398185141,0.12085728126719886,0.0020738064079284246
hevc_Johnny_f0400,HEVC_E,Johnny,0.1,0.01,2027,hqs,0.00032581826148098976,0.0002965511707746658,8.982642830789134,0.408757790635498,0.00434954760169981
hevc_Johnny_f0400,HEVC_E,Johnny,0.1,0.01,2028,hqs_round1,0.0003076572707854177,0.00029832072456474184,3.034723085477753,0.13383757941624452,0.002245004716396326
hevc_Johnny_f0400,HEVC_E,Johnny,0.1,0.01,2028,hqs,0.00033399737233975,0.00029832072456474184,10.68171510604492,0.4905962492261722,0.00522939898538588
hevc_Johnny_f0400,HEVC_E,Johnny,0.1,0.05,2026,hqs_round1,0.0012326548239036813,0.0007636837731948662,38.04561030505164,2.0792791684637955,0.12394584551304577
hevc_Johnny_f0400,HEVC_E,Johnny,0.1,0.05,2026,hqs,0.0012165311111460065,0.0007636837731948662,37.22447653020113,2.02209657124045,0.12761678244280816
hevc_Johnny_f0400,HEVC_E,Johnny,0.1,0.05,2027,hqs_round1,0.0012717785973389688,0.0007854074132250046,38.24338490454491,2.0931651587264035,0.13242623678526277
hevc_Johnny_f0400,HEVC_E,Johnny,0.1,0.05,2027,hqs,0.001245171782943631,0.0007854074132250046,36.92377035975927,2.001342743693897,0.13390345300602913
hevc_Johnny_f0400,HEVC_E,Johnny,0.1,0.05,2028,hqs_round1,0.0013552123053579303,0.0008215018704273079,39.38205348494546,2.1739877981738793,0.13443356705983722
hevc_Johnny_f0400,HEVC_E,Johnny,0.1,0.05,2028,hqs,0.0012975089093900693,0.0008215018704273079,36.68622508237897,1.9850179203818392,0.13556563901349905
hevc_KristenAndSara_f0000,HEVC_E,KristenAndSara,0.01,0.0,2026,hqs_round1,0.005276172411803486,0.00532279378892078,-0.8836211836632968,-0.03820662699219568,-0.0016057783418269578
hevc_KristenAndSara_f0000,HEVC_E,KristenAndSara,0.01,0.0,2026,hqs,0.005278083534761991,0.00532279378892078,-0.8470925832136489,-0.03663382040423713,-0.0005455160183461816
hevc_KristenAndSara_f0000,HEVC_E,KristenAndSara,0.04,0.0,2026,hqs_round1,0.0018230845409199054,0.0017436392339566437,4.357741244581814,0.1935017582863381,0.003085191612638538
hevc_KristenAndSara_f0000,HEVC_E,KristenAndSara,0.04,0.0,2026,hqs,0.0018725603380468619,0.0017436392339566437,6.884750331980594,0.3097918793032477,0.005100822921466075
hevc_KristenAndSara_f0000,HEVC_E,KristenAndSara,0.1,0.0,2026,hqs_round1,0.0007066955458342547,0.0006488424165795814,8.186429021054254,0.37093120915676536,0.002896625560760535
hevc_KristenAndSara_f0000,HEVC_E,KristenAndSara,0.1,0.0,2026,hqs,0.0007861480655462295,0.0006488424165795814,17.465621933604293,0.8336511696933151,0.006747465580940193
hevc_KristenAndSara_f0000,HEVC_E,KristenAndSara,0.25,0.0,2026,hqs_round1,0.00010769966469720743,0.00010056057558766165,6.628701333116494,0.2978660070970278,0.0004659668416977514
hevc_KristenAndSara_f0000,HEVC_E,KristenAndSara,0.25,0.0,2026,hqs,0.00012331601715848353,0.00010056057558766165,18.452948850575503,0.8859173900982427,0.0017949118943214604
hevc_KristenAndSara_f0000,HEVC_E,KristenAndSara,0.5,0.0,2026,hqs_round1,1.6447686178803068e-05,1.54275674132743e-05,6.202202269906165,0.2780735826161589,7.817274284360742e-05
hevc_KristenAndSara_f0000,HEVC_E,KristenAndSara,0.5,0.0,2026,hqs,1.6646334380390157e-05,1.54275674132743e-05,7.321533613740194,0.3302116138934963,0.00016112233829501665
hevc_KristenAndSara_f0000,HEVC_E,KristenAndSara,0.1,0.01,2026,hqs_round1,0.0008278957655856871,0.0007657924895979892,7.5013399716767015,0.3386455857469919,0.004484053256034848
hevc_KristenAndSara_f0000,HEVC_E,KristenAndSara,0.1,0.01,2026,hqs,0.0009253360147784456,0.0007657924895979892,17.24168546694427,0.8218836281595934,0.010067852484464623
hevc_KristenAndSara_f0000,HEVC_E,KristenAndSara,0.1,0.01,2027,hqs_round1,0.0008277872348221529,0.0007682363901475914,7.193979584301735,0.32423849767045354,0.003932371373176591
hevc_KristenAndSara_f0000,HEVC_E,KristenAndSara,0.1,0.01,2027,hqs,0.0009109870831433641,0.0007682363901475914,15.669892102444628,0.7401734400726276,0.00875714219832413
hevc_KristenAndSara_f0000,HEVC_E,KristenAndSara,0.1,0.01,2028,hqs_round1,0.0008511589651239086,0.0007906919504595269,7.104080100428611,0.32003360322984875,0.0047061911592483074
hevc_KristenAndSara_f0000,HEVC_E,KristenAndSara,0.1,0.01,2028,hqs,0.0009414957502994701,0.0007906919504595269,16.01747005145543,0.7581104650990831,0.00925489488649367
hevc_KristenAndSara_f0000,HEVC_E,KristenAndSara,0.1,0.05,2026,hqs_round1,0.002236646209192089,0.0017832989994887526,20.26906212704478,0.9837312728186447,0.12294879729573427
hevc_KristenAndSara_f0000,HEVC_E,KristenAndSara,0.1,0.05,2026,hqs,0.0022436813356710925,0.0017832989994887526,20.51906074463279,0.9973700931495451,0.12907324302461742
hevc_KristenAndSara_f0000,HEVC_E,KristenAndSara,0.1,0.05,2027,hqs_round1,0.002184533627118591,0.0016810010793936305,23.049887695669025,1.1379074200383918,0.12106367881935087
hevc_KristenAndSara_f0000,HEVC_E,KristenAndSara,0.1,0.05,2027,hqs,0.00218579320354232,0.0016810010793936305,23.09423065872004,1.140410789359283,0.12650506841102238
hevc_KristenAndSara_f0000,HEVC_E,KristenAndSara,0.1,0.05,2028,hqs_round1,0.002221675553023475,0.0017466853917310306,21.37981671743342,1.044659480698023,0.11966088731685287
hevc_KristenAndSara_f0000,HEVC_E,KristenAndSara,0.1,0.05,2028,hqs,0.0021924269426242355,0.0017466853917310306,20.33096484207918,0.9871044238166782,0.12532891818293934
hevc_KristenAndSara_f0200,HEVC_E,KristenAndSara,0.01,0.0,2026,hqs_round1,0.0055886730386124055,0.005414427756315862,3.1178292430542043,0.1375613888646008,0.005739519698001017
hevc_KristenAndSara_f0200,HEVC_E,KristenAndSara,0.01,0.0,2026,hqs,0.005657685365928045,0.005414427756315862,4.299595927994504,0.1908622851498727,0.007678245230414382
hevc_KristenAndSara_f0200,HEVC_E,KristenAndSara,0.04,0.0,2026,hqs_round1,0.0018423685186550684,0.00175437571563779,4.776069615079681,0.21253896908400094,0.004312839071087593
hevc_KristenAndSara_f0200,HEVC_E,KristenAndSara,0.04,0.0,2026,hqs,0.0018808101126201314,0.00175437571563779,6.722337153228475,0.3022234407591,0.006159679902641102
hevc_KristenAndSara_f0200,HEVC_E,KristenAndSara,0.1,0.0,2026,hqs_round1,0.0006880516820259625,0.0006393776292805028,7.074185561488533,0.31863623887320003,0.0025689968419075893
hevc_KristenAndSara_f0200,HEVC_E,KristenAndSara,0.1,0.0,2026,hqs,0.0007930083672918652,0.0006393776292805028,19.373154729251286,0.9352033273827978,0.008046947577238117
hevc_KristenAndSara_f0200,HEVC_E,KristenAndSara,0.25,0.0,2026,hqs_round1,0.00010071614540255152,9.488833089311349e-05,5.78637564627289,0.2588628878046251,0.00019535805511472493
hevc_KristenAndSara_f0200,HEVC_E,KristenAndSara,0.25,0.0,2026,hqs,0.00011556717713407001,9.488833089311349e-05,17.89335584182946,0.8562169788083409,0.0013438975553512478
hevc_KristenAndSara_f0200,HEVC_E,KristenAndSara,0.5,0.0,2026,hqs_round1,1.5328124678275665e-05,1.4304027754388164e-05,6.681162538682495,0.30030680157749856,7.77233304977143e-05
hevc_KristenAndSara_f0200,HEVC_E,KristenAndSara,0.5,0.0,2026,hqs,1.575133493444341e-05,1.4304027754388164e-05,9.188473142618669,0.41859022262750045,0.00019208778381352154
hevc_KristenAndSara_f0200,HEVC_E,KristenAndSara,0.1,0.01,2026,hqs_round1,0.0008834456499673631,0.0008014825622356572,9.277660457633562,0.422857587461543,0.0063020048060417055
hevc_KristenAndSara_f0200,HEVC_E,KristenAndSara,0.1,0.01,2026,hqs,0.000996161526863298,0.0008014825622356572,19.542911403198204,0.9443568676873539,0.013505718802928945
hevc_KristenAndSara_f0200,HEVC_E,KristenAndSara,0.1,0.01,2027,hqs_round1,0.0008360705617536928,0.0007671373008097665,8.244909472633012,0.373698319628744,0.0062840499219893875
hevc_KristenAndSara_f0200,HEVC_E,KristenAndSara,0.1,0.01,2027,hqs,0.0009686442341036345,0.0007671373008097665,20.802986917104693,1.0129119752765483,0.014324443901062023
hevc_KristenAndSara_f0200,HEVC_E,KristenAndSara,0.1,0.01,2028,hqs_round1,0.000833041838130442,0.0007624102891118581,8.478751700766807,0.3847806497400157,0.005243874759435663
hevc_KristenAndSara_f0200,HEVC_E,KristenAndSara,0.1,0.01,2028,hqs,0.0009405811289553468,0.0007624102891118581,18.94263390563381,0.9120751247771324,0.011944261140227397
hevc_KristenAndSara_f0200,HEVC_E,KristenAndSara,0.1,0.05,2026,hqs_round1,0.002311924626861507,0.0017909445420327375,22.534475336075833,1.1089153335694384,0.1307445590674653
hevc_KristenAndSara_f0200,HEVC_E,KristenAndSara,0.1,0.05,2026,hqs,0.002288014907902592,0.0017909445420327375,21.72496185024929,1.0637671204420371,0.13705530577803404
hevc_KristenAndSara_f0200,HEVC_E,KristenAndSara,0.1,0.05,2027,hqs_round1,0.0022666468605502866,0.0017397543351023595,23.245461594313387,1.1489593576903516,0.13297277093257753
hevc_KristenAndSara_f0200,HEVC_E,KristenAndSara,0.1,0.05,2027,hqs,0.002271100390126697,0.0017397543351023595,23.39597392234587,1.1574840455329607,0.14002199084822275
hevc_KristenAndSara_f0200,HEVC_E,KristenAndSara,0.1,0.05,2028,hqs_round1,0.002256638568128071,0.0017147672820097245,24.012320527156472,1.1925681786019489,0.13055910892835265
hevc_KristenAndSara_f0200,HEVC_E,KristenAndSara,0.1,0.05,2028,hqs,0.0022588904710490877,0.0017147672820097245,24.088073149764465,1.1968998486453515,0.13710051283940672
hevc_KristenAndSara_f0400,HEVC_E,KristenAndSara,0.01,0.0,2026,hqs_round1,0.005256423243157727,0.005307823039631388,-0.9778473706539614,-0.04226108238935922,-0.0002819529293703882
hevc_KristenAndSara_f0400,HEVC_E,KristenAndSara,0.01,0.0,2026,hqs,0.005270255128065427,0.005307823039631388,-0.7128290880246579,-0.030847957498302492,0.0005493107794419805
hevc_KristenAndSara_f0400,HEVC_E,KristenAndSara,0.04,0.0,2026,hqs_round1,0.0017804969223905428,0.0016839251988317431,5.423863548673813,0.24218431409000374,0.004880634060557942
hevc_KristenAndSara_f0400,HEVC_E,KristenAndSara,0.04,0.0,2026,hqs,0.0018300870454389488,0.0016839251988317431,7.986606263974105,0.3614895089063417,0.007079230097739475
hevc_KristenAndSara_f0400,HEVC_E,KristenAndSara,0.1,0.0,2026,hqs_round1,0.0007080319357417945,0.000661962398501434,6.506703287627014,0.2921952608136742,0.0028000910522937295
hevc_KristenAndSara_f0400,HEVC_E,KristenAndSara,0.1,0.0,2026,hqs,0.0008066603035647473,0.000661962398501434,17.937898322735425,0.8585736459125393,0.008101411405563308
hevc_KristenAndSara_f0400,HEVC_E,KristenAndSara,0.25,0.0,2026,hqs_round1,0.00011051057317084371,0.00010235361064805499,7.381160271586385,0.33300663880926606,0.0006855860576628903
hevc_KristenAndSara_f0400,HEVC_E,KristenAndSara,0.25,0.0,2026,hqs,0.0001286457745173244,0.00010235361064805499,20.43764279698802,0.9929235846495104,0.0022536136932372886
hevc_KristenAndSara_f0400,HEVC_E,KristenAndSara,0.5,0.0,2026,hqs_round1,1.6239047106723942e-05,1.5376131673075184e-05,5.313830472795789,0.2371345221816128,4.458237743376614e-05
hevc_KristenAndSara_f0400,HEVC_E,KristenAndSara,0.5,0.0,2026,hqs,1.6454767391588905e-05,1.5376131673075184e-05,6.555156282944974,0.29444657977096256,0.00011033562946316522
hevc_KristenAndSara_f0400,HEVC_E,KristenAndSara,0.1,0.01,2026,hqs_round1,0.0008375559794548848,0.000791384372064643,5.512659275657272,0.24626373732467854,0.00439237327480313
hevc_KristenAndSara_f0400,HEVC_E,KristenAndSara,0.1,0.01,2026,hqs,0.0009350343989328932,0.000791384372064643,15.363074025104384,0.7244011865936244,0.010882171762108817
hevc_KristenAndSara_f0400,HEVC_E,KristenAndSara,0.1,0.01,2027,hqs_round1,0.0008262615738148563,0.0007827215537624633,5.2695201413480275,0.2351026276409307,0.00437553863072393
hevc_KristenAndSara_f0400,HEVC_E,KristenAndSara,0.1,0.01,2027,hqs,0.0009180382163086101,0.0007827215537624633,14.739763567822795,0.6925346736039089,0.010671244998574303
hevc_KristenAndSara_f0400,HEVC_E,KristenAndSara,0.1,0.01,2028,hqs_round1,0.0008590818746452787,0.0008304738273882001,3.3300722668477944,0.14708606069416064,0.0034300887417793025
hevc_KristenAndSara_f0400,HEVC_E,KristenAndSara,0.1,0.01,2028,hqs,0.0009431058969310242,0.0008304738273882001,11.942674720764856,0.5523451026998067,0.009050393004655821
hevc_KristenAndSara_f0400,HEVC_E,KristenAndSara,0.1,0.05,2026,hqs_round1,0.0022547254810619073,0.0017086549029971118,24.218938520516154,1.204393157744878,0.13026419152590818
hevc_KristenAndSara_f0400,HEVC_E,KristenAndSara,0.1,0.05,2026,hqs,0.0022386581840694803,0.0017086549029971118,23.675042703880646,1.1733343001737673,0.13569611509358892
hevc_KristenAndSara_f0400,HEVC_E,KristenAndSara,0.1,0.05,2027,hqs_round1,0.0021923801007345347,0.0016758381992914497,23.5607822416388,1.1668376595200023,0.12916709950929872
hevc_KristenAndSara_f0400,HEVC_E,KristenAndSara,0.1,0.05,2027,hqs,0.0022141999254145506,0.0016758381992914497,24.3140522201177,1.209847462351771,0.13572648055618997
hevc_KristenAndSara_f0400,HEVC_E,KristenAndSara,0.1,0.05,2028,hqs_round1,0.0022573382892743924,0.0017573700961025448,22.1485718621536,1.087334161504895,0.12366194158843158
hevc_KristenAndSara_f0400,HEVC_E,KristenAndSara,0.1,0.05,2028,hqs,0.002251710176440103,0.0017573700961025448,21.953983488190175,1.0764925853479816,0.1294539483966306
fresh_div2k_0802,DIV2K_fresh,fresh_div2k_0802,0.01,0.0,2026,hqs_round1,0.011790450891629497,0.010176258906162226,13.690672225379007,0.6394226590547447,0.04374749389980215
fresh_div2k_0802,DIV2K_fresh,fresh_div2k_0802,0.01,0.0,2026,hqs,0.012556634017551803,0.010176258906162226,18.957111500281542,0.9128508841365743,0.06074665583379513
fresh_div2k_0802,DIV2K_fresh,fresh_div2k_0802,0.04,0.0,2026,hqs_round1,0.0018541211542337354,0.0018018950365298893,2.8167586343854634,0.12408619949651367,0.0024950110107064827
fresh_div2k_0802,DIV2K_fresh,fresh_div2k_0802,0.04,0.0,2026,hqs,0.0019221223331255125,0.0018018950365298893,6.254924284664276,0.28051535822370965,0.005240001796245619
fresh_div2k_0802,DIV2K_fresh,fresh_div2k_0802,0.1,0.0,2026,hqs_round1,0.0005715644329014172,0.0005573455621733954,2.4877109052855007,0.10940648407085263,0.000405143445014966
fresh_div2k_0802,DIV2K_fresh,fresh_div2k_0802,0.1,0.0,2026,hqs,0.0006137144390802578,0.0005573455621733954,9.184870571293647,0.41841793769098956,0.0017371948771476298
fresh_div2k_0802,DIV2K_fresh,fresh_div2k_0802,0.25,0.0,2026,hqs_round1,0.00018445321975730283,0.0001779657621131453,3.517128978661088,0.15549781798313234,0.00014059804630284223
fresh_div2k_0802,DIV2K_fresh,fresh_div2k_0802,0.25,0.0,2026,hqs,0.00019718411864024622,0.0001779657621131453,9.746401819592766,0.44535474865567437,0.0006830299654007055
fresh_div2k_0802,DIV2K_fresh,fresh_div2k_0802,0.5,0.0,2026,hqs_round1,6.762350084622994e-05,6.601504814245318e-05,2.3785410155475972,0.1045470595872331,-3.6251003265319603e-05
fresh_div2k_0802,DIV2K_fresh,fresh_div2k_0802,0.5,0.0,2026,hqs,7.221753308651154e-05,6.601504814245318e-05,8.588613704968594,0.38999704735410745,0.00026683137512217847
fresh_div2k_0802,DIV2K_fresh,fresh_div2k_0802,0.1,0.01,2026,hqs_round1,0.0006161666165987702,0.0006003184298689672,2.5720618908704806,0.11316488431428695,0.000556928293228176
fresh_div2k_0802,DIV2K_fresh,fresh_div2k_0802,0.1,0.01,2026,hqs,0.0006527242339079861,0.0006003184298689672,8.028781729958945,0.3634806072128818,0.0017869543037414282
fresh_div2k_0802,DIV2K_fresh,fresh_div2k_0802,0.1,0.01,2027,hqs_round1,0.0006134222985068772,0.0005977845027778093,2.5492708313883727,0.11214906954572967,0.000637103746414236
fresh_div2k_0802,DIV2K_fresh,fresh_div2k_0802,0.1,0.01,2027,hqs,0.0006530255685881781,0.0005977845027778093,8.459250061188007,0.38385533978266295,0.0019482119665146236
fresh_div2k_0802,DIV2K_fresh,fresh_div2k_0802,0.1,0.01,2028,hqs_round1,0.00061752831312515,0.0006002024958419761,2.8056717262877395,0.12359077371026217,0.0006291240434646017
fresh_div2k_0802,DIV2K_fresh,fresh_div2k_0802,0.1,0.01,2028,hqs,0.0006550179857924679,0.0006002024958419761,8.368547297853778,0.37955428184252327,0.0018948638510704052
fresh_div2k_0802,DIV2K_fresh,fresh_div2k_0802,0.1,0.05,2026,hqs_round1,0.0015015719009777659,0.001236070621524795,17.681556193219016,0.8450284831020127,0.018288019348397855
fresh_div2k_0802,DIV2K_fresh,fresh_div2k_0802,0.1,0.05,2026,hqs,0.0015117309713001217,0.001236070621524795,18.234749106069625,0.8743122629652369,0.019499689318612234
fresh_div2k_0802,DIV2K_fresh,fresh_div2k_0802,0.1,0.05,2027,hqs_round1,0.001503517213276054,0.001204855225607983,19.86422137577716,0.9617353897460497,0.01964659965384008
fresh_div2k_0802,DIV2K_fresh,fresh_div2k_0802,0.1,0.05,2027,hqs,0.0015105529712088049,0.001204855225607983,20.237472728691564,0.9820109388151934,0.02091536610209943
fresh_div2k_0802,DIV2K_fresh,fresh_div2k_0802,0.1,0.05,2028,hqs_round1,0.0015170531243386236,0.0012308437086866583,18.86614325234929,0.9079787907685031,0.017378392652869223
fresh_div2k_0802,DIV2K_fresh,fresh_div2k_0802,0.1,0.05,2028,hqs,0.0015134791783796813,0.0012308437086866583,18.674552893130002,0.8977354039762808,0.018175287135601126
fresh_div2k_0804,DIV2K_fresh,fresh_div2k_0804,0.01,0.0,2026,hqs_round1,0.011905582708479674,0.011809117432917788,0.8102524498290964,0.03533215068530282,-0.0008718884976242625
fresh_div2k_0804,DIV2K_fresh,fresh_div2k_0804,0.01,0.0,2026,hqs,0.011977327503454448,0.011809117432917788,1.404404033271578,0.061424835381401977,0.0003225102995889628
fresh_div2k_0804,DIV2K_fresh,fresh_div2k_0804,0.04,0.0,2026,hqs_round1,0.004977538857922571,0.004950265757975752,0.547923395985328,0.023861441810836936,-0.0014809190634716973
fresh_div2k_0804,DIV2K_fresh,fresh_div2k_0804,0.04,0.0,2026,hqs,0.005055295728012155,0.004950265757975752,2.0776226691233135,0.09118051395936178,4.852310552283523e-05
fresh_div2k_0804,DIV2K_fresh,fresh_div2k_0804,0.1,0.0,2026,hqs_round1,0.0024285571280378768,0.002393406388442694,1.44739191799792,0.06331878125946133,-0.00016281293800479713
fresh_div2k_0804,DIV2K_fresh,fresh_div2k_0804,0.1,0.0,2026,hqs,0.002459951801637813,0.002393406388442694,2.705151098928593,0.1191015205496555,0.00012944157205518891
fresh_div2k_0804,DIV2K_fresh,fresh_div2k_0804,0.25,0.0,2026,hqs_round1,0.0010143608197427986,0.0009798474950288671,3.402470210026709,0.150339793019036,0.0013598460247516986
fresh_div2k_0804,DIV2K_fresh,fresh_div2k_0804,0.25,0.0,2026,hqs,0.0010671236610968835,0.0009798474950288671,8.178636576974242,0.37056262836602016,0.0039413503360749
fresh_div2k_0804,DIV2K_fresh,fresh_div2k_0804,0.5,0.0,2026,hqs_round1,0.00032667858005452677,0.0003144551886104431,3.741718064907529,0.16561894089863927,0.0009016999177933194
fresh_div2k_0804,DIV2K_fresh,fresh_div2k_0804,0.5,0.0,2026,hqs,0.000353134472734169,0.0003144551886104431,10.953131769959679,0.5038135002812965,0.002911581825256415
fresh_div2k_0804,DIV2K_fresh,fresh_div2k_0804,0.1,0.01,2026,hqs_round1,0.002517687149964612,0.0024721669855783126,1.8080151216142704,0.07923960941703356,-0.00021347605547317183
fresh_div2k_0804,DIV2K_fresh,fresh_div2k_0804,0.1,0.01,2026,hqs,0.0025283792285093467,0.0024721669855783126,2.2232520461012983,0.09764411428530906,-0.0002793767084628973
fresh_div2k_0804,DIV2K_fresh,fresh_div2k_0804,0.1,0.01,2027,hqs_round1,0.0025379754101518153,0.00248638812085878,2.0326158041834463,0.08918487791562413,-0.00018665000398454534
fresh_div2k_0804,DIV2K_fresh,fresh_div2k_0804,0.1,0.01,2027,hqs,0.002543874556981443,0.00248638812085878,2.2597983837251867,0.09926769454099116,-0.0005575623019188347
fresh_div2k_0804,DIV2K_fresh,fresh_div2k_0804,0.1,0.01,2028,hqs_round1,0.0025172379573700984,0.002471667298910394,1.8103436874642775,0.07934260105039925,-0.00028576152226322815
fresh_div2k_0804,DIV2K_fresh,fresh_div2k_0804,0.1,0.01,2028,hqs,0.0025233059539562564,0.002471667298910394,2.0464682439677473,0.08979900715650047,-0.0005500690749883352
fresh_div2k_0804,DIV2K_fresh,fresh_div2k_0804,0.1,0.05,2026,hqs_round1,0.004005138462590563,0.003498569971646144,12.64796450050233,0.5872697052192031,0.024269005363010243
fresh_div2k_0804,DIV2K_fresh,fresh_div2k_0804,0.1,0.05,2026,hqs,0.0039682199274896374,0.003498569971646144,11.835280413517847,0.5470516945073349,0.025285009479960374
fresh_div2k_0804,DIV2K_fresh,fresh_div2k_0804,0.1,0.05,2027,hqs_round1,0.004128702676519079,0.0035678302101394585,13.584714384240758,0.6340943030561625,0.025516719474020233
fresh_div2k_0804,DIV2K_fresh,fresh_div2k_0804,0.1,0.05,2027,hqs,0.004059589909268678,0.0035678302101394585,12.11353141868975,0.5607798582318253,0.025594369700414843
fresh_div2k_0804,DIV2K_fresh,fresh_div2k_0804,0.1,0.05,2028,hqs_round1,0.0039783664609681175,0.0034922095270555295,12.220013884650637,0.5660449218582393,0.02448250872228852
fresh_div2k_0804,DIV2K_fresh,fresh_div2k_0804,0.1,0.05,2028,hqs,0.003939577160670681,0.0034922095270555295,11.355727159789685,0.5234931820453248,0.02487950685214435
fresh_div2k_0808,DIV2K_fresh,fresh_div2k_0808,0.01,0.0,2026,hqs_round1,0.004997704955378169,0.004994822669342615,0.05767219276225921,0.0025053940348911397,0.0007787557629541642
fresh_div2k_0808,DIV2K_fresh,fresh_div2k_0808,0.01,0.0,2026,hqs,0.005024467035994104,0.004994822669342615,0.5900002216976286,0.025699271710635685,0.0012374074927964385
fresh_div2k_0808,DIV2K_fresh,fresh_div2k_0808,0.04,0.0,2026,hqs_round1,0.0021095047443910877,0.0021077382944551695,0.08373766120294279,0.003638203904905879,-6.818982308365307e-05
fresh_div2k_0808,DIV2K_fresh,fresh_div2k_0808,0.04,0.0,2026,hqs,0.002115172213576946,0.0021077382944551695,0.35145692034243003,0.015290465579816725,0.0004009570017945441
fresh_div2k_0808,DIV2K_fresh,fresh_div2k_0808,0.1,0.0,2026,hqs_round1,0.0011001353316995384,0.001070584723599236,2.6860884519226746,0.11825070556964334,0.0003743292958736655
fresh_div2k_0808,DIV2K_fresh,fresh_div2k_0808,0.1,0.0,2026,hqs,0.0011371806436998807,0.001070584723599236,5.856230535543694,0.26208416770452203,0.00219553296041497
fresh_div2k_0808,DIV2K_fresh,fresh_div2k_0808,0.25,0.0,2026,hqs_round1,0.0004267184460554675,0.0004177632966296245,2.098608463876661,0.0921113524318713,8.028140068050416e-05
fresh_div2k_0808,DIV2K_fresh,fresh_div2k_0808,0.25,0.0,2026,hqs,0.0004469261632718451,0.0004177632966296245,6.525209092420514,0.293054976397606,0.0012259216861724154
fresh_div2k_0808,DIV2K_fresh,fresh_div2k_0808,0.5,0.0,2026,hqs_round1,0.000140245390790926,0.0001391625544023252,0.7721012309167885,0.03366205083651863,-3.458428668978719e-05
fresh_div2k_0808,DIV2K_fresh,fresh_div2k_0808,0.5,0.0,2026,hqs,0.00014390299251982284,0.0001391625544023252,3.2941900890939735,0.14547433502827545,0.00025716333961489646
fresh_div2k_0808,DIV2K_fresh,fresh_div2k_0808,0.1,0.01,2026,hqs_round1,0.0011875537760655983,0.0011602487734932514,2.2992645152297153,0.101021669283611,0.0005538244981765361
fresh_div2k_0808,DIV2K_fresh,fresh_div2k_0808,0.1,0.01,2026,hqs,0.001206102071353913,0.0011602487734932514,3.8017758985513295,0.16832945322481052,0.001938191591262739
fresh_div2k_0808,DIV2K_fresh,fresh_div2k_0808,0.1,0.01,2027,hqs_round1,0.0011857715136705696,0.001161084865478585,2.0819059917847715,0.09137048729671093,0.00037340216565129314
fresh_div2k_0808,DIV2K_fresh,fresh_div2k_0808,0.1,0.01,2027,hqs,0.001208025457677568,0.001161084865478585,3.8857287237328952,0.1721212246290591,0.0021446020412445588
fresh_div2k_0808,DIV2K_fresh,fresh_div2k_0808,0.1,0.01,2028,hqs_round1,0.0011775670220498036,0.0011513848238567216,2.223414693416459,0.09765133858880404,0.00065354771351811
fresh_div2k_0808,DIV2K_fresh,fresh_div2k_0808,0.1,0.01,2028,hqs,0.0012001189241646027,0.0011513848238567216,4.060772589000261,0.18003783186054179,0.0020788518879413243
fresh_div2k_0808,DIV2K_fresh,fresh_div2k_0808,0.1,0.05,2026,hqs_round1,0.002083790926254948,0.0017307182927077376,16.943764803783033,0.806277586410765,0.08338125439846511
fresh_div2k_0808,DIV2K_fresh,fresh_div2k_0808,0.1,0.05,2026,hqs,0.0020416157603057776,0.0017307182927077376,15.228010757101329,0.7174762565385393,0.0847605356927067
fresh_div2k_0808,DIV2K_fresh,fresh_div2k_0808,0.1,0.05,2027,hqs_round1,0.002063965780028729,0.0017434101427993272,15.531053873622847,0.7330292424228908,0.08322760176698996
fresh_div2k_0808,DIV2K_fresh,fresh_div2k_0808,0.1,0.05,2027,hqs,0.0020281239748823664,0.0017434101427993272,14.038285411006635,0.6569493067347167,0.08529147512772073
fresh_div2k_0808,DIV2K_fresh,fresh_div2k_0808,0.1,0.05,2028,hqs_round1,0.0020451305869362314,0.001716739226876293,16.05723185392747,0.7601671333822786,0.07963095385196806
fresh_div2k_0808,DIV2K_fresh,fresh_div2k_0808,0.1,0.05,2028,hqs,0.002014732991617841,0.001716739226876293,14.790732369069792,0.6951316741538989,0.08168160138604785
fresh_div2k_0811,DIV2K_fresh,fresh_div2k_0811,0.01,0.0,2026,hqs_round1,0.005669594547359878,0.00565710359714382,0.22031469996165454,0.009578701369889586,-0.001978611113223838
fresh_div2k_0811,DIV2K_fresh,fresh_div2k_0811,0.01,0.0,2026,hqs,0.0056880378936353376,0.00565710359714382,0.5438482842410775,0.023683490545689523,-0.0017371697143621079
fresh_div2k_0811,DIV2K_fresh,fresh_div2k_0811,0.04,0.0,2026,hqs_round1,0.003573833477093064,0.0035559553442280926,0.5002508645006398,0.02178014221165725,-0.00120578064343424
fresh_div2k_0811,DIV2K_fresh,fresh_div2k_0811,0.04,0.0,2026,hqs,0.0035797530745398922,0.0035559553442280926,0.6647869229041259,0.028967723083134445,-0.0015181351965581902
fresh_div2k_0811,DIV2K_fresh,fresh_div2k_0811,0.1,0.0,2026,hqs_round1,0.002298738697524748,0.0022984389827453927,0.013038227427841775,0.0005662799398074014,-0.001624204747140312
fresh_div2k_0811,DIV2K_fresh,fresh_div2k_0811,0.1,0.0,2026,hqs,0.002311676202041971,0.0022984389827453927,0.5726242838372309,0.02494023192436856,-0.001613131499588416
fresh_div2k_0811,DIV2K_fresh,fresh_div2k_0811,0.25,0.0,2026,hqs_round1,0.0010627780678339126,0.0010552793502558626,0.7055769972119763,0.030751435200517818,-7.373906564711596e-05
fresh_div2k_0811,DIV2K_fresh,fresh_div2k_0811,0.25,0.0,2026,hqs,0.0010672839306983455,0.0010552793502558626,1.1247785239892116,0.049125306932392476,-8.617093086193961e-06
fresh_div2k_0811,DIV2K_fresh,fresh_div2k_0811,0.5,0.0,2026,hqs_round1,0.0003687791426484368,0.00036575670444699126,0.8195794859057082,0.03574054680081673,-3.199757003780057e-05
fresh_div2k_0811,DIV2K_fresh,fresh_div2k_0811,0.5,0.0,2026,hqs,0.0003744319805172666,0.00036575670444699126,2.316916428530147,0.1018063943032459,0.0006765340709686818
fresh_div2k_0811,DIV2K_fresh,fresh_div2k_0811,0.1,0.01,2026,hqs_round1,0.002329076925428565,0.0023274949805567277,0.06792153812379409,0.0029507971478395234,-0.0019627060654163753
fresh_div2k_0811,DIV2K_fresh,fresh_div2k_0811,0.1,0.01,2026,hqs,0.0023387689159191437,0.0023274949805567277,0.48204571583273514,0.020985600269419535,-0.0020956690574884806
fresh_div2k_0811,DIV2K_fresh,fresh_div2k_0811,0.1,0.01,2027,hqs_round1,0.002325537407273423,0.0023218626369099038,0.15801811452379466,0.006868067343347661,-0.001775454596757875
fresh_div2k_0811,DIV2K_fresh,fresh_div2k_0811,0.1,0.01,2027,hqs,0.0023365161589021374,0.0023218626369099038,0.6271526065164901,0.02732265885231655,-0.001737166133880641
fresh_div2k_0811,DIV2K_fresh,fresh_div2k_0811,0.1,0.01,2028,hqs_round1,0.0023304836221940657,0.0023272233076131526,0.13989862661397678,0.006079974048844861,-0.0015922478440925092
fresh_div2k_0811,DIV2K_fresh,fresh_div2k_0811,0.1,0.01,2028,hqs,0.002340106223537744,0.0023272233076131526,0.550526971596843,0.023975138111694605,-0.0016711417781114513
fresh_div2k_0811,DIV2K_fresh,fresh_div2k_0811,0.1,0.05,2026,hqs_round1,0.002870220928643722,0.002752900553935506,4.087503283715998,0.18124803659969047,-3.424489514625151e-05
fresh_div2k_0811,DIV2K_fresh,fresh_div2k_0811,0.1,0.05,2026,hqs,0.0028773860685473805,0.002752900553935506,4.326340353580704,0.1920761337042336,0.0009442935925312312
fresh_div2k_0811,DIV2K_fresh,fresh_div2k_0811,0.1,0.05,2027,hqs_round1,0.0028594138080006676,0.0027329252870879847,4.423582223697975,0.19649250956251407,0.0014205437247156727
fresh_div2k_0811,DIV2K_fresh,fresh_div2k_0811,0.1,0.05,2027,hqs,0.0028644055007755,0.0027329252870879847,4.5901396869933,0.20406739989396883,0.002454647726401693
fresh_div2k_0811,DIV2K_fresh,fresh_div2k_0811,0.1,0.05,2028,hqs_round1,0.002885205085937415,0.00276297327288783,4.236503451534402,0.1880000520835594,0.001639968743320508
fresh_div2k_0811,DIV2K_fresh,fresh_div2k_0811,0.1,0.05,2028,hqs,0.0028865839014807514,0.00276297327288783,4.282246170967419,0.19007501357203438,0.0025726133192702783
fresh_div2k_0813,DIV2K_fresh,fresh_div2k_0813,0.01,0.0,2026,hqs_round1,0.008718659285945536,0.008605175495848558,1.3016197373363791,0.056899744707823885,0.0026405609705179023
fresh_div2k_0813,DIV2K_fresh,fresh_div2k_0813,0.01,0.0,2026,hqs,0.00874748291671176,0.008605175495848558,1.626838511354256,0.07123371154325042,0.003932452940133002
fresh_div2k_0813,DIV2K_fresh,fresh_div2k_0813,0.04,0.0,2026,hqs_round1,0.0037996428600566437,0.0037871828849420086,0.32792490172219857,0.014264999576777626,0.0011372390609215577
fresh_div2k_0813,DIV2K_fresh,fresh_div2k_0813,0.04,0.0,2026,hqs,0.0038299317005921155,0.0037871828849420086,1.1161769710801295,0.04874751314036274,0.0035883180599491915
fresh_div2k_0813,DIV2K_fresh,fresh_div2k_0813,0.1,0.0,2026,hqs_round1,0.0018415585742317673,0.0018395335521252869,0.10996240547630487,0.004778234203893561,3.6430590391267614e-05
fresh_div2k_0813,DIV2K_fresh,fresh_div2k_0813,0.1,0.0,2026,hqs,0.0018830227519751172,0.0018395335521252869,2.309541921584013,0.10147853950285324,0.0023706924526691875
fresh_div2k_0813,DIV2K_fresh,fresh_div2k_0813,0.25,0.0,2026,hqs_round1,0.0005349348878177754,0.0005199335677459553,2.804326360730891,0.12353065900973803,0.0009126420183180883
fresh_div2k_0813,DIV2K_fresh,fresh_div2k_0813,0.25,0.0,2026,hqs,0.0005444697498402619,0.0005199335677459553,4.506436234796363,0.20025898735129743,0.0015059578561782416
fresh_div2k_0813,DIV2K_fresh,fresh_div2k_0813,0.5,0.0,2026,hqs_round1,0.00011201714037134631,0.00010760151237048037,3.941921732895304,0.1746610608286261,0.00022861198329926502
fresh_div2k_0813,DIV2K_fresh,fresh_div2k_0813,0.5,0.0,2026,hqs,0.00012106438402220107,0.00010760151237048037,11.120423038085136,0.5119802116375993,0.0007490894927978387
fresh_div2k_0813,DIV2K_fresh,fresh_div2k_0813,0.1,0.01,2026,hqs_round1,0.0019707203208123897,0.001963221487202277,0.3805123198314275,0.016556960732987847,3.233220958709371e-05
fresh_div2k_0813,DIV2K_fresh,fresh_div2k_0813,0.1,0.01,2026,hqs,0.001990929299849843,0.001963221487202277,1.391702490372504,0.06086539308002159,0.0019542702074050178
fresh_div2k_0813,DIV2K_fresh,fresh_div2k_0813,0.1,0.01,2027,hqs_round1,0.0019679704998144094,0.0019539814931066857,0.7108341669269325,0.030981379659831276,0.0002882822175026556
fresh_div2k_0813,DIV2K_fresh,fresh_div2k_0813,0.1,0.01,2027,hqs,0.0019822743258648677,0.0019539814931066857,1.4272914898313949,0.06243310049376305,0.0020510023784637843
fresh_div2k_0813,DIV2K_fresh,fresh_div2k_0813,0.1,0.01,2028,hqs_round1,0.0019571663496046883,0.0019487716730694285,0.42891992992600825,0.01866781955502006,0.00013697247648236655
fresh_div2k_0813,DIV2K_fresh,fresh_div2k_0813,0.1,0.01,2028,hqs,0.0019883156977951863,0.0019487716730694285,1.9888202245552655,0.08724383104851086,0.0027434031474590226
fresh_div2k_0813,DIV2K_fresh,fresh_div2k_0813,0.1,0.05,2026,hqs_round1,0.0035106680760314947,0.003030692862752697,13.671905258026207,0.6384784384707416,0.069168847992789
fresh_div2k_0813,DIV2K_fresh,fresh_div2k_0813,0.1,0.05,2026,hqs,0.003508124156129354,0.003030692862752697,13.609304349804564,0.6353302887955898,0.07712093605331516
fresh_div2k_0813,DIV2K_fresh,fresh_div2k_0813,0.1,0.05,2027,hqs_round1,0.003522063360030075,0.0030270406377664485,14.05490678791762,0.6577891306356918,0.06600384851784635
fresh_div2k_0813,DIV2K_fresh,fresh_div2k_0813,0.1,0.05,2027,hqs,0.0035121837071565767,0.0030270406377664485,13.813146174602986,0.6455897253363787,0.0740081269087084
fresh_div2k_0813,DIV2K_fresh,fresh_div2k_0813,0.1,0.05,2028,hqs_round1,0.0034752577435409994,0.0029956541580354523,13.80051843340031,0.6449534616417409,0.06521287318079827
fresh_div2k_0813,DIV2K_fresh,fresh_div2k_0813,0.1,0.05,2028,hqs,0.003480950848812857,0.0029956541580354523,13.941497937062518,0.6520621753143381,0.07242765377901239
fresh_div2k_0817,DIV2K_fresh,fresh_div2k_0817,0.01,0.0,2026,hqs_round1,0.007343121503286214,0.007368004557514653,-0.3388620795298447,-0.014691714836075676,-0.0043144141502707845
fresh_div2k_0817,DIV2K_fresh,fresh_div2k_0817,0.01,0.0,2026,hqs,0.007346727962006427,0.007368004557514653,-0.2896064155125666,-0.012559269358579428,-0.0039005412856196187
fresh_div2k_0817,DIV2K_fresh,fresh_div2k_0817,0.04,0.0,2026,hqs_round1,0.003988238083797743,0.004011680322676903,-0.5877843395155846,-0.025452419916096147,-0.0025269917177559442
fresh_div2k_0817,DIV2K_fresh,fresh_div2k_0817,0.04,0.0,2026,hqs,0.004010920831177077,0.004011680322676903,-0.018935589401869457,-0.0008222843491445531,-0.0012084500414054622
fresh_div2k_0817,DIV2K_fresh,fresh_div2k_0817,0.1,0.0,2026,hqs_round1,0.0021578525302908902,0.0021371746957103786,0.9582598574391032,0.04181737794142748,0.001752130779031691
fresh_div2k_0817,DIV2K_fresh,fresh_div2k_0817,0.1,0.0,2026,hqs,0.0022114218284792478,0.0021371746957103786,3.3574387216720014,0.14831568641152515,0.004095354873076107
fresh_div2k_0817,DIV2K_fresh,fresh_div2k_0817,0.25,0.0,2026,hqs_round1,0.0007405040306352584,0.0007313007102614632,1.2428454124550736,0.054314315462018925,0.0005522445993424441
fresh_div2k_0817,DIV2K_fresh,fresh_div2k_0817,0.25,0.0,2026,hqs,0.0007679895615441771,0.0007313007102614632,4.777259108697329,0.21259321949551335,0.002097865171909352
fresh_div2k_0817,DIV2K_fresh,fresh_div2k_0817,0.5,0.0,2026,hqs_round1,0.00018676925251879956,0.00018163253777204438,2.7502999971786735,0.12111729717629771,0.0003116289920807036
fresh_div2k_0817,DIV2K_fresh,fresh_div2k_0817,0.5,0.0,2026,hqs,0.00019559983000304594,0.00018163253777204438,7.140748655448248,0.3217482205085602,0.001053918490409811
fresh_div2k_0817,DIV2K_fresh,fresh_div2k_0817,0.1,0.01,2026,hqs_round1,0.0022304034237393177,0.002208597932876865,0.9776478385195242,0.042667617187461815,0.0018009089347720275
fresh_div2k_0817,DIV2K_fresh,fresh_div2k_0817,0.1,0.01,2026,hqs,0.0022757839638969358,0.002208597932876865,2.9522148009613836,0.13014371525611423,0.0037388556691706487
fresh_div2k_0817,DIV2K_fresh,fresh_div2k_0817,0.1,0.01,2027,hqs_round1,0.002219365402977781,0.002205692952016449,0.6160522707521321,0.02683756202110743,0.001293671286255127
fresh_div2k_0817,DIV2K_fresh,fresh_div2k_0817,0.1,0.01,2027,hqs,0.002251255834716202,0.002205692952016449,2.0238873786415645,0.08879795953225056,0.002453350271642174
fresh_div2k_0817,DIV2K_fresh,fresh_div2k_0817,0.1,0.01,2028,hqs_round1,0.0022191402545971347,0.0022036132587373997,0.6996851968941398,0.030493746966122615,0.0013097458041683163
fresh_div2k_0817,DIV2K_fresh,fresh_div2k_0817,0.1,0.01,2028,hqs,0.0022616284030869144,0.0022036132587373997,2.5651934805173804,0.11285872905380501,0.0030843437073007074
fresh_div2k_0817,DIV2K_fresh,fresh_div2k_0817,0.1,0.05,2026,hqs_round1,0.00334001412068679,0.0030076690327479026,9.950409666847426,0.4551825859631826,0.02172992060962886
fresh_div2k_0817,DIV2K_fresh,fresh_div2k_0817,0.1,0.05,2026,hqs,0.0033193215620537816,0.0030076690327479026,9.38904301615926,0.42819282787885626,0.02453355126479273
fresh_div2k_0817,DIV2K_fresh,fresh_div2k_0817,0.1,0.05,2027,hqs_round1,0.0032968809327807193,0.0030176451074518805,8.469696996103536,0.38435099937696293,0.023713959874008816
fresh_div2k_0817,DIV2K_fresh,fresh_div2k_0817,0.1,0.05,2027,hqs,0.0032734651051831865,0.0030176451074518805,7.8149602794372885,0.353395528506681,0.026316578426008097
fresh_div2k_0817,DIV2K_fresh,fresh_div2k_0817,0.1,0.05,2028,hqs_round1,0.0033217716350863943,0.003014534529592901,9.249194082106204,0.42149509496918824,0.02249237227445844
fresh_div2k_0817,DIV2K_fresh,fresh_div2k_0817,0.1,0.05,2028,hqs,0.0032980964105726335,0.003014534529592901,8.597743840074678,0.3904308407237558,0.025841635197199953
fresh_div2k_0821,DIV2K_fresh,fresh_div2k_0821,0.01,0.0,2026,hqs_round1,0.033399742648248625,0.031843255708304256,4.660176446078057,0.20725656160067274,0.02142010437237768
fresh_div2k_0821,DIV2K_fresh,fresh_div2k_0821,0.01,0.0,2026,hqs,0.03412427102853656,0.031843255708304256,6.6844367703116525,0.3004591829952741,0.03051684335736346
fresh_div2k_0821,DIV2K_fresh,fresh_div2k_0821,0.04,0.0,2026,hqs_round1,0.017468092591397134,0.016932706587003608,3.0649368360756157,0.13519102369211922,0.012728502241799888
fresh_div2k_0821,DIV2K_fresh,fresh_div2k_0821,0.04,0.0,2026,hqs,0.017843062760915046,0.016932706587003608,5.102017440108764,0.22743020158797123,0.02317425037302101
fresh_div2k_0821,DIV2K_fresh,fresh_div2k_0821,0.1,0.0,2026,hqs_round1,0.005271923556352248,0.0046720842741281784,11.377996585350914,0.5245843640672625,0.01298351679087062
fresh_div2k_0821,DIV2K_fresh,fresh_div2k_0821,0.1,0.0,2026,hqs,0.005722972053313726,0.0046720842741281784,18.36262294129254,0.8811095725372695,0.022776947214966592
fresh_div2k_0821,DIV2K_fresh,fresh_div2k_0821,0.25,0.0,2026,hqs_round1,0.0008385802518046753,0.0007158579422724976,14.634533697648122,0.6871778302901532,0.002977997691154477
fresh_div2k_0821,DIV2K_fresh,fresh_div2k_0821,0.25,0.0,2026,hqs,0.0009628833390635748,0.0007158579422724976,25.654758657607978,1.2874682438318246,0.006151792021751423
fresh_div2k_0821,DIV2K_fresh,fresh_div2k_0821,0.5,0.0,2026,hqs_round1,0.00016389805158961368,0.00014745358508676953,10.033350819825271,0.4591845457538355,0.0003513669919967821
fresh_div2k_0821,DIV2K_fresh,fresh_div2k_0821,0.5,0.0,2026,hqs,0.00018914410142548856,0.00014745358508676953,22.041668772389713,1.081374659422714,0.000987851903915371
fresh_div2k_0821,DIV2K_fresh,fresh_div2k_0821,0.1,0.01,2026,hqs_round1,0.005357321614986514,0.004747363424249921,11.38550631401898,0.5249523959090645,0.012975373805411139
fresh_div2k_0821,DIV2K_fresh,fresh_div2k_0821,0.1,0.01,2026,hqs,0.005807557040113281,0.004747363424249921,18.255414601019236,0.8754100452973219,0.022796395095773025
fresh_div2k_0821,DIV2K_fresh,fresh_div2k_0821,0.1,0.01,2027,hqs_round1,0.005356397727452761,0.004764949152243234,11.041909232733381,0.5081454655943887,0.012720235696151883
fresh_div2k_0821,DIV2K_fresh,fresh_div2k_0821,0.1,0.01,2027,hqs,0.0058014346920199,0.004764949152243234,17.866020989642315,0.8547713710958114,0.02242749934018773
fresh_div2k_0821,DIV2K_fresh,fresh_div2k_0821,0.1,0.01,2028,hqs_round1,0.005362434242215057,0.004774817349210009,10.958025151695317,0.5040521641582103,0.012581070422329033
fresh_div2k_0821,DIV2K_fresh,fresh_div2k_0821,0.1,0.01,2028,hqs,0.005813428394738459,0.004774817349210009,17.865723545652724,0.8547556433725241,0.022394169608384362
fresh_div2k_0821,DIV2K_fresh,fresh_div2k_0821,0.1,0.05,2026,hqs_round1,0.007185718639053384,0.006548995142450603,8.860957805142512,0.4029553984917982,0.014104346644503107
fresh_div2k_0821,DIV2K_fresh,fresh_div2k_0821,0.1,0.05,2026,hqs,0.00758960478807051,0.006548995142450603,13.710985942977661,0.6404449325490482,0.0233393358526528
fresh_div2k_0821,DIV2K_fresh,fresh_div2k_0821,0.1,0.05,2027,hqs_round1,0.007196472613291966,0.006600701598029852,8.278653269126846,0.37529577214089826,0.01388642032110421
fresh_div2k_0821,DIV2K_fresh,fresh_div2k_0821,0.1,0.05,2027,hqs,0.007578226217998074,0.006600701598029852,12.899121665788083,0.5997746550004983,0.023217812193135234
fresh_div2k_0821,DIV2K_fresh,fresh_div2k_0821,0.1,0.05,2028,hqs_round1,0.0072809107346032,0.006673597961144881,8.34116493932564,0.3782566672832459,0.013580173875490265
fresh_div2k_0821,DIV2K_fresh,fresh_div2k_0821,0.1,0.05,2028,hqs,0.0076794260449693525,0.006673597961144881,13.097698681314473,0.6096872255280026,0.023018573383790875
fresh_div2k_0823,DIV2K_fresh,fresh_div2k_0823,0.01,0.0,2026,hqs_round1,0.009188701933593384,0.009200692986254823,-0.13049778682667768,-0.005663752139586364,0.00023008419150816195
fresh_div2k_0823,DIV2K_fresh,fresh_div2k_0823,0.01,0.0,2026,hqs,0.009207774755285262,0.009200692986254823,0.07691075442928241,0.0033414767670372214,0.0007669922757322922
fresh_div2k_0823,DIV2K_fresh,fresh_div2k_0823,0.04,0.0,2026,hqs_round1,0.00504707745672243,0.005000748526782848,0.9179357823778656,0.04004954155393747,0.0014851802846965745
fresh_div2k_0823,DIV2K_fresh,fresh_div2k_0823,0.04,0.0,2026,hqs,0.005086932617548189,0.005000748526782848,1.6942251302491274,0.07420969244158115,0.0028361966379927273
fresh_div2k_0823,DIV2K_fresh,fresh_div2k_0823,0.1,0.0,2026,hqs_round1,0.002618404522295077,0.0025863745121442855,1.2232643916577302,0.053453305809270546,0.0010119486807584899
fresh_div2k_0823,DIV2K_fresh,fresh_div2k_0823,0.1,0.0,2026,hqs,0.002679651986733594,0.0025863745121442855,3.4809548049935635,0.1538698295669363,0.0037361957207917573
fresh_div2k_0823,DIV2K_fresh,fresh_div2k_0823,0.25,0.0,2026,hqs_round1,0.0008725371506279538,0.0008664596522836253,0.6965317568374707,0.03035583200853864,0.000146237454414333
fresh_div2k_0823,DIV2K_fresh,fresh_div2k_0823,0.25,0.0,2026,hqs,0.0009022959912065354,0.0008664596522836253,3.971683269366,0.1760068376771926,0.0013724557218551814
fresh_div2k_0823,DIV2K_fresh,fresh_div2k_0823,0.5,0.0,2026,hqs_round1,0.00016900480405902243,0.00016292317566284035,3.598494391945306,0.15916183190904576,0.00014979259777059273
fresh_div2k_0823,DIV2K_fresh,fresh_div2k_0823,0.5,0.0,2026,hqs,0.00017847062198106744,0.00016292317566284035,8.711487720301891,0.3958387052083907,0.0008065011463164184
fresh_div2k_0823,DIV2K_fresh,fresh_div2k_0823,0.1,0.01,2026,hqs_round1,0.002768295681358914,0.002743056825537369,0.9117109849030136,0.039776706071631196,0.0009451478364468358
fresh_div2k_0823,DIV2K_fresh,fresh_div2k_0823,0.1,0.01,2026,hqs,0.0028180663674859823,0.002743056825537369,2.66173794961152,0.11716412239464091,0.004388535865545329
fresh_div2k_0823,DIV2K_fresh,fresh_div2k_0823,0.1,0.01,2027,hqs_round1,0.0027360357026365123,0.0027119181829049497,0.8814767917071586,0.038451772460689426,0.0007988018738628311
fresh_div2k_0823,DIV2K_fresh,fresh_div2k_0823,0.1,0.01,2027,hqs,0.0027642444845556143,0.0027119181829049497,1.8929693789034308,0.08299868761357487,0.0036357492822408632
fresh_div2k_0823,DIV2K_fresh,fresh_div2k_0823,0.1,0.01,2028,hqs_round1,0.0027638135373875762,0.002734585216948192,1.0575359026214093,0.04617278017030202,0.0008593894389420376
fresh_div2k_0823,DIV2K_fresh,fresh_div2k_0823,0.1,0.01,2028,hqs,0.0028121169975179362,0.002734585216948192,2.7570609842398563,0.12141923758791506,0.004193493547052118
fresh_div2k_0823,DIV2K_fresh,fresh_div2k_0823,0.1,0.05,2026,hqs_round1,0.00445517075603863,0.003958063303357219,11.157988770859594,0.5138161833798769,0.09486055807245153
fresh_div2k_0823,DIV2K_fresh,fresh_div2k_0823,0.1,0.05,2026,hqs,0.0044334743758153525,0.003958063303357219,10.723216875945097,0.49261466890386174,0.10567471267052742
fresh_div2k_0823,DIV2K_fresh,fresh_div2k_0823,0.1,0.05,2027,hqs_round1,0.004343707898001967,0.003947891865958843,9.112399851407883,0.4149536380089671,0.09294420590475205
fresh_div2k_0823,DIV2K_fresh,fresh_div2k_0823,0.1,0.05,2027,hqs,0.004331478393094513,0.003947891865958843,8.855787616237576,0.4027090363651631,0.10272015521264821
fresh_div2k_0823,DIV2K_fresh,fresh_div2k_0823,0.1,0.05,2028,hqs_round1,0.004423065478879283,0.003950068303176101,10.69387685897497,0.49118763337731863,0.0963474719473012
fresh_div2k_0823,DIV2K_fresh,fresh_div2k_0823,0.1,0.05,2028,hqs,0.004409749797392169,0.003950068303176101,10.424208069308472,0.47809343590441955,0.10639481410908325
fresh_div2k_0826,DIV2K_fresh,fresh_div2k_0826,0.01,0.0,2026,hqs_round1,0.00931400446107984,0.008876454556411093,4.6977635290719855,0.20896907592668157,0.0006501963226204222
fresh_div2k_0826,DIV2K_fresh,fresh_div2k_0826,0.01,0.0,2026,hqs,0.0093446413462362,0.008876454556411093,5.010216791398648,0.2232310349787241,0.001292714028924391
fresh_div2k_0826,DIV2K_fresh,fresh_div2k_0826,0.04,0.0,2026,hqs_round1,0.004035937014177062,0.004032180376100203,0.09307970029421853,0.0040442825166486784,-0.00020836972668869524
fresh_div2k_0826,DIV2K_fresh,fresh_div2k_0826,0.04,0.0,2026,hqs,0.004064211044846005,0.004032180376100203,0.7881152920545698,0.034363000845459624,0.0021459569656240296
fresh_div2k_0826,DIV2K_fresh,fresh_div2k_0826,0.1,0.0,2026,hqs_round1,0.002304414485428538,0.002277914799204921,1.1499531178606137,0.05023120375097889,-0.0009925583790838521
fresh_div2k_0826,DIV2K_fresh,fresh_div2k_0826,0.1,0.0,2026,hqs,0.002380965137770281,0.002277914799204921,4.328091030424086,0.19215560346130545,0.0018267813078314266
fresh_div2k_0826,DIV2K_fresh,fresh_div2k_0826,0.25,0.0,2026,hqs_round1,0.0010269114783444495,0.001010995495683402,1.549888475947958,0.06783787557828802,0.0004300895555019446
fresh_div2k_0826,DIV2K_fresh,fresh_div2k_0826,0.25,0.0,2026,hqs,0.0010622248185134734,0.001010995495683402,4.822832411481781,0.2146722367027607,0.003047047998189889
fresh_div2k_0826,DIV2K_fresh,fresh_div2k_0826,0.5,0.0,2026,hqs_round1,0.00028818151815305983,0.00028131643900735975,2.3822066000963593,0.10471013572313126,0.0002923265447616341
fresh_div2k_0826,DIV2K_fresh,fresh_div2k_0826,0.5,0.0,2026,hqs,0.0003027981338502125,0.00028131643900735975,7.094394727504916,0.31958082933406473,0.0016332734375000824
fresh_div2k_0826,DIV2K_fresh,fresh_div2k_0826,0.1,0.01,2026,hqs_round1,0.002430826463340422,0.0023906154025399263,1.6542135527534918,0.07244242373117515,-0.0011388564972151238
fresh_div2k_0826,DIV2K_fresh,fresh_div2k_0826,0.1,0.01,2026,hqs,0.002481236705579467,0.0023906154025399263,3.6522635198715236,0.16158483870356122,0.0014439309756364427
fresh_div2k_0826,DIV2K_fresh,fresh_div2k_0826,0.1,0.01,2027,hqs_round1,0.002413486187517451,0.0023760609504868044,1.5506712747812679,0.06787240744016998,-0.0016082526562362087
fresh_div2k_0826,DIV2K_fresh,fresh_div2k_0826,0.1,0.01,2027,hqs,0.00246015739792785,0.0023760609504868044,3.4183360589805645,0.15105316701483318,0.0009370012170076825
fresh_div2k_0826,DIV2K_fresh,fresh_div2k_0826,0.1,0.01,2028,hqs_round1,0.0024040638666068654,0.0023763783467887923,1.1516133245307203,0.05030414500627245,-0.0021956527083962785
fresh_div2k_0826,DIV2K_fresh,fresh_div2k_0826,0.1,0.01,2028,hqs,0.002436642592791332,0.0023763783467887923,2.473249305451186,0.10876244962258852,-0.00025816006562118243
fresh_div2k_0826,DIV2K_fresh,fresh_div2k_0826,0.1,0.05,2026,hqs_round1,0.003825878089373648,0.0032338261279394958,15.474930136393327,0.7301446159897154,0.06054429511751147
fresh_div2k_0826,DIV2K_fresh,fresh_div2k_0826,0.1,0.05,2026,hqs,0.0038287547203075412,0.0032338261279394958,15.538435753342238,0.7334087960776081,0.06530575540017014
fresh_div2k_0826,DIV2K_fresh,fresh_div2k_0826,0.1,0.05,2027,hqs_round1,0.0038157324843144397,0.0032561437297967564,14.66530362959192,0.6887435243805662,0.06083984312807955
fresh_div2k_0826,DIV2K_fresh,fresh_div2k_0826,0.1,0.05,2027,hqs,0.003851669936295403,0.0032561437297967564,15.461506732101583,0.729454968816011,0.06743019444771392
fresh_div2k_0826,DIV2K_fresh,fresh_div2k_0826,0.1,0.05,2028,hqs_round1,0.003744939993230338,0.0031872823743665816,14.890962735633263,0.7002432210506875,0.06466387922912276
fresh_div2k_0826,DIV2K_fresh,fresh_div2k_0826,0.1,0.05,2028,hqs,0.003750888722121403,0.0031872823743665816,15.025941570350309,0.7071363899642407,0.07034871746328097
fresh_div2k_0830,DIV2K_fresh,fresh_div2k_0830,0.01,0.0,2026,hqs_round1,0.008339910432505324,0.008178259935279654,1.9382761785501468,0.08500476584810812,0.002235371749664039
fresh_div2k_0830,DIV2K_fresh,fresh_div2k_0830,0.01,0.0,2026,hqs,0.008434603006835921,0.008178259935279654,3.039183602933193,0.13403736461117077,0.003997803832471003
fresh_div2k_0830,DIV2K_fresh,fresh_div2k_0830,0.04,0.0,2026,hqs_round1,0.0049510944045518535,0.004869763923904658,1.6426768306502804,0.07193299256212526,-0.003679336251972698
fresh_div2k_0830,DIV2K_fresh,fresh_div2k_0830,0.04,0.0,2026,hqs,0.004983438903301633,0.004869763923904658,2.2810549422340287,0.10021230176538154,-0.002640138762327382
fresh_div2k_0830,DIV2K_fresh,fresh_div2k_0830,0.1,0.0,2026,hqs_round1,0.0027038562695012444,0.002721287489079292,-0.6446799622697119,-0.027908231979093756,-0.006046060899138506
fresh_div2k_0830,DIV2K_fresh,fresh_div2k_0830,0.1,0.0,2026,hqs,0.002746261877562072,0.002721287489079292,0.9093957385065687,0.03967523222468117,-0.0018880280188345866
fresh_div2k_0830,DIV2K_fresh,fresh_div2k_0830,0.25,0.0,2026,hqs_round1,0.0012962364192814675,0.00124507399181568,3.946998148235026,0.1748905800389764,0.001109398995876365
fresh_div2k_0830,DIV2K_fresh,fresh_div2k_0830,0.25,0.0,2026,hqs,0.0013320112132758537,0.00124507399181568,6.5267634831967065,0.2931271957567638,0.003762606923103373
fresh_div2k_0830,DIV2K_fresh,fresh_div2k_0830,0.5,0.0,2026,hqs_round1,0.0003360406220453653,0.00032224347905651397,4.105796169782339,0.1820764226235525,0.0001426826334000042
fresh_div2k_0830,DIV2K_fresh,fresh_div2k_0830,0.5,0.0,2026,hqs,0.0003526126095282082,0.00032224347905651397,8.612604782434696,0.391137010381442,0.001345622357368459
fresh_div2k_0830,DIV2K_fresh,fresh_div2k_0830,0.1,0.01,2026,hqs_round1,0.0028037677467316236,0.0028077608648559202,-0.1424197182149367,-0.006180809471768356,-0.005457289533555509
fresh_div2k_0830,DIV2K_fresh,fresh_div2k_0830,0.1,0.01,2026,hqs,0.002836501843065079,0.0028077608648559202,1.0132543463501453,0.04422953633238791,-0.002010431874513552
fresh_div2k_0830,DIV2K_fresh,fresh_div2k_0830,0.1,0.01,2027,hqs_round1,0.0028016975578093375,0.0027821608916844794,0.6973153140817256,0.030390100291011635,-0.005420859478414086
fresh_div2k_0830,DIV2K_fresh,fresh_div2k_0830,0.1,0.01,2027,hqs,0.0028193514570288443,0.0027821608916844794,1.3191177443183322,0.057669763584129896,-0.0018732409682273854
fresh_div2k_0830,DIV2K_fresh,fresh_div2k_0830,0.1,0.01,2028,hqs_round1,0.0028044444530154373,0.0027914909896152645,0.46189053187503104,0.02010612088662711,-0.006868080597072779
fresh_div2k_0830,DIV2K_fresh,fresh_div2k_0830,0.1,0.01,2028,hqs,0.0027962366551287595,0.0027914909896152645,0.16971616135532663,0.00737694093932717,-0.005019955183491076
fresh_div2k_0830,DIV2K_fresh,fresh_div2k_0830,0.1,0.05,2026,hqs_round1,0.004046466908082813,0.0036102228468410207,10.7808631863613,0.49541982830414355,0.049446724286295485
fresh_div2k_0830,DIV2K_fresh,fresh_div2k_0830,0.1,0.05,2026,hqs,0.004068103954345863,0.0036102228468410207,11.25539348658232,0.5185803188006197,0.05270424770017346
fresh_div2k_0830,DIV2K_fresh,fresh_div2k_0830,0.1,0.05,2027,hqs_round1,0.0040430186790501475,0.00355564830639922,12.05461590312089,0.5578694999687634,0.05557869397710635
fresh_div2k_0830,DIV2K_fresh,fresh_div2k_0830,0.1,0.05,2027,hqs,0.0040538758813510965,0.00355564830639922,12.290153658720914,0.5695164983064309,0.058703585552398074
fresh_div2k_0830,DIV2K_fresh,fresh_div2k_0830,0.1,0.05,2028,hqs_round1,0.004017464114564152,0.0035260542663429167,12.231841634621476,0.5666301432593102,0.05399578173650055
fresh_div2k_0830,DIV2K_fresh,fresh_div2k_0830,0.1,0.05,2028,hqs,0.004028510393588912,0.0035260542663429167,12.472504180344647,0.5785549661262799,0.05744580586802217
fresh_div2k_0832,DIV2K_fresh,fresh_div2k_0832,0.01,0.0,2026,hqs_round1,0.012656387804402093,0.012491775731724861,1.3006244374084153,0.056855949552733875,0.0024607337740039092
fresh_div2k_0832,DIV2K_fresh,fresh_div2k_0832,0.01,0.0,2026,hqs,0.012652176614141935,0.012491775731724861,1.2677730267990905,0.05541067065120231,0.002845700931622286
fresh_div2k_0832,DIV2K_fresh,fresh_div2k_0832,0.04,0.0,2026,hqs_round1,0.005871120594334417,0.005791088945617934,1.3631409444001763,0.059607656554263144,0.0010026041344762815
fresh_div2k_0832,DIV2K_fresh,fresh_div2k_0832,0.04,0.0,2026,hqs,0.005858693963264696,0.005791088945617934,1.1539264223504597,0.050405773106319884,0.0010081827238728192
fresh_div2k_0832,DIV2K_fresh,fresh_div2k_0832,0.1,0.0,2026,hqs_round1,0.002650904143790548,0.0026506334499367735,0.010211378423796713,0.00044349717418157297,-0.0008404347580075466
fresh_div2k_0832,DIV2K_fresh,fresh_div2k_0832,0.1,0.0,2026,hqs,0.002691244651622579,0.0026506334499367735,1.5090118864266255,0.06603505457691128,1.864109933302771e-06
fresh_div2k_0832,DIV2K_fresh,fresh_div2k_0832,0.25,0.0,2026,hqs_round1,0.0008645425081605995,0.0008539033169804613,1.2306151611647276,0.053776511208486255,0.00048413371467592725
fresh_div2k_0832,DIV2K_fresh,fresh_div2k_0832,0.25,0.0,2026,hqs,0.0008909523501349967,0.0008539033169804613,4.158363031302592,0.18445777170946798,0.0015491266126632652
fresh_div2k_0832,DIV2K_fresh,fresh_div2k_0832,0.5,0.0,2026,hqs_round1,0.00019289380724321032,0.00018671614984734476,3.2026209053339194,0.14136401577284374,0.00024086840343473526
fresh_div2k_0832,DIV2K_fresh,fresh_div2k_0832,0.5,0.0,2026,hqs,0.0002029247110999629,0.00018671614984734476,7.987475337409067,0.3615305285410173,0.0008520324974059523
fresh_div2k_0832,DIV2K_fresh,fresh_div2k_0832,0.1,0.01,2026,hqs_round1,0.0027261656740705186,0.0027173756487344184,0.3224318103519974,0.014025659367092658,-0.0006962211357951498
fresh_div2k_0832,DIV2K_fresh,fresh_div2k_0832,0.1,0.01,2026,hqs,0.0027591328129266367,0.0027173756487344184,1.5134162442846044,0.0662292683948813,0.00010336846229430652
fresh_div2k_0832,DIV2K_fresh,fresh_div2k_0832,0.1,0.01,2027,hqs_round1,0.002700928418786254,0.002704529375364934,-0.13332291791345874,-0.005786284391035679,-0.0013928605155945073
fresh_div2k_0832,DIV2K_fresh,fresh_div2k_0832,0.1,0.01,2027,hqs,0.0027338371581961565,0.002704529375364934,1.0720383525169686,0.04680939212999746,-0.0006340820176601314
fresh_div2k_0832,DIV2K_fresh,fresh_div2k_0832,0.1,0.01,2028,hqs_round1,0.002719177037704216,0.002711911070367959,0.26721199964206965,0.011620402172404454,-0.0009891309612318766
fresh_div2k_0832,DIV2K_fresh,fresh_div2k_0832,0.1,0.01,2028,hqs,0.0027517456603564413,0.002711911070367959,1.4476116220465851,0.06332846302883866,-0.00020644423413274104
fresh_div2k_0832,DIV2K_fresh,fresh_div2k_0832,0.1,0.05,2026,hqs_round1,0.0038972722975851976,0.0036400014075408035,6.601306513886717,0.2965919888489772,0.015318150458291213
fresh_div2k_0832,DIV2K_fresh,fresh_div2k_0832,0.1,0.05,2026,hqs,0.00388148547599553,0.0036400014075408035,6.2214342923128,0.2789641384498758,0.017714768357358968
fresh_div2k_0832,DIV2K_fresh,fresh_div2k_0832,0.1,0.05,2027,hqs_round1,0.0038231773258304634,0.0035978757844452713,5.893044506803058,0.2637827645925057,0.014065547100063469
fresh_div2k_0832,DIV2K_fresh,fresh_div2k_0832,0.1,0.05,2027,hqs,0.0038084570080204197,0.0035978757844452713,5.529305520101058,0.24702892014606803,0.01663985271039614
fresh_div2k_0832,DIV2K_fresh,fresh_div2k_0832,0.1,0.05,2028,hqs_round1,0.0038210128320052975,0.0036040384501068437,5.678452060695749,0.2538908051706201,0.01525737449336051
fresh_div2k_0832,DIV2K_fresh,fresh_div2k_0832,0.1,0.05,2028,hqs,0.003821963840733507,0.0036040384501068437,5.701921831495904,0.2549715826287233,0.018196067024875417
fresh_div2k_0836,DIV2K_fresh,fresh_div2k_0836,0.01,0.0,2026,hqs_round1,0.011787996688472756,0.01166724385379122,1.0243711282988177,0.04471730145174391,0.0015668627797659207
fresh_div2k_0836,DIV2K_fresh,fresh_div2k_0836,0.01,0.0,2026,hqs,0.01180238515464917,0.01166724385379122,1.1450338138195293,0.050015081097626535,0.00123206842955359
fresh_div2k_0836,DIV2K_fresh,fresh_div2k_0836,0.04,0.0,2026,hqs_round1,0.005849054079232421,0.005753496948709549,1.6337193882709378,0.0715374967776583,0.0021414012765142987
fresh_div2k_0836,DIV2K_fresh,fresh_div2k_0836,0.04,0.0,2026,hqs,0.005909182118926762,0.005753496948709549,2.634631444486424,0.11595487882389577,0.005265630539927235
fresh_div2k_0836,DIV2K_fresh,fresh_div2k_0836,0.1,0.0,2026,hqs_round1,0.0030614530962976153,0.002931324708562076,4.250543243432691,0.18863681362414297,0.003781444847088311
fresh_div2k_0836,DIV2K_fresh,fresh_div2k_0836,0.1,0.0,2026,hqs,0.0032686014877605935,0.002931324708562076,10.318687685282635,0.47298045296330926,0.011778649488225601
fresh_div2k_0836,DIV2K_fresh,fresh_div2k_0836,0.25,0.0,2026,hqs_round1,0.0008348258906493414,0.0008044633312340778,3.63699302517404,0.16089656450794365,0.00028958306980142456
fresh_div2k_0836,DIV2K_fresh,fresh_div2k_0836,0.25,0.0,2026,hqs,0.0008896550023328134,0.0008044633312340778,9.575809822386184,0.4371537201028559,0.003778617831707076
fresh_div2k_0836,DIV2K_fresh,fresh_div2k_0836,0.5,0.0,2026,hqs_round1,0.00015939233379140877,0.00015461817708573353,2.9952235418818973,0.13206880802496812,0.00013847334671024392
fresh_div2k_0836,DIV2K_fresh,fresh_div2k_0836,0.5,0.0,2026,hqs,0.000171122327564269,0.00015461817708573353,9.644650533599686,0.44046130043128073,0.000879469515800535
fresh_div2k_0836,DIV2K_fresh,fresh_div2k_0836,0.1,0.01,2026,hqs_round1,0.0032492803507200266,0.0031575210151177677,2.8239894899166007,0.12440934548804705,0.002063229148799528
fresh_div2k_0836,DIV2K_fresh,fresh_div2k_0836,0.1,0.01,2026,hqs,0.0033989106504733993,0.0031575210151177677,7.101970607024077,0.31993498415761934,0.009097228154451575
fresh_div2k_0836,DIV2K_fresh,fresh_div2k_0836,0.1,0.01,2027,hqs_round1,0.003216923395172123,0.0031113046150034076,3.283223353320297,0.14498185967461197,0.002688374369352986
fresh_div2k_0836,DIV2K_fresh,fresh_div2k_0836,0.1,0.01,2027,hqs,0.003426114843473437,0.0031113046150034076,9.188548628768988,0.41859383265733285,0.011154803854212081
fresh_div2k_0836,DIV2K_fresh,fresh_div2k_0836,0.1,0.01,2028,hqs_round1,0.0032240460221325956,0.0031237774675786575,3.1100224334767335,0.13721144648620154,0.0023555721160144483
fresh_div2k_0836,DIV2K_fresh,fresh_div2k_0836,0.1,0.01,2028,hqs,0.0033654419869552253,0.0031237774675786575,7.180766161273389,0.3236202071537875,0.008309282912551286
fresh_div2k_0836,DIV2K_fresh,fresh_div2k_0836,0.1,0.05,2026,hqs_round1,0.005462592770224915,0.004685914107002686,14.218132229363501,0.6660450188745699,0.0652357896619723
fresh_div2k_0836,DIV2K_fresh,fresh_div2k_0836,0.1,0.05,2026,hqs,0.005480459595809452,0.004685914107002686,14.497789371794722,0.6802265660258833,0.07353127096322598
fresh_div2k_0836,DIV2K_fresh,fresh_div2k_0836,0.1,0.05,2027,hqs_round1,0.005392225594458805,0.004647849492279183,13.804617205640712,0.6451599729172983,0.06488991673268674
fresh_div2k_0836,DIV2K_fresh,fresh_div2k_0836,0.1,0.05,2027,hqs,0.005432000459686889,0.004647849492279183,14.435767692348577,0.6770774183777775,0.07484204941181238
fresh_div2k_0836,DIV2K_fresh,fresh_div2k_0836,0.1,0.05,2028,hqs_round1,0.0053484364977798605,0.004655043558594963,12.964404447406741,0.6030309461743926,0.0586391702892235
fresh_div2k_0836,DIV2K_fresh,fresh_div2k_0836,0.1,0.05,2028,hqs,0.0053263719618250145,0.004655043558594963,12.60385883752717,0.5850774252396995,0.0658592719404506
fresh_div2k_0839,DIV2K_fresh,fresh_div2k_0839,0.01,0.0,2026,hqs_round1,0.003738281564506652,0.0036100321166861325,3.43070594355952,0.15160943374811353,0.009910387402454757
fresh_div2k_0839,DIV2K_fresh,fresh_div2k_0839,0.01,0.0,2026,hqs,0.0038380392434731333,0.0036100321166861325,5.940719005798167,0.2659834540116677,0.017833760005218413
fresh_div2k_0839,DIV2K_fresh,fresh_div2k_0839,0.04,0.0,2026,hqs_round1,0.001953241916418374,0.0018922338405623455,3.1234265117501603,0.13781230532450195,0.006787657090138621
fresh_div2k_0839,DIV2K_fresh,fresh_div2k_0839,0.04,0.0,2026,hqs,0.001985270794096917,0.0018922338405623455,4.686360863777939,0.20844948493182258,0.008834041714456897
fresh_div2k_0839,DIV2K_fresh,fresh_div2k_0839,0.1,0.0,2026,hqs_round1,0.0010495913860944352,0.0010305477753262463,1.8143832943457006,0.07952127720966473,0.0011719024312495385
fresh_div2k_0839,DIV2K_fresh,fresh_div2k_0839,0.1,0.0,2026,hqs,0.0010588098265424347,0.0010305477753262463,2.6692282700547576,0.11749833115651853,0.0013073438687324357
fresh_div2k_0839,DIV2K_fresh,fresh_div2k_0839,0.25,0.0,2026,hqs_round1,0.00043489015008990394,0.0004239946349622293,2.5053487933498264,0.11019210097943954,0.0001355647845268093
fresh_div2k_0839,DIV2K_fresh,fresh_div2k_0839,0.25,0.0,2026,hqs,0.0004456101816249198,0.0004239946349622293,4.850774859737106,0.21594744094547025,0.0009352067198753478
fresh_div2k_0839,DIV2K_fresh,fresh_div2k_0839,0.5,0.0,2026,hqs_round1,0.00012114147318439978,0.00011482366616380391,5.215230469402499,0.23261441567158414,-0.00036912444877623685
fresh_div2k_0839,DIV2K_fresh,fresh_div2k_0839,0.5,0.0,2026,hqs,0.00012638405797091447,0.00011482366616380391,9.147033251433523,0.41660886501299643,0.00023752921104425173
fresh_div2k_0839,DIV2K_fresh,fresh_div2k_0839,0.1,0.01,2026,hqs_round1,0.00109722945175078,0.0010783836374371923,1.7175818862241288,0.07524166797672294,0.0005137751407623403
fresh_div2k_0839,DIV2K_fresh,fresh_div2k_0839,0.1,0.01,2026,hqs,0.0011041840736699614,0.0010783836374371923,2.3366064452475466,0.10268189160053254,0.0004610720853805983
fresh_div2k_0839,DIV2K_fresh,fresh_div2k_0839,0.1,0.01,2027,hqs_round1,0.0011059114301205822,0.0010878717375225303,1.6312059091463604,0.07142652621321943,0.0005182998609543077
fresh_div2k_0839,DIV2K_fresh,fresh_div2k_0839,0.1,0.01,2027,hqs,0.0011100595194067243,0.0010878717375225303,1.9987920914414037,0.08768571401497383,0.00012641547513003726
fresh_div2k_0839,DIV2K_fresh,fresh_div2k_0839,0.1,0.01,2028,hqs_round1,0.0011066087200202442,0.0010963829691175873,0.9240620209887584,0.0403180738963016,-0.0006547980926037145
fresh_div2k_0839,DIV2K_fresh,fresh_div2k_0839,0.1,0.01,2028,hqs,0.0011101903030220639,0.0010963829691175873,1.24369073184043,0.0543514893880257,-0.0011751468422412925
fresh_div2k_0839,DIV2K_fresh,fresh_div2k_0839,0.1,0.05,2026,hqs_round1,0.0019536190326060383,0.0015326591411383111,21.547696067753087,1.053942978339709,0.04659568593875185
fresh_div2k_0839,DIV2K_fresh,fresh_div2k_0839,0.1,0.05,2026,hqs,0.001952337342023129,0.0015326591411383111,21.49619288897697,1.0510928125198404,0.0434762178917677
fresh_div2k_0839,DIV2K_fresh,fresh_div2k_0839,0.1,0.05,2027,hqs_round1,0.001972875500100746,0.0015670547087917556,20.57001525378905,1.0001552085281276,0.04821422073165704
fresh_div2k_0839,DIV2K_fresh,fresh_div2k_0839,0.1,0.05,2027,hqs,0.001970266782944551,0.0015670547087917556,20.46484657017855,0.9944087680004898,0.04426342785332105
fresh_div2k_0839,DIV2K_fresh,fresh_div2k_0839,0.1,0.05,2028,hqs_round1,0.0019468170618133344,0.0015525582249948141,20.25145785661513,0.9827724739141352,0.04308802579068394
fresh_div2k_0839,DIV2K_fresh,fresh_div2k_0839,0.1,0.05,2028,hqs,0.001957172683525223,0.0015525582249948141,20.673416399907286,1.0058124930108328,0.04019165171223882
fresh_div2k_0842,DIV2K_fresh,fresh_div2k_0842,0.01,0.0,2026,hqs_round1,0.005936561799957285,0.005842064768543283,1.59178047156322,0.06968625686944208,0.00203187932086224
fresh_div2k_0842,DIV2K_fresh,fresh_div2k_0842,0.01,0.0,2026,hqs,0.006018477737414263,0.005842064768543283,2.9311891904874376,0.1292029088716049,0.004084930883767157
fresh_div2k_0842,DIV2K_fresh,fresh_div2k_0842,0.04,0.0,2026,hqs_round1,0.0022995946039903064,0.002304728280050946,-0.22324265554161116,-0.009684499393493695,-0.0010998336263299269
fresh_div2k_0842,DIV2K_fresh,fresh_div2k_0842,0.04,0.0,2026,hqs,0.002306374812414129,0.002304728280050946,0.07139049361450933,0.0031015569839105694,-0.001070751745957943
fresh_div2k_0842,DIV2K_fresh,fresh_div2k_0842,0.1,0.0,2026,hqs_round1,0.0013036998216500407,0.0013030764397942494,0.047816364276420664,0.00207713495978723,-0.0014479519214630754
fresh_div2k_0842,DIV2K_fresh,fresh_div2k_0842,0.1,0.0,2026,hqs,0.001337322720511604,0.0013030764397942494,2.5608090098292458,0.1126633051952517,-0.0006243752338886965
fresh_div2k_0842,DIV2K_fresh,fresh_div2k_0842,0.25,0.0,2026,hqs_round1,0.0005095748564227312,0.0005047407722422205,0.9486504523489314,0.041396029411316704,-0.000114335172653246
fresh_div2k_0842,DIV2K_fresh,fresh_div2k_0842,0.25,0.0,2026,hqs,0.0005316842572019126,0.0005047407722422205,5.06757245390096,0.2258541350773342,0.0012001751031875951
fresh_div2k_0842,DIV2K_fresh,fresh_div2k_0842,0.5,0.0,2026,hqs_round1,0.00016278404773514596,0.00016095462593318047,1.1238335865330074,0.04908380217964492,0.0001109466123579983
fresh_div2k_0842,DIV2K_fresh,fresh_div2k_0842,0.5,0.0,2026,hqs,0.0001711086946246724,0.00016095462593318047,5.934279794352316,0.2656861501996275,0.0009044051113128448
fresh_div2k_0842,DIV2K_fresh,fresh_div2k_0842,0.1,0.01,2026,hqs_round1,0.001403924490007853,0.0013882480081237037,1.1166185927892536,0.04876690906315062,-0.00016477964520456023
fresh_div2k_0842,DIV2K_fresh,fresh_div2k_0842,0.1,0.01,2026,hqs,0.0014193308337810827,0.0013882480081237037,2.1899633910280603,0.09616578543193555,0.0006329882882832871
fresh_div2k_0842,DIV2K_fresh,fresh_div2k_0842,0.1,0.01,2027,hqs_round1,0.0014089515206712796,0.0013962884782596097,0.8987564317072261,0.039208957522738785,-0.0006306789216995456
fresh_div2k_0842,DIV2K_fresh,fresh_div2k_0842,0.1,0.01,2027,hqs,0.0014189864892482627,0.0013962884782596097,1.5995931716501155,0.07003106010302673,0.0004215750346183711
fresh_div2k_0842,DIV2K_fresh,fresh_div2k_0842,0.1,0.01,2028,hqs_round1,0.0014133858344142817,0.0013986584561282113,1.0419927756084801,0.04549058934356509,-6.762377715108236e-05
fresh_div2k_0842,DIV2K_fresh,fresh_div2k_0842,0.1,0.01,2028,hqs,0.00143370339193292,0.0013986584561282113,2.444364434226609,0.10747637346620209,0.0016679090862273815
fresh_div2k_0842,DIV2K_fresh,fresh_div2k_0842,0.1,0.05,2026,hqs_round1,0.0030308944603058435,0.00228691003345516,24.546695260896968,1.223217340391443,0.08858822733887661
fresh_div2k_0842,DIV2K_fresh,fresh_div2k_0842,0.1,0.05,2026,hqs,0.0030100080942898812,0.00228691003345516,24.02312678847841,1.1931858357577951,0.09330746467603368
fresh_div2k_0842,DIV2K_fresh,fresh_div2k_0842,0.1,0.05,2027,hqs_round1,0.003042949490432061,0.002322485966067399,23.67648646913181,1.173416452229187,0.08801096552312748
fresh_div2k_0842,DIV2K_fresh,fresh_div2k_0842,0.1,0.05,2027,hqs,0.003029402413777902,0.002322485966067399,23.33517806995219,1.1540386872693418,0.0928453459689701
fresh_div2k_0842,DIV2K_fresh,fresh_div2k_0842,0.1,0.05,2028,hqs_round1,0.0030451414923635066,0.0022713097900010915,25.4120113729691,1.2733110406886965,0.09443117073559393
fresh_div2k_0842,DIV2K_fresh,fresh_div2k_0842,0.1,0.05,2028,hqs,0.003018723567695212,0.0022713097900010915,24.759265329642922,1.2354697253521039,0.09936862849031758
fresh_div2k_0845,DIV2K_fresh,fresh_div2k_0845,0.01,0.0,2026,hqs_round1,0.01047048125853645,0.010270530415524183,1.9096623934955148,0.08373770712302786,0.006534404709119146
fresh_div2k_0845,DIV2K_fresh,fresh_div2k_0845,0.01,0.0,2026,hqs,0.010393497621344496,0.010270530415524183,1.1831166975762142,0.05168847936024079,0.005285294109970251
fresh_div2k_0845,DIV2K_fresh,fresh_div2k_0845,0.04,0.0,2026,hqs_round1,0.00529504713775154,0.004710239925824597,11.044419373672888,0.5082680127095571,0.030128818611807717
fresh_div2k_0845,DIV2K_fresh,fresh_div2k_0845,0.04,0.0,2026,hqs,0.0053957680845326565,0.004710239925824597,12.70492259801108,0.590102456120583,0.03377963695146846
fresh_div2k_0845,DIV2K_fresh,fresh_div2k_0845,0.1,0.0,2026,hqs_round1,0.0030554357993665313,0.0028755448727008095,5.8875701693034355,0.2635301365685905,0.007198546346724011
fresh_div2k_0845,DIV2K_fresh,fresh_div2k_0845,0.1,0.0,2026,hqs,0.0032892296091045787,0.0028755448727008095,12.576949181616603,0.5837404192700717,0.016741509049534864
fresh_div2k_0845,DIV2K_fresh,fresh_div2k_0845,0.25,0.0,2026,hqs_round1,0.0011100078756382573,0.001040749724732558,6.239428784762069,0.2797975547626024,0.002847111406982017
fresh_div2k_0845,DIV2K_fresh,fresh_div2k_0845,0.25,0.0,2026,hqs,0.0012354521736543374,0.001040749724732558,15.759610373736288,0.7447963313138963,0.009427928887605685
fresh_div2k_0845,DIV2K_fresh,fresh_div2k_0845,0.5,0.0,2026,hqs_round1,0.00028710587318424465,0.00026269949574036095,8.500828343633838,0.3858283759144996,0.001888077776908803
fresh_div2k_0845,DIV2K_fresh,fresh_div2k_0845,0.5,0.0,2026,hqs,0.0003427969854170827,0.00026269949574036095,23.36586757881396,1.155777549035939,0.005964487380981431
fresh_div2k_0845,DIV2K_fresh,fresh_div2k_0845,0.1,0.01,2026,hqs_round1,0.0032335156750669717,0.0030552698089936796,5.51244787361671,0.2462540206117012,0.012666155229315135
fresh_div2k_0845,DIV2K_fresh,fresh_div2k_0845,0.1,0.01,2026,hqs,0.003459907887005883,0.0030552698089936796,11.695053487749563,0.5401496819133662,0.025794497237242697
fresh_div2k_0845,DIV2K_fresh,fresh_div2k_0845,0.1,0.01,2027,hqs_round1,0.003231335090031685,0.0030818980293967676,4.6246228407544105,0.20563731628357473,0.010860097687605763
fresh_div2k_0845,DIV2K_fresh,fresh_div2k_0845,0.1,0.01,2027,hqs,0.0034906841511441336,0.0030818980293967676,11.710773706448895,0.5409228902412515,0.024149960650354574
fresh_div2k_0845,DIV2K_fresh,fresh_div2k_0845,0.1,0.01,2028,hqs_round1,0.0032724267453579834,0.003138083307608016,4.105315357800954,0.18205464722331755,0.012507362682908862
fresh_div2k_0845,DIV2K_fresh,fresh_div2k_0845,0.1,0.01,2028,hqs,0.0034734878525454304,0.003138083307608016,9.656131219564346,0.44101315656192597,0.025120573079571162
fresh_div2k_0845,DIV2K_fresh,fresh_div2k_0845,0.1,0.05,2026,hqs_round1,0.006231739228529145,0.004642568907224359,25.501232690057098,1.2785091322377085,0.16868742798373615
fresh_div2k_0845,DIV2K_fresh,fresh_div2k_0845,0.1,0.05,2026,hqs,0.0061708552730965925,0.004642568907224359,24.766200117108326,1.2358700243050755,0.17572183356151627
fresh_div2k_0845,DIV2K_fresh,fresh_div2k_0845,0.1,0.05,2027,hqs_round1,0.006142642847506202,0.0046283652208066565,24.65189112068128,1.2292764333054542,0.15950745824990864
fresh_div2k_0845,DIV2K_fresh,fresh_div2k_0845,0.1,0.05,2027,hqs,0.006100945909787049,0.0046283652208066565,24.136924187741116,1.1996955312793744,0.16768644763003848
fresh_div2k_0845,DIV2K_fresh,fresh_div2k_0845,0.1,0.05,2028,hqs_round1,0.0062139864068891295,0.004685278674409453,24.601079442093344,1.2263487162492588,0.17227633522303032
fresh_div2k_0845,DIV2K_fresh,fresh_div2k_0845,0.1,0.05,2028,hqs,0.00614448697599618,0.004685278674409453,23.748252820572567,1.1775020074588518,0.17859566208962352
fresh_div2k_0849,DIV2K_fresh,fresh_div2k_0849,0.01,0.0,2026,hqs_round1,0.03267216967465285,0.03255246424371746,0.36638347599013965,0.01594105274493174,-0.0030907140812603817
fresh_div2k_0849,DIV2K_fresh,fresh_div2k_0849,0.01,0.0,2026,hqs,0.03286523714394314,0.03255246424371746,0.9516830773373064,0.04152899806509325,-0.001717908491541409
fresh_div2k_0849,DIV2K_fresh,fresh_div2k_0849,0.04,0.0,2026,hqs_round1,0.018849859741520678,0.018983410722589286,-0.7084985400418464,-0.03066121132648547,-0.014527004192576465
fresh_div2k_0849,DIV2K_fresh,fresh_div2k_0849,0.04,0.0,2026,hqs,0.018883886632050574,0.018983410722589286,-0.5270318154197984,-0.022828596641062404,-0.014589690396928756
fresh_div2k_0849,DIV2K_fresh,fresh_div2k_0849,0.1,0.0,2026,hqs_round1,0.010840208974806304,0.010893554995861811,-0.49211247845395434,-0.02131975771312966,-0.008645031099300815
fresh_div2k_0849,DIV2K_fresh,fresh_div2k_0849,0.1,0.0,2026,hqs,0.010855805696222062,0.010893554995861811,-0.3477337444689699,-0.015075688176700908,-0.01022661822355908
fresh_div2k_0849,DIV2K_fresh,fresh_div2k_0849,0.25,0.0,2026,hqs_round1,0.004580650882832085,0.004550278522769205,0.663057736548156,0.02889212355170656,-0.00094804163599016
fresh_div2k_0849,DIV2K_fresh,fresh_div2k_0849,0.25,0.0,2026,hqs,0.004658273042056922,0.004550278522769205,2.3183381118430657,0.10186960214726071,0.00012237925815583583
fresh_div2k_0849,DIV2K_fresh,fresh_div2k_0849,0.5,0.0,2026,hqs_round1,0.0014540503715639436,0.0014429593967508157,0.7627641400895002,0.03325341009124472,-0.00012444622230523006
fresh_div2k_0849,DIV2K_fresh,fresh_div2k_0849,0.5,0.0,2026,hqs,0.001526085793007707,0.0014429593967508157,5.447032967462495,0.24324838626015932,0.0014991986026764437
fresh_div2k_0849,DIV2K_fresh,fresh_div2k_0849,0.1,0.01,2026,hqs_round1,0.010881520107551083,0.01092859358569803,-0.4326002036634691,-0.018747067379738525,-0.00858752983228861
fresh_div2k_0849,DIV2K_fresh,fresh_div2k_0849,0.1,0.01,2026,hqs,0.010899307380831249,0.01092859358569803,-0.2686978524735206,-0.011653749777284617,-0.01012686151643094
fresh_div2k_0849,DIV2K_fresh,fresh_div2k_0849,0.1,0.01,2027,hqs_round1,0.010880760412949015,0.01093031973785112,-0.45547666726606373,-0.01973618750132644,-0.008412156887319
fresh_div2k_0849,DIV2K_fresh,fresh_div2k_0849,0.1,0.01,2027,hqs,0.010897270230741753,0.01093031973785112,-0.30328244055224385,-0.01315145607588164,-0.009935065880056548
fresh_div2k_0849,DIV2K_fresh,fresh_div2k_0849,0.1,0.01,2028,hqs_round1,0.010899559486737166,0.010940054364802342,-0.37152765774113305,-0.01610534175485867,-0.008276875563129837
fresh_div2k_0849,DIV2K_fresh,fresh_div2k_0849,0.1,0.01,2028,hqs,0.01091681026128109,0.010940054364802342,-0.21292028500021765,-0.009237180057059646,-0.00979101241208613
fresh_div2k_0849,DIV2K_fresh,fresh_div2k_0849,0.1,0.05,2026,hqs_round1,0.011930593977978928,0.01182897773658395,0.8517282675325255,0.03714851641172601,-0.008147641483813528
fresh_div2k_0849,DIV2K_fresh,fresh_div2k_0849,0.1,0.05,2026,hqs,0.011967300786374813,0.01182897773658395,1.1558416744095634,0.0504899232833651,-0.008996097762425381
fresh_div2k_0849,DIV2K_fresh,fresh_div2k_0849,0.1,0.05,2027,hqs_round1,0.011956672407312241,0.011866166887072076,0.7569457216609399,0.03299878460516581,-0.007887939443843472
fresh_div2k_0849,DIV2K_fresh,fresh_div2k_0849,0.1,0.05,2027,hqs,0.011983300287771562,0.011866166887072076,0.9774719642051788,0.04265990365867367,-0.008680665783224573
fresh_div2k_0849,DIV2K_fresh,fresh_div2k_0849,0.1,0.05,2028,hqs_round1,0.012004822940752823,0.011884693243060249,1.0006786296261727,0.04367782433885026,-0.00742408852690335
fresh_div2k_0849,DIV2K_fresh,fresh_div2k_0849,0.1,0.05,2028,hqs,0.012034369486363728,0.011884693243060249,1.2437398026799773,0.05435364734636394,-0.008354931371703511
fresh_div2k_0851,DIV2K_fresh,fresh_div2k_0851,0.01,0.0,2026,hqs_round1,0.006888000345206298,0.006663431532437235,3.260290382031572,0.1439522056037319,0.007978509247271726
fresh_div2k_0851,DIV2K_fresh,fresh_div2k_0851,0.01,0.0,2026,hqs,0.0068637924072254605,0.006663431532437235,2.919098697934208,0.1286620031809349,0.007022963395674098
fresh_div2k_0851,DIV2K_fresh,fresh_div2k_0851,0.04,0.0,2026,hqs_round1,0.002629839889110663,0.002606045447548431,0.9047867005423815,0.0394732319221589,-0.000434150862831606
fresh_div2k_0851,DIV2K_fresh,fresh_div2k_0851,0.04,0.0,2026,hqs,0.0025977840563212234,0.002606045447548431,-0.31801685775632027,-0.01378938197105839,-0.00027828709626753767
fresh_div2k_0851,DIV2K_fresh,fresh_div2k_0851,0.1,0.0,2026,hqs_round1,0.0010123530086667471,0.0009939727831724202,1.8155944949018732,0.07957485134609499,0.00144935488605491
fresh_div2k_0851,DIV2K_fresh,fresh_div2k_0851,0.1,0.0,2026,hqs,0.0010307607497063082,0.0009939727831724202,3.5690111933705193,0.15783379945388276,0.0032077286567687713
fresh_div2k_0851,DIV2K_fresh,fresh_div2k_0851,0.25,0.0,2026,hqs_round1,0.0002752802977611858,0.00026847446937280163,2.4723267316022923,0.10872136685977551,0.0005962243843078419
fresh_div2k_0851,DIV2K_fresh,fresh_div2k_0851,0.25,0.0,2026,hqs,0.0002879437462401021,0.00026847446937280163,6.7614862699834415,0.3040465797425185,0.0014134002847671079
fresh_div2k_0851,DIV2K_fresh,fresh_div2k_0851,0.5,0.0,2026,hqs_round1,5.99098246955551e-05,5.701017187325177e-05,4.840028888481229,0.21545698477036268,0.00021621325302123573
fresh_div2k_0851,DIV2K_fresh,fresh_div2k_0851,0.5,0.0,2026,hqs,6.395856503874028e-05,5.701017187325177e-05,10.863897839608839,0.4994636113211115,0.0005582217702866377
fresh_div2k_0851,DIV2K_fresh,fresh_div2k_0851,0.1,0.01,2026,hqs_round1,0.001061917106635921,0.0010442670403594558,1.662094542612591,0.07279046177911397,0.0015097813642025448
fresh_div2k_0851,DIV2K_fresh,fresh_div2k_0851,0.1,0.01,2026,hqs,0.0010728088689058227,0.0010442670403594558,2.6604765651757956,0.11710784352352022,0.0032269424090385357
fresh_div2k_0851,DIV2K_fresh,fresh_div2k_0851,0.1,0.01,2027,hqs_round1,0.0010644301270320508,0.0010451718100770813,1.8092607927837845,0.07929470470280364,0.001490186571836416
fresh_div2k_0851,DIV2K_fresh,fresh_div2k_0851,0.1,0.01,2027,hqs,0.0010720121447012959,0.0010451718100770813,2.5037341933932478,0.11012017846506339,0.0030617666258812015
fresh_div2k_0851,DIV2K_fresh,fresh_div2k_0851,0.1,0.01,2028,hqs_round1,0.001073824897985595,0.0010543839091416843,1.8104431067281435,0.07934699838319048,0.0015624930531978887
fresh_div2k_0851,DIV2K_fresh,fresh_div2k_0851,0.1,0.01,2028,hqs,0.001080640726621873,0.0010543839091416843,2.4297453199148444,0.10682561403291402,0.0031338804206848536
fresh_div2k_0851,DIV2K_fresh,fresh_div2k_0851,0.1,0.05,2026,hqs_round1,0.0017848231742793386,0.0015618003692348657,12.495512623233573,0.5796967505772024,0.05303965170431135
fresh_div2k_0851,DIV2K_fresh,fresh_div2k_0851,0.1,0.05,2026,hqs,0.0017250418595899635,0.0015618003692348657,9.4630451688807,0.431741168904896,0.055359630017280614
fresh_div2k_0851,DIV2K_fresh,fresh_div2k_0851,0.1,0.05,2027,hqs_round1,0.0017788170980996881,0.0015579223225116025,12.418071302781364,0.5758549516425973,0.04999939143642784
fresh_div2k_0851,DIV2K_fresh,fresh_div2k_0851,0.1,0.05,2027,hqs,0.0017238745170381636,0.0015579223225116025,9.626698050603366,0.43959849707760057,0.05450216950773823
fresh_div2k_0851,DIV2K_fresh,fresh_div2k_0851,0.1,0.05,2028,hqs_round1,0.0018417626624127941,0.0016152107692797215,12.30081908796431,0.5700446281462384,0.04851004852640628
fresh_div2k_0851,DIV2K_fresh,fresh_div2k_0851,0.1,0.05,2028,hqs,0.001782939648118302,0.0016152107692797215,9.407434458906106,0.42907441141711544,0.05138354281592372
fresh_div2k_0855,DIV2K_fresh,fresh_div2k_0855,0.01,0.0,2026,hqs_round1,0.004455204202865674,0.004472528513878217,-0.388855599512139,-0.016855034437295302,-0.0009786168041353571
fresh_div2k_0855,DIV2K_fresh,fresh_div2k_0855,0.01,0.0,2026,hqs,0.004497075221153104,0.004472528513878217,0.5458371512094273,0.023770339128830642,0.0003005780373791511
fresh_div2k_0855,DIV2K_fresh,fresh_div2k_0855,0.04,0.0,2026,hqs_round1,0.002196680981279484,0.002197164732344548,-0.022021908014258074,-0.000956294019928805,-0.00015812811962701012
fresh_div2k_0855,DIV2K_fresh,fresh_div2k_0855,0.04,0.0,2026,hqs,0.002210878121920433,0.002197164732344548,0.6202689076308276,0.027021827289260614,0.0007890778121124598
fresh_div2k_0855,DIV2K_fresh,fresh_div2k_0855,0.1,0.0,2026,hqs_round1,0.0013659382065637703,0.0013627339023551102,0.234586322665431,0.01019992304161832,0.000503239402532607
fresh_div2k_0855,DIV2K_fresh,fresh_div2k_0855,0.1,0.0,2026,hqs,0.0014058382222067074,0.0013627339023551102,3.0660938912257962,0.1352428631039544,0.0032656656742096057
fresh_div2k_0855,DIV2K_fresh,fresh_div2k_0855,0.25,0.0,2026,hqs_round1,0.0005878772569496945,0.0005707971129592412,2.905392884065061,0.12804891254022976,0.0015130072689055751
fresh_div2k_0855,DIV2K_fresh,fresh_div2k_0855,0.25,0.0,2026,hqs,0.0006324703461576993,0.0005707971129592412,9.751165975310494,0.4455840028008211,0.004920971833705878
fresh_div2k_0855,DIV2K_fresh,fresh_div2k_0855,0.5,0.0,2026,hqs_round1,0.00015400363484222092,0.00014769945562676168,4.093526248207036,0.18152076668864936,0.0004800700893402565
fresh_div2k_0855,DIV2K_fresh,fresh_div2k_0855,0.5,0.0,2026,hqs,0.00016304704094046295,0.00014769945562676168,9.412979975089197,0.4293402677574818,0.0012893833713532032
fresh_div2k_0855,DIV2K_fresh,fresh_div2k_0855,0.1,0.01,2026,hqs_round1,0.0014220122729174342,0.0014197864189083344,0.15652846684178767,0.006803270858956267,0.0005131381739377217
fresh_div2k_0855,DIV2K_fresh,fresh_div2k_0855,0.1,0.01,2026,hqs,0.0014610435135301266,0.0014197864189083344,2.823810121993431,0.12440132926810321,0.0037921773859261876
fresh_div2k_0855,DIV2K_fresh,fresh_div2k_0855,0.1,0.01,2027,hqs_round1,0.0014236624196809033,0.001425213647411594,-0.10896036231948791,-0.004729512230987609,0.0004110227696300095
fresh_div2k_0855,DIV2K_fresh,fresh_div2k_0855,0.1,0.01,2027,hqs,0.0014612489309828922,0.001425213647411594,2.4660605600621,0.10844234079352688,0.0036192824538350266
fresh_div2k_0855,DIV2K_fresh,fresh_div2k_0855,0.1,0.01,2028,hqs_round1,0.0014283974959541051,0.0014280295376247816,0.025760219432313658,0.0011188962364592214,0.00016246334707736843
fresh_div2k_0855,DIV2K_fresh,fresh_div2k_0855,0.1,0.01,2028,hqs,0.0014618680774329883,0.0014280295376247816,2.31474647614075,0.10170992029290105,0.0029494467266202307
fresh_div2k_0855,DIV2K_fresh,fresh_div2k_0855,0.1,0.05,2026,hqs_round1,0.0024004728479148766,0.002048963675362401,14.643330494565154,0.6876253879949346,0.06397987122925086
fresh_div2k_0855,DIV2K_fresh,fresh_div2k_0855,0.1,0.05,2026,hqs,0.0024196800698673133,0.002048963675362401,15.320884736850404,0.7222368818615585,0.06657896640551553
fresh_div2k_0855,DIV2K_fresh,fresh_div2k_0855,0.1,0.05,2027,hqs_round1,0.0023763263153919654,0.0020345060551414875,14.384399063227814,0.6744709065688923,0.06366939520920445
fresh_div2k_0855,DIV2K_fresh,fresh_div2k_0855,0.1,0.05,2027,hqs,0.0023900672159901035,0.0020345060551414875,14.876617631078714,0.6995112805920414,0.06545758076910257
fresh_div2k_0855,DIV2K_fresh,fresh_div2k_0855,0.1,0.05,2028,hqs_round1,0.002376864193133322,0.0020179210377315976,15.10154246248897,0.711002000862333,0.06741897337689617
fresh_div2k_0855,DIV2K_fresh,fresh_div2k_0855,0.1,0.05,2028,hqs,0.002392453709841273,0.0020179210377315976,15.654751043627247,0.7393937555431407,0.0698693857460767
fresh_div2k_0858,DIV2K_fresh,fresh_div2k_0858,0.01,0.0,2026,hqs_round1,0.005734492860307456,0.005757943870656706,-0.408946543670341,-0.017724106321558963,-0.002973182312104472
fresh_div2k_0858,DIV2K_fresh,fresh_div2k_0858,0.01,0.0,2026,hqs,0.005753802384420608,0.005757943870656706,-0.07197824950178067,-0.00312485118583794,-0.0015408492474379143
fresh_div2k_0858,DIV2K_fresh,fresh_div2k_0858,0.04,0.0,2026,hqs_round1,0.0032532503356889463,0.0032741221113933077,-0.6415668500942884,-0.027773895186509634,-0.008417223938575247
fresh_div2k_0858,DIV2K_fresh,fresh_div2k_0858,0.04,0.0,2026,hqs,0.0032642252408627507,0.0032741221113933077,-0.3031920226173268,-0.013147541146384611,-0.007674984937620644
fresh_div2k_0858,DIV2K_fresh,fresh_div2k_0858,0.1,0.0,2026,hqs_round1,0.002013522660945384,0.0020055484945636806,0.39603062515122245,0.017233539132153197,-0.0020553512748479053
fresh_div2k_0858,DIV2K_fresh,fresh_div2k_0858,0.1,0.0,2026,hqs,0.002020729254796001,0.0020055484945636806,0.7512515690209498,0.0327496116884447,-0.002553000431537611
fresh_div2k_0858,DIV2K_fresh,fresh_div2k_0858,0.25,0.0,2026,hqs_round1,0.0009394040035516616,0.0009381782105509789,0.1304862440492327,0.0056706460871609465,-0.0016846791825294583
fresh_div2k_0858,DIV2K_fresh,fresh_div2k_0858,0.25,0.0,2026,hqs,0.0009546302512080175,0.0009381782105509789,1.7233940194352426,0.0754985045573946,-0.0011679817528724712
fresh_div2k_0858,DIV2K_fresh,fresh_div2k_0858,0.5,0.0,2026,hqs_round1,0.0003568500618526824,0.0003551650102344411,0.4722015766209675,0.02055602513063093,-0.00038927834606172773
fresh_div2k_0858,DIV2K_fresh,fresh_div2k_0858,0.5,0.0,2026,hqs,0.00036377740191998067,0.0003551650102344411,2.3674894702321314,0.10405543064221945,0.00014820871353149467
fresh_div2k_0858,DIV2K_fresh,fresh_div2k_0858,0.1,0.01,2026,hqs_round1,0.0020239768833136807,0.0020148314089397943,0.45185666147101733,0.01966835539645473,-0.0019546726709605
fresh_div2k_0858,DIV2K_fresh,fresh_div2k_0858,0.1,0.01,2026,hqs,0.002032548766346218,0.0020148314089397943,0.871681786915901,0.03802261893632419,-0.0022751778798699718
fresh_div2k_0858,DIV2K_fresh,fresh_div2k_0858,0.1,0.01,2027,hqs_round1,0.0020251486934238466,0.0020143479531960816,0.5333307259283049,0.023224245344977135,-0.0022051689956188447
fresh_div2k_0858,DIV2K_fresh,fresh_div2k_0858,0.1,0.01,2027,hqs,0.0020314909508442752,0.0020143479531960816,0.8438628604803267,0.03680400537418649,-0.002683625566333503
fresh_div2k_0858,DIV2K_fresh,fresh_div2k_0858,0.1,0.01,2028,hqs_round1,0.0020351052588593868,0.0020236625319234283,0.5622670810831565,0.024487857343526542,-0.002182718317031873
fresh_div2k_0858,DIV2K_fresh,fresh_div2k_0858,0.1,0.01,2028,hqs,0.0020417208192167607,0.0020236625319234283,0.8844640816397131,0.038582664552528456,-0.0025511413937807648
fresh_div2k_0858,DIV2K_fresh,fresh_div2k_0858,0.1,0.05,2026,hqs_round1,0.002378746934097826,0.002292490645441817,3.6261229565692776,0.16040669347552594,-0.0032560471654384804
fresh_div2k_0858,DIV2K_fresh,fresh_div2k_0858,0.1,0.05,2026,hqs,0.0023880488241774353,0.002292490645441817,4.001516960966378,0.17735629595662417,-0.00299158826471857
fresh_div2k_0858,DIV2K_fresh,fresh_div2k_0858,0.1,0.05,2027,hqs_round1,0.002365019550004647,0.0022800501969533226,3.592754785099239,0.15890326692466417,-0.00522961591988802
fresh_div2k_0858,DIV2K_fresh,fresh_div2k_0858,0.1,0.05,2027,hqs,0.0023733397471392887,0.0022800501969533226,3.9307288515440297,0.17415504160463158,-0.005032242076784321
fresh_div2k_0858,DIV2K_fresh,fresh_div2k_0858,0.1,0.05,2028,hqs_round1,0.0023980399555830053,0.0023149734467986373,3.463933475794534,0.1531040099728216,-0.007691463949799582
fresh_div2k_0858,DIV2K_fresh,fresh_div2k_0858,0.1,0.05,2028,hqs,0.002403416356885634,0.0023149734467986373,3.6798830062720334,0.16282998576910757,-0.0075414241560697315
fresh_div2k_0861,DIV2K_fresh,fresh_div2k_0861,0.01,0.0,2026,hqs_round1,0.014211299156831274,0.014167324392552702,0.3094352162548941,0.013459435565550848,-0.0049784112785336565
fresh_div2k_0861,DIV2K_fresh,fresh_div2k_0861,0.01,0.0,2026,hqs,0.014297258525557806,0.014167324392552702,0.9088045290139624,0.03964932076150163,-0.0038487143308672533
fresh_div2k_0861,DIV2K_fresh,fresh_div2k_0861,0.04,0.0,2026,hqs_round1,0.00836463130654615,0.008384911259964333,-0.24244886205937455,-0.010516676657481128,-0.012152089525868659
fresh_div2k_0861,DIV2K_fresh,fresh_div2k_0861,0.04,0.0,2026,hqs,0.008382679587668912,0.008384911259964333,-0.02662242153097516,-0.001156043200062129,-0.012519008921670904
fresh_div2k_0861,DIV2K_fresh,fresh_div2k_0861,0.1,0.0,2026,hqs_round1,0.004749561906586279,0.0047417284908155746,0.16492922767975537,0.007168698614563596,-0.007349545938461044
fresh_div2k_0861,DIV2K_fresh,fresh_div2k_0861,0.1,0.0,2026,hqs,0.00477857899931995,0.0047417284908155746,0.7711603911878306,0.03362087294495808,-0.0067909604924609734
fresh_div2k_0861,DIV2K_fresh,fresh_div2k_0861,0.25,0.0,2026,hqs_round1,0.0018706111110366524,0.0018356749290903112,1.86763468581026,0.08187733097468453,-0.000158898790359574
fresh_div2k_0861,DIV2K_fresh,fresh_div2k_0861,0.25,0.0,2026,hqs,0.0018920187789537178,0.0018356749290903112,2.977975191903992,0.13129666075580815,0.001287895858287813
fresh_div2k_0861,DIV2K_fresh,fresh_div2k_0861,0.5,0.0,2026,hqs_round1,0.0005038264439620106,0.000491929984594799,2.3612217083445852,0.10377663344484489,0.0003646811666487837
fresh_div2k_0861,DIV2K_fresh,fresh_div2k_0861,0.5,0.0,2026,hqs,0.0005217034934130841,0.000491929984594799,5.706979001329115,0.2552044993424829,0.0017523999805449941
fresh_div2k_0861,DIV2K_fresh,fresh_div2k_0861,0.1,0.01,2026,hqs_round1,0.004821734356461994,0.004810116141072007,0.24095511139921033,0.010477175246617065,-0.007720179477334055
fresh_div2k_0861,DIV2K_fresh,fresh_div2k_0861,0.1,0.01,2026,hqs,0.004856387078284999,0.004810116141072007,0.9527851974544976,0.041577322697268215,-0.0068770502163022496
fresh_div2k_0861,DIV2K_fresh,fresh_div2k_0861,0.1,0.01,2027,hqs_round1,0.004871072826941807,0.004858657710975502,0.25487436561484333,0.01108318316033774,-0.008516229330554625
fresh_div2k_0861,DIV2K_fresh,fresh_div2k_0861,0.1,0.01,2027,hqs,0.004887804446067459,0.004858657710975502,0.5963154912101087,0.025975176934341704,-0.008287776228755761
fresh_div2k_0861,DIV2K_fresh,fresh_div2k_0861,0.1,0.01,2028,hqs_round1,0.004857153993910768,0.004830218221556979,0.5545587475208169,0.024151208781237443,-0.006815866345258437
fresh_div2k_0861,DIV2K_fresh,fresh_div2k_0861,0.1,0.01,2028,hqs,0.004880766960811897,0.004830218221556979,1.0356720503309824,0.04521320214437097,-0.006318909296469721
fresh_div2k_0861,DIV2K_fresh,fresh_div2k_0861,0.1,0.05,2026,hqs_round1,0.006399458810050698,0.0060422576295779545,5.581740442047057,0.24944009320392269,-0.0005976460181398302
fresh_div2k_0861,DIV2K_fresh,fresh_div2k_0861,0.1,0.05,2026,hqs,0.00639842556972231,0.0060422576295779545,5.566493448478349,0.24873883577611977,0.0006405609705670834
fresh_div2k_0861,DIV2K_fresh,fresh_div2k_0861,0.1,0.05,2027,hqs_round1,0.006586270088416812,0.006205168393870441,5.786305290100535,0.2588596446127589,-0.004100932849682937
fresh_div2k_0861,DIV2K_fresh,fresh_div2k_0861,0.1,0.05,2027,hqs,0.006541772223062577,0.006205168393870441,5.145453215345242,0.2294184668192223,-0.0037142103433553952
fresh_div2k_0861,DIV2K_fresh,fresh_div2k_0861,0.1,0.05,2028,hqs_round1,0.006548305173250617,0.006127864126571478,6.420608623993451,0.2881978371000109,-0.0031707720745783874
fresh_div2k_0861,DIV2K_fresh,fresh_div2k_0861,0.1,0.05,2028,hqs,0.006527391920792066,0.006127864126571478,6.120787583597509,0.27430562497445976,-0.003703939560160019
fresh_div2k_0864,DIV2K_fresh,fresh_div2k_0864,0.01,0.0,2026,hqs_round1,0.006067812602419059,0.005909405206350935,2.610617803275128,0.11488389165864987,0.0033788856599288875
fresh_div2k_0864,DIV2K_fresh,fresh_div2k_0864,0.01,0.0,2026,hqs,0.006153710591841539,0.005909405206350935,3.9700499697613134,0.17593297123888618,0.007002531183446847
fresh_div2k_0864,DIV2K_fresh,fresh_div2k_0864,0.04,0.0,2026,hqs_round1,0.003162345224027428,0.003179188482878694,-0.5326192321853718,-0.023069976177669815,-0.007389036147934069
fresh_div2k_0864,DIV2K_fresh,fresh_div2k_0864,0.04,0.0,2026,hqs,0.003165380822002488,0.003179188482878694,-0.43620852126950993,-0.018903096823571275,-0.0081679456260082
fresh_div2k_0864,DIV2K_fresh,fresh_div2k_0864,0.1,0.0,2026,hqs_round1,0.0018007080155469722,0.0018096274926987406,-0.49533167369497644,-0.021458878714977203,-0.005918914937552033
fresh_div2k_0864,DIV2K_fresh,fresh_div2k_0864,0.1,0.0,2026,hqs,0.001846020507194786,0.0018096274926987406,1.9714306723140562,0.0864733560162314,-0.0032432123848757932
fresh_div2k_0864,DIV2K_fresh,fresh_div2k_0864,0.25,0.0,2026,hqs_round1,0.0007773634995210462,0.000773216102365378,0.5335209536109553,0.023232551133485657,-0.0006544033060074117
fresh_div2k_0864,DIV2K_fresh,fresh_div2k_0864,0.25,0.0,2026,hqs,0.0008196081265002339,0.000773216102365378,5.660268930342616,0.2530536611374572,0.0030875294623374794
fresh_div2k_0864,DIV2K_fresh,fresh_div2k_0864,0.5,0.0,2026,hqs_round1,0.0002839976272923903,0.0002844824435685481,-0.17071138261963714,-0.00740758015314924,-0.00038424048042295933
fresh_div2k_0864,DIV2K_fresh,fresh_div2k_0864,0.5,0.0,2026,hqs,0.0002934473918014456,0.0002844824435685481,3.0550444418205536,0.134747841122838,0.0005991620693206468
fresh_div2k_0864,DIV2K_fresh,fresh_div2k_0864,0.1,0.01,2026,hqs_round1,0.0018194366867224526,0.0018198873572489857,-0.02476978340724134,-0.0010756048181761457,-0.005270553778354059
fresh_div2k_0864,DIV2K_fresh,fresh_div2k_0864,0.1,0.01,2026,hqs,0.001864307101838098,0.0018198873572489857,2.382640957882798,0.10472946002897032,-0.002507919641975276
fresh_div2k_0864,DIV2K_fresh,fresh_div2k_0864,0.1,0.01,2027,hqs_round1,0.0018243928542065458,0.0018280445536115971,-0.20015970774229785,-0.008684137481523635,-0.005462964955206928
fresh_div2k_0864,DIV2K_fresh,fresh_div2k_0864,0.1,0.01,2027,hqs,0.0018659326131369156,0.0018280445536115971,2.0305159606821443,0.08909179176459148,-0.00299514897906783
fresh_div2k_0864,DIV2K_fresh,fresh_div2k_0864,0.1,0.01,2028,hqs_round1,0.0018232692447939887,0.001832962150413147,-0.5316222849057972,-0.023026908479604202,-0.006069788222536454
fresh_div2k_0864,DIV2K_fresh,fresh_div2k_0864,0.1,0.01,2028,hqs,0.001866025203896058,0.001832962150413147,1.7718438858102648,0.07764008217797169,-0.003627144544467331
fresh_div2k_0864,DIV2K_fresh,fresh_div2k_0864,0.1,0.05,2026,hqs_round1,0.0022414287019630603,0.0021374101532430577,4.640725294045822,0.2063706079595029,0.0014888544787615698
fresh_div2k_0864,DIV2K_fresh,fresh_div2k_0864,0.1,0.05,2026,hqs,0.0022588871441001,0.0021374101532430577,5.377736164213576,0.2400666567628562,0.0026466612534821188
fresh_div2k_0864,DIV2K_fresh,fresh_div2k_0864,0.1,0.05,2027,hqs_round1,0.002282308257949703,0.0021564349543741115,5.515175399166683,0.2463793880665861,0.0034328016869873412
fresh_div2k_0864,DIV2K_fresh,fresh_div2k_0864,0.1,0.05,2027,hqs,0.0022830134863259734,0.0021564349543741115,5.54436198953705,0.2477211414495386,0.0035209169158563203
fresh_div2k_0864,DIV2K_fresh,fresh_div2k_0864,0.1,0.05,2028,hqs_round1,0.002250188800076738,0.002142707783208343,4.776533278662198,0.21256011576685552,0.0010832597504853991
fresh_div2k_0864,DIV2K_fresh,fresh_div2k_0864,0.1,0.05,2028,hqs,0.002268011031773526,0.002142707783208343,5.524807719616742,0.24682215513361427,0.0021038264337778223
fresh_div2k_0868,DIV2K_fresh,fresh_div2k_0868,0.01,0.0,2026,hqs_round1,0.0048444600716919415,0.004751480986719326,1.9192868471747504,0.08416385023755879,0.0007704865622589763
fresh_div2k_0868,DIV2K_fresh,fresh_div2k_0868,0.01,0.0,2026,hqs,0.004968211972736635,0.004751480986719326,4.36235384493725,0.19371121331329988,0.0042065488014222385
fresh_div2k_0868,DIV2K_fresh,fresh_div2k_0868,0.04,0.0,2026,hqs_round1,0.00179966593551499,0.001732732647741409,3.719206240041839,0.16460337963389549,0.0028016196140646654
fresh_div2k_0868,DIV2K_fresh,fresh_div2k_0868,0.04,0.0,2026,hqs,0.0018806398320616983,0.001732732647741409,7.864726770045194,0.3557407190539372,0.0062859164193868056
fresh_div2k_0868,DIV2K_fresh,fresh_div2k_0868,0.1,0.0,2026,hqs_round1,0.0005773947841614132,0.0005517109343061102,4.448230320023628,0.19761265122507865,0.0013838531441688895
fresh_div2k_0868,DIV2K_fresh,fresh_div2k_0868,0.1,0.0,2026,hqs,0.0006574116268314728,0.0005517109343061102,16.078312005951023,0.7612578936254089,0.004640378633499198
fresh_div2k_0868,DIV2K_fresh,fresh_div2k_0868,0.25,0.0,2026,hqs_round1,9.928723148130213e-05,9.063649253685794e-05,8.71284133456104,0.3959031023101929,0.00030642929363244864
fresh_div2k_0868,DIV2K_fresh,fresh_div2k_0868,0.25,0.0,2026,hqs,0.00011298291625908755,9.063649253685794e-05,19.778586411228538,0.9570968954467176,0.0008412117710112632
fresh_div2k_0868,DIV2K_fresh,fresh_div2k_0868,0.5,0.0,2026,hqs_round1,1.3213892956884795e-05,1.3174561743300035e-05,0.2976504631382437,0.012946071961579264,-1.3234690666164006e-05
fresh_div2k_0868,DIV2K_fresh,fresh_div2k_0868,0.5,0.0,2026,hqs,1.420862671783797e-05,1.3174561743300035e-05,7.277726377593807,0.3281592767475985,8.001963424675296e-05
fresh_div2k_0868,DIV2K_fresh,fresh_div2k_0868,0.1,0.01,2026,hqs_round1,0.0009521208890175599,0.0009149481959034569,3.9041988830283203,0.1729558831031639,0.015702713264942214
fresh_div2k_0868,DIV2K_fresh,fresh_div2k_0868,0.1,0.01,2026,hqs,0.0009663951881686167,0.0009149481959034569,5.32359772637686,0.2375825372563014,0.02012543216514584
fresh_div2k_0868,DIV2K_fresh,fresh_div2k_0868,0.1,0.01,2027,hqs_round1,0.0009613016464646087,0.0009267231118901531,3.5970535056946473,0.1590969196167329,0.014903824667453769
fresh_div2k_0868,DIV2K_fresh,fresh_div2k_0868,0.1,0.01,2027,hqs,0.000975368402113581,0.0009267231118901531,4.9873760640611,0.2221868795869888,0.020107287765264492
fresh_div2k_0868,DIV2K_fresh,fresh_div2k_0868,0.1,0.01,2028,hqs_round1,0.0009513649006892702,0.0009235990559548233,2.9185273404905288,0.12863644340022873,0.01444250513672829
fresh_div2k_0868,DIV2K_fresh,fresh_div2k_0868,0.1,0.01,2028,hqs,0.0009548149292734585,0.0009235990559548233,3.269311398638064,0.14435720582828893,0.017685597610473613
fresh_div2k_0868,DIV2K_fresh,fresh_div2k_0868,0.1,0.05,2026,hqs_round1,0.003536329883446344,0.0022957452976883406,35.0811328876645,1.8762906757584652,0.36806624562240486
fresh_div2k_0868,DIV2K_fresh,fresh_div2k_0868,0.1,0.05,2026,hqs,0.003616956208838986,0.0022957452976883406,36.52825289733722,1.9741954727288729,0.38076629887688906
fresh_div2k_0868,DIV2K_fresh,fresh_div2k_0868,0.1,0.05,2027,hqs_round1,0.0035039150647037383,0.002267338781999274,35.29127447069036,1.8903715374043841,0.3580036432103286
fresh_div2k_0868,DIV2K_fresh,fresh_div2k_0868,0.1,0.05,2027,hqs,0.0035883393364558856,0.002267338781999274,36.813702122200375,1.993770894586632,0.3733769407779979
fresh_div2k_0868,DIV2K_fresh,fresh_div2k_0868,0.1,0.05,2028,hqs_round1,0.003471618913353155,0.0022314123165379997,35.724157166123646,1.9195221984726807,0.35677385535038353
fresh_div2k_0868,DIV2K_fresh,fresh_div2k_0868,0.1,0.05,2028,hqs,0.003522038434301168,0.0022314123165379997,36.644293974584365,1.9821426501486492,0.36801529412263634
fresh_div2k_0870,DIV2K_fresh,fresh_div2k_0870,0.01,0.0,2026,hqs_round1,0.012187627972348377,0.01218702098854815,0.004980327604386936,0.0002162982658902024,-0.003860777562135237
fresh_div2k_0870,DIV2K_fresh,fresh_div2k_0870,0.01,0.0,2026,hqs,0.012182670478875363,0.01218702098854815,-0.03571064062128926,-0.0015506165656269388,-0.003458539210130007
fresh_div2k_0870,DIV2K_fresh,fresh_div2k_0870,0.04,0.0,2026,hqs_round1,0.007932911880833381,0.007876572728945909,0.7101951053256061,0.030953426959094088,-0.005008846796803912
fresh_div2k_0870,DIV2K_fresh,fresh_div2k_0870,0.04,0.0,2026,hqs,0.007920431912872096,0.007876572728945909,0.5537473765150125,0.024115775028953124,-0.006566661121257755
fresh_div2k_0870,DIV2K_fresh,fresh_div2k_0870,0.1,0.0,2026,hqs_round1,0.004736069855874364,0.004736955409761705,-0.018698074865630687,-0.0008119711645129257,-0.005847000443049755
fresh_div2k_0870,DIV2K_fresh,fresh_div2k_0870,0.1,0.0,2026,hqs,0.004718177909506713,0.004736955409761705,-0.3979820306724058,-0.017249837078932018,-0.00835246253990285
fresh_div2k_0870,DIV2K_fresh,fresh_div2k_0870,0.25,0.0,2026,hqs_round1,0.002201273599011514,0.0021879521412355063,0.6051704695858695,0.026362067979988524,0.00013864468026159038
fresh_div2k_0870,DIV2K_fresh,fresh_div2k_0870,0.25,0.0,2026,hqs,0.002203693654980983,0.0021879521412355063,0.7143240490753544,0.031134031077911573,-0.0005030996761322681
fresh_div2k_0870,DIV2K_fresh,fresh_div2k_0870,0.5,0.0,2026,hqs_round1,0.000804345148823817,0.00080504501680906,-0.08701090399643174,-0.003777192500638904,-0.00033721916294093823
fresh_div2k_0870,DIV2K_fresh,fresh_div2k_0870,0.5,0.0,2026,hqs,0.0008156547693716452,0.00080504501680906,1.300765098297485,0.05686213888180802,0.00029082791328438606
fresh_div2k_0870,DIV2K_fresh,fresh_div2k_0870,0.1,0.01,2026,hqs_round1,0.00475805825365005,0.0047585049860703445,-0.009388964919709863,-0.00040773842463437404,-0.005983231828052493
fresh_div2k_0870,DIV2K_fresh,fresh_div2k_0870,0.1,0.01,2026,hqs,0.00474070908856126,0.0047585049860703445,-0.3753847193877391,-0.01627222856470567,-0.008505414630737063
fresh_div2k_0870,DIV2K_fresh,fresh_div2k_0870,0.1,0.01,2027,hqs_round1,0.004758051710003761,0.004758218381423117,-0.003502934173793548,-0.00015212783376128414,-0.006078293561066039
fresh_div2k_0870,DIV2K_fresh,fresh_div2k_0870,0.1,0.01,2027,hqs,0.0047417095694248235,0.004758218381423117,-0.3481616019830547,-0.015094205362323976,-0.00850177260862528
fresh_div2k_0870,DIV2K_fresh,fresh_div2k_0870,0.1,0.01,2028,hqs_round1,0.0047540663879953515,0.004751933357358914,0.04486749789240907,0.001949007943398584,-0.005861443889400464
fresh_div2k_0870,DIV2K_fresh,fresh_div2k_0870,0.1,0.01,2028,hqs,0.004736661056410853,0.004751933357358914,-0.32242756587765875,-0.013980325148459372,-0.008317168853139933
fresh_div2k_0870,DIV2K_fresh,fresh_div2k_0870,0.1,0.05,2026,hqs_round1,0.005333396458799378,0.005270191975451031,1.1850700362630584,0.05177432831330009,-0.008951506778619223
fresh_div2k_0870,DIV2K_fresh,fresh_div2k_0870,0.1,0.05,2026,hqs,0.005333550234817856,0.005270191975451031,1.1879190516143834,0.051899545169064254,-0.011101025727423774
fresh_div2k_0870,DIV2K_fresh,fresh_div2k_0870,0.1,0.05,2027,hqs_round1,0.005362028988054839,0.0052748818989833916,1.6252632961438196,0.07116417003556208,-0.0075907145462297265
fresh_div2k_0870,DIV2K_fresh,fresh_div2k_0870,0.1,0.05,2027,hqs,0.005358865716265879,0.0052748818989833916,1.5671939124649037,0.0686013400470955,-0.0095377544197347
fresh_div2k_0870,DIV2K_fresh,fresh_div2k_0870,0.1,0.05,2028,hqs_round1,0.0053351598112343695,0.005254724076482054,1.5076537085719544,0.06597516634834477,-0.008075115062797456
fresh_div2k_0870,DIV2K_fresh,fresh_div2k_0870,0.1,0.05,2028,hqs,0.005327021066061677,0.005254724076482054,1.357174839052655,0.05934497906245895,-0.01022501771982709
fresh_div2k_0874,DIV2K_fresh,fresh_div2k_0874,0.01,0.0,2026,hqs_round1,0.004878607467465365,0.0047573136867256225,2.486237754290155,0.10934087423627403,0.0016717740541832837
fresh_div2k_0874,DIV2K_fresh,fresh_div2k_0874,0.01,0.0,2026,hqs,0.004887166146368228,0.0047573136867256225,2.6570093128326033,0.11695314975792925,0.0018034502926330687
fresh_div2k_0874,DIV2K_fresh,fresh_div2k_0874,0.04,0.0,2026,hqs_round1,0.0021391574189846747,0.002118212737742816,0.9791089265323794,0.0427316983902557,0.0008088578129937796
fresh_div2k_0874,DIV2K_fresh,fresh_div2k_0874,0.04,0.0,2026,hqs,0.0021452705721981147,0.002118212737742816,1.2612784049694237,0.055125000435491955,0.001270744721461714
fresh_div2k_0874,DIV2K_fresh,fresh_div2k_0874,0.1,0.0,2026,hqs_round1,0.0010995476297496723,0.0011012654937499456,-0.15623370500688072,-0.006779848770715802,-0.0005734518733024885
fresh_div2k_0874,DIV2K_fresh,fresh_div2k_0874,0.1,0.0,2026,hqs,0.0011082485455276966,0.0011012654937499456,0.6300979871285084,0.027451384307791926,0.00020675014328952468
fresh_div2k_0874,DIV2K_fresh,fresh_div2k_0874,0.25,0.0,2026,hqs_round1,0.00041206659782649674,0.00040438804223584264,1.863425871244051,0.08169106972041362,0.0005401748208999635
fresh_div2k_0874,DIV2K_fresh,fresh_div2k_0874,0.25,0.0,2026,hqs,0.000427436479798147,0.00040438804223584264,5.3922485916945595,0.2407327949733542,0.0019190726194382446
fresh_div2k_0874,DIV2K_fresh,fresh_div2k_0874,0.5,0.0,2026,hqs_round1,0.00012868802435645493,0.00012735876434679261,1.0329321755537912,0.04509296730317658,8.470267486571093e-05
fresh_div2k_0874,DIV2K_fresh,fresh_div2k_0874,0.5,0.0,2026,hqs,0.00013211583833508457,0.00012735876434679261,3.600684102860263,0.15926048080068256,0.0005531608133316768
fresh_div2k_0874,DIV2K_fresh,fresh_div2k_0874,0.1,0.01,2026,hqs_round1,0.0011791685624292908,0.0011673905282215693,0.9988422845548683,0.043597267510396165,0.0002498782606125127
fresh_div2k_0874,DIV2K_fresh,fresh_div2k_0874,0.1,0.01,2026,hqs,0.0011820872516854315,0.0011673905282215693,1.2432858439939576,0.05433368392340299,0.0009863135393262112
fresh_div2k_0874,DIV2K_fresh,fresh_div2k_0874,0.1,0.01,2027,hqs_round1,0.0012076688424805886,0.0011937243730373484,1.1546600320165523,0.05043800542477328,0.0002572069344520811
fresh_div2k_0874,DIV2K_fresh,fresh_div2k_0874,0.1,0.01,2027,hqs,0.0011979409715359593,0.0011937243730373484,0.3519871678822839,0.015313575219572328,-8.814288246627999e-05
fresh_div2k_0874,DIV2K_fresh,fresh_div2k_0874,0.1,0.01,2028,hqs_round1,0.0011888718588192793,0.0011777670833983394,0.9340599105414626,0.04075634856185317,0.0004342867614031132
fresh_div2k_0874,DIV2K_fresh,fresh_div2k_0874,0.1,0.01,2028,hqs,0.001187209775800668,0.0011777670833983394,0.7953684845595443,0.03468051690132512,0.0007484847332239752
fresh_div2k_0874,DIV2K_fresh,fresh_div2k_0874,0.1,0.05,2026,hqs_round1,0.002591528101631724,0.001946880086542553,24.875208363871348,1.2421671953369717,0.06281011904033096
fresh_div2k_0874,DIV2K_fresh,fresh_div2k_0874,0.1,0.05,2026,hqs,0.0025658403906957165,0.001946880086542553,24.123102372136827,1.1989043438121136,0.06474727914751133
fresh_div2k_0874,DIV2K_fresh,fresh_div2k_0874,0.1,0.05,2027,hqs_round1,0.002773583800300498,0.0019801263961607947,28.607659305398947,1.4634837887507466,0.06961608544262121
fresh_div2k_0874,DIV2K_fresh,fresh_div2k_0874,0.1,0.05,2027,hqs,0.0027320078313832815,0.0019801263961607947,27.521203511403957,1.3978902673716433,0.07108703211925549
fresh_div2k_0874,DIV2K_fresh,fresh_div2k_0874,0.1,0.05,2028,hqs_round1,0.00276638311615017,0.0019731198698486815,28.675104387039173,1.467588552789934,0.0646717311191708
fresh_div2k_0874,DIV2K_fresh,fresh_div2k_0874,0.1,0.05,2028,hqs,0.002713110359604409,0.0019731198698486815,27.27461811998033,1.383139896003275,0.06525273173710977
fresh_div2k_0877,DIV2K_fresh,fresh_div2k_0877,0.01,0.0,2026,hqs_round1,0.0020939495059982926,0.002090217690164981,0.1782189982433513,0.0077468579893889,0.0008799930305007919
fresh_div2k_0877,DIV2K_fresh,fresh_div2k_0877,0.01,0.0,2026,hqs,0.002105319319593732,0.002090217690164981,0.7173082623715965,0.03126456822062096,0.0010817838907749566
fresh_div2k_0877,DIV2K_fresh,fresh_div2k_0877,0.04,0.0,2026,hqs_round1,0.0005240925250084644,0.0005293316941333759,-0.99966492077459,-0.043199329578904155,-0.0006734259665012177
fresh_div2k_0877,DIV2K_fresh,fresh_div2k_0877,0.04,0.0,2026,hqs,0.0005313441974840116,0.0005293316941333759,0.378757001613117,0.016480437723501495,-0.0007889492924213481
fresh_div2k_0877,DIV2K_fresh,fresh_div2k_0877,0.1,0.0,2026,hqs_round1,0.00017361155904385516,0.00017234839268076612,0.7275819479104828,0.03171399558081589,0.0002469192819596344
fresh_div2k_0877,DIV2K_fresh,fresh_div2k_0877,0.1,0.0,2026,hqs,0.00019380668886518498,0.00017234839268076612,11.07201010969523,0.5096152427508045,0.002448283927917516
fresh_div2k_0877,DIV2K_fresh,fresh_div2k_0877,0.25,0.0,2026,hqs_round1,4.519813181925727e-05,4.377607458170694e-05,3.146274370889901,0.13883668811221384,0.00019518181610100882
fresh_div2k_0877,DIV2K_fresh,fresh_div2k_0877,0.25,0.0,2026,hqs,4.9860859363099995e-05,4.377607458170694e-05,12.203529700685733,0.5652294377891494,0.0009768030948638096
fresh_div2k_0877,DIV2K_fresh,fresh_div2k_0877,0.5,0.0,2026,hqs_round1,9.993676587182136e-06,9.210846504769545e-06,7.833254114072963,0.35425745793525465,0.00016700821495052587
fresh_div2k_0877,DIV2K_fresh,fresh_div2k_0877,0.5,0.0,2026,hqs,1.177437561892041e-05,9.210846504769545e-06,21.77210237824836,1.0663834128077028,0.0005623624219894818
fresh_div2k_0877,DIV2K_fresh,fresh_div2k_0877,0.1,0.01,2026,hqs_round1,0.0001907503480790418,0.0001886030573025204,1.1257073961572162,0.049166106431577816,0.0001900069799423143
fresh_div2k_0877,DIV2K_fresh,fresh_div2k_0877,0.1,0.01,2026,hqs,0.00021238124121121697,0.0001886030573025204,11.195990650157627,0.5156742612224363,0.002690696236610446
fresh_div2k_0877,DIV2K_fresh,fresh_div2k_0877,0.1,0.01,2027,hqs_round1,0.0001933330926417063,0.0001929090674587632,0.2193236435362511,0.009535565515328415,-7.889436912533743e-05
fresh_div2k_0877,DIV2K_fresh,fresh_div2k_0877,0.1,0.01,2027,hqs,0.00020710913016893845,0.0001929090674587632,6.856319032672442,0.30846603077006307,0.001569274215698191
fresh_div2k_0877,DIV2K_fresh,fresh_div2k_0877,0.1,0.01,2028,hqs_round1,0.000188583282414647,0.0001881938856914174,0.20648528238754738,0.008976812965087788,-6.662977981564122e-05
fresh_div2k_0877,DIV2K_fresh,fresh_div2k_0877,0.1,0.01,2028,hqs,0.0002073944182223811,0.0001881938856914174,9.257979407322203,0.42191554335156667,0.0021734316463470904
fresh_div2k_0877,DIV2K_fresh,fresh_div2k_0877,0.1,0.05,2026,hqs_round1,0.0004281583414263419,0.00037827228819734064,11.651309434452163,0.5379988287901938,0.017973766776561706
fresh_div2k_0877,DIV2K_fresh,fresh_div2k_0877,0.1,0.05,2026,hqs,0.00043084630403774916,0.00037827228819734064,12.202498976480058,0.56517845223064,0.020140962897300718
fresh_div2k_0877,DIV2K_fresh,fresh_div2k_0877,0.1,0.05,2027,hqs_round1,0.0004235146507039098,0.00037587573518730016,11.248469312084142,0.5182414797897863,0.01898059660053253
fresh_div2k_0877,DIV2K_fresh,fresh_div2k_0877,0.1,0.05,2027,hqs,0.0004229061589475215,0.00037587573518730016,11.120770592999897,0.5119971943328281,0.02117277595806122
fresh_div2k_0877,DIV2K_fresh,fresh_div2k_0877,0.1,0.05,2028,hqs_round1,0.0004211956151623939,0.0003817808793854218,9.35782196160223,0.42669667369142417,0.01691689714193345
fresh_div2k_0877,DIV2K_fresh,fresh_div2k_0877,0.1,0.05,2028,hqs,0.0004251791041959049,0.0003817808793854218,10.207045544384751,0.4675773862322288,0.019586694441795394
fresh_div2k_0879,DIV2K_fresh,fresh_div2k_0879,0.01,0.0,2026,hqs_round1,0.009422758966609041,0.009041792519530977,4.043045656034239,0.17923544912216016,0.005472278115832396
fresh_div2k_0879,DIV2K_fresh,fresh_div2k_0879,0.01,0.0,2026,hqs,0.009462840800423871,0.009041792519530977,4.449491329010147,0.19766996600428755,0.006614805231759502
fresh_div2k_0879,DIV2K_fresh,fresh_div2k_0879,0.04,0.0,2026,hqs_round1,0.0036720266550698145,0.0036113032941544713,1.6536742954059158,0.07241861022001572,-0.0022437362434808428
fresh_div2k_0879,DIV2K_fresh,fresh_div2k_0879,0.04,0.0,2026,hqs,0.0036767797790291067,0.0036113032941544713,1.7808106226020692,0.07803654508790103,-0.0020825447816527065
fresh_div2k_0879,DIV2K_fresh,fresh_div2k_0879,0.1,0.0,2026,hqs_round1,0.0017007114607783794,0.0016830535284982618,1.0382673773501772,0.045327096817967316,-0.0026451033194065943
fresh_div2k_0879,DIV2K_fresh,fresh_div2k_0879,0.1,0.0,2026,hqs,0.0017426399090089083,0.0016830535284982618,3.4193168768030358,0.15109727123851258,-0.0013723991963864313
fresh_div2k_0879,DIV2K_fresh,fresh_div2k_0879,0.25,0.0,2026,hqs_round1,0.00045963230129803,0.00044898096591822775,2.3173600614496026,0.10182611806291675,-0.00020271110200875686
fresh_div2k_0879,DIV2K_fresh,fresh_div2k_0879,0.25,0.0,2026,hqs,0.000479955860782728,0.00044898096591822775,6.453696557426203,0.2897336932068981,0.0005354687218666054
fresh_div2k_0879,DIV2K_fresh,fresh_div2k_0879,0.5,0.0,2026,hqs_round1,9.923736757719313e-05,9.665989891689433e-05,2.597276331714349,0.11428898793165132,4.336438465124548e-05
fresh_div2k_0879,DIV2K_fresh,fresh_div2k_0879,0.5,0.0,2026,hqs,0.000104032799548882,9.665989891689433e-05,7.0870924015876025,0.31923948984064054,0.000339079026222211
fresh_div2k_0879,DIV2K_fresh,fresh_div2k_0879,0.1,0.01,2026,hqs_round1,0.0018543925638341411,0.0018239664860077607,1.6407571093507545,0.07184822854006612,-0.0025541112160683
fresh_div2k_0879,DIV2K_fresh,fresh_div2k_0879,0.1,0.01,2026,hqs,0.001870513703925536,0.0018239664860077607,2.4884724351438514,0.10944040077097128,-0.0017592173498869323
fresh_div2k_0879,DIV2K_fresh,fresh_div2k_0879,0.1,0.01,2027,hqs_round1,0.0018344976423164394,0.0018092046569524963,1.3787417754326126,0.06029460976440504,-0.0028124117962122774
fresh_div2k_0879,DIV2K_fresh,fresh_div2k_0879,0.1,0.01,2027,hqs,0.0018464939131984373,0.0018092046569524963,2.0194627222653416,0.088601834129026,-0.002222078641295422
fresh_div2k_0879,DIV2K_fresh,fresh_div2k_0879,0.1,0.01,2028,hqs_round1,0.0018274446717677212,0.0018079923785278861,1.0644531974266846,0.04647641602667463,-0.002859606091856981
fresh_div2k_0879,DIV2K_fresh,fresh_div2k_0879,0.1,0.01,2028,hqs,0.0018439918192410258,0.0018079923785278861,1.9522559882048096,0.08562394596913592,-0.001838251563847093
fresh_div2k_0879,DIV2K_fresh,fresh_div2k_0879,0.1,0.05,2026,hqs_round1,0.0031616950426315714,0.002725034843563244,13.81095245368391,0.6454791854195463,0.08439046071667788
fresh_div2k_0879,DIV2K_fresh,fresh_div2k_0879,0.1,0.05,2026,hqs,0.003109902604558921,0.002725034843563244,12.375556727451375,0.5737472833402286,0.09045785914962001
fresh_div2k_0879,DIV2K_fresh,fresh_div2k_0879,0.1,0.05,2027,hqs_round1,0.0031469379660075065,0.002664983467886544,15.315030144442732,0.7219366272738554,0.09333342030490188
fresh_div2k_0879,DIV2K_fresh,fresh_div2k_0879,0.1,0.05,2027,hqs,0.0031031725459668893,0.002664983467886544,14.120680419458086,0.6611140512524685,0.1009633888016418
fresh_div2k_0879,DIV2K_fresh,fresh_div2k_0879,0.1,0.05,2028,hqs_round1,0.003101089288455753,0.002661152713448368,14.186517513220643,0.6644447311158999,0.09133932001520062
fresh_div2k_0879,DIV2K_fresh,fresh_div2k_0879,0.1,0.05,2028,hqs,0.0030678541725291187,0.002661152713448368,13.25687064015395,0.6176491422325157,0.0992110792798846
fresh_div2k_0883,DIV2K_fresh,fresh_div2k_0883,0.01,0.0,2026,hqs_round1,0.01153408109749916,0.011312447380755097,1.9215550408442805,0.08426428541520892,0.0015989539382497142
fresh_div2k_0883,DIV2K_fresh,fresh_div2k_0883,0.01,0.0,2026,hqs,0.01156370186518604,0.011312447380755097,2.172785906798369,0.09540314062821764,0.0007744045881284967
fresh_div2k_0883,DIV2K_fresh,fresh_div2k_0883,0.04,0.0,2026,hqs_round1,0.005368369775592068,0.005342245442263219,0.4866343866181899,0.021185853616760397,-0.0034250320925761635
fresh_div2k_0883,DIV2K_fresh,fresh_div2k_0883,0.04,0.0,2026,hqs,0.0053921549148929085,0.005342245442263219,0.9255941904013465,0.04038523630526214,-0.0033147335651411147
fresh_div2k_0883,DIV2K_fresh,fresh_div2k_0883,0.1,0.0,2026,hqs_round1,0.0033346596750670108,0.003290312995615973,1.329871224419521,0.058143049943229386,-0.0004231293360963395
fresh_div2k_0883,DIV2K_fresh,fresh_div2k_0883,0.1,0.0,2026,hqs,0.003349788893850771,0.003290312995615973,1.775511834312249,0.0778022555913509,-0.0005204140602945717
fresh_div2k_0883,DIV2K_fresh,fresh_div2k_0883,0.25,0.0,2026,hqs_round1,0.0016250524207279745,0.001618102076617384,0.4276996866031446,0.018614597103873365,-0.0007837654695510565
fresh_div2k_0883,DIV2K_fresh,fresh_div2k_0883,0.25,0.0,2026,hqs,0.0016489037296279208,0.001618102076617384,1.8680079653581205,0.0818938508614373,-0.0001554153370857403
fresh_div2k_0883,DIV2K_fresh,fresh_div2k_0883,0.5,0.0,2026,hqs_round1,0.0006384142285573676,0.0006321583942300047,0.979902083557771,0.04276648550388984,-0.00017872641468053008
fresh_div2k_0883,DIV2K_fresh,fresh_div2k_0883,0.5,0.0,2026,hqs,0.0006493868786857535,0.0006321583942300047,2.6530385847364557,0.11677599985544163,0.0006149510698317817
fresh_div2k_0883,DIV2K_fresh,fresh_div2k_0883,0.1,0.01,2026,hqs_round1,0.0033934824971252825,0.0033444005346105407,1.446359677891973,0.0632732934897291,-0.0002699602620677144
fresh_div2k_0883,DIV2K_fresh,fresh_div2k_0883,0.1,0.01,2026,hqs,0.0034023746036087347,0.0033444005346105407,1.7039296301090356,0.07463843823865801,-0.00016139903384448928
fresh_div2k_0883,DIV2K_fresh,fresh_div2k_0883,0.1,0.01,2027,hqs_round1,0.003381955660786038,0.0033378386031901117,1.3044836189742615,0.05702576359831468,-0.0007981656844765483
fresh_div2k_0883,DIV2K_fresh,fresh_div2k_0883,0.1,0.01,2027,hqs,0.0033981472067174173,0.0033378386031901117,1.7747495873071117,0.07776855336598132,-0.0005206033354103745
fresh_div2k_0883,DIV2K_fresh,fresh_div2k_0883,0.1,0.01,2028,hqs_round1,0.003389993630234495,0.0033377299006918703,1.541705833205631,0.06747692840795594,-0.0005048755100072189
fresh_div2k_0883,DIV2K_fresh,fresh_div2k_0883,0.1,0.01,2028,hqs,0.003401439278977463,0.0033377299006918703,1.8730123650699149,0.08211533200682908,-0.0004896936314702227
fresh_div2k_0883,DIV2K_fresh,fresh_div2k_0883,0.1,0.05,2026,hqs_round1,0.004396656447075386,0.004080706308959985,7.186145697728275,0.32387191906803636,0.016707393942068882
fresh_div2k_0883,DIV2K_fresh,fresh_div2k_0883,0.1,0.05,2026,hqs,0.004382495425471819,0.004080706308959985,6.886239167707597,0.3098613199493627,0.01730842464359572
fresh_div2k_0883,DIV2K_fresh,fresh_div2k_0883,0.1,0.05,2027,hqs_round1,0.00441129570262323,0.004093806780279635,7.197180686726501,0.3243882988460065,0.015389860730488758
fresh_div2k_0883,DIV2K_fresh,fresh_div2k_0883,0.1,0.05,2027,hqs,0.004412417031158461,0.004093806780279635,7.220764688127767,0.3254921126544694,0.016794582787058254
fresh_div2k_0883,DIV2K_fresh,fresh_div2k_0883,0.1,0.05,2028,hqs_round1,0.004387282258073351,0.0040515564361927135,7.652250348443945,0.34573683069643124,0.016338728093460153
fresh_div2k_0883,DIV2K_fresh,fresh_div2k_0883,0.1,0.05,2028,hqs,0.004385027987739303,0.0040515564361927135,7.60477589832923,0.3435047683071346,0.0177986259804368
fresh_div2k_0887,DIV2K_fresh,fresh_div2k_0887,0.01,0.0,2026,hqs_round1,0.011024582634371925,0.010849863359128877,1.5848153262357112,0.06937888242940105,-0.002681078108542234
fresh_div2k_0887,DIV2K_fresh,fresh_div2k_0887,0.01,0.0,2026,hqs,0.011097191055797978,0.010849863359128877,2.2287414484035484,0.09788794363156939,-0.0031606831157856563
fresh_div2k_0887,DIV2K_fresh,fresh_div2k_0887,0.04,0.0,2026,hqs_round1,0.006012360343532771,0.005889981225223614,2.035458810129287,0.08931091166861904,-0.0006568923641919744
fresh_div2k_0887,DIV2K_fresh,fresh_div2k_0887,0.04,0.0,2026,hqs,0.005943995615575477,0.005889981225223614,0.9087219077067554,0.03964569965645026,-0.001985931032987165
fresh_div2k_0887,DIV2K_fresh,fresh_div2k_0887,0.1,0.0,2026,hqs_round1,0.003309576968433971,0.0032607050526890806,1.4766816487732481,0.06460969169951625,-0.0023208640237264433
fresh_div2k_0887,DIV2K_fresh,fresh_div2k_0887,0.1,0.0,2026,hqs,0.0033335914237032803,0.0032607050526890806,2.186421842099362,0.09600853701802592,-0.0024025746800042658
fresh_div2k_0887,DIV2K_fresh,fresh_div2k_0887,0.25,0.0,2026,hqs_round1,0.0012641265531932102,0.0012619026979300027,0.1759203030416545,0.007646849841137282,-0.001195299744605971
fresh_div2k_0887,DIV2K_fresh,fresh_div2k_0887,0.25,0.0,2026,hqs,0.0013132183073164463,0.0012619026979300027,3.907622144813583,0.17311059643793314,-3.158284854887228e-05
fresh_div2k_0887,DIV2K_fresh,fresh_div2k_0887,0.5,0.0,2026,hqs_round1,0.0003609822918946019,0.0003588489170751263,0.5909915437343649,0.02574258001341434,-7.003591728205194e-05
fresh_div2k_0887,DIV2K_fresh,fresh_div2k_0887,0.5,0.0,2026,hqs,0.00037422923515276636,0.0003588489170751263,4.1098654602336415,0.18226072029911222,0.0005265970792770469
fresh_div2k_0887,DIV2K_fresh,fresh_div2k_0887,0.1,0.01,2026,hqs_round1,0.003445505468419408,0.0033729442839522503,2.105966312700247,0.0924377618094745,-0.00312571016433838
fresh_div2k_0887,DIV2K_fresh,fresh_div2k_0887,0.1,0.01,2026,hqs,0.0034368436445331736,0.0033729442839522503,1.8592454935377978,0.08150607484780537,-0.0035596928703636177
fresh_div2k_0887,DIV2K_fresh,fresh_div2k_0887,0.1,0.01,2027,hqs_round1,0.0034507931875602488,0.0033767882403929767,2.1445778736915333,0.09415105271227375,-0.0027772595704494973
fresh_div2k_0887,DIV2K_fresh,fresh_div2k_0887,0.1,0.01,2027,hqs,0.00344366348975233,0.0033767882403929767,1.9419798002435762,0.08516879445958025,-0.003220891779214141
fresh_div2k_0887,DIV2K_fresh,fresh_div2k_0887,0.1,0.01,2028,hqs_round1,0.0034552157152392,0.0033920867197649654,1.8270637979505788,0.0800821972887249,-0.003012017974838632
fresh_div2k_0887,DIV2K_fresh,fresh_div2k_0887,0.1,0.01,2028,hqs,0.003459947008180885,0.0033920867197649654,1.9613100505720737,0.08602500679198499,-0.0030828879450858215
fresh_div2k_0887,DIV2K_fresh,fresh_div2k_0887,0.1,0.05,2026,hqs_round1,0.004915365612127662,0.0044051557830280625,10.379895807562322,0.47594555511410874,0.05883748837946168
fresh_div2k_0887,DIV2K_fresh,fresh_div2k_0887,0.1,0.05,2026,hqs,0.00488008763870596,0.0044051557830280625,9.732035382131654,0.4446634999837258,0.0659375261002555
fresh_div2k_0887,DIV2K_fresh,fresh_div2k_0887,0.1,0.05,2027,hqs_round1,0.004919527317125849,0.004381266782401258,10.941305943170576,0.5032367758646039,0.05800352887031568
fresh_div2k_0887,DIV2K_fresh,fresh_div2k_0887,0.1,0.05,2027,hqs,0.004894352818320611,0.004381266782401258,10.483225361252291,0.4809557417663335,0.06586552615670993
fresh_div2k_0887,DIV2K_fresh,fresh_div2k_0887,0.1,0.05,2028,hqs_round1,0.0050035693035295325,0.004485626780668449,10.351460955996462,0.47456783517274914,0.060520519474965506
fresh_div2k_0887,DIV2K_fresh,fresh_div2k_0887,0.1,0.05,2028,hqs,0.0049798833177268935,0.004485626780668449,9.925062607371537,0.45396031065459397,0.06847558304258627
fresh_div2k_0889,DIV2K_fresh,fresh_div2k_0889,0.01,0.0,2026,hqs_round1,0.020538993338537384,0.02036786102888871,0.8332068998122666,0.036337309474081536,-0.0036753617583584752
fresh_div2k_0889,DIV2K_fresh,fresh_div2k_0889,0.01,0.0,2026,hqs,0.020630782948393545,0.02036786102888871,1.274415615551372,0.05570286872854524,-0.001930915064744687
fresh_div2k_0889,DIV2K_fresh,fresh_div2k_0889,0.04,0.0,2026,hqs_round1,0.010510957873331322,0.010404722923910578,1.010706642543835,0.044117759805271106,-0.0029437841553061617
fresh_div2k_0889,DIV2K_fresh,fresh_div2k_0889,0.04,0.0,2026,hqs,0.010597262913674122,0.010404722923910578,1.8168841457646634,0.07963189624328137,-0.0009691616727778296
fresh_div2k_0889,DIV2K_fresh,fresh_div2k_0889,0.1,0.0,2026,hqs_round1,0.00536461747902851,0.005299026353239949,1.2226617469926149,0.05342680924076504,0.00016107267438247863
fresh_div2k_0889,DIV2K_fresh,fresh_div2k_0889,0.1,0.0,2026,hqs,0.005403113346036813,0.005299026353239949,1.926426231150824,0.08447998863198691,0.0005273536767512743
fresh_div2k_0889,DIV2K_fresh,fresh_div2k_0889,0.25,0.0,2026,hqs_round1,0.0020030477091220185,0.0019826866684741844,1.0165030296137467,0.04437207141203103,-0.0003148322896957545
fresh_div2k_0889,DIV2K_fresh,fresh_div2k_0889,0.25,0.0,2026,hqs,0.0020081614750571595,0.0019826866684741844,1.2685636538391387,0.055445448184947566,-0.000439348811149598
fresh_div2k_0889,DIV2K_fresh,fresh_div2k_0889,0.5,0.0,2026,hqs_round1,0.0005942242421504514,0.0005894712642692436,0.7998626686799404,0.034877266140348695,-3.634762096405009e-05
fresh_div2k_0889,DIV2K_fresh,fresh_div2k_0889,0.5,0.0,2026,hqs,0.0006040593088439341,0.0005894712642692436,2.4150020306134445,0.1061694257813599,0.00023579166412346364
fresh_div2k_0889,DIV2K_fresh,fresh_div2k_0889,0.1,0.01,2026,hqs_round1,0.005418615318172075,0.005351077410873708,1.2464052775968293,0.05447086691989966,-0.0002334943330363215
fresh_div2k_0889,DIV2K_fresh,fresh_div2k_0889,0.1,0.01,2026,hqs,0.005459354886003031,0.005351077410873708,1.9833382769625318,0.08700092885951705,0.0002277771944328988
fresh_div2k_0889,DIV2K_fresh,fresh_div2k_0889,0.1,0.01,2027,hqs_round1,0.005412716795104845,0.005346032313149686,1.23199650895216,0.05383725026419128,-3.82639586775646e-05
fresh_div2k_0889,DIV2K_fresh,fresh_div2k_0889,0.1,0.01,2027,hqs,0.0054519014663296375,0.005346032313149686,1.941875762681844,0.08516418668605041,0.00033001901822171664
fresh_div2k_0889,DIV2K_fresh,fresh_div2k_0889,0.1,0.01,2028,hqs_round1,0.0054094666014080665,0.005342247460223461,1.2426205047112782,0.054304424929910056,0.00023792638187492
fresh_div2k_0889,DIV2K_fresh,fresh_div2k_0889,0.1,0.01,2028,hqs,0.005446636367850535,0.005342247460223461,1.916575673074905,0.08404380301932335,0.0006178427985013002
fresh_div2k_0889,DIV2K_fresh,fresh_div2k_0889,0.1,0.05,2026,hqs_round1,0.006611753386357696,0.0063498552627044786,3.9610993990429666,0.17552820144275216,0.0021955411066394426
fresh_div2k_0889,DIV2K_fresh,fresh_div2k_0889,0.1,0.05,2026,hqs,0.006667233323755472,0.0063498552627044786,4.760266299968374,0.2118182759693994,0.003434122236732451
fresh_div2k_0889,DIV2K_fresh,fresh_div2k_0889,0.1,0.05,2027,hqs_round1,0.006503089987976272,0.006269085448104296,3.5983592462142333,0.1591557435182338,0.0017078555853180521
fresh_div2k_0889,DIV2K_fresh,fresh_div2k_0889,0.1,0.05,2027,hqs,0.006565216493729516,0.006269085448104296,4.510605947390422,0.2004486255464215,0.003013928886472117
fresh_div2k_0889,DIV2K_fresh,fresh_div2k_0889,0.1,0.05,2028,hqs_round1,0.006521848807737617,0.006275724044737896,3.773849567130627,0.16706887989564478,0.002715192961127433
fresh_div2k_0889,DIV2K_fresh,fresh_div2k_0889,0.1,0.05,2028,hqs,0.006579482537703688,0.006275724044737896,4.616753539888663,0.2052790002211573,0.003931226162139256
fresh_div2k_0892,DIV2K_fresh,fresh_div2k_0892,0.01,0.0,2026,hqs_round1,0.01753901198424833,0.01767065604976626,-0.7505785709945423,-0.032475488029120925,-0.009973179943970456
fresh_div2k_0892,DIV2K_fresh,fresh_div2k_0892,0.01,0.0,2026,hqs,0.017520565256174177,0.01767065604976626,-0.8566549731561457,-0.03704560186484329,-0.01018152761050889
fresh_div2k_0892,DIV2K_fresh,fresh_div2k_0892,0.04,0.0,2026,hqs_round1,0.011455432974936997,0.011458151182785472,-0.023728547444878956,-0.0010303954777839408,-0.006733663493755759
fresh_div2k_0892,DIV2K_fresh,fresh_div2k_0892,0.04,0.0,2026,hqs,0.01146376425098633,0.011458151182785472,0.048963569713800226,0.0021269815796571834,-0.0074965557170244
fresh_div2k_0892,DIV2K_fresh,fresh_div2k_0892,0.1,0.0,2026,hqs_round1,0.0047179816326287,0.004572449883189219,3.0846188215954418,0.1360729177483897,0.010691054544892165
fresh_div2k_0892,DIV2K_fresh,fresh_div2k_0892,0.1,0.0,2026,hqs,0.004934312743765379,0.004572449883189219,7.3336020509316535,0.3307771818366554,0.01862053586602208
fresh_div2k_0892,DIV2K_fresh,fresh_div2k_0892,0.25,0.0,2026,hqs_round1,0.0011996153024722252,0.0011358510218544414,5.315394067279344,0.23720623973724386,0.0029291096205711353
fresh_div2k_0892,DIV2K_fresh,fresh_div2k_0892,0.25,0.0,2026,hqs,0.0012922426978581984,0.0011358510218544414,12.102345500807644,0.5602271368218759,0.007198513669490758
fresh_div2k_0892,DIV2K_fresh,fresh_div2k_0892,0.5,0.0,2026,hqs_round1,0.0002761755407024832,0.0002465989651030076,10.709339257286976,0.4919396328405341,0.001174706947326687
fresh_div2k_0892,DIV2K_fresh,fresh_div2k_0892,0.5,0.0,2026,hqs,0.0003084957125236935,0.0002465989651030076,20.064054347572835,0.9725788291393229,0.002569052611350986
fresh_div2k_0892,DIV2K_fresh,fresh_div2k_0892,0.1,0.01,2026,hqs_round1,0.004894822174767019,0.00474552735349901,3.050056078392982,0.134524377925338,0.010918055705803065
fresh_div2k_0892,DIV2K_fresh,fresh_div2k_0892,0.1,0.01,2026,hqs,0.0050947688724341115,0.00474552735349901,6.854904072777801,0.3084000569326051,0.018332136340534766
fresh_div2k_0892,DIV2K_fresh,fresh_div2k_0892,0.1,0.01,2027,hqs_round1,0.004885582354716905,0.004770374805658351,2.3581129268514744,0.10363835793809884,0.00953497850677365
fresh_div2k_0892,DIV2K_fresh,fresh_div2k_0892,0.1,0.01,2027,hqs,0.005096702445840141,0.004770374805658351,6.402721046588356,0.2873677682488385,0.017358296410120988
fresh_div2k_0892,DIV2K_fresh,fresh_div2k_0892,0.1,0.01,2028,hqs_round1,0.004900349389559938,0.004730157581722938,3.473054558101296,0.15351436674467323,0.011788186855986704
fresh_div2k_0892,DIV2K_fresh,fresh_div2k_0892,0.1,0.01,2028,hqs,0.005117091116981418,0.004730157581722938,7.561591662388323,0.3414754108284015,0.019644252673327922
fresh_div2k_0892,DIV2K_fresh,fresh_div2k_0892,0.1,0.05,2026,hqs_round1,0.007763649841941453,0.007212494883741582,7.099173319517504,0.3198042140814046,0.022655201583934415
fresh_div2k_0892,DIV2K_fresh,fresh_div2k_0892,0.1,0.05,2026,hqs,0.007886583975259405,0.007212494883741582,8.547288580613266,0.3880341389427464,0.027489681008213362
fresh_div2k_0892,DIV2K_fresh,fresh_div2k_0892,0.1,0.05,2027,hqs_round1,0.007818679549531143,0.007095308888148689,9.2518264343732,0.4216210698994409,0.027859939227297015
fresh_div2k_0892,DIV2K_fresh,fresh_div2k_0892,0.1,0.05,2027,hqs,0.00796190570084867,0.007095308888148689,10.884288828083077,0.5004572274474235,0.03335922507911426
fresh_div2k_0892,DIV2K_fresh,fresh_div2k_0892,0.1,0.05,2028,hqs_round1,0.007715238468154302,0.007062757665062728,8.457039996686778,0.3837504895130337,0.026059852884440904
fresh_div2k_0892,DIV2K_fresh,fresh_div2k_0892,0.1,0.05,2028,hqs,0.007878893961829767,0.007062757665062728,10.358513526402401,0.47490950419792455,0.03229323648526894
fresh_div2k_0896,DIV2K_fresh,fresh_div2k_0896,0.01,0.0,2026,hqs_round1,0.00487190126437559,0.004871894921223979,0.0001301986897184193,5.65446092792854e-06,-0.0006327976451890871
fresh_div2k_0896,DIV2K_fresh,fresh_div2k_0896,0.01,0.0,2026,hqs,0.004973455739486865,0.004871894921223979,2.042057345691073,0.0896034465046398,0.0007829390073286202
fresh_div2k_0896,DIV2K_fresh,fresh_div2k_0896,0.04,0.0,2026,hqs_round1,0.0010785199581930787,0.0010079483191781525,6.543378124699695,0.29389921229865124,0.002097068111538869
fresh_div2k_0896,DIV2K_fresh,fresh_div2k_0896,0.04,0.0,2026,hqs,0.0011370927376365882,0.0010079483191781525,11.357421798934219,0.5235762082173174,0.003624931216955174
fresh_div2k_0896,DIV2K_fresh,fresh_div2k_0896,0.1,0.0,2026,hqs_round1,0.000273131087942108,0.0002499346684542828,8.49277892992607,0.385446332871517,0.0009657555739880364
fresh_div2k_0896,DIV2K_fresh,fresh_div2k_0896,0.1,0.0,2026,hqs,0.00029814426146735506,0.0002499346684542828,16.16988795149119,0.7659995335677223,0.0018949243271351168
fresh_div2k_0896,DIV2K_fresh,fresh_div2k_0896,0.25,0.0,2026,hqs_round1,5.8976051809881295e-05,5.4460445926429236e-05,7.656677150937186,0.3459450200658125,0.0003393671655654851
fresh_div2k_0896,DIV2K_fresh,fresh_div2k_0896,0.25,0.0,2026,hqs,6.661474303604805e-05,5.4460445926429236e-05,18.24565637525857,0.8748916390140096,0.0007736385517120858
fresh_div2k_0896,DIV2K_fresh,fresh_div2k_0896,0.5,0.0,2026,hqs_round1,1.3115039048474582e-05,1.2314059160332492e-05,6.107338950205044,0.27368352250792327,3.874178123475236e-05
fresh_div2k_0896,DIV2K_fresh,fresh_div2k_0896,0.5,0.0,2026,hqs,1.4657064370320959e-05,1.2314059160332492e-05,15.985501262673107,0.7564575943504224,0.00023153571987144517
fresh_div2k_0896,DIV2K_fresh,fresh_div2k_0896,0.1,0.01,2026,hqs_round1,0.0004823102850323446,0.0004131042002429283,14.348871864670098,0.6726691244485679,0.01870487214064609
fresh_div2k_0896,DIV2K_fresh,fresh_div2k_0896,0.1,0.01,2026,hqs,0.0004762444570325353,0.0004131042002429283,13.257951007562795,0.6177032330324934,0.02296362087821968
fresh_div2k_0896,DIV2K_fresh,fresh_div2k_0896,0.1,0.01,2027,hqs_round1,0.0004942584876815482,0.0004258529212548982,13.840038791751375,0.646945052421934,0.017743936596155252
fresh_div2k_0896,DIV2K_fresh,fresh_div2k_0896,0.1,0.01,2027,hqs,0.0004927762914905558,0.0004258529212548982,13.580882723319931,0.6339017407922967,0.0213063733854294
fresh_div2k_0896,DIV2K_fresh,fresh_div2k_0896,0.1,0.01,2028,hqs_round1,0.0005063770825413424,0.0004381320428822334,13.47711853715995,0.6286902572655109,0.018606413483381323
fresh_div2k_0896,DIV2K_fresh,fresh_div2k_0896,0.1,0.01,2028,hqs,0.0004992180729239725,0.0004381320428822334,12.236341862375255,0.5668528292794477,0.022354724188327846
fresh_div2k_0896,DIV2K_fresh,fresh_div2k_0896,0.1,0.05,2026,hqs_round1,0.003385186638279406,0.0014810022897882183,56.25049818402421,3.5902688800862883,0.360756277610667
fresh_div2k_0896,DIV2K_fresh,fresh_div2k_0896,0.1,0.05,2026,hqs,0.0033573531303160717,0.0014810022897882183,55.88780112478688,3.554412932628537,0.3679810549448729
fresh_div2k_0896,DIV2K_fresh,fresh_div2k_0896,0.1,0.05,2027,hqs_round1,0.0033211433046270843,0.001629016873520569,50.9501179533268,3.0936203265794795,0.3492734753602408
fresh_div2k_0896,DIV2K_fresh,fresh_div2k_0896,0.1,0.05,2027,hqs,0.003309447441479614,0.001629016873520569,50.77677158117201,3.0782990549502465,0.3566512638707161
fresh_div2k_0896,DIV2K_fresh,fresh_div2k_0896,0.1,0.05,2028,hqs_round1,0.0032683256784434476,0.0014959497955542459,54.22886386687457,3.3940830736244827,0.360330500023894
fresh_div2k_0896,DIV2K_fresh,fresh_div2k_0896,0.1,0.05,2028,hqs,0.0032485871749310044,0.0014959497955542459,53.950757206137844,3.3677750668648123,0.3680484756791089
fresh_div2k_0899,DIV2K_fresh,fresh_div2k_0899,0.01,0.0,2026,hqs_round1,0.01624832559855384,0.016309756991472604,-0.3780782982600428,-0.01638877015988527,-0.0017994373695682797
fresh_div2k_0899,DIV2K_fresh,fresh_div2k_0899,0.01,0.0,2026,hqs,0.01619000169644138,0.016309756991472604,-0.7396867355334846,-0.03200596022975688,-0.0037190384117909425
fresh_div2k_0899,DIV2K_fresh,fresh_div2k_0899,0.04,0.0,2026,hqs_round1,0.005156357827807274,0.0047989548117795,6.9313074841386495,0.31196387270500736,0.0122971884959161
fresh_div2k_0899,DIV2K_fresh,fresh_div2k_0899,0.04,0.0,2026,hqs,0.005270415709950577,0.0047989548117795,8.94542146421119,0.4069821150733901,0.015330337521866633
fresh_div2k_0899,DIV2K_fresh,fresh_div2k_0899,0.1,0.0,2026,hqs_round1,0.0015840276879833723,0.001474841121176168,6.892970851173052,0.3101753056203016,0.0029063075280190143
fresh_div2k_0899,DIV2K_fresh,fresh_div2k_0899,0.1,0.0,2026,hqs,0.0017254475221296145,0.001474841121176168,14.5241392589059,0.6815651716809974,0.007534768114089929
fresh_div2k_0899,DIV2K_fresh,fresh_div2k_0899,0.25,0.0,2026,hqs_round1,0.0004127512533988613,0.00039202762242787257,5.020852341534255,0.2237173208908132,0.00033313354587560795
fresh_div2k_0899,DIV2K_fresh,fresh_div2k_0899,0.25,0.0,2026,hqs,0.0004690124024276074,0.00039202762242787257,16.41423118051074,0.778676585571553,0.002491012273788451
fresh_div2k_0899,DIV2K_fresh,fresh_div2k_0899,0.5,0.0,2026,hqs_round1,0.00012133723358418752,0.00011612013962912766,4.299664497822986,0.19086539689313753,0.0003154134855269941
fresh_div2k_0899,DIV2K_fresh,fresh_div2k_0899,0.5,0.0,2026,hqs,0.0001396254501309232,0.00011612013962912766,16.834545908181653,0.8005703684527887,0.0012392152090072717
fresh_div2k_0899,DIV2K_fresh,fresh_div2k_0899,0.1,0.01,2026,hqs_round1,0.0016511288030316602,0.0015315704509626016,7.24100699167357,0.326439747095673,0.0030955538134574967
fresh_div2k_0899,DIV2K_fresh,fresh_div2k_0899,0.1,0.01,2026,hqs,0.001797659230139584,0.0015315704509626016,14.801958831559048,0.6957039020415117,0.00793975307703021
fresh_div2k_0899,DIV2K_fresh,fresh_div2k_0899,0.1,0.01,2027,hqs_round1,0.0016381522639189552,0.001524429577541927,6.942131624869186,0.3124689983113029,0.003068368608713179
fresh_div2k_0899,DIV2K_fresh,fresh_div2k_0899,0.1,0.01,2027,hqs,0.0017672414725475281,0.001524429577541927,13.739599187630036,0.6418852821886212,0.00739527048110955
fresh_div2k_0899,DIV2K_fresh,fresh_div2k_0899,0.1,0.01,2028,hqs_round1,0.0016376180984663947,0.0015310140360172643,6.509702265074113,0.29233457136234264,0.0028781398830414195
fresh_div2k_0899,DIV2K_fresh,fresh_div2k_0899,0.1,0.01,2028,hqs,0.001767736777904205,0.0015310140360172643,13.391289067798585,0.624384253090728,0.007289214631557517
fresh_div2k_0899,DIV2K_fresh,fresh_div2k_0899,0.1,0.05,2026,hqs_round1,0.0025903981307619822,0.002388124071220359,7.808608921522142,0.3530963189293779,0.011820895784854901
fresh_div2k_0899,DIV2K_fresh,fresh_div2k_0899,0.1,0.05,2026,hqs,0.0026955179541372676,0.002388124071220359,11.4038892764598,0.5258534276734217,0.015624960939526589
fresh_div2k_0899,DIV2K_fresh,fresh_div2k_0899,0.1,0.05,2027,hqs_round1,0.0025655695656092168,0.0023723329649200267,7.531918186100883,0.3400815141500786,0.012554175825178704
fresh_div2k_0899,DIV2K_fresh,fresh_div2k_0899,0.1,0.05,2027,hqs,0.0026612213311566356,0.0023723329649200267,10.855480634188764,0.49905352234583233,0.016383264304354883
fresh_div2k_0899,DIV2K_fresh,fresh_div2k_0899,0.1,0.05,2028,hqs_round1,0.0025966863412646497,0.0024123535408645566,7.098770362473528,0.3197853766127423,0.012733975417256405
fresh_div2k_0899,DIV2K_fresh,fresh_div2k_0899,0.1,0.05,2028,hqs,0.0026790080692512055,0.0024123535408645566,9.953479851263758,0.4553306584725796,0.016469654516857113
