image,dataset,sequence,cr,sigma,seed,method,delta_psnr,delta_ssim
kodim01,Kodak,kodim01,0.01,0.0,2026,hqs_round1,-0.011172085105826568,-0.0020450717636024685
kodim01,Kodak,kodim01,0.01,0.0,2026,hqs_finetuned,-0.01812276782924016,-0.007223446741828732
kodim01,Kodak,kodim01,0.04,0.0,2026,hqs_round1,0.05239712571078314,0.002322952814705903
kodim01,Kodak,kodim01,0.04,0.0,2026,hqs_finetuned,0.2079236097875352,0.0029814177936692277
kodim01,Kodak,kodim01,0.1,0.0,2026,hqs_round1,0.29592331654586346,0.014585197850372711
kodim01,Kodak,kodim01,0.1,0.0,2026,hqs_finetuned,0.4036173606884077,0.016715388600949233
kodim01,Kodak,kodim01,0.25,0.0,2026,hqs_round1,0.14663391689733984,0.005195456399917586
kodim01,Kodak,kodim01,0.25,0.0,2026,hqs_finetuned,0.15998876976037124,0.003699817812204409
kodim01,Kodak,kodim01,0.5,0.0,2026,hqs_round1,0.174938084954384,0.002162293907165602
kodim01,Kodak,kodim01,0.5,0.0,2026,hqs_finetuned,0.1971079403842424,0.00141515165328987
kodim01,Kodak,kodim01,0.1,0.01,2026,hqs_round1,0.2802594829815561,0.01518106979005407
kodim01,Kodak,kodim01,0.1,0.01,2026,hqs_finetuned,0.43262367949236236,0.018671980301987356
kodim01,Kodak,kodim01,0.1,0.01,2027,hqs_round1,0.3054063478378666,0.014843948021678655
kodim01,Kodak,kodim01,0.1,0.01,2027,hqs_finetuned,0.40641115150434715,0.016473957938270667
kodim01,Kodak,kodim01,0.1,0.01,2028,hqs_round1,0.2796694604590826,0.0144501711668521
kodim01,Kodak,kodim01,0.1,0.01,2028,hqs_finetuned,0.3815877932974594,0.015885272986825627
kodim01,Kodak,kodim01,0.1,0.05,2026,hqs_round1,0.12430245494835646,0.008488435679766537
kodim01,Kodak,kodim01,0.1,0.05,2026,hqs_finetuned,0.48860406596821093,0.026170698291823058
kodim01,Kodak,kodim01,0.1,0.05,2027,hqs_round1,0.10784414738293435,0.00768300015290857
kodim01,Kodak,kodim01,0.1,0.05,2027,hqs_finetuned,0.470246786671666,0.02531531707404311
kodim01,Kodak,kodim01,0.1,0.05,2028,hqs_round1,0.10847900657257625,0.0073965735888639195
kodim01,Kodak,kodim01,0.1,0.05,2028,hqs_finetuned,0.4668117137962646,0.02495470026625224
kodim02,Kodak,kodim02,0.01,0.0,2026,hqs_round1,0.028811739302955885,0.0014877103096462285
kodim02,Kodak,kodim02,0.01,0.0,2026,hqs_finetuned,-0.007121262032462994,0.0013576466779481322
kodim02,Kodak,kodim02,0.04,0.0,2026,hqs_round1,0.01770276042783081,0.0003091185384987982
kodim02,Kodak,kodim02,0.04,0.0,2026,hqs_finetuned,-0.07596563758444574,-0.0011728958672285739
kodim02,Kodak,kodim02,0.1,0.0,2026,hqs_round1,0.06563171573497328,0.0015705559152364712
kodim02,Kodak,kodim02,0.1,0.0,2026,hqs_finetuned,0.08915060165865185,0.0010380145113467742
kodim02,Kodak,kodim02,0.25,0.0,2026,hqs_round1,0.1826304504300751,0.0028929225687980287
kodim02,Kodak,kodim02,0.25,0.0,2026,hqs_finetuned,0.12553805249751804,0.0009036310467720465
kodim02,Kodak,kodim02,0.5,0.0,2026,hqs_round1,0.1194069704041425,0.0010655239620208645
kodim02,Kodak,kodim02,0.5,0.0,2026,hqs_finetuned,-0.0024303199389166252,-0.00048156548595434945
kodim02,Kodak,kodim02,0.1,0.01,2026,hqs_round1,0.019439669770314083,0.0008447480052710121
kodim02,Kodak,kodim02,0.1,0.01,2026,hqs_finetuned,0.0850712318987803,0.0011710672918558984
kodim02,Kodak,kodim02,0.1,0.01,2027,hqs_round1,0.052735392631461764,0.0018747775024174906
kodim02,Kodak,kodim02,0.1,0.01,2027,hqs_finetuned,0.09620571756227037,0.001419925225019436
kodim02,Kodak,kodim02,0.1,0.01,2028,hqs_round1,0.03627261664592396,0.0012957735123634295
kodim02,Kodak,kodim02,0.1,0.01,2028,hqs_finetuned,0.09383603323119871,0.001120396389961309
kodim02,Kodak,kodim02,0.1,0.05,2026,hqs_round1,0.0052839372659896355,0.0023531396880149824
kodim02,Kodak,kodim02,0.1,0.05,2026,hqs_finetuned,0.9217572634123918,0.06167964498949052
kodim02,Kodak,kodim02,0.1,0.05,2027,hqs_round1,-0.003115078777547353,0.0021745470581053805
kodim02,Kodak,kodim02,0.1,0.05,2027,hqs_finetuned,0.8969559731913321,0.06562741698956487
kodim02,Kodak,kodim02,0.1,0.05,2028,hqs_round1,-0.004050866503558126,0.0015174730707406825
kodim02,Kodak,kodim02,0.1,0.05,2028,hqs_finetuned,0.8741045435011223,0.06464444992852214
kodim03,Kodak,kodim03,0.01,0.0,2026,hqs_round1,0.050635264226627896,0.0006771048567844051
kodim03,Kodak,kodim03,0.01,0.0,2026,hqs_finetuned,0.14350389103332972,0.0030278425941737686
kodim03,Kodak,kodim03,0.04,0.0,2026,hqs_round1,0.32328914925538044,0.002843229792952484
kodim03,Kodak,kodim03,0.04,0.0,2026,hqs_finetuned,0.4531871864403314,0.0034710483231544798
kodim03,Kodak,kodim03,0.1,0.0,2026,hqs_round1,0.2216179109070069,0.0013891172542571661
kodim03,Kodak,kodim03,0.1,0.0,2026,hqs_finetuned,0.241529338504904,0.0007379126424789106
kodim03,Kodak,kodim03,0.25,0.0,2026,hqs_round1,0.2178966054404441,0.0013921800584792976
kodim03,Kodak,kodim03,0.25,0.0,2026,hqs_finetuned,0.2367566002766779,0.0009641542806625436
kodim03,Kodak,kodim03,0.5,0.0,2026,hqs_round1,0.21727791086498627,0.00038025208187109083
kodim03,Kodak,kodim03,0.5,0.0,2026,hqs_finetuned,0.225155139628896,0.00018383462619786517
kodim03,Kodak,kodim03,0.1,0.01,2026,hqs_round1,0.15445854635756717,0.001762171481609287
kodim03,Kodak,kodim03,0.1,0.01,2026,hqs_finetuned,0.19653950837106748,0.002298688522815673
kodim03,Kodak,kodim03,0.1,0.01,2027,hqs_round1,0.2117767194380633,0.002294854756355269
kodim03,Kodak,kodim03,0.1,0.01,2027,hqs_finetuned,0.3317664994491025,0.0028469250979423766
kodim03,Kodak,kodim03,0.1,0.01,2028,hqs_round1,0.17059230281465432,0.0017666435389518398
kodim03,Kodak,kodim03,0.1,0.01,2028,hqs_finetuned,0.27467954819631046,0.0025102353057860904
kodim03,Kodak,kodim03,0.1,0.05,2026,hqs_round1,0.03480801676569811,0.0046714633114338655
kodim03,Kodak,kodim03,0.1,0.05,2026,hqs_finetuned,1.9106615863478744,0.12984347432875643
kodim03,Kodak,kodim03,0.1,0.05,2027,hqs_round1,0.031719070649543823,0.004607366080045638
kodim03,Kodak,kodim03,0.1,0.05,2027,hqs_finetuned,1.8348359683906068,0.12503165355825419
kodim03,Kodak,kodim03,0.1,0.05,2028,hqs_round1,0.04006576772712478,0.004018816371321732
kodim03,Kodak,kodim03,0.1,0.05,2028,hqs_finetuned,1.8367610526324754,0.13388930824410916
kodim04,Kodak,kodim04,0.01,0.0,2026,hqs_round1,-0.00465047737871771,0.00029800195052154255
kodim04,Kodak,kodim04,0.01,0.0,2026,hqs_finetuned,-0.015427192414904312,0.0002743796453755776
kodim04,Kodak,kodim04,0.04,0.0,2026,hqs_round1,0.06771213935866172,0.0008253081189989464
kodim04,Kodak,kodim04,0.04,0.0,2026,hqs_finetuned,0.02038100815303423,-0.00031086310911188075
kodim04,Kodak,kodim04,0.1,0.0,2026,hqs_round1,0.06180433756771464,0.0005020045723914679
kodim04,Kodak,kodim04,0.1,0.0,2026,hqs_finetuned,0.06403015669549461,-0.00012406519508367797
kodim04,Kodak,kodim04,0.25,0.0,2026,hqs_round1,0.060966357056976506,0.0005251792201995675
kodim04,Kodak,kodim04,0.25,0.0,2026,hqs_finetuned,0.021733630939664295,-9.885435295098333e-05
kodim04,Kodak,kodim04,0.5,0.0,2026,hqs_round1,0.05942604681386143,0.00022405935859681758
kodim04,Kodak,kodim04,0.5,0.0,2026,hqs_finetuned,0.0514886713188929,-0.0001404604492187822
kodim04,Kodak,kodim04,0.1,0.01,2026,hqs_round1,0.024299866311395135,0.0005152363710404506
kodim04,Kodak,kodim04,0.1,0.01,2026,hqs_finetuned,0.07885873920767494,0.0004975790996551988
kodim04,Kodak,kodim04,0.1,0.01,2027,hqs_round1,0.009128160643022909,0.00035551691770552285
kodim04,Kodak,kodim04,0.1,0.01,2027,hqs_finetuned,0.029736145573444617,0.0001558407459258948
kodim04,Kodak,kodim04,0.1,0.01,2028,hqs_round1,0.022286840107597072,0.0001779871587753723
kodim04,Kodak,kodim04,0.1,0.01,2028,hqs_finetuned,0.07372434801154526,2.7477328777392174e-05
kodim04,Kodak,kodim04,0.1,0.05,2026,hqs_round1,-0.027317858919367666,0.0015193764764666051
kodim04,Kodak,kodim04,0.1,0.05,2026,hqs_finetuned,1.176988661124632,0.06101614438462255
kodim04,Kodak,kodim04,0.1,0.05,2027,hqs_round1,-0.03311903258237692,0.0018434182776212449
kodim04,Kodak,kodim04,0.1,0.05,2027,hqs_finetuned,1.147236896228744,0.06431066053777923
kodim04,Kodak,kodim04,0.1,0.05,2028,hqs_round1,-0.010948683662586944,0.001080137867152664
kodim04,Kodak,kodim04,0.1,0.05,2028,hqs_finetuned,1.2483861674419394,0.06552159244632716
kodim05,Kodak,kodim05,0.01,0.0,2026,hqs_round1,0.014480256697453342,0.0004646352503460127
kodim05,Kodak,kodim05,0.01,0.0,2026,hqs_finetuned,0.07754608028746901,0.0032200527852118133
kodim05,Kodak,kodim05,0.04,0.0,2026,hqs_round1,0.03884221481064287,0.001523082570052403
kodim05,Kodak,kodim05,0.04,0.0,2026,hqs_finetuned,0.08866930289277164,0.005684803904735913
kodim05,Kodak,kodim05,0.1,0.0,2026,hqs_round1,0.024037539268789487,0.00050888959932327
kodim05,Kodak,kodim05,0.1,0.0,2026,hqs_finetuned,0.03282495138466146,-0.0003428877516389317
kodim05,Kodak,kodim05,0.25,0.0,2026,hqs_round1,0.11809571876859337,0.0015518264446258145
kodim05,Kodak,kodim05,0.25,0.0,2026,hqs_finetuned,0.11684052678502965,-0.0007915675408840528
kodim05,Kodak,kodim05,0.5,0.0,2026,hqs_round1,0.14338162446121316,0.0008388762426376761
kodim05,Kodak,kodim05,0.5,0.0,2026,hqs_finetuned,0.1111005549859243,-9.357508373253332e-05
kodim05,Kodak,kodim05,0.1,0.01,2026,hqs_round1,0.02469344812379859,0.0005257499450445069
kodim05,Kodak,kodim05,0.1,0.01,2026,hqs_finetuned,0.032054589726968175,-0.0005460559327006287
kodim05,Kodak,kodim05,0.1,0.01,2027,hqs_round1,0.023689070592141093,0.0005795618751645026
kodim05,Kodak,kodim05,0.1,0.01,2027,hqs_finetuned,0.026838562060468973,-0.0006682786980346522
kodim05,Kodak,kodim05,0.1,0.01,2028,hqs_round1,0.022415158660287204,0.0004989800535440958
kodim05,Kodak,kodim05,0.1,0.01,2028,hqs_finetuned,0.03614631131876678,-8.645074778790285e-05
kodim05,Kodak,kodim05,0.1,0.05,2026,hqs_round1,0.02584599505403773,0.0008252751644923784
kodim05,Kodak,kodim05,0.1,0.05,2026,hqs_finetuned,0.08613661782059623,-0.00029144085448606916
kodim05,Kodak,kodim05,0.1,0.05,2027,hqs_round1,0.01423636235652026,0.0005336220800662428
kodim05,Kodak,kodim05,0.1,0.05,2027,hqs_finetuned,0.08011068240022823,0.0005326627747062052
kodim05,Kodak,kodim05,0.1,0.05,2028,hqs_round1,0.009759913803879527,0.00046513962750127646
kodim05,Kodak,kodim05,0.1,0.05,2028,hqs_finetuned,0.0997605446211125,0.001520535165339676
kodim06,Kodak,kodim06,0.01,0.0,2026,hqs_round1,0.07107055048705391,0.0011216933075525182
kodim06,Kodak,kodim06,0.01,0.0,2026,hqs_finetuned,-0.04956611614546702,0.00012711958119671074
kodim06,Kodak,kodim06,0.04,0.0,2026,hqs_round1,0.005083042106249991,0.0002897844923697157
kodim06,Kodak,kodim06,0.04,0.0,2026,hqs_finetuned,-0.0204583584132223,-0.0031148610280584688
kodim06,Kodak,kodim06,0.1,0.0,2026,hqs_round1,0.03988913791037518,0.002170822121050131
kodim06,Kodak,kodim06,0.1,0.0,2026,hqs_finetuned,0.05712962094303009,0.0006880543815492857
kodim06,Kodak,kodim06,0.25,0.0,2026,hqs_round1,0.07477026605562997,0.00205848937129971
kodim06,Kodak,kodim06,0.25,0.0,2026,hqs_finetuned,0.04903096157558906,-0.00030498076677332175
kodim06,Kodak,kodim06,0.5,0.0,2026,hqs_round1,0.13376921184186585,0.0013684484224320004
kodim06,Kodak,kodim06,0.5,0.0,2026,hqs_finetuned,0.12695272948041492,0.00036280142116551506
kodim06,Kodak,kodim06,0.1,0.01,2026,hqs_round1,0.005223325229597009,0.0014196216807366158
kodim06,Kodak,kodim06,0.1,0.01,2026,hqs_finetuned,0.04464704940244957,-0.0007427608802914598
kodim06,Kodak,kodim06,0.1,0.01,2027,hqs_round1,-0.008046526073748339,0.0010827818152792101
kodim06,Kodak,kodim06,0.1,0.01,2027,hqs_finetuned,0.06556746075030162,0.0008149898923821564
kodim06,Kodak,kodim06,0.1,0.01,2028,hqs_round1,-0.0074192298866933015,0.001425932476341707
kodim06,Kodak,kodim06,0.1,0.01,2028,hqs_finetuned,0.04741641561622956,-0.0011503276023044906
kodim06,Kodak,kodim06,0.1,0.05,2026,hqs_round1,-0.027812057252972977,0.003542655313396814
kodim06,Kodak,kodim06,0.1,0.05,2026,hqs_finetuned,0.9880002593137078,0.08502849641254173
kodim06,Kodak,kodim06,0.1,0.05,2027,hqs_round1,-0.03304788929145985,0.002908788283995656
kodim06,Kodak,kodim06,0.1,0.05,2027,hqs_finetuned,0.9348373852886489,0.08126381733555932
kodim06,Kodak,kodim06,0.1,0.05,2028,hqs_round1,-0.022632827798595656,0.003123505897531298
kodim06,Kodak,kodim06,0.1,0.05,2028,hqs_finetuned,0.9485257936076508,0.08530103573246484
kodim07,Kodak,kodim07,0.01,0.0,2026,hqs_round1,0.028510926041040108,0.00185337397383456
kodim07,Kodak,kodim07,0.01,0.0,2026,hqs_finetuned,0.0491570235188199,0.004792299383334031
kodim07,Kodak,kodim07,0.04,0.0,2026,hqs_round1,0.1937112668011025,0.008325203765341072
kodim07,Kodak,kodim07,0.04,0.0,2026,hqs_finetuned,0.2670309825013568,0.012328451725882483
kodim07,Kodak,kodim07,0.1,0.0,2026,hqs_round1,0.24404948846805752,0.0030799343838691096
kodim07,Kodak,kodim07,0.1,0.0,2026,hqs_finetuned,0.2016587378487813,0.002287951190233173
kodim07,Kodak,kodim07,0.25,0.0,2026,hqs_round1,0.17968767256413543,0.00045794185638436957
kodim07,Kodak,kodim07,0.25,0.0,2026,hqs_finetuned,0.23388277131490298,0.0006012980079651564
kodim07,Kodak,kodim07,0.5,0.0,2026,hqs_round1,0.23854756513475195,0.00016510440444950092
kodim07,Kodak,kodim07,0.5,0.0,2026,hqs_finetuned,0.23181171105363774,0.0001706758518218443
kodim07,Kodak,kodim07,0.1,0.01,2026,hqs_round1,0.12151590162607562,0.002418346184015263
kodim07,Kodak,kodim07,0.1,0.01,2026,hqs_finetuned,0.10352762218476386,0.002270784032344819
kodim07,Kodak,kodim07,0.1,0.01,2027,hqs_round1,0.10235550576419428,0.0020795529397725776
kodim07,Kodak,kodim07,0.1,0.01,2027,hqs_finetuned,0.05633724005747354,0.0014636508294343376
kodim07,Kodak,kodim07,0.1,0.01,2028,hqs_round1,0.1916356125783416,0.003156325325131437
kodim07,Kodak,kodim07,0.1,0.01,2028,hqs_finetuned,0.16820378948052905,0.0028556949414014765
kodim07,Kodak,kodim07,0.1,0.05,2026,hqs_round1,-0.033850962042880184,0.0025912088207863393
kodim07,Kodak,kodim07,0.1,0.05,2026,hqs_finetuned,0.7889100545159735,0.0615953373802155
kodim07,Kodak,kodim07,0.1,0.05,2027,hqs_round1,-0.1214386193493624,-0.00025668263270151037
kodim07,Kodak,kodim07,0.1,0.05,2027,hqs_finetuned,0.8989482550809136,0.06494571266876903
kodim07,Kodak,kodim07,0.1,0.05,2028,hqs_round1,-0.08527258427771045,0.002428358542978737
kodim07,Kodak,kodim07,0.1,0.05,2028,hqs_finetuned,0.904804745832724,0.06844109907110774
kodim08,Kodak,kodim08,0.01,0.0,2026,hqs_round1,-0.0071580657588299346,0.0008203985284114812
kodim08,Kodak,kodim08,0.01,0.0,2026,hqs_finetuned,-0.02211860116390696,0.0006915846873001841
kodim08,Kodak,kodim08,0.04,0.0,2026,hqs_round1,0.03602209030486847,0.0021697139131388044
kodim08,Kodak,kodim08,0.04,0.0,2026,hqs_finetuned,0.3960580029242493,0.02253534035942284
kodim08,Kodak,kodim08,0.1,0.0,2026,hqs_round1,0.1735145173750503,0.005937927368049545
kodim08,Kodak,kodim08,0.1,0.0,2026,hqs_finetuned,0.2879200065520138,0.009252749672337468
kodim08,Kodak,kodim08,0.25,0.0,2026,hqs_round1,0.1508013003882489,0.0027818227441310794
kodim08,Kodak,kodim08,0.25,0.0,2026,hqs_finetuned,0.14210284266764361,-0.0006957802534103275
kodim08,Kodak,kodim08,0.5,0.0,2026,hqs_round1,0.21998175032712197,0.0033486422448157915
kodim08,Kodak,kodim08,0.5,0.0,2026,hqs_finetuned,0.10823429412327812,-0.000268823926925732
kodim08,Kodak,kodim08,0.1,0.01,2026,hqs_round1,0.16025636265820253,0.0059690402534438025
kodim08,Kodak,kodim08,0.1,0.01,2026,hqs_finetuned,0.2705831483228174,0.009018374222916736
kodim08,Kodak,kodim08,0.1,0.01,2027,hqs_round1,0.17326459733440913,0.0064482295735462936
kodim08,Kodak,kodim08,0.1,0.01,2027,hqs_finetuned,0.29622130370144006,0.009709521744592386
kodim08,Kodak,kodim08,0.1,0.01,2028,hqs_round1,0.14189784658603344,0.0052983562838716525
kodim08,Kodak,kodim08,0.1,0.01,2028,hqs_finetuned,0.23791711768183177,0.008196625834657523
kodim08,Kodak,kodim08,0.1,0.05,2026,hqs_round1,-0.015221790118705059,0.002700705062440578
kodim08,Kodak,kodim08,0.1,0.05,2026,hqs_finetuned,0.33697491665748913,0.023154399813292592
kodim08,Kodak,kodim08,0.1,0.05,2027,hqs_round1,-0.03217895375948743,0.0034688095330637214
kodim08,Kodak,kodim08,0.1,0.05,2027,hqs_finetuned,0.4344921155521959,0.02966852770416628
kodim08,Kodak,kodim08,0.1,0.05,2028,hqs_round1,-0.002942204725936648,0.0030013469355003597
kodim08,Kodak,kodim08,0.1,0.05,2028,hqs_finetuned,0.25805434256143656,0.023576465167104432
kodim09,Kodak,kodim09,0.01,0.0,2026,hqs_round1,0.023240464901697067,0.0003506534440004261
kodim09,Kodak,kodim09,0.01,0.0,2026,hqs_finetuned,0.16153063881105467,0.006834479428756035
kodim09,Kodak,kodim09,0.04,0.0,2026,hqs_round1,0.07644049370750139,0.0009992642635628934
kodim09,Kodak,kodim09,0.04,0.0,2026,hqs_finetuned,0.24164272793803576,0.003553481356225907
kodim09,Kodak,kodim09,0.1,0.0,2026,hqs_round1,0.05358455632553216,0.0005654845290185007
kodim09,Kodak,kodim09,0.1,0.0,2026,hqs_finetuned,0.07864202915251894,0.000934011729717299
kodim09,Kodak,kodim09,0.25,0.0,2026,hqs_round1,0.03889174857828692,0.00037077921676631487
kodim09,Kodak,kodim09,0.25,0.0,2026,hqs_finetuned,0.01680316450007524,0.0002869091005325286
kodim09,Kodak,kodim09,0.5,0.0,2026,hqs_round1,0.03466358986896978,9.771278762815694e-05
kodim09,Kodak,kodim09,0.5,0.0,2026,hqs_finetuned,-0.011050684276419531,-0.0003531454887391039
kodim09,Kodak,kodim09,0.1,0.01,2026,hqs_round1,-0.028525925054616152,0.001027621804237322
kodim09,Kodak,kodim09,0.1,0.01,2026,hqs_finetuned,0.11058898133698136,0.005078383827209487
kodim09,Kodak,kodim09,0.1,0.01,2027,hqs_round1,-0.03770209427304394,0.0011384653544426193
kodim09,Kodak,kodim09,0.1,0.01,2027,hqs_finetuned,0.1200940581963934,0.005533439538717211
kodim09,Kodak,kodim09,0.1,0.01,2028,hqs_round1,-0.036913969623775245,0.0012181298227310622
kodim09,Kodak,kodim09,0.1,0.01,2028,hqs_finetuned,0.11828104825250563,0.00527949884986878
kodim09,Kodak,kodim09,0.1,0.05,2026,hqs_round1,0.003742781446028687,0.002727206536725202
kodim09,Kodak,kodim09,0.1,0.05,2026,hqs_finetuned,1.5349615461871693,0.1870549347839654
kodim09,Kodak,kodim09,0.1,0.05,2027,hqs_round1,-0.021679155667236216,0.002559801336182277
kodim09,Kodak,kodim09,0.1,0.05,2027,hqs_finetuned,1.5392326749369012,0.18656054805677003
kodim09,Kodak,kodim09,0.1,0.05,2028,hqs_round1,-0.0032395551402153444,0.00183762800943843
kodim09,Kodak,kodim09,0.1,0.05,2028,hqs_finetuned,1.49463916242021,0.18013813701529746
kodim10,Kodak,kodim10,0.01,0.0,2026,hqs_round1,0.022181201002467787,8.835511783000793e-05
kodim10,Kodak,kodim10,0.01,0.0,2026,hqs_finetuned,0.010888992674914277,0.002247354673153956
kodim10,Kodak,kodim10,0.04,0.0,2026,hqs_round1,0.11181157851945756,0.00231059649761578
kodim10,Kodak,kodim10,0.04,0.0,2026,hqs_finetuned,0.14539058103091307,0.002426528483947754
kodim10,Kodak,kodim10,0.1,0.0,2026,hqs_round1,0.23747139265226735,0.003280044561862927
kodim10,Kodak,kodim10,0.1,0.0,2026,hqs_finetuned,0.27566468978346137,0.0037459196209906898
kodim10,Kodak,kodim10,0.25,0.0,2026,hqs_round1,0.1725456946948043,0.0005411565093993431
kodim10,Kodak,kodim10,0.25,0.0,2026,hqs_finetuned,0.16262491872326024,6.408127403256803e-05
kodim10,Kodak,kodim10,0.5,0.0,2026,hqs_round1,0.049871584776148836,0.00011064399433136085
kodim10,Kodak,kodim10,0.5,0.0,2026,hqs_finetuned,-0.01994982306235471,-0.00044795347023007803
kodim10,Kodak,kodim10,0.1,0.01,2026,hqs_round1,0.11053155696517081,0.0027466699836253827
kodim10,Kodak,kodim10,0.1,0.01,2026,hqs_finetuned,0.17505636076894504,0.005666268172502487
kodim10,Kodak,kodim10,0.1,0.01,2027,hqs_round1,0.17768138685467605,0.004044041112959418
kodim10,Kodak,kodim10,0.1,0.01,2027,hqs_finetuned,0.2362666990834903,0.007108179989039898
kodim10,Kodak,kodim10,0.1,0.01,2028,hqs_round1,0.15098925054521573,0.0033409311215877313
kodim10,Kodak,kodim10,0.1,0.01,2028,hqs_finetuned,0.2229696473224898,0.006388389952421192
kodim10,Kodak,kodim10,0.1,0.05,2026,hqs_round1,-0.00462549169647275,0.002789242451390339
kodim10,Kodak,kodim10,0.1,0.05,2026,hqs_finetuned,1.4445953584924212,0.15236175115592787
kodim10,Kodak,kodim10,0.1,0.05,2027,hqs_round1,-0.009686731270328153,0.0023976955987586868
kodim10,Kodak,kodim10,0.1,0.05,2027,hqs_finetuned,1.3307890776334332,0.14131473745463785
kodim10,Kodak,kodim10,0.1,0.05,2028,hqs_round1,-0.01925828832371579,0.0021274284155639034
kodim10,Kodak,kodim10,0.1,0.05,2028,hqs_finetuned,1.2971296778787362,0.14677435841420017
kodim11,Kodak,kodim11,0.01,0.0,2026,hqs_round1,-0.025559337040906627,-0.003607529185990721
kodim11,Kodak,kodim11,0.01,0.0,2026,hqs_finetuned,-0.019055281671672475,-0.004118378492636743
kodim11,Kodak,kodim11,0.04,0.0,2026,hqs_round1,0.020161233076329665,-0.0013243908052288367
kodim11,Kodak,kodim11,0.04,0.0,2026,hqs_finetuned,0.025260216354503484,-0.002370840472713076
kodim11,Kodak,kodim11,0.1,0.0,2026,hqs_round1,0.039879427854913274,0.0009569850277900693
kodim11,Kodak,kodim11,0.1,0.0,2026,hqs_finetuned,0.07254675520561804,0.00047731489849089925
kodim11,Kodak,kodim11,0.25,0.0,2026,hqs_round1,0.032111021917963,0.0005167862586975547
kodim11,Kodak,kodim11,0.25,0.0,2026,hqs_finetuned,0.045013011592956786,-0.00048072485065453474
kodim11,Kodak,kodim11,0.5,0.0,2026,hqs_round1,0.0789379223728588,0.0007042684774398733
kodim11,Kodak,kodim11,0.5,0.0,2026,hqs_finetuned,0.07215283059598221,-0.00022071938991541362
kodim11,Kodak,kodim11,0.1,0.01,2026,hqs_round1,0.024790796226852763,0.0007455743339060961
kodim11,Kodak,kodim11,0.1,0.01,2026,hqs_finetuned,0.07490913958254097,0.00025070524036885367
kodim11,Kodak,kodim11,0.1,0.01,2027,hqs_round1,0.01926449429751642,0.0005194500023126825
kodim11,Kodak,kodim11,0.1,0.01,2027,hqs_finetuned,0.06849545192038775,0.00036166633069512066
kodim11,Kodak,kodim11,0.1,0.01,2028,hqs_round1,0.016252730539953575,0.00042687656974782495
kodim11,Kodak,kodim11,0.1,0.01,2028,hqs_finetuned,0.07636621240078512,0.00020183456349365247
kodim11,Kodak,kodim11,0.1,0.05,2026,hqs_round1,0.012390807008266336,0.0016106798957585822
kodim11,Kodak,kodim11,0.1,0.05,2026,hqs_finetuned,0.38288295522312765,0.03658363804543019
kodim11,Kodak,kodim11,0.1,0.05,2027,hqs_round1,0.00040049432987387945,0.0009650371757596865
kodim11,Kodak,kodim11,0.1,0.05,2027,hqs_finetuned,0.43537947060159965,0.03915234218131758
kodim11,Kodak,kodim11,0.1,0.05,2028,hqs_round1,-0.002493040224162968,0.001127081183098344
kodim11,Kodak,kodim11,0.1,0.05,2028,hqs_finetuned,0.4528297545687039,0.03904335308269413
kodim12,Kodak,kodim12,0.01,0.0,2026,hqs_round1,0.1610404394049354,0.0015736229618599218
kodim12,Kodak,kodim12,0.01,0.0,2026,hqs_finetuned,0.2695038528007032,0.0031282547589464027
kodim12,Kodak,kodim12,0.04,0.0,2026,hqs_round1,0.5818657660933368,0.004216426317244726
kodim12,Kodak,kodim12,0.04,0.0,2026,hqs_finetuned,1.0483925806688923,0.006727465833336166
kodim12,Kodak,kodim12,0.1,0.0,2026,hqs_round1,0.21033972738745632,0.001469621866226234
kodim12,Kodak,kodim12,0.1,0.0,2026,hqs_finetuned,0.3029193096416236,0.0012913609209060928
kodim12,Kodak,kodim12,0.25,0.0,2026,hqs_round1,0.04155489166762294,0.0011251911563873174
kodim12,Kodak,kodim12,0.25,0.0,2026,hqs_finetuned,0.02239347775762468,-0.00012851898860932742
kodim12,Kodak,kodim12,0.5,0.0,2026,hqs_round1,0.1587131833747435,0.0011384479990005358
kodim12,Kodak,kodim12,0.5,0.0,2026,hqs_finetuned,0.20664166411471285,0.0008956015834808984
kodim12,Kodak,kodim12,0.1,0.01,2026,hqs_round1,0.11599304690498258,0.0021094115412235714
kodim12,Kodak,kodim12,0.1,0.01,2026,hqs_finetuned,0.2943310006139157,0.005657317695379249
kodim12,Kodak,kodim12,0.1,0.01,2027,hqs_round1,0.1254620820932857,0.002763838322639489
kodim12,Kodak,kodim12,0.1,0.01,2027,hqs_finetuned,0.31088323469843004,0.006918596505641972
kodim12,Kodak,kodim12,0.1,0.01,2028,hqs_round1,0.1442152009827069,0.002636763129234332
kodim12,Kodak,kodim12,0.1,0.01,2028,hqs_finetuned,0.3120353416355357,0.006063357387542712
kodim12,Kodak,kodim12,0.1,0.05,2026,hqs_round1,0.068341565841056,0.0051692196021312364
kodim12,Kodak,kodim12,0.1,0.05,2026,hqs_finetuned,2.8668150118875637,0.21530890863895413
kodim12,Kodak,kodim12,0.1,0.05,2027,hqs_round1,0.03356422341376941,0.004141535848401823
kodim12,Kodak,kodim12,0.1,0.05,2027,hqs_finetuned,2.85309095869426,0.2190945592831821
kodim12,Kodak,kodim12,0.1,0.05,2028,hqs_round1,0.06373022989302868,0.004867927838520414
kodim12,Kodak,kodim12,0.1,0.05,2028,hqs_finetuned,2.87668557259828,0.21934976195830969
kodim13,Kodak,kodim13,0.01,0.0,2026,hqs_round1,0.006134623623061941,0.00019684853903761956
kodim13,Kodak,kodim13,0.01,0.0,2026,hqs_finetuned,-0.03543412586093808,-0.00692363198477014
kodim13,Kodak,kodim13,0.04,0.0,2026,hqs_round1,0.05550605236274819,0.0011795571897360024
kodim13,Kodak,kodim13,0.04,0.0,2026,hqs_finetuned,0.07157739815674091,-0.008014277859706154
kodim13,Kodak,kodim13,0.1,0.0,2026,hqs_round1,0.09353123988690726,0.002722485989287482
kodim13,Kodak,kodim13,0.1,0.0,2026,hqs_finetuned,0.12855985020924976,-0.0006114805189668671
kodim13,Kodak,kodim13,0.25,0.0,2026,hqs_round1,0.10702031634215103,0.002595284176111212
kodim13,Kodak,kodim13,0.25,0.0,2026,hqs_finetuned,0.10131831248372336,-0.0032289374334812937
kodim13,Kodak,kodim13,0.5,0.0,2026,hqs_round1,0.13210836252021352,0.0016533512153624752
kodim13,Kodak,kodim13,0.5,0.0,2026,hqs_finetuned,0.07962094559803745,-0.002063013844490036
kodim13,Kodak,kodim13,0.1,0.01,2026,hqs_round1,0.09519544185765128,0.0029394106232336625
kodim13,Kodak,kodim13,0.1,0.01,2026,hqs_finetuned,0.13316212680944162,-0.0001531876123100906
kodim13,Kodak,kodim13,0.1,0.01,2027,hqs_round1,0.09332881243941316,0.002823325571760571
kodim13,Kodak,kodim13,0.1,0.01,2027,hqs_finetuned,0.13074862141597166,-0.000551865167847887
kodim13,Kodak,kodim13,0.1,0.01,2028,hqs_round1,0.08916986962665518,0.0025910809102608345
kodim13,Kodak,kodim13,0.1,0.01,2028,hqs_finetuned,0.12507272198970654,-0.0009148378960285308
kodim13,Kodak,kodim13,0.1,0.05,2026,hqs_round1,0.04695739971589674,0.002381004302443923
kodim13,Kodak,kodim13,0.1,0.05,2026,hqs_finetuned,0.2182796276053658,0.0018178275172450187
kodim13,Kodak,kodim13,0.1,0.05,2027,hqs_round1,0.05565998049038967,0.002375068912502165
kodim13,Kodak,kodim13,0.1,0.05,2027,hqs_finetuned,0.24697804758161723,0.0017639198505625675
kodim13,Kodak,kodim13,0.1,0.05,2028,hqs_round1,0.04633846021297927,0.0020119235258312385
kodim13,Kodak,kodim13,0.1,0.05,2028,hqs_finetuned,0.20627465624091457,-0.0010142423739148976
kodim14,Kodak,kodim14,0.01,0.0,2026,hqs_round1,0.018458059810768646,0.001541412083064908
kodim14,Kodak,kodim14,0.01,0.0,2026,hqs_finetuned,-0.012221599592290744,-0.0011349611014312422
kodim14,Kodak,kodim14,0.04,0.0,2026,hqs_round1,0.014474667700458355,0.0007998725653020067
kodim14,Kodak,kodim14,0.04,0.0,2026,hqs_finetuned,0.016434612505722868,-0.0021746751815276966
kodim14,Kodak,kodim14,0.1,0.0,2026,hqs_round1,0.025934404094023478,0.00036827214670176467
kodim14,Kodak,kodim14,0.1,0.0,2026,hqs_finetuned,0.05412941603204402,-0.00027011562919621035
kodim14,Kodak,kodim14,0.25,0.0,2026,hqs_round1,0.08864914915457334,0.0006345708785057136
kodim14,Kodak,kodim14,0.25,0.0,2026,hqs_finetuned,0.11805436015873028,-0.0004332824668884516
kodim14,Kodak,kodim14,0.5,0.0,2026,hqs_round1,0.11574855360182568,0.0007868258581161802
kodim14,Kodak,kodim14,0.5,0.0,2026,hqs_finetuned,0.11564394549630208,5.0688160896261714e-05
kodim14,Kodak,kodim14,0.1,0.01,2026,hqs_round1,0.030197121582901332,0.0005447235102653547
kodim14,Kodak,kodim14,0.1,0.01,2026,hqs_finetuned,0.05953731533845996,-3.43975837230337e-05
kodim14,Kodak,kodim14,0.1,0.01,2027,hqs_round1,0.027766774618271484,0.0005342384562492253
kodim14,Kodak,kodim14,0.1,0.01,2027,hqs_finetuned,0.050210135131543154,-0.0002771259117125835
kodim14,Kodak,kodim14,0.1,0.01,2028,hqs_round1,0.02552295231257773,0.00040710837888713325
kodim14,Kodak,kodim14,0.1,0.01,2028,hqs_finetuned,0.049322388394429595,-0.00034300471711168345
kodim14,Kodak,kodim14,0.1,0.05,2026,hqs_round1,0.01622886658151046,0.001249361185327147
kodim14,Kodak,kodim14,0.1,0.05,2026,hqs_finetuned,0.2360466198836555,0.01102345551671835
kodim14,Kodak,kodim14,0.1,0.05,2027,hqs_round1,0.011083488155456678,0.0014582707735647515
kodim14,Kodak,kodim14,0.1,0.05,2027,hqs_finetuned,0.2084402411830233,0.009279411541522786
kodim14,Kodak,kodim14,0.1,0.05,2028,hqs_round1,0.01028432472982388,0.0008626024178358671
kodim14,Kodak,kodim14,0.1,0.05,2028,hqs_finetuned,0.22476298360572855,0.007134395523905712
kodim15,Kodak,kodim15,0.01,0.0,2026,hqs_round1,0.020480049156592628,0.0005586528985958017
kodim15,Kodak,kodim15,0.01,0.0,2026,hqs_finetuned,0.03520633180264099,0.0008426939761441155
kodim15,Kodak,kodim15,0.04,0.0,2026,hqs_round1,0.03609913122416586,0.000509975842833521
kodim15,Kodak,kodim15,0.04,0.0,2026,hqs_finetuned,-0.005506234702071566,-0.0005115251102447704
kodim15,Kodak,kodim15,0.1,0.0,2026,hqs_round1,0.048801692124214924,0.0010897649834156198
kodim15,Kodak,kodim15,0.1,0.0,2026,hqs_finetuned,0.05542436604128653,-0.0009988381226062604
kodim15,Kodak,kodim15,0.25,0.0,2026,hqs_round1,-0.015603286013678996,-0.00018534654712676346
kodim15,Kodak,kodim15,0.25,0.0,2026,hqs_finetuned,-0.039879522334494766,-0.0012529853477477593
kodim15,Kodak,kodim15,0.5,0.0,2026,hqs_round1,0.06237700225294418,0.0002185890808105162
kodim15,Kodak,kodim15,0.5,0.0,2026,hqs_finetuned,0.042589370014965766,-0.0005674275360108005
kodim15,Kodak,kodim15,0.1,0.01,2026,hqs_round1,0.017168023009709543,0.0008997784335612602
kodim15,Kodak,kodim15,0.1,0.01,2026,hqs_finetuned,0.007576659631631344,-0.0014053671154976577
kodim15,Kodak,kodim15,0.1,0.01,2027,hqs_round1,-0.0039305503726225766,0.0009526230266093672
kodim15,Kodak,kodim15,0.1,0.01,2027,hqs_finetuned,0.013195245590473803,-0.00023482745671277172
kodim15,Kodak,kodim15,0.1,0.01,2028,hqs_round1,0.051336044206742315,0.0013897419724464566
kodim15,Kodak,kodim15,0.1,0.01,2028,hqs_finetuned,0.08525319401140763,-0.00013422524166106786
kodim15,Kodak,kodim15,0.1,0.05,2026,hqs_round1,-0.043238324623210644,0.0015833006755262558
kodim15,Kodak,kodim15,0.1,0.05,2026,hqs_finetuned,1.1233946704260482,0.064665544401586
kodim15,Kodak,kodim15,0.1,0.05,2027,hqs_round1,-0.013010862406179768,0.0021333942540288087
kodim15,Kodak,kodim15,0.1,0.05,2027,hqs_finetuned,1.0709126451748538,0.07091624534022811
kodim15,Kodak,kodim15,0.1,0.05,2028,hqs_round1,-0.03294835547681174,0.0027233752785921217
kodim15,Kodak,kodim15,0.1,0.05,2028,hqs_finetuned,1.0061132843249112,0.06757818516433245
kodim16,Kodak,kodim16,0.01,0.0,2026,hqs_round1,0.022810911113719357,0.0008887060062922059
kodim16,Kodak,kodim16,0.01,0.0,2026,hqs_finetuned,-0.03943964180692916,-0.0024857875070404267
kodim16,Kodak,kodim16,0.04,0.0,2026,hqs_round1,-0.01797986629391346,0.00014348927893126362
kodim16,Kodak,kodim16,0.04,0.0,2026,hqs_finetuned,0.023795862165652437,-0.0004843458588830174
kodim16,Kodak,kodim16,0.1,0.0,2026,hqs_round1,0.12479770869245854,0.0032455421806574236
kodim16,Kodak,kodim16,0.1,0.0,2026,hqs_finetuned,0.0609427932272375,-0.0002488311578034974
kodim16,Kodak,kodim16,0.25,0.0,2026,hqs_round1,0.19141632500962658,0.002950957816123978
kodim16,Kodak,kodim16,0.25,0.0,2026,hqs_finetuned,0.14097364356072006,0.0011149874520302028
kodim16,Kodak,kodim16,0.5,0.0,2026,hqs_round1,0.10127846595466394,0.0004459576568602852
kodim16,Kodak,kodim16,0.5,0.0,2026,hqs_finetuned,0.07183592730316946,-7.810042190559141e-05
kodim16,Kodak,kodim16,0.1,0.01,2026,hqs_round1,0.10697870959180378,0.003656158958554312
kodim16,Kodak,kodim16,0.1,0.01,2026,hqs_finetuned,0.05821808689464447,-0.00024694782006740024
kodim16,Kodak,kodim16,0.1,0.01,2027,hqs_round1,0.10590423190779674,0.0032440690028071595
kodim16,Kodak,kodim16,0.1,0.01,2027,hqs_finetuned,0.05780810262979941,-8.952589410538003e-05
kodim16,Kodak,kodim16,0.1,0.01,2028,hqs_round1,0.08716913931149506,0.0030428173627853328
kodim16,Kodak,kodim16,0.1,0.01,2028,hqs_finetuned,0.03231971681240964,-0.0006322767267227247
kodim16,Kodak,kodim16,0.1,0.05,2026,hqs_round1,0.06015211777064522,0.004500156415778722
kodim16,Kodak,kodim16,0.1,0.05,2026,hqs_finetuned,1.1192181878818026,0.08208386507557197
kodim16,Kodak,kodim16,0.1,0.05,2027,hqs_round1,0.07847909126747155,0.0044562960992604594
kodim16,Kodak,kodim16,0.1,0.05,2027,hqs_finetuned,1.0438909710062987,0.07770442408131806
kodim16,Kodak,kodim16,0.1,0.05,2028,hqs_round1,0.09295235964396298,0.006484283501535626
kodim16,Kodak,kodim16,0.1,0.05,2028,hqs_finetuned,1.1649172885821137,0.08369947869440908
kodim17,Kodak,kodim17,0.01,0.0,2026,hqs_round1,-0.002673233892590332,0.00024982135249096427
kodim17,Kodak,kodim17,0.01,0.0,2026,hqs_finetuned,0.06383972213507505,0.004209632687891873
kodim17,Kodak,kodim17,0.04,0.0,2026,hqs_round1,0.007562595975269204,0.000205186914581601
kodim17,Kodak,kodim17,0.04,0.0,2026,hqs_finetuned,-0.03248338217978741,-0.0011048727093861954
kodim17,Kodak,kodim17,0.1,0.0,2026,hqs_round1,0.04658350418327828,0.0004594492654800275
kodim17,Kodak,kodim17,0.1,0.0,2026,hqs_finetuned,0.09042210890195079,0.001521371715307196
kodim17,Kodak,kodim17,0.25,0.0,2026,hqs_round1,0.1758166599628268,0.0009487191114425642
kodim17,Kodak,kodim17,0.25,0.0,2026,hqs_finetuned,0.18354843332945592,0.0008312871589660764
kodim17,Kodak,kodim17,0.5,0.0,2026,hqs_round1,0.17667160452175779,0.000443191318512004
kodim17,Kodak,kodim17,0.5,0.0,2026,hqs_finetuned,0.22041032476791145,0.0004000608634948666
kodim17,Kodak,kodim17,0.1,0.01,2026,hqs_round1,0.035164544912934304,0.0004486464817523572
kodim17,Kodak,kodim17,0.1,0.01,2026,hqs_finetuned,0.07972714758835409,0.0015734868254662082
kodim17,Kodak,kodim17,0.1,0.01,2027,hqs_round1,0.03430635737862886,0.00034879295647149977
kodim17,Kodak,kodim17,0.1,0.01,2027,hqs_finetuned,0.06709817548436803,0.0011470404006242996
kodim17,Kodak,kodim17,0.1,0.01,2028,hqs_round1,0.035608070836186556,0.0004834186875820601
kodim17,Kodak,kodim17,0.1,0.01,2028,hqs_finetuned,0.0770058743571056,0.001626905179023752
kodim17,Kodak,kodim17,0.1,0.05,2026,hqs_round1,0.011914999888027467,0.0018764670761823865
kodim17,Kodak,kodim17,0.1,0.05,2026,hqs_finetuned,0.43324604705309255,0.02479222155594829
kodim17,Kodak,kodim17,0.1,0.05,2027,hqs_round1,0.011488823675570359,0.0016780461183338868
kodim17,Kodak,kodim17,0.1,0.05,2027,hqs_finetuned,0.42510825565462795,0.025999362028524264
kodim17,Kodak,kodim17,0.1,0.05,2028,hqs_round1,-0.004908941357758323,0.0013940978191793185
kodim17,Kodak,kodim17,0.1,0.05,2028,hqs_finetuned,0.4299450672530618,0.025876813562542234
kodim18,Kodak,kodim18,0.01,0.0,2026,hqs_round1,-0.0017632280018844426,-0.0002882676033987841
kodim18,Kodak,kodim18,0.01,0.0,2026,hqs_finetuned,0.053442626804450555,-0.0008401802047323659
kodim18,Kodak,kodim18,0.04,0.0,2026,hqs_round1,0.02665032840475945,0.0010649066183322509
kodim18,Kodak,kodim18,0.04,0.0,2026,hqs_finetuned,0.08502098588897411,0.0020614343058389384
kodim18,Kodak,kodim18,0.1,0.0,2026,hqs_round1,0.05508004875240147,4.653960749501085e-05
kodim18,Kodak,kodim18,0.1,0.0,2026,hqs_finetuned,0.09343988848725715,0.0008604251964091647
kodim18,Kodak,kodim18,0.25,0.0,2026,hqs_round1,0.07713165850238823,0.0010632360844612387
kodim18,Kodak,kodim18,0.25,0.0,2026,hqs_finetuned,0.09529040949411893,0.0012567970590591226
kodim18,Kodak,kodim18,0.5,0.0,2026,hqs_round1,0.06664636052087758,0.00038365228080750047
kodim18,Kodak,kodim18,0.5,0.0,2026,hqs_finetuned,0.06365277485043208,0.00014824314022054974
kodim18,Kodak,kodim18,0.1,0.01,2026,hqs_round1,0.051858374310249644,9.134085741635545e-05
kodim18,Kodak,kodim18,0.1,0.01,2026,hqs_finetuned,0.09696229679384416,0.0010499444184303153
kodim18,Kodak,kodim18,0.1,0.01,2027,hqs_round1,0.04630890522161479,-7.572001896793967e-05
kodim18,Kodak,kodim18,0.1,0.01,2027,hqs_finetuned,0.08242114958591884,0.0006913091328740739
kodim18,Kodak,kodim18,0.1,0.01,2028,hqs_round1,0.04047459850450963,-5.149120330805168e-05
kodim18,Kodak,kodim18,0.1,0.01,2028,hqs_finetuned,0.07191168673584514,0.0005828967276811925
kodim18,Kodak,kodim18,0.1,0.05,2026,hqs_round1,0.007647227265913159,0.0007793901664018277
kodim18,Kodak,kodim18,0.1,0.05,2026,hqs_finetuned,0.15641845251866826,0.007284279371380764
kodim18,Kodak,kodim18,0.1,0.05,2027,hqs_round1,-0.003999213735035312,3.5546277057374454e-05
kodim18,Kodak,kodim18,0.1,0.05,2027,hqs_finetuned,0.14151404681337,0.006353949928641245
kodim18,Kodak,kodim18,0.1,0.05,2028,hqs_round1,-0.007272978057848434,0.0006214852725714426
kodim18,Kodak,kodim18,0.1,0.05,2028,hqs_finetuned,0.11050290726664969,0.004934013489633848
kodim19,Kodak,kodim19,0.01,0.0,2026,hqs_round1,0.012849385981237305,-4.442155872275144e-05
kodim19,Kodak,kodim19,0.01,0.0,2026,hqs_finetuned,0.11884715428426063,0.004024066328136566
kodim19,Kodak,kodim19,0.04,0.0,2026,hqs_round1,0.08807646205765707,0.0021384731596403306
kodim19,Kodak,kodim19,0.04,0.0,2026,hqs_finetuned,0.24563653875048885,0.005749038829072628
kodim19,Kodak,kodim19,0.1,0.0,2026,hqs_round1,0.4928712597372922,0.01404450517687894
kodim19,Kodak,kodim19,0.1,0.0,2026,hqs_finetuned,0.9846681506321175,0.022431523044478596
kodim19,Kodak,kodim19,0.25,0.0,2026,hqs_round1,0.7161412255983741,0.008830894378408782
kodim19,Kodak,kodim19,0.25,0.0,2026,hqs_finetuned,1.6381432506061877,0.01578251186932622
kodim19,Kodak,kodim19,0.5,0.0,2026,hqs_round1,0.5407994334809203,0.0016476489191055155
kodim19,Kodak,kodim19,0.5,0.0,2026,hqs_finetuned,1.953294328015268,0.0039271305236816545
kodim19,Kodak,kodim19,0.1,0.01,2026,hqs_round1,0.4693448161112421,0.014379977010407274
kodim19,Kodak,kodim19,0.1,0.01,2026,hqs_finetuned,0.922926010113045,0.023066840999178106
kodim19,Kodak,kodim19,0.1,0.01,2027,hqs_round1,0.40371221672524626,0.012249746697087893
kodim19,Kodak,kodim19,0.1,0.01,2027,hqs_finetuned,0.7372714872268133,0.018330923292664614
kodim19,Kodak,kodim19,0.1,0.01,2028,hqs_round1,0.42889465908011104,0.012642155816028122
kodim19,Kodak,kodim19,0.1,0.01,2028,hqs_finetuned,0.860461507395307,0.02217167275400178
kodim19,Kodak,kodim19,0.1,0.05,2026,hqs_round1,0.10638932564312142,0.005949281605881707
kodim19,Kodak,kodim19,0.1,0.05,2026,hqs_finetuned,1.177533260488758,0.10156303603729744
kodim19,Kodak,kodim19,0.1,0.05,2027,hqs_round1,0.1710992071846107,0.0068483537471312195
kodim19,Kodak,kodim19,0.1,0.05,2027,hqs_finetuned,1.0113169418308416,0.09418905812005562
kodim19,Kodak,kodim19,0.1,0.05,2028,hqs_round1,0.11954760108285001,0.005317803132090959
kodim19,Kodak,kodim19,0.1,0.05,2028,hqs_finetuned,1.0797933157336566,0.09825714082805725
kodim20,Kodak,kodim20,0.01,0.0,2026,hqs_round1,0.020662134891221484,0.0008955990985028972
kodim20,Kodak,kodim20,0.01,0.0,2026,hqs_finetuned,-0.0439426285907345,-4.5195755793314696e-05
kodim20,Kodak,kodim20,0.04,0.0,2026,hqs_round1,0.18569452253628072,0.0021838031870350383
kodim20,Kodak,kodim20,0.04,0.0,2026,hqs_finetuned,0.1966585315806526,0.0017965891323015182
kodim20,Kodak,kodim20,0.1,0.0,2026,hqs_round1,0.2140451470039011,0.0012418127825259972
kodim20,Kodak,kodim20,0.1,0.0,2026,hqs_finetuned,0.3238924161429608,0.0017606802301407543
kodim20,Kodak,kodim20,0.25,0.0,2026,hqs_round1,0.20275146110425624,0.0007410992727280297
kodim20,Kodak,kodim20,0.25,0.0,2026,hqs_finetuned,0.24700623701735225,0.0005444387893677183
kodim20,Kodak,kodim20,0.5,0.0,2026,hqs_round1,0.096257230128316,0.0002733746328353881
kodim20,Kodak,kodim20,0.5,0.0,2026,hqs_finetuned,0.19144787354941428,0.00027328042411800535
kodim20,Kodak,kodim20,0.1,0.01,2026,hqs_round1,-0.05516924585909422,0.0007840675274134457
kodim20,Kodak,kodim20,0.1,0.01,2026,hqs_finetuned,0.33768293685794504,0.008109564241290168
kodim20,Kodak,kodim20,0.1,0.01,2027,hqs_round1,-0.025408326151769245,0.0010268111460208784
kodim20,Kodak,kodim20,0.1,0.01,2027,hqs_finetuned,0.3098911687656063,0.00870945395922662
kodim20,Kodak,kodim20,0.1,0.01,2028,hqs_round1,-0.060142569682795965,0.0006264066088199627
kodim20,Kodak,kodim20,0.1,0.01,2028,hqs_finetuned,0.3361818292596226,0.007610031551837926
kodim20,Kodak,kodim20,0.1,0.05,2026,hqs_round1,-0.24772521690585236,-0.001455231127162171
kodim20,Kodak,kodim20,0.1,0.05,2026,hqs_finetuned,4.10839286631256,0.2589181843503121
kodim20,Kodak,kodim20,0.1,0.05,2027,hqs_round1,-0.3284782221379956,-0.000816161573740759
kodim20,Kodak,kodim20,0.1,0.05,2027,hqs_finetuned,4.22156127168185,0.2552424116630655
kodim20,Kodak,kodim20,0.1,0.05,2028,hqs_round1,-0.2566673573284852,-0.001711542030239821
kodim20,Kodak,kodim20,0.1,0.05,2028,hqs_finetuned,4.190607714178956,0.2539934640864816
kodim21,Kodak,kodim21,0.01,0.0,2026,hqs_round1,0.013119007130182325,0.000504955036667698
kodim21,Kodak,kodim21,0.01,0.0,2026,hqs_finetuned,-0.008142253570650126,-0.00236307382904577
kodim21,Kodak,kodim21,0.04,0.0,2026,hqs_round1,0.027338971560315173,0.0012601632030038168
kodim21,Kodak,kodim21,0.04,0.0,2026,hqs_finetuned,0.030154898841662003,3.229908256785485e-05
kodim21,Kodak,kodim21,0.1,0.0,2026,hqs_round1,0.05825110308864012,0.0012206790876388984
kodim21,Kodak,kodim21,0.1,0.0,2026,hqs_finetuned,0.051664061297696406,-0.0005666789193152777
kodim21,Kodak,kodim21,0.25,0.0,2026,hqs_round1,0.13881540879494025,0.001346180417060916
kodim21,Kodak,kodim21,0.25,0.0,2026,hqs_finetuned,0.11926402723828033,0.000502341487407687
kodim21,Kodak,kodim21,0.5,0.0,2026,hqs_round1,0.0773567843342633,0.00032246818065650995
kodim21,Kodak,kodim21,0.5,0.0,2026,hqs_finetuned,0.12522786866502145,0.00015418422698976197
kodim21,Kodak,kodim21,0.1,0.01,2026,hqs_round1,0.035149654133199704,0.0016847763895988521
kodim21,Kodak,kodim21,0.1,0.01,2026,hqs_finetuned,0.07176989213426666,0.0003174811933041033
kodim21,Kodak,kodim21,0.1,0.01,2027,hqs_round1,0.03835927653168625,0.002259237651944246
kodim21,Kodak,kodim21,0.1,0.01,2027,hqs_finetuned,0.06525024543270064,0.000638222923040388
kodim21,Kodak,kodim21,0.1,0.01,2028,hqs_round1,0.04689166655897736,0.001976024249792152
kodim21,Kodak,kodim21,0.1,0.01,2028,hqs_finetuned,0.08009048157626708,0.0004998136858940239
kodim21,Kodak,kodim21,0.1,0.05,2026,hqs_round1,0.0028881996102469998,0.0077495631359255635
kodim21,Kodak,kodim21,0.1,0.05,2026,hqs_finetuned,0.47175750102444525,0.08473223554855702
kodim21,Kodak,kodim21,0.1,0.05,2027,hqs_round1,-0.016252759010679796,0.00960171584154379
kodim21,Kodak,kodim21,0.1,0.05,2027,hqs_finetuned,0.561070184169548,0.0924710547791533
kodim21,Kodak,kodim21,0.1,0.05,2028,hqs_round1,-0.0041311853741774485,0.008680486098456175
kodim21,Kodak,kodim21,0.1,0.05,2028,hqs_finetuned,0.5276649744654591,0.08505164432005863
kodim22,Kodak,kodim22,0.01,0.0,2026,hqs_round1,0.012030568781540296,-0.0005602672370395023
kodim22,Kodak,kodim22,0.01,0.0,2026,hqs_finetuned,0.03686597435239136,0.0009181274560297048
kodim22,Kodak,kodim22,0.04,0.0,2026,hqs_round1,0.005690118821860324,-8.720345450008438e-05
kodim22,Kodak,kodim22,0.04,0.0,2026,hqs_finetuned,0.10431695821971942,0.0013617561987872007
kodim22,Kodak,kodim22,0.1,0.0,2026,hqs_round1,0.11843794337848834,0.0015521430638246736
kodim22,Kodak,kodim22,0.1,0.0,2026,hqs_finetuned,0.13695662955071342,0.0007448717391602688
kodim22,Kodak,kodim22,0.25,0.0,2026,hqs_round1,0.03874523727483137,0.00010464647006980243
kodim22,Kodak,kodim22,0.25,0.0,2026,hqs_finetuned,-0.002264864292548907,-0.0011395221624375118
kodim22,Kodak,kodim22,0.5,0.0,2026,hqs_round1,0.11528582374387497,0.00035062310409550435
kodim22,Kodak,kodim22,0.5,0.0,2026,hqs_finetuned,0.08803905931090839,-0.00019660854148861873
kodim22,Kodak,kodim22,0.1,0.01,2026,hqs_round1,0.050957941703327236,0.001121983476854771
kodim22,Kodak,kodim22,0.1,0.01,2026,hqs_finetuned,0.10002360319301573,0.0008503092825710157
kodim22,Kodak,kodim22,0.1,0.01,2027,hqs_round1,0.09883705422419453,0.0017194210913106245
kodim22,Kodak,kodim22,0.1,0.01,2027,hqs_finetuned,0.12135234917371562,0.0011883922160714766
kodim22,Kodak,kodim22,0.1,0.01,2028,hqs_round1,0.057006133527771397,0.0012539498693682205
kodim22,Kodak,kodim22,0.1,0.01,2028,hqs_finetuned,0.09634142633887421,0.0008013598185814264
kodim22,Kodak,kodim22,0.1,0.05,2026,hqs_round1,0.011172936022376234,0.0018166870710877303
kodim22,Kodak,kodim22,0.1,0.05,2026,hqs_finetuned,0.8074978226532643,0.0756910129398145
kodim22,Kodak,kodim22,0.1,0.05,2027,hqs_round1,0.017790072883947516,0.0021020050375909483
kodim22,Kodak,kodim22,0.1,0.05,2027,hqs_finetuned,0.8369871307758352,0.0743878854249791
kodim22,Kodak,kodim22,0.1,0.05,2028,hqs_round1,0.00927844822316004,0.0016139488128203983
kodim22,Kodak,kodim22,0.1,0.05,2028,hqs_finetuned,0.822884199299196,0.0758518707630168
kodim23,Kodak,kodim23,0.01,0.0,2026,hqs_round1,0.005061050358673214,0.0001302324676256683
kodim23,Kodak,kodim23,0.01,0.0,2026,hqs_finetuned,0.015827692607622623,-0.001054623003060029
kodim23,Kodak,kodim23,0.04,0.0,2026,hqs_round1,0.07859875816927797,0.0004592585821077133
kodim23,Kodak,kodim23,0.04,0.0,2026,hqs_finetuned,0.046570003332000454,0.00081287085729842
kodim23,Kodak,kodim23,0.1,0.0,2026,hqs_round1,0.1633630953001699,0.0010671686005592207
kodim23,Kodak,kodim23,0.1,0.0,2026,hqs_finetuned,0.18933680265267583,0.0008806669664382927
kodim23,Kodak,kodim23,0.25,0.0,2026,hqs_round1,0.26443484912871895,0.0008479113874435562
kodim23,Kodak,kodim23,0.25,0.0,2026,hqs_finetuned,0.33784960219186644,0.0008550610980988527
kodim23,Kodak,kodim23,0.5,0.0,2026,hqs_round1,-0.0703183105048808,0.00010963054656976112
kodim23,Kodak,kodim23,0.5,0.0,2026,hqs_finetuned,0.19167564547353066,4.0674935340878626e-05
kodim23,Kodak,kodim23,0.1,0.01,2026,hqs_round1,0.06503831091895051,0.0014684895420075117
kodim23,Kodak,kodim23,0.1,0.01,2026,hqs_finetuned,0.11262485925939814,0.0033245668263436334
kodim23,Kodak,kodim23,0.1,0.01,2027,hqs_round1,0.046040084310327245,0.0011292341194152344
kodim23,Kodak,kodim23,0.1,0.01,2027,hqs_finetuned,0.09621071933284497,0.0028886598830222265
kodim23,Kodak,kodim23,0.1,0.01,2028,hqs_round1,0.1080067006168548,0.001548888211250321
kodim23,Kodak,kodim23,0.1,0.01,2028,hqs_finetuned,0.13893807099847777,0.0032443805575370632
kodim23,Kodak,kodim23,0.1,0.05,2026,hqs_round1,0.044132494714506976,0.0035499636794329437
kodim23,Kodak,kodim23,0.1,0.05,2026,hqs_finetuned,1.4244863220880255,0.13463582667482643
kodim23,Kodak,kodim23,0.1,0.05,2027,hqs_round1,0.016325665324895766,0.003715503166401679
kodim23,Kodak,kodim23,0.1,0.05,2027,hqs_finetuned,1.48207358911759,0.13389090288639993
kodim23,Kodak,kodim23,0.1,0.05,2028,hqs_round1,0.03326063160746173,0.002823814535187541
kodim23,Kodak,kodim23,0.1,0.05,2028,hqs_finetuned,1.443259272526575,0.13470950688316297
kodim24,Kodak,kodim24,0.01,0.0,2026,hqs_round1,0.04286877017165125,0.0003378362427458592
kodim24,Kodak,kodim24,0.01,0.0,2026,hqs_finetuned,0.07563755272695971,-0.0029664418104948242
kodim24,Kodak,kodim24,0.04,0.0,2026,hqs_round1,0.023033355349369344,0.0008041816662420764
kodim24,Kodak,kodim24,0.04,0.0,2026,hqs_finetuned,0.07040463770957928,0.002661777533899734
kodim24,Kodak,kodim24,0.1,0.0,2026,hqs_round1,0.13226226684180986,0.0033264083092450214
kodim24,Kodak,kodim24,0.1,0.0,2026,hqs_finetuned,0.2617337196523799,0.005498639357671142
kodim24,Kodak,kodim24,0.25,0.0,2026,hqs_round1,0.09720216576580043,0.0013931139488220223
kodim24,Kodak,kodim24,0.25,0.0,2026,hqs_finetuned,0.1610122506954461,0.0013469849915505039
kodim24,Kodak,kodim24,0.5,0.0,2026,hqs_round1,0.20535458963913555,0.000844366516113304
kodim24,Kodak,kodim24,0.5,0.0,2026,hqs_finetuned,0.2180560787959891,0.0008184619817733774
kodim24,Kodak,kodim24,0.1,0.01,2026,hqs_round1,0.19322558595315797,0.005447410195678404
kodim24,Kodak,kodim24,0.1,0.01,2026,hqs_finetuned,0.32347336626174794,0.007874053337544207
kodim24,Kodak,kodim24,0.1,0.01,2027,hqs_round1,0.12767239249193096,0.0034482764387586684
kodim24,Kodak,kodim24,0.1,0.01,2027,hqs_finetuned,0.24642276989875356,0.0060171748842599015
kodim24,Kodak,kodim24,0.1,0.01,2028,hqs_round1,0.1387630466149652,0.003817356008835149
kodim24,Kodak,kodim24,0.1,0.01,2028,hqs_finetuned,0.2426262433804709,0.005526139158576804
kodim24,Kodak,kodim24,0.1,0.05,2026,hqs_round1,-0.011018095681276208,0.0010492537208917074
kodim24,Kodak,kodim24,0.1,0.05,2026,hqs_finetuned,0.3951952697687062,0.03404319437976655
kodim24,Kodak,kodim24,0.1,0.05,2027,hqs_round1,0.011772880349319337,0.002232730788310655
kodim24,Kodak,kodim24,0.1,0.05,2027,hqs_finetuned,0.42815267019255643,0.035787328202250945
kodim24,Kodak,kodim24,0.1,0.05,2028,hqs_round1,0.017562838551512527,0.001514309751613152
kodim24,Kodak,kodim24,0.1,0.05,2028,hqs_finetuned,0.3960574207942962,0.03347721878723953
hevc_BQTerrace_f0000,HEVC_B,BQTerrace,0.01,0.0,2026,hqs_round1,0.012890568962319549,0.0005988972884281574
hevc_BQTerrace_f0000,HEVC_B,BQTerrace,0.01,0.0,2026,hqs_finetuned,0.014654375991757007,0.0020598321874926717
hevc_BQTerrace_f0000,HEVC_B,BQTerrace,0.04,0.0,2026,hqs_round1,0.022111330715354427,0.0004994141211386305
hevc_BQTerrace_f0000,HEVC_B,BQTerrace,0.04,0.0,2026,hqs_finetuned,0.05086638837668289,0.0008348649122805751
hevc_BQTerrace_f0000,HEVC_B,BQTerrace,0.1,0.0,2026,hqs_round1,0.1666085412192011,0.004541449801236386
hevc_BQTerrace_f0000,HEVC_B,BQTerrace,0.1,0.0,2026,hqs_finetuned,0.1963300529476122,0.0051098460995555595
hevc_BQTerrace_f0000,HEVC_B,BQTerrace,0.25,0.0,2026,hqs_round1,0.09919062710471493,0.001627831156849835
hevc_BQTerrace_f0000,HEVC_B,BQTerrace,0.25,0.0,2026,hqs_finetuned,0.08886381561574552,0.0008255763666630278
hevc_BQTerrace_f0000,HEVC_B,BQTerrace,0.5,0.0,2026,hqs_round1,0.21056108017362618,0.0013073586196900022
hevc_BQTerrace_f0000,HEVC_B,BQTerrace,0.5,0.0,2026,hqs_finetuned,0.3875378231876283,0.0025392703962325847
hevc_BQTerrace_f0000,HEVC_B,BQTerrace,0.1,0.01,2026,hqs_round1,0.11262650667974938,0.0048813341073393746
hevc_BQTerrace_f0000,HEVC_B,BQTerrace,0.1,0.01,2026,hqs_finetuned,0.15288563498963015,0.005729224585608539
hevc_BQTerrace_f0000,HEVC_B,BQTerrace,0.1,0.01,2027,hqs_round1,0.07275298605733482,0.0032649675931856192
hevc_BQTerrace_f0000,HEVC_B,BQTerrace,0.1,0.01,2027,hqs_finetuned,0.11379848654418723,0.003130769123785293
hevc_BQTerrace_f0000,HEVC_B,BQTerrace,0.1,0.01,2028,hqs_round1,0.07913973749977643,0.004159467528019101
hevc_BQTerrace_f0000,HEVC_B,BQTerrace,0.1,0.01,2028,hqs_finetuned,0.08592640533955986,0.0027575483748614182
hevc_BQTerrace_f0000,HEVC_B,BQTerrace,0.1,0.05,2026,hqs_round1,-0.0006332969285018919,0.007993588679294561
hevc_BQTerrace_f0000,HEVC_B,BQTerrace,0.1,0.05,2026,hqs_finetuned,0.7131720896385829,0.09250596519275456
hevc_BQTerrace_f0000,HEVC_B,BQTerrace,0.1,0.05,2027,hqs_round1,-0.015351074775953322,0.007141476165406391
hevc_BQTerrace_f0000,HEVC_B,BQTerrace,0.1,0.05,2027,hqs_finetuned,0.6802637706251851,0.08703260204431207
hevc_BQTerrace_f0000,HEVC_B,BQTerrace,0.1,0.05,2028,hqs_round1,-0.0016979331924034113,0.007850642735106828
hevc_BQTerrace_f0000,HEVC_B,BQTerrace,0.1,0.05,2028,hqs_finetuned,0.6973385512513666,0.09016547820266807
hevc_BQTerrace_f0200,HEVC_B,BQTerrace,0.01,0.0,2026,hqs_round1,-0.03546451498291603,-0.003346890507379574
hevc_BQTerrace_f0200,HEVC_B,BQTerrace,0.01,0.0,2026,hqs_finetuned,0.0541686577800462,0.0005333612578988234
hevc_BQTerrace_f0200,HEVC_B,BQTerrace,0.04,0.0,2026,hqs_round1,0.06743028215855773,0.00158257367566228
hevc_BQTerrace_f0200,HEVC_B,BQTerrace,0.04,0.0,2026,hqs_finetuned,0.21060090813429255,0.0038123092300966777
hevc_BQTerrace_f0200,HEVC_B,BQTerrace,0.1,0.0,2026,hqs_round1,0.19270498358102373,0.0013805670289993577
hevc_BQTerrace_f0200,HEVC_B,BQTerrace,0.1,0.0,2026,hqs_finetuned,0.30880174945212957,0.002542546908140264
hevc_BQTerrace_f0200,HEVC_B,BQTerrace,0.25,0.0,2026,hqs_round1,0.18104487783043055,0.0002510765242575985
hevc_BQTerrace_f0200,HEVC_B,BQTerrace,0.25,0.0,2026,hqs_finetuned,0.12554113858100635,-6.467068195403769e-06
hevc_BQTerrace_f0200,HEVC_B,BQTerrace,0.5,0.0,2026,hqs_round1,0.3501842264185484,0.00028577961254117046
hevc_BQTerrace_f0200,HEVC_B,BQTerrace,0.5,0.0,2026,hqs_finetuned,0.4701987333830502,0.000381867806434677
hevc_BQTerrace_f0200,HEVC_B,BQTerrace,0.1,0.01,2026,hqs_round1,0.08535494574784508,0.0015254652583599482
hevc_BQTerrace_f0200,HEVC_B,BQTerrace,0.1,0.01,2026,hqs_finetuned,0.3196609583109691,0.00581170352792737
hevc_BQTerrace_f0200,HEVC_B,BQTerrace,0.1,0.01,2027,hqs_round1,0.08849796773690244,0.0017636091938019183
hevc_BQTerrace_f0200,HEVC_B,BQTerrace,0.1,0.01,2027,hqs_finetuned,0.3620478714341857,0.006781650111198467
hevc_BQTerrace_f0200,HEVC_B,BQTerrace,0.1,0.01,2028,hqs_round1,0.15906280609889833,0.00240399228358279
hevc_BQTerrace_f0200,HEVC_B,BQTerrace,0.1,0.01,2028,hqs_finetuned,0.39453474661089416,0.0064314201562405415
hevc_BQTerrace_f0200,HEVC_B,BQTerrace,0.1,0.05,2026,hqs_round1,-0.09053937992295502,0.002537498561119844
hevc_BQTerrace_f0200,HEVC_B,BQTerrace,0.1,0.05,2026,hqs_finetuned,1.4259220678037927,0.1341704065468451
hevc_BQTerrace_f0200,HEVC_B,BQTerrace,0.1,0.05,2027,hqs_round1,-0.09463045285155047,0.003519916228298947
hevc_BQTerrace_f0200,HEVC_B,BQTerrace,0.1,0.05,2027,hqs_finetuned,1.4693649566636253,0.13149689543432463
hevc_BQTerrace_f0200,HEVC_B,BQTerrace,0.1,0.05,2028,hqs_round1,-0.08862120914303517,0.0037303270455226745
hevc_BQTerrace_f0200,HEVC_B,BQTerrace,0.1,0.05,2028,hqs_finetuned,1.419788715189238,0.13010764008533215
hevc_BQTerrace_f0400,HEVC_B,BQTerrace,0.01,0.0,2026,hqs_round1,-0.029828417608058544,-0.001429832490561278
hevc_BQTerrace_f0400,HEVC_B,BQTerrace,0.01,0.0,2026,hqs_finetuned,0.011842852249245084,0.002048846334687049
hevc_BQTerrace_f0400,HEVC_B,BQTerrace,0.04,0.0,2026,hqs_round1,0.0356181015621857,0.0015686935426593163
hevc_BQTerrace_f0400,HEVC_B,BQTerrace,0.04,0.0,2026,hqs_finetuned,0.1452677159204825,0.004907872341789354
hevc_BQTerrace_f0400,HEVC_B,BQTerrace,0.1,0.0,2026,hqs_round1,0.11707135520737211,0.002868522458314926
hevc_BQTerrace_f0400,HEVC_B,BQTerrace,0.1,0.0,2026,hqs_finetuned,0.2012240792762583,0.004690221446990939
hevc_BQTerrace_f0400,HEVC_B,BQTerrace,0.25,0.0,2026,hqs_round1,0.09610779977086281,0.0009062487850189926
hevc_BQTerrace_f0400,HEVC_B,BQTerrace,0.25,0.0,2026,hqs_finetuned,0.17771970937091197,0.0012522226352691401
hevc_BQTerrace_f0400,HEVC_B,BQTerrace,0.5,0.0,2026,hqs_round1,0.09273576969668795,0.00018440801143648766
hevc_BQTerrace_f0400,HEVC_B,BQTerrace,0.5,0.0,2026,hqs_finetuned,0.12860862934986983,0.00021960537147525105
hevc_BQTerrace_f0400,HEVC_B,BQTerrace,0.1,0.01,2026,hqs_round1,0.04191873249634526,0.00191187493330236
hevc_BQTerrace_f0400,HEVC_B,BQTerrace,0.1,0.01,2026,hqs_finetuned,0.1633212875405725,0.004769783893525559
hevc_BQTerrace_f0400,HEVC_B,BQTerrace,0.1,0.01,2027,hqs_round1,0.0522655860094261,0.0023288027512663456
hevc_BQTerrace_f0400,HEVC_B,BQTerrace,0.1,0.01,2027,hqs_finetuned,0.12010899061053237,0.0038867871336237814
hevc_BQTerrace_f0400,HEVC_B,BQTerrace,0.1,0.01,2028,hqs_round1,0.04891155444386541,0.0023726386448145176
hevc_BQTerrace_f0400,HEVC_B,BQTerrace,0.1,0.01,2028,hqs_finetuned,0.1954229635917848,0.005552870722919656
hevc_BQTerrace_f0400,HEVC_B,BQTerrace,0.1,0.05,2026,hqs_round1,-0.08696053417074978,0.0028263217063024815
hevc_BQTerrace_f0400,HEVC_B,BQTerrace,0.1,0.05,2026,hqs_finetuned,1.0020455767190484,0.09275170482049233
hevc_BQTerrace_f0400,HEVC_B,BQTerrace,0.1,0.05,2027,hqs_round1,-0.03595457400733437,0.004335424498287943
hevc_BQTerrace_f0400,HEVC_B,BQTerrace,0.1,0.05,2027,hqs_finetuned,0.9013940993716112,0.08961327156905918
hevc_BQTerrace_f0400,HEVC_B,BQTerrace,0.1,0.05,2028,hqs_round1,-0.08915054855660287,0.0034437165723965046
hevc_BQTerrace_f0400,HEVC_B,BQTerrace,0.1,0.05,2028,hqs_finetuned,0.8294678531735578,0.08404240462021528
hevc_BasketballDrive_f0000,HEVC_B,BasketballDrive,0.01,0.0,2026,hqs_round1,0.04806186367375531,0.0028845413093373518
hevc_BasketballDrive_f0000,HEVC_B,BasketballDrive,0.01,0.0,2026,hqs_finetuned,0.2543223394014973,0.010891159155462238
hevc_BasketballDrive_f0000,HEVC_B,BasketballDrive,0.04,0.0,2026,hqs_round1,0.10851151608882148,0.0002703236919044949
hevc_BasketballDrive_f0000,HEVC_B,BasketballDrive,0.04,0.0,2026,hqs_finetuned,0.15553021790653787,0.0010482173399924966
hevc_BasketballDrive_f0000,HEVC_B,BasketballDrive,0.1,0.0,2026,hqs_round1,0.1708339862754329,0.00040021991252892075
hevc_BasketballDrive_f0000,HEVC_B,BasketballDrive,0.1,0.0,2026,hqs_finetuned,0.18372777727617517,-0.00020664955997473644
hevc_BasketballDrive_f0000,HEVC_B,BasketballDrive,0.25,0.0,2026,hqs_round1,0.3442823445920098,0.0011377530202865138
hevc_BasketballDrive_f0000,HEVC_B,BasketballDrive,0.25,0.0,2026,hqs_finetuned,0.5025460346016573,0.0012732505311965348
hevc_BasketballDrive_f0000,HEVC_B,BasketballDrive,0.5,0.0,2026,hqs_round1,0.1280826032133362,-0.00018303290653232107
hevc_BasketballDrive_f0000,HEVC_B,BasketballDrive,0.5,0.0,2026,hqs_finetuned,0.23713435057031518,-0.00014401832962041006
hevc_BasketballDrive_f0000,HEVC_B,BasketballDrive,0.1,0.01,2026,hqs_round1,0.09943898317964539,0.0007448964176177686
hevc_BasketballDrive_f0000,HEVC_B,BasketballDrive,0.1,0.01,2026,hqs_finetuned,0.1601789149216728,0.002054313442230171
hevc_BasketballDrive_f0000,HEVC_B,BasketballDrive,0.1,0.01,2027,hqs_round1,0.1163675935408861,0.000700619523763657
hevc_BasketballDrive_f0000,HEVC_B,BasketballDrive,0.1,0.01,2027,hqs_finetuned,0.24344710703971373,0.003155215680599288
hevc_BasketballDrive_f0000,HEVC_B,BasketballDrive,0.1,0.01,2028,hqs_round1,0.13437818369958876,0.0005054748234748496
hevc_BasketballDrive_f0000,HEVC_B,BasketballDrive,0.1,0.01,2028,hqs_finetuned,0.18482262359552948,0.0008877748808860941
hevc_BasketballDrive_f0000,HEVC_B,BasketballDrive,0.1,0.05,2026,hqs_round1,-0.06860030842944553,0.0011629266250078318
hevc_BasketballDrive_f0000,HEVC_B,BasketballDrive,0.1,0.05,2026,hqs_finetuned,2.2553531809974494,0.12790760396580592
hevc_BasketballDrive_f0000,HEVC_B,BasketballDrive,0.1,0.05,2027,hqs_round1,-0.03069302646855121,0.0015976999063492814
hevc_BasketballDrive_f0000,HEVC_B,BasketballDrive,0.1,0.05,2027,hqs_finetuned,2.318038884717133,0.13575963568470262
hevc_BasketballDrive_f0000,HEVC_B,BasketballDrive,0.1,0.05,2028,hqs_round1,-0.015393565551512722,0.0015480986150652187
hevc_BasketballDrive_f0000,HEVC_B,BasketballDrive,0.1,0.05,2028,hqs_finetuned,2.174633465874585,0.13011391643209946
hevc_BasketballDrive_f0167,HEVC_B,BasketballDrive,0.01,0.0,2026,hqs_round1,-0.024144476344787336,-0.001067382784210369
hevc_BasketballDrive_f0167,HEVC_B,BasketballDrive,0.01,0.0,2026,hqs_finetuned,0.08961468405196982,0.005046148610946544
hevc_BasketballDrive_f0167,HEVC_B,BasketballDrive,0.04,0.0,2026,hqs_round1,0.07039243375092852,0.0016606122567467407
hevc_BasketballDrive_f0167,HEVC_B,BasketballDrive,0.04,0.0,2026,hqs_finetuned,0.03268403450408641,0.0023103101169839046
hevc_BasketballDrive_f0167,HEVC_B,BasketballDrive,0.1,0.0,2026,hqs_round1,0.17219595927084796,0.001390236924529109
hevc_BasketballDrive_f0167,HEVC_B,BasketballDrive,0.1,0.0,2026,hqs_finetuned,0.19979134041495783,-0.0006661237370967354
hevc_BasketballDrive_f0167,HEVC_B,BasketballDrive,0.25,0.0,2026,hqs_round1,0.44801252422913507,0.0034944281597137916
hevc_BasketballDrive_f0167,HEVC_B,BasketballDrive,0.25,0.0,2026,hqs_finetuned,0.5623282381839516,0.0019164906792640268
hevc_BasketballDrive_f0167,HEVC_B,BasketballDrive,0.5,0.0,2026,hqs_round1,0.49660555406197915,0.0016912828073500918
hevc_BasketballDrive_f0167,HEVC_B,BasketballDrive,0.5,0.0,2026,hqs_finetuned,0.051892656709839,-0.0020140816135406636
hevc_BasketballDrive_f0167,HEVC_B,BasketballDrive,0.1,0.01,2026,hqs_round1,0.1420678346030364,0.0013114910316467387
hevc_BasketballDrive_f0167,HEVC_B,BasketballDrive,0.1,0.01,2026,hqs_finetuned,0.16036657680953326,-0.0011543179057917907
hevc_BasketballDrive_f0167,HEVC_B,BasketballDrive,0.1,0.01,2027,hqs_round1,0.16043700744184264,0.0019905026532411885
hevc_BasketballDrive_f0167,HEVC_B,BasketballDrive,0.1,0.01,2027,hqs_finetuned,0.1882913287612098,0.0006588261797427775
hevc_BasketballDrive_f0167,HEVC_B,BasketballDrive,0.1,0.01,2028,hqs_round1,0.1707699627046999,0.0021018019725085324
hevc_BasketballDrive_f0167,HEVC_B,BasketballDrive,0.1,0.01,2028,hqs_finetuned,0.20421505622639202,0.0010299623197317365
hevc_BasketballDrive_f0167,HEVC_B,BasketballDrive,0.1,0.05,2026,hqs_round1,0.009787278429602253,0.0020338223049150006
hevc_BasketballDrive_f0167,HEVC_B,BasketballDrive,0.1,0.05,2026,hqs_finetuned,1.2162675322097307,0.09841681866229801
hevc_BasketballDrive_f0167,HEVC_B,BasketballDrive,0.1,0.05,2027,hqs_round1,-0.0009563166616359808,0.0018811039731861934
hevc_BasketballDrive_f0167,HEVC_B,BasketballDrive,0.1,0.05,2027,hqs_finetuned,1.1711207225160862,0.09474057373829603
hevc_BasketballDrive_f0167,HEVC_B,BasketballDrive,0.1,0.05,2028,hqs_round1,0.03359671869122849,0.0017049069354572177
hevc_BasketballDrive_f0167,HEVC_B,BasketballDrive,0.1,0.05,2028,hqs_finetuned,1.187686175340719,0.09807148961821577
hevc_BasketballDrive_f0334,HEVC_B,BasketballDrive,0.01,0.0,2026,hqs_round1,0.026163015587069793,0.0009841380804079813
hevc_BasketballDrive_f0334,HEVC_B,BasketballDrive,0.01,0.0,2026,hqs_finetuned,0.14517311790325493,0.008413245594023455
hevc_BasketballDrive_f0334,HEVC_B,BasketballDrive,0.04,0.0,2026,hqs_round1,0.1055585327224513,0.0023616159380599466
hevc_BasketballDrive_f0334,HEVC_B,BasketballDrive,0.04,0.0,2026,hqs_finetuned,0.1533638053478441,0.0021218106812973536
hevc_BasketballDrive_f0334,HEVC_B,BasketballDrive,0.1,0.0,2026,hqs_round1,0.1735139113556201,0.0011190987699032373
hevc_BasketballDrive_f0334,HEVC_B,BasketballDrive,0.1,0.0,2026,hqs_finetuned,0.3167973705295708,0.0010980201777219811
hevc_BasketballDrive_f0334,HEVC_B,BasketballDrive,0.25,0.0,2026,hqs_round1,0.43038681107349674,0.0016810128283500925
hevc_BasketballDrive_f0334,HEVC_B,BasketballDrive,0.25,0.0,2026,hqs_finetuned,0.4997681175817519,0.0019646277189254713
hevc_BasketballDrive_f0334,HEVC_B,BasketballDrive,0.5,0.0,2026,hqs_round1,0.33730932669761415,0.0004842422447204342
hevc_BasketballDrive_f0334,HEVC_B,BasketballDrive,0.5,0.0,2026,hqs_finetuned,0.39451620251852404,0.000501649800300541
hevc_BasketballDrive_f0334,HEVC_B,BasketballDrive,0.1,0.01,2026,hqs_round1,-0.037278634365172536,0.0006647374515533766
hevc_BasketballDrive_f0334,HEVC_B,BasketballDrive,0.1,0.01,2026,hqs_finetuned,0.16078986493830882,0.0020017245354652102
hevc_BasketballDrive_f0334,HEVC_B,BasketballDrive,0.1,0.01,2027,hqs_round1,0.15641899418391958,0.0013100906784888622
hevc_BasketballDrive_f0334,HEVC_B,BasketballDrive,0.1,0.01,2027,hqs_finetuned,0.2937732085788305,0.0022183414338287077
hevc_BasketballDrive_f0334,HEVC_B,BasketballDrive,0.1,0.01,2028,hqs_round1,0.058240719479659475,0.0010624129387922787
hevc_BasketballDrive_f0334,HEVC_B,BasketballDrive,0.1,0.01,2028,hqs_finetuned,0.1673567345718574,0.002045706833195937
hevc_BasketballDrive_f0334,HEVC_B,BasketballDrive,0.1,0.05,2026,hqs_round1,-0.0802816759127225,0.0028372057455927635
hevc_BasketballDrive_f0334,HEVC_B,BasketballDrive,0.1,0.05,2026,hqs_finetuned,1.2603711030634877,0.09020393694563211
hevc_BasketballDrive_f0334,HEVC_B,BasketballDrive,0.1,0.05,2027,hqs_round1,-0.04942776431922624,0.0029660190498232986
hevc_BasketballDrive_f0334,HEVC_B,BasketballDrive,0.1,0.05,2027,hqs_finetuned,1.1651571291198053,0.08042696015166495
hevc_BasketballDrive_f0334,HEVC_B,BasketballDrive,0.1,0.05,2028,hqs_round1,-0.02754183633395968,0.002920534760666116
hevc_BasketballDrive_f0334,HEVC_B,BasketballDrive,0.1,0.05,2028,hqs_finetuned,1.2869936987429043,0.08989827719048882
hevc_Cactus_f0000,HEVC_B,Cactus,0.01,0.0,2026,hqs_round1,0.01999351556193929,0.0012960833118089155
hevc_Cactus_f0000,HEVC_B,Cactus,0.01,0.0,2026,hqs_finetuned,0.06172238413125086,0.0045434367294244216
hevc_Cactus_f0000,HEVC_B,Cactus,0.04,0.0,2026,hqs_round1,0.03340303902990627,0.0010246366845052535
hevc_Cactus_f0000,HEVC_B,Cactus,0.04,0.0,2026,hqs_finetuned,0.07998376192666612,0.0023053600373319494
hevc_Cactus_f0000,HEVC_B,Cactus,0.1,0.0,2026,hqs_round1,0.11542181048300293,0.001965478836536416
hevc_Cactus_f0000,HEVC_B,Cactus,0.1,0.0,2026,hqs_finetuned,0.15955409791358122,0.0034121471998691533
hevc_Cactus_f0000,HEVC_B,Cactus,0.25,0.0,2026,hqs_round1,0.18949655125085485,0.0017212612624167845
hevc_Cactus_f0000,HEVC_B,Cactus,0.25,0.0,2026,hqs_finetuned,0.2576319210197511,0.0021274539985656205
hevc_Cactus_f0000,HEVC_B,Cactus,0.5,0.0,2026,hqs_round1,0.28190281958476504,0.0007653068733214363
hevc_Cactus_f0000,HEVC_B,Cactus,0.5,0.0,2026,hqs_finetuned,0.3336009276317,0.0008227776165008471
hevc_Cactus_f0000,HEVC_B,Cactus,0.1,0.01,2026,hqs_round1,0.07325919467723452,0.0013261245024204227
hevc_Cactus_f0000,HEVC_B,Cactus,0.1,0.01,2026,hqs_finetuned,0.10361544375395937,0.0023232632553576993
hevc_Cactus_f0000,HEVC_B,Cactus,0.1,0.01,2027,hqs_round1,0.07739863225586774,0.0014525864996910443
hevc_Cactus_f0000,HEVC_B,Cactus,0.1,0.01,2027,hqs_finetuned,0.12452981711977529,0.0028094916231632405
hevc_Cactus_f0000,HEVC_B,Cactus,0.1,0.01,2028,hqs_round1,0.08227251529134705,0.0014608381993771458
hevc_Cactus_f0000,HEVC_B,Cactus,0.1,0.01,2028,hqs_finetuned,0.13383789856369788,0.0029773287057877074
hevc_Cactus_f0000,HEVC_B,Cactus,0.1,0.05,2026,hqs_round1,-0.030075999476633086,0.0011546481375694917
hevc_Cactus_f0000,HEVC_B,Cactus,0.1,0.05,2026,hqs_finetuned,0.3750575862582046,0.021476385007739074
hevc_Cactus_f0000,HEVC_B,Cactus,0.1,0.05,2027,hqs_round1,-0.0036690877258429566,0.002013169788740665
hevc_Cactus_f0000,HEVC_B,Cactus,0.1,0.05,2027,hqs_finetuned,0.3631390234744529,0.022771661540471055
hevc_Cactus_f0000,HEVC_B,Cactus,0.1,0.05,2028,hqs_round1,0.0020639202819694447,0.0022197780182063864
hevc_Cactus_f0000,HEVC_B,Cactus,0.1,0.05,2028,hqs_finetuned,0.4212122243322618,0.025359005478143737
hevc_Cactus_f0166,HEVC_B,Cactus,0.01,0.0,2026,hqs_round1,-0.011612645735716853,-0.00033869320453927543
hevc_Cactus_f0166,HEVC_B,Cactus,0.01,0.0,2026,hqs_finetuned,0.06265767193544036,0.006156485779597154
hevc_Cactus_f0166,HEVC_B,Cactus,0.04,0.0,2026,hqs_round1,0.030495663620158098,0.0006597066428661869
hevc_Cactus_f0166,HEVC_B,Cactus,0.04,0.0,2026,hqs_finetuned,0.006944867372713048,-0.0005330681182704744
hevc_Cactus_f0166,HEVC_B,Cactus,0.1,0.0,2026,hqs_round1,0.15600378486500688,0.0018404777839183817
hevc_Cactus_f0166,HEVC_B,Cactus,0.1,0.0,2026,hqs_finetuned,0.18392615352770392,0.002861125903129591
hevc_Cactus_f0166,HEVC_B,Cactus,0.25,0.0,2026,hqs_round1,0.16900053058306952,0.0008392633495329926
hevc_Cactus_f0166,HEVC_B,Cactus,0.25,0.0,2026,hqs_finetuned,0.2819085569726667,0.0015668532485961784
hevc_Cactus_f0166,HEVC_B,Cactus,0.5,0.0,2026,hqs_round1,0.14485712199541467,0.00028649062824248617
hevc_Cactus_f0166,HEVC_B,Cactus,0.5,0.0,2026,hqs_finetuned,0.19142691021241376,0.00026281941413874854
hevc_Cactus_f0166,HEVC_B,Cactus,0.1,0.01,2026,hqs_round1,0.09189255122578643,0.0011543756747246503
hevc_Cactus_f0166,HEVC_B,Cactus,0.1,0.01,2026,hqs_finetuned,0.10607102979353655,0.0018316501178741174
hevc_Cactus_f0166,HEVC_B,Cactus,0.1,0.01,2027,hqs_round1,0.10598776914243047,0.0013931027281285369
hevc_Cactus_f0166,HEVC_B,Cactus,0.1,0.01,2027,hqs_finetuned,0.13652914213146516,0.0023312719125748727
hevc_Cactus_f0166,HEVC_B,Cactus,0.1,0.01,2028,hqs_round1,0.08238040732614493,0.0013106086864471678
hevc_Cactus_f0166,HEVC_B,Cactus,0.1,0.01,2028,hqs_finetuned,0.10546636055264713,0.0020800305278301234
hevc_Cactus_f0166,HEVC_B,Cactus,0.1,0.05,2026,hqs_round1,-0.036150520662310726,0.0017860124877840944
hevc_Cactus_f0166,HEVC_B,Cactus,0.1,0.05,2026,hqs_finetuned,0.4022492976454686,0.02323902069138739
hevc_Cactus_f0166,HEVC_B,Cactus,0.1,0.05,2027,hqs_round1,0.0038515989369329873,0.002597723364293536
hevc_Cactus_f0166,HEVC_B,Cactus,0.1,0.05,2027,hqs_finetuned,0.4132670458481158,0.025144355749487923
hevc_Cactus_f0166,HEVC_B,Cactus,0.1,0.05,2028,hqs_round1,-0.04724407706575562,0.0031605719234161223
hevc_Cactus_f0166,HEVC_B,Cactus,0.1,0.05,2028,hqs_finetuned,0.3896140261166927,0.02397536179423343
hevc_Cactus_f0333,HEVC_B,Cactus,0.01,0.0,2026,hqs_round1,-0.010659753702377373,-0.00034186274007741435
hevc_Cactus_f0333,HEVC_B,Cactus,0.01,0.0,2026,hqs_finetuned,0.039810128347390616,0.00595776169669765
hevc_Cactus_f0333,HEVC_B,Cactus,0.04,0.0,2026,hqs_round1,0.021809721484405742,0.0007530216492861452
hevc_Cactus_f0333,HEVC_B,Cactus,0.04,0.0,2026,hqs_finetuned,0.06727730479608596,0.0017603413627501618
hevc_Cactus_f0333,HEVC_B,Cactus,0.1,0.0,2026,hqs_round1,0.11002671726949487,0.0018099073083400752
hevc_Cactus_f0333,HEVC_B,Cactus,0.1,0.0,2026,hqs_finetuned,0.14496523881631873,0.002565240637540822
hevc_Cactus_f0333,HEVC_B,Cactus,0.25,0.0,2026,hqs_round1,0.2145015436334603,0.0017341253085136898
hevc_Cactus_f0333,HEVC_B,Cactus,0.25,0.0,2026,hqs_finetuned,0.26059865667888715,0.002112863458156533
hevc_Cactus_f0333,HEVC_B,Cactus,0.5,0.0,2026,hqs_round1,0.2638092049119223,0.0007854572257994796
hevc_Cactus_f0333,HEVC_B,Cactus,0.5,0.0,2026,hqs_finetuned,0.3583278587078027,0.0009794345636366941
hevc_Cactus_f0333,HEVC_B,Cactus,0.1,0.01,2026,hqs_round1,0.07860668099419854,0.001459660642385563
hevc_Cactus_f0333,HEVC_B,Cactus,0.1,0.01,2026,hqs_finetuned,0.11129395733296477,0.002136492652177857
hevc_Cactus_f0333,HEVC_B,Cactus,0.1,0.01,2027,hqs_round1,0.10764950967806186,0.0020071851599215984
hevc_Cactus_f0333,HEVC_B,Cactus,0.1,0.01,2027,hqs_finetuned,0.13515107239618374,0.002635815025091137
hevc_Cactus_f0333,HEVC_B,Cactus,0.1,0.01,2028,hqs_round1,0.09080476653333136,0.0017705054135322973
hevc_Cactus_f0333,HEVC_B,Cactus,0.1,0.01,2028,hqs_finetuned,0.11909167758187067,0.0021407140212059694
hevc_Cactus_f0333,HEVC_B,Cactus,0.1,0.05,2026,hqs_round1,-0.00038330292559862755,0.0025094571846724367
hevc_Cactus_f0333,HEVC_B,Cactus,0.1,0.05,2026,hqs_finetuned,0.32994988170576534,0.018247342803955124
hevc_Cactus_f0333,HEVC_B,Cactus,0.1,0.05,2027,hqs_round1,0.01803884306091419,0.002779261600017513
hevc_Cactus_f0333,HEVC_B,Cactus,0.1,0.05,2027,hqs_finetuned,0.3199049902323239,0.020054475157260887
hevc_Cactus_f0333,HEVC_B,Cactus,0.1,0.05,2028,hqs_round1,-0.029379019615912938,0.001542256928443897
hevc_Cactus_f0333,HEVC_B,Cactus,0.1,0.05,2028,hqs_finetuned,0.27909030151511516,0.01732845957040785
hevc_Kimono1_f0000,HEVC_B,Kimono1,0.01,0.0,2026,hqs_round1,0.00026289179533023344,-1.5342027851694695e-05
hevc_Kimono1_f0000,HEVC_B,Kimono1,0.01,0.0,2026,hqs_finetuned,-0.05218766868956237,-0.004017248174192911
hevc_Kimono1_f0000,HEVC_B,Kimono1,0.04,0.0,2026,hqs_round1,0.07080804514495043,0.0014516899315117904
hevc_Kimono1_f0000,HEVC_B,Kimono1,0.04,0.0,2026,hqs_finetuned,0.09604221290434012,0.00030698593628397663
hevc_Kimono1_f0000,HEVC_B,Kimono1,0.1,0.0,2026,hqs_round1,0.0895454316691442,0.0005671666049957835
hevc_Kimono1_f0000,HEVC_B,Kimono1,0.1,0.0,2026,hqs_finetuned,0.00811910870513799,-0.0003195536952018685
hevc_Kimono1_f0000,HEVC_B,Kimono1,0.25,0.0,2026,hqs_round1,0.04964203247566701,0.0002663136882782302
hevc_Kimono1_f0000,HEVC_B,Kimono1,0.25,0.0,2026,hqs_finetuned,0.03174306931275339,0.00020004045581822893
hevc_Kimono1_f0000,HEVC_B,Kimono1,0.5,0.0,2026,hqs_round1,0.05649889735662583,7.110501575469108e-05
hevc_Kimono1_f0000,HEVC_B,Kimono1,0.5,0.0,2026,hqs_finetuned,0.06270139504349004,4.913106060033812e-05
hevc_Kimono1_f0000,HEVC_B,Kimono1,0.1,0.01,2026,hqs_round1,0.09879602548439692,0.0007594878396988136
hevc_Kimono1_f0000,HEVC_B,Kimono1,0.1,0.01,2026,hqs_finetuned,0.021182020542269697,-0.00022978595590594786
hevc_Kimono1_f0000,HEVC_B,Kimono1,0.1,0.01,2027,hqs_round1,0.043791099672993994,0.00019534216070182797
hevc_Kimono1_f0000,HEVC_B,Kimono1,0.1,0.01,2027,hqs_finetuned,-0.04974507824152141,-0.001188292913436917
hevc_Kimono1_f0000,HEVC_B,Kimono1,0.1,0.01,2028,hqs_round1,0.048844583978137734,0.0003859466505050646
hevc_Kimono1_f0000,HEVC_B,Kimono1,0.1,0.01,2028,hqs_finetuned,-0.032649356144453634,-0.0007325830903053276
hevc_Kimono1_f0000,HEVC_B,Kimono1,0.1,0.05,2026,hqs_round1,-0.011398278292571007,0.0023196917271613993
hevc_Kimono1_f0000,HEVC_B,Kimono1,0.1,0.05,2026,hqs_finetuned,0.38835059615271916,0.018565028389453953
hevc_Kimono1_f0000,HEVC_B,Kimono1,0.1,0.05,2027,hqs_round1,-0.014973574792104927,0.001626775931477531
hevc_Kimono1_f0000,HEVC_B,Kimono1,0.1,0.05,2027,hqs_finetuned,0.458873380711335,0.02025042081010342
hevc_Kimono1_f0000,HEVC_B,Kimono1,0.1,0.05,2028,hqs_round1,-0.05411239908038468,0.002110293065309521
hevc_Kimono1_f0000,HEVC_B,Kimono1,0.1,0.05,2028,hqs_finetuned,0.46642971261431043,0.022967245589256335
hevc_Kimono1_f0080,HEVC_B,Kimono1,0.01,0.0,2026,hqs_round1,0.012871745395894862,0.0004254421248867102
hevc_Kimono1_f0080,HEVC_B,Kimono1,0.01,0.0,2026,hqs_finetuned,0.07152541120974121,0.0014602638912933896
hevc_Kimono1_f0080,HEVC_B,Kimono1,0.04,0.0,2026,hqs_round1,0.06345023542865746,0.0008272383726835031
hevc_Kimono1_f0080,HEVC_B,Kimono1,0.04,0.0,2026,hqs_finetuned,0.11419759077999458,0.0019143792344331612
hevc_Kimono1_f0080,HEVC_B,Kimono1,0.1,0.0,2026,hqs_round1,0.1893969289411217,0.00161324725484846
hevc_Kimono1_f0080,HEVC_B,Kimono1,0.1,0.0,2026,hqs_finetuned,0.19525411820792016,0.0014341429309845388
hevc_Kimono1_f0080,HEVC_B,Kimono1,0.25,0.0,2026,hqs_round1,0.10985022026684277,0.0002513344373702431
hevc_Kimono1_f0080,HEVC_B,Kimono1,0.25,0.0,2026,hqs_finetuned,0.12038627458254325,0.00032686077499388677
hevc_Kimono1_f0080,HEVC_B,Kimono1,0.5,0.0,2026,hqs_round1,0.0638577172330912,6.499769592283045e-05
hevc_Kimono1_f0080,HEVC_B,Kimono1,0.5,0.0,2026,hqs_finetuned,0.10269254291131347,7.662267589569893e-05
hevc_Kimono1_f0080,HEVC_B,Kimono1,0.1,0.01,2026,hqs_round1,0.14150578130136182,0.001583321543693561
hevc_Kimono1_f0080,HEVC_B,Kimono1,0.1,0.01,2026,hqs_finetuned,0.1679502611487962,0.0012793804106712159
hevc_Kimono1_f0080,HEVC_B,Kimono1,0.1,0.01,2027,hqs_round1,0.1182962650536794,0.0012008464531898522
hevc_Kimono1_f0080,HEVC_B,Kimono1,0.1,0.01,2027,hqs_finetuned,0.12527536232155256,0.0012020914788246628
hevc_Kimono1_f0080,HEVC_B,Kimono1,0.1,0.01,2028,hqs_round1,0.19001801866458834,0.0019163582983016125
hevc_Kimono1_f0080,HEVC_B,Kimono1,0.1,0.01,2028,hqs_finetuned,0.17232852758557726,0.0015918241429329072
hevc_Kimono1_f0080,HEVC_B,Kimono1,0.1,0.05,2026,hqs_round1,-0.03218126860634385,0.0024495105540751627
hevc_Kimono1_f0080,HEVC_B,Kimono1,0.1,0.05,2026,hqs_finetuned,0.6346782165858791,0.032814562132596925
hevc_Kimono1_f0080,HEVC_B,Kimono1,0.1,0.05,2027,hqs_round1,-0.010144236577307453,0.0036396137280464425
hevc_Kimono1_f0080,HEVC_B,Kimono1,0.1,0.05,2027,hqs_finetuned,0.5891984076071317,0.0335490620062352
hevc_Kimono1_f0080,HEVC_B,Kimono1,0.1,0.05,2028,hqs_round1,-0.03646727279134865,0.0031384149169921827
hevc_Kimono1_f0080,HEVC_B,Kimono1,0.1,0.05,2028,hqs_finetuned,0.6242905090851245,0.034353412240505254
hevc_Kimono1_f0160,HEVC_B,Kimono1,0.01,0.0,2026,hqs_round1,-0.03470768787399692,-0.0017827664829821455
hevc_Kimono1_f0160,HEVC_B,Kimono1,0.01,0.0,2026,hqs_finetuned,0.1422627400223746,0.002393155681469028
hevc_Kimono1_f0160,HEVC_B,Kimono1,0.04,0.0,2026,hqs_round1,0.26649486206601836,0.0020600613474844875
hevc_Kimono1_f0160,HEVC_B,Kimono1,0.04,0.0,2026,hqs_finetuned,0.21872418584228726,0.00144761145639416
hevc_Kimono1_f0160,HEVC_B,Kimono1,0.1,0.0,2026,hqs_round1,0.2451338692914291,0.001833888201713596
hevc_Kimono1_f0160,HEVC_B,Kimono1,0.1,0.0,2026,hqs_finetuned,0.30090642992264094,0.0020495854415893966
hevc_Kimono1_f0160,HEVC_B,Kimono1,0.25,0.0,2026,hqs_round1,0.21675779986328791,0.0009408351478576993
hevc_Kimono1_f0160,HEVC_B,Kimono1,0.25,0.0,2026,hqs_finetuned,0.3216747685561998,0.0011946166620254717
hevc_Kimono1_f0160,HEVC_B,Kimono1,0.5,0.0,2026,hqs_round1,0.19574813083281128,0.00033178228569030743
hevc_Kimono1_f0160,HEVC_B,Kimono1,0.5,0.0,2026,hqs_finetuned,0.3108856211613258,0.0004331105403899693
hevc_Kimono1_f0160,HEVC_B,Kimono1,0.1,0.01,2026,hqs_round1,0.14045097205912072,0.0013686590247155017
hevc_Kimono1_f0160,HEVC_B,Kimono1,0.1,0.01,2026,hqs_finetuned,0.18044549345767535,0.0014222593131065775
hevc_Kimono1_f0160,HEVC_B,Kimono1,0.1,0.01,2027,hqs_round1,0.1881994682352257,0.0015836833848953402
hevc_Kimono1_f0160,HEVC_B,Kimono1,0.1,0.01,2027,hqs_finetuned,0.23441780600912665,0.0017307383718490055
hevc_Kimono1_f0160,HEVC_B,Kimono1,0.1,0.01,2028,hqs_round1,0.18324770044366545,0.0016038932261467354
hevc_Kimono1_f0160,HEVC_B,Kimono1,0.1,0.01,2028,hqs_finetuned,0.2179173132570682,0.0014451558094025208
hevc_Kimono1_f0160,HEVC_B,Kimono1,0.1,0.05,2026,hqs_round1,-0.04154364474976546,0.0013358795056342965
hevc_Kimono1_f0160,HEVC_B,Kimono1,0.1,0.05,2026,hqs_finetuned,1.066463662055419,0.06291778807449333
hevc_Kimono1_f0160,HEVC_B,Kimono1,0.1,0.05,2027,hqs_round1,-0.05644765027233234,0.0014228375022411477
hevc_Kimono1_f0160,HEVC_B,Kimono1,0.1,0.05,2027,hqs_finetuned,1.0851460108917017,0.062064703955173495
hevc_Kimono1_f0160,HEVC_B,Kimono1,0.1,0.05,2028,hqs_round1,-0.06460164754898301,0.0017836658198834288
hevc_Kimono1_f0160,HEVC_B,Kimono1,0.1,0.05,2028,hqs_finetuned,1.0383203495950184,0.060530589791774836
hevc_ParkScene_f0000,HEVC_B,ParkScene,0.01,0.0,2026,hqs_round1,-0.004626167055974406,-0.0004377249767465452
hevc_ParkScene_f0000,HEVC_B,ParkScene,0.01,0.0,2026,hqs_finetuned,0.04114596555593408,0.0016356893027380526
hevc_ParkScene_f0000,HEVC_B,ParkScene,0.04,0.0,2026,hqs_round1,0.012571163995819035,0.0002756381217641213
hevc_ParkScene_f0000,HEVC_B,ParkScene,0.04,0.0,2026,hqs_finetuned,0.09940135556306018,0.003400418886024492
hevc_ParkScene_f0000,HEVC_B,ParkScene,0.1,0.0,2026,hqs_round1,0.14138480650751006,0.0028040809586047377
hevc_ParkScene_f0000,HEVC_B,ParkScene,0.1,0.0,2026,hqs_finetuned,0.17165776371256314,0.003143108686923912
hevc_ParkScene_f0000,HEVC_B,ParkScene,0.25,0.0,2026,hqs_round1,0.1405463506820155,0.0013783608388900914
hevc_ParkScene_f0000,HEVC_B,ParkScene,0.25,0.0,2026,hqs_finetuned,0.16542462662305013,0.0016540977621078978
hevc_ParkScene_f0000,HEVC_B,ParkScene,0.5,0.0,2026,hqs_round1,0.17126965366175995,0.000644474442482057
hevc_ParkScene_f0000,HEVC_B,ParkScene,0.5,0.0,2026,hqs_finetuned,0.20039241006791997,0.0006439301023483113
hevc_ParkScene_f0000,HEVC_B,ParkScene,0.1,0.01,2026,hqs_round1,0.0960792973218787,0.0022567929944992127
hevc_ParkScene_f0000,HEVC_B,ParkScene,0.1,0.01,2026,hqs_finetuned,0.11490711274383614,0.002079903391599691
hevc_ParkScene_f0000,HEVC_B,ParkScene,0.1,0.01,2027,hqs_round1,0.10627146937530796,0.00246192227935782
hevc_ParkScene_f0000,HEVC_B,ParkScene,0.1,0.01,2027,hqs_finetuned,0.11265354489417945,0.002223765707254355
hevc_ParkScene_f0000,HEVC_B,ParkScene,0.1,0.01,2028,hqs_round1,0.09953198848929645,0.0021877731385230303
hevc_ParkScene_f0000,HEVC_B,ParkScene,0.1,0.01,2028,hqs_finetuned,0.11529349282244183,0.0020596695830821243
hevc_ParkScene_f0000,HEVC_B,ParkScene,0.1,0.05,2026,hqs_round1,-0.02247851960266445,0.0021902967945336416
hevc_ParkScene_f0000,HEVC_B,ParkScene,0.1,0.05,2026,hqs_finetuned,0.3820657992848382,0.023950112087964937
hevc_ParkScene_f0000,HEVC_B,ParkScene,0.1,0.05,2027,hqs_round1,-0.012973615658264492,0.0025784333957433736
hevc_ParkScene_f0000,HEVC_B,ParkScene,0.1,0.05,2027,hqs_finetuned,0.40468838924903494,0.026136612085461697
hevc_ParkScene_f0000,HEVC_B,ParkScene,0.1,0.05,2028,hqs_round1,-0.030407325020597398,0.001934057504177078
hevc_ParkScene_f0000,HEVC_B,ParkScene,0.1,0.05,2028,hqs_finetuned,0.41228062295370904,0.02621457520985604
hevc_ParkScene_f0080,HEVC_B,ParkScene,0.01,0.0,2026,hqs_round1,-0.0032921193901955803,-0.0004878723814644159
hevc_ParkScene_f0080,HEVC_B,ParkScene,0.01,0.0,2026,hqs_finetuned,0.0335943788224462,0.0013885328508020933
hevc_ParkScene_f0080,HEVC_B,ParkScene,0.04,0.0,2026,hqs_round1,0.011946118633463954,0.00013612289439146608
hevc_ParkScene_f0080,HEVC_B,ParkScene,0.04,0.0,2026,hqs_finetuned,0.07015653464793559,0.0012988930481336869
hevc_ParkScene_f0080,HEVC_B,ParkScene,0.1,0.0,2026,hqs_round1,0.046371931022591184,0.0007392092447280341
hevc_ParkScene_f0080,HEVC_B,ParkScene,0.1,0.0,2026,hqs_finetuned,0.10534726833734709,0.0018446250290869992
hevc_ParkScene_f0080,HEVC_B,ParkScene,0.25,0.0,2026,hqs_round1,0.07639151641127029,0.0008358704528809158
hevc_ParkScene_f0080,HEVC_B,ParkScene,0.25,0.0,2026,hqs_finetuned,0.123700777612747,0.0013197869863510459
hevc_ParkScene_f0080,HEVC_B,ParkScene,0.5,0.0,2026,hqs_round1,0.22200230792111597,0.0008946000766754114
hevc_ParkScene_f0080,HEVC_B,ParkScene,0.5,0.0,2026,hqs_finetuned,0.2820995002409674,0.0009869269151687732
hevc_ParkScene_f0080,HEVC_B,ParkScene,0.1,0.01,2026,hqs_round1,0.015069805960898464,0.000525483991861253
hevc_ParkScene_f0080,HEVC_B,ParkScene,0.1,0.01,2026,hqs_finetuned,0.07946290012482748,0.0015596754655837763
hevc_ParkScene_f0080,HEVC_B,ParkScene,0.1,0.01,2027,hqs_round1,0.03802030188115779,0.0008716319675445838
hevc_ParkScene_f0080,HEVC_B,ParkScene,0.1,0.01,2027,hqs_finetuned,0.10456151158282623,0.0020087174248695217
hevc_ParkScene_f0080,HEVC_B,ParkScene,0.1,0.01,2028,hqs_round1,-0.007477425064024601,0.0001815249330997526
hevc_ParkScene_f0080,HEVC_B,ParkScene,0.1,0.01,2028,hqs_finetuned,0.07092907532135939,0.0016742798905373668
hevc_ParkScene_f0080,HEVC_B,ParkScene,0.1,0.05,2026,hqs_round1,-0.023909819658140208,0.002252646090269095
hevc_ParkScene_f0080,HEVC_B,ParkScene,0.1,0.05,2026,hqs_finetuned,0.4900838359202595,0.03317681307864184
hevc_ParkScene_f0080,HEVC_B,ParkScene,0.1,0.05,2027,hqs_round1,-0.03232022356517916,0.0016011796314716609
hevc_ParkScene_f0080,HEVC_B,ParkScene,0.1,0.05,2027,hqs_finetuned,0.5261588454832378,0.02937216786265373
hevc_ParkScene_f0080,HEVC_B,ParkScene,0.1,0.05,2028,hqs_round1,-0.03310817163609414,0.00215772196078301
hevc_ParkScene_f0080,HEVC_B,ParkScene,0.1,0.05,2028,hqs_finetuned,0.509983764518573,0.030602740886807367
hevc_ParkScene_f0160,HEVC_B,ParkScene,0.01,0.0,2026,hqs_round1,-0.04575406649909297,-0.0031476962782561735
hevc_ParkScene_f0160,HEVC_B,ParkScene,0.01,0.0,2026,hqs_finetuned,-0.0888400030517218,-0.007767202197750733
hevc_ParkScene_f0160,HEVC_B,ParkScene,0.04,0.0,2026,hqs_round1,-0.017119905257803936,-0.0009627907444369477
hevc_ParkScene_f0160,HEVC_B,ParkScene,0.04,0.0,2026,hqs_finetuned,-0.03276344244549989,-0.0023227964899987796
hevc_ParkScene_f0160,HEVC_B,ParkScene,0.1,0.0,2026,hqs_round1,0.10451025401261305,0.0019518841366766848
hevc_ParkScene_f0160,HEVC_B,ParkScene,0.1,0.0,2026,hqs_finetuned,0.13815702524961893,0.001745203413009544
hevc_ParkScene_f0160,HEVC_B,ParkScene,0.25,0.0,2026,hqs_round1,0.0033684933910294035,-0.00017087077903754633
hevc_ParkScene_f0160,HEVC_B,ParkScene,0.25,0.0,2026,hqs_finetuned,0.047663103354537384,0.0002374080028533232
hevc_ParkScene_f0160,HEVC_B,ParkScene,0.5,0.0,2026,hqs_round1,0.13748562009762821,0.0006749511384963602
hevc_ParkScene_f0160,HEVC_B,ParkScene,0.5,0.0,2026,hqs_finetuned,0.16757151992327834,0.0006680267324447042
hevc_ParkScene_f0160,HEVC_B,ParkScene,0.1,0.01,2026,hqs_round1,0.07432825450994685,0.0015548922605513882
hevc_ParkScene_f0160,HEVC_B,ParkScene,0.1,0.01,2026,hqs_finetuned,0.11995502365392596,0.0014169618849754206
hevc_ParkScene_f0160,HEVC_B,ParkScene,0.1,0.01,2027,hqs_round1,0.058917425593154604,0.0008360079889297989
hevc_ParkScene_f0160,HEVC_B,ParkScene,0.1,0.01,2027,hqs_finetuned,0.09296782537539627,0.0007264900159835719
hevc_ParkScene_f0160,HEVC_B,ParkScene,0.1,0.01,2028,hqs_round1,0.08355501503443463,0.0017303055467605688
hevc_ParkScene_f0160,HEVC_B,ParkScene,0.1,0.01,2028,hqs_finetuned,0.11935942557071755,0.0015428577742576666
hevc_ParkScene_f0160,HEVC_B,ParkScene,0.1,0.05,2026,hqs_round1,-0.010929122351729603,0.0015055650241375673
hevc_ParkScene_f0160,HEVC_B,ParkScene,0.1,0.05,2026,hqs_finetuned,0.5004846668178793,0.024699719694614486
hevc_ParkScene_f0160,HEVC_B,ParkScene,0.1,0.05,2027,hqs_round1,-0.0171398528348341,0.000748660390164746
hevc_ParkScene_f0160,HEVC_B,ParkScene,0.1,0.05,2027,hqs_finetuned,0.4513893433442355,0.022310359189868012
hevc_ParkScene_f0160,HEVC_B,ParkScene,0.1,0.05,2028,hqs_round1,-0.01681455803792531,0.0008138778207302799
hevc_ParkScene_f0160,HEVC_B,ParkScene,0.1,0.05,2028,hqs_finetuned,0.4437467847926264,0.022634537375807784
hevc_FourPeople_f0000,HEVC_E,FourPeople,0.01,0.0,2026,hqs_round1,0.02631055758649481,0.0006199438435274818
hevc_FourPeople_f0000,HEVC_E,FourPeople,0.01,0.0,2026,hqs_finetuned,0.15446499298222705,0.007236077218743864
hevc_FourPeople_f0000,HEVC_E,FourPeople,0.04,0.0,2026,hqs_round1,0.010048080020784056,0.000501007289752331
hevc_FourPeople_f0000,HEVC_E,FourPeople,0.04,0.0,2026,hqs_finetuned,0.09795146397652488,0.0030707386907636858
hevc_FourPeople_f0000,HEVC_E,FourPeople,0.1,0.0,2026,hqs_round1,0.2942202263748044,0.0025803674407005595
hevc_FourPeople_f0000,HEVC_E,FourPeople,0.1,0.0,2026,hqs_finetuned,0.4240245661785309,0.003625019479751579
hevc_FourPeople_f0000,HEVC_E,FourPeople,0.25,0.0,2026,hqs_round1,0.21383077913507265,0.000546763979911824
hevc_FourPeople_f0000,HEVC_E,FourPeople,0.25,0.0,2026,hqs_finetuned,0.3254362304936933,0.0008781112184524931
hevc_FourPeople_f0000,HEVC_E,FourPeople,0.5,0.0,2026,hqs_round1,0.1295856551304695,7.719769573211188e-05
hevc_FourPeople_f0000,HEVC_E,FourPeople,0.5,0.0,2026,hqs_finetuned,0.22106642877100313,0.00011431694316865748
hevc_FourPeople_f0000,HEVC_E,FourPeople,0.1,0.01,2026,hqs_round1,0.15853936453115836,0.002487624892234752
hevc_FourPeople_f0000,HEVC_E,FourPeople,0.1,0.01,2026,hqs_finetuned,0.3008321036452699,0.004582013531684859
hevc_FourPeople_f0000,HEVC_E,FourPeople,0.1,0.01,2027,hqs_round1,0.20721967641063088,0.0032462223110198973
hevc_FourPeople_f0000,HEVC_E,FourPeople,0.1,0.01,2027,hqs_finetuned,0.344397885910972,0.005125598828077393
hevc_FourPeople_f0000,HEVC_E,FourPeople,0.1,0.01,2028,hqs_round1,0.15082752108320818,0.002869586683750147
hevc_FourPeople_f0000,HEVC_E,FourPeople,0.1,0.01,2028,hqs_finetuned,0.2987020489958425,0.004972891016721714
hevc_FourPeople_f0000,HEVC_E,FourPeople,0.1,0.05,2026,hqs_round1,-0.052118335195800114,0.0030920643906593437
hevc_FourPeople_f0000,HEVC_E,FourPeople,0.1,0.05,2026,hqs_finetuned,1.0312974500226986,0.09940371911025048
hevc_FourPeople_f0000,HEVC_E,FourPeople,0.1,0.05,2027,hqs_round1,-0.04025238096061301,0.0036379764879345133
hevc_FourPeople_f0000,HEVC_E,FourPeople,0.1,0.05,2027,hqs_finetuned,1.0300660455369481,0.09821435378265375
hevc_FourPeople_f0000,HEVC_E,FourPeople,0.1,0.05,2028,hqs_round1,-0.04198335148967658,0.00395726277273889
hevc_FourPeople_f0000,HEVC_E,FourPeople,0.1,0.05,2028,hqs_finetuned,1.032345584771086,0.10130224300101398
hevc_FourPeople_f0200,HEVC_E,FourPeople,0.01,0.0,2026,hqs_round1,0.026906372405861134,0.0011549832782598024
hevc_FourPeople_f0200,HEVC_E,FourPeople,0.01,0.0,2026,hqs_finetuned,0.21061567611135246,0.007662524949631266
hevc_FourPeople_f0200,HEVC_E,FourPeople,0.04,0.0,2026,hqs_round1,-0.003415689048065218,-0.00015711766570802865
hevc_FourPeople_f0200,HEVC_E,FourPeople,0.04,0.0,2026,hqs_finetuned,0.0478427548161271,0.001944744299352208
hevc_FourPeople_f0200,HEVC_E,FourPeople,0.1,0.0,2026,hqs_round1,0.19633191279825013,0.0014565147233009945
hevc_FourPeople_f0200,HEVC_E,FourPeople,0.1,0.0,2026,hqs_finetuned,0.3027422155176467,0.0021598989214897113
hevc_FourPeople_f0200,HEVC_E,FourPeople,0.25,0.0,2026,hqs_round1,0.309082803236187,0.0006996598157882339
hevc_FourPeople_f0200,HEVC_E,FourPeople,0.25,0.0,2026,hqs_finetuned,0.3956854934711984,0.0008173072252273261
hevc_FourPeople_f0200,HEVC_E,FourPeople,0.5,0.0,2026,hqs_round1,0.14570435357811107,4.932691860204397e-05
hevc_FourPeople_f0200,HEVC_E,FourPeople,0.5,0.0,2026,hqs_finetuned,0.191978277340084,6.119622135170033e-05
hevc_FourPeople_f0200,HEVC_E,FourPeople,0.1,0.01,2026,hqs_round1,0.16980327561937258,0.002614935850381861
hevc_FourPeople_f0200,HEVC_E,FourPeople,0.1,0.01,2026,hqs_finetuned,0.2693711819428444,0.004398998168230084
hevc_FourPeople_f0200,HEVC_E,FourPeople,0.1,0.01,2027,hqs_round1,0.1845235683181201,0.0029451020843982434
hevc_FourPeople_f0200,HEVC_E,FourPeople,0.1,0.01,2027,hqs_finetuned,0.3044384926404078,0.005063979670047791
hevc_FourPeople_f0200,HEVC_E,FourPeople,0.1,0.01,2028,hqs_round1,0.06997517492395389,0.0016424094920158838
hevc_FourPeople_f0200,HEVC_E,FourPeople,0.1,0.01,2028,hqs_finetuned,0.1449751478766217,0.003098354071497944
hevc_FourPeople_f0200,HEVC_E,FourPeople,0.1,0.05,2026,hqs_round1,-0.015549224125617656,0.004502088917732294
hevc_FourPeople_f0200,HEVC_E,FourPeople,0.1,0.05,2026,hqs_finetuned,1.0802255954245297,0.10086796717476842
hevc_FourPeople_f0200,HEVC_E,FourPeople,0.1,0.05,2027,hqs_round1,-0.006377867893515798,0.004781488040149218
hevc_FourPeople_f0200,HEVC_E,FourPeople,0.1,0.05,2027,hqs_finetuned,1.1350333401876327,0.10698883370757095
hevc_FourPeople_f0200,HEVC_E,FourPeople,0.1,0.05,2028,hqs_round1,-0.013438114304054949,0.004950031461834925
hevc_FourPeople_f0200,HEVC_E,FourPeople,0.1,0.05,2028,hqs_finetuned,1.1082420699789957,0.10447858745980265
hevc_FourPeople_f0400,HEVC_E,FourPeople,0.01,0.0,2026,hqs_round1,0.03828040596932425,0.0013652596448023857
hevc_FourPeople_f0400,HEVC_E,FourPeople,0.01,0.0,2026,hqs_finetuned,0.22656659686506941,0.007968846163741161
hevc_FourPeople_f0400,HEVC_E,FourPeople,0.04,0.0,2026,hqs_round1,0.03505329867621754,0.00047146281850340976
hevc_FourPeople_f0400,HEVC_E,FourPeople,0.04,0.0,2026,hqs_finetuned,0.07615562668109632,0.0012272952695489003
hevc_FourPeople_f0400,HEVC_E,FourPeople,0.1,0.0,2026,hqs_round1,0.2674057231343383,0.0019888585886954635
hevc_FourPeople_f0400,HEVC_E,FourPeople,0.1,0.0,2026,hqs_finetuned,0.38168613119284345,0.0028882562794685374
hevc_FourPeople_f0400,HEVC_E,FourPeople,0.25,0.0,2026,hqs_round1,0.3359128007135723,0.0007182825565337225
hevc_FourPeople_f0400,HEVC_E,FourPeople,0.25,0.0,2026,hqs_finetuned,0.4792698925708194,0.0009094935693740869
hevc_FourPeople_f0400,HEVC_E,FourPeople,0.5,0.0,2026,hqs_round1,0.12457174408041283,7.215303516394656e-05
hevc_FourPeople_f0400,HEVC_E,FourPeople,0.5,0.0,2026,hqs_finetuned,0.18158275351571973,5.980267238614445e-05
hevc_FourPeople_f0400,HEVC_E,FourPeople,0.1,0.01,2026,hqs_round1,0.08411207847178304,0.001606690779924369
hevc_FourPeople_f0400,HEVC_E,FourPeople,0.1,0.01,2026,hqs_finetuned,0.2054333958015917,0.003737597633361789
hevc_FourPeople_f0400,HEVC_E,FourPeople,0.1,0.01,2027,hqs_round1,0.12367225646502078,0.0020905613749027108
hevc_FourPeople_f0400,HEVC_E,FourPeople,0.1,0.01,2027,hqs_finetuned,0.23980661650522705,0.003822799890518147
hevc_FourPeople_f0400,HEVC_E,FourPeople,0.1,0.01,2028,hqs_round1,0.06294720976354284,0.0016644012632369698
hevc_FourPeople_f0400,HEVC_E,FourPeople,0.1,0.01,2028,hqs_finetuned,0.16264477553047385,0.0030231212892531945
hevc_FourPeople_f0400,HEVC_E,FourPeople,0.1,0.05,2026,hqs_round1,-0.018519333900275825,0.0046193895035981924
hevc_FourPeople_f0400,HEVC_E,FourPeople,0.1,0.05,2026,hqs_finetuned,1.0923059905762749,0.10277725538313387
hevc_FourPeople_f0400,HEVC_E,FourPeople,0.1,0.05,2027,hqs_round1,-0.010605273576654639,0.004952197937130864
hevc_FourPeople_f0400,HEVC_E,FourPeople,0.1,0.05,2027,hqs_finetuned,1.0304751198550655,0.09664471195757385
hevc_FourPeople_f0400,HEVC_E,FourPeople,0.1,0.05,2028,hqs_round1,-0.05380605968990437,0.0039202653740849636
hevc_FourPeople_f0400,HEVC_E,FourPeople,0.1,0.05,2028,hqs_finetuned,1.07969490510229,0.09709616406571686
hevc_Johnny_f0000,HEVC_E,Johnny,0.01,0.0,2026,hqs_round1,0.14570498651661268,0.0046802970217993956
hevc_Johnny_f0000,HEVC_E,Johnny,0.01,0.0,2026,hqs_finetuned,0.5343261949561082,0.015196920551515891
hevc_Johnny_f0000,HEVC_E,Johnny,0.04,0.0,2026,hqs_round1,0.22442568856974532,0.0019007593987881988
hevc_Johnny_f0000,HEVC_E,Johnny,0.04,0.0,2026,hqs_finetuned,0.38632781448564657,0.0036113557417094544
hevc_Johnny_f0000,HEVC_E,Johnny,0.1,0.0,2026,hqs_round1,0.2749779595045183,0.0010056535143851963
hevc_Johnny_f0000,HEVC_E,Johnny,0.1,0.0,2026,hqs_finetuned,0.29399111520367427,0.0009327113161087253
hevc_Johnny_f0000,HEVC_E,Johnny,0.25,0.0,2026,hqs_round1,0.0003156408529463306,-0.00010264183330532806
hevc_Johnny_f0000,HEVC_E,Johnny,0.25,0.0,2026,hqs_finetuned,0.04302403598795479,0.00011552591705321635
hevc_Johnny_f0000,HEVC_E,Johnny,0.5,0.0,2026,hqs_round1,0.07440422074755304,-5.1587185859736095e-05
hevc_Johnny_f0000,HEVC_E,Johnny,0.5,0.0,2026,hqs_finetuned,-0.019053645419283782,-0.00023349674606332194
hevc_Johnny_f0000,HEVC_E,Johnny,0.1,0.01,2026,hqs_round1,0.20566450481294396,0.001757863372325974
hevc_Johnny_f0000,HEVC_E,Johnny,0.1,0.01,2026,hqs_finetuned,0.3451687197954669,0.004384089854240436
hevc_Johnny_f0000,HEVC_E,Johnny,0.1,0.01,2027,hqs_round1,0.3539578187756973,0.002551993066787772
hevc_Johnny_f0000,HEVC_E,Johnny,0.1,0.01,2027,hqs_finetuned,0.43906541165529234,0.004840540700435603
hevc_Johnny_f0000,HEVC_E,Johnny,0.1,0.01,2028,hqs_round1,0.2785243318164845,0.0021809895510673805
hevc_Johnny_f0000,HEVC_E,Johnny,0.1,0.01,2028,hqs_finetuned,0.3997389657854242,0.004769721431732155
hevc_Johnny_f0000,HEVC_E,Johnny,0.1,0.05,2026,hqs_round1,-0.11103784217791457,0.0029510964084490388
hevc_Johnny_f0000,HEVC_E,Johnny,0.1,0.05,2026,hqs_finetuned,1.8596468681590679,0.1362423614568039
hevc_Johnny_f0000,HEVC_E,Johnny,0.1,0.05,2027,hqs_round1,-0.06916613082656653,0.00251215984153752
hevc_Johnny_f0000,HEVC_E,Johnny,0.1,0.05,2027,hqs_finetuned,1.9431092456395476,0.13333049932801722
hevc_Johnny_f0000,HEVC_E,Johnny,0.1,0.05,2028,hqs_round1,-0.07386322893668407,0.0030595794157535217
hevc_Johnny_f0000,HEVC_E,Johnny,0.1,0.05,2028,hqs_finetuned,1.9541365459790256,0.13536262080848216
hevc_Johnny_f0200,HEVC_E,Johnny,0.01,0.0,2026,hqs_round1,0.06270276354583615,0.0015139430753376981
hevc_Johnny_f0200,HEVC_E,Johnny,0.01,0.0,2026,hqs_finetuned,0.2579750880790641,0.008161079652865944
hevc_Johnny_f0200,HEVC_E,Johnny,0.04,0.0,2026,hqs_round1,0.16722953117519523,0.001465097679018923
hevc_Johnny_f0200,HEVC_E,Johnny,0.04,0.0,2026,hqs_finetuned,0.38164197952797707,0.0037383433352708995
hevc_Johnny_f0200,HEVC_E,Johnny,0.1,0.0,2026,hqs_round1,0.33732812243852806,0.0011141960339546841
hevc_Johnny_f0200,HEVC_E,Johnny,0.1,0.0,2026,hqs_finetuned,0.4900775645321076,0.0011869486055374745
hevc_Johnny_f0200,HEVC_E,Johnny,0.25,0.0,2026,hqs_round1,0.008474445068983982,-8.938306331629509e-05
hevc_Johnny_f0200,HEVC_E,Johnny,0.25,0.0,2026,hqs_finetuned,0.02728638458041388,-0.0003655214977263954
hevc_Johnny_f0200,HEVC_E,Johnny,0.5,0.0,2026,hqs_round1,0.07812986540501754,-1.9991511344907842e-05
hevc_Johnny_f0200,HEVC_E,Johnny,0.5,0.0,2026,hqs_finetuned,0.04524841208947805,-4.862934970850663e-05
hevc_Johnny_f0200,HEVC_E,Johnny,0.1,0.01,2026,hqs_round1,0.24520438001970746,0.0019290547528266755
hevc_Johnny_f0200,HEVC_E,Johnny,0.1,0.01,2026,hqs_finetuned,0.4485491733387761,0.004183353164196046
hevc_Johnny_f0200,HEVC_E,Johnny,0.1,0.01,2027,hqs_round1,0.22550766031658043,0.001706334906578011
hevc_Johnny_f0200,HEVC_E,Johnny,0.1,0.01,2027,hqs_finetuned,0.4269575413948914,0.004093982787609085
hevc_Johnny_f0200,HEVC_E,Johnny,0.1,0.01,2028,hqs_round1,0.20486917863800613,0.0020358460388183452
hevc_Johnny_f0200,HEVC_E,Johnny,0.1,0.01,2028,hqs_finetuned,0.3452334922007836,0.004095940051078717
hevc_Johnny_f0200,HEVC_E,Johnny,0.1,0.05,2026,hqs_round1,-0.08821263606991536,0.0026424965187310523
hevc_Johnny_f0200,HEVC_E,Johnny,0.1,0.05,2026,hqs_finetuned,1.9565606732245229,0.13347954812562457
hevc_Johnny_f0200,HEVC_E,Johnny,0.1,0.05,2027,hqs_round1,-0.06370239973029257,0.0039353593157902544
hevc_Johnny_f0200,HEVC_E,Johnny,0.1,0.05,2027,hqs_finetuned,1.9117909257463594,0.13509153448299316
hevc_Johnny_f0200,HEVC_E,Johnny,0.1,0.05,2028,hqs_round1,-0.046625102426748555,0.004597841879382725
hevc_Johnny_f0200,HEVC_E,Johnny,0.1,0.05,2028,hqs_finetuned,2.030620622200189,0.13610954015766075
hevc_Johnny_f0400,HEVC_E,Johnny,0.01,0.0,2026,hqs_round1,0.045326937809189616,0.0017591397383063256
hevc_Johnny_f0400,HEVC_E,Johnny,0.01,0.0,2026,hqs_finetuned,0.20883233288953917,0.008748840427809546
hevc_Johnny_f0400,HEVC_E,Johnny,0.04,0.0,2026,hqs_round1,0.16913650360807964,0.0014460597207406334
hevc_Johnny_f0400,HEVC_E,Johnny,0.04,0.0,2026,hqs_finetuned,0.3556439341171753,0.0033230807824442543
hevc_Johnny_f0400,HEVC_E,Johnny,0.1,0.0,2026,hqs_round1,0.32770217299916027,0.0013648599796295402
hevc_Johnny_f0400,HEVC_E,Johnny,0.1,0.0,2026,hqs_finetuned,0.3655665807836499,0.0015575065674782174
hevc_Johnny_f0400,HEVC_E,Johnny,0.25,0.0,2026,hqs_round1,0.0809124274305546,0.0003187129297256286
hevc_Johnny_f0400,HEVC_E,Johnny,0.25,0.0,2026,hqs_finetuned,0.02546706663640208,-4.203862953189308e-05
hevc_Johnny_f0400,HEVC_E,Johnny,0.5,0.0,2026,hqs_round1,0.04891901859085124,-5.836502456657566e-05
hevc_Johnny_f0400,HEVC_E,Johnny,0.5,0.0,2026,hqs_finetuned,0.059596259491492276,6.2224925994947e-05
hevc_Johnny_f0400,HEVC_E,Johnny,0.1,0.01,2026,hqs_round1,0.25505815488392614,0.002279176038742059
hevc_Johnny_f0400,HEVC_E,Johnny,0.1,0.01,2026,hqs_finetuned,0.4024070337050816,0.004733496078014321
hevc_Johnny_f0400,HEVC_E,Johnny,0.1,0.01,2027,hqs_round1,0.28790050936829914,0.0022757411937713856
hevc_Johnny_f0400,HEVC_E,Johnny,0.1,0.01,2027,hqs_finetuned,0.408757790635498,0.00434954760169981
hevc_Johnny_f0400,HEVC_E,Johnny,0.1,0.01,2028,hqs_round1,0.35675866980992765,0.002984394268989554
hevc_Johnny_f0400,HEVC_E,Johnny,0.1,0.01,2028,hqs_finetuned,0.4905962492261722,0.00522939898538588
hevc_Johnny_f0400,HEVC_E,Johnny,0.1,0.05,2026,hqs_round1,-0.05718259722334551,0.0036709369297623917
hevc_Johnny_f0400,HEVC_E,Johnny,0.1,0.05,2026,hqs_finetuned,2.02209657124045,0.12761678244280816
hevc_Johnny_f0400,HEVC_E,Johnny,0.1,0.05,2027,hqs_round1,-0.09182241503250665,0.001477216220766353
hevc_Johnny_f0400,HEVC_E,Johnny,0.1,0.05,2027,hqs_finetuned,2.001342743693897,0.13390345300602913
hevc_Johnny_f0400,HEVC_E,Johnny,0.1,0.05,2028,hqs_round1,-0.1889698777920401,0.0011320719536618284
hevc_Johnny_f0400,HEVC_E,Johnny,0.1,0.05,2028,hqs_finetuned,1.9850179203818392,0.13556563901349905
hevc_KristenAndSara_f0000,HEVC_E,KristenAndSara,0.01,0.0,2026,hqs_round1,0.0015728065879585529,0.0010602623234807762
hevc_KristenAndSara_f0000,HEVC_E,KristenAndSara,0.01,0.0,2026,hqs_finetuned,-0.03663382040423713,-0.0005455160183461816
hevc_KristenAndSara_f0000,HEVC_E,KristenAndSara,0.04,0.0,2026,hqs_round1,0.11629012101690961,0.002015631308827537
hevc_KristenAndSara_f0000,HEVC_E,KristenAndSara,0.04,0.0,2026,hqs_finetuned,0.3097918793032477,0.005100822921466075
hevc_KristenAndSara_f0000,HEVC_E,KristenAndSara,0.1,0.0,2026,hqs_round1,0.46271996053654973,0.0038508400201796578
hevc_KristenAndSara_f0000,HEVC_E,KristenAndSara,0.1,0.0,2026,hqs_finetuned,0.8336511696933151,0.006747465580940193
hevc_KristenAndSara_f0000,HEVC_E,KristenAndSara,0.25,0.0,2026,hqs_round1,0.5880513830012148,0.001328945052623709
hevc_KristenAndSara_f0000,HEVC_E,KristenAndSara,0.25,0.0,2026,hqs_finetuned,0.8859173900982427,0.0017949118943214604
hevc_KristenAndSara_f0000,HEVC_E,KristenAndSara,0.5,0.0,2026,hqs_round1,0.052138031277337404,8.294959545140923e-05
hevc_KristenAndSara_f0000,HEVC_E,KristenAndSara,0.5,0.0,2026,hqs_finetuned,0.3302116138934963,0.00016112233829501665
hevc_KristenAndSara_f0000,HEVC_E,KristenAndSara,0.1,0.01,2026,hqs_round1,0.4832380424126015,0.0055837992284297755
hevc_KristenAndSara_f0000,HEVC_E,KristenAndSara,0.1,0.01,2026,hqs_finetuned,0.8218836281595934,0.010067852484464623
hevc_KristenAndSara_f0000,HEVC_E,KristenAndSara,0.1,0.01,2027,hqs_round1,0.4159349424021741,0.00482477082514754
hevc_KristenAndSara_f0000,HEVC_E,KristenAndSara,0.1,0.01,2027,hqs_finetuned,0.7401734400726276,0.00875714219832413
hevc_KristenAndSara_f0000,HEVC_E,KristenAndSara,0.1,0.01,2028,hqs_round1,0.43807686186923434,0.004548703727245362
hevc_KristenAndSara_f0000,HEVC_E,KristenAndSara,0.1,0.01,2028,hqs_finetuned,0.7581104650990831,0.00925489488649367
hevc_KristenAndSara_f0000,HEVC_E,KristenAndSara,0.1,0.05,2026,hqs_round1,0.013638820330900359,0.006124445728883154
hevc_KristenAndSara_f0000,HEVC_E,KristenAndSara,0.1,0.05,2026,hqs_finetuned,0.9973700931495451,0.12907324302461742
hevc_KristenAndSara_f0000,HEVC_E,KristenAndSara,0.1,0.05,2027,hqs_round1,0.0025033693208911245,0.005441389591671508
hevc_KristenAndSara_f0000,HEVC_E,KristenAndSara,0.1,0.05,2027,hqs_finetuned,1.140410789359283,0.12650506841102238
hevc_KristenAndSara_f0000,HEVC_E,KristenAndSara,0.1,0.05,2028,hqs_round1,-0.05755505688134477,0.005668030866086471
hevc_KristenAndSara_f0000,HEVC_E,KristenAndSara,0.1,0.05,2028,hqs_finetuned,0.9871044238166782,0.12532891818293934
hevc_KristenAndSara_f0200,HEVC_E,KristenAndSara,0.01,0.0,2026,hqs_round1,0.053300896285271904,0.0019387255324133656
hevc_KristenAndSara_f0200,HEVC_E,KristenAndSara,0.01,0.0,2026,hqs_finetuned,0.1908622851498727,0.007678245230414382
hevc_KristenAndSara_f0200,HEVC_E,KristenAndSara,0.04,0.0,2026,hqs_round1,0.08968447167509908,0.001846840831553509
hevc_KristenAndSara_f0200,HEVC_E,KristenAndSara,0.04,0.0,2026,hqs_finetuned,0.3022234407591,0.006159679902641102
hevc_KristenAndSara_f0200,HEVC_E,KristenAndSara,0.1,0.0,2026,hqs_round1,0.6165670885095977,0.005477950735330528
hevc_KristenAndSara_f0200,HEVC_E,KristenAndSara,0.1,0.0,2026,hqs_finetuned,0.9352033273827978,0.008046947577238117
hevc_KristenAndSara_f0200,HEVC_E,KristenAndSara,0.25,0.0,2026,hqs_round1,0.5973540910037158,0.0011485395002365228
hevc_KristenAndSara_f0200,HEVC_E,KristenAndSara,0.25,0.0,2026,hqs_finetuned,0.8562169788083409,0.0013438975553512478
hevc_KristenAndSara_f0200,HEVC_E,KristenAndSara,0.5,0.0,2026,hqs_round1,0.11828342105000189,0.00011436445331580725
hevc_KristenAndSara_f0200,HEVC_E,KristenAndSara,0.5,0.0,2026,hqs_finetuned,0.41859022262750045,0.00019208778381352154
hevc_KristenAndSara_f0200,HEVC_E,KristenAndSara,0.1,0.01,2026,hqs_round1,0.5214992802258109,0.00720371399688724
hevc_KristenAndSara_f0200,HEVC_E,KristenAndSara,0.1,0.01,2026,hqs_finetuned,0.9443568676873539,0.013505718802928945
hevc_KristenAndSara_f0200,HEVC_E,KristenAndSara,0.1,0.01,2027,hqs_round1,0.6392136556478043,0.008040393979072635
hevc_KristenAndSara_f0200,HEVC_E,KristenAndSara,0.1,0.01,2027,hqs_finetuned,1.0129119752765483,0.014324443901062023
hevc_KristenAndSara_f0200,HEVC_E,KristenAndSara,0.1,0.01,2028,hqs_round1,0.5272944750371167,0.006700386380791734
hevc_KristenAndSara_f0200,HEVC_E,KristenAndSara,0.1,0.01,2028,hqs_finetuned,0.9120751247771324,0.011944261140227397
hevc_KristenAndSara_f0200,HEVC_E,KristenAndSara,0.1,0.05,2026,hqs_round1,-0.04514821312740125,0.006310746710568749
hevc_KristenAndSara_f0200,HEVC_E,KristenAndSara,0.1,0.05,2026,hqs_finetuned,1.0637671204420371,0.13705530577803404
hevc_KristenAndSara_f0200,HEVC_E,KristenAndSara,0.1,0.05,2027,hqs_round1,0.008524687842609069,0.007049219915645222
hevc_KristenAndSara_f0200,HEVC_E,KristenAndSara,0.1,0.05,2027,hqs_finetuned,1.1574840455329607,0.14002199084822275
hevc_KristenAndSara_f0200,HEVC_E,KristenAndSara,0.1,0.05,2028,hqs_round1,0.0043316700434026245,0.006541403911054067
hevc_KristenAndSara_f0200,HEVC_E,KristenAndSara,0.1,0.05,2028,hqs_finetuned,1.1968998486453515,0.13710051283940672
hevc_KristenAndSara_f0400,HEVC_E,KristenAndSara,0.01,0.0,2026,hqs_round1,0.011413124891056725,0.0008312637088123687
hevc_KristenAndSara_f0400,HEVC_E,KristenAndSara,0.01,0.0,2026,hqs_finetuned,-0.030847957498302492,0.0005493107794419805
hevc_KristenAndSara_f0400,HEVC_E,KristenAndSara,0.04,0.0,2026,hqs_round1,0.11930519481633794,0.0021985960371815327
hevc_KristenAndSara_f0400,HEVC_E,KristenAndSara,0.04,0.0,2026,hqs_finetuned,0.3614895089063417,0.007079230097739475
hevc_KristenAndSara_f0400,HEVC_E,KristenAndSara,0.1,0.0,2026,hqs_round1,0.5663783850988651,0.0053013203532695785
hevc_KristenAndSara_f0400,HEVC_E,KristenAndSara,0.1,0.0,2026,hqs_finetuned,0.8585736459125393,0.008101411405563308
hevc_KristenAndSara_f0400,HEVC_E,KristenAndSara,0.25,0.0,2026,hqs_round1,0.6599169458402443,0.0015680276355743983
hevc_KristenAndSara_f0400,HEVC_E,KristenAndSara,0.25,0.0,2026,hqs_finetuned,0.9929235846495104,0.0022536136932372886
hevc_KristenAndSara_f0400,HEVC_E,KristenAndSara,0.5,0.0,2026,hqs_round1,0.05731205758934976,6.575325202939908e-05
hevc_KristenAndSara_f0400,HEVC_E,KristenAndSara,0.5,0.0,2026,hqs_finetuned,0.29444657977096256,0.00011033562946316522
hevc_KristenAndSara_f0400,HEVC_E,KristenAndSara,0.1,0.01,2026,hqs_round1,0.47813744926894586,0.006489798487305687
hevc_KristenAndSara_f0400,HEVC_E,KristenAndSara,0.1,0.01,2026,hqs_finetuned,0.7244011865936244,0.010882171762108817
hevc_KristenAndSara_f0400,HEVC_E,KristenAndSara,0.1,0.01,2027,hqs_round1,0.45743204596297815,0.006295706367850373
hevc_KristenAndSara_f0400,HEVC_E,KristenAndSara,0.1,0.01,2027,hqs_finetuned,0.6925346736039089,0.010671244998574303
hevc_KristenAndSara_f0400,HEVC_E,KristenAndSara,0.1,0.01,2028,hqs_round1,0.4052590420056461,0.005620304262876519
hevc_KristenAndSara_f0400,HEVC_E,KristenAndSara,0.1,0.01,2028,hqs_finetuned,0.5523451026998067,0.009050393004655821
hevc_KristenAndSara_f0400,HEVC_E,KristenAndSara,0.1,0.05,2026,hqs_round1,-0.03105885757111082,0.005431923567680741
hevc_KristenAndSara_f0400,HEVC_E,KristenAndSara,0.1,0.05,2026,hqs_finetuned,1.1733343001737673,0.13569611509358892
hevc_KristenAndSara_f0400,HEVC_E,KristenAndSara,0.1,0.05,2027,hqs_round1,0.043009802831768695,0.006559381046891244
hevc_KristenAndSara_f0400,HEVC_E,KristenAndSara,0.1,0.05,2027,hqs_finetuned,1.209847462351771,0.13572648055618997
hevc_KristenAndSara_f0400,HEVC_E,KristenAndSara,0.1,0.05,2028,hqs_round1,-0.01084157615691339,0.005792006808199024
hevc_KristenAndSara_f0400,HEVC_E,KristenAndSara,0.1,0.05,2028,hqs_finetuned,1.0764925853479816,0.1294539483966306
fresh_div2k_0802,DIV2K_fresh,fresh_div2k_0802,0.01,0.0,2026,hqs_round1,0.2734282250818296,0.01699916193399298
fresh_div2k_0802,DIV2K_fresh,fresh_div2k_0802,0.01,0.0,2026,hqs_finetuned,0.9128508841365743,0.06074665583379513
fresh_div2k_0802,DIV2K_fresh,fresh_div2k_0802,0.04,0.0,2026,hqs_round1,0.15642915872719598,0.0027449907855391364
fresh_div2k_0802,DIV2K_fresh,fresh_div2k_0802,0.04,0.0,2026,hqs_finetuned,0.28051535822370965,0.005240001796245619
fresh_div2k_0802,DIV2K_fresh,fresh_div2k_0802,0.1,0.0,2026,hqs_round1,0.30901145362013693,0.0013320514321326637
fresh_div2k_0802,DIV2K_fresh,fresh_div2k_0802,0.1,0.0,2026,hqs_finetuned,0.41841793769098956,0.0017371948771476298
fresh_div2k_0802,DIV2K_fresh,fresh_div2k_0802,0.25,0.0,2026,hqs_round1,0.28985693067254203,0.0005424319190978633
fresh_div2k_0802,DIV2K_fresh,fresh_div2k_0802,0.25,0.0,2026,hqs_finetuned,0.44535474865567437,0.0006830299654007055
fresh_div2k_0802,DIV2K_fresh,fresh_div2k_0802,0.5,0.0,2026,hqs_round1,0.28544998776687436,0.0003030823783874981
fresh_div2k_0802,DIV2K_fresh,fresh_div2k_0802,0.5,0.0,2026,hqs_finetuned,0.38999704735410745,0.00026683137512217847
fresh_div2k_0802,DIV2K_fresh,fresh_div2k_0802,0.1,0.01,2026,hqs_round1,0.25031572289859483,0.0012300260105132521
fresh_div2k_0802,DIV2K_fresh,fresh_div2k_0802,0.1,0.01,2026,hqs_finetuned,0.3634806072128818,0.0017869543037414282
fresh_div2k_0802,DIV2K_fresh,fresh_div2k_0802,0.1,0.01,2027,hqs_round1,0.2717062702369333,0.0013111082201003876
fresh_div2k_0802,DIV2K_fresh,fresh_div2k_0802,0.1,0.01,2027,hqs_finetuned,0.38385533978266295,0.0019482119665146236
fresh_div2k_0802,DIV2K_fresh,fresh_div2k_0802,0.1,0.01,2028,hqs_round1,0.2559635081322611,0.0012657398076058035
fresh_div2k_0802,DIV2K_fresh,fresh_div2k_0802,0.1,0.01,2028,hqs_finetuned,0.37955428184252327,0.0018948638510704052
fresh_div2k_0802,DIV2K_fresh,fresh_div2k_0802,0.1,0.05,2026,hqs_round1,0.02928377986322417,0.0012116699702143796
fresh_div2k_0802,DIV2K_fresh,fresh_div2k_0802,0.1,0.05,2026,hqs_finetuned,0.8743122629652369,0.019499689318612234
fresh_div2k_0802,DIV2K_fresh,fresh_div2k_0802,0.1,0.05,2027,hqs_round1,0.02027554906914375,0.0012687664482593508
fresh_div2k_0802,DIV2K_fresh,fresh_div2k_0802,0.1,0.05,2027,hqs_finetuned,0.9820109388151934,0.02091536610209943
fresh_div2k_0802,DIV2K_fresh,fresh_div2k_0802,0.1,0.05,2028,hqs_round1,-0.010243386792222253,0.0007968944827319024
fresh_div2k_0802,DIV2K_fresh,fresh_div2k_0802,0.1,0.05,2028,hqs_finetuned,0.8977354039762808,0.018175287135601126
fresh_div2k_0804,DIV2K_fresh,fresh_div2k_0804,0.01,0.0,2026,hqs_round1,0.026092684696099155,0.0011943987972132253
fresh_div2k_0804,DIV2K_fresh,fresh_div2k_0804,0.01,0.0,2026,hqs_finetuned,0.061424835381401977,0.0003225102995889628
fresh_div2k_0804,DIV2K_fresh,fresh_div2k_0804,0.04,0.0,2026,hqs_round1,0.06731907214852484,0.0015294421689945326
fresh_div2k_0804,DIV2K_fresh,fresh_div2k_0804,0.04,0.0,2026,hqs_finetuned,0.09118051395936178,4.852310552283523e-05
fresh_div2k_0804,DIV2K_fresh,fresh_div2k_0804,0.1,0.0,2026,hqs_round1,0.05578273929019417,0.00029225451005998604
fresh_div2k_0804,DIV2K_fresh,fresh_div2k_0804,0.1,0.0,2026,hqs_finetuned,0.1191015205496555,0.00012944157205518891
fresh_div2k_0804,DIV2K_fresh,fresh_div2k_0804,0.25,0.0,2026,hqs_round1,0.22022283534698417,0.0025815043113232017
fresh_div2k_0804,DIV2K_fresh,fresh_div2k_0804,0.25,0.0,2026,hqs_finetuned,0.37056262836602016,0.0039413503360749
fresh_div2k_0804,DIV2K_fresh,fresh_div2k_0804,0.5,0.0,2026,hqs_round1,0.3381945593826572,0.002009881907463096
fresh_div2k_0804,DIV2K_fresh,fresh_div2k_0804,0.5,0.0,2026,hqs_finetuned,0.5038135002812965,0.002911581825256415
fresh_div2k_0804,DIV2K_fresh,fresh_div2k_0804,0.1,0.01,2026,hqs_round1,0.018404504868275495,-6.590065298972547e-05
fresh_div2k_0804,DIV2K_fresh,fresh_div2k_0804,0.1,0.01,2026,hqs_finetuned,0.09764411428530906,-0.0002793767084628973
fresh_div2k_0804,DIV2K_fresh,fresh_div2k_0804,0.1,0.01,2027,hqs_round1,0.01008281662536703,-0.00037091229793428937
fresh_div2k_0804,DIV2K_fresh,fresh_div2k_0804,0.1,0.01,2027,hqs_finetuned,0.09926769454099116,-0.0005575623019188347
fresh_div2k_0804,DIV2K_fresh,fresh_div2k_0804,0.1,0.01,2028,hqs_round1,0.010456406106101213,-0.0002643075527251071
fresh_div2k_0804,DIV2K_fresh,fresh_div2k_0804,0.1,0.01,2028,hqs_finetuned,0.08979900715650047,-0.0005500690749883352
fresh_div2k_0804,DIV2K_fresh,fresh_div2k_0804,0.1,0.05,2026,hqs_round1,-0.040218010711868146,0.001016004116950131
fresh_div2k_0804,DIV2K_fresh,fresh_div2k_0804,0.1,0.05,2026,hqs_finetuned,0.5470516945073349,0.025285009479960374
fresh_div2k_0804,DIV2K_fresh,fresh_div2k_0804,0.1,0.05,2027,hqs_round1,-0.07331444482433724,7.765022639460994e-05
fresh_div2k_0804,DIV2K_fresh,fresh_div2k_0804,0.1,0.05,2027,hqs_finetuned,0.5607798582318253,0.025594369700414843
fresh_div2k_0804,DIV2K_fresh,fresh_div2k_0804,0.1,0.05,2028,hqs_round1,-0.04255173981291449,0.00039699812985583005
fresh_div2k_0804,DIV2K_fresh,fresh_div2k_0804,0.1,0.05,2028,hqs_finetuned,0.5234931820453248,0.02487950685214435
fresh_div2k_0808,DIV2K_fresh,fresh_div2k_0808,0.01,0.0,2026,hqs_round1,0.023193877675744545,0.0004586517298422743
fresh_div2k_0808,DIV2K_fresh,fresh_div2k_0808,0.01,0.0,2026,hqs_finetuned,0.025699271710635685,0.0012374074927964385
fresh_div2k_0808,DIV2K_fresh,fresh_div2k_0808,0.04,0.0,2026,hqs_round1,0.011652261674910847,0.00046914682487819714
fresh_div2k_0808,DIV2K_fresh,fresh_div2k_0808,0.04,0.0,2026,hqs_finetuned,0.015290465579816725,0.0004009570017945441
fresh_div2k_0808,DIV2K_fresh,fresh_div2k_0808,0.1,0.0,2026,hqs_round1,0.1438334621348787,0.0018212036645413043
fresh_div2k_0808,DIV2K_fresh,fresh_div2k_0808,0.1,0.0,2026,hqs_finetuned,0.26208416770452203,0.00219553296041497
fresh_div2k_0808,DIV2K_fresh,fresh_div2k_0808,0.25,0.0,2026,hqs_round1,0.20094362396573473,0.0011456402854919112
fresh_div2k_0808,DIV2K_fresh,fresh_div2k_0808,0.25,0.0,2026,hqs_finetuned,0.293054976397606,0.0012259216861724154
fresh_div2k_0808,DIV2K_fresh,fresh_div2k_0808,0.5,0.0,2026,hqs_round1,0.11181228419175682,0.00029174762630468365
fresh_div2k_0808,DIV2K_fresh,fresh_div2k_0808,0.5,0.0,2026,hqs_finetuned,0.14547433502827545,0.00025716333961489646
fresh_div2k_0808,DIV2K_fresh,fresh_div2k_0808,0.1,0.01,2026,hqs_round1,0.06730778394119952,0.0013843670930862029
fresh_div2k_0808,DIV2K_fresh,fresh_div2k_0808,0.1,0.01,2026,hqs_finetuned,0.16832945322481052,0.001938191591262739
fresh_div2k_0808,DIV2K_fresh,fresh_div2k_0808,0.1,0.01,2027,hqs_round1,0.08075073733234817,0.0017711998755932656
fresh_div2k_0808,DIV2K_fresh,fresh_div2k_0808,0.1,0.01,2027,hqs_finetuned,0.1721212246290591,0.0021446020412445588
fresh_div2k_0808,DIV2K_fresh,fresh_div2k_0808,0.1,0.01,2028,hqs_round1,0.08238649327173775,0.0014253041744232142
fresh_div2k_0808,DIV2K_fresh,fresh_div2k_0808,0.1,0.01,2028,hqs_finetuned,0.18003783186054179,0.0020788518879413243
fresh_div2k_0808,DIV2K_fresh,fresh_div2k_0808,0.1,0.05,2026,hqs_round1,-0.08880132987222566,0.0013792812942415855
fresh_div2k_0808,DIV2K_fresh,fresh_div2k_0808,0.1,0.05,2026,hqs_finetuned,0.7174762565385393,0.0847605356927067
fresh_div2k_0808,DIV2K_fresh,fresh_div2k_0808,0.1,0.05,2027,hqs_round1,-0.07607993568817406,0.0020638733607307724
fresh_div2k_0808,DIV2K_fresh,fresh_div2k_0808,0.1,0.05,2027,hqs_finetuned,0.6569493067347167,0.08529147512772073
fresh_div2k_0808,DIV2K_fresh,fresh_div2k_0808,0.1,0.05,2028,hqs_round1,-0.06503545922837972,0.002050647534079797
fresh_div2k_0808,DIV2K_fresh,fresh_div2k_0808,0.1,0.05,2028,hqs_finetuned,0.6951316741538989,0.08168160138604785
fresh_div2k_0811,DIV2K_fresh,fresh_div2k_0811,0.01,0.0,2026,hqs_round1,0.014104789175799937,0.00024144139886173033
fresh_div2k_0811,DIV2K_fresh,fresh_div2k_0811,0.01,0.0,2026,hqs_finetuned,0.023683490545689523,-0.0017371697143621079
fresh_div2k_0811,DIV2K_fresh,fresh_div2k_0811,0.04,0.0,2026,hqs_round1,0.007187580871477195,-0.0003123545531239502
fresh_div2k_0811,DIV2K_fresh,fresh_div2k_0811,0.04,0.0,2026,hqs_finetuned,0.028967723083134445,-0.0015181351965581902
fresh_div2k_0811,DIV2K_fresh,fresh_div2k_0811,0.1,0.0,2026,hqs_round1,0.02437395198456116,1.1073247551895982e-05
fresh_div2k_0811,DIV2K_fresh,fresh_div2k_0811,0.1,0.0,2026,hqs_finetuned,0.02494023192436856,-0.001613131499588416
fresh_div2k_0811,DIV2K_fresh,fresh_div2k_0811,0.25,0.0,2026,hqs_round1,0.018373871731874658,6.5121972560922e-05
fresh_div2k_0811,DIV2K_fresh,fresh_div2k_0811,0.25,0.0,2026,hqs_finetuned,0.049125306932392476,-8.617093086193961e-06
fresh_div2k_0811,DIV2K_fresh,fresh_div2k_0811,0.5,0.0,2026,hqs_round1,0.06606584750242916,0.0007085316410064824
fresh_div2k_0811,DIV2K_fresh,fresh_div2k_0811,0.5,0.0,2026,hqs_finetuned,0.1018063943032459,0.0006765340709686818
fresh_div2k_0811,DIV2K_fresh,fresh_div2k_0811,0.1,0.01,2026,hqs_round1,0.018034803121580012,-0.00013296299207210538
fresh_div2k_0811,DIV2K_fresh,fresh_div2k_0811,0.1,0.01,2026,hqs_finetuned,0.020985600269419535,-0.0020956690574884806
fresh_div2k_0811,DIV2K_fresh,fresh_div2k_0811,0.1,0.01,2027,hqs_round1,0.02045459150896889,3.8288462877233975e-05
fresh_div2k_0811,DIV2K_fresh,fresh_div2k_0811,0.1,0.01,2027,hqs_finetuned,0.02732265885231655,-0.001737166133880641
fresh_div2k_0811,DIV2K_fresh,fresh_div2k_0811,0.1,0.01,2028,hqs_round1,0.017895164062849744,-7.889393401894207e-05
fresh_div2k_0811,DIV2K_fresh,fresh_div2k_0811,0.1,0.01,2028,hqs_finetuned,0.023975138111694605,-0.0016711417781114513
fresh_div2k_0811,DIV2K_fresh,fresh_div2k_0811,0.1,0.05,2026,hqs_round1,0.010828097104543133,0.0009785384876774827
fresh_div2k_0811,DIV2K_fresh,fresh_div2k_0811,0.1,0.05,2026,hqs_finetuned,0.1920761337042336,0.0009442935925312312
fresh_div2k_0811,DIV2K_fresh,fresh_div2k_0811,0.1,0.05,2027,hqs_round1,0.007574890331454753,0.0010341040016860203
fresh_div2k_0811,DIV2K_fresh,fresh_div2k_0811,0.1,0.05,2027,hqs_finetuned,0.20406739989396883,0.002454647726401693
fresh_div2k_0811,DIV2K_fresh,fresh_div2k_0811,0.1,0.05,2028,hqs_round1,0.002074961488474969,0.0009326445759497703
fresh_div2k_0811,DIV2K_fresh,fresh_div2k_0811,0.1,0.05,2028,hqs_finetuned,0.19007501357203438,0.0025726133192702783
fresh_div2k_0813,DIV2K_fresh,fresh_div2k_0813,0.01,0.0,2026,hqs_round1,0.014333966835426537,0.0012918919696150999
fresh_div2k_0813,DIV2K_fresh,fresh_div2k_0813,0.01,0.0,2026,hqs_finetuned,0.07123371154325042,0.003932452940133002
fresh_div2k_0813,DIV2K_fresh,fresh_div2k_0813,0.04,0.0,2026,hqs_round1,0.034482513563585115,0.002451078999027634
fresh_div2k_0813,DIV2K_fresh,fresh_div2k_0813,0.04,0.0,2026,hqs_finetuned,0.04874751314036274,0.0035883180599491915
fresh_div2k_0813,DIV2K_fresh,fresh_div2k_0813,0.1,0.0,2026,hqs_round1,0.09670030529895968,0.00233426186227792
fresh_div2k_0813,DIV2K_fresh,fresh_div2k_0813,0.1,0.0,2026,hqs_finetuned,0.10147853950285324,0.0023706924526691875
fresh_div2k_0813,DIV2K_fresh,fresh_div2k_0813,0.25,0.0,2026,hqs_round1,0.0767283283415594,0.0005933158378601533
fresh_div2k_0813,DIV2K_fresh,fresh_div2k_0813,0.25,0.0,2026,hqs_finetuned,0.20025898735129743,0.0015059578561782416
fresh_div2k_0813,DIV2K_fresh,fresh_div2k_0813,0.5,0.0,2026,hqs_round1,0.33731915080897323,0.0005204775094985736
fresh_div2k_0813,DIV2K_fresh,fresh_div2k_0813,0.5,0.0,2026,hqs_finetuned,0.5119802116375993,0.0007490894927978387
fresh_div2k_0813,DIV2K_fresh,fresh_div2k_0813,0.1,0.01,2026,hqs_round1,0.044308432347033744,0.001921937997817924
fresh_div2k_0813,DIV2K_fresh,fresh_div2k_0813,0.1,0.01,2026,hqs_finetuned,0.06086539308002159,0.0019542702074050178
fresh_div2k_0813,DIV2K_fresh,fresh_div2k_0813,0.1,0.01,2027,hqs_round1,0.03145172083393177,0.0017627201609611287
fresh_div2k_0813,DIV2K_fresh,fresh_div2k_0813,0.1,0.01,2027,hqs_finetuned,0.06243310049376305,0.0020510023784637843
fresh_div2k_0813,DIV2K_fresh,fresh_div2k_0813,0.1,0.01,2028,hqs_round1,0.0685760114934908,0.002606430670976656
fresh_div2k_0813,DIV2K_fresh,fresh_div2k_0813,0.1,0.01,2028,hqs_finetuned,0.08724383104851086,0.0027434031474590226
fresh_div2k_0813,DIV2K_fresh,fresh_div2k_0813,0.1,0.05,2026,hqs_round1,-0.003148149675151757,0.007952088060526163
fresh_div2k_0813,DIV2K_fresh,fresh_div2k_0813,0.1,0.05,2026,hqs_finetuned,0.6353302887955898,0.07712093605331516
fresh_div2k_0813,DIV2K_fresh,fresh_div2k_0813,0.1,0.05,2027,hqs_round1,-0.01219940529931307,0.00800427839086204
fresh_div2k_0813,DIV2K_fresh,fresh_div2k_0813,0.1,0.05,2027,hqs_finetuned,0.6455897253363787,0.0740081269087084
fresh_div2k_0813,DIV2K_fresh,fresh_div2k_0813,0.1,0.05,2028,hqs_round1,0.007108713672597133,0.007214780598214121
fresh_div2k_0813,DIV2K_fresh,fresh_div2k_0813,0.1,0.05,2028,hqs_finetuned,0.6520621753143381,0.07242765377901239
fresh_div2k_0817,DIV2K_fresh,fresh_div2k_0817,0.01,0.0,2026,hqs_round1,0.0021324454774962476,0.0004138728646511658
fresh_div2k_0817,DIV2K_fresh,fresh_div2k_0817,0.01,0.0,2026,hqs_finetuned,-0.012559269358579428,-0.0039005412856196187
fresh_div2k_0817,DIV2K_fresh,fresh_div2k_0817,0.04,0.0,2026,hqs_round1,0.024630135566951594,0.001318541676350482
fresh_div2k_0817,DIV2K_fresh,fresh_div2k_0817,0.04,0.0,2026,hqs_finetuned,-0.0008222843491445531,-0.0012084500414054622
fresh_div2k_0817,DIV2K_fresh,fresh_div2k_0817,0.1,0.0,2026,hqs_round1,0.10649830847009767,0.002343224094044416
fresh_div2k_0817,DIV2K_fresh,fresh_div2k_0817,0.1,0.0,2026,hqs_finetuned,0.14831568641152515,0.004095354873076107
fresh_div2k_0817,DIV2K_fresh,fresh_div2k_0817,0.25,0.0,2026,hqs_round1,0.15827890403349443,0.001545620572566908
fresh_div2k_0817,DIV2K_fresh,fresh_div2k_0817,0.25,0.0,2026,hqs_finetuned,0.21259321949551335,0.002097865171909352
fresh_div2k_0817,DIV2K_fresh,fresh_div2k_0817,0.5,0.0,2026,hqs_round1,0.2006309233322625,0.0007422894983291073
fresh_div2k_0817,DIV2K_fresh,fresh_div2k_0817,0.5,0.0,2026,hqs_finetuned,0.3217482205085602,0.001053918490409811
fresh_div2k_0817,DIV2K_fresh,fresh_div2k_0817,0.1,0.01,2026,hqs_round1,0.08747609806865242,0.0019379467343986212
fresh_div2k_0817,DIV2K_fresh,fresh_div2k_0817,0.1,0.01,2026,hqs_finetuned,0.13014371525611423,0.0037388556691706487
fresh_div2k_0817,DIV2K_fresh,fresh_div2k_0817,0.1,0.01,2027,hqs_round1,0.06196039751114313,0.001159678985387047
fresh_div2k_0817,DIV2K_fresh,fresh_div2k_0817,0.1,0.01,2027,hqs_finetuned,0.08879795953225056,0.002453350271642174
fresh_div2k_0817,DIV2K_fresh,fresh_div2k_0817,0.1,0.01,2028,hqs_round1,0.08236498208768239,0.001774597903132391
fresh_div2k_0817,DIV2K_fresh,fresh_div2k_0817,0.1,0.01,2028,hqs_finetuned,0.11285872905380501,0.0030843437073007074
fresh_div2k_0817,DIV2K_fresh,fresh_div2k_0817,0.1,0.05,2026,hqs_round1,-0.026989758084326354,0.002803630655163869
fresh_div2k_0817,DIV2K_fresh,fresh_div2k_0817,0.1,0.05,2026,hqs_finetuned,0.42819282787885626,0.02453355126479273
fresh_div2k_0817,DIV2K_fresh,fresh_div2k_0817,0.1,0.05,2027,hqs_round1,-0.030955470870281943,0.0026026185519992806
fresh_div2k_0817,DIV2K_fresh,fresh_div2k_0817,0.1,0.05,2027,hqs_finetuned,0.353395528506681,0.026316578426008097
fresh_div2k_0817,DIV2K_fresh,fresh_div2k_0817,0.1,0.05,2028,hqs_round1,-0.031064254245432465,0.003349262922741514
fresh_div2k_0817,DIV2K_fresh,fresh_div2k_0817,0.1,0.05,2028,hqs_finetuned,0.3904308407237558,0.025841635197199953
fresh_div2k_0821,DIV2K_fresh,fresh_div2k_0821,0.01,0.0,2026,hqs_round1,0.09320262139460134,0.00909673898498578
fresh_div2k_0821,DIV2K_fresh,fresh_div2k_0821,0.01,0.0,2026,hqs_finetuned,0.3004591829952741,0.03051684335736346
fresh_div2k_0821,DIV2K_fresh,fresh_div2k_0821,0.04,0.0,2026,hqs_round1,0.09223917789585201,0.010445748131221122
fresh_div2k_0821,DIV2K_fresh,fresh_div2k_0821,0.04,0.0,2026,hqs_finetuned,0.22743020158797123,0.02317425037302101
fresh_div2k_0821,DIV2K_fresh,fresh_div2k_0821,0.1,0.0,2026,hqs_round1,0.356525208470007,0.009793430424095972
fresh_div2k_0821,DIV2K_fresh,fresh_div2k_0821,0.1,0.0,2026,hqs_finetuned,0.8811095725372695,0.022776947214966592
fresh_div2k_0821,DIV2K_fresh,fresh_div2k_0821,0.25,0.0,2026,hqs_round1,0.6002904135416713,0.0031737943305969463
fresh_div2k_0821,DIV2K_fresh,fresh_div2k_0821,0.25,0.0,2026,hqs_finetuned,1.2874682438318246,0.006151792021751423
fresh_div2k_0821,DIV2K_fresh,fresh_div2k_0821,0.5,0.0,2026,hqs_round1,0.6221901136688786,0.0006364849119185889
fresh_div2k_0821,DIV2K_fresh,fresh_div2k_0821,0.5,0.0,2026,hqs_finetuned,1.081374659422714,0.000987851903915371
fresh_div2k_0821,DIV2K_fresh,fresh_div2k_0821,0.1,0.01,2026,hqs_round1,0.3504576493882574,0.009821021290361887
fresh_div2k_0821,DIV2K_fresh,fresh_div2k_0821,0.1,0.01,2026,hqs_finetuned,0.8754100452973219,0.022796395095773025
fresh_div2k_0821,DIV2K_fresh,fresh_div2k_0821,0.1,0.01,2027,hqs_round1,0.3466259055014227,0.009707263644035846
fresh_div2k_0821,DIV2K_fresh,fresh_div2k_0821,0.1,0.01,2027,hqs_finetuned,0.8547713710958114,0.02242749934018773
fresh_div2k_0821,DIV2K_fresh,fresh_div2k_0821,0.1,0.01,2028,hqs_round1,0.3507034792143138,0.00981309918605533
fresh_div2k_0821,DIV2K_fresh,fresh_div2k_0821,0.1,0.01,2028,hqs_finetuned,0.8547556433725241,0.022394169608384362
fresh_div2k_0821,DIV2K_fresh,fresh_div2k_0821,0.1,0.05,2026,hqs_round1,0.23748953405725004,0.009234989208149691
fresh_div2k_0821,DIV2K_fresh,fresh_div2k_0821,0.1,0.05,2026,hqs_finetuned,0.6404449325490482,0.0233393358526528
fresh_div2k_0821,DIV2K_fresh,fresh_div2k_0821,0.1,0.05,2027,hqs_round1,0.22447888285960005,0.009331391872031025
fresh_div2k_0821,DIV2K_fresh,fresh_div2k_0821,0.1,0.05,2027,hqs_finetuned,0.5997746550004983,0.023217812193135234
fresh_div2k_0821,DIV2K_fresh,fresh_div2k_0821,0.1,0.05,2028,hqs_round1,0.23143055824475667,0.00943839950830061
fresh_div2k_0821,DIV2K_fresh,fresh_div2k_0821,0.1,0.05,2028,hqs_finetuned,0.6096872255280026,0.023018573383790875
fresh_div2k_0823,DIV2K_fresh,fresh_div2k_0823,0.01,0.0,2026,hqs_round1,0.009005228906623586,0.0005369080842241303
fresh_div2k_0823,DIV2K_fresh,fresh_div2k_0823,0.01,0.0,2026,hqs_finetuned,0.0033414767670372214,0.0007669922757322922
fresh_div2k_0823,DIV2K_fresh,fresh_div2k_0823,0.04,0.0,2026,hqs_round1,0.03416015088764368,0.0013510163532961528
fresh_div2k_0823,DIV2K_fresh,fresh_div2k_0823,0.04,0.0,2026,hqs_finetuned,0.07420969244158115,0.0028361966379927273
fresh_div2k_0823,DIV2K_fresh,fresh_div2k_0823,0.1,0.0,2026,hqs_round1,0.10041652375766574,0.0027242470400332675
fresh_div2k_0823,DIV2K_fresh,fresh_div2k_0823,0.1,0.0,2026,hqs_finetuned,0.1538698295669363,0.0037361957207917573
fresh_div2k_0823,DIV2K_fresh,fresh_div2k_0823,0.25,0.0,2026,hqs_round1,0.14565100566865397,0.0012262182674408484
fresh_div2k_0823,DIV2K_fresh,fresh_div2k_0823,0.25,0.0,2026,hqs_finetuned,0.1760068376771926,0.0013724557218551814
fresh_div2k_0823,DIV2K_fresh,fresh_div2k_0823,0.5,0.0,2026,hqs_round1,0.23667687329934495,0.0006567085485458257
fresh_div2k_0823,DIV2K_fresh,fresh_div2k_0823,0.5,0.0,2026,hqs_finetuned,0.3958387052083907,0.0008065011463164184
fresh_div2k_0823,DIV2K_fresh,fresh_div2k_0823,0.1,0.01,2026,hqs_round1,0.07738741632300972,0.003443388029098493
fresh_div2k_0823,DIV2K_fresh,fresh_div2k_0823,0.1,0.01,2026,hqs_finetuned,0.11716412239464091,0.004388535865545329
fresh_div2k_0823,DIV2K_fresh,fresh_div2k_0823,0.1,0.01,2027,hqs_round1,0.04454691515288545,0.002836947408378032
fresh_div2k_0823,DIV2K_fresh,fresh_div2k_0823,0.1,0.01,2027,hqs_finetuned,0.08299868761357487,0.0036357492822408632
fresh_div2k_0823,DIV2K_fresh,fresh_div2k_0823,0.1,0.01,2028,hqs_round1,0.07524645741761304,0.003334104108110081
fresh_div2k_0823,DIV2K_fresh,fresh_div2k_0823,0.1,0.01,2028,hqs_finetuned,0.12141923758791506,0.004193493547052118
fresh_div2k_0823,DIV2K_fresh,fresh_div2k_0823,0.1,0.05,2026,hqs_round1,-0.02120151447601515,0.010814154598075887
fresh_div2k_0823,DIV2K_fresh,fresh_div2k_0823,0.1,0.05,2026,hqs_finetuned,0.49261466890386174,0.10567471267052742
fresh_div2k_0823,DIV2K_fresh,fresh_div2k_0823,0.1,0.05,2027,hqs_round1,-0.012244601643804032,0.009775949307896159
fresh_div2k_0823,DIV2K_fresh,fresh_div2k_0823,0.1,0.05,2027,hqs_finetuned,0.4027090363651631,0.10272015521264821
fresh_div2k_0823,DIV2K_fresh,fresh_div2k_0823,0.1,0.05,2028,hqs_round1,-0.013094197472899083,0.010047342161782047
fresh_div2k_0823,DIV2K_fresh,fresh_div2k_0823,0.1,0.05,2028,hqs_finetuned,0.47809343590441955,0.10639481410908325
fresh_div2k_0826,DIV2K_fresh,fresh_div2k_0826,0.01,0.0,2026,hqs_round1,0.014261959052042528,0.0006425177063039689
fresh_div2k_0826,DIV2K_fresh,fresh_div2k_0826,0.01,0.0,2026,hqs_finetuned,0.2232310349787241,0.001292714028924391
fresh_div2k_0826,DIV2K_fresh,fresh_div2k_0826,0.04,0.0,2026,hqs_round1,0.030318718328810945,0.002354326692312725
fresh_div2k_0826,DIV2K_fresh,fresh_div2k_0826,0.04,0.0,2026,hqs_finetuned,0.034363000845459624,0.0021459569656240296
fresh_div2k_0826,DIV2K_fresh,fresh_div2k_0826,0.1,0.0,2026,hqs_round1,0.14192439971032655,0.0028193396869152787
fresh_div2k_0826,DIV2K_fresh,fresh_div2k_0826,0.1,0.0,2026,hqs_finetuned,0.19215560346130545,0.0018267813078314266
fresh_div2k_0826,DIV2K_fresh,fresh_div2k_0826,0.25,0.0,2026,hqs_round1,0.14683436112447268,0.0026169584426879444
fresh_div2k_0826,DIV2K_fresh,fresh_div2k_0826,0.25,0.0,2026,hqs_finetuned,0.2146722367027607,0.003047047998189889
fresh_div2k_0826,DIV2K_fresh,fresh_div2k_0826,0.5,0.0,2026,hqs_round1,0.21487069361093347,0.0013409468927384482
fresh_div2k_0826,DIV2K_fresh,fresh_div2k_0826,0.5,0.0,2026,hqs_finetuned,0.31958082933406473,0.0016332734375000824
fresh_div2k_0826,DIV2K_fresh,fresh_div2k_0826,0.1,0.01,2026,hqs_round1,0.08914241497238606,0.0025827874728515665
fresh_div2k_0826,DIV2K_fresh,fresh_div2k_0826,0.1,0.01,2026,hqs_finetuned,0.16158483870356122,0.0014439309756364427
fresh_div2k_0826,DIV2K_fresh,fresh_div2k_0826,0.1,0.01,2027,hqs_round1,0.0831807595746632,0.002545253873243891
fresh_div2k_0826,DIV2K_fresh,fresh_div2k_0826,0.1,0.01,2027,hqs_finetuned,0.15105316701483318,0.0009370012170076825
fresh_div2k_0826,DIV2K_fresh,fresh_div2k_0826,0.1,0.01,2028,hqs_round1,0.05845830461631607,0.001937492642775096
fresh_div2k_0826,DIV2K_fresh,fresh_div2k_0826,0.1,0.01,2028,hqs_finetuned,0.10876244962258852,-0.00025816006562118243
fresh_div2k_0826,DIV2K_fresh,fresh_div2k_0826,0.1,0.05,2026,hqs_round1,0.003264180087892754,0.004761460282658669
fresh_div2k_0826,DIV2K_fresh,fresh_div2k_0826,0.1,0.05,2026,hqs_finetuned,0.7334087960776081,0.06530575540017014
fresh_div2k_0826,DIV2K_fresh,fresh_div2k_0826,0.1,0.05,2027,hqs_round1,0.04071144443544483,0.006590351319634369
fresh_div2k_0826,DIV2K_fresh,fresh_div2k_0826,0.1,0.05,2027,hqs_finetuned,0.729454968816011,0.06743019444771392
fresh_div2k_0826,DIV2K_fresh,fresh_div2k_0826,0.1,0.05,2028,hqs_round1,0.006893168913553183,0.005684838234158218
fresh_div2k_0826,DIV2K_fresh,fresh_div2k_0826,0.1,0.05,2028,hqs_finetuned,0.7071363899642407,0.07034871746328097
fresh_div2k_0830,DIV2K_fresh,fresh_div2k_0830,0.01,0.0,2026,hqs_round1,0.04903259876306265,0.001762432082806964
fresh_div2k_0830,DIV2K_fresh,fresh_div2k_0830,0.01,0.0,2026,hqs_finetuned,0.13403736461117077,0.003997803832471003
fresh_div2k_0830,DIV2K_fresh,fresh_div2k_0830,0.04,0.0,2026,hqs_round1,0.028279309203256275,0.001039197489645316
fresh_div2k_0830,DIV2K_fresh,fresh_div2k_0830,0.04,0.0,2026,hqs_finetuned,0.10021230176538154,-0.002640138762327382
fresh_div2k_0830,DIV2K_fresh,fresh_div2k_0830,0.1,0.0,2026,hqs_round1,0.06758346420377492,0.004158032880303919
fresh_div2k_0830,DIV2K_fresh,fresh_div2k_0830,0.1,0.0,2026,hqs_finetuned,0.03967523222468117,-0.0018880280188345866
fresh_div2k_0830,DIV2K_fresh,fresh_div2k_0830,0.25,0.0,2026,hqs_round1,0.11823661571778743,0.002653207927227008
fresh_div2k_0830,DIV2K_fresh,fresh_div2k_0830,0.25,0.0,2026,hqs_finetuned,0.2931271957567638,0.003762606923103373
fresh_div2k_0830,DIV2K_fresh,fresh_div2k_0830,0.5,0.0,2026,hqs_round1,0.2090605877578895,0.0012029397239684547
fresh_div2k_0830,DIV2K_fresh,fresh_div2k_0830,0.5,0.0,2026,hqs_finetuned,0.391137010381442,0.001345622357368459
fresh_div2k_0830,DIV2K_fresh,fresh_div2k_0830,0.1,0.01,2026,hqs_round1,0.050410345804156265,0.0034468576590419575
fresh_div2k_0830,DIV2K_fresh,fresh_div2k_0830,0.1,0.01,2026,hqs_finetuned,0.04422953633238791,-0.002010431874513552
fresh_div2k_0830,DIV2K_fresh,fresh_div2k_0830,0.1,0.01,2027,hqs_round1,0.02727966329311826,0.003547618510186701
fresh_div2k_0830,DIV2K_fresh,fresh_div2k_0830,0.1,0.01,2027,hqs_finetuned,0.057669763584129896,-0.0018732409682273854
fresh_div2k_0830,DIV2K_fresh,fresh_div2k_0830,0.1,0.01,2028,hqs_round1,-0.01272917994729994,0.0018481254135817027
fresh_div2k_0830,DIV2K_fresh,fresh_div2k_0830,0.1,0.01,2028,hqs_finetuned,0.00737694093932717,-0.005019955183491076
fresh_div2k_0830,DIV2K_fresh,fresh_div2k_0830,0.1,0.05,2026,hqs_round1,0.02316049049647617,0.003257523413877972
fresh_div2k_0830,DIV2K_fresh,fresh_div2k_0830,0.1,0.05,2026,hqs_finetuned,0.5185803188006197,0.05270424770017346
fresh_div2k_0830,DIV2K_fresh,fresh_div2k_0830,0.1,0.05,2027,hqs_round1,0.011646998337667469,0.0031248915752917217
fresh_div2k_0830,DIV2K_fresh,fresh_div2k_0830,0.1,0.05,2027,hqs_finetuned,0.5695164983064309,0.058703585552398074
fresh_div2k_0830,DIV2K_fresh,fresh_div2k_0830,0.1,0.05,2028,hqs_round1,0.01192482286696972,0.003450024131521623
fresh_div2k_0830,DIV2K_fresh,fresh_div2k_0830,0.1,0.05,2028,hqs_finetuned,0.5785549661262799,0.05744580586802217
fresh_div2k_0832,DIV2K_fresh,fresh_div2k_0832,0.01,0.0,2026,hqs_round1,-0.001445278901531566,0.00038496715761837663
fresh_div2k_0832,DIV2K_fresh,fresh_div2k_0832,0.01,0.0,2026,hqs_finetuned,0.05541067065120231,0.002845700931622286
fresh_div2k_0832,DIV2K_fresh,fresh_div2k_0832,0.04,0.0,2026,hqs_round1,-0.00920188344794326,5.578589396537659e-06
fresh_div2k_0832,DIV2K_fresh,fresh_div2k_0832,0.04,0.0,2026,hqs_finetuned,0.050405773106319884,0.0010081827238728192
fresh_div2k_0832,DIV2K_fresh,fresh_div2k_0832,0.1,0.0,2026,hqs_round1,0.0655915574027297,0.0008422988679408494
fresh_div2k_0832,DIV2K_fresh,fresh_div2k_0832,0.1,0.0,2026,hqs_finetuned,0.06603505457691128,1.864109933302771e-06
fresh_div2k_0832,DIV2K_fresh,fresh_div2k_0832,0.25,0.0,2026,hqs_round1,0.13068126050098172,0.001064992897987338
fresh_div2k_0832,DIV2K_fresh,fresh_div2k_0832,0.25,0.0,2026,hqs_finetuned,0.18445777170946798,0.0015491266126632652
fresh_div2k_0832,DIV2K_fresh,fresh_div2k_0832,0.5,0.0,2026,hqs_round1,0.22016651276817356,0.0006111640939712171
fresh_div2k_0832,DIV2K_fresh,fresh_div2k_0832,0.5,0.0,2026,hqs_finetuned,0.3615305285410173,0.0008520324974059523
fresh_div2k_0832,DIV2K_fresh,fresh_div2k_0832,0.1,0.01,2026,hqs_round1,0.052203609027788644,0.0007995895980894563
fresh_div2k_0832,DIV2K_fresh,fresh_div2k_0832,0.1,0.01,2026,hqs_finetuned,0.0662292683948813,0.00010336846229430652
fresh_div2k_0832,DIV2K_fresh,fresh_div2k_0832,0.1,0.01,2027,hqs_round1,0.05259567652103314,0.0007587784979343759
fresh_div2k_0832,DIV2K_fresh,fresh_div2k_0832,0.1,0.01,2027,hqs_finetuned,0.04680939212999746,-0.0006340820176601314
fresh_div2k_0832,DIV2K_fresh,fresh_div2k_0832,0.1,0.01,2028,hqs_round1,0.0517080608564342,0.0007826867270991356
fresh_div2k_0832,DIV2K_fresh,fresh_div2k_0832,0.1,0.01,2028,hqs_finetuned,0.06332846302883866,-0.00020644423413274104
fresh_div2k_0832,DIV2K_fresh,fresh_div2k_0832,0.1,0.05,2026,hqs_round1,-0.01762785039910142,0.0023966178990677545
fresh_div2k_0832,DIV2K_fresh,fresh_div2k_0832,0.1,0.05,2026,hqs_finetuned,0.2789641384498758,0.017714768357358968
fresh_div2k_0832,DIV2K_fresh,fresh_div2k_0832,0.1,0.05,2027,hqs_round1,-0.016753844446437682,0.0025743056103326722
fresh_div2k_0832,DIV2K_fresh,fresh_div2k_0832,0.1,0.05,2027,hqs_finetuned,0.24702892014606803,0.01663985271039614
fresh_div2k_0832,DIV2K_fresh,fresh_div2k_0832,0.1,0.05,2028,hqs_round1,0.0010807774581031993,0.002938692531514908
fresh_div2k_0832,DIV2K_fresh,fresh_div2k_0832,0.1,0.05,2028,hqs_finetuned,0.2549715826287233,0.018196067024875417
fresh_div2k_0836,DIV2K_fresh,fresh_div2k_0836,0.01,0.0,2026,hqs_round1,0.005297779645882628,-0.0003347943502123307
fresh_div2k_0836,DIV2K_fresh,fresh_div2k_0836,0.01,0.0,2026,hqs_finetuned,0.050015081097626535,0.00123206842955359
fresh_div2k_0836,DIV2K_fresh,fresh_div2k_0836,0.04,0.0,2026,hqs_round1,0.044417382046237464,0.0031242292634129365
fresh_div2k_0836,DIV2K_fresh,fresh_div2k_0836,0.04,0.0,2026,hqs_finetuned,0.11595487882389577,0.005265630539927235
fresh_div2k_0836,DIV2K_fresh,fresh_div2k_0836,0.1,0.0,2026,hqs_round1,0.2843436393391663,0.00799720464113729
fresh_div2k_0836,DIV2K_fresh,fresh_div2k_0836,0.1,0.0,2026,hqs_finetuned,0.47298045296330926,0.011778649488225601
fresh_div2k_0836,DIV2K_fresh,fresh_div2k_0836,0.25,0.0,2026,hqs_round1,0.27625715559491226,0.0034890347619056516
fresh_div2k_0836,DIV2K_fresh,fresh_div2k_0836,0.25,0.0,2026,hqs_finetuned,0.4371537201028559,0.003778617831707076
fresh_div2k_0836,DIV2K_fresh,fresh_div2k_0836,0.5,0.0,2026,hqs_round1,0.3083924924063126,0.0007409961690902911
fresh_div2k_0836,DIV2K_fresh,fresh_div2k_0836,0.5,0.0,2026,hqs_finetuned,0.44046130043128073,0.000879469515800535
fresh_div2k_0836,DIV2K_fresh,fresh_div2k_0836,0.1,0.01,2026,hqs_round1,0.1955256386695723,0.007033999005652047
fresh_div2k_0836,DIV2K_fresh,fresh_div2k_0836,0.1,0.01,2026,hqs_finetuned,0.31993498415761934,0.009097228154451575
fresh_div2k_0836,DIV2K_fresh,fresh_div2k_0836,0.1,0.01,2027,hqs_round1,0.2736119729827209,0.008466429484859095
fresh_div2k_0836,DIV2K_fresh,fresh_div2k_0836,0.1,0.01,2027,hqs_finetuned,0.41859383265733285,0.011154803854212081
fresh_div2k_0836,DIV2K_fresh,fresh_div2k_0836,0.1,0.01,2028,hqs_round1,0.18640876066758594,0.0059537107965368374
fresh_div2k_0836,DIV2K_fresh,fresh_div2k_0836,0.1,0.01,2028,hqs_finetuned,0.3236202071537875,0.008309282912551286
fresh_div2k_0836,DIV2K_fresh,fresh_div2k_0836,0.1,0.05,2026,hqs_round1,0.014181547151313367,0.008295481301253682
fresh_div2k_0836,DIV2K_fresh,fresh_div2k_0836,0.1,0.05,2026,hqs_finetuned,0.6802265660258833,0.07353127096322598
fresh_div2k_0836,DIV2K_fresh,fresh_div2k_0836,0.1,0.05,2027,hqs_round1,0.031917445460479144,0.009952132679125647
fresh_div2k_0836,DIV2K_fresh,fresh_div2k_0836,0.1,0.05,2027,hqs_finetuned,0.6770774183777775,0.07484204941181238
fresh_div2k_0836,DIV2K_fresh,fresh_div2k_0836,0.1,0.05,2028,hqs_round1,-0.017953520934693046,0.0072201016512271066
fresh_div2k_0836,DIV2K_fresh,fresh_div2k_0836,0.1,0.05,2028,hqs_finetuned,0.5850774252396995,0.0658592719404506
fresh_div2k_0839,DIV2K_fresh,fresh_div2k_0839,0.01,0.0,2026,hqs_round1,0.11437402026355414,0.007923372602763656
fresh_div2k_0839,DIV2K_fresh,fresh_div2k_0839,0.01,0.0,2026,hqs_finetuned,0.2659834540116677,0.017833760005218413
fresh_div2k_0839,DIV2K_fresh,fresh_div2k_0839,0.04,0.0,2026,hqs_round1,0.07063717960732063,0.002046384624318276
fresh_div2k_0839,DIV2K_fresh,fresh_div2k_0839,0.04,0.0,2026,hqs_finetuned,0.20844948493182258,0.008834041714456897
fresh_div2k_0839,DIV2K_fresh,fresh_div2k_0839,0.1,0.0,2026,hqs_round1,0.0379770539468538,0.00013544143748289716
fresh_div2k_0839,DIV2K_fresh,fresh_div2k_0839,0.1,0.0,2026,hqs_finetuned,0.11749833115651853,0.0013073438687324357
fresh_div2k_0839,DIV2K_fresh,fresh_div2k_0839,0.25,0.0,2026,hqs_round1,0.1057553399660307,0.0007996419353485384
fresh_div2k_0839,DIV2K_fresh,fresh_div2k_0839,0.25,0.0,2026,hqs_finetuned,0.21594744094547025,0.0009352067198753478
fresh_div2k_0839,DIV2K_fresh,fresh_div2k_0839,0.5,0.0,2026,hqs_round1,0.1839944493414123,0.0006066536598204886
fresh_div2k_0839,DIV2K_fresh,fresh_div2k_0839,0.5,0.0,2026,hqs_finetuned,0.41660886501299643,0.00023752921104425173
fresh_div2k_0839,DIV2K_fresh,fresh_div2k_0839,0.1,0.01,2026,hqs_round1,0.0274402236238096,-5.2703055381742026e-05
fresh_div2k_0839,DIV2K_fresh,fresh_div2k_0839,0.1,0.01,2026,hqs_finetuned,0.10268189160053254,0.0004610720853805983
fresh_div2k_0839,DIV2K_fresh,fresh_div2k_0839,0.1,0.01,2027,hqs_round1,0.016259187801754393,-0.00039188438582427043
fresh_div2k_0839,DIV2K_fresh,fresh_div2k_0839,0.1,0.01,2027,hqs_finetuned,0.08768571401497383,0.00012641547513003726
fresh_div2k_0839,DIV2K_fresh,fresh_div2k_0839,0.1,0.01,2028,hqs_round1,0.0140334154917241,-0.000520348749637578
fresh_div2k_0839,DIV2K_fresh,fresh_div2k_0839,0.1,0.01,2028,hqs_finetuned,0.0543514893880257,-0.0011751468422412925
fresh_div2k_0839,DIV2K_fresh,fresh_div2k_0839,0.1,0.05,2026,hqs_round1,-0.002850165819868522,-0.003119468046984153
fresh_div2k_0839,DIV2K_fresh,fresh_div2k_0839,0.1,0.05,2026,hqs_finetuned,1.0510928125198404,0.0434762178917677
fresh_div2k_0839,DIV2K_fresh,fresh_div2k_0839,0.1,0.05,2027,hqs_round1,-0.005746440527637731,-0.003950792878335996
fresh_div2k_0839,DIV2K_fresh,fresh_div2k_0839,0.1,0.05,2027,hqs_finetuned,0.9944087680004898,0.04426342785332105
fresh_div2k_0839,DIV2K_fresh,fresh_div2k_0839,0.1,0.05,2028,hqs_round1,0.023040019096697506,-0.0028963740784451186
fresh_div2k_0839,DIV2K_fresh,fresh_div2k_0839,0.1,0.05,2028,hqs_finetuned,1.0058124930108328,0.04019165171223882
fresh_div2k_0842,DIV2K_fresh,fresh_div2k_0842,0.01,0.0,2026,hqs_round1,0.05951665200216283,0.0020530515629049173
fresh_div2k_0842,DIV2K_fresh,fresh_div2k_0842,0.01,0.0,2026,hqs_finetuned,0.1292029088716049,0.004084930883767157
fresh_div2k_0842,DIV2K_fresh,fresh_div2k_0842,0.04,0.0,2026,hqs_round1,0.012786056377404265,2.9081880371983893e-05
fresh_div2k_0842,DIV2K_fresh,fresh_div2k_0842,0.04,0.0,2026,hqs_finetuned,0.0031015569839105694,-0.001070751745957943
fresh_div2k_0842,DIV2K_fresh,fresh_div2k_0842,0.1,0.0,2026,hqs_round1,0.11058617023546446,0.0008235766875743789
fresh_div2k_0842,DIV2K_fresh,fresh_div2k_0842,0.1,0.0,2026,hqs_finetuned,0.1126633051952517,-0.0006243752338886965
fresh_div2k_0842,DIV2K_fresh,fresh_div2k_0842,0.25,0.0,2026,hqs_round1,0.1844581056660175,0.0013145102758408411
fresh_div2k_0842,DIV2K_fresh,fresh_div2k_0842,0.25,0.0,2026,hqs_finetuned,0.2258541350773342,0.0012001751031875951
fresh_div2k_0842,DIV2K_fresh,fresh_div2k_0842,0.5,0.0,2026,hqs_round1,0.21660234801998257,0.0007934584989548465
fresh_div2k_0842,DIV2K_fresh,fresh_div2k_0842,0.5,0.0,2026,hqs_finetuned,0.2656861501996275,0.0009044051113128448
fresh_div2k_0842,DIV2K_fresh,fresh_div2k_0842,0.1,0.01,2026,hqs_round1,0.047398876368784926,0.0007977679334878474
fresh_div2k_0842,DIV2K_fresh,fresh_div2k_0842,0.1,0.01,2026,hqs_finetuned,0.09616578543193555,0.0006329882882832871
fresh_div2k_0842,DIV2K_fresh,fresh_div2k_0842,0.1,0.01,2027,hqs_round1,0.030822102580287947,0.0010522539563179167
fresh_div2k_0842,DIV2K_fresh,fresh_div2k_0842,0.1,0.01,2027,hqs_finetuned,0.07003106010302673,0.0004215750346183711
fresh_div2k_0842,DIV2K_fresh,fresh_div2k_0842,0.1,0.01,2028,hqs_round1,0.061985784122637,0.001735532863378464
fresh_div2k_0842,DIV2K_fresh,fresh_div2k_0842,0.1,0.01,2028,hqs_finetuned,0.10747637346620209,0.0016679090862273815
fresh_div2k_0842,DIV2K_fresh,fresh_div2k_0842,0.1,0.05,2026,hqs_round1,-0.0300315046336479,0.004719237337157067
fresh_div2k_0842,DIV2K_fresh,fresh_div2k_0842,0.1,0.05,2026,hqs_finetuned,1.1931858357577951,0.09330746467603368
fresh_div2k_0842,DIV2K_fresh,fresh_div2k_0842,0.1,0.05,2027,hqs_round1,-0.019377764959845223,0.004834380445842612
fresh_div2k_0842,DIV2K_fresh,fresh_div2k_0842,0.1,0.05,2027,hqs_finetuned,1.1540386872693418,0.0928453459689701
fresh_div2k_0842,DIV2K_fresh,fresh_div2k_0842,0.1,0.05,2028,hqs_round1,-0.03784131533659263,0.004937457754723651
fresh_div2k_0842,DIV2K_fresh,fresh_div2k_0842,0.1,0.05,2028,hqs_finetuned,1.2354697253521039,0.09936862849031758
fresh_div2k_0845,DIV2K_fresh,fresh_div2k_0845,0.01,0.0,2026,hqs_round1,-0.03204922776278707,-0.0012491105991488949
fresh_div2k_0845,DIV2K_fresh,fresh_div2k_0845,0.01,0.0,2026,hqs_finetuned,0.05168847936024079,0.005285294109970251
fresh_div2k_0845,DIV2K_fresh,fresh_div2k_0845,0.04,0.0,2026,hqs_round1,0.08183444341102586,0.003650818339660744
fresh_div2k_0845,DIV2K_fresh,fresh_div2k_0845,0.04,0.0,2026,hqs_finetuned,0.590102456120583,0.03377963695146846
fresh_div2k_0845,DIV2K_fresh,fresh_div2k_0845,0.1,0.0,2026,hqs_round1,0.3202102827014812,0.009542962702810853
fresh_div2k_0845,DIV2K_fresh,fresh_div2k_0845,0.1,0.0,2026,hqs_finetuned,0.5837404192700717,0.016741509049534864
fresh_div2k_0845,DIV2K_fresh,fresh_div2k_0845,0.25,0.0,2026,hqs_round1,0.46499877655129396,0.0065808174806236686
fresh_div2k_0845,DIV2K_fresh,fresh_div2k_0845,0.25,0.0,2026,hqs_finetuned,0.7447963313138963,0.009427928887605685
fresh_div2k_0845,DIV2K_fresh,fresh_div2k_0845,0.5,0.0,2026,hqs_round1,0.7699491731214394,0.004076409604072628
fresh_div2k_0845,DIV2K_fresh,fresh_div2k_0845,0.5,0.0,2026,hqs_finetuned,1.155777549035939,0.005964487380981431
fresh_div2k_0845,DIV2K_fresh,fresh_div2k_0845,0.1,0.01,2026,hqs_round1,0.293895661301665,0.013128342007927563
fresh_div2k_0845,DIV2K_fresh,fresh_div2k_0845,0.1,0.01,2026,hqs_finetuned,0.5401496819133662,0.025794497237242697
fresh_div2k_0845,DIV2K_fresh,fresh_div2k_0845,0.1,0.01,2027,hqs_round1,0.3352855739576768,0.01328986296274881
fresh_div2k_0845,DIV2K_fresh,fresh_div2k_0845,0.1,0.01,2027,hqs_finetuned,0.5409228902412515,0.024149960650354574
fresh_div2k_0845,DIV2K_fresh,fresh_div2k_0845,0.1,0.01,2028,hqs_round1,0.2589585093386084,0.0126132103966623
fresh_div2k_0845,DIV2K_fresh,fresh_div2k_0845,0.1,0.01,2028,hqs_finetuned,0.44101315656192597,0.025120573079571162
fresh_div2k_0845,DIV2K_fresh,fresh_div2k_0845,0.1,0.05,2026,hqs_round1,-0.042639107932632925,0.007034405577780123
fresh_div2k_0845,DIV2K_fresh,fresh_div2k_0845,0.1,0.05,2026,hqs_finetuned,1.2358700243050755,0.17572183356151627
fresh_div2k_0845,DIV2K_fresh,fresh_div2k_0845,0.1,0.05,2027,hqs_round1,-0.02958090202607977,0.008178989380129842
fresh_div2k_0845,DIV2K_fresh,fresh_div2k_0845,0.1,0.05,2027,hqs_finetuned,1.1996955312793744,0.16768644763003848
fresh_div2k_0845,DIV2K_fresh,fresh_div2k_0845,0.1,0.05,2028,hqs_round1,-0.04884670879040698,0.0063193268665932
fresh_div2k_0845,DIV2K_fresh,fresh_div2k_0845,0.1,0.05,2028,hqs_finetuned,1.1775020074588518,0.17859566208962352
fresh_div2k_0849,DIV2K_fresh,fresh_div2k_0849,0.01,0.0,2026,hqs_round1,0.02558794532016151,0.0013728055897189728
fresh_div2k_0849,DIV2K_fresh,fresh_div2k_0849,0.01,0.0,2026,hqs_finetuned,0.04152899806509325,-0.001717908491541409
fresh_div2k_0849,DIV2K_fresh,fresh_div2k_0849,0.04,0.0,2026,hqs_round1,0.007832614685423067,-6.268620435229133e-05
fresh_div2k_0849,DIV2K_fresh,fresh_div2k_0849,0.04,0.0,2026,hqs_finetuned,-0.022828596641062404,-0.014589690396928756
fresh_div2k_0849,DIV2K_fresh,fresh_div2k_0849,0.1,0.0,2026,hqs_round1,0.0062440695364287535,-0.0015815871242582658
fresh_div2k_0849,DIV2K_fresh,fresh_div2k_0849,0.1,0.0,2026,hqs_finetuned,-0.015075688176700908,-0.01022661822355908
fresh_div2k_0849,DIV2K_fresh,fresh_div2k_0849,0.25,0.0,2026,hqs_round1,0.07297747859555415,0.0010704208941459958
fresh_div2k_0849,DIV2K_fresh,fresh_div2k_0849,0.25,0.0,2026,hqs_finetuned,0.10186960214726071,0.00012237925815583583
fresh_div2k_0849,DIV2K_fresh,fresh_div2k_0849,0.5,0.0,2026,hqs_round1,0.2099949761689146,0.0016236448249816737
fresh_div2k_0849,DIV2K_fresh,fresh_div2k_0849,0.5,0.0,2026,hqs_finetuned,0.24324838626015932,0.0014991986026764437
fresh_div2k_0849,DIV2K_fresh,fresh_div2k_0849,0.1,0.01,2026,hqs_round1,0.007093317602453908,-0.001539331684142331
fresh_div2k_0849,DIV2K_fresh,fresh_div2k_0849,0.1,0.01,2026,hqs_finetuned,-0.011653749777284617,-0.01012686151643094
fresh_div2k_0849,DIV2K_fresh,fresh_div2k_0849,0.1,0.01,2027,hqs_round1,0.006584731425444801,-0.0015229089927375483
fresh_div2k_0849,DIV2K_fresh,fresh_div2k_0849,0.1,0.01,2027,hqs_finetuned,-0.01315145607588164,-0.009935065880056548
fresh_div2k_0849,DIV2K_fresh,fresh_div2k_0849,0.1,0.01,2028,hqs_round1,0.0068681616977990245,-0.0015141368489562934
fresh_div2k_0849,DIV2K_fresh,fresh_div2k_0849,0.1,0.01,2028,hqs_finetuned,-0.009237180057059646,-0.00979101241208613
fresh_div2k_0849,DIV2K_fresh,fresh_div2k_0849,0.1,0.05,2026,hqs_round1,0.013341406871639094,-0.0008484562786118532
fresh_div2k_0849,DIV2K_fresh,fresh_div2k_0849,0.1,0.05,2026,hqs_finetuned,0.0504899232833651,-0.008996097762425381
fresh_div2k_0849,DIV2K_fresh,fresh_div2k_0849,0.1,0.05,2027,hqs_round1,0.00966111905350786,-0.0007927263393811002
fresh_div2k_0849,DIV2K_fresh,fresh_div2k_0849,0.1,0.05,2027,hqs_finetuned,0.04265990365867367,-0.008680665783224573
fresh_div2k_0849,DIV2K_fresh,fresh_div2k_0849,0.1,0.05,2028,hqs_round1,0.010675823007513685,-0.0009308428448001616
fresh_div2k_0849,DIV2K_fresh,fresh_div2k_0849,0.1,0.05,2028,hqs_finetuned,0.05435364734636394,-0.008354931371703511
fresh_div2k_0851,DIV2K_fresh,fresh_div2k_0851,0.01,0.0,2026,hqs_round1,-0.015290202422796995,-0.0009555458515976278
fresh_div2k_0851,DIV2K_fresh,fresh_div2k_0851,0.01,0.0,2026,hqs_finetuned,0.1286620031809349,0.007022963395674098
fresh_div2k_0851,DIV2K_fresh,fresh_div2k_0851,0.04,0.0,2026,hqs_round1,-0.05326261389321729,0.0001558637665640683
fresh_div2k_0851,DIV2K_fresh,fresh_div2k_0851,0.04,0.0,2026,hqs_finetuned,-0.01378938197105839,-0.00027828709626753767
fresh_div2k_0851,DIV2K_fresh,fresh_div2k_0851,0.1,0.0,2026,hqs_round1,0.07825894810778777,0.0017583737707138614
fresh_div2k_0851,DIV2K_fresh,fresh_div2k_0851,0.1,0.0,2026,hqs_finetuned,0.15783379945388276,0.0032077286567687713
fresh_div2k_0851,DIV2K_fresh,fresh_div2k_0851,0.25,0.0,2026,hqs_round1,0.19532521288274296,0.000817175900459266
fresh_div2k_0851,DIV2K_fresh,fresh_div2k_0851,0.25,0.0,2026,hqs_finetuned,0.3040465797425185,0.0014134002847671079
fresh_div2k_0851,DIV2K_fresh,fresh_div2k_0851,0.5,0.0,2026,hqs_round1,0.2840066265507488,0.00034200851726540193
fresh_div2k_0851,DIV2K_fresh,fresh_div2k_0851,0.5,0.0,2026,hqs_finetuned,0.4994636113211115,0.0005582217702866377
fresh_div2k_0851,DIV2K_fresh,fresh_div2k_0851,0.1,0.01,2026,hqs_round1,0.04431738174440625,0.0017171610448359909
fresh_div2k_0851,DIV2K_fresh,fresh_div2k_0851,0.1,0.01,2026,hqs_finetuned,0.11710784352352022,0.0032269424090385357
fresh_div2k_0851,DIV2K_fresh,fresh_div2k_0851,0.1,0.01,2027,hqs_round1,0.030825473762259747,0.0015715800540447855
fresh_div2k_0851,DIV2K_fresh,fresh_div2k_0851,0.1,0.01,2027,hqs_finetuned,0.11012017846506339,0.0030617666258812015
fresh_div2k_0851,DIV2K_fresh,fresh_div2k_0851,0.1,0.01,2028,hqs_round1,0.027478615649723537,0.001571387367486965
fresh_div2k_0851,DIV2K_fresh,fresh_div2k_0851,0.1,0.01,2028,hqs_finetuned,0.10682561403291402,0.0031338804206848536
fresh_div2k_0851,DIV2K_fresh,fresh_div2k_0851,0.1,0.05,2026,hqs_round1,-0.14795558167230638,0.002319978312969262
fresh_div2k_0851,DIV2K_fresh,fresh_div2k_0851,0.1,0.05,2026,hqs_finetuned,0.431741168904896,0.055359630017280614
fresh_div2k_0851,DIV2K_fresh,fresh_div2k_0851,0.1,0.05,2027,hqs_round1,-0.1362564545649967,0.004502778071310387
fresh_div2k_0851,DIV2K_fresh,fresh_div2k_0851,0.1,0.05,2027,hqs_finetuned,0.43959849707760057,0.05450216950773823
fresh_div2k_0851,DIV2K_fresh,fresh_div2k_0851,0.1,0.05,2028,hqs_round1,-0.1409702167291229,0.002873494289517442
fresh_div2k_0851,DIV2K_fresh,fresh_div2k_0851,0.1,0.05,2028,hqs_finetuned,0.42907441141711544,0.05138354281592372
fresh_div2k_0855,DIV2K_fresh,fresh_div2k_0855,0.01,0.0,2026,hqs_round1,0.040625373566125944,0.0012791948415145082
fresh_div2k_0855,DIV2K_fresh,fresh_div2k_0855,0.01,0.0,2026,hqs_finetuned,0.023770339128830642,0.0003005780373791511
fresh_div2k_0855,DIV2K_fresh,fresh_div2k_0855,0.04,0.0,2026,hqs_round1,0.02797812130918942,0.0009472059317394699
fresh_div2k_0855,DIV2K_fresh,fresh_div2k_0855,0.04,0.0,2026,hqs_finetuned,0.027021827289260614,0.0007890778121124598
fresh_div2k_0855,DIV2K_fresh,fresh_div2k_0855,0.1,0.0,2026,hqs_round1,0.12504294006233607,0.0027624262716769987
fresh_div2k_0855,DIV2K_fresh,fresh_div2k_0855,0.1,0.0,2026,hqs_finetuned,0.1352428631039544,0.0032656656742096057
fresh_div2k_0855,DIV2K_fresh,fresh_div2k_0855,0.25,0.0,2026,hqs_round1,0.31753509026059135,0.003407964564800303
fresh_div2k_0855,DIV2K_fresh,fresh_div2k_0855,0.25,0.0,2026,hqs_finetuned,0.4455840028008211,0.004920971833705878
fresh_div2k_0855,DIV2K_fresh,fresh_div2k_0855,0.5,0.0,2026,hqs_round1,0.24781950106883244,0.0008093132820129467
fresh_div2k_0855,DIV2K_fresh,fresh_div2k_0855,0.5,0.0,2026,hqs_finetuned,0.4293402677574818,0.0012893833713532032
fresh_div2k_0855,DIV2K_fresh,fresh_div2k_0855,0.1,0.01,2026,hqs_round1,0.11759805840914694,0.003279039211988466
fresh_div2k_0855,DIV2K_fresh,fresh_div2k_0855,0.1,0.01,2026,hqs_finetuned,0.12440132926810321,0.0037921773859261876
fresh_div2k_0855,DIV2K_fresh,fresh_div2k_0855,0.1,0.01,2027,hqs_round1,0.11317185302451449,0.003208259684205017
fresh_div2k_0855,DIV2K_fresh,fresh_div2k_0855,0.1,0.01,2027,hqs_finetuned,0.10844234079352688,0.0036192824538350266
fresh_div2k_0855,DIV2K_fresh,fresh_div2k_0855,0.1,0.01,2028,hqs_round1,0.10059102405644182,0.0027869833795428622
fresh_div2k_0855,DIV2K_fresh,fresh_div2k_0855,0.1,0.01,2028,hqs_finetuned,0.10170992029290105,0.0029494467266202307
fresh_div2k_0855,DIV2K_fresh,fresh_div2k_0855,0.1,0.05,2026,hqs_round1,0.03461149386662399,0.0025990951762646652
fresh_div2k_0855,DIV2K_fresh,fresh_div2k_0855,0.1,0.05,2026,hqs_finetuned,0.7222368818615585,0.06657896640551553
fresh_div2k_0855,DIV2K_fresh,fresh_div2k_0855,0.1,0.05,2027,hqs_round1,0.02504037402314907,0.0017881855598981256
fresh_div2k_0855,DIV2K_fresh,fresh_div2k_0855,0.1,0.05,2027,hqs_finetuned,0.6995112805920414,0.06545758076910257
fresh_div2k_0855,DIV2K_fresh,fresh_div2k_0855,0.1,0.05,2028,hqs_round1,0.02839175468080768,0.0024504123691805324
fresh_div2k_0855,DIV2K_fresh,fresh_div2k_0855,0.1,0.05,2028,hqs_finetuned,0.7393937555431407,0.0698693857460767
fresh_div2k_0858,DIV2K_fresh,fresh_div2k_0858,0.01,0.0,2026,hqs_round1,0.014599255135721023,0.0014323330646665577
fresh_div2k_0858,DIV2K_fresh,fresh_div2k_0858,0.01,0.0,2026,hqs_finetuned,-0.00312485118583794,-0.0015408492474379143
fresh_div2k_0858,DIV2K_fresh,fresh_div2k_0858,0.04,0.0,2026,hqs_round1,0.014626354040125022,0.0007422390009546032
fresh_div2k_0858,DIV2K_fresh,fresh_div2k_0858,0.04,0.0,2026,hqs_finetuned,-0.013147541146384611,-0.007674984937620644
fresh_div2k_0858,DIV2K_fresh,fresh_div2k_0858,0.1,0.0,2026,hqs_round1,0.015516072556291505,-0.0004976491566897057
fresh_div2k_0858,DIV2K_fresh,fresh_div2k_0858,0.1,0.0,2026,hqs_finetuned,0.0327496116884447,-0.002553000431537611
fresh_div2k_0858,DIV2K_fresh,fresh_div2k_0858,0.25,0.0,2026,hqs_round1,0.06982785847023365,0.0005166974296569871
fresh_div2k_0858,DIV2K_fresh,fresh_div2k_0858,0.25,0.0,2026,hqs_finetuned,0.0754985045573946,-0.0011679817528724712
fresh_div2k_0858,DIV2K_fresh,fresh_div2k_0858,0.5,0.0,2026,hqs_round1,0.08349940551158852,0.0005374870595932224
fresh_div2k_0858,DIV2K_fresh,fresh_div2k_0858,0.5,0.0,2026,hqs_finetuned,0.10405543064221945,0.00014820871353149467
fresh_div2k_0858,DIV2K_fresh,fresh_div2k_0858,0.1,0.01,2026,hqs_round1,0.018354263539869464,-0.00032050520890947176
fresh_div2k_0858,DIV2K_fresh,fresh_div2k_0858,0.1,0.01,2026,hqs_finetuned,0.03802261893632419,-0.0022751778798699718
fresh_div2k_0858,DIV2K_fresh,fresh_div2k_0858,0.1,0.01,2027,hqs_round1,0.013579760029209353,-0.0004784565707146582
fresh_div2k_0858,DIV2K_fresh,fresh_div2k_0858,0.1,0.01,2027,hqs_finetuned,0.03680400537418649,-0.002683625566333503
fresh_div2k_0858,DIV2K_fresh,fresh_div2k_0858,0.1,0.01,2028,hqs_round1,0.014094807209001914,-0.00036842307674889163
fresh_div2k_0858,DIV2K_fresh,fresh_div2k_0858,0.1,0.01,2028,hqs_finetuned,0.038582664552528456,-0.0025511413937807648
fresh_div2k_0858,DIV2K_fresh,fresh_div2k_0858,0.1,0.05,2026,hqs_round1,0.016949602481098225,0.0002644589007199105
fresh_div2k_0858,DIV2K_fresh,fresh_div2k_0858,0.1,0.05,2026,hqs_finetuned,0.17735629595662417,-0.00299158826471857
fresh_div2k_0858,DIV2K_fresh,fresh_div2k_0858,0.1,0.05,2027,hqs_round1,0.015251774679967411,0.00019737384310369865
fresh_div2k_0858,DIV2K_fresh,fresh_div2k_0858,0.1,0.05,2027,hqs_finetuned,0.17415504160463158,-0.005032242076784321
fresh_div2k_0858,DIV2K_fresh,fresh_div2k_0858,0.1,0.05,2028,hqs_round1,0.00972597579628598,0.00015003979372985032
fresh_div2k_0858,DIV2K_fresh,fresh_div2k_0858,0.1,0.05,2028,hqs_finetuned,0.16282998576910757,-0.0075414241560697315
fresh_div2k_0861,DIV2K_fresh,fresh_div2k_0861,0.01,0.0,2026,hqs_round1,0.02618988519595078,0.0011296969476664032
fresh_div2k_0861,DIV2K_fresh,fresh_div2k_0861,0.01,0.0,2026,hqs_finetuned,0.03964932076150163,-0.0038487143308672533
fresh_div2k_0861,DIV2K_fresh,fresh_div2k_0861,0.04,0.0,2026,hqs_round1,0.009360633457418999,-0.0003669193958022454
fresh_div2k_0861,DIV2K_fresh,fresh_div2k_0861,0.04,0.0,2026,hqs_finetuned,-0.001156043200062129,-0.012519008921670904
fresh_div2k_0861,DIV2K_fresh,fresh_div2k_0861,0.1,0.0,2026,hqs_round1,0.026452174330394485,0.0005585854460000705
fresh_div2k_0861,DIV2K_fresh,fresh_div2k_0861,0.1,0.0,2026,hqs_finetuned,0.03362087294495808,-0.0067909604924609734
fresh_div2k_0861,DIV2K_fresh,fresh_div2k_0861,0.25,0.0,2026,hqs_round1,0.04941932978112362,0.001446794648647387
fresh_div2k_0861,DIV2K_fresh,fresh_div2k_0861,0.25,0.0,2026,hqs_finetuned,0.13129666075580815,0.001287895858287813
fresh_div2k_0861,DIV2K_fresh,fresh_div2k_0861,0.5,0.0,2026,hqs_round1,0.15142786589763801,0.0013877188138962104
fresh_div2k_0861,DIV2K_fresh,fresh_div2k_0861,0.5,0.0,2026,hqs_finetuned,0.2552044993424829,0.0017523999805449941
fresh_div2k_0861,DIV2K_fresh,fresh_div2k_0861,0.1,0.01,2026,hqs_round1,0.03110014745065115,0.0008431292610318053
fresh_div2k_0861,DIV2K_fresh,fresh_div2k_0861,0.1,0.01,2026,hqs_finetuned,0.041577322697268215,-0.0068770502163022496
fresh_div2k_0861,DIV2K_fresh,fresh_div2k_0861,0.1,0.01,2027,hqs_round1,0.014891993774003964,0.00022845310179886447
fresh_div2k_0861,DIV2K_fresh,fresh_div2k_0861,0.1,0.01,2027,hqs_finetuned,0.025975176934341704,-0.008287776228755761
fresh_div2k_0861,DIV2K_fresh,fresh_div2k_0861,0.1,0.01,2028,hqs_round1,0.021061993363133524,0.0004969570487887154
fresh_div2k_0861,DIV2K_fresh,fresh_div2k_0861,0.1,0.01,2028,hqs_finetuned,0.04521320214437097,-0.006318909296469721
fresh_div2k_0861,DIV2K_fresh,fresh_div2k_0861,0.1,0.05,2026,hqs_round1,-0.0007012574278029149,0.0012382069887069136
fresh_div2k_0861,DIV2K_fresh,fresh_div2k_0861,0.1,0.05,2026,hqs_finetuned,0.24873883577611977,0.0006405609705670834
fresh_div2k_0861,DIV2K_fresh,fresh_div2k_0861,0.1,0.05,2027,hqs_round1,-0.02944117779353661,0.00038672250632754146
fresh_div2k_0861,DIV2K_fresh,fresh_div2k_0861,0.1,0.05,2027,hqs_finetuned,0.2294184668192223,-0.0037142103433553952
fresh_div2k_0861,DIV2K_fresh,fresh_div2k_0861,0.1,0.05,2028,hqs_round1,-0.01389221212555114,-0.0005331674855816315
fresh_div2k_0861,DIV2K_fresh,fresh_div2k_0861,0.1,0.05,2028,hqs_finetuned,0.27430562497445976,-0.003703939560160019
fresh_div2k_0864,DIV2K_fresh,fresh_div2k_0864,0.01,0.0,2026,hqs_round1,0.06104907958023631,0.00362364552351796
fresh_div2k_0864,DIV2K_fresh,fresh_div2k_0864,0.01,0.0,2026,hqs_finetuned,0.17593297123888618,0.007002531183446847
fresh_div2k_0864,DIV2K_fresh,fresh_div2k_0864,0.04,0.0,2026,hqs_round1,0.0041668793540985405,-0.0007789094780741301
fresh_div2k_0864,DIV2K_fresh,fresh_div2k_0864,0.04,0.0,2026,hqs_finetuned,-0.018903096823571275,-0.0081679456260082
fresh_div2k_0864,DIV2K_fresh,fresh_div2k_0864,0.1,0.0,2026,hqs_round1,0.10793223473120861,0.00267570255267624
fresh_div2k_0864,DIV2K_fresh,fresh_div2k_0864,0.1,0.0,2026,hqs_finetuned,0.0864733560162314,-0.0032432123848757932
fresh_div2k_0864,DIV2K_fresh,fresh_div2k_0864,0.25,0.0,2026,hqs_round1,0.22982111000397154,0.003741932768344891
fresh_div2k_0864,DIV2K_fresh,fresh_div2k_0864,0.25,0.0,2026,hqs_finetuned,0.2530536611374572,0.0030875294623374794
fresh_div2k_0864,DIV2K_fresh,fresh_div2k_0864,0.5,0.0,2026,hqs_round1,0.14215542127598724,0.000983402549743606
fresh_div2k_0864,DIV2K_fresh,fresh_div2k_0864,0.5,0.0,2026,hqs_finetuned,0.134747841122838,0.0005991620693206468
fresh_div2k_0864,DIV2K_fresh,fresh_div2k_0864,0.1,0.01,2026,hqs_round1,0.10580506484714647,0.002762634136378783
fresh_div2k_0864,DIV2K_fresh,fresh_div2k_0864,0.1,0.01,2026,hqs_finetuned,0.10472946002897032,-0.002507919641975276
fresh_div2k_0864,DIV2K_fresh,fresh_div2k_0864,0.1,0.01,2027,hqs_round1,0.09777592924611511,0.0024678159761390983
fresh_div2k_0864,DIV2K_fresh,fresh_div2k_0864,0.1,0.01,2027,hqs_finetuned,0.08909179176459148,-0.00299514897906783
fresh_div2k_0864,DIV2K_fresh,fresh_div2k_0864,0.1,0.01,2028,hqs_round1,0.1006669906575759,0.002442643678069123
fresh_div2k_0864,DIV2K_fresh,fresh_div2k_0864,0.1,0.01,2028,hqs_finetuned,0.07764008217797169,-0.003627144544467331
fresh_div2k_0864,DIV2K_fresh,fresh_div2k_0864,0.1,0.05,2026,hqs_round1,0.03369604880335331,0.001157806774720549
fresh_div2k_0864,DIV2K_fresh,fresh_div2k_0864,0.1,0.05,2026,hqs_finetuned,0.2400666567628562,0.0026466612534821188
fresh_div2k_0864,DIV2K_fresh,fresh_div2k_0864,0.1,0.05,2027,hqs_round1,0.0013417533829525041,8.811522886897905e-05
fresh_div2k_0864,DIV2K_fresh,fresh_div2k_0864,0.1,0.05,2027,hqs_finetuned,0.2477211414495386,0.0035209169158563203
fresh_div2k_0864,DIV2K_fresh,fresh_div2k_0864,0.1,0.05,2028,hqs_round1,0.034262039366758756,0.0010205666832924232
fresh_div2k_0864,DIV2K_fresh,fresh_div2k_0864,0.1,0.05,2028,hqs_finetuned,0.24682215513361427,0.0021038264337778223
fresh_div2k_0868,DIV2K_fresh,fresh_div2k_0868,0.01,0.0,2026,hqs_round1,0.10954736307574109,0.0034360622391632623
fresh_div2k_0868,DIV2K_fresh,fresh_div2k_0868,0.01,0.0,2026,hqs_finetuned,0.19371121331329988,0.0042065488014222385
fresh_div2k_0868,DIV2K_fresh,fresh_div2k_0868,0.04,0.0,2026,hqs_round1,0.19113733942004174,0.00348429680532214
fresh_div2k_0868,DIV2K_fresh,fresh_div2k_0868,0.04,0.0,2026,hqs_finetuned,0.3557407190539372,0.0062859164193868056
fresh_div2k_0868,DIV2K_fresh,fresh_div2k_0868,0.1,0.0,2026,hqs_round1,0.5636452424003302,0.0032565254893303086
fresh_div2k_0868,DIV2K_fresh,fresh_div2k_0868,0.1,0.0,2026,hqs_finetuned,0.7612578936254089,0.004640378633499198
fresh_div2k_0868,DIV2K_fresh,fresh_div2k_0868,0.25,0.0,2026,hqs_round1,0.5611937931365247,0.0005347824773788146
fresh_div2k_0868,DIV2K_fresh,fresh_div2k_0868,0.25,0.0,2026,hqs_finetuned,0.9570968954467176,0.0008412117710112632
fresh_div2k_0868,DIV2K_fresh,fresh_div2k_0868,0.5,0.0,2026,hqs_round1,0.3152132047860192,9.325432491291696e-05
fresh_div2k_0868,DIV2K_fresh,fresh_div2k_0868,0.5,0.0,2026,hqs_finetuned,0.3281592767475985,8.001963424675296e-05
fresh_div2k_0868,DIV2K_fresh,fresh_div2k_0868,0.1,0.01,2026,hqs_round1,0.06462665415313751,0.004422718900203626
fresh_div2k_0868,DIV2K_fresh,fresh_div2k_0868,0.1,0.01,2026,hqs_finetuned,0.2375825372563014,0.02012543216514584
fresh_div2k_0868,DIV2K_fresh,fresh_div2k_0868,0.1,0.01,2027,hqs_round1,0.0630899599702559,0.005203463097810723
fresh_div2k_0868,DIV2K_fresh,fresh_div2k_0868,0.1,0.01,2027,hqs_finetuned,0.2221868795869888,0.020107287765264492
fresh_div2k_0868,DIV2K_fresh,fresh_div2k_0868,0.1,0.01,2028,hqs_round1,0.015720762428060198,0.0032430924737453237
fresh_div2k_0868,DIV2K_fresh,fresh_div2k_0868,0.1,0.01,2028,hqs_finetuned,0.14435720582828893,0.017685597610473613
fresh_div2k_0868,DIV2K_fresh,fresh_div2k_0868,0.1,0.05,2026,hqs_round1,0.09790479697040766,0.0127000532544842
fresh_div2k_0868,DIV2K_fresh,fresh_div2k_0868,0.1,0.05,2026,hqs_finetuned,1.9741954727288729,0.38076629887688906
fresh_div2k_0868,DIV2K_fresh,fresh_div2k_0868,0.1,0.05,2027,hqs_round1,0.1033993571822478,0.015373297567669253
fresh_div2k_0868,DIV2K_fresh,fresh_div2k_0868,0.1,0.05,2027,hqs_finetuned,1.993770894586632,0.3733769407779979
fresh_div2k_0868,DIV2K_fresh,fresh_div2k_0868,0.1,0.05,2028,hqs_round1,0.06262045167596852,0.01124143877225281
fresh_div2k_0868,DIV2K_fresh,fresh_div2k_0868,0.1,0.05,2028,hqs_finetuned,1.9821426501486492,0.36801529412263634
fresh_div2k_0870,DIV2K_fresh,fresh_div2k_0870,0.01,0.0,2026,hqs_round1,-0.0017669148315171412,0.0004022383520052297
fresh_div2k_0870,DIV2K_fresh,fresh_div2k_0870,0.01,0.0,2026,hqs_finetuned,-0.0015506165656269388,-0.003458539210130007
fresh_div2k_0870,DIV2K_fresh,fresh_div2k_0870,0.04,0.0,2026,hqs_round1,-0.006837651930140964,-0.0015578143244538434
fresh_div2k_0870,DIV2K_fresh,fresh_div2k_0870,0.04,0.0,2026,hqs_finetuned,0.024115775028953124,-0.006566661121257755
fresh_div2k_0870,DIV2K_fresh,fresh_div2k_0870,0.1,0.0,2026,hqs_round1,-0.016437865914419092,-0.002505462096853095
fresh_div2k_0870,DIV2K_fresh,fresh_div2k_0870,0.1,0.0,2026,hqs_finetuned,-0.017249837078932018,-0.00835246253990285
fresh_div2k_0870,DIV2K_fresh,fresh_div2k_0870,0.25,0.0,2026,hqs_round1,0.004771963097923049,-0.0006417443563938585
fresh_div2k_0870,DIV2K_fresh,fresh_div2k_0870,0.25,0.0,2026,hqs_finetuned,0.031134031077911573,-0.0005030996761322681
fresh_div2k_0870,DIV2K_fresh,fresh_div2k_0870,0.5,0.0,2026,hqs_round1,0.060639331382446926,0.0006280470762253243
fresh_div2k_0870,DIV2K_fresh,fresh_div2k_0870,0.5,0.0,2026,hqs_finetuned,0.05686213888180802,0.00029082791328438606
fresh_div2k_0870,DIV2K_fresh,fresh_div2k_0870,0.1,0.01,2026,hqs_round1,-0.015864490140071297,-0.0025221828026845694
fresh_div2k_0870,DIV2K_fresh,fresh_div2k_0870,0.1,0.01,2026,hqs_finetuned,-0.01627222856470567,-0.008505414630737063
fresh_div2k_0870,DIV2K_fresh,fresh_div2k_0870,0.1,0.01,2027,hqs_round1,-0.014942077528562692,-0.0024234790475592405
fresh_div2k_0870,DIV2K_fresh,fresh_div2k_0870,0.1,0.01,2027,hqs_finetuned,-0.015094205362323976,-0.00850177260862528
fresh_div2k_0870,DIV2K_fresh,fresh_div2k_0870,0.1,0.01,2028,hqs_round1,-0.015929333091857956,-0.0024557249637394696
fresh_div2k_0870,DIV2K_fresh,fresh_div2k_0870,0.1,0.01,2028,hqs_finetuned,-0.013980325148459372,-0.008317168853139933
fresh_div2k_0870,DIV2K_fresh,fresh_div2k_0870,0.1,0.05,2026,hqs_round1,0.0001252168557641653,-0.002149518948804552
fresh_div2k_0870,DIV2K_fresh,fresh_div2k_0870,0.1,0.05,2026,hqs_finetuned,0.051899545169064254,-0.011101025727423774
fresh_div2k_0870,DIV2K_fresh,fresh_div2k_0870,0.1,0.05,2027,hqs_round1,-0.002562829988466575,-0.0019470398735049743
fresh_div2k_0870,DIV2K_fresh,fresh_div2k_0870,0.1,0.05,2027,hqs_finetuned,0.0686013400470955,-0.0095377544197347
fresh_div2k_0870,DIV2K_fresh,fresh_div2k_0870,0.1,0.05,2028,hqs_round1,-0.006630187285885825,-0.0021499026570296342
fresh_div2k_0870,DIV2K_fresh,fresh_div2k_0870,0.1,0.05,2028,hqs_finetuned,0.05934497906245895,-0.01022501771982709
fresh_div2k_0874,DIV2K_fresh,fresh_div2k_0874,0.01,0.0,2026,hqs_round1,0.007612275521655221,0.00013167623844978493
fresh_div2k_0874,DIV2K_fresh,fresh_div2k_0874,0.01,0.0,2026,hqs_finetuned,0.11695314975792925,0.0018034502926330687
fresh_div2k_0874,DIV2K_fresh,fresh_div2k_0874,0.04,0.0,2026,hqs_round1,0.012393302045236254,0.00046188690846793445
fresh_div2k_0874,DIV2K_fresh,fresh_div2k_0874,0.04,0.0,2026,hqs_finetuned,0.055125000435491955,0.001270744721461714
fresh_div2k_0874,DIV2K_fresh,fresh_div2k_0874,0.1,0.0,2026,hqs_round1,0.03423123307850773,0.0007802020165920132
fresh_div2k_0874,DIV2K_fresh,fresh_div2k_0874,0.1,0.0,2026,hqs_finetuned,0.027451384307791926,0.00020675014328952468
fresh_div2k_0874,DIV2K_fresh,fresh_div2k_0874,0.25,0.0,2026,hqs_round1,0.15904172525294058,0.001378897798538281
fresh_div2k_0874,DIV2K_fresh,fresh_div2k_0874,0.25,0.0,2026,hqs_finetuned,0.2407327949733542,0.0019190726194382446
fresh_div2k_0874,DIV2K_fresh,fresh_div2k_0874,0.5,0.0,2026,hqs_round1,0.11416751349750598,0.00046845813846596585
fresh_div2k_0874,DIV2K_fresh,fresh_div2k_0874,0.5,0.0,2026,hqs_finetuned,0.15926048080068256,0.0005531608133316768
fresh_div2k_0874,DIV2K_fresh,fresh_div2k_0874,0.1,0.01,2026,hqs_round1,0.010736416413006822,0.0007364352787136985
fresh_div2k_0874,DIV2K_fresh,fresh_div2k_0874,0.1,0.01,2026,hqs_finetuned,0.05433368392340299,0.0009863135393262112
fresh_div2k_0874,DIV2K_fresh,fresh_div2k_0874,0.1,0.01,2027,hqs_round1,-0.03512443020520095,-0.0003453498169183611
fresh_div2k_0874,DIV2K_fresh,fresh_div2k_0874,0.1,0.01,2027,hqs_finetuned,0.015313575219572328,-8.814288246627999e-05
fresh_div2k_0874,DIV2K_fresh,fresh_div2k_0874,0.1,0.01,2028,hqs_round1,-0.006075831660528053,0.00031419797182086207
fresh_div2k_0874,DIV2K_fresh,fresh_div2k_0874,0.1,0.01,2028,hqs_finetuned,0.03468051690132512,0.0007484847332239752
fresh_div2k_0874,DIV2K_fresh,fresh_div2k_0874,0.1,0.05,2026,hqs_round1,-0.04326285152485809,0.001937160107180369
fresh_div2k_0874,DIV2K_fresh,fresh_div2k_0874,0.1,0.05,2026,hqs_finetuned,1.1989043438121136,0.06474727914751133
fresh_div2k_0874,DIV2K_fresh,fresh_div2k_0874,0.1,0.05,2027,hqs_round1,-0.06559352137910324,0.0014709466766342771
fresh_div2k_0874,DIV2K_fresh,fresh_div2k_0874,0.1,0.05,2027,hqs_finetuned,1.3978902673716433,0.07108703211925549
fresh_div2k_0874,DIV2K_fresh,fresh_div2k_0874,0.1,0.05,2028,hqs_round1,-0.08444865678665892,0.000581000617938976
fresh_div2k_0874,DIV2K_fresh,fresh_div2k_0874,0.1,0.05,2028,hqs_finetuned,1.383139896003275,0.06525273173710977
fresh_div2k_0877,DIV2K_fresh,fresh_div2k_0877,0.01,0.0,2026,hqs_round1,0.02351771023123206,0.0002017908602741647
fresh_div2k_0877,DIV2K_fresh,fresh_div2k_0877,0.01,0.0,2026,hqs_finetuned,0.03126456822062096,0.0010817838907749566
fresh_div2k_0877,DIV2K_fresh,fresh_div2k_0877,0.04,0.0,2026,hqs_round1,0.05967976730240565,-0.00011552332592013048
fresh_div2k_0877,DIV2K_fresh,fresh_div2k_0877,0.04,0.0,2026,hqs_finetuned,0.016480437723501495,-0.0007889492924213481
fresh_div2k_0877,DIV2K_fresh,fresh_div2k_0877,0.1,0.0,2026,hqs_round1,0.4779012471699886,0.0022013646459578817
fresh_div2k_0877,DIV2K_fresh,fresh_div2k_0877,0.1,0.0,2026,hqs_finetuned,0.5096152427508045,0.002448283927917516
fresh_div2k_0877,DIV2K_fresh,fresh_div2k_0877,0.25,0.0,2026,hqs_round1,0.4263927496769355,0.0007816212787628007
fresh_div2k_0877,DIV2K_fresh,fresh_div2k_0877,0.25,0.0,2026,hqs_finetuned,0.5652294377891494,0.0009768030948638096
fresh_div2k_0877,DIV2K_fresh,fresh_div2k_0877,0.5,0.0,2026,hqs_round1,0.7121259548724481,0.00039535420703895596
fresh_div2k_0877,DIV2K_fresh,fresh_div2k_0877,0.5,0.0,2026,hqs_finetuned,1.0663834128077028,0.0005623624219894818
fresh_div2k_0877,DIV2K_fresh,fresh_div2k_0877,0.1,0.01,2026,hqs_round1,0.4665081547908585,0.0025006892566681316
fresh_div2k_0877,DIV2K_fresh,fresh_div2k_0877,0.1,0.01,2026,hqs_finetuned,0.5156742612224363,0.002690696236610446
fresh_div2k_0877,DIV2K_fresh,fresh_div2k_0877,0.1,0.01,2027,hqs_round1,0.29893046525473466,0.0016481685848235283
fresh_div2k_0877,DIV2K_fresh,fresh_div2k_0877,0.1,0.01,2027,hqs_finetuned,0.30846603077006307,0.001569274215698191
fresh_div2k_0877,DIV2K_fresh,fresh_div2k_0877,0.1,0.01,2028,hqs_round1,0.4129387303864789,0.0022400614261627316
fresh_div2k_0877,DIV2K_fresh,fresh_div2k_0877,0.1,0.01,2028,hqs_finetuned,0.42191554335156667,0.0021734316463470904
fresh_div2k_0877,DIV2K_fresh,fresh_div2k_0877,0.1,0.05,2026,hqs_round1,0.02717962344044622,0.0021671961207390122
fresh_div2k_0877,DIV2K_fresh,fresh_div2k_0877,0.1,0.05,2026,hqs_finetuned,0.56517845223064,0.020140962897300718
fresh_div2k_0877,DIV2K_fresh,fresh_div2k_0877,0.1,0.05,2027,hqs_round1,-0.00624428545695821,0.0021921793575286896
fresh_div2k_0877,DIV2K_fresh,fresh_div2k_0877,0.1,0.05,2027,hqs_finetuned,0.5119971943328281,0.02117277595806122
fresh_div2k_0877,DIV2K_fresh,fresh_div2k_0877,0.1,0.05,2028,hqs_round1,0.04088071254080461,0.0026697972998619424
fresh_div2k_0877,DIV2K_fresh,fresh_div2k_0877,0.1,0.05,2028,hqs_finetuned,0.4675773862322288,0.019586694441795394
fresh_div2k_0879,DIV2K_fresh,fresh_div2k_0879,0.01,0.0,2026,hqs_round1,0.018434516882127383,0.0011425271159271055
fresh_div2k_0879,DIV2K_fresh,fresh_div2k_0879,0.01,0.0,2026,hqs_finetuned,0.19766996600428755,0.006614805231759502
fresh_div2k_0879,DIV2K_fresh,fresh_div2k_0879,0.04,0.0,2026,hqs_round1,0.00561793486788531,0.00016119146182813626
fresh_div2k_0879,DIV2K_fresh,fresh_div2k_0879,0.04,0.0,2026,hqs_finetuned,0.07803654508790103,-0.0020825447816527065
fresh_div2k_0879,DIV2K_fresh,fresh_div2k_0879,0.1,0.0,2026,hqs_round1,0.10577017442054526,0.001272704123020163
fresh_div2k_0879,DIV2K_fresh,fresh_div2k_0879,0.1,0.0,2026,hqs_finetuned,0.15109727123851258,-0.0013723991963864313
fresh_div2k_0879,DIV2K_fresh,fresh_div2k_0879,0.25,0.0,2026,hqs_round1,0.18790757514398138,0.0007381798238753623
fresh_div2k_0879,DIV2K_fresh,fresh_div2k_0879,0.25,0.0,2026,hqs_finetuned,0.2897336932068981,0.0005354687218666054
fresh_div2k_0879,DIV2K_fresh,fresh_div2k_0879,0.5,0.0,2026,hqs_round1,0.20495050190898922,0.0002957146415709655
fresh_div2k_0879,DIV2K_fresh,fresh_div2k_0879,0.5,0.0,2026,hqs_finetuned,0.31923948984064054,0.000339079026222211
fresh_div2k_0879,DIV2K_fresh,fresh_div2k_0879,0.1,0.01,2026,hqs_round1,0.03759217223090516,0.0007948938661813676
fresh_div2k_0879,DIV2K_fresh,fresh_div2k_0879,0.1,0.01,2026,hqs_finetuned,0.10944040077097128,-0.0017592173498869323
fresh_div2k_0879,DIV2K_fresh,fresh_div2k_0879,0.1,0.01,2027,hqs_round1,0.028307224364620964,0.0005903331549168556
fresh_div2k_0879,DIV2K_fresh,fresh_div2k_0879,0.1,0.01,2027,hqs_finetuned,0.088601834129026,-0.002222078641295422
fresh_div2k_0879,DIV2K_fresh,fresh_div2k_0879,0.1,0.01,2028,hqs_round1,0.03914752994246129,0.001021354528009888
fresh_div2k_0879,DIV2K_fresh,fresh_div2k_0879,0.1,0.01,2028,hqs_finetuned,0.08562394596913592,-0.001838251563847093
fresh_div2k_0879,DIV2K_fresh,fresh_div2k_0879,0.1,0.05,2026,hqs_round1,-0.07173190207931768,0.006067398432942128
fresh_div2k_0879,DIV2K_fresh,fresh_div2k_0879,0.1,0.05,2026,hqs_finetuned,0.5737472833402286,0.09045785914962001
fresh_div2k_0879,DIV2K_fresh,fresh_div2k_0879,0.1,0.05,2027,hqs_round1,-0.060822576021386965,0.007629968496739914
fresh_div2k_0879,DIV2K_fresh,fresh_div2k_0879,0.1,0.05,2027,hqs_finetuned,0.6611140512524685,0.1009633888016418
fresh_div2k_0879,DIV2K_fresh,fresh_div2k_0879,0.1,0.05,2028,hqs_round1,-0.0467955888833842,0.007871759264683975
fresh_div2k_0879,DIV2K_fresh,fresh_div2k_0879,0.1,0.05,2028,hqs_finetuned,0.6176491422325157,0.0992110792798846
fresh_div2k_0883,DIV2K_fresh,fresh_div2k_0883,0.01,0.0,2026,hqs_round1,0.011138855213008725,-0.0008245493501212176
fresh_div2k_0883,DIV2K_fresh,fresh_div2k_0883,0.01,0.0,2026,hqs_finetuned,0.09540314062821764,0.0007744045881284967
fresh_div2k_0883,DIV2K_fresh,fresh_div2k_0883,0.04,0.0,2026,hqs_round1,0.019199382688501743,0.00011029852743504875
fresh_div2k_0883,DIV2K_fresh,fresh_div2k_0883,0.04,0.0,2026,hqs_finetuned,0.04038523630526214,-0.0033147335651411147
fresh_div2k_0883,DIV2K_fresh,fresh_div2k_0883,0.1,0.0,2026,hqs_round1,0.019659205648121514,-9.72847241982322e-05
fresh_div2k_0883,DIV2K_fresh,fresh_div2k_0883,0.1,0.0,2026,hqs_finetuned,0.0778022555913509,-0.0005204140602945717
fresh_div2k_0883,DIV2K_fresh,fresh_div2k_0883,0.25,0.0,2026,hqs_round1,0.06327925375756394,0.0006283501324653162
fresh_div2k_0883,DIV2K_fresh,fresh_div2k_0883,0.25,0.0,2026,hqs_finetuned,0.0818938508614373,-0.0001554153370857403
fresh_div2k_0883,DIV2K_fresh,fresh_div2k_0883,0.5,0.0,2026,hqs_round1,0.07400951435155179,0.0007936774845123118
fresh_div2k_0883,DIV2K_fresh,fresh_div2k_0883,0.5,0.0,2026,hqs_finetuned,0.11677599985544163,0.0006149510698317817
fresh_div2k_0883,DIV2K_fresh,fresh_div2k_0883,0.1,0.01,2026,hqs_round1,0.011365144748928913,0.00010856122822322511
fresh_div2k_0883,DIV2K_fresh,fresh_div2k_0883,0.1,0.01,2026,hqs_finetuned,0.07463843823865801,-0.00016139903384448928
fresh_div2k_0883,DIV2K_fresh,fresh_div2k_0883,0.1,0.01,2027,hqs_round1,0.020742789767666636,0.00027756234906617383
fresh_div2k_0883,DIV2K_fresh,fresh_div2k_0883,0.1,0.01,2027,hqs_finetuned,0.07776855336598132,-0.0005206033354103745
fresh_div2k_0883,DIV2K_fresh,fresh_div2k_0883,0.1,0.01,2028,hqs_round1,0.01463840359887314,1.5181878536996152e-05
fresh_div2k_0883,DIV2K_fresh,fresh_div2k_0883,0.1,0.01,2028,hqs_finetuned,0.08211533200682908,-0.0004896936314702227
fresh_div2k_0883,DIV2K_fresh,fresh_div2k_0883,0.1,0.05,2026,hqs_round1,-0.014010599118673639,0.000601030701526839
fresh_div2k_0883,DIV2K_fresh,fresh_div2k_0883,0.1,0.05,2026,hqs_finetuned,0.3098613199493627,0.01730842464359572
fresh_div2k_0883,DIV2K_fresh,fresh_div2k_0883,0.1,0.05,2027,hqs_round1,0.0011038138084629168,0.0014047220565694962
fresh_div2k_0883,DIV2K_fresh,fresh_div2k_0883,0.1,0.05,2027,hqs_finetuned,0.3254921126544694,0.016794582787058254
fresh_div2k_0883,DIV2K_fresh,fresh_div2k_0883,0.1,0.05,2028,hqs_round1,-0.0022320623892966296,0.0014598978869766466
fresh_div2k_0883,DIV2K_fresh,fresh_div2k_0883,0.1,0.05,2028,hqs_finetuned,0.3435047683071346,0.0177986259804368
fresh_div2k_0887,DIV2K_fresh,fresh_div2k_0887,0.01,0.0,2026,hqs_round1,0.02850906120216834,-0.00047960500724342214
fresh_div2k_0887,DIV2K_fresh,fresh_div2k_0887,0.01,0.0,2026,hqs_finetuned,0.09788794363156939,-0.0031606831157856563
fresh_div2k_0887,DIV2K_fresh,fresh_div2k_0887,0.04,0.0,2026,hqs_round1,-0.04966521201216878,-0.0013290386687951905
fresh_div2k_0887,DIV2K_fresh,fresh_div2k_0887,0.04,0.0,2026,hqs_finetuned,0.03964569965645026,-0.001985931032987165
fresh_div2k_0887,DIV2K_fresh,fresh_div2k_0887,0.1,0.0,2026,hqs_round1,0.03139884531850967,-8.171065627782248e-05
fresh_div2k_0887,DIV2K_fresh,fresh_div2k_0887,0.1,0.0,2026,hqs_finetuned,0.09600853701802592,-0.0024025746800042658
fresh_div2k_0887,DIV2K_fresh,fresh_div2k_0887,0.25,0.0,2026,hqs_round1,0.16546374659679586,0.0011637168960570987
fresh_div2k_0887,DIV2K_fresh,fresh_div2k_0887,0.25,0.0,2026,hqs_finetuned,0.17311059643793314,-3.158284854887228e-05
fresh_div2k_0887,DIV2K_fresh,fresh_div2k_0887,0.5,0.0,2026,hqs_round1,0.15651814028569788,0.0005966329965590988
fresh_div2k_0887,DIV2K_fresh,fresh_div2k_0887,0.5,0.0,2026,hqs_finetuned,0.18226072029911222,0.0005265970792770469
fresh_div2k_0887,DIV2K_fresh,fresh_div2k_0887,0.1,0.01,2026,hqs_round1,-0.01093168696166913,-0.0004339827060252377
fresh_div2k_0887,DIV2K_fresh,fresh_div2k_0887,0.1,0.01,2026,hqs_finetuned,0.08150607484780537,-0.0035596928703636177
fresh_div2k_0887,DIV2K_fresh,fresh_div2k_0887,0.1,0.01,2027,hqs_round1,-0.008982258252693498,-0.0004436322087646438
fresh_div2k_0887,DIV2K_fresh,fresh_div2k_0887,0.1,0.01,2027,hqs_finetuned,0.08516879445958025,-0.003220891779214141
fresh_div2k_0887,DIV2K_fresh,fresh_div2k_0887,0.1,0.01,2028,hqs_round1,0.005942809503260094,-7.086997024718933e-05
fresh_div2k_0887,DIV2K_fresh,fresh_div2k_0887,0.1,0.01,2028,hqs_finetuned,0.08602500679198499,-0.0030828879450858215
fresh_div2k_0887,DIV2K_fresh,fresh_div2k_0887,0.1,0.05,2026,hqs_round1,-0.03128205513038296,0.007100037720793817
fresh_div2k_0887,DIV2K_fresh,fresh_div2k_0887,0.1,0.05,2026,hqs_finetuned,0.4446634999837258,0.0659375261002555
fresh_div2k_0887,DIV2K_fresh,fresh_div2k_0887,0.1,0.05,2027,hqs_round1,-0.022281034098270425,0.007861997286394251
fresh_div2k_0887,DIV2K_fresh,fresh_div2k_0887,0.1,0.05,2027,hqs_finetuned,0.4809557417663335,0.06586552615670993
fresh_div2k_0887,DIV2K_fresh,fresh_div2k_0887,0.1,0.05,2028,hqs_round1,-0.020607524518155174,0.007955063567620768
fresh_div2k_0887,DIV2K_fresh,fresh_div2k_0887,0.1,0.05,2028,hqs_finetuned,0.45396031065459397,0.06847558304258627
fresh_div2k_0889,DIV2K_fresh,fresh_div2k_0889,0.01,0.0,2026,hqs_round1,0.019365559254463705,0.0017444466936137881
fresh_div2k_0889,DIV2K_fresh,fresh_div2k_0889,0.01,0.0,2026,hqs_finetuned,0.05570286872854524,-0.001930915064744687
fresh_div2k_0889,DIV2K_fresh,fresh_div2k_0889,0.04,0.0,2026,hqs_round1,0.03551413643801027,0.001974622482528332
fresh_div2k_0889,DIV2K_fresh,fresh_div2k_0889,0.04,0.0,2026,hqs_finetuned,0.07963189624328137,-0.0009691616727778296
fresh_div2k_0889,DIV2K_fresh,fresh_div2k_0889,0.1,0.0,2026,hqs_round1,0.031053179391221875,0.0003662810023687957
fresh_div2k_0889,DIV2K_fresh,fresh_div2k_0889,0.1,0.0,2026,hqs_finetuned,0.08447998863198691,0.0005273536767512743
fresh_div2k_0889,DIV2K_fresh,fresh_div2k_0889,0.25,0.0,2026,hqs_round1,0.011073376772916532,-0.0001245165214538435
fresh_div2k_0889,DIV2K_fresh,fresh_div2k_0889,0.25,0.0,2026,hqs_finetuned,0.055445448184947566,-0.000439348811149598
fresh_div2k_0889,DIV2K_fresh,fresh_div2k_0889,0.5,0.0,2026,hqs_round1,0.07129215964101121,0.0002721392850875137
fresh_div2k_0889,DIV2K_fresh,fresh_div2k_0889,0.5,0.0,2026,hqs_finetuned,0.1061694257813599,0.00023579166412346364
fresh_div2k_0889,DIV2K_fresh,fresh_div2k_0889,0.1,0.01,2026,hqs_round1,0.03253006193961738,0.0004612715274692203
fresh_div2k_0889,DIV2K_fresh,fresh_div2k_0889,0.1,0.01,2026,hqs_finetuned,0.08700092885951705,0.0002277771944328988
fresh_div2k_0889,DIV2K_fresh,fresh_div2k_0889,0.1,0.01,2027,hqs_round1,0.03132693642185913,0.00036828297689928124
fresh_div2k_0889,DIV2K_fresh,fresh_div2k_0889,0.1,0.01,2027,hqs_finetuned,0.08516418668605041,0.00033001901822171664
fresh_div2k_0889,DIV2K_fresh,fresh_div2k_0889,0.1,0.01,2028,hqs_round1,0.029739378089413293,0.0003799164166263802
fresh_div2k_0889,DIV2K_fresh,fresh_div2k_0889,0.1,0.01,2028,hqs_finetuned,0.08404380301932335,0.0006178427985013002
fresh_div2k_0889,DIV2K_fresh,fresh_div2k_0889,0.1,0.05,2026,hqs_round1,0.03629007452664723,0.0012385811300930083
fresh_div2k_0889,DIV2K_fresh,fresh_div2k_0889,0.1,0.05,2026,hqs_finetuned,0.2118182759693994,0.003434122236732451
fresh_div2k_0889,DIV2K_fresh,fresh_div2k_0889,0.1,0.05,2027,hqs_round1,0.041292882028187705,0.0013060733011540648
fresh_div2k_0889,DIV2K_fresh,fresh_div2k_0889,0.1,0.05,2027,hqs_finetuned,0.2004486255464215,0.003013928886472117
fresh_div2k_0889,DIV2K_fresh,fresh_div2k_0889,0.1,0.05,2028,hqs_round1,0.03821012032551252,0.0012160332010118236
fresh_div2k_0889,DIV2K_fresh,fresh_div2k_0889,0.1,0.05,2028,hqs_finetuned,0.2052790002211573,0.003931226162139256
fresh_div2k_0892,DIV2K_fresh,fresh_div2k_0892,0.01,0.0,2026,hqs_round1,-0.004570113835722367,-0.00020834766653843317
fresh_div2k_0892,DIV2K_fresh,fresh_div2k_0892,0.01,0.0,2026,hqs_finetuned,-0.03704560186484329,-0.01018152761050889
fresh_div2k_0892,DIV2K_fresh,fresh_div2k_0892,0.04,0.0,2026,hqs_round1,0.003157377057441124,-0.0007628922232686408
fresh_div2k_0892,DIV2K_fresh,fresh_div2k_0892,0.04,0.0,2026,hqs_finetuned,0.0021269815796571834,-0.0074965557170244
fresh_div2k_0892,DIV2K_fresh,fresh_div2k_0892,0.1,0.0,2026,hqs_round1,0.1947042640882657,0.007929481321129916
fresh_div2k_0892,DIV2K_fresh,fresh_div2k_0892,0.1,0.0,2026,hqs_finetuned,0.3307771818366554,0.01862053586602208
fresh_div2k_0892,DIV2K_fresh,fresh_div2k_0892,0.25,0.0,2026,hqs_round1,0.323020897084632,0.004269404048919623
fresh_div2k_0892,DIV2K_fresh,fresh_div2k_0892,0.25,0.0,2026,hqs_finetuned,0.5602271368218759,0.007198513669490758
fresh_div2k_0892,DIV2K_fresh,fresh_div2k_0892,0.5,0.0,2026,hqs_round1,0.4806391962987888,0.001394345664024299
fresh_div2k_0892,DIV2K_fresh,fresh_div2k_0892,0.5,0.0,2026,hqs_finetuned,0.9725788291393229,0.002569052611350986
fresh_div2k_0892,DIV2K_fresh,fresh_div2k_0892,0.1,0.01,2026,hqs_round1,0.17387567900726708,0.007414080634731701
fresh_div2k_0892,DIV2K_fresh,fresh_div2k_0892,0.1,0.01,2026,hqs_finetuned,0.3084000569326051,0.018332136340534766
fresh_div2k_0892,DIV2K_fresh,fresh_div2k_0892,0.1,0.01,2027,hqs_round1,0.18372941031073964,0.007823317903347338
fresh_div2k_0892,DIV2K_fresh,fresh_div2k_0892,0.1,0.01,2027,hqs_finetuned,0.2873677682488385,0.017358296410120988
fresh_div2k_0892,DIV2K_fresh,fresh_div2k_0892,0.1,0.01,2028,hqs_round1,0.18796104408372827,0.007856065817341218
fresh_div2k_0892,DIV2K_fresh,fresh_div2k_0892,0.1,0.01,2028,hqs_finetuned,0.3414754108284015,0.019644252673327922
fresh_div2k_0892,DIV2K_fresh,fresh_div2k_0892,0.1,0.05,2026,hqs_round1,0.06822992486134183,0.004834479424278948
fresh_div2k_0892,DIV2K_fresh,fresh_div2k_0892,0.1,0.05,2026,hqs_finetuned,0.3880341389427464,0.027489681008213362
fresh_div2k_0892,DIV2K_fresh,fresh_div2k_0892,0.1,0.05,2027,hqs_round1,0.07883615754798257,0.005499285851817248
fresh_div2k_0892,DIV2K_fresh,fresh_div2k_0892,0.1,0.05,2027,hqs_finetuned,0.5004572274474235,0.03335922507911426
fresh_div2k_0892,DIV2K_fresh,fresh_div2k_0892,0.1,0.05,2028,hqs_round1,0.09115901468489085,0.006233383600828035
fresh_div2k_0892,DIV2K_fresh,fresh_div2k_0892,0.1,0.05,2028,hqs_finetuned,0.47490950419792455,0.03229323648526894
fresh_div2k_0896,DIV2K_fresh,fresh_div2k_0896,0.01,0.0,2026,hqs_round1,0.08959779204371188,0.0014157366525177073
fresh_div2k_0896,DIV2K_fresh,fresh_div2k_0896,0.01,0.0,2026,hqs_finetuned,0.0896034465046398,0.0007829390073286202
fresh_div2k_0896,DIV2K_fresh,fresh_div2k_0896,0.04,0.0,2026,hqs_round1,0.2296769959186662,0.001527863105416305
fresh_div2k_0896,DIV2K_fresh,fresh_div2k_0896,0.04,0.0,2026,hqs_finetuned,0.5235762082173174,0.003624931216955174
fresh_div2k_0896,DIV2K_fresh,fresh_div2k_0896,0.1,0.0,2026,hqs_round1,0.38055320069620535,0.0009291687531470805
fresh_div2k_0896,DIV2K_fresh,fresh_div2k_0896,0.1,0.0,2026,hqs_finetuned,0.7659995335677223,0.0018949243271351168
fresh_div2k_0896,DIV2K_fresh,fresh_div2k_0896,0.25,0.0,2026,hqs_round1,0.5289466189481971,0.00043427138614660077
fresh_div2k_0896,DIV2K_fresh,fresh_div2k_0896,0.25,0.0,2026,hqs_finetuned,0.8748916390140096,0.0007736385517120858
fresh_div2k_0896,DIV2K_fresh,fresh_div2k_0896,0.5,0.0,2026,hqs_round1,0.4827740718424991,0.0001927939386366928
fresh_div2k_0896,DIV2K_fresh,fresh_div2k_0896,0.5,0.0,2026,hqs_finetuned,0.7564575943504224,0.00023153571987144517
fresh_div2k_0896,DIV2K_fresh,fresh_div2k_0896,0.1,0.01,2026,hqs_round1,-0.05496589141607444,0.004258748737573592
fresh_div2k_0896,DIV2K_fresh,fresh_div2k_0896,0.1,0.01,2026,hqs_finetuned,0.6177032330324934,0.02296362087821968
fresh_div2k_0896,DIV2K_fresh,fresh_div2k_0896,0.1,0.01,2027,hqs_round1,-0.013043311629637344,0.003562436789274148
fresh_div2k_0896,DIV2K_fresh,fresh_div2k_0896,0.1,0.01,2027,hqs_finetuned,0.6339017407922967,0.0213063733854294
fresh_div2k_0896,DIV2K_fresh,fresh_div2k_0896,0.1,0.01,2028,hqs_round1,-0.061837427986063176,0.0037483107049465225
fresh_div2k_0896,DIV2K_fresh,fresh_div2k_0896,0.1,0.01,2028,hqs_finetuned,0.5668528292794477,0.022354724188327846
fresh_div2k_0896,DIV2K_fresh,fresh_div2k_0896,0.1,0.05,2026,hqs_round1,-0.035855947457751114,0.007224777334205901
fresh_div2k_0896,DIV2K_fresh,fresh_div2k_0896,0.1,0.05,2026,hqs_finetuned,3.554412932628537,0.3679810549448729
fresh_div2k_0896,DIV2K_fresh,fresh_div2k_0896,0.1,0.05,2027,hqs_round1,-0.015321271629233024,0.007377788510475325
fresh_div2k_0896,DIV2K_fresh,fresh_div2k_0896,0.1,0.05,2027,hqs_finetuned,3.0782990549502465,0.3566512638707161
fresh_div2k_0896,DIV2K_fresh,fresh_div2k_0896,0.1,0.05,2028,hqs_round1,-0.026308006759670377,0.007717975655214926
fresh_div2k_0896,DIV2K_fresh,fresh_div2k_0896,0.1,0.05,2028,hqs_finetuned,3.3677750668648123,0.3680484756791089
fresh_div2k_0899,DIV2K_fresh,fresh_div2k_0899,0.01,0.0,2026,hqs_round1,-0.015617190069871612,-0.0019196010422226628
fresh_div2k_0899,DIV2K_fresh,fresh_div2k_0899,0.01,0.0,2026,hqs_finetuned,-0.03200596022975688,-0.0037190384117909425
fresh_div2k_0899,DIV2K_fresh,fresh_div2k_0899,0.04,0.0,2026,hqs_round1,0.09501824236838274,0.0030331490259505323
fresh_div2k_0899,DIV2K_fresh,fresh_div2k_0899,0.04,0.0,2026,hqs_finetuned,0.4069821150733901,0.015330337521866633
fresh_div2k_0899,DIV2K_fresh,fresh_div2k_0899,0.1,0.0,2026,hqs_round1,0.3713898660606958,0.004628460586070915
fresh_div2k_0899,DIV2K_fresh,fresh_div2k_0899,0.1,0.0,2026,hqs_finetuned,0.6815651716809974,0.007534768114089929
fresh_div2k_0899,DIV2K_fresh,fresh_div2k_0899,0.25,0.0,2026,hqs_round1,0.5549592646807398,0.002157878727912843
fresh_div2k_0899,DIV2K_fresh,fresh_div2k_0899,0.25,0.0,2026,hqs_finetuned,0.778676585571553,0.002491012273788451
fresh_div2k_0899,DIV2K_fresh,fresh_div2k_0899,0.5,0.0,2026,hqs_round1,0.6097049715596512,0.0009238017234802776
fresh_div2k_0899,DIV2K_fresh,fresh_div2k_0899,0.5,0.0,2026,hqs_finetuned,0.8005703684527887,0.0012392152090072717
fresh_div2k_0899,DIV2K_fresh,fresh_div2k_0899,0.1,0.01,2026,hqs_round1,0.36926415494583864,0.004844199263572713
fresh_div2k_0899,DIV2K_fresh,fresh_div2k_0899,0.1,0.01,2026,hqs_finetuned,0.6957039020415117,0.00793975307703021
fresh_div2k_0899,DIV2K_fresh,fresh_div2k_0899,0.1,0.01,2027,hqs_round1,0.32941628387731825,0.0043269018723963715
fresh_div2k_0899,DIV2K_fresh,fresh_div2k_0899,0.1,0.01,2027,hqs_finetuned,0.6418852821886212,0.00739527048110955
fresh_div2k_0899,DIV2K_fresh,fresh_div2k_0899,0.1,0.01,2028,hqs_round1,0.33204968172838534,0.004411074748516097
fresh_div2k_0899,DIV2K_fresh,fresh_div2k_0899,0.1,0.01,2028,hqs_finetuned,0.624384253090728,0.007289214631557517
fresh_div2k_0899,DIV2K_fresh,fresh_div2k_0899,0.1,0.05,2026,hqs_round1,0.17275710874404382,0.0038040651546716875
fresh_div2k_0899,DIV2K_fresh,fresh_div2k_0899,0.1,0.05,2026,hqs_finetuned,0.5258534276734217,0.015624960939526589
fresh_div2k_0899,DIV2K_fresh,fresh_div2k_0899,0.1,0.05,2027,hqs_round1,0.15897200819575374,0.0038290884791761792
fresh_div2k_0899,DIV2K_fresh,fresh_div2k_0899,0.1,0.05,2027,hqs_finetuned,0.49905352234583233,0.016383264304354883
fresh_div2k_0899,DIV2K_fresh,fresh_div2k_0899,0.1,0.05,2028,hqs_round1,0.13554528185983727,0.0037356790996007083
fresh_div2k_0899,DIV2K_fresh,fresh_div2k_0899,0.1,0.05,2028,hqs_finetuned,0.4553306584725796,0.016469654516857113
