dataset,sequence,cr,sigma,method,units,images,psnr,ssim,seconds
DIV2K_fresh,fresh_div2k_0802,0.01,0.0,hqs,1,1,19.011267637451333,0.5420339176951064,0.32090714504010975
DIV2K_fresh,fresh_div2k_0802,0.01,0.0,hqs_finetuned,1,1,19.924118521587907,0.6027805735289016,0.3196563629899174
DIV2K_fresh,fresh_div2k_0802,0.01,0.0,hqs_round1,1,1,19.284695862533162,0.5590330796290994,0.31900318793486804
DIV2K_fresh,fresh_div2k_0802,0.04,0.0,hqs,1,1,27.162189751947118,0.8866380973985791,0.32697381800971925
DIV2K_fresh,fresh_div2k_0802,0.04,0.0,hqs_finetuned,1,1,27.442705110170827,0.8918780991948247,0.3196605099365115
DIV2K_fresh,fresh_div2k_0802,0.04,0.0,hqs_round1,1,1,27.318618910674314,0.8893830881841183,0.3204770960146561
DIV2K_fresh,fresh_div2k_0802,0.1,0.0,hqs,1,1,32.12033658793449,0.9555928787317276,0.3249557319795713
DIV2K_fresh,fresh_div2k_0802,0.1,0.0,hqs_finetuned,1,1,32.53875452562548,0.9573300736088752,0.31785134598612785
DIV2K_fresh,fresh_div2k_0802,0.1,0.0,hqs_round1,1,1,32.429348041554626,0.9569249301638603,0.3178642999846488
DIV2K_fresh,fresh_div2k_0802,0.1,0.01,hqs,1,1,31.84695617200457,0.9529964452651342,0.3626978490113591
DIV2K_fresh,fresh_div2k_0802,0.1,0.01,hqs_finetuned,1,1,32.22258624828393,0.954873121972243,0.35375138632177067
DIV2K_fresh,fresh_div2k_0802,0.1,0.01,hqs_round1,1,1,32.106284672427165,0.954265403277874,0.35764466028194875
DIV2K_fresh,fresh_div2k_0802,0.1,0.05,hqs,1,1,28.204710264311817,0.899478906166926,0.3617363596567884
DIV2K_fresh,fresh_div2k_0802,0.1,0.05,hqs_finetuned,1,1,29.122729799564055,0.9190090203523636,0.35683245832721394
DIV2K_fresh,fresh_div2k_0802,0.1,0.05,hqs_round1,1,1,28.21781557835853,0.9005713498006612,0.355590039708962
DIV2K_fresh,fresh_div2k_0802,0.25,0.0,hqs,1,1,37.05128066396081,0.9825157458715439,0.31936740002129227
DIV2K_fresh,fresh_div2k_0802,0.25,0.0,hqs_finetuned,1,1,37.496635412616484,0.9831987758369446,0.35893205797765404
DIV2K_fresh,fresh_div2k_0802,0.25,0.0,hqs_round1,1,1,37.34113759463335,0.9830581777906418,0.4017068019602448
DIV2K_fresh,fresh_div2k_0802,0.5,0.0,hqs,1,1,41.413573509301536,0.9928660578737258,0.32111761101987213
DIV2K_fresh,fresh_div2k_0802,0.5,0.0,hqs_finetuned,1,1,41.80357055665564,0.993132889248848,0.3566484950715676
DIV2K_fresh,fresh_div2k_0802,0.5,0.0,hqs_round1,1,1,41.69902349706841,0.9931691402521133,0.37351517600473017
DIV2K_fresh,fresh_div2k_0804,0.01,0.0,hqs,1,1,19.216400751003604,0.4227171330052023,0.35517733497545123
DIV2K_fresh,fresh_div2k_0804,0.01,0.0,hqs_finetuned,1,1,19.277825586385006,0.42303964330479127,0.3556374900508672
DIV2K_fresh,fresh_div2k_0804,0.01,0.0,hqs_round1,1,1,19.242493435699703,0.42391153180241553,0.35367353504989296
DIV2K_fresh,fresh_div2k_0804,0.04,0.0,hqs,1,1,22.962534336858052,0.6707521114320827,0.3636126290075481
DIV2K_fresh,fresh_div2k_0804,0.04,0.0,hqs_finetuned,1,1,23.053714850817414,0.6708006345376055,0.35449030704330653
DIV2K_fresh,fresh_div2k_0804,0.04,0.0,hqs_round1,1,1,23.029853409006577,0.6722815536010772,0.3630043650045991
DIV2K_fresh,fresh_div2k_0804,0.1,0.0,hqs,1,1,26.090734020380026,0.8073796840952039,0.3258706530323252
DIV2K_fresh,fresh_div2k_0804,0.1,0.0,hqs_finetuned,1,1,26.20983554092968,0.8075091256672591,0.3215967289870605
DIV2K_fresh,fresh_div2k_0804,0.1,0.0,hqs_round1,1,1,26.14651675967022,0.8076719386052639,0.31834615604020655
DIV2K_fresh,fresh_div2k_0804,0.1,0.01,hqs,1,1,25.965640606966755,0.8022688912193328,0.3270898083768164
DIV2K_fresh,fresh_div2k_0804,0.1,0.01,hqs_finetuned,1,1,26.06121087896102,0.8018065551908761,0.32258929902066785
DIV2K_fresh,fresh_div2k_0804,0.1,0.01,hqs_round1,1,1,25.9786218495,0.802035184384783,0.3208701773546636
DIV2K_fresh,fresh_div2k_0804,0.1,0.05,hqs,1,1,23.9915749698655,0.7098383492217266,0.3242783819635709
DIV2K_fresh,fresh_div2k_0804,0.1,0.05,hqs_finetuned,1,1,24.53534988146033,0.7350913112325665,0.32074046569565934
DIV2K_fresh,fresh_div2k_0804,0.1,0.05,hqs_round1,1,1,23.939546904749125,0.71033523337946,0.3213898472798367
DIV2K_fresh,fresh_div2k_0804,0.25,0.0,hqs,1,1,29.717852504723204,0.9124680301976204,0.3299665870144963
DIV2K_fresh,fresh_div2k_0804,0.25,0.0,hqs_finetuned,1,1,30.088415133089224,0.9164093805336953,0.3246554940706119
DIV2K_fresh,fresh_div2k_0804,0.25,0.0,hqs_round1,1,1,29.93807534007019,0.9150495345089436,0.3201301640365273
DIV2K_fresh,fresh_div2k_0804,0.5,0.0,hqs,1,1,34.52059884851354,0.9698278643045425,0.32242383901029825
DIV2K_fresh,fresh_div2k_0804,0.5,0.0,hqs_finetuned,1,1,35.02441234879484,0.9727394461297989,0.3198372209444642
DIV2K_fresh,fresh_div2k_0804,0.5,0.0,hqs_round1,1,1,34.8587934078962,0.9718377462120056,0.32634923700243235
DIV2K_fresh,fresh_div2k_0808,0.01,0.0,hqs,1,1,22.98909998703985,0.7309261252895164,0.3263030890375376
DIV2K_fresh,fresh_div2k_0808,0.01,0.0,hqs_finetuned,1,1,23.014799258750486,0.7321635327823128,0.3215789740206674
DIV2K_fresh,fresh_div2k_0808,0.01,0.0,hqs_round1,1,1,23.012293864715595,0.7313847770193587,0.3195760529488325
DIV2K_fresh,fresh_div2k_0808,0.04,0.0,hqs,1,1,26.74654267361562,0.8587998595801103,0.3221328780055046
DIV2K_fresh,fresh_div2k_0808,0.04,0.0,hqs_finetuned,1,1,26.76183313919544,0.8592008165819048,0.32142162101808935
DIV2K_fresh,fresh_div2k_0808,0.04,0.0,hqs_round1,1,1,26.758194935290533,0.8592690064049885,0.31878789397887886
DIV2K_fresh,fresh_div2k_0808,0.1,0.0,hqs,1,1,29.441705411781086,0.9215630284144878,0.3922088099643588
DIV2K_fresh,fresh_div2k_0808,0.1,0.0,hqs_finetuned,1,1,29.70378957948561,0.9237585613749028,0.38703630201052874
DIV2K_fresh,fresh_div2k_0808,0.1,0.0,hqs_round1,1,1,29.585538873915965,0.9233842320790291,0.3867423050105572
DIV2K_fresh,fresh_div2k_0808,0.1,0.01,hqs,1,1,29.1910518868771,0.9141659838736057,0.33241722305926186
DIV2K_fresh,fresh_div2k_0808,0.1,0.01,hqs_finetuned,1,1,29.36454805678191,0.9162198657137552,0.3457976223435253
DIV2K_fresh,fresh_div2k_0808,0.1,0.01,hqs_round1,1,1,29.267866891725532,0.9156929409213067,0.3261873690256228
DIV2K_fresh,fresh_div2k_0808,0.1,0.05,hqs,1,1,26.929046644294374,0.7867068987573124,0.3435103836624573
DIV2K_fresh,fresh_div2k_0808,0.1,0.05,hqs_finetuned,1,1,27.618899056770093,0.8706181028261376,0.3211264096510907
DIV2K_fresh,fresh_div2k_0808,0.1,0.05,hqs_round1,1,1,26.85240773603145,0.7885381661536632,0.32422910537570715
DIV2K_fresh,fresh_div2k_0808,0.25,0.0,hqs,1,1,33.49764220788288,0.9652620769939423,0.38519682292826474
DIV2K_fresh,fresh_div2k_0808,0.25,0.0,hqs_finetuned,1,1,33.79069718428049,0.9664879986801147,0.3259717579931021
DIV2K_fresh,fresh_div2k_0808,0.25,0.0,hqs_round1,1,1,33.69858583184862,0.9664077172794342,0.3432502510258928
DIV2K_fresh,fresh_div2k_0808,0.5,0.0,hqs,1,1,38.419301746434314,0.9875435921144485,0.32734085398260504
DIV2K_fresh,fresh_div2k_0808,0.5,0.0,hqs_finetuned,1,1,38.56477608146259,0.9878007554540634,0.3230156609788537
DIV2K_fresh,fresh_div2k_0808,0.5,0.0,hqs_round1,1,1,38.53111403062607,0.9878353397407532,0.32076626899652183
DIV2K_fresh,fresh_div2k_0811,0.01,0.0,hqs,1,1,22.450375190043964,0.4074084568193348,0.3291329530766234
DIV2K_fresh,fresh_div2k_0811,0.01,0.0,hqs_finetuned,1,1,22.474058680589653,0.4056712871049727,0.32275471300818026
DIV2K_fresh,fresh_div2k_0811,0.01,0.0,hqs_round1,1,1,22.464479979219764,0.4076498982181965,0.321656410000287
DIV2K_fresh,fresh_div2k_0811,0.04,0.0,hqs,1,1,24.461469292397133,0.5804804366423832,0.32641438604332507
DIV2K_fresh,fresh_div2k_0811,0.04,0.0,hqs_finetuned,1,1,24.490437015480268,0.5789623014458251,0.3175391830736771
DIV2K_fresh,fresh_div2k_0811,0.04,0.0,hqs_round1,1,1,24.46865687326861,0.5801680820892593,0.32283794693648815
DIV2K_fresh,fresh_div2k_0811,0.1,0.0,hqs,1,1,26.36072997896226,0.7297840174230933,0.3294084459776059
DIV2K_fresh,fresh_div2k_0811,0.1,0.0,hqs_finetuned,1,1,26.38567021088663,0.7281708859235049,0.3192498590797186
DIV2K_fresh,fresh_div2k_0811,0.1,0.0,hqs_round1,1,1,26.385103930946823,0.7297950906706452,0.3213249039836228
DIV2K_fresh,fresh_div2k_0811,0.1,0.01,hqs,1,1,26.310694421413274,0.7273637360939781,0.326890734063151
DIV2K_fresh,fresh_div2k_0811,0.1,0.01,hqs_finetuned,1,1,26.334788887157753,0.7255290771041513,0.3216098700261985
DIV2K_fresh,fresh_div2k_0811,0.1,0.01,hqs_round1,1,1,26.329489274311072,0.7273058799395735,0.32286048168316483
DIV2K_fresh,fresh_div2k_0811,0.1,0.05,hqs,1,1,25.411943930517555,0.675342653337542,0.3223284150008112
DIV2K_fresh,fresh_div2k_0811,0.1,0.05,hqs_finetuned,1,1,25.60735011290764,0.6773331715502765,0.3212086890125647
DIV2K_fresh,fresh_div2k_0811,0.1,0.05,hqs_round1,1,1,25.418769913492383,0.6763244156926463,0.32181765829833847
DIV2K_fresh,fresh_div2k_0811,0.25,0.0,hqs,1,1,29.71720029374035,0.876590647819519,0.32475016405805945
DIV2K_fresh,fresh_div2k_0811,0.25,0.0,hqs_finetuned,1,1,29.766325600672744,0.8765820307264328,0.32112901599612087
DIV2K_fresh,fresh_div2k_0811,0.25,0.0,hqs_round1,1,1,29.735574165472226,0.8766557697920799,0.32328191597480327
DIV2K_fresh,fresh_div2k_0811,0.5,0.0,hqs,1,1,34.26627064931189,0.9561246472234726,0.32519415905699134
DIV2K_fresh,fresh_div2k_0811,0.5,0.0,hqs_finetuned,1,1,34.36807704361514,0.9568011812944412,0.31923081690911204
DIV2K_fresh,fresh_div2k_0811,0.5,0.0,hqs_round1,1,1,34.33233649681432,0.956833178864479,0.32126717001665384
DIV2K_fresh,fresh_div2k_0813,0.01,0.0,hqs,1,1,20.581168969942482,0.5619937965477291,0.3231119209667668
DIV2K_fresh,fresh_div2k_0813,0.01,0.0,hqs_finetuned,1,1,20.652402681485732,0.5659262494878621,0.32116174593102187
DIV2K_fresh,fresh_div2k_0813,0.01,0.0,hqs_round1,1,1,20.59550293677791,0.5632856885173442,0.3188397280173376
DIV2K_fresh,fresh_div2k_0813,0.04,0.0,hqs,1,1,24.168089707625633,0.7708688582253493,0.35170382098294795
DIV2K_fresh,fresh_div2k_0813,0.04,0.0,hqs_finetuned,1,1,24.216837220765996,0.7744571762852985,0.31959132105112076
DIV2K_fresh,fresh_div2k_0813,0.04,0.0,hqs_round1,1,1,24.202572221189218,0.773319937224377,0.325501337996684
DIV2K_fresh,fresh_div2k_0813,0.1,0.0,hqs,1,1,27.251444325072065,0.8908315761768818,0.3245778330601752
DIV2K_fresh,fresh_div2k_0813,0.1,0.0,hqs_finetuned,1,1,27.352922864574918,0.893202268629551,0.3194611299550161
DIV2K_fresh,fresh_div2k_0813,0.1,0.0,hqs_round1,1,1,27.348144630371024,0.8931658380391597,0.3329739790642634
DIV2K_fresh,fresh_div2k_0813,0.1,0.01,hqs,1,1,27.017650215367308,0.883114042191585,0.32821965768622857
DIV2K_fresh,fresh_div2k_0813,0.1,0.01,hqs_finetuned,1,1,27.0878309902414,0.8853636007693609,0.32336820565008867
DIV2K_fresh,fresh_div2k_0813,0.1,0.01,hqs_round1,1,1,27.06576227025879,0.8852110718015034,0.32445719465613365
DIV2K_fresh,fresh_div2k_0813,0.1,0.05,hqs,1,1,24.558833099796704,0.735002416932367,0.32396743799714994
DIV2K_fresh,fresh_div2k_0813,0.1,0.05,hqs_finetuned,1,1,25.20316049627881,0.8095213225127124,0.3217169906711206
DIV2K_fresh,fresh_div2k_0813,0.1,0.05,hqs_round1,1,1,24.556086819362747,0.7427261326155677,0.3254489886652057
DIV2K_fresh,fresh_div2k_0813,0.25,0.0,hqs,1,1,32.6402624417707,0.9667950558919907,0.3326807609992102
DIV2K_fresh,fresh_div2k_0813,0.25,0.0,hqs_finetuned,1,1,32.840521429122,0.9683010137481689,0.32060542702674866
DIV2K_fresh,fresh_div2k_0813,0.25,0.0,hqs_round1,1,1,32.71699077011226,0.9673883717298508,0.31937824201304466
DIV2K_fresh,fresh_div2k_0813,0.5,0.0,hqs,1,1,39.16983603328004,0.9910965863723755,0.32689612894319
DIV2K_fresh,fresh_div2k_0813,0.5,0.0,hqs_finetuned,1,1,39.68181624491764,0.9918456758651734,0.3227367219515145
DIV2K_fresh,fresh_div2k_0813,0.5,0.0,hqs_round1,1,1,39.507155184089015,0.9916170638818741,0.31846179405692965
DIV2K_fresh,fresh_div2k_0817,0.01,0.0,hqs,1,1,21.339060411120418,0.44481828259685147,0.3233382690232247
DIV2K_fresh,fresh_div2k_0817,0.01,0.0,hqs_finetuned,1,1,21.326501141761838,0.44091774131123185,0.3192238190677017
DIV2K_fresh,fresh_div2k_0817,0.01,0.0,hqs_round1,1,1,21.341192856597914,0.44523215546150263,0.3195131140528247
DIV2K_fresh,fresh_div2k_0817,0.04,0.0,hqs,1,1,23.96755910175486,0.6600003935909933,0.32615973497740924
DIV2K_fresh,fresh_div2k_0817,0.04,0.0,hqs_finetuned,1,1,23.966736817405714,0.6587919435495878,0.3191190349170938
DIV2K_fresh,fresh_div2k_0817,0.04,0.0,hqs_round1,1,1,23.99218923732181,0.6613189352673438,0.31980029004625976
DIV2K_fresh,fresh_div2k_0817,0.1,0.0,hqs,1,1,26.55328407892902,0.8126194016536474,0.325118001899682
DIV2K_fresh,fresh_div2k_0817,0.1,0.0,hqs_finetuned,1,1,26.701599765340546,0.8167147565267235,0.3230282290605828
DIV2K_fresh,fresh_div2k_0817,0.1,0.0,hqs_round1,1,1,26.65978238739912,0.8149626257476918,0.3187767720082775
DIV2K_fresh,fresh_div2k_0817,0.1,0.01,hqs,1,1,26.45340955339257,0.8076276718669334,0.32809501998902607
DIV2K_fresh,fresh_div2k_0817,0.1,0.01,hqs_finetuned,1,1,26.564009688006625,0.8107198550829713,0.3238379196651901
DIV2K_fresh,fresh_div2k_0817,0.1,0.01,hqs_round1,1,1,26.53067671261506,0.8092517464079062,0.32909147165870917
DIV2K_fresh,fresh_div2k_0817,0.1,0.05,hqs,1,1,24.818932034313704,0.7146248152201684,0.3282004380210613
DIV2K_fresh,fresh_div2k_0817,0.1,0.05,hqs_finetuned,1,1,25.2096051000168,0.740188736849502,0.3258533386591201
DIV2K_fresh,fresh_div2k_0817,0.1,0.05,hqs_round1,1,1,24.789262206580357,0.7175433192634699,0.3248994446281965
DIV2K_fresh,fresh_div2k_0817,0.25,0.0,hqs,1,1,31.146446828260036,0.933832616959095,0.3285931160207838
DIV2K_fresh,fresh_div2k_0817,0.25,0.0,hqs_finetuned,1,1,31.35904004775555,0.9359304821310044,0.32015697297174484
DIV2K_fresh,fresh_div2k_0817,0.25,0.0,hqs_round1,1,1,31.30472573229353,0.9353782375316619,0.31900840997695923
DIV2K_fresh,fresh_div2k_0817,0.5,0.0,hqs,1,1,37.086315269961226,0.9815623502016068,0.32679198298137635
DIV2K_fresh,fresh_div2k_0817,0.5,0.0,hqs_finetuned,1,1,37.408063490469786,0.9826162686920166,0.33383541693910956
DIV2K_fresh,fresh_div2k_0817,0.5,0.0,hqs_round1,1,1,37.28694619329349,0.9823046396999359,0.32213716802652925
DIV2K_fresh,fresh_div2k_0821,0.01,0.0,hqs,1,1,14.669366173626317,0.2476460005598334,0.32715844397898763
DIV2K_fresh,fresh_div2k_0821,0.01,0.0,hqs_finetuned,1,1,14.969825356621591,0.27816284391719687,0.32437764503993094
DIV2K_fresh,fresh_div2k_0821,0.01,0.0,hqs_round1,1,1,14.762568795020918,0.2567427395448192,0.3198091289959848
DIV2K_fresh,fresh_div2k_0821,0.04,0.0,hqs,1,1,17.485305969330454,0.5817746852669204,0.3314156159758568
DIV2K_fresh,fresh_div2k_0821,0.04,0.0,hqs_finetuned,1,1,17.712736170918426,0.6049489356399415,0.3247788540320471
DIV2K_fresh,fresh_div2k_0821,0.04,0.0,hqs_round1,1,1,17.577545147226306,0.5922204333981416,0.32334087102208287
DIV2K_fresh,fresh_div2k_0821,0.1,0.0,hqs,1,1,22.423783748536714,0.8565582579591554,0.3260715410578996
DIV2K_fresh,fresh_div2k_0821,0.1,0.0,hqs_finetuned,1,1,23.304893321073983,0.879335205174122,0.31941616302356124
DIV2K_fresh,fresh_div2k_0821,0.1,0.0,hqs_round1,1,1,22.78030895700672,0.8663516883832514,0.3229275989579037
DIV2K_fresh,fresh_div2k_0821,0.1,0.01,hqs,1,1,22.360129269322766,0.8544369801548868,0.325563075991037
DIV2K_fresh,fresh_div2k_0821,0.1,0.01,hqs_finetuned,1,1,23.221774955911314,0.8769763348363352,0.32204697727380943
DIV2K_fresh,fresh_div2k_0821,0.1,0.01,hqs_round1,1,1,22.709391614024096,0.8642174415283712,0.32394637326554704
DIV2K_fresh,fresh_div2k_0821,0.1,0.05,hqs,1,1,21.18294836930629,0.8082972789943547,0.3223451812906812
DIV2K_fresh,fresh_div2k_0821,0.1,0.05,hqs_finetuned,1,1,21.799583973665467,0.8314891861375476,0.3243451253899063
DIV2K_fresh,fresh_div2k_0821,0.1,0.05,hqs_round1,1,1,21.41408136102682,0.8176322058571818,0.3184406236978248
DIV2K_fresh,fresh_div2k_0821,0.25,0.0,hqs,1,1,30.164263279014925,0.9741921227827072,0.32492137304507196
DIV2K_fresh,fresh_div2k_0821,0.25,0.0,hqs_finetuned,1,1,31.45173152284675,0.9803439148044586,0.3281078420113772
DIV2K_fresh,fresh_div2k_0821,0.25,0.0,hqs_round1,1,1,30.764553692556596,0.9773659171133041,0.32547008199617267
DIV2K_fresh,fresh_div2k_0821,0.5,0.0,hqs,1,1,37.232071978991534,0.9941783373470306,0.34009521803818643
DIV2K_fresh,fresh_div2k_0821,0.5,0.0,hqs_finetuned,1,1,38.31344663841425,0.995166189250946,0.3278835660312325
DIV2K_fresh,fresh_div2k_0821,0.5,0.0,hqs_round1,1,1,37.85426209266041,0.9948148222589492,0.3334743119776249
DIV2K_fresh,fresh_div2k_0823,0.01,0.0,hqs,1,1,20.35845313154673,0.5901641975232442,0.31860302202403545
DIV2K_fresh,fresh_div2k_0823,0.01,0.0,hqs_finetuned,1,1,20.36179460831377,0.5909311897989765,0.3181031319545582
DIV2K_fresh,fresh_div2k_0823,0.01,0.0,hqs_round1,1,1,20.367458360453355,0.5907011056074684,0.3172267290065065
DIV2K_fresh,fresh_div2k_0823,0.04,0.0,hqs,1,1,22.935440150757053,0.7589077451529419,0.31948450510390103
DIV2K_fresh,fresh_div2k_0823,0.04,0.0,hqs_finetuned,1,1,23.009649843198634,0.7617439417909346,0.31969334091991186
DIV2K_fresh,fresh_div2k_0823,0.04,0.0,hqs_round1,1,1,22.969600301644697,0.7602587615062381,0.31804502196609974
DIV2K_fresh,fresh_div2k_0823,0.1,0.0,hqs,1,1,25.719216052455728,0.8701281309301854,0.3197037699865177
DIV2K_fresh,fresh_div2k_0823,0.1,0.0,hqs_finetuned,1,1,25.873085882022664,0.8738643266509771,0.3189105730270967
DIV2K_fresh,fresh_div2k_0823,0.1,0.0,hqs_round1,1,1,25.819632576213394,0.8728523779702186,0.3226470430381596
DIV2K_fresh,fresh_div2k_0823,0.1,0.01,hqs,1,1,25.531463153273396,0.8627795234501064,0.321466258338963
DIV2K_fresh,fresh_div2k_0823,0.1,0.01,hqs_finetuned,1,1,25.63865716913877,0.8668521163483859,0.318238985647137
DIV2K_fresh,fresh_div2k_0823,0.1,0.01,hqs_round1,1,1,25.597190082904564,0.8659843366319686,0.3210648997143532
DIV2K_fresh,fresh_div2k_0823,0.1,0.05,hqs,1,1,23.574018986698167,0.6983222887546606,0.3231428019935265
DIV2K_fresh,fresh_div2k_0823,0.1,0.05,hqs_finetuned,1,1,24.03182470042265,0.8032521827520803,0.31925446101619553
DIV2K_fresh,fresh_div2k_0823,0.1,0.05,hqs_round1,1,1,23.55850554883393,0.7085347707772454,0.3195393263595179
DIV2K_fresh,fresh_div2k_0823,0.25,0.0,hqs,1,1,30.44650972146635,0.9530901457977294,0.3203865139512345
DIV2K_fresh,fresh_div2k_0823,0.25,0.0,hqs_finetuned,1,1,30.62251655914354,0.9544626015195846,0.3178903580410406
DIV2K_fresh,fresh_div2k_0823,0.25,0.0,hqs_round1,1,1,30.592160727135003,0.9543163640651703,0.32008229999337345
DIV2K_fresh,fresh_div2k_0823,0.5,0.0,hqs,1,1,37.4843326280982,0.9874784585065842,0.3201669849222526
DIV2K_fresh,fresh_div2k_0823,0.5,0.0,hqs_finetuned,1,1,37.88017133330659,0.9882849596529006,0.32043571793474257
DIV2K_fresh,fresh_div2k_0823,0.5,0.0,hqs_round1,1,1,37.721009501397546,0.98813516705513,0.31887297600042075
DIV2K_fresh,fresh_div2k_0826,0.01,0.0,hqs,1,1,20.294373624862843,0.5201374311831898,0.3199326309841126
DIV2K_fresh,fresh_div2k_0826,0.01,0.0,hqs_finetuned,1,1,20.517604659841567,0.5214301452121142,0.31678960006684065
DIV2K_fresh,fresh_div2k_0826,0.01,0.0,hqs_round1,1,1,20.308635583914885,0.5207799488894937,0.3193744990276173
DIV2K_fresh,fresh_div2k_0826,0.04,0.0,hqs,1,1,23.910237482555633,0.7187776215925347,0.3203853879822418
DIV2K_fresh,fresh_div2k_0826,0.04,0.0,hqs_finetuned,1,1,23.944600483401093,0.7209235785581587,0.3182371800066903
DIV2K_fresh,fresh_div2k_0826,0.04,0.0,hqs_round1,1,1,23.940556200884444,0.7211319482848474,0.31686315906699747
DIV2K_fresh,fresh_div2k_0826,0.1,0.0,hqs,1,1,26.232469635135732,0.8270114688423276,0.3272242300445214
DIV2K_fresh,fresh_div2k_0826,0.1,0.0,hqs_finetuned,1,1,26.424625238597038,0.828838250150159,0.3170026809675619
DIV2K_fresh,fresh_div2k_0826,0.1,0.0,hqs_round1,1,1,26.37439403484606,0.8298308085292428,0.31891151901800185
DIV2K_fresh,fresh_div2k_0826,0.1,0.01,hqs,1,1,26.09192359245786,0.8201445993963778,0.32028160566308844
DIV2K_fresh,fresh_div2k_0826,0.1,0.01,hqs_finetuned,1,1,26.232390410904856,0.8208521901053855,0.3195807682738329
DIV2K_fresh,fresh_div2k_0826,0.1,0.01,hqs_round1,1,1,26.16885075217898,0.822499777392668,0.3193317720045646
DIV2K_fresh,fresh_div2k_0826,0.1,0.05,hqs,1,1,24.190530703009514,0.697959602164946,0.32706619865105796
DIV2K_fresh,fresh_div2k_0826,0.1,0.05,hqs_finetuned,1,1,24.913864087962136,0.7656544912686677,0.32321247931880254
DIV2K_fresh,fresh_div2k_0826,0.1,0.05,hqs_round1,1,1,24.207486967488478,0.7036384854437632,0.3263209363212809
DIV2K_fresh,fresh_div2k_0826,0.25,0.0,hqs,1,1,29.73783555658803,0.9191414766206741,0.32164252595975995
DIV2K_fresh,fresh_div2k_0826,0.25,0.0,hqs_finetuned,1,1,29.952507793290792,0.922188524618864,0.31635415693745017
DIV2K_fresh,fresh_div2k_0826,0.25,0.0,hqs_round1,1,1,29.884669917712504,0.9217584350633621,0.31662056292407215
DIV2K_fresh,fresh_div2k_0826,0.5,0.0,hqs,1,1,35.188468057276204,0.975974225156784,0.3254937760066241
DIV2K_fresh,fresh_div2k_0826,0.5,0.0,hqs_finetuned,1,1,35.50804888661027,0.9776074985942841,0.3172686470206827
DIV2K_fresh,fresh_div2k_0826,0.5,0.0,hqs_round1,1,1,35.40333875088714,0.9773151720495225,0.31903748807962984
DIV2K_fresh,fresh_div2k_0830,0.01,0.0,hqs,1,1,20.739353536199566,0.4608040433612989,0.32036325393710285
DIV2K_fresh,fresh_div2k_0830,0.01,0.0,hqs_finetuned,1,1,20.873390900810737,0.4648018471937699,0.32232462894171476
DIV2K_fresh,fresh_div2k_0830,0.01,0.0,hqs_round1,1,1,20.78838613496263,0.46256647544410584,0.32050966599490494
DIV2K_fresh,fresh_div2k_0830,0.04,0.0,hqs,1,1,23.024708617978654,0.6483303358880971,0.3297433640109375
DIV2K_fresh,fresh_div2k_0830,0.04,0.0,hqs_finetuned,1,1,23.124920919744035,0.6456901971257697,0.32029997592326254
DIV2K_fresh,fresh_div2k_0830,0.04,0.0,hqs_round1,1,1,23.05298792718191,0.6493695333777424,0.3207694790326059
DIV2K_fresh,fresh_div2k_0830,0.1,0.0,hqs,1,1,25.612580517469866,0.7938664588503861,0.32122018898371607
DIV2K_fresh,fresh_div2k_0830,0.1,0.0,hqs_finetuned,1,1,25.652255749694547,0.7919784308315515,0.3191011240705848
DIV2K_fresh,fresh_div2k_0830,0.1,0.0,hqs_round1,1,1,25.68016398167364,0.79802449173069,0.319265409023501
DIV2K_fresh,fresh_div2k_0830,0.1,0.01,hqs,1,1,25.501645958530762,0.7867483301571011,0.32560874964110553
DIV2K_fresh,fresh_div2k_0830,0.1,0.01,hqs_finetuned,1,1,25.53807137214938,0.7837804541483572,0.32132853001045686
DIV2K_fresh,fresh_div2k_0830,0.1,0.01,hqs_round1,1,1,25.523299568247424,0.7896958640180379,0.32308389296910417
DIV2K_fresh,fresh_div2k_0830,0.1,0.05,hqs,1,1,23.925310072493335,0.6614302011913639,0.32512636032576364
DIV2K_fresh,fresh_div2k_0830,0.1,0.05,hqs_finetuned,1,1,24.480860666904448,0.7177147475648952,0.3215235316893086
DIV2K_fresh,fresh_div2k_0830,0.1,0.05,hqs_round1,1,1,23.940887509727045,0.6647076808982609,0.32127567268131924
DIV2K_fresh,fresh_div2k_0830,0.25,0.0,hqs,1,1,28.754921191271823,0.9008328607149124,0.32042412692680955
DIV2K_fresh,fresh_div2k_0830,0.25,0.0,hqs_finetuned,1,1,29.048048387028587,0.9045954676380158,0.3248574680183083
DIV2K_fresh,fresh_div2k_0830,0.25,0.0,hqs_round1,1,1,28.87315780698961,0.9034860686421394,0.32061300694476813
DIV2K_fresh,fresh_div2k_0830,0.5,0.0,hqs,1,1,34.52702161263574,0.9695045445489884,0.32617594802286476
DIV2K_fresh,fresh_div2k_0830,0.5,0.0,hqs_finetuned,1,1,34.918158623017185,0.9708501669063568,0.31913350196555257
DIV2K_fresh,fresh_div2k_0830,0.5,0.0,hqs_round1,1,1,34.73608220039363,0.9707074842729568,0.32162129099015146
DIV2K_fresh,fresh_div2k_0832,0.01,0.0,hqs,1,1,18.978347543146523,0.4684764559836882,0.3277317149331793
DIV2K_fresh,fresh_div2k_0832,0.01,0.0,hqs_finetuned,1,1,19.033758213797725,0.4713221569153105,0.32173056702595204
DIV2K_fresh,fresh_div2k_0832,0.01,0.0,hqs_round1,1,1,18.97690226424499,0.4688614231413066,0.32013946305960417
DIV2K_fresh,fresh_div2k_0832,0.04,0.0,hqs,1,1,22.321991873546114,0.6961024058714044,0.3227166769793257
DIV2K_fresh,fresh_div2k_0832,0.04,0.0,hqs_finetuned,1,1,22.372397646652434,0.6971105885952772,0.32125971699133515
DIV2K_fresh,fresh_div2k_0832,0.04,0.0,hqs_round1,1,1,22.31278999009817,0.6961079844608009,0.3212018859339878
DIV2K_fresh,fresh_div2k_0832,0.1,0.0,hqs,1,1,25.700468202518223,0.8450395981180072,0.3237836000043899
DIV2K_fresh,fresh_div2k_0832,0.1,0.0,hqs_finetuned,1,1,25.766503257095135,0.8450414622279405,0.3177680049557239
DIV2K_fresh,fresh_div2k_0832,0.1,0.0,hqs_round1,1,1,25.766059759920953,0.8458818969859481,0.3220825419994071
DIV2K_fresh,fresh_div2k_0832,0.1,0.01,hqs,1,1,25.609488205194065,0.8415978783702851,0.3216868893553813
DIV2K_fresh,fresh_div2k_0832,0.1,0.01,hqs_finetuned,1,1,25.668277246378636,0.8413521591071188,0.3195289153372869
DIV2K_fresh,fresh_div2k_0832,0.1,0.01,hqs_round1,1,1,25.66165732066248,0.8423782299779926,0.3190944903763011
DIV2K_fresh,fresh_div2k_0832,0.1,0.05,hqs,1,1,24.159888010847183,0.7703521265924834,0.3227453580281387
DIV2K_fresh,fresh_div2k_0832,0.1,0.05,hqs_finetuned,1,1,24.420209557922075,0.7878690226233601,0.3233771896533047
DIV2K_fresh,fresh_div2k_0832,0.1,0.05,hqs_round1,1,1,24.148787705051372,0.7729886652727885,0.3207320413397004
DIV2K_fresh,fresh_div2k_0832,0.25,0.0,hqs,1,1,30.50145522255835,0.9410469843053818,0.32697397097945213
DIV2K_fresh,fresh_div2k_0832,0.25,0.0,hqs_finetuned,1,1,30.685912994267817,0.9425961109180451,0.31856741895899177
DIV2K_fresh,fresh_div2k_0832,0.25,0.0,hqs_round1,1,1,30.63213648305933,0.9421119772033691,0.3216249409597367
DIV2K_fresh,fresh_div2k_0832,0.5,0.0,hqs,1,1,36.92665063657179,0.9822096123628616,0.3222536500543356
DIV2K_fresh,fresh_div2k_0832,0.5,0.0,hqs_finetuned,1,1,37.28818116511281,0.9830616448602676,0.31835807999596
DIV2K_fresh,fresh_div2k_0832,0.5,0.0,hqs_round1,1,1,37.14681714933997,0.9828207764568329,0.31975126697216183
DIV2K_fresh,fresh_div2k_0836,0.01,0.0,hqs,1,1,19.28030216861105,0.4418358249498015,0.3236508700065315
DIV2K_fresh,fresh_div2k_0836,0.01,0.0,hqs_finetuned,1,1,19.330317249708678,0.4430678933793551,0.32024748995900154
DIV2K_fresh,fresh_div2k_0836,0.01,0.0,hqs_round1,1,1,19.285599948256934,0.4415010305995892,0.32092374295461923
DIV2K_fresh,fresh_div2k_0836,0.04,0.0,hqs,1,1,22.284726250099904,0.6845374847607387,0.33125639508944005
DIV2K_fresh,fresh_div2k_0836,0.04,0.0,hqs_finetuned,1,1,22.4006811289238,0.689803115300666,0.3226944600464776
DIV2K_fresh,fresh_div2k_0836,0.04,0.0,hqs_round1,1,1,22.329143632146142,0.6876617140241517,0.31995507702231407
DIV2K_fresh,fresh_div2k_0836,0.1,0.0,hqs,1,1,24.85638025952724,0.8217997437222563,0.32591880892869085
DIV2K_fresh,fresh_div2k_0836,0.1,0.0,hqs_finetuned,1,1,25.329360712490548,0.8335783932104819,0.3178613409399986
DIV2K_fresh,fresh_div2k_0836,0.1,0.0,hqs_round1,1,1,25.140723898866405,0.8297969483633936,0.3200704009504989
DIV2K_fresh,fresh_div2k_0836,0.1,0.01,hqs,1,1,24.68938742261254,0.8125685905158803,0.32298295335688937
DIV2K_fresh,fresh_div2k_0836,0.1,0.01,hqs_finetuned,1,1,25.04343709726879,0.822089028822952,0.32364204397890717
DIV2K_fresh,fresh_div2k_0836,0.1,0.01,hqs_round1,1,1,24.9079028800525,0.8197199702782297,0.32268608299394447
DIV2K_fresh,fresh_div2k_0836,0.1,0.05,hqs,1,1,22.66597243331408,0.665510218855429,0.32277909802117694
DIV2K_fresh,fresh_div2k_0836,0.1,0.05,hqs_finetuned,1,1,23.313432903195203,0.736921082960592,0.31978955667000264
DIV2K_fresh,fresh_div2k_0836,0.1,0.05,hqs_round1,1,1,22.675354257206447,0.6739994573992979,0.3207626066869125
DIV2K_fresh,fresh_div2k_0836,0.25,0.0,hqs,1,1,30.50778374962544,0.9419817946629524,0.3235266769770533
DIV2K_fresh,fresh_div2k_0836,0.25,0.0,hqs_finetuned,1,1,30.944937469728295,0.9457604124946595,0.32187989295925945
DIV2K_fresh,fresh_div2k_0836,0.25,0.0,hqs_round1,1,1,30.78404090522035,0.945470829424858,0.3206197440158576
DIV2K_fresh,fresh_div2k_0836,0.5,0.0,hqs,1,1,37.66693321228466,0.9854735512151718,0.3237318890169263
DIV2K_fresh,fresh_div2k_0836,0.5,0.0,hqs_finetuned,1,1,38.10739451271594,0.9863530207309723,0.320250635035336
DIV2K_fresh,fresh_div2k_0836,0.5,0.0,hqs_round1,1,1,37.975325704690974,0.9862145473842621,0.32083338196389377
DIV2K_fresh,fresh_div2k_0839,0.01,0.0,hqs,1,1,24.158905889708706,0.6038228479609491,0.33956762205343693
DIV2K_fresh,fresh_div2k_0839,0.01,0.0,hqs_finetuned,1,1,24.424889343720373,0.6216566079661675,0.31741305894684047
DIV2K_fresh,fresh_div2k_0839,0.01,0.0,hqs_round1,1,1,24.27327990997226,0.6117462205637128,0.3175616570515558
DIV2K_fresh,fresh_div2k_0839,0.04,0.0,hqs,1,1,27.021802464016492,0.7622372334895273,0.32552602200303227
DIV2K_fresh,fresh_div2k_0839,0.04,0.0,hqs_finetuned,1,1,27.230251948948315,0.7710712752039842,0.3210797420470044
DIV2K_fresh,fresh_div2k_0839,0.04,0.0,hqs_round1,1,1,27.092439643623813,0.7642836181138456,0.316633073030971
DIV2K_fresh,fresh_div2k_0839,0.1,0.0,hqs,1,1,29.751820367762882,0.878901860628128,0.32368470693472773
DIV2K_fresh,fresh_div2k_0839,0.1,0.0,hqs_finetuned,1,1,29.8693186989194,0.8802092044968605,0.32039877504576
DIV2K_fresh,fresh_div2k_0839,0.1,0.0,hqs_round1,1,1,29.789797421709736,0.8790373020656109,0.3201209249673411
DIV2K_fresh,fresh_div2k_0839,0.1,0.01,hqs,1,1,29.554049420283246,0.8733675757761796,0.3212063113072266
DIV2K_fresh,fresh_div2k_0839,0.1,0.01,hqs_finetuned,1,1,29.63562245195109,0.8731716893489362,0.3188095863054817
DIV2K_fresh,fresh_div2k_0839,0.1,0.01,hqs_round1,1,1,29.57329369592234,0.8730459303792317,0.3197128790197894
DIV2K_fresh,fresh_div2k_0839,0.1,0.05,hqs,1,1,27.077636525896256,0.7643602204586301,0.3307032942927132
DIV2K_fresh,fresh_div2k_0839,0.1,0.05,hqs_finetuned,1,1,28.094741217073317,0.8070039862777393,0.320102651991571
DIV2K_fresh,fresh_div2k_0839,0.1,0.05,hqs_round1,1,1,27.082450996812653,0.7610380087907084,0.32060573498408
DIV2K_fresh,fresh_div2k_0839,0.25,0.0,hqs,1,1,33.51044894645363,0.9514185519366264,0.31862607900984585
DIV2K_fresh,fresh_div2k_0839,0.25,0.0,hqs_finetuned,1,1,33.7263963873991,0.9523537586565017,0.3176557569531724
DIV2K_fresh,fresh_div2k_0839,0.25,0.0,hqs_round1,1,1,33.61620428641966,0.9522181938719749,0.3159406330669299
DIV2K_fresh,fresh_div2k_0839,0.5,0.0,hqs,1,1,38.983077043124126,0.9867132473974228,0.32460251497104764
DIV2K_fresh,fresh_div2k_0839,0.5,0.0,hqs_finetuned,1,1,39.39968590813712,0.9869507766084671,0.32191020902246237
DIV2K_fresh,fresh_div2k_0839,0.5,0.0,hqs_round1,1,1,39.16707149246554,0.9873199010572433,0.31912741099949926
DIV2K_fresh,fresh_div2k_0842,0.01,0.0,hqs,1,1,22.20513341606253,0.5997687628350518,0.3291229821043089
DIV2K_fresh,fresh_div2k_0842,0.01,0.0,hqs_finetuned,1,1,22.334336324934135,0.6038536937188189,0.3164599599549547
DIV2K_fresh,fresh_div2k_0842,0.01,0.0,hqs_round1,1,1,22.264650068064693,0.6018218143979567,0.3194756399607286
DIV2K_fresh,fresh_div2k_0842,0.04,0.0,hqs,1,1,26.370701134611974,0.7857595508682169,0.319047212949954
DIV2K_fresh,fresh_div2k_0842,0.04,0.0,hqs_finetuned,1,1,26.373802691595884,0.784688799122259,0.3203099640086293
DIV2K_fresh,fresh_div2k_0842,0.04,0.0,hqs_round1,1,1,26.383487190989378,0.7857886327485889,0.31355333293322474
DIV2K_fresh,fresh_div2k_0842,0.1,0.0,hqs,1,1,28.73763776862959,0.8708342397227288,0.3292923349654302
DIV2K_fresh,fresh_div2k_0842,0.1,0.0,hqs_finetuned,1,1,28.85030107382484,0.8702098644888401,0.3178204190917313
DIV2K_fresh,fresh_div2k_0842,0.1,0.0,hqs_round1,1,1,28.848223938865054,0.8716578164103032,0.3177009519422427
DIV2K_fresh,fresh_div2k_0842,0.1,0.01,hqs,1,1,28.464929297808833,0.860935384098649,0.3219844236737117
DIV2K_fresh,fresh_div2k_0842,0.1,0.01,hqs_finetuned,1,1,28.556153704142556,0.8618428749016921,0.3183076609469329
DIV2K_fresh,fresh_div2k_0842,0.1,0.01,hqs_round1,1,1,28.511664885499403,0.8621305690163771,0.3194073253155996
DIV2K_fresh,fresh_div2k_0842,0.1,0.05,hqs,1,1,25.20084008012144,0.6837671321102055,0.32167682963578653
DIV2K_fresh,fresh_div2k_0842,0.1,0.05,hqs_finetuned,1,1,26.395071496247862,0.7789409451553126,0.3184825763261567
DIV2K_fresh,fresh_div2k_0842,0.1,0.05,hqs_round1,1,1,25.171756551811416,0.6885974906227799,0.31935464031994343
DIV2K_fresh,fresh_div2k_0842,0.25,0.0,hqs,1,1,32.743461986505714,0.9406139256105422,0.3171175849856809
DIV2K_fresh,fresh_div2k_0842,0.25,0.0,hqs_finetuned,1,1,32.96931612158305,0.9418141007137298,0.31658028007950634
DIV2K_fresh,fresh_div2k_0842,0.25,0.0,hqs_round1,1,1,32.92792009217173,0.9419284358863831,0.31723819696344435
DIV2K_fresh,fresh_div2k_0842,0.5,0.0,hqs,1,1,37.6672792189327,0.9777492274389267,0.32193685497622937
DIV2K_fresh,fresh_div2k_0842,0.5,0.0,hqs_finetuned,1,1,37.932965369132326,0.9786536325502395,0.31699443294201046
DIV2K_fresh,fresh_div2k_0842,0.5,0.0,hqs_round1,1,1,37.88388156695268,0.9785426859378815,0.3156268590828404
DIV2K_fresh,fresh_div2k_0845,0.01,0.0,hqs,1,1,19.832382790035183,0.5813664063090138,0.3180906919296831
DIV2K_fresh,fresh_div2k_0845,0.01,0.0,hqs_finetuned,1,1,19.884071269395424,0.5866517004189841,0.3179691300028935
DIV2K_fresh,fresh_div2k_0845,0.01,0.0,hqs_round1,1,1,19.800333562272396,0.5801172957098649,0.3187607859726995
DIV2K_fresh,fresh_div2k_0845,0.04,0.0,hqs,1,1,22.679467250068456,0.7564201448140261,0.32477314304560423
DIV2K_fresh,fresh_div2k_0845,0.04,0.0,hqs_finetuned,1,1,23.26956970618904,0.7901997817654945,0.32219863403588533
DIV2K_fresh,fresh_div2k_0845,0.04,0.0,hqs_round1,1,1,22.76130169347948,0.7600709631536868,0.31857086694799364
DIV2K_fresh,fresh_div2k_0845,0.1,0.0,hqs,1,1,24.829058089477016,0.8513392968850731,0.3219549560453743
DIV2K_fresh,fresh_div2k_0845,0.1,0.0,hqs_finetuned,1,1,25.412798508747088,0.868080805934608,0.3177188020199537
DIV2K_fresh,fresh_div2k_0845,0.1,0.0,hqs_round1,1,1,25.149268372178497,0.860882259587884,0.31871179898735136
DIV2K_fresh,fresh_div2k_0845,0.1,0.01,hqs,1,1,24.59086374897319,0.8347653098236633,0.32295505970250815
DIV2K_fresh,fresh_div2k_0845,0.1,0.01,hqs_finetuned,1,1,25.09822565854537,0.8597869868127194,0.31610617336506647
DIV2K_fresh,fresh_div2k_0845,0.1,0.01,hqs_round1,1,1,24.88691033050584,0.8477757816127762,0.3164981253212318
DIV2K_fresh,fresh_div2k_0845,0.1,0.05,hqs,1,1,22.11923945491152,0.6181705929544513,0.32377201532168937
DIV2K_fresh,fresh_div2k_0845,0.1,0.05,hqs_finetuned,1,1,23.32359530925928,0.7921719073815107,0.3231426700173567
DIV2K_fresh,fresh_div2k_0845,0.1,0.05,hqs_round1,1,1,22.078883881995143,0.6253481668959524,0.32077965470186126
DIV2K_fresh,fresh_div2k_0845,0.25,0.0,hqs,1,1,29.081740621761387,0.9367627552478314,0.3182493479689583
DIV2K_fresh,fresh_div2k_0845,0.25,0.0,hqs_finetuned,1,1,29.826536953075284,0.946190684135437,0.31802686292212456
DIV2K_fresh,fresh_div2k_0845,0.25,0.0,hqs_round1,1,1,29.54673939831268,0.943343572728455,0.31602906505577266
DIV2K_fresh,fresh_div2k_0845,0.5,0.0,hqs,1,1,34.649630059509484,0.9786925351696014,0.32558843796141446
DIV2K_fresh,fresh_div2k_0845,0.5,0.0,hqs_finetuned,1,1,35.80540760854542,0.9846570225505828,0.31582876900210977
DIV2K_fresh,fresh_div2k_0845,0.5,0.0,hqs_round1,1,1,35.41957923263092,0.982768944773674,0.317636142950505
DIV2K_fresh,fresh_div2k_0849,0.01,0.0,hqs,1,1,14.832632296567201,0.21067478764766162,0.32132871402427554
DIV2K_fresh,fresh_div2k_0849,0.01,0.0,hqs_finetuned,1,1,14.874161294632295,0.2089568791561202,0.31798530102241784
DIV2K_fresh,fresh_div2k_0849,0.01,0.0,hqs_round1,1,1,14.858220241887363,0.2120475932373806,0.31847530300728977
DIV2K_fresh,fresh_div2k_0849,0.04,0.0,hqs,1,1,17.2390861548621,0.48991913554132194,0.32322461099829525
DIV2K_fresh,fresh_div2k_0849,0.04,0.0,hqs_finetuned,1,1,17.216257558221038,0.4753294451443932,0.3195549389347434
DIV2K_fresh,fresh_div2k_0849,0.04,0.0,hqs_round1,1,1,17.246918769547523,0.48985644933696965,0.31539462495129555
DIV2K_fresh,fresh_div2k_0849,0.1,0.0,hqs,1,1,19.64337938544133,0.705697283268109,0.32072965893894434
DIV2K_fresh,fresh_div2k_0849,0.1,0.0,hqs_finetuned,1,1,19.62830369726463,0.6954706650445499,0.32128269190434366
DIV2K_fresh,fresh_div2k_0849,0.1,0.0,hqs_round1,1,1,19.64962345497776,0.7041156961438507,0.3185189899522811
DIV2K_fresh,fresh_div2k_0849,0.1,0.01,hqs,1,1,19.6239587216749,0.7047887251700983,0.32320879931406427
DIV2K_fresh,fresh_div2k_0849,0.1,0.01,hqs_finetuned,1,1,19.61261125970482,0.6948377452339071,0.318479767961738
DIV2K_fresh,fresh_div2k_0849,0.1,0.01,hqs_round1,1,1,19.63080745858346,0.7032632659948196,0.3198901260038838
DIV2K_fresh,fresh_div2k_0849,0.1,0.05,hqs,1,1,19.21001336521381,0.6834635208977495,0.3253342146830012
DIV2K_fresh,fresh_div2k_0849,0.1,0.05,hqs_finetuned,1,1,19.259181189976612,0.6747862892586317,0.3183278360326464
DIV2K_fresh,fresh_div2k_0849,0.1,0.05,hqs_round1,1,1,19.221239481524698,0.6826061790768184,0.3198827120553081
DIV2K_fresh,fresh_div2k_0849,0.25,0.0,hqs,1,1,23.317750591282355,0.8759447589011192,0.31899009994231164
DIV2K_fresh,fresh_div2k_0849,0.25,0.0,hqs_finetuned,1,1,23.419620193429616,0.8760671381592751,0.31676583806984127
DIV2K_fresh,fresh_div2k_0849,0.25,0.0,hqs_round1,1,1,23.39072806987791,0.8770151797952652,0.3171730189351365
DIV2K_fresh,fresh_div2k_0849,0.5,0.0,hqs,1,1,28.164210506652182,0.9585237481899261,0.3234950170153752
DIV2K_fresh,fresh_div2k_0849,0.5,0.0,hqs_finetuned,1,1,28.40745889291234,0.9600229467926026,0.31564432999584824
DIV2K_fresh,fresh_div2k_0849,0.5,0.0,hqs_round1,1,1,28.374205482821097,0.9601473930149078,0.3192235960159451
DIV2K_fresh,fresh_div2k_0851,0.01,0.0,hqs,1,1,21.634358600311202,0.7031758318319371,0.319063066970557
DIV2K_fresh,fresh_div2k_0851,0.01,0.0,hqs_finetuned,1,1,21.763020603492137,0.7101987952276112,0.3175120169762522
DIV2K_fresh,fresh_div2k_0851,0.01,0.0,hqs_round1,1,1,21.619068397888405,0.7022202859803395,0.3204512840602547
DIV2K_fresh,fresh_div2k_0851,0.04,0.0,hqs,1,1,25.853969529727294,0.8833657209925745,0.31892953405622393
DIV2K_fresh,fresh_div2k_0851,0.04,0.0,hqs_finetuned,1,1,25.840180147756236,0.883087433896307,0.31557516602333635
DIV2K_fresh,fresh_div2k_0851,0.04,0.0,hqs_round1,1,1,25.800706915834077,0.8835215847591386,0.31829075200948864
DIV2K_fresh,fresh_div2k_0851,0.1,0.0,hqs,1,1,29.86842127286936,0.946910980861187,0.32101131102535874
DIV2K_fresh,fresh_div2k_0851,0.1,0.0,hqs_finetuned,1,1,30.02625507232324,0.9501187095179557,0.31879516795743257
DIV2K_fresh,fresh_div2k_0851,0.1,0.0,hqs_round1,1,1,29.946680220977147,0.9486693546319008,0.3177346820011735
DIV2K_fresh,fresh_div2k_0851,0.1,0.01,hqs,1,1,29.68532202800034,0.9439686054790815,0.3276843320345506
DIV2K_fresh,fresh_div2k_0851,0.1,0.01,hqs_finetuned,1,1,29.796673240007504,0.9471094686309497,0.3193577240065982
DIV2K_fresh,fresh_div2k_0851,0.1,0.01,hqs_round1,1,1,29.71952918505247,0.945588648301204,0.32101496068450314
DIV2K_fresh,fresh_div2k_0851,0.1,0.05,hqs,1,1,27.58519356476096,0.8650511975167704,0.32163339368222904
DIV2K_fresh,fresh_div2k_0851,0.1,0.05,hqs_finetuned,1,1,28.018664923894164,0.9187996449637512,0.32488983202104765
DIV2K_fresh,fresh_div2k_0851,0.1,0.05,hqs_round1,1,1,27.443466147105482,0.8682832810747027,0.321575845979775
DIV2K_fresh,fresh_div2k_0851,0.25,0.0,hqs,1,1,35.40692349337264,0.9822172486553192,0.32035088900011033
DIV2K_fresh,fresh_div2k_0851,0.25,0.0,hqs_finetuned,1,1,35.710970073115156,0.9836306489400863,0.3173650810495019
DIV2K_fresh,fresh_div2k_0851,0.25,0.0,hqs_round1,1,1,35.60224870625538,0.9830344245557785,0.31510393996722996
DIV2K_fresh,fresh_div2k_0851,0.5,0.0,hqs,1,1,41.94101288558507,0.9944551177196502,0.3234372240258381
DIV2K_fresh,fresh_div2k_0851,0.5,0.0,hqs_finetuned,1,1,42.44047649690618,0.9950133394899369,0.32158851192798465
DIV2K_fresh,fresh_div2k_0851,0.5,0.0,hqs_round1,1,1,42.225019512135816,0.9947971262369156,0.3184733020607382
DIV2K_fresh,fresh_div2k_0855,0.01,0.0,hqs,1,1,23.47069848065036,0.6011910840160493,0.31915115111041814
DIV2K_fresh,fresh_div2k_0855,0.01,0.0,hqs_finetuned,1,1,23.49446881977919,0.6014916620534284,0.3187540590297431
DIV2K_fresh,fresh_div2k_0855,0.01,0.0,hqs_round1,1,1,23.511323854216485,0.6024702788575638,0.3179936030646786
DIV2K_fresh,fresh_div2k_0855,0.04,0.0,hqs,1,1,26.554351979171457,0.7645893826652993,0.32649813091848046
DIV2K_fresh,fresh_div2k_0855,0.04,0.0,hqs_finetuned,1,1,26.581373806460718,0.7653784604774118,0.3235166429076344
DIV2K_fresh,fresh_div2k_0855,0.04,0.0,hqs_round1,1,1,26.582330100480647,0.7655365885970388,0.31994306202977896
DIV2K_fresh,fresh_div2k_0855,0.1,0.0,hqs,1,1,28.520646531748927,0.8583142489494086,0.3241952130338177
DIV2K_fresh,fresh_div2k_0855,0.1,0.0,hqs_finetuned,1,1,28.65588939485288,0.8615799146236182,0.3604756130371243
DIV2K_fresh,fresh_div2k_0855,0.1,0.0,hqs_round1,1,1,28.645689471811263,0.8610766752210856,0.31915900600142777
DIV2K_fresh,fresh_div2k_0855,0.1,0.01,hqs,1,1,28.3523482015276,0.8496889428848028,0.32214341262200225
DIV2K_fresh,fresh_div2k_0855,0.1,0.01,hqs_finetuned,1,1,28.46386606497911,0.85314257840693,0.3175319869769737
DIV2K_fresh,fresh_div2k_0855,0.1,0.01,hqs_round1,1,1,28.46280184669097,0.8527803703100482,0.3198077422954763
DIV2K_fresh,fresh_div2k_0855,0.1,0.05,hqs,1,1,26.196627980711725,0.7060362752252857,0.3217572016874328
DIV2K_fresh,fresh_div2k_0855,0.1,0.05,hqs_finetuned,1,1,26.91700862004397,0.7733382528655172,0.3191777142928913
DIV2K_fresh,fresh_div2k_0855,0.1,0.05,hqs_round1,1,1,26.225975854901918,0.7083155062604,0.3195328433454658
DIV2K_fresh,fresh_div2k_0855,0.25,0.0,hqs,1,1,31.989598318944097,0.9378856495137214,0.32345879392232746
DIV2K_fresh,fresh_div2k_0855,0.25,0.0,hqs_finetuned,1,1,32.43518232174492,0.9428066213474273,0.3160350149264559
DIV2K_fresh,fresh_div2k_0855,0.25,0.0,hqs_round1,1,1,32.30713340920469,0.9412936140785217,0.32014771504327655
DIV2K_fresh,fresh_div2k_0855,0.5,0.0,hqs,1,1,37.87687078580746,0.981900783331871,0.32549093395937234
DIV2K_fresh,fresh_div2k_0855,0.5,0.0,hqs_finetuned,1,1,38.306211053564944,0.9831901667032242,0.32183193194214255
DIV2K_fresh,fresh_div2k_0855,0.5,0.0,hqs_round1,1,1,38.124690286876294,0.982710096613884,0.3224000639747828
DIV2K_fresh,fresh_div2k_0858,0.01,0.0,hqs,1,1,22.400450581268643,0.40413740323047537,0.31877858692314476
DIV2K_fresh,fresh_div2k_0858,0.01,0.0,hqs_finetuned,1,1,22.397325730082805,0.40259655398303745,0.31833116500638425
DIV2K_fresh,fresh_div2k_0858,0.01,0.0,hqs_round1,1,1,22.415049836404364,0.4055697362951419,0.31824315898120403
DIV2K_fresh,fresh_div2k_0858,0.04,0.0,hqs,1,1,24.862198813248078,0.6089982353922511,0.31615702400449663
DIV2K_fresh,fresh_div2k_0858,0.04,0.0,hqs_finetuned,1,1,24.849051272101693,0.6013232504546304,0.31588606000877917
DIV2K_fresh,fresh_div2k_0858,0.04,0.0,hqs_round1,1,1,24.876825167288203,0.6097404743932057,0.315128265065141
DIV2K_fresh,fresh_div2k_0858,0.1,0.0,hqs,1,1,26.944918710591004,0.7505123393876553,0.32238099607639015
DIV2K_fresh,fresh_div2k_0858,0.1,0.0,hqs_finetuned,1,1,26.97766832227945,0.7479593389561177,0.32097991497721523
DIV2K_fresh,fresh_div2k_0858,0.1,0.0,hqs_round1,1,1,26.960434783147296,0.7500146902309656,0.3195127820363268
DIV2K_fresh,fresh_div2k_0858,0.1,0.01,hqs,1,1,26.913825921070668,0.7487460249698659,0.3213134683513393
DIV2K_fresh,fresh_div2k_0858,0.1,0.01,hqs_finetuned,1,1,26.951629017358346,0.7462427100232044,0.3191495999926701
DIV2K_fresh,fresh_div2k_0858,0.1,0.01,hqs_round1,1,1,26.929168864663357,0.7483568966844082,0.3202508860267699
DIV2K_fresh,fresh_div2k_0858,0.1,0.05,hqs,1,1,26.2192262437248,0.7128866288202554,0.3221588786691427
DIV2K_fresh,fresh_div2k_0858,0.1,0.05,hqs_finetuned,1,1,26.39067335150159,0.7076982106543978,0.319542569341138
DIV2K_fresh,fresh_div2k_0858,0.1,0.05,hqs_round1,1,1,26.233202028043923,0.7130905863327731,0.3192627707030624
DIV2K_fresh,fresh_div2k_0858,0.25,0.0,hqs,1,1,30.201648074257278,0.882610577688694,0.32569355599116534
DIV2K_fresh,fresh_div2k_0858,0.25,0.0,hqs_finetuned,1,1,30.277146578814673,0.8814425959358215,0.31952961604110897
DIV2K_fresh,fresh_div2k_0858,0.25,0.0,hqs_round1,1,1,30.271475932727512,0.883127275118351,0.32221678097266704
DIV2K_fresh,fresh_div2k_0858,0.5,0.0,hqs,1,1,34.391642830797934,0.9544176267595291,0.3249007810372859
DIV2K_fresh,fresh_div2k_0858,0.5,0.0,hqs_finetuned,1,1,34.495698261440154,0.9545658354730606,0.3222279279725626
DIV2K_fresh,fresh_div2k_0858,0.5,0.0,hqs_round1,1,1,34.47514223630952,0.9549551138191223,0.31792925705667585
DIV2K_fresh,fresh_div2k_0861,0.01,0.0,hqs,1,1,18.447472297631663,0.38537699954527227,0.3186564330244437
DIV2K_fresh,fresh_div2k_0861,0.01,0.0,hqs_finetuned,1,1,18.487121618393164,0.381528285214405,0.31474658101797104
DIV2K_fresh,fresh_div2k_0861,0.01,0.0,hqs_round1,1,1,18.473662182827614,0.3865066964929387,0.31570494500920177
DIV2K_fresh,fresh_div2k_0861,0.04,0.0,hqs,1,1,20.766171336225945,0.5841775336862925,0.3230802019825205
DIV2K_fresh,fresh_div2k_0861,0.04,0.0,hqs_finetuned,1,1,20.765015293025883,0.5716585247646216,0.32190896198153496
DIV2K_fresh,fresh_div2k_0861,0.04,0.0,hqs_round1,1,1,20.775531969683364,0.5838106142904903,0.3325635549845174
DIV2K_fresh,fresh_div2k_0861,0.1,0.0,hqs,1,1,23.207012298529584,0.7476204742251337,0.3205542709911242
DIV2K_fresh,fresh_div2k_0861,0.1,0.0,hqs_finetuned,1,1,23.240633171474542,0.7408295137326727,0.3194476399803534
DIV2K_fresh,fresh_div2k_0861,0.1,0.0,hqs_round1,1,1,23.23346447285998,0.7481790596711337,0.31906404299661517
DIV2K_fresh,fresh_div2k_0861,0.1,0.01,hqs,1,1,23.120282702938727,0.7435701108686725,0.32351909899928916
DIV2K_fresh,fresh_div2k_0861,0.1,0.01,hqs_finetuned,1,1,23.15787127019739,0.7364088656214967,0.32074659698021907
DIV2K_fresh,fresh_div2k_0861,0.1,0.01,hqs_round1,1,1,23.14263408113466,0.7440929573392124,0.32059348801461357
DIV2K_fresh,fresh_div2k_0861,0.1,0.05,hqs,1,1,21.87830589879887,0.6712141782515055,0.3207285229970391
DIV2K_fresh,fresh_div2k_0861,0.1,0.05,hqs_finetuned,1,1,22.129126874655473,0.6689549819405228,0.3191163783194497
DIV2K_fresh,fresh_div2k_0861,0.1,0.05,hqs_round1,1,1,21.863627683016574,0.671578098921323,0.319055080646649
DIV2K_fresh,fresh_div2k_0861,0.25,0.0,hqs,1,1,27.230745573869207,0.8876044209938049,0.3219936080276966
DIV2K_fresh,fresh_div2k_0861,0.25,0.0,hqs_finetuned,1,1,27.362042234625015,0.8888923168520927,0.3186805780278519
DIV2K_fresh,fresh_div2k_0861,0.25,0.0,hqs_round1,1,1,27.28016490365033,0.8890512156424523,0.3178412530105561
DIV2K_fresh,fresh_div2k_0861,0.5,0.0,hqs,1,1,32.82576255160037,0.9648381549663544,0.32039537001401186
DIV2K_fresh,fresh_div2k_0861,0.5,0.0,hqs_finetuned,1,1,33.08096705094285,0.9665905549468994,0.31620962102897465
DIV2K_fresh,fresh_div2k_0861,0.5,0.0,hqs_round1,1,1,32.97719041749801,0.9662258737802506,0.31805307301692665
DIV2K_fresh,fresh_div2k_0864,0.01,0.0,hqs,1,1,22.108629324177357,0.4113653320156128,0.3213203599443659
DIV2K_fresh,fresh_div2k_0864,0.01,0.0,hqs_finetuned,1,1,22.284562295416244,0.41836786319905966,0.3176927409367636
DIV2K_fresh,fresh_div2k_0864,0.01,0.0,hqs_round1,1,1,22.169678403757594,0.4149889775391308,0.3237992770737037
DIV2K_fresh,fresh_div2k_0864,0.04,0.0,hqs,1,1,24.99574033215337,0.6378235288169325,0.3267149680759758
DIV2K_fresh,fresh_div2k_0864,0.04,0.0,hqs_finetuned,1,1,24.9768372353298,0.6296555831909243,0.3205251700710505
DIV2K_fresh,fresh_div2k_0864,0.04,0.0,hqs_round1,1,1,24.99990721150747,0.6370446193388584,0.32001221494283527
DIV2K_fresh,fresh_div2k_0864,0.1,0.0,hqs,1,1,27.337634787640255,0.7902964842201471,0.3252949439920485
DIV2K_fresh,fresh_div2k_0864,0.1,0.0,hqs_finetuned,1,1,27.424108143656486,0.7870532718352713,0.3208436919376254
DIV2K_fresh,fresh_div2k_0864,0.1,0.0,hqs_round1,1,1,27.445567022371463,0.7929721867728233,0.320068918983452
DIV2K_fresh,fresh_div2k_0864,0.1,0.01,hqs,1,1,27.29223028412081,0.7885440790898403,0.32341085467487574
DIV2K_fresh,fresh_div2k_0864,0.1,0.01,hqs_finetuned,1,1,27.382717395444654,0.7855006747013368,0.3190314352978021
DIV2K_fresh,fresh_div2k_0864,0.1,0.01,hqs_round1,1,1,27.393646279037753,0.7911017770200358,0.3180584980097289
DIV2K_fresh,fresh_div2k_0864,0.1,0.05,hqs,1,1,26.439839422018437,0.7534361494745686,0.3380895770387724
DIV2K_fresh,fresh_div2k_0864,0.1,0.05,hqs_finetuned,1,1,26.684709406467107,0.7561932843422742,0.320767088017116
DIV2K_fresh,fresh_div2k_0864,0.1,0.05,hqs_round1,1,1,26.462939369202797,0.7541916457035294,0.31884353669981164
DIV2K_fresh,fresh_div2k_0864,0.25,0.0,hqs,1,1,30.863937441743175,0.9086547718377114,0.3219429909950122
DIV2K_fresh,fresh_div2k_0864,0.25,0.0,hqs_finetuned,1,1,31.116991102880633,0.9117423013000489,0.3395877779694274
DIV2K_fresh,fresh_div2k_0864,0.25,0.0,hqs_round1,1,1,31.093758551747147,0.9123967046060563,0.3173711228882894
DIV2K_fresh,fresh_div2k_0864,0.5,0.0,hqs,1,1,35.32469746199049,0.9673350691967011,0.3440856740344316
DIV2K_fresh,fresh_div2k_0864,0.5,0.0,hqs_finetuned,1,1,35.45944530311333,0.9679342312660217,0.31706603907514364
DIV2K_fresh,fresh_div2k_0864,0.5,0.0,hqs_round1,1,1,35.466852883266476,0.9683184717464447,0.33810059598181397
DIV2K_fresh,fresh_div2k_0868,0.01,0.0,hqs,1,1,23.037998829148236,0.824947335963853,0.3255812480347231
DIV2K_fresh,fresh_div2k_0868,0.01,0.0,hqs_finetuned,1,1,23.231710042461536,0.8291538847652752,0.32348996703512967
DIV2K_fresh,fresh_div2k_0868,0.01,0.0,hqs_round1,1,1,23.147546192223977,0.8283833982030162,0.3172907449770719
DIV2K_fresh,fresh_div2k_0868,0.04,0.0,hqs,1,1,27.25694369747536,0.9277061701641679,0.31998134905006737
DIV2K_fresh,fresh_div2k_0868,0.04,0.0,hqs_finetuned,1,1,27.612684416529298,0.9339920865835547,0.32486327399965376
DIV2K_fresh,fresh_div2k_0868,0.04,0.0,hqs_round1,1,1,27.448081036895402,0.93119046696949,0.3213065901072696
DIV2K_fresh,fresh_div2k_0868,0.1,0.0,hqs,1,1,31.821626193537274,0.9745089227576256,0.32044293195940554
DIV2K_fresh,fresh_div2k_0868,0.1,0.0,hqs_finetuned,1,1,32.58288408716268,0.9791493013911248,0.3225287599489093
DIV2K_fresh,fresh_div2k_0868,0.1,0.0,hqs_round1,1,1,32.385271435937604,0.9777654482469559,0.3213080359855667
DIV2K_fresh,fresh_div2k_0868,0.1,0.01,hqs,1,1,30.152524526906955,0.9440223167633216,0.3221449356836577
DIV2K_fresh,fresh_div2k_0868,0.1,0.01,hqs_finetuned,1,1,30.35390006779748,0.963328422610283,0.32034359930548817
DIV2K_fresh,fresh_div2k_0868,0.1,0.01,hqs_round1,1,1,30.200336985757435,0.9483120749205748,0.31814522261265665
DIV2K_fresh,fresh_div2k_0868,0.1,0.05,hqs,1,1,24.46656384131086,0.5284989523589859,0.32754145298774046
DIV2K_fresh,fresh_div2k_0868,0.1,0.05,hqs_finetuned,1,1,26.449933513798914,0.9025517969514937,0.3180556796723977
DIV2K_fresh,fresh_div2k_0868,0.1,0.05,hqs_round1,1,1,24.554538709920404,0.5416038822237881,0.31890352400174987
DIV2K_fresh,fresh_div2k_0868,0.25,0.0,hqs,1,1,39.46987219660905,0.9949478965082169,0.33902572898659855
DIV2K_fresh,fresh_div2k_0868,0.25,0.0,hqs_finetuned,1,1,40.42696909205577,0.9957891082792282,0.3207264299271628
DIV2K_fresh,fresh_div2k_0868,0.25,0.0,hqs_round1,1,1,40.03106598974558,0.9954826789855957,0.33155970997177064
DIV2K_fresh,fresh_div2k_0868,0.5,0.0,hqs,1,1,48.474478951679544,0.9988458465032578,0.3325627229642123
DIV2K_fresh,fresh_div2k_0868,0.5,0.0,hqs_finetuned,1,1,48.80263822842714,0.9989258661375046,0.32416274410206825
DIV2K_fresh,fresh_div2k_0868,0.5,0.0,hqs_round1,1,1,48.78969215646556,0.9989391008281707,0.3163204309530556
DIV2K_fresh,fresh_div2k_0870,0.01,0.0,hqs,1,1,19.14257502580214,0.24304737242921853,0.3225677600130439
DIV2K_fresh,fresh_div2k_0870,0.01,0.0,hqs_finetuned,1,1,19.141024409236515,0.23958883321908853,0.3236298959236592
DIV2K_fresh,fresh_div2k_0870,0.01,0.0,hqs_round1,1,1,19.140808110970625,0.24344961078122376,0.31568866898305714
DIV2K_fresh,fresh_div2k_0870,0.04,0.0,hqs,1,1,21.01251135044031,0.46814242947672474,0.33010367199312896
DIV2K_fresh,fresh_div2k_0870,0.04,0.0,hqs_finetuned,1,1,21.036627125469263,0.461575768355467,0.31712403800338507
DIV2K_fresh,fresh_div2k_0870,0.04,0.0,hqs_round1,1,1,21.00567369851017,0.4665846151522709,0.32391757192090154
DIV2K_fresh,fresh_div2k_0870,0.1,0.0,hqs,1,1,23.262256870917337,0.6867180709849801,0.323943326016888
DIV2K_fresh,fresh_div2k_0870,0.1,0.0,hqs_finetuned,1,1,23.245007033838405,0.6783656084450772,0.3179233110276982
DIV2K_fresh,fresh_div2k_0870,0.1,0.0,hqs_round1,1,1,23.245819005002918,0.684212608888127,0.3174249160801992
DIV2K_fresh,fresh_div2k_0870,0.1,0.01,hqs,1,1,23.242498118296236,0.6858094075381781,0.3659386086122443
DIV2K_fresh,fresh_div2k_0870,0.1,0.01,hqs_finetuned,1,1,23.227382531937746,0.6773679555073439,0.3589607266864429
DIV2K_fresh,fresh_div2k_0870,0.1,0.01,hqs_round1,1,1,23.22691948470941,0.6833422786001836,0.3560330350107203
DIV2K_fresh,fresh_div2k_0870,0.1,0.05,hqs,1,1,22.72475440442699,0.6605545564497713,0.368214177666232
DIV2K_fresh,fresh_div2k_0870,0.1,0.05,hqs_finetuned,1,1,22.7847030258532,0.6502666238274428,0.35869657205572975
DIV2K_fresh,fresh_div2k_0870,0.1,0.05,hqs_round1,1,1,22.72173180428746,0.658472402623325,0.35523662363023806
DIV2K_fresh,fresh_div2k_0870,0.25,0.0,hqs,1,1,26.56848778785043,0.864356263008833,0.3205979709746316
DIV2K_fresh,fresh_div2k_0870,0.25,0.0,hqs_finetuned,1,1,26.59962181892834,0.8638531633327007,0.3190441789338365
DIV2K_fresh,fresh_div2k_0870,0.25,0.0,hqs_round1,1,1,26.573259750948353,0.8637145186524391,0.3164054730441421
DIV2K_fresh,fresh_div2k_0870,0.5,0.0,hqs,1,1,30.8849362002328,0.9519239306211471,0.32631437596865
DIV2K_fresh,fresh_div2k_0870,0.5,0.0,hqs_finetuned,1,1,30.94179833911461,0.9522147585344315,0.3149946110788733
DIV2K_fresh,fresh_div2k_0870,0.5,0.0,hqs_round1,1,1,30.945575531615248,0.9525519776973724,0.3153266579611227
DIV2K_fresh,fresh_div2k_0874,0.01,0.0,hqs,1,1,23.10942896244109,0.5274579816994808,0.35961031808983535
DIV2K_fresh,fresh_div2k_0874,0.01,0.0,hqs_finetuned,1,1,23.22638211219902,0.5292614319921138,0.34407234902027994
DIV2K_fresh,fresh_div2k_0874,0.01,0.0,hqs_round1,1,1,23.117041237962745,0.5275896579379306,0.36520674999337643
DIV2K_fresh,fresh_div2k_0874,0.04,0.0,hqs,1,1,26.685179246438544,0.721947083069846,0.3299768209690228
DIV2K_fresh,fresh_div2k_0874,0.04,0.0,hqs_finetuned,1,1,26.740304246874036,0.7232178277913077,0.31619765399955213
DIV2K_fresh,fresh_div2k_0874,0.04,0.0,hqs_round1,1,1,26.69757254848378,0.7224089699783139,0.31698392098769546
DIV2K_fresh,fresh_div2k_0874,0.1,0.0,hqs,1,1,29.553628299990407,0.8442079738345146,0.32057663006708026
DIV2K_fresh,fresh_div2k_0874,0.1,0.0,hqs_finetuned,1,1,29.5810796842982,0.8444147239778041,0.31366146297659725
DIV2K_fresh,fresh_div2k_0874,0.1,0.0,hqs_round1,1,1,29.587859533068915,0.8449881758511066,0.31501456000842154
DIV2K_fresh,fresh_div2k_0874,0.1,0.01,hqs,1,1,29.247958611771825,0.8340761290933886,0.3255480776618545
DIV2K_fresh,fresh_div2k_0874,0.1,0.01,hqs_finetuned,1,1,29.282734537119932,0.8346250142234166,0.3176946150294195
DIV2K_fresh,fresh_div2k_0874,0.1,0.01,hqs_round1,1,1,29.237803996620922,0.8343112235712608,0.3180040300358087
DIV2K_fresh,fresh_div2k_0874,0.1,0.05,hqs,1,1,25.736069876731378,0.6748608502175322,0.31768224632833153
DIV2K_fresh,fresh_div2k_0874,0.1,0.05,hqs_finetuned,1,1,27.06271471246039,0.7418898645521576,0.3231070633046329
DIV2K_fresh,fresh_div2k_0874,0.1,0.05,hqs_round1,1,1,25.671634866834506,0.6761905526847833,0.3213559219924112
DIV2K_fresh,fresh_div2k_0874,0.25,0.0,hqs,1,1,33.691284154921334,0.9338611992144584,0.32772309507708997
DIV2K_fresh,fresh_div2k_0874,0.25,0.0,hqs_finetuned,1,1,33.93201694989469,0.9357802718338967,0.3145687310025096
DIV2K_fresh,fresh_div2k_0874,0.25,0.0,hqs_round1,1,1,33.850325880174275,0.9352400970129967,0.31517295504454523
DIV2K_fresh,fresh_div2k_0874,0.5,0.0,hqs,1,1,38.79045115093963,0.9770952665328979,0.31405600905418396
DIV2K_fresh,fresh_div2k_0874,0.5,0.0,hqs_finetuned,1,1,38.949711631740314,0.9776484273462296,0.31339759996626526
DIV2K_fresh,fresh_div2k_0874,0.5,0.0,hqs_round1,1,1,38.90461866443714,0.9775637246713639,0.31601806404069066
DIV2K_fresh,fresh_div2k_0877,0.01,0.0,hqs,1,1,26.76682024189312,0.7178929545549042,0.3289378540357575
DIV2K_fresh,fresh_div2k_0877,0.01,0.0,hqs_finetuned,1,1,26.798084810113743,0.7189747384456792,0.3153326299507171
DIV2K_fresh,fresh_div2k_0877,0.01,0.0,hqs_round1,1,1,26.790337952124354,0.7180947454151784,0.3189513109391555
DIV2K_fresh,fresh_div2k_0877,0.04,0.0,hqs,1,1,32.74624057749053,0.894352855470419,0.3234721990302205
DIV2K_fresh,fresh_div2k_0877,0.04,0.0,hqs_finetuned,1,1,32.762721015214034,0.8935639061779976,0.3184618669329211
DIV2K_fresh,fresh_div2k_0877,0.04,0.0,hqs_round1,1,1,32.80592034479294,0.8942373321444989,0.31726076104678214
DIV2K_fresh,fresh_div2k_0877,0.1,0.0,hqs,1,1,37.12631238187677,0.9612975281391144,0.32479133806191385
DIV2K_fresh,fresh_div2k_0877,0.1,0.0,hqs_finetuned,1,1,37.63592762462758,0.9637458120670319,0.3307533230399713
DIV2K_fresh,fresh_div2k_0877,0.1,0.0,hqs_round1,1,1,37.60421362904676,0.9634988927850723,0.32005890796426684
DIV2K_fresh,fresh_div2k_0877,0.1,0.01,hqs,1,1,36.79962512341204,0.9578369553225835,0.32916264069111395
DIV2K_fresh,fresh_div2k_0877,0.1,0.01,hqs_finetuned,1,1,37.21497706852673,0.9599814226888022,0.32353174830010784
DIV2K_fresh,fresh_div2k_0877,0.1,0.01,hqs_round1,1,1,37.192417573556064,0.9599665950784684,0.31864258903078735
DIV2K_fresh,fresh_div2k_0877,0.1,0.05,hqs,1,1,33.70287235221024,0.8997638582557043,0.32574990232630324
DIV2K_fresh,fresh_div2k_0877,0.1,0.05,hqs_finetuned,1,1,34.21779002980881,0.9200640026880901,0.32370297397331643
DIV2K_fresh,fresh_div2k_0877,0.1,0.05,hqs_round1,1,1,33.723477702385004,0.9021069158484142,0.3227493333009382
DIV2K_fresh,fresh_div2k_0877,0.25,0.0,hqs,1,1,43.02240240604888,0.9886516829452515,0.32662530802190304
DIV2K_fresh,fresh_div2k_0877,0.25,0.0,hqs_finetuned,1,1,43.58763184383803,0.9896284860401153,0.31736595393158495
DIV2K_fresh,fresh_div2k_0877,0.25,0.0,hqs_round1,1,1,43.44879515572582,0.9894333042240143,0.31806807802058756
DIV2K_fresh,fresh_div2k_0877,0.5,0.0,hqs,1,1,49.29062113706253,0.9969137450771332,0.3285299210110679
DIV2K_fresh,fresh_div2k_0877,0.5,0.0,hqs_finetuned,1,1,50.35700454987023,0.9974761074991226,0.3159252939512953
DIV2K_fresh,fresh_div2k_0877,0.5,0.0,hqs_round1,1,1,50.00274709193498,0.9973090992841721,0.3158611349062994
DIV2K_fresh,fresh_div2k_0879,0.01,0.0,hqs,1,1,20.23978466268276,0.6675410163549477,0.3333407479804009
DIV2K_fresh,fresh_div2k_0879,0.01,0.0,hqs_finetuned,1,1,20.437454628687046,0.6741558215867072,0.31770279398187995
DIV2K_fresh,fresh_div2k_0879,0.01,0.0,hqs_round1,1,1,20.258219179564886,0.6686835434708748,0.321142373024486
DIV2K_fresh,fresh_div2k_0879,0.04,0.0,hqs,1,1,24.345323814492247,0.8472104453868805,0.35434042604174465
DIV2K_fresh,fresh_div2k_0879,0.04,0.0,hqs_finetuned,1,1,24.423360359580148,0.8451279006052278,0.31766778603196144
DIV2K_fresh,fresh_div2k_0879,0.04,0.0,hqs_round1,1,1,24.350941749360132,0.8473716368487086,0.31632634601555765
DIV2K_fresh,fresh_div2k_0879,0.1,0.0,hqs,1,1,27.58792344207672,0.9224051168447733,0.3186125149950385
DIV2K_fresh,fresh_div2k_0879,0.1,0.0,hqs_finetuned,1,1,27.73902071331523,0.9210327176483869,0.3174726599827409
DIV2K_fresh,fresh_div2k_0879,0.1,0.0,hqs_round1,1,1,27.693693616497264,0.9236778209677935,0.3191788580734283
DIV2K_fresh,fresh_div2k_0879,0.1,0.01,hqs,1,1,27.31977411769942,0.9169242045647303,0.3251106089834745
DIV2K_fresh,fresh_div2k_0879,0.1,0.01,hqs_finetuned,1,1,27.414329511322464,0.9149843553797204,0.32107613899279386
DIV2K_fresh,fresh_div2k_0879,0.1,0.01,hqs_round1,1,1,27.354789759878752,0.917726398414433,0.32272769731935114
DIV2K_fresh,fresh_div2k_0879,0.1,0.05,hqs,1,1,25.095375251857163,0.779951271483965,0.3262441783444956
DIV2K_fresh,fresh_div2k_0879,0.1,0.05,hqs_finetuned,1,1,25.71287874413223,0.8768287138943472,0.31754762399941683
DIV2K_fresh,fresh_div2k_0879,0.1,0.05,hqs_round1,1,1,25.035591896195797,0.7871409802154203,0.31832546667040634
DIV2K_fresh,fresh_div2k_0879,0.25,0.0,hqs,1,1,33.18798700749265,0.976175124853611,0.3306262530386448
DIV2K_fresh,fresh_div2k_0879,0.25,0.0,hqs_finetuned,1,1,33.47772070069955,0.9767105935754776,0.31773556501138955
DIV2K_fresh,fresh_div2k_0879,0.25,0.0,hqs_round1,1,1,33.37589458263663,0.9769133046774864,0.3228913589846343
DIV2K_fresh,fresh_div2k_0879,0.5,0.0,hqs,1,1,39.82829714380858,0.99330894161129,0.3277350770076737
DIV2K_fresh,fresh_div2k_0879,0.5,0.0,hqs_finetuned,1,1,40.14753663364922,0.9936480206375122,0.31901597406249493
DIV2K_fresh,fresh_div2k_0879,0.5,0.0,hqs_round1,1,1,40.033247645717566,0.993604656252861,0.31807369203306735
DIV2K_fresh,fresh_div2k_0883,0.01,0.0,hqs,1,1,19.369031138168115,0.40928758120793735,0.3284326819702983
DIV2K_fresh,fresh_div2k_0883,0.01,0.0,hqs_finetuned,1,1,19.464434278796332,0.41006198579606584,0.31885973003227264
DIV2K_fresh,fresh_div2k_0883,0.01,0.0,hqs_round1,1,1,19.380169993381124,0.40846303185781613,0.31610850209835917
DIV2K_fresh,fresh_div2k_0883,0.04,0.0,hqs,1,1,22.682376391513905,0.6575469672373905,0.32198656199034303
DIV2K_fresh,fresh_div2k_0883,0.04,0.0,hqs_finetuned,1,1,22.722761627819168,0.6542322336722494,0.3156197089701891
DIV2K_fresh,fresh_div2k_0883,0.04,0.0,hqs_round1,1,1,22.701575774202407,0.6576572657648255,0.31802912103012204
DIV2K_fresh,fresh_div2k_0883,0.1,0.0,hqs,1,1,24.74982561657061,0.7781495457997322,0.3198015809757635
DIV2K_fresh,fresh_div2k_0883,0.1,0.0,hqs_finetuned,1,1,24.827627872161962,0.7776291317394376,0.3165680019883439
DIV2K_fresh,fresh_div2k_0883,0.1,0.0,hqs_round1,1,1,24.769484822218732,0.7780522610755339,0.3145589630585164
DIV2K_fresh,fresh_div2k_0883,0.1,0.01,hqs,1,1,24.684376536721384,0.7746938438307346,0.3365699810286363
DIV2K_fresh,fresh_div2k_0883,0.1,0.01,hqs_finetuned,1,1,24.76255064459187,0.7743032784971594,0.3307100240296374
DIV2K_fresh,fresh_div2k_0883,0.1,0.01,hqs_round1,1,1,24.699958649426538,0.7748276123160099,0.32970133567384136
DIV2K_fresh,fresh_div2k_0883,0.1,0.05,hqs,1,1,23.57209868904303,0.7093945468422543,0.3253495403332636
DIV2K_fresh,fresh_div2k_0883,0.1,0.05,hqs_finetuned,1,1,23.898384756013353,0.7266950913126179,0.32257468334864825
DIV2K_fresh,fresh_div2k_0883,0.1,0.05,hqs_round1,1,1,23.567052406476524,0.7105497637239454,0.3216236626806979
DIV2K_fresh,fresh_div2k_0883,0.25,0.0,hqs,1,1,27.828046996689192,0.8897039208841324,0.3269143250072375
DIV2K_fresh,fresh_div2k_0883,0.25,0.0,hqs_finetuned,1,1,27.90994084755063,0.8895485055470467,0.3199404129991308
DIV2K_fresh,fresh_div2k_0883,0.25,0.0,hqs_round1,1,1,27.891326250446756,0.8903322710165977,0.3161516929976642
DIV2K_fresh,fresh_div2k_0883,0.5,0.0,hqs,1,1,31.874964908439,0.9547048068523407,0.32820056192576885
DIV2K_fresh,fresh_div2k_0883,0.5,0.0,hqs_finetuned,1,1,31.991740908294442,0.9553197579221725,0.31627776799723506
DIV2K_fresh,fresh_div2k_0883,0.5,0.0,hqs_round1,1,1,31.948974422790553,0.955498484336853,0.32359227898996323
DIV2K_fresh,fresh_div2k_0887,0.01,0.0,hqs,1,1,19.54786936830175,0.5057177437256517,0.3275187920080498
DIV2K_fresh,fresh_div2k_0887,0.01,0.0,hqs_finetuned,1,1,19.64575731193332,0.502557060609866,0.31932533404324204
DIV2K_fresh,fresh_div2k_0887,0.01,0.0,hqs_round1,1,1,19.57637842950392,0.5052381387184083,0.3220309460302815
DIV2K_fresh,fresh_div2k_0887,0.04,0.0,hqs,1,1,22.259215195927165,0.6956126931779782,0.3264603919815272
DIV2K_fresh,fresh_div2k_0887,0.04,0.0,hqs_finetuned,1,1,22.298860895583616,0.6936267621449911,0.3285626140423119
DIV2K_fresh,fresh_div2k_0887,0.04,0.0,hqs_round1,1,1,22.209549983914997,0.6942836545091831,0.3195621310733259
DIV2K_fresh,fresh_div2k_0887,0.1,0.0,hqs,1,1,24.770876298543335,0.8196971432049498,0.33370809396728873
DIV2K_fresh,fresh_div2k_0887,0.1,0.0,hqs_finetuned,1,1,24.86688483556136,0.8172945685249455,0.32078150007873774
DIV2K_fresh,fresh_div2k_0887,0.1,0.0,hqs_round1,1,1,24.802275143861845,0.819615432548672,0.32201987598091364
DIV2K_fresh,fresh_div2k_0887,0.1,0.01,hqs,1,1,24.62583357238677,0.8133424954079341,0.324604879016988
DIV2K_fresh,fresh_div2k_0887,0.1,0.01,hqs_finetuned,1,1,24.710066864419897,0.8100546712097129,0.31791677135818946
DIV2K_fresh,fresh_div2k_0887,0.1,0.01,hqs_round1,1,1,24.621176527149743,0.8130263337795883,0.3187869736769547
DIV2K_fresh,fresh_div2k_0887,0.1,0.05,hqs,1,1,23.082193128615412,0.6765204155786894,0.3273201313180228
DIV2K_fresh,fresh_div2k_0887,0.1,0.05,hqs_finetuned,1,1,23.54205297941696,0.74327996067854,0.3222685039897139
DIV2K_fresh,fresh_div2k_0887,0.1,0.05,hqs_round1,1,1,23.057469590699807,0.684159448436959,0.3230775077051173
DIV2K_fresh,fresh_div2k_0887,0.25,0.0,hqs,1,1,28.816630714871,0.9236512682685852,0.33077530399896204
DIV2K_fresh,fresh_div2k_0887,0.25,0.0,hqs_finetuned,1,1,28.989741311308933,0.9236196854200364,0.3163295550039038
DIV2K_fresh,fresh_div2k_0887,0.25,0.0,hqs_round1,1,1,28.982094461467796,0.9248149851646423,0.322368333931081
DIV2K_fresh,fresh_div2k_0887,0.5,0.0,hqs,1,1,34.26862288002302,0.9748042458381653,0.3200038659851998
DIV2K_fresh,fresh_div2k_0887,0.5,0.0,hqs_finetuned,1,1,34.45088360032213,0.9753308429174423,0.3219869389431551
DIV2K_fresh,fresh_div2k_0887,0.5,0.0,hqs_round1,1,1,34.425141020308715,0.9754008788347244,0.31655873300042003
DIV2K_fresh,fresh_div2k_0889,0.01,0.0,hqs,1,1,16.854842900241973,0.2620885448032384,0.32253217708785087
DIV2K_fresh,fresh_div2k_0889,0.01,0.0,hqs_finetuned,1,1,16.91054576897052,0.2601576297384937,0.32043196097947657
DIV2K_fresh,fresh_div2k_0889,0.01,0.0,hqs_round1,1,1,16.874208459496437,0.2638329914968522,0.3174967960221693
DIV2K_fresh,fresh_div2k_0889,0.04,0.0,hqs,1,1,19.748062908658838,0.5677549895880215,0.33116057293955237
DIV2K_fresh,fresh_div2k_0889,0.04,0.0,hqs_finetuned,1,1,19.82769480490212,0.5667858279152437,0.31856695597525686
DIV2K_fresh,fresh_div2k_0889,0.04,0.0,hqs_round1,1,1,19.78357704509685,0.5697296120705498,0.3240795460296795
DIV2K_fresh,fresh_div2k_0889,0.1,0.0,hqs,1,1,22.673559217737775,0.7787256067489423,0.3281014880631119
DIV2K_fresh,fresh_div2k_0889,0.1,0.0,hqs_finetuned,1,1,22.758039206369762,0.7792529604256936,0.3172436279710382
DIV2K_fresh,fresh_div2k_0889,0.1,0.0,hqs_round1,1,1,22.704612397128997,0.7790918877513111,0.3181104559917003
DIV2K_fresh,fresh_div2k_0889,0.1,0.01,hqs,1,1,22.633940979101784,0.7769784913013019,0.3303211606883754
DIV2K_fresh,fresh_div2k_0889,0.1,0.01,hqs_finetuned,1,1,22.71934395195675,0.7773703709716872,0.31797065131831914
DIV2K_fresh,fresh_div2k_0889,0.1,0.01,hqs_round1,1,1,22.665139771252086,0.7773816482749668,0.31941942932705086
DIV2K_fresh,fresh_div2k_0889,0.1,0.05,hqs,1,1,21.802045185655487,0.7393046158395213,0.32616621465422213
DIV2K_fresh,fresh_div2k_0889,0.1,0.05,hqs_finetuned,1,1,22.007893819567812,0.742764374934636,0.3159317222889513
DIV2K_fresh,fresh_div2k_0889,0.1,0.05,hqs_round1,1,1,21.840642877948937,0.7405581783836078,0.31578007103720057
DIV2K_fresh,fresh_div2k_0889,0.25,0.0,hqs,1,1,26.97201368764693,0.9187465613503456,0.32106788898818195
DIV2K_fresh,fresh_div2k_0889,0.25,0.0,hqs_finetuned,1,1,27.027459135831876,0.918307212539196,0.3219226930523291
DIV2K_fresh,fresh_div2k_0889,0.25,0.0,hqs_round1,1,1,26.983087064419845,0.9186220448288918,0.32271951506845653
DIV2K_fresh,fresh_div2k_0889,0.5,0.0,hqs,1,1,32.18920418598864,0.9755711167850495,0.31731813203077763
DIV2K_fresh,fresh_div2k_0889,0.5,0.0,hqs_finetuned,1,1,32.29537361177,0.975806908449173,0.31622660194989294
DIV2K_fresh,fresh_div2k_0889,0.5,0.0,hqs_round1,1,1,32.260496345629655,0.975843256070137,0.3166527150897309
DIV2K_fresh,fresh_div2k_0892,0.01,0.0,hqs,1,1,17.564518865425242,0.1967340359574025,0.3169000359484926
DIV2K_fresh,fresh_div2k_0892,0.01,0.0,hqs_finetuned,1,1,17.5274732635604,0.1865525083468936,0.313872835948132
DIV2K_fresh,fresh_div2k_0892,0.01,0.0,hqs_round1,1,1,17.55994875158952,0.19652568829086406,0.317791330977343
DIV2K_fresh,fresh_div2k_0892,0.04,0.0,hqs,1,1,19.40672753659953,0.5019959153386732,0.31786894192919135
DIV2K_fresh,fresh_div2k_0892,0.04,0.0,hqs_finetuned,1,1,19.408854518179186,0.49449935962164876,0.3143311870517209
DIV2K_fresh,fresh_div2k_0892,0.04,0.0,hqs_round1,1,1,19.40988491365697,0.5012330231154045,0.3169931329321116
DIV2K_fresh,fresh_div2k_0892,0.1,0.0,hqs,1,1,23.067733277714673,0.796847538359195,0.3297995440661907
DIV2K_fresh,fresh_div2k_0892,0.1,0.0,hqs_finetuned,1,1,23.39851045955133,0.815468074225217,0.31455744698178023
DIV2K_fresh,fresh_div2k_0892,0.1,0.0,hqs_round1,1,1,23.26243754180294,0.8047770196803249,0.31775795004796237
DIV2K_fresh,fresh_div2k_0892,0.1,0.01,hqs,1,1,22.921876945088144,0.7900018917506064,0.3291589286333571
DIV2K_fresh,fresh_div2k_0892,0.1,0.01,hqs_finetuned,1,1,23.234291357091422,0.8084467868919343,0.31891500499720377
DIV2K_fresh,fresh_div2k_0892,0.1,0.01,hqs_round1,1,1,23.10373232288872,0.7976997132024132,0.316293371686091
DIV2K_fresh,fresh_div2k_0892,0.1,0.05,hqs,1,1,21.01876260955257,0.686184536051333,0.32471992234544206
DIV2K_fresh,fresh_div2k_0892,0.1,0.05,hqs_finetuned,1,1,21.473229566415267,0.7172319169088652,0.3174913570595284
DIV2K_fresh,fresh_div2k_0892,0.1,0.05,hqs_round1,1,1,21.098170975250643,0.6917069190103078,0.31772338564042
DIV2K_fresh,fresh_div2k_0892,0.25,0.0,hqs,1,1,28.88655913243344,0.9461683649053574,0.3229134529829025
DIV2K_fresh,fresh_div2k_0892,0.25,0.0,hqs_finetuned,1,1,29.446786269255316,0.9533668785748481,0.3164898679824546
DIV2K_fresh,fresh_div2k_0892,0.25,0.0,hqs_round1,1,1,29.209580029518072,0.950437768954277,0.31628257397096604
DIV2K_fresh,fresh_div2k_0892,0.5,0.0,hqs,1,1,35.107508674175804,0.9867274574327469,0.3237656180281192
DIV2K_fresh,fresh_div2k_0892,0.5,0.0,hqs_finetuned,1,1,36.08008750331513,0.9892965100440979,0.31401122105307877
DIV2K_fresh,fresh_div2k_0892,0.5,0.0,hqs_round1,1,1,35.58814787047459,0.9881218030967712,0.3177257450297475
DIV2K_fresh,fresh_div2k_0896,0.01,0.0,hqs,1,1,23.03341742642764,0.8809837031879397,0.3181284279562533
DIV2K_fresh,fresh_div2k_0896,0.01,0.0,hqs_finetuned,1,1,23.12302087293228,0.8817666421952683,0.3155120189767331
DIV2K_fresh,fresh_div2k_0896,0.01,0.0,hqs_round1,1,1,23.12301521847135,0.8823994398404574,0.3148502230178565
DIV2K_fresh,fresh_div2k_0896,0.04,0.0,hqs,1,1,29.442041142028348,0.952827074918747,0.31738247303292155
DIV2K_fresh,fresh_div2k_0896,0.04,0.0,hqs_finetuned,1,1,29.965617350245665,0.9564520061357021,0.31349248497281224
DIV2K_fresh,fresh_div2k_0896,0.04,0.0,hqs_round1,1,1,29.671718137947014,0.9543549380241633,0.3145005840342492
DIV2K_fresh,fresh_div2k_0896,0.1,0.0,hqs,1,1,35.25573545322254,0.9780631352975369,0.32123190409038216
DIV2K_fresh,fresh_div2k_0896,0.1,0.0,hqs_finetuned,1,1,36.021734986790264,0.979958059624672,0.3177461359882727
DIV2K_fresh,fresh_div2k_0896,0.1,0.0,hqs_round1,1,1,35.63628865391875,0.9789923040506839,0.32103977899532765
DIV2K_fresh,fresh_div2k_0896,0.1,0.01,hqs,1,1,33.104099872267284,0.9473229781203271,0.3200215289834887
DIV2K_fresh,fresh_div2k_0896,0.1,0.01,hqs_finetuned,1,1,33.71025247330203,0.9695312176043194,0.31597772403620183
DIV2K_fresh,fresh_div2k_0896,0.1,0.01,hqs_round1,1,1,33.06081766192336,0.9511794768642584,0.31600018062939245
DIV2K_fresh,fresh_div2k_0896,0.1,0.05,hqs,1,1,24.808509876759313,0.5475958786242474,0.31897882764072466
DIV2K_fresh,fresh_div2k_0896,0.1,0.05,hqs_finetuned,1,1,28.142005561573843,0.91182281012248,0.31537512499683845
DIV2K_fresh,fresh_div2k_0896,0.1,0.05,hqs_round1,1,1,24.78268146814376,0.5550360591242127,0.31546247835891944
DIV2K_fresh,fresh_div2k_0896,0.25,0.0,hqs,1,1,41.76429643042603,0.9916614852867126,0.32404237310402095
DIV2K_fresh,fresh_div2k_0896,0.25,0.0,hqs_finetuned,1,1,42.63918806944004,0.9924351238384247,0.3195135570131242
DIV2K_fresh,fresh_div2k_0896,0.25,0.0,hqs_round1,1,1,42.293243049374226,0.9920957566728592,0.32074608909897506
DIV2K_fresh,fresh_div2k_0896,0.5,0.0,hqs,1,1,48.33953004827099,0.9968860924243927,0.3258913599420339
DIV2K_fresh,fresh_div2k_0896,0.5,0.0,hqs_finetuned,1,1,49.09598764262141,0.9971176281442642,0.3179272779962048
DIV2K_fresh,fresh_div2k_0896,0.5,0.0,hqs_round1,1,1,48.822304120113486,0.9970788863630294,0.31726306094788015
DIV2K_fresh,fresh_div2k_0899,0.01,0.0,hqs,1,1,17.907531057398263,0.35371839605963123,0.32157868007197976
DIV2K_fresh,fresh_div2k_0899,0.01,0.0,hqs_finetuned,1,1,17.875525097168506,0.3499993576478403,0.315712969051674
DIV2K_fresh,fresh_div2k_0899,0.01,0.0,hqs_round1,1,1,17.89191386732839,0.35179879501740857,0.3154429669957608
DIV2K_fresh,fresh_div2k_0899,0.04,0.0,hqs,1,1,22.781551279720354,0.7202634301800653,0.32783275900874287
DIV2K_fresh,fresh_div2k_0899,0.04,0.0,hqs_finetuned,1,1,23.188533394793744,0.735593767701932,0.31444218300748616
DIV2K_fresh,fresh_div2k_0899,0.04,0.0,hqs_round1,1,1,22.876569522088737,0.7232965792060159,0.3142863209359348
DIV2K_fresh,fresh_div2k_0899,0.1,0.0,hqs,1,1,27.630982448315542,0.8978566516933442,0.3273353079566732
DIV2K_fresh,fresh_div2k_0899,0.1,0.0,hqs_finetuned,1,1,28.31254761999654,0.9053914198074341,0.35534202691633254
DIV2K_fresh,fresh_div2k_0899,0.1,0.0,hqs_round1,1,1,28.002372314376238,0.9024851122794151,0.3571192470844835
DIV2K_fresh,fresh_div2k_0899,0.1,0.01,hqs,1,1,27.501930462405497,0.8942067286868095,0.36134909799632925
DIV2K_fresh,fresh_div2k_0899,0.1,0.01,hqs_finetuned,1,1,28.155921608179117,0.9017481414167087,0.3568140836432576
DIV2K_fresh,fresh_div2k_0899,0.1,0.01,hqs_round1,1,1,27.845507169256013,0.8987341206483047,0.35792052532391
DIV2K_fresh,fresh_div2k_0899,0.1,0.05,hqs,1,1,25.721009178295038,0.830178129527272,0.3551690006085361
DIV2K_fresh,fresh_div2k_0899,0.1,0.05,hqs_finetuned,1,1,26.21442171445898,0.8463374227808514,0.33477288267264765
DIV2K_fresh,fresh_div2k_0899,0.1,0.05,hqs_round1,1,1,25.87676731122825,0.8339677404384216,0.3486752123183881
DIV2K_fresh,fresh_div2k_0899,0.25,0.0,hqs,1,1,33.28815672776059,0.9691357115316391,0.35954704496543854
DIV2K_fresh,fresh_div2k_0899,0.25,0.0,hqs_finetuned,1,1,34.06683331333214,0.9716267238054276,0.357737599988468
DIV2K_fresh,fresh_div2k_0899,0.25,0.0,hqs_round1,1,1,33.84311599244133,0.971293590259552,0.35209790198132396
DIV2K_fresh,fresh_div2k_0899,0.5,0.0,hqs,1,1,38.550354137756294,0.9892939032278061,0.36049887991975993
DIV2K_fresh,fresh_div2k_0899,0.5,0.0,hqs_finetuned,1,1,39.35092450620908,0.9905331184368134,0.35391677694860846
DIV2K_fresh,fresh_div2k_0899,0.5,0.0,hqs_round1,1,1,39.160059109315945,0.9902177049512864,0.35762388492003083
HEVC_B,BQTerrace,0.01,0.0,hqs,1,3,22.368256409604555,0.5696220696858328,0.327263619323882
HEVC_B,BQTerrace,0.01,0.0,hqs_finetuned,1,3,22.39514503827824,0.5711694162791924,0.32126960371776175
HEVC_B,BQTerrace,0.01,0.0,hqs_round1,1,3,22.350788955061674,0.5682294611159951,0.32106869330164045
HEVC_B,BQTerrace,0.04,0.0,hqs,1,3,25.989053952305714,0.7748098206269672,0.3221659626578912
HEVC_B,BQTerrace,0.04,0.0,hqs_finetuned,1,3,26.12463228978287,0.7779948361216896,0.3196345653074483
HEVC_B,BQTerrace,0.04,0.0,hqs_round1,1,3,26.030773857117747,0.7760267144067875,0.32125901663675904
HEVC_B,BQTerrace,0.1,0.0,hqs,1,3,29.529777945613475,0.8856610157237451,0.32339361337168765
HEVC_B,BQTerrace,0.1,0.0,hqs_finetuned,1,3,29.76522990617214,0.8897752205419739,0.3215395890098686
HEVC_B,BQTerrace,0.1,0.0,hqs_round1,1,3,29.688572905616002,0.8885911954865952,0.32704481036247063
HEVC_B,BQTerrace,0.1,0.01,hqs,1,3,28.91523828803214,0.8708362465495263,0.33406580266697955
HEVC_B,BQTerrace,0.1,0.01,hqs_finetuned,1,3,29.127205770806842,0.8758197751750475,0.3293909228846638
HEVC_B,BQTerrace,0.1,0.01,hqs_round1,1,3,28.997519490562155,0.8735709301377121,0.33429921909959776
HEVC_B,BQTerrace,0.1,0.05,hqs,1,3,25.25157441613706,0.6785959465281555,0.32623641865534914
HEVC_B,BQTerrace,0.1,0.05,hqs_finetuned,1,3,26.266991936185505,0.782138876363267,0.332519556201684
HEVC_B,BQTerrace,0.1,0.05,hqs_round1,1,3,25.19562563796494,0.6834158256605706,0.32944286799627465
HEVC_B,BQTerrace,0.25,0.0,hqs,1,3,34.38597374420721,0.9537875349818865,0.3239094303377594
HEVC_B,BQTerrace,0.25,0.0,hqs_finetuned,1,3,34.51668196539644,0.9544779789597988,0.32145702400399995
HEVC_B,BQTerrace,0.25,0.0,hqs_round1,1,3,34.51142151244255,0.9547159204705954,0.3220356756743665
HEVC_B,BQTerrace,0.5,0.0,hqs,1,3,40.33143140470607,0.9832386644878387,0.33085041570787627
HEVC_B,BQTerrace,0.5,0.0,hqs_finetuned,1,3,40.66021313334626,0.9842855790125529,0.3393090576088677
HEVC_B,BQTerrace,0.5,0.0,hqs_round1,1,3,40.5492584301357,0.9838311799023947,0.3208173573172341
HEVC_B,BasketballDrive,0.01,0.0,hqs,1,3,24.50471256898534,0.635526203832717,0.32462467400667566
HEVC_B,BasketballDrive,0.01,0.0,hqs_finetuned,1,3,24.667749282770917,0.643643054952861,0.32883121535026777
HEVC_B,BasketballDrive,0.01,0.0,hqs_round1,1,3,24.52140603662402,0.6364599693678952,0.31995016561510664
HEVC_B,BasketballDrive,0.04,0.0,hqs,1,3,29.444017049795818,0.822311876835597,0.3322192213187615
HEVC_B,BasketballDrive,0.04,0.0,hqs_finetuned,1,3,29.55787640238198,0.8241386562150218,0.330274033981065
HEVC_B,BasketballDrive,0.04,0.0,hqs_round1,1,3,29.538837877316553,0.8237427274645008,0.32704392766269547
HEVC_B,BasketballDrive,0.1,0.0,hqs,1,3,32.7894468789659,0.9035982678244908,0.33224155734448385
HEVC_B,BasketballDrive,0.1,0.0,hqs_finetuned,1,3,33.0228857083728,0.9036733501180411,0.3224643156475698
HEVC_B,BasketballDrive,0.1,0.0,hqs_round1,1,3,32.961628164599865,0.904568119693478,0.3292461909974615
HEVC_B,BasketballDrive,0.1,0.01,hqs,1,3,32.29025285315134,0.891779375714933,0.3231327924489354
HEVC_B,BasketballDrive,0.1,0.01,hqs_finetuned,1,3,32.48616856597834,0.8932124365371429,0.32307262778178686
HEVC_B,BasketballDrive,0.1,0.01,hqs_round1,1,3,32.40145736920335,0.8929340454361651,0.3226552383146352
HEVC_B,BasketballDrive,0.1,0.05,hqs,1,3,28.11372281268895,0.7174990968170679,0.3240032799076289
HEVC_B,BasketballDrive,0.1,0.05,hqs_finetuned,1,3,29.67323635630916,0.8225590093047571,0.3220754287774778
HEVC_B,BasketballDrive,0.1,0.05,hqs_round1,1,3,28.08822164640492,0.7195715765855194,0.32251705777727896
HEVC_B,BasketballDrive,0.25,0.0,hqs,1,3,37.85795598256423,0.9588355414617856,0.32215263267668587
HEVC_B,BasketballDrive,0.25,0.0,hqs_finetuned,1,3,38.37950344602001,0.9605536644382476,0.32226840798587847
HEVC_B,BasketballDrive,0.25,0.0,hqs_round1,1,3,38.2655165425291,0.9609399394645691,0.32152075731816393
HEVC_B,BasketballDrive,0.5,0.0,hqs,1,3,44.04867596096087,0.9866249409360885,0.3269378643793364
HEVC_B,BasketballDrive,0.5,0.0,hqs_finetuned,1,3,44.276523697560414,0.9860727908884684,0.32228284135150415
HEVC_B,BasketballDrive,0.5,0.0,hqs_round1,1,3,44.369341788951836,0.9872891049846014,0.3214402876716728
HEVC_B,Cactus,0.01,0.0,hqs,1,3,22.059415081733203,0.4816583173949079,0.33942860069995123
HEVC_B,Cactus,0.01,0.0,hqs_finetuned,1,3,22.114145143204563,0.4872108787968143,0.331579197353373
HEVC_B,Cactus,0.01,0.0,hqs_round1,1,3,22.05865545377448,0.481863493183972,0.33201663999352604
HEVC_B,Cactus,0.04,0.0,hqs,1,3,25.85091954930373,0.7234158030811008,0.3355270120082423
HEVC_B,Cactus,0.04,0.0,hqs_finetuned,1,3,25.90232152733555,0.7245933475083713,0.33123398238482576
HEVC_B,Cactus,0.04,0.0,hqs_round1,1,3,25.879489024015218,0.72422825807332,0.33734590269159526
HEVC_B,Cactus,0.1,0.0,hqs,1,3,29.103218886727188,0.8582369196055731,0.33769897596600157
HEVC_B,Cactus,0.1,0.0,hqs_finetuned,1,3,29.266034050146384,0.8611830908524195,0.32984348735772073
HEVC_B,Cactus,0.1,0.0,hqs_round1,1,3,29.230369657599685,0.8601088742485047,0.3324377116902421
HEVC_B,Cactus,0.1,0.01,hqs,1,3,28.967276804770943,0.8537520020641751,0.3375658034346998
HEVC_B,Cactus,0.1,0.01,hqs_finetuned,1,3,29.086786404684954,0.8561148973798486,0.3348743052273575
HEVC_B,Cactus,0.1,0.01,hqs_round1,1,3,29.055082585562545,0.8552336673426894,0.333576056562985
HEVC_B,Cactus,0.1,0.05,hqs,1,3,26.95931697846768,0.7685893939519434,0.3404175986716938
HEVC_B,Cactus,0.1,0.05,hqs_finetuned,1,3,27.3252596870375,0.7905445125956195,0.3352705774595961
HEVC_B,Cactus,0.1,0.05,hqs_round1,1,3,26.945656129001875,0.7707852694445148,0.3350856589774291
HEVC_B,Cactus,0.25,0.0,hqs,1,3,33.985562252243334,0.9486616696837743,0.33727895200718194
HEVC_B,Cactus,0.25,0.0,hqs_finetuned,1,3,34.252275297133764,0.9505973932522137,0.3382600073236972
HEVC_B,Cactus,0.25,0.0,hqs_round1,1,3,34.17656179406579,0.9500932196572621,0.3316085883028184
HEVC_B,Cactus,0.5,0.0,hqs,1,3,39.784618182625486,0.9840184579340617,0.3353772293776274
HEVC_B,Cactus,0.5,0.0,hqs_finetuned,1,3,40.079070081476125,0.9847068017988206,0.3330058156279847
HEVC_B,Cactus,0.5,0.0,hqs_round1,1,3,40.014807898122854,0.9846308761765162,0.33196343935560435
HEVC_B,Kimono1,0.01,0.0,hqs,1,3,25.90138696571472,0.6554934667638012,0.33457095160459477
HEVC_B,Kimono1,0.01,0.0,hqs_finetuned,1,3,25.955253793228906,0.6554388572299911,0.3316786736637975
HEVC_B,Kimono1,0.01,0.0,hqs_round1,1,3,25.894195948820464,0.6550359113018188,0.33619175001513213
HEVC_B,Kimono1,0.04,0.0,hqs,1,3,30.174831080504678,0.8214740367031496,0.33738654634604853
HEVC_B,Kimono1,0.04,0.0,hqs_finetuned,1,3,30.317819077013553,0.8226970289121867,0.3471553250759219
HEVC_B,Kimono1,0.04,0.0,hqs_round1,1,3,30.308415461384556,0.8229203665870427,0.3330028736575817
HEVC_B,Kimono1,0.1,0.0,hqs,1,3,33.73447437311963,0.9146171371777853,0.33596112528660643
HEVC_B,Kimono1,0.1,0.0,hqs_finetuned,1,3,33.902567592064855,0.9156718620702425,0.33185912765717757
HEVC_B,Kimono1,0.1,0.0,hqs_round1,1,3,33.90916644975352,0.9159552378649711,0.3316833896484847
HEVC_B,Kimono1,0.1,0.01,hqs,1,3,33.446271901456065,0.9090083015783628,0.3278979393524222
HEVC_B,Kimono1,0.1,0.01,hqs_finetuned,1,3,33.56150771811563,0.909732833530267,0.3210321030993429
HEVC_B,Kimono1,0.1,0.01,hqs_round1,1,3,33.57439966977753,0.9101858058652348,0.32582885167923653
HEVC_B,Kimono1,0.1,0.05,hqs,1,3,30.522716582452052,0.8130957134519021,0.3272829670976434
HEVC_B,Kimono1,0.1,0.05,hqs_finetuned,1,3,31.228466676374126,0.851763803784079,0.32389939233608955
HEVC_B,Kimono1,0.1,0.05,hqs_round1,1,3,30.486953252150816,0.8152986782019934,0.32393601298746133
HEVC_B,Kimono1,0.25,0.0,hqs,1,3,39.45364918199585,0.9745121768248876,0.3349936143107091
HEVC_B,Kimono1,0.25,0.0,hqs_finetuned,1,3,39.61158388614635,0.9750860161225002,0.332274027983658
HEVC_B,Kimono1,0.25,0.0,hqs_round1,1,3,39.57906586619779,0.9749983379160563,0.3310592526880403
HEVC_B,Kimono1,0.5,0.0,hqs,1,3,46.042733736316215,0.9933184066670736,0.34161598165519536
HEVC_B,Kimono1,0.5,0.0,hqs_finetuned,1,3,46.201493589354925,0.9935046947593689,0.322323660676678
HEVC_B,Kimono1,0.5,0.0,hqs_round1,1,3,46.148101984790394,0.9934743683328628,0.33317337499465793
HEVC_B,ParkScene,0.01,0.0,hqs,1,3,25.75187260826603,0.570015033423247,0.3263054790440947
HEVC_B,ParkScene,0.01,0.0,hqs_finetuned,1,3,25.747172722041583,0.5684340400751768,0.3217308286887904
HEVC_B,ParkScene,0.01,0.0,hqs_round1,1,3,25.733981823950945,0.5686572688777579,0.3215224963302414
HEVC_B,ParkScene,0.04,0.0,hqs,1,3,28.530041688341225,0.7345150320856025,0.3252514286432415
HEVC_B,ParkScene,0.04,0.0,hqs_finetuned,1,3,28.575639837596384,0.7353072039003224,0.3198857163079083
HEVC_B,ParkScene,0.04,0.0,hqs_round1,1,3,28.532507480798383,0.7343313555095087,0.34769608763357
HEVC_B,ParkScene,0.1,0.0,hqs,1,3,30.931964872123814,0.8416446422520479,0.3237138956707592
HEVC_B,ParkScene,0.1,0.0,hqs_finetuned,1,3,31.070352224556988,0.8438889546283881,0.32031358398186666
HEVC_B,ParkScene,0.1,0.0,hqs_round1,1,3,31.02938720263805,0.843476367032051,0.3214923023091008
HEVC_B,ParkScene,0.1,0.01,hqs,1,3,30.828347311305222,0.8376413122567601,0.3248662125293373
HEVC_B,ParkScene,0.1,0.01,hqs_finetuned,1,3,30.931690634870723,0.8393404590498871,0.3235204691170818
HEVC_B,ParkScene,0.1,0.01,hqs_round1,1,3,30.89104688164989,0.8390420161568853,0.3241631214558664
HEVC_B,ParkScene,0.1,0.05,hqs,1,3,29.11648515701269,0.7567432468184365,0.32552764444456744
HEVC_B,ParkScene,0.1,0.05,hqs_finetuned,1,3,29.574360940608738,0.7833096509819559,0.3223890444367296
HEVC_B,ParkScene,0.1,0.05,hqs_round1,1,3,29.094253911638756,0.7584968511086599,0.3222651445539668
HEVC_B,ParkScene,0.25,0.0,hqs,1,3,34.784424361037374,0.9300952074333827,0.3255390323077639
HEVC_B,ParkScene,0.25,0.0,hqs_finetuned,1,3,34.89668719690082,0.9311656383504867,0.3218803346777956
HEVC_B,ParkScene,0.25,0.0,hqs_round1,1,3,34.85785981453214,0.9307763276042939,0.32384802703745663
HEVC_B,ParkScene,0.5,0.0,hqs,1,3,39.848441096166155,0.9753896327098209,0.3263761370132367
HEVC_B,ParkScene,0.5,0.0,hqs_finetuned,1,3,40.06512890624355,0.9761559272931417,0.3206246463426699
HEVC_B,ParkScene,0.5,0.0,hqs_round1,1,3,40.02536029005966,0.9761276412623724,0.3193518447224051
HEVC_E,FourPeople,0.01,0.0,hqs,1,3,23.785297993067616,0.687044185364333,0.3249099612779294
HEVC_E,FourPeople,0.01,0.0,hqs_finetuned,1,3,23.982513748387163,0.6946666681417052,0.32359826168976724
HEVC_E,FourPeople,0.01,0.0,hqs_round1,1,3,23.81579710505484,0.6880909142865296,0.3222453910081337
HEVC_E,FourPeople,0.04,0.0,hqs,1,3,29.0868004183892,0.8819752738265891,0.339287574053742
HEVC_E,FourPeople,0.04,0.0,hqs_finetuned,1,3,29.160783700213784,0.8840561999131441,0.32340738468337804
HEVC_E,FourPeople,0.04,0.0,hqs_round1,1,3,29.10069564827218,0.8822470579741051,0.3286413080058992
HEVC_E,FourPeople,0.1,0.0,hqs,1,3,33.22734974287129,0.9510491801212629,0.32717230132160086
HEVC_E,FourPeople,0.1,0.0,hqs_finetuned,1,3,33.59683404716763,0.9539402383481662,0.32647726859431714
HEVC_E,FourPeople,0.1,0.0,hqs_round1,1,3,33.48000236364042,0.9530577603721619,0.32383102702442557
HEVC_E,FourPeople,0.1,0.01,hqs,1,3,32.46695410791785,0.939836020164675,0.32675833591363496
HEVC_E,FourPeople,0.1,0.01,hqs_finetuned,1,3,32.71924318001221,0.94403883728683,0.32691144198179245
HEVC_E,FourPeople,0.1,0.01,hqs_round1,1,3,32.601578566316384,0.9421879684682158,0.3232454795571458
HEVC_E,FourPeople,0.1,0.05,hqs,1,3,28.449539037653597,0.7834018431727491,0.3317742951266054
HEVC_E,FourPeople,0.1,0.05,hqs_finetuned,1,3,29.51839304892643,0.8842656026885809,0.3273997817757643
HEVC_E,FourPeople,0.1,0.05,hqs_round1,1,3,28.42146682197181,0.7876699281600672,0.3282927168636686
HEVC_E,FourPeople,0.25,0.0,hqs,1,3,40.027206415214444,0.9872110993197759,0.32707919634412974
HEVC_E,FourPeople,0.25,0.0,hqs_finetuned,1,3,40.427336954059676,0.9880794033241272,0.32537387936220813
HEVC_E,FourPeople,0.25,0.0,hqs_round1,1,3,40.31348187624271,0.9878660014371872,0.3254781753445665
HEVC_E,FourPeople,0.5,0.0,hqs,1,3,47.17838685060618,0.9961285760682425,0.3255051866872236
HEVC_E,FourPeople,0.5,0.0,hqs_finetuned,1,3,47.37659600381511,0.9962070146805445,0.3253756756506239
HEVC_E,FourPeople,0.5,0.0,hqs_round1,1,3,47.311674101535836,0.9961948019514084,0.324409853007334
HEVC_E,Johnny,0.01,0.0,hqs,1,3,24.854039799432048,0.7543831103594553,0.32275422433546436
HEVC_E,Johnny,0.01,0.0,hqs_finetuned,1,3,25.18775100474029,0.7650853905701859,0.3294482089889546
HEVC_E,Johnny,0.01,0.0,hqs_round1,1,3,24.938618028722598,0.7570342369712698,0.33658600769316155
HEVC_E,Johnny,0.04,0.0,hqs,1,3,31.25744300991609,0.9071056921864149,0.33734412731913227
HEVC_E,Johnny,0.04,0.0,hqs_finetuned,1,3,31.631980919293028,0.9106632854728898,0.3226600323105231
HEVC_E,Johnny,0.04,0.0,hqs_round1,1,3,31.4443735843671,0.9087096644525974,0.322924842320693
HEVC_E,Johnny,0.1,0.0,hqs,1,3,36.439006075142686,0.9540668817755381,0.32896032033022493
HEVC_E,Johnny,0.1,0.0,hqs_finetuned,1,3,36.822217828649165,0.9552926039385796,0.3245226136641577
HEVC_E,Johnny,0.1,0.0,hqs_round1,1,3,36.75234216012342,0.9552284516181945,0.32400721761708456
HEVC_E,Johnny,0.1,0.01,hqs,1,3,34.99422145915435,0.9412730969057083,0.34373779409927213
HEVC_E,Johnny,0.1,0.01,hqs_finetuned,1,3,35.40605194556962,0.9457931047561963,0.33230683435168534
HEVC_E,Johnny,0.1,0.01,hqs_round1,1,3,35.26238203787008,0.9434621405934758,0.33262451478124905
HEVC_E,Johnny,0.1,0.05,hqs,1,3,29.12846801101129,0.7607165165456351,0.3364145596408182
HEVC_E,Johnny,0.1,0.05,hqs_finetuned,1,3,31.09117046837405,0.8947945141925149,0.3284056159771151
HEVC_E,Johnny,0.1,0.05,hqs_round1,1,3,29.040625540987282,0.7636030452660613,0.33138533875656623
HEVC_E,Johnny,0.25,0.0,hqs,1,3,41.75504036896663,0.9763726282933552,0.3254270509739096
HEVC_E,Johnny,0.25,0.0,hqs_finetuned,1,3,41.78696619803489,0.9762752835566202,0.3232344100639845
HEVC_E,Johnny,0.25,0.0,hqs_round1,1,3,41.784941206750794,0.9764148576377233,0.3239862023619935
HEVC_E,Johnny,0.5,0.0,hqs,1,3,47.3714546009873,0.9927200442632039,0.335744227670754
HEVC_E,Johnny,0.5,0.0,hqs_finetuned,1,3,47.400051609707866,0.9926467438732782,0.3350397043007736
HEVC_E,Johnny,0.5,0.0,hqs_round1,1,3,47.43860563590177,0.9926767296892803,0.3364267263095826
HEVC_E,KristenAndSara,0.01,0.0,hqs,1,3,22.676844364008975,0.7053139683220397,0.3288708476660152
HEVC_E,KristenAndSara,0.01,0.0,hqs_finetuned,1,3,22.717971199758086,0.7078746483192098,0.32268270299149054
HEVC_E,KristenAndSara,0.01,0.0,hqs_round1,1,3,22.698939973263737,0.7065907188436086,0.321324728623343
HEVC_E,KristenAndSara,0.04,0.0,hqs,1,3,27.302491604840203,0.8775130525818998,0.3258519033746173
HEVC_E,KristenAndSara,0.04,0.0,hqs_finetuned,1,3,27.626993214496437,0.8836262968891822,0.3205031113466248
HEVC_E,KristenAndSara,0.04,0.0,hqs_round1,1,3,27.41091820067632,0.8795334086410875,0.3245793393192192
HEVC_E,KristenAndSara,0.1,0.0,hqs,1,3,30.995090649004883,0.9448796985932191,0.3250542760360986
HEVC_E,KristenAndSara,0.1,0.0,hqs_finetuned,1,3,31.8709000300011,0.9525116401144663,0.32768162367089343
HEVC_E,KristenAndSara,0.1,0.0,hqs_round1,1,3,31.54364579371989,0.9497564022961457,0.32746395736467093
HEVC_E,KristenAndSara,0.1,0.01,hqs,1,3,30.2602564649649,0.9305940407606893,0.3309361395270874
HEVC_E,KristenAndSara,0.1,0.01,hqs_finetuned,1,3,31.055677849850426,0.9415338322250048,0.3270808965510999
HEVC_E,KristenAndSara,0.1,0.01,hqs_round1,1,3,30.74537710883516,0.9367393271224235,0.3280576362222847
HEVC_E,KristenAndSara,0.1,0.05,hqs,1,3,26.50133017602346,0.7422659160894435,0.3258756053401157
HEVC_E,KristenAndSara,0.1,0.05,hqs_finetuned,1,3,27.612742472558946,0.8751505364372938,0.32416711311735624
HEVC_E,KristenAndSara,0.1,0.05,hqs_round1,1,3,26.493264025649328,0.7483679769946301,0.32804566154825604
HEVC_E,KristenAndSara,0.25,0.0,hqs,1,3,39.12250159749437,0.9863036224560737,0.3347465582968046
HEVC_E,KristenAndSara,0.25,0.0,hqs_finetuned,1,3,40.03418758201307,0.9881010968370437,0.33733250631485134
HEVC_E,KristenAndSara,0.25,0.0,hqs_round1,1,3,39.737609070776095,0.9876521265188853,0.3316555386797215
HEVC_E,KristenAndSara,0.5,0.0,hqs,1,3,47.88357424009223,0.9965881253550847,0.3346820389851928
HEVC_E,KristenAndSara,0.5,0.0,hqs_finetuned,1,3,48.23132371218955,0.9967426406056087,0.3276297003806879
HEVC_E,KristenAndSara,0.5,0.0,hqs_round1,1,3,47.95948541006447,0.9966758144553504,0.3334156246855855
Kodak,kodim01,0.01,0.0,hqs,1,1,21.40141110494799,0.3524414844310357,0.3194252090761438
Kodak,kodim01,0.01,0.0,hqs_finetuned,1,1,21.38328833711875,0.34521803768920695,0.33074457105249166
Kodak,kodim01,0.01,0.0,hqs_round1,1,1,21.390239019842163,0.3503964126674332,0.312799954903312
Kodak,kodim01,0.04,0.0,hqs,1,1,22.847005047568352,0.4877464994832657,0.3239654500503093
Kodak,kodim01,0.04,0.0,hqs_finetuned,1,1,23.054928657355887,0.49072791727693493,0.3445068330038339
Kodak,kodim01,0.04,0.0,hqs_round1,1,1,22.899402173279135,0.4900694522979716,0.31583200895693153
Kodak,kodim01,0.1,0.0,hqs,1,1,24.92010058318052,0.6745541009800806,0.3187574290204793
Kodak,kodim01,0.1,0.0,hqs_finetuned,1,1,25.323717943868928,0.6912694895810299,0.32278790907002985
Kodak,kodim01,0.1,0.0,hqs_round1,1,1,25.216023899726384,0.6891392988304533,0.316690691979602
Kodak,kodim01,0.1,0.01,hqs,1,1,24.856811019524134,0.6705879154034567,0.3188480833002056
Kodak,kodim01,0.1,0.01,hqs_finetuned,1,1,25.26368522762219,0.687598319145818,0.31797952235986787
Kodak,kodim01,0.1,0.01,hqs_round1,1,1,25.145256116616974,0.6854129783963184,0.3169193259673193
Kodak,kodim01,0.1,0.05,hqs,1,1,23.791061586191145,0.5935850490198222,0.31890844262670726
Kodak,kodim01,0.1,0.05,hqs_finetuned,1,1,24.266282441669855,0.6190652875638617,0.31822594499681145
Kodak,kodim01,0.1,0.05,hqs_round1,1,1,23.904603455825765,0.6014410521603352,0.3194989110343158
Kodak,kodim01,0.25,0.0,hqs,1,1,28.337345294926774,0.8444972710380554,0.3202138190390542
Kodak,kodim01,0.25,0.0,hqs_finetuned,1,1,28.497334064687145,0.8481970888502598,0.31809097109362483
Kodak,kodim01,0.25,0.0,hqs_round1,1,1,28.483979211824114,0.849692727437973,0.3188724499195814
Kodak,kodim01,0.5,0.0,hqs,1,1,32.331193784423945,0.9360878987903595,0.32624184095766395
Kodak,kodim01,0.5,0.0,hqs_finetuned,1,1,32.52830172480819,0.9375030504436493,0.31708435609471053
Kodak,kodim01,0.5,0.0,hqs_round1,1,1,32.50613186937833,0.9382501926975251,0.31771725602447987
Kodak,kodim02,0.01,0.0,hqs,1,1,28.350071837155784,0.6912158475756793,0.3155765440315008
Kodak,kodim02,0.01,0.0,hqs_finetuned,1,1,28.34295057512332,0.6925734942536275,0.31603134993929416
Kodak,kodim02,0.01,0.0,hqs_round1,1,1,28.37888357645874,0.6927035578853256,0.3185639959992841
Kodak,kodim02,0.04,0.0,hqs,1,1,31.268052672775546,0.7951065081158877,0.31683461798820645
Kodak,kodim02,0.04,0.0,hqs_finetuned,1,1,31.1920870351911,0.7939336122486591,0.31180229305755347
Kodak,kodim02,0.04,0.0,hqs_round1,1,1,31.285755433203377,0.7954156266543865,0.321005810983479
Kodak,kodim02,0.1,0.0,hqs,1,1,33.18084626284823,0.8531527228868008,0.31995168805588037
Kodak,kodim02,0.1,0.0,hqs_finetuned,1,1,33.26999686450688,0.8541907373981475,0.3124208359513432
Kodak,kodim02,0.1,0.0,hqs_round1,1,1,33.2464779785832,0.8547232788020372,0.31300074700266123
Kodak,kodim02,0.1,0.01,hqs,1,1,32.93099740422749,0.8455901063294013,0.3138877653594439
Kodak,kodim02,0.1,0.01,hqs_finetuned,1,1,33.02270173179158,0.8468272359650135,0.31495794230916846
Kodak,kodim02,0.1,0.01,hqs_round1,1,1,32.96714663057672,0.8469285393360853,0.31401414862678695
Kodak,kodim02,0.1,0.05,hqs,1,1,30.488364447910143,0.7292290617746513,0.3122950906011586
Kodak,kodim02,0.1,0.05,hqs_finetuned,1,1,31.38597037461176,0.7932128990771771,0.31543479960722226
Kodak,kodim02,0.1,0.05,hqs_round1,1,1,30.487737111905105,0.7312441150469383,0.31496620100612444
Kodak,kodim02,0.25,0.0,hqs,1,1,36.26408046864129,0.9185647877278328,0.31620283506345004
Kodak,kodim02,0.25,0.0,hqs_finetuned,1,1,36.38961852113881,0.9194684187746048,0.3109688210533932
Kodak,kodim02,0.25,0.0,hqs_round1,1,1,36.446710919071364,0.9214577102966308,0.31462157098576427
Kodak,kodim02,0.5,0.0,hqs,1,1,40.675942709646414,0.9670706549577713,0.3126702359877527
Kodak,kodim02,0.5,0.0,hqs_finetuned,1,1,40.6735123897075,0.966589089471817,0.31341975601390004
Kodak,kodim02,0.5,0.0,hqs_round1,1,1,40.795349680050556,0.9681361789197922,0.31137837702408433
Kodak,kodim03,0.01,0.0,hqs,1,1,28.935638505347455,0.8145928323984076,0.31719346693716943
Kodak,kodim03,0.01,0.0,hqs_finetuned,1,1,29.079142396380785,0.8176206749925814,0.3136503651039675
Kodak,kodim03,0.01,0.0,hqs_round1,1,1,28.986273769574083,0.815269937255192,0.31330538308247924
Kodak,kodim03,0.04,0.0,hqs,1,1,33.032941747098036,0.904002492713213,0.31339482602197677
Kodak,kodim03,0.04,0.0,hqs_finetuned,1,1,33.48612893353837,0.9074735410363675,0.3123768890509382
Kodak,kodim03,0.04,0.0,hqs_round1,1,1,33.356230896353416,0.9068457225061655,0.3137639909982681
Kodak,kodim03,0.1,0.0,hqs,1,1,35.98648949975009,0.9379115232844353,0.3128452670061961
Kodak,kodim03,0.1,0.0,hqs_finetuned,1,1,36.228018838255,0.9386494359269142,0.3139179759891704
Kodak,kodim03,0.1,0.0,hqs_round1,1,1,36.2081074106571,0.9393006405386924,0.31704263808205724
Kodak,kodim03,0.1,0.01,hqs,1,1,35.13173581447297,0.9253510349098842,0.3144317783104877
Kodak,kodim03,0.1,0.01,hqs_finetuned,1,1,35.39939766647846,0.9279029845520655,0.3153566637386878
Kodak,kodim03,0.1,0.01,hqs_round1,1,1,35.31067833734306,0.9272922581688562,0.31615506900319207
Kodak,kodim03,0.1,0.05,hqs,1,1,30.662750062786404,0.7548034507497151,0.3169874956753726
Kodak,kodim03,0.1,0.05,hqs_finetuned,1,1,32.52350293191005,0.8843915961267551,0.31903549532095593
Kodak,kodim03,0.1,0.05,hqs_round1,1,1,30.698281014500523,0.7592359993373154,0.31507962666607153
Kodak,kodim03,0.25,0.0,hqs,1,1,40.534907127794725,0.9710301630029678,0.3134499950101599
Kodak,kodim03,0.25,0.0,hqs_finetuned,1,1,40.7716637280714,0.9719943172836304,0.313699641963467
Kodak,kodim03,0.25,0.0,hqs_round1,1,1,40.75280373323517,0.9724223430614471,0.31401189509779215
Kodak,kodim03,0.5,0.0,hqs,1,1,46.33965530252786,0.9906483883047104,0.3165641661034897
Kodak,kodim03,0.5,0.0,hqs_finetuned,1,1,46.564810442156755,0.9908322229309082,0.31363869400229305
Kodak,kodim03,0.5,0.0,hqs_round1,1,1,46.556933213392846,0.9910286403865814,0.31486149900592864
Kodak,kodim04,0.01,0.0,hqs,1,1,26.482988310501014,0.7080182705015652,0.3130997660337016
Kodak,kodim04,0.01,0.0,hqs_finetuned,1,1,26.46756111808611,0.7082926501469408,0.3160338409943506
Kodak,kodim04,0.01,0.0,hqs_round1,1,1,26.478337833122296,0.7083162724520867,0.3199563999660313
Kodak,kodim04,0.04,0.0,hqs,1,1,30.911407925976988,0.830063345887065,0.31907954602502286
Kodak,kodim04,0.04,0.0,hqs_finetuned,1,1,30.931788934130022,0.8297524827779531,0.31627306807786226
Kodak,kodim04,0.04,0.0,hqs_round1,1,1,30.97912006533565,0.8308886540060639,0.332183358957991
Kodak,kodim04,0.1,0.0,hqs,1,1,33.88674689623532,0.888631023633957,0.3195796519285068
Kodak,kodim04,0.1,0.0,hqs_finetuned,1,1,33.95077705293082,0.8885069584388733,0.31881535006687045
Kodak,kodim04,0.1,0.0,hqs_round1,1,1,33.94855123380304,0.8891330282063484,0.3125630649738014
Kodak,kodim04,0.1,0.01,hqs,1,1,33.52198045409597,0.8807877803359032,0.3157330626466622
Kodak,kodim04,0.1,0.01,hqs_finetuned,1,1,33.58275353169352,0.8810147460606893,0.3191745210206136
Kodak,kodim04,0.1,0.01,hqs_round1,1,1,33.54055207644996,0.8811373604850768,0.3152366406672324
Kodak,kodim04,0.1,0.05,hqs,1,1,30.053302289504728,0.7603896089455883,0.31499629002064466
Kodak,kodim04,0.1,0.05,hqs_finetuned,1,1,31.244172864436504,0.8240057414018312,0.31476004266490537
Kodak,kodim04,0.1,0.05,hqs_round1,1,1,30.029507097783284,0.7618705864860017,0.31681323862479377
Kodak,kodim04,0.25,0.0,hqs,1,1,37.44694241522331,0.9424057269697189,0.314510544994846
Kodak,kodim04,0.25,0.0,hqs_finetuned,1,1,37.468676046162976,0.9423068726167679,0.3166796339210123
Kodak,kodim04,0.25,0.0,hqs_round1,1,1,37.50790877228029,0.9429309061899185,0.3181839750614017
Kodak,kodim04,0.5,0.0,hqs,1,1,41.719985224563565,0.9762328527479172,0.3165978599572554
Kodak,kodim04,0.5,0.0,hqs_finetuned,1,1,41.77147389588246,0.9760923922986984,0.31377166300080717
Kodak,kodim04,0.5,0.0,hqs_round1,1,1,41.77941127137743,0.976456912106514,0.31512703199405223
Kodak,kodim05,0.01,0.0,hqs,1,1,17.982934095365298,0.2902147909992031,0.3290529240621254
Kodak,kodim05,0.01,0.0,hqs_finetuned,1,1,18.060480175652767,0.2934348437844149,0.3256546879420057
Kodak,kodim05,0.01,0.0,hqs_round1,1,1,17.99741435206275,0.2906794262495491,0.35528525698464364
Kodak,kodim05,0.04,0.0,hqs,1,1,20.81764117945327,0.5724510678139986,0.3354012359632179
Kodak,kodim05,0.04,0.0,hqs_finetuned,1,1,20.90631048234604,0.5781358717187345,0.3239876281004399
Kodak,kodim05,0.04,0.0,hqs_round1,1,1,20.85648339426391,0.573974150384051,0.3261574939824641
Kodak,kodim05,0.1,0.0,hqs,1,1,23.38881723515994,0.741440284360528,0.32305150700267404
Kodak,kodim05,0.1,0.0,hqs_finetuned,1,1,23.421642186544602,0.7410973966088891,0.32457396399695426
Kodak,kodim05,0.1,0.0,hqs_round1,1,1,23.41285477442873,0.7419491739598513,0.32528202305547893
Kodak,kodim05,0.1,0.01,hqs,1,1,23.353081852880692,0.7396397761557102,0.3236233596689999
Kodak,kodim05,0.1,0.01,hqs_finetuned,1,1,23.384761673916092,0.739206181029536,0.3282307302967335
Kodak,kodim05,0.1,0.01,hqs_round1,1,1,23.37668107867277,0.740174540113628,0.32436796770586324
Kodak,kodim05,0.1,0.05,hqs,1,1,22.715289481751526,0.707063281680607,0.3203538133141895
Kodak,kodim05,0.1,0.05,hqs_finetuned,1,1,22.803958763365504,0.7076505340424601,0.3167904873456185
Kodak,kodim05,0.1,0.05,hqs_round1,1,1,22.73190357215634,0.7076712939712936,0.3165700203583886
Kodak,kodim05,0.25,0.0,hqs,1,1,27.16762711086234,0.8879292124252319,0.3222077639074996
Kodak,kodim05,0.25,0.0,hqs_finetuned,1,1,27.28446763764737,0.8871376448843479,0.3240624510217458
Kodak,kodim05,0.25,0.0,hqs_round1,1,1,27.285722829630934,0.8894810388698577,0.32417737995274365
Kodak,kodim05,0.5,0.0,hqs,1,1,32.22135669765099,0.9626046992082595,0.335679306066595
Kodak,kodim05,0.5,0.0,hqs_finetuned,1,1,32.332457252636914,0.962511124124527,0.31977516203187406
Kodak,kodim05,0.5,0.0,hqs_round1,1,1,32.3647383221122,0.9634435754508972,0.31690435495693237
Kodak,kodim06,0.01,0.0,hqs,1,1,24.180109808914363,0.5301991546364834,0.3274490950861946
Kodak,kodim06,0.01,0.0,hqs_finetuned,1,1,24.130543692768896,0.5303262742176801,0.3202479840256274
Kodak,kodim06,0.01,0.0,hqs_round1,1,1,24.251180359401417,0.5313208479440359,0.3208375960821286
Kodak,kodim06,0.04,0.0,hqs,1,1,26.234555655028167,0.6622013204968646,0.31748246296774596
Kodak,kodim06,0.04,0.0,hqs_finetuned,1,1,26.214097296614945,0.6590864594688062,0.3225281030172482
Kodak,kodim06,0.04,0.0,hqs_round1,1,1,26.239638697134417,0.6624911049892344,0.3195616080192849
Kodak,kodim06,0.1,0.0,hqs,1,1,27.870381363000114,0.7566214546398521,0.3200512540061027
Kodak,kodim06,0.1,0.0,hqs_finetuned,1,1,27.927510983943144,0.7573095090214014,0.3315421079751104
Kodak,kodim06,0.1,0.0,hqs_round1,1,1,27.91027050091049,0.7587922767609022,0.32174168003257364
Kodak,kodim06,0.1,0.01,hqs,1,1,27.64629318869045,0.7448038825665576,0.3224964550463483
Kodak,kodim06,0.1,0.01,hqs_finetuned,1,1,27.69883683061344,0.7444445163698196,0.3213828863032783
Kodak,kodim06,0.1,0.01,hqs_round1,1,1,27.642879045113503,0.7461133278906766,0.3217957573166738
Kodak,kodim06,0.1,0.05,hqs,1,1,25.328842537356653,0.5725805979222508,0.3209903463333224
Kodak,kodim06,0.1,0.05,hqs_finetuned,1,1,26.285963683426658,0.6564450477491062,0.332193609016637
Kodak,kodim06,0.1,0.05,hqs_round1,1,1,25.301011612575646,0.5757722477538921,0.3226129487156868
Kodak,kodim06,0.25,0.0,hqs,1,1,31.025706199037764,0.8734833474702836,0.3229177329922095
Kodak,kodim06,0.25,0.0,hqs_finetuned,1,1,31.074737160613353,0.8731783667035102,0.3209638070547953
Kodak,kodim06,0.25,0.0,hqs_round1,1,1,31.100476465093394,0.8755418368415833,0.3256295289611444
Kodak,kodim06,0.5,0.0,hqs,1,1,36.25822979948222,0.956305750131607,0.32691378705203533
Kodak,kodim06,0.5,0.0,hqs_finetuned,1,1,36.38518252896264,0.9566685515527725,0.32049522001761943
Kodak,kodim06,0.5,0.0,hqs_round1,1,1,36.39199901132409,0.957674198554039,0.321244030026719
Kodak,kodim07,0.01,0.0,hqs,1,1,22.85229224647592,0.534450308313337,0.3245994409080595
Kodak,kodim07,0.01,0.0,hqs_finetuned,1,1,22.90144926999474,0.539242607696671,0.319850294967182
Kodak,kodim07,0.01,0.0,hqs_round1,1,1,22.88080317251696,0.5363036822871715,0.335267142043449
Kodak,kodim07,0.04,0.0,hqs,1,1,26.341390066762674,0.781893688992708,0.31996818096376956
Kodak,kodim07,0.04,0.0,hqs_finetuned,1,1,26.60842104926403,0.7942221407185904,0.3450361778959632
Kodak,kodim07,0.04,0.0,hqs_round1,1,1,26.535101333563777,0.790218892758049,0.326264580944553
Kodak,kodim07,0.1,0.0,hqs,1,1,31.655622950801487,0.9338027429535389,0.3271900500403717
Kodak,kodim07,0.1,0.0,hqs_finetuned,1,1,31.857281688650268,0.9360906941437721,0.32289903797209263
Kodak,kodim07,0.1,0.0,hqs_round1,1,1,31.899672439269544,0.936882677337408,0.31819745001848787
Kodak,kodim07,0.1,0.01,hqs,1,1,31.210318994254774,0.9252930732622145,0.32173611836818355
Kodak,kodim07,0.1,0.01,hqs_finetuned,1,1,31.319675211495696,0.9274897831966081,0.32266334164887667
Kodak,kodim07,0.1,0.01,hqs_round1,1,1,31.34882133424431,0.9278444814118544,0.323609446020176
Kodak,kodim07,0.1,0.05,hqs,1,1,27.556289197270498,0.785580555135101,0.33506556565407664
Kodak,kodim07,0.1,0.05,hqs_finetuned,1,1,28.420510215747033,0.8505746048417985,0.3256454033544287
Kodak,kodim07,0.1,0.05,hqs_round1,1,1,27.47610180871385,0.7871681833787889,0.3273342786900078
Kodak,kodim07,0.25,0.0,hqs,1,1,37.727644213774774,0.9806497802801132,0.32253194507211447
Kodak,kodim07,0.25,0.0,hqs_finetuned,1,1,37.96152698508968,0.9812510782880783,0.3217818579869345
Kodak,kodim07,0.25,0.0,hqs_round1,1,1,37.90733188633891,0.9811077221364976,0.32100501796230674
Kodak,kodim07,0.5,0.0,hqs,1,1,44.378939348563634,0.9945140825967789,0.3182206068886444
Kodak,kodim07,0.5,0.0,hqs_finetuned,1,1,44.61075105961727,0.9946847584486007,0.3199174440233037
Kodak,kodim07,0.5,0.0,hqs_round1,1,1,44.617486913698386,0.9946791870012284,0.3196848080260679
Kodak,kodim08,0.01,0.0,hqs,1,1,16.87297821097751,0.3549863461675564,0.3332859840011224
Kodak,kodim08,0.01,0.0,hqs_finetuned,1,1,16.850859609813604,0.3556779308548566,0.328872452955693
Kodak,kodim08,0.01,0.0,hqs_round1,1,1,16.86582014521868,0.3558067446959679,0.3223387829493731
Kodak,kodim08,0.04,0.0,hqs,1,1,19.76256751110637,0.6191346023658076,0.32568568899296224
Kodak,kodim08,0.04,0.0,hqs_finetuned,1,1,20.158625514030618,0.6416699427252305,0.32795313093811274
Kodak,kodim08,0.04,0.0,hqs_round1,1,1,19.798589601411237,0.6213043162789464,0.322921177954413
Kodak,kodim08,0.1,0.0,hqs,1,1,22.86126852365445,0.7855867720393697,0.32465622294694185
Kodak,kodim08,0.1,0.0,hqs_finetuned,1,1,23.149188530206462,0.7948395217117071,0.32269329600967467
Kodak,kodim08,0.1,0.0,hqs_round1,1,1,23.0347830410295,0.7915246994074192,0.3240153529914096
Kodak,kodim08,0.1,0.01,hqs,1,1,22.78291710276554,0.7825227101322126,0.320545653346926
Kodak,kodim08,0.1,0.01,hqs_finetuned,1,1,23.051157626000904,0.7914975507329349,0.3276993330024804
Kodak,kodim08,0.1,0.01,hqs_round1,1,1,22.941390038291757,0.7884279188358333,0.3243990073290964
Kodak,kodim08,0.1,0.05,hqs,1,1,21.38305517277249,0.7061998975787058,0.31877951801288873
Kodak,kodim08,0.1,0.05,hqs_finetuned,1,1,21.726228964362864,0.7316663618068936,0.323291746317409
Kodak,kodim08,0.1,0.05,hqs_round1,1,1,21.36627418990445,0.7092568514223742,0.3182301069997872
Kodak,kodim08,0.25,0.0,hqs,1,1,27.216668107945114,0.8966801692028046,0.32438737200573087
Kodak,kodim08,0.25,0.0,hqs_finetuned,1,1,27.358770950612758,0.8959843889493943,0.3172404720680788
Kodak,kodim08,0.25,0.0,hqs_round1,1,1,27.367469408333363,0.8994619919469357,0.3222213019616902
Kodak,kodim08,0.5,0.0,hqs,1,1,32.76518193745053,0.9593860467252732,0.3172206950839609
Kodak,kodim08,0.5,0.0,hqs_finetuned,1,1,32.873416231573806,0.9591172227983474,0.32213605009019375
Kodak,kodim08,0.5,0.0,hqs_round1,1,1,32.98516368777765,0.962734688970089,0.33534408500418067
Kodak,kodim09,0.01,0.0,hqs,1,1,23.496950602594172,0.7537707097720046,0.31508679094258696
Kodak,kodim09,0.01,0.0,hqs_finetuned,1,1,23.658481241405227,0.7606051892007606,0.3162958580069244
Kodak,kodim09,0.01,0.0,hqs_round1,1,1,23.52019106749587,0.754121363216005,0.31742728292010725
Kodak,kodim09,0.04,0.0,hqs,1,1,28.693185545438958,0.898354928642489,0.3246449469588697
Kodak,kodim09,0.04,0.0,hqs_finetuned,1,1,28.934828273376993,0.9019084099987149,0.31423700496088713
Kodak,kodim09,0.04,0.0,hqs_round1,1,1,28.76962603914646,0.8993541929060519,0.3133273820858449
Kodak,kodim09,0.1,0.0,hqs,1,1,33.302120455960164,0.9496477103476524,0.32508604205213487
Kodak,kodim09,0.1,0.0,hqs_finetuned,1,1,33.38076248511268,0.9505817220773697,0.31811504799406976
Kodak,kodim09,0.1,0.0,hqs_round1,1,1,33.355705012285696,0.9502131948766709,0.31741502007935196
Kodak,kodim09,0.1,0.01,hqs,1,1,32.28217256144331,0.9334708916501998,0.3174272070173174
Kodak,kodim09,0.1,0.01,hqs_finetuned,1,1,32.39849392403861,0.938767999055465,0.3181974250279988
Kodak,kodim09,0.1,0.01,hqs_round1,1,1,32.247791898459504,0.9345989639773369,0.31705711867349845
Kodak,kodim09,0.1,0.05,hqs,1,1,27.20819494558255,0.6954942915385601,0.34132337232585996
Kodak,kodim09,0.1,0.05,hqs_finetuned,1,1,28.731139406763976,0.8800788314905711,0.3448046960014229
Kodak,kodim09,0.1,0.05,hqs_round1,1,1,27.20113630246208,0.6978691701660088,0.34602533696064103
Kodak,kodim09,0.25,0.0,hqs,1,1,38.23983358543737,0.9771550077867508,0.3173365810653195
Kodak,kodim09,0.25,0.0,hqs_finetuned,1,1,38.25663674993744,0.9774419168872833,0.3178543819813058
Kodak,kodim09,0.25,0.0,hqs_round1,1,1,38.278725334015654,0.9775257870035171,0.318898790050298
Kodak,kodim09,0.5,0.0,hqs,1,1,43.69086595938016,0.9889423571825028,0.3204128840006888
Kodak,kodim09,0.5,0.0,hqs_finetuned,1,1,43.67981527510374,0.9885892116937637,0.32165814097970724
Kodak,kodim09,0.5,0.0,hqs_round1,1,1,43.72552954924913,0.9890400699701309,0.31646640703547746
Kodak,kodim10,0.01,0.0,hqs,1,1,24.772712816983663,0.7092281628043763,0.3546455589821562
Kodak,kodim10,0.01,0.0,hqs_finetuned,1,1,24.783601809658578,0.7114755174775302,0.3543756550643593
Kodak,kodim10,0.01,0.0,hqs_round1,1,1,24.79489401798613,0.7093165179222063,0.3565971039934084
Kodak,kodim10,0.04,0.0,hqs,1,1,28.650177470797225,0.8494979907423351,0.35819898394402117
Kodak,kodim10,0.04,0.0,hqs_finetuned,1,1,28.795568051828138,0.8519245192262829,0.3556392890168354
Kodak,kodim10,0.04,0.0,hqs_round1,1,1,28.761989049316682,0.8518085872399509,0.35585392301436514
Kodak,kodim10,0.1,0.0,hqs,1,1,31.997524895584064,0.9218234584922791,0.3549441529903561
Kodak,kodim10,0.1,0.0,hqs_finetuned,1,1,32.273189585367525,0.9255693781132698,0.35408304806333035
Kodak,kodim10,0.1,0.0,hqs_round1,1,1,32.23499628823633,0.925103503054142,0.3561364299384877
Kodak,kodim10,0.1,0.01,hqs,1,1,31.276316207728772,0.9012395198327899,0.357592805987224
Kodak,kodim10,0.1,0.01,hqs_finetuned,1,1,31.487747110120413,0.9076271325374444,0.36114694895998883
Kodak,kodim10,0.1,0.01,hqs_round1,1,1,31.42271693918379,0.904616733905514,0.3568169743521139
Kodak,kodim10,0.1,0.05,hqs,1,1,27.32551322731256,0.6772623610151817,0.3556291119894013
Kodak,kodim10,0.1,0.05,hqs_finetuned,1,1,28.68301793198076,0.8240793100234369,0.3610779883262391
Kodak,kodim10,0.1,0.05,hqs_round1,1,1,27.31432305688239,0.6797004831704193,0.35674538199479383
Kodak,kodim10,0.25,0.0,hqs,1,1,38.143688676111296,0.9738015720767975,0.35590170603245497
Kodak,kodim10,0.25,0.0,hqs_finetuned,1,1,38.306313594834556,0.9738656533508301,0.35498479299712926
Kodak,kodim10,0.25,0.0,hqs_round1,1,1,38.3162343708061,0.9743427285861969,0.3558745450573042
Kodak,kodim10,0.5,0.0,hqs,1,1,44.050424033791096,0.9892267580556869,0.3545412450330332
Kodak,kodim10,0.5,0.0,hqs_finetuned,1,1,44.03047421072874,0.9887788045854569,0.3553011149633676
Kodak,kodim10,0.5,0.0,hqs_round1,1,1,44.100295618567245,0.9893374020500183,0.35420050099492073
Kodak,kodim11,0.01,0.0,hqs,1,1,22.380736133883143,0.5290346715573575,0.3337981280637905
Kodak,kodim11,0.01,0.0,hqs_finetuned,1,1,22.36168085221147,0.5249162930647208,0.32251716300379485
Kodak,kodim11,0.01,0.0,hqs_round1,1,1,22.355176796842237,0.5254271423713668,0.3246369670378044
Kodak,kodim11,0.04,0.0,hqs,1,1,25.569755581068563,0.701333681492269,0.34756917401682585
Kodak,kodim11,0.04,0.0,hqs_finetuned,1,1,25.595015797423066,0.698962841019556,0.3176870250608772
Kodak,kodim11,0.04,0.0,hqs_round1,1,1,25.589916814144892,0.7000092906870402,0.31840641202870756
Kodak,kodim11,0.1,0.0,hqs,1,1,27.957972952469973,0.8089438144295216,0.3254887849325314
Kodak,kodim11,0.1,0.0,hqs_finetuned,1,1,28.03051970767559,0.8094211293280125,0.3920415530446917
Kodak,kodim11,0.1,0.0,hqs_round1,1,1,27.997852380324886,0.8099007994573116,0.34336890594568104
Kodak,kodim11,0.1,0.01,hqs,1,1,27.809736430799603,0.8027020983612935,0.32665610565648723
Kodak,kodim11,0.1,0.01,hqs_finetuned,1,1,27.882993365434174,0.802973500406146,0.3174724589722852
Kodak,kodim11,0.1,0.01,hqs_round1,1,1,27.829839104487714,0.8032660653299489,0.3223604200175032
Kodak,kodim11,0.1,0.05,hqs,1,1,26.139492507607645,0.703520449939755,0.32659356866497546
Kodak,kodim11,0.1,0.05,hqs_finetuned,1,1,26.56318990107212,0.7417802277095692,0.3199820963588233
Kodak,kodim11,0.1,0.05,hqs_round1,1,1,26.142925261312303,0.7047547160246271,0.3218254966583724
Kodak,kodim11,0.25,0.0,hqs,1,1,31.641797671901124,0.9038385140357017,0.35849859297741205
Kodak,kodim11,0.25,0.0,hqs_finetuned,1,1,31.68681068349408,0.9033577891850472,0.3169564619893208
Kodak,kodim11,0.25,0.0,hqs_round1,1,1,31.673908693819087,0.9043553002943993,0.33865444699767977
Kodak,kodim11,0.5,0.0,hqs,1,1,36.6736797983354,0.9646159192314148,0.3168678970541805
Kodak,kodim11,0.5,0.0,hqs_finetuned,1,1,36.74583262893138,0.9643951998414994,0.32125659298617393
Kodak,kodim11,0.5,0.0,hqs_round1,1,1,36.75261772070826,0.9653201877088546,0.31633264699485153
Kodak,kodim12,0.01,0.0,hqs,1,1,25.968069570204214,0.7208537672190198,0.3215341359609738
Kodak,kodim12,0.01,0.0,hqs_finetuned,1,1,26.237573423004918,0.7239820219779662,0.3200552429771051
Kodak,kodim12,0.01,0.0,hqs_round1,1,1,26.12911000960915,0.7224273901808798,0.31594688596669585
Kodak,kodim12,0.04,0.0,hqs,1,1,29.692744975681286,0.80870485465011,0.3261803589994088
Kodak,kodim12,0.04,0.0,hqs_finetuned,1,1,30.74113755635018,0.8154323204834462,0.3152538959402591
Kodak,kodim12,0.04,0.0,hqs_round1,1,1,30.274610741774623,0.8129212809673547,0.31869039905723184
Kodak,kodim12,0.1,0.0,hqs,1,1,33.457527015837684,0.8708156843156815,0.32037495996337384
Kodak,kodim12,0.1,0.0,hqs_finetuned,1,1,33.76044632547931,0.8721070452365876,0.32124993798788637
Kodak,kodim12,0.1,0.0,hqs_round1,1,1,33.66786674322514,0.8722853061819077,0.31965452001895756
Kodak,kodim12,0.1,0.01,hqs,1,1,32.5409772132951,0.844357275841554,0.3223369629898419
Kodak,kodim12,0.1,0.01,hqs_finetuned,1,1,32.84672707227773,0.8505703663710752,0.3274115916574374
Kodak,kodim12,0.1,0.01,hqs_round1,1,1,32.669533989955426,0.8468606135059198,0.32160340462966513
Kodak,kodim12,0.1,0.05,hqs,1,1,26.768205967460684,0.5543829798599602,0.3250157479972889
Kodak,kodim12,0.1,0.05,hqs_finetuned,1,1,29.633736481854054,0.7723007231534421,0.3235203953227028
Kodak,kodim12,0.1,0.05,hqs_round1,1,1,26.823417973843302,0.5591092076229781,0.3224409363853435
Kodak,kodim12,0.25,0.0,hqs,1,1,37.10607624932067,0.9303480245437622,0.3304324409691617
Kodak,kodim12,0.25,0.0,hqs_finetuned,1,1,37.1284697270783,0.9302195055551529,0.3206286820350215
Kodak,kodim12,0.25,0.0,hqs_round1,1,1,37.147631140988295,0.9314732157001495,0.31869042105972767
Kodak,kodim12,0.5,0.0,hqs,1,1,41.675120134709864,0.9719709545612335,0.3199020600877702
Kodak,kodim12,0.5,0.0,hqs_finetuned,1,1,41.88176179882458,0.9728665561447144,0.3303947530221194
Kodak,kodim12,0.5,0.0,hqs_round1,1,1,41.83383331808461,0.973109402560234,0.31884110101964325
Kodak,kodim13,0.01,0.0,hqs,1,1,19.47593577925422,0.2976988920793247,0.31873356795404106
Kodak,kodim13,0.01,0.0,hqs_finetuned,1,1,19.44050165339328,0.29077526009455457,0.3224815990542993
Kodak,kodim13,0.01,0.0,hqs_round1,1,1,19.48207040287728,0.2978957406183623,0.3185670980019495
Kodak,kodim13,0.04,0.0,hqs,1,1,21.201461787781554,0.47638080674549,0.3209289270453155
Kodak,kodim13,0.04,0.0,hqs_finetuned,1,1,21.273039185938295,0.46836652888578384,0.32041522103827447
Kodak,kodim13,0.04,0.0,hqs_round1,1,1,21.256967840144302,0.477560363935226,0.32062633498571813
Kodak,kodim13,0.1,0.0,hqs,1,1,22.942657431025765,0.6328069630834385,0.32145177002530545
Kodak,kodim13,0.1,0.0,hqs_finetuned,1,1,23.071217281235015,0.6321954825644717,0.3169311980018392
Kodak,kodim13,0.1,0.0,hqs_round1,1,1,23.036188670912672,0.635529449072726,0.31892347999382764
Kodak,kodim13,0.1,0.01,hqs,1,1,22.907913546697973,0.63037398905456,0.3203469456639141
Kodak,kodim13,0.1,0.01,hqs_finetuned,1,1,23.03757470343635,0.6298340254958311,0.3199851473327726
Kodak,kodim13,0.1,0.01,hqs_round1,1,1,23.000478254672544,0.6331585947563118,0.32025627268012613
Kodak,kodim13,0.1,0.05,hqs,1,1,22.189105625642117,0.5799610352523009,0.31908807530999184
Kodak,kodim13,0.1,0.05,hqs_finetuned,1,1,22.412949736118083,0.5808168702502652,0.3187116902942459
Kodak,kodim13,0.1,0.05,hqs_round1,1,1,22.238757572448538,0.5822170341658933,0.3179275620107849
Kodak,kodim13,0.25,0.0,hqs,1,1,25.567161702567848,0.7937478474276066,0.31675307103432715
Kodak,kodim13,0.25,0.0,hqs_finetuned,1,1,25.66848001505157,0.7905189099941253,0.3162841950543225
Kodak,kodim13,0.25,0.0,hqs_round1,1,1,25.67418201891,0.7963431316037178,0.31700131099205464
Kodak,kodim13,0.5,0.0,hqs,1,1,29.422832822252694,0.9082764195280075,0.3198385270079598
Kodak,kodim13,0.5,0.0,hqs_finetuned,1,1,29.50245376785073,0.9062134056835175,0.3178632779745385
Kodak,kodim13,0.5,0.0,hqs_round1,1,1,29.554941184772908,0.90992977074337,0.31780479196459055
Kodak,kodim14,0.01,0.0,hqs,1,1,21.31971128412234,0.42440378676974183,0.3169776789145544
Kodak,kodim14,0.01,0.0,hqs_finetuned,1,1,21.30748968453005,0.4232688256683106,0.3157147659221664
Kodak,kodim14,0.01,0.0,hqs_round1,1,1,21.33816934393311,0.42594519885280674,0.31857444893103093
Kodak,kodim14,0.04,0.0,hqs,1,1,23.787731414292228,0.621276351752406,0.31873489706777036
Kodak,kodim14,0.04,0.0,hqs_finetuned,1,1,23.80416602679795,0.6191016765708783,0.3184438219759613
Kodak,kodim14,0.04,0.0,hqs_round1,1,1,23.802206081992686,0.622076224317708,0.3153421460883692
Kodak,kodim14,0.1,0.0,hqs,1,1,26.236889976890016,0.7660406762840748,0.31888137909118086
Kodak,kodim14,0.1,0.0,hqs_finetuned,1,1,26.29101939292206,0.7657705606548786,0.3170575989643112
Kodak,kodim14,0.1,0.0,hqs_round1,1,1,26.26282438098404,0.7664089484307766,0.31574942800216377
Kodak,kodim14,0.1,0.01,hqs,1,1,26.165093860239953,0.7626330665326914,0.31884578165287775
Kodak,kodim14,0.1,0.01,hqs_finetuned,1,1,26.21811713986143,0.7624148904618423,0.31872800531952333
Kodak,kodim14,0.1,0.01,hqs_round1,1,1,26.192922809744534,0.7631284233144919,0.31946543301455677
Kodak,kodim14,0.1,0.05,hqs,1,1,24.93857352116919,0.6969436315875545,0.31969678999545675
Kodak,kodim14,0.1,0.05,hqs_finetuned,1,1,25.161656802726657,0.7060893857816035,0.3189681659763058
Kodak,kodim14,0.1,0.05,hqs_round1,1,1,24.951105747658122,0.6981337097131305,0.31779598134259385
Kodak,kodim14,0.25,0.0,hqs,1,1,29.85624063630974,0.8879087495555877,0.31799435697030276
Kodak,kodim14,0.25,0.0,hqs_finetuned,1,1,29.97429499646847,0.8874754670886993,0.320960737997666
Kodak,kodim14,0.25,0.0,hqs_round1,1,1,29.944889785464312,0.8885433204340935,0.31644920399412513
Kodak,kodim14,0.5,0.0,hqs,1,1,34.295578832348156,0.9543855685300827,0.3193796389969066
Kodak,kodim14,0.5,0.0,hqs_finetuned,1,1,34.41122277784446,0.954436256690979,0.319523389916867
Kodak,kodim14,0.5,0.0,hqs_round1,1,1,34.41132738594998,0.9551723943881989,0.3164426959119737
Kodak,kodim15,0.01,0.0,hqs,1,1,26.376229895795507,0.7001265633375143,0.3191991000203416
Kodak,kodim15,0.01,0.0,hqs_finetuned,1,1,26.41143622759815,0.7009692573136584,0.3217626790283248
Kodak,kodim15,0.01,0.0,hqs_round1,1,1,26.3967099449521,0.7006852162361101,0.3162898189621046
Kodak,kodim15,0.04,0.0,hqs,1,1,30.222191269292985,0.8120139149750472,0.3170527491020039
Kodak,kodim15,0.04,0.0,hqs_finetuned,1,1,30.216685034590913,0.8115023898648024,0.31835359998513013
Kodak,kodim15,0.04,0.0,hqs_round1,1,1,30.25829040051715,0.8125238908178807,0.31850425992161036
Kodak,kodim15,0.1,0.0,hqs,1,1,32.37333466584114,0.8715951700026989,0.3155439649708569
Kodak,kodim15,0.1,0.0,hqs_finetuned,1,1,32.42875903188243,0.8705963318800927,0.31615484098438174
Kodak,kodim15,0.1,0.0,hqs_round1,1,1,32.42213635796536,0.8726849349861145,0.3182016920763999
Kodak,kodim15,0.1,0.01,hqs,1,1,32.093145517196284,0.8639920941374303,0.3206788786531736
Kodak,kodim15,0.1,0.01,hqs_finetuned,1,1,32.12848721694079,0.8634006208661397,0.3192618283986424
Kodak,kodim15,0.1,0.01,hqs_round1,1,1,32.11467002281089,0.8650728086149693,0.3174562763112287
Kodak,kodim15,0.1,0.05,hqs,1,1,29.183220372469133,0.7416926502476732,0.32376825126508874
Kodak,kodim15,0.1,0.05,hqs_finetuned,1,1,30.250027239111066,0.8094126418830555,0.3168691883329302
Kodak,kodim15,0.1,0.05,hqs_round1,1,1,29.153487858300394,0.7438393403170557,0.32873215700965375
Kodak,kodim15,0.25,0.0,hqs,1,1,35.40055197280543,0.9264651487159729,0.31564970302861184
Kodak,kodim15,0.25,0.0,hqs_finetuned,1,1,35.360672450470936,0.9252121633682251,0.31517169694416225
Kodak,kodim15,0.25,0.0,hqs_round1,1,1,35.38494868679175,0.9262798021688461,0.31849812902510166
Kodak,kodim15,0.5,0.0,hqs,1,1,39.8314600380862,0.9699630416727066,0.31699335493613034
Kodak,kodim15,0.5,0.0,hqs_finetuned,1,1,39.874049408101165,0.9693956141366958,0.3200608789920807
Kodak,kodim15,0.5,0.0,hqs_round1,1,1,39.89383704033914,0.9701816307535172,0.31598196795675904
Kodak,kodim16,0.01,0.0,hqs,1,1,27.581452924743676,0.6373730033452996,0.31940728006884456
Kodak,kodim16,0.01,0.0,hqs_finetuned,1,1,27.542013282936747,0.6348872158382591,0.3142098309472203
Kodak,kodim16,0.01,0.0,hqs_round1,1,1,27.604263835857395,0.6382617093515918,0.3153242820408195
Kodak,kodim16,0.04,0.0,hqs,1,1,29.698014627389785,0.7424873724848143,0.31721784302499145
Kodak,kodim16,0.04,0.0,hqs_finetuned,1,1,29.721810489555438,0.7420030266259313,0.31654515699483454
Kodak,kodim16,0.04,0.0,hqs_round1,1,1,29.68003476109587,0.7426308617637456,0.3158117609564215
Kodak,kodim16,0.1,0.0,hqs,1,1,31.126084002383916,0.8164091880677938,0.31905730394646525
Kodak,kodim16,0.1,0.0,hqs_finetuned,1,1,31.187026795611153,0.8161603569099903,0.3157019589561969
Kodak,kodim16,0.1,0.0,hqs_round1,1,1,31.250881711076374,0.8196547302484513,0.31538839696440846
Kodak,kodim16,0.1,0.01,hqs,1,1,30.927516354079547,0.8060618770512938,0.317754996358417
Kodak,kodim16,0.1,0.01,hqs_finetuned,1,1,30.976964989525168,0.805738960237662,0.3188361750605206
Kodak,kodim16,0.1,0.01,hqs_round1,1,1,31.027533714349914,0.8093762254926761,0.3196054366417229
Kodak,kodim16,0.1,0.05,hqs,1,1,28.447557682438433,0.6552776869127159,0.31992374337278306
Kodak,kodim16,0.1,0.05,hqs_finetuned,1,1,29.55689983159517,0.7364402761964822,0.32019737067942816
Kodak,kodim16,0.1,0.05,hqs_round1,1,1,28.52475220533246,0.6604245989182408,0.3167342916519071
Kodak,kodim16,0.25,0.0,hqs,1,1,34.19616091934979,0.9072554828834534,0.31720368401147425
Kodak,kodim16,0.25,0.0,hqs_finetuned,1,1,34.337134562910514,0.9083704703354836,0.31815243302844465
Kodak,kodim16,0.25,0.0,hqs_round1,1,1,34.38757724435942,0.9102064406995773,0.3166653010994196
Kodak,kodim16,0.5,0.0,hqs,1,1,39.559713119543225,0.9705963832654954,0.3184684250736609
Kodak,kodim16,0.5,0.0,hqs_finetuned,1,1,39.631549046846395,0.9705182828435898,0.3209790919208899
Kodak,kodim16,0.5,0.0,hqs_round1,1,1,39.66099158549789,0.9710423409223556,0.32236089603975415
Kodak,kodim17,0.01,0.0,hqs,1,1,23.371432996091208,0.5365080280344474,0.31904568895697594
Kodak,kodim17,0.01,0.0,hqs_finetuned,1,1,23.435272718226283,0.5407176607223393,0.31534517905674875
Kodak,kodim17,0.01,0.0,hqs_round1,1,1,23.368759762198618,0.5367578493869384,0.31540183594916016
Kodak,kodim17,0.04,0.0,hqs,1,1,26.554451095222685,0.731648035666598,0.31623205996584147
Kodak,kodim17,0.04,0.0,hqs_finetuned,1,1,26.521967713042898,0.7305431629572118,0.31558147608302534
Kodak,kodim17,0.04,0.0,hqs_round1,1,1,26.562013691197954,0.7318532225811796,0.31779662799090147
Kodak,kodim17,0.1,0.0,hqs,1,1,29.447479982586447,0.853842156796217,0.31528404692653567
Kodak,kodim17,0.1,0.0,hqs_finetuned,1,1,29.537902091488398,0.8553635285115242,0.3165877800201997
Kodak,kodim17,0.1,0.0,hqs_round1,1,1,29.494063486769726,0.854301606061697,0.31711821793578565
Kodak,kodim17,0.1,0.01,hqs,1,1,29.303763207794514,0.8485479242424171,0.31644657529735315
Kodak,kodim17,0.1,0.01,hqs_finetuned,1,1,29.37837360693779,0.849997068377455,0.31803243766383577
Kodak,kodim17,0.1,0.01,hqs_round1,1,1,29.338789532170434,0.8489748769510189,0.3177202239166945
Kodak,kodim17,0.1,0.05,hqs,1,1,27.3872943955467,0.7606933316354701,0.31865111431883025
Kodak,kodim17,0.1,0.05,hqs_finetuned,1,1,27.81672751886696,0.7862494640178085,0.31833488269088167
Kodak,kodim17,0.1,0.05,hqs_round1,1,1,27.393459356281976,0.7623428686400354,0.3195195499962817
Kodak,kodim17,0.25,0.0,hqs,1,1,33.737026520858315,0.9398508891448975,0.3168136540334672
Kodak,kodim17,0.25,0.0,hqs_finetuned,1,1,33.92057495418777,0.9406821763038635,0.31608148594386876
Kodak,kodim17,0.25,0.0,hqs_round1,1,1,33.91284318082114,0.94079960825634,0.31619103893171996
Kodak,kodim17,0.5,0.0,hqs,1,1,39.11308276724323,0.9788260125389099,0.31846815801691264
Kodak,kodim17,0.5,0.0,hqs_finetuned,1,1,39.33349309201114,0.9792260734024048,0.3159438929287717
Kodak,kodim17,0.5,0.0,hqs_round1,1,1,39.289754371764985,0.9792692038574219,0.3170150800142437
Kodak,kodim18,0.01,0.0,hqs,1,1,21.838235284022012,0.42544294531024923,0.3181560880038887
Kodak,kodim18,0.01,0.0,hqs_finetuned,1,1,21.891677910826463,0.42460276510551687,0.3157507550204173
Kodak,kodim18,0.01,0.0,hqs_round1,1,1,21.836472056020128,0.42515467770685045,0.31631089898291975
Kodak,kodim18,0.04,0.0,hqs,1,1,24.236439980393946,0.6159480390134792,0.324857461033389
Kodak,kodim18,0.04,0.0,hqs_finetuned,1,1,24.32146096628292,0.6180094733193181,0.31551196496002376
Kodak,kodim18,0.04,0.0,hqs_round1,1,1,24.263090308798706,0.6170129456318114,0.3156293409410864
Kodak,kodim18,0.1,0.0,hqs,1,1,26.43359850588145,0.75612214219445,0.32011248893104494
Kodak,kodim18,0.1,0.0,hqs_finetuned,1,1,26.527038394368706,0.7569825673908591,0.31686019094195217
Kodak,kodim18,0.1,0.0,hqs_round1,1,1,26.48867855463385,0.756168681801945,0.3173034969950095
Kodak,kodim18,0.1,0.01,hqs,1,1,26.390673788759244,0.7538585787026485,0.318840282697541
Kodak,kodim18,0.1,0.01,hqs_finetuned,1,1,26.474438833131117,0.7546332954623103,0.31751166567361605
Kodak,kodim18,0.1,0.01,hqs_round1,1,1,26.436887748104706,0.7538466219143619,0.3219302400248125
Kodak,kodim18,0.1,0.05,hqs,1,1,25.648378994604666,0.7071988957925738,0.31834781798534095
Kodak,kodim18,0.1,0.05,hqs_finetuned,1,1,25.78452413013756,0.7133896433891257,0.31957458103230846
Kodak,kodim18,0.1,0.05,hqs_round1,1,1,25.647170673095673,0.7076777030312505,0.32047886902000755
Kodak,kodim18,0.25,0.0,hqs,1,1,29.805431530412207,0.8873502451272011,0.31709839298855513
Kodak,kodim18,0.25,0.0,hqs_finetuned,1,1,29.900721939906326,0.8886070421862602,0.3195328100118786
Kodak,kodim18,0.25,0.0,hqs_round1,1,1,29.882563188914595,0.8884134812116623,0.3160054190084338
Kodak,kodim18,0.5,0.0,hqs,1,1,34.55565377622601,0.958333791212082,0.31724204402416945
Kodak,kodim18,0.5,0.0,hqs_finetuned,1,1,34.61930655107644,0.9584820343523025,0.3165448569925502
Kodak,kodim18,0.5,0.0,hqs_round1,1,1,34.62230013674689,0.9587174434928895,0.3182365809334442
Kodak,kodim19,0.01,0.0,hqs,1,1,20.640671203003635,0.5455598617954963,0.3183742460096255
Kodak,kodim19,0.01,0.0,hqs_finetuned,1,1,20.759518357287895,0.5495839281236329,0.3236967290285975
Kodak,kodim19,0.01,0.0,hqs_round1,1,1,20.653520588984872,0.5455154402367736,0.31522802310064435
Kodak,kodim19,0.04,0.0,hqs,1,1,23.702024640599795,0.7142318933511672,0.3257121980423108
Kodak,kodim19,0.04,0.0,hqs_finetuned,1,1,23.947661179350284,0.7199809321802398,0.3219391219317913
Kodak,kodim19,0.04,0.0,hqs_round1,1,1,23.790101102657452,0.7163703665108075,0.3217239659279585
Kodak,kodim19,0.1,0.0,hqs,1,1,25.405868638174816,0.7937948196370411,0.3271886659786105
Kodak,kodim19,0.1,0.0,hqs_finetuned,1,1,26.390536788806934,0.8162263426815197,0.32302023901138455
Kodak,kodim19,0.1,0.0,hqs_round1,1,1,25.898739897912108,0.8078393248139201,0.3255134760402143
Kodak,kodim19,0.1,0.01,hqs,1,1,25.321141080851117,0.7857738245718201,0.32914177898783237
Kodak,kodim19,0.1,0.01,hqs_finetuned,1,1,26.161360749096172,0.806963636920435,0.3248482816464578
Kodak,kodim19,0.1,0.01,hqs_round1,1,1,25.755124978156648,0.7988644510796612,0.32628921365054947
Kodak,kodim19,0.1,0.05,hqs,1,1,23.796750333883114,0.6433851088781245,0.3264545709826052
Kodak,kodim19,0.1,0.05,hqs_finetuned,1,1,24.886298173234206,0.7413881872065945,0.32652286304316175
Kodak,kodim19,0.1,0.05,hqs_round1,1,1,23.92909571185331,0.649423588373159,0.3280574743791173
Kodak,kodim19,0.25,0.0,hqs,1,1,30.389655184473302,0.9141356555318684,0.33073968393728137
Kodak,kodim19,0.25,0.0,hqs_finetuned,1,1,32.02779843507949,0.9299181674011946,0.3283345539821312
Kodak,kodim19,0.25,0.0,hqs_round1,1,1,31.105796410071676,0.9229665499102772,0.32926962501369417
Kodak,kodim19,0.5,0.0,hqs,1,1,36.10918425851763,0.9728176637105942,0.3263888140209019
Kodak,kodim19,0.5,0.0,hqs_finetuned,1,1,38.0624785865329,0.9767447942342758,0.32479623705148697
Kodak,kodim19,0.5,0.0,hqs_round1,1,1,36.64998369199855,0.9744653126296997,0.3248131830478087
Kodak,kodim20,0.01,0.0,hqs,1,1,25.366454300412045,0.7872932485987074,0.3233044348889962
Kodak,kodim20,0.01,0.0,hqs_finetuned,1,1,25.32251167182131,0.7872480528429141,0.32810397702269256
Kodak,kodim20,0.01,0.0,hqs_round1,1,1,25.387116435303266,0.7881888476972103,0.3286875960184261
Kodak,kodim20,0.04,0.0,hqs,1,1,29.35967189581062,0.8875136461715475,0.3231977439718321
Kodak,kodim20,0.04,0.0,hqs_finetuned,1,1,29.556330427391273,0.889310235303849,0.3258447670377791
Kodak,kodim20,0.04,0.0,hqs_round1,1,1,29.5453664183469,0.8896974493585825,0.3220642330124974
Kodak,kodim20,0.1,0.0,hqs,1,1,32.818224851961354,0.9370997766563892,0.3275191260036081
Kodak,kodim20,0.1,0.0,hqs_finetuned,1,1,33.142117268104315,0.93886045688653,0.32231268007308245
Kodak,kodim20,0.1,0.0,hqs_round1,1,1,33.032269998965255,0.9383415894389152,0.3238891221117228
Kodak,kodim20,0.1,0.01,hqs,1,1,31.143608504702133,0.9092114149894316,0.32127828368296224
Kodak,kodim20,0.1,0.01,hqs_finetuned,1,1,31.4715271496632,0.9173544315735499,0.3385318813379854
Kodak,kodim20,0.1,0.01,hqs_round1,1,1,31.09670179080425,0.9100238434168496,0.3234540003274257
Kodak,kodim20,0.1,0.05,hqs,1,1,23.74838765815026,0.5864024807824069,0.34859992334774387
Kodak,kodim20,0.1,0.05,hqs_finetuned,1,1,27.921908275541384,0.8424538341490266,0.3410876739847784
Kodak,kodim20,0.1,0.05,hqs_round1,1,1,23.47076405935948,0.5850748358720259,0.34594666333093
Kodak,kodim20,0.25,0.0,hqs,1,1,38.04227572710475,0.9723995657892227,0.3266040679300204
Kodak,kodim20,0.25,0.0,hqs_finetuned,1,1,38.289281964122104,0.9729440045785904,0.3183709440054372
Kodak,kodim20,0.25,0.0,hqs_round1,1,1,38.24502718820901,0.9731406650619507,0.3279078840278089
Kodak,kodim20,0.5,0.0,hqs,1,1,42.652326047193505,0.9884389146709442,0.32184342003893107
Kodak,kodim20,0.5,0.0,hqs_finetuned,1,1,42.84377392074292,0.9887121950950623,0.31881124700885266
Kodak,kodim20,0.5,0.0,hqs_round1,1,1,42.74858327732182,0.9887122893037796,0.3178990470478311
Kodak,kodim21,0.01,0.0,hqs,1,1,22.790103166531143,0.6296505064154642,0.36433280701749027
Kodak,kodim21,0.01,0.0,hqs_finetuned,1,1,22.781960912960493,0.6272874325864184,0.32203327503520995
Kodak,kodim21,0.01,0.0,hqs_round1,1,1,22.803222173661325,0.6301554614521319,0.31579760496970266
Kodak,kodim21,0.04,0.0,hqs,1,1,25.470298509681445,0.7729445861506211,0.3379407819593325
Kodak,kodim21,0.04,0.0,hqs_finetuned,1,1,25.500453408523107,0.772976885233189,0.3234286729712039
Kodak,kodim21,0.04,0.0,hqs_round1,1,1,25.49763748124176,0.7742047493536249,0.33641757105942816
Kodak,kodim21,0.1,0.0,hqs,1,1,27.94711319187702,0.8664759727957249,0.3244459719862789
Kodak,kodim21,0.1,0.0,hqs_finetuned,1,1,27.998777253174715,0.8659092938764096,0.32517032604664564
Kodak,kodim21,0.1,0.0,hqs_round1,1,1,28.00536429496566,0.8676966518833638,0.320587184978649
Kodak,kodim21,0.1,0.01,hqs,1,1,27.646405529457834,0.8570802931632201,0.3248000166689356
Kodak,kodim21,0.1,0.01,hqs_finetuned,1,1,27.718775735838914,0.8575654657639662,0.32546932401601225
Kodak,kodim21,0.1,0.01,hqs_round1,1,1,27.686539061865787,0.8590536392603317,0.3202922377192105
Kodak,kodim21,0.1,0.05,hqs,1,1,25.488951531694056,0.7021772974434742,0.3244354849836479
Kodak,kodim21,0.1,0.05,hqs_finetuned,1,1,26.009115751580538,0.7895956089927306,0.3299200580222532
Kodak,kodim21,0.1,0.05,hqs_round1,1,1,25.483119616769187,0.7108545524687827,0.32856136564320576
Kodak,kodim21,0.25,0.0,hqs,1,1,32.06181042583868,0.9427214854168892,0.32316589704714715
Kodak,kodim21,0.25,0.0,hqs_finetuned,1,1,32.18107445307696,0.9432238269042968,0.3213399749947712
Kodak,kodim21,0.25,0.0,hqs_round1,1,1,32.20062583463362,0.9440676658339501,0.31651148898527026
Kodak,kodim21,0.5,0.0,hqs,1,1,37.16288227668949,0.9792109297704696,0.32774772797711194
Kodak,kodim21,0.5,0.0,hqs_finetuned,1,1,37.28811014535451,0.9793651139974594,0.3358482300536707
Kodak,kodim21,0.5,0.0,hqs_round1,1,1,37.24023906102375,0.9795333979511262,0.3478556340560317
Kodak,kodim22,0.01,0.0,hqs,1,1,24.59465336736704,0.5720590788980268,0.3540057659847662
Kodak,kodim22,0.01,0.0,hqs_finetuned,1,1,24.631519341719432,0.5729772063540565,0.3208401451120153
Kodak,kodim22,0.01,0.0,hqs_round1,1,1,24.60668393614858,0.5714988116609873,0.3211653559701517
Kodak,kodim22,0.04,0.0,hqs,1,1,27.237415649126483,0.7240744401278868,0.32209381205029786
Kodak,kodim22,0.04,0.0,hqs_finetuned,1,1,27.341732607346202,0.725436196326674,0.3220799280097708
Kodak,kodim22,0.04,0.0,hqs_round1,1,1,27.243105767948343,0.7239872366733867,0.3199218960944563
Kodak,kodim22,0.1,0.0,hqs,1,1,29.730413312941735,0.8230215022837706,0.3243948119925335
Kodak,kodim22,0.1,0.0,hqs_finetuned,1,1,29.86736994249245,0.8237663740229308,0.3212655469542369
Kodak,kodim22,0.1,0.0,hqs_round1,1,1,29.848851256320224,0.8245736453475953,0.32264627900440246
Kodak,kodim22,0.1,0.01,hqs,1,1,29.491802240473408,0.8122676465210952,0.32217335297415656
Kodak,kodim22,0.1,0.01,hqs_finetuned,1,1,29.59770803337528,0.8132143336268364,0.32209914437650394
Kodak,kodim22,0.1,0.01,hqs_round1,1,1,29.56073595029184,0.8136327646669397,0.32192401933328557
Kodak,kodim22,0.1,0.05,hqs,1,1,26.884131811359534,0.6580581331480301,0.32525485032238066
Kodak,kodim22,0.1,0.05,hqs_finetuned,1,1,27.706588195602297,0.7333683895239669,0.323218777620544
Kodak,kodim22,0.1,0.05,hqs_round1,1,1,26.89687896373603,0.6599023467885298,0.32333078192702186
Kodak,kodim22,0.25,0.0,hqs,1,1,33.555745458350266,0.9158011227025986,0.3247672659344971
Kodak,kodim22,0.25,0.0,hqs_finetuned,1,1,33.55348059405772,0.9146616005401611,0.32182971097063273
Kodak,kodim22,0.25,0.0,hqs_round1,1,1,33.5944906956251,0.9159057691726684,0.3238835809752345
Kodak,kodim22,0.5,0.0,hqs,1,1,38.11771763322558,0.9671499781484604,0.32561054395046085
Kodak,kodim22,0.5,0.0,hqs_finetuned,1,1,38.20575669253649,0.9669533696069718,0.3228649569209665
Kodak,kodim22,0.5,0.0,hqs_round1,1,1,38.233003456969456,0.9675006012525559,0.3179391960147768
Kodak,kodim23,0.01,0.0,hqs,1,1,25.443575111100042,0.7669587433945737,0.3240846099797636
Kodak,kodim23,0.01,0.0,hqs_finetuned,1,1,25.459402803707665,0.7659041203915137,0.3174764720024541
Kodak,kodim23,0.01,0.0,hqs_round1,1,1,25.448636161458715,0.7670889758621994,0.32458986598066986
Kodak,kodim23,0.04,0.0,hqs,1,1,29.182067316241476,0.8798404891701266,0.3254348310874775
Kodak,kodim23,0.04,0.0,hqs_finetuned,1,1,29.228637319573476,0.880653360027425,0.31983614596538246
Kodak,kodim23,0.04,0.0,hqs_round1,1,1,29.260666074410754,0.8802997477522343,0.32037383096758276
Kodak,kodim23,0.1,0.0,hqs,1,1,33.25963845122955,0.9426991541705132,0.3241022030124441
Kodak,kodim23,0.1,0.0,hqs_finetuned,1,1,33.448975253882224,0.9435798211369515,0.3230767749482766
Kodak,kodim23,0.1,0.0,hqs_round1,1,1,33.42300154652972,0.9437663227710724,0.3260459110606462
Kodak,kodim23,0.1,0.01,hqs,1,1,32.46842000439167,0.928857192808946,0.3307513250426079
Kodak,kodim23,0.1,0.01,hqs_finetuned,1,1,32.58434455425524,0.9320097285645802,0.32294989699342597
Kodak,kodim23,0.1,0.01,hqs_round1,1,1,32.5414483696737,0.9302393967665038,0.3233545683324337
Kodak,kodim23,0.1,0.05,hqs,1,1,27.93905687484794,0.7233471817373007,0.32586334929025423
Kodak,kodim23,0.1,0.05,hqs_finetuned,1,1,29.38899660275867,0.8577592605520971,0.3196076850096385
Kodak,kodim23,0.1,0.05,hqs_round1,1,1,27.970296472063563,0.7267102755309747,0.32237147834772867
Kodak,kodim23,0.25,0.0,hqs,1,1,38.75516568310482,0.9760411937026977,0.3305749910650775
Kodak,kodim23,0.25,0.0,hqs_finetuned,1,1,39.09301528529669,0.9768962548007966,0.32203244289848953
Kodak,kodim23,0.25,0.0,hqs_round1,1,1,39.01960053223354,0.9768891050901413,0.3218908249400556
Kodak,kodim23,0.5,0.0,hqs,1,1,44.900906316197855,0.9907574981317521,0.324194320011884
Kodak,kodim23,0.5,0.0,hqs_finetuned,1,1,45.092581961671385,0.990798173067093,0.3220845339819789
Kodak,kodim23,0.5,0.0,hqs_round1,1,1,44.830588005692974,0.9908671286783218,0.3236758289858699
Kodak,kodim24,0.01,0.0,hqs,1,1,22.21219054995209,0.4784365325982674,0.323803290957585
Kodak,kodim24,0.01,0.0,hqs_finetuned,1,1,22.28782810267905,0.4754700907877726,0.3207098440034315
Kodak,kodim24,0.01,0.0,hqs_round1,1,1,22.255059320123742,0.47877436884101326,0.3213233429705724
Kodak,kodim24,0.04,0.0,hqs,1,1,24.727295061911004,0.6784478372567541,0.32205228705424815
Kodak,kodim24,0.04,0.0,hqs_finetuned,1,1,24.797699699620583,0.6811096147906538,0.32116692408453673
Kodak,kodim24,0.04,0.0,hqs_round1,1,1,24.750328417260373,0.6792520189229961,0.3219610380474478
Kodak,kodim24,0.1,0.0,hqs,1,1,26.8561258915545,0.8143258165858984,0.32226679695304483
Kodak,kodim24,0.1,0.0,hqs_finetuned,1,1,27.117859611206878,0.8198244559435696,0.31928925693500787
Kodak,kodim24,0.1,0.0,hqs_round1,1,1,26.988388158396308,0.8176522248951434,0.32185145607218146
Kodak,kodim24,0.1,0.01,hqs,1,1,26.67652889114041,0.8060176152579622,0.3484753106410305
Kodak,kodim24,0.1,0.01,hqs_finetuned,1,1,26.947369684320734,0.8124900710514226,0.3400537943234667
Kodak,kodim24,0.1,0.01,hqs_round1,1,1,26.829749232827098,0.810255296139053,0.3405637562973425
Kodak,kodim24,0.1,0.05,hqs,1,1,25.041860660805508,0.6913543670883396,0.3256686710131665
Kodak,kodim24,0.1,0.05,hqs_finetuned,1,1,25.448329114390692,0.7257902808780918,0.3212008950067684
Kodak,kodim24,0.1,0.05,hqs_round1,1,1,25.047966535212026,0.6929531318419446,0.3234739410302912
Kodak,kodim24,0.25,0.0,hqs,1,1,31.149710086534803,0.9237385570888519,0.3199959989869967
Kodak,kodim24,0.25,0.0,hqs_finetuned,1,1,31.31072233723025,0.9250855420804024,0.322193710017018
Kodak,kodim24,0.25,0.0,hqs_round1,1,1,31.246912252300604,0.9251316710376739,0.3200749339303002
Kodak,kodim24,0.5,0.0,hqs,1,1,36.977792295800334,0.975936856959343,0.34318755695130676
Kodak,kodim24,0.5,0.0,hqs_finetuned,1,1,37.19584837459632,0.9767553189411163,0.33723148598801345
Kodak,kodim24,0.5,0.0,hqs_round1,1,1,37.18314688543947,0.9767812234754563,0.33924946596380323
