image,dataset,sequence,split,cr,actual_cr,sigma,seed,measurement_sha256,method,stage,psnr,ssim
fresh_div2k_0802,DIV2K_fresh,fresh_div2k_0802,test,0.01,0.01031494140625,0.0,2026,04058bffd7e8bb05fd2892b3ba285ac9e1439077cd871b0f26d5d5bae9d3e192,hqs,1,18.558929722714392,0.4910645832336225
fresh_div2k_0802,DIV2K_fresh,fresh_div2k_0802,test,0.01,0.01031494140625,0.0,2026,04058bffd7e8bb05fd2892b3ba285ac9e1439077cd871b0f26d5d5bae9d3e192,hqs,2,19.13185251605793,0.537515943308204
fresh_div2k_0802,DIV2K_fresh,fresh_div2k_0802,test,0.01,0.01031494140625,0.0,2026,04058bffd7e8bb05fd2892b3ba285ac9e1439077cd871b0f26d5d5bae9d3e192,hqs,3,19.334835736208813,0.5515251335240758
fresh_div2k_0802,DIV2K_fresh,fresh_div2k_0802,test,0.01,0.01031494140625,0.0,2026,04058bffd7e8bb05fd2892b3ba285ac9e1439077cd871b0f26d5d5bae9d3e192,hqs,4,19.343362682517917,0.5544467082319702
fresh_div2k_0802,DIV2K_fresh,fresh_div2k_0802,test,0.01,0.01031494140625,0.0,2026,04058bffd7e8bb05fd2892b3ba285ac9e1439077cd871b0f26d5d5bae9d3e192,hqs,5,19.24818115344913,0.5522579639341079
fresh_div2k_0802,DIV2K_fresh,fresh_div2k_0802,test,0.01,0.01031494140625,0.0,2026,04058bffd7e8bb05fd2892b3ba285ac9e1439077cd871b0f26d5d5bae9d3e192,hqs,6,19.011267637451333,0.5420339176951064
fresh_div2k_0802,DIV2K_fresh,fresh_div2k_0802,test,0.01,0.01031494140625,0.0,2026,04058bffd7e8bb05fd2892b3ba285ac9e1439077cd871b0f26d5d5bae9d3e192,admm,1,18.484005378338797,0.48493336916521157
fresh_div2k_0802,DIV2K_fresh,fresh_div2k_0802,test,0.01,0.01031494140625,0.0,2026,04058bffd7e8bb05fd2892b3ba285ac9e1439077cd871b0f26d5d5bae9d3e192,admm,2,19.175704191061524,0.5429607988008368
fresh_div2k_0802,DIV2K_fresh,fresh_div2k_0802,test,0.01,0.01031494140625,0.0,2026,04058bffd7e8bb05fd2892b3ba285ac9e1439077cd871b0f26d5d5bae9d3e192,admm,3,19.37173714982949,0.5598014884786077
fresh_div2k_0802,DIV2K_fresh,fresh_div2k_0802,test,0.01,0.01031494140625,0.0,2026,04058bffd7e8bb05fd2892b3ba285ac9e1439077cd871b0f26d5d5bae9d3e192,admm,4,19.38090087293048,0.5646918294023164
fresh_div2k_0802,DIV2K_fresh,fresh_div2k_0802,test,0.01,0.01031494140625,0.0,2026,04058bffd7e8bb05fd2892b3ba285ac9e1439077cd871b0f26d5d5bae9d3e192,admm,5,19.364209063307353,0.5682130222595281
fresh_div2k_0802,DIV2K_fresh,fresh_div2k_0802,test,0.01,0.01031494140625,0.0,2026,04058bffd7e8bb05fd2892b3ba285ac9e1439077cd871b0f26d5d5bae9d3e192,admm,6,19.322376492069935,0.5597923038528915
fresh_div2k_0802,DIV2K_fresh,fresh_div2k_0802,test,0.04,0.041259765625,0.0,2026,74f1d4b54a49d710cd908200a647a1825f804e87b904abd4845d6250e39771bb,hqs,1,23.201389538964623,0.7397983240185082
fresh_div2k_0802,DIV2K_fresh,fresh_div2k_0802,test,0.04,0.041259765625,0.0,2026,74f1d4b54a49d710cd908200a647a1825f804e87b904abd4845d6250e39771bb,hqs,2,25.337898485180364,0.8302648155774064
fresh_div2k_0802,DIV2K_fresh,fresh_div2k_0802,test,0.04,0.041259765625,0.0,2026,74f1d4b54a49d710cd908200a647a1825f804e87b904abd4845d6250e39771bb,hqs,3,26.541496964380084,0.8704255381265581
fresh_div2k_0802,DIV2K_fresh,fresh_div2k_0802,test,0.04,0.041259765625,0.0,2026,74f1d4b54a49d710cd908200a647a1825f804e87b904abd4845d6250e39771bb,hqs,4,26.972912572645114,0.881219783516109
fresh_div2k_0802,DIV2K_fresh,fresh_div2k_0802,test,0.04,0.041259765625,0.0,2026,74f1d4b54a49d710cd908200a647a1825f804e87b904abd4845d6250e39771bb,hqs,5,27.123926065124223,0.884549018815726
fresh_div2k_0802,DIV2K_fresh,fresh_div2k_0802,test,0.04,0.041259765625,0.0,2026,74f1d4b54a49d710cd908200a647a1825f804e87b904abd4845d6250e39771bb,hqs,6,27.162189751947118,0.8866380973985791
fresh_div2k_0802,DIV2K_fresh,fresh_div2k_0802,test,0.04,0.041259765625,0.0,2026,74f1d4b54a49d710cd908200a647a1825f804e87b904abd4845d6250e39771bb,admm,1,22.98144839579271,0.7272653923575534
fresh_div2k_0802,DIV2K_fresh,fresh_div2k_0802,test,0.04,0.041259765625,0.0,2026,74f1d4b54a49d710cd908200a647a1825f804e87b904abd4845d6250e39771bb,admm,2,25.667923722795635,0.8437013578981869
fresh_div2k_0802,DIV2K_fresh,fresh_div2k_0802,test,0.04,0.041259765625,0.0,2026,74f1d4b54a49d710cd908200a647a1825f804e87b904abd4845d6250e39771bb,admm,3,26.54662321349532,0.8701329508321304
fresh_div2k_0802,DIV2K_fresh,fresh_div2k_0802,test,0.04,0.041259765625,0.0,2026,74f1d4b54a49d710cd908200a647a1825f804e87b904abd4845d6250e39771bb,admm,4,26.681962291370102,0.8725926330386996
fresh_div2k_0802,DIV2K_fresh,fresh_div2k_0802,test,0.04,0.041259765625,0.0,2026,74f1d4b54a49d710cd908200a647a1825f804e87b904abd4845d6250e39771bb,admm,5,26.944096147206483,0.8801913691863418
fresh_div2k_0802,DIV2K_fresh,fresh_div2k_0802,test,0.04,0.041259765625,0.0,2026,74f1d4b54a49d710cd908200a647a1825f804e87b904abd4845d6250e39771bb,admm,6,27.166172421879544,0.885506788416028
fresh_div2k_0802,DIV2K_fresh,fresh_div2k_0802,test,0.1,0.1001129150390625,0.0,2026,66b9c6357c472e6dbb4e0309e298ed5e5aeb39bafc6ff2e666f02e663f805431,hqs,1,26.269354498745315,0.8433188807253837
fresh_div2k_0802,DIV2K_fresh,fresh_div2k_0802,test,0.1,0.1001129150390625,0.0,2026,66b9c6357c472e6dbb4e0309e298ed5e5aeb39bafc6ff2e666f02e663f805431,hqs,2,29.225722676081297,0.9150679472942352
fresh_div2k_0802,DIV2K_fresh,fresh_div2k_0802,test,0.1,0.1001129150390625,0.0,2026,66b9c6357c472e6dbb4e0309e298ed5e5aeb39bafc6ff2e666f02e663f805431,hqs,3,31.148799101758115,0.944822556461811
fresh_div2k_0802,DIV2K_fresh,fresh_div2k_0802,test,0.1,0.1001129150390625,0.0,2026,66b9c6357c472e6dbb4e0309e298ed5e5aeb39bafc6ff2e666f02e663f805431,hqs,4,31.901708338367033,0.9528135871624946
fresh_div2k_0802,DIV2K_fresh,fresh_div2k_0802,test,0.1,0.1001129150390625,0.0,2026,66b9c6357c472e6dbb4e0309e298ed5e5aeb39bafc6ff2e666f02e663f805431,hqs,5,32.05906579450257,0.9546083027906418
fresh_div2k_0802,DIV2K_fresh,fresh_div2k_0802,test,0.1,0.1001129150390625,0.0,2026,66b9c6357c472e6dbb4e0309e298ed5e5aeb39bafc6ff2e666f02e663f805431,hqs,6,32.12033658793449,0.9555928787317276
fresh_div2k_0802,DIV2K_fresh,fresh_div2k_0802,test,0.1,0.1001129150390625,0.0,2026,66b9c6357c472e6dbb4e0309e298ed5e5aeb39bafc6ff2e666f02e663f805431,admm,1,25.951951761373266,0.8326700930505991
fresh_div2k_0802,DIV2K_fresh,fresh_div2k_0802,test,0.1,0.1001129150390625,0.0,2026,66b9c6357c472e6dbb4e0309e298ed5e5aeb39bafc6ff2e666f02e663f805431,admm,2,29.899446110218793,0.9282380364661217
fresh_div2k_0802,DIV2K_fresh,fresh_div2k_0802,test,0.1,0.1001129150390625,0.0,2026,66b9c6357c472e6dbb4e0309e298ed5e5aeb39bafc6ff2e666f02e663f805431,admm,3,31.25484307108541,0.945739661347866
fresh_div2k_0802,DIV2K_fresh,fresh_div2k_0802,test,0.1,0.1001129150390625,0.0,2026,66b9c6357c472e6dbb4e0309e298ed5e5aeb39bafc6ff2e666f02e663f805431,admm,4,31.563448971633264,0.947897526761055
fresh_div2k_0802,DIV2K_fresh,fresh_div2k_0802,test,0.1,0.1001129150390625,0.0,2026,66b9c6357c472e6dbb4e0309e298ed5e5aeb39bafc6ff2e666f02e663f805431,admm,5,32.02226438367114,0.9531041494693756
fresh_div2k_0802,DIV2K_fresh,fresh_div2k_0802,test,0.1,0.1001129150390625,0.0,2026,66b9c6357c472e6dbb4e0309e298ed5e5aeb39bafc6ff2e666f02e663f805431,admm,6,32.31787879592104,0.9562526533594131
fresh_div2k_0802,DIV2K_fresh,fresh_div2k_0802,test,0.25,0.25,0.0,2026,ffb5edb234efe9446a537de9d80bc7abab9d7291f7dfd7c1acd1f3d4156fa7ac,hqs,1,30.030799933722335,0.9200673163304329
fresh_div2k_0802,DIV2K_fresh,fresh_div2k_0802,test,0.25,0.25,0.0,2026,ffb5edb234efe9446a537de9d80bc7abab9d7291f7dfd7c1acd1f3d4156fa7ac,hqs,2,33.80537710911479,0.9630105335168838
fresh_div2k_0802,DIV2K_fresh,fresh_div2k_0802,test,0.25,0.25,0.0,2026,ffb5edb234efe9446a537de9d80bc7abab9d7291f7dfd7c1acd1f3d4156fa7ac,hqs,3,35.99866233654898,0.9778486344347
fresh_div2k_0802,DIV2K_fresh,fresh_div2k_0802,test,0.25,0.25,0.0,2026,ffb5edb234efe9446a537de9d80bc7abab9d7291f7dfd7c1acd1f3d4156fa7ac,hqs,4,36.62929436412957,0.9811323119716644
fresh_div2k_0802,DIV2K_fresh,fresh_div2k_0802,test,0.25,0.25,0.0,2026,ffb5edb234efe9446a537de9d80bc7abab9d7291f7dfd7c1acd1f3d4156fa7ac,hqs,5,36.90815020909,0.9820029765081406
fresh_div2k_0802,DIV2K_fresh,fresh_div2k_0802,test,0.25,0.25,0.0,2026,ffb5edb234efe9446a537de9d80bc7abab9d7291f7dfd7c1acd1f3d4156fa7ac,hqs,6,37.05128066396081,0.9825157458715439
fresh_div2k_0802,DIV2K_fresh,fresh_div2k_0802,test,0.25,0.25,0.0,2026,ffb5edb234efe9446a537de9d80bc7abab9d7291f7dfd7c1acd1f3d4156fa7ac,admm,1,29.713357813728173,0.9140085946638584
fresh_div2k_0802,DIV2K_fresh,fresh_div2k_0802,test,0.25,0.25,0.0,2026,ffb5edb234efe9446a537de9d80bc7abab9d7291f7dfd7c1acd1f3d4156fa7ac,admm,2,34.88622994730325,0.9722172346086502
fresh_div2k_0802,DIV2K_fresh,fresh_div2k_0802,test,0.25,0.25,0.0,2026,ffb5edb234efe9446a537de9d80bc7abab9d7291f7dfd7c1acd1f3d4156fa7ac,admm,3,35.98263244219714,0.9780604467706681
fresh_div2k_0802,DIV2K_fresh,fresh_div2k_0802,test,0.25,0.25,0.0,2026,ffb5edb234efe9446a537de9d80bc7abab9d7291f7dfd7c1acd1f3d4156fa7ac,admm,4,36.05537378479601,0.9776611043376923
fresh_div2k_0802,DIV2K_fresh,fresh_div2k_0802,test,0.25,0.25,0.0,2026,ffb5edb234efe9446a537de9d80bc7abab9d7291f7dfd7c1acd1f3d4156fa7ac,admm,5,36.79166523546705,0.9810488979740143
fresh_div2k_0802,DIV2K_fresh,fresh_div2k_0802,test,0.25,0.25,0.0,2026,ffb5edb234efe9446a537de9d80bc7abab9d7291f7dfd7c1acd1f3d4156fa7ac,admm,6,37.175885819616624,0.9827453999528885
fresh_div2k_0802,DIV2K_fresh,fresh_div2k_0802,test,0.5,0.4998931884765625,0.0,2026,8de555f626d8bc0d9632b2ec7d9deabf520c74ce22a94baac6fa5795dd3a5c62,hqs,1,33.61028583912296,0.9600088313379288
fresh_div2k_0802,DIV2K_fresh,fresh_div2k_0802,test,0.5,0.4998931884765625,0.0,2026,8de555f626d8bc0d9632b2ec7d9deabf520c74ce22a94baac6fa5795dd3a5c62,hqs,2,37.81380285811175,0.9835328204679489
fresh_div2k_0802,DIV2K_fresh,fresh_div2k_0802,test,0.5,0.4998931884765625,0.0,2026,8de555f626d8bc0d9632b2ec7d9deabf520c74ce22a94baac6fa5795dd3a5c62,hqs,3,40.01790224087658,0.9904072549419403
fresh_div2k_0802,DIV2K_fresh,fresh_div2k_0802,test,0.5,0.4998931884765625,0.0,2026,8de555f626d8bc0d9632b2ec7d9deabf520c74ce22a94baac6fa5795dd3a5c62,hqs,4,40.86881712198106,0.9919271272048951
fresh_div2k_0802,DIV2K_fresh,fresh_div2k_0802,test,0.5,0.4998931884765625,0.0,2026,8de555f626d8bc0d9632b2ec7d9deabf520c74ce22a94baac6fa5795dd3a5c62,hqs,5,41.20698714627427,0.9924818989515305
fresh_div2k_0802,DIV2K_fresh,fresh_div2k_0802,test,0.5,0.4998931884765625,0.0,2026,8de555f626d8bc0d9632b2ec7d9deabf520c74ce22a94baac6fa5795dd3a5c62,hqs,6,41.413573509301536,0.9928660578737258
fresh_div2k_0802,DIV2K_fresh,fresh_div2k_0802,test,0.5,0.4998931884765625,0.0,2026,8de555f626d8bc0d9632b2ec7d9deabf520c74ce22a94baac6fa5795dd3a5c62,admm,1,33.28938460555134,0.9568255665092468
fresh_div2k_0802,DIV2K_fresh,fresh_div2k_0802,test,0.5,0.4998931884765625,0.0,2026,8de555f626d8bc0d9632b2ec7d9deabf520c74ce22a94baac6fa5795dd3a5c62,admm,2,39.333266263043505,0.9887525576238633
fresh_div2k_0802,DIV2K_fresh,fresh_div2k_0802,test,0.5,0.4998931884765625,0.0,2026,8de555f626d8bc0d9632b2ec7d9deabf520c74ce22a94baac6fa5795dd3a5c62,admm,3,40.04915112223752,0.990279205622673
fresh_div2k_0802,DIV2K_fresh,fresh_div2k_0802,test,0.5,0.4998931884765625,0.0,2026,8de555f626d8bc0d9632b2ec7d9deabf520c74ce22a94baac6fa5795dd3a5c62,admm,4,40.016965706359485,0.9900695911598205
fresh_div2k_0802,DIV2K_fresh,fresh_div2k_0802,test,0.5,0.4998931884765625,0.0,2026,8de555f626d8bc0d9632b2ec7d9deabf520c74ce22a94baac6fa5795dd3a5c62,admm,5,40.96547676750444,0.9919931856985092
fresh_div2k_0802,DIV2K_fresh,fresh_div2k_0802,test,0.5,0.4998931884765625,0.0,2026,8de555f626d8bc0d9632b2ec7d9deabf520c74ce22a94baac6fa5795dd3a5c62,admm,6,41.512923988907104,0.9929390795001983
fresh_div2k_0802,DIV2K_fresh,fresh_div2k_0802,test,0.1,0.1001129150390625,0.01,2026,6b5c02f67f29122f1276b5f8e1afd70585253824bd4bbd1f0f64b9d16f6c0083,hqs,1,26.24402917064245,0.8425530716981888
fresh_div2k_0802,DIV2K_fresh,fresh_div2k_0802,test,0.1,0.1001129150390625,0.01,2026,6b5c02f67f29122f1276b5f8e1afd70585253824bd4bbd1f0f64b9d16f6c0083,hqs,2,29.167978168921888,0.9142165190243721
fresh_div2k_0802,DIV2K_fresh,fresh_div2k_0802,test,0.1,0.1001129150390625,0.01,2026,6b5c02f67f29122f1276b5f8e1afd70585253824bd4bbd1f0f64b9d16f6c0083,hqs,3,31.017327233209105,0.9434596685709953
fresh_div2k_0802,DIV2K_fresh,fresh_div2k_0802,test,0.1,0.1001129150390625,0.01,2026,6b5c02f67f29122f1276b5f8e1afd70585253824bd4bbd1f0f64b9d16f6c0083,hqs,4,31.704035338052567,0.9509817606234551
fresh_div2k_0802,DIV2K_fresh,fresh_div2k_0802,test,0.1,0.1001129150390625,0.01,2026,6b5c02f67f29122f1276b5f8e1afd70585253824bd4bbd1f0f64b9d16f6c0083,hqs,5,31.84346597808778,0.9525388944368363
fresh_div2k_0802,DIV2K_fresh,fresh_div2k_0802,test,0.1,0.1001129150390625,0.01,2026,6b5c02f67f29122f1276b5f8e1afd70585253824bd4bbd1f0f64b9d16f6c0083,hqs,6,31.85270262810175,0.952921907661438
fresh_div2k_0802,DIV2K_fresh,fresh_div2k_0802,test,0.1,0.1001129150390625,0.01,2026,6b5c02f67f29122f1276b5f8e1afd70585253824bd4bbd1f0f64b9d16f6c0083,admm,1,25.929874587804317,0.8319141466239691
fresh_div2k_0802,DIV2K_fresh,fresh_div2k_0802,test,0.1,0.1001129150390625,0.01,2026,6b5c02f67f29122f1276b5f8e1afd70585253824bd4bbd1f0f64b9d16f6c0083,admm,2,29.81246835059979,0.9269530443859101
fresh_div2k_0802,DIV2K_fresh,fresh_div2k_0802,test,0.1,0.1001129150390625,0.01,2026,6b5c02f67f29122f1276b5f8e1afd70585253824bd4bbd1f0f64b9d16f6c0083,admm,3,31.08408878818153,0.9438233068084717
fresh_div2k_0802,DIV2K_fresh,fresh_div2k_0802,test,0.1,0.1001129150390625,0.01,2026,6b5c02f67f29122f1276b5f8e1afd70585253824bd4bbd1f0f64b9d16f6c0083,admm,4,31.32624062864273,0.9453961313824654
fresh_div2k_0802,DIV2K_fresh,fresh_div2k_0802,test,0.1,0.1001129150390625,0.01,2026,6b5c02f67f29122f1276b5f8e1afd70585253824bd4bbd1f0f64b9d16f6c0083,admm,5,31.728421182280286,0.9501681448721886
fresh_div2k_0802,DIV2K_fresh,fresh_div2k_0802,test,0.1,0.1001129150390625,0.01,2026,6b5c02f67f29122f1276b5f8e1afd70585253824bd4bbd1f0f64b9d16f6c0083,admm,6,32.0216921530247,0.9537454175610542
fresh_div2k_0802,DIV2K_fresh,fresh_div2k_0802,test,0.1,0.1001129150390625,0.01,2027,7849d15dd33fd583ccc894f1415c699a1d35df8c0fdd7c40e33d3d9923f3ebfb,hqs,1,26.253343172147506,0.8427063898993731
fresh_div2k_0802,DIV2K_fresh,fresh_div2k_0802,test,0.1,0.1001129150390625,0.01,2027,7849d15dd33fd583ccc894f1415c699a1d35df8c0fdd7c40e33d3d9923f3ebfb,hqs,2,29.1730312493964,0.9141109923810958
fresh_div2k_0802,DIV2K_fresh,fresh_div2k_0802,test,0.1,0.1001129150390625,0.01,2027,7849d15dd33fd583ccc894f1415c699a1d35df8c0fdd7c40e33d3d9923f3ebfb,hqs,3,31.02123785516785,0.9434067450470924
fresh_div2k_0802,DIV2K_fresh,fresh_div2k_0802,test,0.1,0.1001129150390625,0.01,2027,7849d15dd33fd583ccc894f1415c699a1d35df8c0fdd7c40e33d3d9923f3ebfb,hqs,4,31.710640947614436,0.9510741687545776
fresh_div2k_0802,DIV2K_fresh,fresh_div2k_0802,test,0.1,0.1001129150390625,0.01,2027,7849d15dd33fd583ccc894f1415c699a1d35df8c0fdd7c40e33d3d9923f3ebfb,hqs,5,31.84772597641188,0.9526885938062668
fresh_div2k_0802,DIV2K_fresh,fresh_div2k_0802,test,0.1,0.1001129150390625,0.01,2027,7849d15dd33fd583ccc894f1415c699a1d35df8c0fdd7c40e33d3d9923f3ebfb,hqs,6,31.850698140092078,0.9530210095305442
fresh_div2k_0802,DIV2K_fresh,fresh_div2k_0802,test,0.1,0.1001129150390625,0.01,2027,7849d15dd33fd583ccc894f1415c699a1d35df8c0fdd7c40e33d3d9923f3ebfb,admm,1,25.9354500033915,0.8319856762171686
fresh_div2k_0802,DIV2K_fresh,fresh_div2k_0802,test,0.1,0.1001129150390625,0.01,2027,7849d15dd33fd583ccc894f1415c699a1d35df8c0fdd7c40e33d3d9923f3ebfb,admm,2,29.81662047780449,0.9268656181106567
fresh_div2k_0802,DIV2K_fresh,fresh_div2k_0802,test,0.1,0.1001129150390625,0.01,2027,7849d15dd33fd583ccc894f1415c699a1d35df8c0fdd7c40e33d3d9923f3ebfb,admm,3,31.07470755558154,0.9437367206516266
fresh_div2k_0802,DIV2K_fresh,fresh_div2k_0802,test,0.1,0.1001129150390625,0.01,2027,7849d15dd33fd583ccc894f1415c699a1d35df8c0fdd7c40e33d3d9923f3ebfb,admm,4,31.320935016446654,0.9454090662508011
fresh_div2k_0802,DIV2K_fresh,fresh_div2k_0802,test,0.1,0.1001129150390625,0.01,2027,7849d15dd33fd583ccc894f1415c699a1d35df8c0fdd7c40e33d3d9923f3ebfb,admm,5,31.73297576176472,0.9502575049362183
fresh_div2k_0802,DIV2K_fresh,fresh_div2k_0802,test,0.1,0.1001129150390625,0.01,2027,7849d15dd33fd583ccc894f1415c699a1d35df8c0fdd7c40e33d3d9923f3ebfb,admm,6,32.037692476775504,0.9538771320118904
fresh_div2k_0802,DIV2K_fresh,fresh_div2k_0802,test,0.1,0.1001129150390625,0.01,2028,f9ead2771edcbfe552a9edb19771a1049282746328df9d67df3d818b13ff4e49,hqs,1,26.250685745849548,0.8426946043366529
fresh_div2k_0802,DIV2K_fresh,fresh_div2k_0802,test,0.1,0.1001129150390625,0.01,2028,f9ead2771edcbfe552a9edb19771a1049282746328df9d67df3d818b13ff4e49,hqs,2,29.169522885770405,0.9142138987255096
fresh_div2k_0802,DIV2K_fresh,fresh_div2k_0802,test,0.1,0.1001129150390625,0.01,2028,f9ead2771edcbfe552a9edb19771a1049282746328df9d67df3d818b13ff4e49,hqs,3,31.004005704286964,0.9433789193110466
fresh_div2k_0802,DIV2K_fresh,fresh_div2k_0802,test,0.1,0.1001129150390625,0.01,2028,f9ead2771edcbfe552a9edb19771a1049282746328df9d67df3d818b13ff4e49,hqs,4,31.68840810696988,0.9509191976242065
fresh_div2k_0802,DIV2K_fresh,fresh_div2k_0802,test,0.1,0.1001129150390625,0.01,2028,f9ead2771edcbfe552a9edb19771a1049282746328df9d67df3d818b13ff4e49,hqs,5,31.828900705725992,0.9525791624393463
fresh_div2k_0802,DIV2K_fresh,fresh_div2k_0802,test,0.1,0.1001129150390625,0.01,2028,f9ead2771edcbfe552a9edb19771a1049282746328df9d67df3d818b13ff4e49,hqs,6,31.837467747819886,0.9530464186034202
fresh_div2k_0802,DIV2K_fresh,fresh_div2k_0802,test,0.1,0.1001129150390625,0.01,2028,f9ead2771edcbfe552a9edb19771a1049282746328df9d67df3d818b13ff4e49,admm,1,25.93640751047982,0.8320644409772158
fresh_div2k_0802,DIV2K_fresh,fresh_div2k_0802,test,0.1,0.1001129150390625,0.01,2028,f9ead2771edcbfe552a9edb19771a1049282746328df9d67df3d818b13ff4e49,admm,2,29.81387334624207,0.9270244284262658
fresh_div2k_0802,DIV2K_fresh,fresh_div2k_0802,test,0.1,0.1001129150390625,0.01,2028,f9ead2771edcbfe552a9edb19771a1049282746328df9d67df3d818b13ff4e49,admm,3,31.054916860608234,0.943706133477211
fresh_div2k_0802,DIV2K_fresh,fresh_div2k_0802,test,0.1,0.1001129150390625,0.01,2028,f9ead2771edcbfe552a9edb19771a1049282746328df9d67df3d818b13ff4e49,admm,4,31.28882396867972,0.9452746879873276
fresh_div2k_0802,DIV2K_fresh,fresh_div2k_0802,test,0.1,0.1001129150390625,0.01,2028,f9ead2771edcbfe552a9edb19771a1049282746328df9d67df3d818b13ff4e49,admm,5,31.70184253588275,0.9501422352967263
fresh_div2k_0802,DIV2K_fresh,fresh_div2k_0802,test,0.1,0.1001129150390625,0.01,2028,f9ead2771edcbfe552a9edb19771a1049282746328df9d67df3d818b13ff4e49,admm,6,32.01454413768977,0.9537991171822547
fresh_div2k_0802,DIV2K_fresh,fresh_div2k_0802,test,0.1,0.1001129150390625,0.05,2026,7a89df472caaa792c4d8723cbcaae9ca92acdf33080b13d47823d709d2200cdf,hqs,1,25.679068044786977,0.8254683071973175
fresh_div2k_0802,DIV2K_fresh,fresh_div2k_0802,test,0.1,0.1001129150390625,0.05,2026,7a89df472caaa792c4d8723cbcaae9ca92acdf33080b13d47823d709d2200cdf,hqs,2,27.861051629055446,0.8898137161997557
fresh_div2k_0802,DIV2K_fresh,fresh_div2k_0802,test,0.1,0.1001129150390625,0.05,2026,7a89df472caaa792c4d8723cbcaae9ca92acdf33080b13d47823d709d2200cdf,hqs,3,28.434906526587188,0.9037186754243374
fresh_div2k_0802,DIV2K_fresh,fresh_div2k_0802,test,0.1,0.1001129150390625,0.05,2026,7a89df472caaa792c4d8723cbcaae9ca92acdf33080b13d47823d709d2200cdf,hqs,4,28.490136219711392,0.9038773671648502
fresh_div2k_0802,DIV2K_fresh,fresh_div2k_0802,test,0.1,0.1001129150390625,0.05,2026,7a89df472caaa792c4d8723cbcaae9ca92acdf33080b13d47823d709d2200cdf,hqs,5,28.489262233167096,0.9043218709955588
fresh_div2k_0802,DIV2K_fresh,fresh_div2k_0802,test,0.1,0.1001129150390625,0.05,2026,7a89df472caaa792c4d8723cbcaae9ca92acdf33080b13d47823d709d2200cdf,hqs,6,28.205254893080077,0.8983096339562386
fresh_div2k_0802,DIV2K_fresh,fresh_div2k_0802,test,0.1,0.1001129150390625,0.05,2026,7a89df472caaa792c4d8723cbcaae9ca92acdf33080b13d47823d709d2200cdf,admm,1,25.413405327160675,0.8150130339180977
fresh_div2k_0802,DIV2K_fresh,fresh_div2k_0802,test,0.1,0.1001129150390625,0.05,2026,7a89df472caaa792c4d8723cbcaae9ca92acdf33080b13d47823d709d2200cdf,admm,2,28.081621383799806,0.8950010040671825
fresh_div2k_0802,DIV2K_fresh,fresh_div2k_0802,test,0.1,0.1001129150390625,0.05,2026,7a89df472caaa792c4d8723cbcaae9ca92acdf33080b13d47823d709d2200cdf,admm,3,28.065406814512215,0.8943364222145825
fresh_div2k_0802,DIV2K_fresh,fresh_div2k_0802,test,0.1,0.1001129150390625,0.05,2026,7a89df472caaa792c4d8723cbcaae9ca92acdf33080b13d47823d709d2200cdf,admm,4,27.75081154842201,0.8866058862895518
fresh_div2k_0802,DIV2K_fresh,fresh_div2k_0802,test,0.1,0.1001129150390625,0.05,2026,7a89df472caaa792c4d8723cbcaae9ca92acdf33080b13d47823d709d2200cdf,admm,5,27.931647111656623,0.8909627474316955
fresh_div2k_0802,DIV2K_fresh,fresh_div2k_0802,test,0.1,0.1001129150390625,0.05,2026,7a89df472caaa792c4d8723cbcaae9ca92acdf33080b13d47823d709d2200cdf,admm,6,28.331274681837172,0.9006821548923553
fresh_div2k_0802,DIV2K_fresh,fresh_div2k_0802,test,0.1,0.1001129150390625,0.05,2027,bb0f809f752bcbd8a6326d096b7c4921abaabd1303e21d2a6a5c24c1558e6cfb,hqs,1,25.729413226172014,0.8266362248573005
fresh_div2k_0802,DIV2K_fresh,fresh_div2k_0802,test,0.1,0.1001129150390625,0.05,2027,bb0f809f752bcbd8a6326d096b7c4921abaabd1303e21d2a6a5c24c1558e6cfb,hqs,2,27.928348643815383,0.890659879249096
fresh_div2k_0802,DIV2K_fresh,fresh_div2k_0802,test,0.1,0.1001129150390625,0.05,2027,bb0f809f752bcbd8a6326d096b7c4921abaabd1303e21d2a6a5c24c1558e6cfb,hqs,3,28.495921432950823,0.9048246428213119
fresh_div2k_0802,DIV2K_fresh,fresh_div2k_0802,test,0.1,0.1001129150390625,0.05,2027,bb0f809f752bcbd8a6326d096b7c4921abaabd1303e21d2a6a5c24c1558e6cfb,hqs,4,28.531688900596652,0.9052611963739395
fresh_div2k_0802,DIV2K_fresh,fresh_div2k_0802,test,0.1,0.1001129150390625,0.05,2027,bb0f809f752bcbd8a6326d096b7c4921abaabd1303e21d2a6a5c24c1558e6cfb,hqs,5,28.517198296329475,0.9057523797190189
fresh_div2k_0802,DIV2K_fresh,fresh_div2k_0802,test,0.1,0.1001129150390625,0.05,2027,bb0f809f752bcbd8a6326d096b7c4921abaabd1303e21d2a6a5c24c1558e6cfb,hqs,6,28.208640405328296,0.8994238403762579
fresh_div2k_0802,DIV2K_fresh,fresh_div2k_0802,test,0.1,0.1001129150390625,0.05,2027,bb0f809f752bcbd8a6326d096b7c4921abaabd1303e21d2a6a5c24c1558e6cfb,admm,1,25.455565597975788,0.8159245460331812
fresh_div2k_0802,DIV2K_fresh,fresh_div2k_0802,test,0.1,0.1001129150390625,0.05,2027,bb0f809f752bcbd8a6326d096b7c4921abaabd1303e21d2a6a5c24c1558e6cfb,admm,2,28.147934465661706,0.8960318008495569
fresh_div2k_0802,DIV2K_fresh,fresh_div2k_0802,test,0.1,0.1001129150390625,0.05,2027,bb0f809f752bcbd8a6326d096b7c4921abaabd1303e21d2a6a5c24c1558e6cfb,admm,3,28.085261077430772,0.8951037258343697
fresh_div2k_0802,DIV2K_fresh,fresh_div2k_0802,test,0.1,0.1001129150390625,0.05,2027,bb0f809f752bcbd8a6326d096b7c4921abaabd1303e21d2a6a5c24c1558e6cfb,admm,4,27.75789423818121,0.8876088886058331
fresh_div2k_0802,DIV2K_fresh,fresh_div2k_0802,test,0.1,0.1001129150390625,0.05,2027,bb0f809f752bcbd8a6326d096b7c4921abaabd1303e21d2a6a5c24c1558e6cfb,admm,5,27.915638767576162,0.891854693633914
fresh_div2k_0802,DIV2K_fresh,fresh_div2k_0802,test,0.1,0.1001129150390625,0.05,2027,bb0f809f752bcbd8a6326d096b7c4921abaabd1303e21d2a6a5c24c1558e6cfb,admm,6,28.343057660883026,0.902252517925024
fresh_div2k_0802,DIV2K_fresh,fresh_div2k_0802,test,0.1,0.1001129150390625,0.05,2028,2ca67765660bd52eedc29dd8a7f2139ab858b84d69f3ba570ae741810465ccd5,hqs,1,25.732042409777478,0.8268972045650883
fresh_div2k_0802,DIV2K_fresh,fresh_div2k_0802,test,0.1,0.1001129150390625,0.05,2028,2ca67765660bd52eedc29dd8a7f2139ab858b84d69f3ba570ae741810465ccd5,hqs,2,27.91783561292415,0.8911640957604646
fresh_div2k_0802,DIV2K_fresh,fresh_div2k_0802,test,0.1,0.1001129150390625,0.05,2028,2ca67765660bd52eedc29dd8a7f2139ab858b84d69f3ba570ae741810465ccd5,hqs,3,28.47372303472083,0.9054705594649315
fresh_div2k_0802,DIV2K_fresh,fresh_div2k_0802,test,0.1,0.1001129150390625,0.05,2028,2ca67765660bd52eedc29dd8a7f2139ab858b84d69f3ba570ae741810465ccd5,hqs,4,28.5246131348446,0.9060516954135894
fresh_div2k_0802,DIV2K_fresh,fresh_div2k_0802,test,0.1,0.1001129150390625,0.05,2028,2ca67765660bd52eedc29dd8a7f2139ab858b84d69f3ba570ae741810465ccd5,hqs,5,28.50801988855401,0.9065683754708767
fresh_div2k_0802,DIV2K_fresh,fresh_div2k_0802,test,0.1,0.1001129150390625,0.05,2028,2ca67765660bd52eedc29dd8a7f2139ab858b84d69f3ba570ae741810465ccd5,hqs,6,28.200235494527078,0.9007032441682815
fresh_div2k_0802,DIV2K_fresh,fresh_div2k_0802,test,0.1,0.1001129150390625,0.05,2028,2ca67765660bd52eedc29dd8a7f2139ab858b84d69f3ba570ae741810465ccd5,admm,1,25.46440859835524,0.816461604008479
fresh_div2k_0802,DIV2K_fresh,fresh_div2k_0802,test,0.1,0.1001129150390625,0.05,2028,2ca67765660bd52eedc29dd8a7f2139ab858b84d69f3ba570ae741810465ccd5,admm,2,28.144195326835444,0.8968194824587703
fresh_div2k_0802,DIV2K_fresh,fresh_div2k_0802,test,0.1,0.1001129150390625,0.05,2028,2ca67765660bd52eedc29dd8a7f2139ab858b84d69f3ba570ae741810465ccd5,admm,3,28.083281927233884,0.8963762885107994
fresh_div2k_0802,DIV2K_fresh,fresh_div2k_0802,test,0.1,0.1001129150390625,0.05,2028,2ca67765660bd52eedc29dd8a7f2139ab858b84d69f3ba570ae741810465ccd5,admm,4,27.724183974963353,0.8882682791210413
fresh_div2k_0802,DIV2K_fresh,fresh_div2k_0802,test,0.1,0.1001129150390625,0.05,2028,2ca67765660bd52eedc29dd8a7f2139ab858b84d69f3ba570ae741810465ccd5,admm,5,27.88905677864225,0.8927333877841234
fresh_div2k_0802,DIV2K_fresh,fresh_div2k_0802,test,0.1,0.1001129150390625,0.05,2028,2ca67765660bd52eedc29dd8a7f2139ab858b84d69f3ba570ae741810465ccd5,admm,6,28.281478533100454,0.9026113160130977
fresh_div2k_0804,DIV2K_fresh,fresh_div2k_0804,test,0.01,0.01031494140625,0.0,2026,70ac2f8ce6ca6305b1297e9539d17707caa215f888c90e2f0ce4ef673b674716,hqs,1,18.326083002224753,0.3271607866150831
fresh_div2k_0804,DIV2K_fresh,fresh_div2k_0804,test,0.01,0.01031494140625,0.0,2026,70ac2f8ce6ca6305b1297e9539d17707caa215f888c90e2f0ce4ef673b674716,hqs,2,18.775075931611447,0.372297442189294
fresh_div2k_0804,DIV2K_fresh,fresh_div2k_0804,test,0.01,0.01031494140625,0.0,2026,70ac2f8ce6ca6305b1297e9539d17707caa215f888c90e2f0ce4ef673b674716,hqs,3,18.996079050981393,0.3958562757817246
fresh_div2k_0804,DIV2K_fresh,fresh_div2k_0804,test,0.01,0.01031494140625,0.0,2026,70ac2f8ce6ca6305b1297e9539d17707caa215f888c90e2f0ce4ef673b674716,hqs,4,19.107563693556756,0.4082394298393439
fresh_div2k_0804,DIV2K_fresh,fresh_div2k_0804,test,0.01,0.01031494140625,0.0,2026,70ac2f8ce6ca6305b1297e9539d17707caa215f888c90e2f0ce4ef673b674716,hqs,5,19.17624889747107,0.41668185012750036
fresh_div2k_0804,DIV2K_fresh,fresh_div2k_0804,test,0.01,0.01031494140625,0.0,2026,70ac2f8ce6ca6305b1297e9539d17707caa215f888c90e2f0ce4ef673b674716,hqs,6,19.216400751003604,0.4227171330052023
fresh_div2k_0804,DIV2K_fresh,fresh_div2k_0804,test,0.01,0.01031494140625,0.0,2026,70ac2f8ce6ca6305b1297e9539d17707caa215f888c90e2f0ce4ef673b674716,admm,1,18.28891451095267,0.3218949329647679
fresh_div2k_0804,DIV2K_fresh,fresh_div2k_0804,test,0.01,0.01031494140625,0.0,2026,70ac2f8ce6ca6305b1297e9539d17707caa215f888c90e2f0ce4ef673b674716,admm,2,18.8208565265855,0.3796741829955875
fresh_div2k_0804,DIV2K_fresh,fresh_div2k_0804,test,0.01,0.01031494140625,0.0,2026,70ac2f8ce6ca6305b1297e9539d17707caa215f888c90e2f0ce4ef673b674716,admm,3,19.023091679680007,0.403700859444054
fresh_div2k_0804,DIV2K_fresh,fresh_div2k_0804,test,0.01,0.01031494140625,0.0,2026,70ac2f8ce6ca6305b1297e9539d17707caa215f888c90e2f0ce4ef673b674716,admm,4,19.07952864185528,0.41257361320895386
fresh_div2k_0804,DIV2K_fresh,fresh_div2k_0804,test,0.01,0.01031494140625,0.0,2026,70ac2f8ce6ca6305b1297e9539d17707caa215f888c90e2f0ce4ef673b674716,admm,5,19.12260148574677,0.418236943233864
fresh_div2k_0804,DIV2K_fresh,fresh_div2k_0804,test,0.01,0.01031494140625,0.0,2026,70ac2f8ce6ca6305b1297e9539d17707caa215f888c90e2f0ce4ef673b674716,admm,6,19.165727919095247,0.4198867442997784
fresh_div2k_0804,DIV2K_fresh,fresh_div2k_0804,test,0.04,0.041259765625,0.0,2026,75e4ecd5077e199bdd407370d79d7652b97d4d6794c4eebc4a63397074ce082a,hqs,1,20.911190516641348,0.5079063592710155
fresh_div2k_0804,DIV2K_fresh,fresh_div2k_0804,test,0.04,0.041259765625,0.0,2026,75e4ecd5077e199bdd407370d79d7652b97d4d6794c4eebc4a63397074ce082a,hqs,2,21.87954548326274,0.583858429882781
fresh_div2k_0804,DIV2K_fresh,fresh_div2k_0804,test,0.04,0.041259765625,0.0,2026,75e4ecd5077e199bdd407370d79d7652b97d4d6794c4eebc4a63397074ce082a,hqs,3,22.43745638753312,0.6287362490220788
fresh_div2k_0804,DIV2K_fresh,fresh_div2k_0804,test,0.04,0.041259765625,0.0,2026,75e4ecd5077e199bdd407370d79d7652b97d4d6794c4eebc4a63397074ce082a,hqs,4,22.7049253610676,0.6486042982305456
fresh_div2k_0804,DIV2K_fresh,fresh_div2k_0804,test,0.04,0.041259765625,0.0,2026,75e4ecd5077e199bdd407370d79d7652b97d4d6794c4eebc4a63397074ce082a,hqs,5,22.85320577514505,0.6595526929789255
fresh_div2k_0804,DIV2K_fresh,fresh_div2k_0804,test,0.04,0.041259765625,0.0,2026,75e4ecd5077e199bdd407370d79d7652b97d4d6794c4eebc4a63397074ce082a,hqs,6,22.962534336858052,0.6707521114320827
fresh_div2k_0804,DIV2K_fresh,fresh_div2k_0804,test,0.04,0.041259765625,0.0,2026,75e4ecd5077e199bdd407370d79d7652b97d4d6794c4eebc4a63397074ce082a,admm,1,20.82479233817072,0.49938010912177483
fresh_div2k_0804,DIV2K_fresh,fresh_div2k_0804,test,0.04,0.041259765625,0.0,2026,75e4ecd5077e199bdd407370d79d7652b97d4d6794c4eebc4a63397074ce082a,admm,2,22.0434366156419,0.5983868187986845
fresh_div2k_0804,DIV2K_fresh,fresh_div2k_0804,test,0.04,0.041259765625,0.0,2026,75e4ecd5077e199bdd407370d79d7652b97d4d6794c4eebc4a63397074ce082a,admm,3,22.566764188133504,0.6405191614943133
fresh_div2k_0804,DIV2K_fresh,fresh_div2k_0804,test,0.04,0.041259765625,0.0,2026,75e4ecd5077e199bdd407370d79d7652b97d4d6794c4eebc4a63397074ce082a,admm,4,22.765234755294394,0.6569791805504241
fresh_div2k_0804,DIV2K_fresh,fresh_div2k_0804,test,0.04,0.041259765625,0.0,2026,75e4ecd5077e199bdd407370d79d7652b97d4d6794c4eebc4a63397074ce082a,admm,5,22.895299583050207,0.6664692120233141
fresh_div2k_0804,DIV2K_fresh,fresh_div2k_0804,test,0.04,0.041259765625,0.0,2026,75e4ecd5077e199bdd407370d79d7652b97d4d6794c4eebc4a63397074ce082a,admm,6,22.979413272710136,0.6677005457211617
fresh_div2k_0804,DIV2K_fresh,fresh_div2k_0804,test,0.1,0.1001129150390625,0.0,2026,1443ad6c91dec27751110c0da4d1c3902122511529cf382daa0b65d3ff4149eb,hqs,1,23.310783763693557,0.6516248467650504
fresh_div2k_0804,DIV2K_fresh,fresh_div2k_0804,test,0.1,0.1001129150390625,0.0,2026,1443ad6c91dec27751110c0da4d1c3902122511529cf382daa0b65d3ff4149eb,hqs,2,24.803313172371773,0.7370292814783007
fresh_div2k_0804,DIV2K_fresh,fresh_div2k_0804,test,0.1,0.1001129150390625,0.0,2026,1443ad6c91dec27751110c0da4d1c3902122511529cf382daa0b65d3ff4149eb,hqs,3,25.62683714557175,0.7821767996999324
fresh_div2k_0804,DIV2K_fresh,fresh_div2k_0804,test,0.1,0.1001129150390625,0.0,2026,1443ad6c91dec27751110c0da4d1c3902122511529cf382daa0b65d3ff4149eb,hqs,4,25.93251145330736,0.7950065793766975
fresh_div2k_0804,DIV2K_fresh,fresh_div2k_0804,test,0.1,0.1001129150390625,0.0,2026,1443ad6c91dec27751110c0da4d1c3902122511529cf382daa0b65d3ff4149eb,hqs,5,26.05734235746969,0.8014121975510419
fresh_div2k_0804,DIV2K_fresh,fresh_div2k_0804,test,0.1,0.1001129150390625,0.0,2026,1443ad6c91dec27751110c0da4d1c3902122511529cf382daa0b65d3ff4149eb,hqs,6,26.090734020380026,0.8073796840952039
fresh_div2k_0804,DIV2K_fresh,fresh_div2k_0804,test,0.1,0.1001129150390625,0.0,2026,1443ad6c91dec27751110c0da4d1c3902122511529cf382daa0b65d3ff4149eb,admm,1,23.189388470363195,0.6430696155105712
fresh_div2k_0804,DIV2K_fresh,fresh_div2k_0804,test,0.1,0.1001129150390625,0.0,2026,1443ad6c91dec27751110c0da4d1c3902122511529cf382daa0b65d3ff4149eb,admm,2,25.084340535439765,0.7551999313773811
fresh_div2k_0804,DIV2K_fresh,fresh_div2k_0804,test,0.1,0.1001129150390625,0.0,2026,1443ad6c91dec27751110c0da4d1c3902122511529cf382daa0b65d3ff4149eb,admm,3,25.78471434363147,0.7925410653418898
fresh_div2k_0804,DIV2K_fresh,fresh_div2k_0804,test,0.1,0.1001129150390625,0.0,2026,1443ad6c91dec27751110c0da4d1c3902122511529cf382daa0b65d3ff4149eb,admm,4,25.945998261107736,0.7989364446077496
fresh_div2k_0804,DIV2K_fresh,fresh_div2k_0804,test,0.1,0.1001129150390625,0.0,2026,1443ad6c91dec27751110c0da4d1c3902122511529cf382daa0b65d3ff4149eb,admm,5,26.064203791380613,0.8056534344473332
fresh_div2k_0804,DIV2K_fresh,fresh_div2k_0804,test,0.1,0.1001129150390625,0.0,2026,1443ad6c91dec27751110c0da4d1c3902122511529cf382daa0b65d3ff4149eb,admm,6,26.145326192632044,0.806161379501164
fresh_div2k_0804,DIV2K_fresh,fresh_div2k_0804,test,0.25,0.25,0.0,2026,e836c173a2c7124d7b075375df63bef7eb8aac240c4bfe954f669db977ca347d,hqs,1,26.330023668806003,0.7939751648393869
fresh_div2k_0804,DIV2K_fresh,fresh_div2k_0804,test,0.25,0.25,0.0,2026,e836c173a2c7124d7b075375df63bef7eb8aac240c4bfe954f669db977ca347d,hqs,2,28.064243419357236,0.8597894340956211
fresh_div2k_0804,DIV2K_fresh,fresh_div2k_0804,test,0.25,0.25,0.0,2026,e836c173a2c7124d7b075375df63bef7eb8aac240c4bfe954f669db977ca347d,hqs,3,29.01824176804706,0.8925597164521217
fresh_div2k_0804,DIV2K_fresh,fresh_div2k_0804,test,0.25,0.25,0.0,2026,e836c173a2c7124d7b075375df63bef7eb8aac240c4bfe954f669db977ca347d,hqs,4,29.430473741434533,0.9031155668857097
fresh_div2k_0804,DIV2K_fresh,fresh_div2k_0804,test,0.25,0.25,0.0,2026,e836c173a2c7124d7b075375df63bef7eb8aac240c4bfe954f669db977ca347d,hqs,5,29.62462281378416,0.9081191639201641
fresh_div2k_0804,DIV2K_fresh,fresh_div2k_0804,test,0.25,0.25,0.0,2026,e836c173a2c7124d7b075375df63bef7eb8aac240c4bfe954f669db977ca347d,hqs,6,29.717852504723204,0.9124680301976204
fresh_div2k_0804,DIV2K_fresh,fresh_div2k_0804,test,0.25,0.25,0.0,2026,e836c173a2c7124d7b075375df63bef7eb8aac240c4bfe954f669db977ca347d,admm,1,26.185388447721948,0.7872576846772432
fresh_div2k_0804,DIV2K_fresh,fresh_div2k_0804,test,0.25,0.25,0.0,2026,e836c173a2c7124d7b075375df63bef7eb8aac240c4bfe954f669db977ca347d,admm,2,28.431804749469165,0.8744996112921238
fresh_div2k_0804,DIV2K_fresh,fresh_div2k_0804,test,0.25,0.25,0.0,2026,e836c173a2c7124d7b075375df63bef7eb8aac240c4bfe954f669db977ca347d,admm,3,29.148300737547483,0.8968601150681973
fresh_div2k_0804,DIV2K_fresh,fresh_div2k_0804,test,0.25,0.25,0.0,2026,e836c173a2c7124d7b075375df63bef7eb8aac240c4bfe954f669db977ca347d,admm,4,29.38621117605218,0.9021382525149584
fresh_div2k_0804,DIV2K_fresh,fresh_div2k_0804,test,0.25,0.25,0.0,2026,e836c173a2c7124d7b075375df63bef7eb8aac240c4bfe954f669db977ca347d,admm,5,29.67573843335716,0.9095929973181486
fresh_div2k_0804,DIV2K_fresh,fresh_div2k_0804,test,0.25,0.25,0.0,2026,e836c173a2c7124d7b075375df63bef7eb8aac240c4bfe954f669db977ca347d,admm,6,29.884372593235952,0.9138744245936871
fresh_div2k_0804,DIV2K_fresh,fresh_div2k_0804,test,0.5,0.4998931884765625,0.0,2026,3ad812efe8391b47321a1c7649e04648d0e112cf0f97161859b48b31167d7b38,hqs,1,29.510367989259695,0.8942074104161263
fresh_div2k_0804,DIV2K_fresh,fresh_div2k_0804,test,0.5,0.4998931884765625,0.0,2026,3ad812efe8391b47321a1c7649e04648d0e112cf0f97161859b48b31167d7b38,hqs,2,31.640361932579015,0.9370462686991692
fresh_div2k_0804,DIV2K_fresh,fresh_div2k_0804,test,0.5,0.4998931884765625,0.0,2026,3ad812efe8391b47321a1c7649e04648d0e112cf0f97161859b48b31167d7b38,hqs,3,33.01155030493577,0.95629289442873
fresh_div2k_0804,DIV2K_fresh,fresh_div2k_0804,test,0.5,0.4998931884765625,0.0,2026,3ad812efe8391b47321a1c7649e04648d0e112cf0f97161859b48b31167d7b38,hqs,4,33.75558923857329,0.9633035400381088
fresh_div2k_0804,DIV2K_fresh,fresh_div2k_0804,test,0.5,0.4998931884765625,0.0,2026,3ad812efe8391b47321a1c7649e04648d0e112cf0f97161859b48b31167d7b38,hqs,5,34.21079466230506,0.9672271003446579
fresh_div2k_0804,DIV2K_fresh,fresh_div2k_0804,test,0.5,0.4998931884765625,0.0,2026,3ad812efe8391b47321a1c7649e04648d0e112cf0f97161859b48b31167d7b38,hqs,6,34.52059884851354,0.9698278643045425
fresh_div2k_0804,DIV2K_fresh,fresh_div2k_0804,test,0.5,0.4998931884765625,0.0,2026,3ad812efe8391b47321a1c7649e04648d0e112cf0f97161859b48b31167d7b38,admm,1,29.379084799389044,0.889800165119648
fresh_div2k_0804,DIV2K_fresh,fresh_div2k_0804,test,0.5,0.4998931884765625,0.0,2026,3ad812efe8391b47321a1c7649e04648d0e112cf0f97161859b48b31167d7b38,admm,2,32.143701334138086,0.9457848605337142
fresh_div2k_0804,DIV2K_fresh,fresh_div2k_0804,test,0.5,0.4998931884765625,0.0,2026,3ad812efe8391b47321a1c7649e04648d0e112cf0f97161859b48b31167d7b38,admm,3,33.287144979568225,0.9584520511751174
fresh_div2k_0804,DIV2K_fresh,fresh_div2k_0804,test,0.5,0.4998931884765625,0.0,2026,3ad812efe8391b47321a1c7649e04648d0e112cf0f97161859b48b31167d7b38,admm,4,33.67846784566353,0.961451056895256
fresh_div2k_0804,DIV2K_fresh,fresh_div2k_0804,test,0.5,0.4998931884765625,0.0,2026,3ad812efe8391b47321a1c7649e04648d0e112cf0f97161859b48b31167d7b38,admm,5,34.14281994937138,0.966060123752594
fresh_div2k_0804,DIV2K_fresh,fresh_div2k_0804,test,0.5,0.4998931884765625,0.0,2026,3ad812efe8391b47321a1c7649e04648d0e112cf0f97161859b48b31167d7b38,admm,6,34.54931044160397,0.9700538019080162
fresh_div2k_0804,DIV2K_fresh,fresh_div2k_0804,test,0.1,0.1001129150390625,0.01,2026,8ac4281df7d5c146116f1740f4e016ab9cf047c77f10bb18fd2682de8e208e02,hqs,1,23.29165631030776,0.6504640471125771
fresh_div2k_0804,DIV2K_fresh,fresh_div2k_0804,test,0.1,0.1001129150390625,0.01,2026,8ac4281df7d5c146116f1740f4e016ab9cf047c77f10bb18fd2682de8e208e02,hqs,2,24.76089889534371,0.7349904530711397
fresh_div2k_0804,DIV2K_fresh,fresh_div2k_0804,test,0.1,0.1001129150390625,0.01,2026,8ac4281df7d5c146116f1740f4e016ab9cf047c77f10bb18fd2682de8e208e02,hqs,3,25.55307943934816,0.7794022101195603
fresh_div2k_0804,DIV2K_fresh,fresh_div2k_0804,test,0.1,0.1001129150390625,0.01,2026,8ac4281df7d5c146116f1740f4e016ab9cf047c77f10bb18fd2682de8e208e02,hqs,4,25.844037860227868,0.7917988299896717
fresh_div2k_0804,DIV2K_fresh,fresh_div2k_0804,test,0.1,0.1001129150390625,0.01,2026,8ac4281df7d5c146116f1740f4e016ab9cf047c77f10bb18fd2682de8e208e02,hqs,5,25.959575414781856,0.7977512198286653
fresh_div2k_0804,DIV2K_fresh,fresh_div2k_0804,test,0.1,0.1001129150390625,0.01,2026,8ac4281df7d5c146116f1740f4e016ab9cf047c77f10bb18fd2682de8e208e02,hqs,6,25.971577862056996,0.802481839221552
fresh_div2k_0804,DIV2K_fresh,fresh_div2k_0804,test,0.1,0.1001129150390625,0.01,2026,8ac4281df7d5c146116f1740f4e016ab9cf047c77f10bb18fd2682de8e208e02,admm,1,23.16951585030357,0.6418312693260572
fresh_div2k_0804,DIV2K_fresh,fresh_div2k_0804,test,0.1,0.1001129150390625,0.01,2026,8ac4281df7d5c146116f1740f4e016ab9cf047c77f10bb18fd2682de8e208e02,admm,2,25.02448520638977,0.7520031893700025
fresh_div2k_0804,DIV2K_fresh,fresh_div2k_0804,test,0.1,0.1001129150390625,0.01,2026,8ac4281df7d5c146116f1740f4e016ab9cf047c77f10bb18fd2682de8e208e02,admm,3,25.681556411777233,0.7884801093993783
fresh_div2k_0804,DIV2K_fresh,fresh_div2k_0804,test,0.1,0.1001129150390625,0.01,2026,8ac4281df7d5c146116f1740f4e016ab9cf047c77f10bb18fd2682de8e208e02,admm,4,25.818012327895737,0.7941965691300928
fresh_div2k_0804,DIV2K_fresh,fresh_div2k_0804,test,0.1,0.1001129150390625,0.01,2026,8ac4281df7d5c146116f1740f4e016ab9cf047c77f10bb18fd2682de8e208e02,admm,5,25.921058492436497,0.7998783560462595
fresh_div2k_0804,DIV2K_fresh,fresh_div2k_0804,test,0.1,0.1001129150390625,0.01,2026,8ac4281df7d5c146116f1740f4e016ab9cf047c77f10bb18fd2682de8e208e02,admm,6,26.021102047529176,0.8015444350848868
fresh_div2k_0804,DIV2K_fresh,fresh_div2k_0804,test,0.1,0.1001129150390625,0.01,2027,4d8c96a24465a123bf2393ce600b9378cb7f6beef19fb45de51c868d678d164a,hqs,1,23.283098654219035,0.6498207522689449
fresh_div2k_0804,DIV2K_fresh,fresh_div2k_0804,test,0.1,0.1001129150390625,0.01,2027,4d8c96a24465a123bf2393ce600b9378cb7f6beef19fb45de51c868d678d164a,hqs,2,24.745604665169974,0.73450824887576
fresh_div2k_0804,DIV2K_fresh,fresh_div2k_0804,test,0.1,0.1001129150390625,0.01,2027,4d8c96a24465a123bf2393ce600b9378cb7f6beef19fb45de51c868d678d164a,hqs,3,25.537099047566226,0.7789203339094818
fresh_div2k_0804,DIV2K_fresh,fresh_div2k_0804,test,0.1,0.1001129150390625,0.01,2027,4d8c96a24465a123bf2393ce600b9378cb7f6beef19fb45de51c868d678d164a,hqs,4,25.82685362002568,0.7914062928154171
fresh_div2k_0804,DIV2K_fresh,fresh_div2k_0804,test,0.1,0.1001129150390625,0.01,2027,4d8c96a24465a123bf2393ce600b9378cb7f6beef19fb45de51c868d678d164a,hqs,5,25.938970699693684,0.7972352174202949
fresh_div2k_0804,DIV2K_fresh,fresh_div2k_0804,test,0.1,0.1001129150390625,0.01,2027,4d8c96a24465a123bf2393ce600b9378cb7f6beef19fb45de51c868d678d164a,hqs,6,25.945043083357167,0.8015223573540747
fresh_div2k_0804,DIV2K_fresh,fresh_div2k_0804,test,0.1,0.1001129150390625,0.01,2027,4d8c96a24465a123bf2393ce600b9378cb7f6beef19fb45de51c868d678d164a,admm,1,23.164607160114162,0.6412991653880414
fresh_div2k_0804,DIV2K_fresh,fresh_div2k_0804,test,0.1,0.1001129150390625,0.01,2027,4d8c96a24465a123bf2393ce600b9378cb7f6beef19fb45de51c868d678d164a,admm,2,25.01169696819114,0.7517548654573187
fresh_div2k_0804,DIV2K_fresh,fresh_div2k_0804,test,0.1,0.1001129150390625,0.01,2027,4d8c96a24465a123bf2393ce600b9378cb7f6beef19fb45de51c868d678d164a,admm,3,25.67367642670885,0.7882728576647341
fresh_div2k_0804,DIV2K_fresh,fresh_div2k_0804,test,0.1,0.1001129150390625,0.01,2027,4d8c96a24465a123bf2393ce600b9378cb7f6beef19fb45de51c868d678d164a,admm,4,25.808332577813143,0.7938672006726563
fresh_div2k_0804,DIV2K_fresh,fresh_div2k_0804,test,0.1,0.1001129150390625,0.01,2027,4d8c96a24465a123bf2393ce600b9378cb7f6beef19fb45de51c868d678d164a,admm,5,25.904244755086182,0.7994447528787926
fresh_div2k_0804,DIV2K_fresh,fresh_div2k_0804,test,0.1,0.1001129150390625,0.01,2027,4d8c96a24465a123bf2393ce600b9378cb7f6beef19fb45de51c868d678d164a,admm,6,25.994771121224392,0.8006716424481124
fresh_div2k_0804,DIV2K_fresh,fresh_div2k_0804,test,0.1,0.1001129150390625,0.01,2028,743ddadbc8db11e67fec6838ed4526dff8f6e3485cfef12ca796c5d1d771531d,hqs,1,23.286095024713283,0.6507106247774106
fresh_div2k_0804,DIV2K_fresh,fresh_div2k_0804,test,0.1,0.1001129150390625,0.01,2028,743ddadbc8db11e67fec6838ed4526dff8f6e3485cfef12ca796c5d1d771531d,hqs,2,24.752855030542488,0.7354200336789358
fresh_div2k_0804,DIV2K_fresh,fresh_div2k_0804,test,0.1,0.1001129150390625,0.01,2028,743ddadbc8db11e67fec6838ed4526dff8f6e3485cfef12ca796c5d1d771531d,hqs,3,25.548982075431873,0.7799325096762181
fresh_div2k_0804,DIV2K_fresh,fresh_div2k_0804,test,0.1,0.1001129150390625,0.01,2028,743ddadbc8db11e67fec6838ed4526dff8f6e3485cfef12ca796c5d1d771531d,hqs,4,25.84170618458417,0.7922005246035159
fresh_div2k_0804,DIV2K_fresh,fresh_div2k_0804,test,0.1,0.1001129150390625,0.01,2028,743ddadbc8db11e67fec6838ed4526dff8f6e3485cfef12ca796c5d1d771531d,hqs,5,25.95961832436803,0.7980886639530631
fresh_div2k_0804,DIV2K_fresh,fresh_div2k_0804,test,0.1,0.1001129150390625,0.01,2028,743ddadbc8db11e67fec6838ed4526dff8f6e3485cfef12ca796c5d1d771531d,hqs,6,25.980300875486094,0.8028024770823717
fresh_div2k_0804,DIV2K_fresh,fresh_div2k_0804,test,0.1,0.1001129150390625,0.01,2028,743ddadbc8db11e67fec6838ed4526dff8f6e3485cfef12ca796c5d1d771531d,admm,1,23.167401870446064,0.642157845206394
fresh_div2k_0804,DIV2K_fresh,fresh_div2k_0804,test,0.1,0.1001129150390625,0.01,2028,743ddadbc8db11e67fec6838ed4526dff8f6e3485cfef12ca796c5d1d771531d,admm,2,25.021503287835444,0.7529242131538316
fresh_div2k_0804,DIV2K_fresh,fresh_div2k_0804,test,0.1,0.1001129150390625,0.01,2028,743ddadbc8db11e67fec6838ed4526dff8f6e3485cfef12ca796c5d1d771531d,admm,3,25.68438756778445,0.7892813193341494
fresh_div2k_0804,DIV2K_fresh,fresh_div2k_0804,test,0.1,0.1001129150390625,0.01,2028,743ddadbc8db11e67fec6838ed4526dff8f6e3485cfef12ca796c5d1d771531d,admm,4,25.819843497873222,0.7946118692403734
fresh_div2k_0804,DIV2K_fresh,fresh_div2k_0804,test,0.1,0.1001129150390625,0.01,2028,743ddadbc8db11e67fec6838ed4526dff8f6e3485cfef12ca796c5d1d771531d,admm,5,25.913793984404407,0.8000977234591246
fresh_div2k_0804,DIV2K_fresh,fresh_div2k_0804,test,0.1,0.1001129150390625,0.01,2028,743ddadbc8db11e67fec6838ed4526dff8f6e3485cfef12ca796c5d1d771531d,admm,6,26.014309702991913,0.8016205601534844
fresh_div2k_0804,DIV2K_fresh,fresh_div2k_0804,test,0.1,0.1001129150390625,0.05,2026,935c5b0c2cf9013655e854982f8f3f2a7e7200445d3528015e9c1bacec878b76,hqs,1,22.76323543682353,0.6207764355370607
fresh_div2k_0804,DIV2K_fresh,fresh_div2k_0804,test,0.1,0.1001129150390625,0.05,2026,935c5b0c2cf9013655e854982f8f3f2a7e7200445d3528015e9c1bacec878b76,hqs,2,23.775650931930716,0.6868335985833891
fresh_div2k_0804,DIV2K_fresh,fresh_div2k_0804,test,0.1,0.1001129150390625,0.05,2026,935c5b0c2cf9013655e854982f8f3f2a7e7200445d3528015e9c1bacec878b76,hqs,3,24.061539640336562,0.7093177106931694
fresh_div2k_0804,DIV2K_fresh,fresh_div2k_0804,test,0.1,0.1001129150390625,0.05,2026,935c5b0c2cf9013655e854982f8f3f2a7e7200445d3528015e9c1bacec878b76,hqs,4,24.18875697495367,0.7177316480713594
fresh_div2k_0804,DIV2K_fresh,fresh_div2k_0804,test,0.1,0.1001129150390625,0.05,2026,935c5b0c2cf9013655e854982f8f3f2a7e7200445d3528015e9c1bacec878b76,hqs,5,24.194616999216016,0.718632100848773
fresh_div2k_0804,DIV2K_fresh,fresh_div2k_0804,test,0.1,0.1001129150390625,0.05,2026,935c5b0c2cf9013655e854982f8f3f2a7e7200445d3528015e9c1bacec878b76,hqs,6,24.01404266293983,0.7108462918317262
fresh_div2k_0804,DIV2K_fresh,fresh_div2k_0804,test,0.1,0.1001129150390625,0.05,2026,935c5b0c2cf9013655e854982f8f3f2a7e7200445d3528015e9c1bacec878b76,admm,1,22.660159447177467,0.6129631618422601
fresh_div2k_0804,DIV2K_fresh,fresh_div2k_0804,test,0.1,0.1001129150390625,0.05,2026,935c5b0c2cf9013655e854982f8f3f2a7e7200445d3528015e9c1bacec878b76,admm,2,23.818741923077447,0.6889735104005651
fresh_div2k_0804,DIV2K_fresh,fresh_div2k_0804,test,0.1,0.1001129150390625,0.05,2026,935c5b0c2cf9013655e854982f8f3f2a7e7200445d3528015e9c1bacec878b76,admm,3,23.881457303133388,0.7019648133309987
fresh_div2k_0804,DIV2K_fresh,fresh_div2k_0804,test,0.1,0.1001129150390625,0.05,2026,935c5b0c2cf9013655e854982f8f3f2a7e7200445d3528015e9c1bacec878b76,admm,4,23.86960069791709,0.7039024870373541
fresh_div2k_0804,DIV2K_fresh,fresh_div2k_0804,test,0.1,0.1001129150390625,0.05,2026,935c5b0c2cf9013655e854982f8f3f2a7e7200445d3528015e9c1bacec878b76,admm,5,23.8493593811533,0.7017951106712371
fresh_div2k_0804,DIV2K_fresh,fresh_div2k_0804,test,0.1,0.1001129150390625,0.05,2026,935c5b0c2cf9013655e854982f8f3f2a7e7200445d3528015e9c1bacec878b76,admm,6,24.095205783586337,0.7164715512259864
fresh_div2k_0804,DIV2K_fresh,fresh_div2k_0804,test,0.1,0.1001129150390625,0.05,2027,2de4bfeb2d96aae36c369a003952f5ab810744a0d241d407d7e4c9f795bb20a9,hqs,1,22.70424790083179,0.6175734215753672
fresh_div2k_0804,DIV2K_fresh,fresh_div2k_0804,test,0.1,0.1001129150390625,0.05,2027,2de4bfeb2d96aae36c369a003952f5ab810744a0d241d407d7e4c9f795bb20a9,hqs,2,23.721335977171787,0.6848603225941937
fresh_div2k_0804,DIV2K_fresh,fresh_div2k_0804,test,0.1,0.1001129150390625,0.05,2027,2de4bfeb2d96aae36c369a003952f5ab810744a0d241d407d7e4c9f795bb20a9,hqs,3,23.998445828415992,0.7060714221425336
fresh_div2k_0804,DIV2K_fresh,fresh_div2k_0804,test,0.1,0.1001129150390625,0.05,2027,2de4bfeb2d96aae36c369a003952f5ab810744a0d241d407d7e4c9f795bb20a9,hqs,4,24.10631121187879,0.7144202892566118
fresh_div2k_0804,DIV2K_fresh,fresh_div2k_0804,test,0.1,0.1001129150390625,0.05,2027,2de4bfeb2d96aae36c369a003952f5ab810744a0d241d407d7e4c9f795bb20a9,hqs,5,24.106263181031334,0.7155930347412289
fresh_div2k_0804,DIV2K_fresh,fresh_div2k_0804,test,0.1,0.1001129150390625,0.05,2027,2de4bfeb2d96aae36c369a003952f5ab810744a0d241d407d7e4c9f795bb20a9,hqs,6,23.915178356683796,0.7064099755413188
fresh_div2k_0804,DIV2K_fresh,fresh_div2k_0804,test,0.1,0.1001129150390625,0.05,2027,2de4bfeb2d96aae36c369a003952f5ab810744a0d241d407d7e4c9f795bb20a9,admm,1,22.616921585451088,0.6103106483926029
fresh_div2k_0804,DIV2K_fresh,fresh_div2k_0804,test,0.1,0.1001129150390625,0.05,2027,2de4bfeb2d96aae36c369a003952f5ab810744a0d241d407d7e4c9f795bb20a9,admm,2,23.762358817734096,0.6873436371594961
fresh_div2k_0804,DIV2K_fresh,fresh_div2k_0804,test,0.1,0.1001129150390625,0.05,2027,2de4bfeb2d96aae36c369a003952f5ab810744a0d241d407d7e4c9f795bb20a9,admm,3,23.82095558303108,0.6988007551142401
fresh_div2k_0804,DIV2K_fresh,fresh_div2k_0804,test,0.1,0.1001129150390625,0.05,2027,2de4bfeb2d96aae36c369a003952f5ab810744a0d241d407d7e4c9f795bb20a9,admm,4,23.785435528358963,0.7004747251166313
fresh_div2k_0804,DIV2K_fresh,fresh_div2k_0804,test,0.1,0.1001129150390625,0.05,2027,2de4bfeb2d96aae36c369a003952f5ab810744a0d241d407d7e4c9f795bb20a9,admm,5,23.7489263278948,0.6984860917236357
fresh_div2k_0804,DIV2K_fresh,fresh_div2k_0804,test,0.1,0.1001129150390625,0.05,2027,2de4bfeb2d96aae36c369a003952f5ab810744a0d241d407d7e4c9f795bb20a9,admm,6,23.966090737026352,0.712079591463916
fresh_div2k_0804,DIV2K_fresh,fresh_div2k_0804,test,0.1,0.1001129150390625,0.05,2028,3a0663bee51296f8f6bbea717b9245efcbd2fc945fd0007e157e1a6b9c80e42c,hqs,1,22.738344248490442,0.6225916374448827
fresh_div2k_0804,DIV2K_fresh,fresh_div2k_0804,test,0.1,0.1001129150390625,0.05,2028,3a0663bee51296f8f6bbea717b9245efcbd2fc945fd0007e157e1a6b9c80e42c,hqs,2,23.768240631753905,0.6893818360878367
fresh_div2k_0804,DIV2K_fresh,fresh_div2k_0804,test,0.1,0.1001129150390625,0.05,2028,3a0663bee51296f8f6bbea717b9245efcbd2fc945fd0007e157e1a6b9c80e42c,hqs,3,24.064652133270027,0.711804842121644
fresh_div2k_0804,DIV2K_fresh,fresh_div2k_0804,test,0.1,0.1001129150390625,0.05,2028,3a0663bee51296f8f6bbea717b9245efcbd2fc945fd0007e157e1a6b9c80e42c,hqs,4,24.18123618521062,0.7191888145137169
fresh_div2k_0804,DIV2K_fresh,fresh_div2k_0804,test,0.1,0.1001129150390625,0.05,2028,3a0663bee51296f8f6bbea717b9245efcbd2fc945fd0007e157e1a6b9c80e42c,hqs,5,24.205709465291143,0.7207521434605978
fresh_div2k_0804,DIV2K_fresh,fresh_div2k_0804,test,0.1,0.1001129150390625,0.05,2028,3a0663bee51296f8f6bbea717b9245efcbd2fc945fd0007e157e1a6b9c80e42c,hqs,6,24.045503889972878,0.7122587802921347
fresh_div2k_0804,DIV2K_fresh,fresh_div2k_0804,test,0.1,0.1001129150390625,0.05,2028,3a0663bee51296f8f6bbea717b9245efcbd2fc945fd0007e157e1a6b9c80e42c,admm,1,22.651287966443995,0.6151321438998736
fresh_div2k_0804,DIV2K_fresh,fresh_div2k_0804,test,0.1,0.1001129150390625,0.05,2028,3a0663bee51296f8f6bbea717b9245efcbd2fc945fd0007e157e1a6b9c80e42c,admm,2,23.81996295742603,0.6929145184725123
fresh_div2k_0804,DIV2K_fresh,fresh_div2k_0804,test,0.1,0.1001129150390625,0.05,2028,3a0663bee51296f8f6bbea717b9245efcbd2fc945fd0007e157e1a6b9c80e42c,admm,3,23.91873928371823,0.7063629749491522
fresh_div2k_0804,DIV2K_fresh,fresh_div2k_0804,test,0.1,0.1001129150390625,0.05,2028,3a0663bee51296f8f6bbea717b9245efcbd2fc945fd0007e157e1a6b9c80e42c,admm,4,23.89618869273423,0.7065164250447242
fresh_div2k_0804,DIV2K_fresh,fresh_div2k_0804,test,0.1,0.1001129150390625,0.05,2028,3a0663bee51296f8f6bbea717b9245efcbd2fc945fd0007e157e1a6b9c80e42c,admm,5,23.869904302654845,0.7045478878846988
fresh_div2k_0804,DIV2K_fresh,fresh_div2k_0804,test,0.1,0.1001129150390625,0.05,2028,3a0663bee51296f8f6bbea717b9245efcbd2fc945fd0007e157e1a6b9c80e42c,admm,6,24.10972339230198,0.7183491729501859
fresh_div2k_0808,DIV2K_fresh,fresh_div2k_0808,test,0.01,0.01031494140625,0.0,2026,a1a665cf8dfb046dcb1d2567b76bd7df43021866d301cbc27ba8bc4e7661517d,hqs,1,21.049826170246376,0.5374188251490593
fresh_div2k_0808,DIV2K_fresh,fresh_div2k_0808,test,0.01,0.01031494140625,0.0,2026,a1a665cf8dfb046dcb1d2567b76bd7df43021866d301cbc27ba8bc4e7661517d,hqs,2,21.791365380212973,0.6439075913590587
fresh_div2k_0808,DIV2K_fresh,fresh_div2k_0808,test,0.01,0.01031494140625,0.0,2026,a1a665cf8dfb046dcb1d2567b76bd7df43021866d301cbc27ba8bc4e7661517d,hqs,3,22.320606936413764,0.6951764822195808
fresh_div2k_0808,DIV2K_fresh,fresh_div2k_0808,test,0.01,0.01031494140625,0.0,2026,a1a665cf8dfb046dcb1d2567b76bd7df43021866d301cbc27ba8bc4e7661517d,hqs,4,22.64191324731406,0.7143600339084113
fresh_div2k_0808,DIV2K_fresh,fresh_div2k_0808,test,0.01,0.01031494140625,0.0,2026,a1a665cf8dfb046dcb1d2567b76bd7df43021866d301cbc27ba8bc4e7661517d,hqs,5,22.82288908621997,0.722741515086202
fresh_div2k_0808,DIV2K_fresh,fresh_div2k_0808,test,0.01,0.01031494140625,0.0,2026,a1a665cf8dfb046dcb1d2567b76bd7df43021866d301cbc27ba8bc4e7661517d,hqs,6,22.98909998703985,0.7309261252895164
fresh_div2k_0808,DIV2K_fresh,fresh_div2k_0808,test,0.01,0.01031494140625,0.0,2026,a1a665cf8dfb046dcb1d2567b76bd7df43021866d301cbc27ba8bc4e7661517d,admm,1,21.028261070083293,0.5258114415495855
fresh_div2k_0808,DIV2K_fresh,fresh_div2k_0808,test,0.01,0.01031494140625,0.0,2026,a1a665cf8dfb046dcb1d2567b76bd7df43021866d301cbc27ba8bc4e7661517d,admm,2,21.896990880325312,0.6638590104475002
fresh_div2k_0808,DIV2K_fresh,fresh_div2k_0808,test,0.01,0.01031494140625,0.0,2026,a1a665cf8dfb046dcb1d2567b76bd7df43021866d301cbc27ba8bc4e7661517d,admm,3,22.35996925532315,0.7019303716919946
fresh_div2k_0808,DIV2K_fresh,fresh_div2k_0808,test,0.01,0.01031494140625,0.0,2026,a1a665cf8dfb046dcb1d2567b76bd7df43021866d301cbc27ba8bc4e7661517d,admm,4,22.61198261059404,0.7128541470876756
fresh_div2k_0808,DIV2K_fresh,fresh_div2k_0808,test,0.01,0.01031494140625,0.0,2026,a1a665cf8dfb046dcb1d2567b76bd7df43021866d301cbc27ba8bc4e7661517d,admm,5,22.77505661187064,0.7192953468708106
fresh_div2k_0808,DIV2K_fresh,fresh_div2k_0808,test,0.01,0.01031494140625,0.0,2026,a1a665cf8dfb046dcb1d2567b76bd7df43021866d301cbc27ba8bc4e7661517d,admm,6,22.898211831279603,0.7281004510056029
fresh_div2k_0808,DIV2K_fresh,fresh_div2k_0808,test,0.04,0.041259765625,0.0,2026,411b997be69d7989538c47150e773fe983be3e1c91aaea6978b114c026584585,hqs,1,23.50590529868704,0.6277536623015723
fresh_div2k_0808,DIV2K_fresh,fresh_div2k_0808,test,0.04,0.041259765625,0.0,2026,411b997be69d7989538c47150e773fe983be3e1c91aaea6978b114c026584585,hqs,2,24.864008082754367,0.754196487633093
fresh_div2k_0808,DIV2K_fresh,fresh_div2k_0808,test,0.04,0.041259765625,0.0,2026,411b997be69d7989538c47150e773fe983be3e1c91aaea6978b114c026584585,hqs,3,25.742119308823685,0.8187558560155853
fresh_div2k_0808,DIV2K_fresh,fresh_div2k_0808,test,0.04,0.041259765625,0.0,2026,411b997be69d7989538c47150e773fe983be3e1c91aaea6978b114c026584585,hqs,4,26.22419259531989,0.8378461736326132
fresh_div2k_0808,DIV2K_fresh,fresh_div2k_0808,test,0.04,0.041259765625,0.0,2026,411b997be69d7989538c47150e773fe983be3e1c91aaea6978b114c026584585,hqs,5,26.529448256352055,0.8468746995038912
fresh_div2k_0808,DIV2K_fresh,fresh_div2k_0808,test,0.04,0.041259765625,0.0,2026,411b997be69d7989538c47150e773fe983be3e1c91aaea6978b114c026584585,hqs,6,26.74654267361562,0.8587998595801103
fresh_div2k_0808,DIV2K_fresh,fresh_div2k_0808,test,0.04,0.041259765625,0.0,2026,411b997be69d7989538c47150e773fe983be3e1c91aaea6978b114c026584585,admm,1,23.413880740456165,0.6114816880946708
fresh_div2k_0808,DIV2K_fresh,fresh_div2k_0808,test,0.04,0.041259765625,0.0,2026,411b997be69d7989538c47150e773fe983be3e1c91aaea6978b114c026584585,admm,2,25.07873242005743,0.7716300521459705
fresh_div2k_0808,DIV2K_fresh,fresh_div2k_0808,test,0.04,0.041259765625,0.0,2026,411b997be69d7989538c47150e773fe983be3e1c91aaea6978b114c026584585,admm,3,25.928287347875507,0.8279157778020269
fresh_div2k_0808,DIV2K_fresh,fresh_div2k_0808,test,0.04,0.041259765625,0.0,2026,411b997be69d7989538c47150e773fe983be3e1c91aaea6978b114c026584585,admm,4,26.304549259789045,0.8402691744266674
fresh_div2k_0808,DIV2K_fresh,fresh_div2k_0808,test,0.04,0.041259765625,0.0,2026,411b997be69d7989538c47150e773fe983be3e1c91aaea6978b114c026584585,admm,5,26.573472784354493,0.8490463466759697
fresh_div2k_0808,DIV2K_fresh,fresh_div2k_0808,test,0.04,0.041259765625,0.0,2026,411b997be69d7989538c47150e773fe983be3e1c91aaea6978b114c026584585,admm,6,26.765342124255284,0.8585934238251001
fresh_div2k_0808,DIV2K_fresh,fresh_div2k_0808,test,0.1,0.1001129150390625,0.0,2026,d7032f0e4980e3c86a0d708077158b1428c0bca5621ebb9961f810405b1169bb,hqs,1,25.60858397680385,0.7244520283827726
fresh_div2k_0808,DIV2K_fresh,fresh_div2k_0808,test,0.1,0.1001129150390625,0.0,2026,d7032f0e4980e3c86a0d708077158b1428c0bca5621ebb9961f810405b1169bb,hqs,2,27.35276322301525,0.8385751196197253
fresh_div2k_0808,DIV2K_fresh,fresh_div2k_0808,test,0.1,0.1001129150390625,0.0,2026,d7032f0e4980e3c86a0d708077158b1428c0bca5621ebb9961f810405b1169bb,hqs,3,28.416470546976235,0.8919389584239721
fresh_div2k_0808,DIV2K_fresh,fresh_div2k_0808,test,0.1,0.1001129150390625,0.0,2026,d7032f0e4980e3c86a0d708077158b1428c0bca5621ebb9961f810405b1169bb,hqs,4,28.914036618946533,0.9048587020392418
fresh_div2k_0808,DIV2K_fresh,fresh_div2k_0808,test,0.1,0.1001129150390625,0.0,2026,d7032f0e4980e3c86a0d708077158b1428c0bca5621ebb9961f810405b1169bb,hqs,5,29.209783285940443,0.9129373545823097
fresh_div2k_0808,DIV2K_fresh,fresh_div2k_0808,test,0.1,0.1001129150390625,0.0,2026,d7032f0e4980e3c86a0d708077158b1428c0bca5621ebb9961f810405b1169bb,hqs,6,29.441705411781086,0.9215630284144878
fresh_div2k_0808,DIV2K_fresh,fresh_div2k_0808,test,0.1,0.1001129150390625,0.0,2026,d7032f0e4980e3c86a0d708077158b1428c0bca5621ebb9961f810405b1169bb,admm,1,25.49927938961405,0.7084602534669298
fresh_div2k_0808,DIV2K_fresh,fresh_div2k_0808,test,0.1,0.1001129150390625,0.0,2026,d7032f0e4980e3c86a0d708077158b1428c0bca5621ebb9961f810405b1169bb,admm,2,27.698833764379756,0.8576653764820695
fresh_div2k_0808,DIV2K_fresh,fresh_div2k_0808,test,0.1,0.1001129150390625,0.0,2026,d7032f0e4980e3c86a0d708077158b1428c0bca5621ebb9961f810405b1169bb,admm,3,28.68325350248387,0.898775581262827
fresh_div2k_0808,DIV2K_fresh,fresh_div2k_0808,test,0.1,0.1001129150390625,0.0,2026,d7032f0e4980e3c86a0d708077158b1428c0bca5621ebb9961f810405b1169bb,admm,4,29.012604708335957,0.9049583354868889
fresh_div2k_0808,DIV2K_fresh,fresh_div2k_0808,test,0.1,0.1001129150390625,0.0,2026,d7032f0e4980e3c86a0d708077158b1428c0bca5621ebb9961f810405b1169bb,admm,5,29.294028734354796,0.9133896294534206
fresh_div2k_0808,DIV2K_fresh,fresh_div2k_0808,test,0.1,0.1001129150390625,0.0,2026,d7032f0e4980e3c86a0d708077158b1428c0bca5621ebb9961f810405b1169bb,admm,6,29.52860871179411,0.9218513470547199
fresh_div2k_0808,DIV2K_fresh,fresh_div2k_0808,test,0.25,0.25,0.0,2026,90e23858ebfc2f304a6b6b3a5526ef1208d5fccd813b3765fdf00e7af32e01f6,hqs,1,28.505180900238564,0.8299465396388173
fresh_div2k_0808,DIV2K_fresh,fresh_div2k_0808,test,0.25,0.25,0.0,2026,90e23858ebfc2f304a6b6b3a5526ef1208d5fccd813b3765fdf00e7af32e01f6,hqs,2,30.692606919889897,0.9132111699142456
fresh_div2k_0808,DIV2K_fresh,fresh_div2k_0808,test,0.25,0.25,0.0,2026,90e23858ebfc2f304a6b6b3a5526ef1208d5fccd813b3765fdf00e7af32e01f6,hqs,3,31.981513554556113,0.9468264391212463
fresh_div2k_0808,DIV2K_fresh,fresh_div2k_0808,test,0.25,0.25,0.0,2026,90e23858ebfc2f304a6b6b3a5526ef1208d5fccd813b3765fdf00e7af32e01f6,hqs,4,32.68446212927868,0.9546874996428489
fresh_div2k_0808,DIV2K_fresh,fresh_div2k_0808,test,0.25,0.25,0.0,2026,90e23858ebfc2f304a6b6b3a5526ef1208d5fccd813b3765fdf00e7af32e01f6,hqs,5,33.14657749727097,0.9598204221916199
fresh_div2k_0808,DIV2K_fresh,fresh_div2k_0808,test,0.25,0.25,0.0,2026,90e23858ebfc2f304a6b6b3a5526ef1208d5fccd813b3765fdf00e7af32e01f6,hqs,6,33.49764220788288,0.9652620769939423
fresh_div2k_0808,DIV2K_fresh,fresh_div2k_0808,test,0.25,0.25,0.0,2026,90e23858ebfc2f304a6b6b3a5526ef1208d5fccd813b3765fdf00e7af32e01f6,admm,1,28.35731467003846,0.8170034870894253
fresh_div2k_0808,DIV2K_fresh,fresh_div2k_0808,test,0.25,0.25,0.0,2026,90e23858ebfc2f304a6b6b3a5526ef1208d5fccd813b3765fdf00e7af32e01f6,admm,2,31.11247491864092,0.9273199698843956
fresh_div2k_0808,DIV2K_fresh,fresh_div2k_0808,test,0.25,0.25,0.0,2026,90e23858ebfc2f304a6b6b3a5526ef1208d5fccd813b3765fdf00e7af32e01f6,admm,3,32.28665904080338,0.9487744819536209
fresh_div2k_0808,DIV2K_fresh,fresh_div2k_0808,test,0.25,0.25,0.0,2026,90e23858ebfc2f304a6b6b3a5526ef1208d5fccd813b3765fdf00e7af32e01f6,admm,4,32.7386861818085,0.9525649952220917
fresh_div2k_0808,DIV2K_fresh,fresh_div2k_0808,test,0.25,0.25,0.0,2026,90e23858ebfc2f304a6b6b3a5526ef1208d5fccd813b3765fdf00e7af32e01f6,admm,5,33.19046617108842,0.9590906591081619
fresh_div2k_0808,DIV2K_fresh,fresh_div2k_0808,test,0.25,0.25,0.0,2026,90e23858ebfc2f304a6b6b3a5526ef1208d5fccd813b3765fdf00e7af32e01f6,admm,6,33.549784304518056,0.9653804065990448
fresh_div2k_0808,DIV2K_fresh,fresh_div2k_0808,test,0.5,0.4998931884765625,0.0,2026,73ba6e9bf77c884f63f5e1cdd773222449a55730ddd0160df999e0f9f3e2f8b1,hqs,1,31.9509184916908,0.908508353773594
fresh_div2k_0808,DIV2K_fresh,fresh_div2k_0808,test,0.5,0.4998931884765625,0.0,2026,73ba6e9bf77c884f63f5e1cdd773222449a55730ddd0160df999e0f9f3e2f8b1,hqs,2,34.67377458365498,0.9591249093008042
fresh_div2k_0808,DIV2K_fresh,fresh_div2k_0808,test,0.5,0.4998931884765625,0.0,2026,73ba6e9bf77c884f63f5e1cdd773222449a55730ddd0160df999e0f9f3e2f8b1,hqs,3,36.44809032597592,0.9778870618448258
fresh_div2k_0808,DIV2K_fresh,fresh_div2k_0808,test,0.5,0.4998931884765625,0.0,2026,73ba6e9bf77c884f63f5e1cdd773222449a55730ddd0160df999e0f9f3e2f8b1,hqs,4,37.48955285048589,0.9827498187274933
fresh_div2k_0808,DIV2K_fresh,fresh_div2k_0808,test,0.5,0.4998931884765625,0.0,2026,73ba6e9bf77c884f63f5e1cdd773222449a55730ddd0160df999e0f9f3e2f8b1,hqs,5,38.07268777855742,0.9852117601900101
fresh_div2k_0808,DIV2K_fresh,fresh_div2k_0808,test,0.5,0.4998931884765625,0.0,2026,73ba6e9bf77c884f63f5e1cdd773222449a55730ddd0160df999e0f9f3e2f8b1,hqs,6,38.419301746434314,0.9875435921144485
fresh_div2k_0808,DIV2K_fresh,fresh_div2k_0808,test,0.5,0.4998931884765625,0.0,2026,73ba6e9bf77c884f63f5e1cdd773222449a55730ddd0160df999e0f9f3e2f8b1,admm,1,31.779241325192658,0.8993112765040397
fresh_div2k_0808,DIV2K_fresh,fresh_div2k_0808,test,0.5,0.4998931884765625,0.0,2026,73ba6e9bf77c884f63f5e1cdd773222449a55730ddd0160df999e0f9f3e2f8b1,admm,2,35.16883483908248,0.9652554961671829
fresh_div2k_0808,DIV2K_fresh,fresh_div2k_0808,test,0.5,0.4998931884765625,0.0,2026,73ba6e9bf77c884f63f5e1cdd773222449a55730ddd0160df999e0f9f3e2f8b1,admm,3,36.83236538558654,0.9768745045061111
fresh_div2k_0808,DIV2K_fresh,fresh_div2k_0808,test,0.5,0.4998931884765625,0.0,2026,73ba6e9bf77c884f63f5e1cdd773222449a55730ddd0160df999e0f9f3e2f8b1,admm,4,37.38949165231142,0.9789333102836609
fresh_div2k_0808,DIV2K_fresh,fresh_div2k_0808,test,0.5,0.4998931884765625,0.0,2026,73ba6e9bf77c884f63f5e1cdd773222449a55730ddd0160df999e0f9f3e2f8b1,admm,5,37.99864200053092,0.9836698127012253
fresh_div2k_0808,DIV2K_fresh,fresh_div2k_0808,test,0.5,0.4998931884765625,0.0,2026,73ba6e9bf77c884f63f5e1cdd773222449a55730ddd0160df999e0f9f3e2f8b1,admm,6,38.46630912799013,0.9874722883758545
fresh_div2k_0808,DIV2K_fresh,fresh_div2k_0808,test,0.1,0.1001129150390625,0.01,2026,9bbcede1da685b63dd7e12084bec2ebe6854f51b5f20d6d66ec2ffd122949ed0,hqs,1,25.598777400566235,0.7227102662378513
fresh_div2k_0808,DIV2K_fresh,fresh_div2k_0808,test,0.1,0.1001129150390625,0.01,2026,9bbcede1da685b63dd7e12084bec2ebe6854f51b5f20d6d66ec2ffd122949ed0,hqs,2,27.337121988712063,0.836832995856002
fresh_div2k_0808,DIV2K_fresh,fresh_div2k_0808,test,0.1,0.1001129150390625,0.01,2026,9bbcede1da685b63dd7e12084bec2ebe6854f51b5f20d6d66ec2ffd122949ed0,hqs,3,28.373867244741916,0.8900377421545982
fresh_div2k_0808,DIV2K_fresh,fresh_div2k_0808,test,0.1,0.1001129150390625,0.01,2026,9bbcede1da685b63dd7e12084bec2ebe6854f51b5f20d6d66ec2ffd122949ed0,hqs,4,28.822681552067216,0.9026371793780327
fresh_div2k_0808,DIV2K_fresh,fresh_div2k_0808,test,0.1,0.1001129150390625,0.01,2026,9bbcede1da685b63dd7e12084bec2ebe6854f51b5f20d6d66ec2ffd122949ed0,hqs,5,29.060514914385934,0.9105018162403107
fresh_div2k_0808,DIV2K_fresh,fresh_div2k_0808,test,0.1,0.1001129150390625,0.01,2026,9bbcede1da685b63dd7e12084bec2ebe6854f51b5f20d6d66ec2ffd122949ed0,hqs,6,29.18615936681814,0.9143444390568733
fresh_div2k_0808,DIV2K_fresh,fresh_div2k_0808,test,0.1,0.1001129150390625,0.01,2026,9bbcede1da685b63dd7e12084bec2ebe6854f51b5f20d6d66ec2ffd122949ed0,admm,1,25.48906965307396,0.7066331810189569
fresh_div2k_0808,DIV2K_fresh,fresh_div2k_0808,test,0.1,0.1001129150390625,0.01,2026,9bbcede1da685b63dd7e12084bec2ebe6854f51b5f20d6d66ec2ffd122949ed0,admm,2,27.662119997361273,0.8543697115614414
fresh_div2k_0808,DIV2K_fresh,fresh_div2k_0808,test,0.1,0.1001129150390625,0.01,2026,9bbcede1da685b63dd7e12084bec2ebe6854f51b5f20d6d66ec2ffd122949ed0,admm,3,28.594132455264987,0.8951491745193004
fresh_div2k_0808,DIV2K_fresh,fresh_div2k_0808,test,0.1,0.1001129150390625,0.01,2026,9bbcede1da685b63dd7e12084bec2ebe6854f51b5f20d6d66ec2ffd122949ed0,admm,4,28.862969866299387,0.9003298270945549
fresh_div2k_0808,DIV2K_fresh,fresh_div2k_0808,test,0.1,0.1001129150390625,0.01,2026,9bbcede1da685b63dd7e12084bec2ebe6854f51b5f20d6d66ec2ffd122949ed0,admm,5,29.063960230221547,0.9054409797530174
fresh_div2k_0808,DIV2K_fresh,fresh_div2k_0808,test,0.1,0.1001129150390625,0.01,2026,9bbcede1da685b63dd7e12084bec2ebe6854f51b5f20d6d66ec2ffd122949ed0,admm,6,29.26224813092523,0.9159796942088604
fresh_div2k_0808,DIV2K_fresh,fresh_div2k_0808,test,0.1,0.1001129150390625,0.01,2027,23974fb8a618221bea8e574e343252b8c665ae80bfb22f762a1df42a326fa6b7,hqs,1,25.590041541645363,0.7223991762253528
fresh_div2k_0808,DIV2K_fresh,fresh_div2k_0808,test,0.1,0.1001129150390625,0.01,2027,23974fb8a618221bea8e574e343252b8c665ae80bfb22f762a1df42a326fa6b7,hqs,2,27.323223852934873,0.8366884063513438
fresh_div2k_0808,DIV2K_fresh,fresh_div2k_0808,test,0.1,0.1001129150390625,0.01,2027,23974fb8a618221bea8e574e343252b8c665ae80bfb22f762a1df42a326fa6b7,hqs,3,28.37062194025174,0.8906160029604435
fresh_div2k_0808,DIV2K_fresh,fresh_div2k_0808,test,0.1,0.1001129150390625,0.01,2027,23974fb8a618221bea8e574e343252b8c665ae80bfb22f762a1df42a326fa6b7,hqs,4,28.82481702489305,0.9035057456853389
fresh_div2k_0808,DIV2K_fresh,fresh_div2k_0808,test,0.1,0.1001129150390625,0.01,2027,23974fb8a618221bea8e574e343252b8c665ae80bfb22f762a1df42a326fa6b7,hqs,5,29.05676539080018,0.9107684039449692
fresh_div2k_0808,DIV2K_fresh,fresh_div2k_0808,test,0.1,0.1001129150390625,0.01,2027,23974fb8a618221bea8e574e343252b8c665ae80bfb22f762a1df42a326fa6b7,hqs,6,29.17923913386748,0.9138941157941818
fresh_div2k_0808,DIV2K_fresh,fresh_div2k_0808,test,0.1,0.1001129150390625,0.01,2027,23974fb8a618221bea8e574e343252b8c665ae80bfb22f762a1df42a326fa6b7,admm,1,25.484420486588057,0.706462279512111
fresh_div2k_0808,DIV2K_fresh,fresh_div2k_0808,test,0.1,0.1001129150390625,0.01,2027,23974fb8a618221bea8e574e343252b8c665ae80bfb22f762a1df42a326fa6b7,admm,2,27.65675115509682,0.8547320721883178
fresh_div2k_0808,DIV2K_fresh,fresh_div2k_0808,test,0.1,0.1001129150390625,0.01,2027,23974fb8a618221bea8e574e343252b8c665ae80bfb22f762a1df42a326fa6b7,admm,3,28.59719737144981,0.8956106471598149
fresh_div2k_0808,DIV2K_fresh,fresh_div2k_0808,test,0.1,0.1001129150390625,0.01,2027,23974fb8a618221bea8e574e343252b8c665ae80bfb22f762a1df42a326fa6b7,admm,4,28.86402234443084,0.9005273269698619
fresh_div2k_0808,DIV2K_fresh,fresh_div2k_0808,test,0.1,0.1001129150390625,0.01,2027,23974fb8a618221bea8e574e343252b8c665ae80bfb22f762a1df42a326fa6b7,admm,5,29.065156157214314,0.9055985487506389
fresh_div2k_0808,DIV2K_fresh,fresh_div2k_0808,test,0.1,0.1001129150390625,0.01,2027,23974fb8a618221bea8e574e343252b8c665ae80bfb22f762a1df42a326fa6b7,admm,6,29.27466716181122,0.9162593648910522
fresh_div2k_0808,DIV2K_fresh,fresh_div2k_0808,test,0.1,0.1001129150390625,0.01,2028,b47223ca431f5041be331f2a6d6bf56c369d5d8cd5251631209bdcf6ecb4777e,hqs,1,25.60011192184674,0.7227268469001521
fresh_div2k_0808,DIV2K_fresh,fresh_div2k_0808,test,0.1,0.1001129150390625,0.01,2028,b47223ca431f5041be331f2a6d6bf56c369d5d8cd5251631209bdcf6ecb4777e,hqs,2,27.344776106224785,0.8371012989564091
fresh_div2k_0808,DIV2K_fresh,fresh_div2k_0808,test,0.1,0.1001129150390625,0.01,2028,b47223ca431f5041be331f2a6d6bf56c369d5d8cd5251631209bdcf6ecb4777e,hqs,3,28.393680659265208,0.8910091383954286
fresh_div2k_0808,DIV2K_fresh,fresh_div2k_0808,test,0.1,0.1001129150390625,0.01,2028,b47223ca431f5041be331f2a6d6bf56c369d5d8cd5251631209bdcf6ecb4777e,hqs,4,28.853149981266036,0.9036474124612808
fresh_div2k_0808,DIV2K_fresh,fresh_div2k_0808,test,0.1,0.1001129150390625,0.01,2028,b47223ca431f5041be331f2a6d6bf56c369d5d8cd5251631209bdcf6ecb4777e,hqs,5,29.09169383045947,0.9109755976040363
fresh_div2k_0808,DIV2K_fresh,fresh_div2k_0808,test,0.1,0.1001129150390625,0.01,2028,b47223ca431f5041be331f2a6d6bf56c369d5d8cd5251631209bdcf6ecb4777e,hqs,6,29.20775715994569,0.9142593967697621
fresh_div2k_0808,DIV2K_fresh,fresh_div2k_0808,test,0.1,0.1001129150390625,0.01,2028,b47223ca431f5041be331f2a6d6bf56c369d5d8cd5251631209bdcf6ecb4777e,admm,1,25.488620937435762,0.70662819032369
fresh_div2k_0808,DIV2K_fresh,fresh_div2k_0808,test,0.1,0.1001129150390625,0.01,2028,b47223ca431f5041be331f2a6d6bf56c369d5d8cd5251631209bdcf6ecb4777e,admm,2,27.670646852884605,0.8546476417990327
fresh_div2k_0808,DIV2K_fresh,fresh_div2k_0808,test,0.1,0.1001129150390625,0.01,2028,b47223ca431f5041be331f2a6d6bf56c369d5d8cd5251631209bdcf6ecb4777e,admm,3,28.612191307500453,0.8962019062922001
fresh_div2k_0808,DIV2K_fresh,fresh_div2k_0808,test,0.1,0.1001129150390625,0.01,2028,b47223ca431f5041be331f2a6d6bf56c369d5d8cd5251631209bdcf6ecb4777e,admm,4,28.882515978850343,0.9009146516973973
fresh_div2k_0808,DIV2K_fresh,fresh_div2k_0808,test,0.1,0.1001129150390625,0.01,2028,b47223ca431f5041be331f2a6d6bf56c369d5d8cd5251631209bdcf6ecb4777e,admm,5,29.08906389255411,0.9058883938260078
fresh_div2k_0808,DIV2K_fresh,fresh_div2k_0808,test,0.1,0.1001129150390625,0.01,2028,b47223ca431f5041be331f2a6d6bf56c369d5d8cd5251631209bdcf6ecb4777e,admm,6,29.29420310837553,0.9162015789151192
fresh_div2k_0808,DIV2K_fresh,fresh_div2k_0808,test,0.1,0.1001129150390625,0.05,2026,b2470285ad2dc130e143a8fabfa104dcd780b19eba736cac7093e5ec0e4fa851,hqs,1,25.265787406717607,0.6827419392555971
fresh_div2k_0808,DIV2K_fresh,fresh_div2k_0808,test,0.1,0.1001129150390625,0.05,2026,b2470285ad2dc130e143a8fabfa104dcd780b19eba736cac7093e5ec0e4fa851,hqs,2,26.621574209393945,0.7842443290794343
fresh_div2k_0808,DIV2K_fresh,fresh_div2k_0808,test,0.1,0.1001129150390625,0.05,2026,b2470285ad2dc130e143a8fabfa104dcd780b19eba736cac7093e5ec0e4fa851,hqs,3,27.05695207483915,0.8059544027858675
fresh_div2k_0808,DIV2K_fresh,fresh_div2k_0808,test,0.1,0.1001129150390625,0.05,2026,b2470285ad2dc130e143a8fabfa104dcd780b19eba736cac7093e5ec0e4fa851,hqs,4,27.186077846967194,0.8176021497673989
fresh_div2k_0808,DIV2K_fresh,fresh_div2k_0808,test,0.1,0.1001129150390625,0.05,2026,b2470285ad2dc130e143a8fabfa104dcd780b19eba736cac7093e5ec0e4fa851,hqs,5,27.205650184490477,0.8236630760006011
fresh_div2k_0808,DIV2K_fresh,fresh_div2k_0808,test,0.1,0.1001129150390625,0.05,2026,b2470285ad2dc130e143a8fabfa104dcd780b19eba736cac7093e5ec0e4fa851,hqs,6,26.90025990398482,0.7854716882949918
fresh_div2k_0808,DIV2K_fresh,fresh_div2k_0808,test,0.1,0.1001129150390625,0.05,2026,b2470285ad2dc130e143a8fabfa104dcd780b19eba736cac7093e5ec0e4fa851,admm,1,25.169072444226966,0.6683963232422135
fresh_div2k_0808,DIV2K_fresh,fresh_div2k_0808,test,0.1,0.1001129150390625,0.05,2026,b2470285ad2dc130e143a8fabfa104dcd780b19eba736cac7093e5ec0e4fa851,admm,2,26.67768734704587,0.7759857951985151
fresh_div2k_0808,DIV2K_fresh,fresh_div2k_0808,test,0.1,0.1001129150390625,0.05,2026,b2470285ad2dc130e143a8fabfa104dcd780b19eba736cac7093e5ec0e4fa851,admm,3,26.773030066055302,0.7633277218789127
fresh_div2k_0808,DIV2K_fresh,fresh_div2k_0808,test,0.1,0.1001129150390625,0.05,2026,b2470285ad2dc130e143a8fabfa104dcd780b19eba736cac7093e5ec0e4fa851,admm,4,26.66798036163161,0.7569205128082633
fresh_div2k_0808,DIV2K_fresh,fresh_div2k_0808,test,0.1,0.1001129150390625,0.05,2026,b2470285ad2dc130e143a8fabfa104dcd780b19eba736cac7093e5ec0e4fa851,admm,5,26.715181170838562,0.761185646437496
fresh_div2k_0808,DIV2K_fresh,fresh_div2k_0808,test,0.1,0.1001129150390625,0.05,2026,b2470285ad2dc130e143a8fabfa104dcd780b19eba736cac7093e5ec0e4fa851,admm,6,27.08361148681139,0.8087770136698484
fresh_div2k_0808,DIV2K_fresh,fresh_div2k_0808,test,0.1,0.1001129150390625,0.05,2027,194c335fa32150101046328613ab3058e0610ffa80ced3a33b476b17bd3e4c8a,hqs,1,25.193142814030978,0.6764341328385891
fresh_div2k_0808,DIV2K_fresh,fresh_div2k_0808,test,0.1,0.1001129150390625,0.05,2027,194c335fa32150101046328613ab3058e0610ffa80ced3a33b476b17bd3e4c8a,hqs,2,26.501056713752583,0.7765951217381172
fresh_div2k_0808,DIV2K_fresh,fresh_div2k_0808,test,0.1,0.1001129150390625,0.05,2027,194c335fa32150101046328613ab3058e0610ffa80ced3a33b476b17bd3e4c8a,hqs,3,26.951370012008947,0.7959120406132341
fresh_div2k_0808,DIV2K_fresh,fresh_div2k_0808,test,0.1,0.1001129150390625,0.05,2027,194c335fa32150101046328613ab3058e0610ffa80ced3a33b476b17bd3e4c8a,hqs,4,27.121551762570842,0.8081050230404735
fresh_div2k_0808,DIV2K_fresh,fresh_div2k_0808,test,0.1,0.1001129150390625,0.05,2027,194c335fa32150101046328613ab3058e0610ffa80ced3a33b476b17bd3e4c8a,hqs,5,27.170737274232213,0.8159101993946135
fresh_div2k_0808,DIV2K_fresh,fresh_div2k_0808,test,0.1,0.1001129150390625,0.05,2027,194c335fa32150101046328613ab3058e0610ffa80ced3a33b476b17bd3e4c8a,hqs,6,26.929055010341347,0.783639533548627
fresh_div2k_0808,DIV2K_fresh,fresh_div2k_0808,test,0.1,0.1001129150390625,0.05,2027,194c335fa32150101046328613ab3058e0610ffa80ced3a33b476b17bd3e4c8a,admm,1,25.11605508005335,0.6633340130559299
fresh_div2k_0808,DIV2K_fresh,fresh_div2k_0808,test,0.1,0.1001129150390625,0.05,2027,194c335fa32150101046328613ab3058e0610ffa80ced3a33b476b17bd3e4c8a,admm,2,26.584792290773006,0.7721515996818245
fresh_div2k_0808,DIV2K_fresh,fresh_div2k_0808,test,0.1,0.1001129150390625,0.05,2027,194c335fa32150101046328613ab3058e0610ffa80ced3a33b476b17bd3e4c8a,admm,3,26.68566922452058,0.7539007867703699
fresh_div2k_0808,DIV2K_fresh,fresh_div2k_0808,test,0.1,0.1001129150390625,0.05,2027,194c335fa32150101046328613ab3058e0610ffa80ced3a33b476b17bd3e4c8a,admm,4,26.652495520884003,0.7538436175497305
fresh_div2k_0808,DIV2K_fresh,fresh_div2k_0808,test,0.1,0.1001129150390625,0.05,2027,194c335fa32150101046328613ab3058e0610ffa80ced3a33b476b17bd3e4c8a,admm,5,26.71367158387205,0.7586471609394252
fresh_div2k_0808,DIV2K_fresh,fresh_div2k_0808,test,0.1,0.1001129150390625,0.05,2027,194c335fa32150101046328613ab3058e0610ffa80ced3a33b476b17bd3e4c8a,admm,6,27.0548548048469,0.8008982319019586
fresh_div2k_0808,DIV2K_fresh,fresh_div2k_0808,test,0.1,0.1001129150390625,0.05,2028,49fbc26e5a35f7cadca10c4a9759f00a5d96f06cae789cf0a2ba27634b3c8076,hqs,1,25.250277380553953,0.678842221892126
fresh_div2k_0808,DIV2K_fresh,fresh_div2k_0808,test,0.1,0.1001129150390625,0.05,2028,49fbc26e5a35f7cadca10c4a9759f00a5d96f06cae789cf0a2ba27634b3c8076,hqs,2,26.596423552508433,0.7815670051548183
fresh_div2k_0808,DIV2K_fresh,fresh_div2k_0808,test,0.1,0.1001129150390625,0.05,2028,49fbc26e5a35f7cadca10c4a9759f00a5d96f06cae789cf0a2ba27634b3c8076,hqs,3,27.047243538173866,0.8036648825179012
fresh_div2k_0808,DIV2K_fresh,fresh_div2k_0808,test,0.1,0.1001129150390625,0.05,2028,49fbc26e5a35f7cadca10c4a9759f00a5d96f06cae789cf0a2ba27634b3c8076,hqs,4,27.17888395661688,0.8130342426233887
fresh_div2k_0808,DIV2K_fresh,fresh_div2k_0808,test,0.1,0.1001129150390625,0.05,2028,49fbc26e5a35f7cadca10c4a9759f00a5d96f06cae789cf0a2ba27634b3c8076,hqs,5,27.217519252750023,0.8203294308050275
fresh_div2k_0808,DIV2K_fresh,fresh_div2k_0808,test,0.1,0.1001129150390625,0.05,2028,49fbc26e5a35f7cadca10c4a9759f00a5d96f06cae789cf0a2ba27634b3c8076,hqs,6,26.95782501855696,0.7910094744283185
fresh_div2k_0808,DIV2K_fresh,fresh_div2k_0808,test,0.1,0.1001129150390625,0.05,2028,49fbc26e5a35f7cadca10c4a9759f00a5d96f06cae789cf0a2ba27634b3c8076,admm,1,25.151431590452248,0.6664014879285787
fresh_div2k_0808,DIV2K_fresh,fresh_div2k_0808,test,0.1,0.1001129150390625,0.05,2028,49fbc26e5a35f7cadca10c4a9759f00a5d96f06cae789cf0a2ba27634b3c8076,admm,2,26.66440641083541,0.7741482450303883
fresh_div2k_0808,DIV2K_fresh,fresh_div2k_0808,test,0.1,0.1001129150390625,0.05,2028,49fbc26e5a35f7cadca10c4a9759f00a5d96f06cae789cf0a2ba27634b3c8076,admm,3,26.775243853758546,0.763464882461004
fresh_div2k_0808,DIV2K_fresh,fresh_div2k_0808,test,0.1,0.1001129150390625,0.05,2028,49fbc26e5a35f7cadca10c4a9759f00a5d96f06cae789cf0a2ba27634b3c8076,admm,4,26.693266236662065,0.7590112786623537
fresh_div2k_0808,DIV2K_fresh,fresh_div2k_0808,test,0.1,0.1001129150390625,0.05,2028,49fbc26e5a35f7cadca10c4a9759f00a5d96f06cae789cf0a2ba27634b3c8076,admm,5,26.757616395862996,0.7640336043550074
fresh_div2k_0808,DIV2K_fresh,fresh_div2k_0808,test,0.1,0.1001129150390625,0.05,2028,49fbc26e5a35f7cadca10c4a9759f00a5d96f06cae789cf0a2ba27634b3c8076,admm,6,27.116200021368154,0.807963011185795
fresh_div2k_0811,DIV2K_fresh,fresh_div2k_0811,test,0.01,0.01031494140625,0.0,2026,ed5b02490d2b4b0c2a863d46bb6d80568d94aac3f943dc6e8a3c2d0d6c1703c8,hqs,1,21.842914276338416,0.34681105652240213
fresh_div2k_0811,DIV2K_fresh,fresh_div2k_0811,test,0.01,0.01031494140625,0.0,2026,ed5b02490d2b4b0c2a863d46bb6d80568d94aac3f943dc6e8a3c2d0d6c1703c8,hqs,2,22.22364357989617,0.38102039377639035
fresh_div2k_0811,DIV2K_fresh,fresh_div2k_0811,test,0.01,0.01031494140625,0.0,2026,ed5b02490d2b4b0c2a863d46bb6d80568d94aac3f943dc6e8a3c2d0d6c1703c8,hqs,3,22.359020867587837,0.3953710012132466
fresh_div2k_0811,DIV2K_fresh,fresh_div2k_0811,test,0.01,0.01031494140625,0.0,2026,ed5b02490d2b4b0c2a863d46bb6d80568d94aac3f943dc6e8a3c2d0d6c1703c8,hqs,4,22.40510615133589,0.40103655248410824
fresh_div2k_0811,DIV2K_fresh,fresh_div2k_0811,test,0.01,0.01031494140625,0.0,2026,ed5b02490d2b4b0c2a863d46bb6d80568d94aac3f943dc6e8a3c2d0d6c1703c8,hqs,5,22.433222866026554,0.4038087752305418
fresh_div2k_0811,DIV2K_fresh,fresh_div2k_0811,test,0.01,0.01031494140625,0.0,2026,ed5b02490d2b4b0c2a863d46bb6d80568d94aac3f943dc6e8a3c2d0d6c1703c8,hqs,6,22.450375190043964,0.4074084568193348
fresh_div2k_0811,DIV2K_fresh,fresh_div2k_0811,test,0.01,0.01031494140625,0.0,2026,ed5b02490d2b4b0c2a863d46bb6d80568d94aac3f943dc6e8a3c2d0d6c1703c8,admm,1,21.826365891700856,0.3420106071899433
fresh_div2k_0811,DIV2K_fresh,fresh_div2k_0811,test,0.01,0.01031494140625,0.0,2026,ed5b02490d2b4b0c2a863d46bb6d80568d94aac3f943dc6e8a3c2d0d6c1703c8,admm,2,22.331514137390638,0.387637094087735
fresh_div2k_0811,DIV2K_fresh,fresh_div2k_0811,test,0.01,0.01031494140625,0.0,2026,ed5b02490d2b4b0c2a863d46bb6d80568d94aac3f943dc6e8a3c2d0d6c1703c8,admm,3,22.41396344211256,0.4004205874421173
fresh_div2k_0811,DIV2K_fresh,fresh_div2k_0811,test,0.01,0.01031494140625,0.0,2026,ed5b02490d2b4b0c2a863d46bb6d80568d94aac3f943dc6e8a3c2d0d6c1703c8,admm,4,22.42521183028174,0.40519255325184117
fresh_div2k_0811,DIV2K_fresh,fresh_div2k_0811,test,0.01,0.01031494140625,0.0,2026,ed5b02490d2b4b0c2a863d46bb6d80568d94aac3f943dc6e8a3c2d0d6c1703c8,admm,5,22.435149129332444,0.4086100312437259
fresh_div2k_0811,DIV2K_fresh,fresh_div2k_0811,test,0.01,0.01031494140625,0.0,2026,ed5b02490d2b4b0c2a863d46bb6d80568d94aac3f943dc6e8a3c2d0d6c1703c8,admm,6,22.45360272610844,0.40703461874739233
fresh_div2k_0811,DIV2K_fresh,fresh_div2k_0811,test,0.04,0.041259765625,0.0,2026,496766292f6f1f83f4e7824125b5be97e5ae13836e6325504588f989b1ee96d2,hqs,1,23.547168412598158,0.4846400347961204
fresh_div2k_0811,DIV2K_fresh,fresh_div2k_0811,test,0.04,0.041259765625,0.0,2026,496766292f6f1f83f4e7824125b5be97e5ae13836e6325504588f989b1ee96d2,hqs,2,24.103755597474937,0.5383611943959431
fresh_div2k_0811,DIV2K_fresh,fresh_div2k_0811,test,0.04,0.041259765625,0.0,2026,496766292f6f1f83f4e7824125b5be97e5ae13836e6325504588f989b1ee96d2,hqs,3,24.343599334141324,0.5644562679804936
fresh_div2k_0811,DIV2K_fresh,fresh_div2k_0811,test,0.04,0.041259765625,0.0,2026,496766292f6f1f83f4e7824125b5be97e5ae13836e6325504588f989b1ee96d2,hqs,4,24.41903066026625,0.5719440857904753
fresh_div2k_0811,DIV2K_fresh,fresh_div2k_0811,test,0.04,0.041259765625,0.0,2026,496766292f6f1f83f4e7824125b5be97e5ae13836e6325504588f989b1ee96d2,hqs,5,24.44579204703054,0.5752028473930199
fresh_div2k_0811,DIV2K_fresh,fresh_div2k_0811,test,0.04,0.041259765625,0.0,2026,496766292f6f1f83f4e7824125b5be97e5ae13836e6325504588f989b1ee96d2,hqs,6,24.461469292397133,0.5804804366423832
fresh_div2k_0811,DIV2K_fresh,fresh_div2k_0811,test,0.04,0.041259765625,0.0,2026,496766292f6f1f83f4e7824125b5be97e5ae13836e6325504588f989b1ee96d2,admm,1,23.498657798117122,0.4784019338188255
fresh_div2k_0811,DIV2K_fresh,fresh_div2k_0811,test,0.04,0.041259765625,0.0,2026,496766292f6f1f83f4e7824125b5be97e5ae13836e6325504588f989b1ee96d2,admm,2,24.19784862104683,0.5479811438135191
fresh_div2k_0811,DIV2K_fresh,fresh_div2k_0811,test,0.04,0.041259765625,0.0,2026,496766292f6f1f83f4e7824125b5be97e5ae13836e6325504588f989b1ee96d2,admm,3,24.38070625804429,0.57344391641139
fresh_div2k_0811,DIV2K_fresh,fresh_div2k_0811,test,0.04,0.041259765625,0.0,2026,496766292f6f1f83f4e7824125b5be97e5ae13836e6325504588f989b1ee96d2,admm,4,24.410960498666064,0.5807316531560645
fresh_div2k_0811,DIV2K_fresh,fresh_div2k_0811,test,0.04,0.041259765625,0.0,2026,496766292f6f1f83f4e7824125b5be97e5ae13836e6325504588f989b1ee96d2,admm,5,24.446558918621882,0.5829702023512516
fresh_div2k_0811,DIV2K_fresh,fresh_div2k_0811,test,0.04,0.041259765625,0.0,2026,496766292f6f1f83f4e7824125b5be97e5ae13836e6325504588f989b1ee96d2,admm,6,24.471493706166846,0.5785190422407948
fresh_div2k_0811,DIV2K_fresh,fresh_div2k_0811,test,0.1,0.1001129150390625,0.0,2026,d212eb8acf65f44f01fe50180d35abcdf1f0c08cba3520db844bdef66d7d6299,hqs,1,25.18310114077059,0.630890180322405
fresh_div2k_0811,DIV2K_fresh,fresh_div2k_0811,test,0.1,0.1001129150390625,0.0,2026,d212eb8acf65f44f01fe50180d35abcdf1f0c08cba3520db844bdef66d7d6299,hqs,2,25.89700230666884,0.6876282463611215
fresh_div2k_0811,DIV2K_fresh,fresh_div2k_0811,test,0.1,0.1001129150390625,0.0,2026,d212eb8acf65f44f01fe50180d35abcdf1f0c08cba3520db844bdef66d7d6299,hqs,3,26.21017693661477,0.7149512458070815
fresh_div2k_0811,DIV2K_fresh,fresh_div2k_0811,test,0.1,0.1001129150390625,0.0,2026,d212eb8acf65f44f01fe50180d35abcdf1f0c08cba3520db844bdef66d7d6299,hqs,4,26.295243869602483,0.7207164761062265
fresh_div2k_0811,DIV2K_fresh,fresh_div2k_0811,test,0.1,0.1001129150390625,0.0,2026,d212eb8acf65f44f01fe50180d35abcdf1f0c08cba3520db844bdef66d7d6299,hqs,5,26.334659942766777,0.7245398159237504
fresh_div2k_0811,DIV2K_fresh,fresh_div2k_0811,test,0.1,0.1001129150390625,0.0,2026,d212eb8acf65f44f01fe50180d35abcdf1f0c08cba3520db844bdef66d7d6299,hqs,6,26.36072997896226,0.7297840174230933
fresh_div2k_0811,DIV2K_fresh,fresh_div2k_0811,test,0.1,0.1001129150390625,0.0,2026,d212eb8acf65f44f01fe50180d35abcdf1f0c08cba3520db844bdef66d7d6299,admm,1,25.123695907645022,0.6245155684605893
fresh_div2k_0811,DIV2K_fresh,fresh_div2k_0811,test,0.1,0.1001129150390625,0.0,2026,d212eb8acf65f44f01fe50180d35abcdf1f0c08cba3520db844bdef66d7d6299,admm,2,26.02476928546114,0.698488779681176
fresh_div2k_0811,DIV2K_fresh,fresh_div2k_0811,test,0.1,0.1001129150390625,0.0,2026,d212eb8acf65f44f01fe50180d35abcdf1f0c08cba3520db844bdef66d7d6299,admm,3,26.247595377670066,0.7222304279720784
fresh_div2k_0811,DIV2K_fresh,fresh_div2k_0811,test,0.1,0.1001129150390625,0.0,2026,d212eb8acf65f44f01fe50180d35abcdf1f0c08cba3520db844bdef66d7d6299,admm,4,26.273793510465158,0.726700103372097
fresh_div2k_0811,DIV2K_fresh,fresh_div2k_0811,test,0.1,0.1001129150390625,0.0,2026,d212eb8acf65f44f01fe50180d35abcdf1f0c08cba3520db844bdef66d7d6299,admm,5,26.328986601015593,0.7298826497861147
fresh_div2k_0811,DIV2K_fresh,fresh_div2k_0811,test,0.1,0.1001129150390625,0.0,2026,d212eb8acf65f44f01fe50180d35abcdf1f0c08cba3520db844bdef66d7d6299,admm,6,26.376290977483183,0.7276357100716233
fresh_div2k_0811,DIV2K_fresh,fresh_div2k_0811,test,0.25,0.25,0.0,2026,a7d0b9e31bbeaa28d074c075291528641e8609e560bace856088111785c0b8d7,hqs,1,27.738280098945474,0.7863732334594726
fresh_div2k_0811,DIV2K_fresh,fresh_div2k_0811,test,0.25,0.25,0.0,2026,a7d0b9e31bbeaa28d074c075291528641e8609e560bace856088111785c0b8d7,hqs,2,28.84247575739971,0.8390537545833587
fresh_div2k_0811,DIV2K_fresh,fresh_div2k_0811,test,0.25,0.25,0.0,2026,a7d0b9e31bbeaa28d074c075291528641e8609e560bace856088111785c0b8d7,hqs,3,29.374399493524383,0.8634620006837845
fresh_div2k_0811,DIV2K_fresh,fresh_div2k_0811,test,0.25,0.25,0.0,2026,a7d0b9e31bbeaa28d074c075291528641e8609e560bace856088111785c0b8d7,hqs,4,29.56425031670736,0.8687055399875641
fresh_div2k_0811,DIV2K_fresh,fresh_div2k_0811,test,0.25,0.25,0.0,2026,a7d0b9e31bbeaa28d074c075291528641e8609e560bace856088111785c0b8d7,hqs,5,29.665179146460506,0.8725180712618827
fresh_div2k_0811,DIV2K_fresh,fresh_div2k_0811,test,0.25,0.25,0.0,2026,a7d0b9e31bbeaa28d074c075291528641e8609e560bace856088111785c0b8d7,hqs,6,29.71720029374035,0.876590647819519
fresh_div2k_0811,DIV2K_fresh,fresh_div2k_0811,test,0.25,0.25,0.0,2026,a7d0b9e31bbeaa28d074c075291528641e8609e560bace856088111785c0b8d7,admm,1,27.671127642487484,0.7824012037603855
fresh_div2k_0811,DIV2K_fresh,fresh_div2k_0811,test,0.25,0.25,0.0,2026,a7d0b9e31bbeaa28d074c075291528641e8609e560bace856088111785c0b8d7,admm,2,29.044914278600714,0.8483588344383239
fresh_div2k_0811,DIV2K_fresh,fresh_div2k_0811,test,0.25,0.25,0.0,2026,a7d0b9e31bbeaa28d074c075291528641e8609e560bace856088111785c0b8d7,admm,3,29.455331473817104,0.867719491801262
fresh_div2k_0811,DIV2K_fresh,fresh_div2k_0811,test,0.25,0.25,0.0,2026,a7d0b9e31bbeaa28d074c075291528641e8609e560bace856088111785c0b8d7,admm,4,29.544414554741614,0.8709771698403358
fresh_div2k_0811,DIV2K_fresh,fresh_div2k_0811,test,0.25,0.25,0.0,2026,a7d0b9e31bbeaa28d074c075291528641e8609e560bace856088111785c0b8d7,admm,5,29.64568144578741,0.8750341685566903
fresh_div2k_0811,DIV2K_fresh,fresh_div2k_0811,test,0.25,0.25,0.0,2026,a7d0b9e31bbeaa28d074c075291528641e8609e560bace856088111785c0b8d7,admm,6,29.71629519880124,0.8752085876364708
fresh_div2k_0811,DIV2K_fresh,fresh_div2k_0811,test,0.5,0.4998931884765625,0.0,2026,c91489521b1f446113b3b082b970cd291beb2a39c913be617ec3e62abea00fea,hqs,1,30.97277700215809,0.8957121532878876
fresh_div2k_0811,DIV2K_fresh,fresh_div2k_0811,test,0.5,0.4998931884765625,0.0,2026,c91489521b1f446113b3b082b970cd291beb2a39c913be617ec3e62abea00fea,hqs,2,32.59027900085258,0.9302203395252228
fresh_div2k_0811,DIV2K_fresh,fresh_div2k_0811,test,0.5,0.4998931884765625,0.0,2026,c91489521b1f446113b3b082b970cd291beb2a39c913be617ec3e62abea00fea,hqs,3,33.494222182728585,0.946028442656517
fresh_div2k_0811,DIV2K_fresh,fresh_div2k_0811,test,0.5,0.4998931884765625,0.0,2026,c91489521b1f446113b3b082b970cd291beb2a39c913be617ec3e62abea00fea,hqs,4,33.90763096080655,0.9510338935585022
fresh_div2k_0811,DIV2K_fresh,fresh_div2k_0811,test,0.5,0.4998931884765625,0.0,2026,c91489521b1f446113b3b082b970cd291beb2a39c913be617ec3e62abea00fea,hqs,5,34.12828721814758,0.9538564513320923
fresh_div2k_0811,DIV2K_fresh,fresh_div2k_0811,test,0.5,0.4998931884765625,0.0,2026,c91489521b1f446113b3b082b970cd291beb2a39c913be617ec3e62abea00fea,hqs,6,34.26627064931189,0.9561246472234726
fresh_div2k_0811,DIV2K_fresh,fresh_div2k_0811,test,0.5,0.4998931884765625,0.0,2026,c91489521b1f446113b3b082b970cd291beb2a39c913be617ec3e62abea00fea,admm,1,30.89386213300026,0.8926967463741302
fresh_div2k_0811,DIV2K_fresh,fresh_div2k_0811,test,0.5,0.4998931884765625,0.0,2026,c91489521b1f446113b3b082b970cd291beb2a39c913be617ec3e62abea00fea,admm,2,32.87418664572031,0.9357593409805298
fresh_div2k_0811,DIV2K_fresh,fresh_div2k_0811,test,0.5,0.4998931884765625,0.0,2026,c91489521b1f446113b3b082b970cd291beb2a39c913be617ec3e62abea00fea,admm,3,33.650651747375576,0.948046842710495
fresh_div2k_0811,DIV2K_fresh,fresh_div2k_0811,test,0.5,0.4998931884765625,0.0,2026,c91489521b1f446113b3b082b970cd291beb2a39c913be617ec3e62abea00fea,admm,4,33.89143375747484,0.9504476621780396
fresh_div2k_0811,DIV2K_fresh,fresh_div2k_0811,test,0.5,0.4998931884765625,0.0,2026,c91489521b1f446113b3b082b970cd291beb2a39c913be617ec3e62abea00fea,admm,5,34.12683491739298,0.9538769809570312
fresh_div2k_0811,DIV2K_fresh,fresh_div2k_0811,test,0.5,0.4998931884765625,0.0,2026,c91489521b1f446113b3b082b970cd291beb2a39c913be617ec3e62abea00fea,admm,6,34.27526256864678,0.9558608635292053
fresh_div2k_0811,DIV2K_fresh,fresh_div2k_0811,test,0.1,0.1001129150390625,0.01,2026,b62f4e1af218bc07b1e7745078b64d3c8a1bafe17c84bc2c9f205e57cd0958b0,hqs,1,25.169779438474546,0.6298977226354815
fresh_div2k_0811,DIV2K_fresh,fresh_div2k_0811,test,0.1,0.1001129150390625,0.01,2026,b62f4e1af218bc07b1e7745078b64d3c8a1bafe17c84bc2c9f205e57cd0958b0,hqs,2,25.87515647172158,0.6863387538712173
fresh_div2k_0811,DIV2K_fresh,fresh_div2k_0811,test,0.1,0.1001129150390625,0.01,2026,b62f4e1af218bc07b1e7745078b64d3c8a1bafe17c84bc2c9f205e57cd0958b0,hqs,3,26.17792987936903,0.7133360281406343
fresh_div2k_0811,DIV2K_fresh,fresh_div2k_0811,test,0.1,0.1001129150390625,0.01,2026,b62f4e1af218bc07b1e7745078b64d3c8a1bafe17c84bc2c9f205e57cd0958b0,hqs,4,26.256204763370313,0.7187082646027207
fresh_div2k_0811,DIV2K_fresh,fresh_div2k_0811,test,0.1,0.1001129150390625,0.01,2026,b62f4e1af218bc07b1e7745078b64d3c8a1bafe17c84bc2c9f205e57cd0958b0,hqs,5,26.29144322329912,0.7222122864176035
fresh_div2k_0811,DIV2K_fresh,fresh_div2k_0811,test,0.1,0.1001129150390625,0.01,2026,b62f4e1af218bc07b1e7745078b64d3c8a1bafe17c84bc2c9f205e57cd0958b0,hqs,6,26.310126869121014,0.7270215243594647
fresh_div2k_0811,DIV2K_fresh,fresh_div2k_0811,test,0.1,0.1001129150390625,0.01,2026,b62f4e1af218bc07b1e7745078b64d3c8a1bafe17c84bc2c9f205e57cd0958b0,admm,1,25.110356806009598,0.6235440309872842
fresh_div2k_0811,DIV2K_fresh,fresh_div2k_0811,test,0.1,0.1001129150390625,0.01,2026,b62f4e1af218bc07b1e7745078b64d3c8a1bafe17c84bc2c9f205e57cd0958b0,admm,2,25.998798107250714,0.6968730401431918
fresh_div2k_0811,DIV2K_fresh,fresh_div2k_0811,test,0.1,0.1001129150390625,0.01,2026,b62f4e1af218bc07b1e7745078b64d3c8a1bafe17c84bc2c9f205e57cd0958b0,admm,3,26.207719255701477,0.7200092364161015
fresh_div2k_0811,DIV2K_fresh,fresh_div2k_0811,test,0.1,0.1001129150390625,0.01,2026,b62f4e1af218bc07b1e7745078b64d3c8a1bafe17c84bc2c9f205e57cd0958b0,admm,4,26.222853741240378,0.7239162721329927
fresh_div2k_0811,DIV2K_fresh,fresh_div2k_0811,test,0.1,0.1001129150390625,0.01,2026,b62f4e1af218bc07b1e7745078b64d3c8a1bafe17c84bc2c9f205e57cd0958b0,admm,5,26.27340561143956,0.7268815633366108
fresh_div2k_0811,DIV2K_fresh,fresh_div2k_0811,test,0.1,0.1001129150390625,0.01,2026,b62f4e1af218bc07b1e7745078b64d3c8a1bafe17c84bc2c9f205e57cd0958b0,admm,6,26.326296748082243,0.7252480843663216
fresh_div2k_0811,DIV2K_fresh,fresh_div2k_0811,test,0.1,0.1001129150390625,0.01,2027,010d4388b85b82ef4753cd95522074f900e9a788abced4360db9d31240e853ad,hqs,1,25.16945951221934,0.6302207732959022
fresh_div2k_0811,DIV2K_fresh,fresh_div2k_0811,test,0.1,0.1001129150390625,0.01,2027,010d4388b85b82ef4753cd95522074f900e9a788abced4360db9d31240e853ad,hqs,2,25.874233883138544,0.6866272641208768
fresh_div2k_0811,DIV2K_fresh,fresh_div2k_0811,test,0.1,0.1001129150390625,0.01,2027,010d4388b85b82ef4753cd95522074f900e9a788abced4360db9d31240e853ad,hqs,3,26.17749932264946,0.7136591958807893
fresh_div2k_0811,DIV2K_fresh,fresh_div2k_0811,test,0.1,0.1001129150390625,0.01,2027,010d4388b85b82ef4753cd95522074f900e9a788abced4360db9d31240e853ad,hqs,4,26.258101954893633,0.7192907089687586
fresh_div2k_0811,DIV2K_fresh,fresh_div2k_0811,test,0.1,0.1001129150390625,0.01,2027,010d4388b85b82ef4753cd95522074f900e9a788abced4360db9d31240e853ad,hqs,5,26.293693133099755,0.7227536768069267
fresh_div2k_0811,DIV2K_fresh,fresh_div2k_0811,test,0.1,0.1001129150390625,0.01,2027,010d4388b85b82ef4753cd95522074f900e9a788abced4360db9d31240e853ad,hqs,6,26.314312111311015,0.7275907227687836
fresh_div2k_0811,DIV2K_fresh,fresh_div2k_0811,test,0.1,0.1001129150390625,0.01,2027,010d4388b85b82ef4753cd95522074f900e9a788abced4360db9d31240e853ad,admm,1,25.109623894366244,0.6238050400687339
fresh_div2k_0811,DIV2K_fresh,fresh_div2k_0811,test,0.1,0.1001129150390625,0.01,2027,010d4388b85b82ef4753cd95522074f900e9a788abced4360db9d31240e853ad,admm,2,25.998167971733103,0.6973026343869158
fresh_div2k_0811,DIV2K_fresh,fresh_div2k_0811,test,0.1,0.1001129150390625,0.01,2027,010d4388b85b82ef4753cd95522074f900e9a788abced4360db9d31240e853ad,admm,3,26.20816468004092,0.7205577660228014
fresh_div2k_0811,DIV2K_fresh,fresh_div2k_0811,test,0.1,0.1001129150390625,0.01,2027,010d4388b85b82ef4753cd95522074f900e9a788abced4360db9d31240e853ad,admm,4,26.226053290817273,0.724654940973878
fresh_div2k_0811,DIV2K_fresh,fresh_div2k_0811,test,0.1,0.1001129150390625,0.01,2027,010d4388b85b82ef4753cd95522074f900e9a788abced4360db9d31240e853ad,admm,5,26.27752310255619,0.7275872267771959
fresh_div2k_0811,DIV2K_fresh,fresh_div2k_0811,test,0.1,0.1001129150390625,0.01,2027,010d4388b85b82ef4753cd95522074f900e9a788abced4360db9d31240e853ad,admm,6,26.331565691897545,0.7257933727574348
fresh_div2k_0811,DIV2K_fresh,fresh_div2k_0811,test,0.1,0.1001129150390625,0.01,2028,70029d7a21b9f9cee84d6df137cd6652a0483001994fa06c78c9337e24ba4e74,hqs,1,25.168705226941796,0.6300048782327157
fresh_div2k_0811,DIV2K_fresh,fresh_div2k_0811,test,0.1,0.1001129150390625,0.01,2028,70029d7a21b9f9cee84d6df137cd6652a0483001994fa06c78c9337e24ba4e74,hqs,2,25.8696263451806,0.6862855183307351
fresh_div2k_0811,DIV2K_fresh,fresh_div2k_0811,test,0.1,0.1001129150390625,0.01,2028,70029d7a21b9f9cee84d6df137cd6652a0483001994fa06c78c9337e24ba4e74,hqs,3,26.172038943035957,0.713369798680693
fresh_div2k_0811,DIV2K_fresh,fresh_div2k_0811,test,0.1,0.1001129150390625,0.01,2028,70029d7a21b9f9cee84d6df137cd6652a0483001994fa06c78c9337e24ba4e74,hqs,4,26.2536705501946,0.7191072679737043
fresh_div2k_0811,DIV2K_fresh,fresh_div2k_0811,test,0.1,0.1001129150390625,0.01,2028,70029d7a21b9f9cee84d6df137cd6652a0483001994fa06c78c9337e24ba4e74,hqs,5,26.288666696676334,0.7226097779471725
fresh_div2k_0811,DIV2K_fresh,fresh_div2k_0811,test,0.1,0.1001129150390625,0.01,2028,70029d7a21b9f9cee84d6df137cd6652a0483001994fa06c78c9337e24ba4e74,hqs,6,26.307644283807793,0.727478961153686
fresh_div2k_0811,DIV2K_fresh,fresh_div2k_0811,test,0.1,0.1001129150390625,0.01,2028,70029d7a21b9f9cee84d6df137cd6652a0483001994fa06c78c9337e24ba4e74,admm,1,25.110174821616322,0.6236224415623071
fresh_div2k_0811,DIV2K_fresh,fresh_div2k_0811,test,0.1,0.1001129150390625,0.01,2028,70029d7a21b9f9cee84d6df137cd6652a0483001994fa06c78c9337e24ba4e74,admm,2,25.994429613903648,0.6969651218373477
fresh_div2k_0811,DIV2K_fresh,fresh_div2k_0811,test,0.1,0.1001129150390625,0.01,2028,70029d7a21b9f9cee84d6df137cd6652a0483001994fa06c78c9337e24ba4e74,admm,3,26.201275132784474,0.7202133230899572
fresh_div2k_0811,DIV2K_fresh,fresh_div2k_0811,test,0.1,0.1001129150390625,0.01,2028,70029d7a21b9f9cee84d6df137cd6652a0483001994fa06c78c9337e24ba4e74,admm,4,26.21974897208169,0.7243939655711651
fresh_div2k_0811,DIV2K_fresh,fresh_div2k_0811,test,0.1,0.1001129150390625,0.01,2028,70029d7a21b9f9cee84d6df137cd6652a0483001994fa06c78c9337e24ba4e74,admm,5,26.272312362570233,0.727412410759449
fresh_div2k_0811,DIV2K_fresh,fresh_div2k_0811,test,0.1,0.1001129150390625,0.01,2028,70029d7a21b9f9cee84d6df137cd6652a0483001994fa06c78c9337e24ba4e74,admm,6,26.324328473949258,0.7256077531212568
fresh_div2k_0811,DIV2K_fresh,fresh_div2k_0811,test,0.1,0.1001129150390625,0.05,2026,ae0d61a8c1d6e59280438cecb5a78b53a1abbde0d190d484227b47b136b71354,hqs,1,24.830944549259748,0.6072145630590566
fresh_div2k_0811,DIV2K_fresh,fresh_div2k_0811,test,0.1,0.1001129150390625,0.05,2026,ae0d61a8c1d6e59280438cecb5a78b53a1abbde0d190d484227b47b136b71354,hqs,2,25.332556223642023,0.6529546944618039
fresh_div2k_0811,DIV2K_fresh,fresh_div2k_0811,test,0.1,0.1001129150390625,0.05,2026,ae0d61a8c1d6e59280438cecb5a78b53a1abbde0d190d484227b47b136b71354,hqs,3,25.438041542522,0.6679611516484208
fresh_div2k_0811,DIV2K_fresh,fresh_div2k_0811,test,0.1,0.1001129150390625,0.05,2026,ae0d61a8c1d6e59280438cecb5a78b53a1abbde0d190d484227b47b136b71354,hqs,4,25.487206441895545,0.6743317217475574
fresh_div2k_0811,DIV2K_fresh,fresh_div2k_0811,test,0.1,0.1001129150390625,0.05,2026,ae0d61a8c1d6e59280438cecb5a78b53a1abbde0d190d484227b47b136b71354,hqs,5,25.480605834361576,0.6749854578193054
fresh_div2k_0811,DIV2K_fresh,fresh_div2k_0811,test,0.1,0.1001129150390625,0.05,2026,ae0d61a8c1d6e59280438cecb5a78b53a1abbde0d190d484227b47b136b71354,hqs,6,25.410018634516938,0.6727040210338495
fresh_div2k_0811,DIV2K_fresh,fresh_div2k_0811,test,0.1,0.1001129150390625,0.05,2026,ae0d61a8c1d6e59280438cecb5a78b53a1abbde0d190d484227b47b136b71354,admm,1,24.781838318583887,0.600893348849277
fresh_div2k_0811,DIV2K_fresh,fresh_div2k_0811,test,0.1,0.1001129150390625,0.05,2026,ae0d61a8c1d6e59280438cecb5a78b53a1abbde0d190d484227b47b136b71354,admm,2,25.384200810831477,0.658528104414802
fresh_div2k_0811,DIV2K_fresh,fresh_div2k_0811,test,0.1,0.1001129150390625,0.05,2026,ae0d61a8c1d6e59280438cecb5a78b53a1abbde0d190d484227b47b136b71354,admm,3,25.354681463070634,0.6686616332994699
fresh_div2k_0811,DIV2K_fresh,fresh_div2k_0811,test,0.1,0.1001129150390625,0.05,2026,ae0d61a8c1d6e59280438cecb5a78b53a1abbde0d190d484227b47b136b71354,admm,4,25.313456794436625,0.6710937660385459
fresh_div2k_0811,DIV2K_fresh,fresh_div2k_0811,test,0.1,0.1001129150390625,0.05,2026,ae0d61a8c1d6e59280438cecb5a78b53a1abbde0d190d484227b47b136b71354,admm,5,25.319931137290457,0.6712359423111156
fresh_div2k_0811,DIV2K_fresh,fresh_div2k_0811,test,0.1,0.1001129150390625,0.05,2026,ae0d61a8c1d6e59280438cecb5a78b53a1abbde0d190d484227b47b136b71354,admm,6,25.44716702849906,0.6774432697155801
fresh_div2k_0811,DIV2K_fresh,fresh_div2k_0811,test,0.1,0.1001129150390625,0.05,2027,055de8291df690266299f62fed3bfd4eb1d2088848e2fa9cde968fe7660ca7d6,hqs,1,24.840677830460386,0.6088661815470345
fresh_div2k_0811,DIV2K_fresh,fresh_div2k_0811,test,0.1,0.1001129150390625,0.05,2027,055de8291df690266299f62fed3bfd4eb1d2088848e2fa9cde968fe7660ca7d6,hqs,2,25.343766694726106,0.6561433894310408
fresh_div2k_0811,DIV2K_fresh,fresh_div2k_0811,test,0.1,0.1001129150390625,0.05,2027,055de8291df690266299f62fed3bfd4eb1d2088848e2fa9cde968fe7660ca7d6,hqs,3,25.443725080414474,0.6717945016618334
fresh_div2k_0811,DIV2K_fresh,fresh_div2k_0811,test,0.1,0.1001129150390625,0.05,2027,055de8291df690266299f62fed3bfd4eb1d2088848e2fa9cde968fe7660ca7d6,hqs,4,25.500919176617685,0.6777358722740784
fresh_div2k_0811,DIV2K_fresh,fresh_div2k_0811,test,0.1,0.1001129150390625,0.05,2027,055de8291df690266299f62fed3bfd4eb1d2088848e2fa9cde968fe7660ca7d6,hqs,5,25.49704252386058,0.6781415487244428
fresh_div2k_0811,DIV2K_fresh,fresh_div2k_0811,test,0.1,0.1001129150390625,0.05,2027,055de8291df690266299f62fed3bfd4eb1d2088848e2fa9cde968fe7660ca7d6,hqs,6,25.429655009300667,0.6759346015700847
fresh_div2k_0811,DIV2K_fresh,fresh_div2k_0811,test,0.1,0.1001129150390625,0.05,2027,055de8291df690266299f62fed3bfd4eb1d2088848e2fa9cde968fe7660ca7d6,admm,1,24.78908841956298,0.6020633975607325
fresh_div2k_0811,DIV2K_fresh,fresh_div2k_0811,test,0.1,0.1001129150390625,0.05,2027,055de8291df690266299f62fed3bfd4eb1d2088848e2fa9cde968fe7660ca7d6,admm,2,25.382875423127814,0.6616612155891657
fresh_div2k_0811,DIV2K_fresh,fresh_div2k_0811,test,0.1,0.1001129150390625,0.05,2027,055de8291df690266299f62fed3bfd4eb1d2088848e2fa9cde968fe7660ca7d6,admm,3,25.344849185877916,0.6724183724570348
fresh_div2k_0811,DIV2K_fresh,fresh_div2k_0811,test,0.1,0.1001129150390625,0.05,2027,055de8291df690266299f62fed3bfd4eb1d2088848e2fa9cde968fe7660ca7d6,admm,4,25.314221647594053,0.6740863916444797
fresh_div2k_0811,DIV2K_fresh,fresh_div2k_0811,test,0.1,0.1001129150390625,0.05,2027,055de8291df690266299f62fed3bfd4eb1d2088848e2fa9cde968fe7660ca7d6,admm,5,25.32964257829081,0.6741163458092846
fresh_div2k_0811,DIV2K_fresh,fresh_div2k_0811,test,0.1,0.1001129150390625,0.05,2027,055de8291df690266299f62fed3bfd4eb1d2088848e2fa9cde968fe7660ca7d6,admm,6,25.472217749105916,0.6803691935873851
fresh_div2k_0811,DIV2K_fresh,fresh_div2k_0811,test,0.1,0.1001129150390625,0.05,2028,9a6eb17c295a1354ad7d337660f0091dab0310324f1e9e946726839459e66bfb,hqs,1,24.840053723066816,0.6083450840027332
fresh_div2k_0811,DIV2K_fresh,fresh_div2k_0811,test,0.1,0.1001129150390625,0.05,2028,9a6eb17c295a1354ad7d337660f0091dab0310324f1e9e946726839459e66bfb,hqs,2,25.32630085897507,0.6548156269857586
fresh_div2k_0811,DIV2K_fresh,fresh_div2k_0811,test,0.1,0.1001129150390625,0.05,2028,9a6eb17c295a1354ad7d337660f0091dab0310324f1e9e946726839459e66bfb,hqs,3,25.43349476875687,0.6720291985370368
fresh_div2k_0811,DIV2K_fresh,fresh_div2k_0811,test,0.1,0.1001129150390625,0.05,2028,9a6eb17c295a1354ad7d337660f0091dab0310324f1e9e946726839459e66bfb,hqs,4,25.47931784984378,0.6779743749628812
fresh_div2k_0811,DIV2K_fresh,fresh_div2k_0811,test,0.1,0.1001129150390625,0.05,2028,9a6eb17c295a1354ad7d337660f0091dab0310324f1e9e946726839459e66bfb,hqs,5,25.472787145027247,0.6789447216932774
fresh_div2k_0811,DIV2K_fresh,fresh_div2k_0811,test,0.1,0.1001129150390625,0.05,2028,9a6eb17c295a1354ad7d337660f0091dab0310324f1e9e946726839459e66bfb,hqs,6,25.39615814773507,0.6773893374086917
fresh_div2k_0811,DIV2K_fresh,fresh_div2k_0811,test,0.1,0.1001129150390625,0.05,2028,9a6eb17c295a1354ad7d337660f0091dab0310324f1e9e946726839459e66bfb,admm,1,24.7927355352625,0.6019042290538619
fresh_div2k_0811,DIV2K_fresh,fresh_div2k_0811,test,0.1,0.1001129150390625,0.05,2028,9a6eb17c295a1354ad7d337660f0091dab0310324f1e9e946726839459e66bfb,admm,2,25.376381607853,0.6609491438463181
fresh_div2k_0811,DIV2K_fresh,fresh_div2k_0811,test,0.1,0.1001129150390625,0.05,2028,9a6eb17c295a1354ad7d337660f0091dab0310324f1e9e946726839459e66bfb,admm,3,25.34596108558087,0.6732838459214643
fresh_div2k_0811,DIV2K_fresh,fresh_div2k_0811,test,0.1,0.1001129150390625,0.05,2028,9a6eb17c295a1354ad7d337660f0091dab0310324f1e9e946726839459e66bfb,admm,4,25.31253045782539,0.6753404574290514
fresh_div2k_0811,DIV2K_fresh,fresh_div2k_0811,test,0.1,0.1001129150390625,0.05,2028,9a6eb17c295a1354ad7d337660f0091dab0310324f1e9e946726839459e66bfb,admm,5,25.318056080172596,0.6760345967080891
fresh_div2k_0811,DIV2K_fresh,fresh_div2k_0811,test,0.1,0.1001129150390625,0.05,2028,9a6eb17c295a1354ad7d337660f0091dab0310324f1e9e946726839459e66bfb,admm,6,25.439935906237913,0.6812396584466398
fresh_div2k_0813,DIV2K_fresh,fresh_div2k_0813,test,0.01,0.01031494140625,0.0,2026,8d583e586098c8acc48ee316adb8fa4f47c594b658ca0c5ce003490260608b18,hqs,1,19.32884242946602,0.4016706392796173
fresh_div2k_0813,DIV2K_fresh,fresh_div2k_0813,test,0.01,0.01031494140625,0.0,2026,8d583e586098c8acc48ee316adb8fa4f47c594b658ca0c5ce003490260608b18,hqs,2,20.03270572060319,0.4928898973030364
fresh_div2k_0813,DIV2K_fresh,fresh_div2k_0813,test,0.01,0.01031494140625,0.0,2026,8d583e586098c8acc48ee316adb8fa4f47c594b658ca0c5ce003490260608b18,hqs,3,20.391307859182596,0.5365982352368389
fresh_div2k_0813,DIV2K_fresh,fresh_div2k_0813,test,0.01,0.01031494140625,0.0,2026,8d583e586098c8acc48ee316adb8fa4f47c594b658ca0c5ce003490260608b18,hqs,4,20.53068852134752,0.5518476303256813
fresh_div2k_0813,DIV2K_fresh,fresh_div2k_0813,test,0.01,0.01031494140625,0.0,2026,8d583e586098c8acc48ee316adb8fa4f47c594b658ca0c5ce003490260608b18,hqs,5,20.57742334055645,0.5583244744988577
fresh_div2k_0813,DIV2K_fresh,fresh_div2k_0813,test,0.01,0.01031494140625,0.0,2026,8d583e586098c8acc48ee316adb8fa4f47c594b658ca0c5ce003490260608b18,hqs,6,20.581168969942482,0.5619937965477291
fresh_div2k_0813,DIV2K_fresh,fresh_div2k_0813,test,0.01,0.01031494140625,0.0,2026,8d583e586098c8acc48ee316adb8fa4f47c594b658ca0c5ce003490260608b18,admm,1,19.299716452682915,0.3967868994621073
fresh_div2k_0813,DIV2K_fresh,fresh_div2k_0813,test,0.01,0.01031494140625,0.0,2026,8d583e586098c8acc48ee316adb8fa4f47c594b658ca0c5ce003490260608b18,admm,2,20.1778262362493,0.5116714912969905
fresh_div2k_0813,DIV2K_fresh,fresh_div2k_0813,test,0.01,0.01031494140625,0.0,2026,8d583e586098c8acc48ee316adb8fa4f47c594b658ca0c5ce003490260608b18,admm,3,20.491068870529464,0.5454954964920373
fresh_div2k_0813,DIV2K_fresh,fresh_div2k_0813,test,0.01,0.01031494140625,0.0,2026,8d583e586098c8acc48ee316adb8fa4f47c594b658ca0c5ce003490260608b18,admm,4,20.594722529600627,0.5547179715201115
fresh_div2k_0813,DIV2K_fresh,fresh_div2k_0813,test,0.01,0.01031494140625,0.0,2026,8d583e586098c8acc48ee316adb8fa4f47c594b658ca0c5ce003490260608b18,admm,5,20.64144183425134,0.5596238899132118
fresh_div2k_0813,DIV2K_fresh,fresh_div2k_0813,test,0.01,0.01031494140625,0.0,2026,8d583e586098c8acc48ee316adb8fa4f47c594b658ca0c5ce003490260608b18,admm,6,20.683639518795978,0.5653030512169326
fresh_div2k_0813,DIV2K_fresh,fresh_div2k_0813,test,0.04,0.041259765625,0.0,2026,57f5b106ad56f29fa5213f19506cfc28681db62b98dbf406e09892debef73890,hqs,1,21.9138693586881,0.5526885462559817
fresh_div2k_0813,DIV2K_fresh,fresh_div2k_0813,test,0.04,0.041259765625,0.0,2026,57f5b106ad56f29fa5213f19506cfc28681db62b98dbf406e09892debef73890,hqs,2,23.144649312577265,0.6749032692563992
fresh_div2k_0813,DIV2K_fresh,fresh_div2k_0813,test,0.04,0.041259765625,0.0,2026,57f5b106ad56f29fa5213f19506cfc28681db62b98dbf406e09892debef73890,hqs,3,23.754683121507888,0.7372731027632132
fresh_div2k_0813,DIV2K_fresh,fresh_div2k_0813,test,0.04,0.041259765625,0.0,2026,57f5b106ad56f29fa5213f19506cfc28681db62b98dbf406e09892debef73890,hqs,4,23.998806650604863,0.7558644273694581
fresh_div2k_0813,DIV2K_fresh,fresh_div2k_0813,test,0.04,0.041259765625,0.0,2026,57f5b106ad56f29fa5213f19506cfc28681db62b98dbf406e09892debef73890,hqs,5,24.10531576529095,0.7629681618155427
fresh_div2k_0813,DIV2K_fresh,fresh_div2k_0813,test,0.04,0.041259765625,0.0,2026,57f5b106ad56f29fa5213f19506cfc28681db62b98dbf406e09892debef73890,hqs,6,24.168089707625633,0.7708688582253493
fresh_div2k_0813,DIV2K_fresh,fresh_div2k_0813,test,0.04,0.041259765625,0.0,2026,57f5b106ad56f29fa5213f19506cfc28681db62b98dbf406e09892debef73890,admm,1,21.806757930740407,0.5412008655600715
fresh_div2k_0813,DIV2K_fresh,fresh_div2k_0813,test,0.04,0.041259765625,0.0,2026,57f5b106ad56f29fa5213f19506cfc28681db62b98dbf406e09892debef73890,admm,2,23.31851011964741,0.6920404144823858
fresh_div2k_0813,DIV2K_fresh,fresh_div2k_0813,test,0.04,0.041259765625,0.0,2026,57f5b106ad56f29fa5213f19506cfc28681db62b98dbf406e09892debef73890,admm,3,23.827783964223865,0.7440912185133919
fresh_div2k_0813,DIV2K_fresh,fresh_div2k_0813,test,0.04,0.041259765625,0.0,2026,57f5b106ad56f29fa5213f19506cfc28681db62b98dbf406e09892debef73890,admm,4,23.969369691233936,0.7533770820767424
fresh_div2k_0813,DIV2K_fresh,fresh_div2k_0813,test,0.04,0.041259765625,0.0,2026,57f5b106ad56f29fa5213f19506cfc28681db62b98dbf406e09892debef73890,admm,5,24.079746323686933,0.7631520065867137
fresh_div2k_0813,DIV2K_fresh,fresh_div2k_0813,test,0.04,0.041259765625,0.0,2026,57f5b106ad56f29fa5213f19506cfc28681db62b98dbf406e09892debef73890,admm,6,24.15713550163396,0.7688705390126547
fresh_div2k_0813,DIV2K_fresh,fresh_div2k_0813,test,0.1,0.1001129150390625,0.0,2026,679429ab02412ed08003ec8bab225eed34153323e4622e3547943754aac44172,hqs,1,23.961880977437325,0.6786698725202791
fresh_div2k_0813,DIV2K_fresh,fresh_div2k_0813,test,0.1,0.1001129150390625,0.0,2026,679429ab02412ed08003ec8bab225eed34153323e4622e3547943754aac44172,hqs,2,25.566777860544228,0.7968959610330388
fresh_div2k_0813,DIV2K_fresh,fresh_div2k_0813,test,0.1,0.1001129150390625,0.0,2026,679429ab02412ed08003ec8bab225eed34153323e4622e3547943754aac44172,hqs,3,26.457181127099588,0.8562366975909025
fresh_div2k_0813,DIV2K_fresh,fresh_div2k_0813,test,0.1,0.1001129150390625,0.0,2026,679429ab02412ed08003ec8bab225eed34153323e4622e3547943754aac44172,hqs,4,26.877907188446393,0.8743027825055122
fresh_div2k_0813,DIV2K_fresh,fresh_div2k_0813,test,0.1,0.1001129150390625,0.0,2026,679429ab02412ed08003ec8bab225eed34153323e4622e3547943754aac44172,hqs,5,27.106257563762426,0.8831302908072471
fresh_div2k_0813,DIV2K_fresh,fresh_div2k_0813,test,0.1,0.1001129150390625,0.0,2026,679429ab02412ed08003ec8bab225eed34153323e4622e3547943754aac44172,hqs,6,27.251444325072065,0.8908315761768818
fresh_div2k_0813,DIV2K_fresh,fresh_div2k_0813,test,0.1,0.1001129150390625,0.0,2026,679429ab02412ed08003ec8bab225eed34153323e4622e3547943754aac44172,admm,1,23.8282720656819,0.6661432431292962
fresh_div2k_0813,DIV2K_fresh,fresh_div2k_0813,test,0.1,0.1001129150390625,0.0,2026,679429ab02412ed08003ec8bab225eed34153323e4622e3547943754aac44172,admm,2,25.838826272954485,0.8138495347165204
fresh_div2k_0813,DIV2K_fresh,fresh_div2k_0813,test,0.1,0.1001129150390625,0.0,2026,679429ab02412ed08003ec8bab225eed34153323e4622e3547943754aac44172,admm,3,26.6005710901634,0.8616873218362331
fresh_div2k_0813,DIV2K_fresh,fresh_div2k_0813,test,0.1,0.1001129150390625,0.0,2026,679429ab02412ed08003ec8bab225eed34153323e4622e3547943754aac44172,admm,4,26.859661778737625,0.8703938964622021
fresh_div2k_0813,DIV2K_fresh,fresh_div2k_0813,test,0.1,0.1001129150390625,0.0,2026,679429ab02412ed08003ec8bab225eed34153323e4622e3547943754aac44172,admm,5,27.095548515768634,0.881992800432682
fresh_div2k_0813,DIV2K_fresh,fresh_div2k_0813,test,0.1,0.1001129150390625,0.0,2026,679429ab02412ed08003ec8bab225eed34153323e4622e3547943754aac44172,admm,6,27.278698465417644,0.8905150868160725
fresh_div2k_0813,DIV2K_fresh,fresh_div2k_0813,test,0.25,0.25,0.0,2026,e187e747e98613bd0df211f9afe4229e7e20490f3bcc6771dabdb466c6ded131,hqs,1,27.292554919853966,0.8216967527861595
fresh_div2k_0813,DIV2K_fresh,fresh_div2k_0813,test,0.25,0.25,0.0,2026,e187e747e98613bd0df211f9afe4229e7e20490f3bcc6771dabdb466c6ded131,hqs,2,29.49694113363026,0.9079072472901344
fresh_div2k_0813,DIV2K_fresh,fresh_div2k_0813,test,0.25,0.25,0.0,2026,e187e747e98613bd0df211f9afe4229e7e20490f3bcc6771dabdb466c6ded131,hqs,3,30.931406542142916,0.9459726416506767
fresh_div2k_0813,DIV2K_fresh,fresh_div2k_0813,test,0.25,0.25,0.0,2026,e187e747e98613bd0df211f9afe4229e7e20490f3bcc6771dabdb466c6ded131,hqs,4,31.795986166180587,0.9569079331040382
fresh_div2k_0813,DIV2K_fresh,fresh_div2k_0813,test,0.25,0.25,0.0,2026,e187e747e98613bd0df211f9afe4229e7e20490f3bcc6771dabdb466c6ded131,hqs,5,32.293010701686036,0.9620142731142044
fresh_div2k_0813,DIV2K_fresh,fresh_div2k_0813,test,0.25,0.25,0.0,2026,e187e747e98613bd0df211f9afe4229e7e20490f3bcc6771dabdb466c6ded131,hqs,6,32.6402624417707,0.9667950558919907
fresh_div2k_0813,DIV2K_fresh,fresh_div2k_0813,test,0.25,0.25,0.0,2026,e187e747e98613bd0df211f9afe4229e7e20490f3bcc6771dabdb466c6ded131,admm,1,27.143684864806602,0.8110512951362133
fresh_div2k_0813,DIV2K_fresh,fresh_div2k_0813,test,0.25,0.25,0.0,2026,e187e747e98613bd0df211f9afe4229e7e20490f3bcc6771dabdb466c6ded131,admm,2,29.99178630721364,0.9230774505143166
fresh_div2k_0813,DIV2K_fresh,fresh_div2k_0813,test,0.25,0.25,0.0,2026,e187e747e98613bd0df211f9afe4229e7e20490f3bcc6771dabdb466c6ded131,admm,3,31.20233238590757,0.9465634268770218
fresh_div2k_0813,DIV2K_fresh,fresh_div2k_0813,test,0.25,0.25,0.0,2026,e187e747e98613bd0df211f9afe4229e7e20490f3bcc6771dabdb466c6ded131,admm,4,31.73923846419661,0.9509751383647919
fresh_div2k_0813,DIV2K_fresh,fresh_div2k_0813,test,0.25,0.25,0.0,2026,e187e747e98613bd0df211f9afe4229e7e20490f3bcc6771dabdb466c6ded131,admm,5,32.281108010298425,0.9600988781423568
fresh_div2k_0813,DIV2K_fresh,fresh_div2k_0813,test,0.25,0.25,0.0,2026,e187e747e98613bd0df211f9afe4229e7e20490f3bcc6771dabdb466c6ded131,admm,6,32.6687442394045,0.9668457541465759
fresh_div2k_0813,DIV2K_fresh,fresh_div2k_0813,test,0.5,0.4998931884765625,0.0,2026,94d721b514019fbe3dd8542613758d02558c63c805724364b6b0957c20516e14,hqs,1,30.9505120146283,0.9078934903945923
fresh_div2k_0813,DIV2K_fresh,fresh_div2k_0813,test,0.5,0.4998931884765625,0.0,2026,94d721b514019fbe3dd8542613758d02558c63c805724364b6b0957c20516e14,hqs,2,33.94929309289688,0.9593417572956086
fresh_div2k_0813,DIV2K_fresh,fresh_div2k_0813,test,0.5,0.4998931884765625,0.0,2026,94d721b514019fbe3dd8542613758d02558c63c805724364b6b0957c20516e14,hqs,3,36.166266155977766,0.9805852716856003
fresh_div2k_0813,DIV2K_fresh,fresh_div2k_0813,test,0.5,0.4998931884765625,0.0,2026,94d721b514019fbe3dd8542613758d02558c63c805724364b6b0957c20516e14,hqs,4,37.6306843867144,0.9863012556200027
fresh_div2k_0813,DIV2K_fresh,fresh_div2k_0813,test,0.5,0.4998931884765625,0.0,2026,94d721b514019fbe3dd8542613758d02558c63c805724364b6b0957c20516e14,hqs,5,38.52593758463883,0.9887496778326035
fresh_div2k_0813,DIV2K_fresh,fresh_div2k_0813,test,0.5,0.4998931884765625,0.0,2026,94d721b514019fbe3dd8542613758d02558c63c805724364b6b0957c20516e14,hqs,6,39.16983603328004,0.9910965863723755
fresh_div2k_0813,DIV2K_fresh,fresh_div2k_0813,test,0.5,0.4998931884765625,0.0,2026,94d721b514019fbe3dd8542613758d02558c63c805724364b6b0957c20516e14,admm,1,30.737338727828643,0.8994192032027245
fresh_div2k_0813,DIV2K_fresh,fresh_div2k_0813,test,0.5,0.4998931884765625,0.0,2026,94d721b514019fbe3dd8542613758d02558c63c805724364b6b0957c20516e14,admm,2,34.671337197837445,0.9681642714633941
fresh_div2k_0813,DIV2K_fresh,fresh_div2k_0813,test,0.5,0.4998931884765625,0.0,2026,94d721b514019fbe3dd8542613758d02558c63c805724364b6b0957c20516e14,admm,3,36.68343764737743,0.9802703718013763
fresh_div2k_0813,DIV2K_fresh,fresh_div2k_0813,test,0.5,0.4998931884765625,0.0,2026,94d721b514019fbe3dd8542613758d02558c63c805724364b6b0957c20516e14,admm,4,37.432830348123176,0.9817415121803283
fresh_div2k_0813,DIV2K_fresh,fresh_div2k_0813,test,0.5,0.4998931884765625,0.0,2026,94d721b514019fbe3dd8542613758d02558c63c805724364b6b0957c20516e14,admm,5,38.39128778087898,0.9870057477283478
fresh_div2k_0813,DIV2K_fresh,fresh_div2k_0813,test,0.5,0.4998931884765625,0.0,2026,94d721b514019fbe3dd8542613758d02558c63c805724364b6b0957c20516e14,admm,6,39.168842794763954,0.9909995232067108
fresh_div2k_0813,DIV2K_fresh,fresh_div2k_0813,test,0.1,0.1001129150390625,0.01,2026,4ea1253e8b7dd2d3f9aa9372aa407d5a17461dac0c7cc07175d203829b17f3f5,hqs,1,23.935176982273966,0.6773196365916533
fresh_div2k_0813,DIV2K_fresh,fresh_div2k_0813,test,0.1,0.1001129150390625,0.01,2026,4ea1253e8b7dd2d3f9aa9372aa407d5a17461dac0c7cc07175d203829b17f3f5,hqs,2,25.508908633561052,0.7945860683354438
fresh_div2k_0813,DIV2K_fresh,fresh_div2k_0813,test,0.1,0.1001129150390625,0.01,2026,4ea1253e8b7dd2d3f9aa9372aa407d5a17461dac0c7cc07175d203829b17f3f5,hqs,3,26.362298643341532,0.8529835843647495
fresh_div2k_0813,DIV2K_fresh,fresh_div2k_0813,test,0.1,0.1001129150390625,0.01,2026,4ea1253e8b7dd2d3f9aa9372aa407d5a17461dac0c7cc07175d203829b17f3f5,hqs,4,26.744705964683128,0.8703905128090381
fresh_div2k_0813,DIV2K_fresh,fresh_div2k_0813,test,0.1,0.1001129150390625,0.01,2026,4ea1253e8b7dd2d3f9aa9372aa407d5a17461dac0c7cc07175d203829b17f3f5,hqs,5,26.9312408934068,0.8781831225495338
fresh_div2k_0813,DIV2K_fresh,fresh_div2k_0813,test,0.1,0.1001129150390625,0.01,2026,4ea1253e8b7dd2d3f9aa9372aa407d5a17461dac0c7cc07175d203829b17f3f5,hqs,6,27.00944161986782,0.8830843790535927
fresh_div2k_0813,DIV2K_fresh,fresh_div2k_0813,test,0.1,0.1001129150390625,0.01,2026,4ea1253e8b7dd2d3f9aa9372aa407d5a17461dac0c7cc07175d203829b17f3f5,admm,1,23.801875069603454,0.6646866241234196
fresh_div2k_0813,DIV2K_fresh,fresh_div2k_0813,test,0.1,0.1001129150390625,0.01,2026,4ea1253e8b7dd2d3f9aa9372aa407d5a17461dac0c7cc07175d203829b17f3f5,admm,2,25.76498737500151,0.8104994104064083
fresh_div2k_0813,DIV2K_fresh,fresh_div2k_0813,test,0.1,0.1001129150390625,0.01,2026,4ea1253e8b7dd2d3f9aa9372aa407d5a17461dac0c7cc07175d203829b17f3f5,admm,3,26.47932086500507,0.8567130294115544
fresh_div2k_0813,DIV2K_fresh,fresh_div2k_0813,test,0.1,0.1001129150390625,0.01,2026,4ea1253e8b7dd2d3f9aa9372aa407d5a17461dac0c7cc07175d203829b17f3f5,admm,4,26.69550561474133,0.8645039572051764
fresh_div2k_0813,DIV2K_fresh,fresh_div2k_0813,test,0.1,0.1001129150390625,0.01,2026,4ea1253e8b7dd2d3f9aa9372aa407d5a17461dac0c7cc07175d203829b17f3f5,admm,5,26.880673339828558,0.8744850422782898
fresh_div2k_0813,DIV2K_fresh,fresh_div2k_0813,test,0.1,0.1001129150390625,0.01,2026,4ea1253e8b7dd2d3f9aa9372aa407d5a17461dac0c7cc07175d203829b17f3f5,admm,6,27.0470507745977,0.8838686639051437
fresh_div2k_0813,DIV2K_fresh,fresh_div2k_0813,test,0.1,0.1001129150390625,0.01,2027,9e5e3b1962aa1e3f8178d448ff9115afa41673b17967cadaaa474fc60a1c1f46,hqs,1,23.94008896437451,0.6770722644916252
fresh_div2k_0813,DIV2K_fresh,fresh_div2k_0813,test,0.1,0.1001129150390625,0.01,2027,9e5e3b1962aa1e3f8178d448ff9115afa41673b17967cadaaa474fc60a1c1f46,hqs,2,25.517188709478074,0.7943436094540208
fresh_div2k_0813,DIV2K_fresh,fresh_div2k_0813,test,0.1,0.1001129150390625,0.01,2027,9e5e3b1962aa1e3f8178d448ff9115afa41673b17967cadaaa474fc60a1c1f46,hqs,3,26.372514715899467,0.8535302805244327
fresh_div2k_0813,DIV2K_fresh,fresh_div2k_0813,test,0.1,0.1001129150390625,0.01,2027,9e5e3b1962aa1e3f8178d448ff9115afa41673b17967cadaaa474fc60a1c1f46,hqs,4,26.751953524712974,0.8710890992180109
fresh_div2k_0813,DIV2K_fresh,fresh_div2k_0813,test,0.1,0.1001129150390625,0.01,2027,9e5e3b1962aa1e3f8178d448ff9115afa41673b17967cadaaa474fc60a1c1f46,hqs,5,26.93826541362974,0.8786374886386394
fresh_div2k_0813,DIV2K_fresh,fresh_div2k_0813,test,0.1,0.1001129150390625,0.01,2027,9e5e3b1962aa1e3f8178d448ff9115afa41673b17967cadaaa474fc60a1c1f46,hqs,6,27.028362439146996,0.8835810884435177
fresh_div2k_0813,DIV2K_fresh,fresh_div2k_0813,test,0.1,0.1001129150390625,0.01,2027,9e5e3b1962aa1e3f8178d448ff9115afa41673b17967cadaaa474fc60a1c1f46,admm,1,23.807761429487208,0.6645175550732333
fresh_div2k_0813,DIV2K_fresh,fresh_div2k_0813,test,0.1,0.1001129150390625,0.01,2027,9e5e3b1962aa1e3f8178d448ff9115afa41673b17967cadaaa474fc60a1c1f46,admm,2,25.776609477107918,0.8098937686262144
fresh_div2k_0813,DIV2K_fresh,fresh_div2k_0813,test,0.1,0.1001129150390625,0.01,2027,9e5e3b1962aa1e3f8178d448ff9115afa41673b17967cadaaa474fc60a1c1f46,admm,3,26.490550512657798,0.856951513228178
fresh_div2k_0813,DIV2K_fresh,fresh_div2k_0813,test,0.1,0.1001129150390625,0.01,2027,9e5e3b1962aa1e3f8178d448ff9115afa41673b17967cadaaa474fc60a1c1f46,admm,4,26.694404435193984,0.8644716082072258
fresh_div2k_0813,DIV2K_fresh,fresh_div2k_0813,test,0.1,0.1001129150390625,0.01,2027,9e5e3b1962aa1e3f8178d448ff9115afa41673b17967cadaaa474fc60a1c1f46,admm,5,26.87889615226258,0.874267569590807
fresh_div2k_0813,DIV2K_fresh,fresh_div2k_0813,test,0.1,0.1001129150390625,0.01,2027,9e5e3b1962aa1e3f8178d448ff9115afa41673b17967cadaaa474fc60a1c1f46,admm,6,27.05743800876728,0.8845355882387161
fresh_div2k_0813,DIV2K_fresh,fresh_div2k_0813,test,0.1,0.1001129150390625,0.01,2028,561fbb5a53f212b294e2ddc6f0dc8b4f034089c0ba84b847574537ca978302d0,hqs,1,23.941468431505385,0.6770086707121972
fresh_div2k_0813,DIV2K_fresh,fresh_div2k_0813,test,0.1,0.1001129150390625,0.01,2028,561fbb5a53f212b294e2ddc6f0dc8b4f034089c0ba84b847574537ca978302d0,hqs,2,25.52776448145599,0.7945646266076323
fresh_div2k_0813,DIV2K_fresh,fresh_div2k_0813,test,0.1,0.1001129150390625,0.01,2028,561fbb5a53f212b294e2ddc6f0dc8b4f034089c0ba84b847574537ca978302d0,hqs,3,26.375888893807584,0.8530143548765481
fresh_div2k_0813,DIV2K_fresh,fresh_div2k_0813,test,0.1,0.1001129150390625,0.01,2028,561fbb5a53f212b294e2ddc6f0dc8b4f034089c0ba84b847574537ca978302d0,hqs,4,26.7499008565092,0.870683064180851
fresh_div2k_0813,DIV2K_fresh,fresh_div2k_0813,test,0.1,0.1001129150390625,0.01,2028,561fbb5a53f212b294e2ddc6f0dc8b4f034089c0ba84b847574537ca978302d0,hqs,5,26.932156133659618,0.8785610157313347
fresh_div2k_0813,DIV2K_fresh,fresh_div2k_0813,test,0.1,0.1001129150390625,0.01,2028,561fbb5a53f212b294e2ddc6f0dc8b4f034089c0ba84b847574537ca978302d0,hqs,6,27.015146587087095,0.8826766590776444
fresh_div2k_0813,DIV2K_fresh,fresh_div2k_0813,test,0.1,0.1001129150390625,0.01,2028,561fbb5a53f212b294e2ddc6f0dc8b4f034089c0ba84b847574537ca978302d0,admm,1,23.809273144604237,0.6646138117443845
fresh_div2k_0813,DIV2K_fresh,fresh_div2k_0813,test,0.1,0.1001129150390625,0.01,2028,561fbb5a53f212b294e2ddc6f0dc8b4f034089c0ba84b847574537ca978302d0,admm,2,25.785606351593113,0.8103709976474494
fresh_div2k_0813,DIV2K_fresh,fresh_div2k_0813,test,0.1,0.1001129150390625,0.01,2028,561fbb5a53f212b294e2ddc6f0dc8b4f034089c0ba84b847574537ca978302d0,admm,3,26.492864142856305,0.8568218675097227
fresh_div2k_0813,DIV2K_fresh,fresh_div2k_0813,test,0.1,0.1001129150390625,0.01,2028,561fbb5a53f212b294e2ddc6f0dc8b4f034089c0ba84b847574537ca978302d0,admm,4,26.700689405184974,0.864007052718401
fresh_div2k_0813,DIV2K_fresh,fresh_div2k_0813,test,0.1,0.1001129150390625,0.01,2028,561fbb5a53f212b294e2ddc6f0dc8b4f034089c0ba84b847574537ca978302d0,admm,5,26.89212425065542,0.8738527040507793
fresh_div2k_0813,DIV2K_fresh,fresh_div2k_0813,test,0.1,0.1001129150390625,0.01,2028,561fbb5a53f212b294e2ddc6f0dc8b4f034089c0ba84b847574537ca978302d0,admm,6,27.072818191894548,0.8841348264424801
fresh_div2k_0813,DIV2K_fresh,fresh_div2k_0813,test,0.1,0.1001129150390625,0.05,2026,bdc9b2acc06afe7dbbc6e5a6216c7cba204b68e9477390f0cdf5ef9930af3489,hqs,1,23.40252944898422,0.6368045360300941
fresh_div2k_0813,DIV2K_fresh,fresh_div2k_0813,test,0.1,0.1001129150390625,0.05,2026,bdc9b2acc06afe7dbbc6e5a6216c7cba204b68e9477390f0cdf5ef9930af3489,hqs,2,24.457062442845615,0.7255452986173629
fresh_div2k_0813,DIV2K_fresh,fresh_div2k_0813,test,0.1,0.1001129150390625,0.05,2026,bdc9b2acc06afe7dbbc6e5a6216c7cba204b68e9477390f0cdf5ef9930af3489,hqs,3,24.66800463217689,0.7384126548170987
fresh_div2k_0813,DIV2K_fresh,fresh_div2k_0813,test,0.1,0.1001129150390625,0.05,2026,bdc9b2acc06afe7dbbc6e5a6216c7cba204b68e9477390f0cdf5ef9930af3489,hqs,4,24.784583468458592,0.7536473182733617
fresh_div2k_0813,DIV2K_fresh,fresh_div2k_0813,test,0.1,0.1001129150390625,0.05,2026,bdc9b2acc06afe7dbbc6e5a6216c7cba204b68e9477390f0cdf5ef9930af3489,hqs,5,24.778345962644458,0.7546953446496699
fresh_div2k_0813,DIV2K_fresh,fresh_div2k_0813,test,0.1,0.1001129150390625,0.05,2026,bdc9b2acc06afe7dbbc6e5a6216c7cba204b68e9477390f0cdf5ef9930af3489,hqs,6,24.549250449047104,0.731136277400693
fresh_div2k_0813,DIV2K_fresh,fresh_div2k_0813,test,0.1,0.1001129150390625,0.05,2026,bdc9b2acc06afe7dbbc6e5a6216c7cba204b68e9477390f0cdf5ef9930af3489,admm,1,23.291892819847632,0.6258987299160249
fresh_div2k_0813,DIV2K_fresh,fresh_div2k_0813,test,0.1,0.1001129150390625,0.05,2026,bdc9b2acc06afe7dbbc6e5a6216c7cba204b68e9477390f0cdf5ef9930af3489,admm,2,24.487037672371127,0.7204014013071633
fresh_div2k_0813,DIV2K_fresh,fresh_div2k_0813,test,0.1,0.1001129150390625,0.05,2026,bdc9b2acc06afe7dbbc6e5a6216c7cba204b68e9477390f0cdf5ef9930af3489,admm,3,24.42089592038013,0.7167148788525499
fresh_div2k_0813,DIV2K_fresh,fresh_div2k_0813,test,0.1,0.1001129150390625,0.05,2026,bdc9b2acc06afe7dbbc6e5a6216c7cba204b68e9477390f0cdf5ef9930af3489,admm,4,24.41734099924004,0.7259034455009717
fresh_div2k_0813,DIV2K_fresh,fresh_div2k_0813,test,0.1,0.1001129150390625,0.05,2026,bdc9b2acc06afe7dbbc6e5a6216c7cba204b68e9477390f0cdf5ef9930af3489,admm,5,24.3967720651504,0.7204752518653572
fresh_div2k_0813,DIV2K_fresh,fresh_div2k_0813,test,0.1,0.1001129150390625,0.05,2026,bdc9b2acc06afe7dbbc6e5a6216c7cba204b68e9477390f0cdf5ef9930af3489,admm,6,24.64070361490288,0.7485298876526654
fresh_div2k_0813,DIV2K_fresh,fresh_div2k_0813,test,0.1,0.1001129150390625,0.05,2027,1f6d8e5465e66151a0c810b6a823d92651d9b356ab45d358a53850d9e5f41be2,hqs,1,23.40680192652313,0.6354425402751429
fresh_div2k_0813,DIV2K_fresh,fresh_div2k_0813,test,0.1,0.1001129150390625,0.05,2027,1f6d8e5465e66151a0c810b6a823d92651d9b356ab45d358a53850d9e5f41be2,hqs,2,24.468224319590423,0.7226123398266769
fresh_div2k_0813,DIV2K_fresh,fresh_div2k_0813,test,0.1,0.1001129150390625,0.05,2027,1f6d8e5465e66151a0c810b6a823d92651d9b356ab45d358a53850d9e5f41be2,hqs,3,24.673985267760425,0.7410367880751397
fresh_div2k_0813,DIV2K_fresh,fresh_div2k_0813,test,0.1,0.1001129150390625,0.05,2027,1f6d8e5465e66151a0c810b6a823d92651d9b356ab45d358a53850d9e5f41be2,hqs,4,24.785890083070967,0.7599053746782094
fresh_div2k_0813,DIV2K_fresh,fresh_div2k_0813,test,0.1,0.1001129150390625,0.05,2027,1f6d8e5465e66151a0c810b6a823d92651d9b356ab45d358a53850d9e5f41be2,hqs,5,24.784115793769796,0.7611736622477024
fresh_div2k_0813,DIV2K_fresh,fresh_div2k_0813,test,0.1,0.1001129150390625,0.05,2027,1f6d8e5465e66151a0c810b6a823d92651d9b356ab45d358a53850d9e5f41be2,hqs,6,24.544227761036915,0.7369406683165133
fresh_div2k_0813,DIV2K_fresh,fresh_div2k_0813,test,0.1,0.1001129150390625,0.05,2027,1f6d8e5465e66151a0c810b6a823d92651d9b356ab45d358a53850d9e5f41be2,admm,1,23.29674421472406,0.6244323868690338
fresh_div2k_0813,DIV2K_fresh,fresh_div2k_0813,test,0.1,0.1001129150390625,0.05,2027,1f6d8e5465e66151a0c810b6a823d92651d9b356ab45d358a53850d9e5f41be2,admm,2,24.50848921268878,0.7180795882842224
fresh_div2k_0813,DIV2K_fresh,fresh_div2k_0813,test,0.1,0.1001129150390625,0.05,2027,1f6d8e5465e66151a0c810b6a823d92651d9b356ab45d358a53850d9e5f41be2,admm,3,24.42097677126787,0.7189039057720416
fresh_div2k_0813,DIV2K_fresh,fresh_div2k_0813,test,0.1,0.1001129150390625,0.05,2027,1f6d8e5465e66151a0c810b6a823d92651d9b356ab45d358a53850d9e5f41be2,admm,4,24.391277044155654,0.7296902520834617
fresh_div2k_0813,DIV2K_fresh,fresh_div2k_0813,test,0.1,0.1001129150390625,0.05,2027,1f6d8e5465e66151a0c810b6a823d92651d9b356ab45d358a53850d9e5f41be2,admm,5,24.357795589265812,0.723391245879298
fresh_div2k_0813,DIV2K_fresh,fresh_div2k_0813,test,0.1,0.1001129150390625,0.05,2027,1f6d8e5465e66151a0c810b6a823d92651d9b356ab45d358a53850d9e5f41be2,admm,6,24.610342088603954,0.7526785568301864
fresh_div2k_0813,DIV2K_fresh,fresh_div2k_0813,test,0.1,0.1001129150390625,0.05,2028,94ae942cc83cb99fec3ac352f53befb55acf4bfb6e4dfc8e081525b10a06ecb8,hqs,1,23.417107996707163,0.636680330689149
fresh_div2k_0813,DIV2K_fresh,fresh_div2k_0813,test,0.1,0.1001129150390625,0.05,2028,94ae942cc83cb99fec3ac352f53befb55acf4bfb6e4dfc8e081525b10a06ecb8,hqs,2,24.513810367204194,0.7257153514762782
fresh_div2k_0813,DIV2K_fresh,fresh_div2k_0813,test,0.1,0.1001129150390625,0.05,2028,94ae942cc83cb99fec3ac352f53befb55acf4bfb6e4dfc8e081525b10a06ecb8,hqs,3,24.713824583807224,0.7406670213897377
fresh_div2k_0813,DIV2K_fresh,fresh_div2k_0813,test,0.1,0.1001129150390625,0.05,2028,94ae942cc83cb99fec3ac352f53befb55acf4bfb6e4dfc8e081525b10a06ecb8,hqs,4,24.81791101601518,0.7562708488970995
fresh_div2k_0813,DIV2K_fresh,fresh_div2k_0813,test,0.1,0.1001129150390625,0.05,2028,94ae942cc83cb99fec3ac352f53befb55acf4bfb6e4dfc8e081525b10a06ecb8,hqs,5,24.810837116886244,0.758570500441879
fresh_div2k_0813,DIV2K_fresh,fresh_div2k_0813,test,0.1,0.1001129150390625,0.05,2028,94ae942cc83cb99fec3ac352f53befb55acf4bfb6e4dfc8e081525b10a06ecb8,hqs,6,24.583021089306094,0.7369303050798949
fresh_div2k_0813,DIV2K_fresh,fresh_div2k_0813,test,0.1,0.1001129150390625,0.05,2028,94ae942cc83cb99fec3ac352f53befb55acf4bfb6e4dfc8e081525b10a06ecb8,admm,1,23.308836017417974,0.6258729435967337
fresh_div2k_0813,DIV2K_fresh,fresh_div2k_0813,test,0.1,0.1001129150390625,0.05,2028,94ae942cc83cb99fec3ac352f53befb55acf4bfb6e4dfc8e081525b10a06ecb8,admm,2,24.54657743266833,0.7209979484246205
fresh_div2k_0813,DIV2K_fresh,fresh_div2k_0813,test,0.1,0.1001129150390625,0.05,2028,94ae942cc83cb99fec3ac352f53befb55acf4bfb6e4dfc8e081525b10a06ecb8,admm,3,24.47169671212453,0.7204106252088994
fresh_div2k_0813,DIV2K_fresh,fresh_div2k_0813,test,0.1,0.1001129150390625,0.05,2028,94ae942cc83cb99fec3ac352f53befb55acf4bfb6e4dfc8e081525b10a06ecb8,admm,4,24.44241485771821,0.7287258496006064
fresh_div2k_0813,DIV2K_fresh,fresh_div2k_0813,test,0.1,0.1001129150390625,0.05,2028,94ae942cc83cb99fec3ac352f53befb55acf4bfb6e4dfc8e081525b10a06ecb8,admm,5,24.42909090805224,0.7254515572296028
fresh_div2k_0813,DIV2K_fresh,fresh_div2k_0813,test,0.1,0.1001129150390625,0.05,2028,94ae942cc83cb99fec3ac352f53befb55acf4bfb6e4dfc8e081525b10a06ecb8,admm,6,24.65142149841034,0.752357181268787
fresh_div2k_0817,DIV2K_fresh,fresh_div2k_0817,test,0.01,0.01031494140625,0.0,2026,8b3ed615d7863fc457d75c527a60c3facad3ec027d426ab348aea4b1b33dc705,hqs,1,20.571573001480257,0.36934331600091946
fresh_div2k_0817,DIV2K_fresh,fresh_div2k_0817,test,0.01,0.01031494140625,0.0,2026,8b3ed615d7863fc457d75c527a60c3facad3ec027d426ab348aea4b1b33dc705,hqs,2,20.878779755931323,0.40293533261933956
fresh_div2k_0817,DIV2K_fresh,fresh_div2k_0817,test,0.01,0.01031494140625,0.0,2026,8b3ed615d7863fc457d75c527a60c3facad3ec027d426ab348aea4b1b33dc705,hqs,3,21.107742436883633,0.4246534049085815
fresh_div2k_0817,DIV2K_fresh,fresh_div2k_0817,test,0.01,0.01031494140625,0.0,2026,8b3ed615d7863fc457d75c527a60c3facad3ec027d426ab348aea4b1b33dc705,hqs,4,21.223859308188814,0.43582944696478104
fresh_div2k_0817,DIV2K_fresh,fresh_div2k_0817,test,0.01,0.01031494140625,0.0,2026,8b3ed615d7863fc457d75c527a60c3facad3ec027d426ab348aea4b1b33dc705,hqs,5,21.28636432484676,0.4398760885771907
fresh_div2k_0817,DIV2K_fresh,fresh_div2k_0817,test,0.01,0.01031494140625,0.0,2026,8b3ed615d7863fc457d75c527a60c3facad3ec027d426ab348aea4b1b33dc705,hqs,6,21.339060411120418,0.44481828259685147
fresh_div2k_0817,DIV2K_fresh,fresh_div2k_0817,test,0.01,0.01031494140625,0.0,2026,8b3ed615d7863fc457d75c527a60c3facad3ec027d426ab348aea4b1b33dc705,admm,1,20.56116148299058,0.3650548320494974
fresh_div2k_0817,DIV2K_fresh,fresh_div2k_0817,test,0.01,0.01031494140625,0.0,2026,8b3ed615d7863fc457d75c527a60c3facad3ec027d426ab348aea4b1b33dc705,admm,2,20.974891960235563,0.4112222972091179
fresh_div2k_0817,DIV2K_fresh,fresh_div2k_0817,test,0.01,0.01031494140625,0.0,2026,8b3ed615d7863fc457d75c527a60c3facad3ec027d426ab348aea4b1b33dc705,admm,3,21.185759103946378,0.43301839279087606
fresh_div2k_0817,DIV2K_fresh,fresh_div2k_0817,test,0.01,0.01031494140625,0.0,2026,8b3ed615d7863fc457d75c527a60c3facad3ec027d426ab348aea4b1b33dc705,admm,4,21.27411532369582,0.441688347284517
fresh_div2k_0817,DIV2K_fresh,fresh_div2k_0817,test,0.01,0.01031494140625,0.0,2026,8b3ed615d7863fc457d75c527a60c3facad3ec027d426ab348aea4b1b33dc705,admm,5,21.335544522881612,0.4450570042388355
fresh_div2k_0817,DIV2K_fresh,fresh_div2k_0817,test,0.01,0.01031494140625,0.0,2026,8b3ed615d7863fc457d75c527a60c3facad3ec027d426ab348aea4b1b33dc705,admm,6,21.375659358331514,0.44688510939291526
fresh_div2k_0817,DIV2K_fresh,fresh_div2k_0817,test,0.04,0.041259765625,0.0,2026,9f751397b1cb7eec79776dd9ead49c91595daa49506bd2e9a4ef38d5b903def3,hqs,1,22.79987728039604,0.5359869299703729
fresh_div2k_0817,DIV2K_fresh,fresh_div2k_0817,test,0.04,0.041259765625,0.0,2026,9f751397b1cb7eec79776dd9ead49c91595daa49506bd2e9a4ef38d5b903def3,hqs,2,23.416626010269297,0.6006456397414776
fresh_div2k_0817,DIV2K_fresh,fresh_div2k_0817,test,0.04,0.041259765625,0.0,2026,9f751397b1cb7eec79776dd9ead49c91595daa49506bd2e9a4ef38d5b903def3,hqs,3,23.74511851453378,0.6354724247489278
fresh_div2k_0817,DIV2K_fresh,fresh_div2k_0817,test,0.04,0.041259765625,0.0,2026,9f751397b1cb7eec79776dd9ead49c91595daa49506bd2e9a4ef38d5b903def3,hqs,4,23.8809496044709,0.6484745311912075
fresh_div2k_0817,DIV2K_fresh,fresh_div2k_0817,test,0.04,0.041259765625,0.0,2026,9f751397b1cb7eec79776dd9ead49c91595daa49506bd2e9a4ef38d5b903def3,hqs,5,23.9388347443137,0.6533737978916428
fresh_div2k_0817,DIV2K_fresh,fresh_div2k_0817,test,0.04,0.041259765625,0.0,2026,9f751397b1cb7eec79776dd9ead49c91595daa49506bd2e9a4ef38d5b903def3,hqs,6,23.96755910175486,0.6600003935909933
fresh_div2k_0817,DIV2K_fresh,fresh_div2k_0817,test,0.04,0.041259765625,0.0,2026,9f751397b1cb7eec79776dd9ead49c91595daa49506bd2e9a4ef38d5b903def3,admm,1,22.756261352614715,0.527377021077057
fresh_div2k_0817,DIV2K_fresh,fresh_div2k_0817,test,0.04,0.041259765625,0.0,2026,9f751397b1cb7eec79776dd9ead49c91595daa49506bd2e9a4ef38d5b903def3,admm,2,23.522569248746162,0.6120326527339944
fresh_div2k_0817,DIV2K_fresh,fresh_div2k_0817,test,0.04,0.041259765625,0.0,2026,9f751397b1cb7eec79776dd9ead49c91595daa49506bd2e9a4ef38d5b903def3,admm,3,23.774947413510567,0.6433186903824135
fresh_div2k_0817,DIV2K_fresh,fresh_div2k_0817,test,0.04,0.041259765625,0.0,2026,9f751397b1cb7eec79776dd9ead49c91595daa49506bd2e9a4ef38d5b903def3,admm,4,23.869571836739468,0.6523794415279482
fresh_div2k_0817,DIV2K_fresh,fresh_div2k_0817,test,0.04,0.041259765625,0.0,2026,9f751397b1cb7eec79776dd9ead49c91595daa49506bd2e9a4ef38d5b903def3,admm,5,23.945953639546428,0.6578625856916331
fresh_div2k_0817,DIV2K_fresh,fresh_div2k_0817,test,0.04,0.041259765625,0.0,2026,9f751397b1cb7eec79776dd9ead49c91595daa49506bd2e9a4ef38d5b903def3,admm,6,23.98605323852303,0.657564205358358
fresh_div2k_0817,DIV2K_fresh,fresh_div2k_0817,test,0.1,0.1001129150390625,0.0,2026,5989fe3ed5e28523ff400449d327811a2adbdeb4ec881ff97dc90bba67d600f8,hqs,1,24.861113750027087,0.6833269436801505
fresh_div2k_0817,DIV2K_fresh,fresh_div2k_0817,test,0.1,0.1001129150390625,0.0,2026,5989fe3ed5e28523ff400449d327811a2adbdeb4ec881ff97dc90bba67d600f8,hqs,2,25.80442580459435,0.7538809054318071
fresh_div2k_0817,DIV2K_fresh,fresh_div2k_0817,test,0.1,0.1001129150390625,0.0,2026,5989fe3ed5e28523ff400449d327811a2adbdeb4ec881ff97dc90bba67d600f8,hqs,3,26.298131924408406,0.7908590336405039
fresh_div2k_0817,DIV2K_fresh,fresh_div2k_0817,test,0.1,0.1001129150390625,0.0,2026,5989fe3ed5e28523ff400449d327811a2adbdeb4ec881ff97dc90bba67d600f8,hqs,4,26.489054199108317,0.8045201316524744
fresh_div2k_0817,DIV2K_fresh,fresh_div2k_0817,test,0.1,0.1001129150390625,0.0,2026,5989fe3ed5e28523ff400449d327811a2adbdeb4ec881ff97dc90bba67d600f8,hqs,5,26.550665164276992,0.8093558467883468
fresh_div2k_0817,DIV2K_fresh,fresh_div2k_0817,test,0.1,0.1001129150390625,0.0,2026,5989fe3ed5e28523ff400449d327811a2adbdeb4ec881ff97dc90bba67d600f8,hqs,6,26.55328407892902,0.8126194016536474
fresh_div2k_0817,DIV2K_fresh,fresh_div2k_0817,test,0.1,0.1001129150390625,0.0,2026,5989fe3ed5e28523ff400449d327811a2adbdeb4ec881ff97dc90bba67d600f8,admm,1,24.784139108922837,0.6734461550852722
fresh_div2k_0817,DIV2K_fresh,fresh_div2k_0817,test,0.1,0.1001129150390625,0.0,2026,5989fe3ed5e28523ff400449d327811a2adbdeb4ec881ff97dc90bba67d600f8,admm,2,25.97525718641341,0.7646558352493048
fresh_div2k_0817,DIV2K_fresh,fresh_div2k_0817,test,0.1,0.1001129150390625,0.0,2026,5989fe3ed5e28523ff400449d327811a2adbdeb4ec881ff97dc90bba67d600f8,admm,3,26.384268109960228,0.7987053731824085
fresh_div2k_0817,DIV2K_fresh,fresh_div2k_0817,test,0.1,0.1001129150390625,0.0,2026,5989fe3ed5e28523ff400449d327811a2adbdeb4ec881ff97dc90bba67d600f8,admm,4,26.485097049683354,0.8067936573775113
fresh_div2k_0817,DIV2K_fresh,fresh_div2k_0817,test,0.1,0.1001129150390625,0.0,2026,5989fe3ed5e28523ff400449d327811a2adbdeb4ec881ff97dc90bba67d600f8,admm,5,26.566128749725944,0.8120950585554242
fresh_div2k_0817,DIV2K_fresh,fresh_div2k_0817,test,0.1,0.1001129150390625,0.0,2026,5989fe3ed5e28523ff400449d327811a2adbdeb4ec881ff97dc90bba67d600f8,admm,6,26.600382923817737,0.813046728207767
fresh_div2k_0817,DIV2K_fresh,fresh_div2k_0817,test,0.25,0.25,0.0,2026,24484fb9e2351eebdda9f6a8052bec5a993ef29294bbd7ccc33bd5c48a8db654,hqs,1,27.981868706553254,0.8325668999797106
fresh_div2k_0817,DIV2K_fresh,fresh_div2k_0817,test,0.25,0.25,0.0,2026,24484fb9e2351eebdda9f6a8052bec5a993ef29294bbd7ccc33bd5c48a8db654,hqs,2,29.44030845314834,0.8889015227698087
fresh_div2k_0817,DIV2K_fresh,fresh_div2k_0817,test,0.25,0.25,0.0,2026,24484fb9e2351eebdda9f6a8052bec5a993ef29294bbd7ccc33bd5c48a8db654,hqs,3,30.2952535658258,0.9148725133907795
fresh_div2k_0817,DIV2K_fresh,fresh_div2k_0817,test,0.25,0.25,0.0,2026,24484fb9e2351eebdda9f6a8052bec5a993ef29294bbd7ccc33bd5c48a8db654,hqs,4,30.72535887584651,0.9241803804116249
fresh_div2k_0817,DIV2K_fresh,fresh_div2k_0817,test,0.25,0.25,0.0,2026,24484fb9e2351eebdda9f6a8052bec5a993ef29294bbd7ccc33bd5c48a8db654,hqs,5,30.96209387390575,0.9292293358640671
fresh_div2k_0817,DIV2K_fresh,fresh_div2k_0817,test,0.25,0.25,0.0,2026,24484fb9e2351eebdda9f6a8052bec5a993ef29294bbd7ccc33bd5c48a8db654,hqs,6,31.146446828260036,0.933832616959095
fresh_div2k_0817,DIV2K_fresh,fresh_div2k_0817,test,0.25,0.25,0.0,2026,24484fb9e2351eebdda9f6a8052bec5a993ef29294bbd7ccc33bd5c48a8db654,admm,1,27.884264702952034,0.8260074284873009
fresh_div2k_0817,DIV2K_fresh,fresh_div2k_0817,test,0.25,0.25,0.0,2026,24484fb9e2351eebdda9f6a8052bec5a993ef29294bbd7ccc33bd5c48a8db654,admm,2,29.720188595086917,0.8983090080506801
fresh_div2k_0817,DIV2K_fresh,fresh_div2k_0817,test,0.25,0.25,0.0,2026,24484fb9e2351eebdda9f6a8052bec5a993ef29294bbd7ccc33bd5c48a8db654,admm,3,30.452710391336034,0.9184313817412854
fresh_div2k_0817,DIV2K_fresh,fresh_div2k_0817,test,0.25,0.25,0.0,2026,24484fb9e2351eebdda9f6a8052bec5a993ef29294bbd7ccc33bd5c48a8db654,admm,4,30.720033984800853,0.9232352456605435
fresh_div2k_0817,DIV2K_fresh,fresh_div2k_0817,test,0.25,0.25,0.0,2026,24484fb9e2351eebdda9f6a8052bec5a993ef29294bbd7ccc33bd5c48a8db654,admm,5,30.976053798044376,0.9295078956522942
fresh_div2k_0817,DIV2K_fresh,fresh_div2k_0817,test,0.25,0.25,0.0,2026,24484fb9e2351eebdda9f6a8052bec5a993ef29294bbd7ccc33bd5c48a8db654,admm,6,31.127678974023354,0.9333303907797337
fresh_div2k_0817,DIV2K_fresh,fresh_div2k_0817,test,0.5,0.4998931884765625,0.0,2026,c0b8ce5ffdf46fd9173d06eb2b6b4fdda927b44eee13a67f4edd18b354f52602,hqs,1,31.706343094257395,0.9237045596790314
fresh_div2k_0817,DIV2K_fresh,fresh_div2k_0817,test,0.5,0.4998931884765625,0.0,2026,c0b8ce5ffdf46fd9173d06eb2b6b4fdda927b44eee13a67f4edd18b354f52602,hqs,2,33.8775128363126,0.9569800600233078
fresh_div2k_0817,DIV2K_fresh,fresh_div2k_0817,test,0.5,0.4998931884765625,0.0,2026,c0b8ce5ffdf46fd9173d06eb2b6b4fdda927b44eee13a67f4edd18b354f52602,hqs,3,35.322507443699095,0.9716145803461075
fresh_div2k_0817,DIV2K_fresh,fresh_div2k_0817,test,0.5,0.4998931884765625,0.0,2026,c0b8ce5ffdf46fd9173d06eb2b6b4fdda927b44eee13a67f4edd18b354f52602,hqs,4,36.1716877919681,0.9766523764123917
fresh_div2k_0817,DIV2K_fresh,fresh_div2k_0817,test,0.5,0.4998931884765625,0.0,2026,c0b8ce5ffdf46fd9173d06eb2b6b4fdda927b44eee13a67f4edd18b354f52602,hqs,5,36.71395280819986,0.9793150779304505
fresh_div2k_0817,DIV2K_fresh,fresh_div2k_0817,test,0.5,0.4998931884765625,0.0,2026,c0b8ce5ffdf46fd9173d06eb2b6b4fdda927b44eee13a67f4edd18b354f52602,hqs,6,37.086315269961226,0.9815623502016068
fresh_div2k_0817,DIV2K_fresh,fresh_div2k_0817,test,0.5,0.4998931884765625,0.0,2026,c0b8ce5ffdf46fd9173d06eb2b6b4fdda927b44eee13a67f4edd18b354f52602,admm,1,31.57566076023981,0.9187977741007805
fresh_div2k_0817,DIV2K_fresh,fresh_div2k_0817,test,0.5,0.4998931884765625,0.0,2026,c0b8ce5ffdf46fd9173d06eb2b6b4fdda927b44eee13a67f4edd18b354f52602,admm,2,34.35111562530873,0.9618544495668411
fresh_div2k_0817,DIV2K_fresh,fresh_div2k_0817,test,0.5,0.4998931884765625,0.0,2026,c0b8ce5ffdf46fd9173d06eb2b6b4fdda927b44eee13a67f4edd18b354f52602,admm,3,35.6481522359912,0.9721224096069336
fresh_div2k_0817,DIV2K_fresh,fresh_div2k_0817,test,0.5,0.4998931884765625,0.0,2026,c0b8ce5ffdf46fd9173d06eb2b6b4fdda927b44eee13a67f4edd18b354f52602,admm,4,36.13789216630087,0.9738292995843887
fresh_div2k_0817,DIV2K_fresh,fresh_div2k_0817,test,0.5,0.4998931884765625,0.0,2026,c0b8ce5ffdf46fd9173d06eb2b6b4fdda927b44eee13a67f4edd18b354f52602,admm,5,36.70404676702652,0.9779120483551026
fresh_div2k_0817,DIV2K_fresh,fresh_div2k_0817,test,0.5,0.4998931884765625,0.0,2026,c0b8ce5ffdf46fd9173d06eb2b6b4fdda927b44eee13a67f4edd18b354f52602,admm,6,37.12548097806699,0.981611463388443
fresh_div2k_0817,DIV2K_fresh,fresh_div2k_0817,test,0.1,0.1001129150390625,0.01,2026,3867e36f54480c6425ab4503581f868767c507bc9a1dfe07b57b47743dab351f,hqs,1,24.834245347348173,0.6816028992025591
fresh_div2k_0817,DIV2K_fresh,fresh_div2k_0817,test,0.1,0.1001129150390625,0.01,2026,3867e36f54480c6425ab4503581f868767c507bc9a1dfe07b57b47743dab351f,hqs,2,25.754677841785902,0.7517874140261411
fresh_div2k_0817,DIV2K_fresh,fresh_div2k_0817,test,0.1,0.1001129150390625,0.01,2026,3867e36f54480c6425ab4503581f868767c507bc9a1dfe07b57b47743dab351f,hqs,3,26.221919515394227,0.7878906828503013
fresh_div2k_0817,DIV2K_fresh,fresh_div2k_0817,test,0.1,0.1001129150390625,0.01,2026,3867e36f54480c6425ab4503581f868767c507bc9a1dfe07b57b47743dab351f,hqs,4,26.394549388360467,0.8004658502175808
fresh_div2k_0817,DIV2K_fresh,fresh_div2k_0817,test,0.1,0.1001129150390625,0.01,2026,3867e36f54480c6425ab4503581f868767c507bc9a1dfe07b57b47743dab351f,hqs,5,26.44568828222383,0.8049551947700977
fresh_div2k_0817,DIV2K_fresh,fresh_div2k_0817,test,0.1,0.1001129150390625,0.01,2026,3867e36f54480c6425ab4503581f868767c507bc9a1dfe07b57b47743dab351f,hqs,6,26.42868967119036,0.8072709139970541
fresh_div2k_0817,DIV2K_fresh,fresh_div2k_0817,test,0.1,0.1001129150390625,0.01,2026,3867e36f54480c6425ab4503581f868767c507bc9a1dfe07b57b47743dab351f,admm,1,24.758889091647035,0.671819421635624
fresh_div2k_0817,DIV2K_fresh,fresh_div2k_0817,test,0.1,0.1001129150390625,0.01,2026,3867e36f54480c6425ab4503581f868767c507bc9a1dfe07b57b47743dab351f,admm,2,25.915904308522656,0.7620017645768523
fresh_div2k_0817,DIV2K_fresh,fresh_div2k_0817,test,0.1,0.1001129150390625,0.01,2026,3867e36f54480c6425ab4503581f868767c507bc9a1dfe07b57b47743dab351f,admm,3,26.289469600674302,0.7948630184189509
fresh_div2k_0817,DIV2K_fresh,fresh_div2k_0817,test,0.1,0.1001129150390625,0.01,2026,3867e36f54480c6425ab4503581f868767c507bc9a1dfe07b57b47743dab351f,admm,4,26.368397542101874,0.8020329144993127
fresh_div2k_0817,DIV2K_fresh,fresh_div2k_0817,test,0.1,0.1001129150390625,0.01,2026,3867e36f54480c6425ab4503581f868767c507bc9a1dfe07b57b47743dab351f,admm,5,26.43629954077804,0.8064081703526974
fresh_div2k_0817,DIV2K_fresh,fresh_div2k_0817,test,0.1,0.1001129150390625,0.01,2026,3867e36f54480c6425ab4503581f868767c507bc9a1dfe07b57b47743dab351f,admm,6,26.48711897339609,0.8081925978085994
fresh_div2k_0817,DIV2K_fresh,fresh_div2k_0817,test,0.1,0.1001129150390625,0.01,2027,bd0712447335367b047c37a310c163702b74aa90ed27e41bd9f63fc46843b156,hqs,1,24.83359224770855,0.6808619386663232
fresh_div2k_0817,DIV2K_fresh,fresh_div2k_0817,test,0.1,0.1001129150390625,0.01,2027,bd0712447335367b047c37a310c163702b74aa90ed27e41bd9f63fc46843b156,hqs,2,25.760929533201708,0.7508586443286538
fresh_div2k_0817,DIV2K_fresh,fresh_div2k_0817,test,0.1,0.1001129150390625,0.01,2027,bd0712447335367b047c37a310c163702b74aa90ed27e41bd9f63fc46843b156,hqs,3,26.233734843906333,0.7872484579858556
fresh_div2k_0817,DIV2K_fresh,fresh_div2k_0817,test,0.1,0.1001129150390625,0.01,2027,bd0712447335367b047c37a310c163702b74aa90ed27e41bd9f63fc46843b156,hqs,4,26.408959925798783,0.7998774121458531
fresh_div2k_0817,DIV2K_fresh,fresh_div2k_0817,test,0.1,0.1001129150390625,0.01,2027,bd0712447335367b047c37a310c163702b74aa90ed27e41bd9f63fc46843b156,hqs,5,26.471073357355937,0.8047366833093762
fresh_div2k_0817,DIV2K_fresh,fresh_div2k_0817,test,0.1,0.1001129150390625,0.01,2027,bd0712447335367b047c37a310c163702b74aa90ed27e41bd9f63fc46843b156,hqs,6,26.47575148583619,0.8078273006349802
fresh_div2k_0817,DIV2K_fresh,fresh_div2k_0817,test,0.1,0.1001129150390625,0.01,2027,bd0712447335367b047c37a310c163702b74aa90ed27e41bd9f63fc46843b156,admm,1,24.757334266182568,0.6710849732674263
fresh_div2k_0817,DIV2K_fresh,fresh_div2k_0817,test,0.1,0.1001129150390625,0.01,2027,bd0712447335367b047c37a310c163702b74aa90ed27e41bd9f63fc46843b156,admm,2,25.922933280311913,0.7609935139707029
fresh_div2k_0817,DIV2K_fresh,fresh_div2k_0817,test,0.1,0.1001129150390625,0.01,2027,bd0712447335367b047c37a310c163702b74aa90ed27e41bd9f63fc46843b156,admm,3,26.304459567822704,0.7943478629091978
fresh_div2k_0817,DIV2K_fresh,fresh_div2k_0817,test,0.1,0.1001129150390625,0.01,2027,bd0712447335367b047c37a310c163702b74aa90ed27e41bd9f63fc46843b156,admm,4,26.38642565673809,0.8017440226512998
fresh_div2k_0817,DIV2K_fresh,fresh_div2k_0817,test,0.1,0.1001129150390625,0.01,2027,bd0712447335367b047c37a310c163702b74aa90ed27e41bd9f63fc46843b156,admm,5,26.460571390235238,0.8062826373868287
fresh_div2k_0817,DIV2K_fresh,fresh_div2k_0817,test,0.1,0.1001129150390625,0.01,2027,bd0712447335367b047c37a310c163702b74aa90ed27e41bd9f63fc46843b156,admm,6,26.517950891582927,0.8081585091927648
fresh_div2k_0817,DIV2K_fresh,fresh_div2k_0817,test,0.1,0.1001129150390625,0.01,2028,9357dece78f9e13c8a7d80107540d417a13a762462818d4828a63534d39fe4f8,hqs,1,24.83544921574464,0.6816825500769009
fresh_div2k_0817,DIV2K_fresh,fresh_div2k_0817,test,0.1,0.1001129150390625,0.01,2028,9357dece78f9e13c8a7d80107540d417a13a762462818d4828a63534d39fe4f8,hqs,2,25.758740162980946,0.751530056280613
fresh_div2k_0817,DIV2K_fresh,fresh_div2k_0817,test,0.1,0.1001129150390625,0.01,2028,9357dece78f9e13c8a7d80107540d417a13a762462818d4828a63534d39fe4f8,hqs,3,26.233809504121254,0.7880492066140771
fresh_div2k_0817,DIV2K_fresh,fresh_div2k_0817,test,0.1,0.1001129150390625,0.01,2028,9357dece78f9e13c8a7d80107540d417a13a762462818d4828a63534d39fe4f8,hqs,4,26.407389706980876,0.8007637882748246
fresh_div2k_0817,DIV2K_fresh,fresh_div2k_0817,test,0.1,0.1001129150390625,0.01,2028,9357dece78f9e13c8a7d80107540d417a13a762462818d4828a63534d39fe4f8,hqs,5,26.463848075547954,0.8052944361094236
fresh_div2k_0817,DIV2K_fresh,fresh_div2k_0817,test,0.1,0.1001129150390625,0.01,2028,9357dece78f9e13c8a7d80107540d417a13a762462818d4828a63534d39fe4f8,hqs,6,26.455787503151154,0.8077848009687663
fresh_div2k_0817,DIV2K_fresh,fresh_div2k_0817,test,0.1,0.1001129150390625,0.01,2028,9357dece78f9e13c8a7d80107540d417a13a762462818d4828a63534d39fe4f8,admm,1,24.759117136960572,0.6718546356012002
fresh_div2k_0817,DIV2K_fresh,fresh_div2k_0817,test,0.1,0.1001129150390625,0.01,2028,9357dece78f9e13c8a7d80107540d417a13a762462818d4828a63534d39fe4f8,admm,2,25.918648095702935,0.7614431669535041
fresh_div2k_0817,DIV2K_fresh,fresh_div2k_0817,test,0.1,0.1001129150390625,0.01,2028,9357dece78f9e13c8a7d80107540d417a13a762462818d4828a63534d39fe4f8,admm,3,26.300351885328187,0.7947589952523186
fresh_div2k_0817,DIV2K_fresh,fresh_div2k_0817,test,0.1,0.1001129150390625,0.01,2028,9357dece78f9e13c8a7d80107540d417a13a762462818d4828a63534d39fe4f8,admm,4,26.37857404443075,0.8018948149227798
fresh_div2k_0817,DIV2K_fresh,fresh_div2k_0817,test,0.1,0.1001129150390625,0.01,2028,9357dece78f9e13c8a7d80107540d417a13a762462818d4828a63534d39fe4f8,admm,5,26.45305295827498,0.806601078789562
fresh_div2k_0817,DIV2K_fresh,fresh_div2k_0817,test,0.1,0.1001129150390625,0.01,2028,9357dece78f9e13c8a7d80107540d417a13a762462818d4828a63534d39fe4f8,admm,6,26.50239922403712,0.8083383746550084
fresh_div2k_0817,DIV2K_fresh,fresh_div2k_0817,test,0.1,0.1001129150390625,0.05,2026,8ae7e38b905cc989aeb9c3c6055978fbf37d7a330d40f8be4a1a6afa78fa3990,hqs,1,24.208487825071682,0.6385540865753947
fresh_div2k_0817,DIV2K_fresh,fresh_div2k_0817,test,0.1,0.1001129150390625,0.05,2026,8ae7e38b905cc989aeb9c3c6055978fbf37d7a330d40f8be4a1a6afa78fa3990,hqs,2,24.777072652941982,0.69204394155211
fresh_div2k_0817,DIV2K_fresh,fresh_div2k_0817,test,0.1,0.1001129150390625,0.05,2026,8ae7e38b905cc989aeb9c3c6055978fbf37d7a330d40f8be4a1a6afa78fa3990,hqs,3,24.901350804670162,0.7100770978480252
fresh_div2k_0817,DIV2K_fresh,fresh_div2k_0817,test,0.1,0.1001129150390625,0.05,2026,8ae7e38b905cc989aeb9c3c6055978fbf37d7a330d40f8be4a1a6afa78fa3990,hqs,4,24.932686000783267,0.7210817018734673
fresh_div2k_0817,DIV2K_fresh,fresh_div2k_0817,test,0.1,0.1001129150390625,0.05,2026,8ae7e38b905cc989aeb9c3c6055978fbf37d7a330d40f8be4a1a6afa78fa3990,hqs,5,24.91451242065346,0.7239229201860092
fresh_div2k_0817,DIV2K_fresh,fresh_div2k_0817,test,0.1,0.1001129150390625,0.05,2026,8ae7e38b905cc989aeb9c3c6055978fbf37d7a330d40f8be4a1a6afa78fa3990,hqs,6,24.78950672912021,0.7169217548134923
fresh_div2k_0817,DIV2K_fresh,fresh_div2k_0817,test,0.1,0.1001129150390625,0.05,2026,8ae7e38b905cc989aeb9c3c6055978fbf37d7a330d40f8be4a1a6afa78fa3990,admm,1,24.171111259152728,0.6317501620973395
fresh_div2k_0817,DIV2K_fresh,fresh_div2k_0817,test,0.1,0.1001129150390625,0.05,2026,8ae7e38b905cc989aeb9c3c6055978fbf37d7a330d40f8be4a1a6afa78fa3990,admm,2,24.77993291477546,0.6903558731456139
fresh_div2k_0817,DIV2K_fresh,fresh_div2k_0817,test,0.1,0.1001129150390625,0.05,2026,8ae7e38b905cc989aeb9c3c6055978fbf37d7a330d40f8be4a1a6afa78fa3990,admm,3,24.735303295257825,0.7059232855042298
fresh_div2k_0817,DIV2K_fresh,fresh_div2k_0817,test,0.1,0.1001129150390625,0.05,2026,8ae7e38b905cc989aeb9c3c6055978fbf37d7a330d40f8be4a1a6afa78fa3990,admm,4,24.672330634804158,0.7122429388981406
fresh_div2k_0817,DIV2K_fresh,fresh_div2k_0817,test,0.1,0.1001129150390625,0.05,2026,8ae7e38b905cc989aeb9c3c6055978fbf37d7a330d40f8be4a1a6afa78fa3990,admm,5,24.65623073931546,0.7115448415246652
fresh_div2k_0817,DIV2K_fresh,fresh_div2k_0817,test,0.1,0.1001129150390625,0.05,2026,8ae7e38b905cc989aeb9c3c6055978fbf37d7a330d40f8be4a1a6afa78fa3990,admm,6,24.85035288147173,0.7274401049447358
fresh_div2k_0817,DIV2K_fresh,fresh_div2k_0817,test,0.1,0.1001129150390625,0.05,2027,b4c1ec211ea621b01d8c9e942f3316beb9152a7155cf1ab58c5792fa71839adb,hqs,1,24.19389940854627,0.6330564402909986
fresh_div2k_0817,DIV2K_fresh,fresh_div2k_0817,test,0.1,0.1001129150390625,0.05,2027,b4c1ec211ea621b01d8c9e942f3316beb9152a7155cf1ab58c5792fa71839adb,hqs,2,24.78836967511996,0.6859423044953867
fresh_div2k_0817,DIV2K_fresh,fresh_div2k_0817,test,0.1,0.1001129150390625,0.05,2027,b4c1ec211ea621b01d8c9e942f3316beb9152a7155cf1ab58c5792fa71839adb,hqs,3,24.917344914610545,0.7029101047558579
fresh_div2k_0817,DIV2K_fresh,fresh_div2k_0817,test,0.1,0.1001129150390625,0.05,2027,b4c1ec211ea621b01d8c9e942f3316beb9152a7155cf1ab58c5792fa71839adb,hqs,4,24.959818279980873,0.7140941295685432
fresh_div2k_0817,DIV2K_fresh,fresh_div2k_0817,test,0.1,0.1001129150390625,0.05,2027,b4c1ec211ea621b01d8c9e942f3316beb9152a7155cf1ab58c5792fa71839adb,hqs,5,24.961259183561083,0.7181830643056375
fresh_div2k_0817,DIV2K_fresh,fresh_div2k_0817,test,0.1,0.1001129150390625,0.05,2027,b4c1ec211ea621b01d8c9e942f3316beb9152a7155cf1ab58c5792fa71839adb,hqs,6,24.849922842538717,0.7103175531152003
fresh_div2k_0817,DIV2K_fresh,fresh_div2k_0817,test,0.1,0.1001129150390625,0.05,2027,b4c1ec211ea621b01d8c9e942f3316beb9152a7155cf1ab58c5792fa71839adb,admm,1,24.151283882477642,0.6259212120483236
fresh_div2k_0817,DIV2K_fresh,fresh_div2k_0817,test,0.1,0.1001129150390625,0.05,2027,b4c1ec211ea621b01d8c9e942f3316beb9152a7155cf1ab58c5792fa71839adb,admm,2,24.78833610412993,0.683862478065826
fresh_div2k_0817,DIV2K_fresh,fresh_div2k_0817,test,0.1,0.1001129150390625,0.05,2027,b4c1ec211ea621b01d8c9e942f3316beb9152a7155cf1ab58c5792fa71839adb,admm,3,24.748748813893478,0.6978011286726966
fresh_div2k_0817,DIV2K_fresh,fresh_div2k_0817,test,0.1,0.1001129150390625,0.05,2027,b4c1ec211ea621b01d8c9e942f3316beb9152a7155cf1ab58c5792fa71839adb,admm,4,24.717776558974336,0.7064490515782759
fresh_div2k_0817,DIV2K_fresh,fresh_div2k_0817,test,0.1,0.1001129150390625,0.05,2027,b4c1ec211ea621b01d8c9e942f3316beb9152a7155cf1ab58c5792fa71839adb,admm,5,24.727251102918558,0.7061644670491014
fresh_div2k_0817,DIV2K_fresh,fresh_div2k_0817,test,0.1,0.1001129150390625,0.05,2027,b4c1ec211ea621b01d8c9e942f3316beb9152a7155cf1ab58c5792fa71839adb,admm,6,24.905116308181267,0.7201606162275267
fresh_div2k_0817,DIV2K_fresh,fresh_div2k_0817,test,0.1,0.1001129150390625,0.05,2028,b0c638f29da420d27e141c28d4e62cafc2d3188dbd5ede38a6d3285764311c5b,hqs,1,24.199509346609883,0.6380739985274445
fresh_div2k_0817,DIV2K_fresh,fresh_div2k_0817,test,0.1,0.1001129150390625,0.05,2028,b0c638f29da420d27e141c28d4e62cafc2d3188dbd5ede38a6d3285764311c5b,hqs,2,24.782814644660366,0.6917029755991194
fresh_div2k_0817,DIV2K_fresh,fresh_div2k_0817,test,0.1,0.1001129150390625,0.05,2028,b0c638f29da420d27e141c28d4e62cafc2d3188dbd5ede38a6d3285764311c5b,hqs,3,24.91595907702067,0.7092041925993748
fresh_div2k_0817,DIV2K_fresh,fresh_div2k_0817,test,0.1,0.1001129150390625,0.05,2028,b0c638f29da420d27e141c28d4e62cafc2d3188dbd5ede38a6d3285764311c5b,hqs,4,24.9332342821412,0.7200908069271669
fresh_div2k_0817,DIV2K_fresh,fresh_div2k_0817,test,0.1,0.1001129150390625,0.05,2028,b0c638f29da420d27e141c28d4e62cafc2d3188dbd5ede38a6d3285764311c5b,hqs,5,24.921256762808753,0.7233343109376281
fresh_div2k_0817,DIV2K_fresh,fresh_div2k_0817,test,0.1,0.1001129150390625,0.05,2028,b0c638f29da420d27e141c28d4e62cafc2d3188dbd5ede38a6d3285764311c5b,hqs,6,24.81736653128219,0.7166351377318129
fresh_div2k_0817,DIV2K_fresh,fresh_div2k_0817,test,0.1,0.1001129150390625,0.05,2028,b0c638f29da420d27e141c28d4e62cafc2d3188dbd5ede38a6d3285764311c5b,admm,1,24.162204966401642,0.630997835910512
fresh_div2k_0817,DIV2K_fresh,fresh_div2k_0817,test,0.1,0.1001129150390625,0.05,2028,b0c638f29da420d27e141c28d4e62cafc2d3188dbd5ede38a6d3285764311c5b,admm,2,24.797501262526673,0.6899684836755954
fresh_div2k_0817,DIV2K_fresh,fresh_div2k_0817,test,0.1,0.1001129150390625,0.05,2028,b0c638f29da420d27e141c28d4e62cafc2d3188dbd5ede38a6d3285764311c5b,admm,3,24.744908162166666,0.7036468385154921
fresh_div2k_0817,DIV2K_fresh,fresh_div2k_0817,test,0.1,0.1001129150390625,0.05,2028,b0c638f29da420d27e141c28d4e62cafc2d3188dbd5ede38a6d3285764311c5b,admm,4,24.67131118639552,0.7116035950212032
fresh_div2k_0817,DIV2K_fresh,fresh_div2k_0817,test,0.1,0.1001129150390625,0.05,2028,b0c638f29da420d27e141c28d4e62cafc2d3188dbd5ede38a6d3285764311c5b,admm,5,24.66680709694377,0.7114328503524661
fresh_div2k_0817,DIV2K_fresh,fresh_div2k_0817,test,0.1,0.1001129150390625,0.05,2028,b0c638f29da420d27e141c28d4e62cafc2d3188dbd5ede38a6d3285764311c5b,admm,6,24.84415025086314,0.7280000997716859
fresh_div2k_0821,DIV2K_fresh,fresh_div2k_0821,test,0.01,0.01031494140625,0.0,2026,6c358f77cecc66148a2339755ce60bc1b11022e918e5d7ef6e15f579612e785f,hqs,1,14.35496462808063,0.21092556889423383
fresh_div2k_0821,DIV2K_fresh,fresh_div2k_0821,test,0.01,0.01031494140625,0.0,2026,6c358f77cecc66148a2339755ce60bc1b11022e918e5d7ef6e15f579612e785f,hqs,2,14.506690278817445,0.22236236633393608
fresh_div2k_0821,DIV2K_fresh,fresh_div2k_0821,test,0.01,0.01031494140625,0.0,2026,6c358f77cecc66148a2339755ce60bc1b11022e918e5d7ef6e15f579612e785f,hqs,3,14.616902038895077,0.2329704617524894
fresh_div2k_0821,DIV2K_fresh,fresh_div2k_0821,test,0.01,0.01031494140625,0.0,2026,6c358f77cecc66148a2339755ce60bc1b11022e918e5d7ef6e15f579612e785f,hqs,4,14.677989974598475,0.24176481749395387
fresh_div2k_0821,DIV2K_fresh,fresh_div2k_0821,test,0.01,0.01031494140625,0.0,2026,6c358f77cecc66148a2339755ce60bc1b11022e918e5d7ef6e15f579612e785f,hqs,5,14.693855021894011,0.24526900072348834
fresh_div2k_0821,DIV2K_fresh,fresh_div2k_0821,test,0.01,0.01031494140625,0.0,2026,6c358f77cecc66148a2339755ce60bc1b11022e918e5d7ef6e15f579612e785f,hqs,6,14.669366173626317,0.2476460005598334
fresh_div2k_0821,DIV2K_fresh,fresh_div2k_0821,test,0.01,0.01031494140625,0.0,2026,6c358f77cecc66148a2339755ce60bc1b11022e918e5d7ef6e15f579612e785f,admm,1,14.322393632555062,0.20786621816079356
fresh_div2k_0821,DIV2K_fresh,fresh_div2k_0821,test,0.01,0.01031494140625,0.0,2026,6c358f77cecc66148a2339755ce60bc1b11022e918e5d7ef6e15f579612e785f,admm,2,14.510081609789014,0.22406353657498707
fresh_div2k_0821,DIV2K_fresh,fresh_div2k_0821,test,0.01,0.01031494140625,0.0,2026,6c358f77cecc66148a2339755ce60bc1b11022e918e5d7ef6e15f579612e785f,admm,3,14.645173918356004,0.24119566926314673
fresh_div2k_0821,DIV2K_fresh,fresh_div2k_0821,test,0.01,0.01031494140625,0.0,2026,6c358f77cecc66148a2339755ce60bc1b11022e918e5d7ef6e15f579612e785f,admm,4,14.70872035584485,0.2506759470442304
fresh_div2k_0821,DIV2K_fresh,fresh_div2k_0821,test,0.01,0.01031494140625,0.0,2026,6c358f77cecc66148a2339755ce60bc1b11022e918e5d7ef6e15f579612e785f,admm,5,14.74556838863618,0.25662309515563736
fresh_div2k_0821,DIV2K_fresh,fresh_div2k_0821,test,0.01,0.01031494140625,0.0,2026,6c358f77cecc66148a2339755ce60bc1b11022e918e5d7ef6e15f579612e785f,admm,6,14.763280739267561,0.2564003070652732
fresh_div2k_0821,DIV2K_fresh,fresh_div2k_0821,test,0.04,0.041259765625,0.0,2026,38860502865ca3fad5563d378e1d45635b3e16de292858d00e64d2ad32c57c9e,hqs,1,16.277654754402498,0.4366728631445724
fresh_div2k_0821,DIV2K_fresh,fresh_div2k_0821,test,0.04,0.041259765625,0.0,2026,38860502865ca3fad5563d378e1d45635b3e16de292858d00e64d2ad32c57c9e,hqs,2,16.76068612435469,0.49132713598019256
fresh_div2k_0821,DIV2K_fresh,fresh_div2k_0821,test,0.04,0.041259765625,0.0,2026,38860502865ca3fad5563d378e1d45635b3e16de292858d00e64d2ad32c57c9e,hqs,3,17.063447716140928,0.5263355164336364
fresh_div2k_0821,DIV2K_fresh,fresh_div2k_0821,test,0.04,0.041259765625,0.0,2026,38860502865ca3fad5563d378e1d45635b3e16de292858d00e64d2ad32c57c9e,hqs,4,17.258079026056937,0.5496127148406172
fresh_div2k_0821,DIV2K_fresh,fresh_div2k_0821,test,0.04,0.041259765625,0.0,2026,38860502865ca3fad5563d378e1d45635b3e16de292858d00e64d2ad32c57c9e,hqs,5,17.38442557562397,0.5652122789661042
fresh_div2k_0821,DIV2K_fresh,fresh_div2k_0821,test,0.04,0.041259765625,0.0,2026,38860502865ca3fad5563d378e1d45635b3e16de292858d00e64d2ad32c57c9e,hqs,6,17.485305969330454,0.5817746852669204
fresh_div2k_0821,DIV2K_fresh,fresh_div2k_0821,test,0.04,0.041259765625,0.0,2026,38860502865ca3fad5563d378e1d45635b3e16de292858d00e64d2ad32c57c9e,admm,1,16.238026714403865,0.4332736362652986
fresh_div2k_0821,DIV2K_fresh,fresh_div2k_0821,test,0.04,0.041259765625,0.0,2026,38860502865ca3fad5563d378e1d45635b3e16de292858d00e64d2ad32c57c9e,admm,2,16.818881816716267,0.49975651785579556
fresh_div2k_0821,DIV2K_fresh,fresh_div2k_0821,test,0.04,0.041259765625,0.0,2026,38860502865ca3fad5563d378e1d45635b3e16de292858d00e64d2ad32c57c9e,admm,3,17.135631936139156,0.5430150817156606
fresh_div2k_0821,DIV2K_fresh,fresh_div2k_0821,test,0.04,0.041259765625,0.0,2026,38860502865ca3fad5563d378e1d45635b3e16de292858d00e64d2ad32c57c9e,admm,4,17.310271874116662,0.5652137946487564
fresh_div2k_0821,DIV2K_fresh,fresh_div2k_0821,test,0.04,0.041259765625,0.0,2026,38860502865ca3fad5563d378e1d45635b3e16de292858d00e64d2ad32c57c9e,admm,5,17.431232601309546,0.5786513100040103
fresh_div2k_0821,DIV2K_fresh,fresh_div2k_0821,test,0.04,0.041259765625,0.0,2026,38860502865ca3fad5563d378e1d45635b3e16de292858d00e64d2ad32c57c9e,admm,6,17.519849825069606,0.5859823237133313
fresh_div2k_0821,DIV2K_fresh,fresh_div2k_0821,test,0.1,0.1001129150390625,0.0,2026,2f2393397fcf4e15d9074850784fa64a22625e11d900f0477ae5d18a0d9b6e22,hqs,1,18.130773356651904,0.6197247270320957
fresh_div2k_0821,DIV2K_fresh,fresh_div2k_0821,test,0.1,0.1001129150390625,0.0,2026,2f2393397fcf4e15d9074850784fa64a22625e11d900f0477ae5d18a0d9b6e22,hqs,2,19.229970772238783,0.7026693509182553
fresh_div2k_0821,DIV2K_fresh,fresh_div2k_0821,test,0.1,0.1001129150390625,0.0,2026,2f2393397fcf4e15d9074850784fa64a22625e11d900f0477ae5d18a0d9b6e22,hqs,3,20.261884620195715,0.7672261966428552
fresh_div2k_0821,DIV2K_fresh,fresh_div2k_0821,test,0.1,0.1001129150390625,0.0,2026,2f2393397fcf4e15d9074850784fa64a22625e11d900f0477ae5d18a0d9b6e22,hqs,4,21.102163383943015,0.8084266528960653
fresh_div2k_0821,DIV2K_fresh,fresh_div2k_0821,test,0.1,0.1001129150390625,0.0,2026,2f2393397fcf4e15d9074850784fa64a22625e11d900f0477ae5d18a0d9b6e22,hqs,5,21.74465266257775,0.8340110367924497
fresh_div2k_0821,DIV2K_fresh,fresh_div2k_0821,test,0.1,0.1001129150390625,0.0,2026,2f2393397fcf4e15d9074850784fa64a22625e11d900f0477ae5d18a0d9b6e22,hqs,6,22.423783748536714,0.8565582579591554
fresh_div2k_0821,DIV2K_fresh,fresh_div2k_0821,test,0.1,0.1001129150390625,0.0,2026,2f2393397fcf4e15d9074850784fa64a22625e11d900f0477ae5d18a0d9b6e22,admm,1,18.083886203481875,0.6155472136373349
fresh_div2k_0821,DIV2K_fresh,fresh_div2k_0821,test,0.1,0.1001129150390625,0.0,2026,2f2393397fcf4e15d9074850784fa64a22625e11d900f0477ae5d18a0d9b6e22,admm,2,19.43469194349867,0.7179262915625637
fresh_div2k_0821,DIV2K_fresh,fresh_div2k_0821,test,0.1,0.1001129150390625,0.0,2026,2f2393397fcf4e15d9074850784fa64a22625e11d900f0477ae5d18a0d9b6e22,admm,3,20.56775011686339,0.7866806841558628
fresh_div2k_0821,DIV2K_fresh,fresh_div2k_0821,test,0.1,0.1001129150390625,0.0,2026,2f2393397fcf4e15d9074850784fa64a22625e11d900f0477ae5d18a0d9b6e22,admm,4,21.362390649042332,0.8206741995380818
fresh_div2k_0821,DIV2K_fresh,fresh_div2k_0821,test,0.1,0.1001129150390625,0.0,2026,2f2393397fcf4e15d9074850784fa64a22625e11d900f0477ae5d18a0d9b6e22,admm,5,21.933604699745874,0.8410257244701161
fresh_div2k_0821,DIV2K_fresh,fresh_div2k_0821,test,0.1,0.1001129150390625,0.0,2026,2f2393397fcf4e15d9074850784fa64a22625e11d900f0477ae5d18a0d9b6e22,admm,6,22.426421586197232,0.8578774064079076
fresh_div2k_0821,DIV2K_fresh,fresh_div2k_0821,test,0.25,0.25,0.0,2026,eda315c6353482caa5a4adeddb02e9f702623817400c5c37e6ba51d778adca0b,hqs,1,21.53245690095304,0.804564888721168
fresh_div2k_0821,DIV2K_fresh,fresh_div2k_0821,test,0.25,0.25,0.0,2026,eda315c6353482caa5a4adeddb02e9f702623817400c5c37e6ba51d778adca0b,hqs,2,23.911724085672617,0.8844154843506813
fresh_div2k_0821,DIV2K_fresh,fresh_div2k_0821,test,0.25,0.25,0.0,2026,eda315c6353482caa5a4adeddb02e9f702623817400c5c37e6ba51d778adca0b,hqs,3,26.124809931658568,0.9335309959788323
fresh_div2k_0821,DIV2K_fresh,fresh_div2k_0821,test,0.25,0.25,0.0,2026,eda315c6353482caa5a4adeddb02e9f702623817400c5c37e6ba51d778adca0b,hqs,4,27.789989789591488,0.9558337284460068
fresh_div2k_0821,DIV2K_fresh,fresh_div2k_0821,test,0.25,0.25,0.0,2026,eda315c6353482caa5a4adeddb02e9f702623817400c5c37e6ba51d778adca0b,hqs,5,29.028362874370938,0.9665846601343155
fresh_div2k_0821,DIV2K_fresh,fresh_div2k_0821,test,0.25,0.25,0.0,2026,eda315c6353482caa5a4adeddb02e9f702623817400c5c37e6ba51d778adca0b,hqs,6,30.164263279014925,0.9741921227827072
fresh_div2k_0821,DIV2K_fresh,fresh_div2k_0821,test,0.25,0.25,0.0,2026,eda315c6353482caa5a4adeddb02e9f702623817400c5c37e6ba51d778adca0b,admm,1,21.454159658673046,0.8004566155479849
fresh_div2k_0821,DIV2K_fresh,fresh_div2k_0821,test,0.25,0.25,0.0,2026,eda315c6353482caa5a4adeddb02e9f702623817400c5c37e6ba51d778adca0b,admm,2,24.44448236758269,0.8992142989103794
fresh_div2k_0821,DIV2K_fresh,fresh_div2k_0821,test,0.25,0.25,0.0,2026,eda315c6353482caa5a4adeddb02e9f702623817400c5c37e6ba51d778adca0b,admm,3,26.97694218873268,0.9448145318140984
fresh_div2k_0821,DIV2K_fresh,fresh_div2k_0821,test,0.25,0.25,0.0,2026,eda315c6353482caa5a4adeddb02e9f702623817400c5c37e6ba51d778adca0b,admm,4,28.392792155750094,0.9577073677940369
fresh_div2k_0821,DIV2K_fresh,fresh_div2k_0821,test,0.25,0.25,0.0,2026,eda315c6353482caa5a4adeddb02e9f702623817400c5c37e6ba51d778adca0b,admm,5,29.42269343287939,0.9670006260614395
fresh_div2k_0821,DIV2K_fresh,fresh_div2k_0821,test,0.25,0.25,0.0,2026,eda315c6353482caa5a4adeddb02e9f702623817400c5c37e6ba51d778adca0b,admm,6,30.39445355057598,0.9752874844322205
fresh_div2k_0821,DIV2K_fresh,fresh_div2k_0821,test,0.5,0.4998931884765625,0.0,2026,1b2414d78755964c34cbb05ee1984ffcdf31e175b77b70f06cbff5ab5902f50e,hqs,1,26.010875661841535,0.9116069646437168
fresh_div2k_0821,DIV2K_fresh,fresh_div2k_0821,test,0.5,0.4998931884765625,0.0,2026,1b2414d78755964c34cbb05ee1984ffcdf31e175b77b70f06cbff5ab5902f50e,hqs,2,29.436149458465366,0.9609000875253677
fresh_div2k_0821,DIV2K_fresh,fresh_div2k_0821,test,0.5,0.4998931884765625,0.0,2026,1b2414d78755964c34cbb05ee1984ffcdf31e175b77b70f06cbff5ab5902f50e,hqs,3,32.536725189592836,0.9828962459917069
fresh_div2k_0821,DIV2K_fresh,fresh_div2k_0821,test,0.5,0.4998931884765625,0.0,2026,1b2414d78755964c34cbb05ee1984ffcdf31e175b77b70f06cbff5ab5902f50e,hqs,4,34.73793085758855,0.9898453717346192
fresh_div2k_0821,DIV2K_fresh,fresh_div2k_0821,test,0.5,0.4998931884765625,0.0,2026,1b2414d78755964c34cbb05ee1984ffcdf31e175b77b70f06cbff5ab5902f50e,hqs,5,36.17128156269477,0.9923927780799866
fresh_div2k_0821,DIV2K_fresh,fresh_div2k_0821,test,0.5,0.4998931884765625,0.0,2026,1b2414d78755964c34cbb05ee1984ffcdf31e175b77b70f06cbff5ab5902f50e,hqs,6,37.232071978991534,0.9941783373470306
fresh_div2k_0821,DIV2K_fresh,fresh_div2k_0821,test,0.5,0.4998931884765625,0.0,2026,1b2414d78755964c34cbb05ee1984ffcdf31e175b77b70f06cbff5ab5902f50e,admm,1,25.744757516319563,0.9057777128355503
fresh_div2k_0821,DIV2K_fresh,fresh_div2k_0821,test,0.5,0.4998931884765625,0.0,2026,1b2414d78755964c34cbb05ee1984ffcdf31e175b77b70f06cbff5ab5902f50e,admm,2,30.066974255522837,0.9670447365522384
fresh_div2k_0821,DIV2K_fresh,fresh_div2k_0821,test,0.5,0.4998931884765625,0.0,2026,1b2414d78755964c34cbb05ee1984ffcdf31e175b77b70f06cbff5ab5902f50e,admm,3,33.50419196389802,0.9856935020875931
fresh_div2k_0821,DIV2K_fresh,fresh_div2k_0821,test,0.5,0.4998931884765625,0.0,2026,1b2414d78755964c34cbb05ee1984ffcdf31e175b77b70f06cbff5ab5902f50e,admm,4,35.07623441513435,0.9887064928951264
fresh_div2k_0821,DIV2K_fresh,fresh_div2k_0821,test,0.5,0.4998931884765625,0.0,2026,1b2414d78755964c34cbb05ee1984ffcdf31e175b77b70f06cbff5ab5902f50e,admm,5,36.28804217525414,0.9916385183467865
fresh_div2k_0821,DIV2K_fresh,fresh_div2k_0821,test,0.5,0.4998931884765625,0.0,2026,1b2414d78755964c34cbb05ee1984ffcdf31e175b77b70f06cbff5ab5902f50e,admm,6,37.313495050012875,0.9942276767787933
fresh_div2k_0821,DIV2K_fresh,fresh_div2k_0821,test,0.1,0.1001129150390625,0.01,2026,fde30a4127b20ec40fdee584336460e9812737566abf74ca942d7610195a2671,hqs,1,18.12532872334246,0.6191057885572323
fresh_div2k_0821,DIV2K_fresh,fresh_div2k_0821,test,0.1,0.1001129150390625,0.01,2026,fde30a4127b20ec40fdee584336460e9812737566abf74ca942d7610195a2671,hqs,2,19.22059371050382,0.7018226585481837
fresh_div2k_0821,DIV2K_fresh,fresh_div2k_0821,test,0.1,0.1001129150390625,0.01,2026,fde30a4127b20ec40fdee584336460e9812737566abf74ca942d7610195a2671,hqs,3,20.245074363603933,0.7662587846512562
fresh_div2k_0821,DIV2K_fresh,fresh_div2k_0821,test,0.1,0.1001129150390625,0.01,2026,fde30a4127b20ec40fdee584336460e9812737566abf74ca942d7610195a2671,hqs,4,21.075029377877165,0.807128173605416
fresh_div2k_0821,DIV2K_fresh,fresh_div2k_0821,test,0.1,0.1001129150390625,0.01,2026,fde30a4127b20ec40fdee584336460e9812737566abf74ca942d7610195a2671,hqs,5,21.702798335612083,0.8325110466033276
fresh_div2k_0821,DIV2K_fresh,fresh_div2k_0821,test,0.1,0.1001129150390625,0.01,2026,fde30a4127b20ec40fdee584336460e9812737566abf74ca942d7610195a2671,hqs,6,22.360065159944007,0.854519127948761
fresh_div2k_0821,DIV2K_fresh,fresh_div2k_0821,test,0.1,0.1001129150390625,0.01,2026,fde30a4127b20ec40fdee584336460e9812737566abf74ca942d7610195a2671,admm,1,18.078849717114927,0.6149100083057846
fresh_div2k_0821,DIV2K_fresh,fresh_div2k_0821,test,0.1,0.1001129150390625,0.01,2026,fde30a4127b20ec40fdee584336460e9812737566abf74ca942d7610195a2671,admm,2,19.424264053323686,0.7169965485785157
fresh_div2k_0821,DIV2K_fresh,fresh_div2k_0821,test,0.1,0.1001129150390625,0.01,2026,fde30a4127b20ec40fdee584336460e9812737566abf74ca942d7610195a2671,admm,3,20.547570431380745,0.7855424749351777
fresh_div2k_0821,DIV2K_fresh,fresh_div2k_0821,test,0.1,0.1001129150390625,0.01,2026,fde30a4127b20ec40fdee584336460e9812737566abf74ca942d7610195a2671,admm,4,21.328981484003712,0.819238282981127
fresh_div2k_0821,DIV2K_fresh,fresh_div2k_0821,test,0.1,0.1001129150390625,0.01,2026,fde30a4127b20ec40fdee584336460e9812737566abf74ca942d7610195a2671,admm,5,21.887998417709206,0.8392868839645861
fresh_div2k_0821,DIV2K_fresh,fresh_div2k_0821,test,0.1,0.1001129150390625,0.01,2026,fde30a4127b20ec40fdee584336460e9812737566abf74ca942d7610195a2671,admm,6,22.371476818308885,0.8562677267736196
fresh_div2k_0821,DIV2K_fresh,fresh_div2k_0821,test,0.1,0.1001129150390625,0.01,2027,bff8b7e8c39227ab79c01662cc3e6e376bbb2b3beba47404a7f9db6786afb73d,hqs,1,18.126196305561493,0.6194966171452866
fresh_div2k_0821,DIV2K_fresh,fresh_div2k_0821,test,0.1,0.1001129150390625,0.01,2027,bff8b7e8c39227ab79c01662cc3e6e376bbb2b3beba47404a7f9db6786afb73d,hqs,2,19.22209867131151,0.7022255616283266
fresh_div2k_0821,DIV2K_fresh,fresh_div2k_0821,test,0.1,0.1001129150390625,0.01,2027,bff8b7e8c39227ab79c01662cc3e6e376bbb2b3beba47404a7f9db6786afb73d,hqs,3,20.24723734483959,0.766578768664673
fresh_div2k_0821,DIV2K_fresh,fresh_div2k_0821,test,0.1,0.1001129150390625,0.01,2027,bff8b7e8c39227ab79c01662cc3e6e376bbb2b3beba47404a7f9db6786afb73d,hqs,4,21.074532012000034,0.8074044788463041
fresh_div2k_0821,DIV2K_fresh,fresh_div2k_0821,test,0.1,0.1001129150390625,0.01,2027,bff8b7e8c39227ab79c01662cc3e6e376bbb2b3beba47404a7f9db6786afb73d,hqs,5,21.70424005782481,0.8326241987208016
fresh_div2k_0821,DIV2K_fresh,fresh_div2k_0821,test,0.1,0.1001129150390625,0.01,2027,bff8b7e8c39227ab79c01662cc3e6e376bbb2b3beba47404a7f9db6786afb73d,hqs,6,22.36464592337481,0.8547009480571449
fresh_div2k_0821,DIV2K_fresh,fresh_div2k_0821,test,0.1,0.1001129150390625,0.01,2027,bff8b7e8c39227ab79c01662cc3e6e376bbb2b3beba47404a7f9db6786afb73d,admm,1,18.07849844845588,0.6152754387533864
fresh_div2k_0821,DIV2K_fresh,fresh_div2k_0821,test,0.1,0.1001129150390625,0.01,2027,bff8b7e8c39227ab79c01662cc3e6e376bbb2b3beba47404a7f9db6786afb73d,admm,2,19.42569343046303,0.7173820385829687
fresh_div2k_0821,DIV2K_fresh,fresh_div2k_0821,test,0.1,0.1001129150390625,0.01,2027,bff8b7e8c39227ab79c01662cc3e6e376bbb2b3beba47404a7f9db6786afb73d,admm,3,20.549790068273058,0.7859442443740163
fresh_div2k_0821,DIV2K_fresh,fresh_div2k_0821,test,0.1,0.1001129150390625,0.01,2027,bff8b7e8c39227ab79c01662cc3e6e376bbb2b3beba47404a7f9db6786afb73d,admm,4,21.328396321233917,0.8195467145147631
fresh_div2k_0821,DIV2K_fresh,fresh_div2k_0821,test,0.1,0.1001129150390625,0.01,2027,bff8b7e8c39227ab79c01662cc3e6e376bbb2b3beba47404a7f9db6786afb73d,admm,5,21.885453639075962,0.839481364321135
fresh_div2k_0821,DIV2K_fresh,fresh_div2k_0821,test,0.1,0.1001129150390625,0.01,2027,bff8b7e8c39227ab79c01662cc3e6e376bbb2b3beba47404a7f9db6786afb73d,admm,6,22.358519445427774,0.8560072213732339
fresh_div2k_0821,DIV2K_fresh,fresh_div2k_0821,test,0.1,0.1001129150390625,0.01,2028,daa9b7b4fa77284f13efe0b25caa210fe39a4fbde0f7a1786825019c45b5f3fd,hqs,1,18.12461665284623,0.6191040303519515
fresh_div2k_0821,DIV2K_fresh,fresh_div2k_0821,test,0.1,0.1001129150390625,0.01,2028,daa9b7b4fa77284f13efe0b25caa210fe39a4fbde0f7a1786825019c45b5f3fd,hqs,2,19.217161689162637,0.7016936792157358
fresh_div2k_0821,DIV2K_fresh,fresh_div2k_0821,test,0.1,0.1001129150390625,0.01,2028,daa9b7b4fa77284f13efe0b25caa210fe39a4fbde0f7a1786825019c45b5f3fd,hqs,3,20.240112969675508,0.7661729358055857
fresh_div2k_0821,DIV2K_fresh,fresh_div2k_0821,test,0.1,0.1001129150390625,0.01,2028,daa9b7b4fa77284f13efe0b25caa210fe39a4fbde0f7a1786825019c45b5f3fd,hqs,4,21.067010261441652,0.8069102141709095
fresh_div2k_0821,DIV2K_fresh,fresh_div2k_0821,test,0.1,0.1001129150390625,0.01,2028,daa9b7b4fa77284f13efe0b25caa210fe39a4fbde0f7a1786825019c45b5f3fd,hqs,5,21.695921869665664,0.8321083263763189
fresh_div2k_0821,DIV2K_fresh,fresh_div2k_0821,test,0.1,0.1001129150390625,0.01,2028,daa9b7b4fa77284f13efe0b25caa210fe39a4fbde0f7a1786825019c45b5f3fd,hqs,6,22.355676724649474,0.8540908644587547
fresh_div2k_0821,DIV2K_fresh,fresh_div2k_0821,test,0.1,0.1001129150390625,0.01,2028,daa9b7b4fa77284f13efe0b25caa210fe39a4fbde0f7a1786825019c45b5f3fd,admm,1,18.078045837764744,0.6149790070237997
fresh_div2k_0821,DIV2K_fresh,fresh_div2k_0821,test,0.1,0.1001129150390625,0.01,2028,daa9b7b4fa77284f13efe0b25caa210fe39a4fbde0f7a1786825019c45b5f3fd,admm,2,19.420448791350378,0.7168568335341197
fresh_div2k_0821,DIV2K_fresh,fresh_div2k_0821,test,0.1,0.1001129150390625,0.01,2028,daa9b7b4fa77284f13efe0b25caa210fe39a4fbde0f7a1786825019c45b5f3fd,admm,3,20.539892503079045,0.7853277011248478
fresh_div2k_0821,DIV2K_fresh,fresh_div2k_0821,test,0.1,0.1001129150390625,0.01,2028,daa9b7b4fa77284f13efe0b25caa210fe39a4fbde0f7a1786825019c45b5f3fd,admm,4,21.3144669506617,0.8184696402570959
fresh_div2k_0821,DIV2K_fresh,fresh_div2k_0821,test,0.1,0.1001129150390625,0.01,2028,daa9b7b4fa77284f13efe0b25caa210fe39a4fbde0f7a1786825019c45b5f3fd,admm,5,21.872836526525873,0.8385736213444062
fresh_div2k_0821,DIV2K_fresh,fresh_div2k_0821,test,0.1,0.1001129150390625,0.01,2028,daa9b7b4fa77284f13efe0b25caa210fe39a4fbde0f7a1786825019c45b5f3fd,admm,6,22.37073227054546,0.8559192498274446
fresh_div2k_0821,DIV2K_fresh,fresh_div2k_0821,test,0.1,0.1001129150390625,0.05,2026,59cb55027c3db27ede3baeb6c40f1854f062e31d15f5e48a190b0ba850594151,hqs,1,17.995577621140256,0.6099065901075683
fresh_div2k_0821,DIV2K_fresh,fresh_div2k_0821,test,0.1,0.1001129150390625,0.05,2026,59cb55027c3db27ede3baeb6c40f1854f062e31d15f5e48a190b0ba850594151,hqs,2,18.985992566286406,0.6858471692628257
fresh_div2k_0821,DIV2K_fresh,fresh_div2k_0821,test,0.1,0.1001129150390625,0.05,2026,59cb55027c3db27ede3baeb6c40f1854f062e31d15f5e48a190b0ba850594151,hqs,3,19.844329333063616,0.7433034229702672
fresh_div2k_0821,DIV2K_fresh,fresh_div2k_0821,test,0.1,0.1001129150390625,0.05,2026,59cb55027c3db27ede3baeb6c40f1854f062e31d15f5e48a190b0ba850594151,hqs,4,20.47872923137244,0.7776553504124339
fresh_div2k_0821,DIV2K_fresh,fresh_div2k_0821,test,0.1,0.1001129150390625,0.05,2026,59cb55027c3db27ede3baeb6c40f1854f062e31d15f5e48a190b0ba850594151,hqs,5,20.883772634045496,0.79623669086124
fresh_div2k_0821,DIV2K_fresh,fresh_div2k_0821,test,0.1,0.1001129150390625,0.05,2026,59cb55027c3db27ede3baeb6c40f1854f062e31d15f5e48a190b0ba850594151,hqs,6,21.197808384429816,0.8078220884412695
fresh_div2k_0821,DIV2K_fresh,fresh_div2k_0821,test,0.1,0.1001129150390625,0.05,2026,59cb55027c3db27ede3baeb6c40f1854f062e31d15f5e48a190b0ba850594151,admm,1,17.953468927654555,0.6057378796332239
fresh_div2k_0821,DIV2K_fresh,fresh_div2k_0821,test,0.1,0.1001129150390625,0.05,2026,59cb55027c3db27ede3baeb6c40f1854f062e31d15f5e48a190b0ba850594151,admm,2,19.160934830925505,0.6986774760911265
fresh_div2k_0821,DIV2K_fresh,fresh_div2k_0821,test,0.1,0.1001129150390625,0.05,2026,59cb55027c3db27ede3baeb6c40f1854f062e31d15f5e48a190b0ba850594151,admm,3,20.05711981810086,0.7580352402944938
fresh_div2k_0821,DIV2K_fresh,fresh_div2k_0821,test,0.1,0.1001129150390625,0.05,2026,59cb55027c3db27ede3baeb6c40f1854f062e31d15f5e48a190b0ba850594151,admm,4,20.59241208051994,0.7836297378551755
fresh_div2k_0821,DIV2K_fresh,fresh_div2k_0821,test,0.1,0.1001129150390625,0.05,2026,59cb55027c3db27ede3baeb6c40f1854f062e31d15f5e48a190b0ba850594151,admm,5,20.953716697002335,0.7985396759849666
fresh_div2k_0821,DIV2K_fresh,fresh_div2k_0821,test,0.1,0.1001129150390625,0.05,2026,59cb55027c3db27ede3baeb6c40f1854f062e31d15f5e48a190b0ba850594151,admm,6,21.278943817487544,0.8142389723767415
fresh_div2k_0821,DIV2K_fresh,fresh_div2k_0821,test,0.1,0.1001129150390625,0.05,2027,601f9007f308cd51b4b8eda77f1877129040045cb3a7161b9655fda924e3e6ad,hqs,1,18.00270967155616,0.6119608185253332
fresh_div2k_0821,DIV2K_fresh,fresh_div2k_0821,test,0.1,0.1001129150390625,0.05,2027,601f9007f308cd51b4b8eda77f1877129040045cb3a7161b9655fda924e3e6ad,hqs,2,18.992612849157172,0.6881553237858749
fresh_div2k_0821,DIV2K_fresh,fresh_div2k_0821,test,0.1,0.1001129150390625,0.05,2027,601f9007f308cd51b4b8eda77f1877129040045cb3a7161b9655fda924e3e6ad,hqs,3,19.85118099262602,0.7450933986419634
fresh_div2k_0821,DIV2K_fresh,fresh_div2k_0821,test,0.1,0.1001129150390625,0.05,2027,601f9007f308cd51b4b8eda77f1877129040045cb3a7161b9655fda924e3e6ad,hqs,4,20.482336603405656,0.779380113729964
fresh_div2k_0821,DIV2K_fresh,fresh_div2k_0821,test,0.1,0.1001129150390625,0.05,2027,601f9007f308cd51b4b8eda77f1877129040045cb3a7161b9655fda924e3e6ad,hqs,5,20.89409366284203,0.7985496554866434
fresh_div2k_0821,DIV2K_fresh,fresh_div2k_0821,test,0.1,0.1001129150390625,0.05,2027,601f9007f308cd51b4b8eda77f1877129040045cb3a7161b9655fda924e3e6ad,hqs,6,21.204324347219,0.8107940716506666
fresh_div2k_0821,DIV2K_fresh,fresh_div2k_0821,test,0.1,0.1001129150390625,0.05,2027,601f9007f308cd51b4b8eda77f1877129040045cb3a7161b9655fda924e3e6ad,admm,1,17.95571189632712,0.6078348387898971
fresh_div2k_0821,DIV2K_fresh,fresh_div2k_0821,test,0.1,0.1001129150390625,0.05,2027,601f9007f308cd51b4b8eda77f1877129040045cb3a7161b9655fda924e3e6ad,admm,2,19.171111980698463,0.7015639617483095
fresh_div2k_0821,DIV2K_fresh,fresh_div2k_0821,test,0.1,0.1001129150390625,0.05,2027,601f9007f308cd51b4b8eda77f1877129040045cb3a7161b9655fda924e3e6ad,admm,3,20.069932791936953,0.7610203950374052
fresh_div2k_0821,DIV2K_fresh,fresh_div2k_0821,test,0.1,0.1001129150390625,0.05,2027,601f9007f308cd51b4b8eda77f1877129040045cb3a7161b9655fda924e3e6ad,admm,4,20.600383756985934,0.7870110445049889
fresh_div2k_0821,DIV2K_fresh,fresh_div2k_0821,test,0.1,0.1001129150390625,0.05,2027,601f9007f308cd51b4b8eda77f1877129040045cb3a7161b9655fda924e3e6ad,admm,5,20.952579933699,0.8016073756973073
fresh_div2k_0821,DIV2K_fresh,fresh_div2k_0821,test,0.1,0.1001129150390625,0.05,2027,601f9007f308cd51b4b8eda77f1877129040045cb3a7161b9655fda924e3e6ad,admm,6,21.227294959767065,0.8152111730549205
fresh_div2k_0821,DIV2K_fresh,fresh_div2k_0821,test,0.1,0.1001129150390625,0.05,2028,106f72bb24cb47f46067295cc22a3d1831d3cc0fdecdb7e6c05296e2e644abaf,hqs,1,17.992517920125252,0.609995936608688
fresh_div2k_0821,DIV2K_fresh,fresh_div2k_0821,test,0.1,0.1001129150390625,0.05,2028,106f72bb24cb47f46067295cc22a3d1831d3cc0fdecdb7e6c05296e2e644abaf,hqs,2,18.96570406259096,0.685216301518904
fresh_div2k_0821,DIV2K_fresh,fresh_div2k_0821,test,0.1,0.1001129150390625,0.05,2028,106f72bb24cb47f46067295cc22a3d1831d3cc0fdecdb7e6c05296e2e644abaf,hqs,3,19.808675624011954,0.741546431968173
fresh_div2k_0821,DIV2K_fresh,fresh_div2k_0821,test,0.1,0.1001129150390625,0.05,2028,106f72bb24cb47f46067295cc22a3d1831d3cc0fdecdb7e6c05296e2e644abaf,hqs,4,20.423993357191627,0.7751559502420742
fresh_div2k_0821,DIV2K_fresh,fresh_div2k_0821,test,0.1,0.1001129150390625,0.05,2028,106f72bb24cb47f46067295cc22a3d1831d3cc0fdecdb7e6c05296e2e644abaf,hqs,5,20.82737607613311,0.7939521231314651
fresh_div2k_0821,DIV2K_fresh,fresh_div2k_0821,test,0.1,0.1001129150390625,0.05,2028,106f72bb24cb47f46067295cc22a3d1831d3cc0fdecdb7e6c05296e2e644abaf,hqs,6,21.14671237627004,0.8062756768911281
fresh_div2k_0821,DIV2K_fresh,fresh_div2k_0821,test,0.1,0.1001129150390625,0.05,2028,106f72bb24cb47f46067295cc22a3d1831d3cc0fdecdb7e6c05296e2e644abaf,admm,1,17.95158412033107,0.6064213940754485
fresh_div2k_0821,DIV2K_fresh,fresh_div2k_0821,test,0.1,0.1001129150390625,0.05,2028,106f72bb24cb47f46067295cc22a3d1831d3cc0fdecdb7e6c05296e2e644abaf,admm,2,19.143021323549277,0.6984359285961551
fresh_div2k_0821,DIV2K_fresh,fresh_div2k_0821,test,0.1,0.1001129150390625,0.05,2028,106f72bb24cb47f46067295cc22a3d1831d3cc0fdecdb7e6c05296e2e644abaf,admm,3,20.012236095527985,0.7561317470925953
fresh_div2k_0821,DIV2K_fresh,fresh_div2k_0821,test,0.1,0.1001129150390625,0.05,2028,106f72bb24cb47f46067295cc22a3d1831d3cc0fdecdb7e6c05296e2e644abaf,admm,4,20.519502954718504,0.7805359033318542
fresh_div2k_0821,DIV2K_fresh,fresh_div2k_0821,test,0.1,0.1001129150390625,0.05,2028,106f72bb24cb47f46067295cc22a3d1831d3cc0fdecdb7e6c05296e2e644abaf,admm,5,20.871182493616868,0.7953553810550011
fresh_div2k_0821,DIV2K_fresh,fresh_div2k_0821,test,0.1,0.1001129150390625,0.05,2028,106f72bb24cb47f46067295cc22a3d1831d3cc0fdecdb7e6c05296e2e644abaf,admm,6,21.196753713961677,0.8113189456012081
fresh_div2k_0823,DIV2K_fresh,fresh_div2k_0823,test,0.01,0.01031494140625,0.0,2026,c2ed701709b32fd31e5eb0938ba981e326a5e4b423898ee270f448fd6ed2766a,hqs,1,19.744197422156724,0.4488287071503858
fresh_div2k_0823,DIV2K_fresh,fresh_div2k_0823,test,0.01,0.01031494140625,0.0,2026,c2ed701709b32fd31e5eb0938ba981e326a5e4b423898ee270f448fd6ed2766a,hqs,2,20.02097768271589,0.5255419283754719
fresh_div2k_0823,DIV2K_fresh,fresh_div2k_0823,test,0.01,0.01031494140625,0.0,2026,c2ed701709b32fd31e5eb0938ba981e326a5e4b423898ee270f448fd6ed2766a,hqs,3,20.21120493934363,0.5632320700050464
fresh_div2k_0823,DIV2K_fresh,fresh_div2k_0823,test,0.01,0.01031494140625,0.0,2026,c2ed701709b32fd31e5eb0938ba981e326a5e4b423898ee270f448fd6ed2766a,hqs,4,20.303998776638043,0.5788398078717844
fresh_div2k_0823,DIV2K_fresh,fresh_div2k_0823,test,0.01,0.01031494140625,0.0,2026,c2ed701709b32fd31e5eb0938ba981e326a5e4b423898ee270f448fd6ed2766a,hqs,5,20.339410205644622,0.584746733226138
fresh_div2k_0823,DIV2K_fresh,fresh_div2k_0823,test,0.01,0.01031494140625,0.0,2026,c2ed701709b32fd31e5eb0938ba981e326a5e4b423898ee270f448fd6ed2766a,hqs,6,20.35845313154673,0.5901641975232442
fresh_div2k_0823,DIV2K_fresh,fresh_div2k_0823,test,0.01,0.01031494140625,0.0,2026,c2ed701709b32fd31e5eb0938ba981e326a5e4b423898ee270f448fd6ed2766a,admm,1,19.73481258589119,0.4395022190737565
fresh_div2k_0823,DIV2K_fresh,fresh_div2k_0823,test,0.01,0.01031494140625,0.0,2026,c2ed701709b32fd31e5eb0938ba981e326a5e4b423898ee270f448fd6ed2766a,admm,2,20.0551513474475,0.5346437650440058
fresh_div2k_0823,DIV2K_fresh,fresh_div2k_0823,test,0.01,0.01031494140625,0.0,2026,c2ed701709b32fd31e5eb0938ba981e326a5e4b423898ee270f448fd6ed2766a,admm,3,20.22668164188073,0.5687112997799125
fresh_div2k_0823,DIV2K_fresh,fresh_div2k_0823,test,0.01,0.01031494140625,0.0,2026,c2ed701709b32fd31e5eb0938ba981e326a5e4b423898ee270f448fd6ed2766a,admm,4,20.26953260962228,0.5795747254805032
fresh_div2k_0823,DIV2K_fresh,fresh_div2k_0823,test,0.01,0.01031494140625,0.0,2026,c2ed701709b32fd31e5eb0938ba981e326a5e4b423898ee270f448fd6ed2766a,admm,5,20.278076874074653,0.5813005452376644
fresh_div2k_0823,DIV2K_fresh,fresh_div2k_0823,test,0.01,0.01031494140625,0.0,2026,c2ed701709b32fd31e5eb0938ba981e326a5e4b423898ee270f448fd6ed2766a,admm,6,20.271417544905646,0.5798751564336876
fresh_div2k_0823,DIV2K_fresh,fresh_div2k_0823,test,0.04,0.041259765625,0.0,2026,f37f98704e39ae22c5c3736f38b2563e4fda9a8fa5059318d2fd9cfc6f89c4df,hqs,1,21.758232185886182,0.5776076833055641
fresh_div2k_0823,DIV2K_fresh,fresh_div2k_0823,test,0.04,0.041259765625,0.0,2026,f37f98704e39ae22c5c3736f38b2563e4fda9a8fa5059318d2fd9cfc6f89c4df,hqs,2,22.396665927449682,0.6803787023154546
fresh_div2k_0823,DIV2K_fresh,fresh_div2k_0823,test,0.04,0.041259765625,0.0,2026,f37f98704e39ae22c5c3736f38b2563e4fda9a8fa5059318d2fd9cfc6f89c4df,hqs,3,22.739831944839,0.7314276303329061
fresh_div2k_0823,DIV2K_fresh,fresh_div2k_0823,test,0.04,0.041259765625,0.0,2026,f37f98704e39ae22c5c3736f38b2563e4fda9a8fa5059318d2fd9cfc6f89c4df,hqs,4,22.88499704814236,0.7485810168316942
fresh_div2k_0823,DIV2K_fresh,fresh_div2k_0823,test,0.04,0.041259765625,0.0,2026,f37f98704e39ae22c5c3736f38b2563e4fda9a8fa5059318d2fd9cfc6f89c4df,hqs,5,22.93381584054616,0.7546746879250389
fresh_div2k_0823,DIV2K_fresh,fresh_div2k_0823,test,0.04,0.041259765625,0.0,2026,f37f98704e39ae22c5c3736f38b2563e4fda9a8fa5059318d2fd9cfc6f89c4df,hqs,6,22.935440150757053,0.7589077451529419
fresh_div2k_0823,DIV2K_fresh,fresh_div2k_0823,test,0.04,0.041259765625,0.0,2026,f37f98704e39ae22c5c3736f38b2563e4fda9a8fa5059318d2fd9cfc6f89c4df,admm,1,21.70847883485582,0.5633311127481582
fresh_div2k_0823,DIV2K_fresh,fresh_div2k_0823,test,0.04,0.041259765625,0.0,2026,f37f98704e39ae22c5c3736f38b2563e4fda9a8fa5059318d2fd9cfc6f89c4df,admm,2,22.460776890458376,0.6881779507133486
fresh_div2k_0823,DIV2K_fresh,fresh_div2k_0823,test,0.04,0.041259765625,0.0,2026,f37f98704e39ae22c5c3736f38b2563e4fda9a8fa5059318d2fd9cfc6f89c4df,admm,3,22.777670535796343,0.7372506930370532
fresh_div2k_0823,DIV2K_fresh,fresh_div2k_0823,test,0.04,0.041259765625,0.0,2026,f37f98704e39ae22c5c3736f38b2563e4fda9a8fa5059318d2fd9cfc6f89c4df,admm,4,22.884184413640668,0.7474289980460783
fresh_div2k_0823,DIV2K_fresh,fresh_div2k_0823,test,0.04,0.041259765625,0.0,2026,f37f98704e39ae22c5c3736f38b2563e4fda9a8fa5059318d2fd9cfc6f89c4df,admm,5,22.93951234590355,0.7525219128972404
fresh_div2k_0823,DIV2K_fresh,fresh_div2k_0823,test,0.04,0.041259765625,0.0,2026,f37f98704e39ae22c5c3736f38b2563e4fda9a8fa5059318d2fd9cfc6f89c4df,admm,6,22.96947473933741,0.7600324557889234
fresh_div2k_0823,DIV2K_fresh,fresh_div2k_0823,test,0.1,0.1001129150390625,0.0,2026,679dce580b70c272eb31b85854811bd11cd7f05a7ff340f2e21ba1fae98a7b04,hqs,1,23.597611646565795,0.67886462746393
fresh_div2k_0823,DIV2K_fresh,fresh_div2k_0823,test,0.1,0.1001129150390625,0.0,2026,679dce580b70c272eb31b85854811bd11cd7f05a7ff340f2e21ba1fae98a7b04,hqs,2,24.60988375679754,0.7830993062030375
fresh_div2k_0823,DIV2K_fresh,fresh_div2k_0823,test,0.1,0.1001129150390625,0.0,2026,679dce580b70c272eb31b85854811bd11cd7f05a7ff340f2e21ba1fae98a7b04,hqs,3,25.200052360508394,0.8383266034859419
fresh_div2k_0823,DIV2K_fresh,fresh_div2k_0823,test,0.1,0.1001129150390625,0.0,2026,679dce580b70c272eb31b85854811bd11cd7f05a7ff340f2e21ba1fae98a7b04,hqs,4,25.490609214744367,0.8556888045300245
fresh_div2k_0823,DIV2K_fresh,fresh_div2k_0823,test,0.1,0.1001129150390625,0.0,2026,679dce580b70c272eb31b85854811bd11cd7f05a7ff340f2e21ba1fae98a7b04,hqs,5,25.634859447786148,0.8639776238552332
fresh_div2k_0823,DIV2K_fresh,fresh_div2k_0823,test,0.1,0.1001129150390625,0.0,2026,679dce580b70c272eb31b85854811bd11cd7f05a7ff340f2e21ba1fae98a7b04,hqs,6,25.719216052455728,0.8701281309301854
fresh_div2k_0823,DIV2K_fresh,fresh_div2k_0823,test,0.1,0.1001129150390625,0.0,2026,679dce580b70c272eb31b85854811bd11cd7f05a7ff340f2e21ba1fae98a7b04,admm,1,23.52679357722871,0.6658530833561798
fresh_div2k_0823,DIV2K_fresh,fresh_div2k_0823,test,0.1,0.1001129150390625,0.0,2026,679dce580b70c272eb31b85854811bd11cd7f05a7ff340f2e21ba1fae98a7b04,admm,2,24.741128247328696,0.7900570674129128
fresh_div2k_0823,DIV2K_fresh,fresh_div2k_0823,test,0.1,0.1001129150390625,0.0,2026,679dce580b70c272eb31b85854811bd11cd7f05a7ff340f2e21ba1fae98a7b04,admm,3,25.286403437814492,0.8434762168235779
fresh_div2k_0823,DIV2K_fresh,fresh_div2k_0823,test,0.1,0.1001129150390625,0.0,2026,679dce580b70c272eb31b85854811bd11cd7f05a7ff340f2e21ba1fae98a7b04,admm,4,25.497252963565252,0.8523275346103907
fresh_div2k_0823,DIV2K_fresh,fresh_div2k_0823,test,0.1,0.1001129150390625,0.0,2026,679dce580b70c272eb31b85854811bd11cd7f05a7ff340f2e21ba1fae98a7b04,admm,5,25.644921713699162,0.8601089698812961
fresh_div2k_0823,DIV2K_fresh,fresh_div2k_0823,test,0.1,0.1001129150390625,0.0,2026,679dce580b70c272eb31b85854811bd11cd7f05a7ff340f2e21ba1fae98a7b04,admm,6,25.771243677329686,0.8710976120142937
fresh_div2k_0823,DIV2K_fresh,fresh_div2k_0823,test,0.25,0.25,0.0,2026,066f20408adb3b2ea5fb7291731730426ca645e76ec068411c0a024173fc0af6,hqs,1,26.503964842777048,0.8052771501181125
fresh_div2k_0823,DIV2K_fresh,fresh_div2k_0823,test,0.25,0.25,0.0,2026,066f20408adb3b2ea5fb7291731730426ca645e76ec068411c0a024173fc0af6,hqs,2,27.991506639052538,0.8858838305768967
fresh_div2k_0823,DIV2K_fresh,fresh_div2k_0823,test,0.25,0.25,0.0,2026,066f20408adb3b2ea5fb7291731730426ca645e76ec068411c0a024173fc0af6,hqs,3,29.035695785856717,0.9267400329699517
fresh_div2k_0823,DIV2K_fresh,fresh_div2k_0823,test,0.25,0.25,0.0,2026,066f20408adb3b2ea5fb7291731730426ca645e76ec068411c0a024173fc0af6,hqs,4,29.676994732638008,0.9380119319028855
fresh_div2k_0823,DIV2K_fresh,fresh_div2k_0823,test,0.25,0.25,0.0,2026,066f20408adb3b2ea5fb7291731730426ca645e76ec068411c0a024173fc0af6,hqs,5,30.099210974124844,0.945203445886612
fresh_div2k_0823,DIV2K_fresh,fresh_div2k_0823,test,0.25,0.25,0.0,2026,066f20408adb3b2ea5fb7291731730426ca645e76ec068411c0a024173fc0af6,hqs,6,30.44650972146635,0.9530901457977294
fresh_div2k_0823,DIV2K_fresh,fresh_div2k_0823,test,0.25,0.25,0.0,2026,066f20408adb3b2ea5fb7291731730426ca645e76ec068411c0a024173fc0af6,admm,1,26.411806411672522,0.7947740775054395
fresh_div2k_0823,DIV2K_fresh,fresh_div2k_0823,test,0.25,0.25,0.0,2026,066f20408adb3b2ea5fb7291731730426ca645e76ec068411c0a024173fc0af6,admm,2,28.293726556179465,0.8940787865352631
fresh_div2k_0823,DIV2K_fresh,fresh_div2k_0823,test,0.25,0.25,0.0,2026,066f20408adb3b2ea5fb7291731730426ca645e76ec068411c0a024173fc0af6,admm,3,29.26801382412018,0.928250707054615
fresh_div2k_0823,DIV2K_fresh,fresh_div2k_0823,test,0.25,0.25,0.0,2026,066f20408adb3b2ea5fb7291731730426ca645e76ec068411c0a024173fc0af6,admm,4,29.735825381843153,0.9336397541103363
fresh_div2k_0823,DIV2K_fresh,fresh_div2k_0823,test,0.25,0.25,0.0,2026,066f20408adb3b2ea5fb7291731730426ca645e76ec068411c0a024173fc0af6,admm,5,30.134509907528585,0.942937436788559
fresh_div2k_0823,DIV2K_fresh,fresh_div2k_0823,test,0.25,0.25,0.0,2026,066f20408adb3b2ea5fb7291731730426ca645e76ec068411c0a024173fc0af6,admm,6,30.472847808652432,0.9527804731869698
fresh_div2k_0823,DIV2K_fresh,fresh_div2k_0823,test,0.5,0.4998931884765625,0.0,2026,a8941ad2d22c8b7c374b44b1449fb7720b56eff59622e4bea775d8c05eb8c86a,hqs,1,29.906025375822193,0.8941525312919617
fresh_div2k_0823,DIV2K_fresh,fresh_div2k_0823,test,0.5,0.4998931884765625,0.0,2026,a8941ad2d22c8b7c374b44b1449fb7720b56eff59622e4bea775d8c05eb8c86a,hqs,2,32.18418451370587,0.9468486021604537
fresh_div2k_0823,DIV2K_fresh,fresh_div2k_0823,test,0.5,0.4998931884765625,0.0,2026,a8941ad2d22c8b7c374b44b1449fb7720b56eff59622e4bea775d8c05eb8c86a,hqs,3,34.16964815667988,0.9715579582223892
fresh_div2k_0823,DIV2K_fresh,fresh_div2k_0823,test,0.5,0.4998931884765625,0.0,2026,a8941ad2d22c8b7c374b44b1449fb7720b56eff59622e4bea775d8c05eb8c86a,hqs,4,35.65571371723932,0.9793329737710953
fresh_div2k_0823,DIV2K_fresh,fresh_div2k_0823,test,0.5,0.4998931884765625,0.0,2026,a8941ad2d22c8b7c374b44b1449fb7720b56eff59622e4bea775d8c05eb8c86a,hqs,5,36.68723043916543,0.9831811723413467
fresh_div2k_0823,DIV2K_fresh,fresh_div2k_0823,test,0.5,0.4998931884765625,0.0,2026,a8941ad2d22c8b7c374b44b1449fb7720b56eff59622e4bea775d8c05eb8c86a,hqs,6,37.4843326280982,0.9874784585065842
fresh_div2k_0823,DIV2K_fresh,fresh_div2k_0823,test,0.5,0.4998931884765625,0.0,2026,a8941ad2d22c8b7c374b44b1449fb7720b56eff59622e4bea775d8c05eb8c86a,admm,1,29.80486168397941,0.8867295647916794
fresh_div2k_0823,DIV2K_fresh,fresh_div2k_0823,test,0.5,0.4998931884765625,0.0,2026,a8941ad2d22c8b7c374b44b1449fb7720b56eff59622e4bea775d8c05eb8c86a,admm,2,32.67133904579771,0.9497521997938156
fresh_div2k_0823,DIV2K_fresh,fresh_div2k_0823,test,0.5,0.4998931884765625,0.0,2026,a8941ad2d22c8b7c374b44b1449fb7720b56eff59622e4bea775d8c05eb8c86a,admm,3,34.67557931013381,0.9701748464355469
fresh_div2k_0823,DIV2K_fresh,fresh_div2k_0823,test,0.5,0.4998931884765625,0.0,2026,a8941ad2d22c8b7c374b44b1449fb7720b56eff59622e4bea775d8c05eb8c86a,admm,4,35.71787914811188,0.9732139317817688
fresh_div2k_0823,DIV2K_fresh,fresh_div2k_0823,test,0.5,0.4998931884765625,0.0,2026,a8941ad2d22c8b7c374b44b1449fb7720b56eff59622e4bea775d8c05eb8c86a,admm,5,36.65892515178703,0.9796194485788345
fresh_div2k_0823,DIV2K_fresh,fresh_div2k_0823,test,0.5,0.4998931884765625,0.0,2026,a8941ad2d22c8b7c374b44b1449fb7720b56eff59622e4bea775d8c05eb8c86a,admm,6,37.56344899682827,0.9875055194683074
fresh_div2k_0823,DIV2K_fresh,fresh_div2k_0823,test,0.1,0.1001129150390625,0.01,2026,efcdad0f98dde73ccc1cd0e31ba207a2ed5d8c35e259558f4326e6c52d6a9a09,hqs,1,23.573379247123434,0.6770131460729614
fresh_div2k_0823,DIV2K_fresh,fresh_div2k_0823,test,0.1,0.1001129150390625,0.01,2026,efcdad0f98dde73ccc1cd0e31ba207a2ed5d8c35e259558f4326e6c52d6a9a09,hqs,2,24.56191877326048,0.7803771638916135
fresh_div2k_0823,DIV2K_fresh,fresh_div2k_0823,test,0.1,0.1001129150390625,0.01,2026,efcdad0f98dde73ccc1cd0e31ba207a2ed5d8c35e259558f4326e6c52d6a9a09,hqs,3,25.12315571558634,0.8353813803855181
fresh_div2k_0823,DIV2K_fresh,fresh_div2k_0823,test,0.1,0.1001129150390625,0.01,2026,efcdad0f98dde73ccc1cd0e31ba207a2ed5d8c35e259558f4326e6c52d6a9a09,hqs,4,25.36795121843752,0.8516702320144176
fresh_div2k_0823,DIV2K_fresh,fresh_div2k_0823,test,0.1,0.1001129150390625,0.01,2026,efcdad0f98dde73ccc1cd0e31ba207a2ed5d8c35e259558f4326e6c52d6a9a09,hqs,5,25.47562657400322,0.8594084446446896
fresh_div2k_0823,DIV2K_fresh,fresh_div2k_0823,test,0.1,0.1001129150390625,0.01,2026,efcdad0f98dde73ccc1cd0e31ba207a2ed5d8c35e259558f4326e6c52d6a9a09,hqs,6,25.500487831594036,0.8618449979038239
fresh_div2k_0823,DIV2K_fresh,fresh_div2k_0823,test,0.1,0.1001129150390625,0.01,2026,efcdad0f98dde73ccc1cd0e31ba207a2ed5d8c35e259558f4326e6c52d6a9a09,admm,1,23.503556269435254,0.663862807834711
fresh_div2k_0823,DIV2K_fresh,fresh_div2k_0823,test,0.1,0.1001129150390625,0.01,2026,efcdad0f98dde73ccc1cd0e31ba207a2ed5d8c35e259558f4326e6c52d6a9a09,admm,2,24.68253227541265,0.7859281703277826
fresh_div2k_0823,DIV2K_fresh,fresh_div2k_0823,test,0.1,0.1001129150390625,0.01,2026,efcdad0f98dde73ccc1cd0e31ba207a2ed5d8c35e259558f4326e6c52d6a9a09,admm,3,25.18066176570735,0.8382614814611673
fresh_div2k_0823,DIV2K_fresh,fresh_div2k_0823,test,0.1,0.1001129150390625,0.01,2026,efcdad0f98dde73ccc1cd0e31ba207a2ed5d8c35e259558f4326e6c52d6a9a09,admm,4,25.3403037861274,0.8459356329770088
fresh_div2k_0823,DIV2K_fresh,fresh_div2k_0823,test,0.1,0.1001129150390625,0.01,2026,efcdad0f98dde73ccc1cd0e31ba207a2ed5d8c35e259558f4326e6c52d6a9a09,admm,5,25.444727863639738,0.8513550439715385
fresh_div2k_0823,DIV2K_fresh,fresh_div2k_0823,test,0.1,0.1001129150390625,0.01,2026,efcdad0f98dde73ccc1cd0e31ba207a2ed5d8c35e259558f4326e6c52d6a9a09,admm,6,25.555268241997304,0.8648779514020681
fresh_div2k_0823,DIV2K_fresh,fresh_div2k_0823,test,0.1,0.1001129150390625,0.01,2027,7382ac50a10ff682ce6cd00e5e36e6ad0fd3be4302420b616ca7cb2e764e7efd,hqs,1,23.57368762953548,0.6766808058299958
fresh_div2k_0823,DIV2K_fresh,fresh_div2k_0823,test,0.1,0.1001129150390625,0.01,2027,7382ac50a10ff682ce6cd00e5e36e6ad0fd3be4302420b616ca7cb2e764e7efd,hqs,2,24.570028571868185,0.7803928250143528
fresh_div2k_0823,DIV2K_fresh,fresh_div2k_0823,test,0.1,0.1001129150390625,0.01,2027,7382ac50a10ff682ce6cd00e5e36e6ad0fd3be4302420b616ca7cb2e764e7efd,hqs,3,25.141483749310993,0.8355091927295923
fresh_div2k_0823,DIV2K_fresh,fresh_div2k_0823,test,0.1,0.1001129150390625,0.01,2027,7382ac50a10ff682ce6cd00e5e36e6ad0fd3be4302420b616ca7cb2e764e7efd,hqs,4,25.39942816560906,0.8520473023312092
fresh_div2k_0823,DIV2K_fresh,fresh_div2k_0823,test,0.1,0.1001129150390625,0.01,2027,7382ac50a10ff682ce6cd00e5e36e6ad0fd3be4302420b616ca7cb2e764e7efd,hqs,5,25.529014302668696,0.8603723432474136
fresh_div2k_0823,DIV2K_fresh,fresh_div2k_0823,test,0.1,0.1001129150390625,0.01,2027,7382ac50a10ff682ce6cd00e5e36e6ad0fd3be4302420b616ca7cb2e764e7efd,hqs,6,25.584235482740375,0.863981313813448
fresh_div2k_0823,DIV2K_fresh,fresh_div2k_0823,test,0.1,0.1001129150390625,0.01,2027,7382ac50a10ff682ce6cd00e5e36e6ad0fd3be4302420b616ca7cb2e764e7efd,admm,1,23.504689944400997,0.6636279370884579
fresh_div2k_0823,DIV2K_fresh,fresh_div2k_0823,test,0.1,0.1001129150390625,0.01,2027,7382ac50a10ff682ce6cd00e5e36e6ad0fd3be4302420b616ca7cb2e764e7efd,admm,2,24.69014658776187,0.785657828078866
fresh_div2k_0823,DIV2K_fresh,fresh_div2k_0823,test,0.1,0.1001129150390625,0.01,2027,7382ac50a10ff682ce6cd00e5e36e6ad0fd3be4302420b616ca7cb2e764e7efd,admm,3,25.204197432307687,0.8387664800773859
fresh_div2k_0823,DIV2K_fresh,fresh_div2k_0823,test,0.1,0.1001129150390625,0.01,2027,7382ac50a10ff682ce6cd00e5e36e6ad0fd3be4302420b616ca7cb2e764e7efd,admm,4,25.382252561057626,0.8475478543182612
fresh_div2k_0823,DIV2K_fresh,fresh_div2k_0823,test,0.1,0.1001129150390625,0.01,2027,7382ac50a10ff682ce6cd00e5e36e6ad0fd3be4302420b616ca7cb2e764e7efd,admm,5,25.500113587187514,0.85303116117239
fresh_div2k_0823,DIV2K_fresh,fresh_div2k_0823,test,0.1,0.1001129150390625,0.01,2027,7382ac50a10ff682ce6cd00e5e36e6ad0fd3be4302420b616ca7cb2e764e7efd,admm,6,25.62060946216309,0.8668052124449015
fresh_div2k_0823,DIV2K_fresh,fresh_div2k_0823,test,0.1,0.1001129150390625,0.01,2028,a2333e77bcc9814239847583aceb7d218ea04ab880f7080afb75d1613292d3a7,hqs,1,23.575833023016408,0.6769075273420438
fresh_div2k_0823,DIV2K_fresh,fresh_div2k_0823,test,0.1,0.1001129150390625,0.01,2028,a2333e77bcc9814239847583aceb7d218ea04ab880f7080afb75d1613292d3a7,hqs,2,24.56143331893366,0.7801834318907857
fresh_div2k_0823,DIV2K_fresh,fresh_div2k_0823,test,0.1,0.1001129150390625,0.01,2028,a2333e77bcc9814239847583aceb7d218ea04ab880f7080afb75d1613292d3a7,hqs,3,25.12602026766832,0.835086823799491
fresh_div2k_0823,DIV2K_fresh,fresh_div2k_0823,test,0.1,0.1001129150390625,0.01,2028,a2333e77bcc9814239847583aceb7d218ea04ab880f7080afb75d1613292d3a7,hqs,4,25.372882540378644,0.8516243773266077
fresh_div2k_0823,DIV2K_fresh,fresh_div2k_0823,test,0.1,0.1001129150390625,0.01,2028,a2333e77bcc9814239847583aceb7d218ea04ab880f7080afb75d1613292d3a7,hqs,5,25.481724172462958,0.8592073256577253
fresh_div2k_0823,DIV2K_fresh,fresh_div2k_0823,test,0.1,0.1001129150390625,0.01,2028,a2333e77bcc9814239847583aceb7d218ea04ab880f7080afb75d1613292d3a7,hqs,6,25.50966614548578,0.8625122586330474
fresh_div2k_0823,DIV2K_fresh,fresh_div2k_0823,test,0.1,0.1001129150390625,0.01,2028,a2333e77bcc9814239847583aceb7d218ea04ab880f7080afb75d1613292d3a7,admm,1,23.50579622703787,0.6639253689021795
fresh_div2k_0823,DIV2K_fresh,fresh_div2k_0823,test,0.1,0.1001129150390625,0.01,2028,a2333e77bcc9814239847583aceb7d218ea04ab880f7080afb75d1613292d3a7,admm,2,24.682626725193686,0.7855469021969438
fresh_div2k_0823,DIV2K_fresh,fresh_div2k_0823,test,0.1,0.1001129150390625,0.01,2028,a2333e77bcc9814239847583aceb7d218ea04ab880f7080afb75d1613292d3a7,admm,3,25.184481107926576,0.8379152270212173
fresh_div2k_0823,DIV2K_fresh,fresh_div2k_0823,test,0.1,0.1001129150390625,0.01,2028,a2333e77bcc9814239847583aceb7d218ea04ab880f7080afb75d1613292d3a7,admm,4,25.34839630252143,0.8461785069841147
fresh_div2k_0823,DIV2K_fresh,fresh_div2k_0823,test,0.1,0.1001129150390625,0.01,2028,a2333e77bcc9814239847583aceb7d218ea04ab880f7080afb75d1613292d3a7,admm,5,25.455330311395702,0.8520184773848056
fresh_div2k_0823,DIV2K_fresh,fresh_div2k_0823,test,0.1,0.1001129150390625,0.01,2028,a2333e77bcc9814239847583aceb7d218ea04ab880f7080afb75d1613292d3a7,admm,6,25.573464643631027,0.8653556812671422
fresh_div2k_0823,DIV2K_fresh,fresh_div2k_0823,test,0.1,0.1001129150390625,0.05,2026,ffbdb7daf97b302d491f2c0eb1aa179290827c103f0a7690371eeae14c66f5ad,hqs,1,22.96455975307481,0.6120512633630103
fresh_div2k_0823,DIV2K_fresh,fresh_div2k_0823,test,0.1,0.1001129150390625,0.05,2026,ffbdb7daf97b302d491f2c0eb1aa179290827c103f0a7690371eeae14c66f5ad,hqs,2,23.548199380041133,0.6883474789199681
fresh_div2k_0823,DIV2K_fresh,fresh_div2k_0823,test,0.1,0.1001129150390625,0.05,2026,ffbdb7daf97b302d491f2c0eb1aa179290827c103f0a7690371eeae14c66f5ad,hqs,3,23.65886485475667,0.7022745587852001
fresh_div2k_0823,DIV2K_fresh,fresh_div2k_0823,test,0.1,0.1001129150390625,0.05,2026,ffbdb7daf97b302d491f2c0eb1aa179290827c103f0a7690371eeae14c66f5ad,hqs,4,23.719676976180487,0.7232801704075373
fresh_div2k_0823,DIV2K_fresh,fresh_div2k_0823,test,0.1,0.1001129150390625,0.05,2026,ffbdb7daf97b302d491f2c0eb1aa179290827c103f0a7690371eeae14c66f5ad,hqs,5,23.698687372397305,0.7238647603204846
fresh_div2k_0823,DIV2K_fresh,fresh_div2k_0823,test,0.1,0.1001129150390625,0.05,2026,ffbdb7daf97b302d491f2c0eb1aa179290827c103f0a7690371eeae14c66f5ad,hqs,6,23.53255797287019,0.6982513448539301
fresh_div2k_0823,DIV2K_fresh,fresh_div2k_0823,test,0.1,0.1001129150390625,0.05,2026,ffbdb7daf97b302d491f2c0eb1aa179290827c103f0a7690371eeae14c66f5ad,admm,1,22.952838975035096,0.6115981946042907
fresh_div2k_0823,DIV2K_fresh,fresh_div2k_0823,test,0.1,0.1001129150390625,0.05,2026,ffbdb7daf97b302d491f2c0eb1aa179290827c103f0a7690371eeae14c66f5ad,admm,2,23.532807860595856,0.6745515872222297
fresh_div2k_0823,DIV2K_fresh,fresh_div2k_0823,test,0.1,0.1001129150390625,0.05,2026,ffbdb7daf97b302d491f2c0eb1aa179290827c103f0a7690371eeae14c66f5ad,admm,3,23.47508225300402,0.6828456837136317
fresh_div2k_0823,DIV2K_fresh,fresh_div2k_0823,test,0.1,0.1001129150390625,0.05,2026,ffbdb7daf97b302d491f2c0eb1aa179290827c103f0a7690371eeae14c66f5ad,admm,4,23.375405385864624,0.6859278153689354
fresh_div2k_0823,DIV2K_fresh,fresh_div2k_0823,test,0.1,0.1001129150390625,0.05,2026,ffbdb7daf97b302d491f2c0eb1aa179290827c103f0a7690371eeae14c66f5ad,admm,5,23.356069209388014,0.6813609532370121
fresh_div2k_0823,DIV2K_fresh,fresh_div2k_0823,test,0.1,0.1001129150390625,0.05,2026,ffbdb7daf97b302d491f2c0eb1aa179290827c103f0a7690371eeae14c66f5ad,admm,6,23.56643232465201,0.7176529796730653
fresh_div2k_0823,DIV2K_fresh,fresh_div2k_0823,test,0.1,0.1001129150390625,0.05,2027,6ea755f83e73769b424410d7ea2ce7bdc571ed894bfcc810b5598f209fcbbf43,hqs,1,22.990614922375322,0.6140672315778845
fresh_div2k_0823,DIV2K_fresh,fresh_div2k_0823,test,0.1,0.1001129150390625,0.05,2027,6ea755f83e73769b424410d7ea2ce7bdc571ed894bfcc810b5598f209fcbbf43,hqs,2,23.594262648933572,0.6915004357506223
fresh_div2k_0823,DIV2K_fresh,fresh_div2k_0823,test,0.1,0.1001129150390625,0.05,2027,6ea755f83e73769b424410d7ea2ce7bdc571ed894bfcc810b5598f209fcbbf43,hqs,3,23.73206200555174,0.7049607030525282
fresh_div2k_0823,DIV2K_fresh,fresh_div2k_0823,test,0.1,0.1001129150390625,0.05,2027,6ea755f83e73769b424410d7ea2ce7bdc571ed894bfcc810b5598f209fcbbf43,hqs,4,23.815831866804906,0.7280268949351013
fresh_div2k_0823,DIV2K_fresh,fresh_div2k_0823,test,0.1,0.1001129150390625,0.05,2027,6ea755f83e73769b424410d7ea2ce7bdc571ed894bfcc810b5598f209fcbbf43,hqs,5,23.799499445791913,0.7277649169145376
fresh_div2k_0823,DIV2K_fresh,fresh_div2k_0823,test,0.1,0.1001129150390625,0.05,2027,6ea755f83e73769b424410d7ea2ce7bdc571ed894bfcc810b5598f209fcbbf43,hqs,6,23.633638476699694,0.7007099680919647
fresh_div2k_0823,DIV2K_fresh,fresh_div2k_0823,test,0.1,0.1001129150390625,0.05,2027,6ea755f83e73769b424410d7ea2ce7bdc571ed894bfcc810b5598f209fcbbf43,admm,1,22.967598361713964,0.6111358942512893
fresh_div2k_0823,DIV2K_fresh,fresh_div2k_0823,test,0.1,0.1001129150390625,0.05,2027,6ea755f83e73769b424410d7ea2ce7bdc571ed894bfcc810b5598f209fcbbf43,admm,2,23.585781491403935,0.6772458977018669
fresh_div2k_0823,DIV2K_fresh,fresh_div2k_0823,test,0.1,0.1001129150390625,0.05,2027,6ea755f83e73769b424410d7ea2ce7bdc571ed894bfcc810b5598f209fcbbf43,admm,3,23.575845610526002,0.6856930451899171
fresh_div2k_0823,DIV2K_fresh,fresh_div2k_0823,test,0.1,0.1001129150390625,0.05,2027,6ea755f83e73769b424410d7ea2ce7bdc571ed894bfcc810b5598f209fcbbf43,admm,4,23.515258241066984,0.6893936002855108
fresh_div2k_0823,DIV2K_fresh,fresh_div2k_0823,test,0.1,0.1001129150390625,0.05,2027,6ea755f83e73769b424410d7ea2ce7bdc571ed894bfcc810b5598f209fcbbf43,admm,5,23.47959922541584,0.6810202443157658
fresh_div2k_0823,DIV2K_fresh,fresh_div2k_0823,test,0.1,0.1001129150390625,0.05,2027,6ea755f83e73769b424410d7ea2ce7bdc571ed894bfcc810b5598f209fcbbf43,admm,6,23.694873297246907,0.7237586922182143
fresh_div2k_0823,DIV2K_fresh,fresh_div2k_0823,test,0.1,0.1001129150390625,0.05,2028,ebf7b1597778d4e5af4b3ecc048182f7549d9a789182f5a58d6f4bea7f557812,hqs,1,22.972880970887406,0.6118379334942726
fresh_div2k_0823,DIV2K_fresh,fresh_div2k_0823,test,0.1,0.1001129150390625,0.05,2028,ebf7b1597778d4e5af4b3ecc048182f7549d9a789182f5a58d6f4bea7f557812,hqs,2,23.53006069097046,0.6844262740799859
fresh_div2k_0823,DIV2K_fresh,fresh_div2k_0823,test,0.1,0.1001129150390625,0.05,2028,ebf7b1597778d4e5af4b3ecc048182f7549d9a789182f5a58d6f4bea7f557812,hqs,3,23.656933768961675,0.6985068086465057
fresh_div2k_0823,DIV2K_fresh,fresh_div2k_0823,test,0.1,0.1001129150390625,0.05,2028,ebf7b1597778d4e5af4b3ecc048182f7549d9a789182f5a58d6f4bea7f557812,hqs,4,23.728921344499426,0.7197235358670764
fresh_div2k_0823,DIV2K_fresh,fresh_div2k_0823,test,0.1,0.1001129150390625,0.05,2028,ebf7b1597778d4e5af4b3ecc048182f7549d9a789182f5a58d6f4bea7f557812,hqs,5,23.723716774904005,0.7233385221223235
fresh_div2k_0823,DIV2K_fresh,fresh_div2k_0823,test,0.1,0.1001129150390625,0.05,2028,ebf7b1597778d4e5af4b3ecc048182f7549d9a789182f5a58d6f4bea7f557812,hqs,6,23.555860510524628,0.696005553318087
fresh_div2k_0823,DIV2K_fresh,fresh_div2k_0823,test,0.1,0.1001129150390625,0.05,2028,ebf7b1597778d4e5af4b3ecc048182f7549d9a789182f5a58d6f4bea7f557812,admm,1,22.953897292133803,0.611243312385276
fresh_div2k_0823,DIV2K_fresh,fresh_div2k_0823,test,0.1,0.1001129150390625,0.05,2028,ebf7b1597778d4e5af4b3ecc048182f7549d9a789182f5a58d6f4bea7f557812,admm,2,23.513225707270916,0.6712093093166025
fresh_div2k_0823,DIV2K_fresh,fresh_div2k_0823,test,0.1,0.1001129150390625,0.05,2028,ebf7b1597778d4e5af4b3ecc048182f7549d9a789182f5a58d6f4bea7f557812,admm,3,23.478171305954593,0.6809197817382403
fresh_div2k_0823,DIV2K_fresh,fresh_div2k_0823,test,0.1,0.1001129150390625,0.05,2028,ebf7b1597778d4e5af4b3ecc048182f7549d9a789182f5a58d6f4bea7f557812,admm,4,23.396324330926905,0.6831715317859464
fresh_div2k_0823,DIV2K_fresh,fresh_div2k_0823,test,0.1,0.1001129150390625,0.05,2028,ebf7b1597778d4e5af4b3ecc048182f7549d9a789182f5a58d6f4bea7f557812,admm,5,23.38684390327039,0.6777958914351352
fresh_div2k_0823,DIV2K_fresh,fresh_div2k_0823,test,0.1,0.1001129150390625,0.05,2028,ebf7b1597778d4e5af4b3ecc048182f7549d9a789182f5a58d6f4bea7f557812,admm,6,23.61223900157059,0.7151759691111724
fresh_div2k_0826,DIV2K_fresh,fresh_div2k_0826,test,0.01,0.01031494140625,0.0,2026,32ba4054d2e421fae7b454ebeecd0c9ac7597875df7cddafa689f599a2559da3,hqs,1,19.12384558277664,0.36504173370692833
fresh_div2k_0826,DIV2K_fresh,fresh_div2k_0826,test,0.01,0.01031494140625,0.0,2026,32ba4054d2e421fae7b454ebeecd0c9ac7597875df7cddafa689f599a2559da3,hqs,2,19.714249074891733,0.43494871254314166
fresh_div2k_0826,DIV2K_fresh,fresh_div2k_0826,test,0.01,0.01031494140625,0.0,2026,32ba4054d2e421fae7b454ebeecd0c9ac7597875df7cddafa689f599a2559da3,hqs,3,20.05874783898093,0.47733413222361537
fresh_div2k_0826,DIV2K_fresh,fresh_div2k_0826,test,0.01,0.01031494140625,0.0,2026,32ba4054d2e421fae7b454ebeecd0c9ac7597875df7cddafa689f599a2559da3,hqs,4,20.20276352866983,0.49821850574832954
fresh_div2k_0826,DIV2K_fresh,fresh_div2k_0826,test,0.01,0.01031494140625,0.0,2026,32ba4054d2e421fae7b454ebeecd0c9ac7597875df7cddafa689f599a2559da3,hqs,5,20.271125229060832,0.5111712553571791
fresh_div2k_0826,DIV2K_fresh,fresh_div2k_0826,test,0.01,0.01031494140625,0.0,2026,32ba4054d2e421fae7b454ebeecd0c9ac7597875df7cddafa689f599a2559da3,hqs,6,20.294373624862843,0.5201374311831898
fresh_div2k_0826,DIV2K_fresh,fresh_div2k_0826,test,0.01,0.01031494140625,0.0,2026,32ba4054d2e421fae7b454ebeecd0c9ac7597875df7cddafa689f599a2559da3,admm,1,19.09016614185345,0.36010876820260823
fresh_div2k_0826,DIV2K_fresh,fresh_div2k_0826,test,0.01,0.01031494140625,0.0,2026,32ba4054d2e421fae7b454ebeecd0c9ac7597875df7cddafa689f599a2559da3,admm,2,19.811435315611753,0.4480912159504234
fresh_div2k_0826,DIV2K_fresh,fresh_div2k_0826,test,0.01,0.01031494140625,0.0,2026,32ba4054d2e421fae7b454ebeecd0c9ac7597875df7cddafa689f599a2559da3,admm,3,20.132777742494564,0.48566762901766736
fresh_div2k_0826,DIV2K_fresh,fresh_div2k_0826,test,0.01,0.01031494140625,0.0,2026,32ba4054d2e421fae7b454ebeecd0c9ac7597875df7cddafa689f599a2559da3,admm,4,20.213645551118255,0.502869281843327
fresh_div2k_0826,DIV2K_fresh,fresh_div2k_0826,test,0.01,0.01031494140625,0.0,2026,32ba4054d2e421fae7b454ebeecd0c9ac7597875df7cddafa689f599a2559da3,admm,5,20.243384633433234,0.5147537483653039
fresh_div2k_0826,DIV2K_fresh,fresh_div2k_0826,test,0.01,0.01031494140625,0.0,2026,32ba4054d2e421fae7b454ebeecd0c9ac7597875df7cddafa689f599a2559da3,admm,6,20.282737684861615,0.5262975957126966
fresh_div2k_0826,DIV2K_fresh,fresh_div2k_0826,test,0.04,0.041259765625,0.0,2026,14dadd0d5c047b9265c00328a72f9b45a5b6a55c6e2f641d534d1d31042e3349,hqs,1,21.67876326535434,0.5207107576961375
fresh_div2k_0826,DIV2K_fresh,fresh_div2k_0826,test,0.04,0.041259765625,0.0,2026,14dadd0d5c047b9265c00328a72f9b45a5b6a55c6e2f641d534d1d31042e3349,hqs,2,22.789916304417535,0.628122546158564
fresh_div2k_0826,DIV2K_fresh,fresh_div2k_0826,test,0.04,0.041259765625,0.0,2026,14dadd0d5c047b9265c00328a72f9b45a5b6a55c6e2f641d534d1d31042e3349,hqs,3,23.392302810333998,0.6821490953052125
fresh_div2k_0826,DIV2K_fresh,fresh_div2k_0826,test,0.04,0.041259765625,0.0,2026,14dadd0d5c047b9265c00328a72f9b45a5b6a55c6e2f641d534d1d31042e3349,hqs,4,23.68969779723537,0.6992752686114109
fresh_div2k_0826,DIV2K_fresh,fresh_div2k_0826,test,0.04,0.041259765625,0.0,2026,14dadd0d5c047b9265c00328a72f9b45a5b6a55c6e2f641d534d1d31042e3349,hqs,5,23.83841551200511,0.7088561428433535
fresh_div2k_0826,DIV2K_fresh,fresh_div2k_0826,test,0.04,0.041259765625,0.0,2026,14dadd0d5c047b9265c00328a72f9b45a5b6a55c6e2f641d534d1d31042e3349,hqs,6,23.910237482555633,0.7187776215925347
fresh_div2k_0826,DIV2K_fresh,fresh_div2k_0826,test,0.04,0.041259765625,0.0,2026,14dadd0d5c047b9265c00328a72f9b45a5b6a55c6e2f641d534d1d31042e3349,admm,1,21.562520793698067,0.5093113180498211
fresh_div2k_0826,DIV2K_fresh,fresh_div2k_0826,test,0.04,0.041259765625,0.0,2026,14dadd0d5c047b9265c00328a72f9b45a5b6a55c6e2f641d534d1d31042e3349,admm,2,22.91679279792571,0.6407411837422675
fresh_div2k_0826,DIV2K_fresh,fresh_div2k_0826,test,0.04,0.041259765625,0.0,2026,14dadd0d5c047b9265c00328a72f9b45a5b6a55c6e2f641d534d1d31042e3349,admm,3,23.490054165312458,0.6928738572474042
fresh_div2k_0826,DIV2K_fresh,fresh_div2k_0826,test,0.04,0.041259765625,0.0,2026,14dadd0d5c047b9265c00328a72f9b45a5b6a55c6e2f641d534d1d31042e3349,admm,4,23.722266109556006,0.7029114540501588
fresh_div2k_0826,DIV2K_fresh,fresh_div2k_0826,test,0.04,0.041259765625,0.0,2026,14dadd0d5c047b9265c00328a72f9b45a5b6a55c6e2f641d534d1d31042e3349,admm,5,23.874753071829133,0.7136776341362828
fresh_div2k_0826,DIV2K_fresh,fresh_div2k_0826,test,0.04,0.041259765625,0.0,2026,14dadd0d5c047b9265c00328a72f9b45a5b6a55c6e2f641d534d1d31042e3349,admm,6,23.94188238383049,0.7187734290479745
fresh_div2k_0826,DIV2K_fresh,fresh_div2k_0826,test,0.1,0.1001129150390625,0.0,2026,9e071bcf426d4f8d184985002ffdf4b0eabca6273fdad3efebb6dd41324df088,hqs,1,23.53304662511993,0.6472560343379099
fresh_div2k_0826,DIV2K_fresh,fresh_div2k_0826,test,0.1,0.1001129150390625,0.0,2026,9e071bcf426d4f8d184985002ffdf4b0eabca6273fdad3efebb6dd41324df088,hqs,2,24.83029916332716,0.744777796337314
fresh_div2k_0826,DIV2K_fresh,fresh_div2k_0826,test,0.1,0.1001129150390625,0.0,2026,9e071bcf426d4f8d184985002ffdf4b0eabca6273fdad3efebb6dd41324df088,hqs,3,25.575860822495542,0.7921564412263744
fresh_div2k_0826,DIV2K_fresh,fresh_div2k_0826,test,0.1,0.1001129150390625,0.0,2026,9e071bcf426d4f8d184985002ffdf4b0eabca6273fdad3efebb6dd41324df088,hqs,4,25.93018340968612,0.807498233010292
fresh_div2k_0826,DIV2K_fresh,fresh_div2k_0826,test,0.1,0.1001129150390625,0.0,2026,9e071bcf426d4f8d184985002ffdf4b0eabca6273fdad3efebb6dd41324df088,hqs,5,26.12621814171955,0.8176330743019432
fresh_div2k_0826,DIV2K_fresh,fresh_div2k_0826,test,0.1,0.1001129150390625,0.0,2026,9e071bcf426d4f8d184985002ffdf4b0eabca6273fdad3efebb6dd41324df088,hqs,6,26.232469635135732,0.8270114688423276
fresh_div2k_0826,DIV2K_fresh,fresh_div2k_0826,test,0.1,0.1001129150390625,0.0,2026,9e071bcf426d4f8d184985002ffdf4b0eabca6273fdad3efebb6dd41324df088,admm,1,23.42125367349528,0.6371836395609866
fresh_div2k_0826,DIV2K_fresh,fresh_div2k_0826,test,0.1,0.1001129150390625,0.0,2026,9e071bcf426d4f8d184985002ffdf4b0eabca6273fdad3efebb6dd41324df088,admm,2,25.057160210821223,0.7591082741802809
fresh_div2k_0826,DIV2K_fresh,fresh_div2k_0826,test,0.1,0.1001129150390625,0.0,2026,9e071bcf426d4f8d184985002ffdf4b0eabca6273fdad3efebb6dd41324df088,admm,3,25.784486231416395,0.8040170594642013
fresh_div2k_0826,DIV2K_fresh,fresh_div2k_0826,test,0.1,0.1001129150390625,0.0,2026,9e071bcf426d4f8d184985002ffdf4b0eabca6273fdad3efebb6dd41324df088,admm,4,26.028321815445544,0.8134580067605823
fresh_div2k_0826,DIV2K_fresh,fresh_div2k_0826,test,0.1,0.1001129150390625,0.0,2026,9e071bcf426d4f8d184985002ffdf4b0eabca6273fdad3efebb6dd41324df088,admm,5,26.207203998381242,0.8222835147977974
fresh_div2k_0826,DIV2K_fresh,fresh_div2k_0826,test,0.1,0.1001129150390625,0.0,2026,9e071bcf426d4f8d184985002ffdf4b0eabca6273fdad3efebb6dd41324df088,admm,6,26.319818256291363,0.8269080680270977
fresh_div2k_0826,DIV2K_fresh,fresh_div2k_0826,test,0.25,0.25,0.0,2026,9d8c5ce0eb352ddf144af1951b94d433d121a84f0b1af8fcdbecc5b4d08df8c5,hqs,1,26.181334642783707,0.7857688819580153
fresh_div2k_0826,DIV2K_fresh,fresh_div2k_0826,test,0.25,0.25,0.0,2026,9d8c5ce0eb352ddf144af1951b94d433d121a84f0b1af8fcdbecc5b4d08df8c5,hqs,2,27.801484148402572,0.8583662206831649
fresh_div2k_0826,DIV2K_fresh,fresh_div2k_0826,test,0.25,0.25,0.0,2026,9d8c5ce0eb352ddf144af1951b94d433d121a84f0b1af8fcdbecc5b4d08df8c5,hqs,3,28.72380047743516,0.8926784563312531
fresh_div2k_0826,DIV2K_fresh,fresh_div2k_0826,test,0.25,0.25,0.0,2026,9d8c5ce0eb352ddf144af1951b94d433d121a84f0b1af8fcdbecc5b4d08df8c5,hqs,4,29.210283157639303,0.9045163204934596
fresh_div2k_0826,DIV2K_fresh,fresh_div2k_0826,test,0.25,0.25,0.0,2026,9d8c5ce0eb352ddf144af1951b94d433d121a84f0b1af8fcdbecc5b4d08df8c5,hqs,5,29.515268772857333,0.9114887886712552
fresh_div2k_0826,DIV2K_fresh,fresh_div2k_0826,test,0.25,0.25,0.0,2026,9d8c5ce0eb352ddf144af1951b94d433d121a84f0b1af8fcdbecc5b4d08df8c5,hqs,6,29.73783555658803,0.9191414766206741
fresh_div2k_0826,DIV2K_fresh,fresh_div2k_0826,test,0.25,0.25,0.0,2026,9d8c5ce0eb352ddf144af1951b94d433d121a84f0b1af8fcdbecc5b4d08df8c5,admm,1,26.08937929718312,0.7795255234666421
fresh_div2k_0826,DIV2K_fresh,fresh_div2k_0826,test,0.25,0.25,0.0,2026,9d8c5ce0eb352ddf144af1951b94d433d121a84f0b1af8fcdbecc5b4d08df8c5,admm,2,28.095722549432093,0.8707236772492826
fresh_div2k_0826,DIV2K_fresh,fresh_div2k_0826,test,0.25,0.25,0.0,2026,9d8c5ce0eb352ddf144af1951b94d433d121a84f0b1af8fcdbecc5b4d08df8c5,admm,3,28.97963456553694,0.899620984998703
fresh_div2k_0826,DIV2K_fresh,fresh_div2k_0826,test,0.25,0.25,0.0,2026,9d8c5ce0eb352ddf144af1951b94d433d121a84f0b1af8fcdbecc5b4d08df8c5,admm,4,29.32978712044107,0.9066354857459068
fresh_div2k_0826,DIV2K_fresh,fresh_div2k_0826,test,0.25,0.25,0.0,2026,9d8c5ce0eb352ddf144af1951b94d433d121a84f0b1af8fcdbecc5b4d08df8c5,admm,5,29.594144502239313,0.9136502850854397
fresh_div2k_0826,DIV2K_fresh,fresh_div2k_0826,test,0.25,0.25,0.0,2026,9d8c5ce0eb352ddf144af1951b94d433d121a84f0b1af8fcdbecc5b4d08df8c5,admm,6,29.80024074564868,0.919790119405508
fresh_div2k_0826,DIV2K_fresh,fresh_div2k_0826,test,0.5,0.4998931884765625,0.0,2026,4152e734a4adc846042cba17f5fba36271338698f0434905c7eb6dcf5c0efdf8,hqs,1,29.40493601290462,0.8878919813141152
fresh_div2k_0826,DIV2K_fresh,fresh_div2k_0826,test,0.5,0.4998931884765625,0.0,2026,4152e734a4adc846042cba17f5fba36271338698f0434905c7eb6dcf5c0efdf8,hqs,2,31.502133683014687,0.9353656789832115
fresh_div2k_0826,DIV2K_fresh,fresh_div2k_0826,test,0.5,0.4998931884765625,0.0,2026,4152e734a4adc846042cba17f5fba36271338698f0434905c7eb6dcf5c0efdf8,hqs,3,33.011737231761444,0.9569361801376343
fresh_div2k_0826,DIV2K_fresh,fresh_div2k_0826,test,0.5,0.4998931884765625,0.0,2026,4152e734a4adc846042cba17f5fba36271338698f0434905c7eb6dcf5c0efdf8,hqs,4,33.99924886049625,0.9659952230463028
fresh_div2k_0826,DIV2K_fresh,fresh_div2k_0826,test,0.5,0.4998931884765625,0.0,2026,4152e734a4adc846042cba17f5fba36271338698f0434905c7eb6dcf5c0efdf8,hqs,5,34.667973143211334,0.9711125533952712
fresh_div2k_0826,DIV2K_fresh,fresh_div2k_0826,test,0.5,0.4998931884765625,0.0,2026,4152e734a4adc846042cba17f5fba36271338698f0434905c7eb6dcf5c0efdf8,hqs,6,35.188468057276204,0.975974225156784
fresh_div2k_0826,DIV2K_fresh,fresh_div2k_0826,test,0.5,0.4998931884765625,0.0,2026,4152e734a4adc846042cba17f5fba36271338698f0434905c7eb6dcf5c0efdf8,admm,1,29.31278807533802,0.8828628333172649
fresh_div2k_0826,DIV2K_fresh,fresh_div2k_0826,test,0.5,0.4998931884765625,0.0,2026,4152e734a4adc846042cba17f5fba36271338698f0434905c7eb6dcf5c0efdf8,admm,2,31.877217476882784,0.9413043135623932
fresh_div2k_0826,DIV2K_fresh,fresh_div2k_0826,test,0.5,0.4998931884765625,0.0,2026,4152e734a4adc846042cba17f5fba36271338698f0434905c7eb6dcf5c0efdf8,admm,3,33.44601903129584,0.9597265857133865
fresh_div2k_0826,DIV2K_fresh,fresh_div2k_0826,test,0.5,0.4998931884765625,0.0,2026,4152e734a4adc846042cba17f5fba36271338698f0434905c7eb6dcf5c0efdf8,admm,4,34.214148312282205,0.9657550763759613
fresh_div2k_0826,DIV2K_fresh,fresh_div2k_0826,test,0.5,0.4998931884765625,0.0,2026,4152e734a4adc846042cba17f5fba36271338698f0434905c7eb6dcf5c0efdf8,admm,5,34.783426899357515,0.9705278724842071
fresh_div2k_0826,DIV2K_fresh,fresh_div2k_0826,test,0.5,0.4998931884765625,0.0,2026,4152e734a4adc846042cba17f5fba36271338698f0434905c7eb6dcf5c0efdf8,admm,6,35.28419378784279,0.9762878636474609
fresh_div2k_0826,DIV2K_fresh,fresh_div2k_0826,test,0.1,0.1001129150390625,0.01,2026,c0f3e1a0482b0bc11acd8d66882aa0fb9fa82512661d48e45f39448a68c4a146,hqs,1,23.518792677501345,0.6457157646216117
fresh_div2k_0826,DIV2K_fresh,fresh_div2k_0826,test,0.1,0.1001129150390625,0.01,2026,c0f3e1a0482b0bc11acd8d66882aa0fb9fa82512661d48e45f39448a68c4a146,hqs,2,24.796375426101626,0.7428729120123666
fresh_div2k_0826,DIV2K_fresh,fresh_div2k_0826,test,0.1,0.1001129150390625,0.01,2026,c0f3e1a0482b0bc11acd8d66882aa0fb9fa82512661d48e45f39448a68c4a146,hqs,3,25.515934523662253,0.7901151185411215
fresh_div2k_0826,DIV2K_fresh,fresh_div2k_0826,test,0.1,0.1001129150390625,0.01,2026,c0f3e1a0482b0bc11acd8d66882aa0fb9fa82512661d48e45f39448a68c4a146,hqs,4,25.832613410645997,0.8043392392253726
fresh_div2k_0826,DIV2K_fresh,fresh_div2k_0826,test,0.1,0.1001129150390625,0.01,2026,c0f3e1a0482b0bc11acd8d66882aa0fb9fa82512661d48e45f39448a68c4a146,hqs,5,25.994240553098955,0.8136109405483231
fresh_div2k_0826,DIV2K_fresh,fresh_div2k_0826,test,0.1,0.1001129150390625,0.01,2026,c0f3e1a0482b0bc11acd8d66882aa0fb9fa82512661d48e45f39448a68c4a146,hqs,6,26.053318028284046,0.8193558750394583
fresh_div2k_0826,DIV2K_fresh,fresh_div2k_0826,test,0.1,0.1001129150390625,0.01,2026,c0f3e1a0482b0bc11acd8d66882aa0fb9fa82512661d48e45f39448a68c4a146,admm,1,23.40546397221602,0.6354095839938488
fresh_div2k_0826,DIV2K_fresh,fresh_div2k_0826,test,0.1,0.1001129150390625,0.01,2026,c0f3e1a0482b0bc11acd8d66882aa0fb9fa82512661d48e45f39448a68c4a146,admm,2,25.012324451290667,0.7559541592485202
fresh_div2k_0826,DIV2K_fresh,fresh_div2k_0826,test,0.1,0.1001129150390625,0.01,2026,c0f3e1a0482b0bc11acd8d66882aa0fb9fa82512661d48e45f39448a68c4a146,admm,3,25.689633348922282,0.8002892633910627
fresh_div2k_0826,DIV2K_fresh,fresh_div2k_0826,test,0.1,0.1001129150390625,0.01,2026,c0f3e1a0482b0bc11acd8d66882aa0fb9fa82512661d48e45f39448a68c4a146,admm,4,25.882418175632136,0.8076502288852632
fresh_div2k_0826,DIV2K_fresh,fresh_div2k_0826,test,0.1,0.1001129150390625,0.01,2026,c0f3e1a0482b0bc11acd8d66882aa0fb9fa82512661d48e45f39448a68c4a146,admm,5,26.01924972550828,0.8141885943354853
fresh_div2k_0826,DIV2K_fresh,fresh_div2k_0826,test,0.1,0.1001129150390625,0.01,2026,c0f3e1a0482b0bc11acd8d66882aa0fb9fa82512661d48e45f39448a68c4a146,admm,6,26.137773595945827,0.8208031258564331
fresh_div2k_0826,DIV2K_fresh,fresh_div2k_0826,test,0.1,0.1001129150390625,0.01,2027,21bd3c737337c326550f43cdaae007051c1bab6220ed12a590dab1848daeceb3,hqs,1,23.519746740076325,0.6459814850562108
fresh_div2k_0826,DIV2K_fresh,fresh_div2k_0826,test,0.1,0.1001129150390625,0.01,2027,21bd3c737337c326550f43cdaae007051c1bab6220ed12a590dab1848daeceb3,hqs,2,24.79804038019155,0.7433420101908855
fresh_div2k_0826,DIV2K_fresh,fresh_div2k_0826,test,0.1,0.1001129150390625,0.01,2027,21bd3c737337c326550f43cdaae007051c1bab6220ed12a590dab1848daeceb3,hqs,3,25.510810939128177,0.7902294507855401
fresh_div2k_0826,DIV2K_fresh,fresh_div2k_0826,test,0.1,0.1001129150390625,0.01,2027,21bd3c737337c326550f43cdaae007051c1bab6220ed12a590dab1848daeceb3,hqs,4,25.83331910687641,0.8051171666738651
fresh_div2k_0826,DIV2K_fresh,fresh_div2k_0826,test,0.1,0.1001129150390625,0.01,2027,21bd3c737337c326550f43cdaae007051c1bab6220ed12a590dab1848daeceb3,hqs,5,26.007216180020052,0.8145285956864357
fresh_div2k_0826,DIV2K_fresh,fresh_div2k_0826,test,0.1,0.1001129150390625,0.01,2027,21bd3c737337c326550f43cdaae007051c1bab6220ed12a590dab1848daeceb3,hqs,6,26.090371063662225,0.8204608102866262
fresh_div2k_0826,DIV2K_fresh,fresh_div2k_0826,test,0.1,0.1001129150390625,0.01,2027,21bd3c737337c326550f43cdaae007051c1bab6220ed12a590dab1848daeceb3,admm,1,23.40990273611584,0.635944308869334
fresh_div2k_0826,DIV2K_fresh,fresh_div2k_0826,test,0.1,0.1001129150390625,0.01,2027,21bd3c737337c326550f43cdaae007051c1bab6220ed12a590dab1848daeceb3,admm,2,25.01956129940431,0.7566362828475683
fresh_div2k_0826,DIV2K_fresh,fresh_div2k_0826,test,0.1,0.1001129150390625,0.01,2027,21bd3c737337c326550f43cdaae007051c1bab6220ed12a590dab1848daeceb3,admm,3,25.696016974952354,0.8005920439304229
fresh_div2k_0826,DIV2K_fresh,fresh_div2k_0826,test,0.1,0.1001129150390625,0.01,2027,21bd3c737337c326550f43cdaae007051c1bab6220ed12a590dab1848daeceb3,admm,4,25.896845814606074,0.8086742038252875
fresh_div2k_0826,DIV2K_fresh,fresh_div2k_0826,test,0.1,0.1001129150390625,0.01,2027,21bd3c737337c326550f43cdaae007051c1bab6220ed12a590dab1848daeceb3,admm,5,26.046719722616135,0.8152704247020558
fresh_div2k_0826,DIV2K_fresh,fresh_div2k_0826,test,0.1,0.1001129150390625,0.01,2027,21bd3c737337c326550f43cdaae007051c1bab6220ed12a590dab1848daeceb3,admm,6,26.174867168040315,0.8217856324440166
fresh_div2k_0826,DIV2K_fresh,fresh_div2k_0826,test,0.1,0.1001129150390625,0.01,2028,167a62b3d39c3c21fc96a4c39712eb475a9c6e0cba64807a3ce5f8c192aa4d9d,hqs,1,23.52252878673596,0.6456404046055843
fresh_div2k_0826,DIV2K_fresh,fresh_div2k_0826,test,0.1,0.1001129150390625,0.01,2028,167a62b3d39c3c21fc96a4c39712eb475a9c6e0cba64807a3ce5f8c192aa4d9d,hqs,2,24.810757288434402,0.7432141614925675
fresh_div2k_0826,DIV2K_fresh,fresh_div2k_0826,test,0.1,0.1001129150390625,0.01,2028,167a62b3d39c3c21fc96a4c39712eb475a9c6e0cba64807a3ce5f8c192aa4d9d,hqs,3,25.541115763372648,0.7908368646445684
fresh_div2k_0826,DIV2K_fresh,fresh_div2k_0826,test,0.1,0.1001129150390625,0.01,2028,167a62b3d39c3c21fc96a4c39712eb475a9c6e0cba64807a3ce5f8c192aa4d9d,hqs,4,25.86407809769937,0.8053521000722833
fresh_div2k_0826,DIV2K_fresh,fresh_div2k_0826,test,0.1,0.1001129150390625,0.01,2028,167a62b3d39c3c21fc96a4c39712eb475a9c6e0cba64807a3ce5f8c192aa4d9d,hqs,5,26.042189724598913,0.8145598928720057
fresh_div2k_0826,DIV2K_fresh,fresh_div2k_0826,test,0.1,0.1001129150390625,0.01,2028,167a62b3d39c3c21fc96a4c39712eb475a9c6e0cba64807a3ce5f8c192aa4d9d,hqs,6,26.13208168542731,0.820617112863049
fresh_div2k_0826,DIV2K_fresh,fresh_div2k_0826,test,0.1,0.1001129150390625,0.01,2028,167a62b3d39c3c21fc96a4c39712eb475a9c6e0cba64807a3ce5f8c192aa4d9d,admm,1,23.410015578099266,0.6354861751464627
fresh_div2k_0826,DIV2K_fresh,fresh_div2k_0826,test,0.1,0.1001129150390625,0.01,2028,167a62b3d39c3c21fc96a4c39712eb475a9c6e0cba64807a3ce5f8c192aa4d9d,admm,2,25.03178346564047,0.756286725612551
fresh_div2k_0826,DIV2K_fresh,fresh_div2k_0826,test,0.1,0.1001129150390625,0.01,2028,167a62b3d39c3c21fc96a4c39712eb475a9c6e0cba64807a3ce5f8c192aa4d9d,admm,3,25.72283930363615,0.8007966871376853
fresh_div2k_0826,DIV2K_fresh,fresh_div2k_0826,test,0.1,0.1001129150390625,0.01,2028,167a62b3d39c3c21fc96a4c39712eb475a9c6e0cba64807a3ce5f8c192aa4d9d,admm,4,25.91232929218664,0.8081154428037778
fresh_div2k_0826,DIV2K_fresh,fresh_div2k_0826,test,0.1,0.1001129150390625,0.01,2028,167a62b3d39c3c21fc96a4c39712eb475a9c6e0cba64807a3ce5f8c192aa4d9d,admm,5,26.06226824380089,0.8151777792311646
fresh_div2k_0826,DIV2K_fresh,fresh_div2k_0826,test,0.1,0.1001129150390625,0.01,2028,167a62b3d39c3c21fc96a4c39712eb475a9c6e0cba64807a3ce5f8c192aa4d9d,admm,6,26.202583801211023,0.8221210825481117
fresh_div2k_0826,DIV2K_fresh,fresh_div2k_0826,test,0.1,0.1001129150390625,0.05,2026,10d58db69cf1c8920eccbbd3fd7954c4ebe84563fc036dfda5bffa23270f6c08,hqs,1,23.15979339889285,0.6173211534049283
fresh_div2k_0826,DIV2K_fresh,fresh_div2k_0826,test,0.1,0.1001129150390625,0.05,2026,10d58db69cf1c8920eccbbd3fd7954c4ebe84563fc036dfda5bffa23270f6c08,hqs,2,24.067501198502125,0.6939871316450948
fresh_div2k_0826,DIV2K_fresh,fresh_div2k_0826,test,0.1,0.1001129150390625,0.05,2026,10d58db69cf1c8920eccbbd3fd7954c4ebe84563fc036dfda5bffa23270f6c08,hqs,3,24.295820549461652,0.7118004677325198
fresh_div2k_0826,DIV2K_fresh,fresh_div2k_0826,test,0.1,0.1001129150390625,0.05,2026,10d58db69cf1c8920eccbbd3fd7954c4ebe84563fc036dfda5bffa23270f6c08,hqs,4,24.38956348928223,0.7219449053858258
fresh_div2k_0826,DIV2K_fresh,fresh_div2k_0826,test,0.1,0.1001129150390625,0.05,2026,10d58db69cf1c8920eccbbd3fd7954c4ebe84563fc036dfda5bffa23270f6c08,hqs,5,24.380356200509837,0.719649255611252
fresh_div2k_0826,DIV2K_fresh,fresh_div2k_0826,test,0.1,0.1001129150390625,0.05,2026,10d58db69cf1c8920eccbbd3fd7954c4ebe84563fc036dfda5bffa23270f6c08,hqs,6,24.16942454761994,0.6995957135433364
fresh_div2k_0826,DIV2K_fresh,fresh_div2k_0826,test,0.1,0.1001129150390625,0.05,2026,10d58db69cf1c8920eccbbd3fd7954c4ebe84563fc036dfda5bffa23270f6c08,admm,1,23.041684184746877,0.6049568153689191
fresh_div2k_0826,DIV2K_fresh,fresh_div2k_0826,test,0.1,0.1001129150390625,0.05,2026,10d58db69cf1c8920eccbbd3fd7954c4ebe84563fc036dfda5bffa23270f6c08,admm,2,24.106356467061637,0.687767857750505
fresh_div2k_0826,DIV2K_fresh,fresh_div2k_0826,test,0.1,0.1001129150390625,0.05,2026,10d58db69cf1c8920eccbbd3fd7954c4ebe84563fc036dfda5bffa23270f6c08,admm,3,24.05806509725484,0.679583276186213
fresh_div2k_0826,DIV2K_fresh,fresh_div2k_0826,test,0.1,0.1001129150390625,0.05,2026,10d58db69cf1c8920eccbbd3fd7954c4ebe84563fc036dfda5bffa23270f6c08,admm,4,24.08606661703958,0.6876766457829872
fresh_div2k_0826,DIV2K_fresh,fresh_div2k_0826,test,0.1,0.1001129150390625,0.05,2026,10d58db69cf1c8920eccbbd3fd7954c4ebe84563fc036dfda5bffa23270f6c08,admm,5,24.014596948174788,0.6785991947121404
fresh_div2k_0826,DIV2K_fresh,fresh_div2k_0826,test,0.1,0.1001129150390625,0.05,2026,10d58db69cf1c8920eccbbd3fd7954c4ebe84563fc036dfda5bffa23270f6c08,admm,6,24.291943777203173,0.7110842196368202
fresh_div2k_0826,DIV2K_fresh,fresh_div2k_0826,test,0.1,0.1001129150390625,0.05,2027,7fd1e06fedeca89e6ebdd90fdc57e4e4ae16a83a0cf116a137b4c8e12e5e51ec,hqs,1,23.154101010179073,0.6168353601028218
fresh_div2k_0826,DIV2K_fresh,fresh_div2k_0826,test,0.1,0.1001129150390625,0.05,2027,7fd1e06fedeca89e6ebdd90fdc57e4e4ae16a83a0cf116a137b4c8e12e5e51ec,hqs,2,24.04993148429275,0.6914021706591789
fresh_div2k_0826,DIV2K_fresh,fresh_div2k_0826,test,0.1,0.1001129150390625,0.05,2027,7fd1e06fedeca89e6ebdd90fdc57e4e4ae16a83a0cf116a137b4c8e12e5e51ec,hqs,3,24.25637278683396,0.7067689425242003
fresh_div2k_0826,DIV2K_fresh,fresh_div2k_0826,test,0.1,0.1001129150390625,0.05,2027,7fd1e06fedeca89e6ebdd90fdc57e4e4ae16a83a0cf116a137b4c8e12e5e51ec,hqs,4,24.348421720112302,0.7179100064994441
fresh_div2k_0826,DIV2K_fresh,fresh_div2k_0826,test,0.1,0.1001129150390625,0.05,2027,7fd1e06fedeca89e6ebdd90fdc57e4e4ae16a83a0cf116a137b4c8e12e5e51ec,hqs,5,24.341369285662815,0.7149336611690782
fresh_div2k_0826,DIV2K_fresh,fresh_div2k_0826,test,0.1,0.1001129150390625,0.05,2027,7fd1e06fedeca89e6ebdd90fdc57e4e4ae16a83a0cf116a137b4c8e12e5e51ec,hqs,6,24.143509362378666,0.6968536352879098
fresh_div2k_0826,DIV2K_fresh,fresh_div2k_0826,test,0.1,0.1001129150390625,0.05,2027,7fd1e06fedeca89e6ebdd90fdc57e4e4ae16a83a0cf116a137b4c8e12e5e51ec,admm,1,23.048684470657538,0.6054482122259196
fresh_div2k_0826,DIV2K_fresh,fresh_div2k_0826,test,0.1,0.1001129150390625,0.05,2027,7fd1e06fedeca89e6ebdd90fdc57e4e4ae16a83a0cf116a137b4c8e12e5e51ec,admm,2,24.098792006717016,0.6861189526773235
fresh_div2k_0826,DIV2K_fresh,fresh_div2k_0826,test,0.1,0.1001129150390625,0.05,2027,7fd1e06fedeca89e6ebdd90fdc57e4e4ae16a83a0cf116a137b4c8e12e5e51ec,admm,3,24.02427231454798,0.6741590684538968
fresh_div2k_0826,DIV2K_fresh,fresh_div2k_0826,test,0.1,0.1001129150390625,0.05,2027,7fd1e06fedeca89e6ebdd90fdc57e4e4ae16a83a0cf116a137b4c8e12e5e51ec,admm,4,24.083463734056973,0.6835784686526405
fresh_div2k_0826,DIV2K_fresh,fresh_div2k_0826,test,0.1,0.1001129150390625,0.05,2027,7fd1e06fedeca89e6ebdd90fdc57e4e4ae16a83a0cf116a137b4c8e12e5e51ec,admm,5,24.05981330179289,0.6784138870373357
fresh_div2k_0826,DIV2K_fresh,fresh_div2k_0826,test,0.1,0.1001129150390625,0.05,2027,7fd1e06fedeca89e6ebdd90fdc57e4e4ae16a83a0cf116a137b4c8e12e5e51ec,admm,6,24.332194558918324,0.709600747570321
fresh_div2k_0826,DIV2K_fresh,fresh_div2k_0826,test,0.1,0.1001129150390625,0.05,2028,ff8f920f3ffa8ee2cc63bc636c0c511c18fef0af4cfd52b4cf0f0528c3933b00,hqs,1,23.174754451621705,0.6153300264337026
fresh_div2k_0826,DIV2K_fresh,fresh_div2k_0826,test,0.1,0.1001129150390625,0.05,2028,ff8f920f3ffa8ee2cc63bc636c0c511c18fef0af4cfd52b4cf0f0528c3933b00,hqs,2,24.1290863295397,0.6918321639215885
fresh_div2k_0826,DIV2K_fresh,fresh_div2k_0826,test,0.1,0.1001129150390625,0.05,2028,ff8f920f3ffa8ee2cc63bc636c0c511c18fef0af4cfd52b4cf0f0528c3933b00,hqs,3,24.382303447320183,0.707157445242742
fresh_div2k_0826,DIV2K_fresh,fresh_div2k_0826,test,0.1,0.1001129150390625,0.05,2028,ff8f920f3ffa8ee2cc63bc636c0c511c18fef0af4cfd52b4cf0f0528c3933b00,hqs,4,24.47859330040435,0.717615438605344
fresh_div2k_0826,DIV2K_fresh,fresh_div2k_0826,test,0.1,0.1001129150390625,0.05,2028,ff8f920f3ffa8ee2cc63bc636c0c511c18fef0af4cfd52b4cf0f0528c3933b00,hqs,5,24.467658249855518,0.7147140665941843
fresh_div2k_0826,DIV2K_fresh,fresh_div2k_0826,test,0.1,0.1001129150390625,0.05,2028,ff8f920f3ffa8ee2cc63bc636c0c511c18fef0af4cfd52b4cf0f0528c3933b00,hqs,6,24.258658199029938,0.697429457663592
fresh_div2k_0826,DIV2K_fresh,fresh_div2k_0826,test,0.1,0.1001129150390625,0.05,2028,ff8f920f3ffa8ee2cc63bc636c0c511c18fef0af4cfd52b4cf0f0528c3933b00,admm,1,23.060342480321815,0.6041083108130898
fresh_div2k_0826,DIV2K_fresh,fresh_div2k_0826,test,0.1,0.1001129150390625,0.05,2028,ff8f920f3ffa8ee2cc63bc636c0c511c18fef0af4cfd52b4cf0f0528c3933b00,admm,2,24.1716967352008,0.68582536052729
fresh_div2k_0826,DIV2K_fresh,fresh_div2k_0826,test,0.1,0.1001129150390625,0.05,2028,ff8f920f3ffa8ee2cc63bc636c0c511c18fef0af4cfd52b4cf0f0528c3933b00,admm,3,24.134995311579182,0.6757852178966464
fresh_div2k_0826,DIV2K_fresh,fresh_div2k_0826,test,0.1,0.1001129150390625,0.05,2028,ff8f920f3ffa8ee2cc63bc636c0c511c18fef0af4cfd52b4cf0f0528c3933b00,admm,4,24.169799521901083,0.6847969190119104
fresh_div2k_0826,DIV2K_fresh,fresh_div2k_0826,test,0.1,0.1001129150390625,0.05,2028,ff8f920f3ffa8ee2cc63bc636c0c511c18fef0af4cfd52b4cf0f0528c3933b00,admm,5,24.124377225527255,0.6779923528819829
fresh_div2k_0826,DIV2K_fresh,fresh_div2k_0826,test,0.1,0.1001129150390625,0.05,2028,ff8f920f3ffa8ee2cc63bc636c0c511c18fef0af4cfd52b4cf0f0528c3933b00,admm,6,24.38748367619872,0.7081248499379856
fresh_div2k_0830,DIV2K_fresh,fresh_div2k_0830,test,0.01,0.01031494140625,0.0,2026,2fa9dca65ca94b583a4d6121aacd25af768452aced895680159150f988881e28,hqs,1,20.535402858236367,0.41177645127544216
fresh_div2k_0830,DIV2K_fresh,fresh_div2k_0830,test,0.01,0.01031494140625,0.0,2026,2fa9dca65ca94b583a4d6121aacd25af768452aced895680159150f988881e28,hqs,2,20.67288338745712,0.44128129853146575
fresh_div2k_0830,DIV2K_fresh,fresh_div2k_0830,test,0.01,0.01031494140625,0.0,2026,2fa9dca65ca94b583a4d6121aacd25af768452aced895680159150f988881e28,hqs,3,20.7448271610469,0.4520783241865003
fresh_div2k_0830,DIV2K_fresh,fresh_div2k_0830,test,0.01,0.01031494140625,0.0,2026,2fa9dca65ca94b583a4d6121aacd25af768452aced895680159150f988881e28,hqs,4,20.767232118900033,0.45727816508350977
fresh_div2k_0830,DIV2K_fresh,fresh_div2k_0830,test,0.01,0.01031494140625,0.0,2026,2fa9dca65ca94b583a4d6121aacd25af768452aced895680159150f988881e28,hqs,5,20.76513182563027,0.4585870686150353
fresh_div2k_0830,DIV2K_fresh,fresh_div2k_0830,test,0.01,0.01031494140625,0.0,2026,2fa9dca65ca94b583a4d6121aacd25af768452aced895680159150f988881e28,hqs,6,20.739353536199566,0.4608040433612989
fresh_div2k_0830,DIV2K_fresh,fresh_div2k_0830,test,0.01,0.01031494140625,0.0,2026,2fa9dca65ca94b583a4d6121aacd25af768452aced895680159150f988881e28,admm,1,20.528038175359637,0.4102598901485478
fresh_div2k_0830,DIV2K_fresh,fresh_div2k_0830,test,0.01,0.01031494140625,0.0,2026,2fa9dca65ca94b583a4d6121aacd25af768452aced895680159150f988881e28,admm,2,20.7106197128427,0.4471492018839252
fresh_div2k_0830,DIV2K_fresh,fresh_div2k_0830,test,0.01,0.01031494140625,0.0,2026,2fa9dca65ca94b583a4d6121aacd25af768452aced895680159150f988881e28,admm,3,20.74140250564145,0.4561820832583444
fresh_div2k_0830,DIV2K_fresh,fresh_div2k_0830,test,0.01,0.01031494140625,0.0,2026,2fa9dca65ca94b583a4d6121aacd25af768452aced895680159150f988881e28,admm,4,20.74122651861883,0.4588719178832089
fresh_div2k_0830,DIV2K_fresh,fresh_div2k_0830,test,0.01,0.01031494140625,0.0,2026,2fa9dca65ca94b583a4d6121aacd25af768452aced895680159150f988881e28,admm,5,20.753193157675092,0.45921331969301116
fresh_div2k_0830,DIV2K_fresh,fresh_div2k_0830,test,0.01,0.01031494140625,0.0,2026,2fa9dca65ca94b583a4d6121aacd25af768452aced895680159150f988881e28,admm,6,20.765311423622745,0.4594385628828656
fresh_div2k_0830,DIV2K_fresh,fresh_div2k_0830,test,0.04,0.041259765625,0.0,2026,8d6df002c08cc311b14983010f67dc51378f3c1c5d9c39370fb5f5d738b5cf9f,hqs,1,22.147137733146227,0.5348410396600747
fresh_div2k_0830,DIV2K_fresh,fresh_div2k_0830,test,0.04,0.041259765625,0.0,2026,8d6df002c08cc311b14983010f67dc51378f3c1c5d9c39370fb5f5d738b5cf9f,hqs,2,22.57629774990582,0.5902247721229875
fresh_div2k_0830,DIV2K_fresh,fresh_div2k_0830,test,0.04,0.041259765625,0.0,2026,8d6df002c08cc311b14983010f67dc51378f3c1c5d9c39370fb5f5d738b5cf9f,hqs,3,22.808232025682898,0.6155798391145443
fresh_div2k_0830,DIV2K_fresh,fresh_div2k_0830,test,0.04,0.041259765625,0.0,2026,8d6df002c08cc311b14983010f67dc51378f3c1c5d9c39370fb5f5d738b5cf9f,hqs,4,22.92846783461876,0.6268070452932054
fresh_div2k_0830,DIV2K_fresh,fresh_div2k_0830,test,0.04,0.041259765625,0.0,2026,8d6df002c08cc311b14983010f67dc51378f3c1c5d9c39370fb5f5d738b5cf9f,hqs,5,22.995021905629937,0.6373359061581162
fresh_div2k_0830,DIV2K_fresh,fresh_div2k_0830,test,0.04,0.041259765625,0.0,2026,8d6df002c08cc311b14983010f67dc51378f3c1c5d9c39370fb5f5d738b5cf9f,hqs,6,23.024708617978654,0.6483303358880971
fresh_div2k_0830,DIV2K_fresh,fresh_div2k_0830,test,0.04,0.041259765625,0.0,2026,8d6df002c08cc311b14983010f67dc51378f3c1c5d9c39370fb5f5d738b5cf9f,admm,1,22.115643505090375,0.5284869188055297
fresh_div2k_0830,DIV2K_fresh,fresh_div2k_0830,test,0.04,0.041259765625,0.0,2026,8d6df002c08cc311b14983010f67dc51378f3c1c5d9c39370fb5f5d738b5cf9f,admm,2,22.617485020377536,0.5975693426665103
fresh_div2k_0830,DIV2K_fresh,fresh_div2k_0830,test,0.04,0.041259765625,0.0,2026,8d6df002c08cc311b14983010f67dc51378f3c1c5d9c39370fb5f5d738b5cf9f,admm,3,22.779034989823643,0.6233901822874027
fresh_div2k_0830,DIV2K_fresh,fresh_div2k_0830,test,0.04,0.041259765625,0.0,2026,8d6df002c08cc311b14983010f67dc51378f3c1c5d9c39370fb5f5d738b5cf9f,admm,4,22.81737849625646,0.6320687278054254
fresh_div2k_0830,DIV2K_fresh,fresh_div2k_0830,test,0.04,0.041259765625,0.0,2026,8d6df002c08cc311b14983010f67dc51378f3c1c5d9c39370fb5f5d738b5cf9f,admm,5,22.860243837324774,0.6384295723130525
fresh_div2k_0830,DIV2K_fresh,fresh_div2k_0830,test,0.04,0.041259765625,0.0,2026,8d6df002c08cc311b14983010f67dc51378f3c1c5d9c39370fb5f5d738b5cf9f,admm,6,22.919312999573553,0.6396253933219124
fresh_div2k_0830,DIV2K_fresh,fresh_div2k_0830,test,0.1,0.1001129150390625,0.0,2026,d10ec87763de32d606611e9a8eb8ed3036df815b12a5f26351726ec5a58c3cf0,hqs,1,23.814478171653924,0.65887082073674
fresh_div2k_0830,DIV2K_fresh,fresh_div2k_0830,test,0.1,0.1001129150390625,0.0,2026,d10ec87763de32d606611e9a8eb8ed3036df815b12a5f26351726ec5a58c3cf0,hqs,2,24.53817884262294,0.7208800818151124
fresh_div2k_0830,DIV2K_fresh,fresh_div2k_0830,test,0.1,0.1001129150390625,0.0,2026,d10ec87763de32d606611e9a8eb8ed3036df815b12a5f26351726ec5a58c3cf0,hqs,3,25.026417008580736,0.7568990749530197
fresh_div2k_0830,DIV2K_fresh,fresh_div2k_0830,test,0.1,0.1001129150390625,0.0,2026,d10ec87763de32d606611e9a8eb8ed3036df815b12a5f26351726ec5a58c3cf0,hqs,4,25.290924490003533,0.7728742944760919
fresh_div2k_0830,DIV2K_fresh,fresh_div2k_0830,test,0.1,0.1001129150390625,0.0,2026,d10ec87763de32d606611e9a8eb8ed3036df815b12a5f26351726ec5a58c3cf0,hqs,5,25.469376314543418,0.7829347039019838
fresh_div2k_0830,DIV2K_fresh,fresh_div2k_0830,test,0.1,0.1001129150390625,0.0,2026,d10ec87763de32d606611e9a8eb8ed3036df815b12a5f26351726ec5a58c3cf0,hqs,6,25.612580517469866,0.7938664588503861
fresh_div2k_0830,DIV2K_fresh,fresh_div2k_0830,test,0.1,0.1001129150390625,0.0,2026,d10ec87763de32d606611e9a8eb8ed3036df815b12a5f26351726ec5a58c3cf0,admm,1,23.782097592054868,0.652657523936702
fresh_div2k_0830,DIV2K_fresh,fresh_div2k_0830,test,0.1,0.1001129150390625,0.0,2026,d10ec87763de32d606611e9a8eb8ed3036df815b12a5f26351726ec5a58c3cf0,admm,2,24.659390991226182,0.7323492546279132
fresh_div2k_0830,DIV2K_fresh,fresh_div2k_0830,test,0.1,0.1001129150390625,0.0,2026,d10ec87763de32d606611e9a8eb8ed3036df815b12a5f26351726ec5a58c3cf0,admm,3,25.139193548871425,0.7672815533464848
fresh_div2k_0830,DIV2K_fresh,fresh_div2k_0830,test,0.1,0.1001129150390625,0.0,2026,d10ec87763de32d606611e9a8eb8ed3036df815b12a5f26351726ec5a58c3cf0,admm,4,25.363799333397562,0.7810455954757333
fresh_div2k_0830,DIV2K_fresh,fresh_div2k_0830,test,0.1,0.1001129150390625,0.0,2026,d10ec87763de32d606611e9a8eb8ed3036df815b12a5f26351726ec5a58c3cf0,admm,5,25.49876120036448,0.7865445943371058
fresh_div2k_0830,DIV2K_fresh,fresh_div2k_0830,test,0.1,0.1001129150390625,0.0,2026,d10ec87763de32d606611e9a8eb8ed3036df815b12a5f26351726ec5a58c3cf0,admm,6,25.589905372408175,0.7888086990245581
fresh_div2k_0830,DIV2K_fresh,fresh_div2k_0830,test,0.25,0.25,0.0,2026,e3020e934fa72132a4073ff8d0dea958d61678c699c0a644e0918afabb62f434,hqs,1,26.24024567071394,0.7964085424382389
fresh_div2k_0830,DIV2K_fresh,fresh_div2k_0830,test,0.25,0.25,0.0,2026,e3020e934fa72132a4073ff8d0dea958d61678c699c0a644e0918afabb62f434,hqs,2,27.228579735637744,0.8452839592130185
fresh_div2k_0830,DIV2K_fresh,fresh_div2k_0830,test,0.25,0.25,0.0,2026,e3020e934fa72132a4073ff8d0dea958d61678c699c0a644e0918afabb62f434,hqs,3,27.910261015388098,0.8740876916799545
fresh_div2k_0830,DIV2K_fresh,fresh_div2k_0830,test,0.25,0.25,0.0,2026,e3020e934fa72132a4073ff8d0dea958d61678c699c0a644e0918afabb62f434,hqs,4,28.279797167836747,0.8858162759227752
fresh_div2k_0830,DIV2K_fresh,fresh_div2k_0830,test,0.25,0.25,0.0,2026,e3020e934fa72132a4073ff8d0dea958d61678c699c0a644e0918afabb62f434,hqs,5,28.541608720648863,0.8932717462968827
fresh_div2k_0830,DIV2K_fresh,fresh_div2k_0830,test,0.25,0.25,0.0,2026,e3020e934fa72132a4073ff8d0dea958d61678c699c0a644e0918afabb62f434,hqs,6,28.754921191271823,0.9008328607149124
fresh_div2k_0830,DIV2K_fresh,fresh_div2k_0830,test,0.25,0.25,0.0,2026,e3020e934fa72132a4073ff8d0dea958d61678c699c0a644e0918afabb62f434,admm,1,26.19594214187186,0.7911181295268536
fresh_div2k_0830,DIV2K_fresh,fresh_div2k_0830,test,0.25,0.25,0.0,2026,e3020e934fa72132a4073ff8d0dea958d61678c699c0a644e0918afabb62f434,admm,2,27.355458728791675,0.8505944044237137
fresh_div2k_0830,DIV2K_fresh,fresh_div2k_0830,test,0.25,0.25,0.0,2026,e3020e934fa72132a4073ff8d0dea958d61678c699c0a644e0918afabb62f434,admm,3,27.990395876033077,0.8765622787146569
fresh_div2k_0830,DIV2K_fresh,fresh_div2k_0830,test,0.25,0.25,0.0,2026,e3020e934fa72132a4073ff8d0dea958d61678c699c0a644e0918afabb62f434,admm,4,28.30082806911221,0.8870283758189679
fresh_div2k_0830,DIV2K_fresh,fresh_div2k_0830,test,0.25,0.25,0.0,2026,e3020e934fa72132a4073ff8d0dea958d61678c699c0a644e0918afabb62f434,admm,5,28.549956210055548,0.8936986243600845
fresh_div2k_0830,DIV2K_fresh,fresh_div2k_0830,test,0.25,0.25,0.0,2026,e3020e934fa72132a4073ff8d0dea958d61678c699c0a644e0918afabb62f434,admm,6,28.79378798460934,0.8993793289074897
fresh_div2k_0830,DIV2K_fresh,fresh_div2k_0830,test,0.5,0.4998931884765625,0.0,2026,fc1722a9e17cb412f5ffebfcae8d28771b6f465a7eee1296350ba87492473e2f,hqs,1,29.609194381905837,0.8929620946850777
fresh_div2k_0830,DIV2K_fresh,fresh_div2k_0830,test,0.5,0.4998931884765625,0.0,2026,fc1722a9e17cb412f5ffebfcae8d28771b6f465a7eee1296350ba87492473e2f,hqs,2,31.199846584115534,0.9280811668195724
fresh_div2k_0830,DIV2K_fresh,fresh_div2k_0830,test,0.5,0.4998931884765625,0.0,2026,fc1722a9e17cb412f5ffebfcae8d28771b6f465a7eee1296350ba87492473e2f,hqs,3,32.49175302256021,0.9499720018453598
fresh_div2k_0830,DIV2K_fresh,fresh_div2k_0830,test,0.5,0.4998931884765625,0.0,2026,fc1722a9e17cb412f5ffebfcae8d28771b6f465a7eee1296350ba87492473e2f,hqs,4,33.390373617192054,0.9592795329332352
fresh_div2k_0830,DIV2K_fresh,fresh_div2k_0830,test,0.5,0.4998931884765625,0.0,2026,fc1722a9e17cb412f5ffebfcae8d28771b6f465a7eee1296350ba87492473e2f,hqs,5,34.02123089324968,0.9646423928728104
fresh_div2k_0830,DIV2K_fresh,fresh_div2k_0830,test,0.5,0.4998931884765625,0.0,2026,fc1722a9e17cb412f5ffebfcae8d28771b6f465a7eee1296350ba87492473e2f,hqs,6,34.52702161263574,0.9695045445489884
fresh_div2k_0830,DIV2K_fresh,fresh_div2k_0830,test,0.5,0.4998931884765625,0.0,2026,fc1722a9e17cb412f5ffebfcae8d28771b6f465a7eee1296350ba87492473e2f,admm,1,29.563335203865513,0.8887669427289963
fresh_div2k_0830,DIV2K_fresh,fresh_div2k_0830,test,0.5,0.4998931884765625,0.0,2026,fc1722a9e17cb412f5ffebfcae8d28771b6f465a7eee1296350ba87492473e2f,admm,2,31.536186287005584,0.9331698129911423
fresh_div2k_0830,DIV2K_fresh,fresh_div2k_0830,test,0.5,0.4998931884765625,0.0,2026,fc1722a9e17cb412f5ffebfcae8d28771b6f465a7eee1296350ba87492473e2f,admm,3,32.90618491473346,0.952894747806549
fresh_div2k_0830,DIV2K_fresh,fresh_div2k_0830,test,0.5,0.4998931884765625,0.0,2026,fc1722a9e17cb412f5ffebfcae8d28771b6f465a7eee1296350ba87492473e2f,admm,4,33.62355011171033,0.9592810463476181
fresh_div2k_0830,DIV2K_fresh,fresh_div2k_0830,test,0.5,0.4998931884765625,0.0,2026,fc1722a9e17cb412f5ffebfcae8d28771b6f465a7eee1296350ba87492473e2f,admm,5,34.13794647038933,0.9640425175571442
fresh_div2k_0830,DIV2K_fresh,fresh_div2k_0830,test,0.5,0.4998931884765625,0.0,2026,fc1722a9e17cb412f5ffebfcae8d28771b6f465a7eee1296350ba87492473e2f,admm,6,34.645696871547024,0.969618563199997
fresh_div2k_0830,DIV2K_fresh,fresh_div2k_0830,test,0.1,0.1001129150390625,0.01,2026,c99646166a24f19ef9c80d78ee0a70dfb27b1601a8d84c6f36fcb024a44a556f,hqs,1,23.79893458485362,0.6573503915367013
fresh_div2k_0830,DIV2K_fresh,fresh_div2k_0830,test,0.1,0.1001129150390625,0.01,2026,c99646166a24f19ef9c80d78ee0a70dfb27b1601a8d84c6f36fcb024a44a556f,hqs,2,24.50506033134541,0.7190181812009402
fresh_div2k_0830,DIV2K_fresh,fresh_div2k_0830,test,0.1,0.1001129150390625,0.01,2026,c99646166a24f19ef9c80d78ee0a70dfb27b1601a8d84c6f36fcb024a44a556f,hqs,3,24.970379873121402,0.7542832585220635
fresh_div2k_0830,DIV2K_fresh,fresh_div2k_0830,test,0.1,0.1001129150390625,0.01,2026,c99646166a24f19ef9c80d78ee0a70dfb27b1601a8d84c6f36fcb024a44a556f,hqs,4,25.20666275284703,0.7687872096952796
fresh_div2k_0830,DIV2K_fresh,fresh_div2k_0830,test,0.1,0.1001129150390625,0.01,2026,c99646166a24f19ef9c80d78ee0a70dfb27b1601a8d84c6f36fcb024a44a556f,hqs,5,25.356948897241818,0.7769420317446738
fresh_div2k_0830,DIV2K_fresh,fresh_div2k_0830,test,0.1,0.1001129150390625,0.01,2026,c99646166a24f19ef9c80d78ee0a70dfb27b1601a8d84c6f36fcb024a44a556f,hqs,6,25.472169299089977,0.7844667014154791
fresh_div2k_0830,DIV2K_fresh,fresh_div2k_0830,test,0.1,0.1001129150390625,0.01,2026,c99646166a24f19ef9c80d78ee0a70dfb27b1601a8d84c6f36fcb024a44a556f,admm,1,23.767660024286982,0.6511755664779832
fresh_div2k_0830,DIV2K_fresh,fresh_div2k_0830,test,0.1,0.1001129150390625,0.01,2026,c99646166a24f19ef9c80d78ee0a70dfb27b1601a8d84c6f36fcb024a44a556f,admm,2,24.622337506220475,0.7295893389694392
fresh_div2k_0830,DIV2K_fresh,fresh_div2k_0830,test,0.1,0.1001129150390625,0.01,2026,c99646166a24f19ef9c80d78ee0a70dfb27b1601a8d84c6f36fcb024a44a556f,admm,3,25.06608068839781,0.7629158797899485
fresh_div2k_0830,DIV2K_fresh,fresh_div2k_0830,test,0.1,0.1001129150390625,0.01,2026,c99646166a24f19ef9c80d78ee0a70dfb27b1601a8d84c6f36fcb024a44a556f,admm,4,25.26066047431241,0.7747457778235673
fresh_div2k_0830,DIV2K_fresh,fresh_div2k_0830,test,0.1,0.1001129150390625,0.01,2026,c99646166a24f19ef9c80d78ee0a70dfb27b1601a8d84c6f36fcb024a44a556f,admm,5,25.37286897657008,0.7775706636295319
fresh_div2k_0830,DIV2K_fresh,fresh_div2k_0830,test,0.1,0.1001129150390625,0.01,2026,c99646166a24f19ef9c80d78ee0a70dfb27b1601a8d84c6f36fcb024a44a556f,admm,6,25.4759727236991,0.7819203873682022
fresh_div2k_0830,DIV2K_fresh,fresh_div2k_0830,test,0.1,0.1001129150390625,0.01,2027,951fd189a9449b56f002dc974b6ef648539b6cdbce71dec52efe20dd4da9b3a2,hqs,1,23.797902944669502,0.6568938557539699
fresh_div2k_0830,DIV2K_fresh,fresh_div2k_0830,test,0.1,0.1001129150390625,0.01,2027,951fd189a9449b56f002dc974b6ef648539b6cdbce71dec52efe20dd4da9b3a2,hqs,2,24.50615157254246,0.7184540969701945
fresh_div2k_0830,DIV2K_fresh,fresh_div2k_0830,test,0.1,0.1001129150390625,0.01,2027,951fd189a9449b56f002dc974b6ef648539b6cdbce71dec52efe20dd4da9b3a2,hqs,3,24.980072839108097,0.754625237563312
fresh_div2k_0830,DIV2K_fresh,fresh_div2k_0830,test,0.1,0.1001129150390625,0.01,2027,951fd189a9449b56f002dc974b6ef648539b6cdbce71dec52efe20dd4da9b3a2,hqs,4,25.22620814376331,0.7694851674146652
fresh_div2k_0830,DIV2K_fresh,fresh_div2k_0830,test,0.1,0.1001129150390625,0.01,2027,951fd189a9449b56f002dc974b6ef648539b6cdbce71dec52efe20dd4da9b3a2,hqs,5,25.386061546078075,0.7784158835992515
fresh_div2k_0830,DIV2K_fresh,fresh_div2k_0830,test,0.1,0.1001129150390625,0.01,2027,951fd189a9449b56f002dc974b6ef648539b6cdbce71dec52efe20dd4da9b3a2,hqs,6,25.49850782115572,0.7863385562804341
fresh_div2k_0830,DIV2K_fresh,fresh_div2k_0830,test,0.1,0.1001129150390625,0.01,2027,951fd189a9449b56f002dc974b6ef648539b6cdbce71dec52efe20dd4da9b3a2,admm,1,23.765809005829528,0.650671365962357
fresh_div2k_0830,DIV2K_fresh,fresh_div2k_0830,test,0.1,0.1001129150390625,0.01,2027,951fd189a9449b56f002dc974b6ef648539b6cdbce71dec52efe20dd4da9b3a2,admm,2,24.623609243640384,0.7291111534719197
fresh_div2k_0830,DIV2K_fresh,fresh_div2k_0830,test,0.1,0.1001129150390625,0.01,2027,951fd189a9449b56f002dc974b6ef648539b6cdbce71dec52efe20dd4da9b3a2,admm,3,25.078658428005763,0.7633095860732942
fresh_div2k_0830,DIV2K_fresh,fresh_div2k_0830,test,0.1,0.1001129150390625,0.01,2027,951fd189a9449b56f002dc974b6ef648539b6cdbce71dec52efe20dd4da9b3a2,admm,4,25.278092600433087,0.7754256105393469
fresh_div2k_0830,DIV2K_fresh,fresh_div2k_0830,test,0.1,0.1001129150390625,0.01,2027,951fd189a9449b56f002dc974b6ef648539b6cdbce71dec52efe20dd4da9b3a2,admm,5,25.388106200638067,0.7783615279127956
fresh_div2k_0830,DIV2K_fresh,fresh_div2k_0830,test,0.1,0.1001129150390625,0.01,2027,951fd189a9449b56f002dc974b6ef648539b6cdbce71dec52efe20dd4da9b3a2,admm,6,25.482270480080818,0.7828637067130804
fresh_div2k_0830,DIV2K_fresh,fresh_div2k_0830,test,0.1,0.1001129150390625,0.01,2028,6a414aabbc7b2547c04d1613c141cd01ce6ca266aef2660049e952f47dc626d1,hqs,1,23.799369999729926,0.6569952096031793
fresh_div2k_0830,DIV2K_fresh,fresh_div2k_0830,test,0.1,0.1001129150390625,0.01,2028,6a414aabbc7b2547c04d1613c141cd01ce6ca266aef2660049e952f47dc626d1,hqs,2,24.513313939543618,0.7188967204254567
fresh_div2k_0830,DIV2K_fresh,fresh_div2k_0830,test,0.1,0.1001129150390625,0.01,2028,6a414aabbc7b2547c04d1613c141cd01ce6ca266aef2660049e952f47dc626d1,hqs,3,24.996008431094488,0.7553075471209287
fresh_div2k_0830,DIV2K_fresh,fresh_div2k_0830,test,0.1,0.1001129150390625,0.01,2028,6a414aabbc7b2547c04d1613c141cd01ce6ca266aef2660049e952f47dc626d1,hqs,4,25.249159247855637,0.770722307807982
fresh_div2k_0830,DIV2K_fresh,fresh_div2k_0830,test,0.1,0.1001129150390625,0.01,2028,6a414aabbc7b2547c04d1613c141cd01ce6ca266aef2660049e952f47dc626d1,hqs,5,25.415305047371994,0.7800747236004546
fresh_div2k_0830,DIV2K_fresh,fresh_div2k_0830,test,0.1,0.1001129150390625,0.01,2028,6a414aabbc7b2547c04d1613c141cd01ce6ca266aef2660049e952f47dc626d1,hqs,6,25.534260755346597,0.7894397327753901
fresh_div2k_0830,DIV2K_fresh,fresh_div2k_0830,test,0.1,0.1001129150390625,0.01,2028,6a414aabbc7b2547c04d1613c141cd01ce6ca266aef2660049e952f47dc626d1,admm,1,23.76719157806519,0.650838469200205
fresh_div2k_0830,DIV2K_fresh,fresh_div2k_0830,test,0.1,0.1001129150390625,0.01,2028,6a414aabbc7b2547c04d1613c141cd01ce6ca266aef2660049e952f47dc626d1,admm,2,24.629496251083847,0.7295014349254388
fresh_div2k_0830,DIV2K_fresh,fresh_div2k_0830,test,0.1,0.1001129150390625,0.01,2028,6a414aabbc7b2547c04d1613c141cd01ce6ca266aef2660049e952f47dc626d1,admm,3,25.088241737592583,0.7637909880927652
fresh_div2k_0830,DIV2K_fresh,fresh_div2k_0830,test,0.1,0.1001129150390625,0.01,2028,6a414aabbc7b2547c04d1613c141cd01ce6ca266aef2660049e952f47dc626d1,admm,4,25.28442017500508,0.7762316167399586
fresh_div2k_0830,DIV2K_fresh,fresh_div2k_0830,test,0.1,0.1001129150390625,0.01,2028,6a414aabbc7b2547c04d1613c141cd01ce6ca266aef2660049e952f47dc626d1,admm,5,25.392056296004505,0.7793530212849975
fresh_div2k_0830,DIV2K_fresh,fresh_div2k_0830,test,0.1,0.1001129150390625,0.01,2028,6a414aabbc7b2547c04d1613c141cd01ce6ca266aef2660049e952f47dc626d1,admm,6,25.49831115560428,0.7842449757215977
fresh_div2k_0830,DIV2K_fresh,fresh_div2k_0830,test,0.1,0.1001129150390625,0.05,2026,f5873dc64868326088cfa1d97d09e7e6575527287c0c05ffefd6b1576fc61ad6,hqs,1,23.373562035398564,0.6122651664069706
fresh_div2k_0830,DIV2K_fresh,fresh_div2k_0830,test,0.1,0.1001129150390625,0.05,2026,f5873dc64868326088cfa1d97d09e7e6575527287c0c05ffefd6b1576fc61ad6,hqs,2,23.851408366859236,0.6606650373882279
fresh_div2k_0830,DIV2K_fresh,fresh_div2k_0830,test,0.1,0.1001129150390625,0.05,2026,f5873dc64868326088cfa1d97d09e7e6575527287c0c05ffefd6b1576fc61ad6,hqs,3,23.994244701336555,0.6643926038274318
fresh_div2k_0830,DIV2K_fresh,fresh_div2k_0830,test,0.1,0.1001129150390625,0.05,2026,f5873dc64868326088cfa1d97d09e7e6575527287c0c05ffefd6b1576fc61ad6,hqs,4,24.075525155412556,0.6762200869016797
fresh_div2k_0830,DIV2K_fresh,fresh_div2k_0830,test,0.1,0.1001129150390625,0.05,2026,f5873dc64868326088cfa1d97d09e7e6575527287c0c05ffefd6b1576fc61ad6,hqs,5,24.097704554766302,0.6817774350039214
fresh_div2k_0830,DIV2K_fresh,fresh_div2k_0830,test,0.1,0.1001129150390625,0.05,2026,f5873dc64868326088cfa1d97d09e7e6575527287c0c05ffefd6b1576fc61ad6,hqs,6,23.906079578579597,0.6604354533854984
fresh_div2k_0830,DIV2K_fresh,fresh_div2k_0830,test,0.1,0.1001129150390625,0.05,2026,f5873dc64868326088cfa1d97d09e7e6575527287c0c05ffefd6b1576fc61ad6,admm,1,23.362663568991845,0.608361945098762
fresh_div2k_0830,DIV2K_fresh,fresh_div2k_0830,test,0.1,0.1001129150390625,0.05,2026,f5873dc64868326088cfa1d97d09e7e6575527287c0c05ffefd6b1576fc61ad6,admm,2,23.844461204592484,0.6534031348304562
fresh_div2k_0830,DIV2K_fresh,fresh_div2k_0830,test,0.1,0.1001129150390625,0.05,2026,f5873dc64868326088cfa1d97d09e7e6575527287c0c05ffefd6b1576fc61ad6,admm,3,23.77916033991029,0.6433654971441638
fresh_div2k_0830,DIV2K_fresh,fresh_div2k_0830,test,0.1,0.1001129150390625,0.05,2026,f5873dc64868326088cfa1d97d09e7e6575527287c0c05ffefd6b1576fc61ad6,admm,4,23.8001634156357,0.6513297349925177
fresh_div2k_0830,DIV2K_fresh,fresh_div2k_0830,test,0.1,0.1001129150390625,0.05,2026,f5873dc64868326088cfa1d97d09e7e6575527287c0c05ffefd6b1576fc61ad6,admm,5,23.780044638751,0.6427221303753949
fresh_div2k_0830,DIV2K_fresh,fresh_div2k_0830,test,0.1,0.1001129150390625,0.05,2026,f5873dc64868326088cfa1d97d09e7e6575527287c0c05ffefd6b1576fc61ad6,admm,6,24.027621494444876,0.670897024079388
fresh_div2k_0830,DIV2K_fresh,fresh_div2k_0830,test,0.1,0.1001129150390625,0.05,2027,1f1b7adb23b9bb153635db14186b9ae9b60b923ee82edc717906066bfa3c4bd1,hqs,1,23.37145270747197,0.6114592637180244
fresh_div2k_0830,DIV2K_fresh,fresh_div2k_0830,test,0.1,0.1001129150390625,0.05,2027,1f1b7adb23b9bb153635db14186b9ae9b60b923ee82edc717906066bfa3c4bd1,hqs,2,23.868557586019943,0.6596561345210475
fresh_div2k_0830,DIV2K_fresh,fresh_div2k_0830,test,0.1,0.1001129150390625,0.05,2027,1f1b7adb23b9bb153635db14186b9ae9b60b923ee82edc717906066bfa3c4bd1,hqs,3,24.03362412903983,0.6648641285891175
fresh_div2k_0830,DIV2K_fresh,fresh_div2k_0830,test,0.1,0.1001129150390625,0.05,2027,1f1b7adb23b9bb153635db14186b9ae9b60b923ee82edc717906066bfa3c4bd1,hqs,4,24.13581911411477,0.6801647063499019
fresh_div2k_0830,DIV2K_fresh,fresh_div2k_0830,test,0.1,0.1001129150390625,0.05,2027,1f1b7adb23b9bb153635db14186b9ae9b60b923ee82edc717906066bfa3c4bd1,hqs,5,24.14743615906994,0.6857925579384397
fresh_div2k_0830,DIV2K_fresh,fresh_div2k_0830,test,0.1,0.1001129150390625,0.05,2027,1f1b7adb23b9bb153635db14186b9ae9b60b923ee82edc717906066bfa3c4bd1,hqs,6,23.921295523547784,0.6599136047133338
fresh_div2k_0830,DIV2K_fresh,fresh_div2k_0830,test,0.1,0.1001129150390625,0.05,2027,1f1b7adb23b9bb153635db14186b9ae9b60b923ee82edc717906066bfa3c4bd1,admm,1,23.363089577303747,0.608027127822308
fresh_div2k_0830,DIV2K_fresh,fresh_div2k_0830,test,0.1,0.1001129150390625,0.05,2027,1f1b7adb23b9bb153635db14186b9ae9b60b923ee82edc717906066bfa3c4bd1,admm,2,23.862592965101555,0.6543867662132196
fresh_div2k_0830,DIV2K_fresh,fresh_div2k_0830,test,0.1,0.1001129150390625,0.05,2027,1f1b7adb23b9bb153635db14186b9ae9b60b923ee82edc717906066bfa3c4bd1,admm,3,23.830530626721277,0.6446803916982832
fresh_div2k_0830,DIV2K_fresh,fresh_div2k_0830,test,0.1,0.1001129150390625,0.05,2027,1f1b7adb23b9bb153635db14186b9ae9b60b923ee82edc717906066bfa3c4bd1,admm,4,23.86338501954222,0.6532739689764772
fresh_div2k_0830,DIV2K_fresh,fresh_div2k_0830,test,0.1,0.1001129150390625,0.05,2027,1f1b7adb23b9bb153635db14186b9ae9b60b923ee82edc717906066bfa3c4bd1,admm,5,23.809077182046497,0.6405840224701121
fresh_div2k_0830,DIV2K_fresh,fresh_div2k_0830,test,0.1,0.1001129150390625,0.05,2027,1f1b7adb23b9bb153635db14186b9ae9b60b923ee82edc717906066bfa3c4bd1,admm,6,24.065868377457292,0.6734608607370378
fresh_div2k_0830,DIV2K_fresh,fresh_div2k_0830,test,0.1,0.1001129150390625,0.05,2028,8d8b201e4a4f5c2b74b8b518798b49e4ca09957f596bcf59d5aab487d003de35,hqs,1,23.37266841600463,0.6099545004412793
fresh_div2k_0830,DIV2K_fresh,fresh_div2k_0830,test,0.1,0.1001129150390625,0.05,2028,8d8b201e4a4f5c2b74b8b518798b49e4ca09957f596bcf59d5aab487d003de35,hqs,2,23.86598116454634,0.6584858135861847
fresh_div2k_0830,DIV2K_fresh,fresh_div2k_0830,test,0.1,0.1001129150390625,0.05,2028,8d8b201e4a4f5c2b74b8b518798b49e4ca09957f596bcf59d5aab487d003de35,hqs,3,24.041913556981868,0.665731385353418
fresh_div2k_0830,DIV2K_fresh,fresh_div2k_0830,test,0.1,0.1001129150390625,0.05,2028,8d8b201e4a4f5c2b74b8b518798b49e4ca09957f596bcf59d5aab487d003de35,hqs,4,24.163789391848177,0.6813532475584138
fresh_div2k_0830,DIV2K_fresh,fresh_div2k_0830,test,0.1,0.1001129150390625,0.05,2028,8d8b201e4a4f5c2b74b8b518798b49e4ca09957f596bcf59d5aab487d003de35,hqs,5,24.17666259865129,0.6866671129257195
fresh_div2k_0830,DIV2K_fresh,fresh_div2k_0830,test,0.1,0.1001129150390625,0.05,2028,8d8b201e4a4f5c2b74b8b518798b49e4ca09957f596bcf59d5aab487d003de35,hqs,6,23.948555115352637,0.6639415454752594
fresh_div2k_0830,DIV2K_fresh,fresh_div2k_0830,test,0.1,0.1001129150390625,0.05,2028,8d8b201e4a4f5c2b74b8b518798b49e4ca09957f596bcf59d5aab487d003de35,admm,1,23.362633290049985,0.6062112725154389
fresh_div2k_0830,DIV2K_fresh,fresh_div2k_0830,test,0.1,0.1001129150390625,0.05,2028,8d8b201e4a4f5c2b74b8b518798b49e4ca09957f596bcf59d5aab487d003de35,admm,2,23.864854312974156,0.6532693840319915
fresh_div2k_0830,DIV2K_fresh,fresh_div2k_0830,test,0.1,0.1001129150390625,0.05,2028,8d8b201e4a4f5c2b74b8b518798b49e4ca09957f596bcf59d5aab487d003de35,admm,3,23.828119336509186,0.6430932782368726
fresh_div2k_0830,DIV2K_fresh,fresh_div2k_0830,test,0.1,0.1001129150390625,0.05,2028,8d8b201e4a4f5c2b74b8b518798b49e4ca09957f596bcf59d5aab487d003de35,admm,4,23.88502940691187,0.6544261804112476
fresh_div2k_0830,DIV2K_fresh,fresh_div2k_0830,test,0.1,0.1001129150390625,0.05,2028,8d8b201e4a4f5c2b74b8b518798b49e4ca09957f596bcf59d5aab487d003de35,admm,5,23.84826601705636,0.6456178779816328
fresh_div2k_0830,DIV2K_fresh,fresh_div2k_0830,test,0.1,0.1001129150390625,0.05,2028,8d8b201e4a4f5c2b74b8b518798b49e4ca09957f596bcf59d5aab487d003de35,admm,6,24.128090300742905,0.6769347981378078
fresh_div2k_0832,DIV2K_fresh,fresh_div2k_0832,test,0.01,0.01031494140625,0.0,2026,2f83dfb440180ecad85cfbb8ce4ebe6e54e3b06697249db9da34b8599279f17d,hqs,1,18.2966827985951,0.370860059298398
fresh_div2k_0832,DIV2K_fresh,fresh_div2k_0832,test,0.01,0.01031494140625,0.0,2026,2f83dfb440180ecad85cfbb8ce4ebe6e54e3b06697249db9da34b8599279f17d,hqs,2,18.724844716019366,0.4292004852973758
fresh_div2k_0832,DIV2K_fresh,fresh_div2k_0832,test,0.01,0.01031494140625,0.0,2026,2f83dfb440180ecad85cfbb8ce4ebe6e54e3b06697249db9da34b8599279f17d,hqs,3,18.902425358275423,0.4545208722530974
fresh_div2k_0832,DIV2K_fresh,fresh_div2k_0832,test,0.01,0.01031494140625,0.0,2026,2f83dfb440180ecad85cfbb8ce4ebe6e54e3b06697249db9da34b8599279f17d,hqs,4,18.975706102905725,0.4644549227115762
fresh_div2k_0832,DIV2K_fresh,fresh_div2k_0832,test,0.01,0.01031494140625,0.0,2026,2f83dfb440180ecad85cfbb8ce4ebe6e54e3b06697249db9da34b8599279f17d,hqs,5,18.988316112113548,0.4679146402960133
fresh_div2k_0832,DIV2K_fresh,fresh_div2k_0832,test,0.01,0.01031494140625,0.0,2026,2f83dfb440180ecad85cfbb8ce4ebe6e54e3b06697249db9da34b8599279f17d,hqs,6,18.978347543146523,0.4684764559836882
fresh_div2k_0832,DIV2K_fresh,fresh_div2k_0832,test,0.01,0.01031494140625,0.0,2026,2f83dfb440180ecad85cfbb8ce4ebe6e54e3b06697249db9da34b8599279f17d,admm,1,18.25645441374097,0.36369739033326176
fresh_div2k_0832,DIV2K_fresh,fresh_div2k_0832,test,0.01,0.01031494140625,0.0,2026,2f83dfb440180ecad85cfbb8ce4ebe6e54e3b06697249db9da34b8599279f17d,admm,2,18.789911682023416,0.4387937461998994
fresh_div2k_0832,DIV2K_fresh,fresh_div2k_0832,test,0.01,0.01031494140625,0.0,2026,2f83dfb440180ecad85cfbb8ce4ebe6e54e3b06697249db9da34b8599279f17d,admm,3,18.96344999436234,0.4600592302924987
fresh_div2k_0832,DIV2K_fresh,fresh_div2k_0832,test,0.01,0.01031494140625,0.0,2026,2f83dfb440180ecad85cfbb8ce4ebe6e54e3b06697249db9da34b8599279f17d,admm,4,19.00439592636069,0.4666582032373401
fresh_div2k_0832,DIV2K_fresh,fresh_div2k_0832,test,0.01,0.01031494140625,0.0,2026,2f83dfb440180ecad85cfbb8ce4ebe6e54e3b06697249db9da34b8599279f17d,admm,5,19.015400457787656,0.46841768536912276
fresh_div2k_0832,DIV2K_fresh,fresh_div2k_0832,test,0.01,0.01031494140625,0.0,2026,2f83dfb440180ecad85cfbb8ce4ebe6e54e3b06697249db9da34b8599279f17d,admm,6,19.009604874903907,0.46968791065376436
fresh_div2k_0832,DIV2K_fresh,fresh_div2k_0832,test,0.04,0.041259765625,0.0,2026,542ad81ce806d25296c28aa94223176124d52b059614253f5e42c8cd71785264,hqs,1,20.637677148332916,0.5259360610433005
fresh_div2k_0832,DIV2K_fresh,fresh_div2k_0832,test,0.04,0.041259765625,0.0,2026,542ad81ce806d25296c28aa94223176124d52b059614253f5e42c8cd71785264,hqs,2,21.492336294054528,0.6151612814302401
fresh_div2k_0832,DIV2K_fresh,fresh_div2k_0832,test,0.04,0.041259765625,0.0,2026,542ad81ce806d25296c28aa94223176124d52b059614253f5e42c8cd71785264,hqs,3,21.975178848357075,0.6641230595125324
fresh_div2k_0832,DIV2K_fresh,fresh_div2k_0832,test,0.04,0.041259765625,0.0,2026,542ad81ce806d25296c28aa94223176124d52b059614253f5e42c8cd71785264,hqs,4,22.201340785937,0.6834460826209672
fresh_div2k_0832,DIV2K_fresh,fresh_div2k_0832,test,0.04,0.041259765625,0.0,2026,542ad81ce806d25296c28aa94223176124d52b059614253f5e42c8cd71785264,hqs,5,22.288871653050318,0.6906736965894573
fresh_div2k_0832,DIV2K_fresh,fresh_div2k_0832,test,0.04,0.041259765625,0.0,2026,542ad81ce806d25296c28aa94223176124d52b059614253f5e42c8cd71785264,hqs,6,22.321991873546114,0.6961024058714044
fresh_div2k_0832,DIV2K_fresh,fresh_div2k_0832,test,0.04,0.041259765625,0.0,2026,542ad81ce806d25296c28aa94223176124d52b059614253f5e42c8cd71785264,admm,1,20.55233788197022,0.5154280140028568
fresh_div2k_0832,DIV2K_fresh,fresh_div2k_0832,test,0.04,0.041259765625,0.0,2026,542ad81ce806d25296c28aa94223176124d52b059614253f5e42c8cd71785264,admm,2,21.62878934426041,0.6308644934033341
fresh_div2k_0832,DIV2K_fresh,fresh_div2k_0832,test,0.04,0.041259765625,0.0,2026,542ad81ce806d25296c28aa94223176124d52b059614253f5e42c8cd71785264,admm,3,22.079295723297243,0.6737770758019686
fresh_div2k_0832,DIV2K_fresh,fresh_div2k_0832,test,0.04,0.041259765625,0.0,2026,542ad81ce806d25296c28aa94223176124d52b059614253f5e42c8cd71785264,admm,4,22.247493845097132,0.6864716735417042
fresh_div2k_0832,DIV2K_fresh,fresh_div2k_0832,test,0.04,0.041259765625,0.0,2026,542ad81ce806d25296c28aa94223176124d52b059614253f5e42c8cd71785264,admm,5,22.316709721696686,0.6940821732824305
fresh_div2k_0832,DIV2K_fresh,fresh_div2k_0832,test,0.04,0.041259765625,0.0,2026,542ad81ce806d25296c28aa94223176124d52b059614253f5e42c8cd71785264,admm,6,22.323814023453572,0.6947245676829652
fresh_div2k_0832,DIV2K_fresh,fresh_div2k_0832,test,0.1,0.1001129150390625,0.0,2026,81a76ef3aa3489fd1741c37893798809cd1566ff6f1d71a69644c4215220b1bb,hqs,1,22.770352596730376,0.6554745779140592
fresh_div2k_0832,DIV2K_fresh,fresh_div2k_0832,test,0.1,0.1001129150390625,0.0,2026,81a76ef3aa3489fd1741c37893798809cd1566ff6f1d71a69644c4215220b1bb,hqs,2,24.192086419313764,0.7597629406761229
fresh_div2k_0832,DIV2K_fresh,fresh_div2k_0832,test,0.1,0.1001129150390625,0.0,2026,81a76ef3aa3489fd1741c37893798809cd1566ff6f1d71a69644c4215220b1bb,hqs,3,25.016534033063994,0.8143382377036213
fresh_div2k_0832,DIV2K_fresh,fresh_div2k_0832,test,0.1,0.1001129150390625,0.0,2026,81a76ef3aa3489fd1741c37893798809cd1566ff6f1d71a69644c4215220b1bb,hqs,4,25.39455500544429,0.83158331403929
fresh_div2k_0832,DIV2K_fresh,fresh_div2k_0832,test,0.1,0.1001129150390625,0.0,2026,81a76ef3aa3489fd1741c37893798809cd1566ff6f1d71a69644c4215220b1bb,hqs,5,25.582139498754124,0.8385197506994047
fresh_div2k_0832,DIV2K_fresh,fresh_div2k_0832,test,0.1,0.1001129150390625,0.0,2026,81a76ef3aa3489fd1741c37893798809cd1566ff6f1d71a69644c4215220b1bb,hqs,6,25.700468202518223,0.8450395981180072
fresh_div2k_0832,DIV2K_fresh,fresh_div2k_0832,test,0.1,0.1001129150390625,0.0,2026,81a76ef3aa3489fd1741c37893798809cd1566ff6f1d71a69644c4215220b1bb,admm,1,22.63625211363845,0.6445979006926827
fresh_div2k_0832,DIV2K_fresh,fresh_div2k_0832,test,0.1,0.1001129150390625,0.0,2026,81a76ef3aa3489fd1741c37893798809cd1566ff6f1d71a69644c4215220b1bb,admm,2,24.441995933197987,0.7778513634290025
fresh_div2k_0832,DIV2K_fresh,fresh_div2k_0832,test,0.1,0.1001129150390625,0.0,2026,81a76ef3aa3489fd1741c37893798809cd1566ff6f1d71a69644c4215220b1bb,admm,3,25.18817801447903,0.8236299475988149
fresh_div2k_0832,DIV2K_fresh,fresh_div2k_0832,test,0.1,0.1001129150390625,0.0,2026,81a76ef3aa3489fd1741c37893798809cd1566ff6f1d71a69644c4215220b1bb,admm,4,25.426317336138823,0.8314967595893442
fresh_div2k_0832,DIV2K_fresh,fresh_div2k_0832,test,0.1,0.1001129150390625,0.0,2026,81a76ef3aa3489fd1741c37893798809cd1566ff6f1d71a69644c4215220b1bb,admm,5,25.614742207973222,0.8400115391086489
fresh_div2k_0832,DIV2K_fresh,fresh_div2k_0832,test,0.1,0.1001129150390625,0.0,2026,81a76ef3aa3489fd1741c37893798809cd1566ff6f1d71a69644c4215220b1bb,admm,6,25.755022443144405,0.8439543096979857
fresh_div2k_0832,DIV2K_fresh,fresh_div2k_0832,test,0.25,0.25,0.0,2026,fd3e9ee97c26097194c5e7ffd5b5bf44ffbb794192cc1a104675cc0363253653,hqs,1,26.044868513014027,0.7959919459671975
fresh_div2k_0832,DIV2K_fresh,fresh_div2k_0832,test,0.25,0.25,0.0,2026,fd3e9ee97c26097194c5e7ffd5b5bf44ffbb794192cc1a104675cc0363253653,hqs,2,28.10195608648019,0.88199629443264
fresh_div2k_0832,DIV2K_fresh,fresh_div2k_0832,test,0.25,0.25,0.0,2026,fd3e9ee97c26097194c5e7ffd5b5bf44ffbb794192cc1a104675cc0363253653,hqs,3,29.3286342456369,0.9213188563375473
fresh_div2k_0832,DIV2K_fresh,fresh_div2k_0832,test,0.25,0.25,0.0,2026,fd3e9ee97c26097194c5e7ffd5b5bf44ffbb794192cc1a104675cc0363253653,hqs,4,29.93370524744104,0.9323824890007972
fresh_div2k_0832,DIV2K_fresh,fresh_div2k_0832,test,0.25,0.25,0.0,2026,fd3e9ee97c26097194c5e7ffd5b5bf44ffbb794192cc1a104675cc0363253653,hqs,5,30.258452556274243,0.9369460187087059
fresh_div2k_0832,DIV2K_fresh,fresh_div2k_0832,test,0.25,0.25,0.0,2026,fd3e9ee97c26097194c5e7ffd5b5bf44ffbb794192cc1a104675cc0363253653,hqs,6,30.50145522255835,0.9410469843053818
fresh_div2k_0832,DIV2K_fresh,fresh_div2k_0832,test,0.25,0.25,0.0,2026,fd3e9ee97c26097194c5e7ffd5b5bf44ffbb794192cc1a104675cc0363253653,admm,1,25.880539720961757,0.7873392861654759
fresh_div2k_0832,DIV2K_fresh,fresh_div2k_0832,test,0.25,0.25,0.0,2026,fd3e9ee97c26097194c5e7ffd5b5bf44ffbb794192cc1a104675cc0363253653,admm,2,28.51687527386416,0.8985476126208305
fresh_div2k_0832,DIV2K_fresh,fresh_div2k_0832,test,0.25,0.25,0.0,2026,fd3e9ee97c26097194c5e7ffd5b5bf44ffbb794192cc1a104675cc0363253653,admm,3,29.548262643503307,0.9250941519889831
fresh_div2k_0832,DIV2K_fresh,fresh_div2k_0832,test,0.25,0.25,0.0,2026,fd3e9ee97c26097194c5e7ffd5b5bf44ffbb794192cc1a104675cc0363253653,admm,4,29.890270213862284,0.9285197230138779
fresh_div2k_0832,DIV2K_fresh,fresh_div2k_0832,test,0.25,0.25,0.0,2026,fd3e9ee97c26097194c5e7ffd5b5bf44ffbb794192cc1a104675cc0363253653,admm,5,30.27337368923705,0.9360917800765037
fresh_div2k_0832,DIV2K_fresh,fresh_div2k_0832,test,0.25,0.25,0.0,2026,fd3e9ee97c26097194c5e7ffd5b5bf44ffbb794192cc1a104675cc0363253653,admm,6,30.556321706229866,0.9415731205425263
fresh_div2k_0832,DIV2K_fresh,fresh_div2k_0832,test,0.5,0.4998931884765625,0.0,2026,a30388a5c4704ebc835f5b886e53014adf4e8a02fca6cfebe585a388cd6afa5e,hqs,1,29.770882738037393,0.8956487813272476
fresh_div2k_0832,DIV2K_fresh,fresh_div2k_0832,test,0.5,0.4998931884765625,0.0,2026,a30388a5c4704ebc835f5b886e53014adf4e8a02fca6cfebe585a388cd6afa5e,hqs,2,32.68622794047079,0.9496876754875183
fresh_div2k_0832,DIV2K_fresh,fresh_div2k_0832,test,0.5,0.4998931884765625,0.0,2026,a30388a5c4704ebc835f5b886e53014adf4e8a02fca6cfebe585a388cd6afa5e,hqs,3,34.66001473340291,0.9710040441446305
fresh_div2k_0832,DIV2K_fresh,fresh_div2k_0832,test,0.5,0.4998931884765625,0.0,2026,a30388a5c4704ebc835f5b886e53014adf4e8a02fca6cfebe585a388cd6afa5e,hqs,4,35.80121380957115,0.977166587474823
fresh_div2k_0832,DIV2K_fresh,fresh_div2k_0832,test,0.5,0.4998931884765625,0.0,2026,a30388a5c4704ebc835f5b886e53014adf4e8a02fca6cfebe585a388cd6afa5e,hqs,5,36.46214877926893,0.9800293120126724
fresh_div2k_0832,DIV2K_fresh,fresh_div2k_0832,test,0.5,0.4998931884765625,0.0,2026,a30388a5c4704ebc835f5b886e53014adf4e8a02fca6cfebe585a388cd6afa5e,hqs,6,36.92665063657179,0.9822096123628616
fresh_div2k_0832,DIV2K_fresh,fresh_div2k_0832,test,0.5,0.4998931884765625,0.0,2026,a30388a5c4704ebc835f5b886e53014adf4e8a02fca6cfebe585a388cd6afa5e,admm,1,29.553636124501907,0.8887702802639007
fresh_div2k_0832,DIV2K_fresh,fresh_div2k_0832,test,0.5,0.4998931884765625,0.0,2026,a30388a5c4704ebc835f5b886e53014adf4e8a02fca6cfebe585a388cd6afa5e,admm,2,33.26407820059909,0.9587010097084046
fresh_div2k_0832,DIV2K_fresh,fresh_div2k_0832,test,0.5,0.4998931884765625,0.0,2026,a30388a5c4704ebc835f5b886e53014adf4e8a02fca6cfebe585a388cd6afa5e,admm,3,35.01473732310708,0.9713787070703507
fresh_div2k_0832,DIV2K_fresh,fresh_div2k_0832,test,0.5,0.4998931884765625,0.0,2026,a30388a5c4704ebc835f5b886e53014adf4e8a02fca6cfebe585a388cd6afa5e,admm,4,35.654572721623026,0.9736564174451828
fresh_div2k_0832,DIV2K_fresh,fresh_div2k_0832,test,0.5,0.4998931884765625,0.0,2026,a30388a5c4704ebc835f5b886e53014adf4e8a02fca6cfebe585a388cd6afa5e,admm,5,36.41678509098462,0.978673737159729
fresh_div2k_0832,DIV2K_fresh,fresh_div2k_0832,test,0.5,0.4998931884765625,0.0,2026,a30388a5c4704ebc835f5b886e53014adf4e8a02fca6cfebe585a388cd6afa5e,admm,6,36.96536459743126,0.9821678044586182
fresh_div2k_0832,DIV2K_fresh,fresh_div2k_0832,test,0.1,0.1001129150390625,0.01,2026,f4f489e775230faa8b29120115ad2b2d1a740220223ffe812e848e8c9b7cabc2,hqs,1,22.757066649389813,0.6543228802731671
fresh_div2k_0832,DIV2K_fresh,fresh_div2k_0832,test,0.1,0.1001129150390625,0.01,2026,f4f489e775230faa8b29120115ad2b2d1a740220223ffe812e848e8c9b7cabc2,hqs,2,24.171641567535595,0.7580250977367758
fresh_div2k_0832,DIV2K_fresh,fresh_div2k_0832,test,0.1,0.1001129150390625,0.01,2026,f4f489e775230faa8b29120115ad2b2d1a740220223ffe812e848e8c9b7cabc2,hqs,3,24.977499283516067,0.8123870481293202
fresh_div2k_0832,DIV2K_fresh,fresh_div2k_0832,test,0.1,0.1001129150390625,0.01,2026,f4f489e775230faa8b29120115ad2b2d1a740220223ffe812e848e8c9b7cabc2,hqs,4,25.33394953089319,0.829387626184851
fresh_div2k_0832,DIV2K_fresh,fresh_div2k_0832,test,0.1,0.1001129150390625,0.01,2026,f4f489e775230faa8b29120115ad2b2d1a740220223ffe812e848e8c9b7cabc2,hqs,5,25.50236146262825,0.8358175390732885
fresh_div2k_0832,DIV2K_fresh,fresh_div2k_0832,test,0.1,0.1001129150390625,0.01,2026,f4f489e775230faa8b29120115ad2b2d1a740220223ffe812e848e8c9b7cabc2,hqs,6,25.592273939271543,0.841127952560097
fresh_div2k_0832,DIV2K_fresh,fresh_div2k_0832,test,0.1,0.1001129150390625,0.01,2026,f4f489e775230faa8b29120115ad2b2d1a740220223ffe812e848e8c9b7cabc2,admm,1,22.623074249016547,0.6435006659662814
fresh_div2k_0832,DIV2K_fresh,fresh_div2k_0832,test,0.1,0.1001129150390625,0.01,2026,f4f489e775230faa8b29120115ad2b2d1a740220223ffe812e848e8c9b7cabc2,admm,2,24.416171039950466,0.7756384745893776
fresh_div2k_0832,DIV2K_fresh,fresh_div2k_0832,test,0.1,0.1001129150390625,0.01,2026,f4f489e775230faa8b29120115ad2b2d1a740220223ffe812e848e8c9b7cabc2,admm,3,25.13894976858577,0.8210786254378557
fresh_div2k_0832,DIV2K_fresh,fresh_div2k_0832,test,0.1,0.1001129150390625,0.01,2026,f4f489e775230faa8b29120115ad2b2d1a740220223ffe812e848e8c9b7cabc2,admm,4,25.350350683041036,0.8284328525269031
fresh_div2k_0832,DIV2K_fresh,fresh_div2k_0832,test,0.1,0.1001129150390625,0.01,2026,f4f489e775230faa8b29120115ad2b2d1a740220223ffe812e848e8c9b7cabc2,admm,5,25.51328503643488,0.8361752949073911
fresh_div2k_0832,DIV2K_fresh,fresh_div2k_0832,test,0.1,0.1001129150390625,0.01,2026,f4f489e775230faa8b29120115ad2b2d1a740220223ffe812e848e8c9b7cabc2,admm,6,25.64365447854264,0.8405105367190838
fresh_div2k_0832,DIV2K_fresh,fresh_div2k_0832,test,0.1,0.1001129150390625,0.01,2027,8d39facc1b6aa90f6053800b2b058db404a8045e8b9f6e29b5a985938e224295,hqs,1,22.7570458272932,0.6545880137867862
fresh_div2k_0832,DIV2K_fresh,fresh_div2k_0832,test,0.1,0.1001129150390625,0.01,2027,8d39facc1b6aa90f6053800b2b058db404a8045e8b9f6e29b5a985938e224295,hqs,2,24.169194821633333,0.7583825704949051
fresh_div2k_0832,DIV2K_fresh,fresh_div2k_0832,test,0.1,0.1001129150390625,0.01,2027,8d39facc1b6aa90f6053800b2b058db404a8045e8b9f6e29b5a985938e224295,hqs,3,24.977767215974286,0.8128393263977766
fresh_div2k_0832,DIV2K_fresh,fresh_div2k_0832,test,0.1,0.1001129150390625,0.01,2027,8d39facc1b6aa90f6053800b2b058db404a8045e8b9f6e29b5a985938e224295,hqs,4,25.341820183362422,0.8299218478696943
fresh_div2k_0832,DIV2K_fresh,fresh_div2k_0832,test,0.1,0.1001129150390625,0.01,2027,8d39facc1b6aa90f6053800b2b058db404a8045e8b9f6e29b5a985938e224295,hqs,5,25.520838153548844,0.8366539100027754
fresh_div2k_0832,DIV2K_fresh,fresh_div2k_0832,test,0.1,0.1001129150390625,0.01,2027,8d39facc1b6aa90f6053800b2b058db404a8045e8b9f6e29b5a985938e224295,hqs,6,25.632273578746553,0.8423203401389122
fresh_div2k_0832,DIV2K_fresh,fresh_div2k_0832,test,0.1,0.1001129150390625,0.01,2027,8d39facc1b6aa90f6053800b2b058db404a8045e8b9f6e29b5a985938e224295,admm,1,22.622648383594726,0.6436470713292337
fresh_div2k_0832,DIV2K_fresh,fresh_div2k_0832,test,0.1,0.1001129150390625,0.01,2027,8d39facc1b6aa90f6053800b2b058db404a8045e8b9f6e29b5a985938e224295,admm,2,24.412149914688683,0.7760176792990864
fresh_div2k_0832,DIV2K_fresh,fresh_div2k_0832,test,0.1,0.1001129150390625,0.01,2027,8d39facc1b6aa90f6053800b2b058db404a8045e8b9f6e29b5a985938e224295,admm,3,25.135803205617457,0.8214143512942791
fresh_div2k_0832,DIV2K_fresh,fresh_div2k_0832,test,0.1,0.1001129150390625,0.01,2027,8d39facc1b6aa90f6053800b2b058db404a8045e8b9f6e29b5a985938e224295,admm,4,25.353797179983715,0.8288679585772156
fresh_div2k_0832,DIV2K_fresh,fresh_div2k_0832,test,0.1,0.1001129150390625,0.01,2027,8d39facc1b6aa90f6053800b2b058db404a8045e8b9f6e29b5a985938e224295,admm,5,25.530291012605417,0.8367995900874734
fresh_div2k_0832,DIV2K_fresh,fresh_div2k_0832,test,0.1,0.1001129150390625,0.01,2027,8d39facc1b6aa90f6053800b2b058db404a8045e8b9f6e29b5a985938e224295,admm,6,25.682801464422674,0.8413193306521177
fresh_div2k_0832,DIV2K_fresh,fresh_div2k_0832,test,0.1,0.1001129150390625,0.01,2028,ba1b19ba6cfc13de3560fed8ab33544be321afdc6256137ef4caf0b3e2813e8d,hqs,1,22.759901516535646,0.6548263926094556
fresh_div2k_0832,DIV2K_fresh,fresh_div2k_0832,test,0.1,0.1001129150390625,0.01,2028,ba1b19ba6cfc13de3560fed8ab33544be321afdc6256137ef4caf0b3e2813e8d,hqs,2,24.17257138515091,0.7586691415392738
fresh_div2k_0832,DIV2K_fresh,fresh_div2k_0832,test,0.1,0.1001129150390625,0.01,2028,ba1b19ba6cfc13de3560fed8ab33544be321afdc6256137ef4caf0b3e2813e8d,hqs,3,24.98020656161021,0.8124868723627329
fresh_div2k_0832,DIV2K_fresh,fresh_div2k_0832,test,0.1,0.1001129150390625,0.01,2028,ba1b19ba6cfc13de3560fed8ab33544be321afdc6256137ef4caf0b3e2813e8d,hqs,4,25.33931661827687,0.8292743321531713
fresh_div2k_0832,DIV2K_fresh,fresh_div2k_0832,test,0.1,0.1001129150390625,0.01,2028,ba1b19ba6cfc13de3560fed8ab33544be321afdc6256137ef4caf0b3e2813e8d,hqs,5,25.508814241621373,0.8358408922267854
fresh_div2k_0832,DIV2K_fresh,fresh_div2k_0832,test,0.1,0.1001129150390625,0.01,2028,ba1b19ba6cfc13de3560fed8ab33544be321afdc6256137ef4caf0b3e2813e8d,hqs,6,25.603917097564086,0.8413453424118459
fresh_div2k_0832,DIV2K_fresh,fresh_div2k_0832,test,0.1,0.1001129150390625,0.01,2028,ba1b19ba6cfc13de3560fed8ab33544be321afdc6256137ef4caf0b3e2813e8d,admm,1,22.625904537747694,0.6439091585973437
fresh_div2k_0832,DIV2K_fresh,fresh_div2k_0832,test,0.1,0.1001129150390625,0.01,2028,ba1b19ba6cfc13de3560fed8ab33544be321afdc6256137ef4caf0b3e2813e8d,admm,2,24.417076455609315,0.7760884403021745
fresh_div2k_0832,DIV2K_fresh,fresh_div2k_0832,test,0.1,0.1001129150390625,0.01,2028,ba1b19ba6cfc13de3560fed8ab33544be321afdc6256137ef4caf0b3e2813e8d,admm,3,25.141866657891043,0.8208932055116296
fresh_div2k_0832,DIV2K_fresh,fresh_div2k_0832,test,0.1,0.1001129150390625,0.01,2028,ba1b19ba6cfc13de3560fed8ab33544be321afdc6256137ef4caf0b3e2813e8d,admm,4,25.360438865782797,0.8283093625270687
fresh_div2k_0832,DIV2K_fresh,fresh_div2k_0832,test,0.1,0.1001129150390625,0.01,2028,ba1b19ba6cfc13de3560fed8ab33544be321afdc6256137ef4caf0b3e2813e8d,admm,5,25.524857573762123,0.836126432638079
fresh_div2k_0832,DIV2K_fresh,fresh_div2k_0832,test,0.1,0.1001129150390625,0.01,2028,ba1b19ba6cfc13de3560fed8ab33544be321afdc6256137ef4caf0b3e2813e8d,admm,6,25.659880172358697,0.8407893296723365
fresh_div2k_0832,DIV2K_fresh,fresh_div2k_0832,test,0.1,0.1001129150390625,0.05,2026,a4cc71b3d8e5b8dc054598f5ab4dd68348e78f3f379c411266ca8cdf409ba11e,hqs,1,22.462799762294154,0.6335875121687157
fresh_div2k_0832,DIV2K_fresh,fresh_div2k_0832,test,0.1,0.1001129150390625,0.05,2026,a4cc71b3d8e5b8dc054598f5ab4dd68348e78f3f379c411266ca8cdf409ba11e,hqs,2,23.628762421227904,0.7230201617737413
fresh_div2k_0832,DIV2K_fresh,fresh_div2k_0832,test,0.1,0.1001129150390625,0.05,2026,a4cc71b3d8e5b8dc054598f5ab4dd68348e78f3f379c411266ca8cdf409ba11e,hqs,3,24.089145898843675,0.7623526232798565
fresh_div2k_0832,DIV2K_fresh,fresh_div2k_0832,test,0.1,0.1001129150390625,0.05,2026,a4cc71b3d8e5b8dc054598f5ab4dd68348e78f3f379c411266ca8cdf409ba11e,hqs,4,24.21266031202256,0.773721531355828
fresh_div2k_0832,DIV2K_fresh,fresh_div2k_0832,test,0.1,0.1001129150390625,0.05,2026,a4cc71b3d8e5b8dc054598f5ab4dd68348e78f3f379c411266ca8cdf409ba11e,hqs,5,24.22717730793396,0.7764742312033027
fresh_div2k_0832,DIV2K_fresh,fresh_div2k_0832,test,0.1,0.1001129150390625,0.05,2026,a4cc71b3d8e5b8dc054598f5ab4dd68348e78f3f379c411266ca8cdf409ba11e,hqs,6,24.11002034569944,0.7696316339543834
fresh_div2k_0832,DIV2K_fresh,fresh_div2k_0832,test,0.1,0.1001129150390625,0.05,2026,a4cc71b3d8e5b8dc054598f5ab4dd68348e78f3f379c411266ca8cdf409ba11e,admm,1,22.33988023864814,0.6231437376234261
fresh_div2k_0832,DIV2K_fresh,fresh_div2k_0832,test,0.1,0.1001129150390625,0.05,2026,a4cc71b3d8e5b8dc054598f5ab4dd68348e78f3f379c411266ca8cdf409ba11e,admm,2,23.753989601087326,0.7317448251647278
fresh_div2k_0832,DIV2K_fresh,fresh_div2k_0832,test,0.1,0.1001129150390625,0.05,2026,a4cc71b3d8e5b8dc054598f5ab4dd68348e78f3f379c411266ca8cdf409ba11e,admm,3,24.030503302914703,0.7587259907610864
fresh_div2k_0832,DIV2K_fresh,fresh_div2k_0832,test,0.1,0.1001129150390625,0.05,2026,a4cc71b3d8e5b8dc054598f5ab4dd68348e78f3f379c411266ca8cdf409ba11e,admm,4,23.98523621830073,0.7608532276473362
fresh_div2k_0832,DIV2K_fresh,fresh_div2k_0832,test,0.1,0.1001129150390625,0.05,2026,a4cc71b3d8e5b8dc054598f5ab4dd68348e78f3f379c411266ca8cdf409ba11e,admm,5,24.001531950680366,0.762928610011667
fresh_div2k_0832,DIV2K_fresh,fresh_div2k_0832,test,0.1,0.1001129150390625,0.05,2026,a4cc71b3d8e5b8dc054598f5ab4dd68348e78f3f379c411266ca8cdf409ba11e,admm,6,24.16019483174308,0.7767758248945996
fresh_div2k_0832,DIV2K_fresh,fresh_div2k_0832,test,0.1,0.1001129150390625,0.05,2027,906a14e54e347748319d0f675bc712fa4a6855c187d7d3161989ee8b6f07f1ab,hqs,1,22.472335281667867,0.6352340758353658
fresh_div2k_0832,DIV2K_fresh,fresh_div2k_0832,test,0.1,0.1001129150390625,0.05,2027,906a14e54e347748319d0f675bc712fa4a6855c187d7d3161989ee8b6f07f1ab,hqs,2,23.63570517195231,0.7253381619526921
fresh_div2k_0832,DIV2K_fresh,fresh_div2k_0832,test,0.1,0.1001129150390625,0.05,2027,906a14e54e347748319d0f675bc712fa4a6855c187d7d3161989ee8b6f07f1ab,hqs,3,24.10591757302893,0.7637602415510603
fresh_div2k_0832,DIV2K_fresh,fresh_div2k_0832,test,0.1,0.1001129150390625,0.05,2027,906a14e54e347748319d0f675bc712fa4a6855c187d7d3161989ee8b6f07f1ab,hqs,4,24.248122928435947,0.7753689467796385
fresh_div2k_0832,DIV2K_fresh,fresh_div2k_0832,test,0.1,0.1001129150390625,0.05,2027,906a14e54e347748319d0f675bc712fa4a6855c187d7d3161989ee8b6f07f1ab,hqs,5,24.278249541002126,0.778476375080645
fresh_div2k_0832,DIV2K_fresh,fresh_div2k_0832,test,0.1,0.1001129150390625,0.05,2027,906a14e54e347748319d0f675bc712fa4a6855c187d7d3161989ee8b6f07f1ab,hqs,6,24.19250942600433,0.772108684826821
fresh_div2k_0832,DIV2K_fresh,fresh_div2k_0832,test,0.1,0.1001129150390625,0.05,2027,906a14e54e347748319d0f675bc712fa4a6855c187d7d3161989ee8b6f07f1ab,admm,1,22.34689247853583,0.6243506840386195
fresh_div2k_0832,DIV2K_fresh,fresh_div2k_0832,test,0.1,0.1001129150390625,0.05,2027,906a14e54e347748319d0f675bc712fa4a6855c187d7d3161989ee8b6f07f1ab,admm,2,23.763151184733342,0.7342799159831479
fresh_div2k_0832,DIV2K_fresh,fresh_div2k_0832,test,0.1,0.1001129150390625,0.05,2027,906a14e54e347748319d0f675bc712fa4a6855c187d7d3161989ee8b6f07f1ab,admm,3,24.052463744902234,0.7596019276649579
fresh_div2k_0832,DIV2K_fresh,fresh_div2k_0832,test,0.1,0.1001129150390625,0.05,2027,906a14e54e347748319d0f675bc712fa4a6855c187d7d3161989ee8b6f07f1ab,admm,4,24.028135601056103,0.7617617901537046
fresh_div2k_0832,DIV2K_fresh,fresh_div2k_0832,test,0.1,0.1001129150390625,0.05,2027,906a14e54e347748319d0f675bc712fa4a6855c187d7d3161989ee8b6f07f1ab,admm,5,24.060131148386947,0.7635970543424282
fresh_div2k_0832,DIV2K_fresh,fresh_div2k_0832,test,0.1,0.1001129150390625,0.05,2027,906a14e54e347748319d0f675bc712fa4a6855c187d7d3161989ee8b6f07f1ab,admm,6,24.255937223739412,0.7781177412519008
fresh_div2k_0832,DIV2K_fresh,fresh_div2k_0832,test,0.1,0.1001129150390625,0.05,2028,09e141548d952de4d4a906ac6265c68ca1feb6170af145657a78cd35e0c3fc53,hqs,1,22.472471114792747,0.6353268750203024
fresh_div2k_0832,DIV2K_fresh,fresh_div2k_0832,test,0.1,0.1001129150390625,0.05,2028,09e141548d952de4d4a906ac6265c68ca1feb6170af145657a78cd35e0c3fc53,hqs,2,23.628098392975634,0.724615696608156
fresh_div2k_0832,DIV2K_fresh,fresh_div2k_0832,test,0.1,0.1001129150390625,0.05,2028,09e141548d952de4d4a906ac6265c68ca1feb6170af145657a78cd35e0c3fc53,hqs,3,24.097372538880695,0.7608957866622433
fresh_div2k_0832,DIV2K_fresh,fresh_div2k_0832,test,0.1,0.1001129150390625,0.05,2028,09e141548d952de4d4a906ac6265c68ca1feb6170af145657a78cd35e0c3fc53,hqs,4,24.245350243852947,0.7726717577447256
fresh_div2k_0832,DIV2K_fresh,fresh_div2k_0832,test,0.1,0.1001129150390625,0.05,2028,09e141548d952de4d4a906ac6265c68ca1feb6170af145657a78cd35e0c3fc53,hqs,5,24.272178122106745,0.7759480018646298
fresh_div2k_0832,DIV2K_fresh,fresh_div2k_0832,test,0.1,0.1001129150390625,0.05,2028,09e141548d952de4d4a906ac6265c68ca1feb6170af145657a78cd35e0c3fc53,hqs,6,24.177134260837775,0.7693160609962456
fresh_div2k_0832,DIV2K_fresh,fresh_div2k_0832,test,0.1,0.1001129150390625,0.05,2028,09e141548d952de4d4a906ac6265c68ca1feb6170af145657a78cd35e0c3fc53,admm,1,22.34669866370289,0.6246812270281946
fresh_div2k_0832,DIV2K_fresh,fresh_div2k_0832,test,0.1,0.1001129150390625,0.05,2028,09e141548d952de4d4a906ac6265c68ca1feb6170af145657a78cd35e0c3fc53,admm,2,23.75986406955509,0.7330856594771892
fresh_div2k_0832,DIV2K_fresh,fresh_div2k_0832,test,0.1,0.1001129150390625,0.05,2028,09e141548d952de4d4a906ac6265c68ca1feb6170af145657a78cd35e0c3fc53,admm,3,24.041402019534615,0.7554972040015441
fresh_div2k_0832,DIV2K_fresh,fresh_div2k_0832,test,0.1,0.1001129150390625,0.05,2028,09e141548d952de4d4a906ac6265c68ca1feb6170af145657a78cd35e0c3fc53,admm,4,24.038017197529157,0.7584986528374129
fresh_div2k_0832,DIV2K_fresh,fresh_div2k_0832,test,0.1,0.1001129150390625,0.05,2028,09e141548d952de4d4a906ac6265c68ca1feb6170af145657a78cd35e0c3fc53,admm,5,24.070752487459558,0.7611464904987068
fresh_div2k_0832,DIV2K_fresh,fresh_div2k_0832,test,0.1,0.1001129150390625,0.05,2028,09e141548d952de4d4a906ac6265c68ca1feb6170af145657a78cd35e0c3fc53,admm,6,24.245695720481336,0.7762940990481153
fresh_div2k_0836,DIV2K_fresh,fresh_div2k_0836,test,0.01,0.01031494140625,0.0,2026,3875a330172a5748fcaa1ab9160fc3bb0c4aab35cb34124a7eccd4899de28f33,hqs,1,18.583299528080165,0.3381642807043039
fresh_div2k_0836,DIV2K_fresh,fresh_div2k_0836,test,0.01,0.01031494140625,0.0,2026,3875a330172a5748fcaa1ab9160fc3bb0c4aab35cb34124a7eccd4899de28f33,hqs,2,18.97798568752798,0.39623114537168147
fresh_div2k_0836,DIV2K_fresh,fresh_div2k_0836,test,0.01,0.01031494140625,0.0,2026,3875a330172a5748fcaa1ab9160fc3bb0c4aab35cb34124a7eccd4899de28f33,hqs,3,19.183649545940376,0.4268984667878167
fresh_div2k_0836,DIV2K_fresh,fresh_div2k_0836,test,0.01,0.01031494140625,0.0,2026,3875a330172a5748fcaa1ab9160fc3bb0c4aab35cb34124a7eccd4899de28f33,hqs,4,19.2487096238074,0.43645289697613043
fresh_div2k_0836,DIV2K_fresh,fresh_div2k_0836,test,0.01,0.01031494140625,0.0,2026,3875a330172a5748fcaa1ab9160fc3bb0c4aab35cb34124a7eccd4899de28f33,hqs,5,19.26839745923615,0.43973751990936205
fresh_div2k_0836,DIV2K_fresh,fresh_div2k_0836,test,0.01,0.01031494140625,0.0,2026,3875a330172a5748fcaa1ab9160fc3bb0c4aab35cb34124a7eccd4899de28f33,hqs,6,19.28030216861105,0.4418358249498015
fresh_div2k_0836,DIV2K_fresh,fresh_div2k_0836,test,0.01,0.01031494140625,0.0,2026,3875a330172a5748fcaa1ab9160fc3bb0c4aab35cb34124a7eccd4899de28f33,admm,1,18.562049419284946,0.3354742988025746
fresh_div2k_0836,DIV2K_fresh,fresh_div2k_0836,test,0.01,0.01031494140625,0.0,2026,3875a330172a5748fcaa1ab9160fc3bb0c4aab35cb34124a7eccd4899de28f33,admm,2,19.035087424400544,0.40560653560527227
fresh_div2k_0836,DIV2K_fresh,fresh_div2k_0836,test,0.01,0.01031494140625,0.0,2026,3875a330172a5748fcaa1ab9160fc3bb0c4aab35cb34124a7eccd4899de28f33,admm,3,19.20855146120122,0.42998159022004767
fresh_div2k_0836,DIV2K_fresh,fresh_div2k_0836,test,0.01,0.01031494140625,0.0,2026,3875a330172a5748fcaa1ab9160fc3bb0c4aab35cb34124a7eccd4899de28f33,admm,4,19.259801058933732,0.43613300078846656
fresh_div2k_0836,DIV2K_fresh,fresh_div2k_0836,test,0.01,0.01031494140625,0.0,2026,3875a330172a5748fcaa1ab9160fc3bb0c4aab35cb34124a7eccd4899de28f33,admm,5,19.28422523864329,0.4382142370982824
fresh_div2k_0836,DIV2K_fresh,fresh_div2k_0836,test,0.01,0.01031494140625,0.0,2026,3875a330172a5748fcaa1ab9160fc3bb0c4aab35cb34124a7eccd4899de28f33,admm,6,19.30513212087104,0.44090380015751723
fresh_div2k_0836,DIV2K_fresh,fresh_div2k_0836,test,0.04,0.041259765625,0.0,2026,810ba62867c4be30573a1d7da9dc4541f05fe97fdf964303113a5e4f33be8ebd,hqs,1,20.659510987558814,0.4894386305208005
fresh_div2k_0836,DIV2K_fresh,fresh_div2k_0836,test,0.04,0.041259765625,0.0,2026,810ba62867c4be30573a1d7da9dc4541f05fe97fdf964303113a5e4f33be8ebd,hqs,2,21.429894021146467,0.5859904784738444
fresh_div2k_0836,DIV2K_fresh,fresh_div2k_0836,test,0.04,0.041259765625,0.0,2026,810ba62867c4be30573a1d7da9dc4541f05fe97fdf964303113a5e4f33be8ebd,hqs,3,21.874928413592155,0.6448124159963894
fresh_div2k_0836,DIV2K_fresh,fresh_div2k_0836,test,0.04,0.041259765625,0.0,2026,810ba62867c4be30573a1d7da9dc4541f05fe97fdf964303113a5e4f33be8ebd,hqs,4,22.09011813914052,0.66446733018032
fresh_div2k_0836,DIV2K_fresh,fresh_div2k_0836,test,0.04,0.041259765625,0.0,2026,810ba62867c4be30573a1d7da9dc4541f05fe97fdf964303113a5e4f33be8ebd,hqs,5,22.21037730461031,0.6746848729888653
fresh_div2k_0836,DIV2K_fresh,fresh_div2k_0836,test,0.04,0.041259765625,0.0,2026,810ba62867c4be30573a1d7da9dc4541f05fe97fdf964303113a5e4f33be8ebd,hqs,6,22.284726250099904,0.6845374847607387
fresh_div2k_0836,DIV2K_fresh,fresh_div2k_0836,test,0.04,0.041259765625,0.0,2026,810ba62867c4be30573a1d7da9dc4541f05fe97fdf964303113a5e4f33be8ebd,admm,1,20.59374773261289,0.4800552688391544
fresh_div2k_0836,DIV2K_fresh,fresh_div2k_0836,test,0.04,0.041259765625,0.0,2026,810ba62867c4be30573a1d7da9dc4541f05fe97fdf964303113a5e4f33be8ebd,admm,2,21.519693678309018,0.5958336193466529
fresh_div2k_0836,DIV2K_fresh,fresh_div2k_0836,test,0.04,0.041259765625,0.0,2026,810ba62867c4be30573a1d7da9dc4541f05fe97fdf964303113a5e4f33be8ebd,admm,3,21.911889231622897,0.6529694872499499
fresh_div2k_0836,DIV2K_fresh,fresh_div2k_0836,test,0.04,0.041259765625,0.0,2026,810ba62867c4be30573a1d7da9dc4541f05fe97fdf964303113a5e4f33be8ebd,admm,4,22.078272060608857,0.6666880813032848
fresh_div2k_0836,DIV2K_fresh,fresh_div2k_0836,test,0.04,0.041259765625,0.0,2026,810ba62867c4be30573a1d7da9dc4541f05fe97fdf964303113a5e4f33be8ebd,admm,5,22.18796059012768,0.6754303758432308
fresh_div2k_0836,DIV2K_fresh,fresh_div2k_0836,test,0.04,0.041259765625,0.0,2026,810ba62867c4be30573a1d7da9dc4541f05fe97fdf964303113a5e4f33be8ebd,admm,6,22.263479492237277,0.6824647451677504
fresh_div2k_0836,DIV2K_fresh,fresh_div2k_0836,test,0.1,0.1001129150390625,0.0,2026,02f96399ba6cda70b465125c9ae0df2cf24fc0dc12e6185d3502b6faa075b2fa,hqs,1,22.422936422101575,0.6266459148289046
fresh_div2k_0836,DIV2K_fresh,fresh_div2k_0836,test,0.1,0.1001129150390625,0.0,2026,02f96399ba6cda70b465125c9ae0df2cf24fc0dc12e6185d3502b6faa075b2fa,hqs,2,23.43941166955201,0.7215367697519681
fresh_div2k_0836,DIV2K_fresh,fresh_div2k_0836,test,0.1,0.1001129150390625,0.0,2026,02f96399ba6cda70b465125c9ae0df2cf24fc0dc12e6185d3502b6faa075b2fa,hqs,3,24.081116146545885,0.7764291426085321
fresh_div2k_0836,DIV2K_fresh,fresh_div2k_0836,test,0.1,0.1001129150390625,0.0,2026,02f96399ba6cda70b465125c9ae0df2cf24fc0dc12e6185d3502b6faa075b2fa,hqs,4,24.450975436775472,0.7991566454152135
fresh_div2k_0836,DIV2K_fresh,fresh_div2k_0836,test,0.1,0.1001129150390625,0.0,2026,02f96399ba6cda70b465125c9ae0df2cf24fc0dc12e6185d3502b6faa075b2fa,hqs,5,24.690168471333813,0.8115307540775091
fresh_div2k_0836,DIV2K_fresh,fresh_div2k_0836,test,0.1,0.1001129150390625,0.0,2026,02f96399ba6cda70b465125c9ae0df2cf24fc0dc12e6185d3502b6faa075b2fa,hqs,6,24.85638025952724,0.8217997437222563
fresh_div2k_0836,DIV2K_fresh,fresh_div2k_0836,test,0.1,0.1001129150390625,0.0,2026,02f96399ba6cda70b465125c9ae0df2cf24fc0dc12e6185d3502b6faa075b2fa,admm,1,22.335836739834733,0.6150523435339376
fresh_div2k_0836,DIV2K_fresh,fresh_div2k_0836,test,0.1,0.1001129150390625,0.0,2026,02f96399ba6cda70b465125c9ae0df2cf24fc0dc12e6185d3502b6faa075b2fa,admm,2,23.585321512321748,0.7320665909226495
fresh_div2k_0836,DIV2K_fresh,fresh_div2k_0836,test,0.1,0.1001129150390625,0.0,2026,02f96399ba6cda70b465125c9ae0df2cf24fc0dc12e6185d3502b6faa075b2fa,admm,3,24.201113503960823,0.7848962091304524
fresh_div2k_0836,DIV2K_fresh,fresh_div2k_0836,test,0.1,0.1001129150390625,0.0,2026,02f96399ba6cda70b465125c9ae0df2cf24fc0dc12e6185d3502b6faa075b2fa,admm,4,24.532389372007156,0.800757441993117
fresh_div2k_0836,DIV2K_fresh,fresh_div2k_0836,test,0.1,0.1001129150390625,0.0,2026,02f96399ba6cda70b465125c9ae0df2cf24fc0dc12e6185d3502b6faa075b2fa,admm,5,24.804438473083145,0.8134704779735203
fresh_div2k_0836,DIV2K_fresh,fresh_div2k_0836,test,0.1,0.1001129150390625,0.0,2026,02f96399ba6cda70b465125c9ae0df2cf24fc0dc12e6185d3502b6faa075b2fa,admm,6,25.047210842599696,0.826854256038133
fresh_div2k_0836,DIV2K_fresh,fresh_div2k_0836,test,0.25,0.25,0.0,2026,3c037e4b6d8f57aaa5e5b5d3ca78dbc17f0c29e0c248f2fd318c1a5bf98e8683,hqs,1,25.12677648921025,0.774795829102099
fresh_div2k_0836,DIV2K_fresh,fresh_div2k_0836,test,0.25,0.25,0.0,2026,3c037e4b6d8f57aaa5e5b5d3ca78dbc17f0c29e0c248f2fd318c1a5bf98e8683,hqs,2,26.763731496922645,0.8558049682522714
fresh_div2k_0836,DIV2K_fresh,fresh_div2k_0836,test,0.25,0.25,0.0,2026,3c037e4b6d8f57aaa5e5b5d3ca78dbc17f0c29e0c248f2fd318c1a5bf98e8683,hqs,3,28.177593586429246,0.9012970213668346
fresh_div2k_0836,DIV2K_fresh,fresh_div2k_0836,test,0.25,0.25,0.0,2026,3c037e4b6d8f57aaa5e5b5d3ca78dbc17f0c29e0c248f2fd318c1a5bf98e8683,hqs,4,29.150351299427943,0.9202854280238152
fresh_div2k_0836,DIV2K_fresh,fresh_div2k_0836,test,0.25,0.25,0.0,2026,3c037e4b6d8f57aaa5e5b5d3ca78dbc17f0c29e0c248f2fd318c1a5bf98e8683,hqs,5,29.881628776708816,0.9311878970146179
fresh_div2k_0836,DIV2K_fresh,fresh_div2k_0836,test,0.25,0.25,0.0,2026,3c037e4b6d8f57aaa5e5b5d3ca78dbc17f0c29e0c248f2fd318c1a5bf98e8683,hqs,6,30.50778374962544,0.9419817946629524
fresh_div2k_0836,DIV2K_fresh,fresh_div2k_0836,test,0.25,0.25,0.0,2026,3c037e4b6d8f57aaa5e5b5d3ca78dbc17f0c29e0c248f2fd318c1a5bf98e8683,admm,1,25.0249043373501,0.7652157125595958
fresh_div2k_0836,DIV2K_fresh,fresh_div2k_0836,test,0.25,0.25,0.0,2026,3c037e4b6d8f57aaa5e5b5d3ca78dbc17f0c29e0c248f2fd318c1a5bf98e8683,admm,2,27.091123440868337,0.8681949625406266
fresh_div2k_0836,DIV2K_fresh,fresh_div2k_0836,test,0.25,0.25,0.0,2026,3c037e4b6d8f57aaa5e5b5d3ca78dbc17f0c29e0c248f2fd318c1a5bf98e8683,admm,3,28.54978425067245,0.9075345682833195
fresh_div2k_0836,DIV2K_fresh,fresh_div2k_0836,test,0.25,0.25,0.0,2026,3c037e4b6d8f57aaa5e5b5d3ca78dbc17f0c29e0c248f2fd318c1a5bf98e8683,admm,4,29.44901102994784,0.921794422144413
fresh_div2k_0836,DIV2K_fresh,fresh_div2k_0836,test,0.25,0.25,0.0,2026,3c037e4b6d8f57aaa5e5b5d3ca78dbc17f0c29e0c248f2fd318c1a5bf98e8683,admm,5,30.11305390609528,0.932704087518692
fresh_div2k_0836,DIV2K_fresh,fresh_div2k_0836,test,0.25,0.25,0.0,2026,3c037e4b6d8f57aaa5e5b5d3ca78dbc17f0c29e0c248f2fd318c1a5bf98e8683,admm,6,30.682406337869285,0.9440171169552803
fresh_div2k_0836,DIV2K_fresh,fresh_div2k_0836,test,0.5,0.4998931884765625,0.0,2026,d92a309d1b68ec29e22f93e4ccf5e2f621040dd0d8081f74db2833852aec6cce,hqs,1,28.40887885706808,0.8780726174416542
fresh_div2k_0836,DIV2K_fresh,fresh_div2k_0836,test,0.5,0.4998931884765625,0.0,2026,d92a309d1b68ec29e22f93e4ccf5e2f621040dd0d8081f74db2833852aec6cce,hqs,2,30.880223966260854,0.9345091093120574
fresh_div2k_0836,DIV2K_fresh,fresh_div2k_0836,test,0.5,0.4998931884765625,0.0,2026,d92a309d1b68ec29e22f93e4ccf5e2f621040dd0d8081f74db2833852aec6cce,hqs,3,33.251063534391754,0.9633011821842193
fresh_div2k_0836,DIV2K_fresh,fresh_div2k_0836,test,0.5,0.4998931884765625,0.0,2026,d92a309d1b68ec29e22f93e4ccf5e2f621040dd0d8081f74db2833852aec6cce,hqs,4,35.10553415182859,0.9750442959384918
fresh_div2k_0836,DIV2K_fresh,fresh_div2k_0836,test,0.5,0.4998931884765625,0.0,2026,d92a309d1b68ec29e22f93e4ccf5e2f621040dd0d8081f74db2833852aec6cce,hqs,5,36.51767051386176,0.9807471386613846
fresh_div2k_0836,DIV2K_fresh,fresh_div2k_0836,test,0.5,0.4998931884765625,0.0,2026,d92a309d1b68ec29e22f93e4ccf5e2f621040dd0d8081f74db2833852aec6cce,hqs,6,37.66693321228466,0.9854735512151718
fresh_div2k_0836,DIV2K_fresh,fresh_div2k_0836,test,0.5,0.4998931884765625,0.0,2026,d92a309d1b68ec29e22f93e4ccf5e2f621040dd0d8081f74db2833852aec6cce,admm,1,28.286793481361357,0.8704574077291488
fresh_div2k_0836,DIV2K_fresh,fresh_div2k_0836,test,0.5,0.4998931884765625,0.0,2026,d92a309d1b68ec29e22f93e4ccf5e2f621040dd0d8081f74db2833852aec6cce,admm,2,31.427990561063215,0.9422083122329712
fresh_div2k_0836,DIV2K_fresh,fresh_div2k_0836,test,0.5,0.4998931884765625,0.0,2026,d92a309d1b68ec29e22f93e4ccf5e2f621040dd0d8081f74db2833852aec6cce,admm,3,34.0278476264499,0.9670311363744736
fresh_div2k_0836,DIV2K_fresh,fresh_div2k_0836,test,0.5,0.4998931884765625,0.0,2026,d92a309d1b68ec29e22f93e4ccf5e2f621040dd0d8081f74db2833852aec6cce,admm,4,35.508005561893285,0.9736141227607727
fresh_div2k_0836,DIV2K_fresh,fresh_div2k_0836,test,0.5,0.4998931884765625,0.0,2026,d92a309d1b68ec29e22f93e4ccf5e2f621040dd0d8081f74db2833852aec6cce,admm,5,36.69251709705425,0.9796727681112289
fresh_div2k_0836,DIV2K_fresh,fresh_div2k_0836,test,0.5,0.4998931884765625,0.0,2026,d92a309d1b68ec29e22f93e4ccf5e2f621040dd0d8081f74db2833852aec6cce,admm,6,37.77805599252077,0.9855445248365402
fresh_div2k_0836,DIV2K_fresh,fresh_div2k_0836,test,0.1,0.1001129150390625,0.01,2026,45d8c80fcaad8e0fa37b452e7028556a7606c4ef4b1f6b5c28aca18a388a0ba8,hqs,1,22.40607165048727,0.6251050127643651
fresh_div2k_0836,DIV2K_fresh,fresh_div2k_0836,test,0.1,0.1001129150390625,0.01,2026,45d8c80fcaad8e0fa37b452e7028556a7606c4ef4b1f6b5c28aca18a388a0ba8,hqs,2,23.401791589758886,0.7187227810611723
fresh_div2k_0836,DIV2K_fresh,fresh_div2k_0836,test,0.1,0.1001129150390625,0.01,2026,45d8c80fcaad8e0fa37b452e7028556a7606c4ef4b1f6b5c28aca18a388a0ba8,hqs,3,24.008381529656,0.7719099042916261
fresh_div2k_0836,DIV2K_fresh,fresh_div2k_0836,test,0.1,0.1001129150390625,0.01,2026,45d8c80fcaad8e0fa37b452e7028556a7606c4ef4b1f6b5c28aca18a388a0ba8,hqs,4,24.34577650955015,0.79361125333953
fresh_div2k_0836,DIV2K_fresh,fresh_div2k_0836,test,0.1,0.1001129150390625,0.01,2026,45d8c80fcaad8e0fa37b452e7028556a7606c4ef4b1f6b5c28aca18a388a0ba8,hqs,5,24.555982130583537,0.8053811502817646
fresh_div2k_0836,DIV2K_fresh,fresh_div2k_0836,test,0.1,0.1001129150390625,0.01,2026,45d8c80fcaad8e0fa37b452e7028556a7606c4ef4b1f6b5c28aca18a388a0ba8,hqs,6,24.686602518677766,0.8124268216641983
fresh_div2k_0836,DIV2K_fresh,fresh_div2k_0836,test,0.1,0.1001129150390625,0.01,2026,45d8c80fcaad8e0fa37b452e7028556a7606c4ef4b1f6b5c28aca18a388a0ba8,admm,1,22.32300560909917,0.6136951441620272
fresh_div2k_0836,DIV2K_fresh,fresh_div2k_0836,test,0.1,0.1001129150390625,0.01,2026,45d8c80fcaad8e0fa37b452e7028556a7606c4ef4b1f6b5c28aca18a388a0ba8,admm,2,23.540004341446515,0.7284167532755625
fresh_div2k_0836,DIV2K_fresh,fresh_div2k_0836,test,0.1,0.1001129150390625,0.01,2026,45d8c80fcaad8e0fa37b452e7028556a7606c4ef4b1f6b5c28aca18a388a0ba8,admm,3,24.10400758159095,0.7787618461818387
fresh_div2k_0836,DIV2K_fresh,fresh_div2k_0836,test,0.1,0.1001129150390625,0.01,2026,45d8c80fcaad8e0fa37b452e7028556a7606c4ef4b1f6b5c28aca18a388a0ba8,admm,4,24.385389156774416,0.7926460043360144
fresh_div2k_0836,DIV2K_fresh,fresh_div2k_0836,test,0.1,0.1001129150390625,0.01,2026,45d8c80fcaad8e0fa37b452e7028556a7606c4ef4b1f6b5c28aca18a388a0ba8,admm,5,24.615344236097304,0.8030286096514517
fresh_div2k_0836,DIV2K_fresh,fresh_div2k_0836,test,0.1,0.1001129150390625,0.01,2026,45d8c80fcaad8e0fa37b452e7028556a7606c4ef4b1f6b5c28aca18a388a0ba8,admm,6,24.853460421878168,0.818259417053001
fresh_div2k_0836,DIV2K_fresh,fresh_div2k_0836,test,0.1,0.1001129150390625,0.01,2027,04d671174a65156c4b618391088ce9442847ff2c2856fc0a3479b8f9d381dec4,hqs,1,22.405020124115996,0.6248938587151468
fresh_div2k_0836,DIV2K_fresh,fresh_div2k_0836,test,0.1,0.1001129150390625,0.01,2027,04d671174a65156c4b618391088ce9442847ff2c2856fc0a3479b8f9d381dec4,hqs,2,23.407387228037937,0.7193127810551967
fresh_div2k_0836,DIV2K_fresh,fresh_div2k_0836,test,0.1,0.1001129150390625,0.01,2027,04d671174a65156c4b618391088ce9442847ff2c2856fc0a3479b8f9d381dec4,hqs,3,24.01934744968643,0.7728551164797868
fresh_div2k_0836,DIV2K_fresh,fresh_div2k_0836,test,0.1,0.1001129150390625,0.01,2027,04d671174a65156c4b618391088ce9442847ff2c2856fc0a3479b8f9d381dec4,hqs,4,24.3481734881329,0.7940102003716016
fresh_div2k_0836,DIV2K_fresh,fresh_div2k_0836,test,0.1,0.1001129150390625,0.01,2027,04d671174a65156c4b618391088ce9442847ff2c2856fc0a3479b8f9d381dec4,hqs,5,24.548485084658207,0.8050599492944498
fresh_div2k_0836,DIV2K_fresh,fresh_div2k_0836,test,0.1,0.1001129150390625,0.01,2027,04d671174a65156c4b618391088ce9442847ff2c2856fc0a3479b8f9d381dec4,hqs,6,24.651980835623164,0.8106173941168487
fresh_div2k_0836,DIV2K_fresh,fresh_div2k_0836,test,0.1,0.1001129150390625,0.01,2027,04d671174a65156c4b618391088ce9442847ff2c2856fc0a3479b8f9d381dec4,admm,1,22.319523589413,0.6134567380933889
fresh_div2k_0836,DIV2K_fresh,fresh_div2k_0836,test,0.1,0.1001129150390625,0.01,2027,04d671174a65156c4b618391088ce9442847ff2c2856fc0a3479b8f9d381dec4,admm,2,23.546988337261958,0.7288309511311264
fresh_div2k_0836,DIV2K_fresh,fresh_div2k_0836,test,0.1,0.1001129150390625,0.01,2027,04d671174a65156c4b618391088ce9442847ff2c2856fc0a3479b8f9d381dec4,admm,3,24.12045571365617,0.7795061707567505
fresh_div2k_0836,DIV2K_fresh,fresh_div2k_0836,test,0.1,0.1001129150390625,0.01,2027,04d671174a65156c4b618391088ce9442847ff2c2856fc0a3479b8f9d381dec4,admm,4,24.40352261884574,0.7933997522879764
fresh_div2k_0836,DIV2K_fresh,fresh_div2k_0836,test,0.1,0.1001129150390625,0.01,2027,04d671174a65156c4b618391088ce9442847ff2c2856fc0a3479b8f9d381dec4,admm,5,24.62575166828939,0.8026643108389294
fresh_div2k_0836,DIV2K_fresh,fresh_div2k_0836,test,0.1,0.1001129150390625,0.01,2027,04d671174a65156c4b618391088ce9442847ff2c2856fc0a3479b8f9d381dec4,admm,6,24.85909174860991,0.8175931975287646
fresh_div2k_0836,DIV2K_fresh,fresh_div2k_0836,test,0.1,0.1001129150390625,0.01,2028,b5dc209f982e0337df7fd5a501c8b82b782eaf936fec9ceb5fa546c5088bdec6,hqs,1,22.405900458166332,0.6245822122964942
fresh_div2k_0836,DIV2K_fresh,fresh_div2k_0836,test,0.1,0.1001129150390625,0.01,2028,b5dc209f982e0337df7fd5a501c8b82b782eaf936fec9ceb5fa546c5088bdec6,hqs,2,23.407264787461003,0.7189687996995134
fresh_div2k_0836,DIV2K_fresh,fresh_div2k_0836,test,0.1,0.1001129150390625,0.01,2028,b5dc209f982e0337df7fd5a501c8b82b782eaf936fec9ceb5fa546c5088bdec6,hqs,3,24.028691224937067,0.7730334696049065
fresh_div2k_0836,DIV2K_fresh,fresh_div2k_0836,test,0.1,0.1001129150390625,0.01,2028,b5dc209f982e0337df7fd5a501c8b82b782eaf936fec9ceb5fa546c5088bdec6,hqs,4,24.368426254736953,0.794393907972035
fresh_div2k_0836,DIV2K_fresh,fresh_div2k_0836,test,0.1,0.1001129150390625,0.01,2028,b5dc209f982e0337df7fd5a501c8b82b782eaf936fec9ceb5fa546c5088bdec6,hqs,5,24.579859930819772,0.806417811343044
fresh_div2k_0836,DIV2K_fresh,fresh_div2k_0836,test,0.1,0.1001129150390625,0.01,2028,b5dc209f982e0337df7fd5a501c8b82b782eaf936fec9ceb5fa546c5088bdec6,hqs,6,24.729578913536695,0.8146615557665937
fresh_div2k_0836,DIV2K_fresh,fresh_div2k_0836,test,0.1,0.1001129150390625,0.01,2028,b5dc209f982e0337df7fd5a501c8b82b782eaf936fec9ceb5fa546c5088bdec6,admm,1,22.31854962887079,0.6130422887460948
fresh_div2k_0836,DIV2K_fresh,fresh_div2k_0836,test,0.1,0.1001129150390625,0.01,2028,b5dc209f982e0337df7fd5a501c8b82b782eaf936fec9ceb5fa546c5088bdec6,admm,2,23.541813973994742,0.7281487327461531
fresh_div2k_0836,DIV2K_fresh,fresh_div2k_0836,test,0.1,0.1001129150390625,0.01,2028,b5dc209f982e0337df7fd5a501c8b82b782eaf936fec9ceb5fa546c5088bdec6,admm,3,24.12202466945246,0.7797971151915463
fresh_div2k_0836,DIV2K_fresh,fresh_div2k_0836,test,0.1,0.1001129150390625,0.01,2028,b5dc209f982e0337df7fd5a501c8b82b782eaf936fec9ceb5fa546c5088bdec6,admm,4,24.41302669933013,0.794156853834277
fresh_div2k_0836,DIV2K_fresh,fresh_div2k_0836,test,0.1,0.1001129150390625,0.01,2028,b5dc209f982e0337df7fd5a501c8b82b782eaf936fec9ceb5fa546c5088bdec6,admm,5,24.64637924199438,0.8047860276829342
fresh_div2k_0836,DIV2K_fresh,fresh_div2k_0836,test,0.1,0.1001129150390625,0.01,2028,b5dc209f982e0337df7fd5a501c8b82b782eaf936fec9ceb5fa546c5088bdec6,admm,6,24.884076664368852,0.8192213882427402
fresh_div2k_0836,DIV2K_fresh,fresh_div2k_0836,test,0.1,0.1001129150390625,0.05,2026,1a99372023a528b6e70ba26fe41230f990cbf9974b278ed1041087f56bdfb212,hqs,1,21.935565654989247,0.5856480762798497
fresh_div2k_0836,DIV2K_fresh,fresh_div2k_0836,test,0.1,0.1001129150390625,0.05,2026,1a99372023a528b6e70ba26fe41230f990cbf9974b278ed1041087f56bdfb212,hqs,2,22.580487145127336,0.652295819068301
fresh_div2k_0836,DIV2K_fresh,fresh_div2k_0836,test,0.1,0.1001129150390625,0.05,2026,1a99372023a528b6e70ba26fe41230f990cbf9974b278ed1041087f56bdfb212,hqs,3,22.75778797265176,0.678549774429922
fresh_div2k_0836,DIV2K_fresh,fresh_div2k_0836,test,0.1,0.1001129150390625,0.05,2026,1a99372023a528b6e70ba26fe41230f990cbf9974b278ed1041087f56bdfb212,hqs,4,22.79145052279748,0.6810427706557564
fresh_div2k_0836,DIV2K_fresh,fresh_div2k_0836,test,0.1,0.1001129150390625,0.05,2026,1a99372023a528b6e70ba26fe41230f990cbf9974b278ed1041087f56bdfb212,hqs,5,22.76059844358094,0.67688522690689
fresh_div2k_0836,DIV2K_fresh,fresh_div2k_0836,test,0.1,0.1001129150390625,0.05,2026,1a99372023a528b6e70ba26fe41230f990cbf9974b278ed1041087f56bdfb212,hqs,6,22.611830196991324,0.6622115254872395
fresh_div2k_0836,DIV2K_fresh,fresh_div2k_0836,test,0.1,0.1001129150390625,0.05,2026,1a99372023a528b6e70ba26fe41230f990cbf9974b278ed1041087f56bdfb212,admm,1,21.88093480020556,0.5768990081641842
fresh_div2k_0836,DIV2K_fresh,fresh_div2k_0836,test,0.1,0.1001129150390625,0.05,2026,1a99372023a528b6e70ba26fe41230f990cbf9974b278ed1041087f56bdfb212,admm,2,22.568030969258565,0.6452405828932282
fresh_div2k_0836,DIV2K_fresh,fresh_div2k_0836,test,0.1,0.1001129150390625,0.05,2026,1a99372023a528b6e70ba26fe41230f990cbf9974b278ed1041087f56bdfb212,admm,3,22.551565116945866,0.6536215774578868
fresh_div2k_0836,DIV2K_fresh,fresh_div2k_0836,test,0.1,0.1001129150390625,0.05,2026,1a99372023a528b6e70ba26fe41230f990cbf9974b278ed1041087f56bdfb212,admm,4,22.51088502685914,0.6528106686491534
fresh_div2k_0836,DIV2K_fresh,fresh_div2k_0836,test,0.1,0.1001129150390625,0.05,2026,1a99372023a528b6e70ba26fe41230f990cbf9974b278ed1041087f56bdfb212,admm,5,22.465259003311687,0.6469207596982032
fresh_div2k_0836,DIV2K_fresh,fresh_div2k_0836,test,0.1,0.1001129150390625,0.05,2026,1a99372023a528b6e70ba26fe41230f990cbf9974b278ed1041087f56bdfb212,admm,6,22.68787534236389,0.6734980138319838
fresh_div2k_0836,DIV2K_fresh,fresh_div2k_0836,test,0.1,0.1001129150390625,0.05,2027,f5b794da6724c28cc89a12c668d11b288a7bbada1b365d8f4b2ba4b353d1fc9a,hqs,1,21.949127959068555,0.5854594905352204
fresh_div2k_0836,DIV2K_fresh,fresh_div2k_0836,test,0.1,0.1001129150390625,0.05,2027,f5b794da6724c28cc89a12c668d11b288a7bbada1b365d8f4b2ba4b353d1fc9a,hqs,2,22.600349640911194,0.6548245969312149
fresh_div2k_0836,DIV2K_fresh,fresh_div2k_0836,test,0.1,0.1001129150390625,0.05,2027,f5b794da6724c28cc89a12c668d11b288a7bbada1b365d8f4b2ba4b353d1fc9a,hqs,3,22.76733844068779,0.6800922142885448
fresh_div2k_0836,DIV2K_fresh,fresh_div2k_0836,test,0.1,0.1001129150390625,0.05,2027,f5b794da6724c28cc89a12c668d11b288a7bbada1b365d8f4b2ba4b353d1fc9a,hqs,4,22.806927465607476,0.6802331116538518
fresh_div2k_0836,DIV2K_fresh,fresh_div2k_0836,test,0.1,0.1001129150390625,0.05,2027,f5b794da6724c28cc89a12c668d11b288a7bbada1b365d8f4b2ba4b353d1fc9a,hqs,5,22.787775719014263,0.675758038171446
fresh_div2k_0836,DIV2K_fresh,fresh_div2k_0836,test,0.1,0.1001129150390625,0.05,2027,f5b794da6724c28cc89a12c668d11b288a7bbada1b365d8f4b2ba4b353d1fc9a,hqs,6,22.65040201975075,0.6609821834009787
fresh_div2k_0836,DIV2K_fresh,fresh_div2k_0836,test,0.1,0.1001129150390625,0.05,2027,f5b794da6724c28cc89a12c668d11b288a7bbada1b365d8f4b2ba4b353d1fc9a,admm,1,21.888184078181002,0.5761729733178255
fresh_div2k_0836,DIV2K_fresh,fresh_div2k_0836,test,0.1,0.1001129150390625,0.05,2027,f5b794da6724c28cc89a12c668d11b288a7bbada1b365d8f4b2ba4b353d1fc9a,admm,2,22.583787598299004,0.6465334588809908
fresh_div2k_0836,DIV2K_fresh,fresh_div2k_0836,test,0.1,0.1001129150390625,0.05,2027,f5b794da6724c28cc89a12c668d11b288a7bbada1b365d8f4b2ba4b353d1fc9a,admm,3,22.568372945442214,0.6532970776878684
fresh_div2k_0836,DIV2K_fresh,fresh_div2k_0836,test,0.1,0.1001129150390625,0.05,2027,f5b794da6724c28cc89a12c668d11b288a7bbada1b365d8f4b2ba4b353d1fc9a,admm,4,22.570005166326048,0.6531555965126749
fresh_div2k_0836,DIV2K_fresh,fresh_div2k_0836,test,0.1,0.1001129150390625,0.05,2027,f5b794da6724c28cc89a12c668d11b288a7bbada1b365d8f4b2ba4b353d1fc9a,admm,5,22.540663229782453,0.6472995968330747
fresh_div2k_0836,DIV2K_fresh,fresh_div2k_0836,test,0.1,0.1001129150390625,0.05,2027,f5b794da6724c28cc89a12c668d11b288a7bbada1b365d8f4b2ba4b353d1fc9a,admm,6,22.78252539405704,0.6746362699641472
fresh_div2k_0836,DIV2K_fresh,fresh_div2k_0836,test,0.1,0.1001129150390625,0.05,2028,5c2225cdf9c64d3e811c83d66e77f7d4ad61e995f013925fb8e2eee21724e076,hqs,1,21.957271174678752,0.5858111643286825
fresh_div2k_0836,DIV2K_fresh,fresh_div2k_0836,test,0.1,0.1001129150390625,0.05,2028,5c2225cdf9c64d3e811c83d66e77f7d4ad61e995f013925fb8e2eee21724e076,hqs,2,22.616779356043722,0.6553307073373885
fresh_div2k_0836,DIV2K_fresh,fresh_div2k_0836,test,0.1,0.1001129150390625,0.05,2028,5c2225cdf9c64d3e811c83d66e77f7d4ad61e995f013925fb8e2eee21724e076,hqs,3,22.8324524859348,0.6853357733324396
fresh_div2k_0836,DIV2K_fresh,fresh_div2k_0836,test,0.1,0.1001129150390625,0.05,2028,5c2225cdf9c64d3e811c83d66e77f7d4ad61e995f013925fb8e2eee21724e076,hqs,4,22.904748874240923,0.6922783771461779
fresh_div2k_0836,DIV2K_fresh,fresh_div2k_0836,test,0.1,0.1001129150390625,0.05,2028,5c2225cdf9c64d3e811c83d66e77f7d4ad61e995f013925fb8e2eee21724e076,hqs,5,22.888323660992775,0.6892429634851627
fresh_div2k_0836,DIV2K_fresh,fresh_div2k_0836,test,0.1,0.1001129150390625,0.05,2028,5c2225cdf9c64d3e811c83d66e77f7d4ad61e995f013925fb8e2eee21724e076,hqs,6,22.735685083200167,0.6733369476780691
fresh_div2k_0836,DIV2K_fresh,fresh_div2k_0836,test,0.1,0.1001129150390625,0.05,2028,5c2225cdf9c64d3e811c83d66e77f7d4ad61e995f013925fb8e2eee21724e076,admm,1,21.900132507473558,0.5769924097436412
fresh_div2k_0836,DIV2K_fresh,fresh_div2k_0836,test,0.1,0.1001129150390625,0.05,2028,5c2225cdf9c64d3e811c83d66e77f7d4ad61e995f013925fb8e2eee21724e076,admm,2,22.599985830763913,0.6477073226184812
fresh_div2k_0836,DIV2K_fresh,fresh_div2k_0836,test,0.1,0.1001129150390625,0.05,2028,5c2225cdf9c64d3e811c83d66e77f7d4ad61e995f013925fb8e2eee21724e076,admm,3,22.623720357855035,0.6624936565285288
fresh_div2k_0836,DIV2K_fresh,fresh_div2k_0836,test,0.1,0.1001129150390625,0.05,2028,5c2225cdf9c64d3e811c83d66e77f7d4ad61e995f013925fb8e2eee21724e076,admm,4,22.616334773030417,0.6637883566245558
fresh_div2k_0836,DIV2K_fresh,fresh_div2k_0836,test,0.1,0.1001129150390625,0.05,2028,5c2225cdf9c64d3e811c83d66e77f7d4ad61e995f013925fb8e2eee21724e076,admm,5,22.570110333568238,0.6578374581867572
fresh_div2k_0836,DIV2K_fresh,fresh_div2k_0836,test,0.1,0.1001129150390625,0.05,2028,5c2225cdf9c64d3e811c83d66e77f7d4ad61e995f013925fb8e2eee21724e076,admm,6,22.79559605786995,0.6859370643866388
fresh_div2k_0839,DIV2K_fresh,fresh_div2k_0839,test,0.01,0.01031494140625,0.0,2026,4aad33b6a76462f583046591e4ea4fdc4d8f42e0f4fd1f38ed9932ebf0222831,hqs,1,21.489797111505354,0.31069164294601254
fresh_div2k_0839,DIV2K_fresh,fresh_div2k_0839,test,0.01,0.01031494140625,0.0,2026,4aad33b6a76462f583046591e4ea4fdc4d8f42e0f4fd1f38ed9932ebf0222831,hqs,2,22.993872985420353,0.4347620416177835
fresh_div2k_0839,DIV2K_fresh,fresh_div2k_0839,test,0.01,0.01031494140625,0.0,2026,4aad33b6a76462f583046591e4ea4fdc4d8f42e0f4fd1f38ed9932ebf0222831,hqs,3,23.674852018490263,0.5121639822465602
fresh_div2k_0839,DIV2K_fresh,fresh_div2k_0839,test,0.01,0.01031494140625,0.0,2026,4aad33b6a76462f583046591e4ea4fdc4d8f42e0f4fd1f38ed9932ebf0222831,hqs,4,23.958795691811233,0.560979905327883
fresh_div2k_0839,DIV2K_fresh,fresh_div2k_0839,test,0.01,0.01031494140625,0.0,2026,4aad33b6a76462f583046591e4ea4fdc4d8f42e0f4fd1f38ed9932ebf0222831,hqs,5,24.098156177452672,0.5855337285503999
fresh_div2k_0839,DIV2K_fresh,fresh_div2k_0839,test,0.01,0.01031494140625,0.0,2026,4aad33b6a76462f583046591e4ea4fdc4d8f42e0f4fd1f38ed9932ebf0222831,hqs,6,24.158905889708706,0.6038228479609491
fresh_div2k_0839,DIV2K_fresh,fresh_div2k_0839,test,0.01,0.01031494140625,0.0,2026,4aad33b6a76462f583046591e4ea4fdc4d8f42e0f4fd1f38ed9932ebf0222831,admm,1,21.373127536403693,0.2932509892701589
fresh_div2k_0839,DIV2K_fresh,fresh_div2k_0839,test,0.01,0.01031494140625,0.0,2026,4aad33b6a76462f583046591e4ea4fdc4d8f42e0f4fd1f38ed9932ebf0222831,admm,2,23.199767700924294,0.4939247586539491
fresh_div2k_0839,DIV2K_fresh,fresh_div2k_0839,test,0.01,0.01031494140625,0.0,2026,4aad33b6a76462f583046591e4ea4fdc4d8f42e0f4fd1f38ed9932ebf0222831,admm,3,23.8493187887413,0.5679012557849932
fresh_div2k_0839,DIV2K_fresh,fresh_div2k_0839,test,0.01,0.01031494140625,0.0,2026,4aad33b6a76462f583046591e4ea4fdc4d8f42e0f4fd1f38ed9932ebf0222831,admm,4,24.012810882907782,0.6083994121527244
fresh_div2k_0839,DIV2K_fresh,fresh_div2k_0839,test,0.01,0.01031494140625,0.0,2026,4aad33b6a76462f583046591e4ea4fdc4d8f42e0f4fd1f38ed9932ebf0222831,admm,5,24.117767985067072,0.6095217739864724
fresh_div2k_0839,DIV2K_fresh,fresh_div2k_0839,test,0.01,0.01031494140625,0.0,2026,4aad33b6a76462f583046591e4ea4fdc4d8f42e0f4fd1f38ed9932ebf0222831,admm,6,24.170127864684304,0.5885824313796512
fresh_div2k_0839,DIV2K_fresh,fresh_div2k_0839,test,0.04,0.041259765625,0.0,2026,14dad48dd16caff1a4826a401eb88bffbe992d86d61bf9ca83d232f1e5b47187,hqs,1,24.22074683097639,0.4753023896531381
fresh_div2k_0839,DIV2K_fresh,fresh_div2k_0839,test,0.04,0.041259765625,0.0,2026,14dad48dd16caff1a4826a401eb88bffbe992d86d61bf9ca83d232f1e5b47187,hqs,2,25.787316090861164,0.6130281605552891
fresh_div2k_0839,DIV2K_fresh,fresh_div2k_0839,test,0.04,0.041259765625,0.0,2026,14dad48dd16caff1a4826a401eb88bffbe992d86d61bf9ca83d232f1e5b47187,hqs,3,26.52022527029413,0.7034609759047851
fresh_div2k_0839,DIV2K_fresh,fresh_div2k_0839,test,0.04,0.041259765625,0.0,2026,14dad48dd16caff1a4826a401eb88bffbe992d86d61bf9ca83d232f1e5b47187,hqs,4,26.801262499804377,0.7291070693618832
fresh_div2k_0839,DIV2K_fresh,fresh_div2k_0839,test,0.04,0.041259765625,0.0,2026,14dad48dd16caff1a4826a401eb88bffbe992d86d61bf9ca83d232f1e5b47187,hqs,5,26.943163892801934,0.747829508414776
fresh_div2k_0839,DIV2K_fresh,fresh_div2k_0839,test,0.04,0.041259765625,0.0,2026,14dad48dd16caff1a4826a401eb88bffbe992d86d61bf9ca83d232f1e5b47187,hqs,6,27.021802464016492,0.7622372334895273
fresh_div2k_0839,DIV2K_fresh,fresh_div2k_0839,test,0.04,0.041259765625,0.0,2026,14dad48dd16caff1a4826a401eb88bffbe992d86d61bf9ca83d232f1e5b47187,admm,1,24.039469519418248,0.44090429282889343
fresh_div2k_0839,DIV2K_fresh,fresh_div2k_0839,test,0.04,0.041259765625,0.0,2026,14dad48dd16caff1a4826a401eb88bffbe992d86d61bf9ca83d232f1e5b47187,admm,2,26.0622399046,0.66065879391573
fresh_div2k_0839,DIV2K_fresh,fresh_div2k_0839,test,0.04,0.041259765625,0.0,2026,14dad48dd16caff1a4826a401eb88bffbe992d86d61bf9ca83d232f1e5b47187,admm,3,26.64631356547511,0.7333952201313115
fresh_div2k_0839,DIV2K_fresh,fresh_div2k_0839,test,0.04,0.041259765625,0.0,2026,14dad48dd16caff1a4826a401eb88bffbe992d86d61bf9ca83d232f1e5b47187,admm,4,26.769883036600902,0.7447718382783458
fresh_div2k_0839,DIV2K_fresh,fresh_div2k_0839,test,0.04,0.041259765625,0.0,2026,14dad48dd16caff1a4826a401eb88bffbe992d86d61bf9ca83d232f1e5b47187,admm,5,26.905324321629614,0.7507466206344869
fresh_div2k_0839,DIV2K_fresh,fresh_div2k_0839,test,0.04,0.041259765625,0.0,2026,14dad48dd16caff1a4826a401eb88bffbe992d86d61bf9ca83d232f1e5b47187,admm,6,27.042414748457553,0.7588197888240814
fresh_div2k_0839,DIV2K_fresh,fresh_div2k_0839,test,0.1,0.1001129150390625,0.0,2026,c2c66e9d5a37964509f3ff0b3cac2987af7b95190e814a1ae27e7e626b9346f7,hqs,1,26.26019562182313,0.5959653007407543
fresh_div2k_0839,DIV2K_fresh,fresh_div2k_0839,test,0.1,0.1001129150390625,0.0,2026,c2c66e9d5a37964509f3ff0b3cac2987af7b95190e814a1ae27e7e626b9346f7,hqs,2,28.081650793342746,0.7397564515483082
fresh_div2k_0839,DIV2K_fresh,fresh_div2k_0839,test,0.1,0.1001129150390625,0.0,2026,c2c66e9d5a37964509f3ff0b3cac2987af7b95190e814a1ae27e7e626b9346f7,hqs,3,28.992646505252083,0.8210280182273388
fresh_div2k_0839,DIV2K_fresh,fresh_div2k_0839,test,0.1,0.1001129150390625,0.0,2026,c2c66e9d5a37964509f3ff0b3cac2987af7b95190e814a1ae27e7e626b9346f7,hqs,4,29.386203514040183,0.8412923484053612
fresh_div2k_0839,DIV2K_fresh,fresh_div2k_0839,test,0.1,0.1001129150390625,0.0,2026,c2c66e9d5a37964509f3ff0b3cac2987af7b95190e814a1ae27e7e626b9346f7,hqs,5,29.6114644997198,0.8685295601212978
fresh_div2k_0839,DIV2K_fresh,fresh_div2k_0839,test,0.1,0.1001129150390625,0.0,2026,c2c66e9d5a37964509f3ff0b3cac2987af7b95190e814a1ae27e7e626b9346f7,hqs,6,29.751820367762882,0.878901860628128
fresh_div2k_0839,DIV2K_fresh,fresh_div2k_0839,test,0.1,0.1001129150390625,0.0,2026,c2c66e9d5a37964509f3ff0b3cac2987af7b95190e814a1ae27e7e626b9346f7,admm,1,26.060121061417178,0.5534090415037305
fresh_div2k_0839,DIV2K_fresh,fresh_div2k_0839,test,0.1,0.1001129150390625,0.0,2026,c2c66e9d5a37964509f3ff0b3cac2987af7b95190e814a1ae27e7e626b9346f7,admm,2,28.4197061483571,0.7794410557006002
fresh_div2k_0839,DIV2K_fresh,fresh_div2k_0839,test,0.1,0.1001129150390625,0.0,2026,c2c66e9d5a37964509f3ff0b3cac2987af7b95190e814a1ae27e7e626b9346f7,admm,3,29.10183324724597,0.847020274367094
fresh_div2k_0839,DIV2K_fresh,fresh_div2k_0839,test,0.1,0.1001129150390625,0.0,2026,c2c66e9d5a37964509f3ff0b3cac2987af7b95190e814a1ae27e7e626b9346f7,admm,4,29.320718442608467,0.8573545108287335
fresh_div2k_0839,DIV2K_fresh,fresh_div2k_0839,test,0.1,0.1001129150390625,0.0,2026,c2c66e9d5a37964509f3ff0b3cac2987af7b95190e814a1ae27e7e626b9346f7,admm,5,29.56269243561288,0.8664479178810119
fresh_div2k_0839,DIV2K_fresh,fresh_div2k_0839,test,0.1,0.1001129150390625,0.0,2026,c2c66e9d5a37964509f3ff0b3cac2987af7b95190e814a1ae27e7e626b9346f7,admm,6,29.751206474341366,0.8769041590919494
fresh_div2k_0839,DIV2K_fresh,fresh_div2k_0839,test,0.25,0.25,0.0,2026,0ad13cd0744f440278546eb9018ec2e19075ab30bf3252466cde633b6649e5d9,hqs,1,29.21949869468079,0.7452783755210638
fresh_div2k_0839,DIV2K_fresh,fresh_div2k_0839,test,0.25,0.25,0.0,2026,0ad13cd0744f440278546eb9018ec2e19075ab30bf3252466cde633b6649e5d9,hqs,2,31.326253859999152,0.8685614614672661
fresh_div2k_0839,DIV2K_fresh,fresh_div2k_0839,test,0.25,0.25,0.0,2026,0ad13cd0744f440278546eb9018ec2e19075ab30bf3252466cde633b6649e5d9,hqs,3,32.4320420427855,0.921871344391346
fresh_div2k_0839,DIV2K_fresh,fresh_div2k_0839,test,0.25,0.25,0.0,2026,0ad13cd0744f440278546eb9018ec2e19075ab30bf3252466cde633b6649e5d9,hqs,4,32.99585289104773,0.9330942596950531
fresh_div2k_0839,DIV2K_fresh,fresh_div2k_0839,test,0.25,0.25,0.0,2026,0ad13cd0744f440278546eb9018ec2e19075ab30bf3252466cde633b6649e5d9,hqs,5,33.32006381230365,0.9472674069080352
fresh_div2k_0839,DIV2K_fresh,fresh_div2k_0839,test,0.25,0.25,0.0,2026,0ad13cd0744f440278546eb9018ec2e19075ab30bf3252466cde633b6649e5d9,hqs,6,33.51044894645363,0.9514185519366264
fresh_div2k_0839,DIV2K_fresh,fresh_div2k_0839,test,0.25,0.25,0.0,2026,0ad13cd0744f440278546eb9018ec2e19075ab30bf3252466cde633b6649e5d9,admm,1,29.024115406500744,0.7090445621064901
fresh_div2k_0839,DIV2K_fresh,fresh_div2k_0839,test,0.25,0.25,0.0,2026,0ad13cd0744f440278546eb9018ec2e19075ab30bf3252466cde633b6649e5d9,admm,2,31.8360555744337,0.9012397617287636
fresh_div2k_0839,DIV2K_fresh,fresh_div2k_0839,test,0.25,0.25,0.0,2026,0ad13cd0744f440278546eb9018ec2e19075ab30bf3252466cde633b6649e5d9,admm,3,32.69888744199402,0.9356321805696487
fresh_div2k_0839,DIV2K_fresh,fresh_div2k_0839,test,0.25,0.25,0.0,2026,0ad13cd0744f440278546eb9018ec2e19075ab30bf3252466cde633b6649e5d9,admm,4,32.99628332503304,0.9374015988106728
fresh_div2k_0839,DIV2K_fresh,fresh_div2k_0839,test,0.25,0.25,0.0,2026,0ad13cd0744f440278546eb9018ec2e19075ab30bf3252466cde633b6649e5d9,admm,5,33.31986397750276,0.9419304875936508
fresh_div2k_0839,DIV2K_fresh,fresh_div2k_0839,test,0.25,0.25,0.0,2026,0ad13cd0744f440278546eb9018ec2e19075ab30bf3252466cde633b6649e5d9,admm,6,33.51318094322246,0.9511016617321968
fresh_div2k_0839,DIV2K_fresh,fresh_div2k_0839,test,0.5,0.4998931884765625,0.0,2026,642217f72f3f5c1260acdddd381433064e50d42bdf767daa291616e9ba1abc93,hqs,1,32.6045824230465,0.8423737122189998
fresh_div2k_0839,DIV2K_fresh,fresh_div2k_0839,test,0.5,0.4998931884765625,0.0,2026,642217f72f3f5c1260acdddd381433064e50d42bdf767daa291616e9ba1abc93,hqs,2,35.18019545802295,0.941466618973732
fresh_div2k_0839,DIV2K_fresh,fresh_div2k_0839,test,0.5,0.4998931884765625,0.0,2026,642217f72f3f5c1260acdddd381433064e50d42bdf767daa291616e9ba1abc93,hqs,3,36.77436317080372,0.9711212267131806
fresh_div2k_0839,DIV2K_fresh,fresh_div2k_0839,test,0.5,0.4998931884765625,0.0,2026,642217f72f3f5c1260acdddd381433064e50d42bdf767daa291616e9ba1abc93,hqs,4,37.818960117841016,0.9783451240539551
fresh_div2k_0839,DIV2K_fresh,fresh_div2k_0839,test,0.5,0.4998931884765625,0.0,2026,642217f72f3f5c1260acdddd381433064e50d42bdf767daa291616e9ba1abc93,hqs,5,38.50173951989135,0.9844750920791626
fresh_div2k_0839,DIV2K_fresh,fresh_div2k_0839,test,0.5,0.4998931884765625,0.0,2026,642217f72f3f5c1260acdddd381433064e50d42bdf767daa291616e9ba1abc93,hqs,6,38.983077043124126,0.9867132473974228
fresh_div2k_0839,DIV2K_fresh,fresh_div2k_0839,test,0.5,0.4998931884765625,0.0,2026,642217f72f3f5c1260acdddd381433064e50d42bdf767daa291616e9ba1abc93,admm,1,32.42849737945717,0.8139302978873253
fresh_div2k_0839,DIV2K_fresh,fresh_div2k_0839,test,0.5,0.4998931884765625,0.0,2026,642217f72f3f5c1260acdddd381433064e50d42bdf767daa291616e9ba1abc93,admm,2,35.89546195746469,0.960014288474083
fresh_div2k_0839,DIV2K_fresh,fresh_div2k_0839,test,0.5,0.4998931884765625,0.0,2026,642217f72f3f5c1260acdddd381433064e50d42bdf767daa291616e9ba1abc93,admm,3,37.260282479540614,0.9771156921329498
fresh_div2k_0839,DIV2K_fresh,fresh_div2k_0839,test,0.5,0.4998931884765625,0.0,2026,642217f72f3f5c1260acdddd381433064e50d42bdf767daa291616e9ba1abc93,admm,4,37.83219918129632,0.9758055793933869
fresh_div2k_0839,DIV2K_fresh,fresh_div2k_0839,test,0.5,0.4998931884765625,0.0,2026,642217f72f3f5c1260acdddd381433064e50d42bdf767daa291616e9ba1abc93,admm,5,38.50624164154895,0.9787829283008576
fresh_div2k_0839,DIV2K_fresh,fresh_div2k_0839,test,0.5,0.4998931884765625,0.0,2026,642217f72f3f5c1260acdddd381433064e50d42bdf767daa291616e9ba1abc93,admm,6,39.04502636967593,0.9867242438898086
fresh_div2k_0839,DIV2K_fresh,fresh_div2k_0839,test,0.1,0.1001129150390625,0.01,2026,ae7d15d27d730ec8675727b5081290b984e197b2bee2a3f2fdee79998e82392c,hqs,1,26.25343835674444,0.595359233830926
fresh_div2k_0839,DIV2K_fresh,fresh_div2k_0839,test,0.1,0.1001129150390625,0.01,2026,ae7d15d27d730ec8675727b5081290b984e197b2bee2a3f2fdee79998e82392c,hqs,2,28.0580393620265,0.7387340648490675
fresh_div2k_0839,DIV2K_fresh,fresh_div2k_0839,test,0.1,0.1001129150390625,0.01,2026,ae7d15d27d730ec8675727b5081290b984e197b2bee2a3f2fdee79998e82392c,hqs,3,28.937286904548486,0.818596555807352
fresh_div2k_0839,DIV2K_fresh,fresh_div2k_0839,test,0.1,0.1001129150390625,0.01,2026,ae7d15d27d730ec8675727b5081290b984e197b2bee2a3f2fdee79998e82392c,hqs,4,29.295303328079175,0.8388155447366238
fresh_div2k_0839,DIV2K_fresh,fresh_div2k_0839,test,0.1,0.1001129150390625,0.01,2026,ae7d15d27d730ec8675727b5081290b984e197b2bee2a3f2fdee79998e82392c,hqs,5,29.481906976690617,0.8652019774210453
fresh_div2k_0839,DIV2K_fresh,fresh_div2k_0839,test,0.1,0.1001129150390625,0.01,2026,ae7d15d27d730ec8675727b5081290b984e197b2bee2a3f2fdee79998e82392c,hqs,6,29.5695852124871,0.8738230250909328
fresh_div2k_0839,DIV2K_fresh,fresh_div2k_0839,test,0.1,0.1001129150390625,0.01,2026,ae7d15d27d730ec8675727b5081290b984e197b2bee2a3f2fdee79998e82392c,admm,1,26.052651848991047,0.5525607148957873
fresh_div2k_0839,DIV2K_fresh,fresh_div2k_0839,test,0.1,0.1001129150390625,0.01,2026,ae7d15d27d730ec8675727b5081290b984e197b2bee2a3f2fdee79998e82392c,admm,2,28.38480020359797,0.7780093232939244
fresh_div2k_0839,DIV2K_fresh,fresh_div2k_0839,test,0.1,0.1001129150390625,0.01,2026,ae7d15d27d730ec8675727b5081290b984e197b2bee2a3f2fdee79998e82392c,admm,3,29.018775006815805,0.8444349995381832
fresh_div2k_0839,DIV2K_fresh,fresh_div2k_0839,test,0.1,0.1001129150390625,0.01,2026,ae7d15d27d730ec8675727b5081290b984e197b2bee2a3f2fdee79998e82392c,admm,4,29.188058159703036,0.8537408239347934
fresh_div2k_0839,DIV2K_fresh,fresh_div2k_0839,test,0.1,0.1001129150390625,0.01,2026,ae7d15d27d730ec8675727b5081290b984e197b2bee2a3f2fdee79998e82392c,admm,5,29.38919848366664,0.8601299392244816
fresh_div2k_0839,DIV2K_fresh,fresh_div2k_0839,test,0.1,0.1001129150390625,0.01,2026,ae7d15d27d730ec8675727b5081290b984e197b2bee2a3f2fdee79998e82392c,admm,6,29.580667725967768,0.87215287718153
fresh_div2k_0839,DIV2K_fresh,fresh_div2k_0839,test,0.1,0.1001129150390625,0.01,2027,de21319fb4bcb3c3ba552533daad15b3b0af3ffb064fb4d0c0f421e92684436f,hqs,1,26.246497407829494,0.5953157119712008
fresh_div2k_0839,DIV2K_fresh,fresh_div2k_0839,test,0.1,0.1001129150390625,0.01,2027,de21319fb4bcb3c3ba552533daad15b3b0af3ffb064fb4d0c0f421e92684436f,hqs,2,28.047382701664894,0.7381101110628844
fresh_div2k_0839,DIV2K_fresh,fresh_div2k_0839,test,0.1,0.1001129150390625,0.01,2027,de21319fb4bcb3c3ba552533daad15b3b0af3ffb064fb4d0c0f421e92684436f,hqs,3,28.91985828885913,0.8178074874879122
fresh_div2k_0839,DIV2K_fresh,fresh_div2k_0839,test,0.1,0.1001129150390625,0.01,2027,de21319fb4bcb3c3ba552533daad15b3b0af3ffb064fb4d0c0f421e92684436f,hqs,4,29.273828593652556,0.8375050399010181
fresh_div2k_0839,DIV2K_fresh,fresh_div2k_0839,test,0.1,0.1001129150390625,0.01,2027,de21319fb4bcb3c3ba552533daad15b3b0af3ffb064fb4d0c0f421e92684436f,hqs,5,29.45892752920766,0.8641864825201034
fresh_div2k_0839,DIV2K_fresh,fresh_div2k_0839,test,0.1,0.1001129150390625,0.01,2027,de21319fb4bcb3c3ba552533daad15b3b0af3ffb064fb4d0c0f421e92684436f,hqs,6,29.546537344954086,0.8731594435298443
fresh_div2k_0839,DIV2K_fresh,fresh_div2k_0839,test,0.1,0.1001129150390625,0.01,2027,de21319fb4bcb3c3ba552533daad15b3b0af3ffb064fb4d0c0f421e92684436f,admm,1,26.046702383702645,0.552717484608532
fresh_div2k_0839,DIV2K_fresh,fresh_div2k_0839,test,0.1,0.1001129150390625,0.01,2027,de21319fb4bcb3c3ba552533daad15b3b0af3ffb064fb4d0c0f421e92684436f,admm,2,28.374320756157545,0.7773549669594965
fresh_div2k_0839,DIV2K_fresh,fresh_div2k_0839,test,0.1,0.1001129150390625,0.01,2027,de21319fb4bcb3c3ba552533daad15b3b0af3ffb064fb4d0c0f421e92684436f,admm,3,29.003512389897402,0.8438303592579365
fresh_div2k_0839,DIV2K_fresh,fresh_div2k_0839,test,0.1,0.1001129150390625,0.01,2027,de21319fb4bcb3c3ba552533daad15b3b0af3ffb064fb4d0c0f421e92684436f,admm,4,29.168010269437513,0.8521510704042912
fresh_div2k_0839,DIV2K_fresh,fresh_div2k_0839,test,0.1,0.1001129150390625,0.01,2027,de21319fb4bcb3c3ba552533daad15b3b0af3ffb064fb4d0c0f421e92684436f,admm,5,29.36766251047738,0.8582818717439175
fresh_div2k_0839,DIV2K_fresh,fresh_div2k_0839,test,0.1,0.1001129150390625,0.01,2027,de21319fb4bcb3c3ba552533daad15b3b0af3ffb064fb4d0c0f421e92684436f,admm,6,29.556336907434186,0.8714740858230591
fresh_div2k_0839,DIV2K_fresh,fresh_div2k_0839,test,0.1,0.1001129150390625,0.01,2028,5a414a92aaedcb15ee120102b95a7d945d7bd754f4487e346093e65d19d9caa5,hqs,1,26.24566726267659,0.5954891601900761
fresh_div2k_0839,DIV2K_fresh,fresh_div2k_0839,test,0.1,0.1001129150390625,0.01,2028,5a414a92aaedcb15ee120102b95a7d945d7bd754f4487e346093e65d19d9caa5,hqs,2,28.048950379733718,0.7388485411842763
fresh_div2k_0839,DIV2K_fresh,fresh_div2k_0839,test,0.1,0.1001129150390625,0.01,2028,5a414a92aaedcb15ee120102b95a7d945d7bd754f4487e346093e65d19d9caa5,hqs,3,28.92518667758023,0.8177850146603585
fresh_div2k_0839,DIV2K_fresh,fresh_div2k_0839,test,0.1,0.1001129150390625,0.01,2028,5a414a92aaedcb15ee120102b95a7d945d7bd754f4487e346093e65d19d9caa5,hqs,4,29.275337804652708,0.8374977102185488
fresh_div2k_0839,DIV2K_fresh,fresh_div2k_0839,test,0.1,0.1001129150390625,0.01,2028,5a414a92aaedcb15ee120102b95a7d945d7bd754f4487e346093e65d19d9caa5,hqs,5,29.45766231873172,0.8642201870393753
fresh_div2k_0839,DIV2K_fresh,fresh_div2k_0839,test,0.1,0.1001129150390625,0.01,2028,5a414a92aaedcb15ee120102b95a7d945d7bd754f4487e346093e65d19d9caa5,hqs,6,29.54602570340855,0.8731202587077618
fresh_div2k_0839,DIV2K_fresh,fresh_div2k_0839,test,0.1,0.1001129150390625,0.01,2028,5a414a92aaedcb15ee120102b95a7d945d7bd754f4487e346093e65d19d9caa5,admm,1,26.04678651354146,0.5525482332073154
fresh_div2k_0839,DIV2K_fresh,fresh_div2k_0839,test,0.1,0.1001129150390625,0.01,2028,5a414a92aaedcb15ee120102b95a7d945d7bd754f4487e346093e65d19d9caa5,admm,2,28.377149947704716,0.7781598771209121
fresh_div2k_0839,DIV2K_fresh,fresh_div2k_0839,test,0.1,0.1001129150390625,0.01,2028,5a414a92aaedcb15ee120102b95a7d945d7bd754f4487e346093e65d19d9caa5,admm,3,29.013873857924896,0.8441637725224495
fresh_div2k_0839,DIV2K_fresh,fresh_div2k_0839,test,0.1,0.1001129150390625,0.01,2028,5a414a92aaedcb15ee120102b95a7d945d7bd754f4487e346093e65d19d9caa5,admm,4,29.17647194242967,0.8531841798025369
fresh_div2k_0839,DIV2K_fresh,fresh_div2k_0839,test,0.1,0.1001129150390625,0.01,2028,5a414a92aaedcb15ee120102b95a7d945d7bd754f4487e346093e65d19d9caa5,admm,5,29.373353095786246,0.859698657674551
fresh_div2k_0839,DIV2K_fresh,fresh_div2k_0839,test,0.1,0.1001129150390625,0.01,2028,5a414a92aaedcb15ee120102b95a7d945d7bd754f4487e346093e65d19d9caa5,admm,6,29.559534911585725,0.8712819121615887
fresh_div2k_0839,DIV2K_fresh,fresh_div2k_0839,test,0.1,0.1001129150390625,0.05,2026,b88de2644196ae743beafb772173b97f5c8284f78ae16130263c87e2259a5e43,hqs,1,25.99583232441438,0.5765937506420319
fresh_div2k_0839,DIV2K_fresh,fresh_div2k_0839,test,0.1,0.1001129150390625,0.05,2026,b88de2644196ae743beafb772173b97f5c8284f78ae16130263c87e2259a5e43,hqs,2,27.3398688898604,0.7029546798162516
fresh_div2k_0839,DIV2K_fresh,fresh_div2k_0839,test,0.1,0.1001129150390625,0.05,2026,b88de2644196ae743beafb772173b97f5c8284f78ae16130263c87e2259a5e43,hqs,3,27.631571438023816,0.7708143768115565
fresh_div2k_0839,DIV2K_fresh,fresh_div2k_0839,test,0.1,0.1001129150390625,0.05,2026,b88de2644196ae743beafb772173b97f5c8284f78ae16130263c87e2259a5e43,hqs,4,27.584413870302292,0.7941853931894973
fresh_div2k_0839,DIV2K_fresh,fresh_div2k_0839,test,0.1,0.1001129150390625,0.05,2026,b88de2644196ae743beafb772173b97f5c8284f78ae16130263c87e2259a5e43,hqs,5,27.405341687522828,0.7939466431140527
fresh_div2k_0839,DIV2K_fresh,fresh_div2k_0839,test,0.1,0.1001129150390625,0.05,2026,b88de2644196ae743beafb772173b97f5c8284f78ae16130263c87e2259a5e43,hqs,6,27.09445138963819,0.7699249736492186
fresh_div2k_0839,DIV2K_fresh,fresh_div2k_0839,test,0.1,0.1001129150390625,0.05,2026,b88de2644196ae743beafb772173b97f5c8284f78ae16130263c87e2259a5e43,admm,1,25.80212889228037,0.5343690784512009
fresh_div2k_0839,DIV2K_fresh,fresh_div2k_0839,test,0.1,0.1001129150390625,0.05,2026,b88de2644196ae743beafb772173b97f5c8284f78ae16130263c87e2259a5e43,admm,2,27.47233712571022,0.7322435530740395
fresh_div2k_0839,DIV2K_fresh,fresh_div2k_0839,test,0.1,0.1001129150390625,0.05,2026,b88de2644196ae743beafb772173b97f5c8284f78ae16130263c87e2259a5e43,admm,3,27.36717566854764,0.7684690489747115
fresh_div2k_0839,DIV2K_fresh,fresh_div2k_0839,test,0.1,0.1001129150390625,0.05,2026,b88de2644196ae743beafb772173b97f5c8284f78ae16130263c87e2259a5e43,admm,4,27.047909016156883,0.7471432454012606
fresh_div2k_0839,DIV2K_fresh,fresh_div2k_0839,test,0.1,0.1001129150390625,0.05,2026,b88de2644196ae743beafb772173b97f5c8284f78ae16130263c87e2259a5e43,admm,5,26.932910998874835,0.7303647646268941
fresh_div2k_0839,DIV2K_fresh,fresh_div2k_0839,test,0.1,0.1001129150390625,0.05,2026,b88de2644196ae743beafb772173b97f5c8284f78ae16130263c87e2259a5e43,admm,6,27.284371139640008,0.770883433511287
fresh_div2k_0839,DIV2K_fresh,fresh_div2k_0839,test,0.1,0.1001129150390625,0.05,2027,2442db12ba4e0059882bb531954f60907178be5699d7191db353068eb95c01d6,hqs,1,25.95770156540064,0.5749879243684849
fresh_div2k_0839,DIV2K_fresh,fresh_div2k_0839,test,0.1,0.1001129150390625,0.05,2027,2442db12ba4e0059882bb531954f60907178be5699d7191db353068eb95c01d6,hqs,2,27.30600110323264,0.6978888459947147
fresh_div2k_0839,DIV2K_fresh,fresh_div2k_0839,test,0.1,0.1001129150390625,0.05,2027,2442db12ba4e0059882bb531954f60907178be5699d7191db353068eb95c01d6,hqs,3,27.606278856600724,0.7658030999702439
fresh_div2k_0839,DIV2K_fresh,fresh_div2k_0839,test,0.1,0.1001129150390625,0.05,2027,2442db12ba4e0059882bb531954f60907178be5699d7191db353068eb95c01d6,hqs,4,27.54565602342062,0.7860675977703798
fresh_div2k_0839,DIV2K_fresh,fresh_div2k_0839,test,0.1,0.1001129150390625,0.05,2027,2442db12ba4e0059882bb531954f60907178be5699d7191db353068eb95c01d6,hqs,5,27.3634625464005,0.7839357741850466
fresh_div2k_0839,DIV2K_fresh,fresh_div2k_0839,test,0.1,0.1001129150390625,0.05,2027,2442db12ba4e0059882bb531954f60907178be5699d7191db353068eb95c01d6,hqs,6,27.05474964439326,0.7584243391236017
fresh_div2k_0839,DIV2K_fresh,fresh_div2k_0839,test,0.1,0.1001129150390625,0.05,2027,2442db12ba4e0059882bb531954f60907178be5699d7191db353068eb95c01d6,admm,1,25.766322875100048,0.5335483778843543
fresh_div2k_0839,DIV2K_fresh,fresh_div2k_0839,test,0.1,0.1001129150390625,0.05,2027,2442db12ba4e0059882bb531954f60907178be5699d7191db353068eb95c01d6,admm,2,27.438562038110494,0.7273483733186489
fresh_div2k_0839,DIV2K_fresh,fresh_div2k_0839,test,0.1,0.1001129150390625,0.05,2027,2442db12ba4e0059882bb531954f60907178be5699d7191db353068eb95c01d6,admm,3,27.32569524125242,0.7586321370911747
fresh_div2k_0839,DIV2K_fresh,fresh_div2k_0839,test,0.1,0.1001129150390625,0.05,2027,2442db12ba4e0059882bb531954f60907178be5699d7191db353068eb95c01d6,admm,4,26.98463096317832,0.7339131181821972
fresh_div2k_0839,DIV2K_fresh,fresh_div2k_0839,test,0.1,0.1001129150390625,0.05,2027,2442db12ba4e0059882bb531954f60907178be5699d7191db353068eb95c01d6,admm,5,26.87369680011144,0.7143475178137123
fresh_div2k_0839,DIV2K_fresh,fresh_div2k_0839,test,0.1,0.1001129150390625,0.05,2027,2442db12ba4e0059882bb531954f60907178be5699d7191db353068eb95c01d6,admm,6,27.231157974084013,0.7565039305704757
fresh_div2k_0839,DIV2K_fresh,fresh_div2k_0839,test,0.1,0.1001129150390625,0.05,2028,2d959510b517946b952501373d7d328bc7ed756feecd51168c9f0bfbc1abbdf7,hqs,1,25.964374591361505,0.5778588337111533
fresh_div2k_0839,DIV2K_fresh,fresh_div2k_0839,test,0.1,0.1001129150390625,0.05,2028,2d959510b517946b952501373d7d328bc7ed756feecd51168c9f0bfbc1abbdf7,hqs,2,27.318135504874192,0.7026838041891307
fresh_div2k_0839,DIV2K_fresh,fresh_div2k_0839,test,0.1,0.1001129150390625,0.05,2028,2d959510b517946b952501373d7d328bc7ed756feecd51168c9f0bfbc1abbdf7,hqs,3,27.63324756209081,0.7672704134330918
fresh_div2k_0839,DIV2K_fresh,fresh_div2k_0839,test,0.1,0.1001129150390625,0.05,2028,2d959510b517946b952501373d7d328bc7ed756feecd51168c9f0bfbc1abbdf7,hqs,4,27.568467670410012,0.7851749561076536
fresh_div2k_0839,DIV2K_fresh,fresh_div2k_0839,test,0.1,0.1001129150390625,0.05,2028,2d959510b517946b952501373d7d328bc7ed756feecd51168c9f0bfbc1abbdf7,hqs,5,27.393128103752986,0.7852426736481068
fresh_div2k_0839,DIV2K_fresh,fresh_div2k_0839,test,0.1,0.1001129150390625,0.05,2028,2d959510b517946b952501373d7d328bc7ed756feecd51168c9f0bfbc1abbdf7,hqs,6,27.08370854365732,0.7647313486030698
fresh_div2k_0839,DIV2K_fresh,fresh_div2k_0839,test,0.1,0.1001129150390625,0.05,2028,2d959510b517946b952501373d7d328bc7ed756feecd51168c9f0bfbc1abbdf7,admm,1,25.777702105781152,0.5344127693118967
fresh_div2k_0839,DIV2K_fresh,fresh_div2k_0839,test,0.1,0.1001129150390625,0.05,2028,2d959510b517946b952501373d7d328bc7ed756feecd51168c9f0bfbc1abbdf7,admm,2,27.447705614971674,0.7311601964221198
fresh_div2k_0839,DIV2K_fresh,fresh_div2k_0839,test,0.1,0.1001129150390625,0.05,2028,2d959510b517946b952501373d7d328bc7ed756feecd51168c9f0bfbc1abbdf7,admm,3,27.35718491203734,0.7625383510156721
fresh_div2k_0839,DIV2K_fresh,fresh_div2k_0839,test,0.1,0.1001129150390625,0.05,2028,2d959510b517946b952501373d7d328bc7ed756feecd51168c9f0bfbc1abbdf7,admm,4,27.016679543467916,0.7379895114296525
fresh_div2k_0839,DIV2K_fresh,fresh_div2k_0839,test,0.1,0.1001129150390625,0.05,2028,2d959510b517946b952501373d7d328bc7ed756feecd51168c9f0bfbc1abbdf7,admm,5,26.92364130114369,0.7272520886938348
fresh_div2k_0839,DIV2K_fresh,fresh_div2k_0839,test,0.1,0.1001129150390625,0.05,2028,2d959510b517946b952501373d7d328bc7ed756feecd51168c9f0bfbc1abbdf7,admm,6,27.271636389223044,0.7649293874215484
fresh_div2k_0842,DIV2K_fresh,fresh_div2k_0842,test,0.01,0.01031494140625,0.0,2026,5451ef3fd52b69ed9eeba989e45b1fdd9884baf2f0ea1a1b28f1702256320a6d,hqs,1,20.556290803604725,0.43559416734403805
fresh_div2k_0842,DIV2K_fresh,fresh_div2k_0842,test,0.01,0.01031494140625,0.0,2026,5451ef3fd52b69ed9eeba989e45b1fdd9884baf2f0ea1a1b28f1702256320a6d,hqs,2,21.485928966720238,0.5319549799207602
fresh_div2k_0842,DIV2K_fresh,fresh_div2k_0842,test,0.01,0.01031494140625,0.0,2026,5451ef3fd52b69ed9eeba989e45b1fdd9884baf2f0ea1a1b28f1702256320a6d,hqs,3,21.886155005577788,0.5752054920010321
fresh_div2k_0842,DIV2K_fresh,fresh_div2k_0842,test,0.01,0.01031494140625,0.0,2026,5451ef3fd52b69ed9eeba989e45b1fdd9884baf2f0ea1a1b28f1702256320a6d,hqs,4,22.0798229255297,0.5914830989494776
fresh_div2k_0842,DIV2K_fresh,fresh_div2k_0842,test,0.01,0.01031494140625,0.0,2026,5451ef3fd52b69ed9eeba989e45b1fdd9884baf2f0ea1a1b28f1702256320a6d,hqs,5,22.168851430068045,0.5982087797680975
fresh_div2k_0842,DIV2K_fresh,fresh_div2k_0842,test,0.01,0.01031494140625,0.0,2026,5451ef3fd52b69ed9eeba989e45b1fdd9884baf2f0ea1a1b28f1702256320a6d,hqs,6,22.20513341606253,0.5997687628350518
fresh_div2k_0842,DIV2K_fresh,fresh_div2k_0842,test,0.01,0.01031494140625,0.0,2026,5451ef3fd52b69ed9eeba989e45b1fdd9884baf2f0ea1a1b28f1702256320a6d,admm,1,20.489081934095363,0.42797443697016324
fresh_div2k_0842,DIV2K_fresh,fresh_div2k_0842,test,0.01,0.01031494140625,0.0,2026,5451ef3fd52b69ed9eeba989e45b1fdd9884baf2f0ea1a1b28f1702256320a6d,admm,2,21.630149954895227,0.5505198669576664
fresh_div2k_0842,DIV2K_fresh,fresh_div2k_0842,test,0.01,0.01031494140625,0.0,2026,5451ef3fd52b69ed9eeba989e45b1fdd9884baf2f0ea1a1b28f1702256320a6d,admm,3,21.937905794515714,0.5808550409696613
fresh_div2k_0842,DIV2K_fresh,fresh_div2k_0842,test,0.01,0.01031494140625,0.0,2026,5451ef3fd52b69ed9eeba989e45b1fdd9884baf2f0ea1a1b28f1702256320a6d,admm,4,22.06746438831011,0.5882995417934604
fresh_div2k_0842,DIV2K_fresh,fresh_div2k_0842,test,0.01,0.01031494140625,0.0,2026,5451ef3fd52b69ed9eeba989e45b1fdd9884baf2f0ea1a1b28f1702256320a6d,admm,5,22.161008345236937,0.5961890209602454
fresh_div2k_0842,DIV2K_fresh,fresh_div2k_0842,test,0.01,0.01031494140625,0.0,2026,5451ef3fd52b69ed9eeba989e45b1fdd9884baf2f0ea1a1b28f1702256320a6d,admm,6,22.21903807026598,0.6006737595855755
fresh_div2k_0842,DIV2K_fresh,fresh_div2k_0842,test,0.04,0.041259765625,0.0,2026,83fb0a9602687e9ebd5f0a38e9aeae5200e588d0c74f11914d7e8d9b0b0a9023,hqs,1,23.571644008041268,0.5761357818689555
fresh_div2k_0842,DIV2K_fresh,fresh_div2k_0842,test,0.04,0.041259765625,0.0,2026,83fb0a9602687e9ebd5f0a38e9aeae5200e588d0c74f11914d7e8d9b0b0a9023,hqs,2,25.15132474832791,0.6960769776284573
fresh_div2k_0842,DIV2K_fresh,fresh_div2k_0842,test,0.04,0.041259765625,0.0,2026,83fb0a9602687e9ebd5f0a38e9aeae5200e588d0c74f11914d7e8d9b0b0a9023,hqs,3,25.917261196486123,0.7565241450719238
fresh_div2k_0842,DIV2K_fresh,fresh_div2k_0842,test,0.04,0.041259765625,0.0,2026,83fb0a9602687e9ebd5f0a38e9aeae5200e588d0c74f11914d7e8d9b0b0a9023,hqs,4,26.18315684565153,0.7733916113395691
fresh_div2k_0842,DIV2K_fresh,fresh_div2k_0842,test,0.04,0.041259765625,0.0,2026,83fb0a9602687e9ebd5f0a38e9aeae5200e588d0c74f11914d7e8d9b0b0a9023,hqs,5,26.29308933233862,0.7794396278456003
fresh_div2k_0842,DIV2K_fresh,fresh_div2k_0842,test,0.04,0.041259765625,0.0,2026,83fb0a9602687e9ebd5f0a38e9aeae5200e588d0c74f11914d7e8d9b0b0a9023,hqs,6,26.370701134611974,0.7857595508682169
fresh_div2k_0842,DIV2K_fresh,fresh_div2k_0842,test,0.04,0.041259765625,0.0,2026,83fb0a9602687e9ebd5f0a38e9aeae5200e588d0c74f11914d7e8d9b0b0a9023,admm,1,23.436638152560523,0.565783043915438
fresh_div2k_0842,DIV2K_fresh,fresh_div2k_0842,test,0.04,0.041259765625,0.0,2026,83fb0a9602687e9ebd5f0a38e9aeae5200e588d0c74f11914d7e8d9b0b0a9023,admm,2,25.432921604708028,0.7201532484279548
fresh_div2k_0842,DIV2K_fresh,fresh_div2k_0842,test,0.04,0.041259765625,0.0,2026,83fb0a9602687e9ebd5f0a38e9aeae5200e588d0c74f11914d7e8d9b0b0a9023,admm,3,25.98190680514748,0.763712911963481
fresh_div2k_0842,DIV2K_fresh,fresh_div2k_0842,test,0.04,0.041259765625,0.0,2026,83fb0a9602687e9ebd5f0a38e9aeae5200e588d0c74f11914d7e8d9b0b0a9023,admm,4,26.11970753612212,0.7690066667558253
fresh_div2k_0842,DIV2K_fresh,fresh_div2k_0842,test,0.04,0.041259765625,0.0,2026,83fb0a9602687e9ebd5f0a38e9aeae5200e588d0c74f11914d7e8d9b0b0a9023,admm,5,26.266268340224062,0.7794226617980266
fresh_div2k_0842,DIV2K_fresh,fresh_div2k_0842,test,0.04,0.041259765625,0.0,2026,83fb0a9602687e9ebd5f0a38e9aeae5200e588d0c74f11914d7e8d9b0b0a9023,admm,6,26.341652189990313,0.7827883520651795
fresh_div2k_0842,DIV2K_fresh,fresh_div2k_0842,test,0.1,0.1001129150390625,0.0,2026,27a05205ee300432d0712f70a5740155d8835e2860381db596a2e5089a402611,hqs,1,25.729364057616596,0.6890430972167826
fresh_div2k_0842,DIV2K_fresh,fresh_div2k_0842,test,0.1,0.1001129150390625,0.0,2026,27a05205ee300432d0712f70a5740155d8835e2860381db596a2e5089a402611,hqs,2,27.504652305456396,0.8022324854018689
fresh_div2k_0842,DIV2K_fresh,fresh_div2k_0842,test,0.1,0.1001129150390625,0.0,2026,27a05205ee300432d0712f70a5740155d8835e2860381db596a2e5089a402611,hqs,3,28.351290851634747,0.8533527386522293
fresh_div2k_0842,DIV2K_fresh,fresh_div2k_0842,test,0.1,0.1001129150390625,0.0,2026,27a05205ee300432d0712f70a5740155d8835e2860381db596a2e5089a402611,hqs,4,28.611952557831447,0.8646934352748394
fresh_div2k_0842,DIV2K_fresh,fresh_div2k_0842,test,0.1,0.1001129150390625,0.0,2026,27a05205ee300432d0712f70a5740155d8835e2860381db596a2e5089a402611,hqs,5,28.693775560697524,0.8675753609492779
fresh_div2k_0842,DIV2K_fresh,fresh_div2k_0842,test,0.1,0.1001129150390625,0.0,2026,27a05205ee300432d0712f70a5740155d8835e2860381db596a2e5089a402611,hqs,6,28.73763776862959,0.8708342397227288
fresh_div2k_0842,DIV2K_fresh,fresh_div2k_0842,test,0.1,0.1001129150390625,0.0,2026,27a05205ee300432d0712f70a5740155d8835e2860381db596a2e5089a402611,admm,1,25.546694439866663,0.6765808013737844
fresh_div2k_0842,DIV2K_fresh,fresh_div2k_0842,test,0.1,0.1001129150390625,0.0,2026,27a05205ee300432d0712f70a5740155d8835e2860381db596a2e5089a402611,admm,2,27.82645781743664,0.8250765871613026
fresh_div2k_0842,DIV2K_fresh,fresh_div2k_0842,test,0.1,0.1001129150390625,0.0,2026,27a05205ee300432d0712f70a5740155d8835e2860381db596a2e5089a402611,admm,3,28.41249031447344,0.8571918086316586
fresh_div2k_0842,DIV2K_fresh,fresh_div2k_0842,test,0.1,0.1001129150390625,0.0,2026,27a05205ee300432d0712f70a5740155d8835e2860381db596a2e5089a402611,admm,4,28.50875464887016,0.8572811663427353
fresh_div2k_0842,DIV2K_fresh,fresh_div2k_0842,test,0.1,0.1001129150390625,0.0,2026,27a05205ee300432d0712f70a5740155d8835e2860381db596a2e5089a402611,admm,5,28.6726384818148,0.8657251972284317
fresh_div2k_0842,DIV2K_fresh,fresh_div2k_0842,test,0.1,0.1001129150390625,0.0,2026,27a05205ee300432d0712f70a5740155d8835e2860381db596a2e5089a402611,admm,6,28.76935155129088,0.8700256248614788
fresh_div2k_0842,DIV2K_fresh,fresh_div2k_0842,test,0.25,0.25,0.0,2026,aa1c01787045a025319a949d20c42b4dc2952843a7e03f56ed9cd5a3098ec92c,hqs,1,28.69419215208202,0.8171147443375587
fresh_div2k_0842,DIV2K_fresh,fresh_div2k_0842,test,0.25,0.25,0.0,2026,aa1c01787045a025319a949d20c42b4dc2952843a7e03f56ed9cd5a3098ec92c,hqs,2,30.836398550340935,0.8969170810484887
fresh_div2k_0842,DIV2K_fresh,fresh_div2k_0842,test,0.25,0.25,0.0,2026,aa1c01787045a025319a949d20c42b4dc2952843a7e03f56ed9cd5a3098ec92c,hqs,3,31.8972805340823,0.9277578833584785
fresh_div2k_0842,DIV2K_fresh,fresh_div2k_0842,test,0.25,0.25,0.0,2026,aa1c01787045a025319a949d20c42b4dc2952843a7e03f56ed9cd5a3098ec92c,hqs,4,32.34695355235804,0.9349395346984863
fresh_div2k_0842,DIV2K_fresh,fresh_div2k_0842,test,0.25,0.25,0.0,2026,aa1c01787045a025319a949d20c42b4dc2952843a7e03f56ed9cd5a3098ec92c,hqs,5,32.57645419405566,0.9376331210846901
fresh_div2k_0842,DIV2K_fresh,fresh_div2k_0842,test,0.25,0.25,0.0,2026,aa1c01787045a025319a949d20c42b4dc2952843a7e03f56ed9cd5a3098ec92c,hqs,6,32.743461986505714,0.9406139256105422
fresh_div2k_0842,DIV2K_fresh,fresh_div2k_0842,test,0.25,0.25,0.0,2026,aa1c01787045a025319a949d20c42b4dc2952843a7e03f56ed9cd5a3098ec92c,admm,1,28.53250656371198,0.8070152113862038
fresh_div2k_0842,DIV2K_fresh,fresh_div2k_0842,test,0.25,0.25,0.0,2026,aa1c01787045a025319a949d20c42b4dc2952843a7e03f56ed9cd5a3098ec92c,admm,2,31.349617654781138,0.9145921215500832
fresh_div2k_0842,DIV2K_fresh,fresh_div2k_0842,test,0.25,0.25,0.0,2026,aa1c01787045a025319a949d20c42b4dc2952843a7e03f56ed9cd5a3098ec92c,admm,3,32.008810134442925,0.9275628272247315
fresh_div2k_0842,DIV2K_fresh,fresh_div2k_0842,test,0.25,0.25,0.0,2026,aa1c01787045a025319a949d20c42b4dc2952843a7e03f56ed9cd5a3098ec92c,admm,4,32.20375623539868,0.9278604212126732
fresh_div2k_0842,DIV2K_fresh,fresh_div2k_0842,test,0.25,0.25,0.0,2026,aa1c01787045a025319a949d20c42b4dc2952843a7e03f56ed9cd5a3098ec92c,admm,5,32.569148031007494,0.936177775496006
fresh_div2k_0842,DIV2K_fresh,fresh_div2k_0842,test,0.25,0.25,0.0,2026,aa1c01787045a025319a949d20c42b4dc2952843a7e03f56ed9cd5a3098ec92c,admm,6,32.781842824989454,0.9405207647056579
fresh_div2k_0842,DIV2K_fresh,fresh_div2k_0842,test,0.5,0.4998931884765625,0.0,2026,200329930a4c9e308ac78c546608005c0adf73a5568d2e72a3213fb8e7e20163,hqs,1,31.83582618288266,0.8981587273106575
fresh_div2k_0842,DIV2K_fresh,fresh_div2k_0842,test,0.5,0.4998931884765625,0.0,2026,200329930a4c9e308ac78c546608005c0adf73a5568d2e72a3213fb8e7e20163,hqs,2,34.468219521585226,0.9498409954042435
fresh_div2k_0842,DIV2K_fresh,fresh_div2k_0842,test,0.5,0.4998931884765625,0.0,2026,200329930a4c9e308ac78c546608005c0adf73a5568d2e72a3213fb8e7e20163,hqs,3,36.0185404476322,0.9684023748607635
fresh_div2k_0842,DIV2K_fresh,fresh_div2k_0842,test,0.5,0.4998931884765625,0.0,2026,200329930a4c9e308ac78c546608005c0adf73a5568d2e72a3213fb8e7e20163,hqs,4,36.80089074374225,0.973450105837822
fresh_div2k_0842,DIV2K_fresh,fresh_div2k_0842,test,0.5,0.4998931884765625,0.0,2026,200329930a4c9e308ac78c546608005c0adf73a5568d2e72a3213fb8e7e20163,hqs,5,37.293348174344196,0.9757575091495514
fresh_div2k_0842,DIV2K_fresh,fresh_div2k_0842,test,0.5,0.4998931884765625,0.0,2026,200329930a4c9e308ac78c546608005c0adf73a5568d2e72a3213fb8e7e20163,hqs,6,37.6672792189327,0.9777492274389267
fresh_div2k_0842,DIV2K_fresh,fresh_div2k_0842,test,0.5,0.4998931884765625,0.0,2026,200329930a4c9e308ac78c546608005c0adf73a5568d2e72a3213fb8e7e20163,admm,1,31.67018875361834,0.8915751723899842
fresh_div2k_0842,DIV2K_fresh,fresh_div2k_0842,test,0.5,0.4998931884765625,0.0,2026,200329930a4c9e308ac78c546608005c0adf73a5568d2e72a3213fb8e7e20163,admm,2,35.14466479049372,0.960272124417305
fresh_div2k_0842,DIV2K_fresh,fresh_div2k_0842,test,0.5,0.4998931884765625,0.0,2026,200329930a4c9e308ac78c546608005c0adf73a5568d2e72a3213fb8e7e20163,admm,3,36.29075846869936,0.9682116957941055
fresh_div2k_0842,DIV2K_fresh,fresh_div2k_0842,test,0.5,0.4998931884765625,0.0,2026,200329930a4c9e308ac78c546608005c0adf73a5568d2e72a3213fb8e7e20163,admm,4,36.6581347740121,0.9689205586261749
fresh_div2k_0842,DIV2K_fresh,fresh_div2k_0842,test,0.5,0.4998931884765625,0.0,2026,200329930a4c9e308ac78c546608005c0adf73a5568d2e72a3213fb8e7e20163,admm,5,37.270775840308545,0.9744015055866242
fresh_div2k_0842,DIV2K_fresh,fresh_div2k_0842,test,0.5,0.4998931884765625,0.0,2026,200329930a4c9e308ac78c546608005c0adf73a5568d2e72a3213fb8e7e20163,admm,6,37.682207994334355,0.9777042794160843
fresh_div2k_0842,DIV2K_fresh,fresh_div2k_0842,test,0.1,0.1001129150390625,0.01,2026,ccb3e4188734936a90a7cdd8f79b5074ddb55e3449847b47f9d5c49721daca91,hqs,1,25.693107862699275,0.6866164063616591
fresh_div2k_0842,DIV2K_fresh,fresh_div2k_0842,test,0.1,0.1001129150390625,0.01,2026,ccb3e4188734936a90a7cdd8f79b5074ddb55e3449847b47f9d5c49721daca91,hqs,2,27.41646692843097,0.7983557291785479
fresh_div2k_0842,DIV2K_fresh,fresh_div2k_0842,test,0.1,0.1001129150390625,0.01,2026,ccb3e4188734936a90a7cdd8f79b5074ddb55e3449847b47f9d5c49721daca91,hqs,3,28.19475423790522,0.8480992501142025
fresh_div2k_0842,DIV2K_fresh,fresh_div2k_0842,test,0.1,0.1001129150390625,0.01,2026,ccb3e4188734936a90a7cdd8f79b5074ddb55e3449847b47f9d5c49721daca91,hqs,4,28.42305560191431,0.8586958952877521
fresh_div2k_0842,DIV2K_fresh,fresh_div2k_0842,test,0.1,0.1001129150390625,0.01,2026,ccb3e4188734936a90a7cdd8f79b5074ddb55e3449847b47f9d5c49721daca91,hqs,5,28.48553633776038,0.860977315609932
fresh_div2k_0842,DIV2K_fresh,fresh_div2k_0842,test,0.1,0.1001129150390625,0.01,2026,ccb3e4188734936a90a7cdd8f79b5074ddb55e3449847b47f9d5c49721daca91,hqs,6,28.47916362443126,0.8613538999248743
fresh_div2k_0842,DIV2K_fresh,fresh_div2k_0842,test,0.1,0.1001129150390625,0.01,2026,ccb3e4188734936a90a7cdd8f79b5074ddb55e3449847b47f9d5c49721daca91,admm,1,25.513374037507806,0.6742600906250905
fresh_div2k_0842,DIV2K_fresh,fresh_div2k_0842,test,0.1,0.1001129150390625,0.01,2026,ccb3e4188734936a90a7cdd8f79b5074ddb55e3449847b47f9d5c49721daca91,admm,2,27.704098123741687,0.8192086150684357
fresh_div2k_0842,DIV2K_fresh,fresh_div2k_0842,test,0.1,0.1001129150390625,0.01,2026,ccb3e4188734936a90a7cdd8f79b5074ddb55e3449847b47f9d5c49721daca91,admm,3,28.202622516504793,0.848995841221571
fresh_div2k_0842,DIV2K_fresh,fresh_div2k_0842,test,0.1,0.1001129150390625,0.01,2026,ccb3e4188734936a90a7cdd8f79b5074ddb55e3449847b47f9d5c49721daca91,admm,4,28.264827299902823,0.8481884497141838
fresh_div2k_0842,DIV2K_fresh,fresh_div2k_0842,test,0.1,0.1001129150390625,0.01,2026,ccb3e4188734936a90a7cdd8f79b5074ddb55e3449847b47f9d5c49721daca91,admm,5,28.396461132810735,0.8548582935700416
fresh_div2k_0842,DIV2K_fresh,fresh_div2k_0842,test,0.1,0.1001129150390625,0.01,2026,ccb3e4188734936a90a7cdd8f79b5074ddb55e3449847b47f9d5c49721daca91,admm,6,28.516806771382992,0.8621581591955423
fresh_div2k_0842,DIV2K_fresh,fresh_div2k_0842,test,0.1,0.1001129150390625,0.01,2027,c6f9b66e6d02411ccb5d6a5ca2bec9ee984cb0017c70dda7713c29d1ac6cd256,hqs,1,25.686086664015015,0.6870919292531931
fresh_div2k_0842,DIV2K_fresh,fresh_div2k_0842,test,0.1,0.1001129150390625,0.01,2027,c6f9b66e6d02411ccb5d6a5ca2bec9ee984cb0017c70dda7713c29d1ac6cd256,hqs,2,27.409451594281855,0.7988427954866886
fresh_div2k_0842,DIV2K_fresh,fresh_div2k_0842,test,0.1,0.1001129150390625,0.01,2027,c6f9b66e6d02411ccb5d6a5ca2bec9ee984cb0017c70dda7713c29d1ac6cd256,hqs,3,28.199616442846853,0.8487551141650677
fresh_div2k_0842,DIV2K_fresh,fresh_div2k_0842,test,0.1,0.1001129150390625,0.01,2027,c6f9b66e6d02411ccb5d6a5ca2bec9ee984cb0017c70dda7713c29d1ac6cd256,hqs,4,28.42900233329962,0.8592311368234158
fresh_div2k_0842,DIV2K_fresh,fresh_div2k_0842,test,0.1,0.1001129150390625,0.01,2027,c6f9b66e6d02411ccb5d6a5ca2bec9ee984cb0017c70dda7713c29d1ac6cd256,hqs,5,28.488205410519125,0.8610740848107338
fresh_div2k_0842,DIV2K_fresh,fresh_div2k_0842,test,0.1,0.1001129150390625,0.01,2027,c6f9b66e6d02411ccb5d6a5ca2bec9ee984cb0017c70dda7713c29d1ac6cd256,hqs,6,28.480217396185374,0.861396630676508
fresh_div2k_0842,DIV2K_fresh,fresh_div2k_0842,test,0.1,0.1001129150390625,0.01,2027,c6f9b66e6d02411ccb5d6a5ca2bec9ee984cb0017c70dda7713c29d1ac6cd256,admm,1,25.506100696422664,0.6747256348123848
fresh_div2k_0842,DIV2K_fresh,fresh_div2k_0842,test,0.1,0.1001129150390625,0.01,2027,c6f9b66e6d02411ccb5d6a5ca2bec9ee984cb0017c70dda7713c29d1ac6cd256,admm,2,27.702302119692888,0.8198270709915161
fresh_div2k_0842,DIV2K_fresh,fresh_div2k_0842,test,0.1,0.1001129150390625,0.01,2027,c6f9b66e6d02411ccb5d6a5ca2bec9ee984cb0017c70dda7713c29d1ac6cd256,admm,3,28.21307936511808,0.8498640149533748
fresh_div2k_0842,DIV2K_fresh,fresh_div2k_0842,test,0.1,0.1001129150390625,0.01,2027,c6f9b66e6d02411ccb5d6a5ca2bec9ee984cb0017c70dda7713c29d1ac6cd256,admm,4,28.271933740231596,0.8488613671045303
fresh_div2k_0842,DIV2K_fresh,fresh_div2k_0842,test,0.1,0.1001129150390625,0.01,2027,c6f9b66e6d02411ccb5d6a5ca2bec9ee984cb0017c70dda7713c29d1ac6cd256,admm,5,28.394971375027872,0.8549144518671036
fresh_div2k_0842,DIV2K_fresh,fresh_div2k_0842,test,0.1,0.1001129150390625,0.01,2027,c6f9b66e6d02411ccb5d6a5ca2bec9ee984cb0017c70dda7713c29d1ac6cd256,admm,6,28.523334671776706,0.8623752707829475
fresh_div2k_0842,DIV2K_fresh,fresh_div2k_0842,test,0.1,0.1001129150390625,0.01,2028,6ad0ba174d23793a42e72dc7d71979bbcfa3cb12068770dc7847a04efb23f8fd,hqs,1,25.691746667842636,0.6866633436005525
fresh_div2k_0842,DIV2K_fresh,fresh_div2k_0842,test,0.1,0.1001129150390625,0.01,2028,6ad0ba174d23793a42e72dc7d71979bbcfa3cb12068770dc7847a04efb23f8fd,hqs,2,27.41650563845152,0.7985077264719009
fresh_div2k_0842,DIV2K_fresh,fresh_div2k_0842,test,0.1,0.1001129150390625,0.01,2028,6ad0ba174d23793a42e72dc7d71979bbcfa3cb12068770dc7847a04efb23f8fd,hqs,3,28.19102677181192,0.8482890574326515
fresh_div2k_0842,DIV2K_fresh,fresh_div2k_0842,test,0.1,0.1001129150390625,0.01,2028,6ad0ba174d23793a42e72dc7d71979bbcfa3cb12068770dc7847a04efb23f8fd,hqs,4,28.3951645951767,0.858477393131733
fresh_div2k_0842,DIV2K_fresh,fresh_div2k_0842,test,0.1,0.1001129150390625,0.01,2028,6ad0ba174d23793a42e72dc7d71979bbcfa3cb12068770dc7847a04efb23f8fd,hqs,5,28.440649067930977,0.8602575651712417
fresh_div2k_0842,DIV2K_fresh,fresh_div2k_0842,test,0.1,0.1001129150390625,0.01,2028,6ad0ba174d23793a42e72dc7d71979bbcfa3cb12068770dc7847a04efb23f8fd,hqs,6,28.435406872809864,0.8600556216945648
fresh_div2k_0842,DIV2K_fresh,fresh_div2k_0842,test,0.1,0.1001129150390625,0.01,2028,6ad0ba174d23793a42e72dc7d71979bbcfa3cb12068770dc7847a04efb23f8fd,admm,1,25.51361434218906,0.6744252524870485
fresh_div2k_0842,DIV2K_fresh,fresh_div2k_0842,test,0.1,0.1001129150390625,0.01,2028,6ad0ba174d23793a42e72dc7d71979bbcfa3cb12068770dc7847a04efb23f8fd,admm,2,27.708259621694182,0.8192637483017444
fresh_div2k_0842,DIV2K_fresh,fresh_div2k_0842,test,0.1,0.1001129150390625,0.01,2028,6ad0ba174d23793a42e72dc7d71979bbcfa3cb12068770dc7847a04efb23f8fd,admm,3,28.201167882627487,0.8492258007433414
fresh_div2k_0842,DIV2K_fresh,fresh_div2k_0842,test,0.1,0.1001129150390625,0.01,2028,6ad0ba174d23793a42e72dc7d71979bbcfa3cb12068770dc7847a04efb23f8fd,admm,4,28.234734609872845,0.8479508941760063
fresh_div2k_0842,DIV2K_fresh,fresh_div2k_0842,test,0.1,0.1001129150390625,0.01,2028,6ad0ba174d23793a42e72dc7d71979bbcfa3cb12068770dc7847a04efb23f8fd,admm,5,28.34989291479719,0.8535480880172253
fresh_div2k_0842,DIV2K_fresh,fresh_div2k_0842,test,0.1,0.1001129150390625,0.01,2028,6ad0ba174d23793a42e72dc7d71979bbcfa3cb12068770dc7847a04efb23f8fd,admm,6,28.49060990573839,0.8618273092429638
fresh_div2k_0842,DIV2K_fresh,fresh_div2k_0842,test,0.1,0.1001129150390625,0.05,2026,8d1f4f3ac48af7b32e2f1cc700e139ffdff7d96f587dfc46294c301c5320cfbb,hqs,1,24.78299852169181,0.6311991134648826
fresh_div2k_0842,DIV2K_fresh,fresh_div2k_0842,test,0.1,0.1001129150390625,0.05,2026,8d1f4f3ac48af7b32e2f1cc700e139ffdff7d96f587dfc46294c301c5320cfbb,hqs,2,25.604711704252836,0.6982017780167731
fresh_div2k_0842,DIV2K_fresh,fresh_div2k_0842,test,0.1,0.1001129150390625,0.05,2026,8d1f4f3ac48af7b32e2f1cc700e139ffdff7d96f587dfc46294c301c5320cfbb,hqs,3,25.453393319306038,0.6949194987684637
fresh_div2k_0842,DIV2K_fresh,fresh_div2k_0842,test,0.1,0.1001129150390625,0.05,2026,8d1f4f3ac48af7b32e2f1cc700e139ffdff7d96f587dfc46294c301c5320cfbb,hqs,4,25.539716517964564,0.7052266844265372
fresh_div2k_0842,DIV2K_fresh,fresh_div2k_0842,test,0.1,0.1001129150390625,0.05,2026,8d1f4f3ac48af7b32e2f1cc700e139ffdff7d96f587dfc46294c301c5320cfbb,hqs,5,25.535983147723,0.7084820420419424
fresh_div2k_0842,DIV2K_fresh,fresh_div2k_0842,test,0.1,0.1001129150390625,0.05,2026,8d1f4f3ac48af7b32e2f1cc700e139ffdff7d96f587dfc46294c301c5320cfbb,hqs,6,25.214323365321686,0.6859134675242193
fresh_div2k_0842,DIV2K_fresh,fresh_div2k_0842,test,0.1,0.1001129150390625,0.05,2026,8d1f4f3ac48af7b32e2f1cc700e139ffdff7d96f587dfc46294c301c5320cfbb,admm,1,24.64925946466366,0.6214423533625628
fresh_div2k_0842,DIV2K_fresh,fresh_div2k_0842,test,0.1,0.1001129150390625,0.05,2026,8d1f4f3ac48af7b32e2f1cc700e139ffdff7d96f587dfc46294c301c5320cfbb,admm,2,25.433713751227216,0.6865840183800068
fresh_div2k_0842,DIV2K_fresh,fresh_div2k_0842,test,0.1,0.1001129150390625,0.05,2026,8d1f4f3ac48af7b32e2f1cc700e139ffdff7d96f587dfc46294c301c5320cfbb,admm,3,25.028882164631618,0.6733825822269395
fresh_div2k_0842,DIV2K_fresh,fresh_div2k_0842,test,0.1,0.1001129150390625,0.05,2026,8d1f4f3ac48af7b32e2f1cc700e139ffdff7d96f587dfc46294c301c5320cfbb,admm,4,24.945498607845416,0.6745551525161136
fresh_div2k_0842,DIV2K_fresh,fresh_div2k_0842,test,0.1,0.1001129150390625,0.05,2026,8d1f4f3ac48af7b32e2f1cc700e139ffdff7d96f587dfc46294c301c5320cfbb,admm,5,24.938162704384386,0.6716365923124589
fresh_div2k_0842,DIV2K_fresh,fresh_div2k_0842,test,0.1,0.1001129150390625,0.05,2026,8d1f4f3ac48af7b32e2f1cc700e139ffdff7d96f587dfc46294c301c5320cfbb,admm,6,25.307918993974315,0.698397607626477
fresh_div2k_0842,DIV2K_fresh,fresh_div2k_0842,test,0.1,0.1001129150390625,0.05,2027,72427158b7687032c5b55f9c9b2381f3d2884d815f9026eb0c20734737a6e16c,hqs,1,24.70804254275364,0.6309006537042372
fresh_div2k_0842,DIV2K_fresh,fresh_div2k_0842,test,0.1,0.1001129150390625,0.05,2027,72427158b7687032c5b55f9c9b2381f3d2884d815f9026eb0c20734737a6e16c,hqs,2,25.524945654214072,0.6973245237572543
fresh_div2k_0842,DIV2K_fresh,fresh_div2k_0842,test,0.1,0.1001129150390625,0.05,2027,72427158b7687032c5b55f9c9b2381f3d2884d815f9026eb0c20734737a6e16c,hqs,3,25.385587538374118,0.6925554002069384
fresh_div2k_0842,DIV2K_fresh,fresh_div2k_0842,test,0.1,0.1001129150390625,0.05,2027,72427158b7687032c5b55f9c9b2381f3d2884d815f9026eb0c20734737a6e16c,hqs,4,25.48910527336963,0.7031171183626205
fresh_div2k_0842,DIV2K_fresh,fresh_div2k_0842,test,0.1,0.1001129150390625,0.05,2027,72427158b7687032c5b55f9c9b2381f3d2884d815f9026eb0c20734737a6e16c,hqs,5,25.51103961621317,0.707694513535846
fresh_div2k_0842,DIV2K_fresh,fresh_div2k_0842,test,0.1,0.1001129150390625,0.05,2027,72427158b7687032c5b55f9c9b2381f3d2884d815f9026eb0c20734737a6e16c,hqs,6,25.186430328820485,0.6843716663881456
fresh_div2k_0842,DIV2K_fresh,fresh_div2k_0842,test,0.1,0.1001129150390625,0.05,2027,72427158b7687032c5b55f9c9b2381f3d2884d815f9026eb0c20734737a6e16c,admm,1,24.58140743656092,0.6208222032825752
fresh_div2k_0842,DIV2K_fresh,fresh_div2k_0842,test,0.1,0.1001129150390625,0.05,2027,72427158b7687032c5b55f9c9b2381f3d2884d815f9026eb0c20734737a6e16c,admm,2,25.371226789023474,0.6861958388652601
fresh_div2k_0842,DIV2K_fresh,fresh_div2k_0842,test,0.1,0.1001129150390625,0.05,2027,72427158b7687032c5b55f9c9b2381f3d2884d815f9026eb0c20734737a6e16c,admm,3,24.988100699425388,0.6729951572630424
fresh_div2k_0842,DIV2K_fresh,fresh_div2k_0842,test,0.1,0.1001129150390625,0.05,2027,72427158b7687032c5b55f9c9b2381f3d2884d815f9026eb0c20734737a6e16c,admm,4,24.891597499479605,0.672168205356115
fresh_div2k_0842,DIV2K_fresh,fresh_div2k_0842,test,0.1,0.1001129150390625,0.05,2027,72427158b7687032c5b55f9c9b2381f3d2884d815f9026eb0c20734737a6e16c,admm,5,24.886786575063994,0.6693307677903008
fresh_div2k_0842,DIV2K_fresh,fresh_div2k_0842,test,0.1,0.1001129150390625,0.05,2027,72427158b7687032c5b55f9c9b2381f3d2884d815f9026eb0c20734737a6e16c,admm,6,25.25858752984792,0.6948264023829233
fresh_div2k_0842,DIV2K_fresh,fresh_div2k_0842,test,0.1,0.1001129150390625,0.05,2028,76364cad11b9af68ca0598b32c838f717d9a3261bd45b5b460e2daf8a308afc9,hqs,1,24.754643803846452,0.6303154868839742
fresh_div2k_0842,DIV2K_fresh,fresh_div2k_0842,test,0.1,0.1001129150390625,0.05,2028,76364cad11b9af68ca0598b32c838f717d9a3261bd45b5b460e2daf8a308afc9,hqs,2,25.572776920170224,0.6961921807940379
fresh_div2k_0842,DIV2K_fresh,fresh_div2k_0842,test,0.1,0.1001129150390625,0.05,2028,76364cad11b9af68ca0598b32c838f717d9a3261bd45b5b460e2daf8a308afc9,hqs,3,25.43484575534912,0.6926554661861355
fresh_div2k_0842,DIV2K_fresh,fresh_div2k_0842,test,0.1,0.1001129150390625,0.05,2028,76364cad11b9af68ca0598b32c838f717d9a3261bd45b5b460e2daf8a308afc9,hqs,4,25.53595815765918,0.7029384519122839
fresh_div2k_0842,DIV2K_fresh,fresh_div2k_0842,test,0.1,0.1001129150390625,0.05,2028,76364cad11b9af68ca0598b32c838f717d9a3261bd45b5b460e2daf8a308afc9,hqs,5,25.540709586368017,0.7054826663856841
fresh_div2k_0842,DIV2K_fresh,fresh_div2k_0842,test,0.1,0.1001129150390625,0.05,2028,76364cad11b9af68ca0598b32c838f717d9a3261bd45b5b460e2daf8a308afc9,hqs,6,25.201766546222167,0.6810162624182515
fresh_div2k_0842,DIV2K_fresh,fresh_div2k_0842,test,0.1,0.1001129150390625,0.05,2028,76364cad11b9af68ca0598b32c838f717d9a3261bd45b5b460e2daf8a308afc9,admm,1,24.623457322336428,0.6204962565192939
fresh_div2k_0842,DIV2K_fresh,fresh_div2k_0842,test,0.1,0.1001129150390625,0.05,2028,76364cad11b9af68ca0598b32c838f717d9a3261bd45b5b460e2daf8a308afc9,admm,2,25.416219711367027,0.6845804650195185
fresh_div2k_0842,DIV2K_fresh,fresh_div2k_0842,test,0.1,0.1001129150390625,0.05,2028,76364cad11b9af68ca0598b32c838f717d9a3261bd45b5b460e2daf8a308afc9,admm,3,24.99920868054847,0.6695287807852477
fresh_div2k_0842,DIV2K_fresh,fresh_div2k_0842,test,0.1,0.1001129150390625,0.05,2028,76364cad11b9af68ca0598b32c838f717d9a3261bd45b5b460e2daf8a308afc9,admm,4,24.898150601357614,0.6687596470593633
fresh_div2k_0842,DIV2K_fresh,fresh_div2k_0842,test,0.1,0.1001129150390625,0.05,2028,76364cad11b9af68ca0598b32c838f717d9a3261bd45b5b460e2daf8a308afc9,admm,5,24.89119433279509,0.6640515891444108
fresh_div2k_0842,DIV2K_fresh,fresh_div2k_0842,test,0.1,0.1001129150390625,0.05,2028,76364cad11b9af68ca0598b32c838f717d9a3261bd45b5b460e2daf8a308afc9,admm,6,25.278582070053975,0.6892694956618901
fresh_div2k_0845,DIV2K_fresh,fresh_div2k_0845,test,0.01,0.01031494140625,0.0,2026,29b850cfc251e7c6d6118ea07a275bdeea7d921a0d18c899917b7db03a66f00d,hqs,1,17.8992182902979,0.3677634997019438
fresh_div2k_0845,DIV2K_fresh,fresh_div2k_0845,test,0.01,0.01031494140625,0.0,2026,29b850cfc251e7c6d6118ea07a275bdeea7d921a0d18c899917b7db03a66f00d,hqs,2,18.688396305355223,0.4680485745868861
fresh_div2k_0845,DIV2K_fresh,fresh_div2k_0845,test,0.01,0.01031494140625,0.0,2026,29b850cfc251e7c6d6118ea07a275bdeea7d921a0d18c899917b7db03a66f00d,hqs,3,19.205043771891614,0.5272445178267059
fresh_div2k_0845,DIV2K_fresh,fresh_div2k_0845,test,0.01,0.01031494140625,0.0,2026,29b850cfc251e7c6d6118ea07a275bdeea7d921a0d18c899917b7db03a66f00d,hqs,4,19.522129813220545,0.5533088449707427
fresh_div2k_0845,DIV2K_fresh,fresh_div2k_0845,test,0.01,0.01031494140625,0.0,2026,29b850cfc251e7c6d6118ea07a275bdeea7d921a0d18c899917b7db03a66f00d,hqs,5,19.702354168189217,0.5676575316824823
fresh_div2k_0845,DIV2K_fresh,fresh_div2k_0845,test,0.01,0.01031494140625,0.0,2026,29b850cfc251e7c6d6118ea07a275bdeea7d921a0d18c899917b7db03a66f00d,hqs,6,19.832382790035183,0.5813664063090138
fresh_div2k_0845,DIV2K_fresh,fresh_div2k_0845,test,0.01,0.01031494140625,0.0,2026,29b850cfc251e7c6d6118ea07a275bdeea7d921a0d18c899917b7db03a66f00d,admm,1,17.851117309462946,0.3616942038700952
fresh_div2k_0845,DIV2K_fresh,fresh_div2k_0845,test,0.01,0.01031494140625,0.0,2026,29b850cfc251e7c6d6118ea07a275bdeea7d921a0d18c899917b7db03a66f00d,admm,2,18.74471572260184,0.47844637447902016
fresh_div2k_0845,DIV2K_fresh,fresh_div2k_0845,test,0.01,0.01031494140625,0.0,2026,29b850cfc251e7c6d6118ea07a275bdeea7d921a0d18c899917b7db03a66f00d,admm,3,19.317313119173956,0.5382507363201027
fresh_div2k_0845,DIV2K_fresh,fresh_div2k_0845,test,0.01,0.01031494140625,0.0,2026,29b850cfc251e7c6d6118ea07a275bdeea7d921a0d18c899917b7db03a66f00d,admm,4,19.61800315813035,0.5573695064782577
fresh_div2k_0845,DIV2K_fresh,fresh_div2k_0845,test,0.01,0.01031494140625,0.0,2026,29b850cfc251e7c6d6118ea07a275bdeea7d921a0d18c899917b7db03a66f00d,admm,5,19.807219709736756,0.5705799309609861
fresh_div2k_0845,DIV2K_fresh,fresh_div2k_0845,test,0.01,0.01031494140625,0.0,2026,29b850cfc251e7c6d6118ea07a275bdeea7d921a0d18c899917b7db03a66f00d,admm,6,19.957177652559118,0.5863386298218528
fresh_div2k_0845,DIV2K_fresh,fresh_div2k_0845,test,0.04,0.041259765625,0.0,2026,b343f5716d4478870bb4853c730192c226d81c18c07e11caafb8de70d14a5f69,hqs,1,20.044889326736616,0.4813903034484988
fresh_div2k_0845,DIV2K_fresh,fresh_div2k_0845,test,0.04,0.041259765625,0.0,2026,b343f5716d4478870bb4853c730192c226d81c18c07e11caafb8de70d14a5f69,hqs,2,21.12096863779834,0.6087191170188093
fresh_div2k_0845,DIV2K_fresh,fresh_div2k_0845,test,0.04,0.041259765625,0.0,2026,b343f5716d4478870bb4853c730192c226d81c18c07e11caafb8de70d14a5f69,hqs,3,21.805535264626794,0.6891655635020681
fresh_div2k_0845,DIV2K_fresh,fresh_div2k_0845,test,0.04,0.041259765625,0.0,2026,b343f5716d4478870bb4853c730192c226d81c18c07e11caafb8de70d14a5f69,hqs,4,22.177576599567182,0.7167653001613673
fresh_div2k_0845,DIV2K_fresh,fresh_div2k_0845,test,0.04,0.041259765625,0.0,2026,b343f5716d4478870bb4853c730192c226d81c18c07e11caafb8de70d14a5f69,hqs,5,22.432702976981844,0.7354637549496638
fresh_div2k_0845,DIV2K_fresh,fresh_div2k_0845,test,0.04,0.041259765625,0.0,2026,b343f5716d4478870bb4853c730192c226d81c18c07e11caafb8de70d14a5f69,hqs,6,22.679467250068456,0.7564201448140261
fresh_div2k_0845,DIV2K_fresh,fresh_div2k_0845,test,0.04,0.041259765625,0.0,2026,b343f5716d4478870bb4853c730192c226d81c18c07e11caafb8de70d14a5f69,admm,1,19.95001798651871,0.467659006678522
fresh_div2k_0845,DIV2K_fresh,fresh_div2k_0845,test,0.04,0.041259765625,0.0,2026,b343f5716d4478870bb4853c730192c226d81c18c07e11caafb8de70d14a5f69,admm,2,21.25990947164936,0.6153012509761006
fresh_div2k_0845,DIV2K_fresh,fresh_div2k_0845,test,0.04,0.041259765625,0.0,2026,b343f5716d4478870bb4853c730192c226d81c18c07e11caafb8de70d14a5f69,admm,3,21.93959963564993,0.6949635234894548
fresh_div2k_0845,DIV2K_fresh,fresh_div2k_0845,test,0.04,0.041259765625,0.0,2026,b343f5716d4478870bb4853c730192c226d81c18c07e11caafb8de70d14a5f69,admm,4,22.28969673324668,0.717628596728115
fresh_div2k_0845,DIV2K_fresh,fresh_div2k_0845,test,0.04,0.041259765625,0.0,2026,b343f5716d4478870bb4853c730192c226d81c18c07e11caafb8de70d14a5f69,admm,5,22.52219369605745,0.7364318481159388
fresh_div2k_0845,DIV2K_fresh,fresh_div2k_0845,test,0.04,0.041259765625,0.0,2026,b343f5716d4478870bb4853c730192c226d81c18c07e11caafb8de70d14a5f69,admm,6,22.73244011302947,0.759903008375952
fresh_div2k_0845,DIV2K_fresh,fresh_div2k_0845,test,0.1,0.1001129150390625,0.0,2026,114ccba95146dc4a6f8fc50f64c9f989abe82acccba8112c621042f63a2ddbb1,hqs,1,21.801703612907545,0.5962178526174234
fresh_div2k_0845,DIV2K_fresh,fresh_div2k_0845,test,0.1,0.1001129150390625,0.0,2026,114ccba95146dc4a6f8fc50f64c9f989abe82acccba8112c621042f63a2ddbb1,hqs,2,23.009568397062814,0.7133216922274779
fresh_div2k_0845,DIV2K_fresh,fresh_div2k_0845,test,0.1,0.1001129150390625,0.0,2026,114ccba95146dc4a6f8fc50f64c9f989abe82acccba8112c621042f63a2ddbb1,hqs,3,23.801606125768053,0.7900395035588774
fresh_div2k_0845,DIV2K_fresh,fresh_div2k_0845,test,0.1,0.1001129150390625,0.0,2026,114ccba95146dc4a6f8fc50f64c9f989abe82acccba8112c621042f63a2ddbb1,hqs,4,24.255083359337526,0.8179281995957494
fresh_div2k_0845,DIV2K_fresh,fresh_div2k_0845,test,0.1,0.1001129150390625,0.0,2026,114ccba95146dc4a6f8fc50f64c9f989abe82acccba8112c621042f63a2ddbb1,hqs,5,24.567905656327103,0.8347250245336517
fresh_div2k_0845,DIV2K_fresh,fresh_div2k_0845,test,0.1,0.1001129150390625,0.0,2026,114ccba95146dc4a6f8fc50f64c9f989abe82acccba8112c621042f63a2ddbb1,hqs,6,24.829058089477016,0.8513392968850731
fresh_div2k_0845,DIV2K_fresh,fresh_div2k_0845,test,0.1,0.1001129150390625,0.0,2026,114ccba95146dc4a6f8fc50f64c9f989abe82acccba8112c621042f63a2ddbb1,admm,1,21.716290582786456,0.5816290220169643
fresh_div2k_0845,DIV2K_fresh,fresh_div2k_0845,test,0.1,0.1001129150390625,0.0,2026,114ccba95146dc4a6f8fc50f64c9f989abe82acccba8112c621042f63a2ddbb1,admm,2,23.219116145009973,0.7211901642025286
fresh_div2k_0845,DIV2K_fresh,fresh_div2k_0845,test,0.1,0.1001129150390625,0.0,2026,114ccba95146dc4a6f8fc50f64c9f989abe82acccba8112c621042f63a2ddbb1,admm,3,23.949114495886302,0.7945756584096365
fresh_div2k_0845,DIV2K_fresh,fresh_div2k_0845,test,0.1,0.1001129150390625,0.0,2026,114ccba95146dc4a6f8fc50f64c9f989abe82acccba8112c621042f63a2ddbb1,admm,4,24.318082849023376,0.8113467225311449
fresh_div2k_0845,DIV2K_fresh,fresh_div2k_0845,test,0.1,0.1001129150390625,0.0,2026,114ccba95146dc4a6f8fc50f64c9f989abe82acccba8112c621042f63a2ddbb1,admm,5,24.64023939941942,0.8288541284555048
fresh_div2k_0845,DIV2K_fresh,fresh_div2k_0845,test,0.1,0.1001129150390625,0.0,2026,114ccba95146dc4a6f8fc50f64c9f989abe82acccba8112c621042f63a2ddbb1,admm,6,24.93681237796965,0.8527138388282061
fresh_div2k_0845,DIV2K_fresh,fresh_div2k_0845,test,0.25,0.25,0.0,2026,0fa673c019579aae75bd2e13cf52069d5f5efa9e655a5d086198f944c6da863a,hqs,1,24.178434217093514,0.7225004424030453
fresh_div2k_0845,DIV2K_fresh,fresh_div2k_0845,test,0.25,0.25,0.0,2026,0fa673c019579aae75bd2e13cf52069d5f5efa9e655a5d086198f944c6da863a,hqs,2,25.764743783133724,0.8286569483024702
fresh_div2k_0845,DIV2K_fresh,fresh_div2k_0845,test,0.25,0.25,0.0,2026,0fa673c019579aae75bd2e13cf52069d5f5efa9e655a5d086198f944c6da863a,hqs,3,27.02351951641168,0.8897835647200346
fresh_div2k_0845,DIV2K_fresh,fresh_div2k_0845,test,0.25,0.25,0.0,2026,0fa673c019579aae75bd2e13cf52069d5f5efa9e655a5d086198f944c6da863a,hqs,4,27.906208230027502,0.912705004442811
fresh_div2k_0845,DIV2K_fresh,fresh_div2k_0845,test,0.25,0.25,0.0,2026,0fa673c019579aae75bd2e13cf52069d5f5efa9e655a5d086198f944c6da863a,hqs,5,28.527485060291976,0.924472588927865
fresh_div2k_0845,DIV2K_fresh,fresh_div2k_0845,test,0.25,0.25,0.0,2026,0fa673c019579aae75bd2e13cf52069d5f5efa9e655a5d086198f944c6da863a,hqs,6,29.081740621761387,0.9367627552478314
fresh_div2k_0845,DIV2K_fresh,fresh_div2k_0845,test,0.25,0.25,0.0,2026,0fa673c019579aae75bd2e13cf52069d5f5efa9e655a5d086198f944c6da863a,admm,1,24.11236672267815,0.7126881887081314
fresh_div2k_0845,DIV2K_fresh,fresh_div2k_0845,test,0.25,0.25,0.0,2026,0fa673c019579aae75bd2e13cf52069d5f5efa9e655a5d086198f944c6da863a,admm,2,26.132515409069732,0.8389800145075917
fresh_div2k_0845,DIV2K_fresh,fresh_div2k_0845,test,0.25,0.25,0.0,2026,0fa673c019579aae75bd2e13cf52069d5f5efa9e655a5d086198f944c6da863a,admm,3,27.346709525806695,0.8915007373316288
fresh_div2k_0845,DIV2K_fresh,fresh_div2k_0845,test,0.25,0.25,0.0,2026,0fa673c019579aae75bd2e13cf52069d5f5efa9e655a5d086198f944c6da863a,admm,4,28.106260310127183,0.9069325145025253
fresh_div2k_0845,DIV2K_fresh,fresh_div2k_0845,test,0.25,0.25,0.0,2026,0fa673c019579aae75bd2e13cf52069d5f5efa9e655a5d086198f944c6da863a,admm,5,28.67949568458127,0.9186162460503579
fresh_div2k_0845,DIV2K_fresh,fresh_div2k_0845,test,0.25,0.25,0.0,2026,0fa673c019579aae75bd2e13cf52069d5f5efa9e655a5d086198f944c6da863a,admm,6,29.15432760783528,0.9376369051926136
fresh_div2k_0845,DIV2K_fresh,fresh_div2k_0845,test,0.5,0.4998931884765625,0.0,2026,c03a79dbdcb9ee8115e82b0e5d53d2f9505b54e69495c6ab7c1b98a6a763ef21,hqs,1,27.40372591422007,0.8434910549742579
fresh_div2k_0845,DIV2K_fresh,fresh_div2k_0845,test,0.5,0.4998931884765625,0.0,2026,c03a79dbdcb9ee8115e82b0e5d53d2f9505b54e69495c6ab7c1b98a6a763ef21,hqs,2,29.64490615077434,0.9205968698391914
fresh_div2k_0845,DIV2K_fresh,fresh_div2k_0845,test,0.5,0.4998931884765625,0.0,2026,c03a79dbdcb9ee8115e82b0e5d53d2f9505b54e69495c6ab7c1b98a6a763ef21,hqs,3,31.490133934835693,0.9533910690000057
fresh_div2k_0845,DIV2K_fresh,fresh_div2k_0845,test,0.5,0.4998931884765625,0.0,2026,c03a79dbdcb9ee8115e82b0e5d53d2f9505b54e69495c6ab7c1b98a6a763ef21,hqs,4,32.84721392826126,0.964886271408081
fresh_div2k_0845,DIV2K_fresh,fresh_div2k_0845,test,0.5,0.4998931884765625,0.0,2026,c03a79dbdcb9ee8115e82b0e5d53d2f9505b54e69495c6ab7c1b98a6a763ef21,hqs,5,33.848296807890094,0.9726074199738503
fresh_div2k_0845,DIV2K_fresh,fresh_div2k_0845,test,0.5,0.4998931884765625,0.0,2026,c03a79dbdcb9ee8115e82b0e5d53d2f9505b54e69495c6ab7c1b98a6a763ef21,hqs,6,34.649630059509484,0.9786925351696014
fresh_div2k_0845,DIV2K_fresh,fresh_div2k_0845,test,0.5,0.4998931884765625,0.0,2026,c03a79dbdcb9ee8115e82b0e5d53d2f9505b54e69495c6ab7c1b98a6a763ef21,admm,1,27.310626454309713,0.8321464268555939
fresh_div2k_0845,DIV2K_fresh,fresh_div2k_0845,test,0.5,0.4998931884765625,0.0,2026,c03a79dbdcb9ee8115e82b0e5d53d2f9505b54e69495c6ab7c1b98a6a763ef21,admm,2,30.063504334026618,0.9233064607067109
fresh_div2k_0845,DIV2K_fresh,fresh_div2k_0845,test,0.5,0.4998931884765625,0.0,2026,c03a79dbdcb9ee8115e82b0e5d53d2f9505b54e69495c6ab7c1b98a6a763ef21,admm,3,31.935199211591403,0.9528377020349502
fresh_div2k_0845,DIV2K_fresh,fresh_div2k_0845,test,0.5,0.4998931884765625,0.0,2026,c03a79dbdcb9ee8115e82b0e5d53d2f9505b54e69495c6ab7c1b98a6a763ef21,admm,4,32.966830070763585,0.9595519760727882
fresh_div2k_0845,DIV2K_fresh,fresh_div2k_0845,test,0.5,0.4998931884765625,0.0,2026,c03a79dbdcb9ee8115e82b0e5d53d2f9505b54e69495c6ab7c1b98a6a763ef21,admm,5,33.73868804156999,0.9648711866993904
fresh_div2k_0845,DIV2K_fresh,fresh_div2k_0845,test,0.5,0.4998931884765625,0.0,2026,c03a79dbdcb9ee8115e82b0e5d53d2f9505b54e69495c6ab7c1b98a6a763ef21,admm,6,34.39861528848549,0.9780952802948951
fresh_div2k_0845,DIV2K_fresh,fresh_div2k_0845,test,0.1,0.1001129150390625,0.01,2026,c2d1c050410eb3181fb84edc171d5ca7045eca7ac7cfda3765221b6d8306379a,hqs,1,21.789045933064862,0.5944532868809024
fresh_div2k_0845,DIV2K_fresh,fresh_div2k_0845,test,0.1,0.1001129150390625,0.01,2026,c2d1c050410eb3181fb84edc171d5ca7045eca7ac7cfda3765221b6d8306379a,hqs,2,23.00529938903921,0.710754532565544
fresh_div2k_0845,DIV2K_fresh,fresh_div2k_0845,test,0.1,0.1001129150390625,0.01,2026,c2d1c050410eb3181fb84edc171d5ca7045eca7ac7cfda3765221b6d8306379a,hqs,3,23.77508449539485,0.7859075548378136
fresh_div2k_0845,DIV2K_fresh,fresh_div2k_0845,test,0.1,0.1001129150390625,0.01,2026,c2d1c050410eb3181fb84edc171d5ca7045eca7ac7cfda3765221b6d8306379a,hqs,4,24.16710367418654,0.8134949933137279
fresh_div2k_0845,DIV2K_fresh,fresh_div2k_0845,test,0.1,0.1001129150390625,0.01,2026,c2d1c050410eb3181fb84edc171d5ca7045eca7ac7cfda3765221b6d8306379a,hqs,5,24.423355085109755,0.8295755507317902
fresh_div2k_0845,DIV2K_fresh,fresh_div2k_0845,test,0.1,0.1001129150390625,0.01,2026,c2d1c050410eb3181fb84edc171d5ca7045eca7ac7cfda3765221b6d8306379a,hqs,6,24.609354632585433,0.8363017688528747
fresh_div2k_0845,DIV2K_fresh,fresh_div2k_0845,test,0.1,0.1001129150390625,0.01,2026,c2d1c050410eb3181fb84edc171d5ca7045eca7ac7cfda3765221b6d8306379a,admm,1,21.70518597861833,0.5800331771117203
fresh_div2k_0845,DIV2K_fresh,fresh_div2k_0845,test,0.1,0.1001129150390625,0.01,2026,c2d1c050410eb3181fb84edc171d5ca7045eca7ac7cfda3765221b6d8306379a,admm,2,23.196418020133276,0.7159251746416044
fresh_div2k_0845,DIV2K_fresh,fresh_div2k_0845,test,0.1,0.1001129150390625,0.01,2026,c2d1c050410eb3181fb84edc171d5ca7045eca7ac7cfda3765221b6d8306379a,admm,3,23.868346450089973,0.783485343937229
fresh_div2k_0845,DIV2K_fresh,fresh_div2k_0845,test,0.1,0.1001129150390625,0.01,2026,c2d1c050410eb3181fb84edc171d5ca7045eca7ac7cfda3765221b6d8306379a,admm,4,24.149974434689625,0.7937145292568694
fresh_div2k_0845,DIV2K_fresh,fresh_div2k_0845,test,0.1,0.1001129150390625,0.01,2026,c2d1c050410eb3181fb84edc171d5ca7045eca7ac7cfda3765221b6d8306379a,admm,5,24.389085788958113,0.808430032143991
fresh_div2k_0845,DIV2K_fresh,fresh_div2k_0845,test,0.1,0.1001129150390625,0.01,2026,c2d1c050410eb3181fb84edc171d5ca7045eca7ac7cfda3765221b6d8306379a,admm,6,24.62836217318123,0.8372440563104748
fresh_div2k_0845,DIV2K_fresh,fresh_div2k_0845,test,0.1,0.1001129150390625,0.01,2027,52f099d453adb0906997f26210d6cb5b2a733c35c384a66cd2fdbc2e2239241e,hqs,1,21.785577855454783,0.5942493168457113
fresh_div2k_0845,DIV2K_fresh,fresh_div2k_0845,test,0.1,0.1001129150390625,0.01,2027,52f099d453adb0906997f26210d6cb5b2a733c35c384a66cd2fdbc2e2239241e,hqs,2,23.004660315429966,0.7109768130010906
fresh_div2k_0845,DIV2K_fresh,fresh_div2k_0845,test,0.1,0.1001129150390625,0.01,2027,52f099d453adb0906997f26210d6cb5b2a733c35c384a66cd2fdbc2e2239241e,hqs,3,23.78782289503043,0.7870306049490599
fresh_div2k_0845,DIV2K_fresh,fresh_div2k_0845,test,0.1,0.1001129150390625,0.01,2027,52f099d453adb0906997f26210d6cb5b2a733c35c384a66cd2fdbc2e2239241e,hqs,4,24.18164537530796,0.8147596702070907
fresh_div2k_0845,DIV2K_fresh,fresh_div2k_0845,test,0.1,0.1001129150390625,0.01,2027,52f099d453adb0906997f26210d6cb5b2a733c35c384a66cd2fdbc2e2239241e,hqs,5,24.421979110379176,0.8305346943960031
fresh_div2k_0845,DIV2K_fresh,fresh_div2k_0845,test,0.1,0.1001129150390625,0.01,2027,52f099d453adb0906997f26210d6cb5b2a733c35c384a66cd2fdbc2e2239241e,hqs,6,24.57089445835176,0.8361190452215709
fresh_div2k_0845,DIV2K_fresh,fresh_div2k_0845,test,0.1,0.1001129150390625,0.01,2027,52f099d453adb0906997f26210d6cb5b2a733c35c384a66cd2fdbc2e2239241e,admm,1,21.70161640410026,0.5799756824770459
fresh_div2k_0845,DIV2K_fresh,fresh_div2k_0845,test,0.1,0.1001129150390625,0.01,2027,52f099d453adb0906997f26210d6cb5b2a733c35c384a66cd2fdbc2e2239241e,admm,2,23.194179553202815,0.7160554426520986
fresh_div2k_0845,DIV2K_fresh,fresh_div2k_0845,test,0.1,0.1001129150390625,0.01,2027,52f099d453adb0906997f26210d6cb5b2a733c35c384a66cd2fdbc2e2239241e,admm,3,23.8751873767221,0.784895547934101
fresh_div2k_0845,DIV2K_fresh,fresh_div2k_0845,test,0.1,0.1001129150390625,0.01,2027,52f099d453adb0906997f26210d6cb5b2a733c35c384a66cd2fdbc2e2239241e,admm,4,24.157681588777674,0.7967987939354834
fresh_div2k_0845,DIV2K_fresh,fresh_div2k_0845,test,0.1,0.1001129150390625,0.01,2027,52f099d453adb0906997f26210d6cb5b2a733c35c384a66cd2fdbc2e2239241e,admm,5,24.381547032267786,0.8102751734642144
fresh_div2k_0845,DIV2K_fresh,fresh_div2k_0845,test,0.1,0.1001129150390625,0.01,2027,52f099d453adb0906997f26210d6cb5b2a733c35c384a66cd2fdbc2e2239241e,admm,6,24.580369331477378,0.8362039117200095
fresh_div2k_0845,DIV2K_fresh,fresh_div2k_0845,test,0.1,0.1001129150390625,0.01,2028,cf090817f90b655b97b4f17c758fedaa745205ebf8b66565c77260c4544f24a8,hqs,1,21.79456876788866,0.5941592558806685
fresh_div2k_0845,DIV2K_fresh,fresh_div2k_0845,test,0.1,0.1001129150390625,0.01,2028,cf090817f90b655b97b4f17c758fedaa745205ebf8b66565c77260c4544f24a8,hqs,2,23.014185164756533,0.7111874873859019
fresh_div2k_0845,DIV2K_fresh,fresh_div2k_0845,test,0.1,0.1001129150390625,0.01,2028,cf090817f90b655b97b4f17c758fedaa745205ebf8b66565c77260c4544f24a8,hqs,3,23.77989544559373,0.7860275292241571
fresh_div2k_0845,DIV2K_fresh,fresh_div2k_0845,test,0.1,0.1001129150390625,0.01,2028,cf090817f90b655b97b4f17c758fedaa745205ebf8b66565c77260c4544f24a8,hqs,4,24.15988196116122,0.8120004131291956
fresh_div2k_0845,DIV2K_fresh,fresh_div2k_0845,test,0.1,0.1001129150390625,0.01,2028,cf090817f90b655b97b4f17c758fedaa745205ebf8b66565c77260c4544f24a8,hqs,5,24.405509732430772,0.8267191979401708
fresh_div2k_0845,DIV2K_fresh,fresh_div2k_0845,test,0.1,0.1001129150390625,0.01,2028,cf090817f90b655b97b4f17c758fedaa745205ebf8b66565c77260c4544f24a8,hqs,6,24.59234215598238,0.8318751153965444
fresh_div2k_0845,DIV2K_fresh,fresh_div2k_0845,test,0.1,0.1001129150390625,0.01,2028,cf090817f90b655b97b4f17c758fedaa745205ebf8b66565c77260c4544f24a8,admm,1,21.706884627845923,0.5797139587747081
fresh_div2k_0845,DIV2K_fresh,fresh_div2k_0845,test,0.1,0.1001129150390625,0.01,2028,cf090817f90b655b97b4f17c758fedaa745205ebf8b66565c77260c4544f24a8,admm,2,23.201188190285613,0.7155058068545177
fresh_div2k_0845,DIV2K_fresh,fresh_div2k_0845,test,0.1,0.1001129150390625,0.01,2028,cf090817f90b655b97b4f17c758fedaa745205ebf8b66565c77260c4544f24a8,admm,3,23.869029955123132,0.7823564170174202
fresh_div2k_0845,DIV2K_fresh,fresh_div2k_0845,test,0.1,0.1001129150390625,0.01,2028,cf090817f90b655b97b4f17c758fedaa745205ebf8b66565c77260c4544f24a8,admm,4,24.13210624071922,0.7910700909287571
fresh_div2k_0845,DIV2K_fresh,fresh_div2k_0845,test,0.1,0.1001129150390625,0.01,2028,cf090817f90b655b97b4f17c758fedaa745205ebf8b66565c77260c4544f24a8,admm,5,24.346897549152636,0.8040541525239497
fresh_div2k_0845,DIV2K_fresh,fresh_div2k_0845,test,0.1,0.1001129150390625,0.01,2028,cf090817f90b655b97b4f17c758fedaa745205ebf8b66565c77260c4544f24a8,admm,6,24.570874964394026,0.8307848380104005
fresh_div2k_0845,DIV2K_fresh,fresh_div2k_0845,test,0.1,0.1001129150390625,0.05,2026,ee88a30d1d59f5ec03e7540f6c7d2d8399fc3e8823ffe7ea81e2ecbdd918a2d0,hqs,1,21.379604202628958,0.5577127229950991
fresh_div2k_0845,DIV2K_fresh,fresh_div2k_0845,test,0.1,0.1001129150390625,0.05,2026,ee88a30d1d59f5ec03e7540f6c7d2d8399fc3e8823ffe7ea81e2ecbdd918a2d0,hqs,2,22.370617465846646,0.6482644567442992
fresh_div2k_0845,DIV2K_fresh,fresh_div2k_0845,test,0.1,0.1001129150390625,0.05,2026,ee88a30d1d59f5ec03e7540f6c7d2d8399fc3e8823ffe7ea81e2ecbdd918a2d0,hqs,3,22.48126954953807,0.6620508507171122
fresh_div2k_0845,DIV2K_fresh,fresh_div2k_0845,test,0.1,0.1001129150390625,0.05,2026,ee88a30d1d59f5ec03e7540f6c7d2d8399fc3e8823ffe7ea81e2ecbdd918a2d0,hqs,4,22.413830500373145,0.6438906941735724
fresh_div2k_0845,DIV2K_fresh,fresh_div2k_0845,test,0.1,0.1001129150390625,0.05,2026,ee88a30d1d59f5ec03e7540f6c7d2d8399fc3e8823ffe7ea81e2ecbdd918a2d0,hqs,5,22.356912118438913,0.6436569242548253
fresh_div2k_0845,DIV2K_fresh,fresh_div2k_0845,test,0.1,0.1001129150390625,0.05,2026,ee88a30d1d59f5ec03e7540f6c7d2d8399fc3e8823ffe7ea81e2ecbdd918a2d0,hqs,6,22.096546391037784,0.6163693103166175
fresh_div2k_0845,DIV2K_fresh,fresh_div2k_0845,test,0.1,0.1001129150390625,0.05,2026,ee88a30d1d59f5ec03e7540f6c7d2d8399fc3e8823ffe7ea81e2ecbdd918a2d0,admm,1,21.298320010596505,0.5444848822007248
fresh_div2k_0845,DIV2K_fresh,fresh_div2k_0845,test,0.1,0.1001129150390625,0.05,2026,ee88a30d1d59f5ec03e7540f6c7d2d8399fc3e8823ffe7ea81e2ecbdd918a2d0,admm,2,22.279055825191932,0.6186300747961234
fresh_div2k_0845,DIV2K_fresh,fresh_div2k_0845,test,0.1,0.1001129150390625,0.05,2026,ee88a30d1d59f5ec03e7540f6c7d2d8399fc3e8823ffe7ea81e2ecbdd918a2d0,admm,3,22.122579637169277,0.6096187453192058
fresh_div2k_0845,DIV2K_fresh,fresh_div2k_0845,test,0.1,0.1001129150390625,0.05,2026,ee88a30d1d59f5ec03e7540f6c7d2d8399fc3e8823ffe7ea81e2ecbdd918a2d0,admm,4,21.960411939465363,0.5925777407092783
fresh_div2k_0845,DIV2K_fresh,fresh_div2k_0845,test,0.1,0.1001129150390625,0.05,2026,ee88a30d1d59f5ec03e7540f6c7d2d8399fc3e8823ffe7ea81e2ecbdd918a2d0,admm,5,21.92011603075949,0.5936085933624464
fresh_div2k_0845,DIV2K_fresh,fresh_div2k_0845,test,0.1,0.1001129150390625,0.05,2026,ee88a30d1d59f5ec03e7540f6c7d2d8399fc3e8823ffe7ea81e2ecbdd918a2d0,admm,6,22.19052843851124,0.6216028295326059
fresh_div2k_0845,DIV2K_fresh,fresh_div2k_0845,test,0.1,0.1001129150390625,0.05,2027,b64927f8d6c104dd78722196f2e669e226e75577389d87768f78d9e1f2678ef1,hqs,1,21.36198038928532,0.5560673991603229
fresh_div2k_0845,DIV2K_fresh,fresh_div2k_0845,test,0.1,0.1001129150390625,0.05,2027,b64927f8d6c104dd78722196f2e669e226e75577389d87768f78d9e1f2678ef1,hqs,2,22.36089875378726,0.6494098179524888
fresh_div2k_0845,DIV2K_fresh,fresh_div2k_0845,test,0.1,0.1001129150390625,0.05,2027,b64927f8d6c104dd78722196f2e669e226e75577389d87768f78d9e1f2678ef1,hqs,3,22.510902192480113,0.6689684763362173
fresh_div2k_0845,DIV2K_fresh,fresh_div2k_0845,test,0.1,0.1001129150390625,0.05,2027,b64927f8d6c104dd78722196f2e669e226e75577389d87768f78d9e1f2678ef1,hqs,4,22.441690919310652,0.6498864850845423
fresh_div2k_0845,DIV2K_fresh,fresh_div2k_0845,test,0.1,0.1001129150390625,0.05,2027,b64927f8d6c104dd78722196f2e669e226e75577389d87768f78d9e1f2678ef1,hqs,5,22.3896007488377,0.6503264103975622
fresh_div2k_0845,DIV2K_fresh,fresh_div2k_0845,test,0.1,0.1001129150390625,0.05,2027,b64927f8d6c104dd78722196f2e669e226e75577389d87768f78d9e1f2678ef1,hqs,6,22.1460282539036,0.6247903715352882
fresh_div2k_0845,DIV2K_fresh,fresh_div2k_0845,test,0.1,0.1001129150390625,0.05,2027,b64927f8d6c104dd78722196f2e669e226e75577389d87768f78d9e1f2678ef1,admm,1,21.293821631654104,0.5442688478789695
fresh_div2k_0845,DIV2K_fresh,fresh_div2k_0845,test,0.1,0.1001129150390625,0.05,2027,b64927f8d6c104dd78722196f2e669e226e75577389d87768f78d9e1f2678ef1,admm,2,22.280814485077663,0.6217628513520085
fresh_div2k_0845,DIV2K_fresh,fresh_div2k_0845,test,0.1,0.1001129150390625,0.05,2027,b64927f8d6c104dd78722196f2e669e226e75577389d87768f78d9e1f2678ef1,admm,3,22.140044231239244,0.6148955618976187
fresh_div2k_0845,DIV2K_fresh,fresh_div2k_0845,test,0.1,0.1001129150390625,0.05,2027,b64927f8d6c104dd78722196f2e669e226e75577389d87768f78d9e1f2678ef1,admm,4,21.9561864932796,0.5959769573842548
fresh_div2k_0845,DIV2K_fresh,fresh_div2k_0845,test,0.1,0.1001129150390625,0.05,2027,b64927f8d6c104dd78722196f2e669e226e75577389d87768f78d9e1f2678ef1,admm,5,21.936971999169124,0.598289474960865
fresh_div2k_0845,DIV2K_fresh,fresh_div2k_0845,test,0.1,0.1001129150390625,0.05,2027,b64927f8d6c104dd78722196f2e669e226e75577389d87768f78d9e1f2678ef1,admm,6,22.23320678092112,0.6272809820608171
fresh_div2k_0845,DIV2K_fresh,fresh_div2k_0845,test,0.1,0.1001129150390625,0.05,2028,b8077d787e86b679e2e1adec49853e8ff6202c3ed17a0283fdfd41594ee8ce52,hqs,1,21.41279265742357,0.556318325924393
fresh_div2k_0845,DIV2K_fresh,fresh_div2k_0845,test,0.1,0.1001129150390625,0.05,2028,b8077d787e86b679e2e1adec49853e8ff6202c3ed17a0283fdfd41594ee8ce52,hqs,2,22.399345694122687,0.6473768265298127
fresh_div2k_0845,DIV2K_fresh,fresh_div2k_0845,test,0.1,0.1001129150390625,0.05,2028,b8077d787e86b679e2e1adec49853e8ff6202c3ed17a0283fdfd41594ee8ce52,hqs,3,22.52300424271151,0.658298800531099
fresh_div2k_0845,DIV2K_fresh,fresh_div2k_0845,test,0.1,0.1001129150390625,0.05,2028,b8077d787e86b679e2e1adec49853e8ff6202c3ed17a0283fdfd41594ee8ce52,hqs,4,22.42399267678107,0.6375123858158757
fresh_div2k_0845,DIV2K_fresh,fresh_div2k_0845,test,0.1,0.1001129150390625,0.05,2028,b8077d787e86b679e2e1adec49853e8ff6202c3ed17a0283fdfd41594ee8ce52,hqs,5,22.35940163750467,0.6377601295499219
fresh_div2k_0845,DIV2K_fresh,fresh_div2k_0845,test,0.1,0.1001129150390625,0.05,2028,b8077d787e86b679e2e1adec49853e8ff6202c3ed17a0283fdfd41594ee8ce52,hqs,6,22.11514371979316,0.6133520970114483
fresh_div2k_0845,DIV2K_fresh,fresh_div2k_0845,test,0.1,0.1001129150390625,0.05,2028,b8077d787e86b679e2e1adec49853e8ff6202c3ed17a0283fdfd41594ee8ce52,admm,1,21.317799559148234,0.5430733479474252
fresh_div2k_0845,DIV2K_fresh,fresh_div2k_0845,test,0.1,0.1001129150390625,0.05,2028,b8077d787e86b679e2e1adec49853e8ff6202c3ed17a0283fdfd41594ee8ce52,admm,2,22.29384075243326,0.6156968447242617
fresh_div2k_0845,DIV2K_fresh,fresh_div2k_0845,test,0.1,0.1001129150390625,0.05,2028,b8077d787e86b679e2e1adec49853e8ff6202c3ed17a0283fdfd41594ee8ce52,admm,3,22.132696615632327,0.6063852723757772
fresh_div2k_0845,DIV2K_fresh,fresh_div2k_0845,test,0.1,0.1001129150390625,0.05,2028,b8077d787e86b679e2e1adec49853e8ff6202c3ed17a0283fdfd41594ee8ce52,admm,4,21.921893589948205,0.5874812048532856
fresh_div2k_0845,DIV2K_fresh,fresh_div2k_0845,test,0.1,0.1001129150390625,0.05,2028,b8077d787e86b679e2e1adec49853e8ff6202c3ed17a0283fdfd41594ee8ce52,admm,5,21.887038611187542,0.5888169891840367
fresh_div2k_0845,DIV2K_fresh,fresh_div2k_0845,test,0.1,0.1001129150390625,0.05,2028,b8077d787e86b679e2e1adec49853e8ff6202c3ed17a0283fdfd41594ee8ce52,admm,6,22.170951642040094,0.617471960715963
fresh_div2k_0849,DIV2K_fresh,fresh_div2k_0849,test,0.01,0.01031494140625,0.0,2026,1c9684e06b4aaf78d583310b42e4681ce110953f8883dd146693cc2b999148aa,hqs,1,14.652987213835988,0.19164699012244427
fresh_div2k_0849,DIV2K_fresh,fresh_div2k_0849,test,0.01,0.01031494140625,0.0,2026,1c9684e06b4aaf78d583310b42e4681ce110953f8883dd146693cc2b999148aa,hqs,2,14.76501671038515,0.19702202117540502
fresh_div2k_0849,DIV2K_fresh,fresh_div2k_0849,test,0.01,0.01031494140625,0.0,2026,1c9684e06b4aaf78d583310b42e4681ce110953f8883dd146693cc2b999148aa,hqs,3,14.818202085341827,0.20199426249271796
fresh_div2k_0849,DIV2K_fresh,fresh_div2k_0849,test,0.01,0.01031494140625,0.0,2026,1c9684e06b4aaf78d583310b42e4681ce110953f8883dd146693cc2b999148aa,hqs,4,14.835194625790677,0.20583986668410517
fresh_div2k_0849,DIV2K_fresh,fresh_div2k_0849,test,0.01,0.01031494140625,0.0,2026,1c9684e06b4aaf78d583310b42e4681ce110953f8883dd146693cc2b999148aa,hqs,5,14.83620288149954,0.2080022485040007
fresh_div2k_0849,DIV2K_fresh,fresh_div2k_0849,test,0.01,0.01031494140625,0.0,2026,1c9684e06b4aaf78d583310b42e4681ce110953f8883dd146693cc2b999148aa,hqs,6,14.832632296567201,0.21067478764766162
fresh_div2k_0849,DIV2K_fresh,fresh_div2k_0849,test,0.01,0.01031494140625,0.0,2026,1c9684e06b4aaf78d583310b42e4681ce110953f8883dd146693cc2b999148aa,admm,1,14.64487842924558,0.1907465025812978
fresh_div2k_0849,DIV2K_fresh,fresh_div2k_0849,test,0.01,0.01031494140625,0.0,2026,1c9684e06b4aaf78d583310b42e4681ce110953f8883dd146693cc2b999148aa,admm,2,14.780390269968516,0.19697956094876898
fresh_div2k_0849,DIV2K_fresh,fresh_div2k_0849,test,0.01,0.01031494140625,0.0,2026,1c9684e06b4aaf78d583310b42e4681ce110953f8883dd146693cc2b999148aa,admm,3,14.823398595888424,0.20624293849627814
fresh_div2k_0849,DIV2K_fresh,fresh_div2k_0849,test,0.01,0.01031494140625,0.0,2026,1c9684e06b4aaf78d583310b42e4681ce110953f8883dd146693cc2b999148aa,admm,4,14.829670375486996,0.21136343717334177
fresh_div2k_0849,DIV2K_fresh,fresh_div2k_0849,test,0.01,0.01031494140625,0.0,2026,1c9684e06b4aaf78d583310b42e4681ce110953f8883dd146693cc2b999148aa,admm,5,14.836569232865571,0.21293631391337825
fresh_div2k_0849,DIV2K_fresh,fresh_div2k_0849,test,0.01,0.01031494140625,0.0,2026,1c9684e06b4aaf78d583310b42e4681ce110953f8883dd146693cc2b999148aa,admm,6,14.844499882058816,0.2106802472795607
fresh_div2k_0849,DIV2K_fresh,fresh_div2k_0849,test,0.04,0.041259765625,0.0,2026,8ba89c5404a9f28b0d2b7ffe0a6af0d3e37911c6f712b899af78ca9c4fff7b5c,hqs,1,16.55785862218529,0.4129571351209625
fresh_div2k_0849,DIV2K_fresh,fresh_div2k_0849,test,0.04,0.041259765625,0.0,2026,8ba89c5404a9f28b0d2b7ffe0a6af0d3e37911c6f712b899af78ca9c4fff7b5c,hqs,2,16.956349483626415,0.44730366990265036
fresh_div2k_0849,DIV2K_fresh,fresh_div2k_0849,test,0.04,0.041259765625,0.0,2026,8ba89c5404a9f28b0d2b7ffe0a6af0d3e37911c6f712b899af78ca9c4fff7b5c,hqs,3,17.14358632270591,0.46960660273006666
fresh_div2k_0849,DIV2K_fresh,fresh_div2k_0849,test,0.04,0.041259765625,0.0,2026,8ba89c5404a9f28b0d2b7ffe0a6af0d3e37911c6f712b899af78ca9c4fff7b5c,hqs,4,17.211113716045467,0.4785617369010973
fresh_div2k_0849,DIV2K_fresh,fresh_div2k_0849,test,0.04,0.041259765625,0.0,2026,8ba89c5404a9f28b0d2b7ffe0a6af0d3e37911c6f712b899af78ca9c4fff7b5c,hqs,5,17.231924914417057,0.4821733285582686
fresh_div2k_0849,DIV2K_fresh,fresh_div2k_0849,test,0.04,0.041259765625,0.0,2026,8ba89c5404a9f28b0d2b7ffe0a6af0d3e37911c6f712b899af78ca9c4fff7b5c,hqs,6,17.2390861548621,0.48991913554132194
fresh_div2k_0849,DIV2K_fresh,fresh_div2k_0849,test,0.04,0.041259765625,0.0,2026,8ba89c5404a9f28b0d2b7ffe0a6af0d3e37911c6f712b899af78ca9c4fff7b5c,admm,1,16.511759442135286,0.4100266381971266
fresh_div2k_0849,DIV2K_fresh,fresh_div2k_0849,test,0.04,0.041259765625,0.0,2026,8ba89c5404a9f28b0d2b7ffe0a6af0d3e37911c6f712b899af78ca9c4fff7b5c,admm,2,17.01166548251763,0.4540929257957713
fresh_div2k_0849,DIV2K_fresh,fresh_div2k_0849,test,0.04,0.041259765625,0.0,2026,8ba89c5404a9f28b0d2b7ffe0a6af0d3e37911c6f712b899af78ca9c4fff7b5c,admm,3,17.195548875149402,0.4863488992419549
fresh_div2k_0849,DIV2K_fresh,fresh_div2k_0849,test,0.04,0.041259765625,0.0,2026,8ba89c5404a9f28b0d2b7ffe0a6af0d3e37911c6f712b899af78ca9c4fff7b5c,admm,4,17.226367263916536,0.49462913241309886
fresh_div2k_0849,DIV2K_fresh,fresh_div2k_0849,test,0.04,0.041259765625,0.0,2026,8ba89c5404a9f28b0d2b7ffe0a6af0d3e37911c6f712b899af78ca9c4fff7b5c,admm,5,17.24703194805418,0.4934279160832704
fresh_div2k_0849,DIV2K_fresh,fresh_div2k_0849,test,0.04,0.041259765625,0.0,2026,8ba89c5404a9f28b0d2b7ffe0a6af0d3e37911c6f712b899af78ca9c4fff7b5c,admm,6,17.25624849647973,0.48737700311794124
fresh_div2k_0849,DIV2K_fresh,fresh_div2k_0849,test,0.1,0.1001129150390625,0.0,2026,3677abd7bb13b9bb83434384d19d4dc51909e9bc07360c71fd35c85ea24e47ff,hqs,1,18.37836351109994,0.6023148159475005
fresh_div2k_0849,DIV2K_fresh,fresh_div2k_0849,test,0.1,0.1001129150390625,0.0,2026,3677abd7bb13b9bb83434384d19d4dc51909e9bc07360c71fd35c85ea24e47ff,hqs,2,19.055274389077045,0.6502557881683193
fresh_div2k_0849,DIV2K_fresh,fresh_div2k_0849,test,0.1,0.1001129150390625,0.0,2026,3677abd7bb13b9bb83434384d19d4dc51909e9bc07360c71fd35c85ea24e47ff,hqs,3,19.422508744386334,0.6838878869652166
fresh_div2k_0849,DIV2K_fresh,fresh_div2k_0849,test,0.1,0.1001129150390625,0.0,2026,3677abd7bb13b9bb83434384d19d4dc51909e9bc07360c71fd35c85ea24e47ff,hqs,4,19.552471221424945,0.6932789415802956
fresh_div2k_0849,DIV2K_fresh,fresh_div2k_0849,test,0.1,0.1001129150390625,0.0,2026,3677abd7bb13b9bb83434384d19d4dc51909e9bc07360c71fd35c85ea24e47ff,hqs,5,19.60870609060789,0.6979313951580897
fresh_div2k_0849,DIV2K_fresh,fresh_div2k_0849,test,0.1,0.1001129150390625,0.0,2026,3677abd7bb13b9bb83434384d19d4dc51909e9bc07360c71fd35c85ea24e47ff,hqs,6,19.64337938544133,0.705697283268109
fresh_div2k_0849,DIV2K_fresh,fresh_div2k_0849,test,0.1,0.1001129150390625,0.0,2026,3677abd7bb13b9bb83434384d19d4dc51909e9bc07360c71fd35c85ea24e47ff,admm,1,18.29909555677962,0.5971636005893179
fresh_div2k_0849,DIV2K_fresh,fresh_div2k_0849,test,0.1,0.1001129150390625,0.0,2026,3677abd7bb13b9bb83434384d19d4dc51909e9bc07360c71fd35c85ea24e47ff,admm,2,19.1678989986174,0.6619868091570679
fresh_div2k_0849,DIV2K_fresh,fresh_div2k_0849,test,0.1,0.1001129150390625,0.0,2026,3677abd7bb13b9bb83434384d19d4dc51909e9bc07360c71fd35c85ea24e47ff,admm,3,19.510069201977362,0.6972513497031126
fresh_div2k_0849,DIV2K_fresh,fresh_div2k_0849,test,0.1,0.1001129150390625,0.0,2026,3677abd7bb13b9bb83434384d19d4dc51909e9bc07360c71fd35c85ea24e47ff,admm,4,19.579935033191884,0.7038779152299911
fresh_div2k_0849,DIV2K_fresh,fresh_div2k_0849,test,0.1,0.1001129150390625,0.0,2026,3677abd7bb13b9bb83434384d19d4dc51909e9bc07360c71fd35c85ea24e47ff,admm,5,19.62554645511402,0.7057227035531998
fresh_div2k_0849,DIV2K_fresh,fresh_div2k_0849,test,0.1,0.1001129150390625,0.0,2026,3677abd7bb13b9bb83434384d19d4dc51909e9bc07360c71fd35c85ea24e47ff,admm,6,19.65649422867948,0.7021569154555862
fresh_div2k_0849,DIV2K_fresh,fresh_div2k_0849,test,0.25,0.25,0.0,2026,98960dc01af9f69eb0cdaefc3cbb0c0847ae6443f27b6a5eb246a648e3d8642b,hqs,1,21.258216446606223,0.7900792436136007
fresh_div2k_0849,DIV2K_fresh,fresh_div2k_0849,test,0.25,0.25,0.0,2026,98960dc01af9f69eb0cdaefc3cbb0c0847ae6443f27b6a5eb246a648e3d8642b,hqs,2,22.343119325210964,0.8371937943561077
fresh_div2k_0849,DIV2K_fresh,fresh_div2k_0849,test,0.25,0.25,0.0,2026,98960dc01af9f69eb0cdaefc3cbb0c0847ae6443f27b6a5eb246a648e3d8642b,hqs,3,22.916881117235853,0.8612164863090516
fresh_div2k_0849,DIV2K_fresh,fresh_div2k_0849,test,0.25,0.25,0.0,2026,98960dc01af9f69eb0cdaefc3cbb0c0847ae6443f27b6a5eb246a648e3d8642b,hqs,4,23.158909043051132,0.8695445638661384
fresh_div2k_0849,DIV2K_fresh,fresh_div2k_0849,test,0.25,0.25,0.0,2026,98960dc01af9f69eb0cdaefc3cbb0c0847ae6443f27b6a5eb246a648e3d8642b,hqs,5,23.257864075721045,0.8725588475737571
fresh_div2k_0849,DIV2K_fresh,fresh_div2k_0849,test,0.25,0.25,0.0,2026,98960dc01af9f69eb0cdaefc3cbb0c0847ae6443f27b6a5eb246a648e3d8642b,hqs,6,23.317750591282355,0.8759447589011192
fresh_div2k_0849,DIV2K_fresh,fresh_div2k_0849,test,0.25,0.25,0.0,2026,98960dc01af9f69eb0cdaefc3cbb0c0847ae6443f27b6a5eb246a648e3d8642b,admm,1,21.137733445223816,0.7846714006328582
fresh_div2k_0849,DIV2K_fresh,fresh_div2k_0849,test,0.25,0.25,0.0,2026,98960dc01af9f69eb0cdaefc3cbb0c0847ae6443f27b6a5eb246a648e3d8642b,admm,2,22.500880710725756,0.8454448318414688
fresh_div2k_0849,DIV2K_fresh,fresh_div2k_0849,test,0.25,0.25,0.0,2026,98960dc01af9f69eb0cdaefc3cbb0c0847ae6443f27b6a5eb246a648e3d8642b,admm,3,23.056892035589787,0.8678186695637703
fresh_div2k_0849,DIV2K_fresh,fresh_div2k_0849,test,0.25,0.25,0.0,2026,98960dc01af9f69eb0cdaefc3cbb0c0847ae6443f27b6a5eb246a648e3d8642b,admm,4,23.19403902047938,0.8724578698105812
fresh_div2k_0849,DIV2K_fresh,fresh_div2k_0849,test,0.25,0.25,0.0,2026,98960dc01af9f69eb0cdaefc3cbb0c0847ae6443f27b6a5eb246a648e3d8642b,admm,5,23.28500508658438,0.8750548088293075
fresh_div2k_0849,DIV2K_fresh,fresh_div2k_0849,test,0.25,0.25,0.0,2026,98960dc01af9f69eb0cdaefc3cbb0c0847ae6443f27b6a5eb246a648e3d8642b,admm,6,23.33119727151057,0.8756594089727402
fresh_div2k_0849,DIV2K_fresh,fresh_div2k_0849,test,0.5,0.4998931884765625,0.0,2026,6f6333d7e6b964779d56e25510559e5f79e6cca8bf4569994c6ad99444949600,hqs,1,24.808784583020746,0.9036581812725067
fresh_div2k_0849,DIV2K_fresh,fresh_div2k_0849,test,0.5,0.4998931884765625,0.0,2026,6f6333d7e6b964779d56e25510559e5f79e6cca8bf4569994c6ad99444949600,hqs,2,26.40270268137188,0.9349910145158767
fresh_div2k_0849,DIV2K_fresh,fresh_div2k_0849,test,0.5,0.4998931884765625,0.0,2026,6f6333d7e6b964779d56e25510559e5f79e6cca8bf4569994c6ad99444949600,hqs,3,27.31279795495263,0.949174647556305
fresh_div2k_0849,DIV2K_fresh,fresh_div2k_0849,test,0.5,0.4998931884765625,0.0,2026,6f6333d7e6b964779d56e25510559e5f79e6cca8bf4569994c6ad99444949600,hqs,4,27.773957969174035,0.9542725321550369
fresh_div2k_0849,DIV2K_fresh,fresh_div2k_0849,test,0.5,0.4998931884765625,0.0,2026,6f6333d7e6b964779d56e25510559e5f79e6cca8bf4569994c6ad99444949600,hqs,5,28.017918171065492,0.9566506697750091
fresh_div2k_0849,DIV2K_fresh,fresh_div2k_0849,test,0.5,0.4998931884765625,0.0,2026,6f6333d7e6b964779d56e25510559e5f79e6cca8bf4569994c6ad99444949600,hqs,6,28.164210506652182,0.9585237481899261
fresh_div2k_0849,DIV2K_fresh,fresh_div2k_0849,test,0.5,0.4998931884765625,0.0,2026,6f6333d7e6b964779d56e25510559e5f79e6cca8bf4569994c6ad99444949600,admm,1,24.659134874170846,0.8996425571603776
fresh_div2k_0849,DIV2K_fresh,fresh_div2k_0849,test,0.5,0.4998931884765625,0.0,2026,6f6333d7e6b964779d56e25510559e5f79e6cca8bf4569994c6ad99444949600,admm,2,26.603541917696344,0.9388907824110985
fresh_div2k_0849,DIV2K_fresh,fresh_div2k_0849,test,0.5,0.4998931884765625,0.0,2026,6f6333d7e6b964779d56e25510559e5f79e6cca8bf4569994c6ad99444949600,admm,3,27.54516826054794,0.9516490956878663
fresh_div2k_0849,DIV2K_fresh,fresh_div2k_0849,test,0.5,0.4998931884765625,0.0,2026,6f6333d7e6b964779d56e25510559e5f79e6cca8bf4569994c6ad99444949600,admm,4,27.839247139232533,0.9544958970298767
fresh_div2k_0849,DIV2K_fresh,fresh_div2k_0849,test,0.5,0.4998931884765625,0.0,2026,6f6333d7e6b964779d56e25510559e5f79e6cca8bf4569994c6ad99444949600,admm,5,28.05153322140834,0.9566369295396805
fresh_div2k_0849,DIV2K_fresh,fresh_div2k_0849,test,0.5,0.4998931884765625,0.0,2026,6f6333d7e6b964779d56e25510559e5f79e6cca8bf4569994c6ad99444949600,admm,6,28.229406590138314,0.9588964512758255
fresh_div2k_0849,DIV2K_fresh,fresh_div2k_0849,test,0.1,0.1001129150390625,0.01,2026,7d142a2a2cd239e647d5f26bd4bb94e1db31f76b45e1a46c251ca07205b2b231,hqs,1,18.370306132235214,0.6017197197729687
fresh_div2k_0849,DIV2K_fresh,fresh_div2k_0849,test,0.1,0.1001129150390625,0.01,2026,7d142a2a2cd239e647d5f26bd4bb94e1db31f76b45e1a46c251ca07205b2b231,hqs,2,19.0445940581477,0.6495717832376635
fresh_div2k_0849,DIV2K_fresh,fresh_div2k_0849,test,0.1,0.1001129150390625,0.01,2026,7d142a2a2cd239e647d5f26bd4bb94e1db31f76b45e1a46c251ca07205b2b231,hqs,3,19.40799253761909,0.6829713127983343
fresh_div2k_0849,DIV2K_fresh,fresh_div2k_0849,test,0.1,0.1001129150390625,0.01,2026,7d142a2a2cd239e647d5f26bd4bb94e1db31f76b45e1a46c251ca07205b2b231,hqs,4,19.538227853353007,0.6923443412621543
fresh_div2k_0849,DIV2K_fresh,fresh_div2k_0849,test,0.1,0.1001129150390625,0.01,2026,7d142a2a2cd239e647d5f26bd4bb94e1db31f76b45e1a46c251ca07205b2b231,hqs,5,19.59396502193659,0.6969570200519413
fresh_div2k_0849,DIV2K_fresh,fresh_div2k_0849,test,0.1,0.1001129150390625,0.01,2026,7d142a2a2cd239e647d5f26bd4bb94e1db31f76b45e1a46c251ca07205b2b231,hqs,6,19.62601099329133,0.7046004229005426
fresh_div2k_0849,DIV2K_fresh,fresh_div2k_0849,test,0.1,0.1001129150390625,0.01,2026,7d142a2a2cd239e647d5f26bd4bb94e1db31f76b45e1a46c251ca07205b2b231,admm,1,18.291282736366608,0.596575815833271
fresh_div2k_0849,DIV2K_fresh,fresh_div2k_0849,test,0.1,0.1001129150390625,0.01,2026,7d142a2a2cd239e647d5f26bd4bb94e1db31f76b45e1a46c251ca07205b2b231,admm,2,19.155559188834893,0.6611663361853846
fresh_div2k_0849,DIV2K_fresh,fresh_div2k_0849,test,0.1,0.1001129150390625,0.01,2026,7d142a2a2cd239e647d5f26bd4bb94e1db31f76b45e1a46c251ca07205b2b231,admm,3,19.492593333450646,0.6962090329881496
fresh_div2k_0849,DIV2K_fresh,fresh_div2k_0849,test,0.1,0.1001129150390625,0.01,2026,7d142a2a2cd239e647d5f26bd4bb94e1db31f76b45e1a46c251ca07205b2b231,admm,4,19.5623584979718,0.7027570182587355
fresh_div2k_0849,DIV2K_fresh,fresh_div2k_0849,test,0.1,0.1001129150390625,0.01,2026,7d142a2a2cd239e647d5f26bd4bb94e1db31f76b45e1a46c251ca07205b2b231,admm,5,19.60832492611794,0.7046617445139289
fresh_div2k_0849,DIV2K_fresh,fresh_div2k_0849,test,0.1,0.1001129150390625,0.01,2026,7d142a2a2cd239e647d5f26bd4bb94e1db31f76b45e1a46c251ca07205b2b231,admm,6,19.641012939761858,0.7011824787097909
fresh_div2k_0849,DIV2K_fresh,fresh_div2k_0849,test,0.1,0.1001129150390625,0.01,2027,a1342dd3fdfbe5c8c58c3239bbfabeb79b619c4feb0442f4f0942380ac2ef249,hqs,1,18.370095099879617,0.6022500156251518
fresh_div2k_0849,DIV2K_fresh,fresh_div2k_0849,test,0.1,0.1001129150390625,0.01,2027,a1342dd3fdfbe5c8c58c3239bbfabeb79b619c4feb0442f4f0942380ac2ef249,hqs,2,19.045347595515832,0.6501982001904363
fresh_div2k_0849,DIV2K_fresh,fresh_div2k_0849,test,0.1,0.1001129150390625,0.01,2027,a1342dd3fdfbe5c8c58c3239bbfabeb79b619c4feb0442f4f0942380ac2ef249,hqs,3,19.40859711860494,0.6836039095538836
fresh_div2k_0849,DIV2K_fresh,fresh_div2k_0849,test,0.1,0.1001129150390625,0.01,2027,a1342dd3fdfbe5c8c58c3239bbfabeb79b619c4feb0442f4f0942380ac2ef249,hqs,4,19.537718297977214,0.6929888476634547
fresh_div2k_0849,DIV2K_fresh,fresh_div2k_0849,test,0.1,0.1001129150390625,0.01,2027,a1342dd3fdfbe5c8c58c3239bbfabeb79b619c4feb0442f4f0942380ac2ef249,hqs,5,19.59380000114779,0.6977124444605094
fresh_div2k_0849,DIV2K_fresh,fresh_div2k_0849,test,0.1,0.1001129150390625,0.01,2027,a1342dd3fdfbe5c8c58c3239bbfabeb79b619c4feb0442f4f0942380ac2ef249,hqs,6,19.62682279325463,0.7052986443925798
fresh_div2k_0849,DIV2K_fresh,fresh_div2k_0849,test,0.1,0.1001129150390625,0.01,2027,a1342dd3fdfbe5c8c58c3239bbfabeb79b619c4feb0442f4f0942380ac2ef249,admm,1,18.29087815998672,0.5970554290218353
fresh_div2k_0849,DIV2K_fresh,fresh_div2k_0849,test,0.1,0.1001129150390625,0.01,2027,a1342dd3fdfbe5c8c58c3239bbfabeb79b619c4feb0442f4f0942380ac2ef249,admm,2,19.155699396523833,0.661808951428067
fresh_div2k_0849,DIV2K_fresh,fresh_div2k_0849,test,0.1,0.1001129150390625,0.01,2027,a1342dd3fdfbe5c8c58c3239bbfabeb79b619c4feb0442f4f0942380ac2ef249,admm,3,19.492247851310783,0.6967484851083482
fresh_div2k_0849,DIV2K_fresh,fresh_div2k_0849,test,0.1,0.1001129150390625,0.01,2027,a1342dd3fdfbe5c8c58c3239bbfabeb79b619c4feb0442f4f0942380ac2ef249,admm,4,19.56076736335622,0.7032760868967325
fresh_div2k_0849,DIV2K_fresh,fresh_div2k_0849,test,0.1,0.1001129150390625,0.01,2027,a1342dd3fdfbe5c8c58c3239bbfabeb79b619c4feb0442f4f0942380ac2ef249,admm,5,19.607102121316615,0.7051880858693867
fresh_div2k_0849,DIV2K_fresh,fresh_div2k_0849,test,0.1,0.1001129150390625,0.01,2027,a1342dd3fdfbe5c8c58c3239bbfabeb79b619c4feb0442f4f0942380ac2ef249,admm,6,19.640648245128762,0.7019533968173135
fresh_div2k_0849,DIV2K_fresh,fresh_div2k_0849,test,0.1,0.1001129150390625,0.01,2028,661daaf568e54b39a15165c11a57040f0ba62e79ed23372642aef03dcb56bae2,hqs,1,18.371065910782313,0.6019451688538426
fresh_div2k_0849,DIV2K_fresh,fresh_div2k_0849,test,0.1,0.1001129150390625,0.01,2028,661daaf568e54b39a15165c11a57040f0ba62e79ed23372642aef03dcb56bae2,hqs,2,19.04448855918449,0.6496255516586891
fresh_div2k_0849,DIV2K_fresh,fresh_div2k_0849,test,0.1,0.1001129150390625,0.01,2028,661daaf568e54b39a15165c11a57040f0ba62e79ed23372642aef03dcb56bae2,hqs,3,19.406746528340875,0.6829878847106173
fresh_div2k_0849,DIV2K_fresh,fresh_div2k_0849,test,0.1,0.1001129150390625,0.01,2028,661daaf568e54b39a15165c11a57040f0ba62e79ed23372642aef03dcb56bae2,hqs,4,19.534130710220605,0.6923103614659757
fresh_div2k_0849,DIV2K_fresh,fresh_div2k_0849,test,0.1,0.1001129150390625,0.01,2028,661daaf568e54b39a15165c11a57040f0ba62e79ed23372642aef03dcb56bae2,hqs,5,19.588413179213102,0.6969214542089551
fresh_div2k_0849,DIV2K_fresh,fresh_div2k_0849,test,0.1,0.1001129150390625,0.01,2028,661daaf568e54b39a15165c11a57040f0ba62e79ed23372642aef03dcb56bae2,hqs,6,19.61904237847873,0.7044671082171723
fresh_div2k_0849,DIV2K_fresh,fresh_div2k_0849,test,0.1,0.1001129150390625,0.01,2028,661daaf568e54b39a15165c11a57040f0ba62e79ed23372642aef03dcb56bae2,admm,1,18.292037090577786,0.596804068299119
fresh_div2k_0849,DIV2K_fresh,fresh_div2k_0849,test,0.1,0.1001129150390625,0.01,2028,661daaf568e54b39a15165c11a57040f0ba62e79ed23372642aef03dcb56bae2,admm,2,19.156018067996058,0.6612902439294885
fresh_div2k_0849,DIV2K_fresh,fresh_div2k_0849,test,0.1,0.1001129150390625,0.01,2028,661daaf568e54b39a15165c11a57040f0ba62e79ed23372642aef03dcb56bae2,admm,3,19.492010329706307,0.6962490236700419
fresh_div2k_0849,DIV2K_fresh,fresh_div2k_0849,test,0.1,0.1001129150390625,0.01,2028,661daaf568e54b39a15165c11a57040f0ba62e79ed23372642aef03dcb56bae2,admm,4,19.559009436113314,0.7027517715068571
fresh_div2k_0849,DIV2K_fresh,fresh_div2k_0849,test,0.1,0.1001129150390625,0.01,2028,661daaf568e54b39a15165c11a57040f0ba62e79ed23372642aef03dcb56bae2,admm,5,19.602847774205564,0.7046180462549776
fresh_div2k_0849,DIV2K_fresh,fresh_div2k_0849,test,0.1,0.1001129150390625,0.01,2028,661daaf568e54b39a15165c11a57040f0ba62e79ed23372642aef03dcb56bae2,admm,6,19.63435887423673,0.7010964913564846
fresh_div2k_0849,DIV2K_fresh,fresh_div2k_0849,test,0.1,0.1001129150390625,0.05,2026,d4b8a7e651fd26ab153be40d0f9219cc0dadcd2c8cefbb7563a9d4d76d8cef1a,hqs,1,18.198037413916694,0.5920015880965309
fresh_div2k_0849,DIV2K_fresh,fresh_div2k_0849,test,0.1,0.1001129150390625,0.05,2026,d4b8a7e651fd26ab153be40d0f9219cc0dadcd2c8cefbb7563a9d4d76d8cef1a,hqs,2,18.818517867004694,0.637379115742567
fresh_div2k_0849,DIV2K_fresh,fresh_div2k_0849,test,0.1,0.1001129150390625,0.05,2026,d4b8a7e651fd26ab153be40d0f9219cc0dadcd2c8cefbb7563a9d4d76d8cef1a,hqs,3,19.101002269289747,0.6659730190197221
fresh_div2k_0849,DIV2K_fresh,fresh_div2k_0849,test,0.1,0.1001129150390625,0.05,2026,d4b8a7e651fd26ab153be40d0f9219cc0dadcd2c8cefbb7563a9d4d76d8cef1a,hqs,4,19.203937164469142,0.6747092580508701
fresh_div2k_0849,DIV2K_fresh,fresh_div2k_0849,test,0.1,0.1001129150390625,0.05,2026,d4b8a7e651fd26ab153be40d0f9219cc0dadcd2c8cefbb7563a9d4d76d8cef1a,hqs,5,19.23849092899214,0.6783400616832357
fresh_div2k_0849,DIV2K_fresh,fresh_div2k_0849,test,0.1,0.1001129150390625,0.05,2026,d4b8a7e651fd26ab153be40d0f9219cc0dadcd2c8cefbb7563a9d4d76d8cef1a,hqs,6,19.220037932672163,0.6828292483037924
fresh_div2k_0849,DIV2K_fresh,fresh_div2k_0849,test,0.1,0.1001129150390625,0.05,2026,d4b8a7e651fd26ab153be40d0f9219cc0dadcd2c8cefbb7563a9d4d76d8cef1a,admm,1,18.12299366053547,0.5870249062866609
fresh_div2k_0849,DIV2K_fresh,fresh_div2k_0849,test,0.1,0.1001129150390625,0.05,2026,d4b8a7e651fd26ab153be40d0f9219cc0dadcd2c8cefbb7563a9d4d76d8cef1a,admm,2,18.90139322959693,0.646973792705385
fresh_div2k_0849,DIV2K_fresh,fresh_div2k_0849,test,0.1,0.1001129150390625,0.05,2026,d4b8a7e651fd26ab153be40d0f9219cc0dadcd2c8cefbb7563a9d4d76d8cef1a,admm,3,19.123085160349675,0.6762852895721942
fresh_div2k_0849,DIV2K_fresh,fresh_div2k_0849,test,0.1,0.1001129150390625,0.05,2026,d4b8a7e651fd26ab153be40d0f9219cc0dadcd2c8cefbb7563a9d4d76d8cef1a,admm,4,19.153103689925036,0.6812918816500408
fresh_div2k_0849,DIV2K_fresh,fresh_div2k_0849,test,0.1,0.1001129150390625,0.05,2026,d4b8a7e651fd26ab153be40d0f9219cc0dadcd2c8cefbb7563a9d4d76d8cef1a,admm,5,19.186780794487902,0.6828014382416578
fresh_div2k_0849,DIV2K_fresh,fresh_div2k_0849,test,0.1,0.1001129150390625,0.05,2026,d4b8a7e651fd26ab153be40d0f9219cc0dadcd2c8cefbb7563a9d4d76d8cef1a,admm,6,19.24986757676033,0.6817625462294667
fresh_div2k_0849,DIV2K_fresh,fresh_div2k_0849,test,0.1,0.1001129150390625,0.05,2027,4b792b60ea4d7a4488876500455dc88d2926ccb124d6f44058790f2bbd26211d,hqs,1,18.196839506903125,0.5944890737318805
fresh_div2k_0849,DIV2K_fresh,fresh_div2k_0849,test,0.1,0.1001129150390625,0.05,2027,4b792b60ea4d7a4488876500455dc88d2926ccb124d6f44058790f2bbd26211d,hqs,2,18.81579312446653,0.63982999384804
fresh_div2k_0849,DIV2K_fresh,fresh_div2k_0849,test,0.1,0.1001129150390625,0.05,2027,4b792b60ea4d7a4488876500455dc88d2926ccb124d6f44058790f2bbd26211d,hqs,3,19.09609016775003,0.6682709926374033
fresh_div2k_0849,DIV2K_fresh,fresh_div2k_0849,test,0.1,0.1001129150390625,0.05,2027,4b792b60ea4d7a4488876500455dc88d2926ccb124d6f44058790f2bbd26211d,hqs,4,19.192620403692352,0.6768357185182609
fresh_div2k_0849,DIV2K_fresh,fresh_div2k_0849,test,0.1,0.1001129150390625,0.05,2027,4b792b60ea4d7a4488876500455dc88d2926ccb124d6f44058790f2bbd26211d,hqs,5,19.22617799091485,0.6806338969376776
fresh_div2k_0849,DIV2K_fresh,fresh_div2k_0849,test,0.1,0.1001129150390625,0.05,2027,4b792b60ea4d7a4488876500455dc88d2926ccb124d6f44058790f2bbd26211d,hqs,6,19.214235576245372,0.6851308928283527
fresh_div2k_0849,DIV2K_fresh,fresh_div2k_0849,test,0.1,0.1001129150390625,0.05,2027,4b792b60ea4d7a4488876500455dc88d2926ccb124d6f44058790f2bbd26211d,admm,1,18.119456328138092,0.5890904159191596
fresh_div2k_0849,DIV2K_fresh,fresh_div2k_0849,test,0.1,0.1001129150390625,0.05,2027,4b792b60ea4d7a4488876500455dc88d2926ccb124d6f44058790f2bbd26211d,admm,2,18.893992684803095,0.6493613202642871
fresh_div2k_0849,DIV2K_fresh,fresh_div2k_0849,test,0.1,0.1001129150390625,0.05,2027,4b792b60ea4d7a4488876500455dc88d2926ccb124d6f44058790f2bbd26211d,admm,3,19.110011628392698,0.6782515498529188
fresh_div2k_0849,DIV2K_fresh,fresh_div2k_0849,test,0.1,0.1001129150390625,0.05,2027,4b792b60ea4d7a4488876500455dc88d2926ccb124d6f44058790f2bbd26211d,admm,4,19.13303801009526,0.6828997260025218
fresh_div2k_0849,DIV2K_fresh,fresh_div2k_0849,test,0.1,0.1001129150390625,0.05,2027,4b792b60ea4d7a4488876500455dc88d2926ccb124d6f44058790f2bbd26211d,admm,5,19.168413110202856,0.684226438269115
fresh_div2k_0849,DIV2K_fresh,fresh_div2k_0849,test,0.1,0.1001129150390625,0.05,2027,4b792b60ea4d7a4488876500455dc88d2926ccb124d6f44058790f2bbd26211d,admm,6,19.23496446954107,0.6836221539498828
fresh_div2k_0849,DIV2K_fresh,fresh_div2k_0849,test,0.1,0.1001129150390625,0.05,2028,2ee5b007eb705498147d3d0e7904b8aa71aa4c9facb821f99d2fb75cc492be06,hqs,1,18.20352053923958,0.592803320167497
fresh_div2k_0849,DIV2K_fresh,fresh_div2k_0849,test,0.1,0.1001129150390625,0.05,2028,2ee5b007eb705498147d3d0e7904b8aa71aa4c9facb821f99d2fb75cc492be06,hqs,2,18.820350674630827,0.6377941156151689
fresh_div2k_0849,DIV2K_fresh,fresh_div2k_0849,test,0.1,0.1001129150390625,0.05,2028,2ee5b007eb705498147d3d0e7904b8aa71aa4c9facb821f99d2fb75cc492be06,hqs,3,19.096945063975355,0.6662003566038907
fresh_div2k_0849,DIV2K_fresh,fresh_div2k_0849,test,0.1,0.1001129150390625,0.05,2028,2ee5b007eb705498147d3d0e7904b8aa71aa4c9facb821f99d2fb75cc492be06,hqs,4,19.18901793678909,0.6746590303774704
fresh_div2k_0849,DIV2K_fresh,fresh_div2k_0849,test,0.1,0.1001129150390625,0.05,2028,2ee5b007eb705498147d3d0e7904b8aa71aa4c9facb821f99d2fb75cc492be06,hqs,5,19.21696021236323,0.6782196939689573
fresh_div2k_0849,DIV2K_fresh,fresh_div2k_0849,test,0.1,0.1001129150390625,0.05,2028,2ee5b007eb705498147d3d0e7904b8aa71aa4c9facb821f99d2fb75cc492be06,hqs,6,19.195766586723902,0.6824304215611033
fresh_div2k_0849,DIV2K_fresh,fresh_div2k_0849,test,0.1,0.1001129150390625,0.05,2028,2ee5b007eb705498147d3d0e7904b8aa71aa4c9facb821f99d2fb75cc492be06,admm,1,18.12781551428371,0.5878491012643121
fresh_div2k_0849,DIV2K_fresh,fresh_div2k_0849,test,0.1,0.1001129150390625,0.05,2028,2ee5b007eb705498147d3d0e7904b8aa71aa4c9facb821f99d2fb75cc492be06,admm,2,18.902904039016292,0.647630463574457
fresh_div2k_0849,DIV2K_fresh,fresh_div2k_0849,test,0.1,0.1001129150390625,0.05,2028,2ee5b007eb705498147d3d0e7904b8aa71aa4c9facb821f99d2fb75cc492be06,admm,3,19.120611832313415,0.6766361890679374
fresh_div2k_0849,DIV2K_fresh,fresh_div2k_0849,test,0.1,0.1001129150390625,0.05,2028,2ee5b007eb705498147d3d0e7904b8aa71aa4c9facb821f99d2fb75cc492be06,admm,4,19.14090824413742,0.6814715058967694
fresh_div2k_0849,DIV2K_fresh,fresh_div2k_0849,test,0.1,0.1001129150390625,0.05,2028,2ee5b007eb705498147d3d0e7904b8aa71aa4c9facb821f99d2fb75cc492be06,admm,5,19.167348733957986,0.6826872774197748
fresh_div2k_0849,DIV2K_fresh,fresh_div2k_0849,test,0.1,0.1001129150390625,0.05,2028,2ee5b007eb705498147d3d0e7904b8aa71aa4c9facb821f99d2fb75cc492be06,admm,6,19.226465808533412,0.6812799665722652
fresh_div2k_0851,DIV2K_fresh,fresh_div2k_0851,test,0.01,0.01031494140625,0.0,2026,7185fd3469a9b99312e34d96846181e2c1e82f2622a4b48f19db03969c32c167,hqs,1,20.87159923916098,0.5766606936378207
fresh_div2k_0851,DIV2K_fresh,fresh_div2k_0851,test,0.01,0.01031494140625,0.0,2026,7185fd3469a9b99312e34d96846181e2c1e82f2622a4b48f19db03969c32c167,hqs,2,21.234221196614374,0.6438981924501783
fresh_div2k_0851,DIV2K_fresh,fresh_div2k_0851,test,0.01,0.01031494140625,0.0,2026,7185fd3469a9b99312e34d96846181e2c1e82f2622a4b48f19db03969c32c167,hqs,3,21.452388576939505,0.6762304509538074
fresh_div2k_0851,DIV2K_fresh,fresh_div2k_0851,test,0.01,0.01031494140625,0.0,2026,7185fd3469a9b99312e34d96846181e2c1e82f2622a4b48f19db03969c32c167,hqs,4,21.564815799903407,0.6899423895987429
fresh_div2k_0851,DIV2K_fresh,fresh_div2k_0851,test,0.01,0.01031494140625,0.0,2026,7185fd3469a9b99312e34d96846181e2c1e82f2622a4b48f19db03969c32c167,hqs,5,21.6220138473714,0.6959341526188129
fresh_div2k_0851,DIV2K_fresh,fresh_div2k_0851,test,0.01,0.01031494140625,0.0,2026,7185fd3469a9b99312e34d96846181e2c1e82f2622a4b48f19db03969c32c167,hqs,6,21.634358600311202,0.7031758318319371
fresh_div2k_0851,DIV2K_fresh,fresh_div2k_0851,test,0.01,0.01031494140625,0.0,2026,7185fd3469a9b99312e34d96846181e2c1e82f2622a4b48f19db03969c32c167,admm,1,20.85347574732114,0.5729915826617172
fresh_div2k_0851,DIV2K_fresh,fresh_div2k_0851,test,0.01,0.01031494140625,0.0,2026,7185fd3469a9b99312e34d96846181e2c1e82f2622a4b48f19db03969c32c167,admm,2,21.319570399119584,0.651704120017651
fresh_div2k_0851,DIV2K_fresh,fresh_div2k_0851,test,0.01,0.01031494140625,0.0,2026,7185fd3469a9b99312e34d96846181e2c1e82f2622a4b48f19db03969c32c167,admm,3,21.524487440727782,0.6859174260193843
fresh_div2k_0851,DIV2K_fresh,fresh_div2k_0851,test,0.01,0.01031494140625,0.0,2026,7185fd3469a9b99312e34d96846181e2c1e82f2622a4b48f19db03969c32c167,admm,4,21.61628483680184,0.696667798105338
fresh_div2k_0851,DIV2K_fresh,fresh_div2k_0851,test,0.01,0.01031494140625,0.0,2026,7185fd3469a9b99312e34d96846181e2c1e82f2622a4b48f19db03969c32c167,admm,5,21.675861539616985,0.7019007554936886
fresh_div2k_0851,DIV2K_fresh,fresh_div2k_0851,test,0.01,0.01031494140625,0.0,2026,7185fd3469a9b99312e34d96846181e2c1e82f2622a4b48f19db03969c32c167,admm,6,21.70647942791225,0.7098396130268575
fresh_div2k_0851,DIV2K_fresh,fresh_div2k_0851,test,0.04,0.041259765625,0.0,2026,504f01c3d2d801e4ddae17699c30d5616dab9039fd7377bba7a49976a048054a,hqs,1,23.14202849991311,0.6872015415393384
fresh_div2k_0851,DIV2K_fresh,fresh_div2k_0851,test,0.04,0.041259765625,0.0,2026,504f01c3d2d801e4ddae17699c30d5616dab9039fd7377bba7a49976a048054a,hqs,2,24.146589448194216,0.7945086739762933
fresh_div2k_0851,DIV2K_fresh,fresh_div2k_0851,test,0.04,0.041259765625,0.0,2026,504f01c3d2d801e4ddae17699c30d5616dab9039fd7377bba7a49976a048054a,hqs,3,24.81121632362559,0.8420097037345954
fresh_div2k_0851,DIV2K_fresh,fresh_div2k_0851,test,0.04,0.041259765625,0.0,2026,504f01c3d2d801e4ddae17699c30d5616dab9039fd7377bba7a49976a048054a,hqs,4,25.265366211707764,0.859752786992643
fresh_div2k_0851,DIV2K_fresh,fresh_div2k_0851,test,0.04,0.041259765625,0.0,2026,504f01c3d2d801e4ddae17699c30d5616dab9039fd7377bba7a49976a048054a,hqs,5,25.5856970724468,0.8699895413344819
fresh_div2k_0851,DIV2K_fresh,fresh_div2k_0851,test,0.04,0.041259765625,0.0,2026,504f01c3d2d801e4ddae17699c30d5616dab9039fd7377bba7a49976a048054a,hqs,6,25.853969529727294,0.8833657209925745
fresh_div2k_0851,DIV2K_fresh,fresh_div2k_0851,test,0.04,0.041259765625,0.0,2026,504f01c3d2d801e4ddae17699c30d5616dab9039fd7377bba7a49976a048054a,admm,1,23.099770748449387,0.6739688033230491
fresh_div2k_0851,DIV2K_fresh,fresh_div2k_0851,test,0.04,0.041259765625,0.0,2026,504f01c3d2d801e4ddae17699c30d5616dab9039fd7377bba7a49976a048054a,admm,2,24.272758472252743,0.8029706635350594
fresh_div2k_0851,DIV2K_fresh,fresh_div2k_0851,test,0.04,0.041259765625,0.0,2026,504f01c3d2d801e4ddae17699c30d5616dab9039fd7377bba7a49976a048054a,admm,3,24.95166019833242,0.8458806758367717
fresh_div2k_0851,DIV2K_fresh,fresh_div2k_0851,test,0.04,0.041259765625,0.0,2026,504f01c3d2d801e4ddae17699c30d5616dab9039fd7377bba7a49976a048054a,admm,4,25.35210465777514,0.8605188401092673
fresh_div2k_0851,DIV2K_fresh,fresh_div2k_0851,test,0.04,0.041259765625,0.0,2026,504f01c3d2d801e4ddae17699c30d5616dab9039fd7377bba7a49976a048054a,admm,5,25.646444502011434,0.8701102485564947
fresh_div2k_0851,DIV2K_fresh,fresh_div2k_0851,test,0.04,0.041259765625,0.0,2026,504f01c3d2d801e4ddae17699c30d5616dab9039fd7377bba7a49976a048054a,admm,6,25.89029001739167,0.8822384619909599
fresh_div2k_0851,DIV2K_fresh,fresh_div2k_0851,test,0.1,0.1001129150390625,0.0,2026,7664b0e90f4a02f436c47a8dc55fc0a5f839ce50cc59796b10bf07f4213f1859,hqs,1,25.464317289255085,0.7745880908914358
fresh_div2k_0851,DIV2K_fresh,fresh_div2k_0851,test,0.1,0.1001129150390625,0.0,2026,7664b0e90f4a02f436c47a8dc55fc0a5f839ce50cc59796b10bf07f4213f1859,hqs,2,27.149912650143566,0.8731612518974543
fresh_div2k_0851,DIV2K_fresh,fresh_div2k_0851,test,0.1,0.1001129150390625,0.0,2026,7664b0e90f4a02f436c47a8dc55fc0a5f839ce50cc59796b10bf07f4213f1859,hqs,3,28.30878310270288,0.9175628217258454
fresh_div2k_0851,DIV2K_fresh,fresh_div2k_0851,test,0.1,0.1001129150390625,0.0,2026,7664b0e90f4a02f436c47a8dc55fc0a5f839ce50cc59796b10bf07f4213f1859,hqs,4,29.051896082066428,0.9301811351585388
fresh_div2k_0851,DIV2K_fresh,fresh_div2k_0851,test,0.1,0.1001129150390625,0.0,2026,7664b0e90f4a02f436c47a8dc55fc0a5f839ce50cc59796b10bf07f4213f1859,hqs,5,29.505596047815605,0.9376660703072548
fresh_div2k_0851,DIV2K_fresh,fresh_div2k_0851,test,0.1,0.1001129150390625,0.0,2026,7664b0e90f4a02f436c47a8dc55fc0a5f839ce50cc59796b10bf07f4213f1859,hqs,6,29.86842127286936,0.946910980861187
fresh_div2k_0851,DIV2K_fresh,fresh_div2k_0851,test,0.1,0.1001129150390625,0.0,2026,7664b0e90f4a02f436c47a8dc55fc0a5f839ce50cc59796b10bf07f4213f1859,admm,1,25.370081454968876,0.7573335152941794
fresh_div2k_0851,DIV2K_fresh,fresh_div2k_0851,test,0.1,0.1001129150390625,0.0,2026,7664b0e90f4a02f436c47a8dc55fc0a5f839ce50cc59796b10bf07f4213f1859,admm,2,27.394164550766117,0.8839775971951485
fresh_div2k_0851,DIV2K_fresh,fresh_div2k_0851,test,0.1,0.1001129150390625,0.0,2026,7664b0e90f4a02f436c47a8dc55fc0a5f839ce50cc59796b10bf07f4213f1859,admm,3,28.52334225975266,0.919745990279913
fresh_div2k_0851,DIV2K_fresh,fresh_div2k_0851,test,0.1,0.1001129150390625,0.0,2026,7664b0e90f4a02f436c47a8dc55fc0a5f839ce50cc59796b10bf07f4213f1859,admm,4,29.087107264911158,0.9280520489504337
fresh_div2k_0851,DIV2K_fresh,fresh_div2k_0851,test,0.1,0.1001129150390625,0.0,2026,7664b0e90f4a02f436c47a8dc55fc0a5f839ce50cc59796b10bf07f4213f1859,admm,5,29.52749645671858,0.9363413165102005
fresh_div2k_0851,DIV2K_fresh,fresh_div2k_0851,test,0.1,0.1001129150390625,0.0,2026,7664b0e90f4a02f436c47a8dc55fc0a5f839ce50cc59796b10bf07f4213f1859,admm,6,29.88552044894689,0.9471840679340362
fresh_div2k_0851,DIV2K_fresh,fresh_div2k_0851,test,0.25,0.25,0.0,2026,be8a67de439e9bad6c8d50761a3b1d9681ba4c51856dd749f20ae9bfcd446ead,hqs,1,28.966468453135974,0.8633581739964485
fresh_div2k_0851,DIV2K_fresh,fresh_div2k_0851,test,0.25,0.25,0.0,2026,be8a67de439e9bad6c8d50761a3b1d9681ba4c51856dd749f20ae9bfcd446ead,hqs,2,31.256513948796602,0.9378260467147828
fresh_div2k_0851,DIV2K_fresh,fresh_div2k_0851,test,0.25,0.25,0.0,2026,be8a67de439e9bad6c8d50761a3b1d9681ba4c51856dd749f20ae9bfcd446ead,hqs,3,32.85709948952638,0.9659926356635093
fresh_div2k_0851,DIV2K_fresh,fresh_div2k_0851,test,0.25,0.25,0.0,2026,be8a67de439e9bad6c8d50761a3b1d9681ba4c51856dd749f20ae9bfcd446ead,hqs,4,33.986123124841626,0.971795520406723
fresh_div2k_0851,DIV2K_fresh,fresh_div2k_0851,test,0.25,0.25,0.0,2026,be8a67de439e9bad6c8d50761a3b1d9681ba4c51856dd749f20ae9bfcd446ead,hqs,5,34.767889443624796,0.9760567453765869
fresh_div2k_0851,DIV2K_fresh,fresh_div2k_0851,test,0.25,0.25,0.0,2026,be8a67de439e9bad6c8d50761a3b1d9681ba4c51856dd749f20ae9bfcd446ead,hqs,6,35.40692349337264,0.9822172486553192
fresh_div2k_0851,DIV2K_fresh,fresh_div2k_0851,test,0.25,0.25,0.0,2026,be8a67de439e9bad6c8d50761a3b1d9681ba4c51856dd749f20ae9bfcd446ead,admm,1,28.783603915323482,0.8496608644249439
fresh_div2k_0851,DIV2K_fresh,fresh_div2k_0851,test,0.25,0.25,0.0,2026,be8a67de439e9bad6c8d50761a3b1d9681ba4c51856dd749f20ae9bfcd446ead,admm,2,31.646032301978533,0.9472340998964309
fresh_div2k_0851,DIV2K_fresh,fresh_div2k_0851,test,0.25,0.25,0.0,2026,be8a67de439e9bad6c8d50761a3b1d9681ba4c51856dd749f20ae9bfcd446ead,admm,3,33.14135419266526,0.9632691713848114
fresh_div2k_0851,DIV2K_fresh,fresh_div2k_0851,test,0.25,0.25,0.0,2026,be8a67de439e9bad6c8d50761a3b1d9681ba4c51856dd749f20ae9bfcd446ead,admm,4,33.994727607258696,0.9685124457550048
fresh_div2k_0851,DIV2K_fresh,fresh_div2k_0851,test,0.25,0.25,0.0,2026,be8a67de439e9bad6c8d50761a3b1d9681ba4c51856dd749f20ae9bfcd446ead,admm,5,34.816785985721616,0.9756197359218597
fresh_div2k_0851,DIV2K_fresh,fresh_div2k_0851,test,0.25,0.25,0.0,2026,be8a67de439e9bad6c8d50761a3b1d9681ba4c51856dd749f20ae9bfcd446ead,admm,6,35.52127892251985,0.982561951259613
fresh_div2k_0851,DIV2K_fresh,fresh_div2k_0851,test,0.5,0.4998931884765625,0.0,2026,b0b3cbe29d788704c911fe4c5d3d364c1a8e16ce5f851ae0e0c04cd10905362e,hqs,1,32.746829790074294,0.929116171236515
fresh_div2k_0851,DIV2K_fresh,fresh_div2k_0851,test,0.5,0.4998931884765625,0.0,2026,b0b3cbe29d788704c911fe4c5d3d364c1a8e16ce5f851ae0e0c04cd10905362e,hqs,2,35.60782804882052,0.9702975255765915
fresh_div2k_0851,DIV2K_fresh,fresh_div2k_0851,test,0.5,0.4998931884765625,0.0,2026,b0b3cbe29d788704c911fe4c5d3d364c1a8e16ce5f851ae0e0c04cd10905362e,hqs,3,37.81416018197102,0.9856907885799407
fresh_div2k_0851,DIV2K_fresh,fresh_div2k_0851,test,0.5,0.4998931884765625,0.0,2026,b0b3cbe29d788704c911fe4c5d3d364c1a8e16ce5f851ae0e0c04cd10905362e,hqs,4,39.51865674649243,0.9896987846164703
fresh_div2k_0851,DIV2K_fresh,fresh_div2k_0851,test,0.5,0.4998931884765625,0.0,2026,b0b3cbe29d788704c911fe4c5d3d364c1a8e16ce5f851ae0e0c04cd10905362e,hqs,5,40.835161939229394,0.9915634424915314
fresh_div2k_0851,DIV2K_fresh,fresh_div2k_0851,test,0.5,0.4998931884765625,0.0,2026,b0b3cbe29d788704c911fe4c5d3d364c1a8e16ce5f851ae0e0c04cd10905362e,hqs,6,41.94101288558507,0.9944551177196502
fresh_div2k_0851,DIV2K_fresh,fresh_div2k_0851,test,0.5,0.4998931884765625,0.0,2026,b0b3cbe29d788704c911fe4c5d3d364c1a8e16ce5f851ae0e0c04cd10905362e,admm,1,32.57413242436239,0.919986167137146
fresh_div2k_0851,DIV2K_fresh,fresh_div2k_0851,test,0.5,0.4998931884765625,0.0,2026,b0b3cbe29d788704c911fe4c5d3d364c1a8e16ce5f851ae0e0c04cd10905362e,admm,2,36.1652782616749,0.9749761814546585
fresh_div2k_0851,DIV2K_fresh,fresh_div2k_0851,test,0.5,0.4998931884765625,0.0,2026,b0b3cbe29d788704c911fe4c5d3d364c1a8e16ce5f851ae0e0c04cd10905362e,admm,3,38.28022700558746,0.9829854908695221
fresh_div2k_0851,DIV2K_fresh,fresh_div2k_0851,test,0.5,0.4998931884765625,0.0,2026,b0b3cbe29d788704c911fe4c5d3d364c1a8e16ce5f851ae0e0c04cd10905362e,admm,4,39.51303630144855,0.9862536736726761
fresh_div2k_0851,DIV2K_fresh,fresh_div2k_0851,test,0.5,0.4998931884765625,0.0,2026,b0b3cbe29d788704c911fe4c5d3d364c1a8e16ce5f851ae0e0c04cd10905362e,admm,5,40.79940804100643,0.990756967844963
fresh_div2k_0851,DIV2K_fresh,fresh_div2k_0851,test,0.5,0.4998931884765625,0.0,2026,b0b3cbe29d788704c911fe4c5d3d364c1a8e16ce5f851ae0e0c04cd10905362e,admm,6,42.017246786833454,0.9944789785871506
fresh_div2k_0851,DIV2K_fresh,fresh_div2k_0851,test,0.1,0.1001129150390625,0.01,2026,d129cd20ad751207f27e2ec6ff69a16192122546dd3014153042ac1f56a78a65,hqs,1,25.458032453152924,0.7737727446501874
fresh_div2k_0851,DIV2K_fresh,fresh_div2k_0851,test,0.1,0.1001129150390625,0.01,2026,d129cd20ad751207f27e2ec6ff69a16192122546dd3014153042ac1f56a78a65,hqs,2,27.14404411772741,0.8726118007442951
fresh_div2k_0851,DIV2K_fresh,fresh_div2k_0851,test,0.1,0.1001129150390625,0.01,2026,d129cd20ad751207f27e2ec6ff69a16192122546dd3014153042ac1f56a78a65,hqs,3,28.282403074434765,0.9172640043711662
fresh_div2k_0851,DIV2K_fresh,fresh_div2k_0851,test,0.1,0.1001129150390625,0.01,2026,d129cd20ad751207f27e2ec6ff69a16192122546dd3014153042ac1f56a78a65,hqs,4,28.986028367068577,0.9294450943450928
fresh_div2k_0851,DIV2K_fresh,fresh_div2k_0851,test,0.1,0.1001129150390625,0.01,2026,d129cd20ad751207f27e2ec6ff69a16192122546dd3014153042ac1f56a78a65,hqs,5,29.40255605341912,0.9371799462258815
fresh_div2k_0851,DIV2K_fresh,fresh_div2k_0851,test,0.1,0.1001129150390625,0.01,2026,d129cd20ad751207f27e2ec6ff69a16192122546dd3014153042ac1f56a78a65,hqs,6,29.69477644831198,0.9442581732578278
fresh_div2k_0851,DIV2K_fresh,fresh_div2k_0851,test,0.1,0.1001129150390625,0.01,2026,d129cd20ad751207f27e2ec6ff69a16192122546dd3014153042ac1f56a78a65,admm,1,25.36291834908424,0.7564530563053041
fresh_div2k_0851,DIV2K_fresh,fresh_div2k_0851,test,0.1,0.1001129150390625,0.01,2026,d129cd20ad751207f27e2ec6ff69a16192122546dd3014153042ac1f56a78a65,admm,2,27.378326649197113,0.8826647342679501
fresh_div2k_0851,DIV2K_fresh,fresh_div2k_0851,test,0.1,0.1001129150390625,0.01,2026,d129cd20ad751207f27e2ec6ff69a16192122546dd3014153042ac1f56a78a65,admm,3,28.473238934178156,0.9183818128592968
fresh_div2k_0851,DIV2K_fresh,fresh_div2k_0851,test,0.1,0.1001129150390625,0.01,2026,d129cd20ad751207f27e2ec6ff69a16192122546dd3014153042ac1f56a78a65,admm,4,28.98756509574232,0.9258299129252434
fresh_div2k_0851,DIV2K_fresh,fresh_div2k_0851,test,0.1,0.1001129150390625,0.01,2026,d129cd20ad751207f27e2ec6ff69a16192122546dd3014153042ac1f56a78a65,admm,5,29.374538411698698,0.9327244917483329
fresh_div2k_0851,DIV2K_fresh,fresh_div2k_0851,test,0.1,0.1001129150390625,0.01,2026,d129cd20ad751207f27e2ec6ff69a16192122546dd3014153042ac1f56a78a65,admm,6,29.70083502149478,0.9450246167232991
fresh_div2k_0851,DIV2K_fresh,fresh_div2k_0851,test,0.1,0.1001129150390625,0.01,2027,cc66d64811c58ac0dba940aeef3e2e4f2786d0b687ca66d10c210049c0418beb,hqs,1,25.45888541348748,0.773659294698805
fresh_div2k_0851,DIV2K_fresh,fresh_div2k_0851,test,0.1,0.1001129150390625,0.01,2027,cc66d64811c58ac0dba940aeef3e2e4f2786d0b687ca66d10c210049c0418beb,hqs,2,27.14399528818693,0.8725534168338775
fresh_div2k_0851,DIV2K_fresh,fresh_div2k_0851,test,0.1,0.1001129150390625,0.01,2027,cc66d64811c58ac0dba940aeef3e2e4f2786d0b687ca66d10c210049c0418beb,hqs,3,28.289605279150848,0.9173214420371055
fresh_div2k_0851,DIV2K_fresh,fresh_div2k_0851,test,0.1,0.1001129150390625,0.01,2027,cc66d64811c58ac0dba940aeef3e2e4f2786d0b687ca66d10c210049c0418beb,hqs,4,28.995462342000607,0.929292174015522
fresh_div2k_0851,DIV2K_fresh,fresh_div2k_0851,test,0.1,0.1001129150390625,0.01,2027,cc66d64811c58ac0dba940aeef3e2e4f2786d0b687ca66d10c210049c0418beb,hqs,5,29.417555475882004,0.9369824015660286
fresh_div2k_0851,DIV2K_fresh,fresh_div2k_0851,test,0.1,0.1001129150390625,0.01,2027,cc66d64811c58ac0dba940aeef3e2e4f2786d0b687ca66d10c210049c0418beb,hqs,6,29.698002945435466,0.9438818856327533
fresh_div2k_0851,DIV2K_fresh,fresh_div2k_0851,test,0.1,0.1001129150390625,0.01,2027,cc66d64811c58ac0dba940aeef3e2e4f2786d0b687ca66d10c210049c0418beb,admm,1,25.3654019176027,0.7563896089326795
fresh_div2k_0851,DIV2K_fresh,fresh_div2k_0851,test,0.1,0.1001129150390625,0.01,2027,cc66d64811c58ac0dba940aeef3e2e4f2786d0b687ca66d10c210049c0418beb,admm,2,27.38398392536592,0.8826871953440905
fresh_div2k_0851,DIV2K_fresh,fresh_div2k_0851,test,0.1,0.1001129150390625,0.01,2027,cc66d64811c58ac0dba940aeef3e2e4f2786d0b687ca66d10c210049c0418beb,admm,3,28.484062620187608,0.9182929793894291
fresh_div2k_0851,DIV2K_fresh,fresh_div2k_0851,test,0.1,0.1001129150390625,0.01,2027,cc66d64811c58ac0dba940aeef3e2e4f2786d0b687ca66d10c210049c0418beb,admm,4,29.000608683072894,0.9259160811395645
fresh_div2k_0851,DIV2K_fresh,fresh_div2k_0851,test,0.1,0.1001129150390625,0.01,2027,cc66d64811c58ac0dba940aeef3e2e4f2786d0b687ca66d10c210049c0418beb,admm,5,29.396233834956643,0.9328099993104935
fresh_div2k_0851,DIV2K_fresh,fresh_div2k_0851,test,0.1,0.1001129150390625,0.01,2027,cc66d64811c58ac0dba940aeef3e2e4f2786d0b687ca66d10c210049c0418beb,admm,6,29.722450938720684,0.9448317589776516
fresh_div2k_0851,DIV2K_fresh,fresh_div2k_0851,test,0.1,0.1001129150390625,0.01,2028,c0dc0916f5ad1871e8b6d8ecd11247f5e7efd5cd50ef7029b63dfb150e3a3922,hqs,1,25.456945983254013,0.7737990063313828
fresh_div2k_0851,DIV2K_fresh,fresh_div2k_0851,test,0.1,0.1001129150390625,0.01,2028,c0dc0916f5ad1871e8b6d8ecd11247f5e7efd5cd50ef7029b63dfb150e3a3922,hqs,2,27.136087769368785,0.8724123834217191
fresh_div2k_0851,DIV2K_fresh,fresh_div2k_0851,test,0.1,0.1001129150390625,0.01,2028,c0dc0916f5ad1871e8b6d8ecd11247f5e7efd5cd50ef7029b63dfb150e3a3922,hqs,3,28.276584424433246,0.9169897832307815
fresh_div2k_0851,DIV2K_fresh,fresh_div2k_0851,test,0.1,0.1001129150390625,0.01,2028,c0dc0916f5ad1871e8b6d8ecd11247f5e7efd5cd50ef7029b63dfb150e3a3922,hqs,4,28.974921019489834,0.9290215436077118
fresh_div2k_0851,DIV2K_fresh,fresh_div2k_0851,test,0.1,0.1001129150390625,0.01,2028,c0dc0916f5ad1871e8b6d8ecd11247f5e7efd5cd50ef7029b63dfb150e3a3922,hqs,5,29.378647118492303,0.936339962861538
fresh_div2k_0851,DIV2K_fresh,fresh_div2k_0851,test,0.1,0.1001129150390625,0.01,2028,c0dc0916f5ad1871e8b6d8ecd11247f5e7efd5cd50ef7029b63dfb150e3a3922,hqs,6,29.66318669025357,0.9437657575466633
fresh_div2k_0851,DIV2K_fresh,fresh_div2k_0851,test,0.1,0.1001129150390625,0.01,2028,c0dc0916f5ad1871e8b6d8ecd11247f5e7efd5cd50ef7029b63dfb150e3a3922,admm,1,25.361103340697078,0.7563916609027553
fresh_div2k_0851,DIV2K_fresh,fresh_div2k_0851,test,0.1,0.1001129150390625,0.01,2028,c0dc0916f5ad1871e8b6d8ecd11247f5e7efd5cd50ef7029b63dfb150e3a3922,admm,2,27.370844606891154,0.8823490193532705
fresh_div2k_0851,DIV2K_fresh,fresh_div2k_0851,test,0.1,0.1001129150390625,0.01,2028,c0dc0916f5ad1871e8b6d8ecd11247f5e7efd5cd50ef7029b63dfb150e3a3922,admm,3,28.471863544025506,0.9180811764514446
fresh_div2k_0851,DIV2K_fresh,fresh_div2k_0851,test,0.1,0.1001129150390625,0.01,2028,c0dc0916f5ad1871e8b6d8ecd11247f5e7efd5cd50ef7029b63dfb150e3a3922,admm,4,28.981079879839893,0.9255038989355564
fresh_div2k_0851,DIV2K_fresh,fresh_div2k_0851,test,0.1,0.1001129150390625,0.01,2028,c0dc0916f5ad1871e8b6d8ecd11247f5e7efd5cd50ef7029b63dfb150e3a3922,admm,5,29.35983505993375,0.9324969736049176
fresh_div2k_0851,DIV2K_fresh,fresh_div2k_0851,test,0.1,0.1001129150390625,0.01,2028,c0dc0916f5ad1871e8b6d8ecd11247f5e7efd5cd50ef7029b63dfb150e3a3922,admm,6,29.67556758495798,0.9445365622484684
fresh_div2k_0851,DIV2K_fresh,fresh_div2k_0851,test,0.1,0.1001129150390625,0.05,2026,603aca0d9963bfa9bd129ae124d6764b8bf9d2b35397f5638ee0a0c6964f32fc,hqs,1,25.29412389793201,0.7554199016270758
fresh_div2k_0851,DIV2K_fresh,fresh_div2k_0851,test,0.1,0.1001129150390625,0.05,2026,603aca0d9963bfa9bd129ae124d6764b8bf9d2b35397f5638ee0a0c6964f32fc,hqs,2,26.836239095684633,0.855174640521586
fresh_div2k_0851,DIV2K_fresh,fresh_div2k_0851,test,0.1,0.1001129150390625,0.05,2026,603aca0d9963bfa9bd129ae124d6764b8bf9d2b35397f5638ee0a0c6964f32fc,hqs,3,27.546002333130552,0.8820713395006656
fresh_div2k_0851,DIV2K_fresh,fresh_div2k_0851,test,0.1,0.1001129150390625,0.05,2026,603aca0d9963bfa9bd129ae124d6764b8bf9d2b35397f5638ee0a0c6964f32fc,hqs,4,27.842933700231377,0.8966950800042153
fresh_div2k_0851,DIV2K_fresh,fresh_div2k_0851,test,0.1,0.1001129150390625,0.05,2026,603aca0d9963bfa9bd129ae124d6764b8bf9d2b35397f5638ee0a0c6964f32fc,hqs,5,27.898515697469502,0.8971567669949532
fresh_div2k_0851,DIV2K_fresh,fresh_div2k_0851,test,0.1,0.1001129150390625,0.05,2026,603aca0d9963bfa9bd129ae124d6764b8bf9d2b35397f5638ee0a0c6964f32fc,hqs,6,27.632003619423795,0.8644369269331693
fresh_div2k_0851,DIV2K_fresh,fresh_div2k_0851,test,0.1,0.1001129150390625,0.05,2026,603aca0d9963bfa9bd129ae124d6764b8bf9d2b35397f5638ee0a0c6964f32fc,admm,1,25.19835591357641,0.7378367222811133
fresh_div2k_0851,DIV2K_fresh,fresh_div2k_0851,test,0.1,0.1001129150390625,0.05,2026,603aca0d9963bfa9bd129ae124d6764b8bf9d2b35397f5638ee0a0c6964f32fc,admm,2,26.92580092731255,0.8489652463387549
fresh_div2k_0851,DIV2K_fresh,fresh_div2k_0851,test,0.1,0.1001129150390625,0.05,2026,603aca0d9963bfa9bd129ae124d6764b8bf9d2b35397f5638ee0a0c6964f32fc,admm,3,27.40784244162026,0.8513966859743595
fresh_div2k_0851,DIV2K_fresh,fresh_div2k_0851,test,0.1,0.1001129150390625,0.05,2026,603aca0d9963bfa9bd129ae124d6764b8bf9d2b35397f5638ee0a0c6964f32fc,admm,4,27.506240615322547,0.8567870679563284
fresh_div2k_0851,DIV2K_fresh,fresh_div2k_0851,test,0.1,0.1001129150390625,0.05,2026,603aca0d9963bfa9bd129ae124d6764b8bf9d2b35397f5638ee0a0c6964f32fc,admm,5,27.511956124514462,0.8464250232465267
fresh_div2k_0851,DIV2K_fresh,fresh_div2k_0851,test,0.1,0.1001129150390625,0.05,2026,603aca0d9963bfa9bd129ae124d6764b8bf9d2b35397f5638ee0a0c6964f32fc,admm,6,27.767687415176333,0.8864165497384071
fresh_div2k_0851,DIV2K_fresh,fresh_div2k_0851,test,0.1,0.1001129150390625,0.05,2027,e4abf685bf6b10b176feb9f0c5845ba1fa4e082070b9f57ee30244bed5016163,hqs,1,25.289749941766104,0.7548535259514451
fresh_div2k_0851,DIV2K_fresh,fresh_div2k_0851,test,0.1,0.1001129150390625,0.05,2027,e4abf685bf6b10b176feb9f0c5845ba1fa4e082070b9f57ee30244bed5016163,hqs,2,26.828480119087548,0.8549397995240353
fresh_div2k_0851,DIV2K_fresh,fresh_div2k_0851,test,0.1,0.1001129150390625,0.05,2027,e4abf685bf6b10b176feb9f0c5845ba1fa4e082070b9f57ee30244bed5016163,hqs,3,27.53811497136857,0.8814880351397395
fresh_div2k_0851,DIV2K_fresh,fresh_div2k_0851,test,0.1,0.1001129150390625,0.05,2027,e4abf685bf6b10b176feb9f0c5845ba1fa4e082070b9f57ee30244bed5016163,hqs,4,27.83074441289228,0.8960961144657135
fresh_div2k_0851,DIV2K_fresh,fresh_div2k_0851,test,0.1,0.1001129150390625,0.05,2027,e4abf685bf6b10b176feb9f0c5845ba1fa4e082070b9f57ee30244bed5016163,hqs,5,27.883490192698595,0.8965341597567796
fresh_div2k_0851,DIV2K_fresh,fresh_div2k_0851,test,0.1,0.1001129150390625,0.05,2027,e4abf685bf6b10b176feb9f0c5845ba1fa4e082070b9f57ee30244bed5016163,hqs,6,27.634943501941866,0.865071647493992
fresh_div2k_0851,DIV2K_fresh,fresh_div2k_0851,test,0.1,0.1001129150390625,0.05,2027,e4abf685bf6b10b176feb9f0c5845ba1fa4e082070b9f57ee30244bed5016163,admm,1,25.205233975540455,0.7375469158274471
fresh_div2k_0851,DIV2K_fresh,fresh_div2k_0851,test,0.1,0.1001129150390625,0.05,2027,e4abf685bf6b10b176feb9f0c5845ba1fa4e082070b9f57ee30244bed5016163,admm,2,26.94112418236135,0.8492157429660931
fresh_div2k_0851,DIV2K_fresh,fresh_div2k_0851,test,0.1,0.1001129150390625,0.05,2027,e4abf685bf6b10b176feb9f0c5845ba1fa4e082070b9f57ee30244bed5016163,admm,3,27.423316286651573,0.8521154456512481
fresh_div2k_0851,DIV2K_fresh,fresh_div2k_0851,test,0.1,0.1001129150390625,0.05,2027,e4abf685bf6b10b176feb9f0c5845ba1fa4e082070b9f57ee30244bed5016163,admm,4,27.47264886740289,0.8528768401900529
fresh_div2k_0851,DIV2K_fresh,fresh_div2k_0851,test,0.1,0.1001129150390625,0.05,2027,e4abf685bf6b10b176feb9f0c5845ba1fa4e082070b9f57ee30244bed5016163,admm,5,27.483270711575724,0.8464241048548817
fresh_div2k_0851,DIV2K_fresh,fresh_div2k_0851,test,0.1,0.1001129150390625,0.05,2027,e4abf685bf6b10b176feb9f0c5845ba1fa4e082070b9f57ee30244bed5016163,admm,6,27.721676638085718,0.8851237377059012
fresh_div2k_0851,DIV2K_fresh,fresh_div2k_0851,test,0.1,0.1001129150390625,0.05,2028,c3c1161948baf9a38ead8607b36e47a51210d4a9256aa7c3073c8f3b7f73d165,hqs,1,25.28096173844045,0.7558007042981004
fresh_div2k_0851,DIV2K_fresh,fresh_div2k_0851,test,0.1,0.1001129150390625,0.05,2028,c3c1161948baf9a38ead8607b36e47a51210d4a9256aa7c3073c8f3b7f73d165,hqs,2,26.794381453067047,0.8544447558530271
fresh_div2k_0851,DIV2K_fresh,fresh_div2k_0851,test,0.1,0.1001129150390625,0.05,2028,c3c1161948baf9a38ead8607b36e47a51210d4a9256aa7c3073c8f3b7f73d165,hqs,3,27.502633208128394,0.8824046089544296
fresh_div2k_0851,DIV2K_fresh,fresh_div2k_0851,test,0.1,0.1001129150390625,0.05,2028,c3c1161948baf9a38ead8607b36e47a51210d4a9256aa7c3073c8f3b7f73d165,hqs,4,27.77118956874956,0.8968795408400297
fresh_div2k_0851,DIV2K_fresh,fresh_div2k_0851,test,0.1,0.1001129150390625,0.05,2028,c3c1161948baf9a38ead8607b36e47a51210d4a9256aa7c3073c8f3b7f73d165,hqs,5,27.80835297999348,0.899673479341507
fresh_div2k_0851,DIV2K_fresh,fresh_div2k_0851,test,0.1,0.1001129150390625,0.05,2028,c3c1161948baf9a38ead8607b36e47a51210d4a9256aa7c3073c8f3b7f73d165,hqs,6,27.488633572917216,0.8656450181231499
fresh_div2k_0851,DIV2K_fresh,fresh_div2k_0851,test,0.1,0.1001129150390625,0.05,2028,c3c1161948baf9a38ead8607b36e47a51210d4a9256aa7c3073c8f3b7f73d165,admm,1,25.181388550891597,0.7374557003734187
fresh_div2k_0851,DIV2K_fresh,fresh_div2k_0851,test,0.1,0.1001129150390625,0.05,2028,c3c1161948baf9a38ead8607b36e47a51210d4a9256aa7c3073c8f3b7f73d165,admm,2,26.87158259810846,0.8467179413178414
fresh_div2k_0851,DIV2K_fresh,fresh_div2k_0851,test,0.1,0.1001129150390625,0.05,2028,c3c1161948baf9a38ead8607b36e47a51210d4a9256aa7c3073c8f3b7f73d165,admm,3,27.3730311287215,0.8513077351231575
fresh_div2k_0851,DIV2K_fresh,fresh_div2k_0851,test,0.1,0.1001129150390625,0.05,2028,c3c1161948baf9a38ead8607b36e47a51210d4a9256aa7c3073c8f3b7f73d165,admm,4,27.445193094882843,0.8564428121993541
fresh_div2k_0851,DIV2K_fresh,fresh_div2k_0851,test,0.1,0.1001129150390625,0.05,2028,c3c1161948baf9a38ead8607b36e47a51210d4a9256aa7c3073c8f3b7f73d165,admm,5,27.44773186306624,0.8503846506713629
fresh_div2k_0851,DIV2K_fresh,fresh_div2k_0851,test,0.1,0.1001129150390625,0.05,2028,c3c1161948baf9a38ead8607b36e47a51210d4a9256aa7c3073c8f3b7f73d165,admm,6,27.643181600918073,0.8871034272434711
fresh_div2k_0855,DIV2K_fresh,fresh_div2k_0855,test,0.01,0.01031494140625,0.0,2026,eadb0e50c3f4a92dfd87b2d58bf96330212802a3efcc030a4ce1448dcfa14493,hqs,1,22.44278417784209,0.4883027641343047
fresh_div2k_0855,DIV2K_fresh,fresh_div2k_0855,test,0.01,0.01031494140625,0.0,2026,eadb0e50c3f4a92dfd87b2d58bf96330212802a3efcc030a4ce1448dcfa14493,hqs,2,23.02838176100462,0.5521641118535551
fresh_div2k_0855,DIV2K_fresh,fresh_div2k_0855,test,0.01,0.01031494140625,0.0,2026,eadb0e50c3f4a92dfd87b2d58bf96330212802a3efcc030a4ce1448dcfa14493,hqs,3,23.313666618971276,0.5828424415582285
fresh_div2k_0855,DIV2K_fresh,fresh_div2k_0855,test,0.01,0.01031494140625,0.0,2026,eadb0e50c3f4a92dfd87b2d58bf96330212802a3efcc030a4ce1448dcfa14493,hqs,4,23.433362063819043,0.5955359915993783
fresh_div2k_0855,DIV2K_fresh,fresh_div2k_0855,test,0.01,0.01031494140625,0.0,2026,eadb0e50c3f4a92dfd87b2d58bf96330212802a3efcc030a4ce1448dcfa14493,hqs,5,23.467523775202423,0.5989634080875108
fresh_div2k_0855,DIV2K_fresh,fresh_div2k_0855,test,0.01,0.01031494140625,0.0,2026,eadb0e50c3f4a92dfd87b2d58bf96330212802a3efcc030a4ce1448dcfa14493,hqs,6,23.47069848065036,0.6011910840160493
fresh_div2k_0855,DIV2K_fresh,fresh_div2k_0855,test,0.01,0.01031494140625,0.0,2026,eadb0e50c3f4a92dfd87b2d58bf96330212802a3efcc030a4ce1448dcfa14493,admm,1,22.422678762263075,0.48336164452248426
fresh_div2k_0855,DIV2K_fresh,fresh_div2k_0855,test,0.01,0.01031494140625,0.0,2026,eadb0e50c3f4a92dfd87b2d58bf96330212802a3efcc030a4ce1448dcfa14493,admm,2,23.151582530156066,0.5660071401203137
fresh_div2k_0855,DIV2K_fresh,fresh_div2k_0855,test,0.01,0.01031494140625,0.0,2026,eadb0e50c3f4a92dfd87b2d58bf96330212802a3efcc030a4ce1448dcfa14493,admm,3,23.366234459180077,0.5909789427341153
fresh_div2k_0855,DIV2K_fresh,fresh_div2k_0855,test,0.01,0.01031494140625,0.0,2026,eadb0e50c3f4a92dfd87b2d58bf96330212802a3efcc030a4ce1448dcfa14493,admm,4,23.42243210562751,0.5986693575521067
fresh_div2k_0855,DIV2K_fresh,fresh_div2k_0855,test,0.01,0.01031494140625,0.0,2026,eadb0e50c3f4a92dfd87b2d58bf96330212802a3efcc030a4ce1448dcfa14493,admm,5,23.456741687679624,0.6011087380493199
fresh_div2k_0855,DIV2K_fresh,fresh_div2k_0855,test,0.01,0.01031494140625,0.0,2026,eadb0e50c3f4a92dfd87b2d58bf96330212802a3efcc030a4ce1448dcfa14493,admm,6,23.47125987186861,0.6011866763588566
fresh_div2k_0855,DIV2K_fresh,fresh_div2k_0855,test,0.04,0.041259765625,0.0,2026,f85ddb8b92ad4f7b5f0fea34dcd89848c83e5045bea43cbe083ca5d96aeff29a,hqs,1,25.083893038828194,0.6433603151926746
fresh_div2k_0855,DIV2K_fresh,fresh_div2k_0855,test,0.04,0.041259765625,0.0,2026,f85ddb8b92ad4f7b5f0fea34dcd89848c83e5045bea43cbe083ca5d96aeff29a,hqs,2,25.979679176905016,0.7173624695933426
fresh_div2k_0855,DIV2K_fresh,fresh_div2k_0855,test,0.04,0.041259765625,0.0,2026,f85ddb8b92ad4f7b5f0fea34dcd89848c83e5045bea43cbe083ca5d96aeff29a,hqs,3,26.377644360064526,0.7495819506030867
fresh_div2k_0855,DIV2K_fresh,fresh_div2k_0855,test,0.04,0.041259765625,0.0,2026,f85ddb8b92ad4f7b5f0fea34dcd89848c83e5045bea43cbe083ca5d96aeff29a,hqs,4,26.502053196628257,0.7583483079067264
fresh_div2k_0855,DIV2K_fresh,fresh_div2k_0855,test,0.04,0.041259765625,0.0,2026,f85ddb8b92ad4f7b5f0fea34dcd89848c83e5045bea43cbe083ca5d96aeff29a,hqs,5,26.533854364690708,0.7606898422697834
fresh_div2k_0855,DIV2K_fresh,fresh_div2k_0855,test,0.04,0.041259765625,0.0,2026,f85ddb8b92ad4f7b5f0fea34dcd89848c83e5045bea43cbe083ca5d96aeff29a,hqs,6,26.554351979171457,0.7645893826652993
fresh_div2k_0855,DIV2K_fresh,fresh_div2k_0855,test,0.04,0.041259765625,0.0,2026,f85ddb8b92ad4f7b5f0fea34dcd89848c83e5045bea43cbe083ca5d96aeff29a,admm,1,25.00455941500833,0.6352911052776881
fresh_div2k_0855,DIV2K_fresh,fresh_div2k_0855,test,0.04,0.041259765625,0.0,2026,f85ddb8b92ad4f7b5f0fea34dcd89848c83e5045bea43cbe083ca5d96aeff29a,admm,2,26.144390127221833,0.73426833313799
fresh_div2k_0855,DIV2K_fresh,fresh_div2k_0855,test,0.04,0.041259765625,0.0,2026,f85ddb8b92ad4f7b5f0fea34dcd89848c83e5045bea43cbe083ca5d96aeff29a,admm,3,26.419813990619076,0.7555657660785847
fresh_div2k_0855,DIV2K_fresh,fresh_div2k_0855,test,0.04,0.041259765625,0.0,2026,f85ddb8b92ad4f7b5f0fea34dcd89848c83e5045bea43cbe083ca5d96aeff29a,admm,4,26.46048230594844,0.75988460510315
fresh_div2k_0855,DIV2K_fresh,fresh_div2k_0855,test,0.04,0.041259765625,0.0,2026,f85ddb8b92ad4f7b5f0fea34dcd89848c83e5045bea43cbe083ca5d96aeff29a,admm,5,26.523631997202447,0.7646458099865662
fresh_div2k_0855,DIV2K_fresh,fresh_div2k_0855,test,0.04,0.041259765625,0.0,2026,f85ddb8b92ad4f7b5f0fea34dcd89848c83e5045bea43cbe083ca5d96aeff29a,admm,6,26.577282648766214,0.7647682759492961
fresh_div2k_0855,DIV2K_fresh,fresh_div2k_0855,test,0.1,0.1001129150390625,0.0,2026,1ebf3ca91b7f6b4217d662d8062023525ad1005ec25969e869f7d6d54f25a279,hqs,1,26.686343291750333,0.7416289908993813
fresh_div2k_0855,DIV2K_fresh,fresh_div2k_0855,test,0.1,0.1001129150390625,0.0,2026,1ebf3ca91b7f6b4217d662d8062023525ad1005ec25969e869f7d6d54f25a279,hqs,2,27.688769468494556,0.8113207268304936
fresh_div2k_0855,DIV2K_fresh,fresh_div2k_0855,test,0.1,0.1001129150390625,0.0,2026,1ebf3ca91b7f6b4217d662d8062023525ad1005ec25969e869f7d6d54f25a279,hqs,3,28.176679921109347,0.840648315621376
fresh_div2k_0855,DIV2K_fresh,fresh_div2k_0855,test,0.1,0.1001129150390625,0.0,2026,1ebf3ca91b7f6b4217d662d8062023525ad1005ec25969e869f7d6d54f25a279,hqs,4,28.37664558098861,0.8504893002320528
fresh_div2k_0855,DIV2K_fresh,fresh_div2k_0855,test,0.1,0.1001129150390625,0.0,2026,1ebf3ca91b7f6b4217d662d8062023525ad1005ec25969e869f7d6d54f25a279,hqs,5,28.4558713001017,0.8543933952515125
fresh_div2k_0855,DIV2K_fresh,fresh_div2k_0855,test,0.1,0.1001129150390625,0.0,2026,1ebf3ca91b7f6b4217d662d8062023525ad1005ec25969e869f7d6d54f25a279,hqs,6,28.520646531748927,0.8583142489494086
fresh_div2k_0855,DIV2K_fresh,fresh_div2k_0855,test,0.1,0.1001129150390625,0.0,2026,1ebf3ca91b7f6b4217d662d8062023525ad1005ec25969e869f7d6d54f25a279,admm,1,26.607540290975066,0.7344578265607431
fresh_div2k_0855,DIV2K_fresh,fresh_div2k_0855,test,0.1,0.1001129150390625,0.0,2026,1ebf3ca91b7f6b4217d662d8062023525ad1005ec25969e869f7d6d54f25a279,admm,2,27.836181232404563,0.8248745857340097
fresh_div2k_0855,DIV2K_fresh,fresh_div2k_0855,test,0.1,0.1001129150390625,0.0,2026,1ebf3ca91b7f6b4217d662d8062023525ad1005ec25969e869f7d6d54f25a279,admm,3,28.15725431953596,0.8432743276425004
fresh_div2k_0855,DIV2K_fresh,fresh_div2k_0855,test,0.1,0.1001129150390625,0.0,2026,1ebf3ca91b7f6b4217d662d8062023525ad1005ec25969e869f7d6d54f25a279,admm,4,28.280864047032868,0.848346589317441
fresh_div2k_0855,DIV2K_fresh,fresh_div2k_0855,test,0.1,0.1001129150390625,0.0,2026,1ebf3ca91b7f6b4217d662d8062023525ad1005ec25969e869f7d6d54f25a279,admm,5,28.430236743124908,0.8550603614045381
fresh_div2k_0855,DIV2K_fresh,fresh_div2k_0855,test,0.1,0.1001129150390625,0.0,2026,1ebf3ca91b7f6b4217d662d8062023525ad1005ec25969e869f7d6d54f25a279,admm,6,28.53212987563439,0.8573914839419723
fresh_div2k_0855,DIV2K_fresh,fresh_div2k_0855,test,0.25,0.25,0.0,2026,ef93c1b633eab334813e950cc74f6c21d2dacf9174f56ae0ec7aa5525a845716,hqs,1,28.983109200832935,0.8479599365639686
fresh_div2k_0855,DIV2K_fresh,fresh_div2k_0855,test,0.25,0.25,0.0,2026,ef93c1b633eab334813e950cc74f6c21d2dacf9174f56ae0ec7aa5525a845716,hqs,2,30.310401388638,0.9000018113684655
fresh_div2k_0855,DIV2K_fresh,fresh_div2k_0855,test,0.25,0.25,0.0,2026,ef93c1b633eab334813e950cc74f6c21d2dacf9174f56ae0ec7aa5525a845716,hqs,3,31.1292492815965,0.9225057205319405
fresh_div2k_0855,DIV2K_fresh,fresh_div2k_0855,test,0.25,0.25,0.0,2026,ef93c1b633eab334813e950cc74f6c21d2dacf9174f56ae0ec7aa5525a845716,hqs,4,31.551475703711652,0.9302622148237228
fresh_div2k_0855,DIV2K_fresh,fresh_div2k_0855,test,0.25,0.25,0.0,2026,ef93c1b633eab334813e950cc74f6c21d2dacf9174f56ae0ec7aa5525a845716,hqs,5,31.79310314666177,0.9343196033968926
fresh_div2k_0855,DIV2K_fresh,fresh_div2k_0855,test,0.25,0.25,0.0,2026,ef93c1b633eab334813e950cc74f6c21d2dacf9174f56ae0ec7aa5525a845716,hqs,6,31.989598318944097,0.9378856495137214
fresh_div2k_0855,DIV2K_fresh,fresh_div2k_0855,test,0.25,0.25,0.0,2026,ef93c1b633eab334813e950cc74f6c21d2dacf9174f56ae0ec7aa5525a845716,admm,1,28.911542930288192,0.8420492579593658
fresh_div2k_0855,DIV2K_fresh,fresh_div2k_0855,test,0.25,0.25,0.0,2026,ef93c1b633eab334813e950cc74f6c21d2dacf9174f56ae0ec7aa5525a845716,admm,2,30.551948945211915,0.909450447516203
fresh_div2k_0855,DIV2K_fresh,fresh_div2k_0855,test,0.25,0.25,0.0,2026,ef93c1b633eab334813e950cc74f6c21d2dacf9174f56ae0ec7aa5525a845716,admm,3,31.281868185273364,0.9247654508776665
fresh_div2k_0855,DIV2K_fresh,fresh_div2k_0855,test,0.25,0.25,0.0,2026,ef93c1b633eab334813e950cc74f6c21d2dacf9174f56ae0ec7aa5525a845716,admm,4,31.63578311200798,0.9302760765008926
fresh_div2k_0855,DIV2K_fresh,fresh_div2k_0855,test,0.25,0.25,0.0,2026,ef93c1b633eab334813e950cc74f6c21d2dacf9174f56ae0ec7aa5525a845716,admm,5,31.916648084343034,0.9357476167707444
fresh_div2k_0855,DIV2K_fresh,fresh_div2k_0855,test,0.25,0.25,0.0,2026,ef93c1b633eab334813e950cc74f6c21d2dacf9174f56ae0ec7aa5525a845716,admm,6,32.07968853994456,0.9384678432288169
fresh_div2k_0855,DIV2K_fresh,fresh_div2k_0855,test,0.5,0.4998931884765625,0.0,2026,7a5d2be296c1086297e38b5cf82464576089dde578686395c47c560d4148d6b7,hqs,1,32.159711168524545,0.922606919388771
fresh_div2k_0855,DIV2K_fresh,fresh_div2k_0855,test,0.5,0.4998931884765625,0.0,2026,7a5d2be296c1086297e38b5cf82464576089dde578686395c47c560d4148d6b7,hqs,2,34.17738498617159,0.9558749534721375
fresh_div2k_0855,DIV2K_fresh,fresh_div2k_0855,test,0.5,0.4998931884765625,0.0,2026,7a5d2be296c1086297e38b5cf82464576089dde578686395c47c560d4148d6b7,hqs,3,35.69838277912624,0.9705289421424865
fresh_div2k_0855,DIV2K_fresh,fresh_div2k_0855,test,0.5,0.4998931884765625,0.0,2026,7a5d2be296c1086297e38b5cf82464576089dde578686395c47c560d4148d6b7,hqs,4,36.702047329605506,0.9762369474191666
fresh_div2k_0855,DIV2K_fresh,fresh_div2k_0855,test,0.5,0.4998931884765625,0.0,2026,7a5d2be296c1086297e38b5cf82464576089dde578686395c47c560d4148d6b7,hqs,5,37.375377719282724,0.9795261634817123
fresh_div2k_0855,DIV2K_fresh,fresh_div2k_0855,test,0.5,0.4998931884765625,0.0,2026,7a5d2be296c1086297e38b5cf82464576089dde578686395c47c560d4148d6b7,hqs,6,37.87687078580746,0.981900783331871
fresh_div2k_0855,DIV2K_fresh,fresh_div2k_0855,test,0.5,0.4998931884765625,0.0,2026,7a5d2be296c1086297e38b5cf82464576089dde578686395c47c560d4148d6b7,admm,1,32.083510863240775,0.9182303343229293
fresh_div2k_0855,DIV2K_fresh,fresh_div2k_0855,test,0.5,0.4998931884765625,0.0,2026,7a5d2be296c1086297e38b5cf82464576089dde578686395c47c560d4148d6b7,admm,2,34.6084548504748,0.9614239556751252
fresh_div2k_0855,DIV2K_fresh,fresh_div2k_0855,test,0.5,0.4998931884765625,0.0,2026,7a5d2be296c1086297e38b5cf82464576089dde578686395c47c560d4148d6b7,admm,3,36.13068827299132,0.9721381764802933
fresh_div2k_0855,DIV2K_fresh,fresh_div2k_0855,test,0.5,0.4998931884765625,0.0,2026,7a5d2be296c1086297e38b5cf82464576089dde578686395c47c560d4148d6b7,admm,4,36.87086455945752,0.9754892693452835
fresh_div2k_0855,DIV2K_fresh,fresh_div2k_0855,test,0.5,0.4998931884765625,0.0,2026,7a5d2be296c1086297e38b5cf82464576089dde578686395c47c560d4148d6b7,admm,5,37.47513955884306,0.9792080068311692
fresh_div2k_0855,DIV2K_fresh,fresh_div2k_0855,test,0.5,0.4998931884765625,0.0,2026,7a5d2be296c1086297e38b5cf82464576089dde578686395c47c560d4148d6b7,admm,6,37.91458897421719,0.9819120293779373
fresh_div2k_0855,DIV2K_fresh,fresh_div2k_0855,test,0.1,0.1001129150390625,0.01,2026,b535e0383bd6dd76c32e06ad80bae5237e5da4e078177a6bfb9c267cd823c84b,hqs,1,26.655027164844896,0.7394891985917164
fresh_div2k_0855,DIV2K_fresh,fresh_div2k_0855,test,0.1,0.1001129150390625,0.01,2026,b535e0383bd6dd76c32e06ad80bae5237e5da4e078177a6bfb9c267cd823c84b,hqs,2,27.628962012739095,0.8086415081432163
fresh_div2k_0855,DIV2K_fresh,fresh_div2k_0855,test,0.1,0.1001129150390625,0.01,2026,b535e0383bd6dd76c32e06ad80bae5237e5da4e078177a6bfb9c267cd823c84b,hqs,3,28.08856241829535,0.8374900640895069
fresh_div2k_0855,DIV2K_fresh,fresh_div2k_0855,test,0.1,0.1001129150390625,0.01,2026,b535e0383bd6dd76c32e06ad80bae5237e5da4e078177a6bfb9c267cd823c84b,hqs,4,28.26371724091132,0.8461690741260648
fresh_div2k_0855,DIV2K_fresh,fresh_div2k_0855,test,0.1,0.1001129150390625,0.01,2026,b535e0383bd6dd76c32e06ad80bae5237e5da4e078177a6bfb9c267cd823c84b,hqs,5,28.32293811737742,0.8489420711004138
fresh_div2k_0855,DIV2K_fresh,fresh_div2k_0855,test,0.1,0.1001129150390625,0.01,2026,b535e0383bd6dd76c32e06ad80bae5237e5da4e078177a6bfb9c267cd823c84b,hqs,6,28.35336849497182,0.8498459960541129
fresh_div2k_0855,DIV2K_fresh,fresh_div2k_0855,test,0.1,0.1001129150390625,0.01,2026,b535e0383bd6dd76c32e06ad80bae5237e5da4e078177a6bfb9c267cd823c84b,admm,1,26.578510226488646,0.7325889025044143
fresh_div2k_0855,DIV2K_fresh,fresh_div2k_0855,test,0.1,0.1001129150390625,0.01,2026,b535e0383bd6dd76c32e06ad80bae5237e5da4e078177a6bfb9c267cd823c84b,admm,2,27.76245535155276,0.8209940525254458
fresh_div2k_0855,DIV2K_fresh,fresh_div2k_0855,test,0.1,0.1001129150390625,0.01,2026,b535e0383bd6dd76c32e06ad80bae5237e5da4e078177a6bfb9c267cd823c84b,admm,3,28.039623691427575,0.8374505305329859
fresh_div2k_0855,DIV2K_fresh,fresh_div2k_0855,test,0.1,0.1001129150390625,0.01,2026,b535e0383bd6dd76c32e06ad80bae5237e5da4e078177a6bfb9c267cd823c84b,admm,4,28.131960174953406,0.8409463431907296
fresh_div2k_0855,DIV2K_fresh,fresh_div2k_0855,test,0.1,0.1001129150390625,0.01,2026,b535e0383bd6dd76c32e06ad80bae5237e5da4e078177a6bfb9c267cd823c84b,admm,5,28.255938954034114,0.8460849128901958
fresh_div2k_0855,DIV2K_fresh,fresh_div2k_0855,test,0.1,0.1001129150390625,0.01,2026,b535e0383bd6dd76c32e06ad80bae5237e5da4e078177a6bfb9c267cd823c84b,admm,6,28.378123343243313,0.8509307134042382
fresh_div2k_0855,DIV2K_fresh,fresh_div2k_0855,test,0.1,0.1001129150390625,0.01,2027,aabf1b2e039ea8390ce329f4e146fa48b52cec8773f9d316ea5d8d36be84de03,hqs,1,26.66033097423246,0.7384944257727303
fresh_div2k_0855,DIV2K_fresh,fresh_div2k_0855,test,0.1,0.1001129150390625,0.01,2027,aabf1b2e039ea8390ce329f4e146fa48b52cec8773f9d316ea5d8d36be84de03,hqs,2,27.637616011642688,0.8078144593519121
fresh_div2k_0855,DIV2K_fresh,fresh_div2k_0855,test,0.1,0.1001129150390625,0.01,2027,aabf1b2e039ea8390ce329f4e146fa48b52cec8773f9d316ea5d8d36be84de03,hqs,3,28.103593982711494,0.8372240554068685
fresh_div2k_0855,DIV2K_fresh,fresh_div2k_0855,test,0.1,0.1001129150390625,0.01,2027,aabf1b2e039ea8390ce329f4e146fa48b52cec8773f9d316ea5d8d36be84de03,hqs,4,28.27940140752874,0.8457865278023481
fresh_div2k_0855,DIV2K_fresh,fresh_div2k_0855,test,0.1,0.1001129150390625,0.01,2027,aabf1b2e039ea8390ce329f4e146fa48b52cec8773f9d316ea5d8d36be84de03,hqs,5,28.333771333793145,0.8485006766191721
fresh_div2k_0855,DIV2K_fresh,fresh_div2k_0855,test,0.1,0.1001129150390625,0.01,2027,aabf1b2e039ea8390ce329f4e146fa48b52cec8773f9d316ea5d8d36be84de03,hqs,6,28.352757935501383,0.8494656445925236
fresh_div2k_0855,DIV2K_fresh,fresh_div2k_0855,test,0.1,0.1001129150390625,0.01,2027,aabf1b2e039ea8390ce329f4e146fa48b52cec8773f9d316ea5d8d36be84de03,admm,1,26.58386096679542,0.731585670901197
fresh_div2k_0855,DIV2K_fresh,fresh_div2k_0855,test,0.1,0.1001129150390625,0.01,2027,aabf1b2e039ea8390ce329f4e146fa48b52cec8773f9d316ea5d8d36be84de03,admm,2,27.773912207882766,0.8201326836414338
fresh_div2k_0855,DIV2K_fresh,fresh_div2k_0855,test,0.1,0.1001129150390625,0.01,2027,aabf1b2e039ea8390ce329f4e146fa48b52cec8773f9d316ea5d8d36be84de03,admm,3,28.055366163982626,0.8372902245697379
fresh_div2k_0855,DIV2K_fresh,fresh_div2k_0855,test,0.1,0.1001129150390625,0.01,2027,aabf1b2e039ea8390ce329f4e146fa48b52cec8773f9d316ea5d8d36be84de03,admm,4,28.147589704504053,0.8409169321259856
fresh_div2k_0855,DIV2K_fresh,fresh_div2k_0855,test,0.1,0.1001129150390625,0.01,2027,aabf1b2e039ea8390ce329f4e146fa48b52cec8773f9d316ea5d8d36be84de03,admm,5,28.265143593208315,0.8459465513305664
fresh_div2k_0855,DIV2K_fresh,fresh_div2k_0855,test,0.1,0.1001129150390625,0.01,2027,aabf1b2e039ea8390ce329f4e146fa48b52cec8773f9d316ea5d8d36be84de03,admm,6,28.379418699521377,0.8505765194625855
fresh_div2k_0855,DIV2K_fresh,fresh_div2k_0855,test,0.1,0.1001129150390625,0.01,2028,1951e12e1e51915624396dbb332edc05a7bbdf9094e2b2769c4ea36bff0e2e49,hqs,1,26.661197628073555,0.7392588815661526
fresh_div2k_0855,DIV2K_fresh,fresh_div2k_0855,test,0.1,0.1001129150390625,0.01,2028,1951e12e1e51915624396dbb332edc05a7bbdf9094e2b2769c4ea36bff0e2e49,hqs,2,27.634515786262284,0.8083352934187948
fresh_div2k_0855,DIV2K_fresh,fresh_div2k_0855,test,0.1,0.1001129150390625,0.01,2028,1951e12e1e51915624396dbb332edc05a7bbdf9094e2b2769c4ea36bff0e2e49,hqs,3,28.090863451854318,0.8373643228723556
fresh_div2k_0855,DIV2K_fresh,fresh_div2k_0855,test,0.1,0.1001129150390625,0.01,2028,1951e12e1e51915624396dbb332edc05a7bbdf9094e2b2769c4ea36bff0e2e49,hqs,4,28.265900563247023,0.8459920749422312
fresh_div2k_0855,DIV2K_fresh,fresh_div2k_0855,test,0.1,0.1001129150390625,0.01,2028,1951e12e1e51915624396dbb332edc05a7bbdf9094e2b2769c4ea36bff0e2e49,hqs,5,28.32388569287815,0.8486924018440842
fresh_div2k_0855,DIV2K_fresh,fresh_div2k_0855,test,0.1,0.1001129150390625,0.01,2028,1951e12e1e51915624396dbb332edc05a7bbdf9094e2b2769c4ea36bff0e2e49,hqs,6,28.350918174109594,0.8497551880077719
fresh_div2k_0855,DIV2K_fresh,fresh_div2k_0855,test,0.1,0.1001129150390625,0.01,2028,1951e12e1e51915624396dbb332edc05a7bbdf9094e2b2769c4ea36bff0e2e49,admm,1,26.583817355210407,0.7322734311917005
fresh_div2k_0855,DIV2K_fresh,fresh_div2k_0855,test,0.1,0.1001129150390625,0.01,2028,1951e12e1e51915624396dbb332edc05a7bbdf9094e2b2769c4ea36bff0e2e49,admm,2,27.768826193110034,0.8204819158596695
fresh_div2k_0855,DIV2K_fresh,fresh_div2k_0855,test,0.1,0.1001129150390625,0.01,2028,1951e12e1e51915624396dbb332edc05a7bbdf9094e2b2769c4ea36bff0e2e49,admm,3,28.04079379323919,0.8370633082073927
fresh_div2k_0855,DIV2K_fresh,fresh_div2k_0855,test,0.1,0.1001129150390625,0.01,2028,1951e12e1e51915624396dbb332edc05a7bbdf9094e2b2769c4ea36bff0e2e49,admm,4,28.132423389532626,0.8407820458701253
fresh_div2k_0855,DIV2K_fresh,fresh_div2k_0855,test,0.1,0.1001129150390625,0.01,2028,1951e12e1e51915624396dbb332edc05a7bbdf9094e2b2769c4ea36bff0e2e49,admm,5,28.258058348957,0.8459876576427817
fresh_div2k_0855,DIV2K_fresh,fresh_div2k_0855,test,0.1,0.1001129150390625,0.01,2028,1951e12e1e51915624396dbb332edc05a7bbdf9094e2b2769c4ea36bff0e2e49,admm,6,28.384446135144415,0.8507147272939086
fresh_div2k_0855,DIV2K_fresh,fresh_div2k_0855,test,0.1,0.1001129150390625,0.05,2026,e64e79d0888da2d4ea06e514a48ec8cf4d193ba5353e73c03154aaefec385f3f,hqs,1,25.875618017107158,0.6726233832144616
fresh_div2k_0855,DIV2K_fresh,fresh_div2k_0855,test,0.1,0.1001129150390625,0.05,2026,e64e79d0888da2d4ea06e514a48ec8cf4d193ba5353e73c03154aaefec385f3f,hqs,2,26.38362143715129,0.7181363210846559
fresh_div2k_0855,DIV2K_fresh,fresh_div2k_0855,test,0.1,0.1001129150390625,0.05,2026,e64e79d0888da2d4ea06e514a48ec8cf4d193ba5353e73c03154aaefec385f3f,hqs,3,26.336364534732596,0.7164074619858565
fresh_div2k_0855,DIV2K_fresh,fresh_div2k_0855,test,0.1,0.1001129150390625,0.05,2026,e64e79d0888da2d4ea06e514a48ec8cf4d193ba5353e73c03154aaefec385f3f,hqs,4,26.3499082343716,0.7175061785961434
fresh_div2k_0855,DIV2K_fresh,fresh_div2k_0855,test,0.1,0.1001129150390625,0.05,2026,e64e79d0888da2d4ea06e514a48ec8cf4d193ba5353e73c03154aaefec385f3f,hqs,5,26.328995837567337,0.7171471621212214
fresh_div2k_0855,DIV2K_fresh,fresh_div2k_0855,test,0.1,0.1001129150390625,0.05,2026,e64e79d0888da2d4ea06e514a48ec8cf4d193ba5353e73c03154aaefec385f3f,hqs,6,26.16242052646179,0.7046593835633174
fresh_div2k_0855,DIV2K_fresh,fresh_div2k_0855,test,0.1,0.1001129150390625,0.05,2026,e64e79d0888da2d4ea06e514a48ec8cf4d193ba5353e73c03154aaefec385f3f,admm,1,25.86102302685497,0.6732172938722463
fresh_div2k_0855,DIV2K_fresh,fresh_div2k_0855,test,0.1,0.1001129150390625,0.05,2026,e64e79d0888da2d4ea06e514a48ec8cf4d193ba5353e73c03154aaefec385f3f,admm,2,26.285325507407133,0.7102715729887131
fresh_div2k_0855,DIV2K_fresh,fresh_div2k_0855,test,0.1,0.1001129150390625,0.05,2026,e64e79d0888da2d4ea06e514a48ec8cf4d193ba5353e73c03154aaefec385f3f,admm,3,25.98853282776865,0.6941154027282953
fresh_div2k_0855,DIV2K_fresh,fresh_div2k_0855,test,0.1,0.1001129150390625,0.05,2026,e64e79d0888da2d4ea06e514a48ec8cf4d193ba5353e73c03154aaefec385f3f,admm,4,25.9458936666326,0.6944484807784259
fresh_div2k_0855,DIV2K_fresh,fresh_div2k_0855,test,0.1,0.1001129150390625,0.05,2026,e64e79d0888da2d4ea06e514a48ec8cf4d193ba5353e73c03154aaefec385f3f,admm,5,25.956677029875518,0.6938582375156135
fresh_div2k_0855,DIV2K_fresh,fresh_div2k_0855,test,0.1,0.1001129150390625,0.05,2026,e64e79d0888da2d4ea06e514a48ec8cf4d193ba5353e73c03154aaefec385f3f,admm,6,26.221150187784378,0.7138756854887316
fresh_div2k_0855,DIV2K_fresh,fresh_div2k_0855,test,0.1,0.1001129150390625,0.05,2027,0908015afe2d78eed058cf9bf432c8429f9b6b25f54038d9cfa6ec8148ceca87,hqs,1,25.890647305784174,0.6684345530715559
fresh_div2k_0855,DIV2K_fresh,fresh_div2k_0855,test,0.1,0.1001129150390625,0.05,2027,0908015afe2d78eed058cf9bf432c8429f9b6b25f54038d9cfa6ec8148ceca87,hqs,2,26.430570233738994,0.7177061753526479
fresh_div2k_0855,DIV2K_fresh,fresh_div2k_0855,test,0.1,0.1001129150390625,0.05,2027,0908015afe2d78eed058cf9bf432c8429f9b6b25f54038d9cfa6ec8148ceca87,hqs,3,26.389546607215326,0.7152949334786236
fresh_div2k_0855,DIV2K_fresh,fresh_div2k_0855,test,0.1,0.1001129150390625,0.05,2027,0908015afe2d78eed058cf9bf432c8429f9b6b25f54038d9cfa6ec8148ceca87,hqs,4,26.401713559540063,0.7168432192370892
fresh_div2k_0855,DIV2K_fresh,fresh_div2k_0855,test,0.1,0.1001129150390625,0.05,2027,0908015afe2d78eed058cf9bf432c8429f9b6b25f54038d9cfa6ec8148ceca87,hqs,5,26.387390866090964,0.7181023311162293
fresh_div2k_0855,DIV2K_fresh,fresh_div2k_0855,test,0.1,0.1001129150390625,0.05,2027,0908015afe2d78eed058cf9bf432c8429f9b6b25f54038d9cfa6ec8148ceca87,hqs,6,26.21589885192818,0.7062500542655182
fresh_div2k_0855,DIV2K_fresh,fresh_div2k_0855,test,0.1,0.1001129150390625,0.05,2027,0908015afe2d78eed058cf9bf432c8429f9b6b25f54038d9cfa6ec8148ceca87,admm,1,25.88210255216986,0.6712498996903365
fresh_div2k_0855,DIV2K_fresh,fresh_div2k_0855,test,0.1,0.1001129150390625,0.05,2027,0908015afe2d78eed058cf9bf432c8429f9b6b25f54038d9cfa6ec8148ceca87,admm,2,26.32347096771875,0.7098199105518163
fresh_div2k_0855,DIV2K_fresh,fresh_div2k_0855,test,0.1,0.1001129150390625,0.05,2027,0908015afe2d78eed058cf9bf432c8429f9b6b25f54038d9cfa6ec8148ceca87,admm,3,26.02623326665376,0.6933347867007963
fresh_div2k_0855,DIV2K_fresh,fresh_div2k_0855,test,0.1,0.1001129150390625,0.05,2027,0908015afe2d78eed058cf9bf432c8429f9b6b25f54038d9cfa6ec8148ceca87,admm,4,25.972965320638682,0.6928332173240558
fresh_div2k_0855,DIV2K_fresh,fresh_div2k_0855,test,0.1,0.1001129150390625,0.05,2027,0908015afe2d78eed058cf9bf432c8429f9b6b25f54038d9cfa6ec8148ceca87,admm,5,25.993635907650546,0.6933344828738421
fresh_div2k_0855,DIV2K_fresh,fresh_div2k_0855,test,0.1,0.1001129150390625,0.05,2027,0908015afe2d78eed058cf9bf432c8429f9b6b25f54038d9cfa6ec8148ceca87,admm,6,26.271540097290025,0.7138334184120595
fresh_div2k_0855,DIV2K_fresh,fresh_div2k_0855,test,0.1,0.1001129150390625,0.05,2028,3f770cab28f4a9d114aff4bef184c6165c616606998925e3f12a989603fe6db0,hqs,1,25.886655258136585,0.6718243465593369
fresh_div2k_0855,DIV2K_fresh,fresh_div2k_0855,test,0.1,0.1001129150390625,0.05,2028,3f770cab28f4a9d114aff4bef184c6165c616606998925e3f12a989603fe6db0,hqs,2,26.429439097340893,0.7205464136605384
fresh_div2k_0855,DIV2K_fresh,fresh_div2k_0855,test,0.1,0.1001129150390625,0.05,2028,3f770cab28f4a9d114aff4bef184c6165c616606998925e3f12a989603fe6db0,hqs,3,26.371317375402796,0.7169356874271556
fresh_div2k_0855,DIV2K_fresh,fresh_div2k_0855,test,0.1,0.1001129150390625,0.05,2028,3f770cab28f4a9d114aff4bef184c6165c616606998925e3f12a989603fe6db0,hqs,4,26.400136126228322,0.7203251518946439
fresh_div2k_0855,DIV2K_fresh,fresh_div2k_0855,test,0.1,0.1001129150390625,0.05,2028,3f770cab28f4a9d114aff4bef184c6165c616606998925e3f12a989603fe6db0,hqs,5,26.372642581317557,0.7194370402384046
fresh_div2k_0855,DIV2K_fresh,fresh_div2k_0855,test,0.1,0.1001129150390625,0.05,2028,3f770cab28f4a9d114aff4bef184c6165c616606998925e3f12a989603fe6db0,hqs,6,26.211564563745195,0.7071993878470212
fresh_div2k_0855,DIV2K_fresh,fresh_div2k_0855,test,0.1,0.1001129150390625,0.05,2028,3f770cab28f4a9d114aff4bef184c6165c616606998925e3f12a989603fe6db0,admm,1,25.87778299357658,0.6733769062265665
fresh_div2k_0855,DIV2K_fresh,fresh_div2k_0855,test,0.1,0.1001129150390625,0.05,2028,3f770cab28f4a9d114aff4bef184c6165c616606998925e3f12a989603fe6db0,admm,2,26.328017726962063,0.7127486028506067
fresh_div2k_0855,DIV2K_fresh,fresh_div2k_0855,test,0.1,0.1001129150390625,0.05,2028,3f770cab28f4a9d114aff4bef184c6165c616606998925e3f12a989603fe6db0,admm,3,25.999422548926503,0.6929563367873672
fresh_div2k_0855,DIV2K_fresh,fresh_div2k_0855,test,0.1,0.1001129150390625,0.05,2028,3f770cab28f4a9d114aff4bef184c6165c616606998925e3f12a989603fe6db0,admm,4,25.965541416802512,0.694843189973034
fresh_div2k_0855,DIV2K_fresh,fresh_div2k_0855,test,0.1,0.1001129150390625,0.05,2028,3f770cab28f4a9d114aff4bef184c6165c616606998925e3f12a989603fe6db0,admm,5,25.964377960049866,0.6928028399620801
fresh_div2k_0855,DIV2K_fresh,fresh_div2k_0855,test,0.1,0.1001129150390625,0.05,2028,3f770cab28f4a9d114aff4bef184c6165c616606998925e3f12a989603fe6db0,admm,6,26.251426786827935,0.7143514056763561
fresh_div2k_0858,DIV2K_fresh,fresh_div2k_0858,test,0.01,0.01031494140625,0.0,2026,bb8ebb895a49dbf9e33f97b827d848c5abed5a7db230e450b2273968929b321d,hqs,1,21.811352735318298,0.3557426959818667
fresh_div2k_0858,DIV2K_fresh,fresh_div2k_0858,test,0.01,0.01031494140625,0.0,2026,bb8ebb895a49dbf9e33f97b827d848c5abed5a7db230e450b2273968929b321d,hqs,2,22.158573496608057,0.38154982739975596
fresh_div2k_0858,DIV2K_fresh,fresh_div2k_0858,test,0.01,0.01031494140625,0.0,2026,bb8ebb895a49dbf9e33f97b827d848c5abed5a7db230e450b2273968929b321d,hqs,3,22.307646809831418,0.39301373505896703
fresh_div2k_0858,DIV2K_fresh,fresh_div2k_0858,test,0.01,0.01031494140625,0.0,2026,bb8ebb895a49dbf9e33f97b827d848c5abed5a7db230e450b2273968929b321d,hqs,4,22.364567741004233,0.3986091645547686
fresh_div2k_0858,DIV2K_fresh,fresh_div2k_0858,test,0.01,0.01031494140625,0.0,2026,bb8ebb895a49dbf9e33f97b827d848c5abed5a7db230e450b2273968929b321d,hqs,5,22.383126414424872,0.39932094249244127
fresh_div2k_0858,DIV2K_fresh,fresh_div2k_0858,test,0.01,0.01031494140625,0.0,2026,bb8ebb895a49dbf9e33f97b827d848c5abed5a7db230e450b2273968929b321d,hqs,6,22.400450581268643,0.40413740323047537
fresh_div2k_0858,DIV2K_fresh,fresh_div2k_0858,test,0.01,0.01031494140625,0.0,2026,bb8ebb895a49dbf9e33f97b827d848c5abed5a7db230e450b2273968929b321d,admm,1,21.767921860030746,0.35012461128227124
fresh_div2k_0858,DIV2K_fresh,fresh_div2k_0858,test,0.01,0.01031494140625,0.0,2026,bb8ebb895a49dbf9e33f97b827d848c5abed5a7db230e450b2273968929b321d,admm,2,22.20042776261092,0.3851576091890779
fresh_div2k_0858,DIV2K_fresh,fresh_div2k_0858,test,0.01,0.01031494140625,0.0,2026,bb8ebb895a49dbf9e33f97b827d848c5abed5a7db230e450b2273968929b321d,admm,3,22.339935928291172,0.4007985007626523
fresh_div2k_0858,DIV2K_fresh,fresh_div2k_0858,test,0.01,0.01031494140625,0.0,2026,bb8ebb895a49dbf9e33f97b827d848c5abed5a7db230e450b2273968929b321d,admm,4,22.397877653245757,0.4066563322116262
fresh_div2k_0858,DIV2K_fresh,fresh_div2k_0858,test,0.01,0.01031494140625,0.0,2026,bb8ebb895a49dbf9e33f97b827d848c5abed5a7db230e450b2273968929b321d,admm,5,22.41909969399577,0.40871361575841514
fresh_div2k_0858,DIV2K_fresh,fresh_div2k_0858,test,0.01,0.01031494140625,0.0,2026,bb8ebb895a49dbf9e33f97b827d848c5abed5a7db230e450b2273968929b321d,admm,6,22.420324490386765,0.4037218167962767
fresh_div2k_0858,DIV2K_fresh,fresh_div2k_0858,test,0.04,0.041259765625,0.0,2026,6c6227d957bbede124bcc3360921d3f83d794e8e4a705a9c0da8b823459bd195,hqs,1,23.815380764904404,0.5133526261192484
fresh_div2k_0858,DIV2K_fresh,fresh_div2k_0858,test,0.04,0.041259765625,0.0,2026,6c6227d957bbede124bcc3360921d3f83d794e8e4a705a9c0da8b823459bd195,hqs,2,24.44376719020662,0.566411585755691
fresh_div2k_0858,DIV2K_fresh,fresh_div2k_0858,test,0.04,0.041259765625,0.0,2026,6c6227d957bbede124bcc3360921d3f83d794e8e4a705a9c0da8b823459bd195,hqs,3,24.69847500827568,0.5883147665381441
fresh_div2k_0858,DIV2K_fresh,fresh_div2k_0858,test,0.04,0.041259765625,0.0,2026,6c6227d957bbede124bcc3360921d3f83d794e8e4a705a9c0da8b823459bd195,hqs,4,24.794639886649456,0.5954496681440733
fresh_div2k_0858,DIV2K_fresh,fresh_div2k_0858,test,0.04,0.041259765625,0.0,2026,6c6227d957bbede124bcc3360921d3f83d794e8e4a705a9c0da8b823459bd195,hqs,5,24.83572844696177,0.5985761526199235
fresh_div2k_0858,DIV2K_fresh,fresh_div2k_0858,test,0.04,0.041259765625,0.0,2026,6c6227d957bbede124bcc3360921d3f83d794e8e4a705a9c0da8b823459bd195,hqs,6,24.862198813248078,0.6089982353922511
fresh_div2k_0858,DIV2K_fresh,fresh_div2k_0858,test,0.04,0.041259765625,0.0,2026,6c6227d957bbede124bcc3360921d3f83d794e8e4a705a9c0da8b823459bd195,admm,1,23.765404400930553,0.506857611183874
fresh_div2k_0858,DIV2K_fresh,fresh_div2k_0858,test,0.04,0.041259765625,0.0,2026,6c6227d957bbede124bcc3360921d3f83d794e8e4a705a9c0da8b823459bd195,admm,2,24.524749742462745,0.5742385478022173
fresh_div2k_0858,DIV2K_fresh,fresh_div2k_0858,test,0.04,0.041259765625,0.0,2026,6c6227d957bbede124bcc3360921d3f83d794e8e4a705a9c0da8b823459bd195,admm,3,24.745269562793556,0.5997164141752525
fresh_div2k_0858,DIV2K_fresh,fresh_div2k_0858,test,0.04,0.041259765625,0.0,2026,6c6227d957bbede124bcc3360921d3f83d794e8e4a705a9c0da8b823459bd195,admm,4,24.799331499384387,0.607616395584423
fresh_div2k_0858,DIV2K_fresh,fresh_div2k_0858,test,0.04,0.041259765625,0.0,2026,6c6227d957bbede124bcc3360921d3f83d794e8e4a705a9c0da8b823459bd195,admm,5,24.83925739987951,0.610732031602093
fresh_div2k_0858,DIV2K_fresh,fresh_div2k_0858,test,0.04,0.041259765625,0.0,2026,6c6227d957bbede124bcc3360921d3f83d794e8e4a705a9c0da8b823459bd195,admm,6,24.872737142114232,0.6064549107789323
fresh_div2k_0858,DIV2K_fresh,fresh_div2k_0858,test,0.1,0.1001129150390625,0.0,2026,21c9fa0274b87c75fdcfcdd9512dc635f391019ec709ce0a08a3e229981e8e3f,hqs,1,25.588654572293272,0.6528530305247456
fresh_div2k_0858,DIV2K_fresh,fresh_div2k_0858,test,0.1,0.1001129150390625,0.0,2026,21c9fa0274b87c75fdcfcdd9512dc635f391019ec709ce0a08a3e229981e8e3f,hqs,2,26.39833657477562,0.7077162014214993
fresh_div2k_0858,DIV2K_fresh,fresh_div2k_0858,test,0.1,0.1001129150390625,0.0,2026,21c9fa0274b87c75fdcfcdd9512dc635f391019ec709ce0a08a3e229981e8e3f,hqs,3,26.75804517912891,0.7337668353558778
fresh_div2k_0858,DIV2K_fresh,fresh_div2k_0858,test,0.1,0.1001129150390625,0.0,2026,21c9fa0274b87c75fdcfcdd9512dc635f391019ec709ce0a08a3e229981e8e3f,hqs,4,26.869129977980457,0.7380776310420036
fresh_div2k_0858,DIV2K_fresh,fresh_div2k_0858,test,0.1,0.1001129150390625,0.0,2026,21c9fa0274b87c75fdcfcdd9512dc635f391019ec709ce0a08a3e229981e8e3f,hqs,5,26.920654575243006,0.7422496640198827
fresh_div2k_0858,DIV2K_fresh,fresh_div2k_0858,test,0.1,0.1001129150390625,0.0,2026,21c9fa0274b87c75fdcfcdd9512dc635f391019ec709ce0a08a3e229981e8e3f,hqs,6,26.944918710591004,0.7505123393876553
fresh_div2k_0858,DIV2K_fresh,fresh_div2k_0858,test,0.1,0.1001129150390625,0.0,2026,21c9fa0274b87c75fdcfcdd9512dc635f391019ec709ce0a08a3e229981e8e3f,admm,1,25.552262529938346,0.6481599701009206
fresh_div2k_0858,DIV2K_fresh,fresh_div2k_0858,test,0.1,0.1001129150390625,0.0,2026,21c9fa0274b87c75fdcfcdd9512dc635f391019ec709ce0a08a3e229981e8e3f,admm,2,26.558568097992765,0.7183736720211505
fresh_div2k_0858,DIV2K_fresh,fresh_div2k_0858,test,0.1,0.1001129150390625,0.0,2026,21c9fa0274b87c75fdcfcdd9512dc635f391019ec709ce0a08a3e229981e8e3f,admm,3,26.846901115347155,0.7445758290708065
fresh_div2k_0858,DIV2K_fresh,fresh_div2k_0858,test,0.1,0.1001129150390625,0.0,2026,21c9fa0274b87c75fdcfcdd9512dc635f391019ec709ce0a08a3e229981e8e3f,admm,4,26.89710193725554,0.7489889345266819
fresh_div2k_0858,DIV2K_fresh,fresh_div2k_0858,test,0.1,0.1001129150390625,0.0,2026,21c9fa0274b87c75fdcfcdd9512dc635f391019ec709ce0a08a3e229981e8e3f,admm,5,26.947627071298392,0.7516881492540837
fresh_div2k_0858,DIV2K_fresh,fresh_div2k_0858,test,0.1,0.1001129150390625,0.0,2026,21c9fa0274b87c75fdcfcdd9512dc635f391019ec709ce0a08a3e229981e8e3f,admm,6,26.975309467530487,0.7473967902868986
fresh_div2k_0858,DIV2K_fresh,fresh_div2k_0858,test,0.25,0.25,0.0,2026,60622399cfb0e4c0534b5ac456a167d0112082e662ba173ede7eed987ceed3e5,hqs,1,28.362119521230618,0.8085098859801293
fresh_div2k_0858,DIV2K_fresh,fresh_div2k_0858,test,0.25,0.25,0.0,2026,60622399cfb0e4c0534b5ac456a167d0112082e662ba173ede7eed987ceed3e5,hqs,2,29.45482062954455,0.8517942461342811
fresh_div2k_0858,DIV2K_fresh,fresh_div2k_0858,test,0.25,0.25,0.0,2026,60622399cfb0e4c0534b5ac456a167d0112082e662ba173ede7eed987ceed3e5,hqs,3,29.95962150506674,0.8729431710958481
fresh_div2k_0858,DIV2K_fresh,fresh_div2k_0858,test,0.25,0.25,0.0,2026,60622399cfb0e4c0534b5ac456a167d0112082e662ba173ede7eed987ceed3e5,hqs,4,30.102181810659427,0.8759706491332054
fresh_div2k_0858,DIV2K_fresh,fresh_div2k_0858,test,0.25,0.25,0.0,2026,60622399cfb0e4c0534b5ac456a167d0112082e662ba173ede7eed987ceed3e5,hqs,5,30.169523417563916,0.8784728523836136
fresh_div2k_0858,DIV2K_fresh,fresh_div2k_0858,test,0.25,0.25,0.0,2026,60622399cfb0e4c0534b5ac456a167d0112082e662ba173ede7eed987ceed3e5,hqs,6,30.201648074257278,0.882610577688694
fresh_div2k_0858,DIV2K_fresh,fresh_div2k_0858,test,0.25,0.25,0.0,2026,60622399cfb0e4c0534b5ac456a167d0112082e662ba173ede7eed987ceed3e5,admm,1,28.307889417878407,0.8047996285691261
fresh_div2k_0858,DIV2K_fresh,fresh_div2k_0858,test,0.25,0.25,0.0,2026,60622399cfb0e4c0534b5ac456a167d0112082e662ba173ede7eed987ceed3e5,admm,2,29.690692346477615,0.861295493341446
fresh_div2k_0858,DIV2K_fresh,fresh_div2k_0858,test,0.25,0.25,0.0,2026,60622399cfb0e4c0534b5ac456a167d0112082e662ba173ede7eed987ceed3e5,admm,3,30.058675946374322,0.8784505668759346
fresh_div2k_0858,DIV2K_fresh,fresh_div2k_0858,test,0.25,0.25,0.0,2026,60622399cfb0e4c0534b5ac456a167d0112082e662ba173ede7eed987ceed3e5,admm,4,30.112769204820108,0.8807309196867943
fresh_div2k_0858,DIV2K_fresh,fresh_div2k_0858,test,0.25,0.25,0.0,2026,60622399cfb0e4c0534b5ac456a167d0112082e662ba173ede7eed987ceed3e5,admm,5,30.192481564270377,0.8827834241037369
fresh_div2k_0858,DIV2K_fresh,fresh_div2k_0858,test,0.25,0.25,0.0,2026,60622399cfb0e4c0534b5ac456a167d0112082e662ba173ede7eed987ceed3e5,admm,6,30.221998104016585,0.8813259497904777
fresh_div2k_0858,DIV2K_fresh,fresh_div2k_0858,test,0.5,0.4998931884765625,0.0,2026,584b64cc02fe027406a8ecb25b14adfe60740efcf48553b3bfb7eea762b8d389,hqs,1,31.6753676907948,0.9066330121126175
fresh_div2k_0858,DIV2K_fresh,fresh_div2k_0858,test,0.5,0.4998931884765625,0.0,2026,584b64cc02fe027406a8ecb25b14adfe60740efcf48553b3bfb7eea762b8d389,hqs,2,33.14457983380763,0.9363666533174515
fresh_div2k_0858,DIV2K_fresh,fresh_div2k_0858,test,0.5,0.4998931884765625,0.0,2026,584b64cc02fe027406a8ecb25b14adfe60740efcf48553b3bfb7eea762b8d389,hqs,3,33.878970961185566,0.9476569856519699
fresh_div2k_0858,DIV2K_fresh,fresh_div2k_0858,test,0.5,0.4998931884765625,0.0,2026,584b64cc02fe027406a8ecb25b14adfe60740efcf48553b3bfb7eea762b8d389,hqs,4,34.162818989590406,0.9504775649328232
fresh_div2k_0858,DIV2K_fresh,fresh_div2k_0858,test,0.5,0.4998931884765625,0.0,2026,584b64cc02fe027406a8ecb25b14adfe60740efcf48553b3bfb7eea762b8d389,hqs,5,34.30948029376009,0.9525100530633926
fresh_div2k_0858,DIV2K_fresh,fresh_div2k_0858,test,0.5,0.4998931884765625,0.0,2026,584b64cc02fe027406a8ecb25b14adfe60740efcf48553b3bfb7eea762b8d389,hqs,6,34.391642830797934,0.9544176267595291
fresh_div2k_0858,DIV2K_fresh,fresh_div2k_0858,test,0.5,0.4998931884765625,0.0,2026,584b64cc02fe027406a8ecb25b14adfe60740efcf48553b3bfb7eea762b8d389,admm,1,31.6311564333363,0.9056174239702225
fresh_div2k_0858,DIV2K_fresh,fresh_div2k_0858,test,0.5,0.4998931884765625,0.0,2026,584b64cc02fe027406a8ecb25b14adfe60740efcf48553b3bfb7eea762b8d389,admm,2,33.45141404890797,0.941833321562767
fresh_div2k_0858,DIV2K_fresh,fresh_div2k_0858,test,0.5,0.4998931884765625,0.0,2026,584b64cc02fe027406a8ecb25b14adfe60740efcf48553b3bfb7eea762b8d389,admm,3,34.07324534742641,0.9504590553245544
fresh_div2k_0858,DIV2K_fresh,fresh_div2k_0858,test,0.5,0.4998931884765625,0.0,2026,584b64cc02fe027406a8ecb25b14adfe60740efcf48553b3bfb7eea762b8d389,admm,4,34.21413380909293,0.9522827726688385
fresh_div2k_0858,DIV2K_fresh,fresh_div2k_0858,test,0.5,0.4998931884765625,0.0,2026,584b64cc02fe027406a8ecb25b14adfe60740efcf48553b3bfb7eea762b8d389,admm,5,34.34328423604185,0.9539695697593689
fresh_div2k_0858,DIV2K_fresh,fresh_div2k_0858,test,0.5,0.4998931884765625,0.0,2026,584b64cc02fe027406a8ecb25b14adfe60740efcf48553b3bfb7eea762b8d389,admm,6,34.41790690245293,0.9543514652862549
fresh_div2k_0858,DIV2K_fresh,fresh_div2k_0858,test,0.1,0.1001129150390625,0.01,2026,b7d3f28d55e58af2cbda6803726f2fe28bec35b7389547807e01eb734cf81e55,hqs,1,25.577003342964378,0.6522418526731744
fresh_div2k_0858,DIV2K_fresh,fresh_div2k_0858,test,0.1,0.1001129150390625,0.01,2026,b7d3f28d55e58af2cbda6803726f2fe28bec35b7389547807e01eb734cf81e55,hqs,2,26.37895239997675,0.7068280068833828
fresh_div2k_0858,DIV2K_fresh,fresh_div2k_0858,test,0.1,0.1001129150390625,0.01,2026,b7d3f28d55e58af2cbda6803726f2fe28bec35b7389547807e01eb734cf81e55,hqs,3,26.73183497952642,0.7326738307858706
fresh_div2k_0858,DIV2K_fresh,fresh_div2k_0858,test,0.1,0.1001129150390625,0.01,2026,b7d3f28d55e58af2cbda6803726f2fe28bec35b7389547807e01eb734cf81e55,hqs,4,26.84309757560779,0.7368671916204095
fresh_div2k_0858,DIV2K_fresh,fresh_div2k_0858,test,0.1,0.1001129150390625,0.01,2026,b7d3f28d55e58af2cbda6803726f2fe28bec35b7389547807e01eb734cf81e55,hqs,5,26.895506690214074,0.7407186492985487
fresh_div2k_0858,DIV2K_fresh,fresh_div2k_0858,test,0.1,0.1001129150390625,0.01,2026,b7d3f28d55e58af2cbda6803726f2fe28bec35b7389547807e01eb734cf81e55,hqs,6,26.919590257088053,0.7487831355090737
fresh_div2k_0858,DIV2K_fresh,fresh_div2k_0858,test,0.1,0.1001129150390625,0.01,2026,b7d3f28d55e58af2cbda6803726f2fe28bec35b7389547807e01eb734cf81e55,admm,1,25.540950565734803,0.6474341123919934
fresh_div2k_0858,DIV2K_fresh,fresh_div2k_0858,test,0.1,0.1001129150390625,0.01,2026,b7d3f28d55e58af2cbda6803726f2fe28bec35b7389547807e01eb734cf81e55,admm,2,26.53740352897246,0.7173085383051634
fresh_div2k_0858,DIV2K_fresh,fresh_div2k_0858,test,0.1,0.1001129150390625,0.01,2026,b7d3f28d55e58af2cbda6803726f2fe28bec35b7389547807e01eb734cf81e55,admm,3,26.816982049062478,0.743073399448514
fresh_div2k_0858,DIV2K_fresh,fresh_div2k_0858,test,0.1,0.1001129150390625,0.01,2026,b7d3f28d55e58af2cbda6803726f2fe28bec35b7389547807e01eb734cf81e55,admm,4,26.867179365914176,0.747087530111432
fresh_div2k_0858,DIV2K_fresh,fresh_div2k_0858,test,0.1,0.1001129150390625,0.01,2026,b7d3f28d55e58af2cbda6803726f2fe28bec35b7389547807e01eb734cf81e55,admm,5,26.91985617018485,0.7499151667445898
fresh_div2k_0858,DIV2K_fresh,fresh_div2k_0858,test,0.1,0.1001129150390625,0.01,2026,b7d3f28d55e58af2cbda6803726f2fe28bec35b7389547807e01eb734cf81e55,admm,6,26.951382061233588,0.7459714175601005
fresh_div2k_0858,DIV2K_fresh,fresh_div2k_0858,test,0.1,0.1001129150390625,0.01,2027,3bbe7cf3e22bafe299cd8bcc3607c5e57e9d70aa84a3bdc21f45b5643c50e307,hqs,1,25.577821064875465,0.652224532408122
fresh_div2k_0858,DIV2K_fresh,fresh_div2k_0858,test,0.1,0.1001129150390625,0.01,2027,3bbe7cf3e22bafe299cd8bcc3607c5e57e9d70aa84a3bdc21f45b5643c50e307,hqs,2,26.383231749910486,0.706990956934452
fresh_div2k_0858,DIV2K_fresh,fresh_div2k_0858,test,0.1,0.1001129150390625,0.01,2027,3bbe7cf3e22bafe299cd8bcc3607c5e57e9d70aa84a3bdc21f45b5643c50e307,hqs,3,26.739018164666,0.7327626837067605
fresh_div2k_0858,DIV2K_fresh,fresh_div2k_0858,test,0.1,0.1001129150390625,0.01,2027,3bbe7cf3e22bafe299cd8bcc3607c5e57e9d70aa84a3bdc21f45b5643c50e307,hqs,4,26.848963347638577,0.7367652521867156
fresh_div2k_0858,DIV2K_fresh,fresh_div2k_0858,test,0.1,0.1001129150390625,0.01,2027,3bbe7cf3e22bafe299cd8bcc3607c5e57e9d70aa84a3bdc21f45b5643c50e307,hqs,5,26.900157866187932,0.7409176212496758
fresh_div2k_0858,DIV2K_fresh,fresh_div2k_0858,test,0.1,0.1001129150390625,0.01,2027,3bbe7cf3e22bafe299cd8bcc3607c5e57e9d70aa84a3bdc21f45b5643c50e307,hqs,6,26.921851078722238,0.7491657307398021
fresh_div2k_0858,DIV2K_fresh,fresh_div2k_0858,test,0.1,0.1001129150390625,0.01,2027,3bbe7cf3e22bafe299cd8bcc3607c5e57e9d70aa84a3bdc21f45b5643c50e307,admm,1,25.541394648574226,0.6475400085187852
fresh_div2k_0858,DIV2K_fresh,fresh_div2k_0858,test,0.1,0.1001129150390625,0.01,2027,3bbe7cf3e22bafe299cd8bcc3607c5e57e9d70aa84a3bdc21f45b5643c50e307,admm,2,26.54188091194583,0.7176283549654484
fresh_div2k_0858,DIV2K_fresh,fresh_div2k_0858,test,0.1,0.1001129150390625,0.01,2027,3bbe7cf3e22bafe299cd8bcc3607c5e57e9d70aa84a3bdc21f45b5643c50e307,admm,3,26.824160350712077,0.7433754846322537
fresh_div2k_0858,DIV2K_fresh,fresh_div2k_0858,test,0.1,0.1001129150390625,0.01,2027,3bbe7cf3e22bafe299cd8bcc3607c5e57e9d70aa84a3bdc21f45b5643c50e307,admm,4,26.87345310117658,0.7476841611052155
fresh_div2k_0858,DIV2K_fresh,fresh_div2k_0858,test,0.1,0.1001129150390625,0.01,2027,3bbe7cf3e22bafe299cd8bcc3607c5e57e9d70aa84a3bdc21f45b5643c50e307,admm,5,26.924151758629144,0.750361294700563
fresh_div2k_0858,DIV2K_fresh,fresh_div2k_0858,test,0.1,0.1001129150390625,0.01,2027,3bbe7cf3e22bafe299cd8bcc3607c5e57e9d70aa84a3bdc21f45b5643c50e307,admm,6,26.95454323057223,0.7462418648386001
fresh_div2k_0858,DIV2K_fresh,fresh_div2k_0858,test,0.1,0.1001129150390625,0.01,2028,64f07f7a56d93323ba160edb1ef566157422b02348bdec41564654ede83a12a1,hqs,1,25.579864076171575,0.6521355196259954
fresh_div2k_0858,DIV2K_fresh,fresh_div2k_0858,test,0.1,0.1001129150390625,0.01,2028,64f07f7a56d93323ba160edb1ef566157422b02348bdec41564654ede83a12a1,hqs,2,26.381022062830475,0.706541394870162
fresh_div2k_0858,DIV2K_fresh,fresh_div2k_0858,test,0.1,0.1001129150390625,0.01,2028,64f07f7a56d93323ba160edb1ef566157422b02348bdec41564654ede83a12a1,hqs,3,26.731517375264136,0.732472811617136
fresh_div2k_0858,DIV2K_fresh,fresh_div2k_0858,test,0.1,0.1001129150390625,0.01,2028,64f07f7a56d93323ba160edb1ef566157422b02348bdec41564654ede83a12a1,hqs,4,26.835994194736685,0.7365423246494531
fresh_div2k_0858,DIV2K_fresh,fresh_div2k_0858,test,0.1,0.1001129150390625,0.01,2028,64f07f7a56d93323ba160edb1ef566157422b02348bdec41564654ede83a12a1,hqs,5,26.88308650173275,0.7405480060551166
fresh_div2k_0858,DIV2K_fresh,fresh_div2k_0858,test,0.1,0.1001129150390625,0.01,2028,64f07f7a56d93323ba160edb1ef566157422b02348bdec41564654ede83a12a1,hqs,6,26.90003642740171,0.7482892086607218
fresh_div2k_0858,DIV2K_fresh,fresh_div2k_0858,test,0.1,0.1001129150390625,0.01,2028,64f07f7a56d93323ba160edb1ef566157422b02348bdec41564654ede83a12a1,admm,1,25.543804123465602,0.6474425584140084
fresh_div2k_0858,DIV2K_fresh,fresh_div2k_0858,test,0.1,0.1001129150390625,0.01,2028,64f07f7a56d93323ba160edb1ef566157422b02348bdec41564654ede83a12a1,admm,2,26.538275884641283,0.7172316955624819
fresh_div2k_0858,DIV2K_fresh,fresh_div2k_0858,test,0.1,0.1001129150390625,0.01,2028,64f07f7a56d93323ba160edb1ef566157422b02348bdec41564654ede83a12a1,admm,3,26.811969099812295,0.7430469393001795
fresh_div2k_0858,DIV2K_fresh,fresh_div2k_0858,test,0.1,0.1001129150390625,0.01,2028,64f07f7a56d93323ba160edb1ef566157422b02348bdec41564654ede83a12a1,admm,4,26.85487072968173,0.7471282509485483
fresh_div2k_0858,DIV2K_fresh,fresh_div2k_0858,test,0.1,0.1001129150390625,0.01,2028,64f07f7a56d93323ba160edb1ef566157422b02348bdec41564654ede83a12a1,admm,5,26.90315794736634,0.7494729305593968
fresh_div2k_0858,DIV2K_fresh,fresh_div2k_0858,test,0.1,0.1001129150390625,0.01,2028,64f07f7a56d93323ba160edb1ef566157422b02348bdec41564654ede83a12a1,admm,6,26.93682814472482,0.7457005035619736
fresh_div2k_0858,DIV2K_fresh,fresh_div2k_0858,test,0.1,0.1001129150390625,0.05,2026,d0ef45182b3a6f13bd064260fab281be88bb2ca2e24d0fa7189ddc6ba3856cac,hqs,1,25.346151625647803,0.6377198376025334
fresh_div2k_0858,DIV2K_fresh,fresh_div2k_0858,test,0.1,0.1001129150390625,0.05,2026,d0ef45182b3a6f13bd064260fab281be88bb2ca2e24d0fa7189ddc6ba3856cac,hqs,2,26.00402088426962,0.6875420004054755
fresh_div2k_0858,DIV2K_fresh,fresh_div2k_0858,test,0.1,0.1001129150390625,0.05,2026,d0ef45182b3a6f13bd064260fab281be88bb2ca2e24d0fa7189ddc6ba3856cac,hqs,3,26.20550915601708,0.7059075666365624
fresh_div2k_0858,DIV2K_fresh,fresh_div2k_0858,test,0.1,0.1001129150390625,0.05,2026,d0ef45182b3a6f13bd064260fab281be88bb2ca2e24d0fa7189ddc6ba3856cac,hqs,4,26.28195330680308,0.7086432211857587
fresh_div2k_0858,DIV2K_fresh,fresh_div2k_0858,test,0.1,0.1001129150390625,0.05,2026,d0ef45182b3a6f13bd064260fab281be88bb2ca2e24d0fa7189ddc6ba3856cac,hqs,5,26.29018507333269,0.7100925398129225
fresh_div2k_0858,DIV2K_fresh,fresh_div2k_0858,test,0.1,0.1001129150390625,0.05,2026,d0ef45182b3a6f13bd064260fab281be88bb2ca2e24d0fa7189ddc6ba3856cac,hqs,6,26.219567982067886,0.711874294620648
fresh_div2k_0858,DIV2K_fresh,fresh_div2k_0858,test,0.1,0.1001129150390625,0.05,2026,d0ef45182b3a6f13bd064260fab281be88bb2ca2e24d0fa7189ddc6ba3856cac,admm,1,25.31161991747379,0.632624164044132
fresh_div2k_0858,DIV2K_fresh,fresh_div2k_0858,test,0.1,0.1001129150390625,0.05,2026,d0ef45182b3a6f13bd064260fab281be88bb2ca2e24d0fa7189ddc6ba3856cac,admm,2,26.09683575883842,0.694503389522709
fresh_div2k_0858,DIV2K_fresh,fresh_div2k_0858,test,0.1,0.1001129150390625,0.05,2026,d0ef45182b3a6f13bd064260fab281be88bb2ca2e24d0fa7189ddc6ba3856cac,admm,3,26.174973528179734,0.7102228835804208
fresh_div2k_0858,DIV2K_fresh,fresh_div2k_0858,test,0.1,0.1001129150390625,0.05,2026,d0ef45182b3a6f13bd064260fab281be88bb2ca2e24d0fa7189ddc6ba3856cac,admm,4,26.17845253450419,0.7094145956302583
fresh_div2k_0858,DIV2K_fresh,fresh_div2k_0858,test,0.1,0.1001129150390625,0.05,2026,d0ef45182b3a6f13bd064260fab281be88bb2ca2e24d0fa7189ddc6ba3856cac,admm,5,26.20085437075126,0.7106300177486241
fresh_div2k_0858,DIV2K_fresh,fresh_div2k_0858,test,0.1,0.1001129150390625,0.05,2026,d0ef45182b3a6f13bd064260fab281be88bb2ca2e24d0fa7189ddc6ba3856cac,admm,6,26.300162265337867,0.7136991258383393
fresh_div2k_0858,DIV2K_fresh,fresh_div2k_0858,test,0.1,0.1001129150390625,0.05,2027,a990779f0212b2dc1d3d8621fc58224ee9ec8e7a235e928fa48afeea7e9e9523,hqs,1,25.348204145313233,0.6378527390738465
fresh_div2k_0858,DIV2K_fresh,fresh_div2k_0858,test,0.1,0.1001129150390625,0.05,2027,a990779f0212b2dc1d3d8621fc58224ee9ec8e7a235e928fa48afeea7e9e9523,hqs,2,26.01681510339425,0.688537741528362
fresh_div2k_0858,DIV2K_fresh,fresh_div2k_0858,test,0.1,0.1001129150390625,0.05,2027,a990779f0212b2dc1d3d8621fc58224ee9ec8e7a235e928fa48afeea7e9e9523,hqs,3,26.231706036176092,0.7073876769841574
fresh_div2k_0858,DIV2K_fresh,fresh_div2k_0858,test,0.1,0.1001129150390625,0.05,2027,a990779f0212b2dc1d3d8621fc58224ee9ec8e7a235e928fa48afeea7e9e9523,hqs,4,26.308375201804385,0.7099438496523499
fresh_div2k_0858,DIV2K_fresh,fresh_div2k_0858,test,0.1,0.1001129150390625,0.05,2027,a990779f0212b2dc1d3d8621fc58224ee9ec8e7a235e928fa48afeea7e9e9523,hqs,5,26.313411348642525,0.7117071765220165
fresh_div2k_0858,DIV2K_fresh,fresh_div2k_0858,test,0.1,0.1001129150390625,0.05,2027,a990779f0212b2dc1d3d8621fc58224ee9ec8e7a235e928fa48afeea7e9e9523,hqs,6,26.246400874268634,0.7145158828029334
fresh_div2k_0858,DIV2K_fresh,fresh_div2k_0858,test,0.1,0.1001129150390625,0.05,2027,a990779f0212b2dc1d3d8621fc58224ee9ec8e7a235e928fa48afeea7e9e9523,admm,1,25.314989827694202,0.6333402135331034
fresh_div2k_0858,DIV2K_fresh,fresh_div2k_0858,test,0.1,0.1001129150390625,0.05,2027,a990779f0212b2dc1d3d8621fc58224ee9ec8e7a235e928fa48afeea7e9e9523,admm,2,26.11548827838146,0.6959666510478109
fresh_div2k_0858,DIV2K_fresh,fresh_div2k_0858,test,0.1,0.1001129150390625,0.05,2027,a990779f0212b2dc1d3d8621fc58224ee9ec8e7a235e928fa48afeea7e9e9523,admm,3,26.206251863297346,0.7128786336032823
fresh_div2k_0858,DIV2K_fresh,fresh_div2k_0858,test,0.1,0.1001129150390625,0.05,2027,a990779f0212b2dc1d3d8621fc58224ee9ec8e7a235e928fa48afeea7e9e9523,admm,4,26.20147610870805,0.7122073952095509
fresh_div2k_0858,DIV2K_fresh,fresh_div2k_0858,test,0.1,0.1001129150390625,0.05,2027,a990779f0212b2dc1d3d8621fc58224ee9ec8e7a235e928fa48afeea7e9e9523,admm,5,26.22572989423359,0.7132797426179945
fresh_div2k_0858,DIV2K_fresh,fresh_div2k_0858,test,0.1,0.1001129150390625,0.05,2027,a990779f0212b2dc1d3d8621fc58224ee9ec8e7a235e928fa48afeea7e9e9523,admm,6,26.333983540294525,0.7158782493031621
fresh_div2k_0858,DIV2K_fresh,fresh_div2k_0858,test,0.1,0.1001129150390625,0.05,2028,f6b8a0ffaadc8f0c405510765abdd6b3610264defadb52c5ad1bc31a0cf45339,hqs,1,25.361802361787305,0.6370883688299358
fresh_div2k_0858,DIV2K_fresh,fresh_div2k_0858,test,0.1,0.1001129150390625,0.05,2028,f6b8a0ffaadc8f0c405510765abdd6b3610264defadb52c5ad1bc31a0cf45339,hqs,2,26.0271381269909,0.6878105623277426
fresh_div2k_0858,DIV2K_fresh,fresh_div2k_0858,test,0.1,0.1001129150390625,0.05,2028,f6b8a0ffaadc8f0c405510765abdd6b3610264defadb52c5ad1bc31a0cf45339,hqs,3,26.21940195366268,0.7076713616719842
fresh_div2k_0858,DIV2K_fresh,fresh_div2k_0858,test,0.1,0.1001129150390625,0.05,2028,f6b8a0ffaadc8f0c405510765abdd6b3610264defadb52c5ad1bc31a0cf45339,hqs,4,26.27757272520928,0.7098584185945094
fresh_div2k_0858,DIV2K_fresh,fresh_div2k_0858,test,0.1,0.1001129150390625,0.05,2028,f6b8a0ffaadc8f0c405510765abdd6b3610264defadb52c5ad1bc31a0cf45339,hqs,5,26.273214447310323,0.7109761697253585
fresh_div2k_0858,DIV2K_fresh,fresh_div2k_0858,test,0.1,0.1001129150390625,0.05,2028,f6b8a0ffaadc8f0c405510765abdd6b3610264defadb52c5ad1bc31a0cf45339,hqs,6,26.19170987483789,0.7122697090371847
fresh_div2k_0858,DIV2K_fresh,fresh_div2k_0858,test,0.1,0.1001129150390625,0.05,2028,f6b8a0ffaadc8f0c405510765abdd6b3610264defadb52c5ad1bc31a0cf45339,admm,1,25.327140570378333,0.6325207030978203
fresh_div2k_0858,DIV2K_fresh,fresh_div2k_0858,test,0.1,0.1001129150390625,0.05,2028,f6b8a0ffaadc8f0c405510765abdd6b3610264defadb52c5ad1bc31a0cf45339,admm,2,26.117945024911812,0.6958244171817303
fresh_div2k_0858,DIV2K_fresh,fresh_div2k_0858,test,0.1,0.1001129150390625,0.05,2028,f6b8a0ffaadc8f0c405510765abdd6b3610264defadb52c5ad1bc31a0cf45339,admm,3,26.172298098728778,0.7127435267206133
fresh_div2k_0858,DIV2K_fresh,fresh_div2k_0858,test,0.1,0.1001129150390625,0.05,2028,f6b8a0ffaadc8f0c405510765abdd6b3610264defadb52c5ad1bc31a0cf45339,admm,4,26.146333392738935,0.710817107614547
fresh_div2k_0858,DIV2K_fresh,fresh_div2k_0858,test,0.1,0.1001129150390625,0.05,2028,f6b8a0ffaadc8f0c405510765abdd6b3610264defadb52c5ad1bc31a0cf45339,admm,5,26.172023200959398,0.7112984022937566
fresh_div2k_0858,DIV2K_fresh,fresh_div2k_0858,test,0.1,0.1001129150390625,0.05,2028,f6b8a0ffaadc8f0c405510765abdd6b3610264defadb52c5ad1bc31a0cf45339,admm,6,26.28535083151003,0.7145426075342297
fresh_div2k_0861,DIV2K_fresh,fresh_div2k_0861,test,0.01,0.01031494140625,0.0,2026,bf1f1e7ab0f8c67f28ac72eb11981b36c98e42ae6931f2f670ed0db011ad0ef5,hqs,1,17.60618919859119,0.28172701528859373
fresh_div2k_0861,DIV2K_fresh,fresh_div2k_0861,test,0.01,0.01031494140625,0.0,2026,bf1f1e7ab0f8c67f28ac72eb11981b36c98e42ae6931f2f670ed0db011ad0ef5,hqs,2,18.045058899509215,0.3320464396846913
fresh_div2k_0861,DIV2K_fresh,fresh_div2k_0861,test,0.01,0.01031494140625,0.0,2026,bf1f1e7ab0f8c67f28ac72eb11981b36c98e42ae6931f2f670ed0db011ad0ef5,hqs,3,18.28881369615442,0.35659516234381405
fresh_div2k_0861,DIV2K_fresh,fresh_div2k_0861,test,0.01,0.01031494140625,0.0,2026,bf1f1e7ab0f8c67f28ac72eb11981b36c98e42ae6931f2f670ed0db011ad0ef5,hqs,4,18.401424267680355,0.37121520041953215
fresh_div2k_0861,DIV2K_fresh,fresh_div2k_0861,test,0.01,0.01031494140625,0.0,2026,bf1f1e7ab0f8c67f28ac72eb11981b36c98e42ae6931f2f670ed0db011ad0ef5,hqs,5,18.44204771589419,0.37788782298947216
fresh_div2k_0861,DIV2K_fresh,fresh_div2k_0861,test,0.01,0.01031494140625,0.0,2026,bf1f1e7ab0f8c67f28ac72eb11981b36c98e42ae6931f2f670ed0db011ad0ef5,hqs,6,18.447472297631663,0.38537699954527227
fresh_div2k_0861,DIV2K_fresh,fresh_div2k_0861,test,0.01,0.01031494140625,0.0,2026,bf1f1e7ab0f8c67f28ac72eb11981b36c98e42ae6931f2f670ed0db011ad0ef5,admm,1,17.58912819273047,0.27696233482098487
fresh_div2k_0861,DIV2K_fresh,fresh_div2k_0861,test,0.01,0.01031494140625,0.0,2026,bf1f1e7ab0f8c67f28ac72eb11981b36c98e42ae6931f2f670ed0db011ad0ef5,admm,2,18.111494351258905,0.3385609557491874
fresh_div2k_0861,DIV2K_fresh,fresh_div2k_0861,test,0.01,0.01031494140625,0.0,2026,bf1f1e7ab0f8c67f28ac72eb11981b36c98e42ae6931f2f670ed0db011ad0ef5,admm,3,18.342473512404524,0.3673573890502257
fresh_div2k_0861,DIV2K_fresh,fresh_div2k_0861,test,0.01,0.01031494140625,0.0,2026,bf1f1e7ab0f8c67f28ac72eb11981b36c98e42ae6931f2f670ed0db011ad0ef5,admm,4,18.40979772239051,0.37656610835585713
fresh_div2k_0861,DIV2K_fresh,fresh_div2k_0861,test,0.01,0.01031494140625,0.0,2026,bf1f1e7ab0f8c67f28ac72eb11981b36c98e42ae6931f2f670ed0db011ad0ef5,admm,5,18.419645357942894,0.37891802064464214
fresh_div2k_0861,DIV2K_fresh,fresh_div2k_0861,test,0.01,0.01031494140625,0.0,2026,bf1f1e7ab0f8c67f28ac72eb11981b36c98e42ae6931f2f670ed0db011ad0ef5,admm,6,18.405643963247435,0.3794320236691638
fresh_div2k_0861,DIV2K_fresh,fresh_div2k_0861,test,0.04,0.041259765625,0.0,2026,0a363ba9606f4e5d48e5223faad42d97710d369f5ac68ae1a3753a83e11150b0,hqs,1,19.500037837360026,0.43150203495797884
fresh_div2k_0861,DIV2K_fresh,fresh_div2k_0861,test,0.04,0.041259765625,0.0,2026,0a363ba9606f4e5d48e5223faad42d97710d369f5ac68ae1a3753a83e11150b0,hqs,2,20.118013853247454,0.5024649421420132
fresh_div2k_0861,DIV2K_fresh,fresh_div2k_0861,test,0.04,0.041259765625,0.0,2026,0a363ba9606f4e5d48e5223faad42d97710d369f5ac68ae1a3753a83e11150b0,hqs,3,20.442708849627536,0.5424124849442216
fresh_div2k_0861,DIV2K_fresh,fresh_div2k_0861,test,0.04,0.041259765625,0.0,2026,0a363ba9606f4e5d48e5223faad42d97710d369f5ac68ae1a3753a83e11150b0,hqs,4,20.607924722383984,0.5614357735038386
fresh_div2k_0861,DIV2K_fresh,fresh_div2k_0861,test,0.04,0.041259765625,0.0,2026,0a363ba9606f4e5d48e5223faad42d97710d369f5ac68ae1a3753a83e11150b0,hqs,5,20.697893311057996,0.5699947794499174
fresh_div2k_0861,DIV2K_fresh,fresh_div2k_0861,test,0.04,0.041259765625,0.0,2026,0a363ba9606f4e5d48e5223faad42d97710d369f5ac68ae1a3753a83e11150b0,hqs,6,20.766171336225945,0.5841775336862925
fresh_div2k_0861,DIV2K_fresh,fresh_div2k_0861,test,0.04,0.041259765625,0.0,2026,0a363ba9606f4e5d48e5223faad42d97710d369f5ac68ae1a3753a83e11150b0,admm,1,19.453509849157765,0.42614636735459943
fresh_div2k_0861,DIV2K_fresh,fresh_div2k_0861,test,0.04,0.041259765625,0.0,2026,0a363ba9606f4e5d48e5223faad42d97710d369f5ac68ae1a3753a83e11150b0,admm,2,20.189120790990607,0.510783179490876
fresh_div2k_0861,DIV2K_fresh,fresh_div2k_0861,test,0.04,0.041259765625,0.0,2026,0a363ba9606f4e5d48e5223faad42d97710d369f5ac68ae1a3753a83e11150b0,admm,3,20.492509701781056,0.5534683821601217
fresh_div2k_0861,DIV2K_fresh,fresh_div2k_0861,test,0.04,0.041259765625,0.0,2026,0a363ba9606f4e5d48e5223faad42d97710d369f5ac68ae1a3753a83e11150b0,admm,4,20.62979985741539,0.5684123900764907
fresh_div2k_0861,DIV2K_fresh,fresh_div2k_0861,test,0.04,0.041259765625,0.0,2026,0a363ba9606f4e5d48e5223faad42d97710d369f5ac68ae1a3753a83e11150b0,admm,5,20.72263142920437,0.5762489769183511
fresh_div2k_0861,DIV2K_fresh,fresh_div2k_0861,test,0.04,0.041259765625,0.0,2026,0a363ba9606f4e5d48e5223faad42d97710d369f5ac68ae1a3753a83e11150b0,admm,6,20.78748642131213,0.5816766806581418
fresh_div2k_0861,DIV2K_fresh,fresh_div2k_0861,test,0.1,0.1001129150390625,0.0,2026,48d6681faa6bc63c6c089b760a66cc803cb138f3c3ce9848a10dd5f6f57bf325,hqs,1,21.104311009908884,0.562493131008725
fresh_div2k_0861,DIV2K_fresh,fresh_div2k_0861,test,0.1,0.1001129150390625,0.0,2026,48d6681faa6bc63c6c089b760a66cc803cb138f3c3ce9848a10dd5f6f57bf325,hqs,2,22.019084228461967,0.6462782918009393
fresh_div2k_0861,DIV2K_fresh,fresh_div2k_0861,test,0.1,0.1001129150390625,0.0,2026,48d6681faa6bc63c6c089b760a66cc803cb138f3c3ce9848a10dd5f6f57bf325,hqs,3,22.56074375354168,0.6982470401800238
fresh_div2k_0861,DIV2K_fresh,fresh_div2k_0861,test,0.1,0.1001129150390625,0.0,2026,48d6681faa6bc63c6c089b760a66cc803cb138f3c3ce9848a10dd5f6f57bf325,hqs,4,22.865699077593554,0.7209424629850238
fresh_div2k_0861,DIV2K_fresh,fresh_div2k_0861,test,0.1,0.1001129150390625,0.0,2026,48d6681faa6bc63c6c089b760a66cc803cb138f3c3ce9848a10dd5f6f57bf325,hqs,5,23.05678623193197,0.7322244136751876
fresh_div2k_0861,DIV2K_fresh,fresh_div2k_0861,test,0.1,0.1001129150390625,0.0,2026,48d6681faa6bc63c6c089b760a66cc803cb138f3c3ce9848a10dd5f6f57bf325,hqs,6,23.207012298529584,0.7476204742251337
fresh_div2k_0861,DIV2K_fresh,fresh_div2k_0861,test,0.1,0.1001129150390625,0.0,2026,48d6681faa6bc63c6c089b760a66cc803cb138f3c3ce9848a10dd5f6f57bf325,admm,1,21.03683469736259,0.5549425087439095
fresh_div2k_0861,DIV2K_fresh,fresh_div2k_0861,test,0.1,0.1001129150390625,0.0,2026,48d6681faa6bc63c6c089b760a66cc803cb138f3c3ce9848a10dd5f6f57bf325,admm,2,22.134782990285444,0.6571509223568011
fresh_div2k_0861,DIV2K_fresh,fresh_div2k_0861,test,0.1,0.1001129150390625,0.0,2026,48d6681faa6bc63c6c089b760a66cc803cb138f3c3ce9848a10dd5f6f57bf325,admm,3,22.642064535712887,0.7094992989029586
fresh_div2k_0861,DIV2K_fresh,fresh_div2k_0861,test,0.1,0.1001129150390625,0.0,2026,48d6681faa6bc63c6c089b760a66cc803cb138f3c3ce9848a10dd5f6f57bf325,admm,4,22.871471450651,0.7245542454116046
fresh_div2k_0861,DIV2K_fresh,fresh_div2k_0861,test,0.1,0.1001129150390625,0.0,2026,48d6681faa6bc63c6c089b760a66cc803cb138f3c3ce9848a10dd5f6f57bf325,admm,5,23.043347410752894,0.7360175470040441
fresh_div2k_0861,DIV2K_fresh,fresh_div2k_0861,test,0.1,0.1001129150390625,0.0,2026,48d6681faa6bc63c6c089b760a66cc803cb138f3c3ce9848a10dd5f6f57bf325,admm,6,23.179101708462127,0.7448372889793367
fresh_div2k_0861,DIV2K_fresh,fresh_div2k_0861,test,0.25,0.25,0.0,2026,a5d1490a2826440d301d2a23bb71fc41a2f6c8dbe79f364c4dd3be56fc908ad7,hqs,1,23.775450019929472,0.7331651870552301
fresh_div2k_0861,DIV2K_fresh,fresh_div2k_0861,test,0.25,0.25,0.0,2026,a5d1490a2826440d301d2a23bb71fc41a2f6c8dbe79f364c4dd3be56fc908ad7,hqs,2,25.20953474069482,0.8097784491138458
fresh_div2k_0861,DIV2K_fresh,fresh_div2k_0861,test,0.25,0.25,0.0,2026,a5d1490a2826440d301d2a23bb71fc41a2f6c8dbe79f364c4dd3be56fc908ad7,hqs,3,26.17870356453122,0.8533465070853233
fresh_div2k_0861,DIV2K_fresh,fresh_div2k_0861,test,0.25,0.25,0.0,2026,a5d1490a2826440d301d2a23bb71fc41a2f6c8dbe79f364c4dd3be56fc908ad7,hqs,4,26.717986115632062,0.8698957050738335
fresh_div2k_0861,DIV2K_fresh,fresh_div2k_0861,test,0.25,0.25,0.0,2026,a5d1490a2826440d301d2a23bb71fc41a2f6c8dbe79f364c4dd3be56fc908ad7,hqs,5,27.02707587563949,0.8779398216495514
fresh_div2k_0861,DIV2K_fresh,fresh_div2k_0861,test,0.25,0.25,0.0,2026,a5d1490a2826440d301d2a23bb71fc41a2f6c8dbe79f364c4dd3be56fc908ad7,hqs,6,27.230745573869207,0.8876044209938049
fresh_div2k_0861,DIV2K_fresh,fresh_div2k_0861,test,0.25,0.25,0.0,2026,a5d1490a2826440d301d2a23bb71fc41a2f6c8dbe79f364c4dd3be56fc908ad7,admm,1,23.706341775593287,0.7275062395887375
fresh_div2k_0861,DIV2K_fresh,fresh_div2k_0861,test,0.25,0.25,0.0,2026,a5d1490a2826440d301d2a23bb71fc41a2f6c8dbe79f364c4dd3be56fc908ad7,admm,2,25.437786949831953,0.8204573612666131
fresh_div2k_0861,DIV2K_fresh,fresh_div2k_0861,test,0.25,0.25,0.0,2026,a5d1490a2826440d301d2a23bb71fc41a2f6c8dbe79f364c4dd3be56fc908ad7,admm,3,26.343816334185526,0.8591524336102009
fresh_div2k_0861,DIV2K_fresh,fresh_div2k_0861,test,0.25,0.25,0.0,2026,a5d1490a2826440d301d2a23bb71fc41a2f6c8dbe79f364c4dd3be56fc908ad7,admm,4,26.7273362375822,0.8683761931473016
fresh_div2k_0861,DIV2K_fresh,fresh_div2k_0861,test,0.25,0.25,0.0,2026,a5d1490a2826440d301d2a23bb71fc41a2f6c8dbe79f364c4dd3be56fc908ad7,admm,5,26.997737868679884,0.8766415628893376
fresh_div2k_0861,DIV2K_fresh,fresh_div2k_0861,test,0.25,0.25,0.0,2026,a5d1490a2826440d301d2a23bb71fc41a2f6c8dbe79f364c4dd3be56fc908ad7,admm,6,27.23435464969143,0.8867447399559021
fresh_div2k_0861,DIV2K_fresh,fresh_div2k_0861,test,0.5,0.4998931884765625,0.0,2026,e62a023f4c219e2ff001f9cd4621ba9314559273f8de1b8d2f6adb5057ac9c0a,hqs,1,27.064262569292442,0.8515923798413276
fresh_div2k_0861,DIV2K_fresh,fresh_div2k_0861,test,0.5,0.4998931884765625,0.0,2026,e62a023f4c219e2ff001f9cd4621ba9314559273f8de1b8d2f6adb5057ac9c0a,hqs,2,29.131349912598644,0.9105351361532211
fresh_div2k_0861,DIV2K_fresh,fresh_div2k_0861,test,0.5,0.4998931884765625,0.0,2026,e62a023f4c219e2ff001f9cd4621ba9314559273f8de1b8d2f6adb5057ac9c0a,hqs,3,30.698170429510295,0.9416529874286652
fresh_div2k_0861,DIV2K_fresh,fresh_div2k_0861,test,0.5,0.4998931884765625,0.0,2026,e62a023f4c219e2ff001f9cd4621ba9314559273f8de1b8d2f6adb5057ac9c0a,hqs,4,31.69359661668139,0.9526417492704391
fresh_div2k_0861,DIV2K_fresh,fresh_div2k_0861,test,0.5,0.4998931884765625,0.0,2026,e62a023f4c219e2ff001f9cd4621ba9314559273f8de1b8d2f6adb5057ac9c0a,hqs,5,32.340742873263764,0.9580123560161591
fresh_div2k_0861,DIV2K_fresh,fresh_div2k_0861,test,0.5,0.4998931884765625,0.0,2026,e62a023f4c219e2ff001f9cd4621ba9314559273f8de1b8d2f6adb5057ac9c0a,hqs,6,32.82576255160037,0.9648381549663544
fresh_div2k_0861,DIV2K_fresh,fresh_div2k_0861,test,0.5,0.4998931884765625,0.0,2026,e62a023f4c219e2ff001f9cd4621ba9314559273f8de1b8d2f6adb5057ac9c0a,admm,1,26.986836477420752,0.8481483425741195
fresh_div2k_0861,DIV2K_fresh,fresh_div2k_0861,test,0.5,0.4998931884765625,0.0,2026,e62a023f4c219e2ff001f9cd4621ba9314559273f8de1b8d2f6adb5057ac9c0a,admm,2,29.504893191197073,0.9168508590726853
fresh_div2k_0861,DIV2K_fresh,fresh_div2k_0861,test,0.5,0.4998931884765625,0.0,2026,e62a023f4c219e2ff001f9cd4621ba9314559273f8de1b8d2f6adb5057ac9c0a,admm,3,31.1085653121265,0.9434516245412826
fresh_div2k_0861,DIV2K_fresh,fresh_div2k_0861,test,0.5,0.4998931884765625,0.0,2026,e62a023f4c219e2ff001f9cd4621ba9314559273f8de1b8d2f6adb5057ac9c0a,admm,4,31.81746005921916,0.9487692386274338
fresh_div2k_0861,DIV2K_fresh,fresh_div2k_0861,test,0.5,0.4998931884765625,0.0,2026,e62a023f4c219e2ff001f9cd4621ba9314559273f8de1b8d2f6adb5057ac9c0a,admm,5,32.34553557489777,0.954770217250824
fresh_div2k_0861,DIV2K_fresh,fresh_div2k_0861,test,0.5,0.4998931884765625,0.0,2026,e62a023f4c219e2ff001f9cd4621ba9314559273f8de1b8d2f6adb5057ac9c0a,admm,6,32.841823443880976,0.9647577441177368
fresh_div2k_0861,DIV2K_fresh,fresh_div2k_0861,test,0.1,0.1001129150390625,0.01,2026,0d8fcef9d7834a5b3a92f5f4d4cbcab56871a0a01df8e7b59fba0da24699bf64,hqs,1,21.095070964996374,0.5616107705654336
fresh_div2k_0861,DIV2K_fresh,fresh_div2k_0861,test,0.1,0.1001129150390625,0.01,2026,0d8fcef9d7834a5b3a92f5f4d4cbcab56871a0a01df8e7b59fba0da24699bf64,hqs,2,22.005254886793377,0.6449325941346697
fresh_div2k_0861,DIV2K_fresh,fresh_div2k_0861,test,0.1,0.1001129150390625,0.01,2026,0d8fcef9d7834a5b3a92f5f4d4cbcab56871a0a01df8e7b59fba0da24699bf64,hqs,3,22.53541371177466,0.6963577504141554
fresh_div2k_0861,DIV2K_fresh,fresh_div2k_0861,test,0.1,0.1001129150390625,0.01,2026,0d8fcef9d7834a5b3a92f5f4d4cbcab56871a0a01df8e7b59fba0da24699bf64,hqs,4,22.8275650677667,0.7187609903475121
fresh_div2k_0861,DIV2K_fresh,fresh_div2k_0861,test,0.1,0.1001129150390625,0.01,2026,0d8fcef9d7834a5b3a92f5f4d4cbcab56871a0a01df8e7b59fba0da24699bf64,hqs,5,23.006017251293926,0.7295892173112556
fresh_div2k_0861,DIV2K_fresh,fresh_div2k_0861,test,0.1,0.1001129150390625,0.01,2026,0d8fcef9d7834a5b3a92f5f4d4cbcab56871a0a01df8e7b59fba0da24699bf64,hqs,6,23.136867051157438,0.7434286837384552
fresh_div2k_0861,DIV2K_fresh,fresh_div2k_0861,test,0.1,0.1001129150390625,0.01,2026,0d8fcef9d7834a5b3a92f5f4d4cbcab56871a0a01df8e7b59fba0da24699bf64,admm,1,21.02728224134232,0.5540919635054331
fresh_div2k_0861,DIV2K_fresh,fresh_div2k_0861,test,0.1,0.1001129150390625,0.01,2026,0d8fcef9d7834a5b3a92f5f4d4cbcab56871a0a01df8e7b59fba0da24699bf64,admm,2,22.11791036209402,0.6555898653794676
fresh_div2k_0861,DIV2K_fresh,fresh_div2k_0861,test,0.1,0.1001129150390625,0.01,2026,0d8fcef9d7834a5b3a92f5f4d4cbcab56871a0a01df8e7b59fba0da24699bf64,admm,3,22.611466568292855,0.7071158569066376
fresh_div2k_0861,DIV2K_fresh,fresh_div2k_0861,test,0.1,0.1001129150390625,0.01,2026,0d8fcef9d7834a5b3a92f5f4d4cbcab56871a0a01df8e7b59fba0da24699bf64,admm,4,22.827259280996124,0.7215647939741909
fresh_div2k_0861,DIV2K_fresh,fresh_div2k_0861,test,0.1,0.1001129150390625,0.01,2026,0d8fcef9d7834a5b3a92f5f4d4cbcab56871a0a01df8e7b59fba0da24699bf64,admm,5,22.987599421204177,0.732322721738793
fresh_div2k_0861,DIV2K_fresh,fresh_div2k_0861,test,0.1,0.1001129150390625,0.01,2026,0d8fcef9d7834a5b3a92f5f4d4cbcab56871a0a01df8e7b59fba0da24699bf64,admm,6,23.1219450975172,0.7414539333160967
fresh_div2k_0861,DIV2K_fresh,fresh_div2k_0861,test,0.1,0.1001129150390625,0.01,2027,c8fe537cdd8cb79a5adbd7495d1f540e2104cf71141c82584b3dab2d17f792c6,hqs,1,21.094544110193883,0.5617548904767404
fresh_div2k_0861,DIV2K_fresh,fresh_div2k_0861,test,0.1,0.1001129150390625,0.01,2027,c8fe537cdd8cb79a5adbd7495d1f540e2104cf71141c82584b3dab2d17f792c6,hqs,2,21.997204874141655,0.6448986571466736
fresh_div2k_0861,DIV2K_fresh,fresh_div2k_0861,test,0.1,0.1001129150390625,0.01,2027,c8fe537cdd8cb79a5adbd7495d1f540e2104cf71141c82584b3dab2d17f792c6,hqs,3,22.521771430332038,0.6963247563543618
fresh_div2k_0861,DIV2K_fresh,fresh_div2k_0861,test,0.1,0.1001129150390625,0.01,2027,c8fe537cdd8cb79a5adbd7495d1f540e2104cf71141c82584b3dab2d17f792c6,hqs,4,22.807080677196478,0.7183969049506486
fresh_div2k_0861,DIV2K_fresh,fresh_div2k_0861,test,0.1,0.1001129150390625,0.01,2027,c8fe537cdd8cb79a5adbd7495d1f540e2104cf71141c82584b3dab2d17f792c6,hqs,5,22.977489782598187,0.7289035042349994
fresh_div2k_0861,DIV2K_fresh,fresh_div2k_0861,test,0.1,0.1001129150390625,0.01,2027,c8fe537cdd8cb79a5adbd7495d1f540e2104cf71141c82584b3dab2d17f792c6,hqs,6,23.1088617790722,0.7435928293209225
fresh_div2k_0861,DIV2K_fresh,fresh_div2k_0861,test,0.1,0.1001129150390625,0.01,2027,c8fe537cdd8cb79a5adbd7495d1f540e2104cf71141c82584b3dab2d17f792c6,admm,1,21.02499274939706,0.554103212165301
fresh_div2k_0861,DIV2K_fresh,fresh_div2k_0861,test,0.1,0.1001129150390625,0.01,2027,c8fe537cdd8cb79a5adbd7495d1f540e2104cf71141c82584b3dab2d17f792c6,admm,2,22.10553356656912,0.65525725915429
fresh_div2k_0861,DIV2K_fresh,fresh_div2k_0861,test,0.1,0.1001129150390625,0.01,2027,c8fe537cdd8cb79a5adbd7495d1f540e2104cf71141c82584b3dab2d17f792c6,admm,3,22.590387332018143,0.7067379011832848
fresh_div2k_0861,DIV2K_fresh,fresh_div2k_0861,test,0.1,0.1001129150390625,0.01,2027,c8fe537cdd8cb79a5adbd7495d1f540e2104cf71141c82584b3dab2d17f792c6,admm,4,22.799371874218146,0.7210167918061763
fresh_div2k_0861,DIV2K_fresh,fresh_div2k_0861,test,0.1,0.1001129150390625,0.01,2027,c8fe537cdd8cb79a5adbd7495d1f540e2104cf71141c82584b3dab2d17f792c6,admm,5,22.95491830480094,0.7320287429258898
fresh_div2k_0861,DIV2K_fresh,fresh_div2k_0861,test,0.1,0.1001129150390625,0.01,2027,c8fe537cdd8cb79a5adbd7495d1f540e2104cf71141c82584b3dab2d17f792c6,admm,6,23.087466514047705,0.7411760020291657
fresh_div2k_0861,DIV2K_fresh,fresh_div2k_0861,test,0.1,0.1001129150390625,0.01,2028,3fe46d3a930933aeab45a488002cbc804128ca4138674e07ec804beea162ad0e,hqs,1,21.096786008275057,0.5618991526489555
fresh_div2k_0861,DIV2K_fresh,fresh_div2k_0861,test,0.1,0.1001129150390625,0.01,2028,3fe46d3a930933aeab45a488002cbc804128ca4138674e07ec804beea162ad0e,hqs,2,22.004683658132063,0.6453124192589987
fresh_div2k_0861,DIV2K_fresh,fresh_div2k_0861,test,0.1,0.1001129150390625,0.01,2028,3fe46d3a930933aeab45a488002cbc804128ca4138674e07ec804beea162ad0e,hqs,3,22.53135081682126,0.69705315023606
fresh_div2k_0861,DIV2K_fresh,fresh_div2k_0861,test,0.1,0.1001129150390625,0.01,2028,3fe46d3a930933aeab45a488002cbc804128ca4138674e07ec804beea162ad0e,hqs,4,22.81754831644701,0.7191812126161009
fresh_div2k_0861,DIV2K_fresh,fresh_div2k_0861,test,0.1,0.1001129150390625,0.01,2028,3fe46d3a930933aeab45a488002cbc804128ca4138674e07ec804beea162ad0e,hqs,5,22.989989385963348,0.729829765220493
fresh_div2k_0861,DIV2K_fresh,fresh_div2k_0861,test,0.1,0.1001129150390625,0.01,2028,3fe46d3a930933aeab45a488002cbc804128ca4138674e07ec804beea162ad0e,hqs,6,23.115119278586548,0.7436888195466399
fresh_div2k_0861,DIV2K_fresh,fresh_div2k_0861,test,0.1,0.1001129150390625,0.01,2028,3fe46d3a930933aeab45a488002cbc804128ca4138674e07ec804beea162ad0e,admm,1,21.028918759876078,0.5543307634621639
fresh_div2k_0861,DIV2K_fresh,fresh_div2k_0861,test,0.1,0.1001129150390625,0.01,2028,3fe46d3a930933aeab45a488002cbc804128ca4138674e07ec804beea162ad0e,admm,2,22.115250963151638,0.6557758621891467
fresh_div2k_0861,DIV2K_fresh,fresh_div2k_0861,test,0.1,0.1001129150390625,0.01,2028,3fe46d3a930933aeab45a488002cbc804128ca4138674e07ec804beea162ad0e,admm,3,22.60203333392885,0.7074553265424669
fresh_div2k_0861,DIV2K_fresh,fresh_div2k_0861,test,0.1,0.1001129150390625,0.01,2028,3fe46d3a930933aeab45a488002cbc804128ca4138674e07ec804beea162ad0e,admm,4,22.811413982451416,0.7216682095250487
fresh_div2k_0861,DIV2K_fresh,fresh_div2k_0861,test,0.1,0.1001129150390625,0.01,2028,3fe46d3a930933aeab45a488002cbc804128ca4138674e07ec804beea162ad0e,admm,5,22.967240672777297,0.7324580224671364
fresh_div2k_0861,DIV2K_fresh,fresh_div2k_0861,test,0.1,0.1001129150390625,0.01,2028,3fe46d3a930933aeab45a488002cbc804128ca4138674e07ec804beea162ad0e,admm,6,23.09688097035935,0.741561804410249
fresh_div2k_0861,DIV2K_fresh,fresh_div2k_0861,test,0.1,0.1001129150390625,0.05,2026,28de40f3e47c70c0610467453b9565bc18a2b2112e8f0619d773ca4d38b12a17,hqs,1,20.882905198129226,0.5460366545780229
fresh_div2k_0861,DIV2K_fresh,fresh_div2k_0861,test,0.1,0.1001129150390625,0.05,2026,28de40f3e47c70c0610467453b9565bc18a2b2112e8f0619d773ca4d38b12a17,hqs,2,21.616339365415453,0.6181162163651138
fresh_div2k_0861,DIV2K_fresh,fresh_div2k_0861,test,0.1,0.1001129150390625,0.05,2026,28de40f3e47c70c0610467453b9565bc18a2b2112e8f0619d773ca4d38b12a17,hqs,3,21.910986452296626,0.6544888563665021
fresh_div2k_0861,DIV2K_fresh,fresh_div2k_0861,test,0.1,0.1001129150390625,0.05,2026,28de40f3e47c70c0610467453b9565bc18a2b2112e8f0619d773ca4d38b12a17,hqs,4,22.014908738371798,0.6679200610560234
fresh_div2k_0861,DIV2K_fresh,fresh_div2k_0861,test,0.1,0.1001129150390625,0.05,2026,28de40f3e47c70c0610467453b9565bc18a2b2112e8f0619d773ca4d38b12a17,hqs,5,22.029294565266486,0.6723983549935874
fresh_div2k_0861,DIV2K_fresh,fresh_div2k_0861,test,0.1,0.1001129150390625,0.05,2026,28de40f3e47c70c0610467453b9565bc18a2b2112e8f0619d773ca4d38b12a17,hqs,6,21.939268776568035,0.6699847382509672
fresh_div2k_0861,DIV2K_fresh,fresh_div2k_0861,test,0.1,0.1001129150390625,0.05,2026,28de40f3e47c70c0610467453b9565bc18a2b2112e8f0619d773ca4d38b12a17,admm,1,20.8159254826143,0.538690962562761
fresh_div2k_0861,DIV2K_fresh,fresh_div2k_0861,test,0.1,0.1001129150390625,0.05,2026,28de40f3e47c70c0610467453b9565bc18a2b2112e8f0619d773ca4d38b12a17,admm,2,21.64890260984473,0.6209633505757828
fresh_div2k_0861,DIV2K_fresh,fresh_div2k_0861,test,0.1,0.1001129150390625,0.05,2026,28de40f3e47c70c0610467453b9565bc18a2b2112e8f0619d773ca4d38b12a17,admm,3,21.830819314164096,0.6505175486037355
fresh_div2k_0861,DIV2K_fresh,fresh_div2k_0861,test,0.1,0.1001129150390625,0.05,2026,28de40f3e47c70c0610467453b9565bc18a2b2112e8f0619d773ca4d38b12a17,admm,4,21.835639387978738,0.6546367836067732
fresh_div2k_0861,DIV2K_fresh,fresh_div2k_0861,test,0.1,0.1001129150390625,0.05,2026,28de40f3e47c70c0610467453b9565bc18a2b2112e8f0619d773ca4d38b12a17,admm,5,21.860046392342774,0.6590449906383437
fresh_div2k_0861,DIV2K_fresh,fresh_div2k_0861,test,0.1,0.1001129150390625,0.05,2026,28de40f3e47c70c0610467453b9565bc18a2b2112e8f0619d773ca4d38b12a17,admm,6,21.983953855362067,0.6736070941050463
fresh_div2k_0861,DIV2K_fresh,fresh_div2k_0861,test,0.1,0.1001129150390625,0.05,2027,19ff63e9850a84629593b634abb226824e4bc62c08d866fe5b1b5a183b85397f,hqs,1,20.890209789714405,0.547200567038214
fresh_div2k_0861,DIV2K_fresh,fresh_div2k_0861,test,0.1,0.1001129150390625,0.05,2027,19ff63e9850a84629593b634abb226824e4bc62c08d866fe5b1b5a183b85397f,hqs,2,21.6066871624282,0.6192491361135497
fresh_div2k_0861,DIV2K_fresh,fresh_div2k_0861,test,0.1,0.1001129150390625,0.05,2027,19ff63e9850a84629593b634abb226824e4bc62c08d866fe5b1b5a183b85397f,hqs,3,21.883502074246508,0.6553637661777092
fresh_div2k_0861,DIV2K_fresh,fresh_div2k_0861,test,0.1,0.1001129150390625,0.05,2027,19ff63e9850a84629593b634abb226824e4bc62c08d866fe5b1b5a183b85397f,hqs,4,21.981347817749942,0.669238317385165
fresh_div2k_0861,DIV2K_fresh,fresh_div2k_0861,test,0.1,0.1001129150390625,0.05,2027,19ff63e9850a84629593b634abb226824e4bc62c08d866fe5b1b5a183b85397f,hqs,5,21.98196366245867,0.6736292452771239
fresh_div2k_0861,DIV2K_fresh,fresh_div2k_0861,test,0.1,0.1001129150390625,0.05,2027,19ff63e9850a84629593b634abb226824e4bc62c08d866fe5b1b5a183b85397f,hqs,6,21.84304581578996,0.6690023143922892
fresh_div2k_0861,DIV2K_fresh,fresh_div2k_0861,test,0.1,0.1001129150390625,0.05,2027,19ff63e9850a84629593b634abb226824e4bc62c08d866fe5b1b5a183b85397f,admm,1,20.819792998839638,0.5398877441110462
fresh_div2k_0861,DIV2K_fresh,fresh_div2k_0861,test,0.1,0.1001129150390625,0.05,2027,19ff63e9850a84629593b634abb226824e4bc62c08d866fe5b1b5a183b85397f,admm,2,21.63134705507082,0.6215311661088867
fresh_div2k_0861,DIV2K_fresh,fresh_div2k_0861,test,0.1,0.1001129150390625,0.05,2027,19ff63e9850a84629593b634abb226824e4bc62c08d866fe5b1b5a183b85397f,admm,3,21.780182478741587,0.6509051073122094
fresh_div2k_0861,DIV2K_fresh,fresh_div2k_0861,test,0.1,0.1001129150390625,0.05,2027,19ff63e9850a84629593b634abb226824e4bc62c08d866fe5b1b5a183b85397f,admm,4,21.77398561150462,0.6560317808664488
fresh_div2k_0861,DIV2K_fresh,fresh_div2k_0861,test,0.1,0.1001129150390625,0.05,2027,19ff63e9850a84629593b634abb226824e4bc62c08d866fe5b1b5a183b85397f,admm,5,21.792069912729623,0.6609823742488585
fresh_div2k_0861,DIV2K_fresh,fresh_div2k_0861,test,0.1,0.1001129150390625,0.05,2027,19ff63e9850a84629593b634abb226824e4bc62c08d866fe5b1b5a183b85397f,admm,6,21.896237665927178,0.6742574819152458
fresh_div2k_0861,DIV2K_fresh,fresh_div2k_0861,test,0.1,0.1001129150390625,0.05,2028,cdbc4b916836cbf845d69f6fee8d5a94576c3668dfd876c611c3ed04423c08e2,hqs,1,20.89086439589967,0.547712171758404
fresh_div2k_0861,DIV2K_fresh,fresh_div2k_0861,test,0.1,0.1001129150390625,0.05,2028,cdbc4b916836cbf845d69f6fee8d5a94576c3668dfd876c611c3ed04423c08e2,hqs,2,21.609144489559966,0.6203295937110817
fresh_div2k_0861,DIV2K_fresh,fresh_div2k_0861,test,0.1,0.1001129150390625,0.05,2028,cdbc4b916836cbf845d69f6fee8d5a94576c3668dfd876c611c3ed04423c08e2,hqs,3,21.8833216753433,0.6575739040890094
fresh_div2k_0861,DIV2K_fresh,fresh_div2k_0861,test,0.1,0.1001129150390625,0.05,2028,cdbc4b916836cbf845d69f6fee8d5a94576c3668dfd876c611c3ed04423c08e2,hqs,4,21.980544003112755,0.6732334516855047
fresh_div2k_0861,DIV2K_fresh,fresh_div2k_0861,test,0.1,0.1001129150390625,0.05,2028,cdbc4b916836cbf845d69f6fee8d5a94576c3668dfd876c611c3ed04423c08e2,hqs,5,21.98475281647451,0.6782398724940112
fresh_div2k_0861,DIV2K_fresh,fresh_div2k_0861,test,0.1,0.1001129150390625,0.05,2028,cdbc4b916836cbf845d69f6fee8d5a94576c3668dfd876c611c3ed04423c08e2,hqs,6,21.852603104038625,0.6746554821112603
fresh_div2k_0861,DIV2K_fresh,fresh_div2k_0861,test,0.1,0.1001129150390625,0.05,2028,cdbc4b916836cbf845d69f6fee8d5a94576c3668dfd876c611c3ed04423c08e2,admm,1,20.821912614972078,0.5405131851378739
fresh_div2k_0861,DIV2K_fresh,fresh_div2k_0861,test,0.1,0.1001129150390625,0.05,2028,cdbc4b916836cbf845d69f6fee8d5a94576c3668dfd876c611c3ed04423c08e2,admm,2,21.63420038595602,0.6223811151381965
fresh_div2k_0861,DIV2K_fresh,fresh_div2k_0861,test,0.1,0.1001129150390625,0.05,2028,cdbc4b916836cbf845d69f6fee8d5a94576c3668dfd876c611c3ed04423c08e2,admm,3,21.78675108255721,0.6542895653007291
fresh_div2k_0861,DIV2K_fresh,fresh_div2k_0861,test,0.1,0.1001129150390625,0.05,2028,cdbc4b916836cbf845d69f6fee8d5a94576c3668dfd876c611c3ed04423c08e2,admm,4,21.78739391762997,0.6605496292945374
fresh_div2k_0861,DIV2K_fresh,fresh_div2k_0861,test,0.1,0.1001129150390625,0.05,2028,cdbc4b916836cbf845d69f6fee8d5a94576c3668dfd876c611c3ed04423c08e2,admm,5,21.811414218226474,0.6648763496801182
fresh_div2k_0861,DIV2K_fresh,fresh_div2k_0861,test,0.1,0.1001129150390625,0.05,2028,cdbc4b916836cbf845d69f6fee8d5a94576c3668dfd876c611c3ed04423c08e2,admm,6,21.911550024065352,0.6783477891166014
fresh_div2k_0864,DIV2K_fresh,fresh_div2k_0864,test,0.01,0.01031494140625,0.0,2026,9df5b4f2ab6e3ace7f47d08082a34da542235bfc1a7e024c497ae26f19e43c64,hqs,1,21.5170445017985,0.35609484354766585
fresh_div2k_0864,DIV2K_fresh,fresh_div2k_0864,test,0.01,0.01031494140625,0.0,2026,9df5b4f2ab6e3ace7f47d08082a34da542235bfc1a7e024c497ae26f19e43c64,hqs,2,21.793128913497736,0.3758444832627881
fresh_div2k_0864,DIV2K_fresh,fresh_div2k_0864,test,0.01,0.01031494140625,0.0,2026,9df5b4f2ab6e3ace7f47d08082a34da542235bfc1a7e024c497ae26f19e43c64,hqs,3,21.97402041609605,0.38944483906099076
fresh_div2k_0864,DIV2K_fresh,fresh_div2k_0864,test,0.01,0.01031494140625,0.0,2026,9df5b4f2ab6e3ace7f47d08082a34da542235bfc1a7e024c497ae26f19e43c64,hqs,4,22.066431752140122,0.40001290130014394
fresh_div2k_0864,DIV2K_fresh,fresh_div2k_0864,test,0.01,0.01031494140625,0.0,2026,9df5b4f2ab6e3ace7f47d08082a34da542235bfc1a7e024c497ae26f19e43c64,hqs,5,22.109921391660237,0.40551287218998194
fresh_div2k_0864,DIV2K_fresh,fresh_div2k_0864,test,0.01,0.01031494140625,0.0,2026,9df5b4f2ab6e3ace7f47d08082a34da542235bfc1a7e024c497ae26f19e43c64,hqs,6,22.108629324177357,0.4113653320156128
fresh_div2k_0864,DIV2K_fresh,fresh_div2k_0864,test,0.01,0.01031494140625,0.0,2026,9df5b4f2ab6e3ace7f47d08082a34da542235bfc1a7e024c497ae26f19e43c64,admm,1,21.521231975369886,0.3551065715964046
fresh_div2k_0864,DIV2K_fresh,fresh_div2k_0864,test,0.01,0.01031494140625,0.0,2026,9df5b4f2ab6e3ace7f47d08082a34da542235bfc1a7e024c497ae26f19e43c64,admm,2,21.875096546055893,0.38275703371048986
fresh_div2k_0864,DIV2K_fresh,fresh_div2k_0864,test,0.01,0.01031494140625,0.0,2026,9df5b4f2ab6e3ace7f47d08082a34da542235bfc1a7e024c497ae26f19e43c64,admm,3,21.998290252432767,0.3974560125597261
fresh_div2k_0864,DIV2K_fresh,fresh_div2k_0864,test,0.01,0.01031494140625,0.0,2026,9df5b4f2ab6e3ace7f47d08082a34da542235bfc1a7e024c497ae26f19e43c64,admm,4,22.006944957413044,0.4058241188492589
fresh_div2k_0864,DIV2K_fresh,fresh_div2k_0864,test,0.01,0.01031494140625,0.0,2026,9df5b4f2ab6e3ace7f47d08082a34da542235bfc1a7e024c497ae26f19e43c64,admm,5,22.002018468002788,0.4102939120672168
fresh_div2k_0864,DIV2K_fresh,fresh_div2k_0864,test,0.01,0.01031494140625,0.0,2026,9df5b4f2ab6e3ace7f47d08082a34da542235bfc1a7e024c497ae26f19e43c64,admm,6,21.98131107040679,0.40464401431585406
fresh_div2k_0864,DIV2K_fresh,fresh_div2k_0864,test,0.04,0.041259765625,0.0,2026,b76eb2770fdcea1a074a6fbe93e468aa48b1999e3467fb8bb76c31219931ba9c,hqs,1,23.873993355341568,0.546325286449503
fresh_div2k_0864,DIV2K_fresh,fresh_div2k_0864,test,0.04,0.041259765625,0.0,2026,b76eb2770fdcea1a074a6fbe93e468aa48b1999e3467fb8bb76c31219931ba9c,hqs,2,24.506053495460552,0.5935218404432422
fresh_div2k_0864,DIV2K_fresh,fresh_div2k_0864,test,0.04,0.041259765625,0.0,2026,b76eb2770fdcea1a074a6fbe93e468aa48b1999e3467fb8bb76c31219931ba9c,hqs,3,24.794162212207702,0.6161302763333633
fresh_div2k_0864,DIV2K_fresh,fresh_div2k_0864,test,0.04,0.041259765625,0.0,2026,b76eb2770fdcea1a074a6fbe93e468aa48b1999e3467fb8bb76c31219931ba9c,hqs,4,24.919999246105576,0.6261134076990634
fresh_div2k_0864,DIV2K_fresh,fresh_div2k_0864,test,0.04,0.041259765625,0.0,2026,b76eb2770fdcea1a074a6fbe93e468aa48b1999e3467fb8bb76c31219931ba9c,hqs,5,24.96961219799274,0.6320057316550082
fresh_div2k_0864,DIV2K_fresh,fresh_div2k_0864,test,0.04,0.041259765625,0.0,2026,b76eb2770fdcea1a074a6fbe93e468aa48b1999e3467fb8bb76c31219931ba9c,hqs,6,24.99574033215337,0.6378235288169325
fresh_div2k_0864,DIV2K_fresh,fresh_div2k_0864,test,0.04,0.041259765625,0.0,2026,b76eb2770fdcea1a074a6fbe93e468aa48b1999e3467fb8bb76c31219931ba9c,admm,1,23.817589484767232,0.5417933152673011
fresh_div2k_0864,DIV2K_fresh,fresh_div2k_0864,test,0.04,0.041259765625,0.0,2026,b76eb2770fdcea1a074a6fbe93e468aa48b1999e3467fb8bb76c31219931ba9c,admm,2,24.56809264369418,0.5989690649305525
fresh_div2k_0864,DIV2K_fresh,fresh_div2k_0864,test,0.04,0.041259765625,0.0,2026,b76eb2770fdcea1a074a6fbe93e468aa48b1999e3467fb8bb76c31219931ba9c,admm,3,24.80683507313241,0.6222419476540224
fresh_div2k_0864,DIV2K_fresh,fresh_div2k_0864,test,0.04,0.041259765625,0.0,2026,b76eb2770fdcea1a074a6fbe93e468aa48b1999e3467fb8bb76c31219931ba9c,admm,4,24.8845642458203,0.6314347620305852
fresh_div2k_0864,DIV2K_fresh,fresh_div2k_0864,test,0.04,0.041259765625,0.0,2026,b76eb2770fdcea1a074a6fbe93e468aa48b1999e3467fb8bb76c31219931ba9c,admm,5,24.91994147247443,0.6380566964111924
fresh_div2k_0864,DIV2K_fresh,fresh_div2k_0864,test,0.04,0.041259765625,0.0,2026,b76eb2770fdcea1a074a6fbe93e468aa48b1999e3467fb8bb76c31219931ba9c,admm,6,24.966583812377916,0.6334010576552702
fresh_div2k_0864,DIV2K_fresh,fresh_div2k_0864,test,0.1,0.1001129150390625,0.0,2026,6424485b2b48275c339ab072518fbf7d12ba7518ad4045d535dfc334abd3b7f6,hqs,1,25.861784384118856,0.7004115697052432
fresh_div2k_0864,DIV2K_fresh,fresh_div2k_0864,test,0.1,0.1001129150390625,0.0,2026,6424485b2b48275c339ab072518fbf7d12ba7518ad4045d535dfc334abd3b7f6,hqs,2,26.741452206347684,0.7499981139975787
fresh_div2k_0864,DIV2K_fresh,fresh_div2k_0864,test,0.1,0.1001129150390625,0.0,2026,6424485b2b48275c339ab072518fbf7d12ba7518ad4045d535dfc334abd3b7f6,hqs,3,27.161697036742822,0.7759294403960705
fresh_div2k_0864,DIV2K_fresh,fresh_div2k_0864,test,0.1,0.1001129150390625,0.0,2026,6424485b2b48275c339ab072518fbf7d12ba7518ad4045d535dfc334abd3b7f6,hqs,4,27.28515018093693,0.7835267701474428
fresh_div2k_0864,DIV2K_fresh,fresh_div2k_0864,test,0.1,0.1001129150390625,0.0,2026,6424485b2b48275c339ab072518fbf7d12ba7518ad4045d535dfc334abd3b7f6,hqs,5,27.332202038271983,0.7873889665269852
fresh_div2k_0864,DIV2K_fresh,fresh_div2k_0864,test,0.1,0.1001129150390625,0.0,2026,6424485b2b48275c339ab072518fbf7d12ba7518ad4045d535dfc334abd3b7f6,hqs,6,27.337634787640255,0.7902964842201471
fresh_div2k_0864,DIV2K_fresh,fresh_div2k_0864,test,0.1,0.1001129150390625,0.0,2026,6424485b2b48275c339ab072518fbf7d12ba7518ad4045d535dfc334abd3b7f6,admm,1,25.79394277576871,0.6967523798952862
fresh_div2k_0864,DIV2K_fresh,fresh_div2k_0864,test,0.1,0.1001129150390625,0.0,2026,6424485b2b48275c339ab072518fbf7d12ba7518ad4045d535dfc334abd3b7f6,admm,2,26.888473209396896,0.7597281006547213
fresh_div2k_0864,DIV2K_fresh,fresh_div2k_0864,test,0.1,0.1001129150390625,0.0,2026,6424485b2b48275c339ab072518fbf7d12ba7518ad4045d535dfc334abd3b7f6,admm,3,27.22298996142196,0.7825500815088748
fresh_div2k_0864,DIV2K_fresh,fresh_div2k_0864,test,0.1,0.1001129150390625,0.0,2026,6424485b2b48275c339ab072518fbf7d12ba7518ad4045d535dfc334abd3b7f6,admm,4,27.297682664312234,0.7892275674519539
fresh_div2k_0864,DIV2K_fresh,fresh_div2k_0864,test,0.1,0.1001129150390625,0.0,2026,6424485b2b48275c339ab072518fbf7d12ba7518ad4045d535dfc334abd3b7f6,admm,5,27.34579322353225,0.7935871392872333
fresh_div2k_0864,DIV2K_fresh,fresh_div2k_0864,test,0.1,0.1001129150390625,0.0,2026,6424485b2b48275c339ab072518fbf7d12ba7518ad4045d535dfc334abd3b7f6,admm,6,27.395091252481794,0.7906351019852161
fresh_div2k_0864,DIV2K_fresh,fresh_div2k_0864,test,0.25,0.25,0.0,2026,45cb2c732e0cdc2869e722caddd8098c4a315e1202ad47551cdd8ca375d05d26,hqs,1,28.75469539533562,0.8441620384876132
fresh_div2k_0864,DIV2K_fresh,fresh_div2k_0864,test,0.25,0.25,0.0,2026,45cb2c732e0cdc2869e722caddd8098c4a315e1202ad47551cdd8ca375d05d26,hqs,2,29.973632089354968,0.8828660898962021
fresh_div2k_0864,DIV2K_fresh,fresh_div2k_0864,test,0.25,0.25,0.0,2026,45cb2c732e0cdc2869e722caddd8098c4a315e1202ad47551cdd8ca375d05d26,hqs,3,30.597507854333262,0.9006227878763675
fresh_div2k_0864,DIV2K_fresh,fresh_div2k_0864,test,0.25,0.25,0.0,2026,45cb2c732e0cdc2869e722caddd8098c4a315e1202ad47551cdd8ca375d05d26,hqs,4,30.794616308125008,0.905283434974432
fresh_div2k_0864,DIV2K_fresh,fresh_div2k_0864,test,0.25,0.25,0.0,2026,45cb2c732e0cdc2869e722caddd8098c4a315e1202ad47551cdd8ca375d05d26,hqs,5,30.87666922373204,0.9074579201667309
fresh_div2k_0864,DIV2K_fresh,fresh_div2k_0864,test,0.25,0.25,0.0,2026,45cb2c732e0cdc2869e722caddd8098c4a315e1202ad47551cdd8ca375d05d26,hqs,6,30.863937441743175,0.9086547718377114
fresh_div2k_0864,DIV2K_fresh,fresh_div2k_0864,test,0.25,0.25,0.0,2026,45cb2c732e0cdc2869e722caddd8098c4a315e1202ad47551cdd8ca375d05d26,admm,1,28.685646505966783,0.8418890583325773
fresh_div2k_0864,DIV2K_fresh,fresh_div2k_0864,test,0.25,0.25,0.0,2026,45cb2c732e0cdc2869e722caddd8098c4a315e1202ad47551cdd8ca375d05d26,admm,2,30.244454124682765,0.8913261610052585
fresh_div2k_0864,DIV2K_fresh,fresh_div2k_0864,test,0.25,0.25,0.0,2026,45cb2c732e0cdc2869e722caddd8098c4a315e1202ad47551cdd8ca375d05d26,admm,3,30.697722942922745,0.9048654896636009
fresh_div2k_0864,DIV2K_fresh,fresh_div2k_0864,test,0.25,0.25,0.0,2026,45cb2c732e0cdc2869e722caddd8098c4a315e1202ad47551cdd8ca375d05d26,admm,4,30.772185137941044,0.9074270964148045
fresh_div2k_0864,DIV2K_fresh,fresh_div2k_0864,test,0.25,0.25,0.0,2026,45cb2c732e0cdc2869e722caddd8098c4a315e1202ad47551cdd8ca375d05d26,admm,5,30.863557891255326,0.9096711841974259
fresh_div2k_0864,DIV2K_fresh,fresh_div2k_0864,test,0.25,0.25,0.0,2026,45cb2c732e0cdc2869e722caddd8098c4a315e1202ad47551cdd8ca375d05d26,admm,6,30.947654166269626,0.9097463865566253
fresh_div2k_0864,DIV2K_fresh,fresh_div2k_0864,test,0.5,0.4998931884765625,0.0,2026,5675e342e408f20af9a37d54dcb60c493b2ca99d4ed7173fa859f2b61e2d4980,hqs,1,32.17303525233214,0.9287457552671432
fresh_div2k_0864,DIV2K_fresh,fresh_div2k_0864,test,0.5,0.4998931884765625,0.0,2026,5675e342e408f20af9a37d54dcb60c493b2ca99d4ed7173fa859f2b61e2d4980,hqs,2,33.83514274929604,0.9521992348270416
fresh_div2k_0864,DIV2K_fresh,fresh_div2k_0864,test,0.5,0.4998931884765625,0.0,2026,5675e342e408f20af9a37d54dcb60c493b2ca99d4ed7173fa859f2b61e2d4980,hqs,3,34.72785266330958,0.9621509700927734
fresh_div2k_0864,DIV2K_fresh,fresh_div2k_0864,test,0.5,0.4998931884765625,0.0,2026,5675e342e408f20af9a37d54dcb60c493b2ca99d4ed7173fa859f2b61e2d4980,hqs,4,35.0830706636982,0.9650595089426041
fresh_div2k_0864,DIV2K_fresh,fresh_div2k_0864,test,0.5,0.4998931884765625,0.0,2026,5675e342e408f20af9a37d54dcb60c493b2ca99d4ed7173fa859f2b61e2d4980,hqs,5,35.24157145457873,0.9663905845766068
fresh_div2k_0864,DIV2K_fresh,fresh_div2k_0864,test,0.5,0.4998931884765625,0.0,2026,5675e342e408f20af9a37d54dcb60c493b2ca99d4ed7173fa859f2b61e2d4980,hqs,6,35.32469746199049,0.9673350691967011
fresh_div2k_0864,DIV2K_fresh,fresh_div2k_0864,test,0.5,0.4998931884765625,0.0,2026,5675e342e408f20af9a37d54dcb60c493b2ca99d4ed7173fa859f2b61e2d4980,admm,1,32.148900789102946,0.9282935538897514
fresh_div2k_0864,DIV2K_fresh,fresh_div2k_0864,test,0.5,0.4998931884765625,0.0,2026,5675e342e408f20af9a37d54dcb60c493b2ca99d4ed7173fa859f2b61e2d4980,admm,2,34.2378037576446,0.9570243710603714
fresh_div2k_0864,DIV2K_fresh,fresh_div2k_0864,test,0.5,0.4998931884765625,0.0,2026,5675e342e408f20af9a37d54dcb60c493b2ca99d4ed7173fa859f2b61e2d4980,admm,3,34.9328919764571,0.9640372394552231
fresh_div2k_0864,DIV2K_fresh,fresh_div2k_0864,test,0.5,0.4998931884765625,0.0,2026,5675e342e408f20af9a37d54dcb60c493b2ca99d4ed7173fa859f2b61e2d4980,admm,4,35.076840620837345,0.9652145231170655
fresh_div2k_0864,DIV2K_fresh,fresh_div2k_0864,test,0.5,0.4998931884765625,0.0,2026,5675e342e408f20af9a37d54dcb60c493b2ca99d4ed7173fa859f2b61e2d4980,admm,5,35.254601431981094,0.9668217483873367
fresh_div2k_0864,DIV2K_fresh,fresh_div2k_0864,test,0.5,0.4998931884765625,0.0,2026,5675e342e408f20af9a37d54dcb60c493b2ca99d4ed7173fa859f2b61e2d4980,admm,6,35.40533465891033,0.9677099063034058
fresh_div2k_0864,DIV2K_fresh,fresh_div2k_0864,test,0.1,0.1001129150390625,0.01,2026,77e008973603ae5c59e3949b3375cb25a17729ad8c118d8586890e4834b4a492,hqs,1,25.84809652733547,0.6999246986816073
fresh_div2k_0864,DIV2K_fresh,fresh_div2k_0864,test,0.1,0.1001129150390625,0.01,2026,77e008973603ae5c59e3949b3375cb25a17729ad8c118d8586890e4834b4a492,hqs,2,26.719490735309584,0.7493272102782726
fresh_div2k_0864,DIV2K_fresh,fresh_div2k_0864,test,0.1,0.1001129150390625,0.01,2026,77e008973603ae5c59e3949b3375cb25a17729ad8c118d8586890e4834b4a492,hqs,3,27.129499286446098,0.7749525813531876
fresh_div2k_0864,DIV2K_fresh,fresh_div2k_0864,test,0.1,0.1001129150390625,0.01,2026,77e008973603ae5c59e3949b3375cb25a17729ad8c118d8586890e4834b4a492,hqs,4,27.2481478505215,0.78239828041327
fresh_div2k_0864,DIV2K_fresh,fresh_div2k_0864,test,0.1,0.1001129150390625,0.01,2026,77e008973603ae5c59e3949b3375cb25a17729ad8c118d8586890e4834b4a492,hqs,5,27.292599902852224,0.7861763894039393
fresh_div2k_0864,DIV2K_fresh,fresh_div2k_0864,test,0.1,0.1001129150390625,0.01,2026,77e008973603ae5c59e3949b3375cb25a17729ad8c118d8586890e4834b4a492,hqs,6,27.294825460335268,0.7889645566972494
fresh_div2k_0864,DIV2K_fresh,fresh_div2k_0864,test,0.1,0.1001129150390625,0.01,2026,77e008973603ae5c59e3949b3375cb25a17729ad8c118d8586890e4834b4a492,admm,1,25.78128582568067,0.6962359027333409
fresh_div2k_0864,DIV2K_fresh,fresh_div2k_0864,test,0.1,0.1001129150390625,0.01,2026,77e008973603ae5c59e3949b3375cb25a17729ad8c118d8586890e4834b4a492,admm,2,26.86450617118666,0.7589194452182054
fresh_div2k_0864,DIV2K_fresh,fresh_div2k_0864,test,0.1,0.1001129150390625,0.01,2026,77e008973603ae5c59e3949b3375cb25a17729ad8c118d8586890e4834b4a492,admm,3,27.1875266163983,0.7815118925931454
fresh_div2k_0864,DIV2K_fresh,fresh_div2k_0864,test,0.1,0.1001129150390625,0.01,2026,77e008973603ae5c59e3949b3375cb25a17729ad8c118d8586890e4834b4a492,admm,4,27.257154445440644,0.7880278722054959
fresh_div2k_0864,DIV2K_fresh,fresh_div2k_0864,test,0.1,0.1001129150390625,0.01,2026,77e008973603ae5c59e3949b3375cb25a17729ad8c118d8586890e4834b4a492,admm,5,27.300755057865935,0.7922141107313633
fresh_div2k_0864,DIV2K_fresh,fresh_div2k_0864,test,0.1,0.1001129150390625,0.01,2026,77e008973603ae5c59e3949b3375cb25a17729ad8c118d8586890e4834b4a492,admm,6,27.357774900902317,0.789652560957551
fresh_div2k_0864,DIV2K_fresh,fresh_div2k_0864,test,0.1,0.1001129150390625,0.01,2027,e9fe9639d10ebde5cbf2c9ff03a19e514508191faadd1f90010827bae7bbe3c8,hqs,1,25.85011316383927,0.7003502842183551
fresh_div2k_0864,DIV2K_fresh,fresh_div2k_0864,test,0.1,0.1001129150390625,0.01,2027,e9fe9639d10ebde5cbf2c9ff03a19e514508191faadd1f90010827bae7bbe3c8,hqs,2,26.717484227287578,0.7494144396765232
fresh_div2k_0864,DIV2K_fresh,fresh_div2k_0864,test,0.1,0.1001129150390625,0.01,2027,e9fe9639d10ebde5cbf2c9ff03a19e514508191faadd1f90010827bae7bbe3c8,hqs,3,27.126332912728074,0.7746780821903944
fresh_div2k_0864,DIV2K_fresh,fresh_div2k_0864,test,0.1,0.1001129150390625,0.01,2027,e9fe9639d10ebde5cbf2c9ff03a19e514508191faadd1f90010827bae7bbe3c8,hqs,4,27.244916924756865,0.7821015358973742
fresh_div2k_0864,DIV2K_fresh,fresh_div2k_0864,test,0.1,0.1001129150390625,0.01,2027,e9fe9639d10ebde5cbf2c9ff03a19e514508191faadd1f90010827bae7bbe3c8,hqs,5,27.289117166836554,0.7858180134334565
fresh_div2k_0864,DIV2K_fresh,fresh_div2k_0864,test,0.1,0.1001129150390625,0.01,2027,e9fe9639d10ebde5cbf2c9ff03a19e514508191faadd1f90010827bae7bbe3c8,hqs,6,27.291040445505264,0.7885082459048033
fresh_div2k_0864,DIV2K_fresh,fresh_div2k_0864,test,0.1,0.1001129150390625,0.01,2027,e9fe9639d10ebde5cbf2c9ff03a19e514508191faadd1f90010827bae7bbe3c8,admm,1,25.78213894513055,0.696635377066764
fresh_div2k_0864,DIV2K_fresh,fresh_div2k_0864,test,0.1,0.1001129150390625,0.01,2027,e9fe9639d10ebde5cbf2c9ff03a19e514508191faadd1f90010827bae7bbe3c8,admm,2,26.861073527479903,0.7589744726649523
fresh_div2k_0864,DIV2K_fresh,fresh_div2k_0864,test,0.1,0.1001129150390625,0.01,2027,e9fe9639d10ebde5cbf2c9ff03a19e514508191faadd1f90010827bae7bbe3c8,admm,3,27.18028286126167,0.7811629538309575
fresh_div2k_0864,DIV2K_fresh,fresh_div2k_0864,test,0.1,0.1001129150390625,0.01,2027,e9fe9639d10ebde5cbf2c9ff03a19e514508191faadd1f90010827bae7bbe3c8,admm,4,27.248513367159816,0.7875528457682133
fresh_div2k_0864,DIV2K_fresh,fresh_div2k_0864,test,0.1,0.1001129150390625,0.01,2027,e9fe9639d10ebde5cbf2c9ff03a19e514508191faadd1f90010827bae7bbe3c8,admm,5,27.290819095599797,0.7915990299561023
fresh_div2k_0864,DIV2K_fresh,fresh_div2k_0864,test,0.1,0.1001129150390625,0.01,2027,e9fe9639d10ebde5cbf2c9ff03a19e514508191faadd1f90010827bae7bbe3c8,admm,6,27.351548563014255,0.7891632821469307
fresh_div2k_0864,DIV2K_fresh,fresh_div2k_0864,test,0.1,0.1001129150390625,0.01,2028,0084e058cbe480d1741b1a3b019b55798d91f0d791220490a22621bcb3b2059d,hqs,1,25.846501318490983,0.6995111877276136
fresh_div2k_0864,DIV2K_fresh,fresh_div2k_0864,test,0.1,0.1001129150390625,0.01,2028,0084e058cbe480d1741b1a3b019b55798d91f0d791220490a22621bcb3b2059d,hqs,2,26.71860015456701,0.7489299631484747
fresh_div2k_0864,DIV2K_fresh,fresh_div2k_0864,test,0.1,0.1001129150390625,0.01,2028,0084e058cbe480d1741b1a3b019b55798d91f0d791220490a22621bcb3b2059d,hqs,3,27.130365412163147,0.774528253632307
fresh_div2k_0864,DIV2K_fresh,fresh_div2k_0864,test,0.1,0.1001129150390625,0.01,2028,0084e058cbe480d1741b1a3b019b55798d91f0d791220490a22621bcb3b2059d,hqs,4,27.249132781534357,0.7818509283361434
fresh_div2k_0864,DIV2K_fresh,fresh_div2k_0864,test,0.1,0.1001129150390625,0.01,2028,0084e058cbe480d1741b1a3b019b55798d91f0d791220490a22621bcb3b2059d,hqs,5,27.291444432164106,0.7854685507333279
fresh_div2k_0864,DIV2K_fresh,fresh_div2k_0864,test,0.1,0.1001129150390625,0.01,2028,0084e058cbe480d1741b1a3b019b55798d91f0d791220490a22621bcb3b2059d,hqs,6,27.290824946521887,0.7881594346674681
fresh_div2k_0864,DIV2K_fresh,fresh_div2k_0864,test,0.1,0.1001129150390625,0.01,2028,0084e058cbe480d1741b1a3b019b55798d91f0d791220490a22621bcb3b2059d,admm,1,25.77958800639365,0.6958402432831283
fresh_div2k_0864,DIV2K_fresh,fresh_div2k_0864,test,0.1,0.1001129150390625,0.01,2028,0084e058cbe480d1741b1a3b019b55798d91f0d791220490a22621bcb3b2059d,admm,2,26.86302294582671,0.758547348277688
fresh_div2k_0864,DIV2K_fresh,fresh_div2k_0864,test,0.1,0.1001129150390625,0.01,2028,0084e058cbe480d1741b1a3b019b55798d91f0d791220490a22621bcb3b2059d,admm,3,27.183702182838996,0.7807953525071144
fresh_div2k_0864,DIV2K_fresh,fresh_div2k_0864,test,0.1,0.1001129150390625,0.01,2028,0084e058cbe480d1741b1a3b019b55798d91f0d791220490a22621bcb3b2059d,admm,4,27.250603851473784,0.7871623280956745
fresh_div2k_0864,DIV2K_fresh,fresh_div2k_0864,test,0.1,0.1001129150390625,0.01,2028,0084e058cbe480d1741b1a3b019b55798d91f0d791220490a22621bcb3b2059d,admm,5,27.292532404841793,0.7912870460011959
fresh_div2k_0864,DIV2K_fresh,fresh_div2k_0864,test,0.1,0.1001129150390625,0.01,2028,0084e058cbe480d1741b1a3b019b55798d91f0d791220490a22621bcb3b2059d,admm,6,27.351232354251525,0.7887420386238098
fresh_div2k_0864,DIV2K_fresh,fresh_div2k_0864,test,0.1,0.1001129150390625,0.05,2026,df7a7ac0e6021718a96a24afac7dfa47ce1e6be7bc50efda3495b6e7c0bea2e3,hqs,1,25.533517968379837,0.6862210272762217
fresh_div2k_0864,DIV2K_fresh,fresh_div2k_0864,test,0.1,0.1001129150390625,0.05,2026,df7a7ac0e6021718a96a24afac7dfa47ce1e6be7bc50efda3495b6e7c0bea2e3,hqs,2,26.228834291624178,0.7290540438767076
fresh_div2k_0864,DIV2K_fresh,fresh_div2k_0864,test,0.1,0.1001129150390625,0.05,2026,df7a7ac0e6021718a96a24afac7dfa47ce1e6be7bc50efda3495b6e7c0bea2e3,hqs,3,26.461166745667782,0.7477769613802433
fresh_div2k_0864,DIV2K_fresh,fresh_div2k_0864,test,0.1,0.1001129150390625,0.05,2026,df7a7ac0e6021718a96a24afac7dfa47ce1e6be7bc50efda3495b6e7c0bea2e3,hqs,4,26.53062768586959,0.7542134462241531
fresh_div2k_0864,DIV2K_fresh,fresh_div2k_0864,test,0.1,0.1001129150390625,0.05,2026,df7a7ac0e6021718a96a24afac7dfa47ce1e6be7bc50efda3495b6e7c0bea2e3,hqs,5,26.536114815172418,0.7563119232994914
fresh_div2k_0864,DIV2K_fresh,fresh_div2k_0864,test,0.1,0.1001129150390625,0.05,2026,df7a7ac0e6021718a96a24afac7dfa47ce1e6be7bc50efda3495b6e7c0bea2e3,hqs,6,26.461054662548978,0.7556285722646415
fresh_div2k_0864,DIV2K_fresh,fresh_div2k_0864,test,0.1,0.1001129150390625,0.05,2026,df7a7ac0e6021718a96a24afac7dfa47ce1e6be7bc50efda3495b6e7c0bea2e3,admm,1,25.475328416242515,0.6820276043366036
fresh_div2k_0864,DIV2K_fresh,fresh_div2k_0864,test,0.1,0.1001129150390625,0.05,2026,df7a7ac0e6021718a96a24afac7dfa47ce1e6be7bc50efda3495b6e7c0bea2e3,admm,2,26.301346952987327,0.7350334084016681
fresh_div2k_0864,DIV2K_fresh,fresh_div2k_0864,test,0.1,0.1001129150390625,0.05,2026,df7a7ac0e6021718a96a24afac7dfa47ce1e6be7bc50efda3495b6e7c0bea2e3,admm,3,26.386978843883732,0.7504470645637512
fresh_div2k_0864,DIV2K_fresh,fresh_div2k_0864,test,0.1,0.1001129150390625,0.05,2026,df7a7ac0e6021718a96a24afac7dfa47ce1e6be7bc50efda3495b6e7c0bea2e3,admm,4,26.376019114392008,0.7538407269768491
fresh_div2k_0864,DIV2K_fresh,fresh_div2k_0864,test,0.1,0.1001129150390625,0.05,2026,df7a7ac0e6021718a96a24afac7dfa47ce1e6be7bc50efda3495b6e7c0bea2e3,admm,5,26.323978679565457,0.7540833665497526
fresh_div2k_0864,DIV2K_fresh,fresh_div2k_0864,test,0.1,0.1001129150390625,0.05,2026,df7a7ac0e6021718a96a24afac7dfa47ce1e6be7bc50efda3495b6e7c0bea2e3,admm,6,26.538922818812956,0.7582871691488624
fresh_div2k_0864,DIV2K_fresh,fresh_div2k_0864,test,0.1,0.1001129150390625,0.05,2027,f48e2dbfa6b3c99e19aa734740fd7b8257669f8656794cba7a129639f1257299,hqs,1,25.539642516134585,0.6880075864281412
fresh_div2k_0864,DIV2K_fresh,fresh_div2k_0864,test,0.1,0.1001129150390625,0.05,2027,f48e2dbfa6b3c99e19aa734740fd7b8257669f8656794cba7a129639f1257299,hqs,2,26.237831712169488,0.7301315145523045
fresh_div2k_0864,DIV2K_fresh,fresh_div2k_0864,test,0.1,0.1001129150390625,0.05,2027,f48e2dbfa6b3c99e19aa734740fd7b8257669f8656794cba7a129639f1257299,hqs,3,26.463512932962672,0.7471966894019693
fresh_div2k_0864,DIV2K_fresh,fresh_div2k_0864,test,0.1,0.1001129150390625,0.05,2027,f48e2dbfa6b3c99e19aa734740fd7b8257669f8656794cba7a129639f1257299,hqs,4,26.505715864377926,0.7522053527731597
fresh_div2k_0864,DIV2K_fresh,fresh_div2k_0864,test,0.1,0.1001129150390625,0.05,2027,f48e2dbfa6b3c99e19aa734740fd7b8257669f8656794cba7a129639f1257299,hqs,5,26.49729468735547,0.75354859868218
fresh_div2k_0864,DIV2K_fresh,fresh_div2k_0864,test,0.1,0.1001129150390625,0.05,2027,f48e2dbfa6b3c99e19aa734740fd7b8257669f8656794cba7a129639f1257299,hqs,6,26.414915230171445,0.7525494384469912
fresh_div2k_0864,DIV2K_fresh,fresh_div2k_0864,test,0.1,0.1001129150390625,0.05,2027,f48e2dbfa6b3c99e19aa734740fd7b8257669f8656794cba7a129639f1257299,admm,1,25.48143912627102,0.684212665430434
fresh_div2k_0864,DIV2K_fresh,fresh_div2k_0864,test,0.1,0.1001129150390625,0.05,2027,f48e2dbfa6b3c99e19aa734740fd7b8257669f8656794cba7a129639f1257299,admm,2,26.31691049431445,0.7364768774721101
fresh_div2k_0864,DIV2K_fresh,fresh_div2k_0864,test,0.1,0.1001129150390625,0.05,2027,f48e2dbfa6b3c99e19aa734740fd7b8257669f8656794cba7a129639f1257299,admm,3,26.384849584248933,0.7502168060272485
fresh_div2k_0864,DIV2K_fresh,fresh_div2k_0864,test,0.1,0.1001129150390625,0.05,2027,f48e2dbfa6b3c99e19aa734740fd7b8257669f8656794cba7a129639f1257299,admm,4,26.35122548233841,0.7525218826829493
fresh_div2k_0864,DIV2K_fresh,fresh_div2k_0864,test,0.1,0.1001129150390625,0.05,2027,f48e2dbfa6b3c99e19aa734740fd7b8257669f8656794cba7a129639f1257299,admm,5,26.274177528345888,0.7514614278482348
fresh_div2k_0864,DIV2K_fresh,fresh_div2k_0864,test,0.1,0.1001129150390625,0.05,2027,f48e2dbfa6b3c99e19aa734740fd7b8257669f8656794cba7a129639f1257299,admm,6,26.48830083349052,0.7555096923424601
fresh_div2k_0864,DIV2K_fresh,fresh_div2k_0864,test,0.1,0.1001129150390625,0.05,2028,8b5ae23ef173988fd977fdd7bd66c38d5fcd42ee461b82da2edc0c7d66261447,hqs,1,25.52875025830734,0.6838014324320475
fresh_div2k_0864,DIV2K_fresh,fresh_div2k_0864,test,0.1,0.1001129150390625,0.05,2028,8b5ae23ef173988fd977fdd7bd66c38d5fcd42ee461b82da2edc0c7d66261447,hqs,2,26.227873684067685,0.7271536506207772
fresh_div2k_0864,DIV2K_fresh,fresh_div2k_0864,test,0.1,0.1001129150390625,0.05,2028,8b5ae23ef173988fd977fdd7bd66c38d5fcd42ee461b82da2edc0c7d66261447,hqs,3,26.460997595952215,0.7456163898406402
fresh_div2k_0864,DIV2K_fresh,fresh_div2k_0864,test,0.1,0.1001129150390625,0.05,2028,8b5ae23ef173988fd977fdd7bd66c38d5fcd42ee461b82da2edc0c7d66261447,hqs,4,26.519965158053456,0.7509510926386118
fresh_div2k_0864,DIV2K_fresh,fresh_div2k_0864,test,0.1,0.1001129150390625,0.05,2028,8b5ae23ef173988fd977fdd7bd66c38d5fcd42ee461b82da2edc0c7d66261447,hqs,5,26.518777302164036,0.752761123137474
fresh_div2k_0864,DIV2K_fresh,fresh_div2k_0864,test,0.1,0.1001129150390625,0.05,2028,8b5ae23ef173988fd977fdd7bd66c38d5fcd42ee461b82da2edc0c7d66261447,hqs,6,26.44354837333489,0.7521304377120733
fresh_div2k_0864,DIV2K_fresh,fresh_div2k_0864,test,0.1,0.1001129150390625,0.05,2028,8b5ae23ef173988fd977fdd7bd66c38d5fcd42ee461b82da2edc0c7d66261447,admm,1,25.468099301272478,0.6798134096580754
fresh_div2k_0864,DIV2K_fresh,fresh_div2k_0864,test,0.1,0.1001129150390625,0.05,2028,8b5ae23ef173988fd977fdd7bd66c38d5fcd42ee461b82da2edc0c7d66261447,admm,2,26.299610002956424,0.7332305502683869
fresh_div2k_0864,DIV2K_fresh,fresh_div2k_0864,test,0.1,0.1001129150390625,0.05,2028,8b5ae23ef173988fd977fdd7bd66c38d5fcd42ee461b82da2edc0c7d66261447,admm,3,26.37673776093508,0.747861031272117
fresh_div2k_0864,DIV2K_fresh,fresh_div2k_0864,test,0.1,0.1001129150390625,0.05,2028,8b5ae23ef173988fd977fdd7bd66c38d5fcd42ee461b82da2edc0c7d66261447,admm,4,26.345208199920545,0.7502982958693802
fresh_div2k_0864,DIV2K_fresh,fresh_div2k_0864,test,0.1,0.1001129150390625,0.05,2028,8b5ae23ef173988fd977fdd7bd66c38d5fcd42ee461b82da2edc0c7d66261447,admm,5,26.277642593299355,0.749830625219956
fresh_div2k_0864,DIV2K_fresh,fresh_div2k_0864,test,0.1,0.1001129150390625,0.05,2028,8b5ae23ef173988fd977fdd7bd66c38d5fcd42ee461b82da2edc0c7d66261447,admm,6,26.50801040613132,0.7546650419566036
fresh_div2k_0868,DIV2K_fresh,fresh_div2k_0868,test,0.01,0.01031494140625,0.0,2026,7f3e7fde1799091f2c71c2f23aaf2240b1eb455598e3108f2b02064439517d53,hqs,1,21.390867903676213,0.6063395777096325
fresh_div2k_0868,DIV2K_fresh,fresh_div2k_0868,test,0.01,0.01031494140625,0.0,2026,7f3e7fde1799091f2c71c2f23aaf2240b1eb455598e3108f2b02064439517d53,hqs,2,21.955383995536863,0.7279057655028502
fresh_div2k_0868,DIV2K_fresh,fresh_div2k_0868,test,0.01,0.01031494140625,0.0,2026,7f3e7fde1799091f2c71c2f23aaf2240b1eb455598e3108f2b02064439517d53,hqs,3,22.404328962335953,0.782104072316197
fresh_div2k_0868,DIV2K_fresh,fresh_div2k_0868,test,0.01,0.01031494140625,0.0,2026,7f3e7fde1799091f2c71c2f23aaf2240b1eb455598e3108f2b02064439517d53,hqs,4,22.710324002275115,0.8022791500200068
fresh_div2k_0868,DIV2K_fresh,fresh_div2k_0868,test,0.01,0.01031494140625,0.0,2026,7f3e7fde1799091f2c71c2f23aaf2240b1eb455598e3108f2b02064439517d53,hqs,5,22.91667960910306,0.8134383476402324
fresh_div2k_0868,DIV2K_fresh,fresh_div2k_0868,test,0.01,0.01031494140625,0.0,2026,7f3e7fde1799091f2c71c2f23aaf2240b1eb455598e3108f2b02064439517d53,hqs,6,23.037998829148236,0.824947335963853
fresh_div2k_0868,DIV2K_fresh,fresh_div2k_0868,test,0.01,0.01031494140625,0.0,2026,7f3e7fde1799091f2c71c2f23aaf2240b1eb455598e3108f2b02064439517d53,admm,1,21.437525695650525,0.6179436996121319
fresh_div2k_0868,DIV2K_fresh,fresh_div2k_0868,test,0.01,0.01031494140625,0.0,2026,7f3e7fde1799091f2c71c2f23aaf2240b1eb455598e3108f2b02064439517d53,admm,2,22.155021779816508,0.7542582039665049
fresh_div2k_0868,DIV2K_fresh,fresh_div2k_0868,test,0.01,0.01031494140625,0.0,2026,7f3e7fde1799091f2c71c2f23aaf2240b1eb455598e3108f2b02064439517d53,admm,3,22.542012724253865,0.7927536711243629
fresh_div2k_0868,DIV2K_fresh,fresh_div2k_0868,test,0.01,0.01031494140625,0.0,2026,7f3e7fde1799091f2c71c2f23aaf2240b1eb455598e3108f2b02064439517d53,admm,4,22.72110135637686,0.8021395984974953
fresh_div2k_0868,DIV2K_fresh,fresh_div2k_0868,test,0.01,0.01031494140625,0.0,2026,7f3e7fde1799091f2c71c2f23aaf2240b1eb455598e3108f2b02064439517d53,admm,5,22.833073361588887,0.807132289440506
fresh_div2k_0868,DIV2K_fresh,fresh_div2k_0868,test,0.01,0.01031494140625,0.0,2026,7f3e7fde1799091f2c71c2f23aaf2240b1eb455598e3108f2b02064439517d53,admm,6,22.971639253232716,0.8200231689341576
fresh_div2k_0868,DIV2K_fresh,fresh_div2k_0868,test,0.04,0.041259765625,0.0,2026,b017e7762a3bae91171accf9e524cb9a6470af9c609feb098d2395cd3a470b7d,hqs,1,23.8436143337282,0.6833859236000235
fresh_div2k_0868,DIV2K_fresh,fresh_div2k_0868,test,0.04,0.041259765625,0.0,2026,b017e7762a3bae91171accf9e524cb9a6470af9c609feb098d2395cd3a470b7d,hqs,2,25.006353571387933,0.8189882003091331
fresh_div2k_0868,DIV2K_fresh,fresh_div2k_0868,test,0.04,0.041259765625,0.0,2026,b017e7762a3bae91171accf9e524cb9a6470af9c609feb098d2395cd3a470b7d,hqs,3,25.900633674924745,0.8813203391718264
fresh_div2k_0868,DIV2K_fresh,fresh_div2k_0868,test,0.04,0.041259765625,0.0,2026,b017e7762a3bae91171accf9e524cb9a6470af9c609feb098d2395cd3a470b7d,hqs,4,26.52720950660967,0.9051081975738797
fresh_div2k_0868,DIV2K_fresh,fresh_div2k_0868,test,0.04,0.041259765625,0.0,2026,b017e7762a3bae91171accf9e524cb9a6470af9c609feb098d2395cd3a470b7d,hqs,5,26.93145940103564,0.9162083160160631
fresh_div2k_0868,DIV2K_fresh,fresh_div2k_0868,test,0.04,0.041259765625,0.0,2026,b017e7762a3bae91171accf9e524cb9a6470af9c609feb098d2395cd3a470b7d,hqs,6,27.25694369747536,0.9277061701641679
fresh_div2k_0868,DIV2K_fresh,fresh_div2k_0868,test,0.04,0.041259765625,0.0,2026,b017e7762a3bae91171accf9e524cb9a6470af9c609feb098d2395cd3a470b7d,admm,1,23.76095235416837,0.6715539065443561
fresh_div2k_0868,DIV2K_fresh,fresh_div2k_0868,test,0.04,0.041259765625,0.0,2026,b017e7762a3bae91171accf9e524cb9a6470af9c609feb098d2395cd3a470b7d,admm,2,25.18684975734718,0.8273202318532038
fresh_div2k_0868,DIV2K_fresh,fresh_div2k_0868,test,0.04,0.041259765625,0.0,2026,b017e7762a3bae91171accf9e524cb9a6470af9c609feb098d2395cd3a470b7d,admm,3,26.03192601279581,0.8824803932795339
fresh_div2k_0868,DIV2K_fresh,fresh_div2k_0868,test,0.04,0.041259765625,0.0,2026,b017e7762a3bae91171accf9e524cb9a6470af9c609feb098d2395cd3a470b7d,admm,4,26.55312631370216,0.9012330955652736
fresh_div2k_0868,DIV2K_fresh,fresh_div2k_0868,test,0.04,0.041259765625,0.0,2026,b017e7762a3bae91171accf9e524cb9a6470af9c609feb098d2395cd3a470b7d,admm,5,26.95150879470799,0.9132993500433471
fresh_div2k_0868,DIV2K_fresh,fresh_div2k_0868,test,0.04,0.041259765625,0.0,2026,b017e7762a3bae91171accf9e524cb9a6470af9c609feb098d2395cd3a470b7d,admm,6,27.281298282351955,0.9271603615864515
fresh_div2k_0868,DIV2K_fresh,fresh_div2k_0868,test,0.1,0.1001129150390625,0.0,2026,b0550b1d9cd7abc91f9080d300eb4741ec8f1a0d116beda67f55f9d6470a5f88,hqs,1,25.91341728884528,0.7516033679230809
fresh_div2k_0868,DIV2K_fresh,fresh_div2k_0868,test,0.1,0.1001129150390625,0.0,2026,b0550b1d9cd7abc91f9080d300eb4741ec8f1a0d116beda67f55f9d6470a5f88,hqs,2,27.7252715745191,0.8816032780179978
fresh_div2k_0868,DIV2K_fresh,fresh_div2k_0868,test,0.1,0.1001129150390625,0.0,2026,b0550b1d9cd7abc91f9080d300eb4741ec8f1a0d116beda67f55f9d6470a5f88,hqs,3,29.19422287950695,0.9396891888346672
fresh_div2k_0868,DIV2K_fresh,fresh_div2k_0868,test,0.1,0.1001129150390625,0.0,2026,b0550b1d9cd7abc91f9080d300eb4741ec8f1a0d116beda67f55f9d6470a5f88,hqs,4,30.29584780051859,0.9578282161412239
fresh_div2k_0868,DIV2K_fresh,fresh_div2k_0868,test,0.1,0.1001129150390625,0.0,2026,b0550b1d9cd7abc91f9080d300eb4741ec8f1a0d116beda67f55f9d6470a5f88,hqs,5,31.045661231513595,0.9653551302073002
fresh_div2k_0868,DIV2K_fresh,fresh_div2k_0868,test,0.1,0.1001129150390625,0.0,2026,b0550b1d9cd7abc91f9080d300eb4741ec8f1a0d116beda67f55f9d6470a5f88,hqs,6,31.821626193537274,0.9745089227576256
fresh_div2k_0868,DIV2K_fresh,fresh_div2k_0868,test,0.1,0.1001129150390625,0.0,2026,b0550b1d9cd7abc91f9080d300eb4741ec8f1a0d116beda67f55f9d6470a5f88,admm,1,25.822739903895226,0.7358894222936779
fresh_div2k_0868,DIV2K_fresh,fresh_div2k_0868,test,0.1,0.1001129150390625,0.0,2026,b0550b1d9cd7abc91f9080d300eb4741ec8f1a0d116beda67f55f9d6470a5f88,admm,2,28.025281071455407,0.8900506234500408
fresh_div2k_0868,DIV2K_fresh,fresh_div2k_0868,test,0.1,0.1001129150390625,0.0,2026,b0550b1d9cd7abc91f9080d300eb4741ec8f1a0d116beda67f55f9d6470a5f88,admm,3,29.485351998692323,0.9400071828842164
fresh_div2k_0868,DIV2K_fresh,fresh_div2k_0868,test,0.1,0.1001129150390625,0.0,2026,b0550b1d9cd7abc91f9080d300eb4741ec8f1a0d116beda67f55f9d6470a5f88,admm,4,30.40705902957589,0.9499217901537418
fresh_div2k_0868,DIV2K_fresh,fresh_div2k_0868,test,0.1,0.1001129150390625,0.0,2026,b0550b1d9cd7abc91f9080d300eb4741ec8f1a0d116beda67f55f9d6470a5f88,admm,5,31.175666977509678,0.9615388057456017
fresh_div2k_0868,DIV2K_fresh,fresh_div2k_0868,test,0.1,0.1001129150390625,0.0,2026,b0550b1d9cd7abc91f9080d300eb4741ec8f1a0d116beda67f55f9d6470a5f88,admm,6,31.94594156749708,0.9751327725589275
fresh_div2k_0868,DIV2K_fresh,fresh_div2k_0868,test,0.25,0.25,0.0,2026,75f683ce1c25eb1f3bbdadd805855e550edc55187cb60b611132c2a4ece2001a,hqs,1,29.235682895981935,0.8394683864116669
fresh_div2k_0868,DIV2K_fresh,fresh_div2k_0868,test,0.25,0.25,0.0,2026,75f683ce1c25eb1f3bbdadd805855e550edc55187cb60b611132c2a4ece2001a,hqs,2,32.086682732855884,0.938660131172657
fresh_div2k_0868,DIV2K_fresh,fresh_div2k_0868,test,0.25,0.25,0.0,2026,75f683ce1c25eb1f3bbdadd805855e550edc55187cb60b611132c2a4ece2001a,hqs,3,34.570913779474026,0.9776323859062195
fresh_div2k_0868,DIV2K_fresh,fresh_div2k_0868,test,0.25,0.25,0.0,2026,75f683ce1c25eb1f3bbdadd805855e550edc55187cb60b611132c2a4ece2001a,hqs,4,36.56833187128417,0.9876887192163467
fresh_div2k_0868,DIV2K_fresh,fresh_div2k_0868,test,0.25,0.25,0.0,2026,75f683ce1c25eb1f3bbdadd805855e550edc55187cb60b611132c2a4ece2001a,hqs,5,38.019338495098424,0.9907712279024125
fresh_div2k_0868,DIV2K_fresh,fresh_div2k_0868,test,0.25,0.25,0.0,2026,75f683ce1c25eb1f3bbdadd805855e550edc55187cb60b611132c2a4ece2001a,hqs,6,39.46987219660905,0.9949478965082169
fresh_div2k_0868,DIV2K_fresh,fresh_div2k_0868,test,0.25,0.25,0.0,2026,75f683ce1c25eb1f3bbdadd805855e550edc55187cb60b611132c2a4ece2001a,admm,1,29.134074285898777,0.8258688164124489
fresh_div2k_0868,DIV2K_fresh,fresh_div2k_0868,test,0.25,0.25,0.0,2026,75f683ce1c25eb1f3bbdadd805855e550edc55187cb60b611132c2a4ece2001a,admm,2,32.74976141492156,0.9475834521503449
fresh_div2k_0868,DIV2K_fresh,fresh_div2k_0868,test,0.25,0.25,0.0,2026,75f683ce1c25eb1f3bbdadd805855e550edc55187cb60b611132c2a4ece2001a,admm,3,35.20324078903386,0.9744039302158356
fresh_div2k_0868,DIV2K_fresh,fresh_div2k_0868,test,0.25,0.25,0.0,2026,75f683ce1c25eb1f3bbdadd805855e550edc55187cb60b611132c2a4ece2001a,admm,4,36.64558286340335,0.9784084228181839
fresh_div2k_0868,DIV2K_fresh,fresh_div2k_0868,test,0.25,0.25,0.0,2026,75f683ce1c25eb1f3bbdadd805855e550edc55187cb60b611132c2a4ece2001a,admm,5,38.052548971033204,0.9871755340480804
fresh_div2k_0868,DIV2K_fresh,fresh_div2k_0868,test,0.25,0.25,0.0,2026,75f683ce1c25eb1f3bbdadd805855e550edc55187cb60b611132c2a4ece2001a,admm,6,39.489410310305196,0.9949091165103913
fresh_div2k_0868,DIV2K_fresh,fresh_div2k_0868,test,0.5,0.4998931884765625,0.0,2026,b329ac2a7df74e9d36b5666ab1c6dfcb56ea13e7996dbfe94ee58347bf8a0fa6,hqs,1,33.25041826115735,0.9072567106027604
fresh_div2k_0868,DIV2K_fresh,fresh_div2k_0868,test,0.5,0.4998931884765625,0.0,2026,b329ac2a7df74e9d36b5666ab1c6dfcb56ea13e7996dbfe94ee58347bf8a0fa6,hqs,2,37.01403304766562,0.9688857671604156
fresh_div2k_0868,DIV2K_fresh,fresh_div2k_0868,test,0.5,0.4998931884765625,0.0,2026,b329ac2a7df74e9d36b5666ab1c6dfcb56ea13e7996dbfe94ee58347bf8a0fa6,hqs,3,40.717823671303925,0.9913844036712647
fresh_div2k_0868,DIV2K_fresh,fresh_div2k_0868,test,0.5,0.4998931884765625,0.0,2026,b329ac2a7df74e9d36b5666ab1c6dfcb56ea13e7996dbfe94ee58347bf8a0fa6,hqs,4,44.020562004673735,0.9966645867176056
fresh_div2k_0868,DIV2K_fresh,fresh_div2k_0868,test,0.5,0.4998931884765625,0.0,2026,b329ac2a7df74e9d36b5666ab1c6dfcb56ea13e7996dbfe94ee58347bf8a0fa6,hqs,5,46.480553320660036,0.9979578098173142
fresh_div2k_0868,DIV2K_fresh,fresh_div2k_0868,test,0.5,0.4998931884765625,0.0,2026,b329ac2a7df74e9d36b5666ab1c6dfcb56ea13e7996dbfe94ee58347bf8a0fa6,hqs,6,48.474478951679544,0.9988458465032578
fresh_div2k_0868,DIV2K_fresh,fresh_div2k_0868,test,0.5,0.4998931884765625,0.0,2026,b329ac2a7df74e9d36b5666ab1c6dfcb56ea13e7996dbfe94ee58347bf8a0fa6,admm,1,33.114666800318,0.8962569825963974
fresh_div2k_0868,DIV2K_fresh,fresh_div2k_0868,test,0.5,0.4998931884765625,0.0,2026,b329ac2a7df74e9d36b5666ab1c6dfcb56ea13e7996dbfe94ee58347bf8a0fa6,admm,2,38.06559111485908,0.9759181820497513
fresh_div2k_0868,DIV2K_fresh,fresh_div2k_0868,test,0.5,0.4998931884765625,0.0,2026,b329ac2a7df74e9d36b5666ab1c6dfcb56ea13e7996dbfe94ee58347bf8a0fa6,admm,3,41.68668380394028,0.987127912366867
fresh_div2k_0868,DIV2K_fresh,fresh_div2k_0868,test,0.5,0.4998931884765625,0.0,2026,b329ac2a7df74e9d36b5666ab1c6dfcb56ea13e7996dbfe94ee58347bf8a0fa6,admm,4,43.30034238323387,0.9885583691568375
fresh_div2k_0868,DIV2K_fresh,fresh_div2k_0868,test,0.5,0.4998931884765625,0.0,2026,b329ac2a7df74e9d36b5666ab1c6dfcb56ea13e7996dbfe94ee58347bf8a0fa6,admm,5,45.661265717017024,0.9948119475383759
fresh_div2k_0868,DIV2K_fresh,fresh_div2k_0868,test,0.5,0.4998931884765625,0.0,2026,b329ac2a7df74e9d36b5666ab1c6dfcb56ea13e7996dbfe94ee58347bf8a0fa6,admm,6,48.53354756822817,0.9988260982275009
fresh_div2k_0868,DIV2K_fresh,fresh_div2k_0868,test,0.1,0.1001129150390625,0.01,2026,b288bb6e8e8f8aa69e6e470f65eea3965d64d5db8580f923507423c6c9723fa1,hqs,1,25.856196513203216,0.7440292221114486
fresh_div2k_0868,DIV2K_fresh,fresh_div2k_0868,test,0.1,0.1001129150390625,0.01,2026,b288bb6e8e8f8aa69e6e470f65eea3965d64d5db8580f923507423c6c9723fa1,hqs,2,27.649284493290676,0.8755883506753445
fresh_div2k_0868,DIV2K_fresh,fresh_div2k_0868,test,0.1,0.1001129150390625,0.01,2026,b288bb6e8e8f8aa69e6e470f65eea3965d64d5db8580f923507423c6c9723fa1,hqs,3,28.90798417000545,0.9327390180399417
fresh_div2k_0868,DIV2K_fresh,fresh_div2k_0868,test,0.1,0.1001129150390625,0.01,2026,b288bb6e8e8f8aa69e6e470f65eea3965d64d5db8580f923507423c6c9723fa1,hqs,4,29.60159092436396,0.9505710994873047
fresh_div2k_0868,DIV2K_fresh,fresh_div2k_0868,test,0.1,0.1001129150390625,0.01,2026,b288bb6e8e8f8aa69e6e470f65eea3965d64d5db8580f923507423c6c9723fa1,hqs,5,29.986504797195796,0.9553281818106174
fresh_div2k_0868,DIV2K_fresh,fresh_div2k_0868,test,0.1,0.1001129150390625,0.01,2026,b288bb6e8e8f8aa69e6e470f65eea3965d64d5db8580f923507423c6c9723fa1,hqs,6,30.148452411370783,0.9425078214359284
fresh_div2k_0868,DIV2K_fresh,fresh_div2k_0868,test,0.1,0.1001129150390625,0.01,2026,b288bb6e8e8f8aa69e6e470f65eea3965d64d5db8580f923507423c6c9723fa1,admm,1,25.769860774502654,0.7297059808949828
fresh_div2k_0868,DIV2K_fresh,fresh_div2k_0868,test,0.1,0.1001129150390625,0.01,2026,b288bb6e8e8f8aa69e6e470f65eea3965d64d5db8580f923507423c6c9723fa1,admm,2,27.90111795510711,0.8773930787811279
fresh_div2k_0868,DIV2K_fresh,fresh_div2k_0868,test,0.1,0.1001129150390625,0.01,2026,b288bb6e8e8f8aa69e6e470f65eea3965d64d5db8580f923507423c6c9723fa1,admm,3,29.07110644337169,0.9192194760484695
fresh_div2k_0868,DIV2K_fresh,fresh_div2k_0868,test,0.1,0.1001129150390625,0.01,2026,b288bb6e8e8f8aa69e6e470f65eea3965d64d5db8580f923507423c6c9723fa1,admm,4,29.52613711844304,0.9176139599571228
fresh_div2k_0868,DIV2K_fresh,fresh_div2k_0868,test,0.1,0.1001129150390625,0.01,2026,b288bb6e8e8f8aa69e6e470f65eea3965d64d5db8580f923507423c6c9723fa1,admm,5,29.826981680467366,0.9198985162191391
fresh_div2k_0868,DIV2K_fresh,fresh_div2k_0868,test,0.1,0.1001129150390625,0.01,2026,b288bb6e8e8f8aa69e6e470f65eea3965d64d5db8580f923507423c6c9723fa1,admm,6,30.18598817337547,0.9492602120020389
fresh_div2k_0868,DIV2K_fresh,fresh_div2k_0868,test,0.1,0.1001129150390625,0.01,2027,f2b19f9b74dfb4ebf6bd856f7c06d623a414d2d28b1fbaafa6f5e49e3e7000de,hqs,1,25.85526940139847,0.7434013445985108
fresh_div2k_0868,DIV2K_fresh,fresh_div2k_0868,test,0.1,0.1001129150390625,0.01,2027,f2b19f9b74dfb4ebf6bd856f7c06d623a414d2d28b1fbaafa6f5e49e3e7000de,hqs,2,27.649734214150072,0.8759515391994714
fresh_div2k_0868,DIV2K_fresh,fresh_div2k_0868,test,0.1,0.1001129150390625,0.01,2027,f2b19f9b74dfb4ebf6bd856f7c06d623a414d2d28b1fbaafa6f5e49e3e7000de,hqs,3,28.90179230156746,0.9338095030112267
fresh_div2k_0868,DIV2K_fresh,fresh_div2k_0868,test,0.1,0.1001129150390625,0.01,2027,f2b19f9b74dfb4ebf6bd856f7c06d623a414d2d28b1fbaafa6f5e49e3e7000de,hqs,4,29.583859915374624,0.9518041427390576
fresh_div2k_0868,DIV2K_fresh,fresh_div2k_0868,test,0.1,0.1001129150390625,0.01,2027,f2b19f9b74dfb4ebf6bd856f7c06d623a414d2d28b1fbaafa6f5e49e3e7000de,hqs,5,29.945354518252223,0.9562031678373814
fresh_div2k_0868,DIV2K_fresh,fresh_div2k_0868,test,0.1,0.1001129150390625,0.01,2027,f2b19f9b74dfb4ebf6bd856f7c06d623a414d2d28b1fbaafa6f5e49e3e7000de,hqs,6,30.108313178545508,0.9435721967816353
fresh_div2k_0868,DIV2K_fresh,fresh_div2k_0868,test,0.1,0.1001129150390625,0.01,2027,f2b19f9b74dfb4ebf6bd856f7c06d623a414d2d28b1fbaafa6f5e49e3e7000de,admm,1,25.768263040045113,0.728899320791617
fresh_div2k_0868,DIV2K_fresh,fresh_div2k_0868,test,0.1,0.1001129150390625,0.01,2027,f2b19f9b74dfb4ebf6bd856f7c06d623a414d2d28b1fbaafa6f5e49e3e7000de,admm,2,27.89289554127194,0.8775888563814164
fresh_div2k_0868,DIV2K_fresh,fresh_div2k_0868,test,0.1,0.1001129150390625,0.01,2027,f2b19f9b74dfb4ebf6bd856f7c06d623a414d2d28b1fbaafa6f5e49e3e7000de,admm,3,29.058399998693368,0.920173915528059
fresh_div2k_0868,DIV2K_fresh,fresh_div2k_0868,test,0.1,0.1001129150390625,0.01,2027,f2b19f9b74dfb4ebf6bd856f7c06d623a414d2d28b1fbaafa6f5e49e3e7000de,admm,4,29.49216563006944,0.9188542807712555
fresh_div2k_0868,DIV2K_fresh,fresh_div2k_0868,test,0.1,0.1001129150390625,0.01,2027,f2b19f9b74dfb4ebf6bd856f7c06d623a414d2d28b1fbaafa6f5e49e3e7000de,admm,5,29.768813512134912,0.9208254575555325
fresh_div2k_0868,DIV2K_fresh,fresh_div2k_0868,test,0.1,0.1001129150390625,0.01,2027,f2b19f9b74dfb4ebf6bd856f7c06d623a414d2d28b1fbaafa6f5e49e3e7000de,admm,6,30.130938011369665,0.9502150771110058
fresh_div2k_0868,DIV2K_fresh,fresh_div2k_0868,test,0.1,0.1001129150390625,0.01,2028,ec6fc3b5e43931b4b70f0d293ebd6fa55a0a62fd702bc3ffcdb1ddc875748e37,hqs,1,25.86254301579563,0.7440033598324284
fresh_div2k_0868,DIV2K_fresh,fresh_div2k_0868,test,0.1,0.1001129150390625,0.01,2028,ec6fc3b5e43931b4b70f0d293ebd6fa55a0a62fd702bc3ffcdb1ddc875748e37,hqs,2,27.654825888507546,0.8764487270480394
fresh_div2k_0868,DIV2K_fresh,fresh_div2k_0868,test,0.1,0.1001129150390625,0.01,2028,ec6fc3b5e43931b4b70f0d293ebd6fa55a0a62fd702bc3ffcdb1ddc875748e37,hqs,3,28.931127012272263,0.9346094337972403
fresh_div2k_0868,DIV2K_fresh,fresh_div2k_0868,test,0.1,0.1001129150390625,0.01,2028,ec6fc3b5e43931b4b70f0d293ebd6fa55a0a62fd702bc3ffcdb1ddc875748e37,hqs,4,29.64582822909849,0.9522381676908731
fresh_div2k_0868,DIV2K_fresh,fresh_div2k_0868,test,0.1,0.1001129150390625,0.01,2028,ec6fc3b5e43931b4b70f0d293ebd6fa55a0a62fd702bc3ffcdb1ddc875748e37,hqs,5,30.03528704043678,0.9573277324160337
fresh_div2k_0868,DIV2K_fresh,fresh_div2k_0868,test,0.1,0.1001129150390625,0.01,2028,ec6fc3b5e43931b4b70f0d293ebd6fa55a0a62fd702bc3ffcdb1ddc875748e37,hqs,6,30.200807990804563,0.945986932072401
fresh_div2k_0868,DIV2K_fresh,fresh_div2k_0868,test,0.1,0.1001129150390625,0.01,2028,ec6fc3b5e43931b4b70f0d293ebd6fa55a0a62fd702bc3ffcdb1ddc875748e37,admm,1,25.77478879764989,0.7299116378131397
fresh_div2k_0868,DIV2K_fresh,fresh_div2k_0868,test,0.1,0.1001129150390625,0.01,2028,ec6fc3b5e43931b4b70f0d293ebd6fa55a0a62fd702bc3ffcdb1ddc875748e37,admm,2,27.911196772758075,0.8782220709080696
fresh_div2k_0868,DIV2K_fresh,fresh_div2k_0868,test,0.1,0.1001129150390625,0.01,2028,ec6fc3b5e43931b4b70f0d293ebd6fa55a0a62fd702bc3ffcdb1ddc875748e37,admm,3,29.09733502289032,0.9205346242576837
fresh_div2k_0868,DIV2K_fresh,fresh_div2k_0868,test,0.1,0.1001129150390625,0.01,2028,ec6fc3b5e43931b4b70f0d293ebd6fa55a0a62fd702bc3ffcdb1ddc875748e37,admm,4,29.563403367184847,0.9200255673408508
fresh_div2k_0868,DIV2K_fresh,fresh_div2k_0868,test,0.1,0.1001129150390625,0.01,2028,ec6fc3b5e43931b4b70f0d293ebd6fa55a0a62fd702bc3ffcdb1ddc875748e37,admm,5,29.856144457899877,0.9227091468883752
fresh_div2k_0868,DIV2K_fresh,fresh_div2k_0868,test,0.1,0.1001129150390625,0.01,2028,ec6fc3b5e43931b4b70f0d293ebd6fa55a0a62fd702bc3ffcdb1ddc875748e37,admm,6,30.21565628355023,0.9514245980671644
fresh_div2k_0868,DIV2K_fresh,fresh_div2k_0868,test,0.1,0.1001129150390625,0.05,2026,39981528f1d6f5e7fc62b7ae1c0ad8cf7d2761b1955a9faab40c02c3919973be,hqs,1,24.296198977860975,0.5424901497879289
fresh_div2k_0868,DIV2K_fresh,fresh_div2k_0868,test,0.1,0.1001129150390625,0.05,2026,39981528f1d6f5e7fc62b7ae1c0ad8cf7d2761b1955a9faab40c02c3919973be,hqs,2,24.884240997957633,0.5850860142300129
fresh_div2k_0868,DIV2K_fresh,fresh_div2k_0868,test,0.1,0.1001129150390625,0.05,2026,39981528f1d6f5e7fc62b7ae1c0ad8cf7d2761b1955a9faab40c02c3919973be,hqs,3,24.588021580417596,0.534010073588103
fresh_div2k_0868,DIV2K_fresh,fresh_div2k_0868,test,0.1,0.1001129150390625,0.05,2026,39981528f1d6f5e7fc62b7ae1c0ad8cf7d2761b1955a9faab40c02c3919973be,hqs,4,24.786111447427473,0.5586116867445484
fresh_div2k_0868,DIV2K_fresh,fresh_div2k_0868,test,0.1,0.1001129150390625,0.05,2026,39981528f1d6f5e7fc62b7ae1c0ad8cf7d2761b1955a9faab40c02c3919973be,hqs,5,24.751735772461288,0.5549049647083432
fresh_div2k_0868,DIV2K_fresh,fresh_div2k_0868,test,0.1,0.1001129150390625,0.05,2026,39981528f1d6f5e7fc62b7ae1c0ad8cf7d2761b1955a9faab40c02c3919973be,hqs,6,24.416567492905543,0.5201421580951289
fresh_div2k_0868,DIV2K_fresh,fresh_div2k_0868,test,0.1,0.1001129150390625,0.05,2026,39981528f1d6f5e7fc62b7ae1c0ad8cf7d2761b1955a9faab40c02c3919973be,admm,1,24.49113953350146,0.5757565184194269
fresh_div2k_0868,DIV2K_fresh,fresh_div2k_0868,test,0.1,0.1001129150390625,0.05,2026,39981528f1d6f5e7fc62b7ae1c0ad8cf7d2761b1955a9faab40c02c3919973be,admm,2,24.566742650253886,0.5352197231979463
fresh_div2k_0868,DIV2K_fresh,fresh_div2k_0868,test,0.1,0.1001129150390625,0.05,2026,39981528f1d6f5e7fc62b7ae1c0ad8cf7d2761b1955a9faab40c02c3919973be,admm,3,24.071039481639083,0.4888174327893183
fresh_div2k_0868,DIV2K_fresh,fresh_div2k_0868,test,0.1,0.1001129150390625,0.05,2026,39981528f1d6f5e7fc62b7ae1c0ad8cf7d2761b1955a9faab40c02c3919973be,admm,4,24.20924472642957,0.5104372428450016
fresh_div2k_0868,DIV2K_fresh,fresh_div2k_0868,test,0.1,0.1001129150390625,0.05,2026,39981528f1d6f5e7fc62b7ae1c0ad8cf7d2761b1955a9faab40c02c3919973be,admm,5,24.022151306249093,0.4889342795228269
fresh_div2k_0868,DIV2K_fresh,fresh_div2k_0868,test,0.1,0.1001129150390625,0.05,2026,39981528f1d6f5e7fc62b7ae1c0ad8cf7d2761b1955a9faab40c02c3919973be,admm,6,24.51380439107219,0.5366404287040234
fresh_div2k_0868,DIV2K_fresh,fresh_div2k_0868,test,0.1,0.1001129150390625,0.05,2027,720b58c5ae6986312a5cca2ffceed90e4e5a96930c2864397c59d2307516e1a2,hqs,1,24.324048459291447,0.5422077355312696
fresh_div2k_0868,DIV2K_fresh,fresh_div2k_0868,test,0.1,0.1001129150390625,0.05,2027,720b58c5ae6986312a5cca2ffceed90e4e5a96930c2864397c59d2307516e1a2,hqs,2,24.779930592193644,0.5725150269969552
fresh_div2k_0868,DIV2K_fresh,fresh_div2k_0868,test,0.1,0.1001129150390625,0.05,2027,720b58c5ae6986312a5cca2ffceed90e4e5a96930c2864397c59d2307516e1a2,hqs,3,24.591841264498836,0.540484068074204
fresh_div2k_0868,DIV2K_fresh,fresh_div2k_0868,test,0.1,0.1001129150390625,0.05,2027,720b58c5ae6986312a5cca2ffceed90e4e5a96930c2864397c59d2307516e1a2,hqs,4,24.773457620591792,0.5642134318904802
fresh_div2k_0868,DIV2K_fresh,fresh_div2k_0868,test,0.1,0.1001129150390625,0.05,2027,720b58c5ae6986312a5cca2ffceed90e4e5a96930c2864397c59d2307516e1a2,hqs,5,24.741140712160664,0.5604539786153361
fresh_div2k_0868,DIV2K_fresh,fresh_div2k_0868,test,0.1,0.1001129150390625,0.05,2027,720b58c5ae6986312a5cca2ffceed90e4e5a96930c2864397c59d2307516e1a2,hqs,6,24.451064940053534,0.529038484635599
fresh_div2k_0868,DIV2K_fresh,fresh_div2k_0868,test,0.1,0.1001129150390625,0.05,2027,720b58c5ae6986312a5cca2ffceed90e4e5a96930c2864397c59d2307516e1a2,admm,1,24.497439949570435,0.5740821113637481
fresh_div2k_0868,DIV2K_fresh,fresh_div2k_0868,test,0.1,0.1001129150390625,0.05,2027,720b58c5ae6986312a5cca2ffceed90e4e5a96930c2864397c59d2307516e1a2,admm,2,24.50061082167231,0.5290896781185139
fresh_div2k_0868,DIV2K_fresh,fresh_div2k_0868,test,0.1,0.1001129150390625,0.05,2027,720b58c5ae6986312a5cca2ffceed90e4e5a96930c2864397c59d2307516e1a2,admm,3,24.15603604168293,0.5013743193128836
fresh_div2k_0868,DIV2K_fresh,fresh_div2k_0868,test,0.1,0.1001129150390625,0.05,2027,720b58c5ae6986312a5cca2ffceed90e4e5a96930c2864397c59d2307516e1a2,admm,4,24.253423860314843,0.5193661334211984
fresh_div2k_0868,DIV2K_fresh,fresh_div2k_0868,test,0.1,0.1001129150390625,0.05,2027,720b58c5ae6986312a5cca2ffceed90e4e5a96930c2864397c59d2307516e1a2,admm,5,24.112861647786406,0.5002887169617694
fresh_div2k_0868,DIV2K_fresh,fresh_div2k_0868,test,0.1,0.1001129150390625,0.05,2027,720b58c5ae6986312a5cca2ffceed90e4e5a96930c2864397c59d2307516e1a2,admm,6,24.564647151849684,0.5421533438188377
fresh_div2k_0868,DIV2K_fresh,fresh_div2k_0868,test,0.1,0.1001129150390625,0.05,2028,6f106d6f3707c37330d8d6ff6b66d1b23623d6db733a27fa8db1c0b1df54a603,hqs,1,24.361377744218142,0.5502264904775781
fresh_div2k_0868,DIV2K_fresh,fresh_div2k_0868,test,0.1,0.1001129150390625,0.05,2028,6f106d6f3707c37330d8d6ff6b66d1b23623d6db733a27fa8db1c0b1df54a603,hqs,2,24.872699733747105,0.5860994222664162
fresh_div2k_0868,DIV2K_fresh,fresh_div2k_0868,test,0.1,0.1001129150390625,0.05,2028,6f106d6f3707c37330d8d6ff6b66d1b23623d6db733a27fa8db1c0b1df54a603,hqs,3,24.68122578571394,0.5516553172866604
fresh_div2k_0868,DIV2K_fresh,fresh_div2k_0868,test,0.1,0.1001129150390625,0.05,2028,6f106d6f3707c37330d8d6ff6b66d1b23623d6db733a27fa8db1c0b1df54a603,hqs,4,24.86208638736062,0.5744127377422191
fresh_div2k_0868,DIV2K_fresh,fresh_div2k_0868,test,0.1,0.1001129150390625,0.05,2028,6f106d6f3707c37330d8d6ff6b66d1b23623d6db733a27fa8db1c0b1df54a603,hqs,5,24.85845786104194,0.57371162310379
fresh_div2k_0868,DIV2K_fresh,fresh_div2k_0868,test,0.1,0.1001129150390625,0.05,2028,6f106d6f3707c37330d8d6ff6b66d1b23623d6db733a27fa8db1c0b1df54a603,hqs,6,24.53205909097351,0.53631621434623
fresh_div2k_0868,DIV2K_fresh,fresh_div2k_0868,test,0.1,0.1001129150390625,0.05,2028,6f106d6f3707c37330d8d6ff6b66d1b23623d6db733a27fa8db1c0b1df54a603,admm,1,24.512070707260452,0.576213864659965
fresh_div2k_0868,DIV2K_fresh,fresh_div2k_0868,test,0.1,0.1001129150390625,0.05,2028,6f106d6f3707c37330d8d6ff6b66d1b23623d6db733a27fa8db1c0b1df54a603,admm,2,24.586237741295847,0.5436746541395969
fresh_div2k_0868,DIV2K_fresh,fresh_div2k_0868,test,0.1,0.1001129150390625,0.05,2028,6f106d6f3707c37330d8d6ff6b66d1b23623d6db733a27fa8db1c0b1df54a603,admm,3,24.201809170516388,0.5099987515166169
fresh_div2k_0868,DIV2K_fresh,fresh_div2k_0868,test,0.1,0.1001129150390625,0.05,2028,6f106d6f3707c37330d8d6ff6b66d1b23623d6db733a27fa8db1c0b1df54a603,admm,4,24.302163900409735,0.5276473434763774
fresh_div2k_0868,DIV2K_fresh,fresh_div2k_0868,test,0.1,0.1001129150390625,0.05,2028,6f106d6f3707c37330d8d6ff6b66d1b23623d6db733a27fa8db1c0b1df54a603,admm,5,24.13065733254775,0.5038004635578096
fresh_div2k_0868,DIV2K_fresh,fresh_div2k_0868,test,0.1,0.1001129150390625,0.05,2028,6f106d6f3707c37330d8d6ff6b66d1b23623d6db733a27fa8db1c0b1df54a603,admm,6,24.619755570617436,0.5482802814362123
fresh_div2k_0870,DIV2K_fresh,fresh_div2k_0870,test,0.01,0.01031494140625,0.0,2026,74fe2c45c74b1ea2fca580b39aa976298bc35e985641d2dba658d594e3a1e56d,hqs,1,18.968357818397678,0.22933616173000942
fresh_div2k_0870,DIV2K_fresh,fresh_div2k_0870,test,0.01,0.01031494140625,0.0,2026,74fe2c45c74b1ea2fca580b39aa976298bc35e985641d2dba658d594e3a1e56d,hqs,2,19.072230231208597,0.2288699628317226
fresh_div2k_0870,DIV2K_fresh,fresh_div2k_0870,test,0.01,0.01031494140625,0.0,2026,74fe2c45c74b1ea2fca580b39aa976298bc35e985641d2dba658d594e3a1e56d,hqs,3,19.1441447849612,0.23796787236594033
fresh_div2k_0870,DIV2K_fresh,fresh_div2k_0870,test,0.01,0.01031494140625,0.0,2026,74fe2c45c74b1ea2fca580b39aa976298bc35e985641d2dba658d594e3a1e56d,hqs,4,19.15856708368803,0.24379961704618774
fresh_div2k_0870,DIV2K_fresh,fresh_div2k_0870,test,0.01,0.01031494140625,0.0,2026,74fe2c45c74b1ea2fca580b39aa976298bc35e985641d2dba658d594e3a1e56d,hqs,5,19.15004144126381,0.2412533070296584
fresh_div2k_0870,DIV2K_fresh,fresh_div2k_0870,test,0.01,0.01031494140625,0.0,2026,74fe2c45c74b1ea2fca580b39aa976298bc35e985641d2dba658d594e3a1e56d,hqs,6,19.14257502580214,0.24304737242921853
fresh_div2k_0870,DIV2K_fresh,fresh_div2k_0870,test,0.01,0.01031494140625,0.0,2026,74fe2c45c74b1ea2fca580b39aa976298bc35e985641d2dba658d594e3a1e56d,admm,1,18.966811120798805,0.22549092428699416
fresh_div2k_0870,DIV2K_fresh,fresh_div2k_0870,test,0.01,0.01031494140625,0.0,2026,74fe2c45c74b1ea2fca580b39aa976298bc35e985641d2dba658d594e3a1e56d,admm,2,19.09852700824799,0.23052347056153807
fresh_div2k_0870,DIV2K_fresh,fresh_div2k_0870,test,0.01,0.01031494140625,0.0,2026,74fe2c45c74b1ea2fca580b39aa976298bc35e985641d2dba658d594e3a1e56d,admm,3,19.14020928352951,0.2425199147661234
fresh_div2k_0870,DIV2K_fresh,fresh_div2k_0870,test,0.01,0.01031494140625,0.0,2026,74fe2c45c74b1ea2fca580b39aa976298bc35e985641d2dba658d594e3a1e56d,admm,4,19.12242424421109,0.24689163009134524
fresh_div2k_0870,DIV2K_fresh,fresh_div2k_0870,test,0.01,0.01031494140625,0.0,2026,74fe2c45c74b1ea2fca580b39aa976298bc35e985641d2dba658d594e3a1e56d,admm,5,19.11939268479085,0.24425830503885856
fresh_div2k_0870,DIV2K_fresh,fresh_div2k_0870,test,0.01,0.01031494140625,0.0,2026,74fe2c45c74b1ea2fca580b39aa976298bc35e985641d2dba658d594e3a1e56d,admm,6,19.11641922698142,0.2390070248150864
fresh_div2k_0870,DIV2K_fresh,fresh_div2k_0870,test,0.04,0.041259765625,0.0,2026,a1426a27a05148e4a127aa66fde231b2cf37d0f0f5d5175ed14acd41bc6a1b47,hqs,1,20.609653630523177,0.4242433961292048
fresh_div2k_0870,DIV2K_fresh,fresh_div2k_0870,test,0.04,0.041259765625,0.0,2026,a1426a27a05148e4a127aa66fde231b2cf37d0f0f5d5175ed14acd41bc6a1b47,hqs,2,20.83045987532796,0.4390423110113867
fresh_div2k_0870,DIV2K_fresh,fresh_div2k_0870,test,0.04,0.041259765625,0.0,2026,a1426a27a05148e4a127aa66fde231b2cf37d0f0f5d5175ed14acd41bc6a1b47,hqs,3,20.949795509687167,0.4548175976254867
fresh_div2k_0870,DIV2K_fresh,fresh_div2k_0870,test,0.04,0.041259765625,0.0,2026,a1426a27a05148e4a127aa66fde231b2cf37d0f0f5d5175ed14acd41bc6a1b47,hqs,4,20.99159010211155,0.4628525888930332
fresh_div2k_0870,DIV2K_fresh,fresh_div2k_0870,test,0.04,0.041259765625,0.0,2026,a1426a27a05148e4a127aa66fde231b2cf37d0f0f5d5175ed14acd41bc6a1b47,hqs,5,21.00245151298565,0.4618513065841591
fresh_div2k_0870,DIV2K_fresh,fresh_div2k_0870,test,0.04,0.041259765625,0.0,2026,a1426a27a05148e4a127aa66fde231b2cf37d0f0f5d5175ed14acd41bc6a1b47,hqs,6,21.01251135044031,0.46814242947672474
fresh_div2k_0870,DIV2K_fresh,fresh_div2k_0870,test,0.04,0.041259765625,0.0,2026,a1426a27a05148e4a127aa66fde231b2cf37d0f0f5d5175ed14acd41bc6a1b47,admm,1,20.586115518183774,0.4197715745579628
fresh_div2k_0870,DIV2K_fresh,fresh_div2k_0870,test,0.04,0.041259765625,0.0,2026,a1426a27a05148e4a127aa66fde231b2cf37d0f0f5d5175ed14acd41bc6a1b47,admm,2,20.88699688697521,0.44528431860156287
fresh_div2k_0870,DIV2K_fresh,fresh_div2k_0870,test,0.04,0.041259765625,0.0,2026,a1426a27a05148e4a127aa66fde231b2cf37d0f0f5d5175ed14acd41bc6a1b47,admm,3,20.960687109729758,0.46462265857245205
fresh_div2k_0870,DIV2K_fresh,fresh_div2k_0870,test,0.04,0.041259765625,0.0,2026,a1426a27a05148e4a127aa66fde231b2cf37d0f0f5d5175ed14acd41bc6a1b47,admm,4,20.962722033174717,0.46929108339690234
fresh_div2k_0870,DIV2K_fresh,fresh_div2k_0870,test,0.04,0.041259765625,0.0,2026,a1426a27a05148e4a127aa66fde231b2cf37d0f0f5d5175ed14acd41bc6a1b47,admm,5,20.98120386210755,0.4677425872041543
fresh_div2k_0870,DIV2K_fresh,fresh_div2k_0870,test,0.04,0.041259765625,0.0,2026,a1426a27a05148e4a127aa66fde231b2cf37d0f0f5d5175ed14acd41bc6a1b47,admm,6,20.998654075220628,0.4632782310423178
fresh_div2k_0870,DIV2K_fresh,fresh_div2k_0870,test,0.1,0.1001129150390625,0.0,2026,10690968bcf54104f86298faca4987e73c76008ec48e8408c6f68af6572e384a,hqs,1,22.339106910643704,0.6116946621946143
fresh_div2k_0870,DIV2K_fresh,fresh_div2k_0870,test,0.1,0.1001129150390625,0.0,2026,10690968bcf54104f86298faca4987e73c76008ec48e8408c6f68af6572e384a,hqs,2,22.81273283203405,0.6446593589786983
fresh_div2k_0870,DIV2K_fresh,fresh_div2k_0870,test,0.1,0.1001129150390625,0.0,2026,10690968bcf54104f86298faca4987e73c76008ec48e8408c6f68af6572e384a,hqs,3,23.090212042970492,0.6697508595787142
fresh_div2k_0870,DIV2K_fresh,fresh_div2k_0870,test,0.1,0.1001129150390625,0.0,2026,10690968bcf54104f86298faca4987e73c76008ec48e8408c6f68af6572e384a,hqs,4,23.196229532819896,0.6779358706554585
fresh_div2k_0870,DIV2K_fresh,fresh_div2k_0870,test,0.1,0.1001129150390625,0.0,2026,10690968bcf54104f86298faca4987e73c76008ec48e8408c6f68af6572e384a,hqs,5,23.23320301585464,0.6798455239029229
fresh_div2k_0870,DIV2K_fresh,fresh_div2k_0870,test,0.1,0.1001129150390625,0.0,2026,10690968bcf54104f86298faca4987e73c76008ec48e8408c6f68af6572e384a,hqs,6,23.262256870917337,0.6867180709849801
fresh_div2k_0870,DIV2K_fresh,fresh_div2k_0870,test,0.1,0.1001129150390625,0.0,2026,10690968bcf54104f86298faca4987e73c76008ec48e8408c6f68af6572e384a,admm,1,22.293453629452316,0.6065712928999624
fresh_div2k_0870,DIV2K_fresh,fresh_div2k_0870,test,0.1,0.1001129150390625,0.0,2026,10690968bcf54104f86298faca4987e73c76008ec48e8408c6f68af6572e384a,admm,2,22.934505338989236,0.6559109654266164
fresh_div2k_0870,DIV2K_fresh,fresh_div2k_0870,test,0.1,0.1001129150390625,0.0,2026,10690968bcf54104f86298faca4987e73c76008ec48e8408c6f68af6572e384a,admm,3,23.156943971153478,0.6834403380876872
fresh_div2k_0870,DIV2K_fresh,fresh_div2k_0870,test,0.1,0.1001129150390625,0.0,2026,10690968bcf54104f86298faca4987e73c76008ec48e8408c6f68af6572e384a,admm,4,23.21253060017417,0.6876548955962956
fresh_div2k_0870,DIV2K_fresh,fresh_div2k_0870,test,0.1,0.1001129150390625,0.0,2026,10690968bcf54104f86298faca4987e73c76008ec48e8408c6f68af6572e384a,admm,5,23.247483793882576,0.6891429889420867
fresh_div2k_0870,DIV2K_fresh,fresh_div2k_0870,test,0.1,0.1001129150390625,0.0,2026,10690968bcf54104f86298faca4987e73c76008ec48e8408c6f68af6572e384a,admm,6,23.264576359883176,0.6852410220024064
fresh_div2k_0870,DIV2K_fresh,fresh_div2k_0870,test,0.25,0.25,0.0,2026,a4526240c7a6095994b31d8bbdd66c7f56b362274b5c515b618c514c9cda7bab,hqs,1,25.149948564648945,0.8039840672140122
fresh_div2k_0870,DIV2K_fresh,fresh_div2k_0870,test,0.25,0.25,0.0,2026,a4526240c7a6095994b31d8bbdd66c7f56b362274b5c515b618c514c9cda7bab,hqs,2,25.911394208245532,0.8350497948424817
fresh_div2k_0870,DIV2K_fresh,fresh_div2k_0870,test,0.25,0.25,0.0,2026,a4526240c7a6095994b31d8bbdd66c7f56b362274b5c515b618c514c9cda7bab,hqs,3,26.316003793275648,0.8527264195108414
fresh_div2k_0870,DIV2K_fresh,fresh_div2k_0870,test,0.25,0.25,0.0,2026,a4526240c7a6095994b31d8bbdd66c7f56b362274b5c515b618c514c9cda7bab,hqs,4,26.468867099136926,0.8583678890573978
fresh_div2k_0870,DIV2K_fresh,fresh_div2k_0870,test,0.25,0.25,0.0,2026,a4526240c7a6095994b31d8bbdd66c7f56b362274b5c515b618c514c9cda7bab,hqs,5,26.536777826810148,0.8613073645756245
fresh_div2k_0870,DIV2K_fresh,fresh_div2k_0870,test,0.25,0.25,0.0,2026,a4526240c7a6095994b31d8bbdd66c7f56b362274b5c515b618c514c9cda7bab,hqs,6,26.56848778785043,0.864356263008833
fresh_div2k_0870,DIV2K_fresh,fresh_div2k_0870,test,0.25,0.25,0.0,2026,a4526240c7a6095994b31d8bbdd66c7f56b362274b5c515b618c514c9cda7bab,admm,1,25.079589599465045,0.799933066779375
fresh_div2k_0870,DIV2K_fresh,fresh_div2k_0870,test,0.25,0.25,0.0,2026,a4526240c7a6095994b31d8bbdd66c7f56b362274b5c515b618c514c9cda7bab,admm,2,26.063594704925663,0.8422279106338024
fresh_div2k_0870,DIV2K_fresh,fresh_div2k_0870,test,0.25,0.25,0.0,2026,a4526240c7a6095994b31d8bbdd66c7f56b362274b5c515b618c514c9cda7bab,admm,3,26.372248025322214,0.8581848964374066
fresh_div2k_0870,DIV2K_fresh,fresh_div2k_0870,test,0.25,0.25,0.0,2026,a4526240c7a6095994b31d8bbdd66c7f56b362274b5c515b618c514c9cda7bab,admm,4,26.439852241540287,0.862172383446455
fresh_div2k_0870,DIV2K_fresh,fresh_div2k_0870,test,0.25,0.25,0.0,2026,a4526240c7a6095994b31d8bbdd66c7f56b362274b5c515b618c514c9cda7bab,admm,5,26.510664077684112,0.8646480107312202
fresh_div2k_0870,DIV2K_fresh,fresh_div2k_0870,test,0.25,0.25,0.0,2026,a4526240c7a6095994b31d8bbdd66c7f56b362274b5c515b618c514c9cda7bab,admm,6,26.562112768754837,0.8632325533931255
fresh_div2k_0870,DIV2K_fresh,fresh_div2k_0870,test,0.5,0.4998931884765625,0.0,2026,579f95c9c48d6d455e4aa049979aa6ba5e6df7cd097e50f27d999a5e81e8a3d4,hqs,1,28.716372123246142,0.9171010463347435
fresh_div2k_0870,DIV2K_fresh,fresh_div2k_0870,test,0.5,0.4998931884765625,0.0,2026,579f95c9c48d6d455e4aa049979aa6ba5e6df7cd097e50f27d999a5e81e8a3d4,hqs,2,29.899017955133186,0.9374786220521927
fresh_div2k_0870,DIV2K_fresh,fresh_div2k_0870,test,0.5,0.4998931884765625,0.0,2026,579f95c9c48d6d455e4aa049979aa6ba5e6df7cd097e50f27d999a5e81e8a3d4,hqs,3,30.474658796347164,0.9460053586950302
fresh_div2k_0870,DIV2K_fresh,fresh_div2k_0870,test,0.5,0.4998931884765625,0.0,2026,579f95c9c48d6d455e4aa049979aa6ba5e6df7cd097e50f27d999a5e81e8a3d4,hqs,4,30.7266693843926,0.9494597329454422
fresh_div2k_0870,DIV2K_fresh,fresh_div2k_0870,test,0.5,0.4998931884765625,0.0,2026,579f95c9c48d6d455e4aa049979aa6ba5e6df7cd097e50f27d999a5e81e8a3d4,hqs,5,30.834703417464763,0.9508170013647079
fresh_div2k_0870,DIV2K_fresh,fresh_div2k_0870,test,0.5,0.4998931884765625,0.0,2026,579f95c9c48d6d455e4aa049979aa6ba5e6df7cd097e50f27d999a5e81e8a3d4,hqs,6,30.8849362002328,0.9519239306211471
fresh_div2k_0870,DIV2K_fresh,fresh_div2k_0870,test,0.5,0.4998931884765625,0.0,2026,579f95c9c48d6d455e4aa049979aa6ba5e6df7cd097e50f27d999a5e81e8a3d4,admm,1,28.64423713682295,0.9149910030546189
fresh_div2k_0870,DIV2K_fresh,fresh_div2k_0870,test,0.5,0.4998931884765625,0.0,2026,579f95c9c48d6d455e4aa049979aa6ba5e6df7cd097e50f27d999a5e81e8a3d4,admm,2,30.109753176532266,0.9408954840583801
fresh_div2k_0870,DIV2K_fresh,fresh_div2k_0870,test,0.5,0.4998931884765625,0.0,2026,579f95c9c48d6d455e4aa049979aa6ba5e6df7cd097e50f27d999a5e81e8a3d4,admm,3,30.59614855985128,0.9482304298734665
fresh_div2k_0870,DIV2K_fresh,fresh_div2k_0870,test,0.5,0.4998931884765625,0.0,2026,579f95c9c48d6d455e4aa049979aa6ba5e6df7cd097e50f27d999a5e81e8a3d4,admm,4,30.697127186277275,0.9501953505792617
fresh_div2k_0870,DIV2K_fresh,fresh_div2k_0870,test,0.5,0.4998931884765625,0.0,2026,579f95c9c48d6d455e4aa049979aa6ba5e6df7cd097e50f27d999a5e81e8a3d4,admm,5,30.832455368283355,0.951764995349884
fresh_div2k_0870,DIV2K_fresh,fresh_div2k_0870,test,0.5,0.4998931884765625,0.0,2026,579f95c9c48d6d455e4aa049979aa6ba5e6df7cd097e50f27d999a5e81e8a3d4,admm,6,30.923246259393817,0.9521146769371033
fresh_div2k_0870,DIV2K_fresh,fresh_div2k_0870,test,0.1,0.1001129150390625,0.01,2026,cc569b9619aeee2967cc6273b84f1ba9bb461e0af926ccbfdbd3418c20ee8ee1,hqs,1,22.329516436094437,0.6112669070700014
fresh_div2k_0870,DIV2K_fresh,fresh_div2k_0870,test,0.1,0.1001129150390625,0.01,2026,cc569b9619aeee2967cc6273b84f1ba9bb461e0af926ccbfdbd3418c20ee8ee1,hqs,2,22.80155682970983,0.6442443855552953
fresh_div2k_0870,DIV2K_fresh,fresh_div2k_0870,test,0.1,0.1001129150390625,0.01,2026,cc569b9619aeee2967cc6273b84f1ba9bb461e0af926ccbfdbd3418c20ee8ee1,hqs,3,23.07420672057821,0.6690729821125716
fresh_div2k_0870,DIV2K_fresh,fresh_div2k_0870,test,0.1,0.1001129150390625,0.01,2026,cc569b9619aeee2967cc6273b84f1ba9bb461e0af926ccbfdbd3418c20ee8ee1,hqs,4,23.17859750876158,0.6770892569762021
fresh_div2k_0870,DIV2K_fresh,fresh_div2k_0870,test,0.1,0.1001129150390625,0.01,2026,cc569b9619aeee2967cc6273b84f1ba9bb461e0af926ccbfdbd3418c20ee8ee1,hqs,5,23.215112813801394,0.6790156621160023
fresh_div2k_0870,DIV2K_fresh,fresh_div2k_0870,test,0.1,0.1001129150390625,0.01,2026,cc569b9619aeee2967cc6273b84f1ba9bb461e0af926ccbfdbd3418c20ee8ee1,hqs,6,23.241566941450643,0.685766474852167
fresh_div2k_0870,DIV2K_fresh,fresh_div2k_0870,test,0.1,0.1001129150390625,0.01,2026,cc569b9619aeee2967cc6273b84f1ba9bb461e0af926ccbfdbd3418c20ee8ee1,admm,1,22.284502185230288,0.6062109625102374
fresh_div2k_0870,DIV2K_fresh,fresh_div2k_0870,test,0.1,0.1001129150390625,0.01,2026,cc569b9619aeee2967cc6273b84f1ba9bb461e0af926ccbfdbd3418c20ee8ee1,admm,2,22.923521622319672,0.6555198456253707
fresh_div2k_0870,DIV2K_fresh,fresh_div2k_0870,test,0.1,0.1001129150390625,0.01,2026,cc569b9619aeee2967cc6273b84f1ba9bb461e0af926ccbfdbd3418c20ee8ee1,admm,3,23.138765583432264,0.6826594753207675
fresh_div2k_0870,DIV2K_fresh,fresh_div2k_0870,test,0.1,0.1001129150390625,0.01,2026,cc569b9619aeee2967cc6273b84f1ba9bb461e0af926ccbfdbd3418c20ee8ee1,admm,4,23.19326482894094,0.6867141500761137
fresh_div2k_0870,DIV2K_fresh,fresh_div2k_0870,test,0.1,0.1001129150390625,0.01,2026,cc569b9619aeee2967cc6273b84f1ba9bb461e0af926ccbfdbd3418c20ee8ee1,admm,5,23.226996988946077,0.6881516615038291
fresh_div2k_0870,DIV2K_fresh,fresh_div2k_0870,test,0.1,0.1001129150390625,0.01,2026,cc569b9619aeee2967cc6273b84f1ba9bb461e0af926ccbfdbd3418c20ee8ee1,admm,6,23.245844609562756,0.6843405502167623
fresh_div2k_0870,DIV2K_fresh,fresh_div2k_0870,test,0.1,0.1001129150390625,0.01,2027,341bba1861a8418d8c6454a11bfc4d7a19b6262c5f9ae9d2db5c4eb604016f7b,hqs,1,22.32474657018036,0.6110354066095259
fresh_div2k_0870,DIV2K_fresh,fresh_div2k_0870,test,0.1,0.1001129150390625,0.01,2027,341bba1861a8418d8c6454a11bfc4d7a19b6262c5f9ae9d2db5c4eb604016f7b,hqs,2,22.79661316828186,0.643931614217475
fresh_div2k_0870,DIV2K_fresh,fresh_div2k_0870,test,0.1,0.1001129150390625,0.01,2027,341bba1861a8418d8c6454a11bfc4d7a19b6262c5f9ae9d2db5c4eb604016f7b,hqs,3,23.070086701651256,0.6687492310163937
fresh_div2k_0870,DIV2K_fresh,fresh_div2k_0870,test,0.1,0.1001129150390625,0.01,2027,341bba1861a8418d8c6454a11bfc4d7a19b6262c5f9ae9d2db5c4eb604016f7b,hqs,4,23.17572404208031,0.6770180860954255
fresh_div2k_0870,DIV2K_fresh,fresh_div2k_0870,test,0.1,0.1001129150390625,0.01,2027,341bba1861a8418d8c6454a11bfc4d7a19b6262c5f9ae9d2db5c4eb604016f7b,hqs,5,23.213302105333824,0.6789990735652
fresh_div2k_0870,DIV2K_fresh,fresh_div2k_0870,test,0.1,0.1001129150390625,0.01,2027,341bba1861a8418d8c6454a11bfc4d7a19b6262c5f9ae9d2db5c4eb604016f7b,hqs,6,23.240650501593727,0.6857457522056103
fresh_div2k_0870,DIV2K_fresh,fresh_div2k_0870,test,0.1,0.1001129150390625,0.01,2027,341bba1861a8418d8c6454a11bfc4d7a19b6262c5f9ae9d2db5c4eb604016f7b,admm,1,22.279549828123923,0.6059336749946377
fresh_div2k_0870,DIV2K_fresh,fresh_div2k_0870,test,0.1,0.1001129150390625,0.01,2027,341bba1861a8418d8c6454a11bfc4d7a19b6262c5f9ae9d2db5c4eb604016f7b,admm,2,22.916890316445905,0.6550846043854169
fresh_div2k_0870,DIV2K_fresh,fresh_div2k_0870,test,0.1,0.1001129150390625,0.01,2027,341bba1861a8418d8c6454a11bfc4d7a19b6262c5f9ae9d2db5c4eb604016f7b,admm,3,23.135050703758427,0.682369066999198
fresh_div2k_0870,DIV2K_fresh,fresh_div2k_0870,test,0.1,0.1001129150390625,0.01,2027,341bba1861a8418d8c6454a11bfc4d7a19b6262c5f9ae9d2db5c4eb604016f7b,admm,4,23.19116618925166,0.6866616946983636
fresh_div2k_0870,DIV2K_fresh,fresh_div2k_0870,test,0.1,0.1001129150390625,0.01,2027,341bba1861a8418d8c6454a11bfc4d7a19b6262c5f9ae9d2db5c4eb604016f7b,admm,5,23.226141795347004,0.6882157331492603
fresh_div2k_0870,DIV2K_fresh,fresh_div2k_0870,test,0.1,0.1001129150390625,0.01,2027,341bba1861a8418d8c6454a11bfc4d7a19b6262c5f9ae9d2db5c4eb604016f7b,admm,6,23.245565365601752,0.6845774490438402
fresh_div2k_0870,DIV2K_fresh,fresh_div2k_0870,test,0.1,0.1001129150390625,0.01,2028,89ffa30aa93ca9f171cc8a5859a148bbff12582e546a11e1b1b27996c275ad86,hqs,1,22.32791241441472,0.6112212467826466
fresh_div2k_0870,DIV2K_fresh,fresh_div2k_0870,test,0.1,0.1001129150390625,0.01,2028,89ffa30aa93ca9f171cc8a5859a148bbff12582e546a11e1b1b27996c275ad86,hqs,2,22.80045190043308,0.6441108245712808
fresh_div2k_0870,DIV2K_fresh,fresh_div2k_0870,test,0.1,0.1001129150390625,0.01,2028,89ffa30aa93ca9f171cc8a5859a148bbff12582e546a11e1b1b27996c275ad86,hqs,3,23.075240723493163,0.6690401770675964
fresh_div2k_0870,DIV2K_fresh,fresh_div2k_0870,test,0.1,0.1001129150390625,0.01,2028,89ffa30aa93ca9f171cc8a5859a148bbff12582e546a11e1b1b27996c275ad86,hqs,4,23.180828020657867,0.6772771984530092
fresh_div2k_0870,DIV2K_fresh,fresh_div2k_0870,test,0.1,0.1001129150390625,0.01,2028,89ffa30aa93ca9f171cc8a5859a148bbff12582e546a11e1b1b27996c275ad86,hqs,5,23.218416190390734,0.6792131605139077
fresh_div2k_0870,DIV2K_fresh,fresh_div2k_0870,test,0.1,0.1001129150390625,0.01,2028,89ffa30aa93ca9f171cc8a5859a148bbff12582e546a11e1b1b27996c275ad86,hqs,6,23.245276911844343,0.6859159955567569
fresh_div2k_0870,DIV2K_fresh,fresh_div2k_0870,test,0.1,0.1001129150390625,0.01,2028,89ffa30aa93ca9f171cc8a5859a148bbff12582e546a11e1b1b27996c275ad86,admm,1,22.282665590214215,0.6060823745633815
fresh_div2k_0870,DIV2K_fresh,fresh_div2k_0870,test,0.1,0.1001129150390625,0.01,2028,89ffa30aa93ca9f171cc8a5859a148bbff12582e546a11e1b1b27996c275ad86,admm,2,22.920134728760036,0.6551597974020019
fresh_div2k_0870,DIV2K_fresh,fresh_div2k_0870,test,0.1,0.1001129150390625,0.01,2028,89ffa30aa93ca9f171cc8a5859a148bbff12582e546a11e1b1b27996c275ad86,admm,3,23.13945301375704,0.6826041702442281
fresh_div2k_0870,DIV2K_fresh,fresh_div2k_0870,test,0.1,0.1001129150390625,0.01,2028,89ffa30aa93ca9f171cc8a5859a148bbff12582e546a11e1b1b27996c275ad86,admm,4,23.195945986676364,0.6869081873410195
fresh_div2k_0870,DIV2K_fresh,fresh_div2k_0870,test,0.1,0.1001129150390625,0.01,2028,89ffa30aa93ca9f171cc8a5859a148bbff12582e546a11e1b1b27996c275ad86,admm,5,23.230602493902776,0.6882496245633177
fresh_div2k_0870,DIV2K_fresh,fresh_div2k_0870,test,0.1,0.1001129150390625,0.01,2028,89ffa30aa93ca9f171cc8a5859a148bbff12582e546a11e1b1b27996c275ad86,admm,6,23.247958148825735,0.6844147869548798
fresh_div2k_0870,DIV2K_fresh,fresh_div2k_0870,test,0.1,0.1001129150390625,0.05,2026,ece1f2a6e076e7bdd7d9c73ea6187a616aa7a73cbd449472b8b66ca0c1d39898,hqs,1,22.055984816375833,0.5965898673635106
fresh_div2k_0870,DIV2K_fresh,fresh_div2k_0870,test,0.1,0.1001129150390625,0.05,2026,ece1f2a6e076e7bdd7d9c73ea6187a616aa7a73cbd449472b8b66ca0c1d39898,hqs,2,22.4646974649782,0.6273750329640548
fresh_div2k_0870,DIV2K_fresh,fresh_div2k_0870,test,0.1,0.1001129150390625,0.05,2026,ece1f2a6e076e7bdd7d9c73ea6187a616aa7a73cbd449472b8b66ca0c1d39898,hqs,3,22.641311513874353,0.6477668692590464
fresh_div2k_0870,DIV2K_fresh,fresh_div2k_0870,test,0.1,0.1001129150390625,0.05,2026,ece1f2a6e076e7bdd7d9c73ea6187a616aa7a73cbd449472b8b66ca0c1d39898,hqs,4,22.72445584201376,0.6548094645912629
fresh_div2k_0870,DIV2K_fresh,fresh_div2k_0870,test,0.1,0.1001129150390625,0.05,2026,ece1f2a6e076e7bdd7d9c73ea6187a616aa7a73cbd449472b8b66ca0c1d39898,hqs,5,22.74914022775716,0.6573185101930499
fresh_div2k_0870,DIV2K_fresh,fresh_div2k_0870,test,0.1,0.1001129150390625,0.05,2026,ece1f2a6e076e7bdd7d9c73ea6187a616aa7a73cbd449472b8b66ca0c1d39898,hqs,6,22.72983610088287,0.661385680357024
fresh_div2k_0870,DIV2K_fresh,fresh_div2k_0870,test,0.1,0.1001129150390625,0.05,2026,ece1f2a6e076e7bdd7d9c73ea6187a616aa7a73cbd449472b8b66ca0c1d39898,admm,1,22.020407605646746,0.5918924002920267
fresh_div2k_0870,DIV2K_fresh,fresh_div2k_0870,test,0.1,0.1001129150390625,0.05,2026,ece1f2a6e076e7bdd7d9c73ea6187a616aa7a73cbd449472b8b66ca0c1d39898,admm,2,22.548680575304726,0.6370241901086583
fresh_div2k_0870,DIV2K_fresh,fresh_div2k_0870,test,0.1,0.1001129150390625,0.05,2026,ece1f2a6e076e7bdd7d9c73ea6187a616aa7a73cbd449472b8b66ca0c1d39898,admm,3,22.62322522410968,0.6574744930570238
fresh_div2k_0870,DIV2K_fresh,fresh_div2k_0870,test,0.1,0.1001129150390625,0.05,2026,ece1f2a6e076e7bdd7d9c73ea6187a616aa7a73cbd449472b8b66ca0c1d39898,admm,4,22.668286620076636,0.6609768403644347
fresh_div2k_0870,DIV2K_fresh,fresh_div2k_0870,test,0.1,0.1001129150390625,0.05,2026,ece1f2a6e076e7bdd7d9c73ea6187a616aa7a73cbd449472b8b66ca0c1d39898,admm,5,22.69208687424244,0.6620813817275166
fresh_div2k_0870,DIV2K_fresh,fresh_div2k_0870,test,0.1,0.1001129150390625,0.05,2026,ece1f2a6e076e7bdd7d9c73ea6187a616aa7a73cbd449472b8b66ca0c1d39898,admm,6,22.747665063768324,0.660133363879764
fresh_div2k_0870,DIV2K_fresh,fresh_div2k_0870,test,0.1,0.1001129150390625,0.05,2027,82d975c119205c285dc8cc4f6c426640b2617876c7d62c517357f9da3dfd3cb3,hqs,1,22.039792107913883,0.5955606405779049
fresh_div2k_0870,DIV2K_fresh,fresh_div2k_0870,test,0.1,0.1001129150390625,0.05,2027,82d975c119205c285dc8cc4f6c426640b2617876c7d62c517357f9da3dfd3cb3,hqs,2,22.451607451160545,0.6262896073682094
fresh_div2k_0870,DIV2K_fresh,fresh_div2k_0870,test,0.1,0.1001129150390625,0.05,2027,82d975c119205c285dc8cc4f6c426640b2617876c7d62c517357f9da3dfd3cb3,hqs,3,22.625033182097273,0.6462750632288773
fresh_div2k_0870,DIV2K_fresh,fresh_div2k_0870,test,0.1,0.1001129150390625,0.05,2027,82d975c119205c285dc8cc4f6c426640b2617876c7d62c517357f9da3dfd3cb3,hqs,4,22.70440020080228,0.6533871268161238
fresh_div2k_0870,DIV2K_fresh,fresh_div2k_0870,test,0.1,0.1001129150390625,0.05,2027,82d975c119205c285dc8cc4f6c426640b2617876c7d62c517357f9da3dfd3cb3,hqs,5,22.730914811284897,0.6557226710660178
fresh_div2k_0870,DIV2K_fresh,fresh_div2k_0870,test,0.1,0.1001129150390625,0.05,2027,82d975c119205c285dc8cc4f6c426640b2617876c7d62c517357f9da3dfd3cb3,hqs,6,22.70927125474659,0.6596383414971102
fresh_div2k_0870,DIV2K_fresh,fresh_div2k_0870,test,0.1,0.1001129150390625,0.05,2027,82d975c119205c285dc8cc4f6c426640b2617876c7d62c517357f9da3dfd3cb3,admm,1,22.004232677752963,0.5908093648188405
fresh_div2k_0870,DIV2K_fresh,fresh_div2k_0870,test,0.1,0.1001129150390625,0.05,2027,82d975c119205c285dc8cc4f6c426640b2617876c7d62c517357f9da3dfd3cb3,admm,2,22.53047792823388,0.6357461188156621
fresh_div2k_0870,DIV2K_fresh,fresh_div2k_0870,test,0.1,0.1001129150390625,0.05,2027,82d975c119205c285dc8cc4f6c426640b2617876c7d62c517357f9da3dfd3cb3,admm,3,22.61354597312671,0.6564946892531672
fresh_div2k_0870,DIV2K_fresh,fresh_div2k_0870,test,0.1,0.1001129150390625,0.05,2027,82d975c119205c285dc8cc4f6c426640b2617876c7d62c517357f9da3dfd3cb3,admm,4,22.65858979785841,0.659957052591642
fresh_div2k_0870,DIV2K_fresh,fresh_div2k_0870,test,0.1,0.1001129150390625,0.05,2027,82d975c119205c285dc8cc4f6c426640b2617876c7d62c517357f9da3dfd3cb3,admm,5,22.677880968652474,0.6609440135141318
fresh_div2k_0870,DIV2K_fresh,fresh_div2k_0870,test,0.1,0.1001129150390625,0.05,2027,82d975c119205c285dc8cc4f6c426640b2617876c7d62c517357f9da3dfd3cb3,admm,6,22.725635684628603,0.6593080284690559
fresh_div2k_0870,DIV2K_fresh,fresh_div2k_0870,test,0.1,0.1001129150390625,0.05,2028,c98750c23a18b813cc0bce779eb967f5cdc0708ee02f9950502608a8705da63a,hqs,1,22.046336381678717,0.5958139532709639
fresh_div2k_0870,DIV2K_fresh,fresh_div2k_0870,test,0.1,0.1001129150390625,0.05,2028,c98750c23a18b813cc0bce779eb967f5cdc0708ee02f9950502608a8705da63a,hqs,2,22.459060027024833,0.6266724413051484
fresh_div2k_0870,DIV2K_fresh,fresh_div2k_0870,test,0.1,0.1001129150390625,0.05,2028,c98750c23a18b813cc0bce779eb967f5cdc0708ee02f9950502608a8705da63a,hqs,3,22.636660827811088,0.6469768853484001
fresh_div2k_0870,DIV2K_fresh,fresh_div2k_0870,test,0.1,0.1001129150390625,0.05,2028,c98750c23a18b813cc0bce779eb967f5cdc0708ee02f9950502608a8705da63a,hqs,4,22.72119562203093,0.6542106390934028
fresh_div2k_0870,DIV2K_fresh,fresh_div2k_0870,test,0.1,0.1001129150390625,0.05,2028,c98750c23a18b813cc0bce779eb967f5cdc0708ee02f9950502608a8705da63a,hqs,5,22.753052621144295,0.6567067758786473
fresh_div2k_0870,DIV2K_fresh,fresh_div2k_0870,test,0.1,0.1001129150390625,0.05,2028,c98750c23a18b813cc0bce779eb967f5cdc0708ee02f9950502608a8705da63a,hqs,6,22.735155857651513,0.6606396474951799
fresh_div2k_0870,DIV2K_fresh,fresh_div2k_0870,test,0.1,0.1001129150390625,0.05,2028,c98750c23a18b813cc0bce779eb967f5cdc0708ee02f9950502608a8705da63a,admm,1,22.013871909396375,0.591425728648585
fresh_div2k_0870,DIV2K_fresh,fresh_div2k_0870,test,0.1,0.1001129150390625,0.05,2028,c98750c23a18b813cc0bce779eb967f5cdc0708ee02f9950502608a8705da63a,admm,2,22.53817527010672,0.6358980466929683
fresh_div2k_0870,DIV2K_fresh,fresh_div2k_0870,test,0.1,0.1001129150390625,0.05,2028,c98750c23a18b813cc0bce779eb967f5cdc0708ee02f9950502608a8705da63a,admm,3,22.619645459504532,0.6571290816182166
fresh_div2k_0870,DIV2K_fresh,fresh_div2k_0870,test,0.1,0.1001129150390625,0.05,2028,c98750c23a18b813cc0bce779eb967f5cdc0708ee02f9950502608a8705da63a,admm,4,22.670158366105525,0.6608799753518785
fresh_div2k_0870,DIV2K_fresh,fresh_div2k_0870,test,0.1,0.1001129150390625,0.05,2028,c98750c23a18b813cc0bce779eb967f5cdc0708ee02f9950502608a8705da63a,admm,5,22.697017839796043,0.6614823243195769
fresh_div2k_0870,DIV2K_fresh,fresh_div2k_0870,test,0.1,0.1001129150390625,0.05,2028,c98750c23a18b813cc0bce779eb967f5cdc0708ee02f9950502608a8705da63a,admm,6,22.745584554300954,0.6593452780418573
fresh_div2k_0874,DIV2K_fresh,fresh_div2k_0874,test,0.01,0.01031494140625,0.0,2026,65f33c9bc715805dfed812d40316830bf13f1f6cdecb05875addb6b54ddfbb30,hqs,1,21.91778752474555,0.43384166465987917
fresh_div2k_0874,DIV2K_fresh,fresh_div2k_0874,test,0.01,0.01031494140625,0.0,2026,65f33c9bc715805dfed812d40316830bf13f1f6cdecb05875addb6b54ddfbb30,hqs,2,22.62158969381099,0.4879408535071826
fresh_div2k_0874,DIV2K_fresh,fresh_div2k_0874,test,0.01,0.01031494140625,0.0,2026,65f33c9bc715805dfed812d40316830bf13f1f6cdecb05875addb6b54ddfbb30,hqs,3,22.941770514650983,0.5106888727605227
fresh_div2k_0874,DIV2K_fresh,fresh_div2k_0874,test,0.01,0.01031494140625,0.0,2026,65f33c9bc715805dfed812d40316830bf13f1f6cdecb05875addb6b54ddfbb30,hqs,4,23.07729425360992,0.5191921836508415
fresh_div2k_0874,DIV2K_fresh,fresh_div2k_0874,test,0.01,0.01031494140625,0.0,2026,65f33c9bc715805dfed812d40316830bf13f1f6cdecb05875addb6b54ddfbb30,hqs,5,23.128602749690277,0.5239718393441605
fresh_div2k_0874,DIV2K_fresh,fresh_div2k_0874,test,0.01,0.01031494140625,0.0,2026,65f33c9bc715805dfed812d40316830bf13f1f6cdecb05875addb6b54ddfbb30,hqs,6,23.10942896244109,0.5274579816994808
fresh_div2k_0874,DIV2K_fresh,fresh_div2k_0874,test,0.01,0.01031494140625,0.0,2026,65f33c9bc715805dfed812d40316830bf13f1f6cdecb05875addb6b54ddfbb30,admm,1,21.931122784904126,0.43226571017977794
fresh_div2k_0874,DIV2K_fresh,fresh_div2k_0874,test,0.01,0.01031494140625,0.0,2026,65f33c9bc715805dfed812d40316830bf13f1f6cdecb05875addb6b54ddfbb30,admm,2,22.802308317314555,0.5014414894490515
fresh_div2k_0874,DIV2K_fresh,fresh_div2k_0874,test,0.01,0.01031494140625,0.0,2026,65f33c9bc715805dfed812d40316830bf13f1f6cdecb05875addb6b54ddfbb30,admm,3,23.110116914149042,0.5222770292560319
fresh_div2k_0874,DIV2K_fresh,fresh_div2k_0874,test,0.01,0.01031494140625,0.0,2026,65f33c9bc715805dfed812d40316830bf13f1f6cdecb05875addb6b54ddfbb30,admm,4,23.153701683878793,0.5257724003229832
fresh_div2k_0874,DIV2K_fresh,fresh_div2k_0874,test,0.01,0.01031494140625,0.0,2026,65f33c9bc715805dfed812d40316830bf13f1f6cdecb05875addb6b54ddfbb30,admm,5,23.155578818884848,0.5270081559209178
fresh_div2k_0874,DIV2K_fresh,fresh_div2k_0874,test,0.01,0.01031494140625,0.0,2026,65f33c9bc715805dfed812d40316830bf13f1f6cdecb05875addb6b54ddfbb30,admm,6,23.166686889992366,0.528164834182905
fresh_div2k_0874,DIV2K_fresh,fresh_div2k_0874,test,0.04,0.041259765625,0.0,2026,ccbedc9086a65d37c2778e135f85a7788baac7a7e5d1e680f0abfb5955ef8a24,hqs,1,24.56738218674812,0.5779834457831056
fresh_div2k_0874,DIV2K_fresh,fresh_div2k_0874,test,0.04,0.041259765625,0.0,2026,ccbedc9086a65d37c2778e135f85a7788baac7a7e5d1e680f0abfb5955ef8a24,hqs,2,25.68107622092352,0.6556752944829346
fresh_div2k_0874,DIV2K_fresh,fresh_div2k_0874,test,0.04,0.041259765625,0.0,2026,ccbedc9086a65d37c2778e135f85a7788baac7a7e5d1e680f0abfb5955ef8a24,hqs,3,26.264856565805644,0.6925901879452853
fresh_div2k_0874,DIV2K_fresh,fresh_div2k_0874,test,0.04,0.041259765625,0.0,2026,ccbedc9086a65d37c2778e135f85a7788baac7a7e5d1e680f0abfb5955ef8a24,hqs,4,26.523988156332415,0.7069422376821488
fresh_div2k_0874,DIV2K_fresh,fresh_div2k_0874,test,0.04,0.041259765625,0.0,2026,ccbedc9086a65d37c2778e135f85a7788baac7a7e5d1e680f0abfb5955ef8a24,hqs,5,26.638575741028895,0.714854293104507
fresh_div2k_0874,DIV2K_fresh,fresh_div2k_0874,test,0.04,0.041259765625,0.0,2026,ccbedc9086a65d37c2778e135f85a7788baac7a7e5d1e680f0abfb5955ef8a24,hqs,6,26.685179246438544,0.721947083069846
fresh_div2k_0874,DIV2K_fresh,fresh_div2k_0874,test,0.04,0.041259765625,0.0,2026,ccbedc9086a65d37c2778e135f85a7788baac7a7e5d1e680f0abfb5955ef8a24,admm,1,24.51586646515581,0.5715393594057562
fresh_div2k_0874,DIV2K_fresh,fresh_div2k_0874,test,0.04,0.041259765625,0.0,2026,ccbedc9086a65d37c2778e135f85a7788baac7a7e5d1e680f0abfb5955ef8a24,admm,2,25.897849651668086,0.6698010163259949
fresh_div2k_0874,DIV2K_fresh,fresh_div2k_0874,test,0.04,0.041259765625,0.0,2026,ccbedc9086a65d37c2778e135f85a7788baac7a7e5d1e680f0abfb5955ef8a24,admm,3,26.338897913475115,0.7014394302181534
fresh_div2k_0874,DIV2K_fresh,fresh_div2k_0874,test,0.04,0.041259765625,0.0,2026,ccbedc9086a65d37c2778e135f85a7788baac7a7e5d1e680f0abfb5955ef8a24,admm,4,26.460867784340074,0.7104872464868128
fresh_div2k_0874,DIV2K_fresh,fresh_div2k_0874,test,0.04,0.041259765625,0.0,2026,ccbedc9086a65d37c2778e135f85a7788baac7a7e5d1e680f0abfb5955ef8a24,admm,5,26.554654557594326,0.7169737301122714
fresh_div2k_0874,DIV2K_fresh,fresh_div2k_0874,test,0.04,0.041259765625,0.0,2026,ccbedc9086a65d37c2778e135f85a7788baac7a7e5d1e680f0abfb5955ef8a24,admm,6,26.63453835779322,0.7163843796145152
fresh_div2k_0874,DIV2K_fresh,fresh_div2k_0874,test,0.1,0.1001129150390625,0.0,2026,750b0d462077340d2106e9ce49dafce2f78a7a24cfb1ae9fbb6207c563707240,hqs,1,26.707884588083786,0.7045873094832749
fresh_div2k_0874,DIV2K_fresh,fresh_div2k_0874,test,0.1,0.1001129150390625,0.0,2026,750b0d462077340d2106e9ce49dafce2f78a7a24cfb1ae9fbb6207c563707240,hqs,2,28.156104076379243,0.7847957062473185
fresh_div2k_0874,DIV2K_fresh,fresh_div2k_0874,test,0.1,0.1001129150390625,0.0,2026,750b0d462077340d2106e9ce49dafce2f78a7a24cfb1ae9fbb6207c563707240,hqs,3,28.953439415042435,0.8204022989079952
fresh_div2k_0874,DIV2K_fresh,fresh_div2k_0874,test,0.1,0.1001129150390625,0.0,2026,750b0d462077340d2106e9ce49dafce2f78a7a24cfb1ae9fbb6207c563707240,hqs,4,29.274911239868846,0.8310597163131237
fresh_div2k_0874,DIV2K_fresh,fresh_div2k_0874,test,0.1,0.1001129150390625,0.0,2026,750b0d462077340d2106e9ce49dafce2f78a7a24cfb1ae9fbb6207c563707240,hqs,5,29.441950602666942,0.8374383770124912
fresh_div2k_0874,DIV2K_fresh,fresh_div2k_0874,test,0.1,0.1001129150390625,0.0,2026,750b0d462077340d2106e9ce49dafce2f78a7a24cfb1ae9fbb6207c563707240,hqs,6,29.553628299990407,0.8442079738345146
fresh_div2k_0874,DIV2K_fresh,fresh_div2k_0874,test,0.1,0.1001129150390625,0.0,2026,750b0d462077340d2106e9ce49dafce2f78a7a24cfb1ae9fbb6207c563707240,admm,1,26.61204113585377,0.6963905322506279
fresh_div2k_0874,DIV2K_fresh,fresh_div2k_0874,test,0.1,0.1001129150390625,0.0,2026,750b0d462077340d2106e9ce49dafce2f78a7a24cfb1ae9fbb6207c563707240,admm,2,28.501916409761225,0.8006809813663364
fresh_div2k_0874,DIV2K_fresh,fresh_div2k_0874,test,0.1,0.1001129150390625,0.0,2026,750b0d462077340d2106e9ce49dafce2f78a7a24cfb1ae9fbb6207c563707240,admm,3,29.137614725514567,0.8283453801014423
fresh_div2k_0874,DIV2K_fresh,fresh_div2k_0874,test,0.1,0.1001129150390625,0.0,2026,750b0d462077340d2106e9ce49dafce2f78a7a24cfb1ae9fbb6207c563707240,admm,4,29.284405760419716,0.8336422203924656
fresh_div2k_0874,DIV2K_fresh,fresh_div2k_0874,test,0.1,0.1001129150390625,0.0,2026,750b0d462077340d2106e9ce49dafce2f78a7a24cfb1ae9fbb6207c563707240,admm,5,29.43407568150587,0.8401494667305947
fresh_div2k_0874,DIV2K_fresh,fresh_div2k_0874,test,0.1,0.1001129150390625,0.0,2026,750b0d462077340d2106e9ce49dafce2f78a7a24cfb1ae9fbb6207c563707240,admm,6,29.551486765834166,0.8423231406917572
fresh_div2k_0874,DIV2K_fresh,fresh_div2k_0874,test,0.25,0.25,0.0,2026,abb681cd7654040b397d5928645467dc343c1be27ed6e12cb57d56e5410bddce,hqs,1,29.772168792092337,0.8317221228401661
fresh_div2k_0874,DIV2K_fresh,fresh_div2k_0874,test,0.25,0.25,0.0,2026,abb681cd7654040b397d5928645467dc343c1be27ed6e12cb57d56e5410bddce,hqs,2,31.669347351172505,0.89378942634058
fresh_div2k_0874,DIV2K_fresh,fresh_div2k_0874,test,0.25,0.25,0.0,2026,abb681cd7654040b397d5928645467dc343c1be27ed6e12cb57d56e5410bddce,hqs,3,32.73624697755259,0.9183405636558533
fresh_div2k_0874,DIV2K_fresh,fresh_div2k_0874,test,0.25,0.25,0.0,2026,abb681cd7654040b397d5928645467dc343c1be27ed6e12cb57d56e5410bddce,hqs,4,33.20876374201418,0.9257163735299111
fresh_div2k_0874,DIV2K_fresh,fresh_div2k_0874,test,0.25,0.25,0.0,2026,abb681cd7654040b397d5928645467dc343c1be27ed6e12cb57d56e5410bddce,hqs,5,33.48224214324403,0.9298433297405243
fresh_div2k_0874,DIV2K_fresh,fresh_div2k_0874,test,0.25,0.25,0.0,2026,abb681cd7654040b397d5928645467dc343c1be27ed6e12cb57d56e5410bddce,hqs,6,33.691284154921334,0.9338611992144584
fresh_div2k_0874,DIV2K_fresh,fresh_div2k_0874,test,0.25,0.25,0.0,2026,abb681cd7654040b397d5928645467dc343c1be27ed6e12cb57d56e5410bddce,admm,1,29.66421596295615,0.8263847248446942
fresh_div2k_0874,DIV2K_fresh,fresh_div2k_0874,test,0.25,0.25,0.0,2026,abb681cd7654040b397d5928645467dc343c1be27ed6e12cb57d56e5410bddce,admm,2,32.1067036457869,0.905361675485611
fresh_div2k_0874,DIV2K_fresh,fresh_div2k_0874,test,0.25,0.25,0.0,2026,abb681cd7654040b397d5928645467dc343c1be27ed6e12cb57d56e5410bddce,admm,3,32.95148436037111,0.9210464372978211
fresh_div2k_0874,DIV2K_fresh,fresh_div2k_0874,test,0.25,0.25,0.0,2026,abb681cd7654040b397d5928645467dc343c1be27ed6e12cb57d56e5410bddce,admm,4,33.228124439975204,0.9248835267324448
fresh_div2k_0874,DIV2K_fresh,fresh_div2k_0874,test,0.25,0.25,0.0,2026,abb681cd7654040b397d5928645467dc343c1be27ed6e12cb57d56e5410bddce,admm,5,33.52945053518857,0.9307408645477295
fresh_div2k_0874,DIV2K_fresh,fresh_div2k_0874,test,0.25,0.25,0.0,2026,abb681cd7654040b397d5928645467dc343c1be27ed6e12cb57d56e5410bddce,admm,6,33.71525490427822,0.9337288231153488
fresh_div2k_0874,DIV2K_fresh,fresh_div2k_0874,test,0.5,0.4998931884765625,0.0,2026,52a321a3f55b8f33944f637da45f13385ad0faffe3134ae9274ee2d9a35b70b4,hqs,1,33.25562529312762,0.9155235829439163
fresh_div2k_0874,DIV2K_fresh,fresh_div2k_0874,test,0.5,0.4998931884765625,0.0,2026,52a321a3f55b8f33944f637da45f13385ad0faffe3134ae9274ee2d9a35b70b4,hqs,2,35.71921406078707,0.9537435841751098
fresh_div2k_0874,DIV2K_fresh,fresh_div2k_0874,test,0.5,0.4998931884765625,0.0,2026,52a321a3f55b8f33944f637da45f13385ad0faffe3134ae9274ee2d9a35b70b4,hqs,3,37.26302410339579,0.9681591783361435
fresh_div2k_0874,DIV2K_fresh,fresh_div2k_0874,test,0.5,0.4998931884765625,0.0,2026,52a321a3f55b8f33944f637da45f13385ad0faffe3134ae9274ee2d9a35b70b4,hqs,4,38.04226019116404,0.9728594232702256
fresh_div2k_0874,DIV2K_fresh,fresh_div2k_0874,test,0.5,0.4998931884765625,0.0,2026,52a321a3f55b8f33944f637da45f13385ad0faffe3134ae9274ee2d9a35b70b4,hqs,5,38.47858110201857,0.975105650215149
fresh_div2k_0874,DIV2K_fresh,fresh_div2k_0874,test,0.5,0.4998931884765625,0.0,2026,52a321a3f55b8f33944f637da45f13385ad0faffe3134ae9274ee2d9a35b70b4,hqs,6,38.79045115093963,0.9770952665328979
fresh_div2k_0874,DIV2K_fresh,fresh_div2k_0874,test,0.5,0.4998931884765625,0.0,2026,52a321a3f55b8f33944f637da45f13385ad0faffe3134ae9274ee2d9a35b70b4,admm,1,33.147028525797914,0.9122949455137253
fresh_div2k_0874,DIV2K_fresh,fresh_div2k_0874,test,0.5,0.4998931884765625,0.0,2026,52a321a3f55b8f33944f637da45f13385ad0faffe3134ae9274ee2d9a35b70b4,admm,2,36.3280397229008,0.9605062090988159
fresh_div2k_0874,DIV2K_fresh,fresh_div2k_0874,test,0.5,0.4998931884765625,0.0,2026,52a321a3f55b8f33944f637da45f13385ad0faffe3134ae9274ee2d9a35b70b4,admm,3,37.55225353981848,0.9690321919403077
fresh_div2k_0874,DIV2K_fresh,fresh_div2k_0874,test,0.5,0.4998931884765625,0.0,2026,52a321a3f55b8f33944f637da45f13385ad0faffe3134ae9274ee2d9a35b70b4,admm,4,37.909655928424364,0.9707994736738205
fresh_div2k_0874,DIV2K_fresh,fresh_div2k_0874,test,0.5,0.4998931884765625,0.0,2026,52a321a3f55b8f33944f637da45f13385ad0faffe3134ae9274ee2d9a35b70b4,admm,5,38.41855516621967,0.9744698221206665
fresh_div2k_0874,DIV2K_fresh,fresh_div2k_0874,test,0.5,0.4998931884765625,0.0,2026,52a321a3f55b8f33944f637da45f13385ad0faffe3134ae9274ee2d9a35b70b4,admm,6,38.75948473212737,0.9768756917762756
fresh_div2k_0874,DIV2K_fresh,fresh_div2k_0874,test,0.1,0.1001129150390625,0.01,2026,06467686a1de6950ca90e018e3b878bc26b7c9133abda82d692a13263531c845,hqs,1,26.6607894854871,0.7017539646278471
fresh_div2k_0874,DIV2K_fresh,fresh_div2k_0874,test,0.1,0.1001129150390625,0.01,2026,06467686a1de6950ca90e018e3b878bc26b7c9133abda82d692a13263531c845,hqs,2,28.05443601201043,0.7806792196036912
fresh_div2k_0874,DIV2K_fresh,fresh_div2k_0874,test,0.1,0.1001129150390625,0.01,2026,06467686a1de6950ca90e018e3b878bc26b7c9133abda82d692a13263531c845,hqs,3,28.80026608162419,0.814910768658787
fresh_div2k_0874,DIV2K_fresh,fresh_div2k_0874,test,0.1,0.1001129150390625,0.01,2026,06467686a1de6950ca90e018e3b878bc26b7c9133abda82d692a13263531c845,hqs,4,29.094987452644556,0.8251052148917913
fresh_div2k_0874,DIV2K_fresh,fresh_div2k_0874,test,0.1,0.1001129150390625,0.01,2026,06467686a1de6950ca90e018e3b878bc26b7c9133abda82d692a13263531c845,hqs,5,29.227051266900716,0.8303744570617676
fresh_div2k_0874,DIV2K_fresh,fresh_div2k_0874,test,0.1,0.1001129150390625,0.01,2026,06467686a1de6950ca90e018e3b878bc26b7c9133abda82d692a13263531c845,hqs,6,29.27350466325307,0.8343644214401841
fresh_div2k_0874,DIV2K_fresh,fresh_div2k_0874,test,0.1,0.1001129150390625,0.01,2026,06467686a1de6950ca90e018e3b878bc26b7c9133abda82d692a13263531c845,admm,1,26.57055012317223,0.6937710214349739
fresh_div2k_0874,DIV2K_fresh,fresh_div2k_0874,test,0.1,0.1001129150390625,0.01,2026,06467686a1de6950ca90e018e3b878bc26b7c9133abda82d692a13263531c845,admm,2,28.37652967454354,0.7948737786917388
fresh_div2k_0874,DIV2K_fresh,fresh_div2k_0874,test,0.1,0.1001129150390625,0.01,2026,06467686a1de6950ca90e018e3b878bc26b7c9133abda82d692a13263531c845,admm,3,28.922983294663286,0.8199360998857022
fresh_div2k_0874,DIV2K_fresh,fresh_div2k_0874,test,0.1,0.1001129150390625,0.01,2026,06467686a1de6950ca90e018e3b878bc26b7c9133abda82d692a13263531c845,admm,4,29.028537287920997,0.8240750749014616
fresh_div2k_0874,DIV2K_fresh,fresh_div2k_0874,test,0.1,0.1001129150390625,0.01,2026,06467686a1de6950ca90e018e3b878bc26b7c9133abda82d692a13263531c845,admm,5,29.143994169939642,0.829121613620162
fresh_div2k_0874,DIV2K_fresh,fresh_div2k_0874,test,0.1,0.1001129150390625,0.01,2026,06467686a1de6950ca90e018e3b878bc26b7c9133abda82d692a13263531c845,admm,6,29.29673186590658,0.8340814605275393
fresh_div2k_0874,DIV2K_fresh,fresh_div2k_0874,test,0.1,0.1001129150390625,0.01,2027,8e70510140a0ffdb9d8a1dacb06d6b1adad545e6fa855c1755c450f0037976d3,hqs,1,26.67481388015127,0.7026180047561363
fresh_div2k_0874,DIV2K_fresh,fresh_div2k_0874,test,0.1,0.1001129150390625,0.01,2027,8e70510140a0ffdb9d8a1dacb06d6b1adad545e6fa855c1755c450f0037976d3,hqs,2,28.089709851316364,0.7819380640915036
fresh_div2k_0874,DIV2K_fresh,fresh_div2k_0874,test,0.1,0.1001129150390625,0.01,2027,8e70510140a0ffdb9d8a1dacb06d6b1adad545e6fa855c1755c450f0037976d3,hqs,3,28.823020769813148,0.8160549346615076
fresh_div2k_0874,DIV2K_fresh,fresh_div2k_0874,test,0.1,0.1001129150390625,0.01,2027,8e70510140a0ffdb9d8a1dacb06d6b1adad545e6fa855c1755c450f0037976d3,hqs,4,29.088553034177647,0.8256617134723664
fresh_div2k_0874,DIV2K_fresh,fresh_div2k_0874,test,0.1,0.1001129150390625,0.01,2027,8e70510140a0ffdb9d8a1dacb06d6b1adad545e6fa855c1755c450f0037976d3,hqs,5,29.197155539595045,0.8306257074729204
fresh_div2k_0874,DIV2K_fresh,fresh_div2k_0874,test,0.1,0.1001129150390625,0.01,2027,8e70510140a0ffdb9d8a1dacb06d6b1adad545e6fa855c1755c450f0037976d3,hqs,6,29.215645812520474,0.8340094721227884
fresh_div2k_0874,DIV2K_fresh,fresh_div2k_0874,test,0.1,0.1001129150390625,0.01,2027,8e70510140a0ffdb9d8a1dacb06d6b1adad545e6fa855c1755c450f0037976d3,admm,1,26.580414259310785,0.6946821438606344
fresh_div2k_0874,DIV2K_fresh,fresh_div2k_0874,test,0.1,0.1001129150390625,0.01,2027,8e70510140a0ffdb9d8a1dacb06d6b1adad545e6fa855c1755c450f0037976d3,admm,2,28.397677120636658,0.7959917444750071
fresh_div2k_0874,DIV2K_fresh,fresh_div2k_0874,test,0.1,0.1001129150390625,0.01,2027,8e70510140a0ffdb9d8a1dacb06d6b1adad545e6fa855c1755c450f0037976d3,admm,3,28.92578469481436,0.8209042192382813
fresh_div2k_0874,DIV2K_fresh,fresh_div2k_0874,test,0.1,0.1001129150390625,0.01,2027,8e70510140a0ffdb9d8a1dacb06d6b1adad545e6fa855c1755c450f0037976d3,admm,4,28.99050012315021,0.8243627828046084
fresh_div2k_0874,DIV2K_fresh,fresh_div2k_0874,test,0.1,0.1001129150390625,0.01,2027,8e70510140a0ffdb9d8a1dacb06d6b1adad545e6fa855c1755c450f0037976d3,admm,5,29.065798496161875,0.8287979740703106
fresh_div2k_0874,DIV2K_fresh,fresh_div2k_0874,test,0.1,0.1001129150390625,0.01,2027,8e70510140a0ffdb9d8a1dacb06d6b1adad545e6fa855c1755c450f0037976d3,admm,6,29.19591775036229,0.8327290619170665
fresh_div2k_0874,DIV2K_fresh,fresh_div2k_0874,test,0.1,0.1001129150390625,0.01,2028,49a08e1c412e2e845638d2f55bf8974644f9ca08f06387330a4645663b93c9e3,hqs,1,26.660136711347423,0.701769996042423
fresh_div2k_0874,DIV2K_fresh,fresh_div2k_0874,test,0.1,0.1001129150390625,0.01,2028,49a08e1c412e2e845638d2f55bf8974644f9ca08f06387330a4645663b93c9e3,hqs,2,28.064777693736517,0.7806736621143296
fresh_div2k_0874,DIV2K_fresh,fresh_div2k_0874,test,0.1,0.1001129150390625,0.01,2028,49a08e1c412e2e845638d2f55bf8974644f9ca08f06387330a4645663b93c9e3,hqs,3,28.802722974813804,0.8149730103764534
fresh_div2k_0874,DIV2K_fresh,fresh_div2k_0874,test,0.1,0.1001129150390625,0.01,2028,49a08e1c412e2e845638d2f55bf8974644f9ca08f06387330a4645663b93c9e3,hqs,4,29.078392297174958,0.8247861995534896
fresh_div2k_0874,DIV2K_fresh,fresh_div2k_0874,test,0.1,0.1001129150390625,0.01,2028,49a08e1c412e2e845638d2f55bf8974644f9ca08f06387330a4645663b93c9e3,hqs,5,29.20473425930446,0.8298438279520273
fresh_div2k_0874,DIV2K_fresh,fresh_div2k_0874,test,0.1,0.1001129150390625,0.01,2028,49a08e1c412e2e845638d2f55bf8974644f9ca08f06387330a4645663b93c9e3,hqs,6,29.254725359541936,0.8338544937171936
fresh_div2k_0874,DIV2K_fresh,fresh_div2k_0874,test,0.1,0.1001129150390625,0.01,2028,49a08e1c412e2e845638d2f55bf8974644f9ca08f06387330a4645663b93c9e3,admm,1,26.567470196303432,0.6937104441332315
fresh_div2k_0874,DIV2K_fresh,fresh_div2k_0874,test,0.1,0.1001129150390625,0.01,2028,49a08e1c412e2e845638d2f55bf8974644f9ca08f06387330a4645663b93c9e3,admm,2,28.377081029782644,0.794830263658762
fresh_div2k_0874,DIV2K_fresh,fresh_div2k_0874,test,0.1,0.1001129150390625,0.01,2028,49a08e1c412e2e845638d2f55bf8974644f9ca08f06387330a4645663b93c9e3,admm,3,28.915505462628115,0.8202272479560375
fresh_div2k_0874,DIV2K_fresh,fresh_div2k_0874,test,0.1,0.1001129150390625,0.01,2028,49a08e1c412e2e845638d2f55bf8974644f9ca08f06387330a4645663b93c9e3,admm,4,29.003193483958412,0.8241628104815483
fresh_div2k_0874,DIV2K_fresh,fresh_div2k_0874,test,0.1,0.1001129150390625,0.01,2028,49a08e1c412e2e845638d2f55bf8974644f9ca08f06387330a4645663b93c9e3,admm,5,29.105821055578996,0.8288818324375152
fresh_div2k_0874,DIV2K_fresh,fresh_div2k_0874,test,0.1,0.1001129150390625,0.01,2028,49a08e1c412e2e845638d2f55bf8974644f9ca08f06387330a4645663b93c9e3,admm,6,29.25870838572889,0.8333453366544247
fresh_div2k_0874,DIV2K_fresh,fresh_div2k_0874,test,0.1,0.1001129150390625,0.05,2026,cc55ac3b4db21cdd789b09c137add4e283a0e753d57032654e781559b9538115,hqs,1,25.530961513330602,0.6355587214683499
fresh_div2k_0874,DIV2K_fresh,fresh_div2k_0874,test,0.1,0.1001129150390625,0.05,2026,cc55ac3b4db21cdd789b09c137add4e283a0e753d57032654e781559b9538115,hqs,2,26.15834961919004,0.6835016693382859
fresh_div2k_0874,DIV2K_fresh,fresh_div2k_0874,test,0.1,0.1001129150390625,0.05,2026,cc55ac3b4db21cdd789b09c137add4e283a0e753d57032654e781559b9538115,hqs,3,26.236564767280413,0.6922386398447677
fresh_div2k_0874,DIV2K_fresh,fresh_div2k_0874,test,0.1,0.1001129150390625,0.05,2026,cc55ac3b4db21cdd789b09c137add4e283a0e753d57032654e781559b9538115,hqs,4,26.204781813786088,0.6930544742868897
fresh_div2k_0874,DIV2K_fresh,fresh_div2k_0874,test,0.1,0.1001129150390625,0.05,2026,cc55ac3b4db21cdd789b09c137add4e283a0e753d57032654e781559b9538115,hqs,5,26.143388894357123,0.6913285079693087
fresh_div2k_0874,DIV2K_fresh,fresh_div2k_0874,test,0.1,0.1001129150390625,0.05,2026,cc55ac3b4db21cdd789b09c137add4e283a0e753d57032654e781559b9538115,hqs,6,25.907703626126988,0.6775742253345419
fresh_div2k_0874,DIV2K_fresh,fresh_div2k_0874,test,0.1,0.1001129150390625,0.05,2026,cc55ac3b4db21cdd789b09c137add4e283a0e753d57032654e781559b9538115,admm,1,25.508341187104364,0.6315502135996017
fresh_div2k_0874,DIV2K_fresh,fresh_div2k_0874,test,0.1,0.1001129150390625,0.05,2026,cc55ac3b4db21cdd789b09c137add4e283a0e753d57032654e781559b9538115,admm,2,26.111302331465023,0.6751966459434219
fresh_div2k_0874,DIV2K_fresh,fresh_div2k_0874,test,0.1,0.1001129150390625,0.05,2026,cc55ac3b4db21cdd789b09c137add4e283a0e753d57032654e781559b9538115,admm,3,25.86165577653704,0.6698657646769769
fresh_div2k_0874,DIV2K_fresh,fresh_div2k_0874,test,0.1,0.1001129150390625,0.05,2026,cc55ac3b4db21cdd789b09c137add4e283a0e753d57032654e781559b9538115,admm,4,25.688838995358545,0.6619230004606839
fresh_div2k_0874,DIV2K_fresh,fresh_div2k_0874,test,0.1,0.1001129150390625,0.05,2026,cc55ac3b4db21cdd789b09c137add4e283a0e753d57032654e781559b9538115,admm,5,25.665055932721913,0.6626232174490001
fresh_div2k_0874,DIV2K_fresh,fresh_div2k_0874,test,0.1,0.1001129150390625,0.05,2026,cc55ac3b4db21cdd789b09c137add4e283a0e753d57032654e781559b9538115,admm,6,26.041068875087234,0.6834852335390188
fresh_div2k_0874,DIV2K_fresh,fresh_div2k_0874,test,0.1,0.1001129150390625,0.05,2027,e9d0b34f9454c63718f5cee3a59ca0ff64ec82e2df1fd3b3489f4749e2de8425,hqs,1,25.5545124520949,0.6375000597355217
fresh_div2k_0874,DIV2K_fresh,fresh_div2k_0874,test,0.1,0.1001129150390625,0.05,2027,e9d0b34f9454c63718f5cee3a59ca0ff64ec82e2df1fd3b3489f4749e2de8425,hqs,2,26.144680564928187,0.6828010966084749
fresh_div2k_0874,DIV2K_fresh,fresh_div2k_0874,test,0.1,0.1001129150390625,0.05,2027,e9d0b34f9454c63718f5cee3a59ca0ff64ec82e2df1fd3b3489f4749e2de8425,hqs,3,26.146399925339445,0.6884506351991184
fresh_div2k_0874,DIV2K_fresh,fresh_div2k_0874,test,0.1,0.1001129150390625,0.05,2027,e9d0b34f9454c63718f5cee3a59ca0ff64ec82e2df1fd3b3489f4749e2de8425,hqs,4,26.061164952072993,0.6885791671104152
fresh_div2k_0874,DIV2K_fresh,fresh_div2k_0874,test,0.1,0.1001129150390625,0.05,2027,e9d0b34f9454c63718f5cee3a59ca0ff64ec82e2df1fd3b3489f4749e2de8425,hqs,5,25.94811421501322,0.6863839410605319
fresh_div2k_0874,DIV2K_fresh,fresh_div2k_0874,test,0.1,0.1001129150390625,0.05,2027,e9d0b34f9454c63718f5cee3a59ca0ff64ec82e2df1fd3b3489f4749e2de8425,hqs,6,25.63518060070421,0.6696430211459883
fresh_div2k_0874,DIV2K_fresh,fresh_div2k_0874,test,0.1,0.1001129150390625,0.05,2027,e9d0b34f9454c63718f5cee3a59ca0ff64ec82e2df1fd3b3489f4749e2de8425,admm,1,25.531316020522784,0.632810684645746
fresh_div2k_0874,DIV2K_fresh,fresh_div2k_0874,test,0.1,0.1001129150390625,0.05,2027,e9d0b34f9454c63718f5cee3a59ca0ff64ec82e2df1fd3b3489f4749e2de8425,admm,2,26.07001380630627,0.6736162768791168
fresh_div2k_0874,DIV2K_fresh,fresh_div2k_0874,test,0.1,0.1001129150390625,0.05,2027,e9d0b34f9454c63718f5cee3a59ca0ff64ec82e2df1fd3b3489f4749e2de8425,admm,3,25.790237295963184,0.666533978751231
fresh_div2k_0874,DIV2K_fresh,fresh_div2k_0874,test,0.1,0.1001129150390625,0.05,2027,e9d0b34f9454c63718f5cee3a59ca0ff64ec82e2df1fd3b3489f4749e2de8425,admm,4,25.57901672582897,0.6584640594867612
fresh_div2k_0874,DIV2K_fresh,fresh_div2k_0874,test,0.1,0.1001129150390625,0.05,2027,e9d0b34f9454c63718f5cee3a59ca0ff64ec82e2df1fd3b3489f4749e2de8425,admm,5,25.483387226530958,0.6559090097915395
fresh_div2k_0874,DIV2K_fresh,fresh_div2k_0874,test,0.1,0.1001129150390625,0.05,2027,e9d0b34f9454c63718f5cee3a59ca0ff64ec82e2df1fd3b3489f4749e2de8425,admm,6,25.80760308435945,0.674220109808892
fresh_div2k_0874,DIV2K_fresh,fresh_div2k_0874,test,0.1,0.1001129150390625,0.05,2028,281f8aa8c07c4a731860a26d84fa65838c41a7f8ecddf3fdf83ba8b6d5948405,hqs,1,25.499731993222817,0.6342646032525003
fresh_div2k_0874,DIV2K_fresh,fresh_div2k_0874,test,0.1,0.1001129150390625,0.05,2028,281f8aa8c07c4a731860a26d84fa65838c41a7f8ecddf3fdf83ba8b6d5948405,hqs,2,26.133484254210803,0.6839500832801573
fresh_div2k_0874,DIV2K_fresh,fresh_div2k_0874,test,0.1,0.1001129150390625,0.05,2028,281f8aa8c07c4a731860a26d84fa65838c41a7f8ecddf3fdf83ba8b6d5948405,hqs,3,26.1583797503094,0.6931348577072807
fresh_div2k_0874,DIV2K_fresh,fresh_div2k_0874,test,0.1,0.1001129150390625,0.05,2028,281f8aa8c07c4a731860a26d84fa65838c41a7f8ecddf3fdf83ba8b6d5948405,hqs,4,26.084105808824493,0.6959050515120881
fresh_div2k_0874,DIV2K_fresh,fresh_div2k_0874,test,0.1,0.1001129150390625,0.05,2028,281f8aa8c07c4a731860a26d84fa65838c41a7f8ecddf3fdf83ba8b6d5948405,hqs,5,25.96410211362499,0.6931047336886152
fresh_div2k_0874,DIV2K_fresh,fresh_div2k_0874,test,0.1,0.1001129150390625,0.05,2028,281f8aa8c07c4a731860a26d84fa65838c41a7f8ecddf3fdf83ba8b6d5948405,hqs,6,25.665325403362935,0.6773653041720661
fresh_div2k_0874,DIV2K_fresh,fresh_div2k_0874,test,0.1,0.1001129150390625,0.05,2028,281f8aa8c07c4a731860a26d84fa65838c41a7f8ecddf3fdf83ba8b6d5948405,admm,1,25.497389303274804,0.630604578743469
fresh_div2k_0874,DIV2K_fresh,fresh_div2k_0874,test,0.1,0.1001129150390625,0.05,2028,281f8aa8c07c4a731860a26d84fa65838c41a7f8ecddf3fdf83ba8b6d5948405,admm,2,26.07441192162522,0.6757581032412872
fresh_div2k_0874,DIV2K_fresh,fresh_div2k_0874,test,0.1,0.1001129150390625,0.05,2028,281f8aa8c07c4a731860a26d84fa65838c41a7f8ecddf3fdf83ba8b6d5948405,admm,3,25.77554184743157,0.6711253066741861
fresh_div2k_0874,DIV2K_fresh,fresh_div2k_0874,test,0.1,0.1001129150390625,0.05,2028,281f8aa8c07c4a731860a26d84fa65838c41a7f8ecddf3fdf83ba8b6d5948405,admm,4,25.58698846304892,0.6643746573926392
fresh_div2k_0874,DIV2K_fresh,fresh_div2k_0874,test,0.1,0.1001129150390625,0.05,2028,281f8aa8c07c4a731860a26d84fa65838c41a7f8ecddf3fdf83ba8b6d5948405,admm,5,25.500952575705465,0.6622460768747814
fresh_div2k_0874,DIV2K_fresh,fresh_div2k_0874,test,0.1,0.1001129150390625,0.05,2028,281f8aa8c07c4a731860a26d84fa65838c41a7f8ecddf3fdf83ba8b6d5948405,admm,6,25.83761194271407,0.6825894934089984
fresh_div2k_0877,DIV2K_fresh,fresh_div2k_0877,test,0.01,0.01031494140625,0.0,2026,72afb6862d1b3cad52332d8b838f5394420343549050953de5e12fa6748fa62a,hqs,1,25.11860905273286,0.6218688061880472
fresh_div2k_0877,DIV2K_fresh,fresh_div2k_0877,test,0.01,0.01031494140625,0.0,2026,72afb6862d1b3cad52332d8b838f5394420343549050953de5e12fa6748fa62a,hqs,2,25.943954518838282,0.6778550982236841
fresh_div2k_0877,DIV2K_fresh,fresh_div2k_0877,test,0.01,0.01031494140625,0.0,2026,72afb6862d1b3cad52332d8b838f5394420343549050953de5e12fa6748fa62a,hqs,3,26.360713432639198,0.701593575558866
fresh_div2k_0877,DIV2K_fresh,fresh_div2k_0877,test,0.01,0.01031494140625,0.0,2026,72afb6862d1b3cad52332d8b838f5394420343549050953de5e12fa6748fa62a,hqs,4,26.572416081202988,0.710499060367465
fresh_div2k_0877,DIV2K_fresh,fresh_div2k_0877,test,0.01,0.01031494140625,0.0,2026,72afb6862d1b3cad52332d8b838f5394420343549050953de5e12fa6748fa62a,hqs,5,26.697467224520274,0.7151335497037603
fresh_div2k_0877,DIV2K_fresh,fresh_div2k_0877,test,0.01,0.01031494140625,0.0,2026,72afb6862d1b3cad52332d8b838f5394420343549050953de5e12fa6748fa62a,hqs,6,26.76682024189312,0.7178929545549042
fresh_div2k_0877,DIV2K_fresh,fresh_div2k_0877,test,0.01,0.01031494140625,0.0,2026,72afb6862d1b3cad52332d8b838f5394420343549050953de5e12fa6748fa62a,admm,1,25.03331846403362,0.6157321639224512
fresh_div2k_0877,DIV2K_fresh,fresh_div2k_0877,test,0.01,0.01031494140625,0.0,2026,72afb6862d1b3cad52332d8b838f5394420343549050953de5e12fa6748fa62a,admm,2,26.081701452275688,0.6803512333064586
fresh_div2k_0877,DIV2K_fresh,fresh_div2k_0877,test,0.01,0.01031494140625,0.0,2026,72afb6862d1b3cad52332d8b838f5394420343549050953de5e12fa6748fa62a,admm,3,26.493075105503493,0.7069660033880812
fresh_div2k_0877,DIV2K_fresh,fresh_div2k_0877,test,0.01,0.01031494140625,0.0,2026,72afb6862d1b3cad52332d8b838f5394420343549050953de5e12fa6748fa62a,admm,4,26.66823764544404,0.7148526587421974
fresh_div2k_0877,DIV2K_fresh,fresh_div2k_0877,test,0.01,0.01031494140625,0.0,2026,72afb6862d1b3cad52332d8b838f5394420343549050953de5e12fa6748fa62a,admm,5,26.767779260811714,0.7163455004836754
fresh_div2k_0877,DIV2K_fresh,fresh_div2k_0877,test,0.01,0.01031494140625,0.0,2026,72afb6862d1b3cad52332d8b838f5394420343549050953de5e12fa6748fa62a,admm,6,26.80288312345175,0.7190833396285602
fresh_div2k_0877,DIV2K_fresh,fresh_div2k_0877,test,0.04,0.041259765625,0.0,2026,36fa6f88fef73e3ff689ceb994f0a3e7acb02a3977168c32c30c54cbc8da5816,hqs,1,28.758959904744998,0.7458425583315492
fresh_div2k_0877,DIV2K_fresh,fresh_div2k_0877,test,0.04,0.041259765625,0.0,2026,36fa6f88fef73e3ff689ceb994f0a3e7acb02a3977168c32c30c54cbc8da5816,hqs,2,30.572055188538858,0.8307473523235321
fresh_div2k_0877,DIV2K_fresh,fresh_div2k_0877,test,0.04,0.041259765625,0.0,2026,36fa6f88fef73e3ff689ceb994f0a3e7acb02a3977168c32c30c54cbc8da5816,hqs,3,31.68168255754308,0.8678050081005096
fresh_div2k_0877,DIV2K_fresh,fresh_div2k_0877,test,0.04,0.041259765625,0.0,2026,36fa6f88fef73e3ff689ceb994f0a3e7acb02a3977168c32c30c54cbc8da5816,hqs,4,32.24659572062571,0.8817472718203068
fresh_div2k_0877,DIV2K_fresh,fresh_div2k_0877,test,0.04,0.041259765625,0.0,2026,36fa6f88fef73e3ff689ceb994f0a3e7acb02a3977168c32c30c54cbc8da5816,hqs,5,32.542013582824744,0.8886991401264668
fresh_div2k_0877,DIV2K_fresh,fresh_div2k_0877,test,0.04,0.041259765625,0.0,2026,36fa6f88fef73e3ff689ceb994f0a3e7acb02a3977168c32c30c54cbc8da5816,hqs,6,32.74624057749053,0.894352855470419
fresh_div2k_0877,DIV2K_fresh,fresh_div2k_0877,test,0.04,0.041259765625,0.0,2026,36fa6f88fef73e3ff689ceb994f0a3e7acb02a3977168c32c30c54cbc8da5816,admm,1,28.670610806644046,0.7365568788245799
fresh_div2k_0877,DIV2K_fresh,fresh_div2k_0877,test,0.04,0.041259765625,0.0,2026,36fa6f88fef73e3ff689ceb994f0a3e7acb02a3977168c32c30c54cbc8da5816,admm,2,30.846297873671272,0.843988406947136
fresh_div2k_0877,DIV2K_fresh,fresh_div2k_0877,test,0.04,0.041259765625,0.0,2026,36fa6f88fef73e3ff689ceb994f0a3e7acb02a3977168c32c30c54cbc8da5816,admm,3,31.903355511431638,0.8737372843031883
fresh_div2k_0877,DIV2K_fresh,fresh_div2k_0877,test,0.04,0.041259765625,0.0,2026,36fa6f88fef73e3ff689ceb994f0a3e7acb02a3977168c32c30c54cbc8da5816,admm,4,32.31810708129396,0.8839379993686676
fresh_div2k_0877,DIV2K_fresh,fresh_div2k_0877,test,0.04,0.041259765625,0.0,2026,36fa6f88fef73e3ff689ceb994f0a3e7acb02a3977168c32c30c54cbc8da5816,admm,5,32.629978744409875,0.8904963190586567
fresh_div2k_0877,DIV2K_fresh,fresh_div2k_0877,test,0.04,0.041259765625,0.0,2026,36fa6f88fef73e3ff689ceb994f0a3e7acb02a3977168c32c30c54cbc8da5816,admm,6,32.80125767040575,0.8939620545933247
fresh_div2k_0877,DIV2K_fresh,fresh_div2k_0877,test,0.1,0.1001129150390625,0.0,2026,37dc4cc5f9fa84758686bd434945db415760367c2c236f97e27051067bc2e870,hqs,1,31.606516092592436,0.8423224991292954
fresh_div2k_0877,DIV2K_fresh,fresh_div2k_0877,test,0.1,0.1001129150390625,0.0,2026,37dc4cc5f9fa84758686bd434945db415760367c2c236f97e27051067bc2e870,hqs,2,34.056748567266226,0.9157811224246025
fresh_div2k_0877,DIV2K_fresh,fresh_div2k_0877,test,0.1,0.1001129150390625,0.0,2026,37dc4cc5f9fa84758686bd434945db415760367c2c236f97e27051067bc2e870,hqs,3,35.46696429748905,0.9442492991008758
fresh_div2k_0877,DIV2K_fresh,fresh_div2k_0877,test,0.1,0.1001129150390625,0.0,2026,37dc4cc5f9fa84758686bd434945db415760367c2c236f97e27051067bc2e870,hqs,4,36.266408214250404,0.9531185328483581
fresh_div2k_0877,DIV2K_fresh,fresh_div2k_0877,test,0.1,0.1001129150390625,0.0,2026,37dc4cc5f9fa84758686bd434945db415760367c2c236f97e27051067bc2e870,hqs,5,36.72878330540024,0.9573844027357101
fresh_div2k_0877,DIV2K_fresh,fresh_div2k_0877,test,0.1,0.1001129150390625,0.0,2026,37dc4cc5f9fa84758686bd434945db415760367c2c236f97e27051067bc2e870,hqs,6,37.12631238187677,0.9612975281391144
fresh_div2k_0877,DIV2K_fresh,fresh_div2k_0877,test,0.1,0.1001129150390625,0.0,2026,37dc4cc5f9fa84758686bd434945db415760367c2c236f97e27051067bc2e870,admm,1,31.45434277262089,0.8328849170303345
fresh_div2k_0877,DIV2K_fresh,fresh_div2k_0877,test,0.1,0.1001129150390625,0.0,2026,37dc4cc5f9fa84758686bd434945db415760367c2c236f97e27051067bc2e870,admm,2,34.578424878305405,0.9283081750369072
fresh_div2k_0877,DIV2K_fresh,fresh_div2k_0877,test,0.1,0.1001129150390625,0.0,2026,37dc4cc5f9fa84758686bd434945db415760367c2c236f97e27051067bc2e870,admm,3,35.714905951508115,0.9456463960251809
fresh_div2k_0877,DIV2K_fresh,fresh_div2k_0877,test,0.1,0.1001129150390625,0.0,2026,37dc4cc5f9fa84758686bd434945db415760367c2c236f97e27051067bc2e870,admm,4,36.272779939075605,0.9512240245733261
fresh_div2k_0877,DIV2K_fresh,fresh_div2k_0877,test,0.1,0.1001129150390625,0.0,2026,37dc4cc5f9fa84758686bd434945db415760367c2c236f97e27051067bc2e870,admm,5,36.902230979792236,0.9577103668689728
fresh_div2k_0877,DIV2K_fresh,fresh_div2k_0877,test,0.1,0.1001129150390625,0.0,2026,37dc4cc5f9fa84758686bd434945db415760367c2c236f97e27051067bc2e870,admm,6,37.22799383650568,0.9615738554677963
fresh_div2k_0877,DIV2K_fresh,fresh_div2k_0877,test,0.25,0.25,0.0,2026,d182beb7e7ad5cfd509d22e983b213126815011fc3aafd4027809a4ec52c7693,hqs,1,35.477799929903014,0.9240763072710038
fresh_div2k_0877,DIV2K_fresh,fresh_div2k_0877,test,0.25,0.25,0.0,2026,d182beb7e7ad5cfd509d22e983b213126815011fc3aafd4027809a4ec52c7693,hqs,2,38.63165614564092,0.9666882622756958
fresh_div2k_0877,DIV2K_fresh,fresh_div2k_0877,test,0.25,0.25,0.0,2026,d182beb7e7ad5cfd509d22e983b213126815011fc3aafd4027809a4ec52c7693,hqs,3,40.66622230914457,0.9811088122320175
fresh_div2k_0877,DIV2K_fresh,fresh_div2k_0877,test,0.25,0.25,0.0,2026,d182beb7e7ad5cfd509d22e983b213126815011fc3aafd4027809a4ec52c7693,hqs,4,41.78129688000971,0.9849036723480225
fresh_div2k_0877,DIV2K_fresh,fresh_div2k_0877,test,0.25,0.25,0.0,2026,d182beb7e7ad5cfd509d22e983b213126815011fc3aafd4027809a4ec52c7693,hqs,5,42.47386494682416,0.9868178333597183
fresh_div2k_0877,DIV2K_fresh,fresh_div2k_0877,test,0.25,0.25,0.0,2026,d182beb7e7ad5cfd509d22e983b213126815011fc3aafd4027809a4ec52c7693,hqs,6,43.02240240604888,0.9886516829452515
fresh_div2k_0877,DIV2K_fresh,fresh_div2k_0877,test,0.25,0.25,0.0,2026,d182beb7e7ad5cfd509d22e983b213126815011fc3aafd4027809a4ec52c7693,admm,1,35.24284110369508,0.9178086760282517
fresh_div2k_0877,DIV2K_fresh,fresh_div2k_0877,test,0.25,0.25,0.0,2026,d182beb7e7ad5cfd509d22e983b213126815011fc3aafd4027809a4ec52c7693,admm,2,39.48950450134881,0.9740880345993042
fresh_div2k_0877,DIV2K_fresh,fresh_div2k_0877,test,0.25,0.25,0.0,2026,d182beb7e7ad5cfd509d22e983b213126815011fc3aafd4027809a4ec52c7693,admm,3,40.76426868649329,0.9796188427495957
fresh_div2k_0877,DIV2K_fresh,fresh_div2k_0877,test,0.25,0.25,0.0,2026,d182beb7e7ad5cfd509d22e983b213126815011fc3aafd4027809a4ec52c7693,admm,4,41.4160766932033,0.9818754059009552
fresh_div2k_0877,DIV2K_fresh,fresh_div2k_0877,test,0.25,0.25,0.0,2026,d182beb7e7ad5cfd509d22e983b213126815011fc3aafd4027809a4ec52c7693,admm,5,42.37882675055393,0.9859720514583588
fresh_div2k_0877,DIV2K_fresh,fresh_div2k_0877,test,0.25,0.25,0.0,2026,d182beb7e7ad5cfd509d22e983b213126815011fc3aafd4027809a4ec52c7693,admm,6,42.8480796389584,0.9882392711267471
fresh_div2k_0877,DIV2K_fresh,fresh_div2k_0877,test,0.5,0.4998931884765625,0.0,2026,8e5225a5b49d2f6a82810f5d8867a15d7074166c11cf571ad6a7ef2a47c9916c,hqs,1,39.323637878919634,0.9636321870508194
fresh_div2k_0877,DIV2K_fresh,fresh_div2k_0877,test,0.5,0.4998931884765625,0.0,2026,8e5225a5b49d2f6a82810f5d8867a15d7074166c11cf571ad6a7ef2a47c9916c,hqs,2,43.159277587144956,0.9863309306917191
fresh_div2k_0877,DIV2K_fresh,fresh_div2k_0877,test,0.5,0.4998931884765625,0.0,2026,8e5225a5b49d2f6a82810f5d8867a15d7074166c11cf571ad6a7ef2a47c9916c,hqs,3,45.73636094131768,0.9932662314500809
fresh_div2k_0877,DIV2K_fresh,fresh_div2k_0877,test,0.5,0.4998931884765625,0.0,2026,8e5225a5b49d2f6a82810f5d8867a15d7074166c11cf571ad6a7ef2a47c9916c,hqs,4,47.271627254642894,0.9951793257160186
fresh_div2k_0877,DIV2K_fresh,fresh_div2k_0877,test,0.5,0.4998931884765625,0.0,2026,8e5225a5b49d2f6a82810f5d8867a15d7074166c11cf571ad6a7ef2a47c9916c,hqs,5,48.363272376694994,0.996144328248024
fresh_div2k_0877,DIV2K_fresh,fresh_div2k_0877,test,0.5,0.4998931884765625,0.0,2026,8e5225a5b49d2f6a82810f5d8867a15d7074166c11cf571ad6a7ef2a47c9916c,hqs,6,49.29062113706253,0.9969137450771332
fresh_div2k_0877,DIV2K_fresh,fresh_div2k_0877,test,0.5,0.4998931884765625,0.0,2026,8e5225a5b49d2f6a82810f5d8867a15d7074166c11cf571ad6a7ef2a47c9916c,admm,1,38.97876563693035,0.9590386513471604
fresh_div2k_0877,DIV2K_fresh,fresh_div2k_0877,test,0.5,0.4998931884765625,0.0,2026,8e5225a5b49d2f6a82810f5d8867a15d7074166c11cf571ad6a7ef2a47c9916c,admm,2,44.10225686454237,0.9894728327407837
fresh_div2k_0877,DIV2K_fresh,fresh_div2k_0877,test,0.5,0.4998931884765625,0.0,2026,8e5225a5b49d2f6a82810f5d8867a15d7074166c11cf571ad6a7ef2a47c9916c,admm,3,45.90596126419462,0.9923324865751266
fresh_div2k_0877,DIV2K_fresh,fresh_div2k_0877,test,0.5,0.4998931884765625,0.0,2026,8e5225a5b49d2f6a82810f5d8867a15d7074166c11cf571ad6a7ef2a47c9916c,admm,4,46.829837357882546,0.9935464519348145
fresh_div2k_0877,DIV2K_fresh,fresh_div2k_0877,test,0.5,0.4998931884765625,0.0,2026,8e5225a5b49d2f6a82810f5d8867a15d7074166c11cf571ad6a7ef2a47c9916c,admm,5,48.310442776103514,0.995664273601532
fresh_div2k_0877,DIV2K_fresh,fresh_div2k_0877,test,0.5,0.4998931884765625,0.0,2026,8e5225a5b49d2f6a82810f5d8867a15d7074166c11cf571ad6a7ef2a47c9916c,admm,6,49.118793619464334,0.9967629304141998
fresh_div2k_0877,DIV2K_fresh,fresh_div2k_0877,test,0.1,0.1001129150390625,0.01,2026,b9b9e1774af06dcd48202cbf25a9e9f14fd2f62d063e2939f73e34454dd22126,hqs,1,31.59452387134227,0.8415566352162361
fresh_div2k_0877,DIV2K_fresh,fresh_div2k_0877,test,0.1,0.1001129150390625,0.01,2026,b9b9e1774af06dcd48202cbf25a9e9f14fd2f62d063e2939f73e34454dd22126,hqs,2,34.02642672893758,0.9147934477353096
fresh_div2k_0877,DIV2K_fresh,fresh_div2k_0877,test,0.1,0.1001129150390625,0.01,2026,b9b9e1774af06dcd48202cbf25a9e9f14fd2f62d063e2939f73e34454dd22126,hqs,3,35.388212854454146,0.9426882635464668
fresh_div2k_0877,DIV2K_fresh,fresh_div2k_0877,test,0.1,0.1001129150390625,0.01,2026,b9b9e1774af06dcd48202cbf25a9e9f14fd2f62d063e2939f73e34454dd22126,hqs,4,36.10482845579079,0.9510341671657562
fresh_div2k_0877,DIV2K_fresh,fresh_div2k_0877,test,0.1,0.1001129150390625,0.01,2026,b9b9e1774af06dcd48202cbf25a9e9f14fd2f62d063e2939f73e34454dd22126,hqs,5,36.47255111375192,0.9546006554346085
fresh_div2k_0877,DIV2K_fresh,fresh_div2k_0877,test,0.1,0.1001129150390625,0.01,2026,b9b9e1774af06dcd48202cbf25a9e9f14fd2f62d063e2939f73e34454dd22126,hqs,6,36.72883845397696,0.9572986985435485
fresh_div2k_0877,DIV2K_fresh,fresh_div2k_0877,test,0.1,0.1001129150390625,0.01,2026,b9b9e1774af06dcd48202cbf25a9e9f14fd2f62d063e2939f73e34454dd22126,admm,1,31.44300926282481,0.8320806624507904
fresh_div2k_0877,DIV2K_fresh,fresh_div2k_0877,test,0.1,0.1001129150390625,0.01,2026,b9b9e1774af06dcd48202cbf25a9e9f14fd2f62d063e2939f73e34454dd22126,admm,2,34.53613459410746,0.9271208121585846
fresh_div2k_0877,DIV2K_fresh,fresh_div2k_0877,test,0.1,0.1001129150390625,0.01,2026,b9b9e1774af06dcd48202cbf25a9e9f14fd2f62d063e2939f73e34454dd22126,admm,3,35.599942663810126,0.9435799288730621
fresh_div2k_0877,DIV2K_fresh,fresh_div2k_0877,test,0.1,0.1001129150390625,0.01,2026,b9b9e1774af06dcd48202cbf25a9e9f14fd2f62d063e2939f73e34454dd22126,admm,4,36.056954935431456,0.9483231261339188
fresh_div2k_0877,DIV2K_fresh,fresh_div2k_0877,test,0.1,0.1001129150390625,0.01,2026,b9b9e1774af06dcd48202cbf25a9e9f14fd2f62d063e2939f73e34454dd22126,admm,5,36.55618880033308,0.9538776703624725
fresh_div2k_0877,DIV2K_fresh,fresh_div2k_0877,test,0.1,0.1001129150390625,0.01,2026,b9b9e1774af06dcd48202cbf25a9e9f14fd2f62d063e2939f73e34454dd22126,admm,6,36.84124068625158,0.9578932471342086
fresh_div2k_0877,DIV2K_fresh,fresh_div2k_0877,test,0.1,0.1001129150390625,0.01,2027,f90c5092e05e63c0a946c66a9bef9a11dca8410ae8d13a57b1dd2ff5afb9b385,hqs,1,31.591325207485387,0.8416194904351234
fresh_div2k_0877,DIV2K_fresh,fresh_div2k_0877,test,0.1,0.1001129150390625,0.01,2027,f90c5092e05e63c0a946c66a9bef9a11dca8410ae8d13a57b1dd2ff5afb9b385,hqs,2,34.02956870146457,0.9148639760398865
fresh_div2k_0877,DIV2K_fresh,fresh_div2k_0877,test,0.1,0.1001129150390625,0.01,2027,f90c5092e05e63c0a946c66a9bef9a11dca8410ae8d13a57b1dd2ff5afb9b385,hqs,3,35.41829314980618,0.9429589988703728
fresh_div2k_0877,DIV2K_fresh,fresh_div2k_0877,test,0.1,0.1001129150390625,0.01,2027,f90c5092e05e63c0a946c66a9bef9a11dca8410ae8d13a57b1dd2ff5afb9b385,hqs,4,36.17866782997425,0.9514677932071686
fresh_div2k_0877,DIV2K_fresh,fresh_div2k_0877,test,0.1,0.1001129150390625,0.01,2027,f90c5092e05e63c0a946c66a9bef9a11dca8410ae8d13a57b1dd2ff5afb9b385,hqs,5,36.562699768224014,0.9551360162453651
fresh_div2k_0877,DIV2K_fresh,fresh_div2k_0877,test,0.1,0.1001129150390625,0.01,2027,f90c5092e05e63c0a946c66a9bef9a11dca8410ae8d13a57b1dd2ff5afb9b385,hqs,6,36.838007553094094,0.9579086667261124
fresh_div2k_0877,DIV2K_fresh,fresh_div2k_0877,test,0.1,0.1001129150390625,0.01,2027,f90c5092e05e63c0a946c66a9bef9a11dca8410ae8d13a57b1dd2ff5afb9b385,admm,1,31.440613380630992,0.8321884471821785
fresh_div2k_0877,DIV2K_fresh,fresh_div2k_0877,test,0.1,0.1001129150390625,0.01,2027,f90c5092e05e63c0a946c66a9bef9a11dca8410ae8d13a57b1dd2ff5afb9b385,admm,2,34.53970091959143,0.9270734547133446
fresh_div2k_0877,DIV2K_fresh,fresh_div2k_0877,test,0.1,0.1001129150390625,0.01,2027,f90c5092e05e63c0a946c66a9bef9a11dca8410ae8d13a57b1dd2ff5afb9b385,admm,3,35.632385087836184,0.9438601889047623
fresh_div2k_0877,DIV2K_fresh,fresh_div2k_0877,test,0.1,0.1001129150390625,0.01,2027,f90c5092e05e63c0a946c66a9bef9a11dca8410ae8d13a57b1dd2ff5afb9b385,admm,4,36.119770638428534,0.948680741979599
fresh_div2k_0877,DIV2K_fresh,fresh_div2k_0877,test,0.1,0.1001129150390625,0.01,2027,f90c5092e05e63c0a946c66a9bef9a11dca8410ae8d13a57b1dd2ff5afb9b385,admm,5,36.643116425040084,0.9543560428123474
fresh_div2k_0877,DIV2K_fresh,fresh_div2k_0877,test,0.1,0.1001129150390625,0.01,2027,f90c5092e05e63c0a946c66a9bef9a11dca8410ae8d13a57b1dd2ff5afb9b385,admm,6,36.97021735642093,0.9585456209421158
fresh_div2k_0877,DIV2K_fresh,fresh_div2k_0877,test,0.1,0.1001129150390625,0.01,2028,de6870a0d5c819ac9ceb6fa62121456fe777702d562d7545368c41490144f107,hqs,1,31.59235984674812,0.8417191656894684
fresh_div2k_0877,DIV2K_fresh,fresh_div2k_0877,test,0.1,0.1001129150390625,0.01,2028,de6870a0d5c819ac9ceb6fa62121456fe777702d562d7545368c41490144f107,hqs,2,34.02661097724791,0.914982913781166
fresh_div2k_0877,DIV2K_fresh,fresh_div2k_0877,test,0.1,0.1001129150390625,0.01,2028,de6870a0d5c819ac9ceb6fa62121456fe777702d562d7545368c41490144f107,hqs,3,35.42005801578681,0.9432798736929894
fresh_div2k_0877,DIV2K_fresh,fresh_div2k_0877,test,0.1,0.1001129150390625,0.01,2028,de6870a0d5c819ac9ceb6fa62121456fe777702d562d7545368c41490144f107,hqs,4,36.15173862768128,0.9517608306040763
fresh_div2k_0877,DIV2K_fresh,fresh_div2k_0877,test,0.1,0.1001129150390625,0.01,2028,de6870a0d5c819ac9ceb6fa62121456fe777702d562d7545368c41490144f107,hqs,5,36.55749799291905,0.9555004580392837
fresh_div2k_0877,DIV2K_fresh,fresh_div2k_0877,test,0.1,0.1001129150390625,0.01,2028,de6870a0d5c819ac9ceb6fa62121456fe777702d562d7545368c41490144f107,hqs,6,36.83202936316506,0.9583035006980896
fresh_div2k_0877,DIV2K_fresh,fresh_div2k_0877,test,0.1,0.1001129150390625,0.01,2028,de6870a0d5c819ac9ceb6fa62121456fe777702d562d7545368c41490144f107,admm,1,31.442277471700947,0.8322795218234063
fresh_div2k_0877,DIV2K_fresh,fresh_div2k_0877,test,0.1,0.1001129150390625,0.01,2028,de6870a0d5c819ac9ceb6fa62121456fe777702d562d7545368c41490144f107,admm,2,34.533354723444795,0.9272041087894439
fresh_div2k_0877,DIV2K_fresh,fresh_div2k_0877,test,0.1,0.1001129150390625,0.01,2028,de6870a0d5c819ac9ceb6fa62121456fe777702d562d7545368c41490144f107,admm,3,35.61670505368163,0.9440032998838425
fresh_div2k_0877,DIV2K_fresh,fresh_div2k_0877,test,0.1,0.1001129150390625,0.01,2028,de6870a0d5c819ac9ceb6fa62121456fe777702d562d7545368c41490144f107,admm,4,36.1042316156622,0.9489447294244766
fresh_div2k_0877,DIV2K_fresh,fresh_div2k_0877,test,0.1,0.1001129150390625,0.01,2028,de6870a0d5c819ac9ceb6fa62121456fe777702d562d7545368c41490144f107,admm,5,36.64602487024554,0.9547724505252838
fresh_div2k_0877,DIV2K_fresh,fresh_div2k_0877,test,0.1,0.1001129150390625,0.01,2028,de6870a0d5c819ac9ceb6fa62121456fe777702d562d7545368c41490144f107,admm,6,36.98486684786666,0.9590450832309723
fresh_div2k_0877,DIV2K_fresh,fresh_div2k_0877,test,0.1,0.1001129150390625,0.05,2026,420b53feb8fb1f93cfbc69af78d55ca4713923049c6a92e2bbec921a21a2a080,hqs,1,31.27930058065809,0.8263838615460396
fresh_div2k_0877,DIV2K_fresh,fresh_div2k_0877,test,0.1,0.1001129150390625,0.05,2026,420b53feb8fb1f93cfbc69af78d55ca4713923049c6a92e2bbec921a21a2a080,hqs,2,33.2202925265547,0.8907749624295235
fresh_div2k_0877,DIV2K_fresh,fresh_div2k_0877,test,0.1,0.1001129150390625,0.05,2026,420b53feb8fb1f93cfbc69af78d55ca4713923049c6a92e2bbec921a21a2a080,hqs,3,33.80454055558297,0.90656155747509
fresh_div2k_0877,DIV2K_fresh,fresh_div2k_0877,test,0.1,0.1001129150390625,0.05,2026,420b53feb8fb1f93cfbc69af78d55ca4713923049c6a92e2bbec921a21a2a080,hqs,4,33.96093438796509,0.9108503726229668
fresh_div2k_0877,DIV2K_fresh,fresh_div2k_0877,test,0.1,0.1001129150390625,0.05,2026,420b53feb8fb1f93cfbc69af78d55ca4713923049c6a92e2bbec921a21a2a080,hqs,5,33.92853212739405,0.9091511077961921
fresh_div2k_0877,DIV2K_fresh,fresh_div2k_0877,test,0.1,0.1001129150390625,0.05,2026,420b53feb8fb1f93cfbc69af78d55ca4713923049c6a92e2bbec921a21a2a080,hqs,6,33.65677628244451,0.8990791814556122
fresh_div2k_0877,DIV2K_fresh,fresh_div2k_0877,test,0.1,0.1001129150390625,0.05,2026,420b53feb8fb1f93cfbc69af78d55ca4713923049c6a92e2bbec921a21a2a080,admm,1,31.165468159251773,0.8172671651403904
fresh_div2k_0877,DIV2K_fresh,fresh_div2k_0877,test,0.1,0.1001129150390625,0.05,2026,420b53feb8fb1f93cfbc69af78d55ca4713923049c6a92e2bbec921a21a2a080,admm,2,33.46652651301833,0.8973129929151535
fresh_div2k_0877,DIV2K_fresh,fresh_div2k_0877,test,0.1,0.1001129150390625,0.05,2026,420b53feb8fb1f93cfbc69af78d55ca4713923049c6a92e2bbec921a21a2a080,admm,3,33.51681352573407,0.8964287108850479
fresh_div2k_0877,DIV2K_fresh,fresh_div2k_0877,test,0.1,0.1001129150390625,0.05,2026,420b53feb8fb1f93cfbc69af78d55ca4713923049c6a92e2bbec921a21a2a080,admm,4,33.35333811194234,0.893333291554451
fresh_div2k_0877,DIV2K_fresh,fresh_div2k_0877,test,0.1,0.1001129150390625,0.05,2026,420b53feb8fb1f93cfbc69af78d55ca4713923049c6a92e2bbec921a21a2a080,admm,5,33.425497003539,0.8933495439472199
fresh_div2k_0877,DIV2K_fresh,fresh_div2k_0877,test,0.1,0.1001129150390625,0.05,2026,420b53feb8fb1f93cfbc69af78d55ca4713923049c6a92e2bbec921a21a2a080,admm,6,33.880446894740324,0.9087935639414787
fresh_div2k_0877,DIV2K_fresh,fresh_div2k_0877,test,0.1,0.1001129150390625,0.05,2027,1ffca9db6e4be4201e260938dea41000baaf319b0c73a606161cc015b948b9fe,hqs,1,31.26913442582737,0.8268501011619568
fresh_div2k_0877,DIV2K_fresh,fresh_div2k_0877,test,0.1,0.1001129150390625,0.05,2027,1ffca9db6e4be4201e260938dea41000baaf319b0c73a606161cc015b948b9fe,hqs,2,33.20660339114226,0.8913558840193748
fresh_div2k_0877,DIV2K_fresh,fresh_div2k_0877,test,0.1,0.1001129150390625,0.05,2027,1ffca9db6e4be4201e260938dea41000baaf319b0c73a606161cc015b948b9fe,hqs,3,33.8375041588524,0.9068524470629692
fresh_div2k_0877,DIV2K_fresh,fresh_div2k_0877,test,0.1,0.1001129150390625,0.05,2027,1ffca9db6e4be4201e260938dea41000baaf319b0c73a606161cc015b948b9fe,hqs,4,34.04817963891106,0.9116788990278244
fresh_div2k_0877,DIV2K_fresh,fresh_div2k_0877,test,0.1,0.1001129150390625,0.05,2027,1ffca9db6e4be4201e260938dea41000baaf319b0c73a606161cc015b948b9fe,hqs,5,34.022434728091476,0.9101381150479316
fresh_div2k_0877,DIV2K_fresh,fresh_div2k_0877,test,0.1,0.1001129150390625,0.05,2027,1ffca9db6e4be4201e260938dea41000baaf319b0c73a606161cc015b948b9fe,hqs,6,33.737559900069286,0.8998117367820739
fresh_div2k_0877,DIV2K_fresh,fresh_div2k_0877,test,0.1,0.1001129150390625,0.05,2027,1ffca9db6e4be4201e260938dea41000baaf319b0c73a606161cc015b948b9fe,admm,1,31.151231274642647,0.8178759962756634
fresh_div2k_0877,DIV2K_fresh,fresh_div2k_0877,test,0.1,0.1001129150390625,0.05,2027,1ffca9db6e4be4201e260938dea41000baaf319b0c73a606161cc015b948b9fe,admm,2,33.44757035013215,0.8973681355323792
fresh_div2k_0877,DIV2K_fresh,fresh_div2k_0877,test,0.1,0.1001129150390625,0.05,2027,1ffca9db6e4be4201e260938dea41000baaf319b0c73a606161cc015b948b9fe,admm,3,33.56157265970768,0.896779603890419
fresh_div2k_0877,DIV2K_fresh,fresh_div2k_0877,test,0.1,0.1001129150390625,0.05,2027,1ffca9db6e4be4201e260938dea41000baaf319b0c73a606161cc015b948b9fe,admm,4,33.48543405688709,0.8953762187108993
fresh_div2k_0877,DIV2K_fresh,fresh_div2k_0877,test,0.1,0.1001129150390625,0.05,2027,1ffca9db6e4be4201e260938dea41000baaf319b0c73a606161cc015b948b9fe,admm,5,33.5347123043151,0.895142986571312
fresh_div2k_0877,DIV2K_fresh,fresh_div2k_0877,test,0.1,0.1001129150390625,0.05,2027,1ffca9db6e4be4201e260938dea41000baaf319b0c73a606161cc015b948b9fe,admm,6,33.94499317938828,0.9104827206425666
fresh_div2k_0877,DIV2K_fresh,fresh_div2k_0877,test,0.1,0.1001129150390625,0.05,2028,ed3adb3d7a520042a81627e2afe79560ee57e1a7a969114fad67032ece28576a,hqs,1,31.273537064932825,0.827405066183567
fresh_div2k_0877,DIV2K_fresh,fresh_div2k_0877,test,0.1,0.1001129150390625,0.05,2028,ed3adb3d7a520042a81627e2afe79560ee57e1a7a969114fad67032ece28576a,hqs,2,33.1983456457346,0.8920155264267922
fresh_div2k_0877,DIV2K_fresh,fresh_div2k_0877,test,0.1,0.1001129150390625,0.05,2028,ed3adb3d7a520042a81627e2afe79560ee57e1a7a969114fad67032ece28576a,hqs,3,33.810061560584984,0.9074600361261368
fresh_div2k_0877,DIV2K_fresh,fresh_div2k_0877,test,0.1,0.1001129150390625,0.05,2028,ed3adb3d7a520042a81627e2afe79560ee57e1a7a969114fad67032ece28576a,hqs,4,34.007897261154966,0.9120029675784112
fresh_div2k_0877,DIV2K_fresh,fresh_div2k_0877,test,0.1,0.1001129150390625,0.05,2028,ed3adb3d7a520042a81627e2afe79560ee57e1a7a969114fad67032ece28576a,hqs,5,33.97929210469141,0.9103368346967697
fresh_div2k_0877,DIV2K_fresh,fresh_div2k_0877,test,0.1,0.1001129150390625,0.05,2028,ed3adb3d7a520042a81627e2afe79560ee57e1a7a969114fad67032ece28576a,hqs,6,33.71428087411694,0.9004006565294266
fresh_div2k_0877,DIV2K_fresh,fresh_div2k_0877,test,0.1,0.1001129150390625,0.05,2028,ed3adb3d7a520042a81627e2afe79560ee57e1a7a969114fad67032ece28576a,admm,1,31.14693315750387,0.8180935278916359
fresh_div2k_0877,DIV2K_fresh,fresh_div2k_0877,test,0.1,0.1001129150390625,0.05,2028,ed3adb3d7a520042a81627e2afe79560ee57e1a7a969114fad67032ece28576a,admm,2,33.42799547004076,0.8980735120825768
fresh_div2k_0877,DIV2K_fresh,fresh_div2k_0877,test,0.1,0.1001129150390625,0.05,2028,ed3adb3d7a520042a81627e2afe79560ee57e1a7a969114fad67032ece28576a,admm,3,33.52693984645171,0.8968202442746163
fresh_div2k_0877,DIV2K_fresh,fresh_div2k_0877,test,0.1,0.1001129150390625,0.05,2028,ed3adb3d7a520042a81627e2afe79560ee57e1a7a969114fad67032ece28576a,admm,4,33.43003574393919,0.894356696703434
fresh_div2k_0877,DIV2K_fresh,fresh_div2k_0877,test,0.1,0.1001129150390625,0.05,2028,ed3adb3d7a520042a81627e2afe79560ee57e1a7a969114fad67032ece28576a,admm,5,33.53164502394081,0.8955781507921219
fresh_div2k_0877,DIV2K_fresh,fresh_div2k_0877,test,0.1,0.1001129150390625,0.05,2028,ed3adb3d7a520042a81627e2afe79560ee57e1a7a969114fad67032ece28576a,admm,6,33.93256001047435,0.9098146794323921
fresh_div2k_0879,DIV2K_fresh,fresh_div2k_0879,test,0.01,0.01031494140625,0.0,2026,12d84d1acaf4790ff8a714c0c70dc3ba5b4ad3d259f6c723baa59cc65b6bfb46,hqs,1,19.127102865859346,0.46051920244427
fresh_div2k_0879,DIV2K_fresh,fresh_div2k_0879,test,0.01,0.01031494140625,0.0,2026,12d84d1acaf4790ff8a714c0c70dc3ba5b4ad3d259f6c723baa59cc65b6bfb46,hqs,2,19.481667098268517,0.5547405970856579
fresh_div2k_0879,DIV2K_fresh,fresh_div2k_0879,test,0.01,0.01031494140625,0.0,2026,12d84d1acaf4790ff8a714c0c70dc3ba5b4ad3d259f6c723baa59cc65b6bfb46,hqs,3,19.876519367183004,0.611461009207278
fresh_div2k_0879,DIV2K_fresh,fresh_div2k_0879,test,0.01,0.01031494140625,0.0,2026,12d84d1acaf4790ff8a714c0c70dc3ba5b4ad3d259f6c723baa59cc65b6bfb46,hqs,4,20.11686621192251,0.6428302848894801
fresh_div2k_0879,DIV2K_fresh,fresh_div2k_0879,test,0.01,0.01031494140625,0.0,2026,12d84d1acaf4790ff8a714c0c70dc3ba5b4ad3d259f6c723baa59cc65b6bfb46,hqs,5,20.217690773900383,0.6589683928613012
fresh_div2k_0879,DIV2K_fresh,fresh_div2k_0879,test,0.01,0.01031494140625,0.0,2026,12d84d1acaf4790ff8a714c0c70dc3ba5b4ad3d259f6c723baa59cc65b6bfb46,hqs,6,20.23978466268276,0.6675410163549477
fresh_div2k_0879,DIV2K_fresh,fresh_div2k_0879,test,0.01,0.01031494140625,0.0,2026,12d84d1acaf4790ff8a714c0c70dc3ba5b4ad3d259f6c723baa59cc65b6bfb46,admm,1,19.14698222984561,0.45864139302168727
fresh_div2k_0879,DIV2K_fresh,fresh_div2k_0879,test,0.01,0.01031494140625,0.0,2026,12d84d1acaf4790ff8a714c0c70dc3ba5b4ad3d259f6c723baa59cc65b6bfb46,admm,2,19.582213133641257,0.5765881268782943
fresh_div2k_0879,DIV2K_fresh,fresh_div2k_0879,test,0.01,0.01031494140625,0.0,2026,12d84d1acaf4790ff8a714c0c70dc3ba5b4ad3d259f6c723baa59cc65b6bfb46,admm,3,19.966211994444,0.62322142251148
fresh_div2k_0879,DIV2K_fresh,fresh_div2k_0879,test,0.01,0.01031494140625,0.0,2026,12d84d1acaf4790ff8a714c0c70dc3ba5b4ad3d259f6c723baa59cc65b6bfb46,admm,4,20.14718953441063,0.6497698914430031
fresh_div2k_0879,DIV2K_fresh,fresh_div2k_0879,test,0.01,0.01031494140625,0.0,2026,12d84d1acaf4790ff8a714c0c70dc3ba5b4ad3d259f6c723baa59cc65b6bfb46,admm,5,20.246330761061873,0.6594900230501974
fresh_div2k_0879,DIV2K_fresh,fresh_div2k_0879,test,0.01,0.01031494140625,0.0,2026,12d84d1acaf4790ff8a714c0c70dc3ba5b4ad3d259f6c723baa59cc65b6bfb46,admm,6,20.318174354826454,0.6720138580724163
fresh_div2k_0879,DIV2K_fresh,fresh_div2k_0879,test,0.04,0.041259765625,0.0,2026,707963fcb3e8c3bb930d6a27bbc862eedd5696a05da8dd42193401e9ca25da0a,hqs,1,21.775227910337204,0.5844498316838367
fresh_div2k_0879,DIV2K_fresh,fresh_div2k_0879,test,0.04,0.041259765625,0.0,2026,707963fcb3e8c3bb930d6a27bbc862eedd5696a05da8dd42193401e9ca25da0a,hqs,2,22.80760344726747,0.7184038724184453
fresh_div2k_0879,DIV2K_fresh,fresh_div2k_0879,test,0.04,0.041259765625,0.0,2026,707963fcb3e8c3bb930d6a27bbc862eedd5696a05da8dd42193401e9ca25da0a,hqs,3,23.47892517893758,0.7913402586604087
fresh_div2k_0879,DIV2K_fresh,fresh_div2k_0879,test,0.04,0.041259765625,0.0,2026,707963fcb3e8c3bb930d6a27bbc862eedd5696a05da8dd42193401e9ca25da0a,hqs,4,23.86577678309346,0.814971386914365
fresh_div2k_0879,DIV2K_fresh,fresh_div2k_0879,test,0.04,0.041259765625,0.0,2026,707963fcb3e8c3bb930d6a27bbc862eedd5696a05da8dd42193401e9ca25da0a,hqs,5,24.120973909815792,0.8280971015576762
fresh_div2k_0879,DIV2K_fresh,fresh_div2k_0879,test,0.04,0.041259765625,0.0,2026,707963fcb3e8c3bb930d6a27bbc862eedd5696a05da8dd42193401e9ca25da0a,hqs,6,24.345323814492247,0.8472104453868805
fresh_div2k_0879,DIV2K_fresh,fresh_div2k_0879,test,0.04,0.041259765625,0.0,2026,707963fcb3e8c3bb930d6a27bbc862eedd5696a05da8dd42193401e9ca25da0a,admm,1,21.712438883860603,0.5697784718247615
fresh_div2k_0879,DIV2K_fresh,fresh_div2k_0879,test,0.04,0.041259765625,0.0,2026,707963fcb3e8c3bb930d6a27bbc862eedd5696a05da8dd42193401e9ca25da0a,admm,2,22.958282843147938,0.7329208007297167
fresh_div2k_0879,DIV2K_fresh,fresh_div2k_0879,test,0.04,0.041259765625,0.0,2026,707963fcb3e8c3bb930d6a27bbc862eedd5696a05da8dd42193401e9ca25da0a,admm,3,23.64301626776666,0.804083407751456
fresh_div2k_0879,DIV2K_fresh,fresh_div2k_0879,test,0.04,0.041259765625,0.0,2026,707963fcb3e8c3bb930d6a27bbc862eedd5696a05da8dd42193401e9ca25da0a,admm,4,23.9627401028366,0.8201369669852462
fresh_div2k_0879,DIV2K_fresh,fresh_div2k_0879,test,0.04,0.041259765625,0.0,2026,707963fcb3e8c3bb930d6a27bbc862eedd5696a05da8dd42193401e9ca25da0a,admm,5,24.16302317378492,0.8280289171038512
fresh_div2k_0879,DIV2K_fresh,fresh_div2k_0879,test,0.04,0.041259765625,0.0,2026,707963fcb3e8c3bb930d6a27bbc862eedd5696a05da8dd42193401e9ca25da0a,admm,6,24.386893532723064,0.8453782026610458
fresh_div2k_0879,DIV2K_fresh,fresh_div2k_0879,test,0.1,0.1001129150390625,0.0,2026,84b914ca817d8ced02d36540c0d096559e226a8fb94b038d781ecffef1e262d6,hqs,1,24.139971179843414,0.698238443243023
fresh_div2k_0879,DIV2K_fresh,fresh_div2k_0879,test,0.1,0.1001129150390625,0.0,2026,84b914ca817d8ced02d36540c0d096559e226a8fb94b038d781ecffef1e262d6,hqs,2,25.649305588655217,0.8226598388609527
fresh_div2k_0879,DIV2K_fresh,fresh_div2k_0879,test,0.1,0.1001129150390625,0.0,2026,84b914ca817d8ced02d36540c0d096559e226a8fb94b038d781ecffef1e262d6,hqs,3,26.544198714839165,0.8825730921582486
fresh_div2k_0879,DIV2K_fresh,fresh_div2k_0879,test,0.1,0.1001129150390625,0.0,2026,84b914ca817d8ced02d36540c0d096559e226a8fb94b038d781ecffef1e262d6,hqs,4,27.027744486073622,0.8979085226320624
fresh_div2k_0879,DIV2K_fresh,fresh_div2k_0879,test,0.1,0.1001129150390625,0.0,2026,84b914ca817d8ced02d36540c0d096559e226a8fb94b038d781ecffef1e262d6,hqs,5,27.34528028230673,0.9089875962642431
fresh_div2k_0879,DIV2K_fresh,fresh_div2k_0879,test,0.1,0.1001129150390625,0.0,2026,84b914ca817d8ced02d36540c0d096559e226a8fb94b038d781ecffef1e262d6,hqs,6,27.58792344207672,0.9224051168447733
fresh_div2k_0879,DIV2K_fresh,fresh_div2k_0879,test,0.1,0.1001129150390625,0.0,2026,84b914ca817d8ced02d36540c0d096559e226a8fb94b038d781ecffef1e262d6,admm,1,24.02050023412066,0.6827181490876851
fresh_div2k_0879,DIV2K_fresh,fresh_div2k_0879,test,0.1,0.1001129150390625,0.0,2026,84b914ca817d8ced02d36540c0d096559e226a8fb94b038d781ecffef1e262d6,admm,2,25.858877920151535,0.8359842429764792
fresh_div2k_0879,DIV2K_fresh,fresh_div2k_0879,test,0.1,0.1001129150390625,0.0,2026,84b914ca817d8ced02d36540c0d096559e226a8fb94b038d781ecffef1e262d6,admm,3,26.71807136031008,0.8894489828188465
fresh_div2k_0879,DIV2K_fresh,fresh_div2k_0879,test,0.1,0.1001129150390625,0.0,2026,84b914ca817d8ced02d36540c0d096559e226a8fb94b038d781ecffef1e262d6,admm,4,27.050228879764326,0.8969254577578604
fresh_div2k_0879,DIV2K_fresh,fresh_div2k_0879,test,0.1,0.1001129150390625,0.0,2026,84b914ca817d8ced02d36540c0d096559e226a8fb94b038d781ecffef1e262d6,admm,5,27.347260375422575,0.9064504926507175
fresh_div2k_0879,DIV2K_fresh,fresh_div2k_0879,test,0.1,0.1001129150390625,0.0,2026,84b914ca817d8ced02d36540c0d096559e226a8fb94b038d781ecffef1e262d6,admm,6,27.638472372391117,0.9224841248453856
fresh_div2k_0879,DIV2K_fresh,fresh_div2k_0879,test,0.25,0.25,0.0,2026,04a681323f55974043ddb3df33b536927d96302f27139589bb6886e857c852ca,hqs,1,27.214689206597136,0.8133456697945022
fresh_div2k_0879,DIV2K_fresh,fresh_div2k_0879,test,0.25,0.25,0.0,2026,04a681323f55974043ddb3df33b536927d96302f27139589bb6886e857c852ca,hqs,2,29.273373985834983,0.9086072265622019
fresh_div2k_0879,DIV2K_fresh,fresh_div2k_0879,test,0.25,0.25,0.0,2026,04a681323f55974043ddb3df33b536927d96302f27139589bb6886e857c852ca,hqs,3,30.831360701735534,0.9510905669250488
fresh_div2k_0879,DIV2K_fresh,fresh_div2k_0879,test,0.25,0.25,0.0,2026,04a681323f55974043ddb3df33b536927d96302f27139589bb6886e857c852ca,hqs,4,31.883715748930072,0.9612851347107887
fresh_div2k_0879,DIV2K_fresh,fresh_div2k_0879,test,0.25,0.25,0.0,2026,04a681323f55974043ddb3df33b536927d96302f27139589bb6886e857c852ca,hqs,5,32.600813624137395,0.9673072361187934
fresh_div2k_0879,DIV2K_fresh,fresh_div2k_0879,test,0.25,0.25,0.0,2026,04a681323f55974043ddb3df33b536927d96302f27139589bb6886e857c852ca,hqs,6,33.18798700749265,0.976175124853611
fresh_div2k_0879,DIV2K_fresh,fresh_div2k_0879,test,0.25,0.25,0.0,2026,04a681323f55974043ddb3df33b536927d96302f27139589bb6886e857c852ca,admm,1,27.08223552470202,0.7998756678425679
fresh_div2k_0879,DIV2K_fresh,fresh_div2k_0879,test,0.25,0.25,0.0,2026,04a681323f55974043ddb3df33b536927d96302f27139589bb6886e857c852ca,admm,2,29.641979884197042,0.9205612949295044
fresh_div2k_0879,DIV2K_fresh,fresh_div2k_0879,test,0.25,0.25,0.0,2026,04a681323f55974043ddb3df33b536927d96302f27139589bb6886e857c852ca,admm,3,31.16226958409966,0.9506191147036552
fresh_div2k_0879,DIV2K_fresh,fresh_div2k_0879,test,0.25,0.25,0.0,2026,04a681323f55974043ddb3df33b536927d96302f27139589bb6886e857c852ca,admm,4,31.97323617288205,0.9566363755345344
fresh_div2k_0879,DIV2K_fresh,fresh_div2k_0879,test,0.25,0.25,0.0,2026,04a681323f55974043ddb3df33b536927d96302f27139589bb6886e857c852ca,admm,5,32.65682420775746,0.966060182281971
fresh_div2k_0879,DIV2K_fresh,fresh_div2k_0879,test,0.25,0.25,0.0,2026,04a681323f55974043ddb3df33b536927d96302f27139589bb6886e857c852ca,admm,6,33.270418871539874,0.9765145235824585
fresh_div2k_0879,DIV2K_fresh,fresh_div2k_0879,test,0.5,0.4998931884765625,0.0,2026,3959739b238073712a4296dab85fedf0f34ccbe7e9980898206226314de633d0,hqs,1,30.776432245871188,0.8996745989823342
fresh_div2k_0879,DIV2K_fresh,fresh_div2k_0879,test,0.5,0.4998931884765625,0.0,2026,3959739b238073712a4296dab85fedf0f34ccbe7e9980898206226314de633d0,hqs,2,33.582106089028834,0.9572866365046501
fresh_div2k_0879,DIV2K_fresh,fresh_div2k_0879,test,0.5,0.4998931884765625,0.0,2026,3959739b238073712a4296dab85fedf0f34ccbe7e9980898206226314de633d0,hqs,3,36.01017810502071,0.9815566072425842
fresh_div2k_0879,DIV2K_fresh,fresh_div2k_0879,test,0.5,0.4998931884765625,0.0,2026,3959739b238073712a4296dab85fedf0f34ccbe7e9980898206226314de633d0,hqs,4,37.852977072090006,0.9878590054168701
fresh_div2k_0879,DIV2K_fresh,fresh_div2k_0879,test,0.5,0.4998931884765625,0.0,2026,3959739b238073712a4296dab85fedf0f34ccbe7e9980898206226314de633d0,hqs,5,38.99942761356753,0.9900788290529251
fresh_div2k_0879,DIV2K_fresh,fresh_div2k_0879,test,0.5,0.4998931884765625,0.0,2026,3959739b238073712a4296dab85fedf0f34ccbe7e9980898206226314de633d0,hqs,6,39.82829714380858,0.99330894161129
fresh_div2k_0879,DIV2K_fresh,fresh_div2k_0879,test,0.5,0.4998931884765625,0.0,2026,3959739b238073712a4296dab85fedf0f34ccbe7e9980898206226314de633d0,admm,1,30.610174567472686,0.889663694829464
fresh_div2k_0879,DIV2K_fresh,fresh_div2k_0879,test,0.5,0.4998931884765625,0.0,2026,3959739b238073712a4296dab85fedf0f34ccbe7e9980898206226314de633d0,admm,2,34.15534371389456,0.9628358161659241
fresh_div2k_0879,DIV2K_fresh,fresh_div2k_0879,test,0.5,0.4998931884765625,0.0,2026,3959739b238073712a4296dab85fedf0f34ccbe7e9980898206226314de633d0,admm,3,36.63655338228103,0.9791662580795288
fresh_div2k_0879,DIV2K_fresh,fresh_div2k_0879,test,0.5,0.4998931884765625,0.0,2026,3959739b238073712a4296dab85fedf0f34ccbe7e9980898206226314de633d0,admm,4,37.72809556882267,0.9814633898258209
fresh_div2k_0879,DIV2K_fresh,fresh_div2k_0879,test,0.5,0.4998931884765625,0.0,2026,3959739b238073712a4296dab85fedf0f34ccbe7e9980898206226314de633d0,admm,5,38.76021332724393,0.9876789683713912
fresh_div2k_0879,DIV2K_fresh,fresh_div2k_0879,test,0.5,0.4998931884765625,0.0,2026,3959739b238073712a4296dab85fedf0f34ccbe7e9980898206226314de633d0,admm,6,39.882834409160985,0.9933852686662674
fresh_div2k_0879,DIV2K_fresh,fresh_div2k_0879,test,0.1,0.1001129150390625,0.01,2026,5f741fefcc866644055aacd2167a9653d1d5f53540e6ab855c10c55dbe623bbf,hqs,1,24.12725008844742,0.6970067820341959
fresh_div2k_0879,DIV2K_fresh,fresh_div2k_0879,test,0.1,0.1001129150390625,0.01,2026,5f741fefcc866644055aacd2167a9653d1d5f53540e6ab855c10c55dbe623bbf,hqs,2,25.61814812810932,0.8213582792863364
fresh_div2k_0879,DIV2K_fresh,fresh_div2k_0879,test,0.1,0.1001129150390625,0.01,2026,5f741fefcc866644055aacd2167a9653d1d5f53540e6ab855c10c55dbe623bbf,hqs,3,26.483284672771465,0.8814540112971906
fresh_div2k_0879,DIV2K_fresh,fresh_div2k_0879,test,0.1,0.1001129150390625,0.01,2026,5f741fefcc866644055aacd2167a9653d1d5f53540e6ab855c10c55dbe623bbf,hqs,4,26.90419647662924,0.8953613217169046
fresh_div2k_0879,DIV2K_fresh,fresh_div2k_0879,test,0.1,0.1001129150390625,0.01,2026,5f741fefcc866644055aacd2167a9653d1d5f53540e6ab855c10c55dbe623bbf,hqs,5,27.149030470017834,0.9061753696354627
fresh_div2k_0879,DIV2K_fresh,fresh_div2k_0879,test,0.1,0.1001129150390625,0.01,2026,5f741fefcc866644055aacd2167a9653d1d5f53540e6ab855c10c55dbe623bbf,hqs,6,27.280391056868723,0.9161474156450033
fresh_div2k_0879,DIV2K_fresh,fresh_div2k_0879,test,0.1,0.1001129150390625,0.01,2026,5f741fefcc866644055aacd2167a9653d1d5f53540e6ab855c10c55dbe623bbf,admm,1,24.00944673140372,0.681510525303511
fresh_div2k_0879,DIV2K_fresh,fresh_div2k_0879,test,0.1,0.1001129150390625,0.01,2026,5f741fefcc866644055aacd2167a9653d1d5f53540e6ab855c10c55dbe623bbf,admm,2,25.821708978185445,0.8337787543227635
fresh_div2k_0879,DIV2K_fresh,fresh_div2k_0879,test,0.1,0.1001129150390625,0.01,2026,5f741fefcc866644055aacd2167a9653d1d5f53540e6ab855c10c55dbe623bbf,admm,3,26.635329030275308,0.8872445419895053
fresh_div2k_0879,DIV2K_fresh,fresh_div2k_0879,test,0.1,0.1001129150390625,0.01,2026,5f741fefcc866644055aacd2167a9653d1d5f53540e6ab855c10c55dbe623bbf,admm,4,26.89468822963279,0.8924783387930989
fresh_div2k_0879,DIV2K_fresh,fresh_div2k_0879,test,0.1,0.1001129150390625,0.01,2026,5f741fefcc866644055aacd2167a9653d1d5f53540e6ab855c10c55dbe623bbf,admm,5,27.11212442073885,0.8988806274747848
fresh_div2k_0879,DIV2K_fresh,fresh_div2k_0879,test,0.1,0.1001129150390625,0.01,2026,5f741fefcc866644055aacd2167a9653d1d5f53540e6ab855c10c55dbe623bbf,admm,6,27.349653518191218,0.9175559921436309
fresh_div2k_0879,DIV2K_fresh,fresh_div2k_0879,test,0.1,0.1001129150390625,0.01,2027,9dd1461edc25dc7445e4b5a8c22428121c2d75ff6125476e5436dbf1f4466393,hqs,1,24.132830616890985,0.6968348388585858
fresh_div2k_0879,DIV2K_fresh,fresh_div2k_0879,test,0.1,0.1001129150390625,0.01,2027,9dd1461edc25dc7445e4b5a8c22428121c2d75ff6125476e5436dbf1f4466393,hqs,2,25.62955077414157,0.8212623624937795
fresh_div2k_0879,DIV2K_fresh,fresh_div2k_0879,test,0.1,0.1001129150390625,0.01,2027,9dd1461edc25dc7445e4b5a8c22428121c2d75ff6125476e5436dbf1f4466393,hqs,3,26.50796728922527,0.8816247665408552
fresh_div2k_0879,DIV2K_fresh,fresh_div2k_0879,test,0.1,0.1001129150390625,0.01,2027,9dd1461edc25dc7445e4b5a8c22428121c2d75ff6125476e5436dbf1f4466393,hqs,4,26.943264798071866,0.8960619321478009
fresh_div2k_0879,DIV2K_fresh,fresh_div2k_0879,test,0.1,0.1001129150390625,0.01,2027,9dd1461edc25dc7445e4b5a8c22428121c2d75ff6125476e5436dbf1f4466393,hqs,5,27.19659868641059,0.9071235803179741
fresh_div2k_0879,DIV2K_fresh,fresh_div2k_0879,test,0.1,0.1001129150390625,0.01,2027,9dd1461edc25dc7445e4b5a8c22428121c2d75ff6125476e5436dbf1f4466393,hqs,6,27.336521196234482,0.9173639375154972
fresh_div2k_0879,DIV2K_fresh,fresh_div2k_0879,test,0.1,0.1001129150390625,0.01,2027,9dd1461edc25dc7445e4b5a8c22428121c2d75ff6125476e5436dbf1f4466393,admm,1,24.013877542708336,0.6812879206396304
fresh_div2k_0879,DIV2K_fresh,fresh_div2k_0879,test,0.1,0.1001129150390625,0.01,2027,9dd1461edc25dc7445e4b5a8c22428121c2d75ff6125476e5436dbf1f4466393,admm,2,25.826198379586938,0.8332454788241759
fresh_div2k_0879,DIV2K_fresh,fresh_div2k_0879,test,0.1,0.1001129150390625,0.01,2027,9dd1461edc25dc7445e4b5a8c22428121c2d75ff6125476e5436dbf1f4466393,admm,3,26.65025175919674,0.8871069859319777
fresh_div2k_0879,DIV2K_fresh,fresh_div2k_0879,test,0.1,0.1001129150390625,0.01,2027,9dd1461edc25dc7445e4b5a8c22428121c2d75ff6125476e5436dbf1f4466393,admm,4,26.91886356643397,0.892738160553019
fresh_div2k_0879,DIV2K_fresh,fresh_div2k_0879,test,0.1,0.1001129150390625,0.01,2027,9dd1461edc25dc7445e4b5a8c22428121c2d75ff6125476e5436dbf1f4466393,admm,5,27.137794139805877,0.8985376324579716
fresh_div2k_0879,DIV2K_fresh,fresh_div2k_0879,test,0.1,0.1001129150390625,0.01,2027,9dd1461edc25dc7445e4b5a8c22428121c2d75ff6125476e5436dbf1f4466393,admm,6,27.393857777706508,0.918214631043911
fresh_div2k_0879,DIV2K_fresh,fresh_div2k_0879,test,0.1,0.1001129150390625,0.01,2028,ca2eea7252851cea10eaf4967449892c6b6ef9d05d521b2f09b86e2cad563b1e,hqs,1,24.12703415120509,0.6970711311111283
fresh_div2k_0879,DIV2K_fresh,fresh_div2k_0879,test,0.1,0.1001129150390625,0.01,2028,ca2eea7252851cea10eaf4967449892c6b6ef9d05d521b2f09b86e2cad563b1e,hqs,2,25.622430306046866,0.8213282780821146
fresh_div2k_0879,DIV2K_fresh,fresh_div2k_0879,test,0.1,0.1001129150390625,0.01,2028,ca2eea7252851cea10eaf4967449892c6b6ef9d05d521b2f09b86e2cad563b1e,hqs,3,26.487827170811006,0.8814531120724604
fresh_div2k_0879,DIV2K_fresh,fresh_div2k_0879,test,0.1,0.1001129150390625,0.01,2028,ca2eea7252851cea10eaf4967449892c6b6ef9d05d521b2f09b86e2cad563b1e,hqs,4,26.92750782814049,0.8960007965456843
fresh_div2k_0879,DIV2K_fresh,fresh_div2k_0879,test,0.1,0.1001129150390625,0.01,2028,ca2eea7252851cea10eaf4967449892c6b6ef9d05d521b2f09b86e2cad563b1e,hqs,5,27.192487498396083,0.9071197598153948
fresh_div2k_0879,DIV2K_fresh,fresh_div2k_0879,test,0.1,0.1001129150390625,0.01,2028,ca2eea7252851cea10eaf4967449892c6b6ef9d05d521b2f09b86e2cad563b1e,hqs,6,27.34241009999505,0.9172612605336905
fresh_div2k_0879,DIV2K_fresh,fresh_div2k_0879,test,0.1,0.1001129150390625,0.01,2028,ca2eea7252851cea10eaf4967449892c6b6ef9d05d521b2f09b86e2cad563b1e,admm,1,24.008838831195376,0.6814443814665032
fresh_div2k_0879,DIV2K_fresh,fresh_div2k_0879,test,0.1,0.1001129150390625,0.01,2028,ca2eea7252851cea10eaf4967449892c6b6ef9d05d521b2f09b86e2cad563b1e,admm,2,25.82352600404203,0.8334865901697874
fresh_div2k_0879,DIV2K_fresh,fresh_div2k_0879,test,0.1,0.1001129150390625,0.01,2028,ca2eea7252851cea10eaf4967449892c6b6ef9d05d521b2f09b86e2cad563b1e,admm,3,26.631814575219032,0.8869034137278795
fresh_div2k_0879,DIV2K_fresh,fresh_div2k_0879,test,0.1,0.1001129150390625,0.01,2028,ca2eea7252851cea10eaf4967449892c6b6ef9d05d521b2f09b86e2cad563b1e,admm,4,26.90608398807194,0.8927866978320479
fresh_div2k_0879,DIV2K_fresh,fresh_div2k_0879,test,0.1,0.1001129150390625,0.01,2028,ca2eea7252851cea10eaf4967449892c6b6ef9d05d521b2f09b86e2cad563b1e,admm,5,27.13905118447595,0.8994807233991623
fresh_div2k_0879,DIV2K_fresh,fresh_div2k_0879,test,0.1,0.1001129150390625,0.01,2028,ca2eea7252851cea10eaf4967449892c6b6ef9d05d521b2f09b86e2cad563b1e,admm,6,27.409883603372784,0.9184740930867196
fresh_div2k_0879,DIV2K_fresh,fresh_div2k_0879,test,0.1,0.1001129150390625,0.05,2026,4fc71d27878ef6a8868765c001dd1224ef4fc8b6875e3220b8724aa514377354,hqs,1,23.820041997872504,0.6654891945606148
fresh_div2k_0879,DIV2K_fresh,fresh_div2k_0879,test,0.1,0.1001129150390625,0.05,2026,4fc71d27878ef6a8868765c001dd1224ef4fc8b6875e3220b8724aa514377354,hqs,2,24.99746572096158,0.7828314002765105
fresh_div2k_0879,DIV2K_fresh,fresh_div2k_0879,test,0.1,0.1001129150390625,0.05,2026,4fc71d27878ef6a8868765c001dd1224ef4fc8b6875e3220b8724aa514377354,hqs,3,25.379599393140857,0.8099489643195867
fresh_div2k_0879,DIV2K_fresh,fresh_div2k_0879,test,0.1,0.1001129150390625,0.05,2026,4fc71d27878ef6a8868765c001dd1224ef4fc8b6875e3220b8724aa514377354,hqs,4,25.462126326972797,0.8331778919831346
fresh_div2k_0879,DIV2K_fresh,fresh_div2k_0879,test,0.1,0.1001129150390625,0.05,2026,4fc71d27878ef6a8868765c001dd1224ef4fc8b6875e3220b8724aa514377354,hqs,5,25.38899165476371,0.8274094707723558
fresh_div2k_0879,DIV2K_fresh,fresh_div2k_0879,test,0.1,0.1001129150390625,0.05,2026,4fc71d27878ef6a8868765c001dd1224ef4fc8b6875e3220b8724aa514377354,hqs,6,25.072532119265265,0.7845422971677333
fresh_div2k_0879,DIV2K_fresh,fresh_div2k_0879,test,0.1,0.1001129150390625,0.05,2026,4fc71d27878ef6a8868765c001dd1224ef4fc8b6875e3220b8724aa514377354,admm,1,23.72095157178364,0.6510224637871236
fresh_div2k_0879,DIV2K_fresh,fresh_div2k_0879,test,0.1,0.1001129150390625,0.05,2026,4fc71d27878ef6a8868765c001dd1224ef4fc8b6875e3220b8724aa514377354,admm,2,25.036795488724607,0.7716731631926094
fresh_div2k_0879,DIV2K_fresh,fresh_div2k_0879,test,0.1,0.1001129150390625,0.05,2026,4fc71d27878ef6a8868765c001dd1224ef4fc8b6875e3220b8724aa514377354,admm,3,25.126907421163555,0.7572499519423544
fresh_div2k_0879,DIV2K_fresh,fresh_div2k_0879,test,0.1,0.1001129150390625,0.05,2026,4fc71d27878ef6a8868765c001dd1224ef4fc8b6875e3220b8724aa514377354,admm,4,25.02586354236261,0.7679715082794288
fresh_div2k_0879,DIV2K_fresh,fresh_div2k_0879,test,0.1,0.1001129150390625,0.05,2026,4fc71d27878ef6a8868765c001dd1224ef4fc8b6875e3220b8724aa514377354,admm,5,24.80204780355951,0.7296846182275787
fresh_div2k_0879,DIV2K_fresh,fresh_div2k_0879,test,0.1,0.1001129150390625,0.05,2026,4fc71d27878ef6a8868765c001dd1224ef4fc8b6875e3220b8724aa514377354,admm,6,25.187680464404462,0.8172307054148652
fresh_div2k_0879,DIV2K_fresh,fresh_div2k_0879,test,0.1,0.1001129150390625,0.05,2027,f6fefd07c3cf3e5c262ec821aba1ace6b1c909618b5d58d948c778885a72a036,hqs,1,23.8345321461712,0.6643192695454974
fresh_div2k_0879,DIV2K_fresh,fresh_div2k_0879,test,0.1,0.1001129150390625,0.05,2027,f6fefd07c3cf3e5c262ec821aba1ace6b1c909618b5d58d948c778885a72a036,hqs,2,25.01173672280787,0.7795928990263119
fresh_div2k_0879,DIV2K_fresh,fresh_div2k_0879,test,0.1,0.1001129150390625,0.05,2027,f6fefd07c3cf3e5c262ec821aba1ace6b1c909618b5d58d948c778885a72a036,hqs,3,25.3679859862882,0.7999770616235211
fresh_div2k_0879,DIV2K_fresh,fresh_div2k_0879,test,0.1,0.1001129150390625,0.05,2027,f6fefd07c3cf3e5c262ec821aba1ace6b1c909618b5d58d948c778885a72a036,hqs,4,25.476006745845268,0.826900980895251
fresh_div2k_0879,DIV2K_fresh,fresh_div2k_0879,test,0.1,0.1001129150390625,0.05,2027,f6fefd07c3cf3e5c262ec821aba1ace6b1c909618b5d58d948c778885a72a036,hqs,5,25.419803192544492,0.8260532313908636
fresh_div2k_0879,DIV2K_fresh,fresh_div2k_0879,test,0.1,0.1001129150390625,0.05,2027,f6fefd07c3cf3e5c262ec821aba1ace6b1c909618b5d58d948c778885a72a036,hqs,6,25.08194075631456,0.7759036319878623
fresh_div2k_0879,DIV2K_fresh,fresh_div2k_0879,test,0.1,0.1001129150390625,0.05,2027,f6fefd07c3cf3e5c262ec821aba1ace6b1c909618b5d58d948c778885a72a036,admm,1,23.727373352864014,0.6493955591299336
fresh_div2k_0879,DIV2K_fresh,fresh_div2k_0879,test,0.1,0.1001129150390625,0.05,2027,f6fefd07c3cf3e5c262ec821aba1ace6b1c909618b5d58d948c778885a72a036,admm,2,25.02875820201364,0.7644206545028016
fresh_div2k_0879,DIV2K_fresh,fresh_div2k_0879,test,0.1,0.1001129150390625,0.05,2027,f6fefd07c3cf3e5c262ec821aba1ace6b1c909618b5d58d948c778885a72a036,admm,3,25.088278644155807,0.7433036641747783
fresh_div2k_0879,DIV2K_fresh,fresh_div2k_0879,test,0.1,0.1001129150390625,0.05,2027,f6fefd07c3cf3e5c262ec821aba1ace6b1c909618b5d58d948c778885a72a036,admm,4,25.03265621028861,0.7593149140402302
fresh_div2k_0879,DIV2K_fresh,fresh_div2k_0879,test,0.1,0.1001129150390625,0.05,2027,f6fefd07c3cf3e5c262ec821aba1ace6b1c909618b5d58d948c778885a72a036,admm,5,24.82266905349611,0.7263228930134251
fresh_div2k_0879,DIV2K_fresh,fresh_div2k_0879,test,0.1,0.1001129150390625,0.05,2027,f6fefd07c3cf3e5c262ec821aba1ace6b1c909618b5d58d948c778885a72a036,admm,6,25.262134060754136,0.8098291468739808
fresh_div2k_0879,DIV2K_fresh,fresh_div2k_0879,test,0.1,0.1001129150390625,0.05,2028,dcb269b247dd00d342dea0b734a5c324f3e788417bf5f6c42c408f39ae1a970e,hqs,1,23.82224992577543,0.6662872586684954
fresh_div2k_0879,DIV2K_fresh,fresh_div2k_0879,test,0.1,0.1001129150390625,0.05,2028,dcb269b247dd00d342dea0b734a5c324f3e788417bf5f6c42c408f39ae1a970e,hqs,2,25.000156182399994,0.7823762091376912
fresh_div2k_0879,DIV2K_fresh,fresh_div2k_0879,test,0.1,0.1001129150390625,0.05,2028,dcb269b247dd00d342dea0b734a5c324f3e788417bf5f6c42c408f39ae1a970e,hqs,3,25.334526289942026,0.8040517137999088
fresh_div2k_0879,DIV2K_fresh,fresh_div2k_0879,test,0.1,0.1001129150390625,0.05,2028,dcb269b247dd00d342dea0b734a5c324f3e788417bf5f6c42c408f39ae1a970e,hqs,4,25.42721169464881,0.8286066029433208
fresh_div2k_0879,DIV2K_fresh,fresh_div2k_0879,test,0.1,0.1001129150390625,0.05,2028,dcb269b247dd00d342dea0b734a5c324f3e788417bf5f6c42c408f39ae1a970e,hqs,5,25.40719415627865,0.8276186549340225
fresh_div2k_0879,DIV2K_fresh,fresh_div2k_0879,test,0.1,0.1001129150390625,0.05,2028,dcb269b247dd00d342dea0b734a5c324f3e788417bf5f6c42c408f39ae1a970e,hqs,6,25.131652879991663,0.7794078852962995
fresh_div2k_0879,DIV2K_fresh,fresh_div2k_0879,test,0.1,0.1001129150390625,0.05,2028,dcb269b247dd00d342dea0b734a5c324f3e788417bf5f6c42c408f39ae1a970e,admm,1,23.720418890422955,0.6510715853154063
fresh_div2k_0879,DIV2K_fresh,fresh_div2k_0879,test,0.1,0.1001129150390625,0.05,2028,dcb269b247dd00d342dea0b734a5c324f3e788417bf5f6c42c408f39ae1a970e,admm,2,25.035693688738267,0.7677072969698738
fresh_div2k_0879,DIV2K_fresh,fresh_div2k_0879,test,0.1,0.1001129150390625,0.05,2028,dcb269b247dd00d342dea0b734a5c324f3e788417bf5f6c42c408f39ae1a970e,admm,3,25.063260992727336,0.7505660102470517
fresh_div2k_0879,DIV2K_fresh,fresh_div2k_0879,test,0.1,0.1001129150390625,0.05,2028,dcb269b247dd00d342dea0b734a5c324f3e788417bf5f6c42c408f39ae1a970e,admm,4,24.973855498123775,0.761493378291361
fresh_div2k_0879,DIV2K_fresh,fresh_div2k_0879,test,0.1,0.1001129150390625,0.05,2028,dcb269b247dd00d342dea0b734a5c324f3e788417bf5f6c42c408f39ae1a970e,admm,5,24.830578705509268,0.7348323063050881
fresh_div2k_0879,DIV2K_fresh,fresh_div2k_0879,test,0.1,0.1001129150390625,0.05,2028,dcb269b247dd00d342dea0b734a5c324f3e788417bf5f6c42c408f39ae1a970e,admm,6,25.27468668416127,0.8173177440048606
fresh_div2k_0883,DIV2K_fresh,fresh_div2k_0883,test,0.01,0.01031494140625,0.0,2026,9b404f86af9c66398642d64290bb53964035543b28a981adb1491ec8add1b05a,hqs,1,18.750679849867556,0.3217896149382118
fresh_div2k_0883,DIV2K_fresh,fresh_div2k_0883,test,0.01,0.01031494140625,0.0,2026,9b404f86af9c66398642d64290bb53964035543b28a981adb1491ec8add1b05a,hqs,2,19.025474203267354,0.355831315849582
fresh_div2k_0883,DIV2K_fresh,fresh_div2k_0883,test,0.01,0.01031494140625,0.0,2026,9b404f86af9c66398642d64290bb53964035543b28a981adb1491ec8add1b05a,hqs,3,19.207947779594083,0.381214777553878
fresh_div2k_0883,DIV2K_fresh,fresh_div2k_0883,test,0.01,0.01031494140625,0.0,2026,9b404f86af9c66398642d64290bb53964035543b28a981adb1491ec8add1b05a,hqs,4,19.28798788528986,0.3923593502108855
fresh_div2k_0883,DIV2K_fresh,fresh_div2k_0883,test,0.01,0.01031494140625,0.0,2026,9b404f86af9c66398642d64290bb53964035543b28a981adb1491ec8add1b05a,hqs,5,19.33958620340369,0.3979989002200983
fresh_div2k_0883,DIV2K_fresh,fresh_div2k_0883,test,0.01,0.01031494140625,0.0,2026,9b404f86af9c66398642d64290bb53964035543b28a981adb1491ec8add1b05a,hqs,6,19.369031138168115,0.40928758120793735
fresh_div2k_0883,DIV2K_fresh,fresh_div2k_0883,test,0.01,0.01031494140625,0.0,2026,9b404f86af9c66398642d64290bb53964035543b28a981adb1491ec8add1b05a,admm,1,18.71756306347357,0.31566958010601504
fresh_div2k_0883,DIV2K_fresh,fresh_div2k_0883,test,0.01,0.01031494140625,0.0,2026,9b404f86af9c66398642d64290bb53964035543b28a981adb1491ec8add1b05a,admm,2,19.06739070860692,0.3617092138139597
fresh_div2k_0883,DIV2K_fresh,fresh_div2k_0883,test,0.01,0.01031494140625,0.0,2026,9b404f86af9c66398642d64290bb53964035543b28a981adb1491ec8add1b05a,admm,3,19.166142221673926,0.384990887967834
fresh_div2k_0883,DIV2K_fresh,fresh_div2k_0883,test,0.01,0.01031494140625,0.0,2026,9b404f86af9c66398642d64290bb53964035543b28a981adb1491ec8add1b05a,admm,4,19.175057668257327,0.39199818866528996
fresh_div2k_0883,DIV2K_fresh,fresh_div2k_0883,test,0.01,0.01031494140625,0.0,2026,9b404f86af9c66398642d64290bb53964035543b28a981adb1491ec8add1b05a,admm,5,19.197574718618853,0.3950655335288664
fresh_div2k_0883,DIV2K_fresh,fresh_div2k_0883,test,0.01,0.01031494140625,0.0,2026,9b404f86af9c66398642d64290bb53964035543b28a981adb1491ec8add1b05a,admm,6,19.233367358092362,0.3964484389192777
fresh_div2k_0883,DIV2K_fresh,fresh_div2k_0883,test,0.04,0.041259765625,0.0,2026,9d429baf2dee08d23e1f6b8fcbf4c7055d3e40bdcb25715dca726cb5d6d9d9d6,hqs,1,21.277351812427998,0.5279023027886187
fresh_div2k_0883,DIV2K_fresh,fresh_div2k_0883,test,0.04,0.041259765625,0.0,2026,9d429baf2dee08d23e1f6b8fcbf4c7055d3e40bdcb25715dca726cb5d6d9d9d6,hqs,2,22.00716509035923,0.5932726695809373
fresh_div2k_0883,DIV2K_fresh,fresh_div2k_0883,test,0.04,0.041259765625,0.0,2026,9d429baf2dee08d23e1f6b8fcbf4c7055d3e40bdcb25715dca726cb5d6d9d9d6,hqs,3,22.39744384077789,0.6295011418391382
fresh_div2k_0883,DIV2K_fresh,fresh_div2k_0883,test,0.04,0.041259765625,0.0,2026,9d429baf2dee08d23e1f6b8fcbf4c7055d3e40bdcb25715dca726cb5d6d9d9d6,hqs,4,22.56387200887646,0.6432776194245373
fresh_div2k_0883,DIV2K_fresh,fresh_div2k_0883,test,0.04,0.041259765625,0.0,2026,9d429baf2dee08d23e1f6b8fcbf4c7055d3e40bdcb25715dca726cb5d6d9d9d6,hqs,5,22.63836660693576,0.6489478964587364
fresh_div2k_0883,DIV2K_fresh,fresh_div2k_0883,test,0.04,0.041259765625,0.0,2026,9d429baf2dee08d23e1f6b8fcbf4c7055d3e40bdcb25715dca726cb5d6d9d9d6,hqs,6,22.682376391513905,0.6575469672373905
fresh_div2k_0883,DIV2K_fresh,fresh_div2k_0883,test,0.04,0.041259765625,0.0,2026,9d429baf2dee08d23e1f6b8fcbf4c7055d3e40bdcb25715dca726cb5d6d9d9d6,admm,1,21.191316283206014,0.5173728578556807
fresh_div2k_0883,DIV2K_fresh,fresh_div2k_0883,test,0.04,0.041259765625,0.0,2026,9d429baf2dee08d23e1f6b8fcbf4c7055d3e40bdcb25715dca726cb5d6d9d9d6,admm,2,22.077416089979017,0.6012187845542104
fresh_div2k_0883,DIV2K_fresh,fresh_div2k_0883,test,0.04,0.041259765625,0.0,2026,9d429baf2dee08d23e1f6b8fcbf4c7055d3e40bdcb25715dca726cb5d6d9d9d6,admm,3,22.405099261777547,0.6388433344546735
fresh_div2k_0883,DIV2K_fresh,fresh_div2k_0883,test,0.04,0.041259765625,0.0,2026,9d429baf2dee08d23e1f6b8fcbf4c7055d3e40bdcb25715dca726cb5d6d9d9d6,admm,4,22.531826027111958,0.6508282463571025
fresh_div2k_0883,DIV2K_fresh,fresh_div2k_0883,test,0.04,0.041259765625,0.0,2026,9d429baf2dee08d23e1f6b8fcbf4c7055d3e40bdcb25715dca726cb5d6d9d9d6,admm,5,22.616574615976084,0.6560663869420269
fresh_div2k_0883,DIV2K_fresh,fresh_div2k_0883,test,0.04,0.041259765625,0.0,2026,9d429baf2dee08d23e1f6b8fcbf4c7055d3e40bdcb25715dca726cb5d6d9d9d6,admm,6,22.711305916641837,0.6558795767366113
fresh_div2k_0883,DIV2K_fresh,fresh_div2k_0883,test,0.1,0.1001129150390625,0.0,2026,ccd79da2089af8acf167c1d169b2283121d04a81e71626c399e84c3c7c045b68,hqs,1,23.169106999823637,0.6674684068123168
fresh_div2k_0883,DIV2K_fresh,fresh_div2k_0883,test,0.1,0.1001129150390625,0.0,2026,ccd79da2089af8acf167c1d169b2283121d04a81e71626c399e84c3c7c045b68,hqs,2,24.101990078669083,0.7303113642341494
fresh_div2k_0883,DIV2K_fresh,fresh_div2k_0883,test,0.1,0.1001129150390625,0.0,2026,ccd79da2089af8acf167c1d169b2283121d04a81e71626c399e84c3c7c045b68,hqs,3,24.573903641384717,0.7618553595987707
fresh_div2k_0883,DIV2K_fresh,fresh_div2k_0883,test,0.1,0.1001129150390625,0.0,2026,ccd79da2089af8acf167c1d169b2283121d04a81e71626c399e84c3c7c045b68,hqs,4,24.710466872049487,0.7690319262060523
fresh_div2k_0883,DIV2K_fresh,fresh_div2k_0883,test,0.1,0.1001129150390625,0.0,2026,ccd79da2089af8acf167c1d169b2283121d04a81e71626c399e84c3c7c045b68,hqs,5,24.749621367486426,0.7731639872010052
fresh_div2k_0883,DIV2K_fresh,fresh_div2k_0883,test,0.1,0.1001129150390625,0.0,2026,ccd79da2089af8acf167c1d169b2283121d04a81e71626c399e84c3c7c045b68,hqs,6,24.74982561657061,0.7781495457997322
fresh_div2k_0883,DIV2K_fresh,fresh_div2k_0883,test,0.1,0.1001129150390625,0.0,2026,ccd79da2089af8acf167c1d169b2283121d04a81e71626c399e84c3c7c045b68,admm,1,23.08246954043441,0.6590298517407793
fresh_div2k_0883,DIV2K_fresh,fresh_div2k_0883,test,0.1,0.1001129150390625,0.0,2026,ccd79da2089af8acf167c1d169b2283121d04a81e71626c399e84c3c7c045b68,admm,2,24.267183900455525,0.7418839627331402
fresh_div2k_0883,DIV2K_fresh,fresh_div2k_0883,test,0.1,0.1001129150390625,0.0,2026,ccd79da2089af8acf167c1d169b2283121d04a81e71626c399e84c3c7c045b68,admm,3,24.62960304737901,0.7706486311280667
fresh_div2k_0883,DIV2K_fresh,fresh_div2k_0883,test,0.1,0.1001129150390625,0.0,2026,ccd79da2089af8acf167c1d169b2283121d04a81e71626c399e84c3c7c045b68,admm,4,24.673416833837972,0.7746781817161552
fresh_div2k_0883,DIV2K_fresh,fresh_div2k_0883,test,0.1,0.1001129150390625,0.0,2026,ccd79da2089af8acf167c1d169b2283121d04a81e71626c399e84c3c7c045b68,admm,5,24.697611541372908,0.776843191849649
fresh_div2k_0883,DIV2K_fresh,fresh_div2k_0883,test,0.1,0.1001129150390625,0.0,2026,ccd79da2089af8acf167c1d169b2283121d04a81e71626c399e84c3c7c045b68,admm,6,24.735930442079773,0.7757806464203596
fresh_div2k_0883,DIV2K_fresh,fresh_div2k_0883,test,0.25,0.25,0.0,2026,1930e333b8f4b12098b2c4053f4d6967b6c39cbdccee5c8a72cf93c05c7fea10,hqs,1,25.710554333200612,0.8055890992960706
fresh_div2k_0883,DIV2K_fresh,fresh_div2k_0883,test,0.25,0.25,0.0,2026,1930e333b8f4b12098b2c4053f4d6967b6c39cbdccee5c8a72cf93c05c7fea10,hqs,2,26.9023010646903,0.8555988176579475
fresh_div2k_0883,DIV2K_fresh,fresh_div2k_0883,test,0.25,0.25,0.0,2026,1930e333b8f4b12098b2c4053f4d6967b6c39cbdccee5c8a72cf93c05c7fea10,hqs,3,27.458412649006263,0.8768722615156174
fresh_div2k_0883,DIV2K_fresh,fresh_div2k_0883,test,0.25,0.25,0.0,2026,1930e333b8f4b12098b2c4053f4d6967b6c39cbdccee5c8a72cf93c05c7fea10,hqs,4,27.661498889057647,0.8818097253146172
fresh_div2k_0883,DIV2K_fresh,fresh_div2k_0883,test,0.25,0.25,0.0,2026,1930e333b8f4b12098b2c4053f4d6967b6c39cbdccee5c8a72cf93c05c7fea10,hqs,5,27.76968304723695,0.8853286341810226
fresh_div2k_0883,DIV2K_fresh,fresh_div2k_0883,test,0.25,0.25,0.0,2026,1930e333b8f4b12098b2c4053f4d6967b6c39cbdccee5c8a72cf93c05c7fea10,hqs,6,27.828046996689192,0.8897039208841324
fresh_div2k_0883,DIV2K_fresh,fresh_div2k_0883,test,0.25,0.25,0.0,2026,1930e333b8f4b12098b2c4053f4d6967b6c39cbdccee5c8a72cf93c05c7fea10,admm,1,25.62531044835923,0.8003896890900228
fresh_div2k_0883,DIV2K_fresh,fresh_div2k_0883,test,0.25,0.25,0.0,2026,1930e333b8f4b12098b2c4053f4d6967b6c39cbdccee5c8a72cf93c05c7fea10,admm,2,27.147500051237916,0.8645424416878223
fresh_div2k_0883,DIV2K_fresh,fresh_div2k_0883,test,0.25,0.25,0.0,2026,1930e333b8f4b12098b2c4053f4d6967b6c39cbdccee5c8a72cf93c05c7fea10,admm,3,27.578380116093726,0.8815767234063149
fresh_div2k_0883,DIV2K_fresh,fresh_div2k_0883,test,0.25,0.25,0.0,2026,1930e333b8f4b12098b2c4053f4d6967b6c39cbdccee5c8a72cf93c05c7fea10,admm,4,27.65538136138993,0.8840294188857079
fresh_div2k_0883,DIV2K_fresh,fresh_div2k_0883,test,0.25,0.25,0.0,2026,1930e333b8f4b12098b2c4053f4d6967b6c39cbdccee5c8a72cf93c05c7fea10,admm,5,27.762236729479646,0.887477846616745
fresh_div2k_0883,DIV2K_fresh,fresh_div2k_0883,test,0.25,0.25,0.0,2026,1930e333b8f4b12098b2c4053f4d6967b6c39cbdccee5c8a72cf93c05c7fea10,admm,6,27.853676461321243,0.8892256546368599
fresh_div2k_0883,DIV2K_fresh,fresh_div2k_0883,test,0.5,0.4998931884765625,0.0,2026,095eb096234566e3d7c012a60e0a40e38b68454c572781e7d7556f5046e54c29,hqs,1,28.864972656764515,0.9002594450016022
fresh_div2k_0883,DIV2K_fresh,fresh_div2k_0883,test,0.5,0.4998931884765625,0.0,2026,095eb096234566e3d7c012a60e0a40e38b68454c572781e7d7556f5046e54c29,hqs,2,30.43559265120011,0.9335617237176895
fresh_div2k_0883,DIV2K_fresh,fresh_div2k_0883,test,0.5,0.4998931884765625,0.0,2026,095eb096234566e3d7c012a60e0a40e38b68454c572781e7d7556f5046e54c29,hqs,3,31.22681110118696,0.946449135641098
fresh_div2k_0883,DIV2K_fresh,fresh_div2k_0883,test,0.5,0.4998931884765625,0.0,2026,095eb096234566e3d7c012a60e0a40e38b68454c572781e7d7556f5046e54c29,hqs,4,31.557839205408623,0.9497646596279145
fresh_div2k_0883,DIV2K_fresh,fresh_div2k_0883,test,0.5,0.4998931884765625,0.0,2026,095eb096234566e3d7c012a60e0a40e38b68454c572781e7d7556f5046e54c29,hqs,5,31.748531749932418,0.9523385161952972
fresh_div2k_0883,DIV2K_fresh,fresh_div2k_0883,test,0.5,0.4998931884765625,0.0,2026,095eb096234566e3d7c012a60e0a40e38b68454c572781e7d7556f5046e54c29,hqs,6,31.874964908439,0.9547048068523407
fresh_div2k_0883,DIV2K_fresh,fresh_div2k_0883,test,0.5,0.4998931884765625,0.0,2026,095eb096234566e3d7c012a60e0a40e38b68454c572781e7d7556f5046e54c29,admm,1,28.754108795325912,0.8972409282665252
fresh_div2k_0883,DIV2K_fresh,fresh_div2k_0883,test,0.5,0.4998931884765625,0.0,2026,095eb096234566e3d7c012a60e0a40e38b68454c572781e7d7556f5046e54c29,admm,2,30.67108343003364,0.9375288364152908
fresh_div2k_0883,DIV2K_fresh,fresh_div2k_0883,test,0.5,0.4998931884765625,0.0,2026,095eb096234566e3d7c012a60e0a40e38b68454c572781e7d7556f5046e54c29,admm,3,31.40495794380739,0.9480324425086976
fresh_div2k_0883,DIV2K_fresh,fresh_div2k_0883,test,0.5,0.4998931884765625,0.0,2026,095eb096234566e3d7c012a60e0a40e38b68454c572781e7d7556f5046e54c29,admm,4,31.578512264392216,0.9495038667182922
fresh_div2k_0883,DIV2K_fresh,fresh_div2k_0883,test,0.5,0.4998931884765625,0.0,2026,095eb096234566e3d7c012a60e0a40e38b68454c572781e7d7556f5046e54c29,admm,5,31.763844742690075,0.9522053036699295
fresh_div2k_0883,DIV2K_fresh,fresh_div2k_0883,test,0.5,0.4998931884765625,0.0,2026,095eb096234566e3d7c012a60e0a40e38b68454c572781e7d7556f5046e54c29,admm,6,31.88735122236823,0.9547330196895599
fresh_div2k_0883,DIV2K_fresh,fresh_div2k_0883,test,0.1,0.1001129150390625,0.01,2026,063b75338e73b6894a8bfa2e1bd0f12b95b51643ebdc41b66100620bf5b1f7a9,hqs,1,23.1527348089558,0.666754111916922
fresh_div2k_0883,DIV2K_fresh,fresh_div2k_0883,test,0.1,0.1001129150390625,0.01,2026,063b75338e73b6894a8bfa2e1bd0f12b95b51643ebdc41b66100620bf5b1f7a9,hqs,2,24.070875463300396,0.7291184493590481
fresh_div2k_0883,DIV2K_fresh,fresh_div2k_0883,test,0.1,0.1001129150390625,0.01,2026,063b75338e73b6894a8bfa2e1bd0f12b95b51643ebdc41b66100620bf5b1f7a9,hqs,3,24.5282665093794,0.760147110475419
fresh_div2k_0883,DIV2K_fresh,fresh_div2k_0883,test,0.1,0.1001129150390625,0.01,2026,063b75338e73b6894a8bfa2e1bd0f12b95b51643ebdc41b66100620bf5b1f7a9,hqs,4,24.659803115535503,0.76712233785218
fresh_div2k_0883,DIV2K_fresh,fresh_div2k_0883,test,0.1,0.1001129150390625,0.01,2026,063b75338e73b6894a8bfa2e1bd0f12b95b51643ebdc41b66100620bf5b1f7a9,hqs,5,24.69273313257631,0.7710306501258463
fresh_div2k_0883,DIV2K_fresh,fresh_div2k_0883,test,0.1,0.1001129150390625,0.01,2026,063b75338e73b6894a8bfa2e1bd0f12b95b51643ebdc41b66100620bf5b1f7a9,hqs,6,24.68217871992173,0.774784460960567
fresh_div2k_0883,DIV2K_fresh,fresh_div2k_0883,test,0.1,0.1001129150390625,0.01,2026,063b75338e73b6894a8bfa2e1bd0f12b95b51643ebdc41b66100620bf5b1f7a9,admm,1,23.066550068091033,0.6581695888713812
fresh_div2k_0883,DIV2K_fresh,fresh_div2k_0883,test,0.1,0.1001129150390625,0.01,2026,063b75338e73b6894a8bfa2e1bd0f12b95b51643ebdc41b66100620bf5b1f7a9,admm,2,24.229976522152107,0.7401442700589522
fresh_div2k_0883,DIV2K_fresh,fresh_div2k_0883,test,0.1,0.1001129150390625,0.01,2026,063b75338e73b6894a8bfa2e1bd0f12b95b51643ebdc41b66100620bf5b1f7a9,admm,3,24.574468264472223,0.7682023298108522
fresh_div2k_0883,DIV2K_fresh,fresh_div2k_0883,test,0.1,0.1001129150390625,0.01,2026,063b75338e73b6894a8bfa2e1bd0f12b95b51643ebdc41b66100620bf5b1f7a9,admm,4,24.611696113114093,0.7719384612963759
fresh_div2k_0883,DIV2K_fresh,fresh_div2k_0883,test,0.1,0.1001129150390625,0.01,2026,063b75338e73b6894a8bfa2e1bd0f12b95b51643ebdc41b66100620bf5b1f7a9,admm,5,24.62924013616393,0.7735954310426675
fresh_div2k_0883,DIV2K_fresh,fresh_div2k_0883,test,0.1,0.1001129150390625,0.01,2026,063b75338e73b6894a8bfa2e1bd0f12b95b51643ebdc41b66100620bf5b1f7a9,admm,6,24.672883733692895,0.7730959308101982
fresh_div2k_0883,DIV2K_fresh,fresh_div2k_0883,test,0.1,0.1001129150390625,0.01,2027,ba8c05a09f290d7751484af311d5eddb2b348fba2ffdc06378c85b2ecb2e2d23,hqs,1,23.150473742053002,0.6662230665955424
fresh_div2k_0883,DIV2K_fresh,fresh_div2k_0883,test,0.1,0.1001129150390625,0.01,2027,ba8c05a09f290d7751484af311d5eddb2b348fba2ffdc06378c85b2ecb2e2d23,hqs,2,24.06835262125318,0.7283740457880348
fresh_div2k_0883,DIV2K_fresh,fresh_div2k_0883,test,0.1,0.1001129150390625,0.01,2027,ba8c05a09f290d7751484af311d5eddb2b348fba2ffdc06378c85b2ecb2e2d23,hqs,3,24.526054137751466,0.7598202647166252
fresh_div2k_0883,DIV2K_fresh,fresh_div2k_0883,test,0.1,0.1001129150390625,0.01,2027,ba8c05a09f290d7751484af311d5eddb2b348fba2ffdc06378c85b2ecb2e2d23,hqs,4,24.655978555935164,0.7666911514938474
fresh_div2k_0883,DIV2K_fresh,fresh_div2k_0883,test,0.1,0.1001129150390625,0.01,2027,ba8c05a09f290d7751484af311d5eddb2b348fba2ffdc06378c85b2ecb2e2d23,hqs,5,24.692767174714483,0.7705867261452078
fresh_div2k_0883,DIV2K_fresh,fresh_div2k_0883,test,0.1,0.1001129150390625,0.01,2027,ba8c05a09f290d7751484af311d5eddb2b348fba2ffdc06378c85b2ecb2e2d23,hqs,6,24.68757811552813,0.7747646636817753
fresh_div2k_0883,DIV2K_fresh,fresh_div2k_0883,test,0.1,0.1001129150390625,0.01,2027,ba8c05a09f290d7751484af311d5eddb2b348fba2ffdc06378c85b2ecb2e2d23,admm,1,23.065816979043113,0.6578782807600901
fresh_div2k_0883,DIV2K_fresh,fresh_div2k_0883,test,0.1,0.1001129150390625,0.01,2027,ba8c05a09f290d7751484af311d5eddb2b348fba2ffdc06378c85b2ecb2e2d23,admm,2,24.227971987410847,0.7394276486357451
fresh_div2k_0883,DIV2K_fresh,fresh_div2k_0883,test,0.1,0.1001129150390625,0.01,2027,ba8c05a09f290d7751484af311d5eddb2b348fba2ffdc06378c85b2ecb2e2d23,admm,3,24.568030981818033,0.7676629056301676
fresh_div2k_0883,DIV2K_fresh,fresh_div2k_0883,test,0.1,0.1001129150390625,0.01,2027,ba8c05a09f290d7751484af311d5eddb2b348fba2ffdc06378c85b2ecb2e2d23,admm,4,24.604820777012918,0.7714745825865269
fresh_div2k_0883,DIV2K_fresh,fresh_div2k_0883,test,0.1,0.1001129150390625,0.01,2027,ba8c05a09f290d7751484af311d5eddb2b348fba2ffdc06378c85b2ecb2e2d23,admm,5,24.628328849831572,0.7732322728807628
fresh_div2k_0883,DIV2K_fresh,fresh_div2k_0883,test,0.1,0.1001129150390625,0.01,2027,ba8c05a09f290d7751484af311d5eddb2b348fba2ffdc06378c85b2ecb2e2d23,admm,6,24.684577018993863,0.7732603289799094
fresh_div2k_0883,DIV2K_fresh,fresh_div2k_0883,test,0.1,0.1001129150390625,0.01,2028,ec38060053efcc83fcfd09b6485cdfbb8434a3fa1664a9c389d0db07f697bf00,hqs,1,23.154831048610873,0.6665953680535385
fresh_div2k_0883,DIV2K_fresh,fresh_div2k_0883,test,0.1,0.1001129150390625,0.01,2028,ec38060053efcc83fcfd09b6485cdfbb8434a3fa1664a9c389d0db07f697bf00,hqs,2,24.0753106903108,0.7290606054837424
fresh_div2k_0883,DIV2K_fresh,fresh_div2k_0883,test,0.1,0.1001129150390625,0.01,2028,ec38060053efcc83fcfd09b6485cdfbb8434a3fa1664a9c389d0db07f697bf00,hqs,3,24.535865811631986,0.7602719876867468
fresh_div2k_0883,DIV2K_fresh,fresh_div2k_0883,test,0.1,0.1001129150390625,0.01,2028,ec38060053efcc83fcfd09b6485cdfbb8434a3fa1664a9c389d0db07f697bf00,hqs,4,24.665591498675944,0.7669424342457056
fresh_div2k_0883,DIV2K_fresh,fresh_div2k_0883,test,0.1,0.1001129150390625,0.01,2028,ec38060053efcc83fcfd09b6485cdfbb8434a3fa1664a9c389d0db07f697bf00,hqs,5,24.696104207877553,0.7705932876825035
fresh_div2k_0883,DIV2K_fresh,fresh_div2k_0883,test,0.1,0.1001129150390625,0.01,2028,ec38060053efcc83fcfd09b6485cdfbb8434a3fa1664a9c389d0db07f697bf00,hqs,6,24.683372774714286,0.7745324068498611
fresh_div2k_0883,DIV2K_fresh,fresh_div2k_0883,test,0.1,0.1001129150390625,0.01,2028,ec38060053efcc83fcfd09b6485cdfbb8434a3fa1664a9c389d0db07f697bf00,admm,1,23.068228663744307,0.6581897969966103
fresh_div2k_0883,DIV2K_fresh,fresh_div2k_0883,test,0.1,0.1001129150390625,0.01,2028,ec38060053efcc83fcfd09b6485cdfbb8434a3fa1664a9c389d0db07f697bf00,admm,2,24.23444827659134,0.7401850696758777
fresh_div2k_0883,DIV2K_fresh,fresh_div2k_0883,test,0.1,0.1001129150390625,0.01,2028,ec38060053efcc83fcfd09b6485cdfbb8434a3fa1664a9c389d0db07f697bf00,admm,3,24.58285332223822,0.7683839659913863
fresh_div2k_0883,DIV2K_fresh,fresh_div2k_0883,test,0.1,0.1001129150390625,0.01,2028,ec38060053efcc83fcfd09b6485cdfbb8434a3fa1664a9c389d0db07f697bf00,admm,4,24.619859975519095,0.7720126675427184
fresh_div2k_0883,DIV2K_fresh,fresh_div2k_0883,test,0.1,0.1001129150390625,0.01,2028,ec38060053efcc83fcfd09b6485cdfbb8434a3fa1664a9c389d0db07f697bf00,admm,5,24.63481775655293,0.7734520578566044
fresh_div2k_0883,DIV2K_fresh,fresh_div2k_0883,test,0.1,0.1001129150390625,0.01,2028,ec38060053efcc83fcfd09b6485cdfbb8434a3fa1664a9c389d0db07f697bf00,admm,6,24.680163799879896,0.7730219577412307
fresh_div2k_0883,DIV2K_fresh,fresh_div2k_0883,test,0.1,0.1001129150390625,0.05,2026,c5d4e6ef36b8e6a0b3188241246b3c414b7f3d463c8e9a68f9cb0f9687d1c686,hqs,1,22.75752056426007,0.6432885094583063
fresh_div2k_0883,DIV2K_fresh,fresh_div2k_0883,test,0.1,0.1001129150390625,0.05,2026,c5d4e6ef36b8e6a0b3188241246b3c414b7f3d463c8e9a68f9cb0f9687d1c686,hqs,2,23.44190729104354,0.6938106527591096
fresh_div2k_0883,DIV2K_fresh,fresh_div2k_0883,test,0.1,0.1001129150390625,0.05,2026,c5d4e6ef36b8e6a0b3188241246b3c414b7f3d463c8e9a68f9cb0f9687d1c686,hqs,3,23.645763069241625,0.7090513514435725
fresh_div2k_0883,DIV2K_fresh,fresh_div2k_0883,test,0.1,0.1001129150390625,0.05,2026,c5d4e6ef36b8e6a0b3188241246b3c414b7f3d463c8e9a68f9cb0f9687d1c686,hqs,4,23.71454357144819,0.7180613873936683
fresh_div2k_0883,DIV2K_fresh,fresh_div2k_0883,test,0.1,0.1001129150390625,0.05,2026,c5d4e6ef36b8e6a0b3188241246b3c414b7f3d463c8e9a68f9cb0f9687d1c686,hqs,5,23.704565098287503,0.718462687075857
fresh_div2k_0883,DIV2K_fresh,fresh_div2k_0883,test,0.1,0.1001129150390625,0.05,2026,c5d4e6ef36b8e6a0b3188241246b3c414b7f3d463c8e9a68f9cb0f9687d1c686,hqs,6,23.58278528558385,0.7103808428959176
fresh_div2k_0883,DIV2K_fresh,fresh_div2k_0883,test,0.1,0.1001129150390625,0.05,2026,c5d4e6ef36b8e6a0b3188241246b3c414b7f3d463c8e9a68f9cb0f9687d1c686,admm,1,22.68161294345341,0.6348024854423981
fresh_div2k_0883,DIV2K_fresh,fresh_div2k_0883,test,0.1,0.1001129150390625,0.05,2026,c5d4e6ef36b8e6a0b3188241246b3c414b7f3d463c8e9a68f9cb0f9687d1c686,admm,2,23.487897426262073,0.6956249891661145
fresh_div2k_0883,DIV2K_fresh,fresh_div2k_0883,test,0.1,0.1001129150390625,0.05,2026,c5d4e6ef36b8e6a0b3188241246b3c414b7f3d463c8e9a68f9cb0f9687d1c686,admm,3,23.501584412542172,0.7049642101874016
fresh_div2k_0883,DIV2K_fresh,fresh_div2k_0883,test,0.1,0.1001129150390625,0.05,2026,c5d4e6ef36b8e6a0b3188241246b3c414b7f3d463c8e9a68f9cb0f9687d1c686,admm,4,23.503889341719706,0.7108603481545509
fresh_div2k_0883,DIV2K_fresh,fresh_div2k_0883,test,0.1,0.1001129150390625,0.05,2026,c5d4e6ef36b8e6a0b3188241246b3c414b7f3d463c8e9a68f9cb0f9687d1c686,admm,5,23.461070188995826,0.7051540390894935
fresh_div2k_0883,DIV2K_fresh,fresh_div2k_0883,test,0.1,0.1001129150390625,0.05,2026,c5d4e6ef36b8e6a0b3188241246b3c414b7f3d463c8e9a68f9cb0f9687d1c686,admm,6,23.623604464663277,0.7168656421836354
fresh_div2k_0883,DIV2K_fresh,fresh_div2k_0883,test,0.1,0.1001129150390625,0.05,2027,694ef21a4ab37d08bd25af4aaf020474a1d8ceae6eb2e37f183456d8110eadad,hqs,1,22.753001396891136,0.6408637795619494
fresh_div2k_0883,DIV2K_fresh,fresh_div2k_0883,test,0.1,0.1001129150390625,0.05,2027,694ef21a4ab37d08bd25af4aaf020474a1d8ceae6eb2e37f183456d8110eadad,hqs,2,23.42211832215899,0.6894971051325872
fresh_div2k_0883,DIV2K_fresh,fresh_div2k_0883,test,0.1,0.1001129150390625,0.05,2027,694ef21a4ab37d08bd25af4aaf020474a1d8ceae6eb2e37f183456d8110eadad,hqs,3,23.613064598050798,0.7051038615225426
fresh_div2k_0883,DIV2K_fresh,fresh_div2k_0883,test,0.1,0.1001129150390625,0.05,2027,694ef21a4ab37d08bd25af4aaf020474a1d8ceae6eb2e37f183456d8110eadad,hqs,4,23.68560185945828,0.71470189997559
fresh_div2k_0883,DIV2K_fresh,fresh_div2k_0883,test,0.1,0.1001129150390625,0.05,2027,694ef21a4ab37d08bd25af4aaf020474a1d8ceae6eb2e37f183456d8110eadad,hqs,5,23.6775869059877,0.7158641623401344
fresh_div2k_0883,DIV2K_fresh,fresh_div2k_0883,test,0.1,0.1001129150390625,0.05,2027,694ef21a4ab37d08bd25af4aaf020474a1d8ceae6eb2e37f183456d8110eadad,hqs,6,23.55323447779491,0.7079475838057911
fresh_div2k_0883,DIV2K_fresh,fresh_div2k_0883,test,0.1,0.1001129150390625,0.05,2027,694ef21a4ab37d08bd25af4aaf020474a1d8ceae6eb2e37f183456d8110eadad,admm,1,22.682097467097332,0.6332093947104672
fresh_div2k_0883,DIV2K_fresh,fresh_div2k_0883,test,0.1,0.1001129150390625,0.05,2027,694ef21a4ab37d08bd25af4aaf020474a1d8ceae6eb2e37f183456d8110eadad,admm,2,23.46913764190901,0.6921658271965324
fresh_div2k_0883,DIV2K_fresh,fresh_div2k_0883,test,0.1,0.1001129150390625,0.05,2027,694ef21a4ab37d08bd25af4aaf020474a1d8ceae6eb2e37f183456d8110eadad,admm,3,23.45075681855215,0.7013356430215836
fresh_div2k_0883,DIV2K_fresh,fresh_div2k_0883,test,0.1,0.1001129150390625,0.05,2027,694ef21a4ab37d08bd25af4aaf020474a1d8ceae6eb2e37f183456d8110eadad,admm,4,23.431344526827544,0.7073509419058784
fresh_div2k_0883,DIV2K_fresh,fresh_div2k_0883,test,0.1,0.1001129150390625,0.05,2027,694ef21a4ab37d08bd25af4aaf020474a1d8ceae6eb2e37f183456d8110eadad,admm,5,23.3933357631334,0.7025631240558317
fresh_div2k_0883,DIV2K_fresh,fresh_div2k_0883,test,0.1,0.1001129150390625,0.05,2027,694ef21a4ab37d08bd25af4aaf020474a1d8ceae6eb2e37f183456d8110eadad,admm,6,23.560603238117,0.7133541523035317
fresh_div2k_0883,DIV2K_fresh,fresh_div2k_0883,test,0.1,0.1001129150390625,0.05,2028,374dd7929869148207a00477ac8088a6645941a8fae3d31faff207c02ee9437b,hqs,1,22.766794782376603,0.6441799967633339
fresh_div2k_0883,DIV2K_fresh,fresh_div2k_0883,test,0.1,0.1001129150390625,0.05,2028,374dd7929869148207a00477ac8088a6645941a8fae3d31faff207c02ee9437b,hqs,2,23.44224994921715,0.6942192843227583
fresh_div2k_0883,DIV2K_fresh,fresh_div2k_0883,test,0.1,0.1001129150390625,0.05,2028,374dd7929869148207a00477ac8088a6645941a8fae3d31faff207c02ee9437b,hqs,3,23.648417720857147,0.7089867565526847
fresh_div2k_0883,DIV2K_fresh,fresh_div2k_0883,test,0.1,0.1001129150390625,0.05,2028,374dd7929869148207a00477ac8088a6645941a8fae3d31faff207c02ee9437b,hqs,4,23.72417341047875,0.7180473943339736
fresh_div2k_0883,DIV2K_fresh,fresh_div2k_0883,test,0.1,0.1001129150390625,0.05,2028,374dd7929869148207a00477ac8088a6645941a8fae3d31faff207c02ee9437b,hqs,5,23.71163279715973,0.7182560147737188
fresh_div2k_0883,DIV2K_fresh,fresh_div2k_0883,test,0.1,0.1001129150390625,0.05,2028,374dd7929869148207a00477ac8088a6645941a8fae3d31faff207c02ee9437b,hqs,6,23.58027630375033,0.7098552138250545
fresh_div2k_0883,DIV2K_fresh,fresh_div2k_0883,test,0.1,0.1001129150390625,0.05,2028,374dd7929869148207a00477ac8088a6645941a8fae3d31faff207c02ee9437b,admm,1,22.691868551770362,0.635631032209393
fresh_div2k_0883,DIV2K_fresh,fresh_div2k_0883,test,0.1,0.1001129150390625,0.05,2028,374dd7929869148207a00477ac8088a6645941a8fae3d31faff207c02ee9437b,admm,2,23.49081672237627,0.6957145500056123
fresh_div2k_0883,DIV2K_fresh,fresh_div2k_0883,test,0.1,0.1001129150390625,0.05,2028,374dd7929869148207a00477ac8088a6645941a8fae3d31faff207c02ee9437b,admm,3,23.509356720151025,0.705349498052371
fresh_div2k_0883,DIV2K_fresh,fresh_div2k_0883,test,0.1,0.1001129150390625,0.05,2028,374dd7929869148207a00477ac8088a6645941a8fae3d31faff207c02ee9437b,admm,4,23.500119677403845,0.7100138939101175
fresh_div2k_0883,DIV2K_fresh,fresh_div2k_0883,test,0.1,0.1001129150390625,0.05,2028,374dd7929869148207a00477ac8088a6645941a8fae3d31faff207c02ee9437b,admm,5,23.461189304634512,0.7053349272579886
fresh_div2k_0883,DIV2K_fresh,fresh_div2k_0883,test,0.1,0.1001129150390625,0.05,2028,374dd7929869148207a00477ac8088a6645941a8fae3d31faff207c02ee9437b,admm,6,23.63130188733162,0.7171793271668367
fresh_div2k_0887,DIV2K_fresh,fresh_div2k_0887,test,0.01,0.01031494140625,0.0,2026,5dd328f1eced1eb31d6f82201a1adb0d02f5b983c6ce89545514f53f1a4e1a91,hqs,1,19.026351976671666,0.3913660779411196
fresh_div2k_0887,DIV2K_fresh,fresh_div2k_0887,test,0.01,0.01031494140625,0.0,2026,5dd328f1eced1eb31d6f82201a1adb0d02f5b983c6ce89545514f53f1a4e1a91,hqs,2,19.35591256655069,0.45371807955797167
fresh_div2k_0887,DIV2K_fresh,fresh_div2k_0887,test,0.01,0.01031494140625,0.0,2026,5dd328f1eced1eb31d6f82201a1adb0d02f5b983c6ce89545514f53f1a4e1a91,hqs,3,19.541367429223957,0.4841569204126148
fresh_div2k_0887,DIV2K_fresh,fresh_div2k_0887,test,0.01,0.01031494140625,0.0,2026,5dd328f1eced1eb31d6f82201a1adb0d02f5b983c6ce89545514f53f1a4e1a91,hqs,4,19.594830584516675,0.49281963114215327
fresh_div2k_0887,DIV2K_fresh,fresh_div2k_0887,test,0.01,0.01031494140625,0.0,2026,5dd328f1eced1eb31d6f82201a1adb0d02f5b983c6ce89545514f53f1a4e1a91,hqs,5,19.594056104272074,0.49676482498633384
fresh_div2k_0887,DIV2K_fresh,fresh_div2k_0887,test,0.01,0.01031494140625,0.0,2026,5dd328f1eced1eb31d6f82201a1adb0d02f5b983c6ce89545514f53f1a4e1a91,hqs,6,19.54786936830175,0.5057177437256517
fresh_div2k_0887,DIV2K_fresh,fresh_div2k_0887,test,0.01,0.01031494140625,0.0,2026,5dd328f1eced1eb31d6f82201a1adb0d02f5b983c6ce89545514f53f1a4e1a91,admm,1,19.01665197528254,0.3858467806851109
fresh_div2k_0887,DIV2K_fresh,fresh_div2k_0887,test,0.01,0.01031494140625,0.0,2026,5dd328f1eced1eb31d6f82201a1adb0d02f5b983c6ce89545514f53f1a4e1a91,admm,2,19.407219868347653,0.46111526558491484
fresh_div2k_0887,DIV2K_fresh,fresh_div2k_0887,test,0.01,0.01031494140625,0.0,2026,5dd328f1eced1eb31d6f82201a1adb0d02f5b983c6ce89545514f53f1a4e1a91,admm,3,19.559728875017168,0.48962870915752205
fresh_div2k_0887,DIV2K_fresh,fresh_div2k_0887,test,0.01,0.01031494140625,0.0,2026,5dd328f1eced1eb31d6f82201a1adb0d02f5b983c6ce89545514f53f1a4e1a91,admm,4,19.594586477998686,0.49804118378556206
fresh_div2k_0887,DIV2K_fresh,fresh_div2k_0887,test,0.01,0.01031494140625,0.0,2026,5dd328f1eced1eb31d6f82201a1adb0d02f5b983c6ce89545514f53f1a4e1a91,admm,5,19.588271672237568,0.5014409619103045
fresh_div2k_0887,DIV2K_fresh,fresh_div2k_0887,test,0.01,0.01031494140625,0.0,2026,5dd328f1eced1eb31d6f82201a1adb0d02f5b983c6ce89545514f53f1a4e1a91,admm,6,19.54349833738156,0.5024311660887516
fresh_div2k_0887,DIV2K_fresh,fresh_div2k_0887,test,0.04,0.041259765625,0.0,2026,7f4fb3ba12799ec41178a010179e86e3a934d0fec2e5e4424a600288a653b122,hqs,1,20.920738646588855,0.5217058734761351
fresh_div2k_0887,DIV2K_fresh,fresh_div2k_0887,test,0.04,0.041259765625,0.0,2026,7f4fb3ba12799ec41178a010179e86e3a934d0fec2e5e4424a600288a653b122,hqs,2,21.601144866304903,0.6109689394519211
fresh_div2k_0887,DIV2K_fresh,fresh_div2k_0887,test,0.04,0.041259765625,0.0,2026,7f4fb3ba12799ec41178a010179e86e3a934d0fec2e5e4424a600288a653b122,hqs,3,22.00708658125936,0.6596035770202109
fresh_div2k_0887,DIV2K_fresh,fresh_div2k_0887,test,0.04,0.041259765625,0.0,2026,7f4fb3ba12799ec41178a010179e86e3a934d0fec2e5e4424a600288a653b122,hqs,4,22.18906715948098,0.6769301794258981
fresh_div2k_0887,DIV2K_fresh,fresh_div2k_0887,test,0.04,0.041259765625,0.0,2026,7f4fb3ba12799ec41178a010179e86e3a934d0fec2e5e4424a600288a653b122,hqs,5,22.255536470086575,0.6832351803871831
fresh_div2k_0887,DIV2K_fresh,fresh_div2k_0887,test,0.04,0.041259765625,0.0,2026,7f4fb3ba12799ec41178a010179e86e3a934d0fec2e5e4424a600288a653b122,hqs,6,22.259215195927165,0.6956126931779782
fresh_div2k_0887,DIV2K_fresh,fresh_div2k_0887,test,0.04,0.041259765625,0.0,2026,7f4fb3ba12799ec41178a010179e86e3a934d0fec2e5e4424a600288a653b122,admm,1,20.874330361954495,0.5118411329899591
fresh_div2k_0887,DIV2K_fresh,fresh_div2k_0887,test,0.04,0.041259765625,0.0,2026,7f4fb3ba12799ec41178a010179e86e3a934d0fec2e5e4424a600288a653b122,admm,2,21.681089580789976,0.6222274840725032
fresh_div2k_0887,DIV2K_fresh,fresh_div2k_0887,test,0.04,0.041259765625,0.0,2026,7f4fb3ba12799ec41178a010179e86e3a934d0fec2e5e4424a600288a653b122,admm,3,22.057656427703286,0.6692910116216294
fresh_div2k_0887,DIV2K_fresh,fresh_div2k_0887,test,0.04,0.041259765625,0.0,2026,7f4fb3ba12799ec41178a010179e86e3a934d0fec2e5e4424a600288a653b122,admm,4,22.166482302528077,0.685143891079108
fresh_div2k_0887,DIV2K_fresh,fresh_div2k_0887,test,0.04,0.041259765625,0.0,2026,7f4fb3ba12799ec41178a010179e86e3a934d0fec2e5e4424a600288a653b122,admm,5,22.181837521187404,0.6891446929118634
fresh_div2k_0887,DIV2K_fresh,fresh_div2k_0887,test,0.04,0.041259765625,0.0,2026,7f4fb3ba12799ec41178a010179e86e3a934d0fec2e5e4424a600288a653b122,admm,6,22.173618094879952,0.6853255348592731
fresh_div2k_0887,DIV2K_fresh,fresh_div2k_0887,test,0.1,0.1001129150390625,0.0,2026,a3c7d818260dc227a1f00ffa2cc63a351c85814bbb1ac33895814b479e567db6,hqs,1,22.785595308985698,0.6468974413547963
fresh_div2k_0887,DIV2K_fresh,fresh_div2k_0887,test,0.1,0.1001129150390625,0.0,2026,a3c7d818260dc227a1f00ffa2cc63a351c85814bbb1ac33895814b479e567db6,hqs,2,23.751497631863966,0.7386968519512117
fresh_div2k_0887,DIV2K_fresh,fresh_div2k_0887,test,0.1,0.1001129150390625,0.0,2026,a3c7d818260dc227a1f00ffa2cc63a351c85814bbb1ac33895814b479e567db6,hqs,3,24.30184570290762,0.7869945741652623
fresh_div2k_0887,DIV2K_fresh,fresh_div2k_0887,test,0.1,0.1001129150390625,0.0,2026,a3c7d818260dc227a1f00ffa2cc63a351c85814bbb1ac33895814b479e567db6,hqs,4,24.56103178670942,0.7996177850844264
fresh_div2k_0887,DIV2K_fresh,fresh_div2k_0887,test,0.1,0.1001129150390625,0.0,2026,a3c7d818260dc227a1f00ffa2cc63a351c85814bbb1ac33895814b479e567db6,hqs,5,24.69678020173365,0.8081024121791124
fresh_div2k_0887,DIV2K_fresh,fresh_div2k_0887,test,0.1,0.1001129150390625,0.0,2026,a3c7d818260dc227a1f00ffa2cc63a351c85814bbb1ac33895814b479e567db6,hqs,6,24.770876298543335,0.8196971432049498
fresh_div2k_0887,DIV2K_fresh,fresh_div2k_0887,test,0.1,0.1001129150390625,0.0,2026,a3c7d818260dc227a1f00ffa2cc63a351c85814bbb1ac33895814b479e567db6,admm,1,22.710637609481893,0.6379733984395098
fresh_div2k_0887,DIV2K_fresh,fresh_div2k_0887,test,0.1,0.1001129150390625,0.0,2026,a3c7d818260dc227a1f00ffa2cc63a351c85814bbb1ac33895814b479e567db6,admm,2,23.873183665957313,0.7503673008422702
fresh_div2k_0887,DIV2K_fresh,fresh_div2k_0887,test,0.1,0.1001129150390625,0.0,2026,a3c7d818260dc227a1f00ffa2cc63a351c85814bbb1ac33895814b479e567db6,admm,3,24.374162591188394,0.7939013921359479
fresh_div2k_0887,DIV2K_fresh,fresh_div2k_0887,test,0.1,0.1001129150390625,0.0,2026,a3c7d818260dc227a1f00ffa2cc63a351c85814bbb1ac33895814b479e567db6,admm,4,24.552122904706494,0.8057297340586782
fresh_div2k_0887,DIV2K_fresh,fresh_div2k_0887,test,0.1,0.1001129150390625,0.0,2026,a3c7d818260dc227a1f00ffa2cc63a351c85814bbb1ac33895814b479e567db6,admm,5,24.66771648182272,0.8121273389841914
fresh_div2k_0887,DIV2K_fresh,fresh_div2k_0887,test,0.1,0.1001129150390625,0.0,2026,a3c7d818260dc227a1f00ffa2cc63a351c85814bbb1ac33895814b479e567db6,admm,6,24.756904211907006,0.8156844454271793
fresh_div2k_0887,DIV2K_fresh,fresh_div2k_0887,test,0.25,0.25,0.0,2026,4be3675a74b8aab6b09de411be3d2594a25132953981528b9dbb49f188158b88,hqs,1,25.45296076491214,0.7886830986981987
fresh_div2k_0887,DIV2K_fresh,fresh_div2k_0887,test,0.25,0.25,0.0,2026,4be3675a74b8aab6b09de411be3d2594a25132953981528b9dbb49f188158b88,hqs,2,26.859643032071062,0.8625657838908434
fresh_div2k_0887,DIV2K_fresh,fresh_div2k_0887,test,0.25,0.25,0.0,2026,4be3675a74b8aab6b09de411be3d2594a25132953981528b9dbb49f188158b88,hqs,3,27.741669826452153,0.8971893676600456
fresh_div2k_0887,DIV2K_fresh,fresh_div2k_0887,test,0.25,0.25,0.0,2026,4be3675a74b8aab6b09de411be3d2594a25132953981528b9dbb49f188158b88,hqs,4,28.246227235361964,0.9081658411200046
fresh_div2k_0887,DIV2K_fresh,fresh_div2k_0887,test,0.25,0.25,0.0,2026,4be3675a74b8aab6b09de411be3d2594a25132953981528b9dbb49f188158b88,hqs,5,28.576686297280496,0.9147979868986607
fresh_div2k_0887,DIV2K_fresh,fresh_div2k_0887,test,0.25,0.25,0.0,2026,4be3675a74b8aab6b09de411be3d2594a25132953981528b9dbb49f188158b88,hqs,6,28.816630714871,0.9236512682685852
fresh_div2k_0887,DIV2K_fresh,fresh_div2k_0887,test,0.25,0.25,0.0,2026,4be3675a74b8aab6b09de411be3d2594a25132953981528b9dbb49f188158b88,admm,1,25.358680260704446,0.7800708697249293
fresh_div2k_0887,DIV2K_fresh,fresh_div2k_0887,test,0.25,0.25,0.0,2026,4be3675a74b8aab6b09de411be3d2594a25132953981528b9dbb49f188158b88,admm,2,27.079755713170982,0.8716744982274771
fresh_div2k_0887,DIV2K_fresh,fresh_div2k_0887,test,0.25,0.25,0.0,2026,4be3675a74b8aab6b09de411be3d2594a25132953981528b9dbb49f188158b88,admm,3,27.962595580393106,0.9024022181564569
fresh_div2k_0887,DIV2K_fresh,fresh_div2k_0887,test,0.25,0.25,0.0,2026,4be3675a74b8aab6b09de411be3d2594a25132953981528b9dbb49f188158b88,admm,4,28.338185103149932,0.9101363427419662
fresh_div2k_0887,DIV2K_fresh,fresh_div2k_0887,test,0.25,0.25,0.0,2026,4be3675a74b8aab6b09de411be3d2594a25132953981528b9dbb49f188158b88,admm,5,28.609154252387373,0.9162897150082588
fresh_div2k_0887,DIV2K_fresh,fresh_div2k_0887,test,0.25,0.25,0.0,2026,4be3675a74b8aab6b09de411be3d2594a25132953981528b9dbb49f188158b88,admm,6,28.81888105447954,0.9227794492783546
fresh_div2k_0887,DIV2K_fresh,fresh_div2k_0887,test,0.5,0.4998931884765625,0.0,2026,d7dd7044612adbe97902ab6c3c6362e248ad5221874749c1d1e178386f093750,hqs,1,28.69051882274432,0.8916665377054215
fresh_div2k_0887,DIV2K_fresh,fresh_div2k_0887,test,0.5,0.4998931884765625,0.0,2026,d7dd7044612adbe97902ab6c3c6362e248ad5221874749c1d1e178386f093750,hqs,2,30.647867008498046,0.9365134811019897
fresh_div2k_0887,DIV2K_fresh,fresh_div2k_0887,test,0.5,0.4998931884765625,0.0,2026,d7dd7044612adbe97902ab6c3c6362e248ad5221874749c1d1e178386f093750,hqs,3,32.137022436560414,0.9583665237903595
fresh_div2k_0887,DIV2K_fresh,fresh_div2k_0887,test,0.5,0.4998931884765625,0.0,2026,d7dd7044612adbe97902ab6c3c6362e248ad5221874749c1d1e178386f093750,hqs,4,33.151541427678936,0.9660054102659226
fresh_div2k_0887,DIV2K_fresh,fresh_div2k_0887,test,0.5,0.4998931884765625,0.0,2026,d7dd7044612adbe97902ab6c3c6362e248ad5221874749c1d1e178386f093750,hqs,5,33.821809506975725,0.9704118717803956
fresh_div2k_0887,DIV2K_fresh,fresh_div2k_0887,test,0.5,0.4998931884765625,0.0,2026,d7dd7044612adbe97902ab6c3c6362e248ad5221874749c1d1e178386f093750,hqs,6,34.26862288002302,0.9748042458381653
fresh_div2k_0887,DIV2K_fresh,fresh_div2k_0887,test,0.5,0.4998931884765625,0.0,2026,d7dd7044612adbe97902ab6c3c6362e248ad5221874749c1d1e178386f093750,admm,1,28.618335984911635,0.8847078365178108
fresh_div2k_0887,DIV2K_fresh,fresh_div2k_0887,test,0.5,0.4998931884765625,0.0,2026,d7dd7044612adbe97902ab6c3c6362e248ad5221874749c1d1e178386f093750,admm,2,31.000360686668277,0.9405726196012497
fresh_div2k_0887,DIV2K_fresh,fresh_div2k_0887,test,0.5,0.4998931884765625,0.0,2026,d7dd7044612adbe97902ab6c3c6362e248ad5221874749c1d1e178386f093750,admm,3,32.60610444366273,0.9595325532560348
fresh_div2k_0887,DIV2K_fresh,fresh_div2k_0887,test,0.5,0.4998931884765625,0.0,2026,d7dd7044612adbe97902ab6c3c6362e248ad5221874749c1d1e178386f093750,admm,4,33.34975232505202,0.9639627296047211
fresh_div2k_0887,DIV2K_fresh,fresh_div2k_0887,test,0.5,0.4998931884765625,0.0,2026,d7dd7044612adbe97902ab6c3c6362e248ad5221874749c1d1e178386f093750,admm,5,33.88140446994983,0.9693659252824783
fresh_div2k_0887,DIV2K_fresh,fresh_div2k_0887,test,0.5,0.4998931884765625,0.0,2026,d7dd7044612adbe97902ab6c3c6362e248ad5221874749c1d1e178386f093750,admm,6,34.320646139529515,0.9748114383163452
fresh_div2k_0887,DIV2K_fresh,fresh_div2k_0887,test,0.1,0.1001129150390625,0.01,2026,86c1bf079fc299d7dd685852fd937fe69248319d924e10add05c842b3d232d58,hqs,1,22.76652006301123,0.6451296982964649
fresh_div2k_0887,DIV2K_fresh,fresh_div2k_0887,test,0.1,0.1001129150390625,0.01,2026,86c1bf079fc299d7dd685852fd937fe69248319d924e10add05c842b3d232d58,hqs,2,23.717620829180888,0.73653904894346
fresh_div2k_0887,DIV2K_fresh,fresh_div2k_0887,test,0.1,0.1001129150390625,0.01,2026,86c1bf079fc299d7dd685852fd937fe69248319d924e10add05c842b3d232d58,hqs,3,24.24532871617483,0.7847251369018554
fresh_div2k_0887,DIV2K_fresh,fresh_div2k_0887,test,0.1,0.1001129150390625,0.01,2026,86c1bf079fc299d7dd685852fd937fe69248319d924e10add05c842b3d232d58,hqs,4,24.482847046730516,0.7960400166802406
fresh_div2k_0887,DIV2K_fresh,fresh_div2k_0887,test,0.1,0.1001129150390625,0.01,2026,86c1bf079fc299d7dd685852fd937fe69248319d924e10add05c842b3d232d58,hqs,5,24.59688802022049,0.8038810672014952
fresh_div2k_0887,DIV2K_fresh,fresh_div2k_0887,test,0.1,0.1001129150390625,0.01,2026,86c1bf079fc299d7dd685852fd937fe69248319d924e10add05c842b3d232d58,hqs,6,24.638402251688703,0.8134765780750066
fresh_div2k_0887,DIV2K_fresh,fresh_div2k_0887,test,0.1,0.1001129150390625,0.01,2026,86c1bf079fc299d7dd685852fd937fe69248319d924e10add05c842b3d232d58,admm,1,22.693096780253605,0.6363615680392664
fresh_div2k_0887,DIV2K_fresh,fresh_div2k_0887,test,0.1,0.1001129150390625,0.01,2026,86c1bf079fc299d7dd685852fd937fe69248319d924e10add05c842b3d232d58,admm,2,23.83511532602006,0.7474529591201767
fresh_div2k_0887,DIV2K_fresh,fresh_div2k_0887,test,0.1,0.1001129150390625,0.01,2026,86c1bf079fc299d7dd685852fd937fe69248319d924e10add05c842b3d232d58,admm,3,24.308510312950965,0.7904244650188983
fresh_div2k_0887,DIV2K_fresh,fresh_div2k_0887,test,0.1,0.1001129150390625,0.01,2026,86c1bf079fc299d7dd685852fd937fe69248319d924e10add05c842b3d232d58,admm,4,24.455067166346787,0.8009721456831693
fresh_div2k_0887,DIV2K_fresh,fresh_div2k_0887,test,0.1,0.1001129150390625,0.01,2026,86c1bf079fc299d7dd685852fd937fe69248319d924e10add05c842b3d232d58,admm,5,24.54130273235119,0.8051177100619078
fresh_div2k_0887,DIV2K_fresh,fresh_div2k_0887,test,0.1,0.1001129150390625,0.01,2026,86c1bf079fc299d7dd685852fd937fe69248319d924e10add05c842b3d232d58,admm,6,24.62881371643931,0.8105767629636527
fresh_div2k_0887,DIV2K_fresh,fresh_div2k_0887,test,0.1,0.1001129150390625,0.01,2027,75b92d7967f27afbdfcef977fe080f46885c456cf8c128e517cc59b3c9f6d182,hqs,1,22.766637578343175,0.644667994518891
fresh_div2k_0887,DIV2K_fresh,fresh_div2k_0887,test,0.1,0.1001129150390625,0.01,2027,75b92d7967f27afbdfcef977fe080f46885c456cf8c128e517cc59b3c9f6d182,hqs,2,23.717097306493137,0.736185196515575
fresh_div2k_0887,DIV2K_fresh,fresh_div2k_0887,test,0.1,0.1001129150390625,0.01,2027,75b92d7967f27afbdfcef977fe080f46885c456cf8c128e517cc59b3c9f6d182,hqs,3,24.253282289158857,0.7849822845818903
fresh_div2k_0887,DIV2K_fresh,fresh_div2k_0887,test,0.1,0.1001129150390625,0.01,2027,75b92d7967f27afbdfcef977fe080f46885c456cf8c128e517cc59b3c9f6d182,hqs,4,24.49151257130394,0.7968022753727436
fresh_div2k_0887,DIV2K_fresh,fresh_div2k_0887,test,0.1,0.1001129150390625,0.01,2027,75b92d7967f27afbdfcef977fe080f46885c456cf8c128e517cc59b3c9f6d182,hqs,5,24.600852680632187,0.8049765066441298
fresh_div2k_0887,DIV2K_fresh,fresh_div2k_0887,test,0.1,0.1001129150390625,0.01,2027,75b92d7967f27afbdfcef977fe080f46885c456cf8c128e517cc59b3c9f6d182,hqs,6,24.629792938281273,0.8136037388194204
fresh_div2k_0887,DIV2K_fresh,fresh_div2k_0887,test,0.1,0.1001129150390625,0.01,2027,75b92d7967f27afbdfcef977fe080f46885c456cf8c128e517cc59b3c9f6d182,admm,1,22.691087518196213,0.6358405108444996
fresh_div2k_0887,DIV2K_fresh,fresh_div2k_0887,test,0.1,0.1001129150390625,0.01,2027,75b92d7967f27afbdfcef977fe080f46885c456cf8c128e517cc59b3c9f6d182,admm,2,23.830848456740824,0.7470868882898987
fresh_div2k_0887,DIV2K_fresh,fresh_div2k_0887,test,0.1,0.1001129150390625,0.01,2027,75b92d7967f27afbdfcef977fe080f46885c456cf8c128e517cc59b3c9f6d182,admm,3,24.306477735617193,0.790157535618782
fresh_div2k_0887,DIV2K_fresh,fresh_div2k_0887,test,0.1,0.1001129150390625,0.01,2027,75b92d7967f27afbdfcef977fe080f46885c456cf8c128e517cc59b3c9f6d182,admm,4,24.454327401938798,0.8008417283085286
fresh_div2k_0887,DIV2K_fresh,fresh_div2k_0887,test,0.1,0.1001129150390625,0.01,2027,75b92d7967f27afbdfcef977fe080f46885c456cf8c128e517cc59b3c9f6d182,admm,5,24.53647888112707,0.8052546557344497
fresh_div2k_0887,DIV2K_fresh,fresh_div2k_0887,test,0.1,0.1001129150390625,0.01,2027,75b92d7967f27afbdfcef977fe080f46885c456cf8c128e517cc59b3c9f6d182,admm,6,24.61329396414564,0.810485655533284
fresh_div2k_0887,DIV2K_fresh,fresh_div2k_0887,test,0.1,0.1001129150390625,0.01,2028,8ab6ed1fd123fdac07e07044ccffcdc50cfde45eb988faf75497bfe45565caa2,hqs,1,22.769222885238662,0.6450188088085786
fresh_div2k_0887,DIV2K_fresh,fresh_div2k_0887,test,0.1,0.1001129150390625,0.01,2028,8ab6ed1fd123fdac07e07044ccffcdc50cfde45eb988faf75497bfe45565caa2,hqs,2,23.71342535742691,0.7361546259593964
fresh_div2k_0887,DIV2K_fresh,fresh_div2k_0887,test,0.1,0.1001129150390625,0.01,2028,8ab6ed1fd123fdac07e07044ccffcdc50cfde45eb988faf75497bfe45565caa2,hqs,3,24.23838001703496,0.7848744357813001
fresh_div2k_0887,DIV2K_fresh,fresh_div2k_0887,test,0.1,0.1001129150390625,0.01,2028,8ab6ed1fd123fdac07e07044ccffcdc50cfde45eb988faf75497bfe45565caa2,hqs,4,24.466636403770647,0.7963729071096107
fresh_div2k_0887,DIV2K_fresh,fresh_div2k_0887,test,0.1,0.1001129150390625,0.01,2028,8ab6ed1fd123fdac07e07044ccffcdc50cfde45eb988faf75497bfe45565caa2,hqs,5,24.576041492143514,0.8040008136001527
fresh_div2k_0887,DIV2K_fresh,fresh_div2k_0887,test,0.1,0.1001129150390625,0.01,2028,8ab6ed1fd123fdac07e07044ccffcdc50cfde45eb988faf75497bfe45565caa2,hqs,6,24.609305527190344,0.812947169329375
fresh_div2k_0887,DIV2K_fresh,fresh_div2k_0887,test,0.1,0.1001129150390625,0.01,2028,8ab6ed1fd123fdac07e07044ccffcdc50cfde45eb988faf75497bfe45565caa2,admm,1,22.695190303326985,0.6361194008181169
fresh_div2k_0887,DIV2K_fresh,fresh_div2k_0887,test,0.1,0.1001129150390625,0.01,2028,8ab6ed1fd123fdac07e07044ccffcdc50cfde45eb988faf75497bfe45565caa2,admm,2,23.830011490653522,0.7472444048355221
fresh_div2k_0887,DIV2K_fresh,fresh_div2k_0887,test,0.1,0.1001129150390625,0.01,2028,8ab6ed1fd123fdac07e07044ccffcdc50cfde45eb988faf75497bfe45565caa2,admm,3,24.29637417619996,0.7901879356101239
fresh_div2k_0887,DIV2K_fresh,fresh_div2k_0887,test,0.1,0.1001129150390625,0.01,2028,8ab6ed1fd123fdac07e07044ccffcdc50cfde45eb988faf75497bfe45565caa2,admm,4,24.427763212455886,0.8005745533158407
fresh_div2k_0887,DIV2K_fresh,fresh_div2k_0887,test,0.1,0.1001129150390625,0.01,2028,8ab6ed1fd123fdac07e07044ccffcdc50cfde45eb988faf75497bfe45565caa2,admm,5,24.50893863102504,0.8048607772812247
fresh_div2k_0887,DIV2K_fresh,fresh_div2k_0887,test,0.1,0.1001129150390625,0.01,2028,8ab6ed1fd123fdac07e07044ccffcdc50cfde45eb988faf75497bfe45565caa2,admm,6,24.595255586182326,0.8100033861121684
fresh_div2k_0887,DIV2K_fresh,fresh_div2k_0887,test,0.1,0.1001129150390625,0.05,2026,50b4f1c67de88691e8753711f58119bf4c430b899567586172cdf37c2851dafa,hqs,1,22.289852586988367,0.5813988612283417
fresh_div2k_0887,DIV2K_fresh,fresh_div2k_0887,test,0.1,0.1001129150390625,0.05,2026,50b4f1c67de88691e8753711f58119bf4c430b899567586172cdf37c2851dafa,hqs,2,22.99969086774686,0.6675254203896448
fresh_div2k_0887,DIV2K_fresh,fresh_div2k_0887,test,0.1,0.1001129150390625,0.05,2026,50b4f1c67de88691e8753711f58119bf4c430b899567586172cdf37c2851dafa,hqs,3,23.20464545453756,0.6841339174462817
fresh_div2k_0887,DIV2K_fresh,fresh_div2k_0887,test,0.1,0.1001129150390625,0.05,2026,50b4f1c67de88691e8753711f58119bf4c430b899567586172cdf37c2851dafa,hqs,4,23.309137017282012,0.7050122268098294
fresh_div2k_0887,DIV2K_fresh,fresh_div2k_0887,test,0.1,0.1001129150390625,0.05,2026,50b4f1c67de88691e8753711f58119bf4c430b899567586172cdf37c2851dafa,hqs,5,23.30604945858452,0.7081994367697313
fresh_div2k_0887,DIV2K_fresh,fresh_div2k_0887,test,0.1,0.1001129150390625,0.05,2026,50b4f1c67de88691e8753711f58119bf4c430b899567586172cdf37c2851dafa,hqs,6,23.11572378680765,0.6795152370368168
fresh_div2k_0887,DIV2K_fresh,fresh_div2k_0887,test,0.1,0.1001129150390625,0.05,2026,50b4f1c67de88691e8753711f58119bf4c430b899567586172cdf37c2851dafa,admm,1,22.28985223838209,0.5920462452156073
fresh_div2k_0887,DIV2K_fresh,fresh_div2k_0887,test,0.1,0.1001129150390625,0.05,2026,50b4f1c67de88691e8753711f58119bf4c430b899567586172cdf37c2851dafa,admm,2,23.036419215158737,0.6687671231764126
fresh_div2k_0887,DIV2K_fresh,fresh_div2k_0887,test,0.1,0.1001129150390625,0.05,2026,50b4f1c67de88691e8753711f58119bf4c430b899567586172cdf37c2851dafa,admm,3,23.035457900277695,0.664250062435999
fresh_div2k_0887,DIV2K_fresh,fresh_div2k_0887,test,0.1,0.1001129150390625,0.05,2026,50b4f1c67de88691e8753711f58119bf4c430b899567586172cdf37c2851dafa,admm,4,23.029864228223865,0.6802356497530005
fresh_div2k_0887,DIV2K_fresh,fresh_div2k_0887,test,0.1,0.1001129150390625,0.05,2026,50b4f1c67de88691e8753711f58119bf4c430b899567586172cdf37c2851dafa,admm,5,22.96750278345524,0.6615198750690165
fresh_div2k_0887,DIV2K_fresh,fresh_div2k_0887,test,0.1,0.1001129150390625,0.05,2026,50b4f1c67de88691e8753711f58119bf4c430b899567586172cdf37c2851dafa,admm,6,23.212536110295186,0.7012856994434371
fresh_div2k_0887,DIV2K_fresh,fresh_div2k_0887,test,0.1,0.1001129150390625,0.05,2027,d48b9f579967e4a0cb5644a44d9e1c792ed98e92d56e8b195824a4a8e28c0cea,hqs,1,22.29931936232742,0.5810186525820982
fresh_div2k_0887,DIV2K_fresh,fresh_div2k_0887,test,0.1,0.1001129150390625,0.05,2027,d48b9f579967e4a0cb5644a44d9e1c792ed98e92d56e8b195824a4a8e28c0cea,hqs,2,23.015411603917787,0.6664622782494146
fresh_div2k_0887,DIV2K_fresh,fresh_div2k_0887,test,0.1,0.1001129150390625,0.05,2027,d48b9f579967e4a0cb5644a44d9e1c792ed98e92d56e8b195824a4a8e28c0cea,hqs,3,23.212311068337993,0.6796372199837528
fresh_div2k_0887,DIV2K_fresh,fresh_div2k_0887,test,0.1,0.1001129150390625,0.05,2027,d48b9f579967e4a0cb5644a44d9e1c792ed98e92d56e8b195824a4a8e28c0cea,hqs,4,23.3331161105809,0.7060609569491894
fresh_div2k_0887,DIV2K_fresh,fresh_div2k_0887,test,0.1,0.1001129150390625,0.05,2027,d48b9f579967e4a0cb5644a44d9e1c792ed98e92d56e8b195824a4a8e28c0cea,hqs,5,23.317087143181404,0.7082617908615358
fresh_div2k_0887,DIV2K_fresh,fresh_div2k_0887,test,0.1,0.1001129150390625,0.05,2027,d48b9f579967e4a0cb5644a44d9e1c792ed98e92d56e8b195824a4a8e28c0cea,hqs,6,23.103047269485128,0.6777220150946193
fresh_div2k_0887,DIV2K_fresh,fresh_div2k_0887,test,0.1,0.1001129150390625,0.05,2027,d48b9f579967e4a0cb5644a44d9e1c792ed98e92d56e8b195824a4a8e28c0cea,admm,1,22.286277411641233,0.5887404824489644
fresh_div2k_0887,DIV2K_fresh,fresh_div2k_0887,test,0.1,0.1001129150390625,0.05,2027,d48b9f579967e4a0cb5644a44d9e1c792ed98e92d56e8b195824a4a8e28c0cea,admm,2,23.037894725605028,0.6654661758780372
fresh_div2k_0887,DIV2K_fresh,fresh_div2k_0887,test,0.1,0.1001129150390625,0.05,2027,d48b9f579967e4a0cb5644a44d9e1c792ed98e92d56e8b195824a4a8e28c0cea,admm,3,23.061082655110695,0.6622643232931895
fresh_div2k_0887,DIV2K_fresh,fresh_div2k_0887,test,0.1,0.1001129150390625,0.05,2027,d48b9f579967e4a0cb5644a44d9e1c792ed98e92d56e8b195824a4a8e28c0cea,admm,4,23.069205704916715,0.6778497468347214
fresh_div2k_0887,DIV2K_fresh,fresh_div2k_0887,test,0.1,0.1001129150390625,0.05,2027,d48b9f579967e4a0cb5644a44d9e1c792ed98e92d56e8b195824a4a8e28c0cea,admm,5,23.006544783736853,0.6646458893964552
fresh_div2k_0887,DIV2K_fresh,fresh_div2k_0887,test,0.1,0.1001129150390625,0.05,2027,d48b9f579967e4a0cb5644a44d9e1c792ed98e92d56e8b195824a4a8e28c0cea,admm,6,23.206124952615248,0.7029377966170556
fresh_div2k_0887,DIV2K_fresh,fresh_div2k_0887,test,0.1,0.1001129150390625,0.05,2028,0d2218a5e646769244653cb2421aed73d2102ca714ebdd78ab77ca3537a4db65,hqs,1,22.32015792785689,0.588756421816793
fresh_div2k_0887,DIV2K_fresh,fresh_div2k_0887,test,0.1,0.1001129150390625,0.05,2028,0d2218a5e646769244653cb2421aed73d2102ca714ebdd78ab77ca3537a4db65,hqs,2,22.9910288823486,0.6676830044830124
fresh_div2k_0887,DIV2K_fresh,fresh_div2k_0887,test,0.1,0.1001129150390625,0.05,2028,0d2218a5e646769244653cb2421aed73d2102ca714ebdd78ab77ca3537a4db65,hqs,3,23.1555059255073,0.6758061701072036
fresh_div2k_0887,DIV2K_fresh,fresh_div2k_0887,test,0.1,0.1001129150390625,0.05,2028,0d2218a5e646769244653cb2421aed73d2102ca714ebdd78ab77ca3537a4db65,hqs,4,23.255741663916673,0.7000775188597701
fresh_div2k_0887,DIV2K_fresh,fresh_div2k_0887,test,0.1,0.1001129150390625,0.05,2028,0d2218a5e646769244653cb2421aed73d2102ca714ebdd78ab77ca3537a4db65,hqs,5,23.233737224558467,0.7020742610913515
fresh_div2k_0887,DIV2K_fresh,fresh_div2k_0887,test,0.1,0.1001129150390625,0.05,2028,0d2218a5e646769244653cb2421aed73d2102ca714ebdd78ab77ca3537a4db65,hqs,6,23.02780832955345,0.6723239946046322
fresh_div2k_0887,DIV2K_fresh,fresh_div2k_0887,test,0.1,0.1001129150390625,0.05,2028,0d2218a5e646769244653cb2421aed73d2102ca714ebdd78ab77ca3537a4db65,admm,1,22.295467762417935,0.5901642113452223
fresh_div2k_0887,DIV2K_fresh,fresh_div2k_0887,test,0.1,0.1001129150390625,0.05,2028,0d2218a5e646769244653cb2421aed73d2102ca714ebdd78ab77ca3537a4db65,admm,2,23.00733001219387,0.6618657461802545
fresh_div2k_0887,DIV2K_fresh,fresh_div2k_0887,test,0.1,0.1001129150390625,0.05,2028,0d2218a5e646769244653cb2421aed73d2102ca714ebdd78ab77ca3537a4db65,admm,3,22.990277130899067,0.6573808117988162
fresh_div2k_0887,DIV2K_fresh,fresh_div2k_0887,test,0.1,0.1001129150390625,0.05,2028,0d2218a5e646769244653cb2421aed73d2102ca714ebdd78ab77ca3537a4db65,admm,4,22.953138227684754,0.6725271241267007
fresh_div2k_0887,DIV2K_fresh,fresh_div2k_0887,test,0.1,0.1001129150390625,0.05,2028,0d2218a5e646769244653cb2421aed73d2102ca714ebdd78ab77ca3537a4db65,admm,5,22.869707826344143,0.6595853561094049
fresh_div2k_0887,DIV2K_fresh,fresh_div2k_0887,test,0.1,0.1001129150390625,0.05,2028,0d2218a5e646769244653cb2421aed73d2102ca714ebdd78ab77ca3537a4db65,admm,6,23.070264191758802,0.6943974959794953
fresh_div2k_0889,DIV2K_fresh,fresh_div2k_0889,test,0.01,0.01031494140625,0.0,2026,b00d7ff566671aafe988280faacb46a60b0546457edffd39b12e2b36a9f3526e,hqs,1,16.486699975927543,0.22817920054466787
fresh_div2k_0889,DIV2K_fresh,fresh_div2k_0889,test,0.01,0.01031494140625,0.0,2026,b00d7ff566671aafe988280faacb46a60b0546457edffd39b12e2b36a9f3526e,hqs,2,16.663933975311828,0.23867755827655446
fresh_div2k_0889,DIV2K_fresh,fresh_div2k_0889,test,0.01,0.01031494140625,0.0,2026,b00d7ff566671aafe988280faacb46a60b0546457edffd39b12e2b36a9f3526e,hqs,3,16.775018051333145,0.25046739318246436
fresh_div2k_0889,DIV2K_fresh,fresh_div2k_0889,test,0.01,0.01031494140625,0.0,2026,b00d7ff566671aafe988280faacb46a60b0546457edffd39b12e2b36a9f3526e,hqs,4,16.827695444090303,0.2581897202972751
fresh_div2k_0889,DIV2K_fresh,fresh_div2k_0889,test,0.01,0.01031494140625,0.0,2026,b00d7ff566671aafe988280faacb46a60b0546457edffd39b12e2b36a9f3526e,hqs,5,16.848841327830332,0.260608933565447
fresh_div2k_0889,DIV2K_fresh,fresh_div2k_0889,test,0.01,0.01031494140625,0.0,2026,b00d7ff566671aafe988280faacb46a60b0546457edffd39b12e2b36a9f3526e,hqs,6,16.854842900241973,0.2620885448032384
fresh_div2k_0889,DIV2K_fresh,fresh_div2k_0889,test,0.01,0.01031494140625,0.0,2026,b00d7ff566671aafe988280faacb46a60b0546457edffd39b12e2b36a9f3526e,admm,1,16.487433420895208,0.22663463573007014
fresh_div2k_0889,DIV2K_fresh,fresh_div2k_0889,test,0.01,0.01031494140625,0.0,2026,b00d7ff566671aafe988280faacb46a60b0546457edffd39b12e2b36a9f3526e,admm,2,16.70082881306703,0.24210665304234444
fresh_div2k_0889,DIV2K_fresh,fresh_div2k_0889,test,0.01,0.01031494140625,0.0,2026,b00d7ff566671aafe988280faacb46a60b0546457edffd39b12e2b36a9f3526e,admm,3,16.815416247510473,0.2577283449539339
fresh_div2k_0889,DIV2K_fresh,fresh_div2k_0889,test,0.01,0.01031494140625,0.0,2026,b00d7ff566671aafe988280faacb46a60b0546457edffd39b12e2b36a9f3526e,admm,4,16.857436022060693,0.26600430504454425
fresh_div2k_0889,DIV2K_fresh,fresh_div2k_0889,test,0.01,0.01031494140625,0.0,2026,b00d7ff566671aafe988280faacb46a60b0546457edffd39b12e2b36a9f3526e,admm,5,16.87896351069597,0.26652923224858166
fresh_div2k_0889,DIV2K_fresh,fresh_div2k_0889,test,0.01,0.01031494140625,0.0,2026,b00d7ff566671aafe988280faacb46a60b0546457edffd39b12e2b36a9f3526e,admm,6,16.889422346642892,0.26306617418350287
fresh_div2k_0889,DIV2K_fresh,fresh_div2k_0889,test,0.04,0.041259765625,0.0,2026,8cebb9676243f5b113b31edab310b91167dd3d73305678377e9a789d48c9273f,hqs,1,18.796433723812232,0.47565546472410036
fresh_div2k_0889,DIV2K_fresh,fresh_div2k_0889,test,0.04,0.041259765625,0.0,2026,8cebb9676243f5b113b31edab310b91167dd3d73305678377e9a789d48c9273f,hqs,2,19.33274128707493,0.5169876232287316
fresh_div2k_0889,DIV2K_fresh,fresh_div2k_0889,test,0.04,0.041259765625,0.0,2026,8cebb9676243f5b113b31edab310b91167dd3d73305678377e9a789d48c9273f,hqs,3,19.603909263744036,0.5445046592353234
fresh_div2k_0889,DIV2K_fresh,fresh_div2k_0889,test,0.04,0.041259765625,0.0,2026,8cebb9676243f5b113b31edab310b91167dd3d73305678377e9a789d48c9273f,hqs,4,19.70199161606076,0.5577778699386656
fresh_div2k_0889,DIV2K_fresh,fresh_div2k_0889,test,0.04,0.041259765625,0.0,2026,8cebb9676243f5b113b31edab310b91167dd3d73305678377e9a789d48c9273f,hqs,5,19.730340668871662,0.5607979965760672
fresh_div2k_0889,DIV2K_fresh,fresh_div2k_0889,test,0.04,0.041259765625,0.0,2026,8cebb9676243f5b113b31edab310b91167dd3d73305678377e9a789d48c9273f,hqs,6,19.748062908658838,0.5677549895880215
fresh_div2k_0889,DIV2K_fresh,fresh_div2k_0889,test,0.04,0.041259765625,0.0,2026,8cebb9676243f5b113b31edab310b91167dd3d73305678377e9a789d48c9273f,admm,1,18.749951089606395,0.471578695034386
fresh_div2k_0889,DIV2K_fresh,fresh_div2k_0889,test,0.04,0.041259765625,0.0,2026,8cebb9676243f5b113b31edab310b91167dd3d73305678377e9a789d48c9273f,admm,2,19.431344374954417,0.52713078186779
fresh_div2k_0889,DIV2K_fresh,fresh_div2k_0889,test,0.04,0.041259765625,0.0,2026,8cebb9676243f5b113b31edab310b91167dd3d73305678377e9a789d48c9273f,admm,3,19.662197189585584,0.5585443832116842
fresh_div2k_0889,DIV2K_fresh,fresh_div2k_0889,test,0.04,0.041259765625,0.0,2026,8cebb9676243f5b113b31edab310b91167dd3d73305678377e9a789d48c9273f,admm,4,19.688574516501752,0.5671651793871119
fresh_div2k_0889,DIV2K_fresh,fresh_div2k_0889,test,0.04,0.041259765625,0.0,2026,8cebb9676243f5b113b31edab310b91167dd3d73305678377e9a789d48c9273f,admm,5,19.715211229760566,0.5697427814748965
fresh_div2k_0889,DIV2K_fresh,fresh_div2k_0889,test,0.04,0.041259765625,0.0,2026,8cebb9676243f5b113b31edab310b91167dd3d73305678377e9a789d48c9273f,admm,6,19.756149627343706,0.5656196510564692
fresh_div2k_0889,DIV2K_fresh,fresh_div2k_0889,test,0.1,0.1001129150390625,0.0,2026,aee75b9f496fad6d977249f931b70176f3d01779314e08019e5ed65fe3f15a19,hqs,1,21.0149095091935,0.6715121063664014
fresh_div2k_0889,DIV2K_fresh,fresh_div2k_0889,test,0.1,0.1001129150390625,0.0,2026,aee75b9f496fad6d977249f931b70176f3d01779314e08019e5ed65fe3f15a19,hqs,2,21.906396322207232,0.7259148465254605
fresh_div2k_0889,DIV2K_fresh,fresh_div2k_0889,test,0.1,0.1001129150390625,0.0,2026,aee75b9f496fad6d977249f931b70176f3d01779314e08019e5ed65fe3f15a19,hqs,3,22.409183910093738,0.7586899989460856
fresh_div2k_0889,DIV2K_fresh,fresh_div2k_0889,test,0.1,0.1001129150390625,0.0,2026,aee75b9f496fad6d977249f931b70176f3d01779314e08019e5ed65fe3f15a19,hqs,4,22.583221725264323,0.7691758784060553
fresh_div2k_0889,DIV2K_fresh,fresh_div2k_0889,test,0.1,0.1001129150390625,0.0,2026,aee75b9f496fad6d977249f931b70176f3d01779314e08019e5ed65fe3f15a19,hqs,5,22.648521455001422,0.7731669121664353
fresh_div2k_0889,DIV2K_fresh,fresh_div2k_0889,test,0.1,0.1001129150390625,0.0,2026,aee75b9f496fad6d977249f931b70176f3d01779314e08019e5ed65fe3f15a19,hqs,6,22.673559217737775,0.7787256067489423
fresh_div2k_0889,DIV2K_fresh,fresh_div2k_0889,test,0.1,0.1001129150390625,0.0,2026,aee75b9f496fad6d977249f931b70176f3d01779314e08019e5ed65fe3f15a19,admm,1,20.943276629757584,0.665854630631093
fresh_div2k_0889,DIV2K_fresh,fresh_div2k_0889,test,0.1,0.1001129150390625,0.0,2026,aee75b9f496fad6d977249f931b70176f3d01779314e08019e5ed65fe3f15a19,admm,2,22.072481306494357,0.737757855974257
fresh_div2k_0889,DIV2K_fresh,fresh_div2k_0889,test,0.1,0.1001129150390625,0.0,2026,aee75b9f496fad6d977249f931b70176f3d01779314e08019e5ed65fe3f15a19,admm,3,22.452019909584568,0.7684163248086423
fresh_div2k_0889,DIV2K_fresh,fresh_div2k_0889,test,0.1,0.1001129150390625,0.0,2026,aee75b9f496fad6d977249f931b70176f3d01779314e08019e5ed65fe3f15a19,admm,4,22.511870145057653,0.7740852073150203
fresh_div2k_0889,DIV2K_fresh,fresh_div2k_0889,test,0.1,0.1001129150390625,0.0,2026,aee75b9f496fad6d977249f931b70176f3d01779314e08019e5ed65fe3f15a19,admm,5,22.588528557751474,0.7766524251818447
fresh_div2k_0889,DIV2K_fresh,fresh_div2k_0889,test,0.1,0.1001129150390625,0.0,2026,aee75b9f496fad6d977249f931b70176f3d01779314e08019e5ed65fe3f15a19,admm,6,22.66018121075973,0.7763881667339578
fresh_div2k_0889,DIV2K_fresh,fresh_div2k_0889,test,0.25,0.25,0.0,2026,cb7724048d46ce61f6313ac9b6feeab34e14b7036cd1f6032cb3a36962e17d9d,hqs,1,24.29818118880563,0.8415281436374188
fresh_div2k_0889,DIV2K_fresh,fresh_div2k_0889,test,0.25,0.25,0.0,2026,cb7724048d46ce61f6313ac9b6feeab34e14b7036cd1f6032cb3a36962e17d9d,hqs,2,25.743906558385483,0.886746911803484
fresh_div2k_0889,DIV2K_fresh,fresh_div2k_0889,test,0.25,0.25,0.0,2026,cb7724048d46ce61f6313ac9b6feeab34e14b7036cd1f6032cb3a36962e17d9d,hqs,3,26.531563253047214,0.9081038193068505
fresh_div2k_0889,DIV2K_fresh,fresh_div2k_0889,test,0.25,0.25,0.0,2026,cb7724048d46ce61f6313ac9b6feeab34e14b7036cd1f6032cb3a36962e17d9d,hqs,4,26.827264503833224,0.9142169167516232
fresh_div2k_0889,DIV2K_fresh,fresh_div2k_0889,test,0.25,0.25,0.0,2026,cb7724048d46ce61f6313ac9b6feeab34e14b7036cd1f6032cb3a36962e17d9d,hqs,5,26.938785843560883,0.9166785273756981
fresh_div2k_0889,DIV2K_fresh,fresh_div2k_0889,test,0.25,0.25,0.0,2026,cb7724048d46ce61f6313ac9b6feeab34e14b7036cd1f6032cb3a36962e17d9d,hqs,6,26.97201368764693,0.9187465613503456
fresh_div2k_0889,DIV2K_fresh,fresh_div2k_0889,test,0.25,0.25,0.0,2026,cb7724048d46ce61f6313ac9b6feeab34e14b7036cd1f6032cb3a36962e17d9d,admm,1,24.180594494666956,0.836545494306326
fresh_div2k_0889,DIV2K_fresh,fresh_div2k_0889,test,0.25,0.25,0.0,2026,cb7724048d46ce61f6313ac9b6feeab34e14b7036cd1f6032cb3a36962e17d9d,admm,2,26.042294964589825,0.8963457810120583
fresh_div2k_0889,DIV2K_fresh,fresh_div2k_0889,test,0.25,0.25,0.0,2026,cb7724048d46ce61f6313ac9b6feeab34e14b7036cd1f6032cb3a36962e17d9d,admm,3,26.63648719081648,0.9125719689121247
fresh_div2k_0889,DIV2K_fresh,fresh_div2k_0889,test,0.25,0.25,0.0,2026,cb7724048d46ce61f6313ac9b6feeab34e14b7036cd1f6032cb3a36962e17d9d,admm,4,26.73156661457075,0.9143198517100811
fresh_div2k_0889,DIV2K_fresh,fresh_div2k_0889,test,0.25,0.25,0.0,2026,cb7724048d46ce61f6313ac9b6feeab34e14b7036cd1f6032cb3a36962e17d9d,admm,5,26.8889528138358,0.9175190540952682
fresh_div2k_0889,DIV2K_fresh,fresh_div2k_0889,test,0.25,0.25,0.0,2026,cb7724048d46ce61f6313ac9b6feeab34e14b7036cd1f6032cb3a36962e17d9d,admm,6,27.025985392810203,0.9188118669757843
fresh_div2k_0889,DIV2K_fresh,fresh_div2k_0889,test,0.5,0.4998931884765625,0.0,2026,18a85fb82e94b778b5c16332660f2f28c4f6009e6d25df871a0b488aa645eb5d,hqs,1,28.05862908530626,0.9314185343956948
fresh_div2k_0889,DIV2K_fresh,fresh_div2k_0889,test,0.5,0.4998931884765625,0.0,2026,18a85fb82e94b778b5c16332660f2f28c4f6009e6d25df871a0b488aa645eb5d,hqs,2,30.040699363896874,0.9572889773807526
fresh_div2k_0889,DIV2K_fresh,fresh_div2k_0889,test,0.5,0.4998931884765625,0.0,2026,18a85fb82e94b778b5c16332660f2f28c4f6009e6d25df871a0b488aa645eb5d,hqs,3,31.218864416015673,0.9687730308427811
fresh_div2k_0889,DIV2K_fresh,fresh_div2k_0889,test,0.5,0.4998931884765625,0.0,2026,18a85fb82e94b778b5c16332660f2f28c4f6009e6d25df871a0b488aa645eb5d,hqs,4,31.76171984691284,0.972609494632721
fresh_div2k_0889,DIV2K_fresh,fresh_div2k_0889,test,0.5,0.4998931884765625,0.0,2026,18a85fb82e94b778b5c16332660f2f28c4f6009e6d25df871a0b488aa645eb5d,hqs,5,32.031531663895215,0.9743358028125763
fresh_div2k_0889,DIV2K_fresh,fresh_div2k_0889,test,0.5,0.4998931884765625,0.0,2026,18a85fb82e94b778b5c16332660f2f28c4f6009e6d25df871a0b488aa645eb5d,hqs,6,32.18920418598864,0.9755711167850495
fresh_div2k_0889,DIV2K_fresh,fresh_div2k_0889,test,0.5,0.4998931884765625,0.0,2026,18a85fb82e94b778b5c16332660f2f28c4f6009e6d25df871a0b488aa645eb5d,admm,1,27.91019194555611,0.9283170738081932
fresh_div2k_0889,DIV2K_fresh,fresh_div2k_0889,test,0.5,0.4998931884765625,0.0,2026,18a85fb82e94b778b5c16332660f2f28c4f6009e6d25df871a0b488aa645eb5d,admm,2,30.404664179934215,0.9619499667978286
fresh_div2k_0889,DIV2K_fresh,fresh_div2k_0889,test,0.5,0.4998931884765625,0.0,2026,18a85fb82e94b778b5c16332660f2f28c4f6009e6d25df871a0b488aa645eb5d,admm,3,31.42711485688052,0.9704270910606384
fresh_div2k_0889,DIV2K_fresh,fresh_div2k_0889,test,0.5,0.4998931884765625,0.0,2026,18a85fb82e94b778b5c16332660f2f28c4f6009e6d25df871a0b488aa645eb5d,admm,4,31.698556871777956,0.9721653611097336
fresh_div2k_0889,DIV2K_fresh,fresh_div2k_0889,test,0.5,0.4998931884765625,0.0,2026,18a85fb82e94b778b5c16332660f2f28c4f6009e6d25df871a0b488aa645eb5d,admm,5,32.00105694059664,0.9742889961242676
fresh_div2k_0889,DIV2K_fresh,fresh_div2k_0889,test,0.5,0.4998931884765625,0.0,2026,18a85fb82e94b778b5c16332660f2f28c4f6009e6d25df871a0b488aa645eb5d,admm,6,32.227031734471886,0.9755229462375641
fresh_div2k_0889,DIV2K_fresh,fresh_div2k_0889,test,0.1,0.1001129150390625,0.01,2026,6c51ff5ec3e3beb182d984134e82683093840dddd5a9b53ccf694b8e9f1c6823,hqs,1,20.999803305000974,0.6706565500272075
fresh_div2k_0889,DIV2K_fresh,fresh_div2k_0889,test,0.1,0.1001129150390625,0.01,2026,6c51ff5ec3e3beb182d984134e82683093840dddd5a9b53ccf694b8e9f1c6823,hqs,2,21.884332740268356,0.7248230819483101
fresh_div2k_0889,DIV2K_fresh,fresh_div2k_0889,test,0.1,0.1001129150390625,0.01,2026,6c51ff5ec3e3beb182d984134e82683093840dddd5a9b53ccf694b8e9f1c6823,hqs,3,22.37955223192174,0.7572086222406254
fresh_div2k_0889,DIV2K_fresh,fresh_div2k_0889,test,0.1,0.1001129150390625,0.01,2026,6c51ff5ec3e3beb182d984134e82683093840dddd5a9b53ccf694b8e9f1c6823,hqs,4,22.5469108764891,0.7676269159338605
fresh_div2k_0889,DIV2K_fresh,fresh_div2k_0889,test,0.1,0.1001129150390625,0.01,2026,6c51ff5ec3e3beb182d984134e82683093840dddd5a9b53ccf694b8e9f1c6823,hqs,5,22.607630266342497,0.7716009463047907
fresh_div2k_0889,DIV2K_fresh,fresh_div2k_0889,test,0.1,0.1001129150390625,0.01,2026,6c51ff5ec3e3beb182d984134e82683093840dddd5a9b53ccf694b8e9f1c6823,hqs,6,22.62858673412805,0.7768050836471021
fresh_div2k_0889,DIV2K_fresh,fresh_div2k_0889,test,0.1,0.1001129150390625,0.01,2026,6c51ff5ec3e3beb182d984134e82683093840dddd5a9b53ccf694b8e9f1c6823,admm,1,20.927989765421508,0.6649668740623584
fresh_div2k_0889,DIV2K_fresh,fresh_div2k_0889,test,0.1,0.1001129150390625,0.01,2026,6c51ff5ec3e3beb182d984134e82683093840dddd5a9b53ccf694b8e9f1c6823,admm,2,22.046979458321296,0.7363995980971828
fresh_div2k_0889,DIV2K_fresh,fresh_div2k_0889,test,0.1,0.1001129150390625,0.01,2026,6c51ff5ec3e3beb182d984134e82683093840dddd5a9b53ccf694b8e9f1c6823,admm,3,22.41611199332545,0.7664659356433219
fresh_div2k_0889,DIV2K_fresh,fresh_div2k_0889,test,0.1,0.1001129150390625,0.01,2026,6c51ff5ec3e3beb182d984134e82683093840dddd5a9b53ccf694b8e9f1c6823,admm,4,22.470797755933397,0.7718796811000258
fresh_div2k_0889,DIV2K_fresh,fresh_div2k_0889,test,0.1,0.1001129150390625,0.01,2026,6c51ff5ec3e3beb182d984134e82683093840dddd5a9b53ccf694b8e9f1c6823,admm,5,22.54385782219812,0.7744693681452424
fresh_div2k_0889,DIV2K_fresh,fresh_div2k_0889,test,0.1,0.1001129150390625,0.01,2026,6c51ff5ec3e3beb182d984134e82683093840dddd5a9b53ccf694b8e9f1c6823,admm,6,22.616739655752056,0.774467773615934
fresh_div2k_0889,DIV2K_fresh,fresh_div2k_0889,test,0.1,0.1001129150390625,0.01,2027,dad41ab1d25edb8b3403a9a92a1094867d3c21be63062a6e3049e826fd39d459,hqs,1,21.00184199237146,0.670878459736404
fresh_div2k_0889,DIV2K_fresh,fresh_div2k_0889,test,0.1,0.1001129150390625,0.01,2027,dad41ab1d25edb8b3403a9a92a1094867d3c21be63062a6e3049e826fd39d459,hqs,2,21.885946868914186,0.7251155059566069
fresh_div2k_0889,DIV2K_fresh,fresh_div2k_0889,test,0.1,0.1001129150390625,0.01,2027,dad41ab1d25edb8b3403a9a92a1094867d3c21be63062a6e3049e826fd39d459,hqs,3,22.37960811877538,0.7576227625577403
fresh_div2k_0889,DIV2K_fresh,fresh_div2k_0889,test,0.1,0.1001129150390625,0.01,2027,dad41ab1d25edb8b3403a9a92a1094867d3c21be63062a6e3049e826fd39d459,hqs,4,22.549643844012024,0.7680301316423844
fresh_div2k_0889,DIV2K_fresh,fresh_div2k_0889,test,0.1,0.1001129150390625,0.01,2027,dad41ab1d25edb8b3403a9a92a1094867d3c21be63062a6e3049e826fd39d459,hqs,5,22.613244478947415,0.7719788584761419
fresh_div2k_0889,DIV2K_fresh,fresh_div2k_0889,test,0.1,0.1001129150390625,0.01,2027,dad41ab1d25edb8b3403a9a92a1094867d3c21be63062a6e3049e826fd39d459,hqs,6,22.63452001886524,0.7772034940291606
fresh_div2k_0889,DIV2K_fresh,fresh_div2k_0889,test,0.1,0.1001129150390625,0.01,2027,dad41ab1d25edb8b3403a9a92a1094867d3c21be63062a6e3049e826fd39d459,admm,1,20.931280752477598,0.6652495557508711
fresh_div2k_0889,DIV2K_fresh,fresh_div2k_0889,test,0.1,0.1001129150390625,0.01,2027,dad41ab1d25edb8b3403a9a92a1094867d3c21be63062a6e3049e826fd39d459,admm,2,22.049782807090427,0.7367678302172571
fresh_div2k_0889,DIV2K_fresh,fresh_div2k_0889,test,0.1,0.1001129150390625,0.01,2027,dad41ab1d25edb8b3403a9a92a1094867d3c21be63062a6e3049e826fd39d459,admm,3,22.416198372253717,0.7669901190430969
fresh_div2k_0889,DIV2K_fresh,fresh_div2k_0889,test,0.1,0.1001129150390625,0.01,2027,dad41ab1d25edb8b3403a9a92a1094867d3c21be63062a6e3049e826fd39d459,admm,4,22.46945449479796,0.7724205267575197
fresh_div2k_0889,DIV2K_fresh,fresh_div2k_0889,test,0.1,0.1001129150390625,0.01,2027,dad41ab1d25edb8b3403a9a92a1094867d3c21be63062a6e3049e826fd39d459,admm,5,22.54449827247911,0.7747828586077392
fresh_div2k_0889,DIV2K_fresh,fresh_div2k_0889,test,0.1,0.1001129150390625,0.01,2027,dad41ab1d25edb8b3403a9a92a1094867d3c21be63062a6e3049e826fd39d459,admm,6,22.620835108782256,0.7748260732116848
fresh_div2k_0889,DIV2K_fresh,fresh_div2k_0889,test,0.1,0.1001129150390625,0.01,2028,e7507118396dd607672285227dd7d72fe48e8d5953162b52f8786deda8378531,hqs,1,21.002857809868356,0.6707123787603658
fresh_div2k_0889,DIV2K_fresh,fresh_div2k_0889,test,0.1,0.1001129150390625,0.01,2028,e7507118396dd607672285227dd7d72fe48e8d5953162b52f8786deda8378531,hqs,2,21.888070661109907,0.7248016107925773
fresh_div2k_0889,DIV2K_fresh,fresh_div2k_0889,test,0.1,0.1001129150390625,0.01,2028,e7507118396dd607672285227dd7d72fe48e8d5953162b52f8786deda8378531,hqs,3,22.383323086171938,0.7572841437470168
fresh_div2k_0889,DIV2K_fresh,fresh_div2k_0889,test,0.1,0.1001129150390625,0.01,2028,e7507118396dd607672285227dd7d72fe48e8d5953162b52f8786deda8378531,hqs,4,22.55449350993978,0.7677621406406201
fresh_div2k_0889,DIV2K_fresh,fresh_div2k_0889,test,0.1,0.1001129150390625,0.01,2028,e7507118396dd607672285227dd7d72fe48e8d5953162b52f8786deda8378531,hqs,5,22.618157460914517,0.7716864334073635
fresh_div2k_0889,DIV2K_fresh,fresh_div2k_0889,test,0.1,0.1001129150390625,0.01,2028,e7507118396dd607672285227dd7d72fe48e8d5953162b52f8786deda8378531,hqs,6,22.63871618431207,0.7769268962276429
fresh_div2k_0889,DIV2K_fresh,fresh_div2k_0889,test,0.1,0.1001129150390625,0.01,2028,e7507118396dd607672285227dd7d72fe48e8d5953162b52f8786deda8378531,admm,1,20.93198379970459,0.6650786209211164
fresh_div2k_0889,DIV2K_fresh,fresh_div2k_0889,test,0.1,0.1001129150390625,0.01,2028,e7507118396dd607672285227dd7d72fe48e8d5953162b52f8786deda8378531,admm,2,22.05265561152768,0.7365752767463736
fresh_div2k_0889,DIV2K_fresh,fresh_div2k_0889,test,0.1,0.1001129150390625,0.01,2028,e7507118396dd607672285227dd7d72fe48e8d5953162b52f8786deda8378531,admm,3,22.420608163183967,0.7668672984842584
fresh_div2k_0889,DIV2K_fresh,fresh_div2k_0889,test,0.1,0.1001129150390625,0.01,2028,e7507118396dd607672285227dd7d72fe48e8d5953162b52f8786deda8378531,admm,4,22.477325836938398,0.7723032969978749
fresh_div2k_0889,DIV2K_fresh,fresh_div2k_0889,test,0.1,0.1001129150390625,0.01,2028,e7507118396dd607672285227dd7d72fe48e8d5953162b52f8786deda8378531,admm,5,22.55202544776099,0.7747002375659943
fresh_div2k_0889,DIV2K_fresh,fresh_div2k_0889,test,0.1,0.1001129150390625,0.01,2028,e7507118396dd607672285227dd7d72fe48e8d5953162b52f8786deda8378531,admm,6,22.625008672046974,0.7746571893279627
fresh_div2k_0889,DIV2K_fresh,fresh_div2k_0889,test,0.1,0.1001129150390625,0.05,2026,3eb6eb6b639d3e5458c5910f2a32278fd27b1f5f64e7ba6d3f939a834567214c,hqs,1,20.682849333652857,0.6539964837559098
fresh_div2k_0889,DIV2K_fresh,fresh_div2k_0889,test,0.1,0.1001129150390625,0.05,2026,3eb6eb6b639d3e5458c5910f2a32278fd27b1f5f64e7ba6d3f939a834567214c,hqs,2,21.43681068456193,0.703293847919031
fresh_div2k_0889,DIV2K_fresh,fresh_div2k_0889,test,0.1,0.1001129150390625,0.05,2026,3eb6eb6b639d3e5458c5910f2a32278fd27b1f5f64e7ba6d3f939a834567214c,hqs,3,21.75840406198304,0.7272392572922122
fresh_div2k_0889,DIV2K_fresh,fresh_div2k_0889,test,0.1,0.1001129150390625,0.05,2026,3eb6eb6b639d3e5458c5910f2a32278fd27b1f5f64e7ba6d3f939a834567214c,hqs,4,21.842534366368657,0.7351016234818325
fresh_div2k_0889,DIV2K_fresh,fresh_div2k_0889,test,0.1,0.1001129150390625,0.05,2026,3eb6eb6b639d3e5458c5910f2a32278fd27b1f5f64e7ba6d3f939a834567214c,hqs,5,21.842412153129168,0.7376371689293347
fresh_div2k_0889,DIV2K_fresh,fresh_div2k_0889,test,0.1,0.1001129150390625,0.05,2026,3eb6eb6b639d3e5458c5910f2a32278fd27b1f5f64e7ba6d3f939a834567214c,hqs,6,21.760543462174084,0.7377507608281262
fresh_div2k_0889,DIV2K_fresh,fresh_div2k_0889,test,0.1,0.1001129150390625,0.05,2026,3eb6eb6b639d3e5458c5910f2a32278fd27b1f5f64e7ba6d3f939a834567214c,admm,1,20.621653472894717,0.6488060627782746
fresh_div2k_0889,DIV2K_fresh,fresh_div2k_0889,test,0.1,0.1001129150390625,0.05,2026,3eb6eb6b639d3e5458c5910f2a32278fd27b1f5f64e7ba6d3f939a834567214c,admm,2,21.542423416224263,0.711636343443925
fresh_div2k_0889,DIV2K_fresh,fresh_div2k_0889,test,0.1,0.1001129150390625,0.05,2026,3eb6eb6b639d3e5458c5910f2a32278fd27b1f5f64e7ba6d3f939a834567214c,admm,3,21.67769666562888,0.7309492358343527
fresh_div2k_0889,DIV2K_fresh,fresh_div2k_0889,test,0.1,0.1001129150390625,0.05,2026,3eb6eb6b639d3e5458c5910f2a32278fd27b1f5f64e7ba6d3f939a834567214c,admm,4,21.655449351350818,0.7339483701276802
fresh_div2k_0889,DIV2K_fresh,fresh_div2k_0889,test,0.1,0.1001129150390625,0.05,2026,3eb6eb6b639d3e5458c5910f2a32278fd27b1f5f64e7ba6d3f939a834567214c,admm,5,21.67715834831776,0.7348993349422105
fresh_div2k_0889,DIV2K_fresh,fresh_div2k_0889,test,0.1,0.1001129150390625,0.05,2026,3eb6eb6b639d3e5458c5910f2a32278fd27b1f5f64e7ba6d3f939a834567214c,admm,6,21.77863374085409,0.7370235467237989
fresh_div2k_0889,DIV2K_fresh,fresh_div2k_0889,test,0.1,0.1001129150390625,0.05,2027,d9430822a080587c5224688c1a949ea49b2a20f4df6353c8592cc35f631b43df,hqs,1,20.69516763767304,0.655289640579089
fresh_div2k_0889,DIV2K_fresh,fresh_div2k_0889,test,0.1,0.1001129150390625,0.05,2027,d9430822a080587c5224688c1a949ea49b2a20f4df6353c8592cc35f631b43df,hqs,2,21.44753518995563,0.704660544172066
fresh_div2k_0889,DIV2K_fresh,fresh_div2k_0889,test,0.1,0.1001129150390625,0.05,2027,d9430822a080587c5224688c1a949ea49b2a20f4df6353c8592cc35f631b43df,hqs,3,21.77038708096042,0.7301594684633816
fresh_div2k_0889,DIV2K_fresh,fresh_div2k_0889,test,0.1,0.1001129150390625,0.05,2027,d9430822a080587c5224688c1a949ea49b2a20f4df6353c8592cc35f631b43df,hqs,4,21.867460512740283,0.7379151023075282
fresh_div2k_0889,DIV2K_fresh,fresh_div2k_0889,test,0.1,0.1001129150390625,0.05,2027,d9430822a080587c5224688c1a949ea49b2a20f4df6353c8592cc35f631b43df,hqs,5,21.886046126608008,0.7405873933030008
fresh_div2k_0889,DIV2K_fresh,fresh_div2k_0889,test,0.1,0.1001129150390625,0.05,2027,d9430822a080587c5224688c1a949ea49b2a20f4df6353c8592cc35f631b43df,hqs,6,21.827509480997342,0.7415128326001178
fresh_div2k_0889,DIV2K_fresh,fresh_div2k_0889,test,0.1,0.1001129150390625,0.05,2027,d9430822a080587c5224688c1a949ea49b2a20f4df6353c8592cc35f631b43df,admm,1,20.64422791699483,0.6504271736248969
fresh_div2k_0889,DIV2K_fresh,fresh_div2k_0889,test,0.1,0.1001129150390625,0.05,2027,d9430822a080587c5224688c1a949ea49b2a20f4df6353c8592cc35f631b43df,admm,2,21.561624944473515,0.7138150098100696
fresh_div2k_0889,DIV2K_fresh,fresh_div2k_0889,test,0.1,0.1001129150390625,0.05,2027,d9430822a080587c5224688c1a949ea49b2a20f4df6353c8592cc35f631b43df,admm,3,21.69168103982908,0.7344291124048419
fresh_div2k_0889,DIV2K_fresh,fresh_div2k_0889,test,0.1,0.1001129150390625,0.05,2027,d9430822a080587c5224688c1a949ea49b2a20f4df6353c8592cc35f631b43df,admm,4,21.668917716065778,0.7367990544760513
fresh_div2k_0889,DIV2K_fresh,fresh_div2k_0889,test,0.1,0.1001129150390625,0.05,2027,d9430822a080587c5224688c1a949ea49b2a20f4df6353c8592cc35f631b43df,admm,5,21.719695011740313,0.7379724759411328
fresh_div2k_0889,DIV2K_fresh,fresh_div2k_0889,test,0.1,0.1001129150390625,0.05,2027,d9430822a080587c5224688c1a949ea49b2a20f4df6353c8592cc35f631b43df,admm,6,21.844934891148185,0.7410754214859866
fresh_div2k_0889,DIV2K_fresh,fresh_div2k_0889,test,0.1,0.1001129150390625,0.05,2028,554df95d03f5d45c3fdd6b528c96b6024310238e292615b1c5590532f643c836,hqs,1,20.69346459004992,0.6539027533147912
fresh_div2k_0889,DIV2K_fresh,fresh_div2k_0889,test,0.1,0.1001129150390625,0.05,2028,554df95d03f5d45c3fdd6b528c96b6024310238e292615b1c5590532f643c836,hqs,2,21.45475848695764,0.703432042292119
fresh_div2k_0889,DIV2K_fresh,fresh_div2k_0889,test,0.1,0.1001129150390625,0.05,2028,554df95d03f5d45c3fdd6b528c96b6024310238e292615b1c5590532f643c836,hqs,3,21.773997096586,0.7279709212960321
fresh_div2k_0889,DIV2K_fresh,fresh_div2k_0889,test,0.1,0.1001129150390625,0.05,2028,554df95d03f5d45c3fdd6b528c96b6024310238e292615b1c5590532f643c836,hqs,4,21.865899734487822,0.7351309289092235
fresh_div2k_0889,DIV2K_fresh,fresh_div2k_0889,test,0.1,0.1001129150390625,0.05,2028,554df95d03f5d45c3fdd6b528c96b6024310238e292615b1c5590532f643c836,hqs,5,21.883097715348022,0.737833774096366
fresh_div2k_0889,DIV2K_fresh,fresh_div2k_0889,test,0.1,0.1001129150390625,0.05,2028,554df95d03f5d45c3fdd6b528c96b6024310238e292615b1c5590532f643c836,hqs,6,21.81808261379503,0.7386502540903204
fresh_div2k_0889,DIV2K_fresh,fresh_div2k_0889,test,0.1,0.1001129150390625,0.05,2028,554df95d03f5d45c3fdd6b528c96b6024310238e292615b1c5590532f643c836,admm,1,20.638229092590265,0.6490850745207117
fresh_div2k_0889,DIV2K_fresh,fresh_div2k_0889,test,0.1,0.1001129150390625,0.05,2028,554df95d03f5d45c3fdd6b528c96b6024310238e292615b1c5590532f643c836,admm,2,21.566062915685187,0.7126561899636046
fresh_div2k_0889,DIV2K_fresh,fresh_div2k_0889,test,0.1,0.1001129150390625,0.05,2028,554df95d03f5d45c3fdd6b528c96b6024310238e292615b1c5590532f643c836,admm,3,21.691503108044085,0.7326064060758241
fresh_div2k_0889,DIV2K_fresh,fresh_div2k_0889,test,0.1,0.1001129150390625,0.05,2028,554df95d03f5d45c3fdd6b528c96b6024310238e292615b1c5590532f643c836,admm,4,21.672327890503027,0.7345279309618064
fresh_div2k_0889,DIV2K_fresh,fresh_div2k_0889,test,0.1,0.1001129150390625,0.05,2028,554df95d03f5d45c3fdd6b528c96b6024310238e292615b1c5590532f643c836,admm,5,21.711481448832313,0.7353180434571011
fresh_div2k_0889,DIV2K_fresh,fresh_div2k_0889,test,0.1,0.1001129150390625,0.05,2028,554df95d03f5d45c3fdd6b528c96b6024310238e292615b1c5590532f643c836,admm,6,21.81913615487384,0.7375143775167242
fresh_div2k_0892,DIV2K_fresh,fresh_div2k_0892,test,0.01,0.01031494140625,0.0,2026,46d6b7f2d5d49bec4fb1b11c96dbb40551766c18b99cfb75ddf6d0f12bae17ac,hqs,1,17.25397093475295,0.15415525369260513
fresh_div2k_0892,DIV2K_fresh,fresh_div2k_0892,test,0.01,0.01031494140625,0.0,2026,46d6b7f2d5d49bec4fb1b11c96dbb40551766c18b99cfb75ddf6d0f12bae17ac,hqs,2,17.373863425195445,0.16520521470211588
fresh_div2k_0892,DIV2K_fresh,fresh_div2k_0892,test,0.01,0.01031494140625,0.0,2026,46d6b7f2d5d49bec4fb1b11c96dbb40551766c18b99cfb75ddf6d0f12bae17ac,hqs,3,17.479869982195652,0.18033481610276691
fresh_div2k_0892,DIV2K_fresh,fresh_div2k_0892,test,0.01,0.01031494140625,0.0,2026,46d6b7f2d5d49bec4fb1b11c96dbb40551766c18b99cfb75ddf6d0f12bae17ac,hqs,4,17.524169981738567,0.18866801422980986
fresh_div2k_0892,DIV2K_fresh,fresh_div2k_0892,test,0.01,0.01031494140625,0.0,2026,46d6b7f2d5d49bec4fb1b11c96dbb40551766c18b99cfb75ddf6d0f12bae17ac,hqs,5,17.54616582988481,0.19265162467498187
fresh_div2k_0892,DIV2K_fresh,fresh_div2k_0892,test,0.01,0.01031494140625,0.0,2026,46d6b7f2d5d49bec4fb1b11c96dbb40551766c18b99cfb75ddf6d0f12bae17ac,hqs,6,17.564518865425242,0.1967340359574025
fresh_div2k_0892,DIV2K_fresh,fresh_div2k_0892,test,0.01,0.01031494140625,0.0,2026,46d6b7f2d5d49bec4fb1b11c96dbb40551766c18b99cfb75ddf6d0f12bae17ac,admm,1,17.245899603872022,0.15103394728559913
fresh_div2k_0892,DIV2K_fresh,fresh_div2k_0892,test,0.01,0.01031494140625,0.0,2026,46d6b7f2d5d49bec4fb1b11c96dbb40551766c18b99cfb75ddf6d0f12bae17ac,admm,2,17.40872065295757,0.17024490479089127
fresh_div2k_0892,DIV2K_fresh,fresh_div2k_0892,test,0.01,0.01031494140625,0.0,2026,46d6b7f2d5d49bec4fb1b11c96dbb40551766c18b99cfb75ddf6d0f12bae17ac,admm,3,17.500177057219037,0.18803790004071513
fresh_div2k_0892,DIV2K_fresh,fresh_div2k_0892,test,0.01,0.01031494140625,0.0,2026,46d6b7f2d5d49bec4fb1b11c96dbb40551766c18b99cfb75ddf6d0f12bae17ac,admm,4,17.521406391951516,0.19343703900040088
fresh_div2k_0892,DIV2K_fresh,fresh_div2k_0892,test,0.01,0.01031494140625,0.0,2026,46d6b7f2d5d49bec4fb1b11c96dbb40551766c18b99cfb75ddf6d0f12bae17ac,admm,5,17.530973712603974,0.19563289345643994
fresh_div2k_0892,DIV2K_fresh,fresh_div2k_0892,test,0.01,0.01031494140625,0.0,2026,46d6b7f2d5d49bec4fb1b11c96dbb40551766c18b99cfb75ddf6d0f12bae17ac,admm,6,17.537980943356594,0.1915150877093443
fresh_div2k_0892,DIV2K_fresh,fresh_div2k_0892,test,0.04,0.041259765625,0.0,2026,d6e4668b96e7a42159282c2d9d03b6c8daa0cddc1abea7088dad7081fe33863e,hqs,1,18.600361643969993,0.3756802341788396
fresh_div2k_0892,DIV2K_fresh,fresh_div2k_0892,test,0.04,0.041259765625,0.0,2026,d6e4668b96e7a42159282c2d9d03b6c8daa0cddc1abea7088dad7081fe33863e,hqs,2,18.896760034138556,0.4164208010451434
fresh_div2k_0892,DIV2K_fresh,fresh_div2k_0892,test,0.04,0.041259765625,0.0,2026,d6e4668b96e7a42159282c2d9d03b6c8daa0cddc1abea7088dad7081fe33863e,hqs,3,19.117520362016272,0.45186198325339677
fresh_div2k_0892,DIV2K_fresh,fresh_div2k_0892,test,0.04,0.041259765625,0.0,2026,d6e4668b96e7a42159282c2d9d03b6c8daa0cddc1abea7088dad7081fe33863e,hqs,4,19.252294833247458,0.47364057813445454
fresh_div2k_0892,DIV2K_fresh,fresh_div2k_0892,test,0.04,0.041259765625,0.0,2026,d6e4668b96e7a42159282c2d9d03b6c8daa0cddc1abea7088dad7081fe33863e,hqs,5,19.333997900480146,0.4865191046976884
fresh_div2k_0892,DIV2K_fresh,fresh_div2k_0892,test,0.04,0.041259765625,0.0,2026,d6e4668b96e7a42159282c2d9d03b6c8daa0cddc1abea7088dad7081fe33863e,hqs,6,19.40672753659953,0.5019959153386732
fresh_div2k_0892,DIV2K_fresh,fresh_div2k_0892,test,0.04,0.041259765625,0.0,2026,d6e4668b96e7a42159282c2d9d03b6c8daa0cddc1abea7088dad7081fe33863e,admm,1,18.576859705937917,0.3730459934999179
fresh_div2k_0892,DIV2K_fresh,fresh_div2k_0892,test,0.04,0.041259765625,0.0,2026,d6e4668b96e7a42159282c2d9d03b6c8daa0cddc1abea7088dad7081fe33863e,admm,2,18.911135928877695,0.41710226312386556
fresh_div2k_0892,DIV2K_fresh,fresh_div2k_0892,test,0.04,0.041259765625,0.0,2026,d6e4668b96e7a42159282c2d9d03b6c8daa0cddc1abea7088dad7081fe33863e,admm,3,19.105949482894435,0.4562577151180954
fresh_div2k_0892,DIV2K_fresh,fresh_div2k_0892,test,0.04,0.041259765625,0.0,2026,d6e4668b96e7a42159282c2d9d03b6c8daa0cddc1abea7088dad7081fe33863e,admm,4,19.218731273994457,0.47989651172624553
fresh_div2k_0892,DIV2K_fresh,fresh_div2k_0892,test,0.04,0.041259765625,0.0,2026,d6e4668b96e7a42159282c2d9d03b6c8daa0cddc1abea7088dad7081fe33863e,admm,5,19.309155972806117,0.4927113507593344
fresh_div2k_0892,DIV2K_fresh,fresh_div2k_0892,test,0.04,0.041259765625,0.0,2026,d6e4668b96e7a42159282c2d9d03b6c8daa0cddc1abea7088dad7081fe33863e,admm,6,19.390451746012523,0.49846182532533456
fresh_div2k_0892,DIV2K_fresh,fresh_div2k_0892,test,0.1,0.1001129150390625,0.0,2026,40c27e624470ed8c9432c15c4d15d90978c4855a2e726d3e49e458fbf5c9df73,hqs,1,20.30343382391909,0.5983403265699847
fresh_div2k_0892,DIV2K_fresh,fresh_div2k_0892,test,0.1,0.1001129150390625,0.0,2026,40c27e624470ed8c9432c15c4d15d90978c4855a2e726d3e49e458fbf5c9df73,hqs,2,21.050440275192585,0.6620378492452019
fresh_div2k_0892,DIV2K_fresh,fresh_div2k_0892,test,0.1,0.1001129150390625,0.0,2026,40c27e624470ed8c9432c15c4d15d90978c4855a2e726d3e49e458fbf5c9df73,hqs,3,21.756943605861693,0.7152884360862449
fresh_div2k_0892,DIV2K_fresh,fresh_div2k_0892,test,0.1,0.1001129150390625,0.0,2026,40c27e624470ed8c9432c15c4d15d90978c4855a2e726d3e49e458fbf5c9df73,hqs,4,22.31624696127699,0.754807816578067
fresh_div2k_0892,DIV2K_fresh,fresh_div2k_0892,test,0.1,0.1001129150390625,0.0,2026,40c27e624470ed8c9432c15c4d15d90978c4855a2e726d3e49e458fbf5c9df73,hqs,5,22.706724623423117,0.7781661862863675
fresh_div2k_0892,DIV2K_fresh,fresh_div2k_0892,test,0.1,0.1001129150390625,0.0,2026,40c27e624470ed8c9432c15c4d15d90978c4855a2e726d3e49e458fbf5c9df73,hqs,6,23.067733277714673,0.796847538359195
fresh_div2k_0892,DIV2K_fresh,fresh_div2k_0892,test,0.1,0.1001129150390625,0.0,2026,40c27e624470ed8c9432c15c4d15d90978c4855a2e726d3e49e458fbf5c9df73,admm,1,20.289565575048133,0.5959793736303125
fresh_div2k_0892,DIV2K_fresh,fresh_div2k_0892,test,0.1,0.1001129150390625,0.0,2026,40c27e624470ed8c9432c15c4d15d90978c4855a2e726d3e49e458fbf5c9df73,admm,2,21.240490321784343,0.6768646239746297
fresh_div2k_0892,DIV2K_fresh,fresh_div2k_0892,test,0.1,0.1001129150390625,0.0,2026,40c27e624470ed8c9432c15c4d15d90978c4855a2e726d3e49e458fbf5c9df73,admm,3,22.026223974667584,0.7363701677063774
fresh_div2k_0892,DIV2K_fresh,fresh_div2k_0892,test,0.1,0.1001129150390625,0.0,2026,40c27e624470ed8c9432c15c4d15d90978c4855a2e726d3e49e458fbf5c9df73,admm,4,22.5940521553964,0.7753578545785472
fresh_div2k_0892,DIV2K_fresh,fresh_div2k_0892,test,0.1,0.1001129150390625,0.0,2026,40c27e624470ed8c9432c15c4d15d90978c4855a2e726d3e49e458fbf5c9df73,admm,5,22.969721157751955,0.7942128855917454
fresh_div2k_0892,DIV2K_fresh,fresh_div2k_0892,test,0.1,0.1001129150390625,0.0,2026,40c27e624470ed8c9432c15c4d15d90978c4855a2e726d3e49e458fbf5c9df73,admm,6,23.222915746370983,0.803518713365417
fresh_div2k_0892,DIV2K_fresh,fresh_div2k_0892,test,0.25,0.25,0.0,2026,2de29040e15c3aef098266285eaa7395cd69098b0945e69b1d443b236dc37f0b,hqs,1,23.52470164394544,0.8068252886744738
fresh_div2k_0892,DIV2K_fresh,fresh_div2k_0892,test,0.25,0.25,0.0,2026,2de29040e15c3aef098266285eaa7395cd69098b0945e69b1d443b236dc37f0b,hqs,2,25.165401943397217,0.8689586500132084
fresh_div2k_0892,DIV2K_fresh,fresh_div2k_0892,test,0.25,0.25,0.0,2026,2de29040e15c3aef098266285eaa7395cd69098b0945e69b1d443b236dc37f0b,hqs,3,26.56682949979601,0.9065013965358734
fresh_div2k_0892,DIV2K_fresh,fresh_div2k_0892,test,0.25,0.25,0.0,2026,2de29040e15c3aef098266285eaa7395cd69098b0945e69b1d443b236dc37f0b,hqs,4,27.597537059602296,0.9273536871652603
fresh_div2k_0892,DIV2K_fresh,fresh_div2k_0892,test,0.25,0.25,0.0,2026,2de29040e15c3aef098266285eaa7395cd69098b0945e69b1d443b236dc37f0b,hqs,5,28.33007315059417,0.9389256730475426
fresh_div2k_0892,DIV2K_fresh,fresh_div2k_0892,test,0.25,0.25,0.0,2026,2de29040e15c3aef098266285eaa7395cd69098b0945e69b1d443b236dc37f0b,hqs,6,28.88655913243344,0.9461683649053574
fresh_div2k_0892,DIV2K_fresh,fresh_div2k_0892,test,0.25,0.25,0.0,2026,2de29040e15c3aef098266285eaa7395cd69098b0945e69b1d443b236dc37f0b,admm,1,23.490515935256994,0.8031467696605324
fresh_div2k_0892,DIV2K_fresh,fresh_div2k_0892,test,0.25,0.25,0.0,2026,2de29040e15c3aef098266285eaa7395cd69098b0945e69b1d443b236dc37f0b,admm,2,25.509668570386165,0.8798080701942443
fresh_div2k_0892,DIV2K_fresh,fresh_div2k_0892,test,0.25,0.25,0.0,2026,2de29040e15c3aef098266285eaa7395cd69098b0945e69b1d443b236dc37f0b,admm,3,27.04275939064045,0.9164707675929069
fresh_div2k_0892,DIV2K_fresh,fresh_div2k_0892,test,0.25,0.25,0.0,2026,2de29040e15c3aef098266285eaa7395cd69098b0945e69b1d443b236dc37f0b,admm,4,27.956910508294396,0.9334196112189292
fresh_div2k_0892,DIV2K_fresh,fresh_div2k_0892,test,0.25,0.25,0.0,2026,2de29040e15c3aef098266285eaa7395cd69098b0945e69b1d443b236dc37f0b,admm,5,28.53577067123776,0.941625755745411
fresh_div2k_0892,DIV2K_fresh,fresh_div2k_0892,test,0.25,0.25,0.0,2026,2de29040e15c3aef098266285eaa7395cd69098b0945e69b1d443b236dc37f0b,admm,6,28.86359381634271,0.9459278554821015
fresh_div2k_0892,DIV2K_fresh,fresh_div2k_0892,test,0.5,0.4998931884765625,0.0,2026,847bdacc6117e09ca47d2435bef58bcb2837210653c24e1ad51c91da428a73f4,hqs,1,27.614370935379885,0.9212767091593742
fresh_div2k_0892,DIV2K_fresh,fresh_div2k_0892,test,0.5,0.4998931884765625,0.0,2026,847bdacc6117e09ca47d2435bef58bcb2837210653c24e1ad51c91da428a73f4,hqs,2,29.938008298854793,0.954638256585598
fresh_div2k_0892,DIV2K_fresh,fresh_div2k_0892,test,0.5,0.4998931884765625,0.0,2026,847bdacc6117e09ca47d2435bef58bcb2837210653c24e1ad51c91da428a73f4,hqs,3,31.850145320161978,0.9717608731155396
fresh_div2k_0892,DIV2K_fresh,fresh_div2k_0892,test,0.5,0.4998931884765625,0.0,2026,847bdacc6117e09ca47d2435bef58bcb2837210653c24e1ad51c91da428a73f4,hqs,4,33.20359245534744,0.9796538589410781
fresh_div2k_0892,DIV2K_fresh,fresh_div2k_0892,test,0.5,0.4998931884765625,0.0,2026,847bdacc6117e09ca47d2435bef58bcb2837210653c24e1ad51c91da428a73f4,hqs,5,34.24966896086695,0.9839760267724991
fresh_div2k_0892,DIV2K_fresh,fresh_div2k_0892,test,0.5,0.4998931884765625,0.0,2026,847bdacc6117e09ca47d2435bef58bcb2837210653c24e1ad51c91da428a73f4,hqs,6,35.107508674175804,0.9867274574327469
fresh_div2k_0892,DIV2K_fresh,fresh_div2k_0892,test,0.5,0.4998931884765625,0.0,2026,847bdacc6117e09ca47d2435bef58bcb2837210653c24e1ad51c91da428a73f4,admm,1,27.483600963918104,0.9173048733329773
fresh_div2k_0892,DIV2K_fresh,fresh_div2k_0892,test,0.5,0.4998931884765625,0.0,2026,847bdacc6117e09ca47d2435bef58bcb2837210653c24e1ad51c91da428a73f4,admm,2,30.399523391575872,0.9590036096506119
fresh_div2k_0892,DIV2K_fresh,fresh_div2k_0892,test,0.5,0.4998931884765625,0.0,2026,847bdacc6117e09ca47d2435bef58bcb2837210653c24e1ad51c91da428a73f4,admm,3,32.35959340457148,0.9737847099809647
fresh_div2k_0892,DIV2K_fresh,fresh_div2k_0892,test,0.5,0.4998931884765625,0.0,2026,847bdacc6117e09ca47d2435bef58bcb2837210653c24e1ad51c91da428a73f4,admm,4,33.47390763995627,0.9797834984731674
fresh_div2k_0892,DIV2K_fresh,fresh_div2k_0892,test,0.5,0.4998931884765625,0.0,2026,847bdacc6117e09ca47d2435bef58bcb2837210653c24e1ad51c91da428a73f4,admm,5,34.35495234410616,0.9835040393724441
fresh_div2k_0892,DIV2K_fresh,fresh_div2k_0892,test,0.5,0.4998931884765625,0.0,2026,847bdacc6117e09ca47d2435bef58bcb2837210653c24e1ad51c91da428a73f4,admm,6,35.13014961645743,0.9867995414562225
fresh_div2k_0892,DIV2K_fresh,fresh_div2k_0892,test,0.1,0.1001129150390625,0.01,2026,b4c1b2fc357a108d8c51a53411255ef6404aa56c2d96a170e0df5ddf76d39147,hqs,1,20.291868865239326,0.5975687910834556
fresh_div2k_0892,DIV2K_fresh,fresh_div2k_0892,test,0.1,0.1001129150390625,0.01,2026,b4c1b2fc357a108d8c51a53411255ef6404aa56c2d96a170e0df5ddf76d39147,hqs,2,21.030174065221104,0.6605991974114664
fresh_div2k_0892,DIV2K_fresh,fresh_div2k_0892,test,0.1,0.1001129150390625,0.01,2026,b4c1b2fc357a108d8c51a53411255ef6404aa56c2d96a170e0df5ddf76d39147,hqs,3,21.710419104369663,0.7125182232072279
fresh_div2k_0892,DIV2K_fresh,fresh_div2k_0892,test,0.1,0.1001129150390625,0.01,2026,b4c1b2fc357a108d8c51a53411255ef6404aa56c2d96a170e0df5ddf76d39147,hqs,4,22.239569627443323,0.7509732772826859
fresh_div2k_0892,DIV2K_fresh,fresh_div2k_0892,test,0.1,0.1001129150390625,0.01,2026,b4c1b2fc357a108d8c51a53411255ef6404aa56c2d96a170e0df5ddf76d39147,hqs,5,22.60644935492957,0.7734411280032322
fresh_div2k_0892,DIV2K_fresh,fresh_div2k_0892,test,0.1,0.1001129150390625,0.01,2026,b4c1b2fc357a108d8c51a53411255ef6404aa56c2d96a170e0df5ddf76d39147,hqs,6,22.928755132676216,0.7905092437384874
fresh_div2k_0892,DIV2K_fresh,fresh_div2k_0892,test,0.1,0.1001129150390625,0.01,2026,b4c1b2fc357a108d8c51a53411255ef6404aa56c2d96a170e0df5ddf76d39147,admm,1,20.2755345198091,0.5949529878792738
fresh_div2k_0892,DIV2K_fresh,fresh_div2k_0892,test,0.1,0.1001129150390625,0.01,2026,b4c1b2fc357a108d8c51a53411255ef6404aa56c2d96a170e0df5ddf76d39147,admm,2,21.215450793037455,0.6751596167823327
fresh_div2k_0892,DIV2K_fresh,fresh_div2k_0892,test,0.1,0.1001129150390625,0.01,2026,b4c1b2fc357a108d8c51a53411255ef6404aa56c2d96a170e0df5ddf76d39147,admm,3,21.96482738526704,0.7332299449174106
fresh_div2k_0892,DIV2K_fresh,fresh_div2k_0892,test,0.1,0.1001129150390625,0.01,2026,b4c1b2fc357a108d8c51a53411255ef6404aa56c2d96a170e0df5ddf76d39147,admm,4,22.50147145911378,0.7711137624935899
fresh_div2k_0892,DIV2K_fresh,fresh_div2k_0892,test,0.1,0.1001129150390625,0.01,2026,b4c1b2fc357a108d8c51a53411255ef6404aa56c2d96a170e0df5ddf76d39147,admm,5,22.849940722345487,0.7888001753976792
fresh_div2k_0892,DIV2K_fresh,fresh_div2k_0892,test,0.1,0.1001129150390625,0.01,2026,b4c1b2fc357a108d8c51a53411255ef6404aa56c2d96a170e0df5ddf76d39147,admm,6,23.102496383729708,0.7984613026103526
fresh_div2k_0892,DIV2K_fresh,fresh_div2k_0892,test,0.1,0.1001129150390625,0.01,2027,9a190533085c57f9fc153d029c3ad17e69892431a02a298273149eacd0a375b8,hqs,1,20.280508760175913,0.5969560929577055
fresh_div2k_0892,DIV2K_fresh,fresh_div2k_0892,test,0.1,0.1001129150390625,0.01,2027,9a190533085c57f9fc153d029c3ad17e69892431a02a298273149eacd0a375b8,hqs,2,21.01884058578954,0.6601324095763005
fresh_div2k_0892,DIV2K_fresh,fresh_div2k_0892,test,0.1,0.1001129150390625,0.01,2027,9a190533085c57f9fc153d029c3ad17e69892431a02a298273149eacd0a375b8,hqs,3,21.699850746257464,0.7121948033741079
fresh_div2k_0892,DIV2K_fresh,fresh_div2k_0892,test,0.1,0.1001129150390625,0.01,2027,9a190533085c57f9fc153d029c3ad17e69892431a02a298273149eacd0a375b8,hqs,4,22.230673235098024,0.7506296556198001
fresh_div2k_0892,DIV2K_fresh,fresh_div2k_0892,test,0.1,0.1001129150390625,0.01,2027,9a190533085c57f9fc153d029c3ad17e69892431a02a298273149eacd0a375b8,hqs,5,22.59768568247436,0.7731188564022053
fresh_div2k_0892,DIV2K_fresh,fresh_div2k_0892,test,0.1,0.1001129150390625,0.01,2027,9a190533085c57f9fc153d029c3ad17e69892431a02a298273149eacd0a375b8,hqs,6,22.92710720521914,0.7906654916117415
fresh_div2k_0892,DIV2K_fresh,fresh_div2k_0892,test,0.1,0.1001129150390625,0.01,2027,9a190533085c57f9fc153d029c3ad17e69892431a02a298273149eacd0a375b8,admm,1,20.267520963023827,0.5946459612222107
fresh_div2k_0892,DIV2K_fresh,fresh_div2k_0892,test,0.1,0.1001129150390625,0.01,2027,9a190533085c57f9fc153d029c3ad17e69892431a02a298273149eacd0a375b8,admm,2,21.20866295962061,0.6748950636736588
fresh_div2k_0892,DIV2K_fresh,fresh_div2k_0892,test,0.1,0.1001129150390625,0.01,2027,9a190533085c57f9fc153d029c3ad17e69892431a02a298273149eacd0a375b8,admm,3,21.960075507216782,0.7333010319997455
fresh_div2k_0892,DIV2K_fresh,fresh_div2k_0892,test,0.1,0.1001129150390625,0.01,2027,9a190533085c57f9fc153d029c3ad17e69892431a02a298273149eacd0a375b8,admm,4,22.492732416951892,0.7709786706433334
fresh_div2k_0892,DIV2K_fresh,fresh_div2k_0892,test,0.1,0.1001129150390625,0.01,2027,9a190533085c57f9fc153d029c3ad17e69892431a02a298273149eacd0a375b8,admm,5,22.837353934141404,0.7886376821386889
fresh_div2k_0892,DIV2K_fresh,fresh_div2k_0892,test,0.1,0.1001129150390625,0.01,2027,9a190533085c57f9fc153d029c3ad17e69892431a02a298273149eacd0a375b8,admm,6,23.09605591479648,0.7984415335354693
fresh_div2k_0892,DIV2K_fresh,fresh_div2k_0892,test,0.1,0.1001129150390625,0.01,2028,53ffb9bfed90f9b523de84e1d7c1f9a5c63368c1c91b83924612101d165c6f90,hqs,1,20.283816835977152,0.5969663020302556
fresh_div2k_0892,DIV2K_fresh,fresh_div2k_0892,test,0.1,0.1001129150390625,0.01,2028,53ffb9bfed90f9b523de84e1d7c1f9a5c63368c1c91b83924612101d165c6f90,hqs,2,21.025117167874505,0.6603031796857863
fresh_div2k_0892,DIV2K_fresh,fresh_div2k_0892,test,0.1,0.1001129150390625,0.01,2028,53ffb9bfed90f9b523de84e1d7c1f9a5c63368c1c91b83924612101d165c6f90,hqs,3,21.70705797919168,0.7119316861168128
fresh_div2k_0892,DIV2K_fresh,fresh_div2k_0892,test,0.1,0.1001129150390625,0.01,2028,53ffb9bfed90f9b523de84e1d7c1f9a5c63368c1c91b83924612101d165c6f90,hqs,4,22.230904440485922,0.7495815083242394
fresh_div2k_0892,DIV2K_fresh,fresh_div2k_0892,test,0.1,0.1001129150390625,0.01,2028,53ffb9bfed90f9b523de84e1d7c1f9a5c63368c1c91b83924612101d165c6f90,hqs,5,22.59243868926331,0.771992479308771
fresh_div2k_0892,DIV2K_fresh,fresh_div2k_0892,test,0.1,0.1001129150390625,0.01,2028,53ffb9bfed90f9b523de84e1d7c1f9a5c63368c1c91b83924612101d165c6f90,hqs,6,22.909768497369072,0.7888309399015904
fresh_div2k_0892,DIV2K_fresh,fresh_div2k_0892,test,0.1,0.1001129150390625,0.01,2028,53ffb9bfed90f9b523de84e1d7c1f9a5c63368c1c91b83924612101d165c6f90,admm,1,20.27143201347433,0.5946149072291087
fresh_div2k_0892,DIV2K_fresh,fresh_div2k_0892,test,0.1,0.1001129150390625,0.01,2028,53ffb9bfed90f9b523de84e1d7c1f9a5c63368c1c91b83924612101d165c6f90,admm,2,21.211773660144924,0.6749848464158503
fresh_div2k_0892,DIV2K_fresh,fresh_div2k_0892,test,0.1,0.1001129150390625,0.01,2028,53ffb9bfed90f9b523de84e1d7c1f9a5c63368c1c91b83924612101d165c6f90,admm,3,21.959764165533507,0.732253860644022
fresh_div2k_0892,DIV2K_fresh,fresh_div2k_0892,test,0.1,0.1001129150390625,0.01,2028,53ffb9bfed90f9b523de84e1d7c1f9a5c63368c1c91b83924612101d165c6f90,admm,4,22.495964615491417,0.7698697449402064
fresh_div2k_0892,DIV2K_fresh,fresh_div2k_0892,test,0.1,0.1001129150390625,0.01,2028,53ffb9bfed90f9b523de84e1d7c1f9a5c63368c1c91b83924612101d165c6f90,admm,5,22.844503355759784,0.7877447357477396
fresh_div2k_0892,DIV2K_fresh,fresh_div2k_0892,test,0.1,0.1001129150390625,0.01,2028,53ffb9bfed90f9b523de84e1d7c1f9a5c63368c1c91b83924612101d165c6f90,admm,6,23.09881806921329,0.7973380738065206
fresh_div2k_0892,DIV2K_fresh,fresh_div2k_0892,test,0.1,0.1001129150390625,0.05,2026,f3d1aac1a651fb916afe9fa85fabc0cf5fd5571edb0a8c13be647579a73c034a,hqs,1,19.860287495168308,0.5678850893331677
fresh_div2k_0892,DIV2K_fresh,fresh_div2k_0892,test,0.1,0.1001129150390625,0.05,2026,f3d1aac1a651fb916afe9fa85fabc0cf5fd5571edb0a8c13be647579a73c034a,hqs,2,20.41412955953512,0.6180789589394577
fresh_div2k_0892,DIV2K_fresh,fresh_div2k_0892,test,0.1,0.1001129150390625,0.05,2026,f3d1aac1a651fb916afe9fa85fabc0cf5fd5571edb0a8c13be647579a73c034a,hqs,3,20.721246994874306,0.6483750328316791
fresh_div2k_0892,DIV2K_fresh,fresh_div2k_0892,test,0.1,0.1001129150390625,0.05,2026,f3d1aac1a651fb916afe9fa85fabc0cf5fd5571edb0a8c13be647579a73c034a,hqs,4,20.93487195484055,0.6725886792122079
fresh_div2k_0892,DIV2K_fresh,fresh_div2k_0892,test,0.1,0.1001129150390625,0.05,2026,f3d1aac1a651fb916afe9fa85fabc0cf5fd5571edb0a8c13be647579a73c034a,hqs,5,21.034615501866554,0.6838542458146231
fresh_div2k_0892,DIV2K_fresh,fresh_div2k_0892,test,0.1,0.1001129150390625,0.05,2026,f3d1aac1a651fb916afe9fa85fabc0cf5fd5571edb0a8c13be647579a73c034a,hqs,6,21.031110680131455,0.6873857838529523
fresh_div2k_0892,DIV2K_fresh,fresh_div2k_0892,test,0.1,0.1001129150390625,0.05,2026,f3d1aac1a651fb916afe9fa85fabc0cf5fd5571edb0a8c13be647579a73c034a,admm,1,19.843117818342865,0.5653725373980519
fresh_div2k_0892,DIV2K_fresh,fresh_div2k_0892,test,0.1,0.1001129150390625,0.05,2026,f3d1aac1a651fb916afe9fa85fabc0cf5fd5571edb0a8c13be647579a73c034a,admm,2,20.50398125422919,0.6263639088562007
fresh_div2k_0892,DIV2K_fresh,fresh_div2k_0892,test,0.1,0.1001129150390625,0.05,2026,f3d1aac1a651fb916afe9fa85fabc0cf5fd5571edb0a8c13be647579a73c034a,admm,3,20.745159156000366,0.6584230035695949
fresh_div2k_0892,DIV2K_fresh,fresh_div2k_0892,test,0.1,0.1001129150390625,0.05,2026,f3d1aac1a651fb916afe9fa85fabc0cf5fd5571edb0a8c13be647579a73c034a,admm,4,20.939750356474526,0.6832748333196118
fresh_div2k_0892,DIV2K_fresh,fresh_div2k_0892,test,0.1,0.1001129150390625,0.05,2026,f3d1aac1a651fb916afe9fa85fabc0cf5fd5571edb0a8c13be647579a73c034a,admm,5,20.977208230579386,0.6864903296217519
fresh_div2k_0892,DIV2K_fresh,fresh_div2k_0892,test,0.1,0.1001129150390625,0.05,2026,f3d1aac1a651fb916afe9fa85fabc0cf5fd5571edb0a8c13be647579a73c034a,admm,6,21.217862648962264,0.6989772107968713
fresh_div2k_0892,DIV2K_fresh,fresh_div2k_0892,test,0.1,0.1001129150390625,0.05,2027,e326df74037c91fe7bd3437bbbc4ccfedf04cc298f903b66fc41c982b701490e,hqs,1,19.828399151707227,0.5663747054859121
fresh_div2k_0892,DIV2K_fresh,fresh_div2k_0892,test,0.1,0.1001129150390625,0.05,2027,e326df74037c91fe7bd3437bbbc4ccfedf04cc298f903b66fc41c982b701490e,hqs,2,20.37792757877785,0.6169704821030696
fresh_div2k_0892,DIV2K_fresh,fresh_div2k_0892,test,0.1,0.1001129150390625,0.05,2027,e326df74037c91fe7bd3437bbbc4ccfedf04cc298f903b66fc41c982b701490e,hqs,3,20.70284035514371,0.648455261167239
fresh_div2k_0892,DIV2K_fresh,fresh_div2k_0892,test,0.1,0.1001129150390625,0.05,2027,e326df74037c91fe7bd3437bbbc4ccfedf04cc298f903b66fc41c982b701490e,hqs,4,20.90409338093327,0.6725581365496269
fresh_div2k_0892,DIV2K_fresh,fresh_div2k_0892,test,0.1,0.1001129150390625,0.05,2027,e326df74037c91fe7bd3437bbbc4ccfedf04cc298f903b66fc41c982b701490e,hqs,5,20.99617237101524,0.6828660516425167
fresh_div2k_0892,DIV2K_fresh,fresh_div2k_0892,test,0.1,0.1001129150390625,0.05,2027,e326df74037c91fe7bd3437bbbc4ccfedf04cc298f903b66fc41c982b701490e,hqs,6,20.989829704147684,0.6858699021494487
fresh_div2k_0892,DIV2K_fresh,fresh_div2k_0892,test,0.1,0.1001129150390625,0.05,2027,e326df74037c91fe7bd3437bbbc4ccfedf04cc298f903b66fc41c982b701490e,admm,1,19.822676878403584,0.5648334894048409
fresh_div2k_0892,DIV2K_fresh,fresh_div2k_0892,test,0.1,0.1001129150390625,0.05,2027,e326df74037c91fe7bd3437bbbc4ccfedf04cc298f903b66fc41c982b701490e,admm,2,20.479588372655115,0.626194319907641
fresh_div2k_0892,DIV2K_fresh,fresh_div2k_0892,test,0.1,0.1001129150390625,0.05,2027,e326df74037c91fe7bd3437bbbc4ccfedf04cc298f903b66fc41c982b701490e,admm,3,20.731417122564185,0.6593949839143041
fresh_div2k_0892,DIV2K_fresh,fresh_div2k_0892,test,0.1,0.1001129150390625,0.05,2027,e326df74037c91fe7bd3437bbbc4ccfedf04cc298f903b66fc41c982b701490e,admm,4,20.915473735008376,0.6840789210035731
fresh_div2k_0892,DIV2K_fresh,fresh_div2k_0892,test,0.1,0.1001129150390625,0.05,2027,e326df74037c91fe7bd3437bbbc4ccfedf04cc298f903b66fc41c982b701490e,admm,5,20.91736156598997,0.6854057500747935
fresh_div2k_0892,DIV2K_fresh,fresh_div2k_0892,test,0.1,0.1001129150390625,0.05,2027,e326df74037c91fe7bd3437bbbc4ccfedf04cc298f903b66fc41c982b701490e,admm,6,21.163478122180965,0.6979728134783111
fresh_div2k_0892,DIV2K_fresh,fresh_div2k_0892,test,0.1,0.1001129150390625,0.05,2028,a6750c2c2b6e8e9ebadba7488ac74ef98e999e7e9df8e8477454d7e72ec82510,hqs,1,19.81425267580461,0.5650786580190877
fresh_div2k_0892,DIV2K_fresh,fresh_div2k_0892,test,0.1,0.1001129150390625,0.05,2028,a6750c2c2b6e8e9ebadba7488ac74ef98e999e7e9df8e8477454d7e72ec82510,hqs,2,20.366884600966266,0.6152550799728488
fresh_div2k_0892,DIV2K_fresh,fresh_div2k_0892,test,0.1,0.1001129150390625,0.05,2028,a6750c2c2b6e8e9ebadba7488ac74ef98e999e7e9df8e8477454d7e72ec82510,hqs,3,20.700440566815285,0.6458810120149798
fresh_div2k_0892,DIV2K_fresh,fresh_div2k_0892,test,0.1,0.1001129150390625,0.05,2028,a6750c2c2b6e8e9ebadba7488ac74ef98e999e7e9df8e8477454d7e72ec82510,hqs,4,20.919803918722707,0.6700379236564906
fresh_div2k_0892,DIV2K_fresh,fresh_div2k_0892,test,0.1,0.1001129150390625,0.05,2028,a6750c2c2b6e8e9ebadba7488ac74ef98e999e7e9df8e8477454d7e72ec82510,hqs,5,21.03106364884666,0.6818449230292675
fresh_div2k_0892,DIV2K_fresh,fresh_div2k_0892,test,0.1,0.1001129150390625,0.05,2028,a6750c2c2b6e8e9ebadba7488ac74ef98e999e7e9df8e8477454d7e72ec82510,hqs,6,21.035347444378566,0.6852979221515981
fresh_div2k_0892,DIV2K_fresh,fresh_div2k_0892,test,0.1,0.1001129150390625,0.05,2028,a6750c2c2b6e8e9ebadba7488ac74ef98e999e7e9df8e8477454d7e72ec82510,admm,1,19.818959560979437,0.5644855335291266
fresh_div2k_0892,DIV2K_fresh,fresh_div2k_0892,test,0.1,0.1001129150390625,0.05,2028,a6750c2c2b6e8e9ebadba7488ac74ef98e999e7e9df8e8477454d7e72ec82510,admm,2,20.473286863805843,0.6253001032822645
fresh_div2k_0892,DIV2K_fresh,fresh_div2k_0892,test,0.1,0.1001129150390625,0.05,2028,a6750c2c2b6e8e9ebadba7488ac74ef98e999e7e9df8e8477454d7e72ec82510,admm,3,20.735732745693582,0.6563976650397174
fresh_div2k_0892,DIV2K_fresh,fresh_div2k_0892,test,0.1,0.1001129150390625,0.05,2028,a6750c2c2b6e8e9ebadba7488ac74ef98e999e7e9df8e8477454d7e72ec82510,admm,4,20.937085017351503,0.6810133106585052
fresh_div2k_0892,DIV2K_fresh,fresh_div2k_0892,test,0.1,0.1001129150390625,0.05,2028,a6750c2c2b6e8e9ebadba7488ac74ef98e999e7e9df8e8477454d7e72ec82510,admm,5,20.98508368640831,0.6852900110407169
fresh_div2k_0892,DIV2K_fresh,fresh_div2k_0892,test,0.1,0.1001129150390625,0.05,2028,a6750c2c2b6e8e9ebadba7488ac74ef98e999e7e9df8e8477454d7e72ec82510,admm,6,21.228450292864274,0.698272588708166
fresh_div2k_0896,DIV2K_fresh,fresh_div2k_0896,test,0.01,0.01031494140625,0.0,2026,3b7c7f5c9615af2a4305c20241f5ff2e8fb01818a3db95904e61b714795918a1,hqs,1,19.660661678455458,0.518539235635763
fresh_div2k_0896,DIV2K_fresh,fresh_div2k_0896,test,0.01,0.01031494140625,0.0,2026,3b7c7f5c9615af2a4305c20241f5ff2e8fb01818a3db95904e61b714795918a1,hqs,2,21.29429540784759,0.7198229822742643
fresh_div2k_0896,DIV2K_fresh,fresh_div2k_0896,test,0.01,0.01031494140625,0.0,2026,3b7c7f5c9615af2a4305c20241f5ff2e8fb01818a3db95904e61b714795918a1,hqs,3,22.203013837650193,0.8287637687415774
fresh_div2k_0896,DIV2K_fresh,fresh_div2k_0896,test,0.01,0.01031494140625,0.0,2026,3b7c7f5c9615af2a4305c20241f5ff2e8fb01818a3db95904e61b714795918a1,hqs,4,22.620976333863425,0.8587733663372351
fresh_div2k_0896,DIV2K_fresh,fresh_div2k_0896,test,0.01,0.01031494140625,0.0,2026,3b7c7f5c9615af2a4305c20241f5ff2e8fb01818a3db95904e61b714795918a1,hqs,5,22.862305751066266,0.8710791626578113
fresh_div2k_0896,DIV2K_fresh,fresh_div2k_0896,test,0.01,0.01031494140625,0.0,2026,3b7c7f5c9615af2a4305c20241f5ff2e8fb01818a3db95904e61b714795918a1,hqs,6,23.03341742642764,0.8809837031879397
fresh_div2k_0896,DIV2K_fresh,fresh_div2k_0896,test,0.01,0.01031494140625,0.0,2026,3b7c7f5c9615af2a4305c20241f5ff2e8fb01818a3db95904e61b714795918a1,admm,1,19.538086685910272,0.5043801715174685
fresh_div2k_0896,DIV2K_fresh,fresh_div2k_0896,test,0.01,0.01031494140625,0.0,2026,3b7c7f5c9615af2a4305c20241f5ff2e8fb01818a3db95904e61b714795918a1,admm,2,21.48545561299024,0.7456843932848585
fresh_div2k_0896,DIV2K_fresh,fresh_div2k_0896,test,0.01,0.01031494140625,0.0,2026,3b7c7f5c9615af2a4305c20241f5ff2e8fb01818a3db95904e61b714795918a1,admm,3,22.34559064616836,0.8439104778262096
fresh_div2k_0896,DIV2K_fresh,fresh_div2k_0896,test,0.01,0.01031494140625,0.0,2026,3b7c7f5c9615af2a4305c20241f5ff2e8fb01818a3db95904e61b714795918a1,admm,4,22.64999017441827,0.8553028208349226
fresh_div2k_0896,DIV2K_fresh,fresh_div2k_0896,test,0.01,0.01031494140625,0.0,2026,3b7c7f5c9615af2a4305c20241f5ff2e8fb01818a3db95904e61b714795918a1,admm,5,22.843421318280825,0.8655731385655314
fresh_div2k_0896,DIV2K_fresh,fresh_div2k_0896,test,0.01,0.01031494140625,0.0,2026,3b7c7f5c9615af2a4305c20241f5ff2e8fb01818a3db95904e61b714795918a1,admm,6,23.0252911566709,0.880460998394331
fresh_div2k_0896,DIV2K_fresh,fresh_div2k_0896,test,0.04,0.041259765625,0.0,2026,acd9b379829b28ea7bb883e811099396aa2a4f0ae7f687ae758d8a6c70c9fa7c,hqs,1,22.54932809471842,0.5784389991204101
fresh_div2k_0896,DIV2K_fresh,fresh_div2k_0896,test,0.04,0.041259765625,0.0,2026,acd9b379829b28ea7bb883e811099396aa2a4f0ae7f687ae758d8a6c70c9fa7c,hqs,2,25.029976811418713,0.7901657965431702
fresh_div2k_0896,DIV2K_fresh,fresh_div2k_0896,test,0.04,0.041259765625,0.0,2026,acd9b379829b28ea7bb883e811099396aa2a4f0ae7f687ae758d8a6c70c9fa7c,hqs,3,26.75456585524411,0.9046534107242749
fresh_div2k_0896,DIV2K_fresh,fresh_div2k_0896,test,0.04,0.041259765625,0.0,2026,acd9b379829b28ea7bb883e811099396aa2a4f0ae7f687ae758d8a6c70c9fa7c,hqs,4,27.776956468361057,0.9348242706987708
fresh_div2k_0896,DIV2K_fresh,fresh_div2k_0896,test,0.04,0.041259765625,0.0,2026,acd9b379829b28ea7bb883e811099396aa2a4f0ae7f687ae758d8a6c70c9fa7c,hqs,5,28.559309674297715,0.9438547626681923
fresh_div2k_0896,DIV2K_fresh,fresh_div2k_0896,test,0.04,0.041259765625,0.0,2026,acd9b379829b28ea7bb883e811099396aa2a4f0ae7f687ae758d8a6c70c9fa7c,hqs,6,29.442041142028348,0.952827074918747
fresh_div2k_0896,DIV2K_fresh,fresh_div2k_0896,test,0.04,0.041259765625,0.0,2026,acd9b379829b28ea7bb883e811099396aa2a4f0ae7f687ae758d8a6c70c9fa7c,admm,1,22.355505225079824,0.5606112493798794
fresh_div2k_0896,DIV2K_fresh,fresh_div2k_0896,test,0.04,0.041259765625,0.0,2026,acd9b379829b28ea7bb883e811099396aa2a4f0ae7f687ae758d8a6c70c9fa7c,admm,2,25.344794934378292,0.8166785746800936
fresh_div2k_0896,DIV2K_fresh,fresh_div2k_0896,test,0.04,0.041259765625,0.0,2026,acd9b379829b28ea7bb883e811099396aa2a4f0ae7f687ae758d8a6c70c9fa7c,admm,3,27.10440257484879,0.9143066023107078
fresh_div2k_0896,DIV2K_fresh,fresh_div2k_0896,test,0.04,0.041259765625,0.0,2026,acd9b379829b28ea7bb883e811099396aa2a4f0ae7f687ae758d8a6c70c9fa7c,admm,4,28.01056792478304,0.9186580518978238
fresh_div2k_0896,DIV2K_fresh,fresh_div2k_0896,test,0.04,0.041259765625,0.0,2026,acd9b379829b28ea7bb883e811099396aa2a4f0ae7f687ae758d8a6c70c9fa7c,admm,5,28.789860604721547,0.9342518770418167
fresh_div2k_0896,DIV2K_fresh,fresh_div2k_0896,test,0.04,0.041259765625,0.0,2026,acd9b379829b28ea7bb883e811099396aa2a4f0ae7f687ae758d8a6c70c9fa7c,admm,6,29.460018310972544,0.9530738123377561
fresh_div2k_0896,DIV2K_fresh,fresh_div2k_0896,test,0.1,0.1001129150390625,0.0,2026,ac893dcedbbd746e7f853401e9e6b5c2cc8ab210c67034c64f409a2409c4223a,hqs,1,25.20479191177518,0.6548806547081023
fresh_div2k_0896,DIV2K_fresh,fresh_div2k_0896,test,0.1,0.1001129150390625,0.0,2026,ac893dcedbbd746e7f853401e9e6b5c2cc8ab210c67034c64f409a2409c4223a,hqs,2,28.68210684421607,0.8459826636020243
fresh_div2k_0896,DIV2K_fresh,fresh_div2k_0896,test,0.1,0.1001129150390625,0.0,2026,ac893dcedbbd746e7f853401e9e6b5c2cc8ab210c67034c64f409a2409c4223a,hqs,3,31.318666277371175,0.943046020935297
fresh_div2k_0896,DIV2K_fresh,fresh_div2k_0896,test,0.1,0.1001129150390625,0.0,2026,ac893dcedbbd746e7f853401e9e6b5c2cc8ab210c67034c64f409a2409c4223a,hqs,4,32.898327990900185,0.9663497864782811
fresh_div2k_0896,DIV2K_fresh,fresh_div2k_0896,test,0.1,0.1001129150390625,0.0,2026,ac893dcedbbd746e7f853401e9e6b5c2cc8ab210c67034c64f409a2409c4223a,hqs,5,34.09331196508576,0.9723892279107571
fresh_div2k_0896,DIV2K_fresh,fresh_div2k_0896,test,0.1,0.1001129150390625,0.0,2026,ac893dcedbbd746e7f853401e9e6b5c2cc8ab210c67034c64f409a2409c4223a,hqs,6,35.25573545322254,0.9780631352975369
fresh_div2k_0896,DIV2K_fresh,fresh_div2k_0896,test,0.1,0.1001129150390625,0.0,2026,ac893dcedbbd746e7f853401e9e6b5c2cc8ab210c67034c64f409a2409c4223a,admm,1,24.942312474163927,0.6330314076645523
fresh_div2k_0896,DIV2K_fresh,fresh_div2k_0896,test,0.1,0.1001129150390625,0.0,2026,ac893dcedbbd746e7f853401e9e6b5c2cc8ab210c67034c64f409a2409c4223a,admm,2,29.358023495274928,0.8765795274394322
fresh_div2k_0896,DIV2K_fresh,fresh_div2k_0896,test,0.1,0.1001129150390625,0.0,2026,ac893dcedbbd746e7f853401e9e6b5c2cc8ab210c67034c64f409a2409c4223a,admm,3,32.031740479991,0.9482004609036445
fresh_div2k_0896,DIV2K_fresh,fresh_div2k_0896,test,0.1,0.1001129150390625,0.0,2026,ac893dcedbbd746e7f853401e9e6b5c2cc8ab210c67034c64f409a2409c4223a,admm,4,33.051680361987124,0.9455272045023442
fresh_div2k_0896,DIV2K_fresh,fresh_div2k_0896,test,0.1,0.1001129150390625,0.0,2026,ac893dcedbbd746e7f853401e9e6b5c2cc8ab210c67034c64f409a2409c4223a,admm,5,34.25580935181583,0.962933932110548
fresh_div2k_0896,DIV2K_fresh,fresh_div2k_0896,test,0.1,0.1001129150390625,0.0,2026,ac893dcedbbd746e7f853401e9e6b5c2cc8ab210c67034c64f409a2409c4223a,admm,6,35.30071334043193,0.9779435721950531
fresh_div2k_0896,DIV2K_fresh,fresh_div2k_0896,test,0.25,0.25,0.0,2026,97b91b01355bdfe6900780879080ecf4d10a25033c078fc2064c9d9d1cf9f9a1,hqs,1,29.325278183289146,0.7665006081473827
fresh_div2k_0896,DIV2K_fresh,fresh_div2k_0896,test,0.25,0.25,0.0,2026,97b91b01355bdfe6900780879080ecf4d10a25033c078fc2064c9d9d1cf9f9a1,hqs,2,33.93002255151159,0.9162412316250801
fresh_div2k_0896,DIV2K_fresh,fresh_div2k_0896,test,0.25,0.25,0.0,2026,97b91b01355bdfe6900780879080ecf4d10a25033c078fc2064c9d9d1cf9f9a1,hqs,3,37.293229930064854,0.9739661628627777
fresh_div2k_0896,DIV2K_fresh,fresh_div2k_0896,test,0.25,0.25,0.0,2026,97b91b01355bdfe6900780879080ecf4d10a25033c078fc2064c9d9d1cf9f9a1,hqs,4,39.3853978382976,0.9863261385946274
fresh_div2k_0896,DIV2K_fresh,fresh_div2k_0896,test,0.25,0.25,0.0,2026,97b91b01355bdfe6900780879080ecf4d10a25033c078fc2064c9d9d1cf9f9a1,hqs,5,40.73435958886791,0.9890809249811172
fresh_div2k_0896,DIV2K_fresh,fresh_div2k_0896,test,0.25,0.25,0.0,2026,97b91b01355bdfe6900780879080ecf4d10a25033c078fc2064c9d9d1cf9f9a1,hqs,6,41.76429643042603,0.9916614852867126
fresh_div2k_0896,DIV2K_fresh,fresh_div2k_0896,test,0.25,0.25,0.0,2026,97b91b01355bdfe6900780879080ecf4d10a25033c078fc2064c9d9d1cf9f9a1,admm,1,29.01918644590824,0.7476650721945166
fresh_div2k_0896,DIV2K_fresh,fresh_div2k_0896,test,0.25,0.25,0.0,2026,97b91b01355bdfe6900780879080ecf4d10a25033c078fc2064c9d9d1cf9f9a1,admm,2,35.2823338872357,0.9482147336769104
fresh_div2k_0896,DIV2K_fresh,fresh_div2k_0896,test,0.25,0.25,0.0,2026,97b91b01355bdfe6900780879080ecf4d10a25033c078fc2064c9d9d1cf9f9a1,admm,3,37.890038848208846,0.9698656355295181
fresh_div2k_0896,DIV2K_fresh,fresh_div2k_0896,test,0.25,0.25,0.0,2026,97b91b01355bdfe6900780879080ecf4d10a25033c078fc2064c9d9d1cf9f9a1,admm,4,38.48123187391191,0.9681212252473831
fresh_div2k_0896,DIV2K_fresh,fresh_div2k_0896,test,0.25,0.25,0.0,2026,97b91b01355bdfe6900780879080ecf4d10a25033c078fc2064c9d9d1cf9f9a1,admm,5,40.25237168931942,0.9826960658340455
fresh_div2k_0896,DIV2K_fresh,fresh_div2k_0896,test,0.25,0.25,0.0,2026,97b91b01355bdfe6900780879080ecf4d10a25033c078fc2064c9d9d1cf9f9a1,admm,6,41.72880657246096,0.9914958205909729
fresh_div2k_0896,DIV2K_fresh,fresh_div2k_0896,test,0.5,0.4998931884765625,0.0,2026,11dbb33b6dd06b529f9485baf71837bcfebb3a6c3e5a593435ed84b324c00590,hqs,1,33.34474419265588,0.8647197070155144
fresh_div2k_0896,DIV2K_fresh,fresh_div2k_0896,test,0.5,0.4998931884765625,0.0,2026,11dbb33b6dd06b529f9485baf71837bcfebb3a6c3e5a593435ed84b324c00590,hqs,2,38.564345413060494,0.9585376968450546
fresh_div2k_0896,DIV2K_fresh,fresh_div2k_0896,test,0.5,0.4998931884765625,0.0,2026,11dbb33b6dd06b529f9485baf71837bcfebb3a6c3e5a593435ed84b324c00590,hqs,3,42.67995330367748,0.9880049569730759
fresh_div2k_0896,DIV2K_fresh,fresh_div2k_0896,test,0.5,0.4998931884765625,0.0,2026,11dbb33b6dd06b529f9485baf71837bcfebb3a6c3e5a593435ed84b324c00590,hqs,4,45.34334442394206,0.9941510968151093
fresh_div2k_0896,DIV2K_fresh,fresh_div2k_0896,test,0.5,0.4998931884765625,0.0,2026,11dbb33b6dd06b529f9485baf71837bcfebb3a6c3e5a593435ed84b324c00590,hqs,5,46.96538083430503,0.9954155935087204
fresh_div2k_0896,DIV2K_fresh,fresh_div2k_0896,test,0.5,0.4998931884765625,0.0,2026,11dbb33b6dd06b529f9485baf71837bcfebb3a6c3e5a593435ed84b324c00590,hqs,6,48.33953004827099,0.9968860924243927
fresh_div2k_0896,DIV2K_fresh,fresh_div2k_0896,test,0.5,0.4998931884765625,0.0,2026,11dbb33b6dd06b529f9485baf71837bcfebb3a6c3e5a593435ed84b324c00590,admm,1,33.04265317673191,0.8494362716083527
fresh_div2k_0896,DIV2K_fresh,fresh_div2k_0896,test,0.5,0.4998931884765625,0.0,2026,11dbb33b6dd06b529f9485baf71837bcfebb3a6c3e5a593435ed84b324c00590,admm,2,40.40339027918894,0.9792870878047943
fresh_div2k_0896,DIV2K_fresh,fresh_div2k_0896,test,0.5,0.4998931884765625,0.0,2026,11dbb33b6dd06b529f9485baf71837bcfebb3a6c3e5a593435ed84b324c00590,admm,3,42.648605630615315,0.9819111857442856
fresh_div2k_0896,DIV2K_fresh,fresh_div2k_0896,test,0.5,0.4998931884765625,0.0,2026,11dbb33b6dd06b529f9485baf71837bcfebb3a6c3e5a593435ed84b324c00590,admm,4,42.94651387795461,0.9812401026649475
fresh_div2k_0896,DIV2K_fresh,fresh_div2k_0896,test,0.5,0.4998931884765625,0.0,2026,11dbb33b6dd06b529f9485baf71837bcfebb3a6c3e5a593435ed84b324c00590,admm,5,45.633721386791166,0.9915972867412567
fresh_div2k_0896,DIV2K_fresh,fresh_div2k_0896,test,0.5,0.4998931884765625,0.0,2026,11dbb33b6dd06b529f9485baf71837bcfebb3a6c3e5a593435ed84b324c00590,admm,6,48.24242619420285,0.9968049181900024
fresh_div2k_0896,DIV2K_fresh,fresh_div2k_0896,test,0.1,0.1001129150390625,0.01,2026,fcdd5db6b6c9f3f8b5c7a942b16bb026834cbd35b1868e0473cd189e499f1770,hqs,1,25.179600712063603,0.6508571137383282
fresh_div2k_0896,DIV2K_fresh,fresh_div2k_0896,test,0.1,0.1001129150390625,0.01,2026,fcdd5db6b6c9f3f8b5c7a942b16bb026834cbd35b1868e0473cd189e499f1770,hqs,2,28.68462927111021,0.8397112178171277
fresh_div2k_0896,DIV2K_fresh,fresh_div2k_0896,test,0.1,0.1001129150390625,0.01,2026,fcdd5db6b6c9f3f8b5c7a942b16bb026834cbd35b1868e0473cd189e499f1770,hqs,3,31.19595270501868,0.9368174247567653
fresh_div2k_0896,DIV2K_fresh,fresh_div2k_0896,test,0.1,0.1001129150390625,0.01,2026,fcdd5db6b6c9f3f8b5c7a942b16bb026834cbd35b1868e0473cd189e499f1770,hqs,4,32.55833130308703,0.9605458810975551
fresh_div2k_0896,DIV2K_fresh,fresh_div2k_0896,test,0.1,0.1001129150390625,0.01,2026,fcdd5db6b6c9f3f8b5c7a942b16bb026834cbd35b1868e0473cd189e499f1770,hqs,5,33.21843496873716,0.9642191623620987
fresh_div2k_0896,DIV2K_fresh,fresh_div2k_0896,test,0.1,0.1001129150390625,0.01,2026,fcdd5db6b6c9f3f8b5c7a942b16bb026834cbd35b1868e0473cd189e499f1770,hqs,6,33.221700660022925,0.947165860155344
fresh_div2k_0896,DIV2K_fresh,fresh_div2k_0896,test,0.1,0.1001129150390625,0.01,2026,fcdd5db6b6c9f3f8b5c7a942b16bb026834cbd35b1868e0473cd189e499f1770,admm,1,24.914856874162396,0.6290954201848767
fresh_div2k_0896,DIV2K_fresh,fresh_div2k_0896,test,0.1,0.1001129150390625,0.01,2026,fcdd5db6b6c9f3f8b5c7a942b16bb026834cbd35b1868e0473cd189e499f1770,admm,2,29.257585467309916,0.863546170166403
fresh_div2k_0896,DIV2K_fresh,fresh_div2k_0896,test,0.1,0.1001129150390625,0.01,2026,fcdd5db6b6c9f3f8b5c7a942b16bb026834cbd35b1868e0473cd189e499f1770,admm,3,31.52772022206218,0.9254983637769222
fresh_div2k_0896,DIV2K_fresh,fresh_div2k_0896,test,0.1,0.1001129150390625,0.01,2026,fcdd5db6b6c9f3f8b5c7a942b16bb026834cbd35b1868e0473cd189e499f1770,admm,4,32.10845234468711,0.9187554261317253
fresh_div2k_0896,DIV2K_fresh,fresh_div2k_0896,test,0.1,0.1001129150390625,0.01,2026,fcdd5db6b6c9f3f8b5c7a942b16bb026834cbd35b1868e0473cd189e499f1770,admm,5,32.59040440364019,0.9240036785032749
fresh_div2k_0896,DIV2K_fresh,fresh_div2k_0896,test,0.1,0.1001129150390625,0.01,2026,fcdd5db6b6c9f3f8b5c7a942b16bb026834cbd35b1868e0473cd189e499f1770,admm,6,33.34011382242882,0.9559273488144875
fresh_div2k_0896,DIV2K_fresh,fresh_div2k_0896,test,0.1,0.1001129150390625,0.01,2027,a0eca12cb7b1bde594fd39ecc8a4c50d3b9c700139921e34dc210bb7dfa894fd,hqs,1,25.17009406160812,0.6507583148406446
fresh_div2k_0896,DIV2K_fresh,fresh_div2k_0896,test,0.1,0.1001129150390625,0.01,2027,a0eca12cb7b1bde594fd39ecc8a4c50d3b9c700139921e34dc210bb7dfa894fd,hqs,2,28.629606017551495,0.8394544955876172
fresh_div2k_0896,DIV2K_fresh,fresh_div2k_0896,test,0.1,0.1001129150390625,0.01,2027,a0eca12cb7b1bde594fd39ecc8a4c50d3b9c700139921e34dc210bb7dfa894fd,hqs,3,31.040429562669498,0.9355786030261517
fresh_div2k_0896,DIV2K_fresh,fresh_div2k_0896,test,0.1,0.1001129150390625,0.01,2027,a0eca12cb7b1bde594fd39ecc8a4c50d3b9c700139921e34dc210bb7dfa894fd,hqs,4,32.28650008661347,0.9586898104043007
fresh_div2k_0896,DIV2K_fresh,fresh_div2k_0896,test,0.1,0.1001129150390625,0.01,2027,a0eca12cb7b1bde594fd39ecc8a4c50d3b9c700139921e34dc210bb7dfa894fd,hqs,5,32.94747393310124,0.9624658194408416
fresh_div2k_0896,DIV2K_fresh,fresh_div2k_0896,test,0.1,0.1001129150390625,0.01,2027,a0eca12cb7b1bde594fd39ecc8a4c50d3b9c700139921e34dc210bb7dfa894fd,hqs,6,33.07350195166915,0.9476337373030186
fresh_div2k_0896,DIV2K_fresh,fresh_div2k_0896,test,0.1,0.1001129150390625,0.01,2027,a0eca12cb7b1bde594fd39ecc8a4c50d3b9c700139921e34dc210bb7dfa894fd,admm,1,24.908142944838772,0.6289183006877676
fresh_div2k_0896,DIV2K_fresh,fresh_div2k_0896,test,0.1,0.1001129150390625,0.01,2027,a0eca12cb7b1bde594fd39ecc8a4c50d3b9c700139921e34dc210bb7dfa894fd,admm,2,29.206097241505297,0.863582732545346
fresh_div2k_0896,DIV2K_fresh,fresh_div2k_0896,test,0.1,0.1001129150390625,0.01,2027,a0eca12cb7b1bde594fd39ecc8a4c50d3b9c700139921e34dc210bb7dfa894fd,admm,3,31.376420118325484,0.9258451253094673
fresh_div2k_0896,DIV2K_fresh,fresh_div2k_0896,test,0.1,0.1001129150390625,0.01,2027,a0eca12cb7b1bde594fd39ecc8a4c50d3b9c700139921e34dc210bb7dfa894fd,admm,4,31.91115106637144,0.9185474476315976
fresh_div2k_0896,DIV2K_fresh,fresh_div2k_0896,test,0.1,0.1001129150390625,0.01,2027,a0eca12cb7b1bde594fd39ecc8a4c50d3b9c700139921e34dc210bb7dfa894fd,admm,5,32.42630625913337,0.9255202367515564
fresh_div2k_0896,DIV2K_fresh,fresh_div2k_0896,test,0.1,0.1001129150390625,0.01,2027,a0eca12cb7b1bde594fd39ecc8a4c50d3b9c700139921e34dc210bb7dfa894fd,admm,6,33.15644791126734,0.9562117221028805
fresh_div2k_0896,DIV2K_fresh,fresh_div2k_0896,test,0.1,0.1001129150390625,0.01,2028,24de7633d83dee25d64c30b5e632fbad238372466245991dae00fd716ae86680,hqs,1,25.181594052437784,0.6512100971786677
fresh_div2k_0896,DIV2K_fresh,fresh_div2k_0896,test,0.1,0.1001129150390625,0.01,2028,24de7633d83dee25d64c30b5e632fbad238372466245991dae00fd716ae86680,hqs,2,28.69709907408393,0.8398005909303426
fresh_div2k_0896,DIV2K_fresh,fresh_div2k_0896,test,0.1,0.1001129150390625,0.01,2028,24de7633d83dee25d64c30b5e632fbad238372466245991dae00fd716ae86680,hqs,3,31.15272765823444,0.9362049819145203
fresh_div2k_0896,DIV2K_fresh,fresh_div2k_0896,test,0.1,0.1001129150390625,0.01,2028,24de7633d83dee25d64c30b5e632fbad238372466245991dae00fd716ae86680,hqs,4,32.436695809745764,0.9599589389269352
fresh_div2k_0896,DIV2K_fresh,fresh_div2k_0896,test,0.1,0.1001129150390625,0.01,2028,24de7633d83dee25d64c30b5e632fbad238372466245991dae00fd716ae86680,hqs,5,33.03930899486086,0.9638935636382103
fresh_div2k_0896,DIV2K_fresh,fresh_div2k_0896,test,0.1,0.1001129150390625,0.01,2028,24de7633d83dee25d64c30b5e632fbad238372466245991dae00fd716ae86680,hqs,6,33.01709700510978,0.9471693369026184
fresh_div2k_0896,DIV2K_fresh,fresh_div2k_0896,test,0.1,0.1001129150390625,0.01,2028,24de7633d83dee25d64c30b5e632fbad238372466245991dae00fd716ae86680,admm,1,24.917110481089686,0.6292755419327914
fresh_div2k_0896,DIV2K_fresh,fresh_div2k_0896,test,0.1,0.1001129150390625,0.01,2028,24de7633d83dee25d64c30b5e632fbad238372466245991dae00fd716ae86680,admm,2,29.289425500558515,0.8635728646617532
fresh_div2k_0896,DIV2K_fresh,fresh_div2k_0896,test,0.1,0.1001129150390625,0.01,2028,24de7633d83dee25d64c30b5e632fbad238372466245991dae00fd716ae86680,admm,3,31.513561808948918,0.9257312799687386
fresh_div2k_0896,DIV2K_fresh,fresh_div2k_0896,test,0.1,0.1001129150390625,0.01,2028,24de7633d83dee25d64c30b5e632fbad238372466245991dae00fd716ae86680,admm,4,31.989003985717343,0.9182912792634964
fresh_div2k_0896,DIV2K_fresh,fresh_div2k_0896,test,0.1,0.1001129150390625,0.01,2028,24de7633d83dee25d64c30b5e632fbad238372466245991dae00fd716ae86680,admm,5,32.432080259897155,0.9254140122287273
fresh_div2k_0896,DIV2K_fresh,fresh_div2k_0896,test,0.1,0.1001129150390625,0.01,2028,24de7633d83dee25d64c30b5e632fbad238372466245991dae00fd716ae86680,admm,6,33.175716421144486,0.956203603675127
fresh_div2k_0896,DIV2K_fresh,fresh_div2k_0896,test,0.1,0.1001129150390625,0.05,2026,ba70208f448231d7c3255d74d0ef452db7cb7ccb3a929c9cedd1dd9571743349,hqs,1,24.27598098161976,0.570688374109935
fresh_div2k_0896,DIV2K_fresh,fresh_div2k_0896,test,0.1,0.1001129150390625,0.05,2026,ba70208f448231d7c3255d74d0ef452db7cb7ccb3a929c9cedd1dd9571743349,hqs,2,25.76706537696805,0.6368407012661398
fresh_div2k_0896,DIV2K_fresh,fresh_div2k_0896,test,0.1,0.1001129150390625,0.05,2026,ba70208f448231d7c3255d74d0ef452db7cb7ccb3a929c9cedd1dd9571743349,hqs,3,25.3891584870252,0.5833620040058587
fresh_div2k_0896,DIV2K_fresh,fresh_div2k_0896,test,0.1,0.1001129150390625,0.05,2026,ba70208f448231d7c3255d74d0ef452db7cb7ccb3a929c9cedd1dd9571743349,hqs,4,25.6769919909271,0.6139889903420805
fresh_div2k_0896,DIV2K_fresh,fresh_div2k_0896,test,0.1,0.1001129150390625,0.05,2026,ba70208f448231d7c3255d74d0ef452db7cb7ccb3a929c9cedd1dd9571743349,hqs,5,25.5936643008263,0.6110448076853157
fresh_div2k_0896,DIV2K_fresh,fresh_div2k_0896,test,0.1,0.1001129150390625,0.05,2026,ba70208f448231d7c3255d74d0ef452db7cb7ccb3a929c9cedd1dd9571743349,hqs,6,24.740029767496182,0.5452913430225849
fresh_div2k_0896,DIV2K_fresh,fresh_div2k_0896,test,0.1,0.1001129150390625,0.05,2026,ba70208f448231d7c3255d74d0ef452db7cb7ccb3a929c9cedd1dd9571743349,admm,1,24.02584254474004,0.550045920465935
fresh_div2k_0896,DIV2K_fresh,fresh_div2k_0896,test,0.1,0.1001129150390625,0.05,2026,ba70208f448231d7c3255d74d0ef452db7cb7ccb3a929c9cedd1dd9571743349,admm,2,25.23471511258728,0.5725922566135526
fresh_div2k_0896,DIV2K_fresh,fresh_div2k_0896,test,0.1,0.1001129150390625,0.05,2026,ba70208f448231d7c3255d74d0ef452db7cb7ccb3a929c9cedd1dd9571743349,admm,3,24.71224339084823,0.5329339027527217
fresh_div2k_0896,DIV2K_fresh,fresh_div2k_0896,test,0.1,0.1001129150390625,0.05,2026,ba70208f448231d7c3255d74d0ef452db7cb7ccb3a929c9cedd1dd9571743349,admm,4,24.593418934888945,0.5357311808675453
fresh_div2k_0896,DIV2K_fresh,fresh_div2k_0896,test,0.1,0.1001129150390625,0.05,2026,ba70208f448231d7c3255d74d0ef452db7cb7ccb3a929c9cedd1dd9571743349,admm,5,24.520047011561402,0.5306801397330762
fresh_div2k_0896,DIV2K_fresh,fresh_div2k_0896,test,0.1,0.1001129150390625,0.05,2026,ba70208f448231d7c3255d74d0ef452db7cb7ccb3a929c9cedd1dd9571743349,admm,6,24.968644824812323,0.564069700010323
fresh_div2k_0896,DIV2K_fresh,fresh_div2k_0896,test,0.1,0.1001129150390625,0.05,2027,ecb5b17e1d5a3797436f194f52c583a65f97d0e182bddf4081d60b77f90ef8e3,hqs,1,24.23514353280767,0.5699873777807877
fresh_div2k_0896,DIV2K_fresh,fresh_div2k_0896,test,0.1,0.1001129150390625,0.05,2027,ecb5b17e1d5a3797436f194f52c583a65f97d0e182bddf4081d60b77f90ef8e3,hqs,2,25.813546408847202,0.6449899531681761
fresh_div2k_0896,DIV2K_fresh,fresh_div2k_0896,test,0.1,0.1001129150390625,0.05,2027,ecb5b17e1d5a3797436f194f52c583a65f97d0e182bddf4081d60b77f90ef8e3,hqs,3,25.46996648703217,0.5935718345112571
fresh_div2k_0896,DIV2K_fresh,fresh_div2k_0896,test,0.1,0.1001129150390625,0.05,2027,ecb5b17e1d5a3797436f194f52c583a65f97d0e182bddf4081d60b77f90ef8e3,hqs,4,25.69055495195894,0.617495398612991
fresh_div2k_0896,DIV2K_fresh,fresh_div2k_0896,test,0.1,0.1001129150390625,0.05,2027,ecb5b17e1d5a3797436f194f52c583a65f97d0e182bddf4081d60b77f90ef8e3,hqs,5,25.590934219384643,0.6154565900973529
fresh_div2k_0896,DIV2K_fresh,fresh_div2k_0896,test,0.1,0.1001129150390625,0.05,2027,ecb5b17e1d5a3797436f194f52c583a65f97d0e182bddf4081d60b77f90ef8e3,hqs,6,24.802445117072573,0.5521385872424542
fresh_div2k_0896,DIV2K_fresh,fresh_div2k_0896,test,0.1,0.1001129150390625,0.05,2027,ecb5b17e1d5a3797436f194f52c583a65f97d0e182bddf4081d60b77f90ef8e3,admm,1,24.005990137682467,0.5519415399056764
fresh_div2k_0896,DIV2K_fresh,fresh_div2k_0896,test,0.1,0.1001129150390625,0.05,2027,ecb5b17e1d5a3797436f194f52c583a65f97d0e182bddf4081d60b77f90ef8e3,admm,2,25.277942648107953,0.5785535964018889
fresh_div2k_0896,DIV2K_fresh,fresh_div2k_0896,test,0.1,0.1001129150390625,0.05,2027,ecb5b17e1d5a3797436f194f52c583a65f97d0e182bddf4081d60b77f90ef8e3,admm,3,24.71897448236045,0.5333080558393055
fresh_div2k_0896,DIV2K_fresh,fresh_div2k_0896,test,0.1,0.1001129150390625,0.05,2027,ecb5b17e1d5a3797436f194f52c583a65f97d0e182bddf4081d60b77f90ef8e3,admm,4,24.59280757728569,0.5375169728704839
fresh_div2k_0896,DIV2K_fresh,fresh_div2k_0896,test,0.1,0.1001129150390625,0.05,2027,ecb5b17e1d5a3797436f194f52c583a65f97d0e182bddf4081d60b77f90ef8e3,admm,5,24.484468087392486,0.5318029075453788
fresh_div2k_0896,DIV2K_fresh,fresh_div2k_0896,test,0.1,0.1001129150390625,0.05,2027,ecb5b17e1d5a3797436f194f52c583a65f97d0e182bddf4081d60b77f90ef8e3,admm,6,24.926286586479062,0.5682013776098546
fresh_div2k_0896,DIV2K_fresh,fresh_div2k_0896,test,0.1,0.1001129150390625,0.05,2028,005b229d7317f23fdaaea300a6eebb5a6759fc3aaab3fecc4fe9e6172b9a17f7,hqs,1,24.275805602448848,0.5709101343141944
fresh_div2k_0896,DIV2K_fresh,fresh_div2k_0896,test,0.1,0.1001129150390625,0.05,2028,005b229d7317f23fdaaea300a6eebb5a6759fc3aaab3fecc4fe9e6172b9a17f7,hqs,2,25.795554804387795,0.6388223437516988
fresh_div2k_0896,DIV2K_fresh,fresh_div2k_0896,test,0.1,0.1001129150390625,0.05,2028,005b229d7317f23fdaaea300a6eebb5a6759fc3aaab3fecc4fe9e6172b9a17f7,hqs,3,25.397954272771845,0.5798423402466998
fresh_div2k_0896,DIV2K_fresh,fresh_div2k_0896,test,0.1,0.1001129150390625,0.05,2028,005b229d7317f23fdaaea300a6eebb5a6759fc3aaab3fecc4fe9e6172b9a17f7,hqs,4,25.716113799687367,0.6103814667129218
fresh_div2k_0896,DIV2K_fresh,fresh_div2k_0896,test,0.1,0.1001129150390625,0.05,2028,005b229d7317f23fdaaea300a6eebb5a6759fc3aaab3fecc4fe9e6172b9a17f7,hqs,5,25.7072710014347,0.6109778578003011
fresh_div2k_0896,DIV2K_fresh,fresh_div2k_0896,test,0.1,0.1001129150390625,0.05,2028,005b229d7317f23fdaaea300a6eebb5a6759fc3aaab3fecc4fe9e6172b9a17f7,hqs,6,24.88305474570918,0.5453577056077029
fresh_div2k_0896,DIV2K_fresh,fresh_div2k_0896,test,0.1,0.1001129150390625,0.05,2028,005b229d7317f23fdaaea300a6eebb5a6759fc3aaab3fecc4fe9e6172b9a17f7,admm,1,24.031427037576833,0.5513387552058027
fresh_div2k_0896,DIV2K_fresh,fresh_div2k_0896,test,0.1,0.1001129150390625,0.05,2028,005b229d7317f23fdaaea300a6eebb5a6759fc3aaab3fecc4fe9e6172b9a17f7,admm,2,25.261239387105793,0.5725451035284698
fresh_div2k_0896,DIV2K_fresh,fresh_div2k_0896,test,0.1,0.1001129150390625,0.05,2028,005b229d7317f23fdaaea300a6eebb5a6759fc3aaab3fecc4fe9e6172b9a17f7,admm,3,24.729807157278096,0.5303352035457566
fresh_div2k_0896,DIV2K_fresh,fresh_div2k_0896,test,0.1,0.1001129150390625,0.05,2028,005b229d7317f23fdaaea300a6eebb5a6759fc3aaab3fecc4fe9e6172b9a17f7,admm,4,24.627977724801827,0.5341139498984441
fresh_div2k_0896,DIV2K_fresh,fresh_div2k_0896,test,0.1,0.1001129150390625,0.05,2028,005b229d7317f23fdaaea300a6eebb5a6759fc3aaab3fecc4fe9e6172b9a17f7,admm,5,24.58286489333841,0.5296100688582733
fresh_div2k_0896,DIV2K_fresh,fresh_div2k_0896,test,0.1,0.1001129150390625,0.05,2028,005b229d7317f23fdaaea300a6eebb5a6759fc3aaab3fecc4fe9e6172b9a17f7,admm,6,25.056448873671997,0.5624506702196247
fresh_div2k_0899,DIV2K_fresh,fresh_div2k_0899,test,0.01,0.01031494140625,0.0,2026,11d028db8a86facf357ee3084331975af9231cfd003860e58c71afe1f20581bb,hqs,1,17.032807558264157,0.25989087114277315
fresh_div2k_0899,DIV2K_fresh,fresh_div2k_0899,test,0.01,0.01031494140625,0.0,2026,11d028db8a86facf357ee3084331975af9231cfd003860e58c71afe1f20581bb,hqs,2,17.324060137551875,0.2947574964123478
fresh_div2k_0899,DIV2K_fresh,fresh_div2k_0899,test,0.01,0.01031494140625,0.0,2026,11d028db8a86facf357ee3084331975af9231cfd003860e58c71afe1f20581bb,hqs,3,17.589304708673286,0.32163935594181026
fresh_div2k_0899,DIV2K_fresh,fresh_div2k_0899,test,0.01,0.01031494140625,0.0,2026,11d028db8a86facf357ee3084331975af9231cfd003860e58c71afe1f20581bb,hqs,4,17.766950398871323,0.3395825226658713
fresh_div2k_0899,DIV2K_fresh,fresh_div2k_0899,test,0.01,0.01031494140625,0.0,2026,11d028db8a86facf357ee3084331975af9231cfd003860e58c71afe1f20581bb,hqs,5,17.85638998775807,0.3478527934727801
fresh_div2k_0899,DIV2K_fresh,fresh_div2k_0899,test,0.01,0.01031494140625,0.0,2026,11d028db8a86facf357ee3084331975af9231cfd003860e58c71afe1f20581bb,hqs,6,17.907531057398263,0.35371839605963123
fresh_div2k_0899,DIV2K_fresh,fresh_div2k_0899,test,0.01,0.01031494140625,0.0,2026,11d028db8a86facf357ee3084331975af9231cfd003860e58c71afe1f20581bb,admm,1,16.976745349037646,0.25342588383888004
fresh_div2k_0899,DIV2K_fresh,fresh_div2k_0899,test,0.01,0.01031494140625,0.0,2026,11d028db8a86facf357ee3084331975af9231cfd003860e58c71afe1f20581bb,admm,2,17.291941192562405,0.29357583051866026
fresh_div2k_0899,DIV2K_fresh,fresh_div2k_0899,test,0.01,0.01031494140625,0.0,2026,11d028db8a86facf357ee3084331975af9231cfd003860e58c71afe1f20581bb,admm,3,17.58986199461009,0.31999834833513724
fresh_div2k_0899,DIV2K_fresh,fresh_div2k_0899,test,0.01,0.01031494140625,0.0,2026,11d028db8a86facf357ee3084331975af9231cfd003860e58c71afe1f20581bb,admm,4,17.77179766488389,0.33843181283185
fresh_div2k_0899,DIV2K_fresh,fresh_div2k_0899,test,0.01,0.01031494140625,0.0,2026,11d028db8a86facf357ee3084331975af9231cfd003860e58c71afe1f20581bb,admm,5,17.864388498512632,0.3475626300765134
fresh_div2k_0899,DIV2K_fresh,fresh_div2k_0899,test,0.01,0.01031494140625,0.0,2026,11d028db8a86facf357ee3084331975af9231cfd003860e58c71afe1f20581bb,admm,6,17.89949730010426,0.3518539134608602
fresh_div2k_0899,DIV2K_fresh,fresh_div2k_0899,test,0.04,0.041259765625,0.0,2026,2a49ae5a75dbf492c41df6436ddf8a6e582b4e0eda5d9d27f87204ab9f35d964,hqs,1,19.485693421493696,0.4684738516509661
fresh_div2k_0899,DIV2K_fresh,fresh_div2k_0899,test,0.04,0.041259765625,0.0,2026,2a49ae5a75dbf492c41df6436ddf8a6e582b4e0eda5d9d27f87204ab9f35d964,hqs,2,20.689895473193406,0.5742108979454802
fresh_div2k_0899,DIV2K_fresh,fresh_div2k_0899,test,0.04,0.041259765625,0.0,2026,2a49ae5a75dbf492c41df6436ddf8a6e582b4e0eda5d9d27f87204ab9f35d964,hqs,3,21.588313420999917,0.6464884164364836
fresh_div2k_0899,DIV2K_fresh,fresh_div2k_0899,test,0.04,0.041259765625,0.0,2026,2a49ae5a75dbf492c41df6436ddf8a6e582b4e0eda5d9d27f87204ab9f35d964,hqs,4,22.12286232334103,0.6819301762615908
fresh_div2k_0899,DIV2K_fresh,fresh_div2k_0899,test,0.04,0.041259765625,0.0,2026,2a49ae5a75dbf492c41df6436ddf8a6e582b4e0eda5d9d27f87204ab9f35d964,hqs,5,22.47238440924633,0.7027177303646905
fresh_div2k_0899,DIV2K_fresh,fresh_div2k_0899,test,0.04,0.041259765625,0.0,2026,2a49ae5a75dbf492c41df6436ddf8a6e582b4e0eda5d9d27f87204ab9f35d964,hqs,6,22.781551279720354,0.7202634301800653
fresh_div2k_0899,DIV2K_fresh,fresh_div2k_0899,test,0.04,0.041259765625,0.0,2026,2a49ae5a75dbf492c41df6436ddf8a6e582b4e0eda5d9d27f87204ab9f35d964,admm,1,19.384520005293172,0.4597544026164407
fresh_div2k_0899,DIV2K_fresh,fresh_div2k_0899,test,0.04,0.041259765625,0.0,2026,2a49ae5a75dbf492c41df6436ddf8a6e582b4e0eda5d9d27f87204ab9f35d964,admm,2,20.819520618103326,0.5874727789238059
fresh_div2k_0899,DIV2K_fresh,fresh_div2k_0899,test,0.04,0.041259765625,0.0,2026,2a49ae5a75dbf492c41df6436ddf8a6e582b4e0eda5d9d27f87204ab9f35d964,admm,3,21.822232443985634,0.6608197256594007
fresh_div2k_0899,DIV2K_fresh,fresh_div2k_0899,test,0.04,0.041259765625,0.0,2026,2a49ae5a75dbf492c41df6436ddf8a6e582b4e0eda5d9d27f87204ab9f35d964,admm,4,22.355649007740396,0.6928451886291473
fresh_div2k_0899,DIV2K_fresh,fresh_div2k_0899,test,0.04,0.041259765625,0.0,2026,2a49ae5a75dbf492c41df6436ddf8a6e582b4e0eda5d9d27f87204ab9f35d964,admm,5,22.656891933502763,0.713351507344067
fresh_div2k_0899,DIV2K_fresh,fresh_div2k_0899,test,0.04,0.041259765625,0.0,2026,2a49ae5a75dbf492c41df6436ddf8a6e582b4e0eda5d9d27f87204ab9f35d964,admm,6,22.80598770352644,0.7198625669458835
fresh_div2k_0899,DIV2K_fresh,fresh_div2k_0899,test,0.1,0.1001129150390625,0.0,2026,2cf80ee9cf0442548e22a116b91228fb8d351421d138e068d27f71e18109b65a,hqs,1,21.948649063576315,0.6410943026166411
fresh_div2k_0899,DIV2K_fresh,fresh_div2k_0899,test,0.1,0.1001129150390625,0.0,2026,2cf80ee9cf0442548e22a116b91228fb8d351421d138e068d27f71e18109b65a,hqs,2,23.847851818532682,0.7622071716322918
fresh_div2k_0899,DIV2K_fresh,fresh_div2k_0899,test,0.1,0.1001129150390625,0.0,2026,2cf80ee9cf0442548e22a116b91228fb8d351421d138e068d27f71e18109b65a,hqs,3,25.28087871245091,0.8311733359489404
fresh_div2k_0899,DIV2K_fresh,fresh_div2k_0899,test,0.1,0.1001129150390625,0.0,2026,2cf80ee9cf0442548e22a116b91228fb8d351421d138e068d27f71e18109b65a,hqs,4,26.25068038871342,0.8632558266609908
fresh_div2k_0899,DIV2K_fresh,fresh_div2k_0899,test,0.1,0.1001129150390625,0.0,2026,2cf80ee9cf0442548e22a116b91228fb8d351421d138e068d27f71e18109b65a,hqs,5,26.939036607809484,0.882318177088499
fresh_div2k_0899,DIV2K_fresh,fresh_div2k_0899,test,0.1,0.1001129150390625,0.0,2026,2cf80ee9cf0442548e22a116b91228fb8d351421d138e068d27f71e18109b65a,hqs,6,27.630982448315542,0.8978566516933442
fresh_div2k_0899,DIV2K_fresh,fresh_div2k_0899,test,0.1,0.1001129150390625,0.0,2026,2cf80ee9cf0442548e22a116b91228fb8d351421d138e068d27f71e18109b65a,admm,1,21.814166801087183,0.6311855210000493
fresh_div2k_0899,DIV2K_fresh,fresh_div2k_0899,test,0.1,0.1001129150390625,0.0,2026,2cf80ee9cf0442548e22a116b91228fb8d351421d138e068d27f71e18109b65a,admm,2,24.221933266253384,0.7828827790941074
fresh_div2k_0899,DIV2K_fresh,fresh_div2k_0899,test,0.1,0.1001129150390625,0.0,2026,2cf80ee9cf0442548e22a116b91228fb8d351421d138e068d27f71e18109b65a,admm,3,25.740095243933332,0.8466473112373352
fresh_div2k_0899,DIV2K_fresh,fresh_div2k_0899,test,0.1,0.1001129150390625,0.0,2026,2cf80ee9cf0442548e22a116b91228fb8d351421d138e068d27f71e18109b65a,admm,4,26.573668973499466,0.8688188533372879
fresh_div2k_0899,DIV2K_fresh,fresh_div2k_0899,test,0.1,0.1001129150390625,0.0,2026,2cf80ee9cf0442548e22a116b91228fb8d351421d138e068d27f71e18109b65a,admm,5,27.23688396464699,0.8869010692386627
fresh_div2k_0899,DIV2K_fresh,fresh_div2k_0899,test,0.1,0.1001129150390625,0.0,2026,2cf80ee9cf0442548e22a116b91228fb8d351421d138e068d27f71e18109b65a,admm,6,27.663822205828822,0.8987584034881592
fresh_div2k_0899,DIV2K_fresh,fresh_div2k_0899,test,0.25,0.25,0.0,2026,558b8803cf90ac733ba6a236b7feb52dadd025e12530fa550fedd2db7ac19106,hqs,1,25.725285367169313,0.819509597848177
fresh_div2k_0899,DIV2K_fresh,fresh_div2k_0899,test,0.25,0.25,0.0,2026,558b8803cf90ac733ba6a236b7feb52dadd025e12530fa550fedd2db7ac19106,hqs,2,28.59536018980092,0.9086985636694431
fresh_div2k_0899,DIV2K_fresh,fresh_div2k_0899,test,0.25,0.25,0.0,2026,558b8803cf90ac733ba6a236b7feb52dadd025e12530fa550fedd2db7ac19106,hqs,3,30.78794778646486,0.9481128552293777
fresh_div2k_0899,DIV2K_fresh,fresh_div2k_0899,test,0.25,0.25,0.0,2026,558b8803cf90ac733ba6a236b7feb52dadd025e12530fa550fedd2db7ac19106,hqs,4,31.98633337037713,0.9594874429807663
fresh_div2k_0899,DIV2K_fresh,fresh_div2k_0899,test,0.25,0.25,0.0,2026,558b8803cf90ac733ba6a236b7feb52dadd025e12530fa550fedd2db7ac19106,hqs,5,32.68589504665768,0.9650522540063858
fresh_div2k_0899,DIV2K_fresh,fresh_div2k_0899,test,0.25,0.25,0.0,2026,558b8803cf90ac733ba6a236b7feb52dadd025e12530fa550fedd2db7ac19106,hqs,6,33.28815672776059,0.9691357115316391
fresh_div2k_0899,DIV2K_fresh,fresh_div2k_0899,test,0.25,0.25,0.0,2026,558b8803cf90ac733ba6a236b7feb52dadd025e12530fa550fedd2db7ac19106,admm,1,25.524588056105827,0.8098097002264857
fresh_div2k_0899,DIV2K_fresh,fresh_div2k_0899,test,0.25,0.25,0.0,2026,558b8803cf90ac733ba6a236b7feb52dadd025e12530fa550fedd2db7ac19106,admm,2,29.407407303196514,0.927300481774807
fresh_div2k_0899,DIV2K_fresh,fresh_div2k_0899,test,0.25,0.25,0.0,2026,558b8803cf90ac733ba6a236b7feb52dadd025e12530fa550fedd2db7ac19106,admm,3,31.416135296202754,0.9536733548464775
fresh_div2k_0899,DIV2K_fresh,fresh_div2k_0899,test,0.25,0.25,0.0,2026,558b8803cf90ac733ba6a236b7feb52dadd025e12530fa550fedd2db7ac19106,admm,4,32.189349062826736,0.9585636539764404
fresh_div2k_0899,DIV2K_fresh,fresh_div2k_0899,test,0.25,0.25,0.0,2026,558b8803cf90ac733ba6a236b7feb52dadd025e12530fa550fedd2db7ac19106,admm,5,32.93090554642851,0.9654580424633026
fresh_div2k_0899,DIV2K_fresh,fresh_div2k_0899,test,0.25,0.25,0.0,2026,558b8803cf90ac733ba6a236b7feb52dadd025e12530fa550fedd2db7ac19106,admm,6,33.34856307256193,0.9692797833242416
fresh_div2k_0899,DIV2K_fresh,fresh_div2k_0899,test,0.5,0.4998931884765625,0.0,2026,5ef69b77c15b11eb82b977fbc2b0fb28d8b8ba916b354da4f3d97f64fcaeb1f0,hqs,1,29.860494580107883,0.9172484614095688
fresh_div2k_0899,DIV2K_fresh,fresh_div2k_0899,test,0.5,0.4998931884765625,0.0,2026,5ef69b77c15b11eb82b977fbc2b0fb28d8b8ba916b354da4f3d97f64fcaeb1f0,hqs,2,33.42736485176714,0.9649686359767914
fresh_div2k_0899,DIV2K_fresh,fresh_div2k_0899,test,0.5,0.4998931884765625,0.0,2026,5ef69b77c15b11eb82b977fbc2b0fb28d8b8ba916b354da4f3d97f64fcaeb1f0,hqs,3,35.740023356463254,0.9811826156845093
fresh_div2k_0899,DIV2K_fresh,fresh_div2k_0899,test,0.5,0.4998931884765625,0.0,2026,5ef69b77c15b11eb82b977fbc2b0fb28d8b8ba916b354da4f3d97f64fcaeb1f0,hqs,4,37.067402652161206,0.9855161634044647
fresh_div2k_0899,DIV2K_fresh,fresh_div2k_0899,test,0.5,0.4998931884765625,0.0,2026,5ef69b77c15b11eb82b977fbc2b0fb28d8b8ba916b354da4f3d97f64fcaeb1f0,hqs,5,37.93155389567695,0.9878269402036667
fresh_div2k_0899,DIV2K_fresh,fresh_div2k_0899,test,0.5,0.4998931884765625,0.0,2026,5ef69b77c15b11eb82b977fbc2b0fb28d8b8ba916b354da4f3d97f64fcaeb1f0,hqs,6,38.550354137756294,0.9892939032278061
fresh_div2k_0899,DIV2K_fresh,fresh_div2k_0899,test,0.5,0.4998931884765625,0.0,2026,5ef69b77c15b11eb82b977fbc2b0fb28d8b8ba916b354da4f3d97f64fcaeb1f0,admm,1,29.54238640172322,0.90929676902771
fresh_div2k_0899,DIV2K_fresh,fresh_div2k_0899,test,0.5,0.4998931884765625,0.0,2026,5ef69b77c15b11eb82b977fbc2b0fb28d8b8ba916b354da4f3d97f64fcaeb1f0,admm,2,34.21240607969194,0.9734465031957626
fresh_div2k_0899,DIV2K_fresh,fresh_div2k_0899,test,0.5,0.4998931884765625,0.0,2026,5ef69b77c15b11eb82b977fbc2b0fb28d8b8ba916b354da4f3d97f64fcaeb1f0,admm,3,36.199358636199605,0.9816027586116791
fresh_div2k_0899,DIV2K_fresh,fresh_div2k_0899,test,0.5,0.4998931884765625,0.0,2026,5ef69b77c15b11eb82b977fbc2b0fb28d8b8ba916b354da4f3d97f64fcaeb1f0,admm,4,36.94700184156861,0.9831885017204285
fresh_div2k_0899,DIV2K_fresh,fresh_div2k_0899,test,0.5,0.4998931884765625,0.0,2026,5ef69b77c15b11eb82b977fbc2b0fb28d8b8ba916b354da4f3d97f64fcaeb1f0,admm,5,37.88857138095249,0.9868597625656128
fresh_div2k_0899,DIV2K_fresh,fresh_div2k_0899,test,0.5,0.4998931884765625,0.0,2026,5ef69b77c15b11eb82b977fbc2b0fb28d8b8ba916b354da4f3d97f64fcaeb1f0,admm,6,38.50330001421479,0.9891181570539475
fresh_div2k_0899,DIV2K_fresh,fresh_div2k_0899,test,0.1,0.1001129150390625,0.01,2026,c7051806c7d447547fb8ed4ff2390420f737e97ff6a1341d7bd11ae8bc3c7386,hqs,1,21.940506746593055,0.6405828035457819
fresh_div2k_0899,DIV2K_fresh,fresh_div2k_0899,test,0.1,0.1001129150390625,0.01,2026,c7051806c7d447547fb8ed4ff2390420f737e97ff6a1341d7bd11ae8bc3c7386,hqs,2,23.83483432099691,0.7613396893821625
fresh_div2k_0899,DIV2K_fresh,fresh_div2k_0899,test,0.1,0.1001129150390625,0.01,2026,c7051806c7d447547fb8ed4ff2390420f737e97ff6a1341d7bd11ae8bc3c7386,hqs,3,25.25375849430404,0.8296624861970022
fresh_div2k_0899,DIV2K_fresh,fresh_div2k_0899,test,0.1,0.1001129150390625,0.01,2026,c7051806c7d447547fb8ed4ff2390420f737e97ff6a1341d7bd11ae8bc3c7386,hqs,4,26.200804745438294,0.8611738134006262
fresh_div2k_0899,DIV2K_fresh,fresh_div2k_0899,test,0.1,0.1001129150390625,0.01,2026,c7051806c7d447547fb8ed4ff2390420f737e97ff6a1341d7bd11ae8bc3c7386,hqs,5,26.844800438858798,0.87948379488945
fresh_div2k_0899,DIV2K_fresh,fresh_div2k_0899,test,0.1,0.1001129150390625,0.01,2026,c7051806c7d447547fb8ed4ff2390420f737e97ff6a1341d7bd11ae8bc3c7386,hqs,6,27.45292631010041,0.893334857096672
fresh_div2k_0899,DIV2K_fresh,fresh_div2k_0899,test,0.1,0.1001129150390625,0.01,2026,c7051806c7d447547fb8ed4ff2390420f737e97ff6a1341d7bd11ae8bc3c7386,admm,1,21.806452737513684,0.6307218043875713
fresh_div2k_0899,DIV2K_fresh,fresh_div2k_0899,test,0.1,0.1001129150390625,0.01,2026,c7051806c7d447547fb8ed4ff2390420f737e97ff6a1341d7bd11ae8bc3c7386,admm,2,24.198376025494706,0.7814954031356164
fresh_div2k_0899,DIV2K_fresh,fresh_div2k_0899,test,0.1,0.1001129150390625,0.01,2026,c7051806c7d447547fb8ed4ff2390420f737e97ff6a1341d7bd11ae8bc3c7386,admm,3,25.69216639176785,0.8443963767271042
fresh_div2k_0899,DIV2K_fresh,fresh_div2k_0899,test,0.1,0.1001129150390625,0.01,2026,c7051806c7d447547fb8ed4ff2390420f737e97ff6a1341d7bd11ae8bc3c7386,admm,4,26.49196621970658,0.8656559920413495
fresh_div2k_0899,DIV2K_fresh,fresh_div2k_0899,test,0.1,0.1001129150390625,0.01,2026,c7051806c7d447547fb8ed4ff2390420f737e97ff6a1341d7bd11ae8bc3c7386,admm,5,27.102675288831975,0.8828507480404377
fresh_div2k_0899,DIV2K_fresh,fresh_div2k_0899,test,0.1,0.1001129150390625,0.01,2026,c7051806c7d447547fb8ed4ff2390420f737e97ff6a1341d7bd11ae8bc3c7386,admm,6,27.527121264450095,0.8951693071084023
fresh_div2k_0899,DIV2K_fresh,fresh_div2k_0899,test,0.1,0.1001129150390625,0.01,2027,9a3a5d01b7f7a1c2f3a21029e48848115cce2a4d2877a169a11580dfcfec6f6a,hqs,1,21.941789837019343,0.6409197670059434
fresh_div2k_0899,DIV2K_fresh,fresh_div2k_0899,test,0.1,0.1001129150390625,0.01,2027,9a3a5d01b7f7a1c2f3a21029e48848115cce2a4d2877a169a11580dfcfec6f6a,hqs,2,23.83339954112618,0.7618373308445532
fresh_div2k_0899,DIV2K_fresh,fresh_div2k_0899,test,0.1,0.1001129150390625,0.01,2027,9a3a5d01b7f7a1c2f3a21029e48848115cce2a4d2877a169a11580dfcfec6f6a,hqs,3,25.251678450105942,0.8301450816692412
fresh_div2k_0899,DIV2K_fresh,fresh_div2k_0899,test,0.1,0.1001129150390625,0.01,2027,9a3a5d01b7f7a1c2f3a21029e48848115cce2a4d2877a169a11580dfcfec6f6a,hqs,4,26.205545159256125,0.8617439456410408
fresh_div2k_0899,DIV2K_fresh,fresh_div2k_0899,test,0.1,0.1001129150390625,0.01,2027,9a3a5d01b7f7a1c2f3a21029e48848115cce2a4d2877a169a11580dfcfec6f6a,hqs,5,26.87084840592113,0.8798991871705055
fresh_div2k_0899,DIV2K_fresh,fresh_div2k_0899,test,0.1,0.1001129150390625,0.01,2027,9a3a5d01b7f7a1c2f3a21029e48848115cce2a4d2877a169a11580dfcfec6f6a,hqs,6,27.527041052583954,0.8941970083289147
fresh_div2k_0899,DIV2K_fresh,fresh_div2k_0899,test,0.1,0.1001129150390625,0.01,2027,9a3a5d01b7f7a1c2f3a21029e48848115cce2a4d2877a169a11580dfcfec6f6a,admm,1,21.808642854030257,0.6311378762166476
fresh_div2k_0899,DIV2K_fresh,fresh_div2k_0899,test,0.1,0.1001129150390625,0.01,2027,9a3a5d01b7f7a1c2f3a21029e48848115cce2a4d2877a169a11580dfcfec6f6a,admm,2,24.20345796954059,0.7821672020477607
fresh_div2k_0899,DIV2K_fresh,fresh_div2k_0899,test,0.1,0.1001129150390625,0.01,2027,9a3a5d01b7f7a1c2f3a21029e48848115cce2a4d2877a169a11580dfcfec6f6a,admm,3,25.700218407938664,0.8450366519129276
fresh_div2k_0899,DIV2K_fresh,fresh_div2k_0899,test,0.1,0.1001129150390625,0.01,2027,9a3a5d01b7f7a1c2f3a21029e48848115cce2a4d2877a169a11580dfcfec6f6a,admm,4,26.5103826249144,0.8664728944022656
fresh_div2k_0899,DIV2K_fresh,fresh_div2k_0899,test,0.1,0.1001129150390625,0.01,2027,9a3a5d01b7f7a1c2f3a21029e48848115cce2a4d2877a169a11580dfcfec6f6a,admm,5,27.148401531439596,0.8836165969209671
fresh_div2k_0899,DIV2K_fresh,fresh_div2k_0899,test,0.1,0.1001129150390625,0.01,2027,9a3a5d01b7f7a1c2f3a21029e48848115cce2a4d2877a169a11580dfcfec6f6a,admm,6,27.57016835754364,0.8957492336659432
fresh_div2k_0899,DIV2K_fresh,fresh_div2k_0899,test,0.1,0.1001129150390625,0.01,2028,740bbc406a6fb8e4181993e773a9184bd983ef587805a4311fe96d5703e1fdd9,hqs,1,21.94087514798824,0.6402424176090811
fresh_div2k_0899,DIV2K_fresh,fresh_div2k_0899,test,0.1,0.1001129150390625,0.01,2028,740bbc406a6fb8e4181993e773a9184bd983ef587805a4311fe96d5703e1fdd9,hqs,2,23.835512160924566,0.761021648654377
fresh_div2k_0899,DIV2K_fresh,fresh_div2k_0899,test,0.1,0.1001129150390625,0.01,2028,740bbc406a6fb8e4181993e773a9184bd983ef587805a4311fe96d5703e1fdd9,hqs,3,25.26251398573523,0.8300538264642582
fresh_div2k_0899,DIV2K_fresh,fresh_div2k_0899,test,0.1,0.1001129150390625,0.01,2028,740bbc406a6fb8e4181993e773a9184bd983ef587805a4311fe96d5703e1fdd9,hqs,4,26.21152834700499,0.8618590568721295
fresh_div2k_0899,DIV2K_fresh,fresh_div2k_0899,test,0.1,0.1001129150390625,0.01,2028,740bbc406a6fb8e4181993e773a9184bd983ef587805a4311fe96d5703e1fdd9,hqs,5,26.876097011497357,0.8804666320991517
fresh_div2k_0899,DIV2K_fresh,fresh_div2k_0899,test,0.1,0.1001129150390625,0.01,2028,740bbc406a6fb8e4181993e773a9184bd983ef587805a4311fe96d5703e1fdd9,hqs,6,27.525824024532128,0.8950883206348419
fresh_div2k_0899,DIV2K_fresh,fresh_div2k_0899,test,0.1,0.1001129150390625,0.01,2028,740bbc406a6fb8e4181993e773a9184bd983ef587805a4311fe96d5703e1fdd9,admm,1,21.806980640813695,0.6303882125866106
fresh_div2k_0899,DIV2K_fresh,fresh_div2k_0899,test,0.1,0.1001129150390625,0.01,2028,740bbc406a6fb8e4181993e773a9184bd983ef587805a4311fe96d5703e1fdd9,admm,2,24.205334918320062,0.7814651878374396
fresh_div2k_0899,DIV2K_fresh,fresh_div2k_0899,test,0.1,0.1001129150390625,0.01,2028,740bbc406a6fb8e4181993e773a9184bd983ef587805a4311fe96d5703e1fdd9,admm,3,25.71378189417753,0.8451318984621763
fresh_div2k_0899,DIV2K_fresh,fresh_div2k_0899,test,0.1,0.1001129150390625,0.01,2028,740bbc406a6fb8e4181993e773a9184bd983ef587805a4311fe96d5703e1fdd9,admm,4,26.51175368877133,0.8669026456887722
fresh_div2k_0899,DIV2K_fresh,fresh_div2k_0899,test,0.1,0.1001129150390625,0.01,2028,740bbc406a6fb8e4181993e773a9184bd983ef587805a4311fe96d5703e1fdd9,admm,5,27.134306345242894,0.884140785777092
fresh_div2k_0899,DIV2K_fresh,fresh_div2k_0899,test,0.1,0.1001129150390625,0.01,2028,740bbc406a6fb8e4181993e773a9184bd983ef587805a4311fe96d5703e1fdd9,admm,6,27.558781599466812,0.8964553654770852
fresh_div2k_0899,DIV2K_fresh,fresh_div2k_0899,test,0.1,0.1001129150390625,0.05,2026,66dced2db634886ba91a7614a8f93d03dd84f04ced112d0ff061444b075a66a0,hqs,1,21.76892477882882,0.6285660506010913
fresh_div2k_0899,DIV2K_fresh,fresh_div2k_0899,test,0.1,0.1001129150390625,0.05,2026,66dced2db634886ba91a7614a8f93d03dd84f04ced112d0ff061444b075a66a0,hqs,2,23.521821194670714,0.7420126266208831
fresh_div2k_0899,DIV2K_fresh,fresh_div2k_0899,test,0.1,0.1001129150390625,0.05,2026,66dced2db634886ba91a7614a8f93d03dd84f04ced112d0ff061444b075a66a0,hqs,3,24.657974399398658,0.7981304342285255
fresh_div2k_0899,DIV2K_fresh,fresh_div2k_0899,test,0.1,0.1001129150390625,0.05,2026,66dced2db634886ba91a7614a8f93d03dd84f04ced112d0ff061444b075a66a0,hqs,4,25.269761786489138,0.8199760481692553
fresh_div2k_0899,DIV2K_fresh,fresh_div2k_0899,test,0.1,0.1001129150390625,0.05,2026,66dced2db634886ba91a7614a8f93d03dd84f04ced112d0ff061444b075a66a0,hqs,5,25.53278567120239,0.826723643479228
fresh_div2k_0899,DIV2K_fresh,fresh_div2k_0899,test,0.1,0.1001129150390625,0.05,2026,66dced2db634886ba91a7614a8f93d03dd84f04ced112d0ff061444b075a66a0,hqs,6,25.6935777110421,0.8273290018203259
fresh_div2k_0899,DIV2K_fresh,fresh_div2k_0899,test,0.1,0.1001129150390625,0.05,2026,66dced2db634886ba91a7614a8f93d03dd84f04ced112d0ff061444b075a66a0,admm,1,21.647427831537215,0.6195644020776627
fresh_div2k_0899,DIV2K_fresh,fresh_div2k_0899,test,0.1,0.1001129150390625,0.05,2026,66dced2db634886ba91a7614a8f93d03dd84f04ced112d0ff061444b075a66a0,admm,2,23.752348608470193,0.7544435492830016
fresh_div2k_0899,DIV2K_fresh,fresh_div2k_0899,test,0.1,0.1001129150390625,0.05,2026,66dced2db634886ba91a7614a8f93d03dd84f04ced112d0ff061444b075a66a0,admm,3,24.803631447568762,0.8011533893083855
fresh_div2k_0899,DIV2K_fresh,fresh_div2k_0899,test,0.1,0.1001129150390625,0.05,2026,66dced2db634886ba91a7614a8f93d03dd84f04ced112d0ff061444b075a66a0,admm,4,25.20790710878933,0.8112611881480217
fresh_div2k_0899,DIV2K_fresh,fresh_div2k_0899,test,0.1,0.1001129150390625,0.05,2026,66dced2db634886ba91a7614a8f93d03dd84f04ced112d0ff061444b075a66a0,admm,5,25.427394062452233,0.8170145728991032
fresh_div2k_0899,DIV2K_fresh,fresh_div2k_0899,test,0.1,0.1001129150390625,0.05,2026,66dced2db634886ba91a7614a8f93d03dd84f04ced112d0ff061444b075a66a0,admm,6,25.777562372977286,0.8333795689951181
fresh_div2k_0899,DIV2K_fresh,fresh_div2k_0899,test,0.1,0.1001129150390625,0.05,2027,a920aede2c3a3aecc76d33db398cddcd84eba324c6be5d5c96ead33f1534bf89,hqs,1,21.77263718054607,0.6294294196506659
fresh_div2k_0899,DIV2K_fresh,fresh_div2k_0899,test,0.1,0.1001129150390625,0.05,2027,a920aede2c3a3aecc76d33db398cddcd84eba324c6be5d5c96ead33f1534bf89,hqs,2,23.49995475084146,0.7426270728540048
fresh_div2k_0899,DIV2K_fresh,fresh_div2k_0899,test,0.1,0.1001129150390625,0.05,2027,a920aede2c3a3aecc76d33db398cddcd84eba324c6be5d5c96ead33f1534bf89,hqs,3,24.603722528775698,0.7970969389814735
fresh_div2k_0899,DIV2K_fresh,fresh_div2k_0899,test,0.1,0.1001129150390625,0.05,2027,a920aede2c3a3aecc76d33db398cddcd84eba324c6be5d5c96ead33f1534bf89,hqs,4,25.230562430434333,0.8192496160904169
fresh_div2k_0899,DIV2K_fresh,fresh_div2k_0899,test,0.1,0.1001129150390625,0.05,2027,a920aede2c3a3aecc76d33db398cddcd84eba324c6be5d5c96ead33f1534bf89,hqs,5,25.54805055395107,0.8278530334048718
fresh_div2k_0899,DIV2K_fresh,fresh_div2k_0899,test,0.1,0.1001129150390625,0.05,2027,a920aede2c3a3aecc76d33db398cddcd84eba324c6be5d5c96ead33f1534bf89,hqs,6,25.749190041022505,0.8302358027653545
fresh_div2k_0899,DIV2K_fresh,fresh_div2k_0899,test,0.1,0.1001129150390625,0.05,2027,a920aede2c3a3aecc76d33db398cddcd84eba324c6be5d5c96ead33f1534bf89,admm,1,21.650951780158067,0.6207258603321179
fresh_div2k_0899,DIV2K_fresh,fresh_div2k_0899,test,0.1,0.1001129150390625,0.05,2027,a920aede2c3a3aecc76d33db398cddcd84eba324c6be5d5c96ead33f1534bf89,admm,2,23.749309085287788,0.7552513572114129
fresh_div2k_0899,DIV2K_fresh,fresh_div2k_0899,test,0.1,0.1001129150390625,0.05,2027,a920aede2c3a3aecc76d33db398cddcd84eba324c6be5d5c96ead33f1534bf89,admm,3,24.791996659243356,0.8007456546192215
fresh_div2k_0899,DIV2K_fresh,fresh_div2k_0899,test,0.1,0.1001129150390625,0.05,2027,a920aede2c3a3aecc76d33db398cddcd84eba324c6be5d5c96ead33f1534bf89,admm,4,25.219423236528066,0.8124961634678171
fresh_div2k_0899,DIV2K_fresh,fresh_div2k_0899,test,0.1,0.1001129150390625,0.05,2027,a920aede2c3a3aecc76d33db398cddcd84eba324c6be5d5c96ead33f1534bf89,admm,5,25.49661942971404,0.8204847075478434
fresh_div2k_0899,DIV2K_fresh,fresh_div2k_0899,test,0.1,0.1001129150390625,0.05,2027,a920aede2c3a3aecc76d33db398cddcd84eba324c6be5d5c96ead33f1534bf89,admm,6,25.852623194882973,0.8369907461197823
fresh_div2k_0899,DIV2K_fresh,fresh_div2k_0899,test,0.1,0.1001129150390625,0.05,2028,982284051d02b9ab8552fd4de94a03807e4304ba735b04c18dd12a85d88015dd,hqs,1,21.76832504033756,0.6267266280873749
fresh_div2k_0899,DIV2K_fresh,fresh_div2k_0899,test,0.1,0.1001129150390625,0.05,2028,982284051d02b9ab8552fd4de94a03807e4304ba735b04c18dd12a85d88015dd,hqs,2,23.517986016656632,0.7399428560735397
fresh_div2k_0899,DIV2K_fresh,fresh_div2k_0899,test,0.1,0.1001129150390625,0.05,2028,982284051d02b9ab8552fd4de94a03807e4304ba735b04c18dd12a85d88015dd,hqs,3,24.657581785526386,0.7982543914825991
fresh_div2k_0899,DIV2K_fresh,fresh_div2k_0899,test,0.1,0.1001129150390625,0.05,2028,982284051d02b9ab8552fd4de94a03807e4304ba735b04c18dd12a85d88015dd,hqs,4,25.27938488447672,0.8222257781578451
fresh_div2k_0899,DIV2K_fresh,fresh_div2k_0899,test,0.1,0.1001129150390625,0.05,2028,982284051d02b9ab8552fd4de94a03807e4304ba735b04c18dd12a85d88015dd,hqs,5,25.58176207284266,0.8312165552613437
fresh_div2k_0899,DIV2K_fresh,fresh_div2k_0899,test,0.1,0.1001129150390625,0.05,2028,982284051d02b9ab8552fd4de94a03807e4304ba735b04c18dd12a85d88015dd,hqs,6,25.72025978282051,0.8329695839961357
fresh_div2k_0899,DIV2K_fresh,fresh_div2k_0899,test,0.1,0.1001129150390625,0.05,2028,982284051d02b9ab8552fd4de94a03807e4304ba735b04c18dd12a85d88015dd,admm,1,21.644483855427914,0.6176729512712921
fresh_div2k_0899,DIV2K_fresh,fresh_div2k_0899,test,0.1,0.1001129150390625,0.05,2028,982284051d02b9ab8552fd4de94a03807e4304ba735b04c18dd12a85d88015dd,admm,2,23.762980079233465,0.7530801978484676
fresh_div2k_0899,DIV2K_fresh,fresh_div2k_0899,test,0.1,0.1001129150390625,0.05,2028,982284051d02b9ab8552fd4de94a03807e4304ba735b04c18dd12a85d88015dd,admm,3,24.847711871301055,0.8029789395339079
fresh_div2k_0899,DIV2K_fresh,fresh_div2k_0899,test,0.1,0.1001129150390625,0.05,2028,982284051d02b9ab8552fd4de94a03807e4304ba735b04c18dd12a85d88015dd,admm,4,25.244119774098195,0.8162448095621243
fresh_div2k_0899,DIV2K_fresh,fresh_div2k_0899,test,0.1,0.1001129150390625,0.05,2028,982284051d02b9ab8552fd4de94a03807e4304ba735b04c18dd12a85d88015dd,admm,5,25.479956557786583,0.8242367566822767
fresh_div2k_0899,DIV2K_fresh,fresh_div2k_0899,test,0.1,0.1001129150390625,0.05,2028,982284051d02b9ab8552fd4de94a03807e4304ba735b04c18dd12a85d88015dd,admm,6,25.81192492091242,0.8407995963010788
