image,dataset,sequence,split,cr,actual_cr,sigma,seed,measurement_sha256,method,psnr,ssim,seconds,relative_residual
kodim01,Kodak,kodim01,test,0.01,0.01031494140625,0.0,2026,d33ef8bea12e47cd5f1843e123330d6ef8aef952e1bd91dc5a65eefe340bea63,adjoint,20.372802040227022,0.25160489104845857,0.0001762129832059145,0.0017911719623953104
kodim01,Kodak,kodim01,test,0.01,0.01031494140625,0.0,2026,d33ef8bea12e47cd5f1843e123330d6ef8aef952e1bd91dc5a65eefe340bea63,fista_dct,20.62783150754835,0.27875682980189065,0.3298631380312145,0.00026575426454655826
kodim01,Kodak,kodim01,test,0.01,0.01031494140625,0.0,2026,d33ef8bea12e47cd5f1843e123330d6ef8aef952e1bd91dc5a65eefe340bea63,hqs,21.40141110494799,0.3524414844310357,0.33311706001404673,0.003493034979328513
kodim01,Kodak,kodim01,test,0.01,0.01031494140625,0.0,2026,d33ef8bea12e47cd5f1843e123330d6ef8aef952e1bd91dc5a65eefe340bea63,admm,21.398379838211177,0.3512196919288795,0.332757861004211,0.005590038374066353
kodim01,Kodak,kodim01,test,0.04,0.041259765625,0.0,2026,a761049609e5e2a73fd49f74281d81621426801a0cebb4c3adbdcb0b9dc76dcc,adjoint,21.68047457568977,0.372182803448852,0.00021364993881434202,0.002436594571918249
kodim01,Kodak,kodim01,test,0.04,0.041259765625,0.0,2026,a761049609e5e2a73fd49f74281d81621426801a0cebb4c3adbdcb0b9dc76dcc,fista_dct,21.64554139396617,0.38444568598386014,0.3550265049561858,0.0005611132364720106
kodim01,Kodak,kodim01,test,0.04,0.041259765625,0.0,2026,a761049609e5e2a73fd49f74281d81621426801a0cebb4c3adbdcb0b9dc76dcc,hqs,22.847005047568352,0.4877464994832657,0.3306960400659591,0.004120425321161747
kodim01,Kodak,kodim01,test,0.04,0.041259765625,0.0,2026,a761049609e5e2a73fd49f74281d81621426801a0cebb4c3adbdcb0b9dc76dcc,admm,22.857206439440894,0.4874952635958519,0.3368980659870431,0.0049797953106462955
kodim01,Kodak,kodim01,test,0.1,0.1001129150390625,0.0,2026,40e7cc33fdc3172c07c2679b8848e4ab3416ce89db487b17f58f0cad6529b495,adjoint,22.7965535948977,0.4964733154604393,0.0002776490291580558,0.0029785525985062122
kodim01,Kodak,kodim01,test,0.1,0.1001129150390625,0.0,2026,40e7cc33fdc3172c07c2679b8848e4ab3416ce89db487b17f58f0cad6529b495,fista_dct,22.686199815050514,0.49793230815458167,0.3864452160196379,0.0010165104176849127
kodim01,Kodak,kodim01,test,0.1,0.1001129150390625,0.0,2026,40e7cc33fdc3172c07c2679b8848e4ab3416ce89db487b17f58f0cad6529b495,hqs,24.92010058318052,0.6745541009800806,0.33415880298707634,0.0039202370680868626
kodim01,Kodak,kodim01,test,0.1,0.1001129150390625,0.0,2026,40e7cc33fdc3172c07c2679b8848e4ab3416ce89db487b17f58f0cad6529b495,admm,24.973820016041653,0.6761139662293941,0.3340350199723616,0.004220449831336737
kodim01,Kodak,kodim01,test,0.25,0.25,0.0,2026,560bb999d590907f16f75db9e189cc271fb52748353b059f5e8dcac0eb372667,adjoint,24.575923814162337,0.6499201820407361,0.0003357719397172332,0.0037263587582856417
kodim01,Kodak,kodim01,test,0.25,0.25,0.0,2026,560bb999d590907f16f75db9e189cc271fb52748353b059f5e8dcac0eb372667,fista_dct,24.431335485325967,0.6509253229247444,0.41953084198758006,0.0012798133539035916
kodim01,Kodak,kodim01,test,0.25,0.25,0.0,2026,560bb999d590907f16f75db9e189cc271fb52748353b059f5e8dcac0eb372667,hqs,28.337345294926774,0.8444972710380554,0.33256547898054123,0.003506054636090994
kodim01,Kodak,kodim01,test,0.25,0.25,0.0,2026,560bb999d590907f16f75db9e189cc271fb52748353b059f5e8dcac0eb372667,admm,28.337616007764105,0.8438186240940094,0.3325545119587332,0.0039621079340577126
kodim01,Kodak,kodim01,test,0.5,0.4998931884765625,0.0,2026,5790a489d4d478f1d503ea674ca3b788f0fd12dfb1404c368793ff8b20bfd700,adjoint,27.33787777391331,0.7982874152850509,0.0004642679123207927,0.004842338617891073
kodim01,Kodak,kodim01,test,0.5,0.4998931884765625,0.0,2026,5790a489d4d478f1d503ea674ca3b788f0fd12dfb1404c368793ff8b20bfd700,fista_dct,26.89970869980813,0.7874206700318456,0.4884363829623908,0.0017106457380577922
kodim01,Kodak,kodim01,test,0.5,0.4998931884765625,0.0,2026,5790a489d4d478f1d503ea674ca3b788f0fd12dfb1404c368793ff8b20bfd700,hqs,32.331193784423945,0.9360878987903595,0.33240896998904645,0.0027124404441565275
kodim01,Kodak,kodim01,test,0.5,0.4998931884765625,0.0,2026,5790a489d4d478f1d503ea674ca3b788f0fd12dfb1404c368793ff8b20bfd700,admm,32.287406516796615,0.935169599234581,0.32689655805006623,0.003166562644764781
kodim01,Kodak,kodim01,test,0.1,0.1001129150390625,0.01,2026,0885d6f5e9c9eef8695d9f6987cfe2d33e58fefb33dbcc0a248dcc9ac5fcdd4e,adjoint,22.779063973487045,0.4950904777435833,0.00028892396949231625,0.0029783586505800486
kodim01,Kodak,kodim01,test,0.1,0.1001129150390625,0.01,2026,0885d6f5e9c9eef8695d9f6987cfe2d33e58fefb33dbcc0a248dcc9ac5fcdd4e,fista_dct,22.652761864368944,0.4955922510066316,0.38663002592511475,0.0010908297263085842
kodim01,Kodak,kodim01,test,0.1,0.1001129150390625,0.01,2026,0885d6f5e9c9eef8695d9f6987cfe2d33e58fefb33dbcc0a248dcc9ac5fcdd4e,hqs,24.833715104510308,0.669165103552457,0.32914024393539876,0.0037864497862756252
kodim01,Kodak,kodim01,test,0.1,0.1001129150390625,0.01,2026,0885d6f5e9c9eef8695d9f6987cfe2d33e58fefb33dbcc0a248dcc9ac5fcdd4e,admm,24.93970437191759,0.6736851979012937,0.32639033102896065,0.004263576585799456
kodim01,Kodak,kodim01,test,0.1,0.1001129150390625,0.01,2027,23ee99aac06587a25b06d2eb63b9b1d9f17073efe8135abdfbd77b495e134c1f,adjoint,22.779943454170557,0.4952305380158037,0.00029086193535476923,0.0029786950908601284
kodim01,Kodak,kodim01,test,0.1,0.1001129150390625,0.01,2027,23ee99aac06587a25b06d2eb63b9b1d9f17073efe8135abdfbd77b495e134c1f,fista_dct,22.65326054552746,0.49529414003411026,0.38305504503659904,0.00108210404869169
kodim01,Kodak,kodim01,test,0.1,0.1001129150390625,0.01,2027,23ee99aac06587a25b06d2eb63b9b1d9f17073efe8135abdfbd77b495e134c1f,hqs,24.863885179655433,0.671398796789594,0.32518313999753445,0.0038253962993621826
kodim01,Kodak,kodim01,test,0.1,0.1001129150390625,0.01,2027,23ee99aac06587a25b06d2eb63b9b1d9f17073efe8135abdfbd77b495e134c1f,admm,24.953637546109523,0.6745869911216162,0.3241940629668534,0.00421726331114769
kodim01,Kodak,kodim01,test,0.1,0.1001129150390625,0.01,2028,00fee969c613f5d1c1bc07b90f061a1a81ee7f062536773e5982e2274a812029,adjoint,22.779515139243497,0.4952164835828203,0.00023925607092678547,0.002978620817884803
kodim01,Kodak,kodim01,test,0.1,0.1001129150390625,0.01,2028,00fee969c613f5d1c1bc07b90f061a1a81ee7f062536773e5982e2274a812029,fista_dct,22.649891383351047,0.494721811212511,0.3832922800211236,0.0009401413844898343
kodim01,Kodak,kodim01,test,0.1,0.1001129150390625,0.01,2028,00fee969c613f5d1c1bc07b90f061a1a81ee7f062536773e5982e2274a812029,hqs,24.87283277440666,0.6711998458683193,0.3283213530667126,0.0038205734454095364
kodim01,Kodak,kodim01,test,0.1,0.1001129150390625,0.01,2028,00fee969c613f5d1c1bc07b90f061a1a81ee7f062536773e5982e2274a812029,admm,24.973341786510503,0.6750943094301075,0.3238360839895904,0.004430124070495367
kodim01,Kodak,kodim01,test,0.1,0.1001129150390625,0.05,2026,f2adec02b27f4358d1bebf0de777d7a4afbd21e89c1b32a6223e5450be8c4860,adjoint,22.384109781397665,0.4683071600513936,0.0002816380001604557,0.0029792655259370804
kodim01,Kodak,kodim01,test,0.1,0.1001129150390625,0.05,2026,f2adec02b27f4358d1bebf0de777d7a4afbd21e89c1b32a6223e5450be8c4860,fista_dct,22.03983395005906,0.4566986811377357,0.37710950803011656,0.0011764856753870845
kodim01,Kodak,kodim01,test,0.1,0.1001129150390625,0.05,2026,f2adec02b27f4358d1bebf0de777d7a4afbd21e89c1b32a6223e5450be8c4860,hqs,23.721091589898275,0.5869507003969785,0.32608632498886436,0.0034955786541104317
kodim01,Kodak,kodim01,test,0.1,0.1001129150390625,0.05,2026,f2adec02b27f4358d1bebf0de777d7a4afbd21e89c1b32a6223e5450be8c4860,admm,23.807733600830222,0.590980133970289,0.32832491293083876,0.003530226182192564
kodim01,Kodak,kodim01,test,0.1,0.1001129150390625,0.05,2027,5c7ca26ccbc2cfcab0ba7ceb0ed96848a235f4d64fc8edd8f0b577c57dbcd1fe,adjoint,22.400757553075383,0.46972562100872767,0.0002554740058258176,0.0029899361543357372
kodim01,Kodak,kodim01,test,0.1,0.1001129150390625,0.05,2027,5c7ca26ccbc2cfcab0ba7ceb0ed96848a235f4d64fc8edd8f0b577c57dbcd1fe,fista_dct,22.108255149111116,0.4609930157361681,0.37777033110614866,0.0009510067757219076
kodim01,Kodak,kodim01,test,0.1,0.1001129150390625,0.05,2027,5c7ca26ccbc2cfcab0ba7ceb0ed96848a235f4d64fc8edd8f0b577c57dbcd1fe,hqs,23.836204220682745,0.5971409397840673,0.32817059592343867,0.0034546260721981525
kodim01,Kodak,kodim01,test,0.1,0.1001129150390625,0.05,2027,5c7ca26ccbc2cfcab0ba7ceb0ed96848a235f4d64fc8edd8f0b577c57dbcd1fe,admm,23.893260476080492,0.6014407733158272,0.32639456901233643,0.003305948106572032
kodim01,Kodak,kodim01,test,0.1,0.1001129150390625,0.05,2028,3a43eab3a49ca6bf20b9330c7df1fc1b51872449fb83d33383ede9d326bc25ce,adjoint,22.393689131008085,0.4695255380604105,0.00031218596268445253,0.0029776550363749266
kodim01,Kodak,kodim01,test,0.1,0.1001129150390625,0.05,2028,3a43eab3a49ca6bf20b9330c7df1fc1b51872449fb83d33383ede9d326bc25ce,fista_dct,22.058811993166586,0.45765048704496925,0.3879838540451601,0.0009711659513413906
kodim01,Kodak,kodim01,test,0.1,0.1001129150390625,0.05,2028,3a43eab3a49ca6bf20b9330c7df1fc1b51872449fb83d33383ede9d326bc25ce,hqs,23.815888947992402,0.5966635068784207,0.32812006399035454,0.0036015589721500874
kodim01,Kodak,kodim01,test,0.1,0.1001129150390625,0.05,2028,3a43eab3a49ca6bf20b9330c7df1fc1b51872449fb83d33383ede9d326bc25ce,admm,23.90366409098649,0.6006023578763574,0.33672741998452693,0.0035455708857625723
kodim02,Kodak,kodim02,test,0.01,0.01031494140625,0.0,2026,77e12487fdd1f296a2ca197c6142c02d5673f6f36661b67989afc0e5c5756413,adjoint,26.198260436785304,0.5652886584276314,0.00017541495617479086,0.001855662907473743
kodim02,Kodak,kodim02,test,0.01,0.01031494140625,0.0,2026,77e12487fdd1f296a2ca197c6142c02d5673f6f36661b67989afc0e5c5756413,fista_dct,26.28179389296831,0.6027798794917404,0.330535038956441,0.00037492354749701917
kodim02,Kodak,kodim02,test,0.01,0.01031494140625,0.0,2026,77e12487fdd1f296a2ca197c6142c02d5673f6f36661b67989afc0e5c5756413,hqs,28.350071837155784,0.6912158475756793,0.3324548510136083,0.003449088893830776
kodim02,Kodak,kodim02,test,0.01,0.01031494140625,0.0,2026,77e12487fdd1f296a2ca197c6142c02d5673f6f36661b67989afc0e5c5756413,admm,28.3223472106626,0.6915064757297326,0.3286734039429575,0.004539161920547485
kodim02,Kodak,kodim02,test,0.04,0.041259765625,0.0,2026,6f6ead28dde711a1e901295cb87cae9760a0e1000d869f0e0a89dcaf534848e8,adjoint,27.88870291626853,0.6152935423811343,0.00022135500330477953,0.002445398597046733
kodim02,Kodak,kodim02,test,0.04,0.041259765625,0.0,2026,6f6ead28dde711a1e901295cb87cae9760a0e1000d869f0e0a89dcaf534848e8,fista_dct,28.09932803006179,0.6385870312446238,0.34912289900239557,0.000775806896854192
kodim02,Kodak,kodim02,test,0.04,0.041259765625,0.0,2026,6f6ead28dde711a1e901295cb87cae9760a0e1000d869f0e0a89dcaf534848e8,hqs,31.268052672775546,0.7951065081158877,0.32891364803072065,0.002979629673063755
kodim02,Kodak,kodim02,test,0.04,0.041259765625,0.0,2026,6f6ead28dde711a1e901295cb87cae9760a0e1000d869f0e0a89dcaf534848e8,admm,31.241018369937322,0.7929759287005663,0.3276414410211146,0.005175455939024687
kodim02,Kodak,kodim02,test,0.1,0.1001129150390625,0.0,2026,2c2df344729ecb30d9b705885887aaba82025f2081c545cc5865754a9579aff6,adjoint,29.238661142097687,0.6812063368978146,0.0002844200935214758,0.002985710510984063
kodim02,Kodak,kodim02,test,0.1,0.1001129150390625,0.0,2026,2c2df344729ecb30d9b705885887aaba82025f2081c545cc5865754a9579aff6,fista_dct,29.38112976310525,0.6902630589666162,0.38340377097483724,0.0012485041515901685
kodim02,Kodak,kodim02,test,0.1,0.1001129150390625,0.0,2026,2c2df344729ecb30d9b705885887aaba82025f2081c545cc5865754a9579aff6,hqs,33.18084626284823,0.8531527228868008,0.3259195430437103,0.002243457827717066
kodim02,Kodak,kodim02,test,0.1,0.1001129150390625,0.0,2026,2c2df344729ecb30d9b705885887aaba82025f2081c545cc5865754a9579aff6,admm,33.23486687094525,0.8534635965607166,0.32605686504393816,0.0038447114638984203
kodim02,Kodak,kodim02,test,0.25,0.25,0.0,2026,0e67eb543e56f17aa5c6e5fb5abedf66750d82becae90da29e28c479b6ac462d,adjoint,31.31990274960602,0.7717827883360386,0.0003232660237699747,0.003752458142116666
kodim02,Kodak,kodim02,test,0.25,0.25,0.0,2026,0e67eb543e56f17aa5c6e5fb5abedf66750d82becae90da29e28c479b6ac462d,fista_dct,31.353362945923674,0.7732323065299987,0.42676720791496336,0.001823351951315999
kodim02,Kodak,kodim02,test,0.25,0.25,0.0,2026,0e67eb543e56f17aa5c6e5fb5abedf66750d82becae90da29e28c479b6ac462d,hqs,36.26408046864129,0.9185647877278328,0.3279338269494474,0.0017090996261686087
kodim02,Kodak,kodim02,test,0.25,0.25,0.0,2026,0e67eb543e56f17aa5c6e5fb5abedf66750d82becae90da29e28c479b6ac462d,admm,36.31551734167222,0.918922130944252,0.33179252699483186,0.0028733161743730307
kodim02,Kodak,kodim02,test,0.5,0.4998931884765625,0.0,2026,312a3ac03fac800b7964160f0f28dfdd5bf18d66b022f1efe878d1f87868a76b,adjoint,34.15889608162206,0.8614991076345444,0.00043432903476059437,0.004880811553448439
kodim02,Kodak,kodim02,test,0.5,0.4998931884765625,0.0,2026,312a3ac03fac800b7964160f0f28dfdd5bf18d66b022f1efe878d1f87868a76b,fista_dct,34.06529771955567,0.8618417433223724,0.5047928340500221,0.0023773296270519495
kodim02,Kodak,kodim02,test,0.5,0.4998931884765625,0.0,2026,312a3ac03fac800b7964160f0f28dfdd5bf18d66b022f1efe878d1f87868a76b,hqs,40.675942709646414,0.9670706549577713,0.3363193880068138,0.001472677569836378
kodim02,Kodak,kodim02,test,0.5,0.4998931884765625,0.0,2026,312a3ac03fac800b7964160f0f28dfdd5bf18d66b022f1efe878d1f87868a76b,admm,40.69330530069816,0.9671120899982453,0.32802788203116506,0.0025357978884130716
kodim02,Kodak,kodim02,test,0.1,0.1001129150390625,0.01,2026,066603e99ab35536c995a1cc3a2d49975067f7d2566756c0679422c66db70ef7,adjoint,29.20197774366457,0.6778964269163087,0.00024736998602747917,0.002985432045534253
kodim02,Kodak,kodim02,test,0.1,0.1001129150390625,0.01,2026,066603e99ab35536c995a1cc3a2d49975067f7d2566756c0679422c66db70ef7,fista_dct,29.3443742145902,0.6865854367577583,0.3812160430243239,0.0012595470761880279
kodim02,Kodak,kodim02,test,0.1,0.1001129150390625,0.01,2026,066603e99ab35536c995a1cc3a2d49975067f7d2566756c0679422c66db70ef7,hqs,32.9334374392101,0.8454821119946241,0.3269163619261235,0.0020850892178714275
kodim02,Kodak,kodim02,test,0.1,0.1001129150390625,0.01,2026,066603e99ab35536c995a1cc3a2d49975067f7d2566756c0679422c66db70ef7,admm,32.98550845493847,0.8466958003237247,0.32730359700508416,0.004012763500213623
kodim02,Kodak,kodim02,test,0.1,0.1001129150390625,0.01,2027,518282878fe96fbcfb28f1d9ad518c5fb2f052717ec1040053aa08b40c706b96,adjoint,29.201324719237864,0.6782896646445431,0.00027932203374803066,0.002986219711601734
kodim02,Kodak,kodim02,test,0.1,0.1001129150390625,0.01,2027,518282878fe96fbcfb28f1d9ad518c5fb2f052717ec1040053aa08b40c706b96,fista_dct,29.330579441274097,0.6851029993588627,0.3722841739654541,0.0012799811083823442
kodim02,Kodak,kodim02,test,0.1,0.1001129150390625,0.01,2027,518282878fe96fbcfb28f1d9ad518c5fb2f052717ec1040053aa08b40c706b96,hqs,32.919651230515825,0.8454876096692086,0.3464898340171203,0.0020554978400468826
kodim02,Kodak,kodim02,test,0.1,0.1001129150390625,0.01,2027,518282878fe96fbcfb28f1d9ad518c5fb2f052717ec1040053aa08b40c706b96,admm,33.00020521029599,0.8473519608117343,0.36663095303811133,0.004110298585146666
kodim02,Kodak,kodim02,test,0.1,0.1001129150390625,0.01,2028,cd949becc22a822c498b6afa73393d8d6fa76798a5c59c5b01aeded8aae170ba,adjoint,29.200635946334515,0.6781591503698733,0.00025468203239142895,0.002985680941492319
kodim02,Kodak,kodim02,test,0.1,0.1001129150390625,0.01,2028,cd949becc22a822c498b6afa73393d8d6fa76798a5c59c5b01aeded8aae170ba,fista_dct,29.32259996016477,0.6850148235501051,0.4049359009368345,0.0012344399001449347
kodim02,Kodak,kodim02,test,0.1,0.1001129150390625,0.01,2028,cd949becc22a822c498b6afa73393d8d6fa76798a5c59c5b01aeded8aae170ba,hqs,32.939903542956536,0.8458005973243713,0.3301030850270763,0.002073772717267275
kodim02,Kodak,kodim02,test,0.1,0.1001129150390625,0.01,2028,cd949becc22a822c498b6afa73393d8d6fa76798a5c59c5b01aeded8aae170ba,admm,32.99638391326422,0.8469061716554165,0.3313934280304238,0.004119801800698042
kodim02,Kodak,kodim02,test,0.1,0.1001129150390625,0.05,2026,721a77e6744b7e19b418c5cc2478d39020f46560aa54a63b8cee134c9a62afda,adjoint,28.40735080508061,0.6147759438391774,0.00025366595946252346,0.0029822452925145626
kodim02,Kodak,kodim02,test,0.1,0.1001129150390625,0.05,2026,721a77e6744b7e19b418c5cc2478d39020f46560aa54a63b8cee134c9a62afda,fista_dct,28.013015675290298,0.5834552850457839,0.3813394050812349,0.0013664031866937876
kodim02,Kodak,kodim02,test,0.1,0.1001129150390625,0.05,2026,721a77e6744b7e19b418c5cc2478d39020f46560aa54a63b8cee134c9a62afda,hqs,30.53429692767958,0.7332678942711354,0.3316042269580066,0.0016484769294038415
kodim02,Kodak,kodim02,test,0.1,0.1001129150390625,0.05,2026,721a77e6744b7e19b418c5cc2478d39020f46560aa54a63b8cee134c9a62afda,admm,30.735325321922474,0.7462322872819901,0.32967784302309155,0.004309861455112696
kodim02,Kodak,kodim02,test,0.1,0.1001129150390625,0.05,2027,17b1a758dc52c6eeda6168d5c2f72442ac1339aeedade7e02c50cfd11a06ee1b,adjoint,28.394677269511224,0.615302213695283,0.00028603803366422653,0.002985975705087185
kodim02,Kodak,kodim02,test,0.1,0.1001129150390625,0.05,2027,17b1a758dc52c6eeda6168d5c2f72442ac1339aeedade7e02c50cfd11a06ee1b,fista_dct,28.058138303732676,0.5879686862120964,0.38467346504330635,0.0015634113224223256
kodim02,Kodak,kodim02,test,0.1,0.1001129150390625,0.05,2027,17b1a758dc52c6eeda6168d5c2f72442ac1339aeedade7e02c50cfd11a06ee1b,hqs,30.486619262058316,0.7276830406367779,0.3288323669694364,0.0017978362739086151
kodim02,Kodak,kodim02,test,0.1,0.1001129150390625,0.05,2027,17b1a758dc52c6eeda6168d5c2f72442ac1339aeedade7e02c50cfd11a06ee1b,admm,30.653766223604713,0.7392856513197422,0.32861976395361125,0.004523284733295441
kodim02,Kodak,kodim02,test,0.1,0.1001129150390625,0.05,2028,2a01f2020244849188f84c985a59bb575d6561606b3871ec1922490fd602d874,adjoint,28.376379608552323,0.6131207452544868,0.0002688359236344695,0.002983143087476492
kodim02,Kodak,kodim02,test,0.1,0.1001129150390625,0.05,2028,2a01f2020244849188f84c985a59bb575d6561606b3871ec1922490fd602d874,fista_dct,28.020899623143972,0.5847070783065893,0.38463056401815265,0.0013280474813655019
kodim02,Kodak,kodim02,test,0.1,0.1001129150390625,0.05,2028,2a01f2020244849188f84c985a59bb575d6561606b3871ec1922490fd602d874,hqs,30.444177153992538,0.7267362504160404,0.32804443303029984,0.0020118176471441984
kodim02,Kodak,kodim02,test,0.1,0.1001129150390625,0.05,2028,2a01f2020244849188f84c985a59bb575d6561606b3871ec1922490fd602d874,admm,30.61392434121514,0.7387356302138567,0.35896096494980156,0.004641877952963114
kodim03,Kodak,kodim03,test,0.01,0.01031494140625,0.0,2026,9a965a798f0d789dd6c038b521119110e93bf8c52a2c6d28a261bdd3cd314189,adjoint,24.754883310849934,0.5344470821214753,0.00015771505422890186,0.0018034318927675486
kodim03,Kodak,kodim03,test,0.01,0.01031494140625,0.0,2026,9a965a798f0d789dd6c038b521119110e93bf8c52a2c6d28a261bdd3cd314189,fista_dct,25.424887232039627,0.6439268887103002,0.335367243969813,0.0002996362454723567
kodim03,Kodak,kodim03,test,0.01,0.01031494140625,0.0,2026,9a965a798f0d789dd6c038b521119110e93bf8c52a2c6d28a261bdd3cd314189,hqs,28.935638505347455,0.8145928323984076,0.362749557942152,0.0035812375135719776
kodim03,Kodak,kodim03,test,0.01,0.01031494140625,0.0,2026,9a965a798f0d789dd6c038b521119110e93bf8c52a2c6d28a261bdd3cd314189,admm,29.10278068509948,0.817753485213045,0.36235092603601515,0.004340376239269972
kodim03,Kodak,kodim03,test,0.04,0.041259765625,0.0,2026,e9f2c2903c45da15b2946a926549ef1150c5b3e3a9ca619cbf700a8677d0b0fd,adjoint,27.11783305822582,0.601874141656602,0.000209696008823812,0.0024102618917822838
kodim03,Kodak,kodim03,test,0.04,0.041259765625,0.0,2026,e9f2c2903c45da15b2946a926549ef1150c5b3e3a9ca619cbf700a8677d0b0fd,fista_dct,27.898026869590016,0.6762417706200201,0.37665722297970206,0.0006238537607714534
kodim03,Kodak,kodim03,test,0.04,0.041259765625,0.0,2026,e9f2c2903c45da15b2946a926549ef1150c5b3e3a9ca619cbf700a8677d0b0fd,hqs,33.032941747098036,0.904002492713213,0.33248759899288416,0.0022437265142798424
kodim03,Kodak,kodim03,test,0.04,0.041259765625,0.0,2026,e9f2c2903c45da15b2946a926549ef1150c5b3e3a9ca619cbf700a8677d0b0fd,admm,33.246702732501184,0.9053402579578161,0.3285767079796642,0.002858176361769438
kodim03,Kodak,kodim03,test,0.1,0.1001129150390625,0.0,2026,22da5bd8200cf4b7035f95f616a05db3abc83b384d556529c7cc3011fcf1a7e0,adjoint,28.848294124755732,0.674388351823844,0.0002664820058271289,0.0029414258897304535
kodim03,Kodak,kodim03,test,0.1,0.1001129150390625,0.0,2026,22da5bd8200cf4b7035f95f616a05db3abc83b384d556529c7cc3011fcf1a7e0,fista_dct,29.786003843636742,0.7406753897926212,0.3838414610363543,0.0009625734528526664
kodim03,Kodak,kodim03,test,0.1,0.1001129150390625,0.0,2026,22da5bd8200cf4b7035f95f616a05db3abc83b384d556529c7cc3011fcf1a7e0,hqs,35.98648949975009,0.9379115232844353,0.34509723691735417,0.0016364394687116146
kodim03,Kodak,kodim03,test,0.1,0.1001129150390625,0.0,2026,22da5bd8200cf4b7035f95f616a05db3abc83b384d556529c7cc3011fcf1a7e0,admm,35.97732273866377,0.9375562520613671,0.3296761619858444,0.002030695788562298
kodim03,Kodak,kodim03,test,0.25,0.25,0.0,2026,65036dd5536d2b0b46e2b865b5993a83a8a8a73fa5c8bb1c748b9dd0bb750491,adjoint,31.29499201631642,0.7645246919443607,0.0003221590304747224,0.0036969943903386593
kodim03,Kodak,kodim03,test,0.25,0.25,0.0,2026,65036dd5536d2b0b46e2b865b5993a83a8a8a73fa5c8bb1c748b9dd0bb750491,fista_dct,32.376807668717625,0.8265366481070519,0.41755111899692565,0.0014343933435156941
kodim03,Kodak,kodim03,test,0.25,0.25,0.0,2026,65036dd5536d2b0b46e2b865b5993a83a8a8a73fa5c8bb1c748b9dd0bb750491,hqs,40.534907127794725,0.9710301630029678,0.32732703699730337,0.0012232521548867226
kodim03,Kodak,kodim03,test,0.25,0.25,0.0,2026,65036dd5536d2b0b46e2b865b5993a83a8a8a73fa5c8bb1c748b9dd0bb750491,admm,40.54124346916989,0.9709591196317673,0.3265217619482428,0.0014839955838397145
kodim03,Kodak,kodim03,test,0.5,0.4998931884765625,0.0,2026,defd0217fffeeec2eeeaaebf9e164ad985f9288d46f63a7ba324da4603c8b552,adjoint,34.24082363488111,0.8480742298140526,0.00044525705743581057,0.004810127895325422
kodim03,Kodak,kodim03,test,0.5,0.4998931884765625,0.0,2026,defd0217fffeeec2eeeaaebf9e164ad985f9288d46f63a7ba324da4603c8b552,fista_dct,35.315450270038276,0.8932968804264069,0.48299761093221605,0.0018980065360665321
kodim03,Kodak,kodim03,test,0.5,0.4998931884765625,0.0,2026,defd0217fffeeec2eeeaaebf9e164ad985f9288d46f63a7ba324da4603c8b552,hqs,46.33965530252786,0.9906483883047104,0.3542025909991935,0.0010150225134566426
kodim03,Kodak,kodim03,test,0.5,0.4998931884765625,0.0,2026,defd0217fffeeec2eeeaaebf9e164ad985f9288d46f63a7ba324da4603c8b552,admm,46.246275653250734,0.9904316876840591,0.37109562393743545,0.0012031939113512635
kodim03,Kodak,kodim03,test,0.1,0.1001129150390625,0.01,2026,45b83599b707614afc8223bcc326c3b594c8a0ff851c6590b6395f4671e53e0a,adjoint,28.795033971061454,0.6698478230275438,0.00027562002651393414,0.0029413318261504173
kodim03,Kodak,kodim03,test,0.1,0.1001129150390625,0.01,2026,45b83599b707614afc8223bcc326c3b594c8a0ff851c6590b6395f4671e53e0a,fista_dct,29.691633730365773,0.7328079996068627,0.3927166450303048,0.0009623392252251506
kodim03,Kodak,kodim03,test,0.1,0.1001129150390625,0.01,2026,45b83599b707614afc8223bcc326c3b594c8a0ff851c6590b6395f4671e53e0a,hqs,35.135936029424634,0.9256201216349602,0.3646831939695403,0.0014227594947442412
kodim03,Kodak,kodim03,test,0.1,0.1001129150390625,0.01,2026,45b83599b707614afc8223bcc326c3b594c8a0ff851c6590b6395f4671e53e0a,admm,35.20724710900654,0.9276649703598022,0.36679086403455585,0.0023087696172297
kodim03,Kodak,kodim03,test,0.1,0.1001129150390625,0.01,2027,c28743e448bc21cbf52ec182b23f77e25203422bf74feff70ee19f89f9eaf7e3,adjoint,28.79408339732221,0.6704635611876492,0.0002641670871526003,0.0029414219316095114
kodim03,Kodak,kodim03,test,0.1,0.1001129150390625,0.01,2027,c28743e448bc21cbf52ec182b23f77e25203422bf74feff70ee19f89f9eaf7e3,fista_dct,29.69288580652966,0.7340234726134818,0.3776167599717155,0.0009640480275265872
kodim03,Kodak,kodim03,test,0.1,0.1001129150390625,0.01,2027,c28743e448bc21cbf52ec182b23f77e25203422bf74feff70ee19f89f9eaf7e3,hqs,35.091911723370416,0.9252388827419281,0.3269696389324963,0.0013117287307977676
kodim03,Kodak,kodim03,test,0.1,0.1001129150390625,0.01,2027,c28743e448bc21cbf52ec182b23f77e25203422bf74feff70ee19f89f9eaf7e3,admm,35.2113831160087,0.9276357765803337,0.3282929470296949,0.0023564337752759457
kodim03,Kodak,kodim03,test,0.1,0.1001129150390625,0.01,2028,5a566a5c72e3aa6ccfa61850eb0e86dfe464eb117bef29dea3edf0f15233a096,adjoint,28.792938905161087,0.6702145103973741,0.00027712597511708736,0.002941188169643283
kodim03,Kodak,kodim03,test,0.1,0.1001129150390625,0.01,2028,5a566a5c72e3aa6ccfa61850eb0e86dfe464eb117bef29dea3edf0f15233a096,fista_dct,29.600073577189498,0.7279549008689672,0.37663802201859653,0.0009619135526008904
kodim03,Kodak,kodim03,test,0.1,0.1001129150390625,0.01,2028,5a566a5c72e3aa6ccfa61850eb0e86dfe464eb117bef29dea3edf0f15233a096,hqs,35.167359690623854,0.9251941003527642,0.3314790530130267,0.0013846165966242552
kodim03,Kodak,kodim03,test,0.1,0.1001129150390625,0.01,2028,5a566a5c72e3aa6ccfa61850eb0e86dfe464eb117bef29dea3edf0f15233a096,admm,35.21175734788219,0.9270519377570152,0.3363199490122497,0.0022718848194926977
kodim03,Kodak,kodim03,test,0.1,0.1001129150390625,0.05,2026,227fa08a0a674aa174112cec4718522f4f09c45326520821eca36094fb228ecc,adjoint,27.686699417749377,0.5879568384019248,0.00026478501968085766,0.002939792349934578
kodim03,Kodak,kodim03,test,0.1,0.1001129150390625,0.05,2026,227fa08a0a674aa174112cec4718522f4f09c45326520821eca36094fb228ecc,fista_dct,27.698437621940965,0.5901648671734868,0.38843890908174217,0.0009916044073179364
kodim03,Kodak,kodim03,test,0.1,0.1001129150390625,0.05,2026,227fa08a0a674aa174112cec4718522f4f09c45326520821eca36094fb228ecc,hqs,30.742340896990395,0.756192338481903,0.3373594169970602,0.0016168199945241213
kodim03,Kodak,kodim03,test,0.1,0.1001129150390625,0.05,2026,227fa08a0a674aa174112cec4718522f4f09c45326520821eca36094fb228ecc,admm,30.99546932636874,0.773662543143034,0.3355533730937168,0.00490364246070385
kodim03,Kodak,kodim03,test,0.1,0.1001129150390625,0.05,2027,f27a36ce9832650f16b5a2f1be3233902606b0f86dd18cb7046bdc10ba200994,adjoint,27.662490093150783,0.589114167860657,0.00025190901942551136,0.002940004225820303
kodim03,Kodak,kodim03,test,0.1,0.1001129150390625,0.05,2027,f27a36ce9832650f16b5a2f1be3233902606b0f86dd18cb7046bdc10ba200994,fista_dct,27.596459773867593,0.5844235638125986,0.3825160479173064,0.0009838135447353125
kodim03,Kodak,kodim03,test,0.1,0.1001129150390625,0.05,2027,f27a36ce9832650f16b5a2f1be3233902606b0f86dd18cb7046bdc10ba200994,hqs,30.64185180462384,0.7603323304662705,0.3339628929970786,0.0016945304814726114
kodim03,Kodak,kodim03,test,0.1,0.1001129150390625,0.05,2027,f27a36ce9832650f16b5a2f1be3233902606b0f86dd18cb7046bdc10ba200994,admm,30.879745670768173,0.7762770123372078,0.33273188199382275,0.004686002619564533
kodim03,Kodak,kodim03,test,0.1,0.1001129150390625,0.05,2028,baae74f6bb3717cd82c7100e0f1fad2c53354524c4d4c581ee0a5d88f845523e,adjoint,27.643606318299256,0.5879501988705993,0.0002577919512987137,0.0029381192289292812
kodim03,Kodak,kodim03,test,0.1,0.1001129150390625,0.05,2028,baae74f6bb3717cd82c7100e0f1fad2c53354524c4d4c581ee0a5d88f845523e,fista_dct,27.603753133184092,0.5838448931445814,0.3741712069604546,0.0009673286695033312
kodim03,Kodak,kodim03,test,0.1,0.1001129150390625,0.05,2028,baae74f6bb3717cd82c7100e0f1fad2c53354524c4d4c581ee0a5d88f845523e,hqs,30.60405748674497,0.7478856833009719,0.3649494790006429,0.0015382335986942053
kodim03,Kodak,kodim03,test,0.1,0.1001129150390625,0.05,2028,baae74f6bb3717cd82c7100e0f1fad2c53354524c4d4c581ee0a5d88f845523e,admm,30.84040548722502,0.7655416499326229,0.33952652500011027,0.004816752392798662
kodim04,Kodak,kodim04,test,0.01,0.01031494140625,0.0,2026,7b81c68d3e4655049edc228949a6945d93c9c8b321a9fae21dc4646077e590c2,adjoint,23.83150163271063,0.4963353860511589,0.00017237395513802767,0.0017675220733508468
kodim04,Kodak,kodim04,test,0.01,0.01031494140625,0.0,2026,7b81c68d3e4655049edc228949a6945d93c9c8b321a9fae21dc4646077e590c2,fista_dct,24.748146907498196,0.6084531924112331,0.329646416939795,0.00031569614657200873
kodim04,Kodak,kodim04,test,0.01,0.01031494140625,0.0,2026,7b81c68d3e4655049edc228949a6945d93c9c8b321a9fae21dc4646077e590c2,hqs,26.482988310501014,0.7080182705015652,0.3308819429948926,0.004347601439803839
kodim04,Kodak,kodim04,test,0.01,0.01031494140625,0.0,2026,7b81c68d3e4655049edc228949a6945d93c9c8b321a9fae21dc4646077e590c2,admm,26.416060030737615,0.705514550151547,0.32956749701406807,0.00557367317378521
kodim04,Kodak,kodim04,test,0.04,0.041259765625,0.0,2026,cfba17c2a33298d4e031587d377346082c5c006dea951139c6b1ce408df87239,adjoint,25.86678532161087,0.5747753146907445,0.00020417198538780212,0.002376399701461196
kodim04,Kodak,kodim04,test,0.04,0.041259765625,0.0,2026,cfba17c2a33298d4e031587d377346082c5c006dea951139c6b1ce408df87239,fista_dct,26.939846517291866,0.6567512087816492,0.34225495101418346,0.0006825647433288395
kodim04,Kodak,kodim04,test,0.04,0.041259765625,0.0,2026,cfba17c2a33298d4e031587d377346082c5c006dea951139c6b1ce408df87239,hqs,30.911407925976988,0.830063345887065,0.3289842300582677,0.003165587317198515
kodim04,Kodak,kodim04,test,0.04,0.041259765625,0.0,2026,cfba17c2a33298d4e031587d377346082c5c006dea951139c6b1ce408df87239,admm,31.02542916936859,0.8303664091237783,0.33308452705387026,0.004650046583265066
kodim04,Kodak,kodim04,test,0.1,0.1001129150390625,0.0,2026,4f84fc23e66d02c05cfdae6fc398ae9b02ecc776dff63c6c7a377b89f3ddaefa,adjoint,27.598833321063164,0.6565006045808941,0.0002536929678171873,0.00290832482278347
kodim04,Kodak,kodim04,test,0.1,0.1001129150390625,0.0,2026,4f84fc23e66d02c05cfdae6fc398ae9b02ecc776dff63c6c7a377b89f3ddaefa,fista_dct,28.802081536507302,0.7276092621954083,0.3790113589493558,0.0010461629135534167
kodim04,Kodak,kodim04,test,0.1,0.1001129150390625,0.0,2026,4f84fc23e66d02c05cfdae6fc398ae9b02ecc776dff63c6c7a377b89f3ddaefa,hqs,33.88674689623532,0.888631023633957,0.3348403089912608,0.002092525130137801
kodim04,Kodak,kodim04,test,0.1,0.1001129150390625,0.0,2026,4f84fc23e66d02c05cfdae6fc398ae9b02ecc776dff63c6c7a377b89f3ddaefa,admm,33.93214313918408,0.8882179639191627,0.3341557689709589,0.0029216704424470663
kodim04,Kodak,kodim04,test,0.25,0.25,0.0,2026,4fd411756b46eb27ee005030484b35e8744d4cac1a6f7da892194cb484ef0ade,adjoint,30.110558037040946,0.7640432408137321,0.00032866501715034246,0.003707164665684104
kodim04,Kodak,kodim04,test,0.25,0.25,0.0,2026,4fd411756b46eb27ee005030484b35e8744d4cac1a6f7da892194cb484ef0ade,fista_dct,31.72144711995219,0.8248627390041351,0.4067191480426118,0.0015577379381284118
kodim04,Kodak,kodim04,test,0.25,0.25,0.0,2026,4fd411756b46eb27ee005030484b35e8744d4cac1a6f7da892194cb484ef0ade,hqs,37.44694241522331,0.9424057269697189,0.33240984205622226,0.0017184789758175611
kodim04,Kodak,kodim04,test,0.25,0.25,0.0,2026,4fd411756b46eb27ee005030484b35e8744d4cac1a6f7da892194cb484ef0ade,admm,37.47066989556998,0.9423674730615615,0.3427059210371226,0.0023328124079853296
kodim04,Kodak,kodim04,test,0.5,0.4998931884765625,0.0,2026,988d97e68f23c4d0268582d6f171aa91e2f95f22f0d0e5eef3c315a1266c60f4,adjoint,33.05098312431921,0.8565461179881095,0.0004527050768956542,0.004832341335713863
kodim04,Kodak,kodim04,test,0.5,0.4998931884765625,0.0,2026,988d97e68f23c4d0268582d6f171aa91e2f95f22f0d0e5eef3c315a1266c60f4,fista_dct,34.72072367901954,0.898579861720562,0.47587574005592614,0.0020465839188545942
kodim04,Kodak,kodim04,test,0.5,0.4998931884765625,0.0,2026,988d97e68f23c4d0268582d6f171aa91e2f95f22f0d0e5eef3c315a1266c60f4,hqs,41.719985224563565,0.9762328527479172,0.34456797398161143,0.0012286879355087876
kodim04,Kodak,kodim04,test,0.5,0.4998931884765625,0.0,2026,988d97e68f23c4d0268582d6f171aa91e2f95f22f0d0e5eef3c315a1266c60f4,admm,41.70615250316436,0.9760037024021149,0.3335464970441535,0.0017721207113936543
kodim04,Kodak,kodim04,test,0.1,0.1001129150390625,0.01,2026,e15ed4fabb6d22a16a9db43998df6f476a329e00c0142ac1b9c284cbe58ed6bf,adjoint,27.562053282367916,0.6535435095491772,0.0002741740318015218,0.002914651297032833
kodim04,Kodak,kodim04,test,0.1,0.1001129150390625,0.01,2026,e15ed4fabb6d22a16a9db43998df6f476a329e00c0142ac1b9c284cbe58ed6bf,fista_dct,28.75639786724622,0.7236093112697899,0.3837493680184707,0.0010413044365122914
kodim04,Kodak,kodim04,test,0.1,0.1001129150390625,0.01,2026,e15ed4fabb6d22a16a9db43998df6f476a329e00c0142ac1b9c284cbe58ed6bf,hqs,33.500253267649924,0.8808400525755882,0.33261311694514006,0.0020141582936048508
kodim04,Kodak,kodim04,test,0.1,0.1001129150390625,0.01,2026,e15ed4fabb6d22a16a9db43998df6f476a329e00c0142ac1b9c284cbe58ed6bf,admm,33.55690898153761,0.881332975230217,0.3319407500093803,0.003094432409852743
kodim04,Kodak,kodim04,test,0.1,0.1001129150390625,0.01,2027,eeb7e5b4b17546a9283e2791fe6a4a557fd9186edb8fd99fa73fd44af530840f,adjoint,27.561705528317987,0.6535843201536015,0.0003030350198969245,0.0029140489641577005
kodim04,Kodak,kodim04,test,0.1,0.1001129150390625,0.01,2027,eeb7e5b4b17546a9283e2791fe6a4a557fd9186edb8fd99fa73fd44af530840f,fista_dct,28.763620816512294,0.7233949109378159,0.3743860439863056,0.0010246512247249484
kodim04,Kodak,kodim04,test,0.1,0.1001129150390625,0.01,2027,eeb7e5b4b17546a9283e2791fe6a4a557fd9186edb8fd99fa73fd44af530840f,hqs,33.527214694923025,0.8813100826816559,0.3291772400261834,0.0020805303938686848
kodim04,Kodak,kodim04,test,0.1,0.1001129150390625,0.01,2027,eeb7e5b4b17546a9283e2791fe6a4a557fd9186edb8fd99fa73fd44af530840f,admm,33.600291797874,0.8818709448685647,0.32826333004049957,0.0031423454638570547
kodim04,Kodak,kodim04,test,0.1,0.1001129150390625,0.01,2028,d618b17c3fb9d7a840dfc41b1b93ba073eeb643de2919c4d0764df8ee1a7edbb,adjoint,27.561270993220738,0.6535753762537875,0.000276762992143631,0.0029058244545012712
kodim04,Kodak,kodim04,test,0.1,0.1001129150390625,0.01,2028,d618b17c3fb9d7a840dfc41b1b93ba073eeb643de2919c4d0764df8ee1a7edbb,fista_dct,28.703292666126245,0.719243577134043,0.37975810992065817,0.0010477107716724277
kodim04,Kodak,kodim04,test,0.1,0.1001129150390625,0.01,2028,d618b17c3fb9d7a840dfc41b1b93ba073eeb643de2919c4d0764df8ee1a7edbb,hqs,33.53847339971494,0.8802132057504654,0.3306304650614038,0.00202508014626801
kodim04,Kodak,kodim04,test,0.1,0.1001129150390625,0.01,2028,d618b17c3fb9d7a840dfc41b1b93ba073eeb643de2919c4d0764df8ee1a7edbb,admm,33.60489752047068,0.8809319947361947,0.32917732698842883,0.0030096834525465965
kodim04,Kodak,kodim04,test,0.1,0.1001129150390625,0.05,2026,6ea459c8ee538795b38228f45b82bdd54e2c507a50c5ef21dfe44013151fc45e,adjoint,26.762908773522227,0.5951147523982236,0.000252070021815598,0.002980837132781744
kodim04,Kodak,kodim04,test,0.1,0.1001129150390625,0.05,2026,6ea459c8ee538795b38228f45b82bdd54e2c507a50c5ef21dfe44013151fc45e,fista_dct,27.06885575465973,0.6109654020027648,0.3753411619691178,0.0012198534095659852
kodim04,Kodak,kodim04,test,0.1,0.1001129150390625,0.05,2026,6ea459c8ee538795b38228f45b82bdd54e2c507a50c5ef21dfe44013151fc45e,hqs,30.075737433787054,0.763855515045166,0.326765725039877,0.0019091912545263767
kodim04,Kodak,kodim04,test,0.1,0.1001129150390625,0.05,2026,6ea459c8ee538795b38228f45b82bdd54e2c507a50c5ef21dfe44013151fc45e,admm,30.267951619917234,0.7749842133266925,0.3336020370479673,0.004308229312300682
kodim04,Kodak,kodim04,test,0.1,0.1001129150390625,0.05,2027,ad0e8abd5033505bf1e52503dfbcd7115882652f7696cdc55be93d4addb0273c,adjoint,26.750443560253025,0.5943067996929344,0.00026391702704131603,0.002957557560876012
kodim04,Kodak,kodim04,test,0.1,0.1001129150390625,0.05,2027,ad0e8abd5033505bf1e52503dfbcd7115882652f7696cdc55be93d4addb0273c,fista_dct,27.202573173729284,0.6182996838203026,0.38075081596616656,0.001070358557626605
kodim04,Kodak,kodim04,test,0.1,0.1001129150390625,0.05,2027,ad0e8abd5033505bf1e52503dfbcd7115882652f7696cdc55be93d4addb0273c,hqs,29.969862316848822,0.7596639459654689,0.3273844070499763,0.0018497619312256575
kodim04,Kodak,kodim04,test,0.1,0.1001129150390625,0.05,2027,ad0e8abd5033505bf1e52503dfbcd7115882652f7696cdc55be93d4addb0273c,admm,30.14213403815331,0.7713887029156685,0.3264534450136125,0.0044080354273319244
kodim04,Kodak,kodim04,test,0.1,0.1001129150390625,0.05,2028,6fa70e15911210f32261f9291a5dfec24eb2c3116c1a044771ab4c468541765c,adjoint,26.74811149216659,0.5940554293620661,0.00025879789609462023,0.002909232396632433
kodim04,Kodak,kodim04,test,0.1,0.1001129150390625,0.05,2028,6fa70e15911210f32261f9291a5dfec24eb2c3116c1a044771ab4c468541765c,fista_dct,27.14413466932789,0.6145563526976099,0.3749845640268177,0.0011417692294344306
kodim04,Kodak,kodim04,test,0.1,0.1001129150390625,0.05,2028,6fa70e15911210f32261f9291a5dfec24eb2c3116c1a044771ab4c468541765c,hqs,30.114307117878315,0.75764936582613,0.32920070993714035,0.0017445130506530404
kodim04,Kodak,kodim04,test,0.1,0.1001129150390625,0.05,2028,6fa70e15911210f32261f9291a5dfec24eb2c3116c1a044771ab4c468541765c,admm,30.308938905374063,0.7695711989344954,0.3264217160176486,0.004753459244966507
kodim05,Kodak,kodim05,test,0.01,0.01031494140625,0.0,2026,2ee3a5b78d2684c34ee6cfe52458f088b085e6afbc526f95d5cd04fd03cc5740,adjoint,17.288102057472795,0.23079501220577786,0.00017374299932271242,0.0018211990827694535
kodim05,Kodak,kodim05,test,0.01,0.01031494140625,0.0,2026,2ee3a5b78d2684c34ee6cfe52458f088b085e6afbc526f95d5cd04fd03cc5740,fista_dct,17.409233690485078,0.25318748199683294,0.3375501639675349,0.0008241109317168593
kodim05,Kodak,kodim05,test,0.01,0.01031494140625,0.0,2026,2ee3a5b78d2684c34ee6cfe52458f088b085e6afbc526f95d5cd04fd03cc5740,hqs,17.982934095365298,0.2902147909992031,0.32231179205700755,0.004886207170784473
kodim05,Kodak,kodim05,test,0.01,0.01031494140625,0.0,2026,2ee3a5b78d2684c34ee6cfe52458f088b085e6afbc526f95d5cd04fd03cc5740,admm,17.973558713271345,0.28855102704887686,0.3198635040316731,0.010525941848754883
kodim05,Kodak,kodim05,test,0.04,0.041259765625,0.0,2026,9e54903728be74e8b57e9a5d3522b4c6f7e5fc618dc0d412f468ea907c483f0a,adjoint,18.88398681886685,0.3989023342258129,0.0002395319752395153,0.002884580520913005
kodim05,Kodak,kodim05,test,0.04,0.041259765625,0.0,2026,9e54903728be74e8b57e9a5d3522b4c6f7e5fc618dc0d412f468ea907c483f0a,fista_dct,19.17320460398843,0.43736204822472285,0.3420946700498462,0.0022340069990605116
kodim05,Kodak,kodim05,test,0.04,0.041259765625,0.0,2026,9e54903728be74e8b57e9a5d3522b4c6f7e5fc618dc0d412f468ea907c483f0a,hqs,20.81764117945327,0.5724510678139986,0.32510718097910285,0.0069047026336193085
kodim05,Kodak,kodim05,test,0.04,0.041259765625,0.0,2026,9e54903728be74e8b57e9a5d3522b4c6f7e5fc618dc0d412f468ea907c483f0a,admm,20.872882924897947,0.5736395934021822,0.3230854569701478,0.008249468170106411
kodim05,Kodak,kodim05,test,0.1,0.1001129150390625,0.0,2026,38f7685a89b23fcf63ad528324b78b7e66087c343f2bffcbed8698b72f286bde,adjoint,20.41467886173374,0.5503417149206573,0.00027234305161982775,0.0033224120270460844
kodim05,Kodak,kodim05,test,0.1,0.1001129150390625,0.0,2026,38f7685a89b23fcf63ad528324b78b7e66087c343f2bffcbed8698b72f286bde,fista_dct,20.738755801492985,0.5864670557775898,0.37967849103733897,0.004236111883074045
kodim05,Kodak,kodim05,test,0.1,0.1001129150390625,0.0,2026,38f7685a89b23fcf63ad528324b78b7e66087c343f2bffcbed8698b72f286bde,hqs,23.38881723515994,0.741440284360528,0.3234201950253919,0.006096930708736181
kodim05,Kodak,kodim05,test,0.1,0.1001129150390625,0.0,2026,38f7685a89b23fcf63ad528324b78b7e66087c343f2bffcbed8698b72f286bde,admm,23.405944492707192,0.740952241110921,0.322481237933971,0.006832785904407501
kodim05,Kodak,kodim05,test,0.25,0.25,0.0,2026,24ba0d513653e12e879ed440811efafb48e0d0bacf829d069f05bd491c8da1c6,adjoint,22.760315385211776,0.7185280775555745,0.0003212220035493374,0.004292491357773542
kodim05,Kodak,kodim05,test,0.25,0.25,0.0,2026,24ba0d513653e12e879ed440811efafb48e0d0bacf829d069f05bd491c8da1c6,fista_dct,23.199968927316267,0.7458911543120593,0.4171262769959867,0.0036422256380319595
kodim05,Kodak,kodim05,test,0.25,0.25,0.0,2026,24ba0d513653e12e879ed440811efafb48e0d0bacf829d069f05bd491c8da1c6,hqs,27.16762711086234,0.8879292124252319,0.32824537192936987,0.0045083449222147465
kodim05,Kodak,kodim05,test,0.25,0.25,0.0,2026,24ba0d513653e12e879ed440811efafb48e0d0bacf829d069f05bd491c8da1c6,admm,27.207673387909463,0.8875586110835075,0.32532734307460487,0.005020305514335632
kodim05,Kodak,kodim05,test,0.5,0.4998931884765625,0.0,2026,85756cefd378788b9caac2a5d2c9d9901858384affb5a907a76838c1b2dd2645,adjoint,25.824616573678757,0.8462443435659408,0.00042629800736904144,0.005413996055722237
kodim05,Kodak,kodim05,test,0.5,0.4998931884765625,0.0,2026,85756cefd378788b9caac2a5d2c9d9901858384affb5a907a76838c1b2dd2645,fista_dct,26.050677244283772,0.8577193695297242,0.46945972205139697,0.004597894847393036
kodim05,Kodak,kodim05,test,0.5,0.4998931884765625,0.0,2026,85756cefd378788b9caac2a5d2c9d9901858384affb5a907a76838c1b2dd2645,hqs,32.22135669765099,0.9626046992082595,0.3230001039337367,0.004608423914760351
kodim05,Kodak,kodim05,test,0.5,0.4998931884765625,0.0,2026,85756cefd378788b9caac2a5d2c9d9901858384affb5a907a76838c1b2dd2645,admm,32.230485074647085,0.9623885022163391,0.3281918119173497,0.005290559027343988
kodim05,Kodak,kodim05,test,0.1,0.1001129150390625,0.01,2026,25cc8c37296259d6953d42ea5bedadf39d65fb8a1fb4ec05f83a9835491856f7,adjoint,20.408226992740367,0.5500948524704337,0.0002821380039677024,0.003333879169076681
kodim05,Kodak,kodim05,test,0.1,0.1001129150390625,0.01,2026,25cc8c37296259d6953d42ea5bedadf39d65fb8a1fb4ec05f83a9835491856f7,fista_dct,20.734016134700894,0.5869340143337456,0.37174079893156886,0.004174354020506144
kodim05,Kodak,kodim05,test,0.1,0.1001129150390625,0.01,2026,25cc8c37296259d6953d42ea5bedadf39d65fb8a1fb4ec05f83a9835491856f7,hqs,23.35166027976348,0.7397907246533633,0.3266381010180339,0.005859880708158016
kodim05,Kodak,kodim05,test,0.1,0.1001129150390625,0.01,2026,25cc8c37296259d6953d42ea5bedadf39d65fb8a1fb4ec05f83a9835491856f7,admm,23.37088646886075,0.7394810508892536,0.32482734706718475,0.0067558917216956615
kodim05,Kodak,kodim05,test,0.1,0.1001129150390625,0.01,2027,f586d459e6be16b11e23cc63d50793310ef40c05438287cf2d6cd008cab7a3d2,adjoint,20.40841609691914,0.5496736463470454,0.00024934601970016956,0.0033535717520862818
kodim05,Kodak,kodim05,test,0.1,0.1001129150390625,0.01,2027,f586d459e6be16b11e23cc63d50793310ef40c05438287cf2d6cd008cab7a3d2,fista_dct,20.716390394432196,0.5842948180539417,0.3743393369950354,0.004471661522984505
kodim05,Kodak,kodim05,test,0.1,0.1001129150390625,0.01,2027,f586d459e6be16b11e23cc63d50793310ef40c05438287cf2d6cd008cab7a3d2,hqs,23.363691278902074,0.7395915515928269,0.3250375660136342,0.006043140310794115
kodim05,Kodak,kodim05,test,0.1,0.1001129150390625,0.01,2027,f586d459e6be16b11e23cc63d50793310ef40c05438287cf2d6cd008cab7a3d2,admm,23.381839567147424,0.7392178700497151,0.32915046892594546,0.006828770972788334
kodim05,Kodak,kodim05,test,0.1,0.1001129150390625,0.01,2028,4c8de43816088bf7d66658d7a630edf472421da51fe93a537a1d70a988069740,adjoint,20.408287410379238,0.5502582775371845,0.0002656111028045416,0.003315198700875044
kodim05,Kodak,kodim05,test,0.1,0.1001129150390625,0.01,2028,4c8de43816088bf7d66658d7a630edf472421da51fe93a537a1d70a988069740,fista_dct,20.72458433330806,0.5853982413021448,0.372693637968041,0.004167019389569759
kodim05,Kodak,kodim05,test,0.1,0.1001129150390625,0.01,2028,4c8de43816088bf7d66658d7a630edf472421da51fe93a537a1d70a988069740,hqs,23.343893999976522,0.7395370522209406,0.3250055449316278,0.005958706606179476
kodim05,Kodak,kodim05,test,0.1,0.1001129150390625,0.01,2028,4c8de43816088bf7d66658d7a630edf472421da51fe93a537a1d70a988069740,admm,23.360797485795683,0.739094768034719,0.32332556101027876,0.006802582181990147
kodim05,Kodak,kodim05,test,0.1,0.1001129150390625,0.05,2026,7f8292d68f8c3d81227215d22d77b0c832d8a6c0808a16cfa13600a336e577c5,adjoint,20.259143188926487,0.5412102538546127,0.0002717130118981004,0.0036515442188829184
kodim05,Kodak,kodim05,test,0.1,0.1001129150390625,0.05,2026,7f8292d68f8c3d81227215d22d77b0c832d8a6c0808a16cfa13600a336e577c5,fista_dct,20.423055141625177,0.568646985988249,0.4000378529308364,0.004783960524946451
kodim05,Kodak,kodim05,test,0.1,0.1001129150390625,0.05,2026,7f8292d68f8c3d81227215d22d77b0c832d8a6c0808a16cfa13600a336e577c5,hqs,22.721520817538252,0.7083115065958686,0.32619496795814484,0.005098172463476658
kodim05,Kodak,kodim05,test,0.1,0.1001129150390625,0.05,2026,7f8292d68f8c3d81227215d22d77b0c832d8a6c0808a16cfa13600a336e577c5,admm,22.767269365764147,0.7100756986947898,0.3259227779926732,0.006020421162247658
kodim05,Kodak,kodim05,test,0.1,0.1001129150390625,0.05,2027,dbc4156e1e750f39a6d1afb7153332cdf9281e8f1cf4e743160ea3e910c099f3,adjoint,20.259473923872573,0.5391326088273823,0.00024663598742336035,0.0036582264583557844
kodim05,Kodak,kodim05,test,0.1,0.1001129150390625,0.05,2027,dbc4156e1e750f39a6d1afb7153332cdf9281e8f1cf4e743160ea3e910c099f3,fista_dct,20.425702331633346,0.5649181764633632,0.3674539439380169,0.004889888688921928
kodim05,Kodak,kodim05,test,0.1,0.1001129150390625,0.05,2027,dbc4156e1e750f39a6d1afb7153332cdf9281e8f1cf4e743160ea3e910c099f3,hqs,22.744648662015464,0.7062113048323747,0.32587991503532976,0.005331047344952822
kodim05,Kodak,kodim05,test,0.1,0.1001129150390625,0.05,2027,dbc4156e1e750f39a6d1afb7153332cdf9281e8f1cf4e743160ea3e910c099f3,admm,22.782873327694443,0.7078575405141935,0.32514831703156233,0.006279510445892811
kodim05,Kodak,kodim05,test,0.1,0.1001129150390625,0.05,2028,1dce9467e4ae389c544324ac2886ced026cb21d78df4d986cd8ddc0429cf7670,adjoint,20.258727850397715,0.5419217383005522,0.0002545140450820327,0.00343196839094162
kodim05,Kodak,kodim05,test,0.1,0.1001129150390625,0.05,2028,1dce9467e4ae389c544324ac2886ced026cb21d78df4d986cd8ddc0429cf7670,fista_dct,20.383924948050655,0.5636104020349381,0.37122991995420307,0.004453693050891161
kodim05,Kodak,kodim05,test,0.1,0.1001129150390625,0.05,2028,1dce9467e4ae389c544324ac2886ced026cb21d78df4d986cd8ddc0429cf7670,hqs,22.67969896570086,0.7066670336135775,0.32718221202958375,0.0050576175563037395
kodim05,Kodak,kodim05,test,0.1,0.1001129150390625,0.05,2028,1dce9467e4ae389c544324ac2886ced026cb21d78df4d986cd8ddc0429cf7670,admm,22.713607649206097,0.7080164727757424,0.32821654400322586,0.006279184482991695
kodim06,Kodak,kodim06,test,0.01,0.01031494140625,0.0,2026,754b1148a3288341157fd50e672c849c631298349f89f9f20746271e1e24a6d5,adjoint,21.95154223937258,0.3425868945666297,0.0001549080479890108,0.0035443175584077835
kodim06,Kodak,kodim06,test,0.01,0.01031494140625,0.0,2026,754b1148a3288341157fd50e672c849c631298349f89f9f20746271e1e24a6d5,fista_dct,22.29327718764369,0.43317718138983474,0.316331107984297,0.004562254995107651
kodim06,Kodak,kodim06,test,0.01,0.01031494140625,0.0,2026,754b1148a3288341157fd50e672c849c631298349f89f9f20746271e1e24a6d5,hqs,24.180109808914363,0.5301991546364834,0.3239433820126578,0.0024806105066090822
kodim06,Kodak,kodim06,test,0.01,0.01031494140625,0.0,2026,754b1148a3288341157fd50e672c849c631298349f89f9f20746271e1e24a6d5,admm,24.222751915557133,0.5294219220970575,0.3244823650456965,0.004282947164028883
kodim06,Kodak,kodim06,test,0.04,0.041259765625,0.0,2026,91a2cb22244819169ee6308541480efcca68f271bef23b23b05d803ddc1ba5c8,adjoint,23.495947601011004,0.43866687438001745,0.00021622900385409594,0.0034823096357285976
kodim06,Kodak,kodim06,test,0.04,0.041259765625,0.0,2026,91a2cb22244819169ee6308541480efcca68f271bef23b23b05d803ddc1ba5c8,fista_dct,23.783493699260262,0.4742036966729306,0.3382658570772037,0.003524618223309517
kodim06,Kodak,kodim06,test,0.04,0.041259765625,0.0,2026,91a2cb22244819169ee6308541480efcca68f271bef23b23b05d803ddc1ba5c8,hqs,26.234555655028167,0.6622013204968646,0.3261139360256493,0.00242648390121758
kodim06,Kodak,kodim06,test,0.04,0.041259765625,0.0,2026,91a2cb22244819169ee6308541480efcca68f271bef23b23b05d803ddc1ba5c8,admm,26.223134524503354,0.6596853694200814,0.32443317701108754,0.0039205728098750114
kodim06,Kodak,kodim06,test,0.1,0.1001129150390625,0.0,2026,afe752bf66f6ef69921ae60671d27c03f2a0735b29e02a5aabb7839d8cae202b,adjoint,24.744720727117627,0.5281575479904336,0.0002547439653426409,0.0037106138188391924
kodim06,Kodak,kodim06,test,0.1,0.1001129150390625,0.0,2026,afe752bf66f6ef69921ae60671d27c03f2a0735b29e02a5aabb7839d8cae202b,fista_dct,24.999067541788243,0.5450227785979505,0.37501776800490916,0.003131247591227293
kodim06,Kodak,kodim06,test,0.1,0.1001129150390625,0.0,2026,afe752bf66f6ef69921ae60671d27c03f2a0735b29e02a5aabb7839d8cae202b,hqs,27.870381363000114,0.7566214546398521,0.32437759602908045,0.002333077136427164
kodim06,Kodak,kodim06,test,0.1,0.1001129150390625,0.0,2026,afe752bf66f6ef69921ae60671d27c03f2a0735b29e02a5aabb7839d8cae202b,admm,27.954325486558442,0.7580779923505783,0.32817811297718436,0.0030401689000427723
kodim06,Kodak,kodim06,test,0.25,0.25,0.0,2026,ff710ea5963f0365a7ace2ed9fa58c66886aa911eb66cdafdf6afebae781a417,adjoint,26.945259110764038,0.6651990787473265,0.0003209200222045183,0.004360212944447994
kodim06,Kodak,kodim06,test,0.25,0.25,0.0,2026,ff710ea5963f0365a7ace2ed9fa58c66886aa911eb66cdafdf6afebae781a417,fista_dct,26.847382781110817,0.6654690207942278,0.3960634999675676,0.003492743009701371
kodim06,Kodak,kodim06,test,0.25,0.25,0.0,2026,ff710ea5963f0365a7ace2ed9fa58c66886aa911eb66cdafdf6afebae781a417,hqs,31.025706199037764,0.8734833474702836,0.32455412298440933,0.0020690870005637407
kodim06,Kodak,kodim06,test,0.25,0.25,0.0,2026,ff710ea5963f0365a7ace2ed9fa58c66886aa911eb66cdafdf6afebae781a417,admm,31.03264704541809,0.8724666210012436,0.326534311985597,0.0025449786335229874
kodim06,Kodak,kodim06,test,0.5,0.4998931884765625,0.0,2026,134e2b80c50674dd6e6ea265da37d8abb404ff9e44f72354c21e4ccf184f82fb,adjoint,29.575582306993216,0.7868774486031532,0.0004326319321990013,0.005176375154405832
kodim06,Kodak,kodim06,test,0.5,0.4998931884765625,0.0,2026,134e2b80c50674dd6e6ea265da37d8abb404ff9e44f72354c21e4ccf184f82fb,fista_dct,29.45991334130118,0.7847018882160187,0.4540541300084442,0.002908220048993826
kodim06,Kodak,kodim06,test,0.5,0.4998931884765625,0.0,2026,134e2b80c50674dd6e6ea265da37d8abb404ff9e44f72354c21e4ccf184f82fb,hqs,36.25822979948222,0.956305750131607,0.3295815760502592,0.0019468233222141862
kodim06,Kodak,kodim06,test,0.5,0.4998931884765625,0.0,2026,134e2b80c50674dd6e6ea265da37d8abb404ff9e44f72354c21e4ccf184f82fb,admm,36.24766536473143,0.9557241128377915,0.32433884404599667,0.0023159782867878675
kodim06,Kodak,kodim06,test,0.1,0.1001129150390625,0.01,2026,1c95ef781f6d38feb19265641b12dae2c6a0e274df6fb12f90ad56b3eb5ffef2,adjoint,24.70259577590904,0.5239138725290465,0.00029025902040302753,0.003788126865401864
kodim06,Kodak,kodim06,test,0.1,0.1001129150390625,0.01,2026,1c95ef781f6d38feb19265641b12dae2c6a0e274df6fb12f90ad56b3eb5ffef2,fista_dct,24.95273075852472,0.5398333530352414,0.36750073300208896,0.003216848708689213
kodim06,Kodak,kodim06,test,0.1,0.1001129150390625,0.01,2026,1c95ef781f6d38feb19265641b12dae2c6a0e274df6fb12f90ad56b3eb5ffef2,hqs,27.65203468269967,0.7442136590437293,0.3249376859748736,0.0021471285726875067
kodim06,Kodak,kodim06,test,0.1,0.1001129150390625,0.01,2026,1c95ef781f6d38feb19265641b12dae2c6a0e274df6fb12f90ad56b3eb5ffef2,admm,27.731731260541856,0.7470063013911247,0.32604800700210035,0.0031972494907677174
kodim06,Kodak,kodim06,test,0.1,0.1001129150390625,0.01,2027,d8027f41e5ccd043a8fabc1338755f2f8520f4c30b7d6e88ea2ff5b3784b4041,adjoint,24.701952329718388,0.5242246103825718,0.0002709639957174659,0.003737611696124077
kodim06,Kodak,kodim06,test,0.1,0.1001129150390625,0.01,2027,d8027f41e5ccd043a8fabc1338755f2f8520f4c30b7d6e88ea2ff5b3784b4041,fista_dct,24.920419510809747,0.5375477146901936,0.3653200310654938,0.0033223875798285007
kodim06,Kodak,kodim06,test,0.1,0.1001129150390625,0.01,2027,d8027f41e5ccd043a8fabc1338755f2f8520f4c30b7d6e88ea2ff5b3784b4041,hqs,27.632313102054106,0.7446242543687634,0.34317631006706506,0.0022501859348267317
kodim06,Kodak,kodim06,test,0.1,0.1001129150390625,0.01,2027,d8027f41e5ccd043a8fabc1338755f2f8520f4c30b7d6e88ea2ff5b3784b4041,admm,27.72081344572081,0.7480509653221369,0.364424322033301,0.0032285910565406084
kodim06,Kodak,kodim06,test,0.1,0.1001129150390625,0.01,2028,f4bd4abbf0c7da21c034871e3f4bcfe0bf025f70a7997ca74890462aadf1d4fd,adjoint,24.703470492445526,0.5240694737696227,0.0002577160485088825,0.003772679716348648
kodim06,Kodak,kodim06,test,0.1,0.1001129150390625,0.01,2028,f4bd4abbf0c7da21c034871e3f4bcfe0bf025f70a7997ca74890462aadf1d4fd,fista_dct,24.922778870967598,0.5373825562804032,0.36785609601065516,0.003390239318832755
kodim06,Kodak,kodim06,test,0.1,0.1001129150390625,0.01,2028,f4bd4abbf0c7da21c034871e3f4bcfe0bf025f70a7997ca74890462aadf1d4fd,hqs,27.65453178131757,0.74557373428718,0.3229696670314297,0.0021676672622561455
kodim06,Kodak,kodim06,test,0.1,0.1001129150390625,0.01,2028,f4bd4abbf0c7da21c034871e3f4bcfe0bf025f70a7997ca74890462aadf1d4fd,admm,27.708603429365184,0.7476114552289843,0.32607518904842436,0.0031676702201366425
kodim06,Kodak,kodim06,test,0.1,0.1001129150390625,0.05,2026,c18d96d7ee4152a93a1216794fbb19f5d198531b29574f9a3de3d9d53dee3c74,adjoint,23.79506380659732,0.4481983426899336,0.00028740998823195696,0.005542508326470852
kodim06,Kodak,kodim06,test,0.1,0.1001129150390625,0.05,2026,c18d96d7ee4152a93a1216794fbb19f5d198531b29574f9a3de3d9d53dee3c74,fista_dct,23.47371007071964,0.4279113389106781,0.3706464709248394,0.0076368083246052265
kodim06,Kodak,kodim06,test,0.1,0.1001129150390625,0.05,2026,c18d96d7ee4152a93a1216794fbb19f5d198531b29574f9a3de3d9d53dee3c74,hqs,25.335466344075343,0.5724331918355617,0.3263025589985773,0.0021635594312101603
kodim06,Kodak,kodim06,test,0.1,0.1001129150390625,0.05,2026,c18d96d7ee4152a93a1216794fbb19f5d198531b29574f9a3de3d9d53dee3c74,admm,25.46289650557513,0.5861127718317192,0.324880906031467,0.0040519097819924355
kodim06,Kodak,kodim06,test,0.1,0.1001129150390625,0.05,2027,a0e0a2ed6855971601a79199e9806c35014e3bf0bb38223990d546e1d88664a0,adjoint,23.792681712084057,0.44959822482812617,0.00024601095356047153,0.005325482226908207
kodim06,Kodak,kodim06,test,0.1,0.1001129150390625,0.05,2027,a0e0a2ed6855971601a79199e9806c35014e3bf0bb38223990d546e1d88664a0,fista_dct,23.425104534804024,0.426258618699342,0.3707125630462542,0.007016259245574474
kodim06,Kodak,kodim06,test,0.1,0.1001129150390625,0.05,2027,a0e0a2ed6855971601a79199e9806c35014e3bf0bb38223990d546e1d88664a0,hqs,25.291481666125737,0.5729201911485555,0.3227768479846418,0.002385400701314211
kodim06,Kodak,kodim06,test,0.1,0.1001129150390625,0.05,2027,a0e0a2ed6855971601a79199e9806c35014e3bf0bb38223990d546e1d88664a0,admm,25.371748080953825,0.5821394234115174,0.32824784598778933,0.00374454609118402
kodim06,Kodak,kodim06,test,0.1,0.1001129150390625,0.05,2028,701e9675bdaf7af600692a7569929594cf4e2a625a60cf19026b107631faee14,adjoint,23.82206609574458,0.4510212000126672,0.000241938978433609,0.005273769609630108
kodim06,Kodak,kodim06,test,0.1,0.1001129150390625,0.05,2028,701e9675bdaf7af600692a7569929594cf4e2a625a60cf19026b107631faee14,fista_dct,23.486173861723884,0.4301990104825733,0.3664321330143139,0.0068796430714428425
kodim06,Kodak,kodim06,test,0.1,0.1001129150390625,0.05,2028,701e9675bdaf7af600692a7569929594cf4e2a625a60cf19026b107631faee14,hqs,25.359579601868884,0.5723884107826352,0.32562245707958937,0.0019513778388500214
kodim06,Kodak,kodim06,test,0.1,0.1001129150390625,0.05,2028,701e9675bdaf7af600692a7569929594cf4e2a625a60cf19026b107631faee14,admm,25.478393813259068,0.5839639800621979,0.3252452180022374,0.003239551791921258
kodim07,Kodak,kodim07,test,0.01,0.01031494140625,0.0,2026,a288935b99961f7ad664404e174aaa06f8ff822c69dc568bfe850eb538964809,adjoint,21.52078448493766,0.371162134838912,0.00015701795928180218,0.0017810011049732566
kodim07,Kodak,kodim07,test,0.01,0.01031494140625,0.0,2026,a288935b99961f7ad664404e174aaa06f8ff822c69dc568bfe850eb538964809,fista_dct,21.857024717449164,0.43916374576088774,0.3191239630104974,0.00027479248819872737
kodim07,Kodak,kodim07,test,0.01,0.01031494140625,0.0,2026,a288935b99961f7ad664404e174aaa06f8ff822c69dc568bfe850eb538964809,hqs,22.85229224647592,0.534450308313337,0.3252954420167953,0.004393986891955137
kodim07,Kodak,kodim07,test,0.01,0.01031494140625,0.0,2026,a288935b99961f7ad664404e174aaa06f8ff822c69dc568bfe850eb538964809,admm,22.900772065520005,0.5401446883121221,0.33455051109194756,0.006607833318412304
kodim07,Kodak,kodim07,test,0.04,0.041259765625,0.0,2026,fb114b02bbbd0b2e44bd30a22df32dddd2b5fe9732a8b6f1740c480f1d6765a3,adjoint,23.10126818029488,0.4886772225831195,0.0002166579943150282,0.0024034243542701006
kodim07,Kodak,kodim07,test,0.04,0.041259765625,0.0,2026,fb114b02bbbd0b2e44bd30a22df32dddd2b5fe9732a8b6f1740c480f1d6765a3,fista_dct,23.385409907595506,0.5234688894169175,0.3386527029797435,0.0005644834018312395
kodim07,Kodak,kodim07,test,0.04,0.041259765625,0.0,2026,fb114b02bbbd0b2e44bd30a22df32dddd2b5fe9732a8b6f1740c480f1d6765a3,hqs,26.341390066762674,0.781893688992708,0.32860444101970643,0.004888638388365507
kodim07,Kodak,kodim07,test,0.04,0.041259765625,0.0,2026,fb114b02bbbd0b2e44bd30a22df32dddd2b5fe9732a8b6f1740c480f1d6765a3,admm,25.883115676296867,0.7536978734340958,0.32409858505707234,0.005947362631559372
kodim07,Kodak,kodim07,test,0.1,0.1001129150390625,0.0,2026,b35259fa538e5217d29ed0176f52f8ecb54ad687c7a2763abfcab66385205591,adjoint,24.591794157778768,0.6000232069883747,0.00026028300635516644,0.0029384566005319357
kodim07,Kodak,kodim07,test,0.1,0.1001129150390625,0.0,2026,b35259fa538e5217d29ed0176f52f8ecb54ad687c7a2763abfcab66385205591,fista_dct,24.499548930937305,0.604015863915055,0.37759847298730165,0.0009203533409163356
kodim07,Kodak,kodim07,test,0.1,0.1001129150390625,0.0,2026,b35259fa538e5217d29ed0176f52f8ecb54ad687c7a2763abfcab66385205591,hqs,31.655622950801487,0.9338027429535389,0.32408881303854287,0.004382237326353788
kodim07,Kodak,kodim07,test,0.1,0.1001129150390625,0.0,2026,b35259fa538e5217d29ed0176f52f8ecb54ad687c7a2763abfcab66385205591,admm,31.828024610712305,0.9349484549955129,0.3249398070620373,0.004986746236681938
kodim07,Kodak,kodim07,test,0.25,0.25,0.0,2026,258af0dbc2829156cd9225372e125e8e766f194296ccee34c14462cc0036e110,adjoint,27.61671965472206,0.7525427548161745,0.0002986009931191802,0.0037120510824024677
kodim07,Kodak,kodim07,test,0.25,0.25,0.0,2026,258af0dbc2829156cd9225372e125e8e766f194296ccee34c14462cc0036e110,fista_dct,28.88001072915195,0.8010443334144354,0.40592970105353743,0.0012905028415843844
kodim07,Kodak,kodim07,test,0.25,0.25,0.0,2026,258af0dbc2829156cd9225372e125e8e766f194296ccee34c14462cc0036e110,hqs,37.727644213774774,0.9806497802801132,0.33651663502678275,0.0022162857931107283
kodim07,Kodak,kodim07,test,0.25,0.25,0.0,2026,258af0dbc2829156cd9225372e125e8e766f194296ccee34c14462cc0036e110,admm,37.69642158440702,0.9803787016515731,0.3366328419651836,0.0028824317269027233
kodim07,Kodak,kodim07,test,0.5,0.4998931884765625,0.0,2026,3cb48562b404f92451a1baee3ccfa53695e1fea07a90a843e745490da94407b7,adjoint,31.355461075144543,0.8622423090162277,0.0005312749417498708,0.004836537875235081
kodim07,Kodak,kodim07,test,0.5,0.4998931884765625,0.0,2026,3cb48562b404f92451a1baee3ccfa53695e1fea07a90a843e745490da94407b7,fista_dct,33.10096192755776,0.9102248035912514,0.4780030050314963,0.001704599941149354
kodim07,Kodak,kodim07,test,0.5,0.4998931884765625,0.0,2026,3cb48562b404f92451a1baee3ccfa53695e1fea07a90a843e745490da94407b7,hqs,44.378939348563634,0.9945140825967789,0.3359928500140086,0.0013566138222813606
kodim07,Kodak,kodim07,test,0.5,0.4998931884765625,0.0,2026,3cb48562b404f92451a1baee3ccfa53695e1fea07a90a843e745490da94407b7,admm,44.36125431494219,0.9944460097942353,0.3367077379953116,0.0017494828207418323
kodim07,Kodak,kodim07,test,0.1,0.1001129150390625,0.01,2026,38ece9b6770865dd7701ce2991be5f25d56f38adc0508ab857f44abb1783ecb3,adjoint,24.566134635323607,0.597846959557008,0.0002449189778417349,0.002938136225566268
kodim07,Kodak,kodim07,test,0.1,0.1001129150390625,0.01,2026,38ece9b6770865dd7701ce2991be5f25d56f38adc0508ab857f44abb1783ecb3,fista_dct,24.46536084563988,0.5997408642236376,0.39110012305900455,0.0009152069105766714
kodim07,Kodak,kodim07,test,0.1,0.1001129150390625,0.01,2026,38ece9b6770865dd7701ce2991be5f25d56f38adc0508ab857f44abb1783ecb3,hqs,31.15970374211441,0.9242687004282475,0.37228177895303816,0.0040991357527673244
kodim07,Kodak,kodim07,test,0.1,0.1001129150390625,0.01,2026,38ece9b6770865dd7701ce2991be5f25d56f38adc0508ab857f44abb1783ecb3,admm,31.35201263652195,0.9271916858811379,0.37240272597409785,0.0052191936410963535
kodim07,Kodak,kodim07,test,0.1,0.1001129150390625,0.01,2027,3df6eea6416c85a42067473b344e7d276d6a3b52ba9e58bb71700343b21def8e,adjoint,24.56702339385656,0.5980464196255698,0.0002741399221122265,0.002938381629064679
kodim07,Kodak,kodim07,test,0.1,0.1001129150390625,0.01,2027,3df6eea6416c85a42067473b344e7d276d6a3b52ba9e58bb71700343b21def8e,fista_dct,24.454638340470346,0.6000223917123324,0.39088407903909683,0.0009613349102437496
kodim07,Kodak,kodim07,test,0.1,0.1001129150390625,0.01,2027,3df6eea6416c85a42067473b344e7d276d6a3b52ba9e58bb71700343b21def8e,hqs,31.285529532513692,0.9272348548434973,0.36787424597423524,0.004159390460699797
kodim07,Kodak,kodim07,test,0.1,0.1001129150390625,0.01,2027,3df6eea6416c85a42067473b344e7d276d6a3b52ba9e58bb71700343b21def8e,admm,31.460158930881626,0.9294376069064141,0.36840388004202396,0.00522049143910408
kodim07,Kodak,kodim07,test,0.1,0.1001129150390625,0.01,2028,23ad847a967f9b6718632c9cc23662428e41e60c01b256649753b85f0ea762a1,adjoint,24.56590706043756,0.597696625000742,0.00026164401788264513,0.0029380072373896837
kodim07,Kodak,kodim07,test,0.1,0.1001129150390625,0.01,2028,23ad847a967f9b6718632c9cc23662428e41e60c01b256649753b85f0ea762a1,fista_dct,24.458354094868156,0.5995110452725296,0.38854520698077977,0.0009426320903003216
kodim07,Kodak,kodim07,test,0.1,0.1001129150390625,0.01,2028,23ad847a967f9b6718632c9cc23662428e41e60c01b256649753b85f0ea762a1,hqs,31.185723708136216,0.9243756645148993,0.3718820340000093,0.004175102338194847
kodim07,Kodak,kodim07,test,0.1,0.1001129150390625,0.01,2028,23ad847a967f9b6718632c9cc23662428e41e60c01b256649753b85f0ea762a1,admm,31.397619671820305,0.9276213315844536,0.3681550499750301,0.0053713442757725716
kodim07,Kodak,kodim07,test,0.1,0.1001129150390625,0.05,2026,416abc0c05c5d0372ab7f4cc28349828a11e2d9a66c9ba076d2939e56a904e60,adjoint,23.991365109331074,0.5515400673478469,0.0002725910162553191,0.002935777883976698
kodim07,Kodak,kodim07,test,0.1,0.1001129150390625,0.05,2026,416abc0c05c5d0372ab7f4cc28349828a11e2d9a66c9ba076d2939e56a904e60,fista_dct,23.63633726231351,0.53073814807233,0.3841912989737466,0.0009387400350533426
kodim07,Kodak,kodim07,test,0.1,0.1001129150390625,0.05,2026,416abc0c05c5d0372ab7f4cc28349828a11e2d9a66c9ba076d2939e56a904e60,hqs,27.57037124267892,0.7853529404151067,0.371492455014959,0.0035644504241645336
kodim07,Kodak,kodim07,test,0.1,0.1001129150390625,0.05,2026,416abc0c05c5d0372ab7f4cc28349828a11e2d9a66c9ba076d2939e56a904e60,admm,27.851246968113127,0.8004071471262313,0.36899582599289715,0.005591633729636669
kodim07,Kodak,kodim07,test,0.1,0.1001129150390625,0.05,2027,8f499114af856b972186fa8932e0469717c5c5753051d79d7acc1b056ad57823,adjoint,24.010943213378837,0.5530547698003877,0.00028050702530890703,0.0029375795274972916
kodim07,Kodak,kodim07,test,0.1,0.1001129150390625,0.05,2027,8f499114af856b972186fa8932e0469717c5c5753051d79d7acc1b056ad57823,fista_dct,23.56288540110095,0.5254258296517055,0.38880507193971425,0.0009398165857419372
kodim07,Kodak,kodim07,test,0.1,0.1001129150390625,0.05,2027,8f499114af856b972186fa8932e0469717c5c5753051d79d7acc1b056ad57823,hqs,27.603511995202563,0.7866837016693726,0.3516684779897332,0.0033723788801580667
kodim07,Kodak,kodim07,test,0.1,0.1001129150390625,0.05,2027,8f499114af856b972186fa8932e0469717c5c5753051d79d7acc1b056ad57823,admm,27.9761662136505,0.804460569983691,0.3300475539872423,0.00510579627007246
kodim07,Kodak,kodim07,test,0.1,0.1001129150390625,0.05,2028,b66e5f38711fa553510ba51a14ad45c9cd8eac20e5dcd0b1f2a8aeb40cc4ab37,adjoint,23.989444260049765,0.5506246959871524,0.0002763110678642988,0.0029343056958168745
kodim07,Kodak,kodim07,test,0.1,0.1001129150390625,0.05,2028,b66e5f38711fa553510ba51a14ad45c9cd8eac20e5dcd0b1f2a8aeb40cc4ab37,fista_dct,23.545633423263894,0.523860190914204,0.379936516052112,0.000895545061212033
kodim07,Kodak,kodim07,test,0.1,0.1001129150390625,0.05,2028,b66e5f38711fa553510ba51a14ad45c9cd8eac20e5dcd0b1f2a8aeb40cc4ab37,hqs,27.49498435393001,0.7847050233208239,0.3372477199882269,0.0033438268583267927
kodim07,Kodak,kodim07,test,0.1,0.1001129150390625,0.05,2028,b66e5f38711fa553510ba51a14ad45c9cd8eac20e5dcd0b1f2a8aeb40cc4ab37,admm,27.860875326748346,0.802337354095012,0.3255613229703158,0.004933364223688841
kodim08,Kodak,kodim08,test,0.01,0.01031494140625,0.0,2026,8e88d9d0a92399697aab5f290609e3c287d76d66b5c22d64c6c1579deec325dd,adjoint,15.863785610199814,0.22505395883670873,0.0001444830559194088,0.002684739651158452
kodim08,Kodak,kodim08,test,0.01,0.01031494140625,0.0,2026,8e88d9d0a92399697aab5f290609e3c287d76d66b5c22d64c6c1579deec325dd,fista_dct,16.08250940883978,0.2656495656931173,0.3234716500155628,0.001317870686762035
kodim08,Kodak,kodim08,test,0.01,0.01031494140625,0.0,2026,8e88d9d0a92399697aab5f290609e3c287d76d66b5c22d64c6c1579deec325dd,hqs,16.87297821097751,0.3549863461675564,0.32555948896333575,0.005829441826790571
kodim08,Kodak,kodim08,test,0.01,0.01031494140625,0.0,2026,8e88d9d0a92399697aab5f290609e3c287d76d66b5c22d64c6c1579deec325dd,admm,16.85696867606914,0.3550861862354155,0.3294313879450783,0.008628413081169128
kodim08,Kodak,kodim08,test,0.04,0.041259765625,0.0,2026,2a39962faf4105c257c472e1a998ef3051c19e99d9402c3c7e8b8824896f2c7f,adjoint,17.388035070058535,0.36777526220754114,0.00021741201635450125,0.003213574644178152
kodim08,Kodak,kodim08,test,0.04,0.041259765625,0.0,2026,2a39962faf4105c257c472e1a998ef3051c19e99d9402c3c7e8b8824896f2c7f,fista_dct,17.4830526958499,0.3911157614565711,0.34596700209658593,0.0039033559150993824
kodim08,Kodak,kodim08,test,0.04,0.041259765625,0.0,2026,2a39962faf4105c257c472e1a998ef3051c19e99d9402c3c7e8b8824896f2c7f,hqs,19.76256751110637,0.6191346023658076,0.3332647440256551,0.008497821167111397
kodim08,Kodak,kodim08,test,0.04,0.041259765625,0.0,2026,2a39962faf4105c257c472e1a998ef3051c19e99d9402c3c7e8b8824896f2c7f,admm,19.71856955567317,0.6145238819563128,0.327508271089755,0.009016687050461769
kodim08,Kodak,kodim08,test,0.1,0.1001129150390625,0.0,2026,9efacdb89f48072c3f0e31d1aeef8b7a42eb968282d15bb9afa92d391e2cc2df,adjoint,18.791763784297487,0.4988317724646362,0.000273148063570261,0.004293522797524929
kodim08,Kodak,kodim08,test,0.1,0.1001129150390625,0.0,2026,9efacdb89f48072c3f0e31d1aeef8b7a42eb968282d15bb9afa92d391e2cc2df,fista_dct,18.910642865665878,0.516427650873916,0.37813932599965483,0.004988484084606171
kodim08,Kodak,kodim08,test,0.1,0.1001129150390625,0.0,2026,9efacdb89f48072c3f0e31d1aeef8b7a42eb968282d15bb9afa92d391e2cc2df,hqs,22.86126852365445,0.7855867720393697,0.32479803706519306,0.006937053520232439
kodim08,Kodak,kodim08,test,0.1,0.1001129150390625,0.0,2026,9efacdb89f48072c3f0e31d1aeef8b7a42eb968282d15bb9afa92d391e2cc2df,admm,22.907857269642538,0.7863378755849826,0.3277725069783628,0.007238149642944336
kodim08,Kodak,kodim08,test,0.25,0.25,0.0,2026,1007f02fb144904c76934881455154aabf09290cd341803d3c9c61a4727cf309,adjoint,21.024445597333777,0.649848544609956,0.0002491420600563288,0.005448650568723679
kodim08,Kodak,kodim08,test,0.25,0.25,0.0,2026,1007f02fb144904c76934881455154aabf09290cd341803d3c9c61a4727cf309,fista_dct,21.1707841455647,0.6643335866259634,0.3776442059315741,0.005213974975049496
kodim08,Kodak,kodim08,test,0.25,0.25,0.0,2026,1007f02fb144904c76934881455154aabf09290cd341803d3c9c61a4727cf309,hqs,27.216668107945114,0.8966801692028046,0.33335352793801576,0.005037821363657713
kodim08,Kodak,kodim08,test,0.25,0.25,0.0,2026,1007f02fb144904c76934881455154aabf09290cd341803d3c9c61a4727cf309,admm,27.252994177320144,0.896181074909687,0.35040935094002634,0.00529525987803936
kodim08,Kodak,kodim08,test,0.5,0.4998931884765625,0.0,2026,07b69242ec01e55db22dd85a4d3c840af47e16d0706085b7bf03f9c56b7968eb,adjoint,23.67483273512247,0.7670188302484956,0.00032418197952210903,0.006550251506268978
kodim08,Kodak,kodim08,test,0.5,0.4998931884765625,0.0,2026,07b69242ec01e55db22dd85a4d3c840af47e16d0706085b7bf03f9c56b7968eb,fista_dct,23.693717736077268,0.7704421064981446,0.4280186939286068,0.006729920860379934
kodim08,Kodak,kodim08,test,0.5,0.4998931884765625,0.0,2026,07b69242ec01e55db22dd85a4d3c840af47e16d0706085b7bf03f9c56b7968eb,hqs,32.76518193745053,0.9593860467252732,0.3289494060445577,0.003397796070203185
kodim08,Kodak,kodim08,test,0.5,0.4998931884765625,0.0,2026,07b69242ec01e55db22dd85a4d3c840af47e16d0706085b7bf03f9c56b7968eb,admm,32.80168341067309,0.959275846526146,0.33470843208488077,0.00412935484200716
kodim08,Kodak,kodim08,test,0.1,0.1001129150390625,0.01,2026,69bd5aeac4fdb703ad5840d0416f203d46d9e35b42d68a72214fdf9ce0b88416,adjoint,18.78247213390373,0.4983223168300628,0.00020120805129408836,0.004232821986079216
kodim08,Kodak,kodim08,test,0.1,0.1001129150390625,0.01,2026,69bd5aeac4fdb703ad5840d0416f203d46d9e35b42d68a72214fdf9ce0b88416,fista_dct,18.88927121684323,0.51477947800966,0.3521652340423316,0.004906941670924425
kodim08,Kodak,kodim08,test,0.1,0.1001129150390625,0.01,2026,69bd5aeac4fdb703ad5840d0416f203d46d9e35b42d68a72214fdf9ce0b88416,hqs,22.781820283132475,0.7824340911544988,0.3286427090642974,0.0068438793532550335
kodim08,Kodak,kodim08,test,0.1,0.1001129150390625,0.01,2026,69bd5aeac4fdb703ad5840d0416f203d46d9e35b42d68a72214fdf9ce0b88416,admm,22.829239317612334,0.7837664396964786,0.3285184579435736,0.007160498294979334
kodim08,Kodak,kodim08,test,0.1,0.1001129150390625,0.01,2027,7b1529896ab036f0782605059d1d53af78b2cc1d17af394a183b31a2b628ab3d,adjoint,18.78236081345298,0.49845745293287386,0.0002134449314326048,0.004277455620467663
kodim08,Kodak,kodim08,test,0.1,0.1001129150390625,0.01,2027,7b1529896ab036f0782605059d1d53af78b2cc1d17af394a183b31a2b628ab3d,fista_dct,18.927456593501116,0.5173191918743618,0.3473656019195914,0.004805455449968576
kodim08,Kodak,kodim08,test,0.1,0.1001129150390625,0.01,2027,7b1529896ab036f0782605059d1d53af78b2cc1d17af394a183b31a2b628ab3d,hqs,22.764911281240042,0.7820123797751904,0.3313102739630267,0.006736575160175562
kodim08,Kodak,kodim08,test,0.1,0.1001129150390625,0.01,2027,7b1529896ab036f0782605059d1d53af78b2cc1d17af394a183b31a2b628ab3d,admm,22.824876718204692,0.783091644671185,0.3273563500260934,0.007290543522685766
kodim08,Kodak,kodim08,test,0.1,0.1001129150390625,0.01,2028,ac131bf7e845290899f5f68734eb468732650f7445a8ac34357a0ed620c54c25,adjoint,18.782408516837442,0.4981610700041605,0.00020336790475994349,0.004320789128541946
kodim08,Kodak,kodim08,test,0.1,0.1001129150390625,0.01,2028,ac131bf7e845290899f5f68734eb468732650f7445a8ac34357a0ed620c54c25,fista_dct,18.894253133896143,0.515093365596789,0.34487696504220366,0.004799954127520323
kodim08,Kodak,kodim08,test,0.1,0.1001129150390625,0.01,2028,ac131bf7e845290899f5f68734eb468732650f7445a8ac34357a0ed620c54c25,hqs,22.802019743924102,0.7831216594669487,0.3280689159873873,0.006925147958099842
kodim08,Kodak,kodim08,test,0.1,0.1001129150390625,0.01,2028,ac131bf7e845290899f5f68734eb468732650f7445a8ac34357a0ed620c54c25,admm,22.824646356090916,0.7835719905485995,0.3272477330174297,0.00729063106700778
kodim08,Kodak,kodim08,test,0.1,0.1001129150390625,0.05,2026,f64a932e30b9617c598a7de1ad189860df10ab464aac857700e595cda12fe7e7,adjoint,18.57423207760066,0.4846745721577029,0.00020485196728259325,0.0045010363683104515
kodim08,Kodak,kodim08,test,0.1,0.1001129150390625,0.05,2026,f64a932e30b9617c598a7de1ad189860df10ab464aac857700e595cda12fe7e7,fista_dct,18.6016916665667,0.4977705236645433,0.35070367401931435,0.005897619295865297
kodim08,Kodak,kodim08,test,0.1,0.1001129150390625,0.05,2026,f64a932e30b9617c598a7de1ad189860df10ab464aac857700e595cda12fe7e7,hqs,21.426077206855567,0.7089713126509264,0.3260222509270534,0.006466679275035858
kodim08,Kodak,kodim08,test,0.1,0.1001129150390625,0.05,2026,f64a932e30b9617c598a7de1ad189860df10ab464aac857700e595cda12fe7e7,admm,21.49795341607895,0.7155951445750603,0.32458875607699156,0.006459002383053303
kodim08,Kodak,kodim08,test,0.1,0.1001129150390625,0.05,2027,0c4f1fa8d3f3faf4627623444728b2a7800a24f9918f5dacb0650ddf6f74c294,adjoint,18.568105256375873,0.4849112202051569,0.00021870003547519445,0.004823316354304552
kodim08,Kodak,kodim08,test,0.1,0.1001129150390625,0.05,2027,0c4f1fa8d3f3faf4627623444728b2a7800a24f9918f5dacb0650ddf6f74c294,fista_dct,18.612111772183894,0.4973298678864744,0.3466148030711338,0.006054339464753866
kodim08,Kodak,kodim08,test,0.1,0.1001129150390625,0.05,2027,0c4f1fa8d3f3faf4627623444728b2a7800a24f9918f5dacb0650ddf6f74c294,hqs,21.32732430655956,0.703400538744349,0.3261882800143212,0.006170362234115601
kodim08,Kodak,kodim08,test,0.1,0.1001129150390625,0.05,2027,0c4f1fa8d3f3faf4627623444728b2a7800a24f9918f5dacb0650ddf6f74c294,admm,21.437796761074978,0.7099321498093251,0.3257733900099993,0.006585647352039814
kodim08,Kodak,kodim08,test,0.1,0.1001129150390625,0.05,2028,ecfe0fdaa8db58cc1c4138668464bbc37e0fb034f7ee2aae377d34b74b5fd1fe,adjoint,18.566053228406474,0.48375296953807817,0.00020710891112685204,0.004980213474482298
kodim08,Kodak,kodim08,test,0.1,0.1001129150390625,0.05,2028,ecfe0fdaa8db58cc1c4138668464bbc37e0fb034f7ee2aae377d34b74b5fd1fe,fista_dct,18.54468165960754,0.49247763203415884,0.3534068330191076,0.006221307907253504
kodim08,Kodak,kodim08,test,0.1,0.1001129150390625,0.05,2028,ecfe0fdaa8db58cc1c4138668464bbc37e0fb034f7ee2aae377d34b74b5fd1fe,hqs,21.39576400490235,0.7062278413408422,0.3250670849811286,0.006396603770554066
kodim08,Kodak,kodim08,test,0.1,0.1001129150390625,0.05,2028,ecfe0fdaa8db58cc1c4138668464bbc37e0fb034f7ee2aae377d34b74b5fd1fe,admm,21.421436278255474,0.7119153215280519,0.32447399001102895,0.007029850035905838
kodim09,Kodak,kodim09,test,0.01,0.01031494140625,0.0,2026,14c241c510700c2b8eeb2049af30c4eb6a9c5f482267ed45079cf453f3ef1a9e,adjoint,21.288714452723593,0.4370281789045792,0.00013097398914396763,0.0018244937527924776
kodim09,Kodak,kodim09,test,0.01,0.01031494140625,0.0,2026,14c241c510700c2b8eeb2049af30c4eb6a9c5f482267ed45079cf453f3ef1a9e,fista_dct,21.581055911292598,0.5751702793112043,0.3062018509954214,0.00021663898951373994
kodim09,Kodak,kodim09,test,0.01,0.01031494140625,0.0,2026,14c241c510700c2b8eeb2049af30c4eb6a9c5f482267ed45079cf453f3ef1a9e,hqs,23.496950602594172,0.7537707097720046,0.32358162908349186,0.003533961484208703
kodim09,Kodak,kodim09,test,0.01,0.01031494140625,0.0,2026,14c241c510700c2b8eeb2049af30c4eb6a9c5f482267ed45079cf453f3ef1a9e,admm,23.525383198542855,0.7548435329919085,0.33257795206736773,0.005102567374706268
kodim09,Kodak,kodim09,test,0.04,0.041259765625,0.0,2026,323d847033cedcea78ecaa76aefe616bf64958a17aa4dabc64616fac13d5558d,adjoint,22.988298682299707,0.4748108222720455,0.0001844570506364107,0.002423209371045232
kodim09,Kodak,kodim09,test,0.04,0.041259765625,0.0,2026,323d847033cedcea78ecaa76aefe616bf64958a17aa4dabc64616fac13d5558d,fista_dct,23.116605477627342,0.530251145503575,0.33384604495950043,0.0004500199283938855
kodim09,Kodak,kodim09,test,0.04,0.041259765625,0.0,2026,323d847033cedcea78ecaa76aefe616bf64958a17aa4dabc64616fac13d5558d,hqs,28.693185545438958,0.898354928642489,0.32438524696044624,0.003708565142005682
kodim09,Kodak,kodim09,test,0.04,0.041259765625,0.0,2026,323d847033cedcea78ecaa76aefe616bf64958a17aa4dabc64616fac13d5558d,admm,28.742241098939985,0.8980345100809336,0.32477594004012644,0.005088729318231344
kodim09,Kodak,kodim09,test,0.1,0.1001129150390625,0.0,2026,9c7f4af5342072c0f1725c259e6f58c77538139b7498d6ea31068bd442364410,adjoint,24.51602332246687,0.5479454444453326,0.00026177591644227505,0.0029465998522937298
kodim09,Kodak,kodim09,test,0.1,0.1001129150390625,0.0,2026,9c7f4af5342072c0f1725c259e6f58c77538139b7498d6ea31068bd442364410,fista_dct,24.84673031456714,0.5968229137412843,0.3653051209403202,0.000694088579621166
kodim09,Kodak,kodim09,test,0.1,0.1001129150390625,0.0,2026,9c7f4af5342072c0f1725c259e6f58c77538139b7498d6ea31068bd442364410,hqs,33.302120455960164,0.9496477103476524,0.32576094195246696,0.0029141739942133427
kodim09,Kodak,kodim09,test,0.1,0.1001129150390625,0.0,2026,9c7f4af5342072c0f1725c259e6f58c77538139b7498d6ea31068bd442364410,admm,33.245104327870784,0.9484007873954773,0.3271884429268539,0.0036957538686692715
kodim09,Kodak,kodim09,test,0.25,0.25,0.0,2026,7688271e3a52fc2f342e14979703949cc42a10f3d216435600488bb65289e8d6,adjoint,26.953643878223733,0.6362007209874392,0.0003188190748915076,0.0037212916649878025
kodim09,Kodak,kodim09,test,0.25,0.25,0.0,2026,7688271e3a52fc2f342e14979703949cc42a10f3d216435600488bb65289e8d6,fista_dct,27.524810453575846,0.6853820669559241,0.3878241659840569,0.001067189034074545
kodim09,Kodak,kodim09,test,0.25,0.25,0.0,2026,7688271e3a52fc2f342e14979703949cc42a10f3d216435600488bb65289e8d6,hqs,38.23983358543737,0.9771550077867508,0.32579752907622606,0.0017624198226258159
kodim09,Kodak,kodim09,test,0.25,0.25,0.0,2026,7688271e3a52fc2f342e14979703949cc42a10f3d216435600488bb65289e8d6,admm,38.25619058016101,0.9769941824560165,0.3245420720195398,0.0020674471743404865
kodim09,Kodak,kodim09,test,0.5,0.4998931884765625,0.0,2026,1b70cbd402c8d434db7b84b6aaa8d90c2f96230550aeaac0a1d150ed022d72eb,adjoint,30.09696851635824,0.7444114483447075,0.0004337349673733115,0.004837288986891508
kodim09,Kodak,kodim09,test,0.5,0.4998931884765625,0.0,2026,1b70cbd402c8d434db7b84b6aaa8d90c2f96230550aeaac0a1d150ed022d72eb,fista_dct,31.10163238123153,0.8032428927710056,0.45949365699198097,0.0014764287043362856
kodim09,Kodak,kodim09,test,0.5,0.4998931884765625,0.0,2026,1b70cbd402c8d434db7b84b6aaa8d90c2f96230550aeaac0a1d150ed022d72eb,hqs,43.69086595938016,0.9889423571825028,0.32278125104494393,0.0009444657480344176
kodim09,Kodak,kodim09,test,0.5,0.4998931884765625,0.0,2026,1b70cbd402c8d434db7b84b6aaa8d90c2f96230550aeaac0a1d150ed022d72eb,admm,43.677944666978135,0.9887243146800995,0.3235145868966356,0.0013987715356051922
kodim09,Kodak,kodim09,test,0.1,0.1001129150390625,0.01,2026,dc72585c2dfd16a1a7c513e75d53a22f9f4e0bb3bfffddd9428ca71e4515fa21,adjoint,24.47600862463251,0.5440136608047734,0.00025776191614568233,0.0029462063685059547
kodim09,Kodak,kodim09,test,0.1,0.1001129150390625,0.01,2026,dc72585c2dfd16a1a7c513e75d53a22f9f4e0bb3bfffddd9428ca71e4515fa21,fista_dct,24.768083826444386,0.5879604704216607,0.3709490039618686,0.0006917366990819573
kodim09,Kodak,kodim09,test,0.1,0.1001129150390625,0.01,2026,dc72585c2dfd16a1a7c513e75d53a22f9f4e0bb3bfffddd9428ca71e4515fa21,hqs,32.316258999996336,0.9332987754063606,0.3249082709662616,0.002455080859363079
kodim09,Kodak,kodim09,test,0.1,0.1001129150390625,0.01,2026,dc72585c2dfd16a1a7c513e75d53a22f9f4e0bb3bfffddd9428ca71e4515fa21,admm,32.29293843728219,0.9369865159909725,0.32333016104530543,0.0038567581214010715
kodim09,Kodak,kodim09,test,0.1,0.1001129150390625,0.01,2027,ef144775d2de878a6eee9628f75c381093e44b4ce686358a68fb8b4212628c44,adjoint,24.476080442977587,0.5438138032060238,0.0002526988973841071,0.0029463600367307663
kodim09,Kodak,kodim09,test,0.1,0.1001129150390625,0.01,2027,ef144775d2de878a6eee9628f75c381093e44b4ce686358a68fb8b4212628c44,fista_dct,24.79883088312622,0.589932730181267,0.3490639500087127,0.000692396832164377
kodim09,Kodak,kodim09,test,0.1,0.1001129150390625,0.01,2027,ef144775d2de878a6eee9628f75c381093e44b4ce686358a68fb8b4212628c44,hqs,32.208321970423576,0.9331664005613327,0.32352109998464584,0.0023146194871515036
kodim09,Kodak,kodim09,test,0.1,0.1001129150390625,0.01,2027,ef144775d2de878a6eee9628f75c381093e44b4ce686358a68fb8b4212628c44,admm,32.18578499674678,0.9370389900712967,0.323263589059934,0.0037702759727835655
kodim09,Kodak,kodim09,test,0.1,0.1001129150390625,0.01,2028,55a06a2e1a3c6ebc97bc4da90b779cf201ebbd3ad5f2860caf432f313f909cc1,adjoint,24.478445844261287,0.543997203592617,0.0001856179442256689,0.0029467300046235323
kodim09,Kodak,kodim09,test,0.1,0.1001129150390625,0.01,2028,55a06a2e1a3c6ebc97bc4da90b779cf201ebbd3ad5f2860caf432f313f909cc1,fista_dct,24.792641246335073,0.5902258359805709,0.3447685830760747,0.00069356185849756
kodim09,Kodak,kodim09,test,0.1,0.1001129150390625,0.01,2028,55a06a2e1a3c6ebc97bc4da90b779cf201ebbd3ad5f2860caf432f313f909cc1,hqs,32.32193671391003,0.9339474989829063,0.3238961420720443,0.002418935764580965
kodim09,Kodak,kodim09,test,0.1,0.1001129150390625,0.01,2028,55a06a2e1a3c6ebc97bc4da90b779cf201ebbd3ad5f2860caf432f313f909cc1,admm,32.29986999202233,0.9375548033766746,0.32488292804919183,0.00379803404211998
kodim09,Kodak,kodim09,test,0.1,0.1001129150390625,0.05,2026,449450a826f8ed3cf660ec4206d7c4a3716aaa48b7819ae28ec14a37dbcbd1e6,adjoint,23.616075625988394,0.46646363376193445,0.0002087620086967945,0.0029431243892759085
kodim09,Kodak,kodim09,test,0.1,0.1001129150390625,0.05,2026,449450a826f8ed3cf660ec4206d7c4a3716aaa48b7819ae28ec14a37dbcbd1e6,fista_dct,23.322238552432832,0.4527169594740341,0.34534233494196087,0.0007018930045887828
kodim09,Kodak,kodim09,test,0.1,0.1001129150390625,0.05,2026,449450a826f8ed3cf660ec4206d7c4a3716aaa48b7819ae28ec14a37dbcbd1e6,hqs,27.199099220700823,0.6895252522798478,0.32344776997342706,0.0023041970562189817
kodim09,Kodak,kodim09,test,0.1,0.1001129150390625,0.05,2026,449450a826f8ed3cf660ec4206d7c4a3716aaa48b7819ae28ec14a37dbcbd1e6,admm,27.247669223441832,0.7011842857200354,0.32783276692498475,0.0032834974117577076
kodim09,Kodak,kodim09,test,0.1,0.1001129150390625,0.05,2027,3d24fd79c452a6155278d56f21ca4a05ec53d442fb991b4a21ab91aecc90b496,adjoint,23.610111791581613,0.4658252041566256,0.0002059759572148323,0.0029435022734105587
kodim09,Kodak,kodim09,test,0.1,0.1001129150390625,0.05,2027,3d24fd79c452a6155278d56f21ca4a05ec53d442fb991b4a21ab91aecc90b496,fista_dct,23.336701321724522,0.45703105458591764,0.34103021398186684,0.0007141209789551795
kodim09,Kodak,kodim09,test,0.1,0.1001129150390625,0.05,2027,3d24fd79c452a6155278d56f21ca4a05ec53d442fb991b4a21ab91aecc90b496,hqs,27.117572754286847,0.6941588103217893,0.32536977296695113,0.002494367305189371
kodim09,Kodak,kodim09,test,0.1,0.1001129150390625,0.05,2027,3d24fd79c452a6155278d56f21ca4a05ec53d442fb991b4a21ab91aecc90b496,admm,27.159059156448837,0.7050108915431201,0.3260802199365571,0.0034992413129657507
kodim09,Kodak,kodim09,test,0.1,0.1001129150390625,0.05,2028,1e4659902b7e57c909b536578a98bd3c47e1b1f4dd5340792d473a1984c63cb8,adjoint,23.66425307832861,0.4690947372326567,0.0001948119606822729,0.002944003790616989
kodim09,Kodak,kodim09,test,0.1,0.1001129150390625,0.05,2028,1e4659902b7e57c909b536578a98bd3c47e1b1f4dd5340792d473a1984c63cb8,fista_dct,23.45651679326563,0.4653142643264015,0.3457817219896242,0.0007089744322001934
kodim09,Kodak,kodim09,test,0.1,0.1001129150390625,0.05,2028,1e4659902b7e57c909b536578a98bd3c47e1b1f4dd5340792d473a1984c63cb8,hqs,27.307912861759984,0.7027988120140434,0.3280064680147916,0.0024973831605166197
kodim09,Kodak,kodim09,test,0.1,0.1001129150390625,0.05,2028,1e4659902b7e57c909b536578a98bd3c47e1b1f4dd5340792d473a1984c63cb8,admm,27.334674151379442,0.7156227887550219,0.3255795669974759,0.003520235186442733
kodim10,Kodak,kodim10,test,0.01,0.01031494140625,0.0,2026,eee7fee40b03516070b8462ccf0ca6ffbf749a3eb44f688f10978fbe4ea28ee7,adjoint,22.27010943041638,0.4307303285040357,0.0001793879782781005,0.0018402369460090995
kodim10,Kodak,kodim10,test,0.01,0.01031494140625,0.0,2026,eee7fee40b03516070b8462ccf0ca6ffbf749a3eb44f688f10978fbe4ea28ee7,fista_dct,22.78798125093568,0.5741426176875047,0.3161047260509804,0.0009136434528045356
kodim10,Kodak,kodim10,test,0.01,0.01031494140625,0.0,2026,eee7fee40b03516070b8462ccf0ca6ffbf749a3eb44f688f10978fbe4ea28ee7,hqs,24.772712816983663,0.7092281628043763,0.3244093538960442,0.0030157663859426975
kodim10,Kodak,kodim10,test,0.01,0.01031494140625,0.0,2026,eee7fee40b03516070b8462ccf0ca6ffbf749a3eb44f688f10978fbe4ea28ee7,admm,24.915834950026845,0.7150291708685665,0.3263787829782814,0.004539108835160732
kodim10,Kodak,kodim10,test,0.04,0.041259765625,0.0,2026,74d4085c23087a341d6711d5c3f1fd104fe7aa84a053276d65f5c10aab97cc9b,adjoint,23.996740089924486,0.4832033066410215,0.00021210499107837677,0.002457092981785536
kodim10,Kodak,kodim10,test,0.04,0.041259765625,0.0,2026,74d4085c23087a341d6711d5c3f1fd104fe7aa84a053276d65f5c10aab97cc9b,fista_dct,24.715913520637145,0.5764379011012661,0.335834646015428,0.0011978164548054338
kodim10,Kodak,kodim10,test,0.04,0.041259765625,0.0,2026,74d4085c23087a341d6711d5c3f1fd104fe7aa84a053276d65f5c10aab97cc9b,hqs,28.650177470797225,0.8494979907423351,0.3251072670100257,0.0030237510800361633
kodim10,Kodak,kodim10,test,0.04,0.041259765625,0.0,2026,74d4085c23087a341d6711d5c3f1fd104fe7aa84a053276d65f5c10aab97cc9b,admm,28.85631293872401,0.8512833038777784,0.3265285580419004,0.003907737322151661
kodim10,Kodak,kodim10,test,0.1,0.1001129150390625,0.0,2026,219aa0296c638d62e515cbb9b97d9dda31094aaeee9e71990375d335015ccca5,adjoint,25.294119430543898,0.5561462061349718,0.00026311492547392845,0.0030554335098713636
kodim10,Kodak,kodim10,test,0.1,0.1001129150390625,0.0,2026,219aa0296c638d62e515cbb9b97d9dda31094aaeee9e71990375d335015ccca5,fista_dct,26.038851328253475,0.6413102847583662,0.3671353260288015,0.0019807666540145874
kodim10,Kodak,kodim10,test,0.1,0.1001129150390625,0.0,2026,219aa0296c638d62e515cbb9b97d9dda31094aaeee9e71990375d335015ccca5,hqs,31.997524895584064,0.9218234584922791,0.32314620504621416,0.002447093604132533
kodim10,Kodak,kodim10,test,0.1,0.1001129150390625,0.0,2026,219aa0296c638d62e515cbb9b97d9dda31094aaeee9e71990375d335015ccca5,admm,32.23489048721861,0.9237551047744751,0.3239056710153818,0.0032857076730579138
kodim10,Kodak,kodim10,test,0.25,0.25,0.0,2026,f151b4c7dc85d28c53ba31038a669b9d9122323317a68706c7c63d7610ec62ab,adjoint,27.536011544786582,0.6569165238676667,0.0003241290105506778,0.0039035449735820293
kodim10,Kodak,kodim10,test,0.25,0.25,0.0,2026,f151b4c7dc85d28c53ba31038a669b9d9122323317a68706c7c63d7610ec62ab,fista_dct,28.217324723723664,0.7064750829364062,0.3971148480195552,0.002961242338642478
kodim10,Kodak,kodim10,test,0.25,0.25,0.0,2026,f151b4c7dc85d28c53ba31038a669b9d9122323317a68706c7c63d7610ec62ab,hqs,38.143688676111296,0.9738015720767975,0.36444199294783175,0.001807735301554203
kodim10,Kodak,kodim10,test,0.25,0.25,0.0,2026,f151b4c7dc85d28c53ba31038a669b9d9122323317a68706c7c63d7610ec62ab,admm,38.208655923420636,0.9736553332777024,0.3343476189766079,0.0023113104980438948
kodim10,Kodak,kodim10,test,0.5,0.4998931884765625,0.0,2026,e98d8ee9659cabdb8e2e74796ca32afa59fa3324d5ed8091099f2bf17d24d12d,adjoint,30.405617640158027,0.7677972555177212,0.00045854400377720594,0.00517632020637393
kodim10,Kodak,kodim10,test,0.5,0.4998931884765625,0.0,2026,e98d8ee9659cabdb8e2e74796ca32afa59fa3324d5ed8091099f2bf17d24d12d,fista_dct,30.92433258584426,0.7992471733100415,0.4643923550611362,0.003314899280667305
kodim10,Kodak,kodim10,test,0.5,0.4998931884765625,0.0,2026,e98d8ee9659cabdb8e2e74796ca32afa59fa3324d5ed8091099f2bf17d24d12d,hqs,44.050424033791096,0.9892267580556869,0.32531651202589273,0.0011393062304705381
kodim10,Kodak,kodim10,test,0.5,0.4998931884765625,0.0,2026,e98d8ee9659cabdb8e2e74796ca32afa59fa3324d5ed8091099f2bf17d24d12d,admm,44.003629041128846,0.989011557261467,0.32860507804434747,0.0016076002502813935
kodim10,Kodak,kodim10,test,0.1,0.1001129150390625,0.01,2026,19a8ce6198acbe6c26948109ca9255a35db86f7ac1e811f02e2a0af7ab2437a4,adjoint,25.251476779269314,0.5518090966830105,0.0002524119336158037,0.0030635830480605364
kodim10,Kodak,kodim10,test,0.1,0.1001129150390625,0.01,2026,19a8ce6198acbe6c26948109ca9255a35db86f7ac1e811f02e2a0af7ab2437a4,fista_dct,25.911243439262837,0.6279407357296487,0.3729118909686804,0.0020607346668839455
kodim10,Kodak,kodim10,test,0.1,0.1001129150390625,0.01,2026,19a8ce6198acbe6c26948109ca9255a35db86f7ac1e811f02e2a0af7ab2437a4,hqs,31.288288608239668,0.9014685425434112,0.3241421648999676,0.002154444344341755
kodim10,Kodak,kodim10,test,0.1,0.1001129150390625,0.01,2026,19a8ce6198acbe6c26948109ca9255a35db86f7ac1e811f02e2a0af7ab2437a4,admm,31.495425233828822,0.9072317868714332,0.3473945079604164,0.003568044863641262
kodim10,Kodak,kodim10,test,0.1,0.1001129150390625,0.01,2027,13ad68db8d42cc05a040b3d32f812a0f48fc6cd81c8fee731916ff6c034a99dc,adjoint,25.25372017434787,0.552341194083557,0.00039758789353072643,0.003065012628212571
kodim10,Kodak,kodim10,test,0.1,0.1001129150390625,0.01,2027,13ad68db8d42cc05a040b3d32f812a0f48fc6cd81c8fee731916ff6c034a99dc,fista_dct,25.963322884934424,0.6342441652380675,0.3814003999577835,0.001953973900526762
kodim10,Kodak,kodim10,test,0.1,0.1001129150390625,0.01,2027,13ad68db8d42cc05a040b3d32f812a0f48fc6cd81c8fee731916ff6c034a99dc,hqs,31.305181406488643,0.9015384859026074,0.32426964002661407,0.002053193049505353
kodim10,Kodak,kodim10,test,0.1,0.1001129150390625,0.01,2027,13ad68db8d42cc05a040b3d32f812a0f48fc6cd81c8fee731916ff6c034a99dc,admm,31.517809300032987,0.9071278788403868,0.32607374095823616,0.003411811077967286
kodim10,Kodak,kodim10,test,0.1,0.1001129150390625,0.01,2028,1fdf749b5a47448dee16b2f2dcb7a7f60fb3f7bc8a7f947722133c0360c659da,adjoint,25.25280058869783,0.5524855159742909,0.00026381900534033775,0.003065214492380619
kodim10,Kodak,kodim10,test,0.1,0.1001129150390625,0.01,2028,1fdf749b5a47448dee16b2f2dcb7a7f60fb3f7bc8a7f947722133c0360c659da,fista_dct,25.9831467093584,0.6346796720486293,0.3679641380440444,0.0021257197950035334
kodim10,Kodak,kodim10,test,0.1,0.1001129150390625,0.01,2028,1fdf749b5a47448dee16b2f2dcb7a7f60fb3f7bc8a7f947722133c0360c659da,hqs,31.235478608458006,0.900711531052351,0.3250245889648795,0.002051008865237236
kodim10,Kodak,kodim10,test,0.1,0.1001129150390625,0.01,2028,1fdf749b5a47448dee16b2f2dcb7a7f60fb3f7bc8a7f947722133c0360c659da,admm,31.489574549884487,0.9065719241650104,0.3217626529512927,0.00353093515150249
kodim10,Kodak,kodim10,test,0.1,0.1001129150390625,0.05,2026,f7adcd574734a3cb20c19777ecb4625f428cf70767ed203f27b7c69b9539a940,adjoint,24.346854953510512,0.4719823935339292,0.0002640880411490798,0.003209249349310994
kodim10,Kodak,kodim10,test,0.1,0.1001129150390625,0.05,2026,f7adcd574734a3cb20c19777ecb4625f428cf70767ed203f27b7c69b9539a940,fista_dct,24.27413517227658,0.47750963442667294,0.3931013699620962,0.0027535255067050457
kodim10,Kodak,kodim10,test,0.1,0.1001129150390625,0.05,2026,f7adcd574734a3cb20c19777ecb4625f428cf70767ed203f27b7c69b9539a940,hqs,27.298469969426755,0.6735357896018996,0.3471693769097328,0.001757033634930849
kodim10,Kodak,kodim10,test,0.1,0.1001129150390625,0.05,2026,f7adcd574734a3cb20c19777ecb4625f428cf70767ed203f27b7c69b9539a940,admm,27.42678773936451,0.6862969743860345,0.3378010590095073,0.0033557701390236616
kodim10,Kodak,kodim10,test,0.1,0.1001129150390625,0.05,2027,0befdda9c6750276850770880c0beac0133e61f52150b1973f0a40f798d8408c,adjoint,24.383185882028783,0.4770446454839723,0.0002557380357757211,0.003288667881861329
kodim10,Kodak,kodim10,test,0.1,0.1001129150390625,0.05,2027,0befdda9c6750276850770880c0beac0133e61f52150b1973f0a40f798d8408c,fista_dct,24.412951232974777,0.48917322699707605,0.39560118003282696,0.003195778699591756
kodim10,Kodak,kodim10,test,0.1,0.1001129150390625,0.05,2027,0befdda9c6750276850770880c0beac0133e61f52150b1973f0a40f798d8408c,hqs,27.357693753450917,0.6819684323989377,0.33957332104910165,0.001696498366072774
kodim10,Kodak,kodim10,test,0.1,0.1001129150390625,0.05,2027,0befdda9c6750276850770880c0beac0133e61f52150b1973f0a40f798d8408c,admm,27.485442129108502,0.6931790413054377,0.34156035899650306,0.003086426295340061
kodim10,Kodak,kodim10,test,0.1,0.1001129150390625,0.05,2028,2945c9704f222745daabf515ccfda128ce0eba24a3b42eef4603b27564c5f116,adjoint,24.36906517274746,0.4762092402797174,0.0002730810083448887,0.0033297608606517315
kodim10,Kodak,kodim10,test,0.1,0.1001129150390625,0.05,2028,2945c9704f222745daabf515ccfda128ce0eba24a3b42eef4603b27564c5f116,fista_dct,24.40346741342733,0.48618003080976613,0.39788969699293375,0.0033348186407238245
kodim10,Kodak,kodim10,test,0.1,0.1001129150390625,0.05,2028,2945c9704f222745daabf515ccfda128ce0eba24a3b42eef4603b27564c5f116,hqs,27.320375959060016,0.6762828610447077,0.3386821961030364,0.001752335811033845
kodim10,Kodak,kodim10,test,0.1,0.1001129150390625,0.05,2028,2945c9704f222745daabf515ccfda128ce0eba24a3b42eef4603b27564c5f116,admm,27.41988034741429,0.6855097952458933,0.34304339706432074,0.0029521735850721598
kodim11,Kodak,kodim11,test,0.01,0.01031494140625,0.0,2026,1a98e940cbf8e580e802b2cef6bab3d4f56affad1c39911c5b59fa06c4fbd5fa,adjoint,21.157782513307577,0.3934766282659042,0.0001521530793979764,0.002026981906965375
kodim11,Kodak,kodim11,test,0.01,0.01031494140625,0.0,2026,1a98e940cbf8e580e802b2cef6bab3d4f56affad1c39911c5b59fa06c4fbd5fa,fista_dct,21.308246001998725,0.4342463858005871,0.3352940479526296,0.003971974365413189
kodim11,Kodak,kodim11,test,0.01,0.01031494140625,0.0,2026,1a98e940cbf8e580e802b2cef6bab3d4f56affad1c39911c5b59fa06c4fbd5fa,hqs,22.380736133883143,0.5290346715573575,0.3457345670321956,0.005815292242914438
kodim11,Kodak,kodim11,test,0.01,0.01031494140625,0.0,2026,1a98e940cbf8e580e802b2cef6bab3d4f56affad1c39911c5b59fa06c4fbd5fa,admm,22.37067494177683,0.5224723311680347,0.3465589931001887,0.007013749796897173
kodim11,Kodak,kodim11,test,0.04,0.041259765625,0.0,2026,076d861e6191614d4ec8678c677f1be1453d63bdad4f42ba7284d1468d52ae55,adjoint,22.993175447483566,0.4904130664149569,0.00019881303887814283,0.0026681667659431696
kodim11,Kodak,kodim11,test,0.04,0.041259765625,0.0,2026,076d861e6191614d4ec8678c677f1be1453d63bdad4f42ba7284d1468d52ae55,fista_dct,23.126351009629246,0.4970049713593973,0.35712051298469305,0.002963318256661296
kodim11,Kodak,kodim11,test,0.04,0.041259765625,0.0,2026,076d861e6191614d4ec8678c677f1be1453d63bdad4f42ba7284d1468d52ae55,hqs,25.569755581068563,0.701333681492269,0.3302516679977998,0.005070802755653858
kodim11,Kodak,kodim11,test,0.04,0.041259765625,0.0,2026,076d861e6191614d4ec8678c677f1be1453d63bdad4f42ba7284d1468d52ae55,admm,25.56256874905415,0.6980541883057021,0.3289821579819545,0.006906849332153797
kodim11,Kodak,kodim11,test,0.1,0.1001129150390625,0.0,2026,9052a7929b3d8efcdd62f4b6c8de73bcf1ebfec53cd47cef47de8160eb31cae4,adjoint,24.431457419869336,0.5826959058113885,0.00028212496545165777,0.0030766180716454983
kodim11,Kodak,kodim11,test,0.1,0.1001129150390625,0.0,2026,9052a7929b3d8efcdd62f4b6c8de73bcf1ebfec53cd47cef47de8160eb31cae4,fista_dct,24.56091377497797,0.5864767884290296,0.3778374600224197,0.0018078514840453863
kodim11,Kodak,kodim11,test,0.1,0.1001129150390625,0.0,2026,9052a7929b3d8efcdd62f4b6c8de73bcf1ebfec53cd47cef47de8160eb31cae4,hqs,27.957972952469973,0.8089438144295216,0.330806526937522,0.004110362380743027
kodim11,Kodak,kodim11,test,0.1,0.1001129150390625,0.0,2026,9052a7929b3d8efcdd62f4b6c8de73bcf1ebfec53cd47cef47de8160eb31cae4,admm,28.00394846506145,0.8072275637173653,0.32817517104558647,0.005641828291118145
kodim11,Kodak,kodim11,test,0.25,0.25,0.0,2026,925f148f241de036e81eabe5ae8af098e0bb4a9a23d27aead9dc37628e282b9d,adjoint,26.656364262235567,0.7107515611548424,0.00032149197068065405,0.0037536844611167908
kodim11,Kodak,kodim11,test,0.25,0.25,0.0,2026,925f148f241de036e81eabe5ae8af098e0bb4a9a23d27aead9dc37628e282b9d,fista_dct,26.782053669830077,0.7127235671547651,0.41061467700637877,0.0016307184705510736
kodim11,Kodak,kodim11,test,0.25,0.25,0.0,2026,925f148f241de036e81eabe5ae8af098e0bb4a9a23d27aead9dc37628e282b9d,hqs,31.641797671901124,0.9038385140357017,0.3287478639977053,0.003453906625509262
kodim11,Kodak,kodim11,test,0.25,0.25,0.0,2026,925f148f241de036e81eabe5ae8af098e0bb4a9a23d27aead9dc37628e282b9d,admm,31.6821986270535,0.9026627340950966,0.3274437780492008,0.004073773510754108
kodim11,Kodak,kodim11,test,0.5,0.4998931884765625,0.0,2026,835f075640b1da3fbb5e64ca5ae837c8c215a89dfffd60aa5d8fd5bc98693481,adjoint,29.544278293716424,0.8191331871316433,0.00041507696732878685,0.004809913691133261
kodim11,Kodak,kodim11,test,0.5,0.4998931884765625,0.0,2026,835f075640b1da3fbb5e64ca5ae837c8c215a89dfffd60aa5d8fd5bc98693481,fista_dct,29.290239476637062,0.8052377791397571,0.46706781699322164,0.0022533510345965624
kodim11,Kodak,kodim11,test,0.5,0.4998931884765625,0.0,2026,835f075640b1da3fbb5e64ca5ae837c8c215a89dfffd60aa5d8fd5bc98693481,hqs,36.6736797983354,0.9646159192314148,0.32648987497668713,0.0027798551600426435
kodim11,Kodak,kodim11,test,0.5,0.4998931884765625,0.0,2026,835f075640b1da3fbb5e64ca5ae837c8c215a89dfffd60aa5d8fd5bc98693481,admm,36.66157854346129,0.9637630206375122,0.3299847199814394,0.003393541555851698
kodim11,Kodak,kodim11,test,0.1,0.1001129150390625,0.01,2026,bb82560c9f9b8f6197ce9ad27228e39d98e20f37c94ade04bdd3dc9849db3080,adjoint,24.41239393329606,0.5806023071436341,0.00024937803391367197,0.0030669192783534527
kodim11,Kodak,kodim11,test,0.1,0.1001129150390625,0.01,2026,bb82560c9f9b8f6197ce9ad27228e39d98e20f37c94ade04bdd3dc9849db3080,fista_dct,24.560051242331014,0.5860827379672704,0.37998269603122026,0.0018078273860737681
kodim11,Kodak,kodim11,test,0.1,0.1001129150390625,0.01,2026,bb82560c9f9b8f6197ce9ad27228e39d98e20f37c94ade04bdd3dc9849db3080,hqs,27.815735724786876,0.8025469991643429,0.3275603890651837,0.004067923408001661
kodim11,Kodak,kodim11,test,0.1,0.1001129150390625,0.01,2026,bb82560c9f9b8f6197ce9ad27228e39d98e20f37c94ade04bdd3dc9849db3080,admm,27.88652676717056,0.8023879682767391,0.3328698578989133,0.005794060882180929
kodim11,Kodak,kodim11,test,0.1,0.1001129150390625,0.01,2027,54b21695bcfe8f2844a14b967fb595cade04beeb70eadc1abbc7c8d6cddd6e14,adjoint,24.411977541883417,0.5810552466309127,0.00023954198695719242,0.0030691938009113073
kodim11,Kodak,kodim11,test,0.1,0.1001129150390625,0.01,2027,54b21695bcfe8f2844a14b967fb595cade04beeb70eadc1abbc7c8d6cddd6e14,fista_dct,24.538700584212215,0.5850652148126374,0.37909203802701086,0.001981740817427635
kodim11,Kodak,kodim11,test,0.1,0.1001129150390625,0.01,2027,54b21695bcfe8f2844a14b967fb595cade04beeb70eadc1abbc7c8d6cddd6e14,hqs,27.79122105608937,0.8021426368094683,0.3289360610069707,0.004076056182384491
kodim11,Kodak,kodim11,test,0.1,0.1001129150390625,0.01,2027,54b21695bcfe8f2844a14b967fb595cade04beeb70eadc1abbc7c8d6cddd6e14,admm,27.854929020850182,0.8017307223744392,0.32443177606910467,0.005753981880843639
kodim11,Kodak,kodim11,test,0.1,0.1001129150390625,0.01,2028,a350583ec3eefc1ee3354b3585eaabf2074015ccf1e0da35a6b57a61b42feef1,adjoint,24.41199710284888,0.580475894223101,0.0002654340351000428,0.0030869212932884693
kodim11,Kodak,kodim11,test,0.1,0.1001129150390625,0.01,2028,a350583ec3eefc1ee3354b3585eaabf2074015ccf1e0da35a6b57a61b42feef1,fista_dct,24.56072114435986,0.5856361687310226,0.372945450944826,0.0018872905056923628
kodim11,Kodak,kodim11,test,0.1,0.1001129150390625,0.01,2028,a350583ec3eefc1ee3354b3585eaabf2074015ccf1e0da35a6b57a61b42feef1,hqs,27.82225251152257,0.8034166591100693,0.3239357559941709,0.004011557903140783
kodim11,Kodak,kodim11,test,0.1,0.1001129150390625,0.01,2028,a350583ec3eefc1ee3354b3585eaabf2074015ccf1e0da35a6b57a61b42feef1,admm,27.88687901251997,0.802977973978281,0.32685506204143167,0.005812481511384249
kodim11,Kodak,kodim11,test,0.1,0.1001129150390625,0.05,2026,bc5b5f5b9a6fba5b325b62b0c07afe5797f7fe8930caa08d4b5138cfd6413d8f,adjoint,23.987280682433173,0.5404130736711393,0.00028426293283700943,0.0032128547318279743
kodim11,Kodak,kodim11,test,0.1,0.1001129150390625,0.05,2026,bc5b5f5b9a6fba5b325b62b0c07afe5797f7fe8930caa08d4b5138cfd6413d8f,fista_dct,23.91588861525924,0.5320497173430694,0.37361376103945076,0.002958540106192231
kodim11,Kodak,kodim11,test,0.1,0.1001129150390625,0.05,2026,bc5b5f5b9a6fba5b325b62b0c07afe5797f7fe8930caa08d4b5138cfd6413d8f,hqs,26.226888722214838,0.7062268417725563,0.32845724804792553,0.0033627040684223175
kodim11,Kodak,kodim11,test,0.1,0.1001129150390625,0.05,2026,bc5b5f5b9a6fba5b325b62b0c07afe5797f7fe8930caa08d4b5138cfd6413d8f,admm,26.338107466686985,0.7163833903976679,0.338117529056035,0.004971728660166264
kodim11,Kodak,kodim11,test,0.1,0.1001129150390625,0.05,2027,45f87a8565f3635591da75d9b4174a40a97d27a3ff1aebb68b8447fb5e573ad3,adjoint,23.979126336252577,0.5417490233772699,0.00025594804901629686,0.003186616813763976
kodim11,Kodak,kodim11,test,0.1,0.1001129150390625,0.05,2027,45f87a8565f3635591da75d9b4174a40a97d27a3ff1aebb68b8447fb5e573ad3,fista_dct,23.846439174831218,0.5258059036935547,0.37840102007612586,0.002836668398231268
kodim11,Kodak,kodim11,test,0.1,0.1001129150390625,0.05,2027,45f87a8565f3635591da75d9b4174a40a97d27a3ff1aebb68b8447fb5e573ad3,hqs,26.060401675297967,0.7011824021059274,0.32702603901270777,0.003477503079921007
kodim11,Kodak,kodim11,test,0.1,0.1001129150390625,0.05,2027,45f87a8565f3635591da75d9b4174a40a97d27a3ff1aebb68b8447fb5e573ad3,admm,26.178438416868133,0.7120345119619816,0.32097325299400836,0.0049962494522333145
kodim11,Kodak,kodim11,test,0.1,0.1001129150390625,0.05,2028,72cf09e0ad30256e1553cc5f32fd597c0cf501e0b8f762e10d39e607cb47a2ae,adjoint,23.97117824730583,0.538828010034797,0.00024182896595448256,0.003317668568342924
kodim11,Kodak,kodim11,test,0.1,0.1001129150390625,0.05,2028,72cf09e0ad30256e1553cc5f32fd597c0cf501e0b8f762e10d39e607cb47a2ae,fista_dct,23.874674878812403,0.5260652359872525,0.373726348974742,0.002934092655777931
kodim11,Kodak,kodim11,test,0.1,0.1001129150390625,0.05,2028,72cf09e0ad30256e1553cc5f32fd597c0cf501e0b8f762e10d39e607cb47a2ae,hqs,26.131187125310134,0.7031521059407815,0.32354991789907217,0.003492097370326519
kodim11,Kodak,kodim11,test,0.1,0.1001129150390625,0.05,2028,72cf09e0ad30256e1553cc5f32fd597c0cf501e0b8f762e10d39e607cb47a2ae,admm,26.274833948235965,0.7156479273581207,0.3260367570910603,0.00542560825124383
kodim12,Kodak,kodim12,test,0.01,0.01031494140625,0.0,2026,a1d408975dafe45f4fbae4e2afe25c94bfa1961ef284ef5cd9f64bff0ba2f822,adjoint,21.474026068785168,0.39262804456414013,0.00017528096213936806,0.001886804704554379
kodim12,Kodak,kodim12,test,0.01,0.01031494140625,0.0,2026,a1d408975dafe45f4fbae4e2afe25c94bfa1961ef284ef5cd9f64bff0ba2f822,fista_dct,22.5319773885766,0.5698846217071732,0.317013283027336,0.0012373934732750058
kodim12,Kodak,kodim12,test,0.01,0.01031494140625,0.0,2026,a1d408975dafe45f4fbae4e2afe25c94bfa1961ef284ef5cd9f64bff0ba2f822,hqs,25.968069570204214,0.7208537672190198,0.32704351691063493,0.0030886472668498755
kodim12,Kodak,kodim12,test,0.01,0.01031494140625,0.0,2026,a1d408975dafe45f4fbae4e2afe25c94bfa1961ef284ef5cd9f64bff0ba2f822,admm,26.584140216033994,0.7245937462115856,0.3237470861058682,0.003834155621007085
kodim12,Kodak,kodim12,test,0.04,0.041259765625,0.0,2026,33d1e8e33e65d0834032318032773c4462f86f7d05938a3b603c3ef0d9f428bc,adjoint,23.457420186627242,0.4656408234460132,0.00020785105880349874,0.002482740441337228
kodim12,Kodak,kodim12,test,0.04,0.041259765625,0.0,2026,33d1e8e33e65d0834032318032773c4462f86f7d05938a3b603c3ef0d9f428bc,fista_dct,24.746332474229863,0.5854188765365677,0.3409259020118043,0.0013283281587064266
kodim12,Kodak,kodim12,test,0.04,0.041259765625,0.0,2026,33d1e8e33e65d0834032318032773c4462f86f7d05938a3b603c3ef0d9f428bc,hqs,29.692744975681286,0.80870485465011,0.3236805029446259,0.0018472468946129084
kodim12,Kodak,kodim12,test,0.04,0.041259765625,0.0,2026,33d1e8e33e65d0834032318032773c4462f86f7d05938a3b603c3ef0d9f428bc,admm,30.277171240194868,0.8119547968420983,0.3254242721013725,0.002654744777828455
kodim12,Kodak,kodim12,test,0.1,0.1001129150390625,0.0,2026,a9d49bb11cf4ceef3e81a5cd88c4c6654e5f81727c8dfd6b89f08f02dfb87c2f,adjoint,25.30048481544324,0.5201611658958093,0.0002498440444469452,0.0035567348822951317
kodim12,Kodak,kodim12,test,0.1,0.1001129150390625,0.0,2026,a9d49bb11cf4ceef3e81a5cd88c4c6654e5f81727c8dfd6b89f08f02dfb87c2f,fista_dct,26.32885033066224,0.5989877577992675,0.3750767350429669,0.0025265973526984453
kodim12,Kodak,kodim12,test,0.1,0.1001129150390625,0.0,2026,a9d49bb11cf4ceef3e81a5cd88c4c6654e5f81727c8dfd6b89f08f02dfb87c2f,hqs,33.457527015837684,0.8708156843156815,0.32526602095458657,0.001495410455390811
kodim12,Kodak,kodim12,test,0.1,0.1001129150390625,0.0,2026,a9d49bb11cf4ceef3e81a5cd88c4c6654e5f81727c8dfd6b89f08f02dfb87c2f,admm,33.64704223988352,0.8704463887367249,0.32767974794842303,0.0021583992056548595
kodim12,Kodak,kodim12,test,0.25,0.25,0.0,2026,c210c0aa4c64fe1ba8e16526235a0ece41e18fe0e29337b6280fdee10c7a26fb,adjoint,27.904942800365795,0.6440453010397525,0.0003051800886169076,0.004222576506435871
kodim12,Kodak,kodim12,test,0.25,0.25,0.0,2026,c210c0aa4c64fe1ba8e16526235a0ece41e18fe0e29337b6280fdee10c7a26fb,fista_dct,29.24264318057887,0.7117672165426314,0.4031529169296846,0.002126659033820033
kodim12,Kodak,kodim12,test,0.25,0.25,0.0,2026,c210c0aa4c64fe1ba8e16526235a0ece41e18fe0e29337b6280fdee10c7a26fb,hqs,37.10607624932067,0.9303480245437622,0.3340973750455305,0.0012297999346628785
kodim12,Kodak,kodim12,test,0.25,0.25,0.0,2026,c210c0aa4c64fe1ba8e16526235a0ece41e18fe0e29337b6280fdee10c7a26fb,admm,37.14409990016708,0.9295133245754242,0.3327928399667144,0.0015504903858527541
kodim12,Kodak,kodim12,test,0.5,0.4998931884765625,0.0,2026,916e94ad19f88c99423fd9efa07844110b2da42dda47d6c30ba729e30c2f0ec7,adjoint,30.850598650946,0.756861142111063,0.0004332819953560829,0.005093542858958244
kodim12,Kodak,kodim12,test,0.5,0.4998931884765625,0.0,2026,916e94ad19f88c99423fd9efa07844110b2da42dda47d6c30ba729e30c2f0ec7,fista_dct,32.822029893036515,0.8438113037157059,0.47688227298203856,0.00173211342189461
kodim12,Kodak,kodim12,test,0.5,0.4998931884765625,0.0,2026,916e94ad19f88c99423fd9efa07844110b2da42dda47d6c30ba729e30c2f0ec7,hqs,41.675120134709864,0.9719709545612335,0.3316899510100484,0.0009104296914301813
kodim12,Kodak,kodim12,test,0.5,0.4998931884765625,0.0,2026,916e94ad19f88c99423fd9efa07844110b2da42dda47d6c30ba729e30c2f0ec7,admm,41.68061561795358,0.9718017782001496,0.3318963849451393,0.0011709897080436349
kodim12,Kodak,kodim12,test,0.1,0.1001129150390625,0.01,2026,54dc6e54f48b45ae64bc57f17902895911718abb7369b962c0caeef41dc3ca2a,adjoint,25.233733897024116,0.5138347981293844,0.000278624938800931,0.003567666048184037
kodim12,Kodak,kodim12,test,0.1,0.1001129150390625,0.01,2026,54dc6e54f48b45ae64bc57f17902895911718abb7369b962c0caeef41dc3ca2a,fista_dct,26.220547456085473,0.5872638699825732,0.38160881598014385,0.0027404744178056717
kodim12,Kodak,kodim12,test,0.1,0.1001129150390625,0.01,2026,54dc6e54f48b45ae64bc57f17902895911718abb7369b962c0caeef41dc3ca2a,hqs,32.600349779054,0.845322949382782,0.3303929469548166,0.0011566814500838518
kodim12,Kodak,kodim12,test,0.1,0.1001129150390625,0.01,2026,54dc6e54f48b45ae64bc57f17902895911718abb7369b962c0caeef41dc3ca2a,admm,32.8711576091594,0.8505044324913025,0.33131590101402253,0.0022866595536470413
kodim12,Kodak,kodim12,test,0.1,0.1001129150390625,0.01,2027,f742c0f2315a80da9de10dabb79b276e42ec9d4ee4f17a158934c2f8c17c85ef,adjoint,25.232264774360054,0.5136479898437839,0.00028509204275906086,0.0035575409419834614
kodim12,Kodak,kodim12,test,0.1,0.1001129150390625,0.01,2027,f742c0f2315a80da9de10dabb79b276e42ec9d4ee4f17a158934c2f8c17c85ef,fista_dct,26.20268169042024,0.5852078705345215,0.3803558809449896,0.002745423698797822
kodim12,Kodak,kodim12,test,0.1,0.1001129150390625,0.01,2027,f742c0f2315a80da9de10dabb79b276e42ec9d4ee4f17a158934c2f8c17c85ef,hqs,32.43206269791785,0.8431718478055,0.32915504090487957,0.0010957710910588503
kodim12,Kodak,kodim12,test,0.1,0.1001129150390625,0.01,2027,f742c0f2315a80da9de10dabb79b276e42ec9d4ee4f17a158934c2f8c17c85ef,admm,32.714209893971024,0.8492713271093368,0.3306403929600492,0.0023015225306153297
kodim12,Kodak,kodim12,test,0.1,0.1001129150390625,0.01,2028,29981782d12c364dab8a0016495272e8110701066788d1fc9fb0e7269014ff72,adjoint,25.232184998643667,0.5137764480312392,0.0002674950519576669,0.0036174471024423838
kodim12,Kodak,kodim12,test,0.1,0.1001129150390625,0.01,2028,29981782d12c364dab8a0016495272e8110701066788d1fc9fb0e7269014ff72,fista_dct,26.20296738915181,0.5864920251771174,0.38513505598530173,0.002847355557605624
kodim12,Kodak,kodim12,test,0.1,0.1001129150390625,0.01,2028,29981782d12c364dab8a0016495272e8110701066788d1fc9fb0e7269014ff72,hqs,32.59051916291345,0.84457703033638,0.3345158500596881,0.0011951189953833818
kodim12,Kodak,kodim12,test,0.1,0.1001129150390625,0.01,2028,29981782d12c364dab8a0016495272e8110701066788d1fc9fb0e7269014ff72,admm,32.82803686806292,0.8497035738501548,0.3336470490321517,0.002436214592307806
kodim12,Kodak,kodim12,test,0.1,0.1001129150390625,0.05,2026,53c6447787cead6663a7c670203667bf5fe16bbee7542a64a6e50e372d25ba64,adjoint,23.899515309426953,0.4110855023056133,0.0002849850570783019,0.004643733613193035
kodim12,Kodak,kodim12,test,0.1,0.1001129150390625,0.05,2026,53c6447787cead6663a7c670203667bf5fe16bbee7542a64a6e50e372d25ba64,fista_dct,23.86053154713476,0.404991156532188,0.39292920497246087,0.0060288626700639725
kodim12,Kodak,kodim12,test,0.1,0.1001129150390625,0.05,2026,53c6447787cead6663a7c670203667bf5fe16bbee7542a64a6e50e372d25ba64,hqs,26.858192884949396,0.5562894013560414,0.33589081291574985,0.0018560230964794755
kodim12,Kodak,kodim12,test,0.1,0.1001129150390625,0.05,2026,53c6447787cead6663a7c670203667bf5fe16bbee7542a64a6e50e372d25ba64,admm,27.060150293670013,0.5703662721616467,0.33228492306079715,0.0024205842055380344
kodim12,Kodak,kodim12,test,0.1,0.1001129150390625,0.05,2027,5c729557341604f2a532e1a65a0fb8171ec185851557c242d001f4dba4515054,adjoint,23.87220065943452,0.4104543009407393,0.00024909398052841425,0.004752815701067448
kodim12,Kodak,kodim12,test,0.1,0.1001129150390625,0.05,2027,5c729557341604f2a532e1a65a0fb8171ec185851557c242d001f4dba4515054,fista_dct,23.786758241539204,0.4014075427413197,0.4085976220667362,0.006553580053150654
kodim12,Kodak,kodim12,test,0.1,0.1001129150390625,0.05,2027,5c729557341604f2a532e1a65a0fb8171ec185851557c242d001f4dba4515054,hqs,26.704754372450694,0.553320286332801,0.33596373605541885,0.002195177134126425
kodim12,Kodak,kodim12,test,0.1,0.1001129150390625,0.05,2027,5c729557341604f2a532e1a65a0fb8171ec185851557c242d001f4dba4515054,admm,26.895886394463894,0.5687875679261368,0.33367359708063304,0.0023944671265780926
kodim12,Kodak,kodim12,test,0.1,0.1001129150390625,0.05,2028,a53547e58a60c6f29d9ed66f49b505670e47f240c9b8cdf6a363a9b457eca509,adjoint,23.85373073355077,0.4089963942561457,0.0002980020362883806,0.004959105048328638
kodim12,Kodak,kodim12,test,0.1,0.1001129150390625,0.05,2028,a53547e58a60c6f29d9ed66f49b505670e47f240c9b8cdf6a363a9b457eca509,fista_dct,23.726077153009054,0.4014058740577734,0.3994512939825654,0.006412481423467398
kodim12,Kodak,kodim12,test,0.1,0.1001129150390625,0.05,2028,a53547e58a60c6f29d9ed66f49b505670e47f240c9b8cdf6a363a9b457eca509,hqs,26.741670644981962,0.5535392518910381,0.3381257760338485,0.002028468530625105
kodim12,Kodak,kodim12,test,0.1,0.1001129150390625,0.05,2028,a53547e58a60c6f29d9ed66f49b505670e47f240c9b8cdf6a363a9b457eca509,admm,26.916389416372553,0.5671966322809272,0.334361586952582,0.002339158672839403
kodim13,Kodak,kodim13,test,0.01,0.01031494140625,0.0,2026,c5b2da835c2718ab6cc30edb5cc2af76f2285bd67a0eeb4552035d61826808ea,adjoint,18.713814032124876,0.23474257518036903,0.00016128201968967915,0.002021512947976589
kodim13,Kodak,kodim13,test,0.01,0.01031494140625,0.0,2026,c5b2da835c2718ab6cc30edb5cc2af76f2285bd67a0eeb4552035d61826808ea,fista_dct,18.993506886808042,0.26860242426131276,0.33474136993754655,0.0029038332868367434
kodim13,Kodak,kodim13,test,0.01,0.01031494140625,0.0,2026,c5b2da835c2718ab6cc30edb5cc2af76f2285bd67a0eeb4552035d61826808ea,hqs,19.47593577925422,0.2976988920793247,0.3763691899366677,0.0033211957197636366
kodim13,Kodak,kodim13,test,0.01,0.01031494140625,0.0,2026,c5b2da835c2718ab6cc30edb5cc2af76f2285bd67a0eeb4552035d61826808ea,admm,19.486494078148876,0.297253433100778,0.34144321002531797,0.0034882568288594484
kodim13,Kodak,kodim13,test,0.04,0.041259765625,0.0,2026,a3e1051cbc4fd05099522ea78b31fd6fe5d98c77e1bda57e44444d1758c934a8,adjoint,19.971150383556715,0.36014685328257373,0.0001803229097276926,0.003653064602985978
kodim13,Kodak,kodim13,test,0.04,0.041259765625,0.0,2026,a3e1051cbc4fd05099522ea78b31fd6fe5d98c77e1bda57e44444d1758c934a8,fista_dct,20.29946167243559,0.40017090135858835,0.3273061470827088,0.005903992801904678
kodim13,Kodak,kodim13,test,0.04,0.041259765625,0.0,2026,a3e1051cbc4fd05099522ea78b31fd6fe5d98c77e1bda57e44444d1758c934a8,hqs,21.201461787781554,0.47638080674549,0.3266666759736836,0.0034377870615571737
kodim13,Kodak,kodim13,test,0.04,0.041259765625,0.0,2026,a3e1051cbc4fd05099522ea78b31fd6fe5d98c77e1bda57e44444d1758c934a8,admm,21.27450749887609,0.4771902498263705,0.32738039398100227,0.003469195682555437
kodim13,Kodak,kodim13,test,0.1,0.1001129150390625,0.0,2026,37997413393982215ffaf29dfb5ded1283a483b7720fe9a1a3d833abb8dc8307,adjoint,21.16492862453771,0.48915107513354755,0.00021382805425673723,0.004563701804727316
kodim13,Kodak,kodim13,test,0.1,0.1001129150390625,0.0,2026,37997413393982215ffaf29dfb5ded1283a483b7720fe9a1a3d833abb8dc8307,fista_dct,21.274292791867232,0.5097504063693838,0.3488584500737488,0.00570754986256361
kodim13,Kodak,kodim13,test,0.1,0.1001129150390625,0.0,2026,37997413393982215ffaf29dfb5ded1283a483b7720fe9a1a3d833abb8dc8307,hqs,22.942657431025765,0.6328069630834385,0.33201622904744,0.0025988384149968624
kodim13,Kodak,kodim13,test,0.1,0.1001129150390625,0.0,2026,37997413393982215ffaf29dfb5ded1283a483b7720fe9a1a3d833abb8dc8307,admm,23.016036192210603,0.6343023156424313,0.3371218809625134,0.003083913354203105
kodim13,Kodak,kodim13,test,0.25,0.25,0.0,2026,52d15013e9e864904fb2a18432db62be55b030d9d88ae4405f75525b8adbce2e,adjoint,23.08434807075303,0.6520055255718902,0.0002397990319877863,0.005659612361341715
kodim13,Kodak,kodim13,test,0.25,0.25,0.0,2026,52d15013e9e864904fb2a18432db62be55b030d9d88ae4405f75525b8adbce2e,fista_dct,23.18818795026417,0.6666656675479115,0.39207346900366247,0.005972076673060656
kodim13,Kodak,kodim13,test,0.25,0.25,0.0,2026,52d15013e9e864904fb2a18432db62be55b030d9d88ae4405f75525b8adbce2e,hqs,25.567161702567848,0.7937478474276066,0.33457208098843694,0.002793476916849613
kodim13,Kodak,kodim13,test,0.25,0.25,0.0,2026,52d15013e9e864904fb2a18432db62be55b030d9d88ae4405f75525b8adbce2e,admm,25.626299548737173,0.7935769518229961,0.3308670959668234,0.003012942150235176
kodim13,Kodak,kodim13,test,0.5,0.4998931884765625,0.0,2026,65529cb3410d4a36e2fc7da61f1c5312eeeec6ef80dd31949f97f8220e750eac,adjoint,25.697104923173818,0.7922173075767756,0.000457945978268981,0.006487952079623938
kodim13,Kodak,kodim13,test,0.5,0.4998931884765625,0.0,2026,65529cb3410d4a36e2fc7da61f1c5312eeeec6ef80dd31949f97f8220e750eac,fista_dct,25.62915211870411,0.797393912466526,0.4869030490517616,0.0059968531131744385
kodim13,Kodak,kodim13,test,0.5,0.4998931884765625,0.0,2026,65529cb3410d4a36e2fc7da61f1c5312eeeec6ef80dd31949f97f8220e750eac,hqs,29.422832822252694,0.9082764195280075,0.35188787698280066,0.0031432805117219687
kodim13,Kodak,kodim13,test,0.5,0.4998931884765625,0.0,2026,65529cb3410d4a36e2fc7da61f1c5312eeeec6ef80dd31949f97f8220e750eac,admm,29.446935652415238,0.9084715184326172,0.34470513509586453,0.003763737855479121
kodim13,Kodak,kodim13,test,0.1,0.1001129150390625,0.01,2026,15a514fbe0a996d4de7bc9ff19987e312332aee68684671d920f68c649267695,adjoint,21.151338117706345,0.48795286515669867,0.00026431295555084944,0.0045438832603394985
kodim13,Kodak,kodim13,test,0.1,0.1001129150390625,0.01,2026,15a514fbe0a996d4de7bc9ff19987e312332aee68684671d920f68c649267695,fista_dct,21.256955750268453,0.507911015427572,0.3927547300700098,0.005954382475465536
kodim13,Kodak,kodim13,test,0.1,0.1001129150390625,0.01,2026,15a514fbe0a996d4de7bc9ff19987e312332aee68684671d920f68c649267695,hqs,22.89544059015901,0.629513413516149,0.345945178065449,0.0025484587531536818
kodim13,Kodak,kodim13,test,0.1,0.1001129150390625,0.01,2026,15a514fbe0a996d4de7bc9ff19987e312332aee68684671d920f68c649267695,admm,22.97191905704381,0.6314730300750752,0.33844726195093244,0.003048758488148451
kodim13,Kodak,kodim13,test,0.1,0.1001129150390625,0.01,2027,e144574739cdbcbb9ffbfac69e4eeb6d22ce9b9a25303b2e3aac82a99d821063,adjoint,21.151317530603585,0.4884980934149233,0.00029979797545820475,0.004602385219186544
kodim13,Kodak,kodim13,test,0.1,0.1001129150390625,0.01,2027,e144574739cdbcbb9ffbfac69e4eeb6d22ce9b9a25303b2e3aac82a99d821063,fista_dct,21.228440703269186,0.5071614881855881,0.3868704600026831,0.005691663362085819
kodim13,Kodak,kodim13,test,0.1,0.1001129150390625,0.01,2027,e144574739cdbcbb9ffbfac69e4eeb6d22ce9b9a25303b2e3aac82a99d821063,hqs,22.915364336128505,0.6309638077358268,0.3346155439503491,0.0026200569700449705
kodim13,Kodak,kodim13,test,0.1,0.1001129150390625,0.01,2027,e144574739cdbcbb9ffbfac69e4eeb6d22ce9b9a25303b2e3aac82a99d821063,admm,22.992388061933056,0.6327426625813898,0.3414050410501659,0.0031059642788022757
kodim13,Kodak,kodim13,test,0.1,0.1001129150390625,0.01,2028,83d6bc670bd58e76f399eae2765ab3fdb205127dcb9a2e059c1989cd947ec772,adjoint,21.15125150504346,0.4880248032941896,0.00029434601310640574,0.00462682731449604
kodim13,Kodak,kodim13,test,0.1,0.1001129150390625,0.01,2028,83d6bc670bd58e76f399eae2765ab3fdb205127dcb9a2e059c1989cd947ec772,fista_dct,21.251308579634802,0.5091044420315614,0.4022531870286912,0.005985917057842016
kodim13,Kodak,kodim13,test,0.1,0.1001129150390625,0.01,2028,83d6bc670bd58e76f399eae2765ab3fdb205127dcb9a2e059c1989cd947ec772,hqs,22.9129357138064,0.6306447459117044,0.34109307697508484,0.00255973101593554
kodim13,Kodak,kodim13,test,0.1,0.1001129150390625,0.01,2028,83d6bc670bd58e76f399eae2765ab3fdb205127dcb9a2e059c1989cd947ec772,admm,22.981610726943327,0.6321969227288068,0.3388332830509171,0.0031077044550329447
kodim13,Kodak,kodim13,test,0.1,0.1001129150390625,0.05,2026,9cd8413229aec85c5e145b2a9b088ea1ed60ef02fe501eacb35680068d61cb95,adjoint,20.840270046863843,0.4647450802286088,0.00030247692484408617,0.004963277839124203
kodim13,Kodak,kodim13,test,0.1,0.1001129150390625,0.05,2026,9cd8413229aec85c5e145b2a9b088ea1ed60ef02fe501eacb35680068d61cb95,fista_dct,20.721586519764386,0.46571204612607053,0.38902110198978335,0.007061671931296587
kodim13,Kodak,kodim13,test,0.1,0.1001129150390625,0.05,2026,9cd8413229aec85c5e145b2a9b088ea1ed60ef02fe501eacb35680068d61cb95,hqs,22.174764526882175,0.5781717751523815,0.3454030470456928,0.002728615887463093
kodim13,Kodak,kodim13,test,0.1,0.1001129150390625,0.05,2026,9cd8413229aec85c5e145b2a9b088ea1ed60ef02fe501eacb35680068d61cb95,admm,22.24662331472085,0.5830031134309396,0.3364707169821486,0.002957291901111603
kodim13,Kodak,kodim13,test,0.1,0.1001129150390625,0.05,2027,b89101984c6993fee21cc616a44d08c7958bcf56b7a45940b835a9b4a23de593,adjoint,20.83643384489227,0.4673965653326319,0.00029630400240421295,0.005367364268749952
kodim13,Kodak,kodim13,test,0.1,0.1001129150390625,0.05,2027,b89101984c6993fee21cc616a44d08c7958bcf56b7a45940b835a9b4a23de593,fista_dct,20.7569097771077,0.4757439997371196,0.38539195200428367,0.007608180399984121
kodim13,Kodak,kodim13,test,0.1,0.1001129150390625,0.05,2027,b89101984c6993fee21cc616a44d08c7958bcf56b7a45940b835a9b4a23de593,hqs,22.19463449977031,0.5821060983532185,0.34005889506079257,0.002711332170292735
kodim13,Kodak,kodim13,test,0.1,0.1001129150390625,0.05,2027,b89101984c6993fee21cc616a44d08c7958bcf56b7a45940b835a9b4a23de593,admm,22.275462820105936,0.5862309301561658,0.34253447491209954,0.0030352913308888674
kodim13,Kodak,kodim13,test,0.1,0.1001129150390625,0.05,2028,a05750da393c8d136f629de9bedf888c7c74d50e7295ad2202e831df052f7632,adjoint,20.835425864716015,0.464959920325826,0.0002691319677978754,0.005451692268252373
kodim13,Kodak,kodim13,test,0.1,0.1001129150390625,0.05,2028,a05750da393c8d136f629de9bedf888c7c74d50e7295ad2202e831df052f7632,fista_dct,20.744817059110908,0.4716895253669116,0.40076693007722497,0.008418621495366096
kodim13,Kodak,kodim13,test,0.1,0.1001129150390625,0.05,2028,a05750da393c8d136f629de9bedf888c7c74d50e7295ad2202e831df052f7632,hqs,22.197917850273875,0.5796052322513028,0.33151654701214284,0.00258718803524971
kodim13,Kodak,kodim13,test,0.1,0.1001129150390625,0.05,2028,a05750da393c8d136f629de9bedf888c7c74d50e7295ad2202e831df052f7632,admm,22.258754118942512,0.5838132721545882,0.3433641300071031,0.003189031733199954
kodim14,Kodak,kodim14,test,0.01,0.01031494140625,0.0,2026,444ada1e7dc489af67c59b7d76784b527c0ffea54853d1050aed6326b04fdccd,adjoint,20.33631787194784,0.31604317843060475,0.00018911296501755714,0.001764185493811965
kodim14,Kodak,kodim14,test,0.01,0.01031494140625,0.0,2026,444ada1e7dc489af67c59b7d76784b527c0ffea54853d1050aed6326b04fdccd,fista_dct,20.788224310871616,0.3799426319471998,0.3308425210416317,0.00028082082280889153
kodim14,Kodak,kodim14,test,0.01,0.01031494140625,0.0,2026,444ada1e7dc489af67c59b7d76784b527c0ffea54853d1050aed6326b04fdccd,hqs,21.31971128412234,0.42440378676974183,0.3441396299749613,0.004195658955723047
kodim14,Kodak,kodim14,test,0.01,0.01031494140625,0.0,2026,444ada1e7dc489af67c59b7d76784b527c0ffea54853d1050aed6326b04fdccd,admm,21.360251034721962,0.4277738738597449,0.3329780149506405,0.0045892102643847466
kodim14,Kodak,kodim14,test,0.04,0.041259765625,0.0,2026,7c3129b629cf50b95ac3f7d6d026882b6bc2b3d41a86350b07256bd6319b8cc8,adjoint,22.115128837043578,0.47122330991315087,0.00021009007468819618,0.0023802057839930058
kodim14,Kodak,kodim14,test,0.04,0.041259765625,0.0,2026,7c3129b629cf50b95ac3f7d6d026882b6bc2b3d41a86350b07256bd6319b8cc8,fista_dct,22.464109475609213,0.5123897361984927,0.35041357402224094,0.000582345062866807
kodim14,Kodak,kodim14,test,0.04,0.041259765625,0.0,2026,7c3129b629cf50b95ac3f7d6d026882b6bc2b3d41a86350b07256bd6319b8cc8,hqs,23.787731414292228,0.621276351752406,0.3317904439754784,0.002936531091108918
kodim14,Kodak,kodim14,test,0.04,0.041259765625,0.0,2026,7c3129b629cf50b95ac3f7d6d026882b6bc2b3d41a86350b07256bd6319b8cc8,admm,23.789913253208095,0.6189936083542611,0.33205246599391103,0.005225802771747112
kodim14,Kodak,kodim14,test,0.1,0.1001129150390625,0.0,2026,b74ee720ade016301b5b127dc3d02f338c2c5b853afc0f7f502d837251d8188b,adjoint,23.600475062704223,0.5952776418189024,0.00025610695593059063,0.002886379137635231
kodim14,Kodak,kodim14,test,0.1,0.1001129150390625,0.0,2026,b74ee720ade016301b5b127dc3d02f338c2c5b853afc0f7f502d837251d8188b,fista_dct,23.90915042799388,0.62618370640871,0.3828918091021478,0.0009233849705196917
kodim14,Kodak,kodim14,test,0.1,0.1001129150390625,0.0,2026,b74ee720ade016301b5b127dc3d02f338c2c5b853afc0f7f502d837251d8188b,hqs,26.236889976890016,0.7660406762840748,0.332590015954338,0.002755369758233428
kodim14,Kodak,kodim14,test,0.1,0.1001129150390625,0.0,2026,b74ee720ade016301b5b127dc3d02f338c2c5b853afc0f7f502d837251d8188b,admm,26.257900755701613,0.7633133878200055,0.3306163109373301,0.004547641612589359
kodim14,Kodak,kodim14,test,0.25,0.25,0.0,2026,e525e2b1dc9139e819f5161228f3fcfd5989001533dcd08cb8f7ef28a7d7cf12,adjoint,25.879373927163975,0.7358685018683075,0.00033326796256005764,0.003656260669231415
kodim14,Kodak,kodim14,test,0.25,0.25,0.0,2026,e525e2b1dc9139e819f5161228f3fcfd5989001533dcd08cb8f7ef28a7d7cf12,fista_dct,26.252910982259348,0.7603060622822047,0.4187911140033975,0.0014158489648252726
kodim14,Kodak,kodim14,test,0.25,0.25,0.0,2026,e525e2b1dc9139e819f5161228f3fcfd5989001533dcd08cb8f7ef28a7d7cf12,hqs,29.85624063630974,0.8879087495555877,0.3310085409320891,0.002440314507111907
kodim14,Kodak,kodim14,test,0.25,0.25,0.0,2026,e525e2b1dc9139e819f5161228f3fcfd5989001533dcd08cb8f7ef28a7d7cf12,admm,29.886804566904676,0.8869976256017685,0.32899091904982924,0.0031134560704231262
kodim14,Kodak,kodim14,test,0.5,0.4998931884765625,0.0,2026,5552c2427c89a587fdcaa1b5a64ba57f4fc33f68aa31e6998d05feb99ed62d48,adjoint,28.8212913914869,0.8462744184877873,0.0004339310107752681,0.004727031569927931
kodim14,Kodak,kodim14,test,0.5,0.4998931884765625,0.0,2026,5552c2427c89a587fdcaa1b5a64ba57f4fc33f68aa31e6998d05feb99ed62d48,fista_dct,29.056527158518026,0.8576377727351189,0.4869708599289879,0.0018162231426686049
kodim14,Kodak,kodim14,test,0.5,0.4998931884765625,0.0,2026,5552c2427c89a587fdcaa1b5a64ba57f4fc33f68aa31e6998d05feb99ed62d48,hqs,34.295578832348156,0.9543855685300827,0.33285996899940073,0.002237739972770214
kodim14,Kodak,kodim14,test,0.5,0.4998931884765625,0.0,2026,5552c2427c89a587fdcaa1b5a64ba57f4fc33f68aa31e6998d05feb99ed62d48,admm,34.273590583042335,0.9537518429985047,0.3318909250665456,0.0030232432764023542
kodim14,Kodak,kodim14,test,0.1,0.1001129150390625,0.01,2026,afc3bad6def6c23189b601664c1648508821682e1f585f7b34b55aa6c05c180b,adjoint,23.58111204732205,0.5936384485238185,0.00022357306443154812,0.0028862401377409697
kodim14,Kodak,kodim14,test,0.1,0.1001129150390625,0.01,2026,afc3bad6def6c23189b601664c1648508821682e1f585f7b34b55aa6c05c180b,fista_dct,23.870689971287568,0.6233050831425162,0.3911257549189031,0.0009207684197463095
kodim14,Kodak,kodim14,test,0.1,0.1001129150390625,0.01,2026,afc3bad6def6c23189b601664c1648508821682e1f585f7b34b55aa6c05c180b,hqs,26.164221462168996,0.7625790668654442,0.3331130080623552,0.002716490300372243
kodim14,Kodak,kodim14,test,0.1,0.1001129150390625,0.01,2026,afc3bad6def6c23189b601664c1648508821682e1f585f7b34b55aa6c05c180b,admm,26.192740983827377,0.7603819676256179,0.33306104701478034,0.004605892580002546
kodim14,Kodak,kodim14,test,0.1,0.1001129150390625,0.01,2027,623840552918f1bf37071876f57e677dea1375368cb6e4e7ae8c2eb58c035c2c,adjoint,23.581092428082737,0.5939152142426766,0.0002676199655979872,0.0028863491024821997
kodim14,Kodak,kodim14,test,0.1,0.1001129150390625,0.01,2027,623840552918f1bf37071876f57e677dea1375368cb6e4e7ae8c2eb58c035c2c,fista_dct,23.868392138188497,0.6240850092577487,0.3955493669491261,0.0009070531232282519
kodim14,Kodak,kodim14,test,0.1,0.1001129150390625,0.01,2027,623840552918f1bf37071876f57e677dea1375368cb6e4e7ae8c2eb58c035c2c,hqs,26.158055895110802,0.7622322713627815,0.33588060492184013,0.002716739196330309
kodim14,Kodak,kodim14,test,0.1,0.1001129150390625,0.01,2027,623840552918f1bf37071876f57e677dea1375368cb6e4e7ae8c2eb58c035c2c,admm,26.188738855761528,0.7602169745106697,0.33830201509408653,0.004572680220007896
kodim14,Kodak,kodim14,test,0.1,0.1001129150390625,0.01,2028,3595133fd282234e7701f8f5c4a1cd7c11d326f338ac569b9d989625cf7bc516,adjoint,23.581132407910964,0.5937844171113829,0.00033601897303014994,0.0028866673819720745
kodim14,Kodak,kodim14,test,0.1,0.1001129150390625,0.01,2028,3595133fd282234e7701f8f5c4a1cd7c11d326f338ac569b9d989625cf7bc516,fista_dct,23.84372025736743,0.6209331237866965,0.38785599498078227,0.0009319553500972688
kodim14,Kodak,kodim14,test,0.1,0.1001129150390625,0.01,2028,3595133fd282234e7701f8f5c4a1cd7c11d326f338ac569b9d989625cf7bc516,hqs,26.17300422344006,0.7630878613698483,0.3340265159495175,0.0027218805626034737
kodim14,Kodak,kodim14,test,0.1,0.1001129150390625,0.01,2028,3595133fd282234e7701f8f5c4a1cd7c11d326f338ac569b9d989625cf7bc516,admm,26.19673208481453,0.7607685905559063,0.3356576799415052,0.004625435918569565
kodim14,Kodak,kodim14,test,0.1,0.1001129150390625,0.05,2026,8d5adf2e797919e305d471b1a8d98f55f74f73bfe9bc8d0a892b9b2ba22b675e,adjoint,23.140418051201852,0.5617293895043997,0.0002719239564612508,0.0028882804326713085
kodim14,Kodak,kodim14,test,0.1,0.1001129150390625,0.05,2026,8d5adf2e797919e305d471b1a8d98f55f74f73bfe9bc8d0a892b9b2ba22b675e,fista_dct,23.175817544894702,0.5729031869372408,0.39904703898355365,0.0011623097816482186
kodim14,Kodak,kodim14,test,0.1,0.1001129150390625,0.05,2026,8d5adf2e797919e305d471b1a8d98f55f74f73bfe9bc8d0a892b9b2ba22b675e,hqs,24.917150431529773,0.6943806700570285,0.3386759050190449,0.002512958599254489
kodim14,Kodak,kodim14,test,0.1,0.1001129150390625,0.05,2026,8d5adf2e797919e305d471b1a8d98f55f74f73bfe9bc8d0a892b9b2ba22b675e,admm,24.975348675711928,0.6983962070497275,0.38282465003430843,0.005349402781575918
kodim14,Kodak,kodim14,test,0.1,0.1001129150390625,0.05,2027,37e19404791b0eee32d0a451cd9453cf4f627256c649172d9d3eacbc0866ed90,adjoint,23.139872683959467,0.5630899978316277,0.0003375220112502575,0.0028904718346893787
kodim14,Kodak,kodim14,test,0.1,0.1001129150390625,0.05,2027,37e19404791b0eee32d0a451cd9453cf4f627256c649172d9d3eacbc0866ed90,fista_dct,23.09179190831199,0.569264200362341,0.418777507962659,0.0011127025354653597
kodim14,Kodak,kodim14,test,0.1,0.1001129150390625,0.05,2027,37e19404791b0eee32d0a451cd9453cf4f627256c649172d9d3eacbc0866ed90,hqs,24.939648674210453,0.6968003104309427,0.34283244400285184,0.0023812223225831985
kodim14,Kodak,kodim14,test,0.1,0.1001129150390625,0.05,2027,37e19404791b0eee32d0a451cd9453cf4f627256c649172d9d3eacbc0866ed90,admm,25.001268225389005,0.7008514137725234,0.3504407580476254,0.005057384725660086
kodim14,Kodak,kodim14,test,0.1,0.1001129150390625,0.05,2028,543899958c4109e2bd88690f3ff7abdeaecf210822463bb9627b8adab9e878ec,adjoint,23.14013187081669,0.5624775671556641,0.00021178694441914558,0.0028951556887477636
kodim14,Kodak,kodim14,test,0.1,0.1001129150390625,0.05,2028,543899958c4109e2bd88690f3ff7abdeaecf210822463bb9627b8adab9e878ec,fista_dct,23.145428152742152,0.575153148797981,0.3501379070803523,0.0010367614449933171
kodim14,Kodak,kodim14,test,0.1,0.1001129150390625,0.05,2028,543899958c4109e2bd88690f3ff7abdeaecf210822463bb9627b8adab9e878ec,hqs,24.958921457767353,0.6996499142746926,0.33327517309226096,0.002590138465166092
kodim14,Kodak,kodim14,test,0.1,0.1001129150390625,0.05,2028,543899958c4109e2bd88690f3ff7abdeaecf210822463bb9627b8adab9e878ec,admm,25.022602186046598,0.7029319843468461,0.3332495680078864,0.005082980263978243
kodim15,Kodak,kodim15,test,0.01,0.01031494140625,0.0,2026,c07976f706b9f07d5a7570093594bd97e01956a993220bb58cd9dbddf7da2140,adjoint,21.775125403209664,0.3656426015545549,0.00014036602806299925,0.0046729533933103085
kodim15,Kodak,kodim15,test,0.01,0.01031494140625,0.0,2026,c07976f706b9f07d5a7570093594bd97e01956a993220bb58cd9dbddf7da2140,fista_dct,23.022139037385827,0.5180673746565154,0.3126508799614385,0.008589108474552631
kodim15,Kodak,kodim15,test,0.01,0.01031494140625,0.0,2026,c07976f706b9f07d5a7570093594bd97e01956a993220bb58cd9dbddf7da2140,hqs,26.376229895795507,0.7001265633375143,0.33690721297170967,0.00515290442854166
kodim15,Kodak,kodim15,test,0.01,0.01031494140625,0.0,2026,c07976f706b9f07d5a7570093594bd97e01956a993220bb58cd9dbddf7da2140,admm,26.401276772262836,0.7000789024710058,0.33304639300331473,0.006939478684216738
kodim15,Kodak,kodim15,test,0.04,0.041259765625,0.0,2026,7757a597af998912124fcb58e7110a06c76b40b12795b1ad7df7990e9e52d298,adjoint,24.040585355789418,0.45635842472982824,0.0002315109595656395,0.004787261597812176
kodim15,Kodak,kodim15,test,0.04,0.041259765625,0.0,2026,7757a597af998912124fcb58e7110a06c76b40b12795b1ad7df7990e9e52d298,fista_dct,25.823610243986117,0.5939053161331024,0.3537258169380948,0.005507838446646929
kodim15,Kodak,kodim15,test,0.04,0.041259765625,0.0,2026,7757a597af998912124fcb58e7110a06c76b40b12795b1ad7df7990e9e52d298,hqs,30.222191269292985,0.8120139149750472,0.33456737897358835,0.0031857637222856283
kodim15,Kodak,kodim15,test,0.04,0.041259765625,0.0,2026,7757a597af998912124fcb58e7110a06c76b40b12795b1ad7df7990e9e52d298,admm,30.20697144084285,0.8107496905733347,0.3449593730038032,0.004835009109228849
kodim15,Kodak,kodim15,test,0.1,0.1001129150390625,0.0,2026,566a61cb6bb3d779b629ba91f9e421fb5e7589973e37684fa9524ab4e1bc8a97,adjoint,25.76557664579724,0.5436002680349741,0.000274333986453712,0.004355179145932198
kodim15,Kodak,kodim15,test,0.1,0.1001129150390625,0.0,2026,566a61cb6bb3d779b629ba91f9e421fb5e7589973e37684fa9524ab4e1bc8a97,fista_dct,27.982237838552408,0.6846583725325018,0.41595938603859395,0.0038405410014092922
kodim15,Kodak,kodim15,test,0.1,0.1001129150390625,0.0,2026,566a61cb6bb3d779b629ba91f9e421fb5e7589973e37684fa9524ab4e1bc8a97,hqs,32.37333466584114,0.8715951700026989,0.35879070591181517,0.002460631774738431
kodim15,Kodak,kodim15,test,0.1,0.1001129150390625,0.0,2026,566a61cb6bb3d779b629ba91f9e421fb5e7589973e37684fa9524ab4e1bc8a97,admm,32.422163102044806,0.8712222057888508,0.33945311792194843,0.003515617921948433
kodim15,Kodak,kodim15,test,0.25,0.25,0.0,2026,5c7ed4e989a15486bff5bb52bf7e8a09d6bc2c13ce91488c4068f255a8404bd5,adjoint,28.120485067929213,0.6645417861711979,0.0002480200491845608,0.0046190363354980946
kodim15,Kodak,kodim15,test,0.25,0.25,0.0,2026,5c7ed4e989a15486bff5bb52bf7e8a09d6bc2c13ce91488c4068f255a8404bd5,fista_dct,30.4902840808259,0.7911789558286667,0.3963644040049985,0.0033372268080711365
kodim15,Kodak,kodim15,test,0.25,0.25,0.0,2026,5c7ed4e989a15486bff5bb52bf7e8a09d6bc2c13ce91488c4068f255a8404bd5,hqs,35.40055197280543,0.9264651487159729,0.33738305792212486,0.0018108367221429944
kodim15,Kodak,kodim15,test,0.25,0.25,0.0,2026,5c7ed4e989a15486bff5bb52bf7e8a09d6bc2c13ce91488c4068f255a8404bd5,admm,35.416574721509825,0.9264693755307197,0.34278237202670425,0.00266517186537385
kodim15,Kodak,kodim15,test,0.5,0.4998931884765625,0.0,2026,0bdd412ee411368a0415417eec7514379b977b92ec803ac0151114c886b24060,adjoint,30.867081970433446,0.7779399932386876,0.00035615707747638226,0.005466450937092304
kodim15,Kodak,kodim15,test,0.5,0.4998931884765625,0.0,2026,0bdd412ee411368a0415417eec7514379b977b92ec803ac0151114c886b24060,fista_dct,33.26990979389452,0.871715903550148,0.44671194499824196,0.0030686084646731615
kodim15,Kodak,kodim15,test,0.5,0.4998931884765625,0.0,2026,0bdd412ee411368a0415417eec7514379b977b92ec803ac0151114c886b24060,hqs,39.8314600380862,0.9699630416727066,0.3411192649509758,0.001841300050728023
kodim15,Kodak,kodim15,test,0.5,0.4998931884765625,0.0,2026,0bdd412ee411368a0415417eec7514379b977b92ec803ac0151114c886b24060,admm,39.85125693309362,0.9698510306253433,0.3413036270067096,0.00228323508054018
kodim15,Kodak,kodim15,test,0.1,0.1001129150390625,0.01,2026,2c5fe1fbfb0548053fee5b10d3840e97be17820789464dc5cdb226621f4c7cfe,adjoint,25.742852518868347,0.542070785949131,0.00021660106722265482,0.004392977338284254
kodim15,Kodak,kodim15,test,0.1,0.1001129150390625,0.01,2026,2c5fe1fbfb0548053fee5b10d3840e97be17820789464dc5cdb226621f4c7cfe,fista_dct,27.915944935484347,0.6802426560838348,0.3680676700314507,0.0037071278784424067
kodim15,Kodak,kodim15,test,0.1,0.1001129150390625,0.01,2026,2c5fe1fbfb0548053fee5b10d3840e97be17820789464dc5cdb226621f4c7cfe,hqs,32.109381060296336,0.8652999074392319,0.33969192497897893,0.00236894260160625
kodim15,Kodak,kodim15,test,0.1,0.1001129150390625,0.01,2026,2c5fe1fbfb0548053fee5b10d3840e97be17820789464dc5cdb226621f4c7cfe,admm,32.16243215835233,0.8656528964910507,0.34181408397853374,0.003644999349489808
kodim15,Kodak,kodim15,test,0.1,0.1001129150390625,0.01,2027,71aec5dbaa2e85bb2fcd04625437541d0c3f9bced0be0b2eae95f96252872202,adjoint,25.742948545476047,0.5416422254541767,0.00019689998589456081,0.004393031354993582
kodim15,Kodak,kodim15,test,0.1,0.1001129150390625,0.01,2027,71aec5dbaa2e85bb2fcd04625437541d0c3f9bced0be0b2eae95f96252872202,fista_dct,27.915764322563867,0.6789716822391599,0.36358618806116283,0.003978734835982323
kodim15,Kodak,kodim15,test,0.1,0.1001129150390625,0.01,2027,71aec5dbaa2e85bb2fcd04625437541d0c3f9bced0be0b2eae95f96252872202,hqs,32.08991639327535,0.8630282072970867,0.34250840602908283,0.0022533026058226824
kodim15,Kodak,kodim15,test,0.1,0.1001129150390625,0.01,2027,71aec5dbaa2e85bb2fcd04625437541d0c3f9bced0be0b2eae95f96252872202,admm,32.132006409171645,0.8633216960554123,0.3469413690036163,0.003586922073736787
kodim15,Kodak,kodim15,test,0.1,0.1001129150390625,0.01,2028,023bd8155118d1b94b014b870e6dcbe682d41417ca8c872550941bc52b9894b6,adjoint,25.743508403167322,0.5423539384843986,0.00020189699716866016,0.0043685645796358585
kodim15,Kodak,kodim15,test,0.1,0.1001129150390625,0.01,2028,023bd8155118d1b94b014b870e6dcbe682d41417ca8c872550941bc52b9894b6,fista_dct,27.928145169775433,0.6800403712406317,0.36937911296263337,0.003757897764444351
kodim15,Kodak,kodim15,test,0.1,0.1001129150390625,0.01,2028,023bd8155118d1b94b014b870e6dcbe682d41417ca8c872550941bc52b9894b6,hqs,32.08013909801717,0.863648167675972,0.34644378593657166,0.0022899562027305365
kodim15,Kodak,kodim15,test,0.1,0.1001129150390625,0.01,2028,023bd8155118d1b94b014b870e6dcbe682d41417ca8c872550941bc52b9894b6,admm,32.138792263707124,0.8638471589980126,0.33184766909107566,0.003521963022649288
kodim15,Kodak,kodim15,test,0.1,0.1001129150390625,0.05,2026,ab7335c2d22adf7d21c4d72d24188ca26d117ecc2875705abae395fb9f65843f,adjoint,25.229786653130763,0.5076305755085978,0.0002648190129548311,0.005549091845750809
kodim15,Kodak,kodim15,test,0.1,0.1001129150390625,0.05,2026,ab7335c2d22adf7d21c4d72d24188ca26d117ecc2875705abae395fb9f65843f,fista_dct,26.617304044176482,0.5905375793322157,0.393990422016941,0.00592180946841836
kodim15,Kodak,kodim15,test,0.1,0.1001129150390625,0.05,2026,ab7335c2d22adf7d21c4d72d24188ca26d117ecc2875705abae395fb9f65843f,hqs,29.15587526516169,0.7456762171368003,0.33295185095630586,0.002835017628967762
kodim15,Kodak,kodim15,test,0.1,0.1001129150390625,0.05,2026,ab7335c2d22adf7d21c4d72d24188ca26d117ecc2875705abae395fb9f65843f,admm,29.352793708135728,0.7567006541317701,0.34088067000266165,0.00426270579919219
kodim15,Kodak,kodim15,test,0.1,0.1001129150390625,0.05,2027,fd6b6b12935fd1dc8915238c14f16733e7b9366bab6378ca4d211019e6f7223d,adjoint,25.229228223639133,0.5058794270121788,0.0002166680060327053,0.005533905234187841
kodim15,Kodak,kodim15,test,0.1,0.1001129150390625,0.05,2027,fd6b6b12935fd1dc8915238c14f16733e7b9366bab6378ca4d211019e6f7223d,fista_dct,26.561899916374763,0.5827513361810129,0.3564855249132961,0.006505753379315138
kodim15,Kodak,kodim15,test,0.1,0.1001129150390625,0.05,2027,fd6b6b12935fd1dc8915238c14f16733e7b9366bab6378ca4d211019e6f7223d,hqs,29.139814760501594,0.7370074805026054,0.3389901219634339,0.002602302934974432
kodim15,Kodak,kodim15,test,0.1,0.1001129150390625,0.05,2027,fd6b6b12935fd1dc8915238c14f16733e7b9366bab6378ca4d211019e6f7223d,admm,29.281732675847785,0.7476897726820111,0.33855021791532636,0.004272088874131441
kodim15,Kodak,kodim15,test,0.1,0.1001129150390625,0.05,2028,559a5f49a80c166a16efd4d179a8b3d4e80ff6058ba40de1c41bee99959beca5,adjoint,25.24437095819168,0.50957786267481,0.0002238780725747347,0.005239017307758331
kodim15,Kodak,kodim15,test,0.1,0.1001129150390625,0.05,2028,559a5f49a80c166a16efd4d179a8b3d4e80ff6058ba40de1c41bee99959beca5,fista_dct,26.650073956414385,0.5941587613183558,0.3554541930789128,0.005940835457295179
kodim15,Kodak,kodim15,test,0.1,0.1001129150390625,0.05,2028,559a5f49a80c166a16efd4d179a8b3d4e80ff6058ba40de1c41bee99959beca5,hqs,29.253971091744106,0.7423942531036138,0.3456121369963512,0.003589105559512973
kodim15,Kodak,kodim15,test,0.1,0.1001129150390625,0.05,2028,559a5f49a80c166a16efd4d179a8b3d4e80ff6058ba40de1c41bee99959beca5,admm,29.420167033864523,0.7544590019340515,0.3454484340036288,0.004244649782776833
kodim16,Kodak,kodim16,test,0.01,0.01031494140625,0.0,2026,e5f09d214c715dff302b7bbe17df867ee9b1fc6d3352f0ad03addb27d727cdf4,adjoint,25.331610912766237,0.48713121413691823,0.00018186494708061218,0.002049760427325964
kodim16,Kodak,kodim16,test,0.01,0.01031494140625,0.0,2026,e5f09d214c715dff302b7bbe17df867ee9b1fc6d3352f0ad03addb27d727cdf4,fista_dct,25.891096514353514,0.5592244573158993,0.32010849798098207,0.00039465754525735974
kodim16,Kodak,kodim16,test,0.01,0.01031494140625,0.0,2026,e5f09d214c715dff302b7bbe17df867ee9b1fc6d3352f0ad03addb27d727cdf4,hqs,27.581452924743676,0.6373730033452996,0.3350911580491811,0.002213320229202509
kodim16,Kodak,kodim16,test,0.01,0.01031494140625,0.0,2026,e5f09d214c715dff302b7bbe17df867ee9b1fc6d3352f0ad03addb27d727cdf4,admm,27.586170467378853,0.6381417615038625,0.3394525039475411,0.003738831030204892
kodim16,Kodak,kodim16,test,0.04,0.041259765625,0.0,2026,2c28542cb33ab0d75c53b8382b396cc004cf1cb88ad581b9c0583ca875220dbc,adjoint,27.236564993099755,0.5693562160742086,0.00019033602438867092,0.0024316590279340744
kodim16,Kodak,kodim16,test,0.04,0.041259765625,0.0,2026,2c28542cb33ab0d75c53b8382b396cc004cf1cb88ad581b9c0583ca875220dbc,fista_dct,28.000358920403702,0.6303971174703431,0.3428698000498116,0.0006344129214994609
kodim16,Kodak,kodim16,test,0.04,0.041259765625,0.0,2026,2c28542cb33ab0d75c53b8382b396cc004cf1cb88ad581b9c0583ca875220dbc,hqs,29.698014627389785,0.7424873724848143,0.3368352190591395,0.001918624504469335
kodim16,Kodak,kodim16,test,0.04,0.041259765625,0.0,2026,2c28542cb33ab0d75c53b8382b396cc004cf1cb88ad581b9c0583ca875220dbc,admm,29.677657503752283,0.7401413007856608,0.33496500994078815,0.0034488760866224766
kodim16,Kodak,kodim16,test,0.1,0.1001129150390625,0.0,2026,137041f72e8ccdfb8b91ef47832872b3ac9227b6205cf1341a6ddcb4e57224a5,adjoint,28.666159527900234,0.6574178314405046,0.0002050920156762004,0.0029060759115964174
kodim16,Kodak,kodim16,test,0.1,0.1001129150390625,0.0,2026,137041f72e8ccdfb8b91ef47832872b3ac9227b6205cf1341a6ddcb4e57224a5,fista_dct,29.20135289615378,0.6971032418133021,0.35329806699883193,0.0009238272905349731
kodim16,Kodak,kodim16,test,0.1,0.1001129150390625,0.0,2026,137041f72e8ccdfb8b91ef47832872b3ac9227b6205cf1341a6ddcb4e57224a5,hqs,31.126084002383916,0.8164091880677938,0.35174798290245235,0.0012640745844691992
kodim16,Kodak,kodim16,test,0.1,0.1001129150390625,0.0,2026,137041f72e8ccdfb8b91ef47832872b3ac9227b6205cf1341a6ddcb4e57224a5,admm,31.169853257521186,0.8162357750421763,0.3405682359589264,0.0024188917595893145
kodim16,Kodak,kodim16,test,0.25,0.25,0.0,2026,3ea3d47c9a19d52357807ff230d537e350f3c86457d4ef4cd7197317af8d923c,adjoint,30.615000988150545,0.7656302450881004,0.0002464719582349062,0.003665095893666148
kodim16,Kodak,kodim16,test,0.25,0.25,0.0,2026,3ea3d47c9a19d52357807ff230d537e350f3c86457d4ef4cd7197317af8d923c,fista_dct,30.83713489369274,0.785690246920824,0.40166558895725757,0.001362114679068327
kodim16,Kodak,kodim16,test,0.25,0.25,0.0,2026,3ea3d47c9a19d52357807ff230d537e350f3c86457d4ef4cd7197317af8d923c,hqs,34.19616091934979,0.9072554828834534,0.3432333420496434,0.0017367779510095716
kodim16,Kodak,kodim16,test,0.25,0.25,0.0,2026,3ea3d47c9a19d52357807ff230d537e350f3c86457d4ef4cd7197317af8d923c,admm,34.20926031672045,0.9062842798786164,0.3387865260010585,0.0020861325319856405
kodim16,Kodak,kodim16,test,0.5,0.4998931884765625,0.0,2026,ea7afecc3f3284c536f5923eb4d450730b16e65688ec3f084a141b8c400c1c8a,adjoint,33.12577065156363,0.8571901870293617,0.00035714509431272745,0.004757430404424667
kodim16,Kodak,kodim16,test,0.5,0.4998931884765625,0.0,2026,ea7afecc3f3284c536f5923eb4d450730b16e65688ec3f084a141b8c400c1c8a,fista_dct,33.07670946512226,0.8629387824969291,0.4515784300165251,0.0017490016762167215
kodim16,Kodak,kodim16,test,0.5,0.4998931884765625,0.0,2026,ea7afecc3f3284c536f5923eb4d450730b16e65688ec3f084a141b8c400c1c8a,hqs,39.559713119543225,0.9705963832654954,0.33910363097675145,0.0017256070859730244
kodim16,Kodak,kodim16,test,0.5,0.4998931884765625,0.0,2026,ea7afecc3f3284c536f5923eb4d450730b16e65688ec3f084a141b8c400c1c8a,admm,39.56591775425628,0.9702510697956085,0.3372115090023726,0.001913318526931107
kodim16,Kodak,kodim16,test,0.1,0.1001129150390625,0.01,2026,81a13c7b17d9ab490e8be3ba2dda6fde5a87b166330429e20b3af8b265b5539d,adjoint,28.602389647337667,0.6526075393206514,0.00023015390615910292,0.0029093101620674133
kodim16,Kodak,kodim16,test,0.1,0.1001129150390625,0.01,2026,81a13c7b17d9ab490e8be3ba2dda6fde5a87b166330429e20b3af8b265b5539d,fista_dct,29.109986527967205,0.6901232931312732,0.3794512919848785,0.000927522371057421
kodim16,Kodak,kodim16,test,0.1,0.1001129150390625,0.01,2026,81a13c7b17d9ab490e8be3ba2dda6fde5a87b166330429e20b3af8b265b5539d,hqs,30.901873537747445,0.8057717208821773,0.34000858303625137,0.0011133417719975114
kodim16,Kodak,kodim16,test,0.1,0.1001129150390625,0.01,2026,81a13c7b17d9ab490e8be3ba2dda6fde5a87b166330429e20b3af8b265b5539d,admm,30.96456108192454,0.8079776033363343,0.34009929397143424,0.002883126027882099
kodim16,Kodak,kodim16,test,0.1,0.1001129150390625,0.01,2027,38122488db3a89eadea013fe70507f89a2892c13bb9f11add68999204068293b,adjoint,28.60477957950703,0.6527832949659824,0.00020722998306155205,0.0029101746622473
kodim16,Kodak,kodim16,test,0.1,0.1001129150390625,0.01,2027,38122488db3a89eadea013fe70507f89a2892c13bb9f11add68999204068293b,fista_dct,29.110678893716614,0.6878047395697237,0.3746762470109388,0.0009139836765825748
kodim16,Kodak,kodim16,test,0.1,0.1001129150390625,0.01,2027,38122488db3a89eadea013fe70507f89a2892c13bb9f11add68999204068293b,hqs,30.955336890115582,0.8068179678855538,0.3396152809727937,0.0010922002838924527
kodim16,Kodak,kodim16,test,0.1,0.1001129150390625,0.01,2027,38122488db3a89eadea013fe70507f89a2892c13bb9f11add68999204068293b,admm,31.024376779398644,0.8087290668365955,0.3381516019580886,0.002682815073058009
kodim16,Kodak,kodim16,test,0.1,0.1001129150390625,0.01,2028,612b5a1210bbf7e24717e305511fb4fe2fb683cf9581a58035978ec565f73ae7,adjoint,28.601773402445122,0.6526113133216687,0.00019819196313619614,0.0029041620437055826
kodim16,Kodak,kodim16,test,0.1,0.1001129150390625,0.01,2028,612b5a1210bbf7e24717e305511fb4fe2fb683cf9581a58035978ec565f73ae7,fista_dct,29.0988932523503,0.6889440541862436,0.3681710979435593,0.0009429702186025679
kodim16,Kodak,kodim16,test,0.1,0.1001129150390625,0.01,2028,612b5a1210bbf7e24717e305511fb4fe2fb683cf9581a58035978ec565f73ae7,hqs,30.925338634375628,0.8055959423861504,0.33837370900437236,0.0011277112644165754
kodim16,Kodak,kodim16,test,0.1,0.1001129150390625,0.01,2028,612b5a1210bbf7e24717e305511fb4fe2fb683cf9581a58035978ec565f73ae7,admm,30.993673552251714,0.8075738702363968,0.34682086494285613,0.002724042860791087
kodim16,Kodak,kodim16,test,0.1,0.1001129150390625,0.05,2026,2fba41380cdbe86a57773215100582b1efdd6f520827f8586a551638f3883720,adjoint,27.300054426383355,0.5625642417689058,0.0003763440763577819,0.002984079997986555
kodim16,Kodak,kodim16,test,0.1,0.1001129150390625,0.05,2026,2fba41380cdbe86a57773215100582b1efdd6f520827f8586a551638f3883720,fista_dct,26.904222283769403,0.5352926292036185,0.4250897439196706,0.0015871543437242508
kodim16,Kodak,kodim16,test,0.1,0.1001129150390625,0.05,2026,2fba41380cdbe86a57773215100582b1efdd6f520827f8586a551638f3883720,hqs,28.42873006076749,0.6544661369637116,0.34449691500049084,0.0011400963412597775
kodim16,Kodak,kodim16,test,0.1,0.1001129150390625,0.05,2026,2fba41380cdbe86a57773215100582b1efdd6f520827f8586a551638f3883720,admm,28.608932470493773,0.6704867039053515,0.34198936203029007,0.0041172862984240055
kodim16,Kodak,kodim16,test,0.1,0.1001129150390625,0.05,2027,495a4fd7f883c7980177fd9754594628fa267156b0a76f970cc1a10329653447,adjoint,27.341704975523257,0.5654070776000001,0.00025772000662982464,0.002983332145959139
kodim16,Kodak,kodim16,test,0.1,0.1001129150390625,0.05,2027,495a4fd7f883c7980177fd9754594628fa267156b0a76f970cc1a10329653447,fista_dct,27.001273601329352,0.5426005873631574,0.4056046089390293,0.0013778890715911984
kodim16,Kodak,kodim16,test,0.1,0.1001129150390625,0.05,2027,495a4fd7f883c7980177fd9754594628fa267156b0a76f970cc1a10329653447,hqs,28.511594950006916,0.6592176354712099,0.3452023209538311,0.0012295766500756145
kodim16,Kodak,kodim16,test,0.1,0.1001129150390625,0.05,2027,495a4fd7f883c7980177fd9754594628fa267156b0a76f970cc1a10329653447,admm,28.678158777209944,0.6709683484766111,0.3498178069712594,0.0037309497129172087
kodim16,Kodak,kodim16,test,0.1,0.1001129150390625,0.05,2028,6dd42cc3273e7fc40388a01d9e82cd6c9be9ace00eef43abf24e7faf56f2efe8,adjoint,27.29599990732919,0.5621212712975412,0.00019720499403774738,0.0029935531783849
kodim16,Kodak,kodim16,test,0.1,0.1001129150390625,0.05,2028,6dd42cc3273e7fc40388a01d9e82cd6c9be9ace00eef43abf24e7faf56f2efe8,fista_dct,26.83197060692129,0.5318176807758911,0.3529431209899485,0.0014252207474783063
kodim16,Kodak,kodim16,test,0.1,0.1001129150390625,0.05,2028,6dd42cc3273e7fc40388a01d9e82cd6c9be9ace00eef43abf24e7faf56f2efe8,hqs,28.402348036540896,0.6521492883032263,0.33316754805855453,0.0011389364954084158
kodim16,Kodak,kodim16,test,0.1,0.1001129150390625,0.05,2028,6dd42cc3273e7fc40388a01d9e82cd6c9be9ace00eef43abf24e7faf56f2efe8,admm,28.6169512461939,0.6672061517033577,0.33632970601320267,0.003798718098551035
kodim17,Kodak,kodim17,test,0.01,0.01031494140625,0.0,2026,caec5522c2ae5ae8277f2248e0fe6b5955647809ecafea6d78325dc8d70e34be,adjoint,22.078719475038042,0.38760861332610086,0.00013535597827285528,0.0022389001678675413
kodim17,Kodak,kodim17,test,0.01,0.01031494140625,0.0,2026,caec5522c2ae5ae8277f2248e0fe6b5955647809ecafea6d78325dc8d70e34be,fista_dct,22.467974804965493,0.46031921951508675,0.32025484403129667,0.0015374359209090471
kodim17,Kodak,kodim17,test,0.01,0.01031494140625,0.0,2026,caec5522c2ae5ae8277f2248e0fe6b5955647809ecafea6d78325dc8d70e34be,hqs,23.371432996091208,0.5365080280344474,0.3334053090075031,0.004069205839186907
kodim17,Kodak,kodim17,test,0.01,0.01031494140625,0.0,2026,caec5522c2ae5ae8277f2248e0fe6b5955647809ecafea6d78325dc8d70e34be,admm,23.38431786411599,0.5380687918980227,0.3306084220530465,0.004565229173749685
kodim17,Kodak,kodim17,test,0.04,0.041259765625,0.0,2026,837275c1144e2595940812fd87c654f4a0348e8e2b05e07b57ae64fa0ba6e2e7,adjoint,24.04398663636488,0.5200720992532596,0.00018628605175763369,0.002745026722550392
kodim17,Kodak,kodim17,test,0.04,0.041259765625,0.0,2026,837275c1144e2595940812fd87c654f4a0348e8e2b05e07b57ae64fa0ba6e2e7,fista_dct,24.528235048701216,0.5674174492206031,0.32804077700711787,0.0020853676833212376
kodim17,Kodak,kodim17,test,0.04,0.041259765625,0.0,2026,837275c1144e2595940812fd87c654f4a0348e8e2b05e07b57ae64fa0ba6e2e7,hqs,26.554451095222685,0.731648035666598,0.3328402719926089,0.003201886313036084
kodim17,Kodak,kodim17,test,0.04,0.041259765625,0.0,2026,837275c1144e2595940812fd87c654f4a0348e8e2b05e07b57ae64fa0ba6e2e7,admm,26.55322660188061,0.7293106763744867,0.3337271949276328,0.005290246102958918
kodim17,Kodak,kodim17,test,0.1,0.1001129150390625,0.0,2026,1271749dbdf53534ffc2e38d7da126a3807f57029d48ce4462e447ad57c17722,adjoint,25.64381284732573,0.6339794301428944,0.00018696789629757404,0.003086102893576026
kodim17,Kodak,kodim17,test,0.1,0.1001129150390625,0.0,2026,1271749dbdf53534ffc2e38d7da126a3807f57029d48ce4462e447ad57c17722,fista_dct,26.395447197412967,0.6920121961739063,0.3657965729944408,0.0015953662805259228
kodim17,Kodak,kodim17,test,0.1,0.1001129150390625,0.0,2026,1271749dbdf53534ffc2e38d7da126a3807f57029d48ce4462e447ad57c17722,hqs,29.447479982586447,0.853842156796217,0.3387271510437131,0.0025723797734826803
kodim17,Kodak,kodim17,test,0.1,0.1001129150390625,0.0,2026,1271749dbdf53534ffc2e38d7da126a3807f57029d48ce4462e447ad57c17722,admm,29.460207253685006,0.8526086046301127,0.3349291851045564,0.004073139280080795
kodim17,Kodak,kodim17,test,0.25,0.25,0.0,2026,8f6e03bb8cd3f2a12b3821c6d175ba00f051aa743bae71cba93e31b16c2f1c5a,adjoint,28.05179529721572,0.76051876496768,0.0003027239581570029,0.0037633285392075777
kodim17,Kodak,kodim17,test,0.25,0.25,0.0,2026,8f6e03bb8cd3f2a12b3821c6d175ba00f051aa743bae71cba93e31b16c2f1c5a,fista_dct,28.969232621540403,0.8095536298251153,0.4199004810070619,0.001730369869619608
kodim17,Kodak,kodim17,test,0.25,0.25,0.0,2026,8f6e03bb8cd3f2a12b3821c6d175ba00f051aa743bae71cba93e31b16c2f1c5a,hqs,33.737026520858315,0.9398508891448975,0.3326360300416127,0.0022061080671846867
kodim17,Kodak,kodim17,test,0.25,0.25,0.0,2026,8f6e03bb8cd3f2a12b3821c6d175ba00f051aa743bae71cba93e31b16c2f1c5a,admm,33.76632873195049,0.9396301457910538,0.33294370491057634,0.0027268321719020605
kodim17,Kodak,kodim17,test,0.5,0.4998931884765625,0.0,2026,f708afabf0afe98d434dc4ec0716355bf3e339da2c51bc5f39964d3ff0d67f5c,adjoint,31.054601136841477,0.8564135683684349,0.00035905197728425264,0.004848186392337084
kodim17,Kodak,kodim17,test,0.5,0.4998931884765625,0.0,2026,f708afabf0afe98d434dc4ec0716355bf3e339da2c51bc5f39964d3ff0d67f5c,fista_dct,31.95422353864111,0.8880033272800446,0.44418412703089416,0.0020171564538031816
kodim17,Kodak,kodim17,test,0.5,0.4998931884765625,0.0,2026,f708afabf0afe98d434dc4ec0716355bf3e339da2c51bc5f39964d3ff0d67f5c,hqs,39.11308276724323,0.9788260125389099,0.33271848293952644,0.0018614974105730653
kodim17,Kodak,kodim17,test,0.5,0.4998931884765625,0.0,2026,f708afabf0afe98d434dc4ec0716355bf3e339da2c51bc5f39964d3ff0d67f5c,admm,39.10409385844173,0.9786427670259475,0.3343933200230822,0.0020874913316220045
kodim17,Kodak,kodim17,test,0.1,0.1001129150390625,0.01,2026,79280f69877d0947384f8ba034f60a41df9627e4b40a2d88164e6eb3d67c36e2,adjoint,25.61964452327256,0.6320986631771773,0.0002758619375526905,0.0031046830117702484
kodim17,Kodak,kodim17,test,0.1,0.1001129150390625,0.01,2026,79280f69877d0947384f8ba034f60a41df9627e4b40a2d88164e6eb3d67c36e2,fista_dct,26.346834846288296,0.6877175533049386,0.3787798370467499,0.0016334601677954197
kodim17,Kodak,kodim17,test,0.1,0.1001129150390625,0.01,2026,79280f69877d0947384f8ba034f60a41df9627e4b40a2d88164e6eb3d67c36e2,hqs,29.302887159728353,0.848701862067461,0.33181909506674856,0.002510275226086378
kodim17,Kodak,kodim17,test,0.1,0.1001129150390625,0.01,2026,79280f69877d0947384f8ba034f60a41df9627e4b40a2d88164e6eb3d67c36e2,admm,29.322581671709102,0.8480541214697361,0.330142201972194,0.004166302736848593
kodim17,Kodak,kodim17,test,0.1,0.1001129150390625,0.01,2027,30765294dd7665c338fdfa77a2c141289783c0f7ffa9a10971b46c20ad8ec570,adjoint,25.61838525221123,0.6321293771335371,0.0002656159922480583,0.0031043316703289747
kodim17,Kodak,kodim17,test,0.1,0.1001129150390625,0.01,2027,30765294dd7665c338fdfa77a2c141289783c0f7ffa9a10971b46c20ad8ec570,fista_dct,26.34517695213578,0.6877257923833132,0.37436405196785927,0.0015405128942802548
kodim17,Kodak,kodim17,test,0.1,0.1001129150390625,0.01,2027,30765294dd7665c338fdfa77a2c141289783c0f7ffa9a10971b46c20ad8ec570,hqs,29.284789204160113,0.8481047161786556,0.3311880739638582,0.002564183436334133
kodim17,Kodak,kodim17,test,0.1,0.1001129150390625,0.01,2027,30765294dd7665c338fdfa77a2c141289783c0f7ffa9a10971b46c20ad8ec570,admm,29.298343167624324,0.8472909209316969,0.3309415109688416,0.004089231602847576
kodim17,Kodak,kodim17,test,0.1,0.1001129150390625,0.01,2028,e51a8aeabeafd1ec9a5b130671527b37804ae7f7515b3c02aec3d0ee9e565bb8,adjoint,25.61832216620907,0.6316845568695366,0.0002612860407680273,0.0030945066828280687
kodim17,Kodak,kodim17,test,0.1,0.1001129150390625,0.01,2028,e51a8aeabeafd1ec9a5b130671527b37804ae7f7515b3c02aec3d0ee9e565bb8,fista_dct,26.321491133418196,0.6857247431140095,0.3786928409244865,0.0016183691332116723
kodim17,Kodak,kodim17,test,0.1,0.1001129150390625,0.01,2028,e51a8aeabeafd1ec9a5b130671527b37804ae7f7515b3c02aec3d0ee9e565bb8,hqs,29.32361325949508,0.8488371944811344,0.32878897699993104,0.0025052588898688555
kodim17,Kodak,kodim17,test,0.1,0.1001129150390625,0.01,2028,e51a8aeabeafd1ec9a5b130671527b37804ae7f7515b3c02aec3d0ee9e565bb8,admm,29.34257677143982,0.848250633556366,0.32922049798071384,0.00413002772256732
kodim17,Kodak,kodim17,test,0.1,0.1001129150390625,0.05,2026,17a0601b781164aa9df39d03a1e536a0f1833828e49b3768c89e66ecb97c9c51,adjoint,25.07407365442141,0.5940016612419211,0.0002604830078780651,0.003486435394734144
kodim17,Kodak,kodim17,test,0.1,0.1001129150390625,0.05,2026,17a0601b781164aa9df39d03a1e536a0f1833828e49b3768c89e66ecb97c9c51,fista_dct,25.28735082625204,0.6174233589982717,0.38269194308668375,0.003436463652178645
kodim17,Kodak,kodim17,test,0.1,0.1001129150390625,0.05,2026,17a0601b781164aa9df39d03a1e536a0f1833828e49b3768c89e66ecb97c9c51,hqs,27.41026933346173,0.762117908449769,0.3293812300544232,0.0027359265368431807
kodim17,Kodak,kodim17,test,0.1,0.1001129150390625,0.05,2026,17a0601b781164aa9df39d03a1e536a0f1833828e49b3768c89e66ecb97c9c51,admm,27.52540184528567,0.7689822320188284,0.33046693494543433,0.004399600438773632
kodim17,Kodak,kodim17,test,0.1,0.1001129150390625,0.05,2027,6ad0e746e244b73aa05432390337e1be11a371f4663e8899aed22fb7c7d836d9,adjoint,25.052818423788015,0.5931452057043509,0.0002605119952932,0.003488665446639061
kodim17,Kodak,kodim17,test,0.1,0.1001129150390625,0.05,2027,6ad0e746e244b73aa05432390337e1be11a371f4663e8899aed22fb7c7d836d9,fista_dct,25.243342795783104,0.6142261755941804,0.378712564939633,0.003546013729646802
kodim17,Kodak,kodim17,test,0.1,0.1001129150390625,0.05,2027,6ad0e746e244b73aa05432390337e1be11a371f4663e8899aed22fb7c7d836d9,hqs,27.37174907690939,0.7602933601598293,0.32903926889412105,0.002457018243148923
kodim17,Kodak,kodim17,test,0.1,0.1001129150390625,0.05,2027,6ad0e746e244b73aa05432390337e1be11a371f4663e8899aed22fb7c7d836d9,admm,27.446321197649112,0.7660307521586418,0.32853011693805456,0.004038814455270767
kodim17,Kodak,kodim17,test,0.1,0.1001129150390625,0.05,2028,f11c1270a7ccb36f3b8dcd326140139b55aa443b514c7502fb9859f6c4afbed9,adjoint,25.048182404021745,0.5914359885569231,0.0002699139295145869,0.0034209582954645157
kodim17,Kodak,kodim17,test,0.1,0.1001129150390625,0.05,2028,f11c1270a7ccb36f3b8dcd326140139b55aa443b514c7502fb9859f6c4afbed9,fista_dct,25.189284572480886,0.6102428934310054,0.37291675293818116,0.0029840932693332434
kodim17,Kodak,kodim17,test,0.1,0.1001129150390625,0.05,2028,f11c1270a7ccb36f3b8dcd326140139b55aa443b514c7502fb9859f6c4afbed9,hqs,27.37986477626897,0.7596687262968123,0.32752303895540535,0.002480501774698496
kodim17,Kodak,kodim17,test,0.1,0.1001129150390625,0.05,2028,f11c1270a7ccb36f3b8dcd326140139b55aa443b514c7502fb9859f6c4afbed9,admm,27.47117079537906,0.7655925412483812,0.32987123099155724,0.004382707178592682
kodim18,Kodak,kodim18,test,0.01,0.01031494140625,0.0,2026,c45dd866b335176cbd23d2d2838698904a0f79c2a13884a7c668f0df1b458b2d,adjoint,20.951930521147673,0.3344099295651325,0.00014400098007172346,0.001986105926334858
kodim18,Kodak,kodim18,test,0.01,0.01031494140625,0.0,2026,c45dd866b335176cbd23d2d2838698904a0f79c2a13884a7c668f0df1b458b2d,fista_dct,20.998818981345483,0.36625130820278706,0.32348967401776463,0.000823598587885499
kodim18,Kodak,kodim18,test,0.01,0.01031494140625,0.0,2026,c45dd866b335176cbd23d2d2838698904a0f79c2a13884a7c668f0df1b458b2d,hqs,21.838235284022012,0.42544294531024923,0.3278989789541811,0.005686648655682802
kodim18,Kodak,kodim18,test,0.01,0.01031494140625,0.0,2026,c45dd866b335176cbd23d2d2838698904a0f79c2a13884a7c668f0df1b458b2d,admm,21.840336166989832,0.42453391771627863,0.3242262010462582,0.009232149459421635
kodim18,Kodak,kodim18,test,0.04,0.041259765625,0.0,2026,039c1bbded8f7907840bed74c9bab6a69e39c786eb87aca61d483c9df9aaf44b,adjoint,22.45450931145028,0.4478210591015816,0.00019703793805092573,0.0023749994579702616
kodim18,Kodak,kodim18,test,0.04,0.041259765625,0.0,2026,039c1bbded8f7907840bed74c9bab6a69e39c786eb87aca61d483c9df9aaf44b,fista_dct,22.611089719073966,0.4682737254335794,0.3394983720500022,0.0019199242815375328
kodim18,Kodak,kodim18,test,0.04,0.041259765625,0.0,2026,039c1bbded8f7907840bed74c9bab6a69e39c786eb87aca61d483c9df9aaf44b,hqs,24.236439980393946,0.6159480390134792,0.3236378739820793,0.004148246720433235
kodim18,Kodak,kodim18,test,0.04,0.041259765625,0.0,2026,039c1bbded8f7907840bed74c9bab6a69e39c786eb87aca61d483c9df9aaf44b,admm,24.233931819425372,0.6130450442275432,0.3224282939918339,0.007396406959742308
kodim18,Kodak,kodim18,test,0.1,0.1001129150390625,0.0,2026,cffbd5f3015c98edc56a3461077b5e3630732535322ffa10d8d33801d519a717,adjoint,23.800794509188282,0.5708072365433527,0.0002771869767457247,0.003034170251339674
kodim18,Kodak,kodim18,test,0.1,0.1001129150390625,0.0,2026,cffbd5f3015c98edc56a3461077b5e3630732535322ffa10d8d33801d519a717,fista_dct,23.834585709164152,0.5823043102446152,0.3760177700314671,0.002883501583710313
kodim18,Kodak,kodim18,test,0.1,0.1001129150390625,0.0,2026,cffbd5f3015c98edc56a3461077b5e3630732535322ffa10d8d33801d519a717,hqs,26.43359850588145,0.75612214219445,0.3259260419290513,0.00448976457118988
kodim18,Kodak,kodim18,test,0.1,0.1001129150390625,0.0,2026,cffbd5f3015c98edc56a3461077b5e3630732535322ffa10d8d33801d519a717,admm,26.47169623892468,0.7546499840282798,0.32423591101542115,0.006034411024302244
kodim18,Kodak,kodim18,test,0.25,0.25,0.0,2026,08dc1c42af7991c465a7f7dca12d5b50b0f85492c8225f522124379c990f5d41,adjoint,25.949362276958713,0.7145402417770922,0.0003137270687147975,0.0037996452301740646
kodim18,Kodak,kodim18,test,0.25,0.25,0.0,2026,08dc1c42af7991c465a7f7dca12d5b50b0f85492c8225f522124379c990f5d41,fista_dct,26.003482393564504,0.7242273938470967,0.40237153705675155,0.002690245397388935
kodim18,Kodak,kodim18,test,0.25,0.25,0.0,2026,08dc1c42af7991c465a7f7dca12d5b50b0f85492c8225f522124379c990f5d41,hqs,29.805431530412207,0.8873502451272011,0.32862258597742766,0.004220491740852594
kodim18,Kodak,kodim18,test,0.25,0.25,0.0,2026,08dc1c42af7991c465a7f7dca12d5b50b0f85492c8225f522124379c990f5d41,admm,29.834873923139863,0.8868386998558044,0.3295208590570837,0.004881585482507944
kodim18,Kodak,kodim18,test,0.5,0.4998931884765625,0.0,2026,6c6ac8b47743ca512cbbfdb625f5ecdc8cffbfe05c2aa5952366d9ab01611053,adjoint,28.937921067544853,0.8332285491909981,0.0004786659264937043,0.005047888029366732
kodim18,Kodak,kodim18,test,0.5,0.4998931884765625,0.0,2026,6c6ac8b47743ca512cbbfdb625f5ecdc8cffbfe05c2aa5952366d9ab01611053,fista_dct,28.93240524291581,0.8360274694530964,0.46990317397285253,0.003510178765282035
kodim18,Kodak,kodim18,test,0.5,0.4998931884765625,0.0,2026,6c6ac8b47743ca512cbbfdb625f5ecdc8cffbfe05c2aa5952366d9ab01611053,hqs,34.55565377622601,0.958333791212082,0.32224446104373783,0.0036844369024038315
kodim18,Kodak,kodim18,test,0.5,0.4998931884765625,0.0,2026,6c6ac8b47743ca512cbbfdb625f5ecdc8cffbfe05c2aa5952366d9ab01611053,admm,34.58152321083328,0.9582436127910614,0.32091509900055826,0.004427408333867788
kodim18,Kodak,kodim18,test,0.1,0.1001129150390625,0.01,2026,290d3a61ba79c4d79cc887b7a8d3e2df03543ee970fd7bcae9a8ec9e0c772108,adjoint,23.79044615296939,0.56997956648969,0.00020454695913940668,0.0030539289582520723
kodim18,Kodak,kodim18,test,0.1,0.1001129150390625,0.01,2026,290d3a61ba79c4d79cc887b7a8d3e2df03543ee970fd7bcae9a8ec9e0c772108,fista_dct,23.811035934122526,0.5809983656543866,0.34543498104903847,0.0028881882317364216
kodim18,Kodak,kodim18,test,0.1,0.1001129150390625,0.01,2026,290d3a61ba79c4d79cc887b7a8d3e2df03543ee970fd7bcae9a8ec9e0c772108,hqs,26.37213961045245,0.7535521050127745,0.3240173279773444,0.004490996710956097
kodim18,Kodak,kodim18,test,0.1,0.1001129150390625,0.01,2026,290d3a61ba79c4d79cc887b7a8d3e2df03543ee970fd7bcae9a8ec9e0c772108,admm,26.412897933091017,0.7524834286480546,0.32356563105713576,0.0061501068994402885
kodim18,Kodak,kodim18,test,0.1,0.1001129150390625,0.01,2027,e2c4d3ab78a0351a7ccfcd2e67e2cf51dc3b25a7490c7a2bfa9299a04dab83d7,adjoint,23.790334023667942,0.5699958153070959,0.00021307903807610273,0.0030392336193472147
kodim18,Kodak,kodim18,test,0.1,0.1001129150390625,0.01,2027,e2c4d3ab78a0351a7ccfcd2e67e2cf51dc3b25a7490c7a2bfa9299a04dab83d7,fista_dct,23.834202865364347,0.5823378716000486,0.34667627105955034,0.002923233900219202
kodim18,Kodak,kodim18,test,0.1,0.1001129150390625,0.01,2027,e2c4d3ab78a0351a7ccfcd2e67e2cf51dc3b25a7490c7a2bfa9299a04dab83d7,hqs,26.391590107638557,0.7536987401469946,0.32495169795583934,0.004476944915950298
kodim18,Kodak,kodim18,test,0.1,0.1001129150390625,0.01,2027,e2c4d3ab78a0351a7ccfcd2e67e2cf51dc3b25a7490c7a2bfa9299a04dab83d7,admm,26.43276830886488,0.752420975748539,0.32368095696438104,0.006220735143870115
kodim18,Kodak,kodim18,test,0.1,0.1001129150390625,0.01,2028,15b01cabb9a60f1516c1f2eb1ccbd3fcee3eafeef7cc8f2c3613475797827c13,adjoint,23.79100398860775,0.5698936233565919,0.00020953209605067968,0.0030477619729936123
kodim18,Kodak,kodim18,test,0.1,0.1001129150390625,0.01,2028,15b01cabb9a60f1516c1f2eb1ccbd3fcee3eafeef7cc8f2c3613475797827c13,fista_dct,23.803039564492575,0.5791135827948766,0.34557436406612396,0.003117051674053073
kodim18,Kodak,kodim18,test,0.1,0.1001129150390625,0.01,2028,15b01cabb9a60f1516c1f2eb1ccbd3fcee3eafeef7cc8f2c3613475797827c13,hqs,26.408291648186733,0.7543248909481763,0.3236312799854204,0.004425783641636372
kodim18,Kodak,kodim18,test,0.1,0.1001129150390625,0.01,2028,15b01cabb9a60f1516c1f2eb1ccbd3fcee3eafeef7cc8f2c3613475797827c13,admm,26.442598172194785,0.75319398795141,0.3246448590653017,0.0062488652765750885
kodim18,Kodak,kodim18,test,0.1,0.1001129150390625,0.05,2026,98fa658ca73f51d57deffeb35400d24cb636b091ceb1eaf66ebef794e4c93a38,adjoint,23.548440014738333,0.548073308750167,0.00021188403479754925,0.0031987675465643406
kodim18,Kodak,kodim18,test,0.1,0.1001129150390625,0.05,2026,98fa658ca73f51d57deffeb35400d24cb636b091ceb1eaf66ebef794e4c93a38,fista_dct,23.446520883561234,0.5517953513782732,0.34538098296616226,0.003398443339392543
kodim18,Kodak,kodim18,test,0.1,0.1001129150390625,0.05,2026,98fa658ca73f51d57deffeb35400d24cb636b091ceb1eaf66ebef794e4c93a38,hqs,25.607472395514684,0.7048339481067062,0.3266981899505481,0.0033847130835056305
kodim18,Kodak,kodim18,test,0.1,0.1001129150390625,0.05,2026,98fa658ca73f51d57deffeb35400d24cb636b091ceb1eaf66ebef794e4c93a38,admm,25.643640410960806,0.7095683344653845,0.326980171026662,0.007113773841410875
kodim18,Kodak,kodim18,test,0.1,0.1001129150390625,0.05,2027,dc1eb7bee46d8a361426eb1a9837003308bfdd68233e7c1580e22378a9d8d9cf,adjoint,23.54600048827415,0.548282312801377,0.0002726109232753515,0.003200845792889595
kodim18,Kodak,kodim18,test,0.1,0.1001129150390625,0.05,2027,dc1eb7bee46d8a361426eb1a9837003308bfdd68233e7c1580e22378a9d8d9cf,fista_dct,23.414527890713895,0.5469458807043601,0.36698809009976685,0.003318190574645996
kodim18,Kodak,kodim18,test,0.1,0.1001129150390625,0.05,2027,dc1eb7bee46d8a361426eb1a9837003308bfdd68233e7c1580e22378a9d8d9cf,hqs,25.62072328168467,0.7057235383942724,0.33123419410549104,0.0034223198890686035
kodim18,Kodak,kodim18,test,0.1,0.1001129150390625,0.05,2027,dc1eb7bee46d8a361426eb1a9837003308bfdd68233e7c1580e22378a9d8d9cf,admm,25.658255339779284,0.7097235456005185,0.32807495805900544,0.007073590997606516
kodim18,Kodak,kodim18,test,0.1,0.1001129150390625,0.05,2028,06727f34c1d8c66e4f9be8c9755734f85b6247741b8012bb41d77b7ede5e3c2d,adjoint,23.562407815924182,0.5493188472725433,0.00019393605180084705,0.003164766589179635
kodim18,Kodak,kodim18,test,0.1,0.1001129150390625,0.05,2028,06727f34c1d8c66e4f9be8c9755734f85b6247741b8012bb41d77b7ede5e3c2d,fista_dct,23.43604795564723,0.5466584122695043,0.3484272299101576,0.0037460022140294313
kodim18,Kodak,kodim18,test,0.1,0.1001129150390625,0.05,2028,06727f34c1d8c66e4f9be8c9755734f85b6247741b8012bb41d77b7ede5e3c2d,hqs,25.716941306614643,0.7110392008767425,0.3286612230585888,0.003492647083476186
kodim18,Kodak,kodim18,test,0.1,0.1001129150390625,0.05,2028,06727f34c1d8c66e4f9be8c9755734f85b6247741b8012bb41d77b7ede5e3c2d,admm,25.748766205665227,0.7156469510283768,0.3301298329606652,0.006786396261304617
kodim19,Kodak,kodim19,test,0.01,0.01031494140625,0.0,2026,c1f8a8901797b4f2fda99995725733db6e5374774b1805c7190a656b739598bf,adjoint,19.409784214628708,0.3331126511901412,0.00014644407201558352,0.001764548709616065
kodim19,Kodak,kodim19,test,0.01,0.01031494140625,0.0,2026,c1f8a8901797b4f2fda99995725733db6e5374774b1805c7190a656b739598bf,fista_dct,19.67143511980565,0.4358990870746316,0.32127428497187793,0.00022870097018312663
kodim19,Kodak,kodim19,test,0.01,0.01031494140625,0.0,2026,c1f8a8901797b4f2fda99995725733db6e5374774b1805c7190a656b739598bf,hqs,20.640671203003635,0.5455598617954963,0.3279322140151635,0.003098852466791868
kodim19,Kodak,kodim19,test,0.01,0.01031494140625,0.0,2026,c1f8a8901797b4f2fda99995725733db6e5374774b1805c7190a656b739598bf,admm,20.705797344332858,0.5486479187423777,0.3272528439993039,0.0048110769130289555
kodim19,Kodak,kodim19,test,0.04,0.041259765625,0.0,2026,220b3107ca59ff6896e327a97d1218258e6365de0461dffaf62a96eabe469055,adjoint,20.802611412599855,0.4119604168478182,0.00023495894856750965,0.0023886566050350666
kodim19,Kodak,kodim19,test,0.04,0.041259765625,0.0,2026,220b3107ca59ff6896e327a97d1218258e6365de0461dffaf62a96eabe469055,fista_dct,20.854198200826847,0.4415231548884782,0.327226146007888,0.0006825380260124803
kodim19,Kodak,kodim19,test,0.04,0.041259765625,0.0,2026,220b3107ca59ff6896e327a97d1218258e6365de0461dffaf62a96eabe469055,hqs,23.702024640599795,0.7142318933511672,0.3254529220284894,0.0034945292863994837
kodim19,Kodak,kodim19,test,0.04,0.041259765625,0.0,2026,220b3107ca59ff6896e327a97d1218258e6365de0461dffaf62a96eabe469055,admm,23.661503409605803,0.7104020001740283,0.3434377950616181,0.005683375522494316
kodim19,Kodak,kodim19,test,0.1,0.1001129150390625,0.0,2026,0a314f5425c803c2e189be466d676714491629b34b9d7ea7f1649540707de9fa,adjoint,22.051306319083437,0.5030754793679418,0.00022687797900289297,0.002918194979429245
kodim19,Kodak,kodim19,test,0.1,0.1001129150390625,0.0,2026,0a314f5425c803c2e189be466d676714491629b34b9d7ea7f1649540707de9fa,fista_dct,22.165245921548117,0.5228236586048342,0.4168884370010346,0.0009656489128246903
kodim19,Kodak,kodim19,test,0.1,0.1001129150390625,0.0,2026,0a314f5425c803c2e189be466d676714491629b34b9d7ea7f1649540707de9fa,hqs,25.405868638174816,0.7937948196370411,0.3485066710272804,0.004032282158732414
kodim19,Kodak,kodim19,test,0.1,0.1001129150390625,0.0,2026,0a314f5425c803c2e189be466d676714491629b34b9d7ea7f1649540707de9fa,admm,25.355319332141196,0.7943458086245436,0.32792178401723504,0.004185453988611698
kodim19,Kodak,kodim19,test,0.25,0.25,0.0,2026,1850e5c4a5ef6e76482e8b276033c4b00831fd243013d33fedcdda551a411299,adjoint,24.049766477251296,0.631648773982299,0.00023639597930014133,0.0038039947394281626
kodim19,Kodak,kodim19,test,0.25,0.25,0.0,2026,1850e5c4a5ef6e76482e8b276033c4b00831fd243013d33fedcdda551a411299,fista_dct,23.8403746639954,0.6346398109703472,0.36627078999299556,0.0013208291493356228
kodim19,Kodak,kodim19,test,0.25,0.25,0.0,2026,1850e5c4a5ef6e76482e8b276033c4b00831fd243013d33fedcdda551a411299,hqs,30.389655184473302,0.9141356555318684,0.3253876459784806,0.0027681298088282347
kodim19,Kodak,kodim19,test,0.25,0.25,0.0,2026,1850e5c4a5ef6e76482e8b276033c4b00831fd243013d33fedcdda551a411299,admm,30.238349762945205,0.9143873881994179,0.3265692180721089,0.0031096998136490583
kodim19,Kodak,kodim19,test,0.5,0.4998931884765625,0.0,2026,9d2d800035eb4ff856166b1d9ea885796d0d913be05d1a5ab9ece261aa3a7e04,adjoint,26.8715283980587,0.7621898559521781,0.00032860192004591227,0.004813105799257755
kodim19,Kodak,kodim19,test,0.5,0.4998931884765625,0.0,2026,9d2d800035eb4ff856166b1d9ea885796d0d913be05d1a5ab9ece261aa3a7e04,fista_dct,26.569289456374467,0.7446569272976525,0.42189544008579105,0.0015707712154835463
kodim19,Kodak,kodim19,test,0.5,0.4998931884765625,0.0,2026,9d2d800035eb4ff856166b1d9ea885796d0d913be05d1a5ab9ece261aa3a7e04,hqs,36.10918425851763,0.9728176637105942,0.3268101969733834,0.0021372176706790924
kodim19,Kodak,kodim19,test,0.5,0.4998931884765625,0.0,2026,9d2d800035eb4ff856166b1d9ea885796d0d913be05d1a5ab9ece261aa3a7e04,admm,36.18883106965322,0.9731241351575851,0.32328326196875423,0.0023885504342615604
kodim19,Kodak,kodim19,test,0.1,0.1001129150390625,0.01,2026,e1d30d492b8ecc62c6d3d457e544bc465564ff3e7a540fd735572bedd2000def,adjoint,22.03134236356188,0.5006078864246493,0.00019470008555799723,0.002920306520536542
kodim19,Kodak,kodim19,test,0.1,0.1001129150390625,0.01,2026,e1d30d492b8ecc62c6d3d457e544bc465564ff3e7a540fd735572bedd2000def,fista_dct,22.146788924578097,0.520803337945945,0.34997200802899897,0.0009189856937155128
kodim19,Kodak,kodim19,test,0.1,0.1001129150390625,0.01,2026,e1d30d492b8ecc62c6d3d457e544bc465564ff3e7a540fd735572bedd2000def,hqs,25.280241989226944,0.7857051683864468,0.32347950304392725,0.0037915066350251436
kodim19,Kodak,kodim19,test,0.1,0.1001129150390625,0.01,2026,e1d30d492b8ecc62c6d3d457e544bc465564ff3e7a540fd735572bedd2000def,admm,25.219862172980143,0.7872002849582469,0.32797007402405143,0.004307822324335575
kodim19,Kodak,kodim19,test,0.1,0.1001129150390625,0.01,2027,8cc1c2d6234c46eaba42fafa8134a755e2dc54a6e1d558139dc4ea86f0407100,adjoint,22.032397123804838,0.5005811019253268,0.00020233390387147665,0.0029177081305533648
kodim19,Kodak,kodim19,test,0.1,0.1001129150390625,0.01,2027,8cc1c2d6234c46eaba42fafa8134a755e2dc54a6e1d558139dc4ea86f0407100,fista_dct,22.133180960406147,0.5190669607942177,0.34620135999284685,0.0009588791290298104
kodim19,Kodak,kodim19,test,0.1,0.1001129150390625,0.01,2027,8cc1c2d6234c46eaba42fafa8134a755e2dc54a6e1d558139dc4ea86f0407100,hqs,25.40408214551104,0.7881395680273713,0.32618163200095296,0.003977219108492136
kodim19,Kodak,kodim19,test,0.1,0.1001129150390625,0.01,2027,8cc1c2d6234c46eaba42fafa8134a755e2dc54a6e1d558139dc4ea86f0407100,admm,25.285874651959297,0.7881480361849703,0.3261310550151393,0.004343891516327858
kodim19,Kodak,kodim19,test,0.1,0.1001129150390625,0.01,2028,7fe3bfb3df66010468e93d86cd88be3615bdac81f5d50a52eeda1a132a05b8e8,adjoint,22.032262572477617,0.5006834194780373,0.0002001769607886672,0.0029192306101322174
kodim19,Kodak,kodim19,test,0.1,0.1001129150390625,0.01,2028,7fe3bfb3df66010468e93d86cd88be3615bdac81f5d50a52eeda1a132a05b8e8,fista_dct,22.135679946118827,0.5187839272451822,0.3440288450801745,0.0009830002672970295
kodim19,Kodak,kodim19,test,0.1,0.1001129150390625,0.01,2028,7fe3bfb3df66010468e93d86cd88be3615bdac81f5d50a52eeda1a132a05b8e8,hqs,25.279099107815355,0.7834767373016424,0.32441088499035686,0.003898788243532181
kodim19,Kodak,kodim19,test,0.1,0.1001129150390625,0.01,2028,7fe3bfb3df66010468e93d86cd88be3615bdac81f5d50a52eeda1a132a05b8e8,admm,25.17290854206798,0.783373620436003,0.32470942893996835,0.004257342778146267
kodim19,Kodak,kodim19,test,0.1,0.1001129150390625,0.05,2026,7ea20830047c402d65b3ad329a78988c4984596088edb53d4566b536c4f31734,adjoint,21.574784312821688,0.4499587747222267,0.00017535104416310787,0.00294430460780859
kodim19,Kodak,kodim19,test,0.1,0.1001129150390625,0.05,2026,7ea20830047c402d65b3ad329a78988c4984596088edb53d4566b536c4f31734,fista_dct,21.42792366494294,0.440806646817148,0.3479239399312064,0.001437083468772471
kodim19,Kodak,kodim19,test,0.1,0.1001129150390625,0.05,2026,7ea20830047c402d65b3ad329a78988c4984596088edb53d4566b536c4f31734,hqs,23.715848783917032,0.6402243471667045,0.3255237139528617,0.004017284139990807
kodim19,Kodak,kodim19,test,0.1,0.1001129150390625,0.05,2026,7ea20830047c402d65b3ad329a78988c4984596088edb53d4566b536c4f31734,admm,23.712526374587597,0.6464005352485085,0.3326220699818805,0.004217732232064009
kodim19,Kodak,kodim19,test,0.1,0.1001129150390625,0.05,2027,0624d93265dce89e588082945556bb1d3792251911b7ee675202830b8d22f204,adjoint,21.603657558524727,0.45174526505043106,0.0002099380362778902,0.0029250558000057936
kodim19,Kodak,kodim19,test,0.1,0.1001129150390625,0.05,2027,0624d93265dce89e588082945556bb1d3792251911b7ee675202830b8d22f204,fista_dct,21.440253977432114,0.4414798238262885,0.34961484593804926,0.001124325324781239
kodim19,Kodak,kodim19,test,0.1,0.1001129150390625,0.05,2027,0624d93265dce89e588082945556bb1d3792251911b7ee675202830b8d22f204,hqs,23.845304323717976,0.6463045519018492,0.32513188500888646,0.003965266048908234
kodim19,Kodak,kodim19,test,0.1,0.1001129150390625,0.05,2027,0624d93265dce89e588082945556bb1d3792251911b7ee675202830b8d22f204,admm,23.903050615674772,0.6560183963253357,0.3256754190661013,0.004527703858911991
kodim19,Kodak,kodim19,test,0.1,0.1001129150390625,0.05,2028,caf9dc9484a81c92f3ef313be9a90bfe28230a5531509ab674e50e02fdfdcec7,adjoint,21.59349345557054,0.45147409558142165,0.00021042604930698872,0.0029442282393574715
kodim19,Kodak,kodim19,test,0.1,0.1001129150390625,0.05,2028,caf9dc9484a81c92f3ef313be9a90bfe28230a5531509ab674e50e02fdfdcec7,fista_dct,21.41911999023907,0.440898764098626,0.35074660601094365,0.0010368844959884882
kodim19,Kodak,kodim19,test,0.1,0.1001129150390625,0.05,2028,caf9dc9484a81c92f3ef313be9a90bfe28230a5531509ab674e50e02fdfdcec7,hqs,23.829097894014343,0.6436264275658196,0.3290766120189801,0.0037943122442811728
kodim19,Kodak,kodim19,test,0.1,0.1001129150390625,0.05,2028,caf9dc9484a81c92f3ef313be9a90bfe28230a5531509ab674e50e02fdfdcec7,admm,23.78102915880449,0.6474076128750788,0.3300788259366527,0.004381714854389429
kodim20,Kodak,kodim20,test,0.01,0.01031494140625,0.0,2026,605b2aad8f6dbc587b65ad4c2fac34a440277bff1a2fb97f9098703c1ccafe93,adjoint,21.038464313794528,0.43143339896280924,0.00011101900599896908,0.021734608337283134
kodim20,Kodak,kodim20,test,0.01,0.01031494140625,0.0,2026,605b2aad8f6dbc587b65ad4c2fac34a440277bff1a2fb97f9098703c1ccafe93,fista_dct,21.764597127283682,0.5928010160211993,0.3130291100824252,0.015747837722301483
kodim20,Kodak,kodim20,test,0.01,0.01031494140625,0.0,2026,605b2aad8f6dbc587b65ad4c2fac34a440277bff1a2fb97f9098703c1ccafe93,hqs,25.366454300412045,0.7872932485987074,0.3248264850117266,0.0028805613983422518
kodim20,Kodak,kodim20,test,0.01,0.01031494140625,0.0,2026,605b2aad8f6dbc587b65ad4c2fac34a440277bff1a2fb97f9098703c1ccafe93,admm,25.153540518519577,0.781472194496259,0.3235137870069593,0.0037306835874915123
kodim20,Kodak,kodim20,test,0.04,0.041259765625,0.0,2026,90f0d42129e572206a7b890b18895d7bf4c95ee229bd868de7c4804eeb118d67,adjoint,23.41941891903463,0.5132552070402421,0.00018716708291321993,0.018064238131046295
kodim20,Kodak,kodim20,test,0.04,0.041259765625,0.0,2026,90f0d42129e572206a7b890b18895d7bf4c95ee229bd868de7c4804eeb118d67,fista_dct,24.395120775354865,0.636862778530572,0.32712572696618736,0.012784816324710846
kodim20,Kodak,kodim20,test,0.04,0.041259765625,0.0,2026,90f0d42129e572206a7b890b18895d7bf4c95ee229bd868de7c4804eeb118d67,hqs,29.35967189581062,0.8875136461715475,0.3280374889727682,0.0020352290011942387
kodim20,Kodak,kodim20,test,0.04,0.041259765625,0.0,2026,90f0d42129e572206a7b890b18895d7bf4c95ee229bd868de7c4804eeb118d67,admm,29.37510004362978,0.8870251884289384,0.3242104280507192,0.0024520340375602245
kodim20,Kodak,kodim20,test,0.1,0.1001129150390625,0.0,2026,bf3ab6d2c2eb28686beef3d33f392645c195489cc9616140b04a3554d064e9c6,adjoint,25.12841096808056,0.5901982348581601,0.00018256704788655043,0.015691248700022697
kodim20,Kodak,kodim20,test,0.1,0.1001129150390625,0.0,2026,bf3ab6d2c2eb28686beef3d33f392645c195489cc9616140b04a3554d064e9c6,fista_dct,26.155616411017263,0.688255542784323,0.3513852299656719,0.011115561239421368
kodim20,Kodak,kodim20,test,0.1,0.1001129150390625,0.0,2026,bf3ab6d2c2eb28686beef3d33f392645c195489cc9616140b04a3554d064e9c6,hqs,32.818224851961354,0.9370997766563892,0.3245006649522111,0.00209986325353384
kodim20,Kodak,kodim20,test,0.1,0.1001129150390625,0.0,2026,bf3ab6d2c2eb28686beef3d33f392645c195489cc9616140b04a3554d064e9c6,admm,32.82999491894003,0.936603315723896,0.32834939495660365,0.002027099719271064
kodim20,Kodak,kodim20,test,0.25,0.25,0.0,2026,1034c6a2c1c9675d898587ae972374edd386e364b19ad8d713ca1ec05fbde907,adjoint,27.661702351690998,0.6969125756801963,0.0002494009677320719,0.012820053845643997
kodim20,Kodak,kodim20,test,0.25,0.25,0.0,2026,1034c6a2c1c9675d898587ae972374edd386e364b19ad8d713ca1ec05fbde907,fista_dct,28.680440973935312,0.7830240634114891,0.37332042201887816,0.008800775744020939
kodim20,Kodak,kodim20,test,0.25,0.25,0.0,2026,1034c6a2c1c9675d898587ae972374edd386e364b19ad8d713ca1ec05fbde907,hqs,38.04227572710475,0.9723995657892227,0.3261763129848987,0.001447471440769732
kodim20,Kodak,kodim20,test,0.25,0.25,0.0,2026,1034c6a2c1c9675d898587ae972374edd386e364b19ad8d713ca1ec05fbde907,admm,38.01452574044727,0.972089285077095,0.3280992740765214,0.0014264248311519623
kodim20,Kodak,kodim20,test,0.5,0.4998931884765625,0.0,2026,ec509ddf0288535e96c45801e551e3db1053f9d6949fba2456e17929f0e3cf5a,adjoint,30.574587204063587,0.7875468369204998,0.0003181019565090537,0.010968752205371857
kodim20,Kodak,kodim20,test,0.5,0.4998931884765625,0.0,2026,ec509ddf0288535e96c45801e551e3db1053f9d6949fba2456e17929f0e3cf5a,fista_dct,31.87715189371374,0.8626566564221382,0.4323922350304201,0.007141354493796825
kodim20,Kodak,kodim20,test,0.5,0.4998931884765625,0.0,2026,ec509ddf0288535e96c45801e551e3db1053f9d6949fba2456e17929f0e3cf5a,hqs,42.652326047193505,0.9884389146709442,0.3275029920041561,0.001026635873131454
kodim20,Kodak,kodim20,test,0.5,0.4998931884765625,0.0,2026,ec509ddf0288535e96c45801e551e3db1053f9d6949fba2456e17929f0e3cf5a,admm,42.67823865314233,0.9883209764404297,0.32737777300644666,0.001027033431455493
kodim20,Kodak,kodim20,test,0.1,0.1001129150390625,0.01,2026,83514104c81717403121efdff6018ad91e8391b1357f8e41a510c856500192ed,adjoint,25.06329260052381,0.5840505660789749,0.00018684705719351768,0.015989204868674278
kodim20,Kodak,kodim20,test,0.1,0.1001129150390625,0.01,2026,83514104c81717403121efdff6018ad91e8391b1357f8e41a510c856500192ed,fista_dct,26.09625419188443,0.6797867376884017,0.3666234570555389,0.011720591224730015
kodim20,Kodak,kodim20,test,0.1,0.1001129150390625,0.01,2026,83514104c81717403121efdff6018ad91e8391b1357f8e41a510c856500192ed,hqs,31.20843813540595,0.9094754992703199,0.35160511604044586,0.0022969087585806847
kodim20,Kodak,kodim20,test,0.1,0.1001129150390625,0.01,2026,83514104c81717403121efdff6018ad91e8391b1357f8e41a510c856500192ed,admm,31.32941228751068,0.9131832348738909,0.32399247505236417,0.0029308961238712072
kodim20,Kodak,kodim20,test,0.1,0.1001129150390625,0.01,2027,68a147bd4e11449ec2aa36775c9f59336854166db3300b7255dd8144933679cc,adjoint,25.070122550991453,0.584632820202806,0.00019049097318202257,0.016078222543001175
kodim20,Kodak,kodim20,test,0.1,0.1001129150390625,0.01,2027,68a147bd4e11449ec2aa36775c9f59336854166db3300b7255dd8144933679cc,fista_dct,26.013689194499747,0.6733692352436967,0.3516793199814856,0.011922514997422695
kodim20,Kodak,kodim20,test,0.1,0.1001129150390625,0.01,2027,68a147bd4e11449ec2aa36775c9f59336854166db3300b7255dd8144933679cc,hqs,31.113665386116306,0.9086312941362857,0.3262845770223066,0.0022574225440621376
kodim20,Kodak,kodim20,test,0.1,0.1001129150390625,0.01,2027,68a147bd4e11449ec2aa36775c9f59336854166db3300b7255dd8144933679cc,admm,31.26585319257545,0.9129871499102116,0.32371387199964374,0.0029591068159788847
kodim20,Kodak,kodim20,test,0.1,0.1001129150390625,0.01,2028,b53bf740c99dfe939a9ddf4f3ef8af595a7e4a2e7565a7ea05195e5c3d1dd533,adjoint,25.06972429580651,0.585060573109783,0.00017429597210139036,0.0161747969686985
kodim20,Kodak,kodim20,test,0.1,0.1001129150390625,0.01,2028,b53bf740c99dfe939a9ddf4f3ef8af595a7e4a2e7565a7ea05195e5c3d1dd533,fista_dct,25.9781569002328,0.671629327058034,0.3452803009422496,0.012108192779123783
kodim20,Kodak,kodim20,test,0.1,0.1001129150390625,0.01,2028,b53bf740c99dfe939a9ddf4f3ef8af595a7e4a2e7565a7ea05195e5c3d1dd533,hqs,31.108721992584158,0.9095274515616893,0.32859510206617415,0.002397053875029087
kodim20,Kodak,kodim20,test,0.1,0.1001129150390625,0.01,2028,b53bf740c99dfe939a9ddf4f3ef8af595a7e4a2e7565a7ea05195e5c3d1dd533,admm,31.2704747844653,0.9135769434149266,0.3301047900458798,0.003072206163778901
kodim20,Kodak,kodim20,test,0.1,0.1001129150390625,0.05,2026,cce3b5a5b400b6ab01e1f28bb11324d6b0fab93ff188a9e69a140719904e5fa4,adjoint,23.819507398741926,0.4889161940166026,0.0002025070134550333,0.023566070944070816
kodim20,Kodak,kodim20,test,0.1,0.1001129150390625,0.05,2026,cce3b5a5b400b6ab01e1f28bb11324d6b0fab93ff188a9e69a140719904e5fa4,fista_dct,23.889183291864825,0.5038262272381162,0.3545618139905855,0.02451123297214508
kodim20,Kodak,kodim20,test,0.1,0.1001129150390625,0.05,2026,cce3b5a5b400b6ab01e1f28bb11324d6b0fab93ff188a9e69a140719904e5fa4,hqs,23.847557534002405,0.5845649999171976,0.3272811910137534,0.007096122018992901
kodim20,Kodak,kodim20,test,0.1,0.1001129150390625,0.05,2026,cce3b5a5b400b6ab01e1f28bb11324d6b0fab93ff188a9e69a140719904e5fa4,admm,24.14653275217866,0.5728701371811635,0.3239938810002059,0.007653997279703617
kodim20,Kodak,kodim20,test,0.1,0.1001129150390625,0.05,2027,5c85508326a4b2dc7050d81ba48922ba6570020f09bc17d88061d6f426211f82,adjoint,23.83418163506565,0.49051602027870855,0.00020660599693655968,0.024112898856401443
kodim20,Kodak,kodim20,test,0.1,0.1001129150390625,0.05,2027,5c85508326a4b2dc7050d81ba48922ba6570020f09bc17d88061d6f426211f82,fista_dct,23.77976887619464,0.4992147058663721,0.3551097339950502,0.025160226970911026
kodim20,Kodak,kodim20,test,0.1,0.1001129150390625,0.05,2027,5c85508326a4b2dc7050d81ba48922ba6570020f09bc17d88061d6f426211f82,hqs,23.685670874451695,0.5884516587732036,0.32529969490133226,0.007586203049868345
kodim20,Kodak,kodim20,test,0.1,0.1001129150390625,0.05,2027,5c85508326a4b2dc7050d81ba48922ba6570020f09bc17d88061d6f426211f82,admm,24.07143352780603,0.5698751514615342,0.32670381502248347,0.008202779106795788
kodim20,Kodak,kodim20,test,0.1,0.1001129150390625,0.05,2028,1532717cfcd16d52f2976fc8921f4c275e552b6ac59661290bbe635e22045033,adjoint,23.809669901008192,0.4900935394483224,0.00018501898739486933,0.024601655080914497
kodim20,Kodak,kodim20,test,0.1,0.1001129150390625,0.05,2028,1532717cfcd16d52f2976fc8921f4c275e552b6ac59661290bbe635e22045033,fista_dct,23.75208854843042,0.4962338395496835,0.34685305692255497,0.025742799043655396
kodim20,Kodak,kodim20,test,0.1,0.1001129150390625,0.05,2028,1532717cfcd16d52f2976fc8921f4c275e552b6ac59661290bbe635e22045033,hqs,23.711934565996682,0.5861907836568195,0.3230634479550645,0.007908904924988747
kodim20,Kodak,kodim20,test,0.1,0.1001129150390625,0.05,2028,1532717cfcd16d52f2976fc8921f4c275e552b6ac59661290bbe635e22045033,admm,24.026773528235733,0.5637383594504746,0.32509146200027317,0.008495594374835491
kodim21,Kodak,kodim21,test,0.01,0.01031494140625,0.0,2026,03c9baa7bc789625a684a2729979516a7fc5f00a38cca91bb3e0a66280aad7d3,adjoint,20.781987776148604,0.36248807343970424,0.00013287004549056292,0.0028740440029650927
kodim21,Kodak,kodim21,test,0.01,0.01031494140625,0.0,2026,03c9baa7bc789625a684a2729979516a7fc5f00a38cca91bb3e0a66280aad7d3,fista_dct,21.19694085426176,0.47873853096840613,0.3104473249986768,0.0044371262192726135
kodim21,Kodak,kodim21,test,0.01,0.01031494140625,0.0,2026,03c9baa7bc789625a684a2729979516a7fc5f00a38cca91bb3e0a66280aad7d3,hqs,22.790103166531143,0.6296505064154642,0.3380028819665313,0.004092826507985592
kodim21,Kodak,kodim21,test,0.01,0.01031494140625,0.0,2026,03c9baa7bc789625a684a2729979516a7fc5f00a38cca91bb3e0a66280aad7d3,admm,22.745740645590942,0.628109291207636,0.3301231840159744,0.005711032543331385
kodim21,Kodak,kodim21,test,0.04,0.041259765625,0.0,2026,b69cf6c8387d739e90b5f021fdc11ba90b2269ab1de2781b53c567494ef99822,adjoint,22.529777616673616,0.4374427591583831,0.00017762603238224983,0.003998006694018841
kodim21,Kodak,kodim21,test,0.04,0.041259765625,0.0,2026,b69cf6c8387d739e90b5f021fdc11ba90b2269ab1de2781b53c567494ef99822,fista_dct,22.95974196380036,0.5062091647756116,0.326464805053547,0.004111047368496656
kodim21,Kodak,kodim21,test,0.04,0.041259765625,0.0,2026,b69cf6c8387d739e90b5f021fdc11ba90b2269ab1de2781b53c567494ef99822,hqs,25.470298509681445,0.7729445861506211,0.3274263869971037,0.0033913555089384317
kodim21,Kodak,kodim21,test,0.04,0.041259765625,0.0,2026,b69cf6c8387d739e90b5f021fdc11ba90b2269ab1de2781b53c567494ef99822,admm,25.42977100351014,0.7703239130661301,0.3283498380333185,0.0048869396559894085
kodim21,Kodak,kodim21,test,0.1,0.1001129150390625,0.0,2026,59d4d3ff8ed81341a3613e71dc3376bffd663308696c72b9b8663c5547317f33,adjoint,24.083505395000824,0.5337908990863062,0.00021694297902286053,0.0043519968166947365
kodim21,Kodak,kodim21,test,0.1,0.1001129150390625,0.0,2026,59d4d3ff8ed81341a3613e71dc3376bffd663308696c72b9b8663c5547317f33,fista_dct,24.280696529003226,0.5684269412811844,0.3623847729759291,0.003586933482438326
kodim21,Kodak,kodim21,test,0.1,0.1001129150390625,0.0,2026,59d4d3ff8ed81341a3613e71dc3376bffd663308696c72b9b8663c5547317f33,hqs,27.94711319187702,0.8664759727957249,0.326262642047368,0.003287765895947814
kodim21,Kodak,kodim21,test,0.1,0.1001129150390625,0.0,2026,59d4d3ff8ed81341a3613e71dc3376bffd663308696c72b9b8663c5547317f33,admm,27.993071288609478,0.8663740507929325,0.3277700680773705,0.004223146475851536
kodim21,Kodak,kodim21,test,0.25,0.25,0.0,2026,7041c82b3c4e0aa5683a65a399abff71d8e2fab8a5271352915133e04d71d8c3,adjoint,26.289315789951733,0.6547366877552271,0.00024681701324880123,0.004520008340477943
kodim21,Kodak,kodim21,test,0.25,0.25,0.0,2026,7041c82b3c4e0aa5683a65a399abff71d8e2fab8a5271352915133e04d71d8c3,fista_dct,26.59970105259677,0.6928223045165539,0.38572321995161474,0.003014754271134734
kodim21,Kodak,kodim21,test,0.25,0.25,0.0,2026,7041c82b3c4e0aa5683a65a399abff71d8e2fab8a5271352915133e04d71d8c3,hqs,32.06181042583868,0.9427214854168892,0.32446257199626416,0.002445195335894823
kodim21,Kodak,kodim21,test,0.25,0.25,0.0,2026,7041c82b3c4e0aa5683a65a399abff71d8e2fab8a5271352915133e04d71d8c3,admm,32.10619774378451,0.94270358325243,0.32812712097074836,0.0031408416107296944
kodim21,Kodak,kodim21,test,0.5,0.4998931884765625,0.0,2026,6a1be1ee03b5711044f7c1bf7fd22d1a7e84aea85880e0140449824f34aebc21,adjoint,29.14498021596449,0.770142778655529,0.0003376180538907647,0.005219839978963137
kodim21,Kodak,kodim21,test,0.5,0.4998931884765625,0.0,2026,6a1be1ee03b5711044f7c1bf7fd22d1a7e84aea85880e0140449824f34aebc21,fista_dct,29.34400436230269,0.7956037627522945,0.4249290289590135,0.0028977403417229652
kodim21,Kodak,kodim21,test,0.5,0.4998931884765625,0.0,2026,6a1be1ee03b5711044f7c1bf7fd22d1a7e84aea85880e0140449824f34aebc21,hqs,37.16288227668949,0.9792109297704696,0.32337027706671506,0.0021629033144563437
kodim21,Kodak,kodim21,test,0.5,0.4998931884765625,0.0,2026,6a1be1ee03b5711044f7c1bf7fd22d1a7e84aea85880e0140449824f34aebc21,admm,37.219822666322706,0.9790884741926194,0.3264338180888444,0.002634388394653797
kodim21,Kodak,kodim21,test,0.1,0.1001129150390625,0.01,2026,a1a8090e5930458d321418ee6d8f00b3a4f8ae1c7b7cfbac1cc671d9bfff5144,adjoint,24.057974900859804,0.5316428047516635,0.00021047901827841997,0.004380811471492052
kodim21,Kodak,kodim21,test,0.1,0.1001129150390625,0.01,2026,a1a8090e5930458d321418ee6d8f00b3a4f8ae1c7b7cfbac1cc671d9bfff5144,fista_dct,24.23448642612925,0.5632567533291988,0.35003543295897543,0.003931171726435423
kodim21,Kodak,kodim21,test,0.1,0.1001129150390625,0.01,2026,a1a8090e5930458d321418ee6d8f00b3a4f8ae1c7b7cfbac1cc671d9bfff5144,hqs,27.64855837884007,0.8572584899685383,0.32504297501873225,0.002916469471529126
kodim21,Kodak,kodim21,test,0.1,0.1001129150390625,0.01,2026,a1a8090e5930458d321418ee6d8f00b3a4f8ae1c7b7cfbac1cc671d9bfff5144,admm,27.721819231881053,0.8591530317678452,0.32558193907607347,0.004453695844858885
kodim21,Kodak,kodim21,test,0.1,0.1001129150390625,0.01,2027,889da85f6f20df6ad42bef01ea7f8c4ded9bd6541cd3b7aeb9a7732308db6afc,adjoint,24.057653558399373,0.5316265051736122,0.00019162194803357124,0.004409382585436106
kodim21,Kodak,kodim21,test,0.1,0.1001129150390625,0.01,2027,889da85f6f20df6ad42bef01ea7f8c4ded9bd6541cd3b7aeb9a7732308db6afc,fista_dct,24.23669802834945,0.5651548375919558,0.3482029850129038,0.0037794841919094324
kodim21,Kodak,kodim21,test,0.1,0.1001129150390625,0.01,2027,889da85f6f20df6ad42bef01ea7f8c4ded9bd6541cd3b7aeb9a7732308db6afc,hqs,27.635717967864906,0.8562396114060878,0.3270616880618036,0.0028694989159703255
kodim21,Kodak,kodim21,test,0.1,0.1001129150390625,0.01,2027,889da85f6f20df6ad42bef01ea7f8c4ded9bd6541cd3b7aeb9a7732308db6afc,admm,27.7177762649718,0.8593397319765091,0.3251677129883319,0.0045191156677901745
kodim21,Kodak,kodim21,test,0.1,0.1001129150390625,0.01,2028,c9dfbf775ee7227d84270b6fa59c8c38bde1e91409d6605a782aabee611dcf84,adjoint,24.057557578790533,0.5314244440245891,0.00019696296658366919,0.00444591511040926
kodim21,Kodak,kodim21,test,0.1,0.1001129150390625,0.01,2028,c9dfbf775ee7227d84270b6fa59c8c38bde1e91409d6605a782aabee611dcf84,fista_dct,24.230535794192967,0.5637980939949033,0.3497628179611638,0.0035882939118891954
kodim21,Kodak,kodim21,test,0.1,0.1001129150390625,0.01,2028,c9dfbf775ee7227d84270b6fa59c8c38bde1e91409d6605a782aabee611dcf84,hqs,27.65494024166852,0.8577427781150341,0.32470479898620397,0.0029123141430318356
kodim21,Kodak,kodim21,test,0.1,0.1001129150390625,0.01,2028,c9dfbf775ee7227d84270b6fa59c8c38bde1e91409d6605a782aabee611dcf84,admm,27.734922886654594,0.8604127916882038,0.3252154670190066,0.004615429323166609
kodim21,Kodak,kodim21,test,0.1,0.1001129150390625,0.05,2026,019298e80f8aef14742f1782a4195ad4759c77b9e0cf29ef0c5911b4e9de94d3,adjoint,23.490468514251013,0.4865963957241199,0.0002086219610646367,0.005030977074056864
kodim21,Kodak,kodim21,test,0.1,0.1001129150390625,0.05,2026,019298e80f8aef14742f1782a4195ad4759c77b9e0cf29ef0c5911b4e9de94d3,fista_dct,23.313699585382203,0.487408069866304,0.3609967309748754,0.0055672056041657925
kodim21,Kodak,kodim21,test,0.1,0.1001129150390625,0.05,2026,019298e80f8aef14742f1782a4195ad4759c77b9e0cf29ef0c5911b4e9de94d3,hqs,25.539906106086406,0.7038030557552714,0.32981496094726026,0.0023590547498315573
kodim21,Kodak,kodim21,test,0.1,0.1001129150390625,0.05,2026,019298e80f8aef14742f1782a4195ad4759c77b9e0cf29ef0c5911b4e9de94d3,admm,25.617609150639474,0.7197204852776248,0.32608902698848397,0.004556609783321619
kodim21,Kodak,kodim21,test,0.1,0.1001129150390625,0.05,2027,32653f270393585e3e560e130518522c51ac417a7424d18dcfc847ba89c00d9e,adjoint,23.478188164168433,0.48575057770072483,0.0001970080193132162,0.0053165084682404995
kodim21,Kodak,kodim21,test,0.1,0.1001129150390625,0.05,2027,32653f270393585e3e560e130518522c51ac417a7424d18dcfc847ba89c00d9e,fista_dct,23.284069538904355,0.4866534419705024,0.3545819609425962,0.005935174413025379
kodim21,Kodak,kodim21,test,0.1,0.1001129150390625,0.05,2027,32653f270393585e3e560e130518522c51ac417a7424d18dcfc847ba89c00d9e,hqs,25.479253582186093,0.6983580617026873,0.3272641890216619,0.0024304573889821768
kodim21,Kodak,kodim21,test,0.1,0.1001129150390625,0.05,2027,32653f270393585e3e560e130518522c51ac417a7424d18dcfc847ba89c00d9e,admm,25.585017880761953,0.7195317761930339,0.32631187804508954,0.004763208795338869
kodim21,Kodak,kodim21,test,0.1,0.1001129150390625,0.05,2028,5682d3977e86c2809646362ca9c18a59a79cee7b21da7805203eaeaf067db672,adjoint,23.46887795437324,0.4857412521475427,0.00020669400691986084,0.0053189960308372974
kodim21,Kodak,kodim21,test,0.1,0.1001129150390625,0.05,2028,5682d3977e86c2809646362ca9c18a59a79cee7b21da7805203eaeaf067db672,fista_dct,23.29132082882495,0.4880184493362061,0.35105416900478303,0.005892148241400719
kodim21,Kodak,kodim21,test,0.1,0.1001129150390625,0.05,2028,5682d3977e86c2809646362ca9c18a59a79cee7b21da7805203eaeaf067db672,hqs,25.447694906809673,0.7043707748724641,0.3370308429002762,0.002391392132267356
kodim21,Kodak,kodim21,test,0.1,0.1001129150390625,0.05,2028,5682d3977e86c2809646362ca9c18a59a79cee7b21da7805203eaeaf067db672,admm,25.556507906645805,0.7221754789879024,0.33282997994683683,0.004613344091922045
kodim22,Kodak,kodim22,test,0.01,0.01031494140625,0.0,2026,69e6c878c336937f60b3c381ebbbcf8a3671a3c9127fb59c5b274aee660ea1c7,adjoint,23.054884593012165,0.41297437084058447,0.00013485504314303398,0.0018064575269818306
kodim22,Kodak,kodim22,test,0.01,0.01031494140625,0.0,2026,69e6c878c336937f60b3c381ebbbcf8a3671a3c9127fb59c5b274aee660ea1c7,fista_dct,23.715051885889547,0.5058934106068999,0.31455693498719484,0.0002518608816899359
kodim22,Kodak,kodim22,test,0.01,0.01031494140625,0.0,2026,69e6c878c336937f60b3c381ebbbcf8a3671a3c9127fb59c5b274aee660ea1c7,hqs,24.59465336736704,0.5720590788980268,0.325814584037289,0.0027183983474969864
kodim22,Kodak,kodim22,test,0.01,0.01031494140625,0.0,2026,69e6c878c336937f60b3c381ebbbcf8a3671a3c9127fb59c5b274aee660ea1c7,admm,24.599410250119345,0.5700145863164287,0.3243853619787842,0.004360337741672993
kodim22,Kodak,kodim22,test,0.04,0.041259765625,0.0,2026,a6c33a889f3cc88464f9203008f1b529a26083c0f641a21b57f47788e581f942,adjoint,24.726400858939,0.5148338121933306,0.0001761239254847169,0.002400705823674798
kodim22,Kodak,kodim22,test,0.04,0.041259765625,0.0,2026,a6c33a889f3cc88464f9203008f1b529a26083c0f641a21b57f47788e581f942,fista_dct,25.157419058157082,0.5682125158929388,0.32805169792845845,0.0005212115356698632
kodim22,Kodak,kodim22,test,0.04,0.041259765625,0.0,2026,a6c33a889f3cc88464f9203008f1b529a26083c0f641a21b57f47788e581f942,hqs,27.237415649126483,0.7240744401278868,0.32428711105603725,0.002111565787345171
kodim22,Kodak,kodim22,test,0.04,0.041259765625,0.0,2026,a6c33a889f3cc88464f9203008f1b529a26083c0f641a21b57f47788e581f942,admm,27.246329485680498,0.722428219888553,0.32613516598939896,0.0039155432023108006
kodim22,Kodak,kodim22,test,0.1,0.1001129150390625,0.0,2026,715791871bba2feb44dd3fa362f3d854cf0a624b5f17fe19536e23cb32fb5d0a,adjoint,26.0398508079243,0.6061609730601292,0.0002143089659512043,0.0029219428543001413
kodim22,Kodak,kodim22,test,0.1,0.1001129150390625,0.0,2026,715791871bba2feb44dd3fa362f3d854cf0a624b5f17fe19536e23cb32fb5d0a,fista_dct,26.40497740810828,0.6440663762700893,0.35369378502946347,0.0008085542940534651
kodim22,Kodak,kodim22,test,0.1,0.1001129150390625,0.0,2026,715791871bba2feb44dd3fa362f3d854cf0a624b5f17fe19536e23cb32fb5d0a,hqs,29.730413312941735,0.8230215022837706,0.3254254780476913,0.0019302844302728772
kodim22,Kodak,kodim22,test,0.1,0.1001129150390625,0.0,2026,715791871bba2feb44dd3fa362f3d854cf0a624b5f17fe19536e23cb32fb5d0a,admm,29.81474957010686,0.8230694793854132,0.32610835100058466,0.003163969377055764
kodim22,Kodak,kodim22,test,0.25,0.25,0.0,2026,8ea5d1b20f4facb08dae9c30203f193b5ef2228898e1171f7d72e9ae35850e6b,adjoint,28.152271108474082,0.7273823987460807,0.0002422350225970149,0.0036677599418908358
kodim22,Kodak,kodim22,test,0.25,0.25,0.0,2026,8ea5d1b20f4facb08dae9c30203f193b5ef2228898e1171f7d72e9ae35850e6b,fista_dct,28.20686104656342,0.7401039990920835,0.37617819709703326,0.0012990153627470136
kodim22,Kodak,kodim22,test,0.25,0.25,0.0,2026,8ea5d1b20f4facb08dae9c30203f193b5ef2228898e1171f7d72e9ae35850e6b,hqs,33.555745458350266,0.9158011227025986,0.3285570789594203,0.0018654168816283345
kodim22,Kodak,kodim22,test,0.25,0.25,0.0,2026,8ea5d1b20f4facb08dae9c30203f193b5ef2228898e1171f7d72e9ae35850e6b,admm,33.550880976514186,0.9148052051987648,0.32632239791564643,0.002601706888526678
kodim22,Kodak,kodim22,test,0.5,0.4998931884765625,0.0,2026,95eefbb691d1f7d4f525b64ab93b70837991297ad580040caeaa05361eac01b6,adjoint,30.897787392313578,0.8287224041899443,0.0003350359620526433,0.004762391559779644
kodim22,Kodak,kodim22,test,0.5,0.4998931884765625,0.0,2026,95eefbb691d1f7d4f525b64ab93b70837991297ad580040caeaa05361eac01b6,fista_dct,30.80076849974143,0.8337225602072478,0.42652795393951237,0.0017594582168385386
kodim22,Kodak,kodim22,test,0.5,0.4998931884765625,0.0,2026,95eefbb691d1f7d4f525b64ab93b70837991297ad580040caeaa05361eac01b6,hqs,38.11771763322558,0.9671499781484604,0.3436666780617088,0.0015633180737495422
kodim22,Kodak,kodim22,test,0.5,0.4998931884765625,0.0,2026,95eefbb691d1f7d4f525b64ab93b70837991297ad580040caeaa05361eac01b6,admm,38.15438255992186,0.9669000247173309,0.34621829993557185,0.0021328080911189318
kodim22,Kodak,kodim22,test,0.1,0.1001129150390625,0.01,2026,5d97967ab4dac9cf5204bce10db9d769d81203581dcb40f65ade485e8f43f8e7,adjoint,25.998698708221482,0.6024296033382853,0.00029961997643113136,0.002921843668445945
kodim22,Kodak,kodim22,test,0.1,0.1001129150390625,0.01,2026,5d97967ab4dac9cf5204bce10db9d769d81203581dcb40f65ade485e8f43f8e7,fista_dct,26.344549258537107,0.6384441310650371,0.39446443296037614,0.0008132553193718195
kodim22,Kodak,kodim22,test,0.1,0.1001129150390625,0.01,2026,5d97967ab4dac9cf5204bce10db9d769d81203581dcb40f65ade485e8f43f8e7,hqs,29.540432891963388,0.8134016728769988,0.34138714405708015,0.001785207074135542
kodim22,Kodak,kodim22,test,0.1,0.1001129150390625,0.01,2026,5d97967ab4dac9cf5204bce10db9d769d81203581dcb40f65ade485e8f43f8e7,admm,29.623628427443464,0.8151416992232203,0.34447783697396517,0.0034793054219335318
kodim22,Kodak,kodim22,test,0.1,0.1001129150390625,0.01,2027,d85c15144a047a0e59289e940a6f236dc8a6959d4ebd93479d2e21f9852fb9db,adjoint,25.998068977584175,0.6026047860583449,0.0003371869679540396,0.0029211577493697405
kodim22,Kodak,kodim22,test,0.1,0.1001129150390625,0.01,2027,d85c15144a047a0e59289e940a6f236dc8a6959d4ebd93479d2e21f9852fb9db,fista_dct,26.345158453515527,0.6387330046480522,0.3913894499419257,0.000805517251137644
kodim22,Kodak,kodim22,test,0.1,0.1001129150390625,0.01,2027,d85c15144a047a0e59289e940a6f236dc8a6959d4ebd93479d2e21f9852fb9db,hqs,29.447555996063738,0.811041279308483,0.34138490399345756,0.0017738447058945894
kodim22,Kodak,kodim22,test,0.1,0.1001129150390625,0.01,2027,d85c15144a047a0e59289e940a6f236dc8a6959d4ebd93479d2e21f9852fb9db,admm,29.556895437817982,0.813714610426873,0.34598936093971133,0.003315920243039727
kodim22,Kodak,kodim22,test,0.1,0.1001129150390625,0.01,2028,9907ff00195cffa4b9b60a349132d809db68b8a91156a4ac55c417e67ced4c21,adjoint,25.99794153524271,0.6021417059283648,0.0002651970135048032,0.0029216010589152575
kodim22,Kodak,kodim22,test,0.1,0.1001129150390625,0.01,2028,9907ff00195cffa4b9b60a349132d809db68b8a91156a4ac55c417e67ced4c21,fista_dct,26.319836928232633,0.6339582908388749,0.390483928960748,0.0007983993273228407
kodim22,Kodak,kodim22,test,0.1,0.1001129150390625,0.01,2028,9907ff00195cffa4b9b60a349132d809db68b8a91156a4ac55c417e67ced4c21,hqs,29.4874178333931,0.8123599873778038,0.3416898139985278,0.001798294484615326
kodim22,Kodak,kodim22,test,0.1,0.1001129150390625,0.01,2028,9907ff00195cffa4b9b60a349132d809db68b8a91156a4ac55c417e67ced4c21,admm,29.554450978439824,0.814113704814598,0.3456734321080148,0.0033716242760419846
kodim22,Kodak,kodim22,test,0.1,0.1001129150390625,0.05,2026,8e419684e253b98a727ba39f636b288d48cfa4c966981202d75b91d7b6112d31,adjoint,25.114199106621,0.527998111542298,0.00026339595206081867,0.0029220052529126406
kodim22,Kodak,kodim22,test,0.1,0.1001129150390625,0.05,2026,8e419684e253b98a727ba39f636b288d48cfa4c966981202d75b91d7b6112d31,fista_dct,24.861350367987292,0.5169845134837209,0.40365306404419243,0.0008958163089118898
kodim22,Kodak,kodim22,test,0.1,0.1001129150390625,0.05,2026,8e419684e253b98a727ba39f636b288d48cfa4c966981202d75b91d7b6112d31,hqs,26.93066544394287,0.6586048505594321,0.36720208497717977,0.0020355256274342537
kodim22,Kodak,kodim22,test,0.1,0.1001129150390625,0.05,2026,8e419684e253b98a727ba39f636b288d48cfa4c966981202d75b91d7b6112d31,admm,27.04502350765049,0.6689189997986406,0.33336865599267185,0.0038300815504044294
kodim22,Kodak,kodim22,test,0.1,0.1001129150390625,0.05,2027,59aa43795a168a8a7345f65c641d7553934ac532a0869f0458e6f01cd8bb4ec1,adjoint,25.099973215131065,0.529038594155753,0.00020876096095889807,0.0029179337434470654
kodim22,Kodak,kodim22,test,0.1,0.1001129150390625,0.05,2027,59aa43795a168a8a7345f65c641d7553934ac532a0869f0458e6f01cd8bb4ec1,fista_dct,24.858251224138183,0.5177599499115345,0.34854843898210675,0.0009561002370901406
kodim22,Kodak,kodim22,test,0.1,0.1001129150390625,0.05,2027,59aa43795a168a8a7345f65c641d7553934ac532a0869f0458e6f01cd8bb4ec1,hqs,26.828591069512534,0.6576508936136923,0.32322799297980964,0.001815184485167265
kodim22,Kodak,kodim22,test,0.1,0.1001129150390625,0.05,2027,59aa43795a168a8a7345f65c641d7553934ac532a0869f0458e6f01cd8bb4ec1,admm,26.92864318806548,0.6660900591871776,0.32626153610181063,0.00329738506115973
kodim22,Kodak,kodim22,test,0.1,0.1001129150390625,0.05,2028,182a93a51bd619916d16f2a4abef7728d923c4601885512a0c8fc32e7f2ebeca,adjoint,25.09871288186352,0.5270946008453146,0.0002277800813317299,0.002922763116657734
kodim22,Kodak,kodim22,test,0.1,0.1001129150390625,0.05,2028,182a93a51bd619916d16f2a4abef7728d923c4601885512a0c8fc32e7f2ebeca,fista_dct,24.831209326359428,0.5114533365158019,0.3566713450709358,0.0008200802840292454
kodim22,Kodak,kodim22,test,0.1,0.1001129150390625,0.05,2028,182a93a51bd619916d16f2a4abef7728d923c4601885512a0c8fc32e7f2ebeca,hqs,26.893138920623198,0.6579186552709658,0.3273427669191733,0.0018947279313579202
kodim22,Kodak,kodim22,test,0.1,0.1001129150390625,0.05,2028,182a93a51bd619916d16f2a4abef7728d923c4601885512a0c8fc32e7f2ebeca,admm,26.959309800456968,0.6656311237759138,0.32470055704470724,0.0035075172781944275
kodim23,Kodak,kodim23,test,0.01,0.01031494140625,0.0,2026,81b2c4b321c0ee85c94b82f5e2d028992dd7c6eab38c2a587e960765e417d20f,adjoint,22.647557221913843,0.4698080941711833,0.00013420998584479094,0.002241644077003002
kodim23,Kodak,kodim23,test,0.01,0.01031494140625,0.0,2026,81b2c4b321c0ee85c94b82f5e2d028992dd7c6eab38c2a587e960765e417d20f,fista_dct,23.666047873242128,0.6454805175542982,0.3106159570161253,0.0033319038338959217
kodim23,Kodak,kodim23,test,0.01,0.01031494140625,0.0,2026,81b2c4b321c0ee85c94b82f5e2d028992dd7c6eab38c2a587e960765e417d20f,hqs,25.443575111100042,0.7669587433945737,0.32450975000392646,0.0026369113475084305
kodim23,Kodak,kodim23,test,0.01,0.01031494140625,0.0,2026,81b2c4b321c0ee85c94b82f5e2d028992dd7c6eab38c2a587e960765e417d20f,admm,25.41003332517688,0.7672273652919525,0.3244240110507235,0.00478713633492589
kodim23,Kodak,kodim23,test,0.04,0.041259765625,0.0,2026,9cf3ee25ad65f93c252e259bb34b95fcfcc221cac350797422e27284268424e3,adjoint,24.700646825315914,0.5593990177300749,0.0001778770238161087,0.003096056869253516
kodim23,Kodak,kodim23,test,0.04,0.041259765625,0.0,2026,9cf3ee25ad65f93c252e259bb34b95fcfcc221cac350797422e27284268424e3,fista_dct,25.755480087033774,0.6882511674131547,0.32723896799143404,0.002112666377797723
kodim23,Kodak,kodim23,test,0.04,0.041259765625,0.0,2026,9cf3ee25ad65f93c252e259bb34b95fcfcc221cac350797422e27284268424e3,hqs,29.182067316241476,0.8798404891701266,0.32795105199329555,0.001982669113203883
kodim23,Kodak,kodim23,test,0.04,0.041259765625,0.0,2026,9cf3ee25ad65f93c252e259bb34b95fcfcc221cac350797422e27284268424e3,admm,29.268674562558346,0.879916899737902,0.3258678010897711,0.0033346095588058233
kodim23,Kodak,kodim23,test,0.1,0.1001129150390625,0.0,2026,2831e7f26b57f57fa75c4e8179a7bc353565e7d9903d100950ec8b2d94f92a88,adjoint,26.169427174515537,0.6327950509264841,0.00017838599160313606,0.003528055502101779
kodim23,Kodak,kodim23,test,0.1,0.1001129150390625,0.0,2026,2831e7f26b57f57fa75c4e8179a7bc353565e7d9903d100950ec8b2d94f92a88,fista_dct,27.011898413725,0.7166798970356502,0.35574877995532006,0.002066870452836156
kodim23,Kodak,kodim23,test,0.1,0.1001129150390625,0.0,2026,2831e7f26b57f57fa75c4e8179a7bc353565e7d9903d100950ec8b2d94f92a88,hqs,33.25963845122955,0.9426991541705132,0.32707168301567435,0.002090263646095991
kodim23,Kodak,kodim23,test,0.1,0.1001129150390625,0.0,2026,2831e7f26b57f57fa75c4e8179a7bc353565e7d9903d100950ec8b2d94f92a88,admm,33.22663270690745,0.9422731937670707,0.3291385199408978,0.0029050533194094896
kodim23,Kodak,kodim23,test,0.25,0.25,0.0,2026,c10c8cfa8f84672a1f1053f8a765b950fc49c0568244bc146712837ecfd7c059,adjoint,28.55560218005225,0.728666833638668,0.00022957497276365757,0.004113350994884968
kodim23,Kodak,kodim23,test,0.25,0.25,0.0,2026,c10c8cfa8f84672a1f1053f8a765b950fc49c0568244bc146712837ecfd7c059,fista_dct,29.467274524606232,0.7923773023499251,0.3732570649590343,0.0019330207724124193
kodim23,Kodak,kodim23,test,0.25,0.25,0.0,2026,c10c8cfa8f84672a1f1053f8a765b950fc49c0568244bc146712837ecfd7c059,hqs,38.75516568310482,0.9760411937026977,0.32813038502354175,0.0013492610305547714
kodim23,Kodak,kodim23,test,0.25,0.25,0.0,2026,c10c8cfa8f84672a1f1053f8a765b950fc49c0568244bc146712837ecfd7c059,admm,38.86405742725582,0.9762906347169876,0.32385008002165705,0.0016915941378101707
kodim23,Kodak,kodim23,test,0.5,0.4998931884765625,0.0,2026,a1af191803d92618d147254349100f4537d0fc98d8e1fd46e78877fdb174ac02,adjoint,31.58770585440748,0.8189522143983841,0.0003485709894448519,0.005095739383250475
kodim23,Kodak,kodim23,test,0.5,0.4998931884765625,0.0,2026,a1af191803d92618d147254349100f4537d0fc98d8e1fd46e78877fdb174ac02,fista_dct,32.7709612118307,0.8702435182247162,0.43454044696409255,0.0021218808833509684
kodim23,Kodak,kodim23,test,0.5,0.4998931884765625,0.0,2026,a1af191803d92618d147254349100f4537d0fc98d8e1fd46e78877fdb174ac02,hqs,44.900906316197855,0.9907574981317521,0.32622024905867875,0.0011658130679279566
kodim23,Kodak,kodim23,test,0.5,0.4998931884765625,0.0,2026,a1af191803d92618d147254349100f4537d0fc98d8e1fd46e78877fdb174ac02,admm,44.972713474251975,0.9906981116018295,0.3416969949612394,0.0012675652978941798
kodim23,Kodak,kodim23,test,0.1,0.1001129150390625,0.01,2026,81e178f8fe1a059ebe04860de6418165f914dc620c94bc0681b27342bae6a013,adjoint,26.121600621119665,0.6280711153381094,0.00019344897009432316,0.0035120632965117693
kodim23,Kodak,kodim23,test,0.1,0.1001129150390625,0.01,2026,81e178f8fe1a059ebe04860de6418165f914dc620c94bc0681b27342bae6a013,fista_dct,26.950534226411147,0.7104559485922469,0.34727409994229674,0.0019444816280156374
kodim23,Kodak,kodim23,test,0.1,0.1001129150390625,0.01,2026,81e178f8fe1a059ebe04860de6418165f914dc620c94bc0681b27342bae6a013,hqs,32.50462894110714,0.9288775673375129,0.32339982397388667,0.0016847343649715185
kodim23,Kodak,kodim23,test,0.1,0.1001129150390625,0.01,2026,81e178f8fe1a059ebe04860de6418165f914dc620c94bc0681b27342bae6a013,admm,32.575712289219524,0.9313057839751243,0.3282422360498458,0.0029349529650062323
kodim23,Kodak,kodim23,test,0.1,0.1001129150390625,0.01,2027,a9b28866da5a9ca2d0faf375b7904410153a99e778d0e704646cbc870a549171,adjoint,26.121199777695807,0.6279833911993261,0.00020456104539334774,0.0035093205515295267
kodim23,Kodak,kodim23,test,0.1,0.1001129150390625,0.01,2027,a9b28866da5a9ca2d0faf375b7904410153a99e778d0e704646cbc870a549171,fista_dct,26.962285803899142,0.709028879888501,0.35165254201274365,0.002096994314342737
kodim23,Kodak,kodim23,test,0.1,0.1001129150390625,0.01,2027,a9b28866da5a9ca2d0faf375b7904410153a99e778d0e704646cbc870a549171,hqs,32.44406365661297,0.9288799825482369,0.3266398829873651,0.0017143675358965993
kodim23,Kodak,kodim23,test,0.1,0.1001129150390625,0.01,2027,a9b28866da5a9ca2d0faf375b7904410153a99e778d0e704646cbc870a549171,admm,32.4897638514176,0.9308740975160599,0.3287522030295804,0.0028121587820351124
kodim23,Kodak,kodim23,test,0.1,0.1001129150390625,0.01,2028,8ee6907af645f3c36e62fb7d53fb25e7aca7c662acde72667434992e9a2a5755,adjoint,26.12201130908851,0.6285454586177915,0.00020269607193768024,0.003553889924660325
kodim23,Kodak,kodim23,test,0.1,0.1001129150390625,0.01,2028,8ee6907af645f3c36e62fb7d53fb25e7aca7c662acde72667434992e9a2a5755,fista_dct,27.016988970787924,0.715789228916734,0.35482542403042316,0.002105905907228589
kodim23,Kodak,kodim23,test,0.1,0.1001129150390625,0.01,2028,8ee6907af645f3c36e62fb7d53fb25e7aca7c662acde72667434992e9a2a5755,hqs,32.45656741545488,0.9288140285410881,0.3294959069462493,0.0017026383429765701
kodim23,Kodak,kodim23,test,0.1,0.1001129150390625,0.01,2028,8ee6907af645f3c36e62fb7d53fb25e7aca7c662acde72667434992e9a2a5755,admm,32.514252761835465,0.9311574071722031,0.3267404929501936,0.0028219588566571474
kodim23,Kodak,kodim23,test,0.1,0.1001129150390625,0.05,2026,ffbcd0b0643957b2ce8384ba77e56bf18d657aca1e8da9f5bfe438e42bab3390,adjoint,25.112879276748984,0.5439458802748071,0.00019880000036209822,0.003936596680432558
kodim23,Kodak,kodim23,test,0.1,0.1001129150390625,0.05,2026,ffbcd0b0643957b2ce8384ba77e56bf18d657aca1e8da9f5bfe438e42bab3390,fista_dct,25.136758818375263,0.5527945616225762,0.35327515995595604,0.002937012119218707
kodim23,Kodak,kodim23,test,0.1,0.1001129150390625,0.05,2026,ffbcd0b0643957b2ce8384ba77e56bf18d657aca1e8da9f5bfe438e42bab3390,hqs,27.913100297756447,0.7220993913320303,0.3293561270693317,0.0017178322887048125
kodim23,Kodak,kodim23,test,0.1,0.1001129150390625,0.05,2026,ffbcd0b0643957b2ce8384ba77e56bf18d657aca1e8da9f5bfe438e42bab3390,admm,27.996221878720707,0.7320006723043918,0.3280562070431188,0.002724905963987112
kodim23,Kodak,kodim23,test,0.1,0.1001129150390625,0.05,2027,d51ad0d0a00539054684013a45fa1baa55b20b8330d9f55289faa72ed24fcc42,adjoint,25.11040574023433,0.5424077027047575,0.000229345983825624,0.003809282323345542
kodim23,Kodak,kodim23,test,0.1,0.1001129150390625,0.05,2027,d51ad0d0a00539054684013a45fa1baa55b20b8330d9f55289faa72ed24fcc42,fista_dct,25.113172547291683,0.5466476927319588,0.34971464902628213,0.0030696375761181116
kodim23,Kodak,kodim23,test,0.1,0.1001129150390625,0.05,2027,d51ad0d0a00539054684013a45fa1baa55b20b8330d9f55289faa72ed24fcc42,hqs,27.953775038594657,0.7247028300452736,0.3265805529663339,0.0016280522104352713
kodim23,Kodak,kodim23,test,0.1,0.1001129150390625,0.05,2027,d51ad0d0a00539054684013a45fa1baa55b20b8330d9f55289faa72ed24fcc42,admm,28.041408261987225,0.7354636066527441,0.3244736558990553,0.0026802909560501575
kodim23,Kodak,kodim23,test,0.1,0.1001129150390625,0.05,2028,d94eefccdf86eaa0c917e55f66721be1696e681d041c3dff39a4d5a7dfa699c2,adjoint,25.1138556263479,0.5446983596405564,0.00018417707178741693,0.004051020368933678
kodim23,Kodak,kodim23,test,0.1,0.1001129150390625,0.05,2028,d94eefccdf86eaa0c917e55f66721be1696e681d041c3dff39a4d5a7dfa699c2,fista_dct,25.14427377204557,0.5529953882683808,0.34703466098289937,0.004046472255140543
kodim23,Kodak,kodim23,test,0.1,0.1001129150390625,0.05,2028,d94eefccdf86eaa0c917e55f66721be1696e681d041c3dff39a4d5a7dfa699c2,hqs,27.950295288192727,0.7232393238345981,0.32667949702590704,0.0018499280558899045
kodim23,Kodak,kodim23,test,0.1,0.1001129150390625,0.05,2028,d94eefccdf86eaa0c917e55f66721be1696e681d041c3dff39a4d5a7dfa699c2,admm,28.039121123878257,0.7339567026598677,0.32580373296514153,0.002852652920410037
kodim24,Kodak,kodim24,test,0.01,0.01031494140625,0.0,2026,cafb8f83b496b5c8208e0aaafe8888f23aed197bdf5de418879bfb96845c567d,adjoint,20.474651158899544,0.3074166948019117,0.00013410497922450304,0.002429870655760169
kodim24,Kodak,kodim24,test,0.01,0.01031494140625,0.0,2026,cafb8f83b496b5c8208e0aaafe8888f23aed197bdf5de418879bfb96845c567d,fista_dct,21.27232473112071,0.4039113760067628,0.30674088397063315,0.00437338137999177
kodim24,Kodak,kodim24,test,0.01,0.01031494140625,0.0,2026,cafb8f83b496b5c8208e0aaafe8888f23aed197bdf5de418879bfb96845c567d,hqs,22.21219054995209,0.4784365325982674,0.32583363994490355,0.00418431218713522
kodim24,Kodak,kodim24,test,0.01,0.01031494140625,0.0,2026,cafb8f83b496b5c8208e0aaafe8888f23aed197bdf5de418879bfb96845c567d,admm,22.316629830580084,0.47949989577817353,0.32913898304104805,0.0060166469775140285
kodim24,Kodak,kodim24,test,0.04,0.041259765625,0.0,2026,f44137ff0fb7306ce75122c859e64e22f9372a766bbf1b5894ebd0549bd324ca,adjoint,22.0304799161843,0.4322297269426589,0.00016802200116217136,0.002815356245264411
kodim24,Kodak,kodim24,test,0.04,0.041259765625,0.0,2026,f44137ff0fb7306ce75122c859e64e22f9372a766bbf1b5894ebd0549bd324ca,fista_dct,22.776566492474487,0.5121453782921851,0.34215687203686684,0.00486984197050333
kodim24,Kodak,kodim24,test,0.04,0.041259765625,0.0,2026,f44137ff0fb7306ce75122c859e64e22f9372a766bbf1b5894ebd0549bd324ca,hqs,24.727295061911004,0.6784478372567541,0.3278849540511146,0.003544703358784318
kodim24,Kodak,kodim24,test,0.04,0.041259765625,0.0,2026,f44137ff0fb7306ce75122c859e64e22f9372a766bbf1b5894ebd0549bd324ca,admm,24.701903141635665,0.6768163741609868,0.32551174494437873,0.005367537960410118
kodim24,Kodak,kodim24,test,0.1,0.1001129150390625,0.0,2026,65c0d7bfaabc734b4c4e23168b4cbb136fd6c80539eaa517d1c3c473ba0aa88b,adjoint,23.398085250104383,0.5485599020927152,0.000302916974760592,0.0038353127893060446
kodim24,Kodak,kodim24,test,0.1,0.1001129150390625,0.0,2026,65c0d7bfaabc734b4c4e23168b4cbb136fd6c80539eaa517d1c3c473ba0aa88b,fista_dct,24.138954110488356,0.6182659004022192,0.40137457801029086,0.005136556923389435
kodim24,Kodak,kodim24,test,0.1,0.1001129150390625,0.0,2026,65c0d7bfaabc734b4c4e23168b4cbb136fd6c80539eaa517d1c3c473ba0aa88b,hqs,26.8561258915545,0.8143258165858984,0.39018159604165703,0.0034698613453656435
kodim24,Kodak,kodim24,test,0.1,0.1001129150390625,0.0,2026,65c0d7bfaabc734b4c4e23168b4cbb136fd6c80539eaa517d1c3c473ba0aa88b,admm,26.9368121663285,0.8164847878783942,0.33240287099033594,0.004575409460812807
kodim24,Kodak,kodim24,test,0.25,0.25,0.0,2026,552c7ce1ad5e440184a37de9a9386159e0f8c03cca82a27c6046624a63a8c19c,adjoint,25.454098639132834,0.6885183453485668,0.00022803398314863443,0.004957858473062515
kodim24,Kodak,kodim24,test,0.25,0.25,0.0,2026,552c7ce1ad5e440184a37de9a9386159e0f8c03cca82a27c6046624a63a8c19c,fista_dct,26.034641693718292,0.7375803542887047,0.44337533693760633,0.0058729215525090694
kodim24,Kodak,kodim24,test,0.25,0.25,0.0,2026,552c7ce1ad5e440184a37de9a9386159e0f8c03cca82a27c6046624a63a8c19c,hqs,31.149710086534803,0.9237385570888519,0.34229603793937713,0.0033177388831973076
kodim24,Kodak,kodim24,test,0.25,0.25,0.0,2026,552c7ce1ad5e440184a37de9a9386159e0f8c03cca82a27c6046624a63a8c19c,admm,31.162613809706244,0.9238793495311737,0.3427967829629779,0.0037736548110842705
kodim24,Kodak,kodim24,test,0.5,0.4998931884765625,0.0,2026,be95aa7aba08fbb522abcd9d5157fb68d52f4585b356bbf3cc24290bf6e13b49,adjoint,28.095894631746376,0.7986039552748203,0.00042829697486013174,0.006147217471152544
kodim24,Kodak,kodim24,test,0.5,0.4998931884765625,0.0,2026,be95aa7aba08fbb522abcd9d5157fb68d52f4585b356bbf3cc24290bf6e13b49,fista_dct,28.51091795657602,0.8270716481566429,0.49129849195014685,0.005827369634062052
kodim24,Kodak,kodim24,test,0.5,0.4998931884765625,0.0,2026,be95aa7aba08fbb522abcd9d5157fb68d52f4585b356bbf3cc24290bf6e13b49,hqs,36.977792295800334,0.975936856959343,0.3430244589690119,0.0027388844173401594
kodim24,Kodak,kodim24,test,0.5,0.4998931884765625,0.0,2026,be95aa7aba08fbb522abcd9d5157fb68d52f4585b356bbf3cc24290bf6e13b49,admm,36.99935954176899,0.9759037038850784,0.3412712779827416,0.0031262559350579977
kodim24,Kodak,kodim24,test,0.1,0.1001129150390625,0.01,2026,484541085044bbe3e1e1924f50d6a3efbfb720061f4a6eb76dde29020ffba2ab,adjoint,23.377820070064477,0.5468582847898207,0.00029042200185358524,0.0038409701082855463
kodim24,Kodak,kodim24,test,0.1,0.1001129150390625,0.01,2026,484541085044bbe3e1e1924f50d6a3efbfb720061f4a6eb76dde29020ffba2ab,fista_dct,24.10328906267445,0.6150667384659547,0.3733502969844267,0.005046450067311525
kodim24,Kodak,kodim24,test,0.1,0.1001129150390625,0.01,2026,484541085044bbe3e1e1924f50d6a3efbfb720061f4a6eb76dde29020ffba2ab,hqs,26.6084493135373,0.8038224570341707,0.32714762503746897,0.0031412008684128523
kodim24,Kodak,kodim24,test,0.1,0.1001129150390625,0.01,2026,484541085044bbe3e1e1924f50d6a3efbfb720061f4a6eb76dde29020ffba2ab,admm,26.773295846087443,0.8090586405855418,0.32382188993506134,0.004724212922155857
kodim24,Kodak,kodim24,test,0.1,0.1001129150390625,0.01,2027,33a507f66b13894cdb112958bbca10dae539bfbbeec07be86de2776c95951f9e,adjoint,23.378032719761343,0.5471105765009923,0.00020995305385440588,0.0038786514196544886
kodim24,Kodak,kodim24,test,0.1,0.1001129150390625,0.01,2027,33a507f66b13894cdb112958bbca10dae539bfbbeec07be86de2776c95951f9e,fista_dct,24.08198039761318,0.6126289198485089,0.3945715130539611,0.00525200180709362
kodim24,Kodak,kodim24,test,0.1,0.1001129150390625,0.01,2027,33a507f66b13894cdb112958bbca10dae539bfbbeec07be86de2776c95951f9e,hqs,26.71036876343692,0.8071636980645173,0.3279444369254634,0.0033949578646570444
kodim24,Kodak,kodim24,test,0.1,0.1001129150390625,0.01,2027,33a507f66b13894cdb112958bbca10dae539bfbbeec07be86de2776c95951f9e,admm,26.797114645710916,0.8102344833846111,0.3308260909980163,0.004651845432817936
kodim24,Kodak,kodim24,test,0.1,0.1001129150390625,0.01,2028,2b8f08d4f222e2681261b347299f93f365dcda388eba2186abddb69b809420c9,adjoint,23.378445856148836,0.5470486719135418,0.00020641100127249956,0.003824294079095125
kodim24,Kodak,kodim24,test,0.1,0.1001129150390625,0.01,2028,2b8f08d4f222e2681261b347299f93f365dcda388eba2186abddb69b809420c9,fista_dct,24.08301746796314,0.6122308528770893,0.34879851597361267,0.005036123562604189
kodim24,Kodak,kodim24,test,0.1,0.1001129150390625,0.01,2028,2b8f08d4f222e2681261b347299f93f365dcda388eba2186abddb69b809420c9,hqs,26.71076859644701,0.807066690675199,0.32689235103316605,0.003319260897114873
kodim24,Kodak,kodim24,test,0.1,0.1001129150390625,0.01,2028,2b8f08d4f222e2681261b347299f93f365dcda388eba2186abddb69b809420c9,admm,26.791717730332273,0.8099069617420063,0.324234785977751,0.004769087303429842
kodim24,Kodak,kodim24,test,0.1,0.1001129150390625,0.05,2026,6aa2b8c42f125591ae8c8c84c2b5f95c8b8af9c390b8595ef74260a7e3e7454f,adjoint,22.918395534522542,0.5112262745312618,0.0001982920803129673,0.0043343291617929935
kodim24,Kodak,kodim24,test,0.1,0.1001129150390625,0.05,2026,6aa2b8c42f125591ae8c8c84c2b5f95c8b8af9c390b8595ef74260a7e3e7454f,fista_dct,23.243244807124142,0.5462509173041943,0.34969406097661704,0.006523869466036558
kodim24,Kodak,kodim24,test,0.1,0.1001129150390625,0.05,2026,6aa2b8c42f125591ae8c8c84c2b5f95c8b8af9c390b8595ef74260a7e3e7454f,hqs,25.01649445436324,0.6891730189154325,0.32693493796978146,0.002663595136255026
kodim24,Kodak,kodim24,test,0.1,0.1001129150390625,0.05,2026,6aa2b8c42f125591ae8c8c84c2b5f95c8b8af9c390b8595ef74260a7e3e7454f,admm,25.093554415559236,0.6983813369916715,0.32943425397388637,0.004469613544642925
kodim24,Kodak,kodim24,test,0.1,0.1001129150390625,0.05,2027,7e880e4234c5386baa0751405532d0b1bc592d8c5c1f7ddc1aedfa56bb595351,adjoint,22.91960732837054,0.5126487772717587,0.00020344695076346397,0.00450455816462636
kodim24,Kodak,kodim24,test,0.1,0.1001129150390625,0.05,2027,7e880e4234c5386baa0751405532d0b1bc592d8c5c1f7ddc1aedfa56bb595351,fista_dct,23.211600964860676,0.5459213949823581,0.4045514320023358,0.007627024315297604
kodim24,Kodak,kodim24,test,0.1,0.1001129150390625,0.05,2027,7e880e4234c5386baa0751405532d0b1bc592d8c5c1f7ddc1aedfa56bb595351,hqs,25.038653726152504,0.6943267026488673,0.32753057801164687,0.0029298895969986916
kodim24,Kodak,kodim24,test,0.1,0.1001129150390625,0.05,2027,7e880e4234c5386baa0751405532d0b1bc592d8c5c1f7ddc1aedfa56bb595351,admm,25.106486817387307,0.7031665085718752,0.32651713001541793,0.004649641457945108
kodim24,Kodak,kodim24,test,0.1,0.1001129150390625,0.05,2028,5a3fbfb295dcb9e8aea3cec2323a41a2c0cf613bd4ad73723f23aada1c73a9d2,adjoint,22.933875884608,0.5130153462695195,0.0001950479345396161,0.004162496421486139
kodim24,Kodak,kodim24,test,0.1,0.1001129150390625,0.05,2028,5a3fbfb295dcb9e8aea3cec2323a41a2c0cf613bd4ad73723f23aada1c73a9d2,fista_dct,23.32017718070574,0.5512062978749401,0.3567672879435122,0.007076827343553305
kodim24,Kodak,kodim24,test,0.1,0.1001129150390625,0.05,2028,5a3fbfb295dcb9e8aea3cec2323a41a2c0cf613bd4ad73723f23aada1c73a9d2,hqs,25.07043380190077,0.6905633797007188,0.33277615800034255,0.002663059625774622
kodim24,Kodak,kodim24,test,0.1,0.1001129150390625,0.05,2028,5a3fbfb295dcb9e8aea3cec2323a41a2c0cf613bd4ad73723f23aada1c73a9d2,admm,25.122162275782593,0.6964044943528268,0.3624786729924381,0.004342450760304928
hevc_BQTerrace_f0000,HEVC_B,BQTerrace,test,0.01,0.01031494140625,0.0,2026,25b7f94e405d59703d4648c87db24f05613500a6f1977fdba4c02f34b4a254dc,adjoint,18.67764178087871,0.27048312302376004,0.00013850699178874493,0.002307979390025139
hevc_BQTerrace_f0000,HEVC_B,BQTerrace,test,0.01,0.01031494140625,0.0,2026,25b7f94e405d59703d4648c87db24f05613500a6f1977fdba4c02f34b4a254dc,fista_dct,19.14164854120379,0.35598525688702637,0.3163425138918683,0.0007622563862241805
hevc_BQTerrace_f0000,HEVC_B,BQTerrace,test,0.01,0.01031494140625,0.0,2026,25b7f94e405d59703d4648c87db24f05613500a6f1977fdba4c02f34b4a254dc,hqs,19.96258174507645,0.47189737026154993,0.33025202597491443,0.003056329907849431
hevc_BQTerrace_f0000,HEVC_B,BQTerrace,test,0.01,0.01031494140625,0.0,2026,25b7f94e405d59703d4648c87db24f05613500a6f1977fdba4c02f34b4a254dc,admm,19.91088562704369,0.46791977999224516,0.33220539696048945,0.004119360353797674
hevc_BQTerrace_f0000,HEVC_B,BQTerrace,test,0.04,0.041259765625,0.0,2026,a22e369c3a78e5fea05818cafaf98b5a9a40d17adeedad113bec1c22422026d4,adjoint,20.379535028297056,0.3938280939437098,0.00018316099885851145,0.0025791465304791927
hevc_BQTerrace_f0000,HEVC_B,BQTerrace,test,0.04,0.041259765625,0.0,2026,a22e369c3a78e5fea05818cafaf98b5a9a40d17adeedad113bec1c22422026d4,fista_dct,20.676971395010458,0.4378311704295661,0.3244145569624379,0.0009896809933707118
hevc_BQTerrace_f0000,HEVC_B,BQTerrace,test,0.04,0.041259765625,0.0,2026,a22e369c3a78e5fea05818cafaf98b5a9a40d17adeedad113bec1c22422026d4,hqs,23.128913855860347,0.6946545656429327,0.34752291708718985,0.0036970425862818956
hevc_BQTerrace_f0000,HEVC_B,BQTerrace,test,0.04,0.041259765625,0.0,2026,a22e369c3a78e5fea05818cafaf98b5a9a40d17adeedad113bec1c22422026d4,admm,23.115453087695904,0.6897702237992455,0.3251072249840945,0.004655104596167803
hevc_BQTerrace_f0000,HEVC_B,BQTerrace,test,0.1,0.1001129150390625,0.0,2026,87fd2b97d0579416bf1e2e98e0611d7ee012de2ef9e3f4fa769e3a5834fa8618,adjoint,21.79902700328709,0.5049561232058387,0.00021142500918358564,0.003061746247112751
hevc_BQTerrace_f0000,HEVC_B,BQTerrace,test,0.1,0.1001129150390625,0.0,2026,87fd2b97d0579416bf1e2e98e0611d7ee012de2ef9e3f4fa769e3a5834fa8618,fista_dct,22.242250819949323,0.5485875067584421,0.3606184010859579,0.0008679999154992402
hevc_BQTerrace_f0000,HEVC_B,BQTerrace,test,0.1,0.1001129150390625,0.0,2026,87fd2b97d0579416bf1e2e98e0611d7ee012de2ef9e3f4fa769e3a5834fa8618,hqs,26.088300475521766,0.8266723750704527,0.3306621030205861,0.003461310174316168
hevc_BQTerrace_f0000,HEVC_B,BQTerrace,test,0.1,0.1001129150390625,0.0,2026,87fd2b97d0579416bf1e2e98e0611d7ee012de2ef9e3f4fa769e3a5834fa8618,admm,26.185809938819048,0.8282584357919991,0.33141665905714035,0.004197876900434494
hevc_BQTerrace_f0000,HEVC_B,BQTerrace,test,0.25,0.25,0.0,2026,04972fe16054fb809475ad3a3f31cea8d6a4b39f411d938c1e3d3de1a717706f,adjoint,24.052378507471907,0.6436025221630596,0.00024241593200713396,0.0036887789610773325
hevc_BQTerrace_f0000,HEVC_B,BQTerrace,test,0.25,0.25,0.0,2026,04972fe16054fb809475ad3a3f31cea8d6a4b39f411d938c1e3d3de1a717706f,fista_dct,24.32085669463195,0.6673326990047507,0.38681296701543033,0.0009811766212806106
hevc_BQTerrace_f0000,HEVC_B,BQTerrace,test,0.25,0.25,0.0,2026,04972fe16054fb809475ad3a3f31cea8d6a4b39f411d938c1e3d3de1a717706f,hqs,30.42924278779342,0.9235409809503555,0.33058895100839436,0.002808213932439685
hevc_BQTerrace_f0000,HEVC_B,BQTerrace,test,0.25,0.25,0.0,2026,04972fe16054fb809475ad3a3f31cea8d6a4b39f411d938c1e3d3de1a717706f,admm,30.450855434709236,0.9235553947365284,0.327865137020126,0.003047526115551591
hevc_BQTerrace_f0000,HEVC_B,BQTerrace,test,0.5,0.4998931884765625,0.0,2026,542463b209eac76dda941d28d8a0c590800f5aa9dff5d6603897f425975c7d22,adjoint,26.873190667422833,0.761439214635588,0.000347382971085608,0.004774543456733227
hevc_BQTerrace_f0000,HEVC_B,BQTerrace,test,0.5,0.4998931884765625,0.0,2026,542463b209eac76dda941d28d8a0c590800f5aa9dff5d6603897f425975c7d22,fista_dct,27.134437045052525,0.7764312012611031,0.42991283803712577,0.00116755161434412
hevc_BQTerrace_f0000,HEVC_B,BQTerrace,test,0.5,0.4998931884765625,0.0,2026,542463b209eac76dda941d28d8a0c590800f5aa9dff5d6603897f425975c7d22,hqs,35.88663736633187,0.970169595161438,0.33159873296972364,0.0020313577260822058
hevc_BQTerrace_f0000,HEVC_B,BQTerrace,test,0.5,0.4998931884765625,0.0,2026,542463b209eac76dda941d28d8a0c590800f5aa9dff5d6603897f425975c7d22,admm,35.96734944379458,0.9704604080266952,0.3292682479368523,0.0022681341506540775
hevc_BQTerrace_f0000,HEVC_B,BQTerrace,test,0.1,0.1001129150390625,0.01,2026,f57492c95f83b849cafa9ef473b0b42649842ce2b26dc2bb6567a30fb10e152a,adjoint,21.76941177315041,0.50272351336987,0.00020892999600619078,0.00307820294983685
hevc_BQTerrace_f0000,HEVC_B,BQTerrace,test,0.1,0.1001129150390625,0.01,2026,f57492c95f83b849cafa9ef473b0b42649842ce2b26dc2bb6567a30fb10e152a,fista_dct,22.16003447747788,0.5420344409626638,0.3495780420489609,0.0010348546784371138
hevc_BQTerrace_f0000,HEVC_B,BQTerrace,test,0.1,0.1001129150390625,0.01,2026,f57492c95f83b849cafa9ef473b0b42649842ce2b26dc2bb6567a30fb10e152a,hqs,25.845559965287208,0.8156282591676116,0.35222465894185007,0.00309346173889935
hevc_BQTerrace_f0000,HEVC_B,BQTerrace,test,0.1,0.1001129150390625,0.01,2026,f57492c95f83b849cafa9ef473b0b42649842ce2b26dc2bb6567a30fb10e152a,admm,25.9377038945959,0.8199173369769901,0.36101239605341107,0.0042985547333955765
hevc_BQTerrace_f0000,HEVC_B,BQTerrace,test,0.1,0.1001129150390625,0.01,2027,6e208fc3f919920f7973a82f7f58780538d8a4928b1ba540c144d85fa98dcd82,adjoint,21.768812758871064,0.5023576043241108,0.00020404905080795288,0.0030774225015193224
hevc_BQTerrace_f0000,HEVC_B,BQTerrace,test,0.1,0.1001129150390625,0.01,2027,6e208fc3f919920f7973a82f7f58780538d8a4928b1ba540c144d85fa98dcd82,fista_dct,22.17092903212867,0.541931280574632,0.37161620100960135,0.0008809354621917009
hevc_BQTerrace_f0000,HEVC_B,BQTerrace,test,0.1,0.1001129150390625,0.01,2027,6e208fc3f919920f7973a82f7f58780538d8a4928b1ba540c144d85fa98dcd82,hqs,25.784514616625607,0.8146346644320785,0.3314024870051071,0.0032440039794892073
hevc_BQTerrace_f0000,HEVC_B,BQTerrace,test,0.1,0.1001129150390625,0.01,2027,6e208fc3f919920f7973a82f7f58780538d8a4928b1ba540c144d85fa98dcd82,admm,25.866056059279966,0.8175886050491482,0.33028854010626674,0.004309108015149832
hevc_BQTerrace_f0000,HEVC_B,BQTerrace,test,0.1,0.1001129150390625,0.01,2028,7856c7a776709a7c2e7ae6d5f4a05fc93134bb9e48a8e5f2ef58fd633ac2193a,adjoint,21.770880364863558,0.5024376186883529,0.00020962103735655546,0.0030885369051247835
hevc_BQTerrace_f0000,HEVC_B,BQTerrace,test,0.1,0.1001129150390625,0.01,2028,7856c7a776709a7c2e7ae6d5f4a05fc93134bb9e48a8e5f2ef58fd633ac2193a,fista_dct,22.1731716554658,0.5421209750307998,0.3528734929859638,0.0009436210384592414
hevc_BQTerrace_f0000,HEVC_B,BQTerrace,test,0.1,0.1001129150390625,0.01,2028,7856c7a776709a7c2e7ae6d5f4a05fc93134bb9e48a8e5f2ef58fd633ac2193a,hqs,25.79341250216149,0.8142923785901368,0.3238087659701705,0.0031577397603541613
hevc_BQTerrace_f0000,HEVC_B,BQTerrace,test,0.1,0.1001129150390625,0.01,2028,7856c7a776709a7c2e7ae6d5f4a05fc93134bb9e48a8e5f2ef58fd633ac2193a,admm,25.881312818868313,0.8177669176667407,0.3256769200088456,0.004375607240945101
hevc_BQTerrace_f0000,HEVC_B,BQTerrace,test,0.1,0.1001129150390625,0.05,2026,1222a075dbfdc9a25cd5b7b599b261e7647c67acfac78cf4b7e5b2a46ec58554,adjoint,21.119101801157896,0.45962636256489,0.0001898609334602952,0.0036267321556806564
hevc_BQTerrace_f0000,HEVC_B,BQTerrace,test,0.1,0.1001129150390625,0.05,2026,1222a075dbfdc9a25cd5b7b599b261e7647c67acfac78cf4b7e5b2a46ec58554,fista_dct,21.089532991237153,0.4696164732848429,0.3635630599455908,0.002944981912150979
hevc_BQTerrace_f0000,HEVC_B,BQTerrace,test,0.1,0.1001129150390625,0.05,2026,1222a075dbfdc9a25cd5b7b599b261e7647c67acfac78cf4b7e5b2a46ec58554,hqs,23.10241137641591,0.6291415680118678,0.36634915496688336,0.002468699123710394
hevc_BQTerrace_f0000,HEVC_B,BQTerrace,test,0.1,0.1001129150390625,0.05,2026,1222a075dbfdc9a25cd5b7b599b261e7647c67acfac78cf4b7e5b2a46ec58554,admm,23.163655869181813,0.6432783266692341,0.33256651007104665,0.0031745920423418283
hevc_BQTerrace_f0000,HEVC_B,BQTerrace,test,0.1,0.1001129150390625,0.05,2027,04be7af63318c738feec61d60f75239f6c5740ee407264ff5d0cb3ab23c4e10c,adjoint,21.1083981930567,0.4578381919760073,0.00019013299606740475,0.003516225144267082
hevc_BQTerrace_f0000,HEVC_B,BQTerrace,test,0.1,0.1001129150390625,0.05,2027,04be7af63318c738feec61d60f75239f6c5740ee407264ff5d0cb3ab23c4e10c,fista_dct,21.07954115129839,0.4663072758744109,0.3580078430240974,0.0028266997542232275
hevc_BQTerrace_f0000,HEVC_B,BQTerrace,test,0.1,0.1001129150390625,0.05,2027,04be7af63318c738feec61d60f75239f6c5740ee407264ff5d0cb3ab23c4e10c,hqs,23.037847680008138,0.6325482016708683,0.33172269398346543,0.002490807557478547
hevc_BQTerrace_f0000,HEVC_B,BQTerrace,test,0.1,0.1001129150390625,0.05,2027,04be7af63318c738feec61d60f75239f6c5740ee407264ff5d0cb3ab23c4e10c,admm,23.085679740568857,0.6454941390340496,0.32544614805374295,0.0032355303410440683
hevc_BQTerrace_f0000,HEVC_B,BQTerrace,test,0.1,0.1001129150390625,0.05,2028,b3c30fddf5d1833b8372275cc849c61ace2f7ddf1232cb1bf61546135db59bac,adjoint,21.131923412418807,0.45891411127826537,0.00018820399418473244,0.0037109090480953455
hevc_BQTerrace_f0000,HEVC_B,BQTerrace,test,0.1,0.1001129150390625,0.05,2028,b3c30fddf5d1833b8372275cc849c61ace2f7ddf1232cb1bf61546135db59bac,fista_dct,21.095501147061547,0.46893660769393014,0.35888106701895595,0.0032222066074609756
hevc_BQTerrace_f0000,HEVC_B,BQTerrace,test,0.1,0.1001129150390625,0.05,2028,b3c30fddf5d1833b8372275cc849c61ace2f7ddf1232cb1bf61546135db59bac,hqs,23.107061669798092,0.6305496125710467,0.32738742500077933,0.0025508059188723564
hevc_BQTerrace_f0000,HEVC_B,BQTerrace,test,0.1,0.1001129150390625,0.05,2028,b3c30fddf5d1833b8372275cc849c61ace2f7ddf1232cb1bf61546135db59bac,admm,23.161505039735314,0.6412404982075156,0.3274370740400627,0.0029421609360724688
hevc_BQTerrace_f0200,HEVC_B,BQTerrace,test,0.01,0.01031494140625,0.0,2026,1f93160bc044d800e9887a4a2684ab4890559e4104be74bc9a70c038ce25b363,adjoint,20.940904682664193,0.35575150852654386,0.000125993974506855,0.0017849450232461095
hevc_BQTerrace_f0200,HEVC_B,BQTerrace,test,0.01,0.01031494140625,0.0,2026,1f93160bc044d800e9887a4a2684ab4890559e4104be74bc9a70c038ce25b363,fista_dct,21.609319196850777,0.47725930627916335,0.3122281089890748,0.0002743025543168187
hevc_BQTerrace_f0200,HEVC_B,BQTerrace,test,0.01,0.01031494140625,0.0,2026,1f93160bc044d800e9887a4a2684ab4890559e4104be74bc9a70c038ce25b363,hqs,23.63526801946161,0.6570986147869212,0.3341397459153086,0.0034838842693716288
hevc_BQTerrace_f0200,HEVC_B,BQTerrace,test,0.01,0.01031494140625,0.0,2026,1f93160bc044d800e9887a4a2684ab4890559e4104be74bc9a70c038ce25b363,admm,23.56620589907308,0.6536045056306403,0.32475168409291655,0.004749083425849676
hevc_BQTerrace_f0200,HEVC_B,BQTerrace,test,0.04,0.041259765625,0.0,2026,9a6b5ae9a94068c783803b35f5fbee0ff3dc4667aca49148033a952c08099ba6,adjoint,23.0291245796715,0.4573698684668595,0.00017795199528336525,0.0023750881664454937
hevc_BQTerrace_f0200,HEVC_B,BQTerrace,test,0.04,0.041259765625,0.0,2026,9a6b5ae9a94068c783803b35f5fbee0ff3dc4667aca49148033a952c08099ba6,fista_dct,23.638709480571023,0.528972135916268,0.3304243510356173,0.0006177716422826052
hevc_BQTerrace_f0200,HEVC_B,BQTerrace,test,0.04,0.041259765625,0.0,2026,9a6b5ae9a94068c783803b35f5fbee0ff3dc4667aca49148033a952c08099ba6,hqs,28.254504313648788,0.8569551483380645,0.3376253549940884,0.003309345105662942
hevc_BQTerrace_f0200,HEVC_B,BQTerrace,test,0.04,0.041259765625,0.0,2026,9a6b5ae9a94068c783803b35f5fbee0ff3dc4667aca49148033a952c08099ba6,admm,28.233509214791006,0.854459852319926,0.3328819730086252,0.004024503752589226
hevc_BQTerrace_f0200,HEVC_B,BQTerrace,test,0.1,0.1001129150390625,0.0,2026,abe48d4c09fea10e396a9f342ba32b29f6e36fecd38190e1f3afda350c45862c,adjoint,24.70559908704253,0.5556219990453422,0.0002100620185956359,0.0029152696952223778
hevc_BQTerrace_f0200,HEVC_B,BQTerrace,test,0.1,0.1001129150390625,0.0,2026,abe48d4c09fea10e396a9f342ba32b29f6e36fecd38190e1f3afda350c45862c,fista_dct,25.547686063377814,0.6300327302745562,0.3990410609403625,0.0007108142599463463
hevc_BQTerrace_f0200,HEVC_B,BQTerrace,test,0.1,0.1001129150390625,0.0,2026,abe48d4c09fea10e396a9f342ba32b29f6e36fecd38190e1f3afda350c45862c,hqs,32.66545615640015,0.9409356276273727,0.3290351789910346,0.002885382156819105
hevc_BQTerrace_f0200,HEVC_B,BQTerrace,test,0.1,0.1001129150390625,0.0,2026,abe48d4c09fea10e396a9f342ba32b29f6e36fecd38190e1f3afda350c45862c,admm,32.74397177455256,0.9409032757787704,0.3316044779494405,0.0032215118408203125
hevc_BQTerrace_f0200,HEVC_B,BQTerrace,test,0.25,0.25,0.0,2026,95cffb9bf96bcae8977cb20e435bf06cad501d19fd31dca6010ed8dc080568b3,adjoint,27.242725992605898,0.6795072564621643,0.0002542949514463544,0.0036358237266540527
hevc_BQTerrace_f0200,HEVC_B,BQTerrace,test,0.25,0.25,0.0,2026,95cffb9bf96bcae8977cb20e435bf06cad501d19fd31dca6010ed8dc080568b3,fista_dct,28.445946643400827,0.7571068731143623,0.446604578057304,0.0010560655500739813
hevc_BQTerrace_f0200,HEVC_B,BQTerrace,test,0.25,0.25,0.0,2026,95cffb9bf96bcae8977cb20e435bf06cad501d19fd31dca6010ed8dc080568b3,hqs,38.04392852787771,0.9792001309695244,0.328856662963517,0.0021128738299012184
hevc_BQTerrace_f0200,HEVC_B,BQTerrace,test,0.25,0.25,0.0,2026,95cffb9bf96bcae8977cb20e435bf06cad501d19fd31dca6010ed8dc080568b3,admm,38.08328887973054,0.9790458428869248,0.32762120792176574,0.002372855320572853
hevc_BQTerrace_f0200,HEVC_B,BQTerrace,test,0.5,0.4998931884765625,0.0,2026,6e2b5c99a9be6bbfc423be20de0aedd54e210439698c09bffd0feca50c042db5,adjoint,30.445429251186987,0.7886621381793022,0.00033423700369894505,0.004720402415841818
hevc_BQTerrace_f0200,HEVC_B,BQTerrace,test,0.5,0.4998931884765625,0.0,2026,6e2b5c99a9be6bbfc423be20de0aedd54e210439698c09bffd0feca50c042db5,fista_dct,31.948078258258388,0.858200092350006,0.42097872390877455,0.001393485115841031
hevc_BQTerrace_f0200,HEVC_B,BQTerrace,test,0.5,0.4998931884765625,0.0,2026,6e2b5c99a9be6bbfc423be20de0aedd54e210439698c09bffd0feca50c042db5,hqs,44.10872253583718,0.9924313490905762,0.3309564869850874,0.0012615134473890066
hevc_BQTerrace_f0200,HEVC_B,BQTerrace,test,0.5,0.4998931884765625,0.0,2026,6e2b5c99a9be6bbfc423be20de0aedd54e210439698c09bffd0feca50c042db5,admm,44.14421226994914,0.9923551501083374,0.3288598359795287,0.0016860016621649265
hevc_BQTerrace_f0200,HEVC_B,BQTerrace,test,0.1,0.1001129150390625,0.01,2026,adf15571fed5ba166a478defb5dce3a3c99b3e16957591fa8e3b742cb646bb6a,adjoint,24.667064741997137,0.5524327661569566,0.00021111604291945696,0.0029153551440685987
hevc_BQTerrace_f0200,HEVC_B,BQTerrace,test,0.1,0.1001129150390625,0.01,2026,adf15571fed5ba166a478defb5dce3a3c99b3e16957591fa8e3b742cb646bb6a,fista_dct,25.46016287907615,0.6245330831099078,0.3692598750349134,0.0007157765212468803
hevc_BQTerrace_f0200,HEVC_B,BQTerrace,test,0.1,0.1001129150390625,0.01,2026,adf15571fed5ba166a478defb5dce3a3c99b3e16957591fa8e3b742cb646bb6a,hqs,31.748001282704557,0.9254959573655128,0.33032059704419225,0.0025072703137993813
hevc_BQTerrace_f0200,HEVC_B,BQTerrace,test,0.1,0.1001129150390625,0.01,2026,adf15571fed5ba166a478defb5dce3a3c99b3e16957591fa8e3b742cb646bb6a,admm,31.881646726917868,0.9283244671580791,0.32975082704797387,0.003739294596016407
hevc_BQTerrace_f0200,HEVC_B,BQTerrace,test,0.1,0.1001129150390625,0.01,2027,e09f0cb5d4a3cd2b00d0dd1cdeaa34af90077c6b32542ef5dba307a98ae961bd,adjoint,24.665694154850062,0.5523125745033496,0.0001906869001686573,0.00291659333743155
hevc_BQTerrace_f0200,HEVC_B,BQTerrace,test,0.1,0.1001129150390625,0.01,2027,e09f0cb5d4a3cd2b00d0dd1cdeaa34af90077c6b32542ef5dba307a98ae961bd,fista_dct,25.44868534383765,0.6213542759942989,0.3640357139520347,0.000713605375494808
hevc_BQTerrace_f0200,HEVC_B,BQTerrace,test,0.1,0.1001129150390625,0.01,2027,e09f0cb5d4a3cd2b00d0dd1cdeaa34af90077c6b32542ef5dba307a98ae961bd,hqs,31.733339681788877,0.924458363317728,0.3306123230140656,0.0024183359928429127
hevc_BQTerrace_f0200,HEVC_B,BQTerrace,test,0.1,0.1001129150390625,0.01,2027,e09f0cb5d4a3cd2b00d0dd1cdeaa34af90077c6b32542ef5dba307a98ae961bd,admm,31.86329249894939,0.9278272148683071,0.33093739906325936,0.0036550736986100674
hevc_BQTerrace_f0200,HEVC_B,BQTerrace,test,0.1,0.1001129150390625,0.01,2028,7cce8bee6bdb37f4df9890d7686afc770d7280eba88300a3fea203d28f4353a2,adjoint,24.66451442940467,0.5525657634499492,0.00023136904928833246,0.002915562829002738
hevc_BQTerrace_f0200,HEVC_B,BQTerrace,test,0.1,0.1001129150390625,0.01,2028,7cce8bee6bdb37f4df9890d7686afc770d7280eba88300a3fea203d28f4353a2,fista_dct,25.456980671080412,0.6208645559897069,0.3707465239567682,0.0007174645434133708
hevc_BQTerrace_f0200,HEVC_B,BQTerrace,test,0.1,0.1001129150390625,0.01,2028,7cce8bee6bdb37f4df9890d7686afc770d7280eba88300a3fea203d28f4353a2,hqs,31.709069212695738,0.9256522075705528,0.328206290025264,0.0023427321575582027
hevc_BQTerrace_f0200,HEVC_B,BQTerrace,test,0.1,0.1001129150390625,0.01,2028,7cce8bee6bdb37f4df9890d7686afc770d7280eba88300a3fea203d28f4353a2,admm,31.877080920488716,0.9291652494316102,0.3351396940415725,0.003510859329253435
hevc_BQTerrace_f0200,HEVC_B,BQTerrace,test,0.1,0.1001129150390625,0.05,2026,42db7d5e862a19fc02408139c15d94660ab9d34f198859d219992a453360f5fc,adjoint,23.82696746726041,0.49381024332897666,0.00023553206119686365,0.0029411024879664183
hevc_BQTerrace_f0200,HEVC_B,BQTerrace,test,0.1,0.1001129150390625,0.05,2026,42db7d5e862a19fc02408139c15d94660ab9d34f198859d219992a453360f5fc,fista_dct,23.924569536372644,0.5111108176288034,0.3731561820022762,0.001087017823010683
hevc_BQTerrace_f0200,HEVC_B,BQTerrace,test,0.1,0.1001129150390625,0.05,2026,42db7d5e862a19fc02408139c15d94660ab9d34f198859d219992a453360f5fc,hqs,26.884665292633617,0.7144629112191359,0.3332158309640363,0.0016952351434156299
hevc_BQTerrace_f0200,HEVC_B,BQTerrace,test,0.1,0.1001129150390625,0.05,2026,42db7d5e862a19fc02408139c15d94660ab9d34f198859d219992a453360f5fc,admm,27.037563697474162,0.7260642500299639,0.33295370102860034,0.0037826010957360268
hevc_BQTerrace_f0200,HEVC_B,BQTerrace,test,0.1,0.1001129150390625,0.05,2027,2c09befa72b7c5495fa696e277d13836b4c578f883c9ef654b082cff6afed200,adjoint,23.802583224284334,0.4925400935414727,0.00020645000040531158,0.0029548811726272106
hevc_BQTerrace_f0200,HEVC_B,BQTerrace,test,0.1,0.1001129150390625,0.05,2027,2c09befa72b7c5495fa696e277d13836b4c578f883c9ef654b082cff6afed200,fista_dct,23.77501466870922,0.4993512668843134,0.3688613489503041,0.0012408798793330789
hevc_BQTerrace_f0200,HEVC_B,BQTerrace,test,0.1,0.1001129150390625,0.05,2027,2c09befa72b7c5495fa696e277d13836b4c578f883c9ef654b082cff6afed200,hqs,26.874554995847,0.7133661222347273,0.3307493639877066,0.0017624457832425833
hevc_BQTerrace_f0200,HEVC_B,BQTerrace,test,0.1,0.1001129150390625,0.05,2027,2c09befa72b7c5495fa696e277d13836b4c578f883c9ef654b082cff6afed200,admm,27.08225057949212,0.7241915703964755,0.331035072915256,0.0037046242505311966
hevc_BQTerrace_f0200,HEVC_B,BQTerrace,test,0.1,0.1001129150390625,0.05,2028,b0480dee4ced39d6f9ae8bcd33a94f4a1f95dac4abb8e719b977ebf0fa695d77,adjoint,23.775759042510465,0.4929103851968667,0.00021202408242970705,0.0029393017757683992
hevc_BQTerrace_f0200,HEVC_B,BQTerrace,test,0.1,0.1001129150390625,0.05,2028,b0480dee4ced39d6f9ae8bcd33a94f4a1f95dac4abb8e719b977ebf0fa695d77,fista_dct,23.72159459180686,0.4994483465547925,0.36901501298416406,0.0011144098825752735
hevc_BQTerrace_f0200,HEVC_B,BQTerrace,test,0.1,0.1001129150390625,0.05,2028,b0480dee4ced39d6f9ae8bcd33a94f4a1f95dac4abb8e719b977ebf0fa695d77,hqs,26.821583451320077,0.720130462261416,0.33325036603491753,0.0018504909239709377
hevc_BQTerrace_f0200,HEVC_B,BQTerrace,test,0.1,0.1001129150390625,0.05,2028,b0480dee4ced39d6f9ae8bcd33a94f4a1f95dac4abb8e719b977ebf0fa695d77,admm,27.01348223627603,0.7337089013617597,0.33285659190732986,0.004134748596698046
hevc_BQTerrace_f0400,HEVC_B,BQTerrace,test,0.01,0.01031494140625,0.0,2026,708ddfd609de2363742df0927297d032e85e5402e12e392f7a5945299dd36d60,adjoint,21.091646457354457,0.33205499964883634,0.00013965403195470572,0.0017771259881556034
hevc_BQTerrace_f0400,HEVC_B,BQTerrace,test,0.01,0.01031494140625,0.0,2026,708ddfd609de2363742df0927297d032e85e5402e12e392f7a5945299dd36d60,fista_dct,22.119026636056006,0.45160526905292203,0.3265016130171716,0.00022764323512092233
hevc_BQTerrace_f0400,HEVC_B,BQTerrace,test,0.01,0.01031494140625,0.0,2026,708ddfd609de2363742df0927297d032e85e5402e12e392f7a5945299dd36d60,hqs,23.50691946427562,0.5798702240090272,0.33089627092704177,0.0034906151704490185
hevc_BQTerrace_f0400,HEVC_B,BQTerrace,test,0.01,0.01031494140625,0.0,2026,708ddfd609de2363742df0927297d032e85e5402e12e392f7a5945299dd36d60,admm,23.578317550810546,0.58687825026065,0.3345187959494069,0.0051110549829900265
hevc_BQTerrace_f0400,HEVC_B,BQTerrace,test,0.04,0.041259765625,0.0,2026,aed6da1c938f4c079de87a8e8b5349711c389b2cb48c5f41c60876d6aa03b667,adjoint,22.89655860966303,0.44086536319084035,0.00018315401393920183,0.0023992315400391817
hevc_BQTerrace_f0400,HEVC_B,BQTerrace,test,0.04,0.041259765625,0.0,2026,aed6da1c938f4c079de87a8e8b5349711c389b2cb48c5f41c60876d6aa03b667,fista_dct,23.64363975907696,0.5241831318912106,0.34605017106514424,0.0004729108477476984
hevc_BQTerrace_f0400,HEVC_B,BQTerrace,test,0.04,0.041259765625,0.0,2026,aed6da1c938f4c079de87a8e8b5349711c389b2cb48c5f41c60876d6aa03b667,hqs,26.58374368740801,0.7728197478999048,0.330958268023096,0.004449842963367701
hevc_BQTerrace_f0400,HEVC_B,BQTerrace,test,0.04,0.041259765625,0.0,2026,aed6da1c938f4c079de87a8e8b5349711c389b2cb48c5f41c60876d6aa03b667,admm,26.57576964207003,0.7692533426867202,0.3337641239631921,0.005230178125202656
hevc_BQTerrace_f0400,HEVC_B,BQTerrace,test,0.1,0.1001129150390625,0.0,2026,dd44e061127f091462619b18abd45ff8e6a589295f83622cb0b6e9333492191d,adjoint,24.32165509982456,0.5512839162153702,0.00021343794651329517,0.0029209726490080357
hevc_BQTerrace_f0400,HEVC_B,BQTerrace,test,0.1,0.1001129150390625,0.0,2026,dd44e061127f091462619b18abd45ff8e6a589295f83622cb0b6e9333492191d,fista_dct,25.085905252521425,0.6227288492963207,0.36633869796060026,0.0007252070354297757
hevc_BQTerrace_f0400,HEVC_B,BQTerrace,test,0.1,0.1001129150390625,0.0,2026,dd44e061127f091462619b18abd45ff8e6a589295f83622cb0b6e9333492191d,hqs,29.835577204918508,0.8893750444734096,0.3333416769746691,0.003414612030610442
hevc_BQTerrace_f0400,HEVC_B,BQTerrace,test,0.1,0.1001129150390625,0.0,2026,dd44e061127f091462619b18abd45ff8e6a589295f83622cb0b6e9333492191d,admm,29.892986408683658,0.889572588397026,0.3315567229874432,0.0037488655652850866
hevc_BQTerrace_f0400,HEVC_B,BQTerrace,test,0.25,0.25,0.0,2026,36fabb4150fa5753ae4458b42ce9df224c609536c676f265ca6c959e9649c03a,adjoint,26.453999963148846,0.6779183596307226,0.00022020796313881874,0.0036859549582004547
hevc_BQTerrace_f0400,HEVC_B,BQTerrace,test,0.25,0.25,0.0,2026,36fabb4150fa5753ae4458b42ce9df224c609536c676f265ca6c959e9649c03a,fista_dct,27.137000244467238,0.7302982023039609,0.3958649829728529,0.0010815856512635946
hevc_BQTerrace_f0400,HEVC_B,BQTerrace,test,0.25,0.25,0.0,2026,36fabb4150fa5753ae4458b42ce9df224c609536c676f265ca6c959e9649c03a,hqs,34.68474991695052,0.9586214930257797,0.3306632440071553,0.0023697137366980314
hevc_BQTerrace_f0400,HEVC_B,BQTerrace,test,0.25,0.25,0.0,2026,36fabb4150fa5753ae4458b42ce9df224c609536c676f265ca6c959e9649c03a,admm,34.70323832742314,0.9583352889966965,0.35232419602107257,0.002855974016711116
hevc_BQTerrace_f0400,HEVC_B,BQTerrace,test,0.5,0.4998931884765625,0.0,2026,f1af190b431946d0e5140bcc8fa8304bf3a5cf2bc04eabef0c09d5c88b1ace91,adjoint,29.295120752228883,0.7928623648626805,0.00034858600702136755,0.004798756912350655
hevc_BQTerrace_f0400,HEVC_B,BQTerrace,test,0.5,0.4998931884765625,0.0,2026,f1af190b431946d0e5140bcc8fa8304bf3a5cf2bc04eabef0c09d5c88b1ace91,fista_dct,29.805338979384327,0.8243763439574242,0.43248381500598043,0.0014309355756267905
hevc_BQTerrace_f0400,HEVC_B,BQTerrace,test,0.5,0.4998931884765625,0.0,2026,f1af190b431946d0e5140bcc8fa8304bf3a5cf2bc04eabef0c09d5c88b1ace91,hqs,40.998934311949185,0.9871150492115021,0.32385875994805247,0.0017357347533106804
hevc_BQTerrace_f0400,HEVC_B,BQTerrace,test,0.5,0.4998931884765625,0.0,2026,f1af190b431946d0e5140bcc8fa8304bf3a5cf2bc04eabef0c09d5c88b1ace91,admm,40.93903295481664,0.9868885688343048,0.3253382350085303,0.0022714363876730204
hevc_BQTerrace_f0400,HEVC_B,BQTerrace,test,0.1,0.1001129150390625,0.01,2026,c5bbe1f6cc70a59b18f1f611a600a2a76c6ce6e39247aaeb954f2fcf3c6389d1,adjoint,24.285871643867225,0.5483971078643893,0.00022706494200974703,0.002920943545177579
hevc_BQTerrace_f0400,HEVC_B,BQTerrace,test,0.1,0.1001129150390625,0.01,2026,c5bbe1f6cc70a59b18f1f611a600a2a76c6ce6e39247aaeb954f2fcf3c6389d1,fista_dct,25.00674416680146,0.6155837802013214,0.34780817897990346,0.0007252736249938607
hevc_BQTerrace_f0400,HEVC_B,BQTerrace,test,0.1,0.1001129150390625,0.01,2026,c5bbe1f6cc70a59b18f1f611a600a2a76c6ce6e39247aaeb954f2fcf3c6389d1,hqs,29.168937587202603,0.8723660634109974,0.3253723280504346,0.0031234838534146547
hevc_BQTerrace_f0400,HEVC_B,BQTerrace,test,0.1,0.1001129150390625,0.01,2026,c5bbe1f6cc70a59b18f1f611a600a2a76c6ce6e39247aaeb954f2fcf3c6389d1,admm,29.297807297441768,0.8750901781924367,0.32488259801175445,0.004091531503945589
hevc_BQTerrace_f0400,HEVC_B,BQTerrace,test,0.1,0.1001129150390625,0.01,2027,b649bbc3f0efa895c65fac893952d312631feb6173b72f0dcf876136146b99e1,adjoint,24.28730828672208,0.5486507239117747,0.00020474300254136324,0.002921053674072027
hevc_BQTerrace_f0400,HEVC_B,BQTerrace,test,0.1,0.1001129150390625,0.01,2027,b649bbc3f0efa895c65fac893952d312631feb6173b72f0dcf876136146b99e1,fista_dct,25.020600882346073,0.6167531336162537,0.3480276500340551,0.0007272004149854183
hevc_BQTerrace_f0400,HEVC_B,BQTerrace,test,0.1,0.1001129150390625,0.01,2027,b649bbc3f0efa895c65fac893952d312631feb6173b72f0dcf876136146b99e1,hqs,29.195466349019952,0.8719409897390558,0.32468704506754875,0.002940393751487136
hevc_BQTerrace_f0400,HEVC_B,BQTerrace,test,0.1,0.1001129150390625,0.01,2027,b649bbc3f0efa895c65fac893952d312631feb6173b72f0dcf876136146b99e1,admm,29.299432700726943,0.8747637506320849,0.32430250593461096,0.004098600707948208
hevc_BQTerrace_f0400,HEVC_B,BQTerrace,test,0.1,0.1001129150390625,0.01,2028,90f8bedd1ec41c086e8837d7b23c6a7d92fd226e767a8737316716497dc56f11,adjoint,24.288195043931356,0.5486466018928992,0.00021732598543167114,0.00292053516022861
hevc_BQTerrace_f0400,HEVC_B,BQTerrace,test,0.1,0.1001129150390625,0.01,2028,90f8bedd1ec41c086e8837d7b23c6a7d92fd226e767a8737316716497dc56f11,fista_dct,25.00739858946973,0.6157803188168062,0.3484951819991693,0.0007267315522767603
hevc_BQTerrace_f0400,HEVC_B,BQTerrace,test,0.1,0.1001129150390625,0.01,2028,90f8bedd1ec41c086e8837d7b23c6a7d92fd226e767a8737316716497dc56f11,hqs,29.258843394803215,0.8730573353520632,0.324034815072082,0.0029832026921212673
hevc_BQTerrace_f0400,HEVC_B,BQTerrace,test,0.1,0.1001129150390625,0.01,2028,90f8bedd1ec41c086e8837d7b23c6a7d92fd226e767a8737316716497dc56f11,admm,29.36752831770342,0.875933573898226,0.32518154906574637,0.004094413481652737
hevc_BQTerrace_f0400,HEVC_B,BQTerrace,test,0.1,0.1001129150390625,0.05,2026,732dd5fa556f6ab8688c85b9f06e89f13e6492ef3e6ca8e4148686fc9f2363c9,adjoint,23.50059465596173,0.49075054319744854,0.00020180700812488794,0.0029201137367635965
hevc_BQTerrace_f0400,HEVC_B,BQTerrace,test,0.1,0.1001129150390625,0.05,2026,732dd5fa556f6ab8688c85b9f06e89f13e6492ef3e6ca8e4148686fc9f2363c9,fista_dct,23.528457945325766,0.5042387638790856,0.3516502770362422,0.0008995719836093485
hevc_BQTerrace_f0400,HEVC_B,BQTerrace,test,0.1,0.1001129150390625,0.05,2026,732dd5fa556f6ab8688c85b9f06e89f13e6492ef3e6ca8e4148686fc9f2363c9,hqs,25.686546953579132,0.6850462504241877,0.3254495580913499,0.002103249542415142
hevc_BQTerrace_f0400,HEVC_B,BQTerrace,test,0.1,0.1001129150390625,0.05,2026,732dd5fa556f6ab8688c85b9f06e89f13e6492ef3e6ca8e4148686fc9f2363c9,admm,25.83992471833799,0.695914869367267,0.32478831498883665,0.003610454499721527
hevc_BQTerrace_f0400,HEVC_B,BQTerrace,test,0.1,0.1001129150390625,0.05,2027,d7418024eb1788de31ee70abb0e09fb2c5bcd9c6e63a731ddeb2c23db4b06799,adjoint,23.533816981756797,0.49445846252706727,0.00020211306400597095,0.002942614955827594
hevc_BQTerrace_f0400,HEVC_B,BQTerrace,test,0.1,0.1001129150390625,0.05,2027,d7418024eb1788de31ee70abb0e09fb2c5bcd9c6e63a731ddeb2c23db4b06799,fista_dct,23.657398934834802,0.5123069653498461,0.34929561894387007,0.0008737519383430481
hevc_BQTerrace_f0400,HEVC_B,BQTerrace,test,0.1,0.1001129150390625,0.05,2027,d7418024eb1788de31ee70abb0e09fb2c5bcd9c6e63a731ddeb2c23db4b06799,hqs,25.828127301608074,0.6876093786211256,0.32375210302416235,0.0018723027314990759
hevc_BQTerrace_f0400,HEVC_B,BQTerrace,test,0.1,0.1001129150390625,0.05,2027,d7418024eb1788de31ee70abb0e09fb2c5bcd9c6e63a731ddeb2c23db4b06799,admm,25.9822513479837,0.700588333644079,0.3261582220438868,0.0037011036183685064
hevc_BQTerrace_f0400,HEVC_B,BQTerrace,test,0.1,0.1001129150390625,0.05,2028,b3a0f858dd83f0ea9ff8af33ed663034d98efe647ae60749cd30c7fede79fb2f,adjoint,23.557826474198826,0.49529484972901605,0.00020676199346780777,0.002921845531091094
hevc_BQTerrace_f0400,HEVC_B,BQTerrace,test,0.1,0.1001129150390625,0.05,2028,b3a0f858dd83f0ea9ff8af33ed663034d98efe647ae60749cd30c7fede79fb2f,fista_dct,23.60918163636279,0.5077207465431129,0.34585857298225164,0.0008504791185259819
hevc_BQTerrace_f0400,HEVC_B,BQTerrace,test,0.1,0.1001129150390625,0.05,2028,b3a0f858dd83f0ea9ff8af33ed663034d98efe647ae60749cd30c7fede79fb2f,hqs,25.92137102402351,0.694509011739023,0.32357718399725854,0.001975727267563343
hevc_BQTerrace_f0400,HEVC_B,BQTerrace,test,0.1,0.1001129150390625,0.05,2028,b3a0f858dd83f0ea9ff8af33ed663034d98efe647ae60749cd30c7fede79fb2f,admm,26.097610924944547,0.7067271930640102,0.324285562033765,0.003967970609664917
hevc_BasketballDrive_f0000,HEVC_B,BasketballDrive,test,0.01,0.01031494140625,0.0,2026,f1ef1e3c4c29ee8b5a9e658277c382d3178506cb01561918b3c9ab07a279dd5a,adjoint,23.93884395200173,0.497550564600248,0.0001347380457445979,0.001810478395782411
hevc_BasketballDrive_f0000,HEVC_B,BasketballDrive,test,0.01,0.01031494140625,0.0,2026,f1ef1e3c4c29ee8b5a9e658277c382d3178506cb01561918b3c9ab07a279dd5a,fista_dct,24.21848027113484,0.5781689633860247,0.306616522022523,0.0002360211219638586
hevc_BasketballDrive_f0000,HEVC_B,BasketballDrive,test,0.01,0.01031494140625,0.0,2026,f1ef1e3c4c29ee8b5a9e658277c382d3178506cb01561918b3c9ab07a279dd5a,hqs,26.304972916785747,0.7032584626252845,0.32679392502177507,0.0038569264579564333
hevc_BasketballDrive_f0000,HEVC_B,BasketballDrive,test,0.01,0.01031494140625,0.0,2026,f1ef1e3c4c29ee8b5a9e658277c382d3178506cb01561918b3c9ab07a279dd5a,admm,26.459320614089368,0.7138264829862445,0.32642454898450524,0.004298147279769182
hevc_BasketballDrive_f0000,HEVC_B,BasketballDrive,test,0.04,0.041259765625,0.0,2026,4c249d349995cc534189ed99efbb05208eb3eb64beebb1b88206d4849873e24c,adjoint,26.30913609035296,0.5776993664063015,0.00017345498781651258,0.0024469385389238596
hevc_BasketballDrive_f0000,HEVC_B,BasketballDrive,test,0.04,0.041259765625,0.0,2026,4c249d349995cc534189ed99efbb05208eb3eb64beebb1b88206d4849873e24c,fista_dct,26.606332290133786,0.6147691930732518,0.32365261390805244,0.0004914202727377415
hevc_BasketballDrive_f0000,HEVC_B,BasketballDrive,test,0.04,0.041259765625,0.0,2026,4c249d349995cc534189ed99efbb05208eb3eb64beebb1b88206d4849873e24c,hqs,31.68699017147478,0.8562699352223874,0.36565170797985047,0.0030241559725254774
hevc_BasketballDrive_f0000,HEVC_B,BasketballDrive,test,0.04,0.041259765625,0.0,2026,4c249d349995cc534189ed99efbb05208eb3eb64beebb1b88206d4849873e24c,admm,31.614898309429357,0.8527497552244663,0.32399439602158964,0.004472919274121523
hevc_BasketballDrive_f0000,HEVC_B,BasketballDrive,test,0.1,0.1001129150390625,0.0,2026,06bbb566f32605fbc7a95700dd97c164b425f6441c32377f567d9d7e3c3202b6,adjoint,28.18034519729884,0.6705882093656175,0.00021318101789802313,0.002997699426487088
hevc_BasketballDrive_f0000,HEVC_B,BasketballDrive,test,0.1,0.1001129150390625,0.0,2026,06bbb566f32605fbc7a95700dd97c164b425f6441c32377f567d9d7e3c3202b6,fista_dct,28.813224872610878,0.7215975488205743,0.3534636730328202,0.0007564746192656457
hevc_BasketballDrive_f0000,HEVC_B,BasketballDrive,test,0.1,0.1001129150390625,0.0,2026,06bbb566f32605fbc7a95700dd97c164b425f6441c32377f567d9d7e3c3202b6,hqs,35.085087620972295,0.9260406781873703,0.32427260000258684,0.002060465980321169
hevc_BasketballDrive_f0000,HEVC_B,BasketballDrive,test,0.1,0.1001129150390625,0.0,2026,06bbb566f32605fbc7a95700dd97c164b425f6441c32377f567d9d7e3c3202b6,admm,35.10401623029467,0.9244946316609383,0.32478733896277845,0.002960375975817442
hevc_BasketballDrive_f0000,HEVC_B,BasketballDrive,test,0.25,0.25,0.0,2026,e0d3ce43dee63fd18d8af5cd003d9f36c0c86875919f4cdaf50f688d99d4aa00,adjoint,30.9128546849617,0.7810062529551983,0.0002599539002403617,0.0037643767427653074
hevc_BasketballDrive_f0000,HEVC_B,BasketballDrive,test,0.25,0.25,0.0,2026,e0d3ce43dee63fd18d8af5cd003d9f36c0c86875919f4cdaf50f688d99d4aa00,fista_dct,32.15789874705682,0.8452269509186745,0.3715458180522546,0.0011266202200204134
hevc_BasketballDrive_f0000,HEVC_B,BasketballDrive,test,0.25,0.25,0.0,2026,e0d3ce43dee63fd18d8af5cd003d9f36c0c86875919f4cdaf50f688d99d4aa00,hqs,39.964153607638075,0.9693376034440995,0.3258436630712822,0.0015431171050295234
hevc_BasketballDrive_f0000,HEVC_B,BasketballDrive,test,0.25,0.25,0.0,2026,e0d3ce43dee63fd18d8af5cd003d9f36c0c86875919f4cdaf50f688d99d4aa00,admm,39.98667856906528,0.9693875925407409,0.32533795398194343,0.0018516861600801349
hevc_BasketballDrive_f0000,HEVC_B,BasketballDrive,test,0.5,0.4998931884765625,0.0,2026,c867576f91620e1220f36cb50b3e92d2752f2eb84978a6391e3baa6ae040c44b,adjoint,34.095222536398325,0.8722705290975571,0.00032325496431440115,0.004906689748167992
hevc_BasketballDrive_f0000,HEVC_B,BasketballDrive,test,0.5,0.4998931884765625,0.0,2026,c867576f91620e1220f36cb50b3e92d2752f2eb84978a6391e3baa6ae040c44b,fista_dct,35.51704088247658,0.9176271672039032,0.42517942504491657,0.0014833388850092888
hevc_BasketballDrive_f0000,HEVC_B,BasketballDrive,test,0.5,0.4998931884765625,0.0,2026,c867576f91620e1220f36cb50b3e92d2752f2eb84978a6391e3baa6ae040c44b,hqs,45.90017689490332,0.9900338105220795,0.3255428810371086,0.0013927883701398969
hevc_BasketballDrive_f0000,HEVC_B,BasketballDrive,test,0.5,0.4998931884765625,0.0,2026,c867576f91620e1220f36cb50b3e92d2752f2eb84978a6391e3baa6ae040c44b,admm,45.91518406634944,0.9900068528842926,0.3262749930145219,0.0014622932067140937
hevc_BasketballDrive_f0000,HEVC_B,BasketballDrive,test,0.1,0.1001129150390625,0.01,2026,beac6652583eac2478fd28dade8028947e5c5b4eebf7321e3e3dbf9a35012d4a,adjoint,28.105968807130253,0.6650757385423836,0.00019948091357946396,0.0029973466880619526
hevc_BasketballDrive_f0000,HEVC_B,BasketballDrive,test,0.1,0.1001129150390625,0.01,2026,beac6652583eac2478fd28dade8028947e5c5b4eebf7321e3e3dbf9a35012d4a,fista_dct,28.666744092164027,0.7091444942720346,0.34716625697910786,0.0007601840188726783
hevc_BasketballDrive_f0000,HEVC_B,BasketballDrive,test,0.1,0.1001129150390625,0.01,2026,beac6652583eac2478fd28dade8028947e5c5b4eebf7321e3e3dbf9a35012d4a,hqs,34.34248559072624,0.9110043008933068,0.32430001499596983,0.0016670981422066689
hevc_BasketballDrive_f0000,HEVC_B,BasketballDrive,test,0.1,0.1001129150390625,0.01,2026,beac6652583eac2478fd28dade8028947e5c5b4eebf7321e3e3dbf9a35012d4a,admm,34.490405582162225,0.9134926193265915,0.32591708505060524,0.0029525323770940304
hevc_BasketballDrive_f0000,HEVC_B,BasketballDrive,test,0.1,0.1001129150390625,0.01,2027,44d175c23f370dadd8ce953c65e3c1dbfa45076008cb522e037caea37702fae3,adjoint,28.104276977627162,0.6648299474447392,0.0002021020045503974,0.0029973946511745453
hevc_BasketballDrive_f0000,HEVC_B,BasketballDrive,test,0.1,0.1001129150390625,0.01,2027,44d175c23f370dadd8ce953c65e3c1dbfa45076008cb522e037caea37702fae3,fista_dct,28.653038501870313,0.7085718294035681,0.35425559198483825,0.0007581034442409873
hevc_BasketballDrive_f0000,HEVC_B,BasketballDrive,test,0.1,0.1001129150390625,0.01,2027,44d175c23f370dadd8ce953c65e3c1dbfa45076008cb522e037caea37702fae3,hqs,34.26191832401915,0.9104663663563728,0.32471052499022335,0.0017167080659419298
hevc_BasketballDrive_f0000,HEVC_B,BasketballDrive,test,0.1,0.1001129150390625,0.01,2027,44d175c23f370dadd8ce953c65e3c1dbfa45076008cb522e037caea37702fae3,admm,34.43599011791364,0.9134887447009087,0.3272930249804631,0.0029057993087917566
hevc_BasketballDrive_f0000,HEVC_B,BasketballDrive,test,0.1,0.1001129150390625,0.01,2028,0157b8ee6634e13c686772e63295612ff52796b071ec1f67d4ee0b759bcdfbee,adjoint,28.10559985679792,0.6648625243150769,0.00023254298139363527,0.0029979157261550426
hevc_BasketballDrive_f0000,HEVC_B,BasketballDrive,test,0.1,0.1001129150390625,0.01,2028,0157b8ee6634e13c686772e63295612ff52796b071ec1f67d4ee0b759bcdfbee,fista_dct,28.686299736860946,0.711931307042576,0.3515772479586303,0.0007557025528512895
hevc_BasketballDrive_f0000,HEVC_B,BasketballDrive,test,0.1,0.1001129150390625,0.01,2028,0157b8ee6634e13c686772e63295612ff52796b071ec1f67d4ee0b759bcdfbee,hqs,34.329299911147075,0.912042490439415,0.3262076290557161,0.0017234755214303732
hevc_BasketballDrive_f0000,HEVC_B,BasketballDrive,test,0.1,0.1001129150390625,0.01,2028,0157b8ee6634e13c686772e63295612ff52796b071ec1f67d4ee0b759bcdfbee,admm,34.4653531319945,0.9142718570680618,0.3275170249398798,0.00295467721298337
hevc_BasketballDrive_f0000,HEVC_B,BasketballDrive,test,0.1,0.1001129150390625,0.05,2026,7bf3ae606b8210d7a1f757ff7cf86a2d0a5b62f089f0abcfe6c3fdb900cdc833,adjoint,26.6180025345271,0.5642114767162516,0.00020946201402693987,0.002993766451254487
hevc_BasketballDrive_f0000,HEVC_B,BasketballDrive,test,0.1,0.1001129150390625,0.05,2026,7bf3ae606b8210d7a1f757ff7cf86a2d0a5b62f089f0abcfe6c3fdb900cdc833,fista_dct,26.26036565120042,0.5490834825796534,0.3509696949040517,0.0007657232345081866
hevc_BasketballDrive_f0000,HEVC_B,BasketballDrive,test,0.1,0.1001129150390625,0.05,2026,7bf3ae606b8210d7a1f757ff7cf86a2d0a5b62f089f0abcfe6c3fdb900cdc833,hqs,29.037931527744185,0.7183501603171359,0.3225346109829843,0.001449092524126172
hevc_BasketballDrive_f0000,HEVC_B,BasketballDrive,test,0.1,0.1001129150390625,0.05,2026,7bf3ae606b8210d7a1f757ff7cf86a2d0a5b62f089f0abcfe6c3fdb900cdc833,admm,29.2189681888588,0.7300982952653752,0.327035789960064,0.003073260188102722
hevc_BasketballDrive_f0000,HEVC_B,BasketballDrive,test,0.1,0.1001129150390625,0.05,2027,8f02f81f6a7e19fb9b67f3526400301ef01c0d8c5168375734d3c7dbe9cccec9,adjoint,26.591843771688666,0.5605663521372769,0.00020251597743481398,0.0029950225725769997
hevc_BasketballDrive_f0000,HEVC_B,BasketballDrive,test,0.1,0.1001129150390625,0.05,2027,8f02f81f6a7e19fb9b67f3526400301ef01c0d8c5168375734d3c7dbe9cccec9,fista_dct,26.207070805549336,0.5430166818684913,0.34984069294296205,0.0007624492864124477
hevc_BasketballDrive_f0000,HEVC_B,BasketballDrive,test,0.1,0.1001129150390625,0.05,2027,8f02f81f6a7e19fb9b67f3526400301ef01c0d8c5168375734d3c7dbe9cccec9,hqs,28.989555240500046,0.7096308503885567,0.3240755769656971,0.0014697526348754764
hevc_BasketballDrive_f0000,HEVC_B,BasketballDrive,test,0.1,0.1001129150390625,0.05,2027,8f02f81f6a7e19fb9b67f3526400301ef01c0d8c5168375734d3c7dbe9cccec9,admm,29.163550640294904,0.72259632090348,0.32437721302267164,0.0031519734766334295
hevc_BasketballDrive_f0000,HEVC_B,BasketballDrive,test,0.1,0.1001129150390625,0.05,2028,78e12100dedbb7cc0b947e3621443d43fc548a916b316844cefcca74e3b87733,adjoint,26.624105114017095,0.5631224496083327,0.0001798029989004135,0.0029965764842927456
hevc_BasketballDrive_f0000,HEVC_B,BasketballDrive,test,0.1,0.1001129150390625,0.05,2028,78e12100dedbb7cc0b947e3621443d43fc548a916b316844cefcca74e3b87733,fista_dct,26.202388051764586,0.5425984406128228,0.34940151998307556,0.0007651993655599654
hevc_BasketballDrive_f0000,HEVC_B,BasketballDrive,test,0.1,0.1001129150390625,0.05,2028,78e12100dedbb7cc0b947e3621443d43fc548a916b316844cefcca74e3b87733,hqs,29.069750471957803,0.7140848604844212,0.3288442399352789,0.0013766564661636949
hevc_BasketballDrive_f0000,HEVC_B,BasketballDrive,test,0.1,0.1001129150390625,0.05,2028,78e12100dedbb7cc0b947e3621443d43fc548a916b316844cefcca74e3b87733,admm,29.246197771839558,0.7274885161639154,0.32751085597556084,0.003379629459232092
hevc_BasketballDrive_f0167,HEVC_B,BasketballDrive,test,0.01,0.01031494140625,0.0,2026,0d79724fe53cf3173ae3400087379b8b08517bedfd3806f40f64451185023d43,adjoint,22.645613116312052,0.43205267768856487,0.00014701299369335175,0.0017939104000106454
hevc_BasketballDrive_f0167,HEVC_B,BasketballDrive,test,0.01,0.01031494140625,0.0,2026,0d79724fe53cf3173ae3400087379b8b08517bedfd3806f40f64451185023d43,fista_dct,22.771085537025474,0.49262770560113867,0.3176566769834608,0.00023404660169035196
hevc_BasketballDrive_f0167,HEVC_B,BasketballDrive,test,0.01,0.01031494140625,0.0,2026,0d79724fe53cf3173ae3400087379b8b08517bedfd3806f40f64451185023d43,hqs,23.960200260440065,0.5871234498954504,0.32361111300997436,0.004389570094645023
hevc_BasketballDrive_f0167,HEVC_B,BasketballDrive,test,0.01,0.01031494140625,0.0,2026,0d79724fe53cf3173ae3400087379b8b08517bedfd3806f40f64451185023d43,admm,24.034442341339496,0.594618465171823,0.32252092310227454,0.004442540928721428
hevc_BasketballDrive_f0167,HEVC_B,BasketballDrive,test,0.04,0.041259765625,0.0,2026,3222cbdd99905cb3e33fceab8229d3b8ab5ee4b4ae0bed5525c66c9d2e21a364,adjoint,24.416830038674174,0.5122026164129379,0.00017690600361675024,0.0024191790726035833
hevc_BasketballDrive_f0167,HEVC_B,BasketballDrive,test,0.04,0.041259765625,0.0,2026,3222cbdd99905cb3e33fceab8229d3b8ab5ee4b4ae0bed5525c66c9d2e21a364,fista_dct,24.75726824346147,0.5496616414004508,0.33577493799384683,0.00048604290350340307
hevc_BasketballDrive_f0167,HEVC_B,BasketballDrive,test,0.04,0.041259765625,0.0,2026,3222cbdd99905cb3e33fceab8229d3b8ab5ee4b4ae0bed5525c66c9d2e21a364,hqs,28.138556302209963,0.7817806305695698,0.3198591449763626,0.0035865292884409428
hevc_BasketballDrive_f0167,HEVC_B,BasketballDrive,test,0.04,0.041259765625,0.0,2026,3222cbdd99905cb3e33fceab8229d3b8ab5ee4b4ae0bed5525c66c9d2e21a364,admm,28.104578205475693,0.7788705226040036,0.3227400479372591,0.005188918672502041
hevc_BasketballDrive_f0167,HEVC_B,BasketballDrive,test,0.1,0.1001129150390625,0.0,2026,794cfde4094a3636cf21f66c4810c6bfaa97c39c5ac8ec9a2b5cae85fc486ec8,adjoint,25.989612342782596,0.610052345084142,0.00020642101299017668,0.0029522639233618975
hevc_BasketballDrive_f0167,HEVC_B,BasketballDrive,test,0.1,0.1001129150390625,0.0,2026,794cfde4094a3636cf21f66c4810c6bfaa97c39c5ac8ec9a2b5cae85fc486ec8,fista_dct,26.463281201382042,0.6519619271597711,0.3593654379947111,0.0007452840218320489
hevc_BasketballDrive_f0167,HEVC_B,BasketballDrive,test,0.1,0.1001129150390625,0.0,2026,794cfde4094a3636cf21f66c4810c6bfaa97c39c5ac8ec9a2b5cae85fc486ec8,hqs,30.938622407879595,0.8692384831237793,0.3213469689944759,0.0026051118038594723
hevc_BasketballDrive_f0167,HEVC_B,BasketballDrive,test,0.1,0.1001129150390625,0.0,2026,794cfde4094a3636cf21f66c4810c6bfaa97c39c5ac8ec9a2b5cae85fc486ec8,admm,30.959992080610288,0.8676192247477174,0.32129860296845436,0.003639159956946969
hevc_BasketballDrive_f0167,HEVC_B,BasketballDrive,test,0.25,0.25,0.0,2026,3fff7f9c140357f0944f59b63e644182ed251ca82f40d18a2cf2efc4c015c34e,adjoint,28.26667211264043,0.7313717804138362,0.0002762370277196169,0.003729972057044506
hevc_BasketballDrive_f0167,HEVC_B,BasketballDrive,test,0.25,0.25,0.0,2026,3fff7f9c140357f0944f59b63e644182ed251ca82f40d18a2cf2efc4c015c34e,fista_dct,28.73009224063187,0.7593382134905876,0.372110752039589,0.0011157654225826263
hevc_BasketballDrive_f0167,HEVC_B,BasketballDrive,test,0.25,0.25,0.0,2026,3fff7f9c140357f0944f59b63e644182ed251ca82f40d18a2cf2efc4c015c34e,hqs,35.36141255912176,0.9390864160556793,0.31909591099247336,0.001838228665292263
hevc_BasketballDrive_f0167,HEVC_B,BasketballDrive,test,0.25,0.25,0.0,2026,3fff7f9c140357f0944f59b63e644182ed251ca82f40d18a2cf2efc4c015c34e,admm,35.43361122907309,0.9398680134034156,0.3214115409646183,0.0023762995842844248
hevc_BasketballDrive_f0167,HEVC_B,BasketballDrive,test,0.5,0.4998931884765625,0.0,2026,2bdb89add7567d473e15f589276c364c54d578948c144fcbb2bcfedfa8ab34a9,adjoint,31.341440508538895,0.8353335265328884,0.0003321371041238308,0.004875257145613432
hevc_BasketballDrive_f0167,HEVC_B,BasketballDrive,test,0.5,0.4998931884765625,0.0,2026,2bdb89add7567d473e15f589276c364c54d578948c144fcbb2bcfedfa8ab34a9,fista_dct,31.630513125918725,0.850420573767662,0.4258931470103562,0.0014860281953588128
hevc_BasketballDrive_f0167,HEVC_B,BasketballDrive,test,0.5,0.4998931884765625,0.0,2026,2bdb89add7567d473e15f589276c364c54d578948c144fcbb2bcfedfa8ab34a9,hqs,41.130176453028696,0.978020281200409,0.32371676992625,0.0013427137164399028
hevc_BasketballDrive_f0167,HEVC_B,BasketballDrive,test,0.5,0.4998931884765625,0.0,2026,2bdb89add7567d473e15f589276c364c54d578948c144fcbb2bcfedfa8ab34a9,admm,41.316405207109696,0.9786764397363663,0.32133277994580567,0.0018211870919913054
hevc_BasketballDrive_f0167,HEVC_B,BasketballDrive,test,0.1,0.1001129150390625,0.01,2026,99761a3ca86e7ad0e458614e0ff45b4a1d68b3a549620ac04d76006ef6ac94f6,adjoint,25.942764208011813,0.6060450024973715,0.00021902204025536776,0.0029521409887820482
hevc_BasketballDrive_f0167,HEVC_B,BasketballDrive,test,0.1,0.1001129150390625,0.01,2026,99761a3ca86e7ad0e458614e0ff45b4a1d68b3a549620ac04d76006ef6ac94f6,fista_dct,26.345958890992584,0.6401522944860422,0.3619715489912778,0.0007466220413334668
hevc_BasketballDrive_f0167,HEVC_B,BasketballDrive,test,0.1,0.1001129150390625,0.01,2026,99761a3ca86e7ad0e458614e0ff45b4a1d68b3a549620ac04d76006ef6ac94f6,hqs,30.56832526075332,0.8572882290498018,0.32247034495230764,0.0024229122791439295
hevc_BasketballDrive_f0167,HEVC_B,BasketballDrive,test,0.1,0.1001129150390625,0.01,2026,99761a3ca86e7ad0e458614e0ff45b4a1d68b3a549620ac04d76006ef6ac94f6,admm,30.650611624354163,0.8583069821270705,0.3241910330252722,0.003717085113748908
hevc_BasketballDrive_f0167,HEVC_B,BasketballDrive,test,0.1,0.1001129150390625,0.01,2027,30d77bbdcea4ee8543a8a3ab16cf5e52d18f466336bd48adece5a40eb210d8d4,adjoint,25.944505093136506,0.6060164809150994,0.00019135302864015102,0.0029520916286855936
hevc_BasketballDrive_f0167,HEVC_B,BasketballDrive,test,0.1,0.1001129150390625,0.01,2027,30d77bbdcea4ee8543a8a3ab16cf5e52d18f466336bd48adece5a40eb210d8d4,fista_dct,26.320882281594507,0.6369232875437653,0.3491465960396454,0.0007467212853953242
hevc_BasketballDrive_f0167,HEVC_B,BasketballDrive,test,0.1,0.1001129150390625,0.01,2027,30d77bbdcea4ee8543a8a3ab16cf5e52d18f466336bd48adece5a40eb210d8d4,hqs,30.558550964189447,0.8570463115526438,0.32512031798250973,0.0022369916550815105
hevc_BasketballDrive_f0167,HEVC_B,BasketballDrive,test,0.1,0.1001129150390625,0.01,2027,30d77bbdcea4ee8543a8a3ab16cf5e52d18f466336bd48adece5a40eb210d8d4,admm,30.66235456802407,0.8584914185186625,0.3207333469763398,0.003801453858613968
hevc_BasketballDrive_f0167,HEVC_B,BasketballDrive,test,0.1,0.1001129150390625,0.01,2028,3577d8ae659a562f7f98da45569817d639fbb03204206bfa9bde57c7545d7126,adjoint,25.94480320992104,0.6058157716833614,0.00020370492711663246,0.0029522848781198263
hevc_BasketballDrive_f0167,HEVC_B,BasketballDrive,test,0.1,0.1001129150390625,0.01,2028,3577d8ae659a562f7f98da45569817d639fbb03204206bfa9bde57c7545d7126,fista_dct,26.387161119816824,0.6435257530027735,0.34874459297861904,0.0007467663381248713
hevc_BasketballDrive_f0167,HEVC_B,BasketballDrive,test,0.1,0.1001129150390625,0.01,2028,3577d8ae659a562f7f98da45569817d639fbb03204206bfa9bde57c7545d7126,hqs,30.6458734105896,0.8585196925758123,0.32402821397408843,0.0023685030173510313
hevc_BasketballDrive_f0167,HEVC_B,BasketballDrive,test,0.1,0.1001129150390625,0.01,2028,3577d8ae659a562f7f98da45569817d639fbb03204206bfa9bde57c7545d7126,admm,30.714848385083357,0.8600140890778303,0.3242066130042076,0.00389674911275506
hevc_BasketballDrive_f0167,HEVC_B,BasketballDrive,test,0.1,0.1001129150390625,0.05,2026,2b61cbfe1f034b614b6ec35b75a94f608ccdae0e32a9e07be1902df4a97d87f5,adjoint,24.952891644529345,0.5256546864209212,0.00020834302995353937,0.0029492508620023727
hevc_BasketballDrive_f0167,HEVC_B,BasketballDrive,test,0.1,0.1001129150390625,0.05,2026,2b61cbfe1f034b614b6ec35b75a94f608ccdae0e32a9e07be1902df4a97d87f5,fista_dct,24.667467111097963,0.5082231320548704,0.34643739298917353,0.0007559873047284782
hevc_BasketballDrive_f0167,HEVC_B,BasketballDrive,test,0.1,0.1001129150390625,0.05,2026,2b61cbfe1f034b614b6ec35b75a94f608ccdae0e32a9e07be1902df4a97d87f5,hqs,27.13979020665551,0.6853443457155516,0.32240652095060796,0.0019156222697347403
hevc_BasketballDrive_f0167,HEVC_B,BasketballDrive,test,0.1,0.1001129150390625,0.05,2026,2b61cbfe1f034b614b6ec35b75a94f608ccdae0e32a9e07be1902df4a97d87f5,admm,27.235292490500527,0.6963028770399057,0.3220779240364209,0.0032445930410176516
hevc_BasketballDrive_f0167,HEVC_B,BasketballDrive,test,0.1,0.1001129150390625,0.05,2027,ac997c52b35328678b28707b667c767d3aa9c294bb48a8cc6a2cd4b220f95ada,adjoint,24.976224466226363,0.5273215708923281,0.00018987595103681087,0.002948749577626586
hevc_BasketballDrive_f0167,HEVC_B,BasketballDrive,test,0.1,0.1001129150390625,0.05,2027,ac997c52b35328678b28707b667c767d3aa9c294bb48a8cc6a2cd4b220f95ada,fista_dct,24.685486269698785,0.5098135827746721,0.34877663594670594,0.000751990475691855
hevc_BasketballDrive_f0167,HEVC_B,BasketballDrive,test,0.1,0.1001129150390625,0.05,2027,ac997c52b35328678b28707b667c767d3aa9c294bb48a8cc6a2cd4b220f95ada,hqs,27.181920648403043,0.6879980622032094,0.32175274507608265,0.001780588529072702
hevc_BasketballDrive_f0167,HEVC_B,BasketballDrive,test,0.1,0.1001129150390625,0.05,2027,ac997c52b35328678b28707b667c767d3aa9c294bb48a8cc6a2cd4b220f95ada,admm,27.26549289331213,0.6980282132637187,0.32324885902926326,0.0032001554500311613
hevc_BasketballDrive_f0167,HEVC_B,BasketballDrive,test,0.1,0.1001129150390625,0.05,2028,4910b48a3df157ac8e4af88fb03fe9e761ca901ba47da8b1773b087ca0f91d3a,adjoint,24.982716019299005,0.5257089013656254,0.00019226502627134323,0.002950371941551566
hevc_BasketballDrive_f0167,HEVC_B,BasketballDrive,test,0.1,0.1001129150390625,0.05,2028,4910b48a3df157ac8e4af88fb03fe9e761ca901ba47da8b1773b087ca0f91d3a,fista_dct,24.814165482881382,0.5182658928831377,0.35073097702115774,0.0008275468717329204
hevc_BasketballDrive_f0167,HEVC_B,BasketballDrive,test,0.1,0.1001129150390625,0.05,2028,4910b48a3df157ac8e4af88fb03fe9e761ca901ba47da8b1773b087ca0f91d3a,hqs,27.23560080984071,0.6862096720505617,0.32242580805905163,0.001886106445454061
hevc_BasketballDrive_f0167,HEVC_B,BasketballDrive,test,0.1,0.1001129150390625,0.05,2028,4910b48a3df157ac8e4af88fb03fe9e761ca901ba47da8b1773b087ca0f91d3a,admm,27.337416078816577,0.6976899181556999,0.32497052394319326,0.0033374170307070017
hevc_BasketballDrive_f0334,HEVC_B,BasketballDrive,test,0.01,0.01031494140625,0.0,2026,b10a5d66dee8440bde52c9d019dfc0f05c61bd3375b5f5bdb09f41163cbce03e,adjoint,21.94225140971973,0.4477084607110384,0.00014088593889027834,0.0017931075999513268
hevc_BasketballDrive_f0334,HEVC_B,BasketballDrive,test,0.01,0.01031494140625,0.0,2026,b10a5d66dee8440bde52c9d019dfc0f05c61bd3375b5f5bdb09f41163cbce03e,fista_dct,21.980408697958516,0.4888635636778979,0.31275287293829024,0.00025606961571611464
hevc_BasketballDrive_f0334,HEVC_B,BasketballDrive,test,0.01,0.01031494140625,0.0,2026,b10a5d66dee8440bde52c9d019dfc0f05c61bd3375b5f5bdb09f41163cbce03e,hqs,23.248964529730213,0.6161966989774159,0.3266507179941982,0.005088051315397024
hevc_BasketballDrive_f0334,HEVC_B,BasketballDrive,test,0.01,0.01031494140625,0.0,2026,b10a5d66dee8440bde52c9d019dfc0f05c61bd3375b5f5bdb09f41163cbce03e,admm,23.009703128433948,0.6058613113399928,0.32916911505162716,0.006926929112523794
hevc_BasketballDrive_f0334,HEVC_B,BasketballDrive,test,0.04,0.041259765625,0.0,2026,002908c453b02759ed9d6e8891228222ed74c6d095127b4fb89d73025eaf2293,adjoint,24.059918654696745,0.5376268194822064,0.00017759599722921848,0.002418315038084984
hevc_BasketballDrive_f0334,HEVC_B,BasketballDrive,test,0.04,0.041259765625,0.0,2026,002908c453b02759ed9d6e8891228222ed74c6d095127b4fb89d73025eaf2293,fista_dct,24.402539470964072,0.5690168597467923,0.3410397469997406,0.0007160986424423754
hevc_BasketballDrive_f0334,HEVC_B,BasketballDrive,test,0.04,0.041259765625,0.0,2026,002908c453b02759ed9d6e8891228222ed74c6d095127b4fb89d73025eaf2293,hqs,28.50650467570272,0.8288850647148341,0.33117145707365125,0.004978402052074671
hevc_BasketballDrive_f0334,HEVC_B,BasketballDrive,test,0.04,0.041259765625,0.0,2026,002908c453b02759ed9d6e8891228222ed74c6d095127b4fb89d73025eaf2293,admm,28.384460319617254,0.8228992162392214,0.32860900997184217,0.0064448886550962925
hevc_BasketballDrive_f0334,HEVC_B,BasketballDrive,test,0.1,0.1001129150390625,0.0,2026,c1c421b074bcfefa90614627f75729c093e6800bb409b4ae70a4897c90505f56,adjoint,26.07276722347482,0.6491501909190416,0.00019930291455239058,0.002952965907752514
hevc_BasketballDrive_f0334,HEVC_B,BasketballDrive,test,0.1,0.1001129150390625,0.0,2026,c1c421b074bcfefa90614627f75729c093e6800bb409b4ae70a4897c90505f56,fista_dct,26.64145822518222,0.6834712847280672,0.3640171739971265,0.0008233171538449824
hevc_BasketballDrive_f0334,HEVC_B,BasketballDrive,test,0.1,0.1001129150390625,0.0,2026,c1c421b074bcfefa90614627f75729c093e6800bb409b4ae70a4897c90505f56,hqs,32.344630608045804,0.915515642162323,0.32667307707015425,0.0030811161268502474
hevc_BasketballDrive_f0334,HEVC_B,BasketballDrive,test,0.1,0.1001129150390625,0.0,2026,c1c421b074bcfefa90614627f75729c093e6800bb409b4ae70a4897c90505f56,admm,32.44469954188079,0.9144929361307025,0.32615259604062885,0.004082661587744951
hevc_BasketballDrive_f0334,HEVC_B,BasketballDrive,test,0.25,0.25,0.0,2026,1831ab3bfe62a4686f64e5c89b39ec5c50560ad8dc161db0443328157f7dcdbe,adjoint,28.97780128805546,0.7668653761996552,0.0002670909743756056,0.003712971694767475
hevc_BasketballDrive_f0334,HEVC_B,BasketballDrive,test,0.25,0.25,0.0,2026,1831ab3bfe62a4686f64e5c89b39ec5c50560ad8dc161db0443328157f7dcdbe,fista_dct,30.11757047419506,0.8129577043267786,0.37901310599409044,0.0012099314481019974
hevc_BasketballDrive_f0334,HEVC_B,BasketballDrive,test,0.25,0.25,0.0,2026,1831ab3bfe62a4686f64e5c89b39ec5c50560ad8dc161db0443328157f7dcdbe,hqs,38.248301780932835,0.9680826048855782,0.32447142503224313,0.001875191810540855
hevc_BasketballDrive_f0334,HEVC_B,BasketballDrive,test,0.25,0.25,0.0,2026,1831ab3bfe62a4686f64e5c89b39ec5c50560ad8dc161db0443328157f7dcdbe,admm,38.470782412054795,0.9692697891025543,0.3284016529796645,0.002301837783306837
hevc_BasketballDrive_f0334,HEVC_B,BasketballDrive,test,0.5,0.4998931884765625,0.0,2026,0440baaaaf2fca65139b8dd17faeba1ae28bacccb41f34e28a7be0df0f899e8e,adjoint,32.52834377537929,0.8658890380926132,0.00034734990913420916,0.004822739399969578
hevc_BasketballDrive_f0334,HEVC_B,BasketballDrive,test,0.5,0.4998931884765625,0.0,2026,0440baaaaf2fca65139b8dd17faeba1ae28bacccb41f34e28a7be0df0f899e8e,fista_dct,34.15008791449338,0.9122366885640621,0.428912358940579,0.0016032200073823333
hevc_BasketballDrive_f0334,HEVC_B,BasketballDrive,test,0.5,0.4998931884765625,0.0,2026,0440baaaaf2fca65139b8dd17faeba1ae28bacccb41f34e28a7be0df0f899e8e,hqs,45.11567453495058,0.9918207310857773,0.3261956969508901,0.0013030230766162276
hevc_BasketballDrive_f0334,HEVC_B,BasketballDrive,test,0.5,0.4998931884765625,0.0,2026,0440baaaaf2fca65139b8dd17faeba1ae28bacccb41f34e28a7be0df0f899e8e,admm,45.0749272244139,0.9917844856023789,0.3275567749515176,0.0016515380702912807
hevc_BasketballDrive_f0334,HEVC_B,BasketballDrive,test,0.1,0.1001129150390625,0.01,2026,e668ad51677963f65a5c0c6ae1110885815f179911a24dd8909eea427bb352a9,adjoint,26.03136047068991,0.6455558089295982,0.0002235859865322709,0.002951789880171418
hevc_BasketballDrive_f0334,HEVC_B,BasketballDrive,test,0.1,0.1001129150390625,0.01,2026,e668ad51677963f65a5c0c6ae1110885815f179911a24dd8909eea427bb352a9,fista_dct,26.60611956948861,0.6791788928296632,0.35022877692244947,0.0008143243030644953
hevc_BasketballDrive_f0334,HEVC_B,BasketballDrive,test,0.1,0.1001129150390625,0.01,2026,e668ad51677963f65a5c0c6ae1110885815f179911a24dd8909eea427bb352a9,hqs,32.01317648722612,0.9066951313583851,0.3318010710645467,0.0028309321496635675
hevc_BasketballDrive_f0334,HEVC_B,BasketballDrive,test,0.1,0.1001129150390625,0.01,2026,e668ad51677963f65a5c0c6ae1110885815f179911a24dd8909eea427bb352a9,admm,32.067976927518146,0.9067369354426861,0.3313481139484793,0.0041919611394405365
hevc_BasketballDrive_f0334,HEVC_B,BasketballDrive,test,0.1,0.1001129150390625,0.01,2027,40e7231216160bb5438f1dbed5e98716c33380ae4a5840aa1d8444276564c8a6,adjoint,26.034099162045425,0.6455031027631443,0.00019391707610338926,0.0029515044298022985
hevc_BasketballDrive_f0334,HEVC_B,BasketballDrive,test,0.1,0.1001129150390625,0.01,2027,40e7231216160bb5438f1dbed5e98716c33380ae4a5840aa1d8444276564c8a6,fista_dct,26.558184200837196,0.6762884412651294,0.37143463001120836,0.0008312221616506577
hevc_BasketballDrive_f0334,HEVC_B,BasketballDrive,test,0.1,0.1001129150390625,0.01,2027,40e7231216160bb5438f1dbed5e98716c33380ae4a5840aa1d8444276564c8a6,hqs,31.913402262694586,0.9069688171997015,0.32957898802123964,0.0028788952622562647
hevc_BasketballDrive_f0334,HEVC_B,BasketballDrive,test,0.1,0.1001129150390625,0.01,2027,40e7231216160bb5438f1dbed5e98716c33380ae4a5840aa1d8444276564c8a6,admm,32.06912306319681,0.9081127101990506,0.33247764490079135,0.004065262619405985
hevc_BasketballDrive_f0334,HEVC_B,BasketballDrive,test,0.1,0.1001129150390625,0.01,2028,79bc53b7feb1c53ed6b64d0e5a809d4eeaf151e6fff04fd94b0fec13d821bc0c,adjoint,26.03118303930007,0.6458262216104494,0.0002120999852195382,0.0029485600534826517
hevc_BasketballDrive_f0334,HEVC_B,BasketballDrive,test,0.1,0.1001129150390625,0.01,2028,79bc53b7feb1c53ed6b64d0e5a809d4eeaf151e6fff04fd94b0fec13d821bc0c,fista_dct,26.57673247809963,0.6763250742800553,0.383255128050223,0.0008240137249231339
hevc_BasketballDrive_f0334,HEVC_B,BasketballDrive,test,0.1,0.1001129150390625,0.01,2028,79bc53b7feb1c53ed6b64d0e5a809d4eeaf151e6fff04fd94b0fec13d821bc0c,hqs,31.97924346701649,0.9059830420089587,0.3322786749340594,0.002794280182570219
hevc_BasketballDrive_f0334,HEVC_B,BasketballDrive,test,0.1,0.1001129150390625,0.01,2028,79bc53b7feb1c53ed6b64d0e5a809d4eeaf151e6fff04fd94b0fec13d821bc0c,admm,32.07980277819159,0.9065452908759862,0.3327669060090557,0.0041966489516198635
hevc_BasketballDrive_f0334,HEVC_B,BasketballDrive,test,0.1,0.1001129150390625,0.05,2026,202a5aebba743c8153e4c028c70f6a1a94db679bf7db84ea2693943c8fa6d89f,adjoint,25.148329214560956,0.5762717558284514,0.0002129030181095004,0.0029662891756743193
hevc_BasketballDrive_f0334,HEVC_B,BasketballDrive,test,0.1,0.1001129150390625,0.05,2026,202a5aebba743c8153e4c028c70f6a1a94db679bf7db84ea2693943c8fa6d89f,fista_dct,25.06443179815783,0.5659719425693894,0.3712437760550529,0.0008825191180221736
hevc_BasketballDrive_f0334,HEVC_B,BasketballDrive,test,0.1,0.1001129150390625,0.05,2026,202a5aebba743c8153e4c028c70f6a1a94db679bf7db84ea2693943c8fa6d89f,hqs,28.0637140488021,0.7475164917780608,0.32992927893064916,0.002618164522573352
hevc_BasketballDrive_f0334,HEVC_B,BasketballDrive,test,0.1,0.1001129150390625,0.05,2026,202a5aebba743c8153e4c028c70f6a1a94db679bf7db84ea2693943c8fa6d89f,admm,28.233591266057935,0.7603477141638398,0.3287105270428583,0.0037494152784347534
hevc_BasketballDrive_f0334,HEVC_B,BasketballDrive,test,0.1,0.1001129150390625,0.05,2027,68887760034972924696a8df52c73d82107e24343a85e67bbf290e732b419b10,adjoint,25.203858594195484,0.5802590544575276,0.00020163704175502062,0.002956872107461095
hevc_BasketballDrive_f0334,HEVC_B,BasketballDrive,test,0.1,0.1001129150390625,0.05,2027,68887760034972924696a8df52c73d82107e24343a85e67bbf290e732b419b10,fista_dct,25.146663441356797,0.5772673133784365,0.3698921640170738,0.0009872043738141656
hevc_BasketballDrive_f0334,HEVC_B,BasketballDrive,test,0.1,0.1001129150390625,0.05,2027,68887760034972924696a8df52c73d82107e24343a85e67bbf290e732b419b10,hqs,28.208921966464175,0.7600950202930048,0.33254850504454225,0.002728863386437297
hevc_BasketballDrive_f0334,HEVC_B,BasketballDrive,test,0.1,0.1001129150390625,0.05,2027,68887760034972924696a8df52c73d82107e24343a85e67bbf290e732b419b10,admm,28.33185153285967,0.7730140364887118,0.3305722640361637,0.004066030029207468
hevc_BasketballDrive_f0334,HEVC_B,BasketballDrive,test,0.1,0.1001129150390625,0.05,2028,2e041e355cb6feff92f35fb8dc459a1adebc4a98d94e170299f945d5ef1cb7c1,adjoint,25.141943809532155,0.5768679960845238,0.00018754694610834122,0.0029498767107725143
hevc_BasketballDrive_f0334,HEVC_B,BasketballDrive,test,0.1,0.1001129150390625,0.05,2028,2e041e355cb6feff92f35fb8dc459a1adebc4a98d94e170299f945d5ef1cb7c1,fista_dct,25.099682607486077,0.5698519153310133,0.36664266895968467,0.0010063640074804425
hevc_BasketballDrive_f0334,HEVC_B,BasketballDrive,test,0.1,0.1001129150390625,0.05,2028,2e041e355cb6feff92f35fb8dc459a1adebc4a98d94e170299f945d5ef1cb7c1,hqs,28.096320393832972,0.7482624081231085,0.3299552429234609,0.0029949308373034
hevc_BasketballDrive_f0334,HEVC_B,BasketballDrive,test,0.1,0.1001129150390625,0.05,2028,2e041e355cb6feff92f35fb8dc459a1adebc4a98d94e170299f945d5ef1cb7c1,admm,28.259989700512165,0.760574732315734,0.3286269400268793,0.0034840002190321684
hevc_Cactus_f0000,HEVC_B,Cactus,test,0.01,0.01031494140625,0.0,2026,bf823b9030acd5df21f5b1cd3d63d526e51c5761f6e46da9c0db7a9502ff8d34,adjoint,20.681305430615772,0.3364214215520829,0.00012838398106396198,0.0017353445291519165
hevc_Cactus_f0000,HEVC_B,Cactus,test,0.01,0.01031494140625,0.0,2026,bf823b9030acd5df21f5b1cd3d63d526e51c5761f6e46da9c0db7a9502ff8d34,fista_dct,21.051119283626466,0.39869898074766746,0.32840764592401683,0.00036702476791106164
hevc_Cactus_f0000,HEVC_B,Cactus,test,0.01,0.01031494140625,0.0,2026,bf823b9030acd5df21f5b1cd3d63d526e51c5761f6e46da9c0db7a9502ff8d34,hqs,22.28059127682148,0.47863000757576873,0.32752488600090146,0.003029752057045698
hevc_Cactus_f0000,HEVC_B,Cactus,test,0.01,0.01031494140625,0.0,2026,bf823b9030acd5df21f5b1cd3d63d526e51c5761f6e46da9c0db7a9502ff8d34,admm,22.290126154969904,0.4806576353385829,0.3280342690413818,0.005725253839045763
hevc_Cactus_f0000,HEVC_B,Cactus,test,0.04,0.041259765625,0.0,2026,08459f356c49f0a07250307151001404cca282f187444b63d9ef922bd7a57d24,adjoint,22.757965629366602,0.47745259493534176,0.00017771893180906773,0.002351078437641263
hevc_Cactus_f0000,HEVC_B,Cactus,test,0.04,0.041259765625,0.0,2026,08459f356c49f0a07250307151001404cca282f187444b63d9ef922bd7a57d24,fista_dct,23.517670796269638,0.5479565056259725,0.33952591801062226,0.0007732087397016585
hevc_Cactus_f0000,HEVC_B,Cactus,test,0.04,0.041259765625,0.0,2026,08459f356c49f0a07250307151001404cca282f187444b63d9ef922bd7a57d24,hqs,25.90636232961068,0.7110494533843491,0.3274032489862293,0.003224832471460104
hevc_Cactus_f0000,HEVC_B,Cactus,test,0.04,0.041259765625,0.0,2026,08459f356c49f0a07250307151001404cca282f187444b63d9ef922bd7a57d24,admm,25.919391871882276,0.7109950085889362,0.3297788770869374,0.005651280749589205
hevc_Cactus_f0000,HEVC_B,Cactus,test,0.1,0.1001129150390625,0.0,2026,5f4b3097f2dc36507ba5d0a054164ac546cd4ffb8584d140da664bd8297de513,adjoint,24.464568901215472,0.5942597592576537,0.00021509104408323765,0.0029185276944190264
hevc_Cactus_f0000,HEVC_B,Cactus,test,0.1,0.1001129150390625,0.0,2026,5f4b3097f2dc36507ba5d0a054164ac546cd4ffb8584d140da664bd8297de513,fista_dct,25.502384544648685,0.6678155901991111,0.3673415450612083,0.0013032471761107445
hevc_Cactus_f0000,HEVC_B,Cactus,test,0.1,0.1001129150390625,0.0,2026,5f4b3097f2dc36507ba5d0a054164ac546cd4ffb8584d140da664bd8297de513,hqs,29.070006312032852,0.8497454054756165,0.3305598560255021,0.003144683549180627
hevc_Cactus_f0000,HEVC_B,Cactus,test,0.1,0.1001129150390625,0.0,2026,5f4b3097f2dc36507ba5d0a054164ac546cd4ffb8584d140da664bd8297de513,admm,29.156065878153157,0.8508151983222961,0.32798250496853143,0.004520709160715342
hevc_Cactus_f0000,HEVC_B,Cactus,test,0.25,0.25,0.0,2026,14113ecd96eafb2a29d00d2f54a45ef2b18603d2be255f7ca643f7bb98669c51,adjoint,26.995878877808227,0.7309411214507409,0.00025101506616920233,0.003537260927259922
hevc_Cactus_f0000,HEVC_B,Cactus,test,0.25,0.25,0.0,2026,14113ecd96eafb2a29d00d2f54a45ef2b18603d2be255f7ca643f7bb98669c51,fista_dct,28.409648896562928,0.8061018122763633,0.3901910500135273,0.0015227657277137041
hevc_Cactus_f0000,HEVC_B,Cactus,test,0.25,0.25,0.0,2026,14113ecd96eafb2a29d00d2f54a45ef2b18603d2be255f7ca643f7bb98669c51,hqs,33.83361369532635,0.9451101089191437,0.3318117209710181,0.0026375006418675184
hevc_Cactus_f0000,HEVC_B,Cactus,test,0.25,0.25,0.0,2026,14113ecd96eafb2a29d00d2f54a45ef2b18603d2be255f7ca643f7bb98669c51,admm,33.88850027302571,0.9452445956163407,0.3304755020653829,0.0030493121594190598
hevc_Cactus_f0000,HEVC_B,Cactus,test,0.5,0.4998931884765625,0.0,2026,8e26cd35dbeec630b48be306a25649f5f87ff6134ea0bd57cced57c0bd273404,adjoint,30.09109588089086,0.839484575353384,0.00033475400414317846,0.004595642909407616
hevc_Cactus_f0000,HEVC_B,Cactus,test,0.5,0.4998931884765625,0.0,2026,8e26cd35dbeec630b48be306a25649f5f87ff6134ea0bd57cced57c0bd273404,fista_dct,31.73792123490019,0.8943430863308907,0.4377275970764458,0.0019636659417301416
hevc_Cactus_f0000,HEVC_B,Cactus,test,0.5,0.4998931884765625,0.0,2026,8e26cd35dbeec630b48be306a25649f5f87ff6134ea0bd57cced57c0bd273404,hqs,39.73499689693579,0.9833196380672455,0.32834320899564773,0.0018771113827824593
hevc_Cactus_f0000,HEVC_B,Cactus,test,0.5,0.4998931884765625,0.0,2026,8e26cd35dbeec630b48be306a25649f5f87ff6134ea0bd57cced57c0bd273404,admm,39.74627653483069,0.9832641535396576,0.32854929100722075,0.0021869793999940157
hevc_Cactus_f0000,HEVC_B,Cactus,test,0.1,0.1001129150390625,0.01,2026,c23f005401f658fec6b90dc8d3689ff439274b0c5c2ca99a93c335c9c2eb4dd8,adjoint,24.445056738984874,0.5929270359516147,0.00023487908765673637,0.0029295592103153467
hevc_Cactus_f0000,HEVC_B,Cactus,test,0.1,0.1001129150390625,0.01,2026,c23f005401f658fec6b90dc8d3689ff439274b0c5c2ca99a93c335c9c2eb4dd8,fista_dct,25.45854619768436,0.6650733920613564,0.3670415619853884,0.001311523257754743
hevc_Cactus_f0000,HEVC_B,Cactus,test,0.1,0.1001129150390625,0.01,2026,c23f005401f658fec6b90dc8d3689ff439274b0c5c2ca99a93c335c9c2eb4dd8,hqs,28.91946965942752,0.8443233790524006,0.3255178810795769,0.003036507638171315
hevc_Cactus_f0000,HEVC_B,Cactus,test,0.1,0.1001129150390625,0.01,2026,c23f005401f658fec6b90dc8d3689ff439274b0c5c2ca99a93c335c9c2eb4dd8,admm,28.99297552810197,0.8455301978619099,0.32637586898636073,0.0044653709046542645
hevc_Cactus_f0000,HEVC_B,Cactus,test,0.1,0.1001129150390625,0.01,2027,e26a17f4929e22e174b732cfe614ecec288853d1240da8e9f0b29ac7bd313bb3,adjoint,24.44560481207102,0.5931014043944399,0.0001943870447576046,0.002927165711298585
hevc_Cactus_f0000,HEVC_B,Cactus,test,0.1,0.1001129150390625,0.01,2027,e26a17f4929e22e174b732cfe614ecec288853d1240da8e9f0b29ac7bd313bb3,fista_dct,25.46791736053541,0.6659174173136955,0.3677589609287679,0.0013672371860593557
hevc_Cactus_f0000,HEVC_B,Cactus,test,0.1,0.1001129150390625,0.01,2027,e26a17f4929e22e174b732cfe614ecec288853d1240da8e9f0b29ac7bd313bb3,hqs,28.94383678648967,0.8454839824945927,0.32891301705967635,0.0030833056662231684
hevc_Cactus_f0000,HEVC_B,Cactus,test,0.1,0.1001129150390625,0.01,2027,e26a17f4929e22e174b732cfe614ecec288853d1240da8e9f0b29ac7bd313bb3,admm,29.024575108339068,0.8466627676515579,0.3281259300420061,0.004591959994286299
hevc_Cactus_f0000,HEVC_B,Cactus,test,0.1,0.1001129150390625,0.01,2028,8a7a32ff5fc1e0a78e71cbf0a8d6b740bbb6f2d708f7cc2ac63dc2d2517333b5,adjoint,24.444859191916105,0.5927888223973424,0.00022540695499628782,0.002929925685748458
hevc_Cactus_f0000,HEVC_B,Cactus,test,0.1,0.1001129150390625,0.01,2028,8a7a32ff5fc1e0a78e71cbf0a8d6b740bbb6f2d708f7cc2ac63dc2d2517333b5,fista_dct,25.425169841684152,0.6626071335792215,0.36639769200701267,0.0012459415011107922
hevc_Cactus_f0000,HEVC_B,Cactus,test,0.1,0.1001129150390625,0.01,2028,8a7a32ff5fc1e0a78e71cbf0a8d6b740bbb6f2d708f7cc2ac63dc2d2517333b5,hqs,28.950060400261396,0.8447857903952598,0.3270886919926852,0.0030059381388127804
hevc_Cactus_f0000,HEVC_B,Cactus,test,0.1,0.1001129150390625,0.01,2028,8a7a32ff5fc1e0a78e71cbf0a8d6b740bbb6f2d708f7cc2ac63dc2d2517333b5,admm,29.036904262903477,0.846284235367775,0.3270866699749604,0.004510071594268084
hevc_Cactus_f0000,HEVC_B,Cactus,test,0.1,0.1001129150390625,0.05,2026,19107e0c6a9973d751e77288c4bba391944844b09ce132901ca925ce1e2c3b28,adjoint,23.99878237940568,0.5652701358987032,0.000197779037989676,0.003068086225539446
hevc_Cactus_f0000,HEVC_B,Cactus,test,0.1,0.1001129150390625,0.05,2026,19107e0c6a9973d751e77288c4bba391944844b09ce132901ca925ce1e2c3b28,fista_dct,24.623454066020493,0.6164468251566168,0.3721773129655048,0.002085189102217555
hevc_Cactus_f0000,HEVC_B,Cactus,test,0.1,0.1001129150390625,0.05,2026,19107e0c6a9973d751e77288c4bba391944844b09ce132901ca925ce1e2c3b28,hqs,26.978270697906094,0.7577455593936443,0.3461517640389502,0.002768906531855464
hevc_Cactus_f0000,HEVC_B,Cactus,test,0.1,0.1001129150390625,0.05,2026,19107e0c6a9973d751e77288c4bba391944844b09ce132901ca925ce1e2c3b28,admm,27.07069656348979,0.765197981247902,0.32450741599313915,0.004358904901891947
hevc_Cactus_f0000,HEVC_B,Cactus,test,0.1,0.1001129150390625,0.05,2027,e1aaca8ba46eef73cf05390ea5ff80a2c75857e1601dee0dec14b060f8782be8,adjoint,24.01010432846634,0.5666704655499942,0.00022150203585624695,0.0030238106846809387
hevc_Cactus_f0000,HEVC_B,Cactus,test,0.1,0.1001129150390625,0.05,2027,e1aaca8ba46eef73cf05390ea5ff80a2c75857e1601dee0dec14b060f8782be8,fista_dct,24.495933650436083,0.603305542934659,0.35078512399923056,0.0016968139680102468
hevc_Cactus_f0000,HEVC_B,Cactus,test,0.1,0.1001129150390625,0.05,2027,e1aaca8ba46eef73cf05390ea5ff80a2c75857e1601dee0dec14b060f8782be8,hqs,27.003946877491053,0.75684050407698,0.3241625151131302,0.002593926154077053
hevc_Cactus_f0000,HEVC_B,Cactus,test,0.1,0.1001129150390625,0.05,2027,e1aaca8ba46eef73cf05390ea5ff80a2c75857e1601dee0dec14b060f8782be8,admm,27.082481748753015,0.7645522882803678,0.3247275410685688,0.004153837915509939
hevc_Cactus_f0000,HEVC_B,Cactus,test,0.1,0.1001129150390625,0.05,2028,4a3383d7792fc1506f33abbfca62a4ffb51b8b1c4a6a7b52cb0e5e393f0ef8ad,adjoint,23.99592608332084,0.5640020838775488,0.0002075600204989314,0.0030536800622940063
hevc_Cactus_f0000,HEVC_B,Cactus,test,0.1,0.1001129150390625,0.05,2028,4a3383d7792fc1506f33abbfca62a4ffb51b8b1c4a6a7b52cb0e5e393f0ef8ad,fista_dct,24.485876312137385,0.6019479857263608,0.349504392943345,0.0018796987133100629
hevc_Cactus_f0000,HEVC_B,Cactus,test,0.1,0.1001129150390625,0.05,2028,4a3383d7792fc1506f33abbfca62a4ffb51b8b1c4a6a7b52cb0e5e393f0ef8ad,hqs,26.9987174785781,0.7554540905733108,0.3256426970474422,0.0030587976798415184
hevc_Cactus_f0000,HEVC_B,Cactus,test,0.1,0.1001129150390625,0.05,2028,4a3383d7792fc1506f33abbfca62a4ffb51b8b1c4a6a7b52cb0e5e393f0ef8ad,admm,27.113685630907334,0.7661980913302898,0.3265086800092831,0.004169241525232792
hevc_Cactus_f0166,HEVC_B,Cactus,test,0.01,0.01031494140625,0.0,2026,900542e7f88691e661a6854757b4c06c6dc61e15f22758832c12eee5e869cfbe,adjoint,20.26762880146872,0.33524854616520455,0.00011829391587525606,0.0017809493001550436
hevc_Cactus_f0166,HEVC_B,Cactus,test,0.01,0.01031494140625,0.0,2026,900542e7f88691e661a6854757b4c06c6dc61e15f22758832c12eee5e869cfbe,fista_dct,20.83998069217946,0.4158335355153991,0.3099833340384066,0.00029574910877272487
hevc_Cactus_f0166,HEVC_B,Cactus,test,0.01,0.01031494140625,0.0,2026,900542e7f88691e661a6854757b4c06c6dc61e15f22758832c12eee5e869cfbe,hqs,22.058639684368263,0.5048531809480874,0.3251754749799147,0.0035120141692459583
hevc_Cactus_f0166,HEVC_B,Cactus,test,0.01,0.01031494140625,0.0,2026,900542e7f88691e661a6854757b4c06c6dc61e15f22758832c12eee5e869cfbe,admm,22.049844655198193,0.5039505141851297,0.3263264650013298,0.005615788511931896
hevc_Cactus_f0166,HEVC_B,Cactus,test,0.04,0.041259765625,0.0,2026,2f44fc13179ab4f949bc7414b44360dbf0662277af7ae2120bbac1ac1dbbf327,adjoint,22.437053132224946,0.4821617644374097,0.00018046400509774685,0.0024304010439664125
hevc_Cactus_f0166,HEVC_B,Cactus,test,0.04,0.041259765625,0.0,2026,2f44fc13179ab4f949bc7414b44360dbf0662277af7ae2120bbac1ac1dbbf327,fista_dct,23.467812583932883,0.5707419993130949,0.32956407498568296,0.0011248766677454114
hevc_Cactus_f0166,HEVC_B,Cactus,test,0.04,0.041259765625,0.0,2026,2f44fc13179ab4f949bc7414b44360dbf0662277af7ae2120bbac1ac1dbbf327,hqs,26.087529945411237,0.7462347541911304,0.32964592101052403,0.0037008924409747124
hevc_Cactus_f0166,HEVC_B,Cactus,test,0.04,0.041259765625,0.0,2026,2f44fc13179ab4f949bc7414b44360dbf0662277af7ae2120bbac1ac1dbbf327,admm,26.065924539069538,0.7435981556882993,0.32653127994854003,0.005255873780697584
hevc_Cactus_f0166,HEVC_B,Cactus,test,0.1,0.1001129150390625,0.0,2026,2f48634e5c6a8f049d700ccdacc45afd55d18ac391c6e2a0fbb6da59ed6dd764,adjoint,24.289707339646736,0.6081456791092789,0.00022060004994273186,0.002929104259237647
hevc_Cactus_f0166,HEVC_B,Cactus,test,0.1,0.1001129150390625,0.0,2026,2f48634e5c6a8f049d700ccdacc45afd55d18ac391c6e2a0fbb6da59ed6dd764,fista_dct,25.52332498616743,0.6901324046460224,0.3536189530277625,0.0012737014330923557
hevc_Cactus_f0166,HEVC_B,Cactus,test,0.1,0.1001129150390625,0.0,2026,2f48634e5c6a8f049d700ccdacc45afd55d18ac391c6e2a0fbb6da59ed6dd764,hqs,29.543563248402442,0.8754470901367665,0.326031030039303,0.0035617367830127478
hevc_Cactus_f0166,HEVC_B,Cactus,test,0.1,0.1001129150390625,0.0,2026,2f48634e5c6a8f049d700ccdacc45afd55d18ac391c6e2a0fbb6da59ed6dd764,admm,29.625795065681046,0.8757711857368946,0.32523714494891465,0.004342399537563324
hevc_Cactus_f0166,HEVC_B,Cactus,test,0.25,0.25,0.0,2026,cc77bf0b0f5486eb89b464faa1cc03620a63702d32ebd5b02bca5f996904a0f4,adjoint,26.93374812589424,0.740196143108204,0.00025278201792389154,0.0035725897178053856
hevc_Cactus_f0166,HEVC_B,Cactus,test,0.25,0.25,0.0,2026,cc77bf0b0f5486eb89b464faa1cc03620a63702d32ebd5b02bca5f996904a0f4,fista_dct,28.63258864295638,0.8221912790575028,0.374951715930365,0.0016783837927505374
hevc_Cactus_f0166,HEVC_B,Cactus,test,0.25,0.25,0.0,2026,cc77bf0b0f5486eb89b464faa1cc03620a63702d32ebd5b02bca5f996904a0f4,hqs,34.754695475228125,0.9571638359737397,0.3287728209979832,0.0024829779285937548
hevc_Cactus_f0166,HEVC_B,Cactus,test,0.25,0.25,0.0,2026,cc77bf0b0f5486eb89b464faa1cc03620a63702d32ebd5b02bca5f996904a0f4,admm,34.78372190924928,0.9571527456007004,0.3268240720499307,0.0030267166439443827
hevc_Cactus_f0166,HEVC_B,Cactus,test,0.5,0.4998931884765625,0.0,2026,a3d3ed44725cc4d2181df4682eb071050d460e4a06ad4babf9c4ba744cbfa130,adjoint,30.134995686639733,0.8459229847500325,0.0003423749003559351,0.004628158174455166
hevc_Cactus_f0166,HEVC_B,Cactus,test,0.5,0.4998931884765625,0.0,2026,a3d3ed44725cc4d2181df4682eb071050d460e4a06ad4babf9c4ba744cbfa130,fista_dct,32.303828196460074,0.9076065418610573,0.4255767579888925,0.0019623138941824436
hevc_Cactus_f0166,HEVC_B,Cactus,test,0.5,0.4998931884765625,0.0,2026,a3d3ed44725cc4d2181df4682eb071050d460e4a06ad4babf9c4ba744cbfa130,hqs,40.50703165422544,0.9864253109455109,0.3256732419831678,0.0017355007585138083
hevc_Cactus_f0166,HEVC_B,Cactus,test,0.5,0.4998931884765625,0.0,2026,a3d3ed44725cc4d2181df4682eb071050d460e4a06ad4babf9c4ba744cbfa130,admm,40.51731447216244,0.9863125512714386,0.32712099608033895,0.002178005175665021
hevc_Cactus_f0166,HEVC_B,Cactus,test,0.1,0.1001129150390625,0.01,2026,c6b8b3ff49d8d6311835c0b82bcae6be94c02b72931a684934c3100b345f7119,adjoint,24.26900161172634,0.6068644619497356,0.00018309603910893202,0.002942767459899187
hevc_Cactus_f0166,HEVC_B,Cactus,test,0.1,0.1001129150390625,0.01,2026,c6b8b3ff49d8d6311835c0b82bcae6be94c02b72931a684934c3100b345f7119,fista_dct,25.49309593686038,0.6883417832972887,0.345966954017058,0.0014398646308109164
hevc_Cactus_f0166,HEVC_B,Cactus,test,0.1,0.1001129150390625,0.01,2026,c6b8b3ff49d8d6311835c0b82bcae6be94c02b72931a684934c3100b345f7119,hqs,29.36761962460786,0.8705741853272915,0.3272312409244478,0.003553143236786127
hevc_Cactus_f0166,HEVC_B,Cactus,test,0.1,0.1001129150390625,0.01,2026,c6b8b3ff49d8d6311835c0b82bcae6be94c02b72931a684934c3100b345f7119,admm,29.441761203022207,0.8711203834438324,0.32647540094330907,0.004407086875289679
hevc_Cactus_f0166,HEVC_B,Cactus,test,0.1,0.1001129150390625,0.01,2027,7984e7a4b0cf5c6659a6756f3c77e4d8494803b04bbab77c87be71e18a6b30a1,adjoint,24.26847160905872,0.6067303599313367,0.00021476997062563896,0.002925450913608074
hevc_Cactus_f0166,HEVC_B,Cactus,test,0.1,0.1001129150390625,0.01,2027,7984e7a4b0cf5c6659a6756f3c77e4d8494803b04bbab77c87be71e18a6b30a1,fista_dct,25.5069267852732,0.687966504238043,0.357025776989758,0.0012784358114004135
hevc_Cactus_f0166,HEVC_B,Cactus,test,0.1,0.1001129150390625,0.01,2027,7984e7a4b0cf5c6659a6756f3c77e4d8494803b04bbab77c87be71e18a6b30a1,hqs,29.3898456873978,0.8705994997053146,0.3409416920039803,0.0033965688198804855
hevc_Cactus_f0166,HEVC_B,Cactus,test,0.1,0.1001129150390625,0.01,2027,7984e7a4b0cf5c6659a6756f3c77e4d8494803b04bbab77c87be71e18a6b30a1,admm,29.460292205137215,0.8712669792399407,0.32078771595843136,0.0044186790473759174
hevc_Cactus_f0166,HEVC_B,Cactus,test,0.1,0.1001129150390625,0.01,2028,5cadc67bc123e44ae55a443ba7d8b147d8efa97ed4fc9c99be6d17adbfc8ad02,adjoint,24.26887932634972,0.6068171460243932,0.00020635302644222975,0.0029404989909380674
hevc_Cactus_f0166,HEVC_B,Cactus,test,0.1,0.1001129150390625,0.01,2028,5cadc67bc123e44ae55a443ba7d8b147d8efa97ed4fc9c99be6d17adbfc8ad02,fista_dct,25.469587702681068,0.688144569516985,0.35123388306237757,0.0013256451347842813
hevc_Cactus_f0166,HEVC_B,Cactus,test,0.1,0.1001129150390625,0.01,2028,5cadc67bc123e44ae55a443ba7d8b147d8efa97ed4fc9c99be6d17adbfc8ad02,hqs,29.38481396322176,0.8715215843253136,0.3240043369587511,0.0035239991266280413
hevc_Cactus_f0166,HEVC_B,Cactus,test,0.1,0.1001129150390625,0.01,2028,5cadc67bc123e44ae55a443ba7d8b147d8efa97ed4fc9c99be6d17adbfc8ad02,admm,29.451541797839514,0.8718082589304447,0.32510298502165824,0.004414684139192104
hevc_Cactus_f0166,HEVC_B,Cactus,test,0.1,0.1001129150390625,0.05,2026,f30e8ac518fb25ca64cf46349b51f1b805f37125cc58072dfdb6085fc462f83d,adjoint,23.803274985426736,0.5788132956291471,0.00022559193894267082,0.003089794423431158
hevc_Cactus_f0166,HEVC_B,Cactus,test,0.1,0.1001129150390625,0.05,2026,f30e8ac518fb25ca64cf46349b51f1b805f37125cc58072dfdb6085fc462f83d,fista_dct,24.519775314772055,0.6305268646921465,0.39173662196844816,0.002291895914822817
hevc_Cactus_f0166,HEVC_B,Cactus,test,0.1,0.1001129150390625,0.05,2026,f30e8ac518fb25ca64cf46349b51f1b805f37125cc58072dfdb6085fc462f83d,hqs,27.080876286842106,0.7801602048869282,0.3247282280353829,0.0030777612701058388
hevc_Cactus_f0166,HEVC_B,Cactus,test,0.1,0.1001129150390625,0.05,2026,f30e8ac518fb25ca64cf46349b51f1b805f37125cc58072dfdb6085fc462f83d,admm,27.15654605482959,0.7887859201231598,0.3264094319893047,0.004135273862630129
hevc_Cactus_f0166,HEVC_B,Cactus,test,0.1,0.1001129150390625,0.05,2027,cada27f6526802ff7ad912c720c5a57c22924e197c39f4ae8c4727401563ee93,adjoint,23.78665682019048,0.5773665231790382,0.0001953409519046545,0.002968305256217718
hevc_Cactus_f0166,HEVC_B,Cactus,test,0.1,0.1001129150390625,0.05,2027,cada27f6526802ff7ad912c720c5a57c22924e197c39f4ae8c4727401563ee93,fista_dct,24.5085285637511,0.6297383890223494,0.35021210194099694,0.0016919024055823684
hevc_Cactus_f0166,HEVC_B,Cactus,test,0.1,0.1001129150390625,0.05,2027,cada27f6526802ff7ad912c720c5a57c22924e197c39f4ae8c4727401563ee93,hqs,27.097858376488617,0.7771073769847751,0.3337682510027662,0.0028293957002460957
hevc_Cactus_f0166,HEVC_B,Cactus,test,0.1,0.1001129150390625,0.05,2027,cada27f6526802ff7ad912c720c5a57c22924e197c39f4ae8c4727401563ee93,admm,27.19054241637014,0.7854158238639831,0.32802818005438894,0.0038501808885484934
hevc_Cactus_f0166,HEVC_B,Cactus,test,0.1,0.1001129150390625,0.05,2028,7396c953dc273f939568bedecf4decb3192a007ab5ceced7783743280a6748c2,adjoint,23.799620115713267,0.5787596381218157,0.0002015980426222086,0.0030837696976959705
hevc_Cactus_f0166,HEVC_B,Cactus,test,0.1,0.1001129150390625,0.05,2028,7396c953dc273f939568bedecf4decb3192a007ab5ceced7783743280a6748c2,fista_dct,24.45585861837484,0.62825347749117,0.3509096009656787,0.0018148142844438553
hevc_Cactus_f0166,HEVC_B,Cactus,test,0.1,0.1001129150390625,0.05,2028,7396c953dc273f939568bedecf4decb3192a007ab5ceced7783743280a6748c2,hqs,27.116905109278946,0.7843697047423124,0.3247628479730338,0.0031051228288561106
hevc_Cactus_f0166,HEVC_B,Cactus,test,0.1,0.1001129150390625,0.05,2028,7396c953dc273f939568bedecf4decb3192a007ab5ceced7783743280a6748c2,admm,27.185294713411775,0.793214986692667,0.3241117529105395,0.003921218682080507
hevc_Cactus_f0333,HEVC_B,Cactus,test,0.01,0.01031494140625,0.0,2026,8e11c3afda51ec0936806c4e0c31eac8882a052a59f793e23681a3639e34df4a,adjoint,20.444070240988662,0.322803325015403,0.00012662808876484632,0.0017518638633191586
hevc_Cactus_f0333,HEVC_B,Cactus,test,0.01,0.01031494140625,0.0,2026,8e11c3afda51ec0936806c4e0c31eac8882a052a59f793e23681a3639e34df4a,fista_dct,21.00082305272361,0.39876496778703174,0.3084784660022706,0.00037928708479739726
hevc_Cactus_f0333,HEVC_B,Cactus,test,0.01,0.01031494140625,0.0,2026,8e11c3afda51ec0936806c4e0c31eac8882a052a59f793e23681a3639e34df4a,hqs,21.83901428400986,0.46149176366086747,0.32359753793571144,0.0028479702305048704
hevc_Cactus_f0333,HEVC_B,Cactus,test,0.01,0.01031494140625,0.0,2026,8e11c3afda51ec0936806c4e0c31eac8882a052a59f793e23681a3639e34df4a,admm,21.80730100819792,0.460454450677,0.32537772005889565,0.0054893954657018185
hevc_Cactus_f0333,HEVC_B,Cactus,test,0.04,0.041259765625,0.0,2026,befa498fd2515629696b23b806cc269a36e1c53ed8f93926ad8ea03ad2eb1852,adjoint,22.51687193083738,0.4756850525905554,0.00018923799507319927,0.0026308472733944654
hevc_Cactus_f0333,HEVC_B,Cactus,test,0.04,0.041259765625,0.0,2026,befa498fd2515629696b23b806cc269a36e1c53ed8f93926ad8ea03ad2eb1852,fista_dct,23.402652619074825,0.5527375959394144,0.32778407307341695,0.001367930555716157
hevc_Cactus_f0333,HEVC_B,Cactus,test,0.04,0.041259765625,0.0,2026,befa498fd2515629696b23b806cc269a36e1c53ed8f93926ad8ea03ad2eb1852,hqs,25.558866372889266,0.7129632016678229,0.3273208609316498,0.0035155718214809895
hevc_Cactus_f0333,HEVC_B,Cactus,test,0.04,0.041259765625,0.0,2026,befa498fd2515629696b23b806cc269a36e1c53ed8f93926ad8ea03ad2eb1852,admm,25.548713389698925,0.711053040935291,0.32547108305152506,0.005504060536623001
hevc_Cactus_f0333,HEVC_B,Cactus,test,0.1,0.1001129150390625,0.0,2026,1c4c8348384e37d777965637a5599b8dc3437b8fc1f4547d47c6f53ca85eee2b,adjoint,24.183673835084747,0.5968914971858398,0.00020243297331035137,0.003216487355530262
hevc_Cactus_f0333,HEVC_B,Cactus,test,0.1,0.1001129150390625,0.0,2026,1c4c8348384e37d777965637a5599b8dc3437b8fc1f4547d47c6f53ca85eee2b,fista_dct,25.186129819048062,0.6719316900035813,0.3473303409991786,0.0014797074254602194
hevc_Cactus_f0333,HEVC_B,Cactus,test,0.1,0.1001129150390625,0.0,2026,1c4c8348384e37d777965637a5599b8dc3437b8fc1f4547d47c6f53ca85eee2b,hqs,28.696087099746258,0.8495182632043362,0.32465754507575184,0.003675630083307624
hevc_Cactus_f0333,HEVC_B,Cactus,test,0.1,0.1001129150390625,0.0,2026,1c4c8348384e37d777965637a5599b8dc3437b8fc1f4547d47c6f53ca85eee2b,admm,28.751724414304746,0.8502379439709187,0.3238714970648289,0.004563421010971069
hevc_Cactus_f0333,HEVC_B,Cactus,test,0.25,0.25,0.0,2026,5bbc5006b2ce2792285eb1238b950db1c1ee7e64b6ae0dc1e61d12e049ddf86d,adjoint,26.7728497924203,0.7373246821437683,0.00024595099966973066,0.0036811032332479954
hevc_Cactus_f0333,HEVC_B,Cactus,test,0.25,0.25,0.0,2026,5bbc5006b2ce2792285eb1238b950db1c1ee7e64b6ae0dc1e61d12e049ddf86d,fista_dct,28.04617929493093,0.8059790847325325,0.36801421199925244,0.0017162590520456433
hevc_Cactus_f0333,HEVC_B,Cactus,test,0.25,0.25,0.0,2026,5bbc5006b2ce2792285eb1238b950db1c1ee7e64b6ae0dc1e61d12e049ddf86d,hqs,33.36837758617551,0.9437110641584396,0.3288347489433363,0.002818471984937787
hevc_Cactus_f0333,HEVC_B,Cactus,test,0.25,0.25,0.0,2026,5bbc5006b2ce2792285eb1238b950db1c1ee7e64b6ae0dc1e61d12e049ddf86d,admm,33.399164347284696,0.9437720427846908,0.32497454702388495,0.0032444389071315527
hevc_Cactus_f0333,HEVC_B,Cactus,test,0.5,0.4998931884765625,0.0,2026,3f1c39946f7246646f84e4dfed57f38c3d8c9dc20566dd155b516a10ae5d8597,adjoint,29.866216735992687,0.8432335655932427,0.00034285103902220726,0.004631297662854195
hevc_Cactus_f0333,HEVC_B,Cactus,test,0.5,0.4998931884765625,0.0,2026,3f1c39946f7246646f84e4dfed57f38c3d8c9dc20566dd155b516a10ae5d8597,fista_dct,31.407969726092606,0.8947976213817597,0.4277186580002308,0.0021147544030100107
hevc_Cactus_f0333,HEVC_B,Cactus,test,0.5,0.4998931884765625,0.0,2026,3f1c39946f7246646f84e4dfed57f38c3d8c9dc20566dd155b516a10ae5d8597,hqs,39.11182599671522,0.9823104247894288,0.3507572100497782,0.0022139986976981163
hevc_Cactus_f0333,HEVC_B,Cactus,test,0.5,0.4998931884765625,0.0,2026,3f1c39946f7246646f84e4dfed57f38c3d8c9dc20566dd155b516a10ae5d8597,admm,39.163659510047104,0.9823986408643722,0.3333910040091723,0.00254050362855196
hevc_Cactus_f0333,HEVC_B,Cactus,test,0.1,0.1001129150390625,0.01,2026,861f865f2b9ef81f17e1fb0e42edd3f9df91a35a848a93af9c12eb3502c756e8,adjoint,24.166712005441426,0.595722967647003,0.00020101608242839575,0.0032227630726993084
hevc_Cactus_f0333,HEVC_B,Cactus,test,0.1,0.1001129150390625,0.01,2026,861f865f2b9ef81f17e1fb0e42edd3f9df91a35a848a93af9c12eb3502c756e8,fista_dct,25.143818617295285,0.6690081887174248,0.35332870890852064,0.001565597951412201
hevc_Cactus_f0333,HEVC_B,Cactus,test,0.1,0.1001129150390625,0.01,2026,861f865f2b9ef81f17e1fb0e42edd3f9df91a35a848a93af9c12eb3502c756e8,hqs,28.58800782558632,0.8455804607954025,0.3238589180400595,0.0035835287999361753
hevc_Cactus_f0333,HEVC_B,Cactus,test,0.1,0.1001129150390625,0.01,2026,861f865f2b9ef81f17e1fb0e42edd3f9df91a35a848a93af9c12eb3502c756e8,admm,28.646260582353552,0.8466354279117584,0.3240547270979732,0.004561555106192827
hevc_Cactus_f0333,HEVC_B,Cactus,test,0.1,0.1001129150390625,0.01,2027,76edd975b6bf37a9c736067f76fe84c3ea15f890f4f32b680813a9415f479d4f,adjoint,24.16638845378719,0.5959913949041812,0.000216422020457685,0.0032255291007459164
hevc_Cactus_f0333,HEVC_B,Cactus,test,0.1,0.1001129150390625,0.01,2027,76edd975b6bf37a9c736067f76fe84c3ea15f890f4f32b680813a9415f479d4f,fista_dct,25.160464045504053,0.6710055614727233,0.35323848901316524,0.0012694754404947162
hevc_Cactus_f0333,HEVC_B,Cactus,test,0.1,0.1001129150390625,0.01,2027,76edd975b6bf37a9c736067f76fe84c3ea15f890f4f32b680813a9415f479d4f,hqs,28.555195206570577,0.8448125463547707,0.3407668500440195,0.003484809771180153
hevc_Cactus_f0333,HEVC_B,Cactus,test,0.1,0.1001129150390625,0.01,2027,76edd975b6bf37a9c736067f76fe84c3ea15f890f4f32b680813a9415f479d4f,admm,28.629309128589455,0.8464910605387688,0.35250330704730004,0.004585030023008585
hevc_Cactus_f0333,HEVC_B,Cactus,test,0.1,0.1001129150390625,0.01,2028,c110a56a3f4b59d1f0914443dc1cd50c48e15e083eda6404309b74120b178fc8,adjoint,24.165701587295544,0.5958429137732494,0.0002151470398530364,0.0032050099689513445
hevc_Cactus_f0333,HEVC_B,Cactus,test,0.1,0.1001129150390625,0.01,2028,c110a56a3f4b59d1f0914443dc1cd50c48e15e083eda6404309b74120b178fc8,fista_dct,25.14105315919105,0.6691959189357684,0.3460238049738109,0.001414982252754271
hevc_Cactus_f0333,HEVC_B,Cactus,test,0.1,0.1001129150390625,0.01,2028,c110a56a3f4b59d1f0914443dc1cd50c48e15e083eda6404309b74120b178fc8,hqs,28.606642089375576,0.8460865901272296,0.32607765193097293,0.0036475227680057287
hevc_Cactus_f0333,HEVC_B,Cactus,test,0.1,0.1001129150390625,0.01,2028,c110a56a3f4b59d1f0914443dc1cd50c48e15e083eda6404309b74120b178fc8,admm,28.662118556978754,0.8472380028171539,0.32219243003055453,0.004681059624999762
hevc_Cactus_f0333,HEVC_B,Cactus,test,0.1,0.1001129150390625,0.05,2026,68aa6c1077849d457114fc681c29b60c61bd8680b5bdfa4cc76e43772d70f745,adjoint,23.77914356439748,0.5712812058076027,0.00020831602159887552,0.00337089947424829
hevc_Cactus_f0333,HEVC_B,Cactus,test,0.1,0.1001129150390625,0.05,2026,68aa6c1077849d457114fc681c29b60c61bd8680b5bdfa4cc76e43772d70f745,fista_dct,24.365322496085486,0.622310451175615,0.3479784900555387,0.0028022921178489923
hevc_Cactus_f0333,HEVC_B,Cactus,test,0.1,0.1001129150390625,0.05,2026,68aa6c1077849d457114fc681c29b60c61bd8680b5bdfa4cc76e43772d70f745,hqs,26.80846156855637,0.7693638385635614,0.3221302389865741,0.0033372996840626
hevc_Cactus_f0333,HEVC_B,Cactus,test,0.1,0.1001129150390625,0.05,2026,68aa6c1077849d457114fc681c29b60c61bd8680b5bdfa4cc76e43772d70f745,admm,26.894070696682398,0.7780720933662653,0.321897991001606,0.004402523394674063
hevc_Cactus_f0333,HEVC_B,Cactus,test,0.1,0.1001129150390625,0.05,2027,5ee5312724d9dca358783748b89c37550c18624ae05a272b2270497bc5dc900f,adjoint,23.7661517064446,0.5726082565007965,0.00021387904416769743,0.0034217892680317163
hevc_Cactus_f0333,HEVC_B,Cactus,test,0.1,0.1001129150390625,0.05,2027,5ee5312724d9dca358783748b89c37550c18624ae05a272b2270497bc5dc900f,fista_dct,24.37468228554781,0.6211726751037528,0.3489565410418436,0.0023081630934029818
hevc_Cactus_f0333,HEVC_B,Cactus,test,0.1,0.1001129150390625,0.05,2027,5ee5312724d9dca358783748b89c37550c18624ae05a272b2270497bc5dc900f,hqs,26.775390324294584,0.7670286722545624,0.3222316460451111,0.0029231379739940166
hevc_Cactus_f0333,HEVC_B,Cactus,test,0.1,0.1001129150390625,0.05,2027,5ee5312724d9dca358783748b89c37550c18624ae05a272b2270497bc5dc900f,admm,26.881006997331,0.7762991551986933,0.3227176530053839,0.004373128991574049
hevc_Cactus_f0333,HEVC_B,Cactus,test,0.1,0.1001129150390625,0.05,2028,9bfd12a7aa244a8d70d0c2376a6978fef3251baa38f52dfb268580297245a5ba,adjoint,23.762873903094576,0.5715840128467922,0.00022005406208336353,0.003294452792033553
hevc_Cactus_f0333,HEVC_B,Cactus,test,0.1,0.1001129150390625,0.05,2028,9bfd12a7aa244a8d70d0c2376a6978fef3251baa38f52dfb268580297245a5ba,fista_dct,24.39094387862289,0.622245621472789,0.350983306998387,0.0019450862891972065
hevc_Cactus_f0333,HEVC_B,Cactus,test,0.1,0.1001129150390625,0.05,2028,9bfd12a7aa244a8d70d0c2376a6978fef3251baa38f52dfb268580297245a5ba,hqs,26.773426086773245,0.7692345940914154,0.3243367560207844,0.0033961161971092224
hevc_Cactus_f0333,HEVC_B,Cactus,test,0.1,0.1001129150390625,0.05,2028,9bfd12a7aa244a8d70d0c2376a6978fef3251baa38f52dfb268580297245a5ba,admm,26.84944272629178,0.7765655006518364,0.32268801401369274,0.004425346851348877
hevc_Kimono1_f0000,HEVC_B,Kimono1,test,0.01,0.01031494140625,0.0,2026,a05e8e2e37659cd18fd61a6403cdd54f4b6cf04f549073276f2617126fe53c6f,adjoint,23.04405801275791,0.40083882023096684,0.00015188404358923435,0.001719972467981279
hevc_Kimono1_f0000,HEVC_B,Kimono1,test,0.01,0.01031494140625,0.0,2026,a05e8e2e37659cd18fd61a6403cdd54f4b6cf04f549073276f2617126fe53c6f,fista_dct,24.094608345288346,0.5088079844831885,0.309858861961402,0.00038086320273578167
hevc_Kimono1_f0000,HEVC_B,Kimono1,test,0.01,0.01031494140625,0.0,2026,a05e8e2e37659cd18fd61a6403cdd54f4b6cf04f549073276f2617126fe53c6f,hqs,25.696755183898752,0.5893917479688849,0.3257224019616842,0.003062998875975609
hevc_Kimono1_f0000,HEVC_B,Kimono1,test,0.01,0.01031494140625,0.0,2026,a05e8e2e37659cd18fd61a6403cdd54f4b6cf04f549073276f2617126fe53c6f,admm,25.684028755698108,0.588163839381159,0.32383521005976945,0.007016580551862717
hevc_Kimono1_f0000,HEVC_B,Kimono1,test,0.04,0.041259765625,0.0,2026,3444243c536650f86f54fddebea742f8473a53971b1af6a27d148df6fbe02190,adjoint,25.179347233267862,0.5168760241748078,0.00018302095122635365,0.0023180730640888214
hevc_Kimono1_f0000,HEVC_B,Kimono1,test,0.04,0.041259765625,0.0,2026,3444243c536650f86f54fddebea742f8473a53971b1af6a27d148df6fbe02190,fista_dct,26.24493351134064,0.6045427453298562,0.3228762340731919,0.0007465484086424112
hevc_Kimono1_f0000,HEVC_B,Kimono1,test,0.04,0.041259765625,0.0,2026,3444243c536650f86f54fddebea742f8473a53971b1af6a27d148df6fbe02190,hqs,29.13764305130043,0.7693474378533364,0.32315124303568155,0.0022378258872777224
hevc_Kimono1_f0000,HEVC_B,Kimono1,test,0.04,0.041259765625,0.0,2026,3444243c536650f86f54fddebea742f8473a53971b1af6a27d148df6fbe02190,admm,29.141072505683645,0.7655951379442811,0.3247431149939075,0.005002197343856096
hevc_Kimono1_f0000,HEVC_B,Kimono1,test,0.1,0.1001129150390625,0.0,2026,a4e84cb021d1c54b6b000abe4d5fb1a226091edf4a29d9f19fc5efead4dc5880,adjoint,27.069920835994136,0.6361177176157012,0.00020020199008286,0.0028432903345674276
hevc_Kimono1_f0000,HEVC_B,Kimono1,test,0.1,0.1001129150390625,0.0,2026,a4e84cb021d1c54b6b000abe4d5fb1a226091edf4a29d9f19fc5efead4dc5880,fista_dct,28.533884370649155,0.722137867680192,0.3431905990000814,0.0011360890930518508
hevc_Kimono1_f0000,HEVC_B,Kimono1,test,0.1,0.1001129150390625,0.0,2026,a4e84cb021d1c54b6b000abe4d5fb1a226091edf4a29d9f19fc5efead4dc5880,hqs,32.71168384761235,0.891691312259674,0.32857602497097105,0.0026741798501461744
hevc_Kimono1_f0000,HEVC_B,Kimono1,test,0.1,0.1001129150390625,0.0,2026,a4e84cb021d1c54b6b000abe4d5fb1a226091edf4a29d9f19fc5efead4dc5880,admm,32.74334039571319,0.890804631389618,0.3269228879362345,0.003459230298176408
hevc_Kimono1_f0000,HEVC_B,Kimono1,test,0.25,0.25,0.0,2026,379f3a4951ded1db0ebcb70c1cd2725d943d7d87113ef2f2e766ef252466414e,adjoint,30.038035191411044,0.7737159450783729,0.00024196901358664036,0.003605062607675791
hevc_Kimono1_f0000,HEVC_B,Kimono1,test,0.25,0.25,0.0,2026,379f3a4951ded1db0ebcb70c1cd2725d943d7d87113ef2f2e766ef252466414e,fista_dct,33.06638237071582,0.8865131575903893,0.3714707239996642,0.0016941598150879145
hevc_Kimono1_f0000,HEVC_B,Kimono1,test,0.25,0.25,0.0,2026,379f3a4951ded1db0ebcb70c1cd2725d943d7d87113ef2f2e766ef252466414e,hqs,38.43833178424353,0.9702361371564865,0.3239187599392608,0.0020381056237965822
hevc_Kimono1_f0000,HEVC_B,Kimono1,test,0.25,0.25,0.0,2026,379f3a4951ded1db0ebcb70c1cd2725d943d7d87113ef2f2e766ef252466414e,admm,38.44339015566084,0.9699909019851685,0.3251141411019489,0.002376306802034378
hevc_Kimono1_f0000,HEVC_B,Kimono1,test,0.5,0.4998931884765625,0.0,2026,1f69a6f8f6498cdde35d26ec2c61251b23558aebdd88f460fc5b89eff69c2418,adjoint,33.42670769417596,0.8726005375394821,0.0003317969385534525,0.004674992989748716
hevc_Kimono1_f0000,HEVC_B,Kimono1,test,0.5,0.4998931884765625,0.0,2026,1f69a6f8f6498cdde35d26ec2c61251b23558aebdd88f460fc5b89eff69c2418,fista_dct,38.15116837341339,0.9588424177398681,0.42611470399424434,0.0022283487487584352
hevc_Kimono1_f0000,HEVC_B,Kimono1,test,0.5,0.4998931884765625,0.0,2026,1f69a6f8f6498cdde35d26ec2c61251b23558aebdd88f460fc5b89eff69c2418,hqs,45.6253449739131,0.993718748131752,0.32930473901797086,0.0013182676630094647
hevc_Kimono1_f0000,HEVC_B,Kimono1,test,0.5,0.4998931884765625,0.0,2026,1f69a6f8f6498cdde35d26ec2c61251b23558aebdd88f460fc5b89eff69c2418,admm,45.58410161450006,0.993603120174408,0.3238486400805414,0.0015928366919979453
hevc_Kimono1_f0000,HEVC_B,Kimono1,test,0.1,0.1001129150390625,0.01,2026,ebd8af74628e5808781ca5b1db5a261395e98f305c0b63f7013b773bb06453f6,adjoint,27.044466781027676,0.6345287146658534,0.00019715004600584507,0.002843286143615842
hevc_Kimono1_f0000,HEVC_B,Kimono1,test,0.1,0.1001129150390625,0.01,2026,ebd8af74628e5808781ca5b1db5a261395e98f305c0b63f7013b773bb06453f6,fista_dct,28.504062977696357,0.7205789906080962,0.3478567460551858,0.0011368340346962214
hevc_Kimono1_f0000,HEVC_B,Kimono1,test,0.1,0.1001129150390625,0.01,2026,ebd8af74628e5808781ca5b1db5a261395e98f305c0b63f7013b773bb06453f6,hqs,32.507098082275945,0.8873101419506073,0.3219816699856892,0.002487013814970851
hevc_Kimono1_f0000,HEVC_B,Kimono1,test,0.1,0.1001129150390625,0.01,2026,ebd8af74628e5808781ca5b1db5a261395e98f305c0b63f7013b773bb06453f6,admm,32.56177665743594,0.8870403988490104,0.3236693289363757,0.003468767274171114
hevc_Kimono1_f0000,HEVC_B,Kimono1,test,0.1,0.1001129150390625,0.01,2027,30bc34699aac824b23f5d83d410db4c5893332196bd186c494c5d0c93cdc05ae,adjoint,27.04371495893859,0.6347433162083309,0.00017638900317251682,0.0028434107080101967
hevc_Kimono1_f0000,HEVC_B,Kimono1,test,0.1,0.1001129150390625,0.01,2027,30bc34699aac824b23f5d83d410db4c5893332196bd186c494c5d0c93cdc05ae,fista_dct,28.51771689248206,0.72125450474854,0.3664781410479918,0.0011378268245607615
hevc_Kimono1_f0000,HEVC_B,Kimono1,test,0.1,0.1001129150390625,0.01,2027,30bc34699aac824b23f5d83d410db4c5893332196bd186c494c5d0c93cdc05ae,hqs,32.5550765866232,0.8878932464723587,0.3239234349457547,0.0024563090410083532
hevc_Kimono1_f0000,HEVC_B,Kimono1,test,0.1,0.1001129150390625,0.01,2027,30bc34699aac824b23f5d83d410db4c5893332196bd186c494c5d0c93cdc05ae,admm,32.57908617623988,0.8870740024561882,0.324271887075156,0.003676336957141757
hevc_Kimono1_f0000,HEVC_B,Kimono1,test,0.1,0.1001129150390625,0.01,2028,49d03773f34ffe66bb0a98266189a30a1afb8581c81024b7834a0855625f3535,adjoint,27.044004707319008,0.6346536747409548,0.00025518599431961775,0.002843559719622135
hevc_Kimono1_f0000,HEVC_B,Kimono1,test,0.1,0.1001129150390625,0.01,2028,49d03773f34ffe66bb0a98266189a30a1afb8581c81024b7834a0855625f3535,fista_dct,28.472738744411465,0.7195132309810035,0.3812810010276735,0.0011372625594958663
hevc_Kimono1_f0000,HEVC_B,Kimono1,test,0.1,0.1001129150390625,0.01,2028,49d03773f34ffe66bb0a98266189a30a1afb8581c81024b7834a0855625f3535,hqs,32.528498193416226,0.8875067058324814,0.3262051319470629,0.0025584851391613483
hevc_Kimono1_f0000,HEVC_B,Kimono1,test,0.1,0.1001129150390625,0.01,2028,49d03773f34ffe66bb0a98266189a30a1afb8581c81024b7834a0855625f3535,admm,32.55705822373115,0.8869361121444702,0.32747255405411124,0.0035729564260691404
hevc_Kimono1_f0000,HEVC_B,Kimono1,test,0.1,0.1001129150390625,0.05,2026,40f273482a87f1937beb9f59bca036a261473348b712e17f1cbf075e22f24910,adjoint,26.47284872792611,0.5995929778434653,0.0002876989310607314,0.002845148555934429
hevc_Kimono1_f0000,HEVC_B,Kimono1,test,0.1,0.1001129150390625,0.05,2026,40f273482a87f1937beb9f59bca036a261473348b712e17f1cbf075e22f24910,fista_dct,27.299353479223942,0.6526420793757327,0.3762981900945306,0.0011424861149862409
hevc_Kimono1_f0000,HEVC_B,Kimono1,test,0.1,0.1001129150390625,0.05,2026,40f273482a87f1937beb9f59bca036a261473348b712e17f1cbf075e22f24910,hqs,29.99157175230969,0.802532369492054,0.32421679806429893,0.0019553133752197027
hevc_Kimono1_f0000,HEVC_B,Kimono1,test,0.1,0.1001129150390625,0.05,2026,40f273482a87f1937beb9f59bca036a261473348b712e17f1cbf075e22f24910,admm,30.125194187662757,0.8111828140411377,0.32608834200073034,0.004491597414016724
hevc_Kimono1_f0000,HEVC_B,Kimono1,test,0.1,0.1001129150390625,0.05,2027,7ba5c4462feab9a25812affdea645e3cac7732add4740dfb3f577ce7069419d0,adjoint,26.460092913940528,0.5997745580081102,0.00025482603814452887,0.0028440433088690042
hevc_Kimono1_f0000,HEVC_B,Kimono1,test,0.1,0.1001129150390625,0.05,2027,7ba5c4462feab9a25812affdea645e3cac7732add4740dfb3f577ce7069419d0,fista_dct,27.320315200434415,0.6552329387545306,0.3739712139358744,0.00114006781950593
hevc_Kimono1_f0000,HEVC_B,Kimono1,test,0.1,0.1001129150390625,0.05,2027,7ba5c4462feab9a25812affdea645e3cac7732add4740dfb3f577ce7069419d0,hqs,30.04786872225829,0.8023352825859785,0.3257024249760434,0.001833004062063992
hevc_Kimono1_f0000,HEVC_B,Kimono1,test,0.1,0.1001129150390625,0.05,2027,7ba5c4462feab9a25812affdea645e3cac7732add4740dfb3f577ce7069419d0,admm,30.18372094594809,0.810635281434536,0.3247327170101926,0.0049789343029260635
hevc_Kimono1_f0000,HEVC_B,Kimono1,test,0.1,0.1001129150390625,0.05,2028,c068262051e6b6494f4a8b38d6245a5cd70681ba551d92a250d16838da6a1d06,adjoint,26.463940665474208,0.5999794582154154,0.0002679489552974701,0.002844544593244791
hevc_Kimono1_f0000,HEVC_B,Kimono1,test,0.1,0.1001129150390625,0.05,2028,c068262051e6b6494f4a8b38d6245a5cd70681ba551d92a250d16838da6a1d06,fista_dct,27.239300625150186,0.6486421657502055,0.3764911890029907,0.0011422635288909078
hevc_Kimono1_f0000,HEVC_B,Kimono1,test,0.1,0.1001129150390625,0.05,2028,c068262051e6b6494f4a8b38d6245a5cd70681ba551d92a250d16838da6a1d06,hqs,30.000686871408263,0.8027320257828235,0.3243653350509703,0.0020208717323839664
hevc_Kimono1_f0000,HEVC_B,Kimono1,test,0.1,0.1001129150390625,0.05,2028,c068262051e6b6494f4a8b38d6245a5cd70681ba551d92a250d16838da6a1d06,admm,30.109411070622695,0.8117867981023789,0.32313332497142255,0.005294041242450476
hevc_Kimono1_f0080,HEVC_B,Kimono1,test,0.01,0.01031494140625,0.0,2026,9c5d1be6aded65119b8b64cc29fa06cbb71dcbceb4b632dcc9646dfcdb9a7892,adjoint,21.69515762415469,0.3946870166083385,0.00012281001545488834,0.0017507054144516587
hevc_Kimono1_f0080,HEVC_B,Kimono1,test,0.01,0.01031494140625,0.0,2026,9c5d1be6aded65119b8b64cc29fa06cbb71dcbceb4b632dcc9646dfcdb9a7892,fista_dct,22.537766708466723,0.5126342981292921,0.3073232490569353,0.0003780003171414137
hevc_Kimono1_f0080,HEVC_B,Kimono1,test,0.01,0.01031494140625,0.0,2026,9c5d1be6aded65119b8b64cc29fa06cbb71dcbceb4b632dcc9646dfcdb9a7892,hqs,24.44859040983355,0.622177478006969,0.3406141489977017,0.004000924061983824
hevc_Kimono1_f0080,HEVC_B,Kimono1,test,0.01,0.01031494140625,0.0,2026,9c5d1be6aded65119b8b64cc29fa06cbb71dcbceb4b632dcc9646dfcdb9a7892,admm,24.38375781631987,0.6210135337731277,0.3296656060265377,0.008278846740722656
hevc_Kimono1_f0080,HEVC_B,Kimono1,test,0.04,0.041259765625,0.0,2026,1cd210c5dc73bfaf16d203a52e429ab87591021ea787948c838a5bcd9b852084,adjoint,24.15873760881101,0.4969101195235448,0.00019076303578913212,0.002332140924409032
hevc_Kimono1_f0080,HEVC_B,Kimono1,test,0.04,0.041259765625,0.0,2026,1cd210c5dc73bfaf16d203a52e429ab87591021ea787948c838a5bcd9b852084,fista_dct,25.665292670184176,0.6075732859921222,0.33573063707444817,0.000763384741730988
hevc_Kimono1_f0080,HEVC_B,Kimono1,test,0.04,0.041259765625,0.0,2026,1cd210c5dc73bfaf16d203a52e429ab87591021ea787948c838a5bcd9b852084,hqs,29.643940806117357,0.8212264080837965,0.32895222504157573,0.0038447552360594273
hevc_Kimono1_f0080,HEVC_B,Kimono1,test,0.04,0.041259765625,0.0,2026,1cd210c5dc73bfaf16d203a52e429ab87591021ea787948c838a5bcd9b852084,admm,29.64349824740403,0.8198096018532515,0.32729486795142293,0.005188964772969484
hevc_Kimono1_f0080,HEVC_B,Kimono1,test,0.1,0.1001129150390625,0.0,2026,94e09a133d9e67156d91d13dd067df95429ab9c5df427f67fc3afc1b09c2587c,adjoint,26.20554779658079,0.6138635869023213,0.00020061596296727657,0.0028294986113905907
hevc_Kimono1_f0080,HEVC_B,Kimono1,test,0.1,0.1001129150390625,0.0,2026,94e09a133d9e67156d91d13dd067df95429ab9c5df427f67fc3afc1b09c2587c,fista_dct,28.397431867798613,0.7302784278772473,0.35581538698170334,0.0011703268392011523
hevc_Kimono1_f0080,HEVC_B,Kimono1,test,0.1,0.1001129150390625,0.0,2026,94e09a133d9e67156d91d13dd067df95429ab9c5df427f67fc3afc1b09c2587c,hqs,33.40067778458184,0.9207490753893852,0.32638814696110785,0.003028006525710225
hevc_Kimono1_f0080,HEVC_B,Kimono1,test,0.1,0.1001129150390625,0.0,2026,94e09a133d9e67156d91d13dd067df95429ab9c5df427f67fc3afc1b09c2587c,admm,33.456374446887686,0.9205152592349053,0.32295308297034353,0.0037538364995270967
hevc_Kimono1_f0080,HEVC_B,Kimono1,test,0.25,0.25,0.0,2026,ec43653ea4a618c4907bebbcc64c01c37df3a04c46a18fb47c2bcb555998b6c5,adjoint,29.25516086502566,0.7472434282538891,0.0002352340379729867,0.0035570308100432158
hevc_Kimono1_f0080,HEVC_B,Kimono1,test,0.25,0.25,0.0,2026,ec43653ea4a618c4907bebbcc64c01c37df3a04c46a18fb47c2bcb555998b6c5,fista_dct,32.89744888953093,0.8789195275783539,0.36906854901462793,0.001736295293085277
hevc_Kimono1_f0080,HEVC_B,Kimono1,test,0.25,0.25,0.0,2026,ec43653ea4a618c4907bebbcc64c01c37df3a04c46a18fb47c2bcb555998b6c5,hqs,39.90607796607482,0.9802619366550446,0.3226991320261732,0.0022396899294108152
hevc_Kimono1_f0080,HEVC_B,Kimono1,test,0.25,0.25,0.0,2026,ec43653ea4a618c4907bebbcc64c01c37df3a04c46a18fb47c2bcb555998b6c5,admm,39.92231656485305,0.9800376110229492,0.3211282250704244,0.0026844230014830828
hevc_Kimono1_f0080,HEVC_B,Kimono1,test,0.5,0.4998931884765625,0.0,2026,1dab28617201d1566a14f472a3ded087a40215f800fcd590e4cc79e0c00e953f,adjoint,32.58778006351422,0.8498445642585755,0.0003650509752333164,0.00461668660864234
hevc_Kimono1_f0080,HEVC_B,Kimono1,test,0.5,0.4998931884765625,0.0,2026,1dab28617201d1566a14f472a3ded087a40215f800fcd590e4cc79e0c00e953f,fista_dct,38.49077041600773,0.9598520589284897,0.43430537392850965,0.002279863925650716
hevc_Kimono1_f0080,HEVC_B,Kimono1,test,0.5,0.4998931884765625,0.0,2026,1dab28617201d1566a14f472a3ded087a40215f800fcd590e4cc79e0c00e953f,hqs,46.86838983355936,0.9952626922254563,0.32371834199875593,0.001194196054711938
hevc_Kimono1_f0080,HEVC_B,Kimono1,test,0.5,0.4998931884765625,0.0,2026,1dab28617201d1566a14f472a3ded087a40215f800fcd590e4cc79e0c00e953f,admm,46.86213555645302,0.9951886120939255,0.3247104949550703,0.0016351493541151285
hevc_Kimono1_f0080,HEVC_B,Kimono1,test,0.1,0.1001129150390625,0.01,2026,cfc77d60e8be4e676682d4e2c36186ec89aa7e185be49b153ce2a51ef02975ba,adjoint,26.184716443845186,0.612703334406714,0.00020653195679187775,0.002828766591846943
hevc_Kimono1_f0080,HEVC_B,Kimono1,test,0.1,0.1001129150390625,0.01,2026,cfc77d60e8be4e676682d4e2c36186ec89aa7e185be49b153ce2a51ef02975ba,fista_dct,28.347075845041473,0.7287472541573048,0.3734754209872335,0.0011691113468259573
hevc_Kimono1_f0080,HEVC_B,Kimono1,test,0.1,0.1001129150390625,0.01,2026,cfc77d60e8be4e676682d4e2c36186ec89aa7e185be49b153ce2a51ef02975ba,hqs,33.135030291927976,0.9153182864217758,0.3251294589135796,0.0029260676819831133
hevc_Kimono1_f0080,HEVC_B,Kimono1,test,0.1,0.1001129150390625,0.01,2026,cfc77d60e8be4e676682d4e2c36186ec89aa7e185be49b153ce2a51ef02975ba,admm,33.19924635351415,0.9157483403773308,0.3228003259282559,0.0038332464173436165
hevc_Kimono1_f0080,HEVC_B,Kimono1,test,0.1,0.1001129150390625,0.01,2027,73961d6b8463603216123fb963e69f362e166677e6bdd1957eaac760da761294,adjoint,26.18534288004719,0.6123908113818132,0.00021454505622386932,0.002831439021974802
hevc_Kimono1_f0080,HEVC_B,Kimono1,test,0.1,0.1001129150390625,0.01,2027,73961d6b8463603216123fb963e69f362e166677e6bdd1957eaac760da761294,fista_dct,28.34632251477528,0.728861467168808,0.3511898460565135,0.0011692795669659972
hevc_Kimono1_f0080,HEVC_B,Kimono1,test,0.1,0.1001129150390625,0.01,2027,73961d6b8463603216123fb963e69f362e166677e6bdd1957eaac760da761294,hqs,33.183670062109364,0.9155996616520882,0.3239358270075172,0.0029435313772410154
hevc_Kimono1_f0080,HEVC_B,Kimono1,test,0.1,0.1001129150390625,0.01,2027,73961d6b8463603216123fb963e69f362e166677e6bdd1957eaac760da761294,admm,33.19879041043146,0.9156429464707374,0.325334295979701,0.0038399789482355118
hevc_Kimono1_f0080,HEVC_B,Kimono1,test,0.1,0.1001129150390625,0.01,2028,f6f62cfb66f38a33e102a14f0787c109a1a6da5bab3187d77bf8c627a8e21633,adjoint,26.18502405407693,0.6124790563831055,0.00018231000285595655,0.002837019506841898
hevc_Kimono1_f0080,HEVC_B,Kimono1,test,0.1,0.1001129150390625,0.01,2028,f6f62cfb66f38a33e102a14f0787c109a1a6da5bab3187d77bf8c627a8e21633,fista_dct,28.317599282321225,0.725431045459032,0.3469566609710455,0.0011695499997586012
hevc_Kimono1_f0080,HEVC_B,Kimono1,test,0.1,0.1001129150390625,0.01,2028,f6f62cfb66f38a33e102a14f0787c109a1a6da5bab3187d77bf8c627a8e21633,hqs,33.12456525222557,0.9152679647974968,0.32404775999020785,0.0028530126437544823
hevc_Kimono1_f0080,HEVC_B,Kimono1,test,0.1,0.1001129150390625,0.01,2028,f6f62cfb66f38a33e102a14f0787c109a1a6da5bab3187d77bf8c627a8e21633,admm,33.18911208868445,0.9158263026571274,0.3222470990149304,0.00376948737539351
hevc_Kimono1_f0080,HEVC_B,Kimono1,test,0.1,0.1001129150390625,0.05,2026,cbb3cd561733095382f94cbaceabbaee865d3c24244b4e5db591923e521dfe3f,adjoint,25.715202331489877,0.5829886529021002,0.00020449399016797543,0.0028311957139521837
hevc_Kimono1_f0080,HEVC_B,Kimono1,test,0.1,0.1001129150390625,0.05,2026,cbb3cd561733095382f94cbaceabbaee865d3c24244b4e5db591923e521dfe3f,fista_dct,27.162928698706317,0.6649763758631815,0.3498175269924104,0.0011864617699757218
hevc_Kimono1_f0080,HEVC_B,Kimono1,test,0.1,0.1001129150390625,0.05,2026,cbb3cd561733095382f94cbaceabbaee865d3c24244b4e5db591923e521dfe3f,hqs,30.34526369038438,0.8257352432582379,0.32465197099372745,0.002275848062708974
hevc_Kimono1_f0080,HEVC_B,Kimono1,test,0.1,0.1001129150390625,0.05,2026,cbb3cd561733095382f94cbaceabbaee865d3c24244b4e5db591923e521dfe3f,admm,30.48020664344935,0.8360803003671169,0.32507067709229887,0.004496300593018532
hevc_Kimono1_f0080,HEVC_B,Kimono1,test,0.1,0.1001129150390625,0.05,2027,852f30a086b6e337e336fae8c0b6d0591ee7a3bc219e43aa5449565d9c2b1cde,adjoint,25.72536891926007,0.581784068887617,0.00021381804253906012,0.002845265669748187
hevc_Kimono1_f0080,HEVC_B,Kimono1,test,0.1,0.1001129150390625,0.05,2027,852f30a086b6e337e336fae8c0b6d0591ee7a3bc219e43aa5449565d9c2b1cde,fista_dct,27.096158560452018,0.6552512130575814,0.3479575829114765,0.0011754201259464025
hevc_Kimono1_f0080,HEVC_B,Kimono1,test,0.1,0.1001129150390625,0.05,2027,852f30a086b6e337e336fae8c0b6d0591ee7a3bc219e43aa5449565d9c2b1cde,hqs,30.34264679344945,0.8228560207085609,0.3238880110438913,0.0023119791876524687
hevc_Kimono1_f0080,HEVC_B,Kimono1,test,0.1,0.1001129150390625,0.05,2027,852f30a086b6e337e336fae8c0b6d0591ee7a3bc219e43aa5449565d9c2b1cde,admm,30.474600381640737,0.8350779133138657,0.32523795997258276,0.0043580676428973675
hevc_Kimono1_f0080,HEVC_B,Kimono1,test,0.1,0.1001129150390625,0.05,2028,20a3b17cb021bee0352f667c8fb021b84647a2b688a15bb11dc2edf5158c82df,adjoint,25.717232736471317,0.5819356364745824,0.00019839999731630087,0.0028793863020837307
hevc_Kimono1_f0080,HEVC_B,Kimono1,test,0.1,0.1001129150390625,0.05,2028,20a3b17cb021bee0352f667c8fb021b84647a2b688a15bb11dc2edf5158c82df,fista_dct,27.10371924671402,0.6568704891703129,0.3540220980066806,0.0011703737545758486
hevc_Kimono1_f0080,HEVC_B,Kimono1,test,0.1,0.1001129150390625,0.05,2028,20a3b17cb021bee0352f667c8fb021b84647a2b688a15bb11dc2edf5158c82df,hqs,30.29740885119969,0.8242681572284698,0.3278579650213942,0.0020282145123928785
hevc_Kimono1_f0080,HEVC_B,Kimono1,test,0.1,0.1001129150390625,0.05,2028,20a3b17cb021bee0352f667c8fb021b84647a2b688a15bb11dc2edf5158c82df,admm,30.409327345028245,0.8349811093149185,0.3269283319823444,0.004279321990907192
hevc_Kimono1_f0160,HEVC_B,Kimono1,test,0.01,0.01031494140625,0.0,2026,f615b5a93eac0471962539a1a003eacd6dc08f0d4dee8c296d4c2ebe8971f61e,adjoint,23.56142094451853,0.4645448930772675,0.0001352389808744192,0.0018053327221423388
hevc_Kimono1_f0160,HEVC_B,Kimono1,test,0.01,0.01031494140625,0.0,2026,f615b5a93eac0471962539a1a003eacd6dc08f0d4dee8c296d4c2ebe8971f61e,fista_dct,24.305598150590416,0.5853969294175927,0.31283089506905526,0.00038059058715589345
hevc_Kimono1_f0160,HEVC_B,Kimono1,test,0.01,0.01031494140625,0.0,2026,f615b5a93eac0471962539a1a003eacd6dc08f0d4dee8c296d4c2ebe8971f61e,hqs,27.558815303411855,0.7549111743155494,0.32282597303856164,0.004385452717542648
hevc_Kimono1_f0160,HEVC_B,Kimono1,test,0.01,0.01031494140625,0.0,2026,f615b5a93eac0471962539a1a003eacd6dc08f0d4dee8c296d4c2ebe8971f61e,admm,27.519047965101485,0.754970584099731,0.32432075298856944,0.005714865867048502
hevc_Kimono1_f0160,HEVC_B,Kimono1,test,0.04,0.041259765625,0.0,2026,3ad83d6eeab46ea05f352c4407eccad4ca1bdee07b2f4436d617542f64ccae96,adjoint,25.87610326663052,0.5509201767275436,0.00017155706882476807,0.002318675396963954
hevc_Kimono1_f0160,HEVC_B,Kimono1,test,0.04,0.041259765625,0.0,2026,3ad83d6eeab46ea05f352c4407eccad4ca1bdee07b2f4436d617542f64ccae96,fista_dct,26.999103301728038,0.6407645077348728,0.325338245020248,0.0007875356241129339
hevc_Kimono1_f0160,HEVC_B,Kimono1,test,0.04,0.041259765625,0.0,2026,3ad83d6eeab46ea05f352c4407eccad4ca1bdee07b2f4436d617542f64ccae96,hqs,31.74290938409625,0.8738482641723156,0.32408687798306346,0.0033480969723314047
hevc_Kimono1_f0160,HEVC_B,Kimono1,test,0.04,0.041259765625,0.0,2026,3ad83d6eeab46ea05f352c4407eccad4ca1bdee07b2f4436d617542f64ccae96,admm,31.959437820314417,0.8751537503545285,0.32426840299740434,0.004694496281445026
hevc_Kimono1_f0160,HEVC_B,Kimono1,test,0.1,0.1001129150390625,0.0,2026,481fa446425eca798411cbb75c04d0371977342d76b7768a7f9977e170dc6423,adjoint,27.820284042786362,0.6460904618327683,0.00021211709827184677,0.0028270382899791002
hevc_Kimono1_f0160,HEVC_B,Kimono1,test,0.1,0.1001129150390625,0.0,2026,481fa446425eca798411cbb75c04d0371977342d76b7768a7f9977e170dc6423,fista_dct,29.094026082980278,0.7276622815173864,0.3473413250176236,0.0012075671693310142
hevc_Kimono1_f0160,HEVC_B,Kimono1,test,0.1,0.1001129150390625,0.0,2026,481fa446425eca798411cbb75c04d0371977342d76b7768a7f9977e170dc6423,hqs,35.09106148716469,0.9314110238842964,0.3244237230392173,0.0031323526054620743
hevc_Kimono1_f0160,HEVC_B,Kimono1,test,0.1,0.1001129150390625,0.0,2026,481fa446425eca798411cbb75c04d0371977342d76b7768a7f9977e170dc6423,admm,35.17899269183091,0.931737472820282,0.32826850400306284,0.0037003804463893175
hevc_Kimono1_f0160,HEVC_B,Kimono1,test,0.25,0.25,0.0,2026,b8a0bb51efa849a4b5631219b4e6ef6754d6bbe8170e76e5c25d54dc15351967,adjoint,30.59192357545932,0.7612362332437038,0.00026065390557050705,0.003534868126735091
hevc_Kimono1_f0160,HEVC_B,Kimono1,test,0.25,0.25,0.0,2026,b8a0bb51efa849a4b5631219b4e6ef6754d6bbe8170e76e5c25d54dc15351967,fista_dct,32.211356570241705,0.8353527581071853,0.36890083202160895,0.0017980632837861776
hevc_Kimono1_f0160,HEVC_B,Kimono1,test,0.25,0.25,0.0,2026,b8a0bb51efa849a4b5631219b4e6ef6754d6bbe8170e76e5c25d54dc15351967,hqs,40.01653779566921,0.9730384566631317,0.32306285097729415,0.0022243838757276535
hevc_Kimono1_f0160,HEVC_B,Kimono1,test,0.25,0.25,0.0,2026,b8a0bb51efa849a4b5631219b4e6ef6754d6bbe8170e76e5c25d54dc15351967,admm,40.02735153088088,0.9729805659189225,0.3260675489436835,0.002881872933357954
hevc_Kimono1_f0160,HEVC_B,Kimono1,test,0.5,0.4998931884765625,0.0,2026,6a6145934158efecd15702ea237377192ca1dd856185bff0fddf0efc621ffe9f,adjoint,33.977116963433325,0.8614740371365547,0.00034101097844541073,0.004559757187962532
hevc_Kimono1_f0160,HEVC_B,Kimono1,test,0.5,0.4998931884765625,0.0,2026,6a6145934158efecd15702ea237377192ca1dd856185bff0fddf0efc621ffe9f,fista_dct,36.260806275629854,0.9218763425159454,0.4248090030159801,0.0023703384213149548
hevc_Kimono1_f0160,HEVC_B,Kimono1,test,0.5,0.4998931884765625,0.0,2026,6a6145934158efecd15702ea237377192ca1dd856185bff0fddf0efc621ffe9f,hqs,45.63446640147618,0.9909737796440125,0.3241748989094049,0.0015703493263572454
hevc_Kimono1_f0160,HEVC_B,Kimono1,test,0.5,0.4998931884765625,0.0,2026,6a6145934158efecd15702ea237377192ca1dd856185bff0fddf0efc621ffe9f,admm,45.56472379337549,0.9907881121912002,0.32558901607990265,0.00198909780010581
hevc_Kimono1_f0160,HEVC_B,Kimono1,test,0.1,0.1001129150390625,0.01,2026,9d9f7b73e1b1e60108ba2cdc12cfcc36091d7a319bb76182c071392ebf92a8d3,adjoint,27.79315299500484,0.64410924841219,0.00021211907733231783,0.002827310236170888
hevc_Kimono1_f0160,HEVC_B,Kimono1,test,0.1,0.1001129150390625,0.01,2026,9d9f7b73e1b1e60108ba2cdc12cfcc36091d7a319bb76182c071392ebf92a8d3,fista_dct,29.03874754281403,0.7241927504552379,0.34757473110221326,0.0012066186172887683
hevc_Kimono1_f0160,HEVC_B,Kimono1,test,0.1,0.1001129150390625,0.01,2026,9d9f7b73e1b1e60108ba2cdc12cfcc36091d7a319bb76182c071392ebf92a8d3,hqs,34.67345761574054,0.9243975936455726,0.32501865492668003,0.002808971796184778
hevc_Kimono1_f0160,HEVC_B,Kimono1,test,0.1,0.1001129150390625,0.01,2026,9d9f7b73e1b1e60108ba2cdc12cfcc36091d7a319bb76182c071392ebf92a8d3,admm,34.801461090813575,0.9258144805598258,0.32081481302157044,0.003930317237973213
hevc_Kimono1_f0160,HEVC_B,Kimono1,test,0.1,0.1001129150390625,0.01,2027,233e4b46c8e6c29686ab4a7ba4a8c8ab84728c2dc3ac982237d760ec77eab2e1,adjoint,27.792288983473902,0.6439273183722413,0.00020960497204214334,0.002827397780492902
hevc_Kimono1_f0160,HEVC_B,Kimono1,test,0.1,0.1001129150390625,0.01,2027,233e4b46c8e6c29686ab4a7ba4a8c8ab84728c2dc3ac982237d760ec77eab2e1,fista_dct,29.003809460387128,0.7217103160225228,0.34270051901694387,0.0012084320187568665
hevc_Kimono1_f0160,HEVC_B,Kimono1,test,0.1,0.1001129150390625,0.01,2027,233e4b46c8e6c29686ab4a7ba4a8c8ab84728c2dc3ac982237d760ec77eab2e1,hqs,34.6146591598421,0.9237580032143593,0.32332687405869365,0.002708653686568141
hevc_Kimono1_f0160,HEVC_B,Kimono1,test,0.1,0.1001129150390625,0.01,2027,233e4b46c8e6c29686ab4a7ba4a8c8ab84728c2dc3ac982237d760ec77eab2e1,admm,34.77070906268756,0.9252110206613541,0.32206624397076666,0.003932496532797813
hevc_Kimono1_f0160,HEVC_B,Kimono1,test,0.1,0.1001129150390625,0.01,2028,e471acf1192831ffa1bbfe5ede0cccc0a4111e3d56c75ff237363ae015c6dd1c,adjoint,27.792936270859826,0.6438348572190958,0.00020456803031265736,0.0028272911440581083
hevc_Kimono1_f0160,HEVC_B,Kimono1,test,0.1,0.1001129150390625,0.01,2028,e471acf1192831ffa1bbfe5ede0cccc0a4111e3d56c75ff237363ae015c6dd1c,fista_dct,29.047192554016277,0.7236340722731054,0.3504377930657938,0.0012091788230463862
hevc_Kimono1_f0160,HEVC_B,Kimono1,test,0.1,0.1001129150390625,0.01,2028,e471acf1192831ffa1bbfe5ede0cccc0a4111e3d56c75ff237363ae015c6dd1c,hqs,34.69439186894366,0.9240231102185249,0.33054052107036114,0.0027034832164645195
hevc_Kimono1_f0160,HEVC_B,Kimono1,test,0.1,0.1001129150390625,0.01,2028,e471acf1192831ffa1bbfe5ede0cccc0a4111e3d56c75ff237363ae015c6dd1c,admm,34.82364241510289,0.9253444531550408,0.32018086209427565,0.003938339650630951
hevc_Kimono1_f0160,HEVC_B,Kimono1,test,0.1,0.1001129150390625,0.05,2026,5b2c5a9a8e1fe7750285919cd0fcae27e7156d672655cd07ec1c8729b2238b31,adjoint,27.182763791144254,0.5992307272883294,0.00021926395129412413,0.0028277465607970953
hevc_Kimono1_f0160,HEVC_B,Kimono1,test,0.1,0.1001129150390625,0.05,2026,5b2c5a9a8e1fe7750285919cd0fcae27e7156d672655cd07ec1c8729b2238b31,fista_dct,27.87541196383886,0.6392849781120652,0.3511285859858617,0.0012202693615108728
hevc_Kimono1_f0160,HEVC_B,Kimono1,test,0.1,0.1001129150390625,0.05,2026,5b2c5a9a8e1fe7750285919cd0fcae27e7156d672655cd07ec1c8729b2238b31,hqs,31.268530983298945,0.8123154920842648,0.3449244169751182,0.002382877515628934
hevc_Kimono1_f0160,HEVC_B,Kimono1,test,0.1,0.1001129150390625,0.05,2026,5b2c5a9a8e1fe7750285919cd0fcae27e7156d672655cd07ec1c8729b2238b31,admm,31.40752614474537,0.8235533891217709,0.3229856939287856,0.005574881099164486
hevc_Kimono1_f0160,HEVC_B,Kimono1,test,0.1,0.1001129150390625,0.05,2027,23395c88f81868bb9811fb92d13088559060fa9e7025b326b58df76d9f3e4cf5,adjoint,27.170138215606983,0.5981684186578039,0.00021521199960261583,0.002833049278706312
hevc_Kimono1_f0160,HEVC_B,Kimono1,test,0.1,0.1001129150390625,0.05,2027,23395c88f81868bb9811fb92d13088559060fa9e7025b326b58df76d9f3e4cf5,fista_dct,27.788250311734384,0.6351516593967006,0.3462068020598963,0.001210745656862855
hevc_Kimono1_f0160,HEVC_B,Kimono1,test,0.1,0.1001129150390625,0.05,2027,23395c88f81868bb9811fb92d13088559060fa9e7025b326b58df76d9f3e4cf5,hqs,31.18415600814281,0.8126680900475979,0.32540587906260043,0.002403964288532734
hevc_Kimono1_f0160,HEVC_B,Kimono1,test,0.1,0.1001129150390625,0.05,2027,23395c88f81868bb9811fb92d13088559060fa9e7025b326b58df76d9f3e4cf5,admm,31.395355253660675,0.8273699251773358,0.3290013859514147,0.0056098210625350475
hevc_Kimono1_f0160,HEVC_B,Kimono1,test,0.1,0.1001129150390625,0.05,2028,42446101153a5133c8b4e43b24ed8d4257d546a37d76896cc6bab8ee1419a62e,adjoint,27.18251684429068,0.5977993517327405,0.0002185420598834753,0.0028261798433959484
hevc_Kimono1_f0160,HEVC_B,Kimono1,test,0.1,0.1001129150390625,0.05,2028,42446101153a5133c8b4e43b24ed8d4257d546a37d76896cc6bab8ee1419a62e,fista_dct,27.781728158781448,0.63409219846672,0.3537874079775065,0.0012101340107619762
hevc_Kimono1_f0160,HEVC_B,Kimono1,test,0.1,0.1001129150390625,0.05,2028,42446101153a5133c8b4e43b24ed8d4257d546a37d76896cc6bab8ee1419a62e,hqs,31.226315569616958,0.8124187398791313,0.3291288549080491,0.00230036536231637
hevc_Kimono1_f0160,HEVC_B,Kimono1,test,0.1,0.1001129150390625,0.05,2028,42446101153a5133c8b4e43b24ed8d4257d546a37d76896cc6bab8ee1419a62e,admm,31.442702367603026,0.8269668386468887,0.3225197560386732,0.00618381891399622
hevc_ParkScene_f0000,HEVC_B,ParkScene,test,0.01,0.01031494140625,0.0,2026,b152342c5aad08fc74d04fa9a1bcf589343fb406600ccbf626c163375e5f66dd,adjoint,24.624863007542256,0.456830435774438,0.00012193596921861172,0.0017499433597549796
hevc_ParkScene_f0000,HEVC_B,ParkScene,test,0.01,0.01031494140625,0.0,2026,b152342c5aad08fc74d04fa9a1bcf589343fb406600ccbf626c163375e5f66dd,fista_dct,25.22469104232142,0.5295532876276573,0.3098412260878831,0.0004183092969469726
hevc_ParkScene_f0000,HEVC_B,ParkScene,test,0.01,0.01031494140625,0.0,2026,b152342c5aad08fc74d04fa9a1bcf589343fb406600ccbf626c163375e5f66dd,hqs,26.249660422559398,0.5978942942330336,0.3270600000396371,0.0035244240425527096
hevc_ParkScene_f0000,HEVC_B,ParkScene,test,0.01,0.01031494140625,0.0,2026,b152342c5aad08fc74d04fa9a1bcf589343fb406600ccbf626c163375e5f66dd,admm,26.239898798425617,0.5967074571042409,0.32319465710315853,0.006257358938455582
hevc_ParkScene_f0000,HEVC_B,ParkScene,test,0.04,0.041259765625,0.0,2026,4c655cbc2e34b5aa207b8fb3b4bed03978468c527da57b5c8b0ec333a6e2739f,adjoint,26.40431730590066,0.5588890250873666,0.00017868599388748407,0.002391875721514225
hevc_ParkScene_f0000,HEVC_B,ParkScene,test,0.04,0.041259765625,0.0,2026,4c655cbc2e34b5aa207b8fb3b4bed03978468c527da57b5c8b0ec333a6e2739f,fista_dct,26.865311062583785,0.6035839566950407,0.3251038909656927,0.0008645697380416095
hevc_ParkScene_f0000,HEVC_B,ParkScene,test,0.04,0.041259765625,0.0,2026,4c655cbc2e34b5aa207b8fb3b4bed03978468c527da57b5c8b0ec333a6e2739f,hqs,28.7774603171301,0.751060729417529,0.31996331398840994,0.003231966169551015
hevc_ParkScene_f0000,HEVC_B,ParkScene,test,0.04,0.041259765625,0.0,2026,4c655cbc2e34b5aa207b8fb3b4bed03978468c527da57b5c8b0ec333a6e2739f,admm,28.784999734906,0.7496108159712628,0.3218247269978747,0.004963438026607037
hevc_ParkScene_f0000,HEVC_B,ParkScene,test,0.1,0.1001129150390625,0.0,2026,cdcaadc219688880da3ecd83602b0d74bc4a59b47e28a15b8421e42f96e0be2d,adjoint,27.98962650311576,0.6645090754045266,0.00020009593572467566,0.002881616586819291
hevc_ParkScene_f0000,HEVC_B,ParkScene,test,0.1,0.1001129150390625,0.0,2026,cdcaadc219688880da3ecd83602b0d74bc4a59b47e28a15b8421e42f96e0be2d,fista_dct,28.478392705366122,0.6983009433860593,0.3482652109814808,0.0013202950358390808
hevc_ParkScene_f0000,HEVC_B,ParkScene,test,0.1,0.1001129150390625,0.0,2026,cdcaadc219688880da3ecd83602b0d74bc4a59b47e28a15b8421e42f96e0be2d,hqs,31.336675993558465,0.8565258826982975,0.32480495993513614,0.0027819001115858555
hevc_ParkScene_f0000,HEVC_B,ParkScene,test,0.1,0.1001129150390625,0.0,2026,cdcaadc219688880da3ecd83602b0d74bc4a59b47e28a15b8421e42f96e0be2d,admm,31.359551206256704,0.856390312056303,0.32211916195228696,0.00411535520106554
hevc_ParkScene_f0000,HEVC_B,ParkScene,test,0.25,0.25,0.0,2026,d532d41cf4e67b97948c55a515664cc1c0f35024ac0ec155b4b1053c70830a89,adjoint,30.369670764237185,0.7822266588358879,0.00023818493355065584,0.003657868131995201
hevc_ParkScene_f0000,HEVC_B,ParkScene,test,0.25,0.25,0.0,2026,d532d41cf4e67b97948c55a515664cc1c0f35024ac0ec155b4b1053c70830a89,fista_dct,31.26418226612269,0.8253197167677879,0.3674409259110689,0.001965838950127363
hevc_ParkScene_f0000,HEVC_B,ParkScene,test,0.25,0.25,0.0,2026,d532d41cf4e67b97948c55a515664cc1c0f35024ac0ec155b4b1053c70830a89,hqs,35.167944358017095,0.9369789965877533,0.3218464240198955,0.002476542489603162
hevc_ParkScene_f0000,HEVC_B,ParkScene,test,0.25,0.25,0.0,2026,d532d41cf4e67b97948c55a515664cc1c0f35024ac0ec155b4b1053c70830a89,admm,35.195101876863234,0.93676208826828,0.3232596270972863,0.003666785079985857
hevc_ParkScene_f0000,HEVC_B,ParkScene,test,0.5,0.4998931884765625,0.0,2026,83cd1464ca83ee0a8012b03084c01a604e856e24b6503306d17234ecb74a5692,adjoint,33.46091105315578,0.8752040928883552,0.0003383959410712123,0.004762279335409403
hevc_ParkScene_f0000,HEVC_B,ParkScene,test,0.5,0.4998931884765625,0.0,2026,83cd1464ca83ee0a8012b03084c01a604e856e24b6503306d17234ecb74a5692,fista_dct,34.31410870117915,0.9011917914762497,0.428250559954904,0.002592484699562192
hevc_ParkScene_f0000,HEVC_B,ParkScene,test,0.5,0.4998931884765625,0.0,2026,83cd1464ca83ee0a8012b03084c01a604e856e24b6503306d17234ecb74a5692,hqs,40.45371146737444,0.9789100907516479,0.32402062497567385,0.0019818556029349566
hevc_ParkScene_f0000,HEVC_B,ParkScene,test,0.5,0.4998931884765625,0.0,2026,83cd1464ca83ee0a8012b03084c01a604e856e24b6503306d17234ecb74a5692,admm,40.469045809192004,0.9788078856630326,0.32366492901928723,0.0026393651496618986
hevc_ParkScene_f0000,HEVC_B,ParkScene,test,0.1,0.1001129150390625,0.01,2026,cd24dc41c5bf4df0e1f4ae6166297d919f95200716396b6878eab12fc09da434,adjoint,27.96636842899012,0.6625939065750015,0.0001914700260385871,0.0028814354445785284
hevc_ParkScene_f0000,HEVC_B,ParkScene,test,0.1,0.1001129150390625,0.01,2026,cd24dc41c5bf4df0e1f4ae6166297d919f95200716396b6878eab12fc09da434,fista_dct,28.414304610409932,0.6945443336527869,0.40351449500303715,0.0013227986637502909
hevc_ParkScene_f0000,HEVC_B,ParkScene,test,0.1,0.1001129150390625,0.01,2026,cd24dc41c5bf4df0e1f4ae6166297d919f95200716396b6878eab12fc09da434,hqs,31.24305063511885,0.8523838292980194,0.3241475059185177,0.002636968158185482
hevc_ParkScene_f0000,HEVC_B,ParkScene,test,0.1,0.1001129150390625,0.01,2026,cd24dc41c5bf4df0e1f4ae6166297d919f95200716396b6878eab12fc09da434,admm,31.2644603661912,0.8527896396973134,0.32636307808570564,0.004272582940757275
hevc_ParkScene_f0000,HEVC_B,ParkScene,test,0.1,0.1001129150390625,0.01,2027,290e9505d576c924828d7d83c0cc1ee4796306ba4d3b39f689e6d7ef6157e642,adjoint,27.9664905025786,0.6631975352504719,0.0001941709779202938,0.002881308551877737
hevc_ParkScene_f0000,HEVC_B,ParkScene,test,0.1,0.1001129150390625,0.01,2027,290e9505d576c924828d7d83c0cc1ee4796306ba4d3b39f689e6d7ef6157e642,fista_dct,28.4471152536264,0.6968954516429156,0.35292876907624304,0.0013245985610410571
hevc_ParkScene_f0000,HEVC_B,ParkScene,test,0.1,0.1001129150390625,0.01,2027,290e9505d576c924828d7d83c0cc1ee4796306ba4d3b39f689e6d7ef6157e642,hqs,31.2389659668056,0.853116689214468,0.325019276002422,0.0026567846070975065
hevc_ParkScene_f0000,HEVC_B,ParkScene,test,0.1,0.1001129150390625,0.01,2027,290e9505d576c924828d7d83c0cc1ee4796306ba4d3b39f689e6d7ef6157e642,admm,31.27011673932202,0.8535143816549778,0.324408762040548,0.004511947277933359
hevc_ParkScene_f0000,HEVC_B,ParkScene,test,0.1,0.1001129150390625,0.01,2028,2322bea2033468db1d97ccc0073949eac085eaa2f3230bbbfa42b8695b6fe022,adjoint,27.966221415144325,0.6626128493879362,0.0002466030418872833,0.002881760476157069
hevc_ParkScene_f0000,HEVC_B,ParkScene,test,0.1,0.1001129150390625,0.01,2028,2322bea2033468db1d97ccc0073949eac085eaa2f3230bbbfa42b8695b6fe022,fista_dct,28.471416081658734,0.6982645914505125,0.35413535707630217,0.001317161601036787
hevc_ParkScene_f0000,HEVC_B,ParkScene,test,0.1,0.1001129150390625,0.01,2028,2322bea2033468db1d97ccc0073949eac085eaa2f3230bbbfa42b8695b6fe022,hqs,31.23435223153312,0.852764529140234,0.3252391340211034,0.0024820829275995493
hevc_ParkScene_f0000,HEVC_B,ParkScene,test,0.1,0.1001129150390625,0.01,2028,2322bea2033468db1d97ccc0073949eac085eaa2f3230bbbfa42b8695b6fe022,admm,31.26747068913268,0.8531552956840992,0.3239532810403034,0.0043104845099151134
hevc_ParkScene_f0000,HEVC_B,ParkScene,test,0.1,0.1001129150390625,0.05,2026,855cff0af5d60aa9d5a8c90508574eff067b8298f5e3be1b714e1f0b13b97fb0,adjoint,27.441913958691263,0.6249289470911696,0.0002087299944832921,0.0028799641877412796
hevc_ParkScene_f0000,HEVC_B,ParkScene,test,0.1,0.1001129150390625,0.05,2026,855cff0af5d60aa9d5a8c90508574eff067b8298f5e3be1b714e1f0b13b97fb0,fista_dct,27.524988144817325,0.6346036821400785,0.3523239839123562,0.0013231020420789719
hevc_ParkScene_f0000,HEVC_B,ParkScene,test,0.1,0.1001129150390625,0.05,2026,855cff0af5d60aa9d5a8c90508574eff067b8298f5e3be1b714e1f0b13b97fb0,hqs,29.571421725095014,0.7780638194631339,0.3272030040388927,0.0025773218367248774
hevc_ParkScene_f0000,HEVC_B,ParkScene,test,0.1,0.1001129150390625,0.05,2026,855cff0af5d60aa9d5a8c90508574eff067b8298f5e3be1b714e1f0b13b97fb0,admm,29.730652682858654,0.7890306160801649,0.32364787091501057,0.005535552278161049
hevc_ParkScene_f0000,HEVC_B,ParkScene,test,0.1,0.1001129150390625,0.05,2027,616c9d9705b373591385f2413156aa80d8c2a3661cbd95fa1f705294f74ba092,adjoint,27.444469649121544,0.627706810573252,0.0001764680491760373,0.002878409344702959
hevc_ParkScene_f0000,HEVC_B,ParkScene,test,0.1,0.1001129150390625,0.05,2027,616c9d9705b373591385f2413156aa80d8c2a3661cbd95fa1f705294f74ba092,fista_dct,27.487285831742337,0.6343391612021998,0.35153420094866306,0.0013489588163793087
hevc_ParkScene_f0000,HEVC_B,ParkScene,test,0.1,0.1001129150390625,0.05,2027,616c9d9705b373591385f2413156aa80d8c2a3661cbd95fa1f705294f74ba092,hqs,29.645386683839558,0.7818010851584672,0.3254746979800984,0.002686082385480404
hevc_ParkScene_f0000,HEVC_B,ParkScene,test,0.1,0.1001129150390625,0.05,2027,616c9d9705b373591385f2413156aa80d8c2a3661cbd95fa1f705294f74ba092,admm,29.763205359342415,0.7929342476093769,0.32295026804786175,0.005621587857604027
hevc_ParkScene_f0000,HEVC_B,ParkScene,test,0.1,0.1001129150390625,0.05,2028,7621a9d35eed2792600959345a1d3248ccf03d97ee11a64c5d17ed4fbf76999c,adjoint,27.43774928646306,0.6244167008317709,0.0002058669924736023,0.0028812841046601534
hevc_ParkScene_f0000,HEVC_B,ParkScene,test,0.1,0.1001129150390625,0.05,2028,7621a9d35eed2792600959345a1d3248ccf03d97ee11a64c5d17ed4fbf76999c,fista_dct,27.595429948081463,0.640660125761304,0.35316259996034205,0.0013174503110349178
hevc_ParkScene_f0000,HEVC_B,ParkScene,test,0.1,0.1001129150390625,0.05,2028,7621a9d35eed2792600959345a1d3248ccf03d97ee11a64c5d17ed4fbf76999c,hqs,29.552380244271717,0.776391346763134,0.32540908397641033,0.0028336711693555117
hevc_ParkScene_f0000,HEVC_B,ParkScene,test,0.1,0.1001129150390625,0.05,2028,7621a9d35eed2792600959345a1d3248ccf03d97ee11a64c5d17ed4fbf76999c,admm,29.67327775617172,0.7868582176225185,0.3239171099849045,0.005330970510840416
hevc_ParkScene_f0080,HEVC_B,ParkScene,test,0.01,0.01031494140625,0.0,2026,0150552a391892331ac25676b5d6451c5d17ddb82b1cdd951dd2cd4f656bb683,adjoint,24.26546945403473,0.45439402375624893,0.00011944107245653868,0.0017964645521715283
hevc_ParkScene_f0080,HEVC_B,ParkScene,test,0.01,0.01031494140625,0.0,2026,0150552a391892331ac25676b5d6451c5d17ddb82b1cdd951dd2cd4f656bb683,fista_dct,24.625667348791147,0.5137568258554077,0.3336592309642583,0.00038916373159736395
hevc_ParkScene_f0080,HEVC_B,ParkScene,test,0.01,0.01031494140625,0.0,2026,0150552a391892331ac25676b5d6451c5d17ddb82b1cdd951dd2cd4f656bb683,hqs,25.47364675391468,0.572887704283682,0.3221890090499073,0.004173590335994959
hevc_ParkScene_f0080,HEVC_B,ParkScene,test,0.01,0.01031494140625,0.0,2026,0150552a391892331ac25676b5d6451c5d17ddb82b1cdd951dd2cd4f656bb683,admm,25.39180694521962,0.5687226940354894,0.3243043019901961,0.005953474435955286
hevc_ParkScene_f0080,HEVC_B,ParkScene,test,0.04,0.041259765625,0.0,2026,d027a6be242220fb04cc92671380a1dfe50f3b855ee5809774d76b9634f2a921,adjoint,26.03009016968576,0.5539968206679875,0.00018041592556983232,0.0024160214234143496
hevc_ParkScene_f0080,HEVC_B,ParkScene,test,0.04,0.041259765625,0.0,2026,d027a6be242220fb04cc92671380a1dfe50f3b855ee5809774d76b9634f2a921,fista_dct,26.480881030139344,0.5890393088331399,0.3284859301056713,0.0008045759168453515
hevc_ParkScene_f0080,HEVC_B,ParkScene,test,0.04,0.041259765625,0.0,2026,d027a6be242220fb04cc92671380a1dfe50f3b855ee5809774d76b9634f2a921,hqs,28.592340412630946,0.7414290213885791,0.3308068780461326,0.0030264996457844973
hevc_ParkScene_f0080,HEVC_B,ParkScene,test,0.04,0.041259765625,0.0,2026,d027a6be242220fb04cc92671380a1dfe50f3b855ee5809774d76b9634f2a921,admm,28.60433011685112,0.7398314108091145,0.32570380403194577,0.0059253196232020855
hevc_ParkScene_f0080,HEVC_B,ParkScene,test,0.1,0.1001129150390625,0.0,2026,1c485b3c6860e0ec80f8cacf5446d28e4e361258ef233db688b6fe134ff1fa69,adjoint,27.579580886864534,0.649810089928736,0.0002012099139392376,0.00289646303281188
hevc_ParkScene_f0080,HEVC_B,ParkScene,test,0.1,0.1001129150390625,0.0,2026,1c485b3c6860e0ec80f8cacf5446d28e4e361258ef233db688b6fe134ff1fa69,fista_dct,28.104562951115525,0.6834867163880753,0.36208497593179345,0.0012404473964124918
hevc_ParkScene_f0080,HEVC_B,ParkScene,test,0.1,0.1001129150390625,0.0,2026,1c485b3c6860e0ec80f8cacf5446d28e4e361258ef233db688b6fe134ff1fa69,hqs,30.99923970995885,0.8460052364530564,0.32968114595860243,0.002820239868015051
hevc_ParkScene_f0080,HEVC_B,ParkScene,test,0.1,0.1001129150390625,0.0,2026,1c485b3c6860e0ec80f8cacf5446d28e4e361258ef233db688b6fe134ff1fa69,admm,31.037653785596248,0.8459785776820182,0.3302130399970338,0.004060960840433836
hevc_ParkScene_f0080,HEVC_B,ParkScene,test,0.25,0.25,0.0,2026,456f3902e387922932724d43d82cb5da3545a0c5ee0b22b5291aa5716ccbd021,adjoint,30.17309352313012,0.7781594481687546,0.000255462946370244,0.003682540962472558
hevc_ParkScene_f0080,HEVC_B,ParkScene,test,0.25,0.25,0.0,2026,456f3902e387922932724d43d82cb5da3545a0c5ee0b22b5291aa5716ccbd021,fista_dct,30.915887731814266,0.8147231211647987,0.386251132003963,0.0018470865907147527
hevc_ParkScene_f0080,HEVC_B,ParkScene,test,0.25,0.25,0.0,2026,456f3902e387922932724d43d82cb5da3545a0c5ee0b22b5291aa5716ccbd021,hqs,34.97166488254772,0.9339068936815261,0.3526931289816275,0.0020882864482700825
hevc_ParkScene_f0080,HEVC_B,ParkScene,test,0.25,0.25,0.0,2026,456f3902e387922932724d43d82cb5da3545a0c5ee0b22b5291aa5716ccbd021,admm,35.007320331193974,0.9339743384017944,0.32274286402389407,0.0030642757192254066
hevc_ParkScene_f0080,HEVC_B,ParkScene,test,0.5,0.4998931884765625,0.0,2026,b6cde3ac0a16bf5019e6b34fbccf10de570baab1e7fe2c33176cfcb0ffc0cabd,adjoint,33.320919855128025,0.8771620757541656,0.0003401689464226365,0.004815712105482817
hevc_ParkScene_f0080,HEVC_B,ParkScene,test,0.5,0.4998931884765625,0.0,2026,b6cde3ac0a16bf5019e6b34fbccf10de570baab1e7fe2c33176cfcb0ffc0cabd,fista_dct,34.21050760242207,0.900732975979805,0.4401635869871825,0.0024292103480547667
hevc_ParkScene_f0080,HEVC_B,ParkScene,test,0.5,0.4998931884765625,0.0,2026,b6cde3ac0a16bf5019e6b34fbccf10de570baab1e7fe2c33176cfcb0ffc0cabd,hqs,40.1232618501428,0.977309413722992,0.32373365003149956,0.0019549825228750706
hevc_ParkScene_f0080,HEVC_B,ParkScene,test,0.5,0.4998931884765625,0.0,2026,b6cde3ac0a16bf5019e6b34fbccf10de570baab1e7fe2c33176cfcb0ffc0cabd,admm,40.16586480346021,0.9774069113702774,0.3278056000126526,0.0023906296119093895
hevc_ParkScene_f0080,HEVC_B,ParkScene,test,0.1,0.1001129150390625,0.01,2026,380850db1b97225571e842e5b442f4e34fbe20a9d3e183cc2ea4df208542e1a0,adjoint,27.555060776329864,0.6478926439276077,0.00018402899149805307,0.0028967924881726503
hevc_ParkScene_f0080,HEVC_B,ParkScene,test,0.1,0.1001129150390625,0.01,2026,380850db1b97225571e842e5b442f4e34fbe20a9d3e183cc2ea4df208542e1a0,fista_dct,28.076924947837746,0.6827787140017245,0.3592901339288801,0.001242777332663536
hevc_ParkScene_f0080,HEVC_B,ParkScene,test,0.1,0.1001129150390625,0.01,2026,380850db1b97225571e842e5b442f4e34fbe20a9d3e183cc2ea4df208542e1a0,hqs,30.912468227760336,0.8429355465738774,0.3234183640452102,0.0027171350084245205
hevc_ParkScene_f0080,HEVC_B,ParkScene,test,0.1,0.1001129150390625,0.01,2026,380850db1b97225571e842e5b442f4e34fbe20a9d3e183cc2ea4df208542e1a0,admm,30.957549032030695,0.8437823353629113,0.32495331205427647,0.004331410396844149
hevc_ParkScene_f0080,HEVC_B,ParkScene,test,0.1,0.1001129150390625,0.01,2027,da6675161788c72713767e93e243e109f93d8b334693badece0acfd74a9244b7,adjoint,27.554749365424275,0.6479566372359218,0.00022226397413760424,0.002895923564210534
hevc_ParkScene_f0080,HEVC_B,ParkScene,test,0.1,0.1001129150390625,0.01,2027,da6675161788c72713767e93e243e109f93d8b334693badece0acfd74a9244b7,fista_dct,28.06031058387278,0.6813309418697194,0.35812137101311237,0.0012418824480846524
hevc_ParkScene_f0080,HEVC_B,ParkScene,test,0.1,0.1001129150390625,0.01,2027,da6675161788c72713767e93e243e109f93d8b334693badece0acfd74a9244b7,hqs,30.851110833515083,0.8412880664248467,0.32965970295481384,0.0027167275547981262
hevc_ParkScene_f0080,HEVC_B,ParkScene,test,0.1,0.1001129150390625,0.01,2027,da6675161788c72713767e93e243e109f93d8b334693badece0acfd74a9244b7,admm,30.92242155953928,0.8426953677530289,0.3261694109532982,0.004220164846628904
hevc_ParkScene_f0080,HEVC_B,ParkScene,test,0.1,0.1001129150390625,0.01,2028,9955cd168a7fbaf3fde4646d0ee967ba484fa8cb082f30ab94c2e1f0cc79a271,adjoint,27.55434150969659,0.6477370494999029,0.00019179191440343857,0.0028960302006453276
hevc_ParkScene_f0080,HEVC_B,ParkScene,test,0.1,0.1001129150390625,0.01,2028,9955cd168a7fbaf3fde4646d0ee967ba484fa8cb082f30ab94c2e1f0cc79a271,fista_dct,28.096899131331444,0.6811121866005659,0.35653546603862196,0.0012437987606972456
hevc_ParkScene_f0080,HEVC_B,ParkScene,test,0.1,0.1001129150390625,0.01,2028,9955cd168a7fbaf3fde4646d0ee967ba484fa8cb082f30ab94c2e1f0cc79a271,hqs,30.89017818024203,0.8418918334372043,0.324020600062795,0.002737806411460042
hevc_ParkScene_f0080,HEVC_B,ParkScene,test,0.1,0.1001129150390625,0.01,2028,9955cd168a7fbaf3fde4646d0ee967ba484fa8cb082f30ab94c2e1f0cc79a271,admm,30.929937834548895,0.8423557460241318,0.3289940149988979,0.0044527556747198105
hevc_ParkScene_f0080,HEVC_B,ParkScene,test,0.1,0.1001129150390625,0.05,2026,72fec67e6bd348a72ac775af952848e49993ab14e77d1b79aa2c8b67b1e5c948,adjoint,27.005361013723128,0.6067739132907354,0.00023131899069994688,0.002896097721531987
hevc_ParkScene_f0080,HEVC_B,ParkScene,test,0.1,0.1001129150390625,0.05,2026,72fec67e6bd348a72ac775af952848e49993ab14e77d1b79aa2c8b67b1e5c948,fista_dct,27.087798497208677,0.6166344437970305,0.3557436669943854,0.0012402290012687445
hevc_ParkScene_f0080,HEVC_B,ParkScene,test,0.1,0.1001129150390625,0.05,2026,72fec67e6bd348a72ac775af952848e49993ab14e77d1b79aa2c8b67b1e5c948,hqs,29.14455489475625,0.7564122100057602,0.3256239340407774,0.0028528948314487934
hevc_ParkScene_f0080,HEVC_B,ParkScene,test,0.1,0.1001129150390625,0.05,2026,72fec67e6bd348a72ac775af952848e49993ab14e77d1b79aa2c8b67b1e5c948,admm,29.298518577308513,0.7676834646143913,0.32322398491669446,0.005346900783479214
hevc_ParkScene_f0080,HEVC_B,ParkScene,test,0.1,0.1001129150390625,0.05,2027,3db4cb55f574a2da58521101e890ba84579337f32c1533e30925d424e6801315,adjoint,26.998023659268796,0.6068690711043533,0.00021175399888306856,0.0028927880339324474
hevc_ParkScene_f0080,HEVC_B,ParkScene,test,0.1,0.1001129150390625,0.05,2027,3db4cb55f574a2da58521101e890ba84579337f32c1533e30925d424e6801315,fista_dct,27.09767232911951,0.6171361312608608,0.35621624591294676,0.0012428441550582647
hevc_ParkScene_f0080,HEVC_B,ParkScene,test,0.1,0.1001129150390625,0.05,2027,3db4cb55f574a2da58521101e890ba84579337f32c1533e30925d424e6801315,hqs,29.115041989081554,0.7615190054154396,0.3287795049836859,0.0029638472478836775
hevc_ParkScene_f0080,HEVC_B,ParkScene,test,0.1,0.1001129150390625,0.05,2027,3db4cb55f574a2da58521101e890ba84579337f32c1533e30925d424e6801315,admm,29.265423642614344,0.7721827153072357,0.32507332297973335,0.0053582447580993176
hevc_ParkScene_f0080,HEVC_B,ParkScene,test,0.1,0.1001129150390625,0.05,2028,4839fea461253e7f747874c4abad3571fdc08d94c8d1a86d9901a8185265be6e,adjoint,26.98984072518008,0.6045468161540217,0.0002072700299322605,0.0028922073543071747
hevc_ParkScene_f0080,HEVC_B,ParkScene,test,0.1,0.1001129150390625,0.05,2028,4839fea461253e7f747874c4abad3571fdc08d94c8d1a86d9901a8185265be6e,fista_dct,27.029259742096748,0.6083239619292412,0.354942072997801,0.0012451040092855692
hevc_ParkScene_f0080,HEVC_B,ParkScene,test,0.1,0.1001129150390625,0.05,2028,4839fea461253e7f747874c4abad3571fdc08d94c8d1a86d9901a8185265be6e,hqs,29.043848186126084,0.7544618351589442,0.32835938199423254,0.0029026430565863848
hevc_ParkScene_f0080,HEVC_B,ParkScene,test,0.1,0.1001129150390625,0.05,2028,4839fea461253e7f747874c4abad3571fdc08d94c8d1a86d9901a8185265be6e,admm,29.206173429917477,0.7661086828343868,0.32554739399347454,0.005288321990519762
hevc_ParkScene_f0160,HEVC_B,ParkScene,test,0.01,0.01031494140625,0.0,2026,8813acb5cbea146d01b0197c2a9a8338794fa459de4052011c3dd486b9ed6e7d,adjoint,24.302714277104332,0.43425918606039693,0.00013911398127675056,0.0018229380948469043
hevc_ParkScene_f0160,HEVC_B,ParkScene,test,0.01,0.01031494140625,0.0,2026,8813acb5cbea146d01b0197c2a9a8338794fa459de4052011c3dd486b9ed6e7d,fista_dct,24.66460811791392,0.4849145916369781,0.31700440496206284,0.00035405534435994923
hevc_ParkScene_f0160,HEVC_B,ParkScene,test,0.01,0.01031494140625,0.0,2026,8813acb5cbea146d01b0197c2a9a8338794fa459de4052011c3dd486b9ed6e7d,hqs,25.532310648324014,0.5392631017530255,0.3263045339845121,0.003369373269379139
hevc_ParkScene_f0160,HEVC_B,ParkScene,test,0.01,0.01031494140625,0.0,2026,8813acb5cbea146d01b0197c2a9a8338794fa459de4052011c3dd486b9ed6e7d,admm,25.394316829962648,0.5308025044105532,0.32625313592143357,0.0056604729034006596
hevc_ParkScene_f0160,HEVC_B,ParkScene,test,0.04,0.041259765625,0.0,2026,429b60547f5f7e224ee8dcb862d3574d613004e1acbdba859bf7861cbb4cb27b,adjoint,25.99018761247052,0.542840773387944,0.00017609004862606525,0.0024258242920041084
hevc_ParkScene_f0160,HEVC_B,ParkScene,test,0.04,0.041259765625,0.0,2026,429b60547f5f7e224ee8dcb862d3574d613004e1acbdba859bf7861cbb4cb27b,fista_dct,26.316220930301508,0.5755251764421316,0.3295920940581709,0.0007260782294906676
hevc_ParkScene_f0160,HEVC_B,ParkScene,test,0.04,0.041259765625,0.0,2026,429b60547f5f7e224ee8dcb862d3574d613004e1acbdba859bf7861cbb4cb27b,hqs,28.220324335262617,0.7110553454506994,0.3261672320077196,0.0032509316224604845
hevc_ParkScene_f0160,HEVC_B,ParkScene,test,0.04,0.041259765625,0.0,2026,429b60547f5f7e224ee8dcb862d3574d613004e1acbdba859bf7861cbb4cb27b,admm,28.1487121885386,0.7051232174732834,0.3267506239935756,0.005488673225045204
hevc_ParkScene_f0160,HEVC_B,ParkScene,test,0.1,0.1001129150390625,0.0,2026,eeac34cecacae82de3d32d49198f8b6126942a78423fb7ae41c9bd3896d5060d,adjoint,27.470856805446296,0.6544235755207017,0.0004429650725796819,0.0029243561439216137
hevc_ParkScene_f0160,HEVC_B,ParkScene,test,0.1,0.1001129150390625,0.0,2026,eeac34cecacae82de3d32d49198f8b6126942a78423fb7ae41c9bd3896d5060d,fista_dct,27.871966209471605,0.6792498947351501,0.35529698990285397,0.0011211015516892076
hevc_ParkScene_f0160,HEVC_B,ParkScene,test,0.1,0.1001129150390625,0.0,2026,eeac34cecacae82de3d32d49198f8b6126942a78423fb7ae41c9bd3896d5060d,hqs,30.45997891285412,0.8224028076047898,0.3264464179519564,0.002568964147940278
hevc_ParkScene_f0160,HEVC_B,ParkScene,test,0.1,0.1001129150390625,0.0,2026,eeac34cecacae82de3d32d49198f8b6126942a78423fb7ae41c9bd3896d5060d,admm,30.528132165723406,0.8222967752356529,0.32565240596886724,0.004030386917293072
hevc_ParkScene_f0160,HEVC_B,ParkScene,test,0.25,0.25,0.0,2026,5b97e6a1e252a71f0030e6ad19e2afd02bd1cde80636deff2c657932edb5dad7,adjoint,29.80767239338239,0.7766678497350216,0.00034918903838843107,0.003706700401380658
hevc_ParkScene_f0160,HEVC_B,ParkScene,test,0.25,0.25,0.0,2026,5b97e6a1e252a71f0030e6ad19e2afd02bd1cde80636deff2c657932edb5dad7,fista_dct,30.37868215952691,0.804277133128643,0.39216442801989615,0.0016726463800296187
hevc_ParkScene_f0160,HEVC_B,ParkScene,test,0.25,0.25,0.0,2026,5b97e6a1e252a71f0030e6ad19e2afd02bd1cde80636deff2c657932edb5dad7,hqs,34.213663842547305,0.9193997320308686,0.32539714500308037,0.0023581208661198616
hevc_ParkScene_f0160,HEVC_B,ParkScene,test,0.25,0.25,0.0,2026,5b97e6a1e252a71f0030e6ad19e2afd02bd1cde80636deff2c657932edb5dad7,admm,34.22848245263864,0.918902154800415,0.3254467169754207,0.0031461012549698353
hevc_ParkScene_f0160,HEVC_B,ParkScene,test,0.5,0.4998931884765625,0.0,2026,49908f854adcb5dcd29b62387514e171c0628147093d603b1daacff10debe881,adjoint,32.88999560058086,0.876976579755783,0.0003532801056280732,0.004853622522205114
hevc_ParkScene_f0160,HEVC_B,ParkScene,test,0.5,0.4998931884765625,0.0,2026,49908f854adcb5dcd29b62387514e171c0628147093d603b1daacff10debe881,fista_dct,33.70406252207312,0.8988581830348968,0.43282785697374493,0.002198785776272416
hevc_ParkScene_f0160,HEVC_B,ParkScene,test,0.5,0.4998931884765625,0.0,2026,49908f854adcb5dcd29b62387514e171c0628147093d603b1daacff10debe881,hqs,38.96834997098124,0.9699493936548234,0.32522710191551596,0.0017717432929202914
hevc_ParkScene_f0160,HEVC_B,ParkScene,test,0.5,0.4998931884765625,0.0,2026,49908f854adcb5dcd29b62387514e171c0628147093d603b1daacff10debe881,admm,38.99099925312076,0.9699982843933106,0.3246461719973013,0.002187682781368494
hevc_ParkScene_f0160,HEVC_B,ParkScene,test,0.1,0.1001129150390625,0.01,2026,e41cc84d0c864c50978a2080a2fe6f455b4fcb9d04379f1ad58766b3d33243fc,adjoint,27.441434317064463,0.6525042704477557,0.0002006100257858634,0.002923724940046668
hevc_ParkScene_f0160,HEVC_B,ParkScene,test,0.1,0.1001129150390625,0.01,2026,e41cc84d0c864c50978a2080a2fe6f455b4fcb9d04379f1ad58766b3d33243fc,fista_dct,27.84247056784338,0.6775237266346663,0.3574122899444774,0.0011198982829228044
hevc_ParkScene_f0160,HEVC_B,ParkScene,test,0.1,0.1001129150390625,0.01,2026,e41cc84d0c864c50978a2080a2fe6f455b4fcb9d04379f1ad58766b3d33243fc,hqs,30.369828331671883,0.8185056033668519,0.32842303696088493,0.0024328671861439943
hevc_ParkScene_f0160,HEVC_B,ParkScene,test,0.1,0.1001129150390625,0.01,2026,e41cc84d0c864c50978a2080a2fe6f455b4fcb9d04379f1ad58766b3d33243fc,admm,30.450869203642178,0.8190200149741172,0.32490682299248874,0.004255068954080343
hevc_ParkScene_f0160,HEVC_B,ParkScene,test,0.1,0.1001129150390625,0.01,2027,9861fea2751f5c97b12bff7b43f19abfae702d80db731abc3b9e383bb8f25e9d,adjoint,27.441623029003594,0.6519632896643541,0.00018708803690969944,0.002924511907622218
hevc_ParkScene_f0160,HEVC_B,ParkScene,test,0.1,0.1001129150390625,0.01,2027,9861fea2751f5c97b12bff7b43f19abfae702d80db731abc3b9e383bb8f25e9d,fista_dct,27.8477551298424,0.6769382994138508,0.35326084902044386,0.001119640190154314
hevc_ParkScene_f0160,HEVC_B,ParkScene,test,0.1,0.1001129150390625,0.01,2027,9861fea2751f5c97b12bff7b43f19abfae702d80db731abc3b9e383bb8f25e9d,hqs,30.366877838721678,0.8185891106481552,0.32575817801989615,0.0025229663588106632
hevc_ParkScene_f0160,HEVC_B,ParkScene,test,0.1,0.1001129150390625,0.01,2027,9861fea2751f5c97b12bff7b43f19abfae702d80db731abc3b9e383bb8f25e9d,admm,30.417327688486782,0.818233597427845,0.3249130699550733,0.004136679694056511
hevc_ParkScene_f0160,HEVC_B,ParkScene,test,0.1,0.1001129150390625,0.01,2028,1fc6763432dc7a432ffe90a27a6835bf1ef30fbc8ad55ea3912314a9ae314a4d,adjoint,27.44123609360623,0.6524537884283811,0.00020325405057519674,0.0029237279668450356
hevc_ParkScene_f0160,HEVC_B,ParkScene,test,0.1,0.1001129150390625,0.01,2028,1fc6763432dc7a432ffe90a27a6835bf1ef30fbc8ad55ea3912314a9ae314a4d,fista_dct,27.801111926944557,0.6760095383015051,0.3571658260188997,0.001120606204494834
hevc_ParkScene_f0160,HEVC_B,ParkScene,test,0.1,0.1001129150390625,0.01,2028,1fc6763432dc7a432ffe90a27a6835bf1ef30fbc8ad55ea3912314a9ae314a4d,hqs,30.34829355637841,0.8172966022071838,0.3228371819714084,0.002477040281519294
hevc_ParkScene_f0160,HEVC_B,ParkScene,test,0.1,0.1001129150390625,0.01,2028,1fc6763432dc7a432ffe90a27a6835bf1ef30fbc8ad55ea3912314a9ae314a4d,admm,30.421943629870864,0.8176726591641903,0.32344219100195915,0.004077714402228594
hevc_ParkScene_f0160,HEVC_B,ParkScene,test,0.1,0.1001129150390625,0.05,2026,6b7478b705ef2839fe82c567688f9d05b963ce608ba9f50b439b6a3ff3d6d988,adjoint,26.789878059789917,0.6073149021098427,0.00020672695245593786,0.002920380560681224
hevc_ParkScene_f0160,HEVC_B,ParkScene,test,0.1,0.1001129150390625,0.05,2026,6b7478b705ef2839fe82c567688f9d05b963ce608ba9f50b439b6a3ff3d6d988,fista_dct,26.714750416390444,0.6053169190442503,0.3582781639415771,0.00112149550113827
hevc_ParkScene_f0160,HEVC_B,ParkScene,test,0.1,0.1001129150390625,0.05,2026,6b7478b705ef2839fe82c567688f9d05b963ce608ba9f50b439b6a3ff3d6d988,hqs,28.65502794037908,0.7341580978100299,0.32112342200707644,0.0026124869473278522
hevc_ParkScene_f0160,HEVC_B,ParkScene,test,0.1,0.1001129150390625,0.05,2026,6b7478b705ef2839fe82c567688f9d05b963ce608ba9f50b439b6a3ff3d6d988,admm,28.7776221563924,0.7417458452026844,0.32081096805632114,0.0051269023679196835
hevc_ParkScene_f0160,HEVC_B,ParkScene,test,0.1,0.1001129150390625,0.05,2027,d1fbe0233522be84b84f293ea67f35acf54fa7fb8575bb4fc3969bb925ef90f4,adjoint,26.79458216668355,0.6060510838697487,0.00023425102699548006,0.002923837397247553
hevc_ParkScene_f0160,HEVC_B,ParkScene,test,0.1,0.1001129150390625,0.05,2027,d1fbe0233522be84b84f293ea67f35acf54fa7fb8575bb4fc3969bb925ef90f4,fista_dct,26.737664582142212,0.6064118970502391,0.3533687220187858,0.0011173953535035253
hevc_ParkScene_f0160,HEVC_B,ParkScene,test,0.1,0.1001129150390625,0.05,2027,d1fbe0233522be84b84f293ea67f35acf54fa7fb8575bb4fc3969bb925ef90f4,hqs,28.676867359462662,0.7349954843200445,0.32581092102918774,0.0024083885364234447
hevc_ParkScene_f0160,HEVC_B,ParkScene,test,0.1,0.1001129150390625,0.05,2027,d1fbe0233522be84b84f293ea67f35acf54fa7fb8575bb4fc3969bb925ef90f4,admm,28.79267309853862,0.7426506829708368,0.3236096289474517,0.005517223849892616
hevc_ParkScene_f0160,HEVC_B,ParkScene,test,0.1,0.1001129150390625,0.05,2028,ec5809634e5d49e1f723453fe8b436cbd3b92ec0de4feff4e20ff4c4861e8544,adjoint,26.785969444733,0.607302525885499,0.00020889495499432087,0.00292093469761312
hevc_ParkScene_f0160,HEVC_B,ParkScene,test,0.1,0.1001129150390625,0.05,2028,ec5809634e5d49e1f723453fe8b436cbd3b92ec0de4feff4e20ff4c4861e8544,fista_dct,26.734251538832602,0.6075306481047985,0.34991721098776907,0.0011198975844308734
hevc_ParkScene_f0160,HEVC_B,ParkScene,test,0.1,0.1001129150390625,0.05,2028,ec5809634e5d49e1f723453fe8b436cbd3b92ec0de4feff4e20ff4c4861e8544,hqs,28.643837390102295,0.7328863372709751,0.3261447590775788,0.002421095734462142
hevc_ParkScene_f0160,HEVC_B,ParkScene,test,0.1,0.1001129150390625,0.05,2028,ec5809634e5d49e1f723453fe8b436cbd3b92ec0de4feff4e20ff4c4861e8544,admm,28.729258257647132,0.7396576488783956,0.3262727069668472,0.0047646621242165565
hevc_FourPeople_f0000,HEVC_E,FourPeople,test,0.01,0.01031494140625,0.0,2026,98c57e198d90f3560b1f3b1e18a1d95881d0520338ab813f24f361a6b257d9b2,adjoint,20.996171199893944,0.3797061913688669,0.00013228098396211863,0.0017349544214084744
hevc_FourPeople_f0000,HEVC_E,FourPeople,test,0.01,0.01031494140625,0.0,2026,98c57e198d90f3560b1f3b1e18a1d95881d0520338ab813f24f361a6b257d9b2,fista_dct,21.72422169027323,0.4984771738404471,0.31356509996112436,0.0004960088990628719
hevc_FourPeople_f0000,HEVC_E,FourPeople,test,0.01,0.01031494140625,0.0,2026,98c57e198d90f3560b1f3b1e18a1d95881d0520338ab813f24f361a6b257d9b2,hqs,23.6990447416962,0.6818762471465335,0.32814652600791305,0.003980065230280161
hevc_FourPeople_f0000,HEVC_E,FourPeople,test,0.01,0.01031494140625,0.0,2026,98c57e198d90f3560b1f3b1e18a1d95881d0520338ab813f24f361a6b257d9b2,admm,23.715237322292637,0.685127367555557,0.3254289079923183,0.006918015424162149
hevc_FourPeople_f0000,HEVC_E,FourPeople,test,0.04,0.041259765625,0.0,2026,42a35d0943d1f920fd27073780a6d6d2091e9761f3bf620958454d76169b656d,adjoint,23.453983597497846,0.4978416622279086,0.00017369398847222328,0.0023278160952031612
hevc_FourPeople_f0000,HEVC_E,FourPeople,test,0.04,0.041259765625,0.0,2026,42a35d0943d1f920fd27073780a6d6d2091e9761f3bf620958454d76169b656d,fista_dct,24.3064728725497,0.5720762565722392,0.3305782360257581,0.0007414821302518249
hevc_FourPeople_f0000,HEVC_E,FourPeople,test,0.04,0.041259765625,0.0,2026,42a35d0943d1f920fd27073780a6d6d2091e9761f3bf620958454d76169b656d,hqs,28.87066367422454,0.8750212232647836,0.3264438649639487,0.003566376632079482
hevc_FourPeople_f0000,HEVC_E,FourPeople,test,0.04,0.041259765625,0.0,2026,42a35d0943d1f920fd27073780a6d6d2091e9761f3bf620958454d76169b656d,admm,28.967588977927893,0.87647335632056,0.32471169310156256,0.005226109176874161
hevc_FourPeople_f0000,HEVC_E,FourPeople,test,0.1,0.1001129150390625,0.0,2026,9ba1d01a92742cfb02099d2c065eedac66b6483d48ad6aa69d8ce0cc2d28520b,adjoint,25.503487363722268,0.5995511064330283,0.00020352192223072052,0.0028544440865516663
hevc_FourPeople_f0000,HEVC_E,FourPeople,test,0.1,0.1001129150390625,0.0,2026,9ba1d01a92742cfb02099d2c065eedac66b6483d48ad6aa69d8ce0cc2d28520b,fista_dct,26.67659404601598,0.6747211086205337,0.3549896170152351,0.000862826535012573
hevc_FourPeople_f0000,HEVC_E,FourPeople,test,0.1,0.1001129150390625,0.0,2026,9ba1d01a92742cfb02099d2c065eedac66b6483d48ad6aa69d8ce0cc2d28520b,hqs,32.731516703062795,0.9455336523323059,0.324288483010605,0.0032842732034623623
hevc_FourPeople_f0000,HEVC_E,FourPeople,test,0.1,0.1001129150390625,0.0,2026,9ba1d01a92742cfb02099d2c065eedac66b6483d48ad6aa69d8ce0cc2d28520b,admm,32.838150863439736,0.9463303631811142,0.32502854196354747,0.004216180182993412
hevc_FourPeople_f0000,HEVC_E,FourPeople,test,0.25,0.25,0.0,2026,c08eb4cb476a022c8033f159c816078af99d2e8bcdce53f2c5eaea7cbc5a6ae8,adjoint,28.36796995773743,0.7328906421476901,0.0002251280238851905,0.0035864701494574547
hevc_FourPeople_f0000,HEVC_E,FourPeople,test,0.25,0.25,0.0,2026,c08eb4cb476a022c8033f159c816078af99d2e8bcdce53f2c5eaea7cbc5a6ae8,fista_dct,29.94082538272145,0.8099871178209782,0.3718283859780058,0.0012861160794273019
hevc_FourPeople_f0000,HEVC_E,FourPeople,test,0.25,0.25,0.0,2026,c08eb4cb476a022c8033f159c816078af99d2e8bcdce53f2c5eaea7cbc5a6ae8,hqs,39.618462660288024,0.9863236230211258,0.3515536240302026,0.0023575578816235065
hevc_FourPeople_f0000,HEVC_E,FourPeople,test,0.25,0.25,0.0,2026,c08eb4cb476a022c8033f159c816078af99d2e8bcdce53f2c5eaea7cbc5a6ae8,admm,39.59121039257799,0.9860632669477463,0.35962319595273584,0.002734073204919696
hevc_FourPeople_f0000,HEVC_E,FourPeople,test,0.5,0.4998931884765625,0.0,2026,9d4a98487e37d0744882a70fb560a54c9adda0ab85fa18579789797b2b043961,adjoint,31.51124702224309,0.8306754770035744,0.0003306521102786064,0.004631289280951023
hevc_FourPeople_f0000,HEVC_E,FourPeople,test,0.5,0.4998931884765625,0.0,2026,9d4a98487e37d0744882a70fb560a54c9adda0ab85fa18579789797b2b043961,fista_dct,33.17164801895541,0.884734739025116,0.4359874719521031,0.0016937945038080215
hevc_FourPeople_f0000,HEVC_E,FourPeople,test,0.5,0.4998931884765625,0.0,2026,9d4a98487e37d0744882a70fb560a54c9adda0ab85fa18579789797b2b043961,hqs,46.838800800077934,0.9959477300844193,0.3242451229598373,0.0013868121895939112
hevc_FourPeople_f0000,HEVC_E,FourPeople,test,0.5,0.4998931884765625,0.0,2026,9d4a98487e37d0744882a70fb560a54c9adda0ab85fa18579789797b2b043961,admm,46.864435029231196,0.9958400229444504,0.32647931703832,0.0017808075062930584
hevc_FourPeople_f0000,HEVC_E,FourPeople,test,0.1,0.1001129150390625,0.01,2026,e118bd1bea93203bb957e0a5d306387a413e8111bbe5b829de408a77d5ecd78c,adjoint,25.472443755968428,0.5968584547019696,0.00021102605387568474,0.0028537947218865156
hevc_FourPeople_f0000,HEVC_E,FourPeople,test,0.1,0.1001129150390625,0.01,2026,e118bd1bea93203bb957e0a5d306387a413e8111bbe5b829de408a77d5ecd78c,fista_dct,26.61662955930165,0.6698340385851264,0.4155129089485854,0.0008618656429462135
hevc_FourPeople_f0000,HEVC_E,FourPeople,test,0.1,0.1001129150390625,0.01,2026,e118bd1bea93203bb957e0a5d306387a413e8111bbe5b829de408a77d5ecd78c,hqs,32.07913291161041,0.9350051434755325,0.34711816103663296,0.002680444624274969
hevc_FourPeople_f0000,HEVC_E,FourPeople,test,0.1,0.1001129150390625,0.01,2026,e118bd1bea93203bb957e0a5d306387a413e8111bbe5b829de408a77d5ecd78c,admm,32.25538988104415,0.9386885007557869,0.34191483492031693,0.0043618460185825825
hevc_FourPeople_f0000,HEVC_E,FourPeople,test,0.1,0.1001129150390625,0.01,2027,9c51c13543d1cff60153804c5da80a76cf6470ec7b9468c88babd5a3f8a6559d,adjoint,25.474013668833603,0.5972464720270261,0.0002310710260644555,0.0028549327980726957
hevc_FourPeople_f0000,HEVC_E,FourPeople,test,0.1,0.1001129150390625,0.01,2027,9c51c13543d1cff60153804c5da80a76cf6470ec7b9468c88babd5a3f8a6559d,fista_dct,26.628269447294972,0.6717768452820554,0.351215819013305,0.0008604054455645382
hevc_FourPeople_f0000,HEVC_E,FourPeople,test,0.1,0.1001129150390625,0.01,2027,9c51c13543d1cff60153804c5da80a76cf6470ec7b9468c88babd5a3f8a6559d,hqs,31.941267969833902,0.9339155029530525,0.32330371998250484,0.0025893428828567266
hevc_FourPeople_f0000,HEVC_E,FourPeople,test,0.1,0.1001129150390625,0.01,2027,9c51c13543d1cff60153804c5da80a76cf6470ec7b9468c88babd5a3f8a6559d,admm,32.14917831063904,0.938023062328577,0.32181831100024283,0.004306935239583254
hevc_FourPeople_f0000,HEVC_E,FourPeople,test,0.1,0.1001129150390625,0.01,2028,150b276000348ce04cf82d7ce1f560e65c3b425392c252970a7be872907e082d,adjoint,25.47252903690094,0.5971635125464256,0.0001793460687622428,0.002853930927813053
hevc_FourPeople_f0000,HEVC_E,FourPeople,test,0.1,0.1001129150390625,0.01,2028,150b276000348ce04cf82d7ce1f560e65c3b425392c252970a7be872907e082d,fista_dct,26.594831483921133,0.6684986205937273,0.35421133192721754,0.0008623359026387334
hevc_FourPeople_f0000,HEVC_E,FourPeople,test,0.1,0.1001129150390625,0.01,2028,150b276000348ce04cf82d7ce1f560e65c3b425392c252970a7be872907e082d,hqs,32.037121446182496,0.9346604167950153,0.3230902779614553,0.0026548400055617094
hevc_FourPeople_f0000,HEVC_E,FourPeople,test,0.1,0.1001129150390625,0.01,2028,150b276000348ce04cf82d7ce1f560e65c3b425392c252970a7be872907e082d,admm,32.226945085807095,0.938631630027771,0.3230454199947417,0.004319244995713234
hevc_FourPeople_f0000,HEVC_E,FourPeople,test,0.1,0.1001129150390625,0.05,2026,f03ea569d3c6eca6c0abdce46572bc63584f4c56c97797426c25fb053fd69741,adjoint,24.794202322512426,0.5472756808144464,0.00019172008614987135,0.0028590080328285694
hevc_FourPeople_f0000,HEVC_E,FourPeople,test,0.1,0.1001129150390625,0.05,2026,f03ea569d3c6eca6c0abdce46572bc63584f4c56c97797426c25fb053fd69741,fista_dct,25.27943493551853,0.5757957547351895,0.35086759203113616,0.0011366100516170263
hevc_FourPeople_f0000,HEVC_E,FourPeople,test,0.1,0.1001129150390625,0.05,2026,f03ea569d3c6eca6c0abdce46572bc63584f4c56c97797426c25fb053fd69741,hqs,28.341785873147984,0.7823545235496759,0.3228695800062269,0.002750673098489642
hevc_FourPeople_f0000,HEVC_E,FourPeople,test,0.1,0.1001129150390625,0.05,2026,f03ea569d3c6eca6c0abdce46572bc63584f4c56c97797426c25fb053fd69741,admm,28.443458834167096,0.7954122414407767,0.32302379596512765,0.004275479353964329
hevc_FourPeople_f0000,HEVC_E,FourPeople,test,0.1,0.1001129150390625,0.05,2027,d896e8078ea4c76979ccd560f546f6af53edbee0fcdadff186b00a5704d029a3,adjoint,24.810718858340557,0.5500332267814595,0.00021494005341082811,0.002875332022085786
hevc_FourPeople_f0000,HEVC_E,FourPeople,test,0.1,0.1001129150390625,0.05,2027,d896e8078ea4c76979ccd560f546f6af53edbee0fcdadff186b00a5704d029a3,fista_dct,25.223345707772715,0.575273299231177,0.35373185097705573,0.0012272729072719812
hevc_FourPeople_f0000,HEVC_E,FourPeople,test,0.1,0.1001129150390625,0.05,2027,d896e8078ea4c76979ccd560f546f6af53edbee0fcdadff186b00a5704d029a3,hqs,28.232796158002845,0.7817934967263938,0.3230551929445937,0.0025208161678165197
hevc_FourPeople_f0000,HEVC_E,FourPeople,test,0.1,0.1001129150390625,0.05,2027,d896e8078ea4c76979ccd560f546f6af53edbee0fcdadff186b00a5704d029a3,admm,28.31296383806096,0.7938045523301362,0.32365746004506946,0.004228897392749786
hevc_FourPeople_f0000,HEVC_E,FourPeople,test,0.1,0.1001129150390625,0.05,2028,2e7ece02cc42cff8421cb6092f1c68b2bc9241e0f67a1bb00b2690a1eefef41f,adjoint,24.784934722345817,0.5482523278353764,0.00019492593128234148,0.0028649193700402975
hevc_FourPeople_f0000,HEVC_E,FourPeople,test,0.1,0.1001129150390625,0.05,2028,2e7ece02cc42cff8421cb6092f1c68b2bc9241e0f67a1bb00b2690a1eefef41f,fista_dct,25.20086169143587,0.570357797986618,0.3547122429590672,0.001110718701966107
hevc_FourPeople_f0000,HEVC_E,FourPeople,test,0.1,0.1001129150390625,0.05,2028,2e7ece02cc42cff8421cb6092f1c68b2bc9241e0f67a1bb00b2690a1eefef41f,hqs,28.227898810444024,0.7773068462475539,0.3226771380286664,0.0025934865698218346
hevc_FourPeople_f0000,HEVC_E,FourPeople,test,0.1,0.1001129150390625,0.05,2028,2e7ece02cc42cff8421cb6092f1c68b2bc9241e0f67a1bb00b2690a1eefef41f,admm,28.370144821310497,0.7932829726514854,0.32347261102404445,0.004256864544004202
hevc_FourPeople_f0200,HEVC_E,FourPeople,test,0.01,0.01031494140625,0.0,2026,ef02a4b9f1b84c56b5610d4d10666add9754d90d93945a8afbd471e02db5db2a,adjoint,20.952542992921146,0.3734204230385528,0.00011733104474842548,0.0017145659076049924
hevc_FourPeople_f0200,HEVC_E,FourPeople,test,0.01,0.01031494140625,0.0,2026,ef02a4b9f1b84c56b5610d4d10666add9754d90d93945a8afbd471e02db5db2a,fista_dct,21.76823489735524,0.5016465701440781,0.3186810410115868,0.0003650150028988719
hevc_FourPeople_f0200,HEVC_E,FourPeople,test,0.01,0.01031494140625,0.0,2026,ef02a4b9f1b84c56b5610d4d10666add9754d90d93945a8afbd471e02db5db2a,hqs,23.94048108907608,0.693825908342763,0.32265064504463226,0.003720013191923499
hevc_FourPeople_f0200,HEVC_E,FourPeople,test,0.01,0.01031494140625,0.0,2026,ef02a4b9f1b84c56b5610d4d10666add9754d90d93945a8afbd471e02db5db2a,admm,24.0654376078591,0.6994050355497833,0.3258471190929413,0.005498308222740889
hevc_FourPeople_f0200,HEVC_E,FourPeople,test,0.04,0.041259765625,0.0,2026,20401c6981013cf1a62fb18579ac235290e9d5f0c7385201b0fe0b969fa7545d,adjoint,23.58667827934488,0.5053868318797009,0.00023630401119589806,0.0023254917468875647
hevc_FourPeople_f0200,HEVC_E,FourPeople,test,0.04,0.041259765625,0.0,2026,20401c6981013cf1a62fb18579ac235290e9d5f0c7385201b0fe0b969fa7545d,fista_dct,24.680420478700867,0.5955579615771279,0.33247554302215576,0.000559100997634232
hevc_FourPeople_f0200,HEVC_E,FourPeople,test,0.04,0.041259765625,0.0,2026,20401c6981013cf1a62fb18579ac235290e9d5f0c7385201b0fe0b969fa7545d,hqs,29.262157460805017,0.8853293239350915,0.3274958530673757,0.00378902698867023
hevc_FourPeople_f0200,HEVC_E,FourPeople,test,0.04,0.041259765625,0.0,2026,20401c6981013cf1a62fb18579ac235290e9d5f0c7385201b0fe0b969fa7545d,admm,29.23246725804522,0.8842854189380407,0.3229768610326573,0.005308866500854492
hevc_FourPeople_f0200,HEVC_E,FourPeople,test,0.1,0.1001129150390625,0.0,2026,0429cb089558711871c231e115f5040286dede66c7ed9682e8f0dcabbc041e61,adjoint,25.669943750657627,0.6082304050507881,0.00021414505317807198,0.0028542224317789078
hevc_FourPeople_f0200,HEVC_E,FourPeople,test,0.1,0.1001129150390625,0.0,2026,0429cb089558711871c231e115f5040286dede66c7ed9682e8f0dcabbc041e61,fista_dct,26.911157000721524,0.6858018674287237,0.35994932998437434,0.0008570462232455611
hevc_FourPeople_f0200,HEVC_E,FourPeople,test,0.1,0.1001129150390625,0.0,2026,0429cb089558711871c231e115f5040286dede66c7ed9682e8f0dcabbc041e61,hqs,33.52905138333709,0.9544134727120399,0.35013916401658207,0.0033296961337327957
hevc_FourPeople_f0200,HEVC_E,FourPeople,test,0.1,0.1001129150390625,0.0,2026,0429cb089558711871c231e115f5040286dede66c7ed9682e8f0dcabbc041e61,admm,33.49784434246273,0.9535492262763977,0.34832478896714747,0.004074371885508299
hevc_FourPeople_f0200,HEVC_E,FourPeople,test,0.25,0.25,0.0,2026,343aed9beec2c2bdf29ad1ddd87dd9a373b0740da77dd896ea2c669278714334,adjoint,28.57299811491389,0.7410602541999817,0.0002705079969018698,0.003593186615034938
hevc_FourPeople_f0200,HEVC_E,FourPeople,test,0.25,0.25,0.0,2026,343aed9beec2c2bdf29ad1ddd87dd9a373b0740da77dd896ea2c669278714334,fista_dct,30.248771423803213,0.8202287120053768,0.42765393608715385,0.0012756164651364088
hevc_FourPeople_f0200,HEVC_E,FourPeople,test,0.25,0.25,0.0,2026,343aed9beec2c2bdf29ad1ddd87dd9a373b0740da77dd896ea2c669278714334,hqs,40.22372968364891,0.9875140265111924,0.38538873801007867,0.0020652494858950377
hevc_FourPeople_f0200,HEVC_E,FourPeople,test,0.25,0.25,0.0,2026,343aed9beec2c2bdf29ad1ddd87dd9a373b0740da77dd896ea2c669278714334,admm,40.18148565246407,0.9873003902282714,0.3873836889397353,0.0025771798100322485
hevc_FourPeople_f0200,HEVC_E,FourPeople,test,0.5,0.4998931884765625,0.0,2026,e3338e7553eb03d1b88368aa0ab95bfae10c147fdd44e0eddd8fc0553da12ca3,adjoint,31.760857481943823,0.8356558589801788,0.0004363550106063485,0.004630786366760731
hevc_FourPeople_f0200,HEVC_E,FourPeople,test,0.5,0.4998931884765625,0.0,2026,e3338e7553eb03d1b88368aa0ab95bfae10c147fdd44e0eddd8fc0553da12ca3,fista_dct,33.456165280596515,0.888954692873478,0.5037804710445926,0.0016848590457811952
hevc_FourPeople_f0200,HEVC_E,FourPeople,test,0.5,0.4998931884765625,0.0,2026,e3338e7553eb03d1b88368aa0ab95bfae10c147fdd44e0eddd8fc0553da12ca3,hqs,47.30062538074264,0.996219446275711,0.38780162401963025,0.0012576410081237555
hevc_FourPeople_f0200,HEVC_E,FourPeople,test,0.5,0.4998931884765625,0.0,2026,e3338e7553eb03d1b88368aa0ab95bfae10c147fdd44e0eddd8fc0553da12ca3,admm,47.258849751137,0.9961170787582397,0.3849431329872459,0.0016150909941643476
hevc_FourPeople_f0200,HEVC_E,FourPeople,test,0.1,0.1001129150390625,0.01,2026,81836ceae90d353b57e22ba925d9785e6616c20d660e845fc0e43b0ddab26c92,adjoint,25.637423159341708,0.605896420968717,0.0002518119290471077,0.002853996818885207
hevc_FourPeople_f0200,HEVC_E,FourPeople,test,0.1,0.1001129150390625,0.01,2026,81836ceae90d353b57e22ba925d9785e6616c20d660e845fc0e43b0ddab26c92,fista_dct,26.869610827065365,0.6842632382527292,0.39589443104341626,0.0008546391036361456
hevc_FourPeople_f0200,HEVC_E,FourPeople,test,0.1,0.1001129150390625,0.01,2026,81836ceae90d353b57e22ba925d9785e6616c20d660e845fc0e43b0ddab26c92,hqs,32.71664801316483,0.9428508703746795,0.344798321952112,0.002666354877874255
hevc_FourPeople_f0200,HEVC_E,FourPeople,test,0.1,0.1001129150390625,0.01,2026,81836ceae90d353b57e22ba925d9785e6616c20d660e845fc0e43b0ddab26c92,admm,32.813868180378975,0.9455889940207004,0.3542953369906172,0.004322635009884834
hevc_FourPeople_f0200,HEVC_E,FourPeople,test,0.1,0.1001129150390625,0.01,2027,ff5522d587a2bb49f01cff5790137e559cb539eb0cfab445507d710eff57ca53,adjoint,25.638371151021452,0.6059652922862233,0.0002833940088748932,0.0028543230146169662
hevc_FourPeople_f0200,HEVC_E,FourPeople,test,0.1,0.1001129150390625,0.01,2027,ff5522d587a2bb49f01cff5790137e559cb539eb0cfab445507d710eff57ca53,fista_dct,26.902296957017107,0.6857281084740311,0.40296103397849947,0.0008557395194657147
hevc_FourPeople_f0200,HEVC_E,FourPeople,test,0.1,0.1001129150390625,0.01,2027,ff5522d587a2bb49f01cff5790137e559cb539eb0cfab445507d710eff57ca53,hqs,32.71646547113509,0.9423614116122723,0.3504964760504663,0.0025654886849224567
hevc_FourPeople_f0200,HEVC_E,FourPeople,test,0.1,0.1001129150390625,0.01,2027,ff5522d587a2bb49f01cff5790137e559cb539eb0cfab445507d710eff57ca53,admm,32.820686347535315,0.9453845940785408,0.3492269649868831,0.00416471716016531
hevc_FourPeople_f0200,HEVC_E,FourPeople,test,0.1,0.1001129150390625,0.01,2028,faa1e10046c9727dcc6ac50245d3770bbd92f061937cf5781907455f7a067630,adjoint,25.636195099712673,0.6062059589080159,0.00027316296473145485,0.002854009624570608
hevc_FourPeople_f0200,HEVC_E,FourPeople,test,0.1,0.1001129150390625,0.01,2028,faa1e10046c9727dcc6ac50245d3770bbd92f061937cf5781907455f7a067630,fista_dct,26.892070015571456,0.6854184166201577,0.39638345304410905,0.0008584553143009543
hevc_FourPeople_f0200,HEVC_E,FourPeople,test,0.1,0.1001129150390625,0.01,2028,faa1e10046c9727dcc6ac50245d3770bbd92f061937cf5781907455f7a067630,hqs,32.6815503789997,0.9426543092031479,0.35217428707983345,0.002813111525028944
hevc_FourPeople_f0200,HEVC_E,FourPeople,test,0.1,0.1001129150390625,0.01,2028,faa1e10046c9727dcc6ac50245d3770bbd92f061937cf5781907455f7a067630,admm,32.75053760088289,0.94457161130476,0.351140922983177,0.0044030239805579185
hevc_FourPeople_f0200,HEVC_E,FourPeople,test,0.1,0.1001129150390625,0.05,2026,7d27840c7deffc55034d89169f6308c3a4a3b30e364fa20bcb5a3e4a1df782b2,adjoint,24.918190106547463,0.5564438076551217,0.00027833099011331797,0.002862896304577589
hevc_FourPeople_f0200,HEVC_E,FourPeople,test,0.1,0.1001129150390625,0.05,2026,7d27840c7deffc55034d89169f6308c3a4a3b30e364fa20bcb5a3e4a1df782b2,fista_dct,25.521220958197777,0.5892469923391268,0.3924873759970069,0.0010584358824416995
hevc_FourPeople_f0200,HEVC_E,FourPeople,test,0.1,0.1001129150390625,0.05,2026,7d27840c7deffc55034d89169f6308c3a4a3b30e364fa20bcb5a3e4a1df782b2,hqs,28.48776636437457,0.7833115748403072,0.3478895330335945,0.002338831312954426
hevc_FourPeople_f0200,HEVC_E,FourPeople,test,0.1,0.1001129150390625,0.05,2026,7d27840c7deffc55034d89169f6308c3a4a3b30e364fa20bcb5a3e4a1df782b2,admm,28.622517166466167,0.797109189997673,0.3470803149975836,0.0042952303774654865
hevc_FourPeople_f0200,HEVC_E,FourPeople,test,0.1,0.1001129150390625,0.05,2027,1ca94e9372e1b4278547d4102e273b1f99991e0430073a4b66a6746300d86cba,adjoint,24.93965121727276,0.5567367747485814,0.0003009410575032234,0.0028659282252192497
hevc_FourPeople_f0200,HEVC_E,FourPeople,test,0.1,0.1001129150390625,0.05,2027,1ca94e9372e1b4278547d4102e273b1f99991e0430073a4b66a6746300d86cba,fista_dct,25.588137420449442,0.5975164920640476,0.39668366499245167,0.001062085502780974
hevc_FourPeople_f0200,HEVC_E,FourPeople,test,0.1,0.1001129150390625,0.05,2027,1ca94e9372e1b4278547d4102e273b1f99991e0430073a4b66a6746300d86cba,hqs,28.5288859280066,0.7786884449518919,0.3507875419454649,0.0023446292616426945
hevc_FourPeople_f0200,HEVC_E,FourPeople,test,0.1,0.1001129150390625,0.05,2027,1ca94e9372e1b4278547d4102e273b1f99991e0430073a4b66a6746300d86cba,admm,28.66790809144195,0.7942781014081239,0.3457235009409487,0.004384261555969715
hevc_FourPeople_f0200,HEVC_E,FourPeople,test,0.1,0.1001129150390625,0.05,2028,fa37b4340711dabedc90da626b167fdd8df86782c0860db09805834e355fb75c,adjoint,24.902236448999822,0.5559942770772409,0.0002898729871958494,0.002871768781915307
hevc_FourPeople_f0200,HEVC_E,FourPeople,test,0.1,0.1001129150390625,0.05,2028,fa37b4340711dabedc90da626b167fdd8df86782c0860db09805834e355fb75c,fista_dct,25.43709601643034,0.5866751297406815,0.3950318139977753,0.00104717502836138
hevc_FourPeople_f0200,HEVC_E,FourPeople,test,0.1,0.1001129150390625,0.05,2028,fa37b4340711dabedc90da626b167fdd8df86782c0860db09805834e355fb75c,hqs,28.49010941236164,0.781543754093647,0.35055074002593756,0.0024115927517414093
hevc_FourPeople_f0200,HEVC_E,FourPeople,test,0.1,0.1001129150390625,0.05,2028,fa37b4340711dabedc90da626b167fdd8df86782c0860db09805834e355fb75c,admm,28.62370278879288,0.798119539569974,0.34808478597551584,0.004691679030656815
hevc_FourPeople_f0400,HEVC_E,FourPeople,test,0.01,0.01031494140625,0.0,2026,51862ca6adfa333cd6da30cd7a53f9754ac70785c3804d1529d8062be3df8887,adjoint,20.8652800245649,0.3708085715670845,0.0001512730959802866,0.001730454503558576
hevc_FourPeople_f0400,HEVC_E,FourPeople,test,0.01,0.01031494140625,0.0,2026,51862ca6adfa333cd6da30cd7a53f9754ac70785c3804d1529d8062be3df8887,fista_dct,21.707405972443723,0.506546738258759,0.3415415610652417,0.0005562623264268041
hevc_FourPeople_f0400,HEVC_E,FourPeople,test,0.01,0.01031494140625,0.0,2026,51862ca6adfa333cd6da30cd7a53f9754ac70785c3804d1529d8062be3df8887,hqs,23.71636814843057,0.6854304006037025,0.3486759749939665,0.003934003878384829
hevc_FourPeople_f0400,HEVC_E,FourPeople,test,0.01,0.01031494140625,0.0,2026,51862ca6adfa333cd6da30cd7a53f9754ac70785c3804d1529d8062be3df8887,admm,23.889332862891788,0.6927744051493016,0.345322945038788,0.005749513860791922
hevc_FourPeople_f0400,HEVC_E,FourPeople,test,0.04,0.041259765625,0.0,2026,3dc9fb855b55533489727889113880b9a4c0687314f212809690aeeefea93364,adjoint,23.549635605732362,0.49859974802505785,0.0002090809866786003,0.002345181768760085
hevc_FourPeople_f0400,HEVC_E,FourPeople,test,0.04,0.041259765625,0.0,2026,3dc9fb855b55533489727889113880b9a4c0687314f212809690aeeefea93364,fista_dct,24.540653901872922,0.5822884542552614,0.35658768797293305,0.0005953963845968246
hevc_FourPeople_f0400,HEVC_E,FourPeople,test,0.04,0.041259765625,0.0,2026,3dc9fb855b55533489727889113880b9a4c0687314f212809690aeeefea93364,hqs,29.127580120138038,0.8855752742798925,0.3480093970429152,0.004321788903325796
hevc_FourPeople_f0400,HEVC_E,FourPeople,test,0.04,0.041259765625,0.0,2026,3dc9fb855b55533489727889113880b9a4c0687314f212809690aeeefea93364,admm,29.136787995037267,0.8850175722143948,0.3459719269303605,0.005624508950859308
hevc_FourPeople_f0400,HEVC_E,FourPeople,test,0.1,0.1001129150390625,0.0,2026,33d5e5b7dd818f75553b7a9ee02cdc48cca5d2f6c6c6152a5484086faaeee30f,adjoint,25.597908961406468,0.6013698332829699,0.0002808400895446539,0.0028720421250909567
hevc_FourPeople_f0400,HEVC_E,FourPeople,test,0.1,0.1001129150390625,0.0,2026,33d5e5b7dd818f75553b7a9ee02cdc48cca5d2f6c6c6152a5484086faaeee30f,fista_dct,26.87421000148676,0.6829343044546694,0.3928138699848205,0.0008790898718871176
hevc_FourPeople_f0400,HEVC_E,FourPeople,test,0.1,0.1001129150390625,0.0,2026,33d5e5b7dd818f75553b7a9ee02cdc48cca5d2f6c6c6152a5484086faaeee30f,hqs,33.421481142213985,0.9532004153194428,0.34441377699840814,0.003303801640868187
hevc_FourPeople_f0400,HEVC_E,FourPeople,test,0.1,0.1001129150390625,0.0,2026,33d5e5b7dd818f75553b7a9ee02cdc48cca5d2f6c6c6152a5484086faaeee30f,admm,33.420110347346004,0.9529402116646767,0.3452863940037787,0.0042327516712248325
hevc_FourPeople_f0400,HEVC_E,FourPeople,test,0.25,0.25,0.0,2026,cb490b62acb832e333cc2c4a10724935f7b91d3e9dacc2f8fff2f7cb7e44a749,adjoint,28.526435118137794,0.736091452203542,0.0003681520465761423,0.003603824181482196
hevc_FourPeople_f0400,HEVC_E,FourPeople,test,0.25,0.25,0.0,2026,cb490b62acb832e333cc2c4a10724935f7b91d3e9dacc2f8fff2f7cb7e44a749,fista_dct,30.085529748963012,0.8109403351421356,0.42700996494386345,0.0013152321334928274
hevc_FourPeople_f0400,HEVC_E,FourPeople,test,0.25,0.25,0.0,2026,cb490b62acb832e333cc2c4a10724935f7b91d3e9dacc2f8fff2f7cb7e44a749,hqs,40.23942690170638,0.9877956484270096,0.34918125602416694,0.0021249321289360523
hevc_FourPeople_f0400,HEVC_E,FourPeople,test,0.25,0.25,0.0,2026,cb490b62acb832e333cc2c4a10724935f7b91d3e9dacc2f8fff2f7cb7e44a749,admm,40.147625451300485,0.9874522891607285,0.3510343059897423,0.002662998391315341
hevc_FourPeople_f0400,HEVC_E,FourPeople,test,0.5,0.4998931884765625,0.0,2026,b1b0ff0c33692a144bf551d22439534ab21fda07ab24e7fd3c6ce62ff632d41c,adjoint,31.75875085693372,0.8309377815570831,0.0004823500057682395,0.004635758697986603
hevc_FourPeople_f0400,HEVC_E,FourPeople,test,0.5,0.4998931884765625,0.0,2026,b1b0ff0c33692a144bf551d22439534ab21fda07ab24e7fd3c6ce62ff632d41c,fista_dct,33.34807048292839,0.884297063079834,0.49508499109651893,0.0017352866707369685
hevc_FourPeople_f0400,HEVC_E,FourPeople,test,0.5,0.4998931884765625,0.0,2026,b1b0ff0c33692a144bf551d22439534ab21fda07ab24e7fd3c6ce62ff632d41c,hqs,47.39573437099796,0.9962185518445968,0.34550699894316494,0.0012922125170007348
hevc_FourPeople_f0400,HEVC_E,FourPeople,test,0.5,0.4998931884765625,0.0,2026,b1b0ff0c33692a144bf551d22439534ab21fda07ab24e7fd3c6ce62ff632d41c,admm,47.38910676825475,0.9961181036319733,0.3493097050813958,0.0016591005260124803
hevc_FourPeople_f0400,HEVC_E,FourPeople,test,0.1,0.1001129150390625,0.01,2026,4ae2388cb6a858f206a22e42df6d4a4f8c5dc90cf2cba49ea7a6fb45a070ad68,adjoint,25.566618580363375,0.5993438303994462,0.00025108992122113705,0.002872616983950138
hevc_FourPeople_f0400,HEVC_E,FourPeople,test,0.1,0.1001129150390625,0.01,2026,4ae2388cb6a858f206a22e42df6d4a4f8c5dc90cf2cba49ea7a6fb45a070ad68,fista_dct,26.811730260005806,0.6772437297261991,0.3936419009696692,0.00088309874990955
hevc_FourPeople_f0400,HEVC_E,FourPeople,test,0.1,0.1001129150390625,0.01,2026,4ae2388cb6a858f206a22e42df6d4a4f8c5dc90cf2cba49ea7a6fb45a070ad68,hqs,32.594737098049904,0.9410665225057602,0.3431664729723707,0.002747001126408577
hevc_FourPeople_f0400,HEVC_E,FourPeople,test,0.1,0.1001129150390625,0.01,2026,4ae2388cb6a858f206a22e42df6d4a4f8c5dc90cf2cba49ea7a6fb45a070ad68,admm,32.673218134198564,0.9436002310259343,0.3472760790027678,0.0045171454548835754
hevc_FourPeople_f0400,HEVC_E,FourPeople,test,0.1,0.1001129150390625,0.01,2027,0c986b259a47c7bb4a8b26bcff958b19bf779cd31311cf7faecb715ac11054cf,adjoint,25.567171968711122,0.5989064139428623,0.0002848509466275573,0.0028719010297209024
hevc_FourPeople_f0400,HEVC_E,FourPeople,test,0.1,0.1001129150390625,0.01,2027,0c986b259a47c7bb4a8b26bcff958b19bf779cd31311cf7faecb715ac11054cf,fista_dct,26.84877959934144,0.6799623148027509,0.3937772089848295,0.0008806955884210765
hevc_FourPeople_f0400,HEVC_E,FourPeople,test,0.1,0.1001129150390625,0.01,2027,0c986b259a47c7bb4a8b26bcff958b19bf779cd31311cf7faecb715ac11054cf,hqs,32.668452384270985,0.9425865567133427,0.3506167590385303,0.002729427767917514
hevc_FourPeople_f0400,HEVC_E,FourPeople,test,0.1,0.1001129150390625,0.01,2027,0c986b259a47c7bb4a8b26bcff958b19bf779cd31311cf7faecb715ac11054cf,admm,32.74552867210306,0.9449282672235966,0.34584591595921665,0.0044240402057766914
hevc_FourPeople_f0400,HEVC_E,FourPeople,test,0.1,0.1001129150390625,0.01,2028,7be14b70d5c07c3ef36f5e554c30aa4bf8f2be43d7f3de78345240e5174e8b23,adjoint,25.568503721310943,0.5991146685909108,0.0002932900097221136,0.0028729885816574097
hevc_FourPeople_f0400,HEVC_E,FourPeople,test,0.1,0.1001129150390625,0.01,2028,7be14b70d5c07c3ef36f5e554c30aa4bf8f2be43d7f3de78345240e5174e8b23,fista_dct,26.826149539443488,0.6791755354494825,0.3980116490274668,0.0008807617123238742
hevc_FourPeople_f0400,HEVC_E,FourPeople,test,0.1,0.1001129150390625,0.01,2028,7be14b70d5c07c3ef36f5e554c30aa4bf8f2be43d7f3de78345240e5174e8b23,hqs,32.767211298013336,0.9434234478492737,0.3496789940400049,0.0027104925829917192
hevc_FourPeople_f0400,HEVC_E,FourPeople,test,0.1,0.1001129150390625,0.01,2028,7be14b70d5c07c3ef36f5e554c30aa4bf8f2be43d7f3de78345240e5174e8b23,admm,32.88287684139208,0.9462299152984619,0.3720644860295579,0.004520955495536327
hevc_FourPeople_f0400,HEVC_E,FourPeople,test,0.1,0.1001129150390625,0.05,2026,0f783db75cbf650f552ce3e513189b7c36165b38c65325fd76c78cc73902360d,adjoint,24.881760443194896,0.5519382553032213,0.00025025999639183283,0.0028980344068259
hevc_FourPeople_f0400,HEVC_E,FourPeople,test,0.1,0.1001129150390625,0.05,2026,0f783db75cbf650f552ce3e513189b7c36165b38c65325fd76c78cc73902360d,fista_dct,25.412967701126533,0.5844083292210922,0.39090260898228735,0.001297371811233461
hevc_FourPeople_f0400,HEVC_E,FourPeople,test,0.1,0.1001129150390625,0.05,2026,0f783db75cbf650f552ce3e513189b7c36165b38c65325fd76c78cc73902360d,hqs,28.574037257374528,0.7851775424998999,0.34289573109708726,0.00259441789239645
hevc_FourPeople_f0400,HEVC_E,FourPeople,test,0.1,0.1001129150390625,0.05,2026,0f783db75cbf650f552ce3e513189b7c36165b38c65325fd76c78cc73902360d,admm,28.71264465025932,0.8028743183534145,0.35093261499423534,0.004996936302632093
hevc_FourPeople_f0400,HEVC_E,FourPeople,test,0.1,0.1001129150390625,0.05,2027,adcd91488438a0b4bcae2f5056b577a7c95cd612a38e981d912be01a19a4bf55,adjoint,24.893078727780242,0.5507955814009597,0.0002786380937322974,0.0028881654143333435
hevc_FourPeople_f0400,HEVC_E,FourPeople,test,0.1,0.1001129150390625,0.05,2027,adcd91488438a0b4bcae2f5056b577a7c95cd612a38e981d912be01a19a4bf55,fista_dct,25.470499768646697,0.5859367380557098,0.40169050998520106,0.0010858073364943266
hevc_FourPeople_f0400,HEVC_E,FourPeople,test,0.1,0.1001129150390625,0.05,2027,adcd91488438a0b4bcae2f5056b577a7c95cd612a38e981d912be01a19a4bf55,hqs,28.564509612349482,0.7864457881957293,0.3446188650559634,0.002598968567326665
hevc_FourPeople_f0400,HEVC_E,FourPeople,test,0.1,0.1001129150390625,0.05,2027,adcd91488438a0b4bcae2f5056b577a7c95cd612a38e981d912be01a19a4bf55,admm,28.716979141771176,0.800885304815948,0.35033324803225696,0.004602584522217512
hevc_FourPeople_f0400,HEVC_E,FourPeople,test,0.1,0.1001129150390625,0.05,2028,f716071c6ce70cf9da70423b2e3866ece2fef66ca626654440baa7301c9f6366,adjoint,24.91146970750854,0.5528304731352003,0.00026428396813571453,0.0028864273335784674
hevc_FourPeople_f0400,HEVC_E,FourPeople,test,0.1,0.1001129150390625,0.05,2028,f716071c6ce70cf9da70423b2e3866ece2fef66ca626654440baa7301c9f6366,fista_dct,25.548590071391885,0.5922942626239005,0.40377647907007486,0.001402628724463284
hevc_FourPeople_f0400,HEVC_E,FourPeople,test,0.1,0.1001129150390625,0.05,2028,f716071c6ce70cf9da70423b2e3866ece2fef66ca626654440baa7301c9f6366,hqs,28.598061922820712,0.7939946174496431,0.4136547470698133,0.002681158948689699
hevc_FourPeople_f0400,HEVC_E,FourPeople,test,0.1,0.1001129150390625,0.05,2028,f716071c6ce70cf9da70423b2e3866ece2fef66ca626654440baa7301c9f6366,admm,28.73206502671306,0.8088515876006298,0.3757048920961097,0.004709170665591955
hevc_Johnny_f0000,HEVC_E,Johnny,test,0.01,0.01031494140625,0.0,2026,02c16f5ca948a75d9fad48eb666bc7bc5c5b243f68f6df8e0f2077ce0846de64,adjoint,20.4877156236605,0.3861534019651308,0.0001797770382836461,0.001875627669505775
hevc_Johnny_f0000,HEVC_E,Johnny,test,0.01,0.01031494140625,0.0,2026,02c16f5ca948a75d9fad48eb666bc7bc5c5b243f68f6df8e0f2077ce0846de64,fista_dct,21.53014312848289,0.539768629472167,0.346915815025568,0.0014967204770073295
hevc_Johnny_f0000,HEVC_E,Johnny,test,0.01,0.01031494140625,0.0,2026,02c16f5ca948a75d9fad48eb666bc7bc5c5b243f68f6df8e0f2077ce0846de64,hqs,24.713412927324697,0.7544415047973992,0.38243634602986276,0.006008162163197994
hevc_Johnny_f0000,HEVC_E,Johnny,test,0.01,0.01031494140625,0.0,2026,02c16f5ca948a75d9fad48eb666bc7bc5c5b243f68f6df8e0f2077ce0846de64,admm,24.780010756452203,0.7543259860797883,0.39152656705118716,0.0072189089842140675
hevc_Johnny_f0000,HEVC_E,Johnny,test,0.04,0.041259765625,0.0,2026,99dbcdaf94dc5b283dbde977346a451fffb8e6a1312a6865711704cc07a73892,adjoint,23.311248486093174,0.4862707098023334,0.0002115449169650674,0.002381243510171771
hevc_Johnny_f0000,HEVC_E,Johnny,test,0.04,0.041259765625,0.0,2026,99dbcdaf94dc5b283dbde977346a451fffb8e6a1312a6865711704cc07a73892,fista_dct,24.78405300518621,0.6060311182730445,0.3617931288899854,0.0005970379570499063
hevc_Johnny_f0000,HEVC_E,Johnny,test,0.04,0.041259765625,0.0,2026,99dbcdaf94dc5b283dbde977346a451fffb8e6a1312a6865711704cc07a73892,hqs,31.396335272326642,0.9103831639075577,0.3822246629279107,0.003686823882162571
hevc_Johnny_f0000,HEVC_E,Johnny,test,0.04,0.041259765625,0.0,2026,99dbcdaf94dc5b283dbde977346a451fffb8e6a1312a6865711704cc07a73892,admm,31.48837868364749,0.9107148490290046,0.38618994096759707,0.004631910938769579
hevc_Johnny_f0000,HEVC_E,Johnny,test,0.1,0.1001129150390625,0.0,2026,4aafb4786886b7d63c895ff259eefb62120b5c4046eadcebd5f727f3958544cd,adjoint,25.505138676596243,0.5785361671934254,0.00028384500183165073,0.00286127720028162
hevc_Johnny_f0000,HEVC_E,Johnny,test,0.1,0.1001129150390625,0.0,2026,4aafb4786886b7d63c895ff259eefb62120b5c4046eadcebd5f727f3958544cd,fista_dct,27.277530499333167,0.680014099849872,0.40413278504274786,0.0007972572348080575
hevc_Johnny_f0000,HEVC_E,Johnny,test,0.1,0.1001129150390625,0.0,2026,4aafb4786886b7d63c895ff259eefb62120b5c4046eadcebd5f727f3958544cd,hqs,36.630607538704176,0.9561029012422562,0.38292551995255053,0.0023632398806512356
hevc_Johnny_f0000,HEVC_E,Johnny,test,0.1,0.1001129150390625,0.0,2026,4aafb4786886b7d63c895ff259eefb62120b5c4046eadcebd5f727f3958544cd,admm,36.608982848389395,0.9556932584996224,0.3472291480284184,0.0030207084491848946
hevc_Johnny_f0000,HEVC_E,Johnny,test,0.25,0.25,0.0,2026,d68377486351e2260748ead6e2f753721d7855428343e4f2781edc08e8d10b3f,adjoint,28.404255585675692,0.6923352548005786,0.0002372559392824769,0.0036240641493350267
hevc_Johnny_f0000,HEVC_E,Johnny,test,0.25,0.25,0.0,2026,d68377486351e2260748ead6e2f753721d7855428343e4f2781edc08e8d10b3f,fista_dct,31.30267425256498,0.8273189538275227,0.3779930400196463,0.0011824480025097728
hevc_Johnny_f0000,HEVC_E,Johnny,test,0.25,0.25,0.0,2026,d68377486351e2260748ead6e2f753721d7855428343e4f2781edc08e8d10b3f,hqs,41.95745858776032,0.9779578041362762,0.3249021189985797,0.0014258286682888865
hevc_Johnny_f0000,HEVC_E,Johnny,test,0.25,0.25,0.0,2026,d68377486351e2260748ead6e2f753721d7855428343e4f2781edc08e8d10b3f,admm,41.956691837699715,0.9776915765590668,0.3235692949965596,0.0018399183172732592
hevc_Johnny_f0000,HEVC_E,Johnny,test,0.5,0.4998931884765625,0.0,2026,ec3c713984713eceed7417979c37b20f7f2197c0fa94cf64e22aec47253e503b,adjoint,31.640359863809344,0.7984890840499401,0.0003260039957240224,0.0047155567444860935
hevc_Johnny_f0000,HEVC_E,Johnny,test,0.5,0.4998931884765625,0.0,2026,ec3c713984713eceed7417979c37b20f7f2197c0fa94cf64e22aec47253e503b,fista_dct,34.992273673567105,0.9043706882858277,0.43405374395661056,0.001555782277137041
hevc_Johnny_f0000,HEVC_E,Johnny,test,0.5,0.4998931884765625,0.0,2026,ec3c713984713eceed7417979c37b20f7f2197c0fa94cf64e22aec47253e503b,hqs,47.682045736277594,0.9932807815227509,0.3233752460218966,0.0010768508072942495
hevc_Johnny_f0000,HEVC_E,Johnny,test,0.5,0.4998931884765625,0.0,2026,ec3c713984713eceed7417979c37b20f7f2197c0fa94cf64e22aec47253e503b,admm,47.629628117312386,0.9931221054267884,0.32262392004486173,0.0013896991731598973
hevc_Johnny_f0000,HEVC_E,Johnny,test,0.1,0.1001129150390625,0.01,2026,b2cca18f9c9738f549333cbba510b3c9fbc927561096a3fde0b7d65f21b0e3c6,adjoint,25.467289142455066,0.5764200921693137,0.00021819898393005133,0.0028561758808791637
hevc_Johnny_f0000,HEVC_E,Johnny,test,0.1,0.1001129150390625,0.01,2026,b2cca18f9c9738f549333cbba510b3c9fbc927561096a3fde0b7d65f21b0e3c6,fista_dct,27.25164083085201,0.6782367210893053,0.3512101210653782,0.000796950189396739
hevc_Johnny_f0000,HEVC_E,Johnny,test,0.1,0.1001129150390625,0.01,2026,b2cca18f9c9738f549333cbba510b3c9fbc927561096a3fde0b7d65f21b0e3c6,hqs,35.15584844630848,0.9436380969128608,0.33752577600535005,0.0019820556044578552
hevc_Johnny_f0000,HEVC_E,Johnny,test,0.1,0.1001129150390625,0.01,2026,b2cca18f9c9738f549333cbba510b3c9fbc927561096a3fde0b7d65f21b0e3c6,admm,35.252451627016356,0.9462154528284072,0.34365924692247063,0.003245779313147068
hevc_Johnny_f0000,HEVC_E,Johnny,test,0.1,0.1001129150390625,0.01,2027,aca29a66ce132758a213bfb7f46901a8d94b4b6f37923dc472e4b74c9fcee4dd,adjoint,25.468490604789984,0.5755222730125417,0.00030894402880221605,0.002868108917027712
hevc_Johnny_f0000,HEVC_E,Johnny,test,0.1,0.1001129150390625,0.01,2027,aca29a66ce132758a213bfb7f46901a8d94b4b6f37923dc472e4b74c9fcee4dd,fista_dct,27.219896627425374,0.6772595326898303,0.40918535203672945,0.0008046383736655116
hevc_Johnny_f0000,HEVC_E,Johnny,test,0.1,0.1001129150390625,0.01,2027,aca29a66ce132758a213bfb7f46901a8d94b4b6f37923dc472e4b74c9fcee4dd,hqs,35.11634788514257,0.9425171553463936,0.34854902199003845,0.0019762192387133837
hevc_Johnny_f0000,HEVC_E,Johnny,test,0.1,0.1001129150390625,0.01,2027,aca29a66ce132758a213bfb7f46901a8d94b4b6f37923dc472e4b74c9fcee4dd,admm,35.28102258828008,0.9455952281780243,0.3424951590131968,0.003200562670826912
hevc_Johnny_f0000,HEVC_E,Johnny,test,0.1,0.1001129150390625,0.01,2028,baf075de0ac81b4c37963f08f7e7c4b7610125bd3ed1d66ca2e619aa5e0e0114,adjoint,25.46928937433218,0.5764152872894331,0.00032185507006943226,0.002860098145902157
hevc_Johnny_f0000,HEVC_E,Johnny,test,0.1,0.1001129150390625,0.01,2028,baf075de0ac81b4c37963f08f7e7c4b7610125bd3ed1d66ca2e619aa5e0e0114,fista_dct,27.189318202083044,0.673529469689368,0.392932738061063,0.0008057546801865101
hevc_Johnny_f0000,HEVC_E,Johnny,test,0.1,0.1001129150390625,0.01,2028,baf075de0ac81b4c37963f08f7e7c4b7610125bd3ed1d66ca2e619aa5e0e0114,hqs,35.16503331361257,0.9432512534689903,0.3408733510877937,0.0019385801861062646
hevc_Johnny_f0000,HEVC_E,Johnny,test,0.1,0.1001129150390625,0.01,2028,baf075de0ac81b4c37963f08f7e7c4b7610125bd3ed1d66ca2e619aa5e0e0114,admm,35.37069929393214,0.9462347539057732,0.3390895019983873,0.003184802597388625
hevc_Johnny_f0000,HEVC_E,Johnny,test,0.1,0.1001129150390625,0.05,2026,c97f64ca514e1a13e4e1a2bc48b31f37ae807990abf0970f92dadfe11b60e838,adjoint,24.65299603685206,0.523504422766833,0.00028314406517893076,0.0028568184934556484
hevc_Johnny_f0000,HEVC_E,Johnny,test,0.1,0.1001129150390625,0.05,2026,c97f64ca514e1a13e4e1a2bc48b31f37ae807990abf0970f92dadfe11b60e838,fista_dct,25.478753552572115,0.5644315889047962,0.3867085799574852,0.0010647987946867943
hevc_Johnny_f0000,HEVC_E,Johnny,test,0.1,0.1001129150390625,0.05,2026,c97f64ca514e1a13e4e1a2bc48b31f37ae807990abf0970f92dadfe11b60e838,hqs,29.078606863015175,0.7596055572350696,0.33923217793926597,0.0023952496703714132
hevc_Johnny_f0000,HEVC_E,Johnny,test,0.1,0.1001129150390625,0.05,2026,c97f64ca514e1a13e4e1a2bc48b31f37ae807990abf0970f92dadfe11b60e838,admm,29.23721998839829,0.7717314484553933,0.3414371919352561,0.003541115205734968
hevc_Johnny_f0000,HEVC_E,Johnny,test,0.1,0.1001129150390625,0.05,2027,6e299b1bbae0996d7ee79b5a3f7eca934e8030aaf1564dd15c3430cf297f52e2,adjoint,24.66280381806479,0.5198601205730657,0.0002462510019540787,0.0029413974843919277
hevc_Johnny_f0000,HEVC_E,Johnny,test,0.1,0.1001129150390625,0.05,2027,6e299b1bbae0996d7ee79b5a3f7eca934e8030aaf1564dd15c3430cf297f52e2,fista_dct,25.307354209894562,0.5506280413247845,0.39600835705641657,0.001338820206001401
hevc_Johnny_f0000,HEVC_E,Johnny,test,0.1,0.1001129150390625,0.05,2027,6e299b1bbae0996d7ee79b5a3f7eca934e8030aaf1564dd15c3430cf297f52e2,hqs,29.292999656600145,0.7615256951912641,0.3403425579890609,0.0021427145693451166
hevc_Johnny_f0000,HEVC_E,Johnny,test,0.1,0.1001129150390625,0.05,2027,6e299b1bbae0996d7ee79b5a3f7eca934e8030aaf1564dd15c3430cf297f52e2,admm,29.449520910710305,0.7733837987072318,0.34288687794469297,0.0033719043713063
hevc_Johnny_f0000,HEVC_E,Johnny,test,0.1,0.1001129150390625,0.05,2028,600a2aebe64ed3588ec9a10947b31ddb9845ddf22d2a97c992c3ad755c7abb31,adjoint,24.681754861301947,0.5245903027038439,0.00025734491646289825,0.0028726367745548487
hevc_Johnny_f0000,HEVC_E,Johnny,test,0.1,0.1001129150390625,0.05,2028,600a2aebe64ed3588ec9a10947b31ddb9845ddf22d2a97c992c3ad755c7abb31,fista_dct,25.517783455019938,0.5650759082137775,0.39636238804087043,0.0010683191940188408
hevc_Johnny_f0000,HEVC_E,Johnny,test,0.1,0.1001129150390625,0.05,2028,600a2aebe64ed3588ec9a10947b31ddb9845ddf22d2a97c992c3ad755c7abb31,hqs,29.28979523111262,0.7631332684870958,0.3440294279716909,0.0021878916304558516
hevc_Johnny_f0000,HEVC_E,Johnny,test,0.1,0.1001129150390625,0.05,2028,600a2aebe64ed3588ec9a10947b31ddb9845ddf22d2a97c992c3ad755c7abb31,admm,29.46669185902639,0.773834903894037,0.34134515398181975,0.0036624683998525143
hevc_Johnny_f0200,HEVC_E,Johnny,test,0.01,0.01031494140625,0.0,2026,accaf2658232d870e09fcd99598ee48dc256f780e7855169f5db9b178613eef8,adjoint,20.539191264732736,0.3852913104931317,0.0001716199330985546,0.0017991579370573163
hevc_Johnny_f0200,HEVC_E,Johnny,test,0.01,0.01031494140625,0.0,2026,accaf2658232d870e09fcd99598ee48dc256f780e7855169f5db9b178613eef8,fista_dct,21.28775075652227,0.5345318381086182,0.33630043594166636,0.002639759797602892
hevc_Johnny_f0200,HEVC_E,Johnny,test,0.01,0.01031494140625,0.0,2026,accaf2658232d870e09fcd99598ee48dc256f780e7855169f5db9b178613eef8,hqs,24.87348358379205,0.7573953274846726,0.34325581998564303,0.005392767023295164
hevc_Johnny_f0200,HEVC_E,Johnny,test,0.01,0.01031494140625,0.0,2026,accaf2658232d870e09fcd99598ee48dc256f780e7855169f5db9b178613eef8,admm,24.878112595985012,0.7581122063423981,0.3431125869974494,0.007183234207332134
hevc_Johnny_f0200,HEVC_E,Johnny,test,0.04,0.041259765625,0.0,2026,5179c07a779eaceb78e08b38bba8e5c5a6692d777ec07105f33237747b6019ee,adjoint,23.177362871347388,0.47378621776720997,0.0001913330052047968,0.0023829026613384485
hevc_Johnny_f0200,HEVC_E,Johnny,test,0.04,0.041259765625,0.0,2026,5179c07a779eaceb78e08b38bba8e5c5a6692d777ec07105f33237747b6019ee,fista_dct,24.6558604016925,0.5942949512574579,0.3599109420320019,0.0007303461316041648
hevc_Johnny_f0200,HEVC_E,Johnny,test,0.04,0.041259765625,0.0,2026,5179c07a779eaceb78e08b38bba8e5c5a6692d777ec07105f33237747b6019ee,hqs,31.28598703840212,0.9091301548331976,0.3456920690368861,0.0035768640227615833
hevc_Johnny_f0200,HEVC_E,Johnny,test,0.04,0.041259765625,0.0,2026,5179c07a779eaceb78e08b38bba8e5c5a6692d777ec07105f33237747b6019ee,admm,31.30977610968218,0.9086657928662449,0.34607799095101655,0.004780047107487917
hevc_Johnny_f0200,HEVC_E,Johnny,test,0.1,0.1001129150390625,0.0,2026,a07cf8a6983834cc6bb84a373510fda9903ab09e27d4671457c66260572a26de,adjoint,25.246676229663176,0.5629382457124568,0.00026701902970671654,0.002868490759283304
hevc_Johnny_f0200,HEVC_E,Johnny,test,0.1,0.1001129150390625,0.0,2026,a07cf8a6983834cc6bb84a373510fda9903ab09e27d4671457c66260572a26de,fista_dct,27.264081036313932,0.6882705224858224,0.40299790701828897,0.0007923662778921425
hevc_Johnny_f0200,HEVC_E,Johnny,test,0.1,0.1001129150390625,0.0,2026,a07cf8a6983834cc6bb84a373510fda9903ab09e27d4671457c66260572a26de,hqs,36.36166065526248,0.9554198018417358,0.3447235570056364,0.0023488232400268316
hevc_Johnny_f0200,HEVC_E,Johnny,test,0.1,0.1001129150390625,0.0,2026,a07cf8a6983834cc6bb84a373510fda9903ab09e27d4671457c66260572a26de,admm,36.40206674674824,0.9552443650097847,0.34533597191330045,0.0030668415129184723
hevc_Johnny_f0200,HEVC_E,Johnny,test,0.25,0.25,0.0,2026,8f704c23f4a009f52843f4361caf4e522c1952d2588f221201b3eeb0be2c058a,adjoint,28.128112259195156,0.6810024175007194,0.0003095199353992939,0.0036228124517947435
hevc_Johnny_f0200,HEVC_E,Johnny,test,0.25,0.25,0.0,2026,8f704c23f4a009f52843f4361caf4e522c1952d2588f221201b3eeb0be2c058a,fista_dct,31.112776056857406,0.8210576143466308,0.4356264550006017,0.0011705307988449931
hevc_Johnny_f0200,HEVC_E,Johnny,test,0.25,0.25,0.0,2026,8f704c23f4a009f52843f4361caf4e522c1952d2588f221201b3eeb0be2c058a,hqs,41.92642837955063,0.9776602508859634,0.348689439939335,0.0015303026884794235
hevc_Johnny_f0200,HEVC_E,Johnny,test,0.25,0.25,0.0,2026,8f704c23f4a009f52843f4361caf4e522c1952d2588f221201b3eeb0be2c058a,admm,41.92744582824918,0.9773564972219467,0.3453223949763924,0.00196810788474977
hevc_Johnny_f0200,HEVC_E,Johnny,test,0.5,0.4998931884765625,0.0,2026,73abf9871d840f6c4e03d60881c8cdfdbfaea255e0dc980d1b1e82ddbafaaf12,adjoint,31.404231844143673,0.7894130498542785,0.00043954700231552124,0.004718138836324215
hevc_Johnny_f0200,HEVC_E,Johnny,test,0.5,0.4998931884765625,0.0,2026,73abf9871d840f6c4e03d60881c8cdfdbfaea255e0dc980d1b1e82ddbafaaf12,fista_dct,34.65799286051468,0.8979880212349892,0.49449475889559835,0.0015464695170521736
hevc_Johnny_f0200,HEVC_E,Johnny,test,0.5,0.4998931884765625,0.0,2026,73abf9871d840f6c4e03d60881c8cdfdbfaea255e0dc980d1b1e82ddbafaaf12,hqs,47.4379246704282,0.9927740754261016,0.36839455005247146,0.0010784977348521352
hevc_Johnny_f0200,HEVC_E,Johnny,test,0.5,0.4998931884765625,0.0,2026,73abf9871d840f6c4e03d60881c8cdfdbfaea255e0dc980d1b1e82ddbafaaf12,admm,47.37068081725102,0.992557162355423,0.3479234029073268,0.0013661180855706334
hevc_Johnny_f0200,HEVC_E,Johnny,test,0.1,0.1001129150390625,0.01,2026,a8918604ca7cae1337d385872482cbceb06552a10b121e35e6c8613d17360655,adjoint,25.212413890197407,0.5611358520763973,0.0003105499781668186,0.002868383890017867
hevc_Johnny_f0200,HEVC_E,Johnny,test,0.1,0.1001129150390625,0.01,2026,a8918604ca7cae1337d385872482cbceb06552a10b121e35e6c8613d17360655,fista_dct,27.148937652233528,0.6806959804479014,0.4130746260052547,0.0007920928183011711
hevc_Johnny_f0200,HEVC_E,Johnny,test,0.1,0.1001129150390625,0.01,2026,a8918604ca7cae1337d385872482cbceb06552a10b121e35e6c8613d17360655,hqs,34.92718343976939,0.9423875622692108,0.3461144439643249,0.0019398784497752786
hevc_Johnny_f0200,HEVC_E,Johnny,test,0.1,0.1001129150390625,0.01,2026,a8918604ca7cae1337d385872482cbceb06552a10b121e35e6c8613d17360655,admm,35.11529437613546,0.9450503655762672,0.34401722997426987,0.003271471941843629
hevc_Johnny_f0200,HEVC_E,Johnny,test,0.1,0.1001129150390625,0.01,2027,f840f76fc09733514c771cc666a3f594b5341c89ef69704d5b099b5db7c571e4,adjoint,25.211632174085402,0.5606279309457642,0.0002779149217531085,0.002865605289116502
hevc_Johnny_f0200,HEVC_E,Johnny,test,0.1,0.1001129150390625,0.01,2027,f840f76fc09733514c771cc666a3f594b5341c89ef69704d5b099b5db7c571e4,fista_dct,27.2149122133764,0.6837736710915137,0.39830568595789373,0.000790041929576546
hevc_Johnny_f0200,HEVC_E,Johnny,test,0.1,0.1001129150390625,0.01,2027,f840f76fc09733514c771cc666a3f594b5341c89ef69704d5b099b5db7c571e4,hqs,35.00033030817065,0.9430129398317337,0.3442608199547976,0.002049253089353442
hevc_Johnny_f0200,HEVC_E,Johnny,test,0.1,0.1001129150390625,0.01,2027,f840f76fc09733514c771cc666a3f594b5341c89ef69704d5b099b5db7c571e4,admm,35.15852944139796,0.9456771013884544,0.3418872110778466,0.0032395452726632357
hevc_Johnny_f0200,HEVC_E,Johnny,test,0.1,0.1001129150390625,0.01,2028,1381057f13d8b6729d31754b38524fc39ca114d08d71380bfd58461609810649,adjoint,25.211763755023636,0.5601456070475919,0.00027476600371301174,0.002868537325412035
hevc_Johnny_f0200,HEVC_E,Johnny,test,0.1,0.1001129150390625,0.01,2028,1381057f13d8b6729d31754b38524fc39ca114d08d71380bfd58461609810649,fista_dct,27.187430997805237,0.6824499955340112,0.39185151702258736,0.0007913355366326869
hevc_Johnny_f0200,HEVC_E,Johnny,test,0.1,0.1001129150390625,0.01,2028,1381057f13d8b6729d31754b38524fc39ca114d08d71380bfd58461609810649,hqs,34.99776035143407,0.9429022664008141,0.3337116399779916,0.001945868949405849
hevc_Johnny_f0200,HEVC_E,Johnny,test,0.1,0.1001129150390625,0.01,2028,1381057f13d8b6729d31754b38524fc39ca114d08d71380bfd58461609810649,admm,35.22722539587773,0.9459647530927658,0.3272341270931065,0.0032299035228788853
hevc_Johnny_f0200,HEVC_E,Johnny,test,0.1,0.1001129150390625,0.05,2026,4e749237164f95e49b456c10525351c7a48b9330e0c3414551c8547e89d6e9b6,adjoint,24.456318892167864,0.5123056339040265,0.00019721791613847017,0.0028842072933912277
hevc_Johnny_f0200,HEVC_E,Johnny,test,0.1,0.1001129150390625,0.05,2026,4e749237164f95e49b456c10525351c7a48b9330e0c3414551c8547e89d6e9b6,fista_dct,25.42910825928129,0.5670480565054491,0.3528391009895131,0.0008087381720542908
hevc_Johnny_f0200,HEVC_E,Johnny,test,0.1,0.1001129150390625,0.05,2026,4e749237164f95e49b456c10525351c7a48b9330e0c3414551c8547e89d6e9b6,hqs,29.172722897894182,0.7627249403803349,0.3282102789962664,0.0023226533085107803
hevc_Johnny_f0200,HEVC_E,Johnny,test,0.1,0.1001129150390625,0.05,2026,4e749237164f95e49b456c10525351c7a48b9330e0c3414551c8547e89d6e9b6,admm,29.34006418037264,0.7741848471829891,0.3271082879509777,0.0038515657652169466
hevc_Johnny_f0200,HEVC_E,Johnny,test,0.1,0.1001129150390625,0.05,2027,6ea38580aad542634ddf040b10d9a7253ee981366a8b6b43695c4104b76e53bd,adjoint,24.450528915790308,0.5113941926429881,0.00020790600683540106,0.0028982178773730993
hevc_Johnny_f0200,HEVC_E,Johnny,test,0.1,0.1001129150390625,0.05,2027,6ea38580aad542634ddf040b10d9a7253ee981366a8b6b43695c4104b76e53bd,fista_dct,25.372120934477465,0.5611789328565425,0.34530296502634883,0.0010067622642964125
hevc_Johnny_f0200,HEVC_E,Johnny,test,0.1,0.1001129150390625,0.05,2027,6ea38580aad542634ddf040b10d9a7253ee981366a8b6b43695c4104b76e53bd,hqs,29.192376452125348,0.7617879500798806,0.3274191580712795,0.002419784665107727
hevc_Johnny_f0200,HEVC_E,Johnny,test,0.1,0.1001129150390625,0.05,2027,6ea38580aad542634ddf040b10d9a7253ee981366a8b6b43695c4104b76e53bd,admm,29.328107306104517,0.773818153274998,0.33026707195676863,0.004152014385908842
hevc_Johnny_f0200,HEVC_E,Johnny,test,0.1,0.1001129150390625,0.05,2028,2e6505edb100282fd2db606808c5522abc12f951d3aab5826a212ad859ebb2c4,adjoint,24.44348445299086,0.5086074060893219,0.00020814593881368637,0.0029013333842158318
hevc_Johnny_f0200,HEVC_E,Johnny,test,0.1,0.1001129150390625,0.05,2028,2e6505edb100282fd2db606808c5522abc12f951d3aab5826a212ad859ebb2c4,fista_dct,25.288480420780196,0.5560433848268155,0.349868256947957,0.0008512590429745615
hevc_Johnny_f0200,HEVC_E,Johnny,test,0.1,0.1001129150390625,0.05,2028,2e6505edb100282fd2db606808c5522abc12f951d3aab5826a212ad859ebb2c4,hqs,29.064339388685795,0.7594971497632415,0.3251851169625297,0.002616110723465681
hevc_Johnny_f0200,HEVC_E,Johnny,test,0.1,0.1001129150390625,0.05,2028,2e6505edb100282fd2db606808c5522abc12f951d3aab5826a212ad859ebb2c4,admm,29.211202848823923,0.7729606631268859,0.3251259799581021,0.0035892543382942677
hevc_Johnny_f0400,HEVC_E,Johnny,test,0.01,0.01031494140625,0.0,2026,760c5f9d257e725ce827400810eaffa8255847815d600d2e58ef6dd9e29e5413,adjoint,20.57177160341027,0.3900678779832722,0.00012893998064100742,0.0019274421501904726
hevc_Johnny_f0400,HEVC_E,Johnny,test,0.01,0.01031494140625,0.0,2026,760c5f9d257e725ce827400810eaffa8255847815d600d2e58ef6dd9e29e5413,fista_dct,21.3170865174696,0.519624744193355,0.32675713195931166,0.0008062164997681975
hevc_Johnny_f0400,HEVC_E,Johnny,test,0.01,0.01031494140625,0.0,2026,760c5f9d257e725ce827400810eaffa8255847815d600d2e58ef6dd9e29e5413,hqs,24.9752228871794,0.7513124987962942,0.33000145794358104,0.00552415894344449
hevc_Johnny_f0400,HEVC_E,Johnny,test,0.01,0.01031494140625,0.0,2026,760c5f9d257e725ce827400810eaffa8255847815d600d2e58ef6dd9e29e5413,admm,24.935994747876933,0.7497512771318264,0.3262883439892903,0.007323569152504206
hevc_Johnny_f0400,HEVC_E,Johnny,test,0.04,0.041259765625,0.0,2026,d33b2f5d689ed38391845bc5632605857932f5bc9f811e1f587b799e3ea4f4cd,adjoint,23.29416527696904,0.48301991885821804,0.00017633207608014345,0.002464460441842675
hevc_Johnny_f0400,HEVC_E,Johnny,test,0.04,0.041259765625,0.0,2026,d33b2f5d689ed38391845bc5632605857932f5bc9f811e1f587b799e3ea4f4cd,fista_dct,24.8585423935522,0.607974585744234,0.3282563390675932,0.0008140280842781067
hevc_Johnny_f0400,HEVC_E,Johnny,test,0.04,0.041259765625,0.0,2026,d33b2f5d689ed38391845bc5632605857932f5bc9f811e1f587b799e3ea4f4cd,hqs,31.090006719019513,0.9018037578184893,0.3246637430274859,0.0035694281104952097
hevc_Johnny_f0400,HEVC_E,Johnny,test,0.04,0.041259765625,0.0,2026,d33b2f5d689ed38391845bc5632605857932f5bc9f811e1f587b799e3ea4f4cd,admm,31.17830217063772,0.9020657456588224,0.33153739001136273,0.004509701393544674
hevc_Johnny_f0400,HEVC_E,Johnny,test,0.1,0.1001129150390625,0.0,2026,0e41c79cbe0653d751d62981f9d3128ed5ac683146738da2e19c18f69314ecb4,adjoint,25.46188558540985,0.5777101597719974,0.0002145030302926898,0.002856205217540264
hevc_Johnny_f0400,HEVC_E,Johnny,test,0.1,0.1001129150390625,0.0,2026,0e41c79cbe0653d751d62981f9d3128ed5ac683146738da2e19c18f69314ecb4,fista_dct,27.551284889145936,0.7058886933568502,0.3754844560753554,0.0008042598492465913
hevc_Johnny_f0400,HEVC_E,Johnny,test,0.1,0.1001129150390625,0.0,2026,0e41c79cbe0653d751d62981f9d3128ed5ac683146738da2e19c18f69314ecb4,hqs,36.3247500314614,0.9506779422426224,0.33359664597082883,0.002329394221305847
hevc_Johnny_f0400,HEVC_E,Johnny,test,0.1,0.1001129150390625,0.0,2026,0e41c79cbe0653d751d62981f9d3128ed5ac683146738da2e19c18f69314ecb4,admm,36.35533343819112,0.9505298168196679,0.33124126109760255,0.002984039718285203
hevc_Johnny_f0400,HEVC_E,Johnny,test,0.25,0.25,0.0,2026,b051f097fae937e5e5270fd262b4037ca9071c0a4c73a99858400418dba4cff0,adjoint,28.3422687788083,0.6925785220167487,0.00027347798459231853,0.003623089287430048
hevc_Johnny_f0400,HEVC_E,Johnny,test,0.25,0.25,0.0,2026,b051f097fae937e5e5270fd262b4037ca9071c0a4c73a99858400418dba4cff0,fista_dct,31.184522064612672,0.8242607258034498,0.40843948000110686,0.0011725641088560224
hevc_Johnny_f0400,HEVC_E,Johnny,test,0.25,0.25,0.0,2026,b051f097fae937e5e5270fd262b4037ca9071c0a4c73a99858400418dba4cff0,hqs,41.38123413958895,0.9734998298578262,0.3335711960680783,0.0014120601117610931
hevc_Johnny_f0400,HEVC_E,Johnny,test,0.25,0.25,0.0,2026,b051f097fae937e5e5270fd262b4037ca9071c0a4c73a99858400418dba4cff0,admm,41.38677560854882,0.9731767123498917,0.33366187708452344,0.0018113995902240276
hevc_Johnny_f0400,HEVC_E,Johnny,test,0.5,0.4998931884765625,0.0,2026,28d5bcdb8e8f269733cde62b57d55265ac832a4c675b5184456a67dbcafe7d19,adjoint,31.608876247965583,0.8009823710436821,0.0003562410129234195,0.0047149620950222015
hevc_Johnny_f0400,HEVC_E,Johnny,test,0.5,0.4998931884765625,0.0,2026,28d5bcdb8e8f269733cde62b57d55265ac832a4c675b5184456a67dbcafe7d19,fista_dct,34.8619931137155,0.9016902436423302,0.4454457260435447,0.0015433041844516993
hevc_Johnny_f0400,HEVC_E,Johnny,test,0.5,0.4998931884765625,0.0,2026,28d5bcdb8e8f269733cde62b57d55265ac832a4c675b5184456a67dbcafe7d19,hqs,46.9943933962561,0.9921052758407592,0.3308162810280919,0.0011430252343416214
hevc_Johnny_f0400,HEVC_E,Johnny,test,0.5,0.4998931884765625,0.0,2026,28d5bcdb8e8f269733cde62b57d55265ac832a4c675b5184456a67dbcafe7d19,admm,46.90514800124693,0.9918859484500885,0.3533783049788326,0.0014348210534080863
hevc_Johnny_f0400,HEVC_E,Johnny,test,0.1,0.1001129150390625,0.01,2026,d73c1a3d6b57e71196bf22cc164a959540ae5b1c5219c89f6a0bc0b5b3e50e3b,adjoint,25.425081534202132,0.5749344609292243,0.0002226040232926607,0.0028576578479260206
hevc_Johnny_f0400,HEVC_E,Johnny,test,0.1,0.1001129150390625,0.01,2026,d73c1a3d6b57e71196bf22cc164a959540ae5b1c5219c89f6a0bc0b5b3e50e3b,fista_dct,27.430408924969456,0.6964603439880424,0.3586405779933557,0.0007909429259598255
hevc_Johnny_f0400,HEVC_E,Johnny,test,0.1,0.1001129150390625,0.01,2026,d73c1a3d6b57e71196bf22cc164a959540ae5b1c5219c89f6a0bc0b5b3e50e3b,hqs,34.95267410908831,0.9382196568579674,0.32650794100482017,0.0019286408787593246
hevc_Johnny_f0400,HEVC_E,Johnny,test,0.1,0.1001129150390625,0.01,2026,d73c1a3d6b57e71196bf22cc164a959540ae5b1c5219c89f6a0bc0b5b3e50e3b,admm,35.177888613887504,0.9411452810149192,0.32942005107179284,0.0030984689947217703
hevc_Johnny_f0400,HEVC_E,Johnny,test,0.1,0.1001129150390625,0.01,2027,6eee924354a9499b00b2fd1277495c4aad8b0e96598d1b0522e77634d2ac71f6,adjoint,25.424427357765396,0.5750586340198666,0.0002224189229309559,0.0028538252227008343
hevc_Johnny_f0400,HEVC_E,Johnny,test,0.1,0.1001129150390625,0.01,2027,6eee924354a9499b00b2fd1277495c4aad8b0e96598d1b0522e77634d2ac71f6,fista_dct,27.43935820081781,0.6991653912251397,0.35186254896689206,0.0007960592629387975
hevc_Johnny_f0400,HEVC_E,Johnny,test,0.1,0.1001129150390625,0.01,2027,6eee924354a9499b00b2fd1277495c4aad8b0e96598d1b0522e77634d2ac71f6,hqs,34.870245779828,0.9381523742637634,0.3652715040370822,0.0019807748030871153
hevc_Johnny_f0400,HEVC_E,Johnny,test,0.1,0.1001129150390625,0.01,2027,6eee924354a9499b00b2fd1277495c4aad8b0e96598d1b0522e77634d2ac71f6,admm,35.01708482063619,0.940944333837986,0.32761956902686507,0.003026520600542426
hevc_Johnny_f0400,HEVC_E,Johnny,test,0.1,0.1001129150390625,0.01,2028,0d54b33b8d24420ed228ae0b6ca1c84cdb6310b61e1cd41fd6079fae08439336,adjoint,25.423438261305563,0.5753501888182014,0.00020499201491475105,0.0028529667761176825
hevc_Johnny_f0400,HEVC_E,Johnny,test,0.1,0.1001129150390625,0.01,2028,0d54b33b8d24420ed228ae0b6ca1c84cdb6310b61e1cd41fd6079fae08439336,fista_dct,27.403774819255403,0.6962875213042982,0.36074281798209995,0.0007924672099761665
hevc_Johnny_f0400,HEVC_E,Johnny,test,0.1,0.1001129150390625,0.01,2028,0d54b33b8d24420ed228ae0b6ca1c84cdb6310b61e1cd41fd6079fae08439336,hqs,34.76256949903513,0.9373765667996407,0.3246665229089558,0.001901044393889606
hevc_Johnny_f0400,HEVC_E,Johnny,test,0.1,0.1001129150390625,0.01,2028,0d54b33b8d24420ed228ae0b6ca1c84cdb6310b61e1cd41fd6079fae08439336,admm,34.982522106404495,0.9407892253885269,0.3442405340028927,0.0030085553880780935
hevc_Johnny_f0400,HEVC_E,Johnny,test,0.1,0.1001129150390625,0.05,2026,4caf73dc5d30575c5ffebdd7437b39d8a4a72710e0c5593360ec123d95bd08aa,adjoint,24.61959166330024,0.522156110402369,0.00021664390806108713,0.002891537733376026
hevc_Johnny_f0400,HEVC_E,Johnny,test,0.1,0.1001129150390625,0.05,2026,4caf73dc5d30575c5ffebdd7437b39d8a4a72710e0c5593360ec123d95bd08aa,fista_dct,25.47566653507575,0.5697935432152901,0.3871397899929434,0.0008688898524269462
hevc_Johnny_f0400,HEVC_E,Johnny,test,0.1,0.1001129150390625,0.05,2026,4caf73dc5d30575c5ffebdd7437b39d8a4a72710e0c5593360ec123d95bd08aa,hqs,29.148767800942256,0.7644958675458431,0.32233518396969885,0.0024396313820034266
hevc_Johnny_f0400,HEVC_E,Johnny,test,0.1,0.1001129150390625,0.05,2026,4caf73dc5d30575c5ffebdd7437b39d8a4a72710e0c5593360ec123d95bd08aa,admm,29.296608964519415,0.7779639318498373,0.32109824498184025,0.0036439583636820316
hevc_Johnny_f0400,HEVC_E,Johnny,test,0.1,0.1001129150390625,0.05,2027,636e510236bc0e4ba52fa6bb35bf43e23fd479df8833785cb2a2d1d720a8683f,adjoint,24.61199311386671,0.5223821713148411,0.00020719098392874002,0.002884995425119996
hevc_Johnny_f0400,HEVC_E,Johnny,test,0.1,0.1001129150390625,0.05,2027,636e510236bc0e4ba52fa6bb35bf43e23fd479df8833785cb2a2d1d720a8683f,fista_dct,25.436098342556598,0.5682438313253299,0.34847705194260925,0.0009132676059380174
hevc_Johnny_f0400,HEVC_E,Johnny,test,0.1,0.1001129150390625,0.05,2027,636e510236bc0e4ba52fa6bb35bf43e23fd479df8833785cb2a2d1d720a8683f,hqs,29.047707295015094,0.7584581144828796,0.38254372496157885,0.002213787054643035
hevc_Johnny_f0400,HEVC_E,Johnny,test,0.1,0.1001129150390625,0.05,2027,636e510236bc0e4ba52fa6bb35bf43e23fd479df8833785cb2a2d1d720a8683f,admm,29.246170976847125,0.7723722841656804,0.3313034860184416,0.003930427599698305
hevc_Johnny_f0400,HEVC_E,Johnny,test,0.1,0.1001129150390625,0.05,2028,aee5759ee5bd69c52f853ccbcc727874e9e0ab586a45c86b343b92845eb3a7c5,adjoint,24.59830506498715,0.5230422861897848,0.0002281280467286706,0.0028629866428673267
hevc_Johnny_f0400,HEVC_E,Johnny,test,0.1,0.1001129150390625,0.05,2028,aee5759ee5bd69c52f853ccbcc727874e9e0ab586a45c86b343b92845eb3a7c5,fista_dct,25.452651229252954,0.5712646385116801,0.3727458299836144,0.001003498793579638
hevc_Johnny_f0400,HEVC_E,Johnny,test,0.1,0.1001129150390625,0.05,2028,aee5759ee5bd69c52f853ccbcc727874e9e0ab586a45c86b343b92845eb3a7c5,hqs,28.86889651371096,0.7552201057451069,0.3328578310320154,0.0024452507495880127
hevc_Johnny_f0400,HEVC_E,Johnny,test,0.1,0.1001129150390625,0.05,2028,aee5759ee5bd69c52f853ccbcc727874e9e0ab586a45c86b343b92845eb3a7c5,admm,28.998975450080323,0.7674405404489487,0.34098346810787916,0.0036415276117622852
hevc_KristenAndSara_f0000,HEVC_E,KristenAndSara,test,0.01,0.01031494140625,0.0,2026,c24f07a04d03cca52d7f7959960d24481a549cd896d1e83f04ddc0501f5cd85f,adjoint,19.75222033164655,0.37699170474429283,0.00013697193935513496,0.0017506430158391595
hevc_KristenAndSara_f0000,HEVC_E,KristenAndSara,test,0.01,0.01031494140625,0.0,2026,c24f07a04d03cca52d7f7959960d24481a549cd896d1e83f04ddc0501f5cd85f,fista_dct,20.17682465466112,0.46807489875044284,0.4471033629961312,0.0016093921149149537
hevc_KristenAndSara_f0000,HEVC_E,KristenAndSara,test,0.01,0.01031494140625,0.0,2026,c24f07a04d03cca52d7f7959960d24481a549cd896d1e83f04ddc0501f5cd85f,hqs,22.77523740603447,0.7038024877634224,0.40975530492141843,0.005727238021790981
hevc_KristenAndSara_f0000,HEVC_E,KristenAndSara,test,0.01,0.01031494140625,0.0,2026,c24f07a04d03cca52d7f7959960d24481a549cd896d1e83f04ddc0501f5cd85f,admm,22.80683860043739,0.7026989128566282,0.33419876999687403,0.006602494977414608
hevc_KristenAndSara_f0000,HEVC_E,KristenAndSara,test,0.04,0.041259765625,0.0,2026,d3f2c638ffa7e728a7fb8d0718b6cc48c5383a79538abea45dbdbbcf562c7634,adjoint,22.050223682835796,0.47239326095578293,0.00017593195661902428,0.0024002022109925747
hevc_KristenAndSara_f0000,HEVC_E,KristenAndSara,test,0.04,0.041259765625,0.0,2026,d3f2c638ffa7e728a7fb8d0718b6cc48c5383a79538abea45dbdbbcf562c7634,fista_dct,22.682417672036962,0.5335090983625947,0.34270811697933823,0.0007035291637293994
hevc_KristenAndSara_f0000,HEVC_E,KristenAndSara,test,0.04,0.041259765625,0.0,2026,d3f2c638ffa7e728a7fb8d0718b6cc48c5383a79538abea45dbdbbcf562c7634,hqs,27.275641794716933,0.8764735907541104,0.3330313649494201,0.004330328665673733
hevc_KristenAndSara_f0000,HEVC_E,KristenAndSara,test,0.04,0.041259765625,0.0,2026,d3f2c638ffa7e728a7fb8d0718b6cc48c5383a79538abea45dbdbbcf562c7634,admm,27.328337034976094,0.8762238907672166,0.3334392950637266,0.005358085501939058
hevc_KristenAndSara_f0000,HEVC_E,KristenAndSara,test,0.1,0.1001129150390625,0.0,2026,c828da3ea10c15b82123d0326f40c99e6267811aecdac31ca86c73215adef2f9,adjoint,23.85037508359598,0.5647376776046923,0.00032123003620654345,0.0027953379321843386
hevc_KristenAndSara_f0000,HEVC_E,KristenAndSara,test,0.1,0.1001129150390625,0.0,2026,c828da3ea10c15b82123d0326f40c99e6267811aecdac31ca86c73215adef2f9,fista_dct,24.7872786956756,0.6341831319783964,0.3722696059849113,0.0007474515587091446
hevc_KristenAndSara_f0000,HEVC_E,KristenAndSara,test,0.1,0.1001129150390625,0.0,2026,c828da3ea10c15b82123d0326f40c99e6267811aecdac31ca86c73215adef2f9,hqs,31.044956498973658,0.9452289822635651,0.3421817219350487,0.0037390487268567085
hevc_KristenAndSara_f0000,HEVC_E,KristenAndSara,test,0.1,0.1001129150390625,0.0,2026,c828da3ea10c15b82123d0326f40c99e6267811aecdac31ca86c73215adef2f9,admm,30.87575299883128,0.9434510880839825,0.33419237995985895,0.003950805868953466
hevc_KristenAndSara_f0000,HEVC_E,KristenAndSara,test,0.25,0.25,0.0,2026,764a6055a1f2ee0c707b9de97317af753b1a05a0f37c38167d2babd67705db00,adjoint,26.49651373057513,0.6828989790271968,0.0002601390006020665,0.00356679898686707
hevc_KristenAndSara_f0000,HEVC_E,KristenAndSara,test,0.25,0.25,0.0,2026,764a6055a1f2ee0c707b9de97317af753b1a05a0f37c38167d2babd67705db00,fista_dct,27.485721105044604,0.750958662433125,0.4093103719642386,0.001110233017243445
hevc_KristenAndSara_f0000,HEVC_E,KristenAndSara,test,0.25,0.25,0.0,2026,764a6055a1f2ee0c707b9de97317af753b1a05a0f37c38167d2babd67705db00,hqs,39.08980510494555,0.985597699660778,0.34110775403678417,0.0025447916705161333
hevc_KristenAndSara_f0000,HEVC_E,KristenAndSara,test,0.25,0.25,0.0,2026,764a6055a1f2ee0c707b9de97317af753b1a05a0f37c38167d2babd67705db00,admm,38.76809005486879,0.9852657754869462,0.3402058150386438,0.0024050541687756777
hevc_KristenAndSara_f0000,HEVC_E,KristenAndSara,test,0.5,0.4998931884765625,0.0,2026,63b83e30afa2143a85644c73e40f8b21469009b204a8fc1e6e6831ad5f32d425,adjoint,29.598637230384654,0.7847179548110664,0.00033470604103058577,0.004625702276825905
hevc_KristenAndSara_f0000,HEVC_E,KristenAndSara,test,0.5,0.4998931884765625,0.0,2026,63b83e30afa2143a85644c73e40f8b21469009b204a8fc1e6e6831ad5f32d425,fista_dct,30.518169763174686,0.8334889555213303,0.4803492210339755,0.001473196898587048
hevc_KristenAndSara_f0000,HEVC_E,KristenAndSara,test,0.5,0.4998931884765625,0.0,2026,63b83e30afa2143a85644c73e40f8b21469009b204a8fc1e6e6831ad5f32d425,hqs,47.786813857994446,0.9964672253341674,0.3415476969676092,0.0015023871092125773
hevc_KristenAndSara_f0000,HEVC_E,KristenAndSara,test,0.5,0.4998931884765625,0.0,2026,63b83e30afa2143a85644c73e40f8b21469009b204a8fc1e6e6831ad5f32d425,admm,47.7236474635506,0.9963874075107575,0.3421947219176218,0.0016034074360504746
hevc_KristenAndSara_f0000,HEVC_E,KristenAndSara,test,0.1,0.1001129150390625,0.01,2026,10c6891f320295639dc695ecf5d29d48ea030c1d42ba6170e2260a4160ce8b88,adjoint,23.821083229748087,0.5615586260027206,0.00021245796233415604,0.0027988720685243607
hevc_KristenAndSara_f0000,HEVC_E,KristenAndSara,test,0.1,0.1001129150390625,0.01,2026,10c6891f320295639dc695ecf5d29d48ea030c1d42ba6170e2260a4160ce8b88,fista_dct,24.72189156875948,0.6271574592113187,0.3834146619774401,0.0007596599170938134
hevc_KristenAndSara_f0000,HEVC_E,KristenAndSara,test,0.1,0.1001129150390625,0.01,2026,10c6891f320295639dc695ecf5d29d48ea030c1d42ba6170e2260a4160ce8b88,hqs,30.337005344334642,0.9311899695961475,0.3474540220340714,0.003115482395514846
hevc_KristenAndSara_f0000,HEVC_E,KristenAndSara,test,0.1,0.1001129150390625,0.01,2026,10c6891f320295639dc695ecf5d29d48ea030c1d42ba6170e2260a4160ce8b88,admm,30.232842746755363,0.9318071947937012,0.3440340179949999,0.003916014917194843
hevc_KristenAndSara_f0000,HEVC_E,KristenAndSara,test,0.1,0.1001129150390625,0.01,2027,a14a174b86efd6f995da2f391ead1355afb8e94557fd2242ad87971659c4e182,adjoint,23.821723949771396,0.5621965301797078,0.00019797706045210361,0.002797367749735713
hevc_KristenAndSara_f0000,HEVC_E,KristenAndSara,test,0.1,0.1001129150390625,0.01,2027,a14a174b86efd6f995da2f391ead1355afb8e94557fd2242ad87971659c4e182,fista_dct,24.72979822767265,0.6294548369262182,0.39313852204941213,0.000750581210013479
hevc_KristenAndSara_f0000,HEVC_E,KristenAndSara,test,0.1,0.1001129150390625,0.01,2027,a14a174b86efd6f995da2f391ead1355afb8e94557fd2242ad87971659c4e182,hqs,30.40487780830877,0.9330590099322796,0.3468763070413843,0.0032297878060489893
hevc_KristenAndSara_f0000,HEVC_E,KristenAndSara,test,0.1,0.1001129150390625,0.01,2027,a14a174b86efd6f995da2f391ead1355afb8e94557fd2242ad87971659c4e182,admm,30.41829528386366,0.9353508406887054,0.3476766219828278,0.004034995101392269
hevc_KristenAndSara_f0000,HEVC_E,KristenAndSara,test,0.1,0.1001129150390625,0.01,2028,58b8a08b34cea45772467438eac45ef733d6797dcc519d93f80336b41e47d939,adjoint,23.822000804681927,0.5622922550237868,0.0002099189441651106,0.0028016010764986277
hevc_KristenAndSara_f0000,HEVC_E,KristenAndSara,test,0.1,0.1001129150390625,0.01,2028,58b8a08b34cea45772467438eac45ef733d6797dcc519d93f80336b41e47d939,fista_dct,24.699950764970314,0.626010208601772,0.384488134062849,0.0007510029245167971
hevc_KristenAndSara_f0000,HEVC_E,KristenAndSara,test,0.1,0.1001129150390625,0.01,2028,58b8a08b34cea45772467438eac45ef733d6797dcc519d93f80336b41e47d939,hqs,30.261816359507208,0.9316662321195602,0.3436287560034543,0.003006463870406151
hevc_KristenAndSara_f0000,HEVC_E,KristenAndSara,test,0.1,0.1001129150390625,0.01,2028,58b8a08b34cea45772467438eac45ef733d6797dcc519d93f80336b41e47d939,admm,30.22215318950866,0.9329437867782115,0.3562133990926668,0.00384077662602067
hevc_KristenAndSara_f0000,HEVC_E,KristenAndSara,test,0.1,0.1001129150390625,0.05,2026,47e19e6694bff071f23bd2be5239a32058066cbf1367edf902892bd74040ac77,adjoint,23.168671651998046,0.5072175377685917,0.00025243102572858334,0.0029095166828483343
hevc_KristenAndSara_f0000,HEVC_E,KristenAndSara,test,0.1,0.1001129150390625,0.05,2026,47e19e6694bff071f23bd2be5239a32058066cbf1367edf902892bd74040ac77,fista_dct,23.54453425240291,0.5309621438179755,0.37146671605296433,0.0012245065299794078
hevc_KristenAndSara_f0000,HEVC_E,KristenAndSara,test,0.1,0.1001129150390625,0.05,2026,47e19e6694bff071f23bd2be5239a32058066cbf1367edf902892bd74040ac77,hqs,26.49038824771956,0.7421546454983652,0.3439511900069192,0.0023110343609005213
hevc_KristenAndSara_f0000,HEVC_E,KristenAndSara,test,0.1,0.1001129150390625,0.05,2026,47e19e6694bff071f23bd2be5239a32058066cbf1367edf902892bd74040ac77,admm,26.584557950880612,0.7541968641985058,0.3503655119566247,0.0038798684254288673
hevc_KristenAndSara_f0000,HEVC_E,KristenAndSara,test,0.1,0.1001129150390625,0.05,2027,49b728fcd3835b0a4b320f29bae81d5ab642a681b0f69006ff76958cd70c958c,adjoint,23.18875777034591,0.5110471297315163,0.0002413969486951828,0.0028774829115718603
hevc_KristenAndSara_f0000,HEVC_E,KristenAndSara,test,0.1,0.1001129150390625,0.05,2027,49b728fcd3835b0a4b320f29bae81d5ab642a681b0f69006ff76958cd70c958c,fista_dct,23.431912821179253,0.5244894567898138,0.37437941902317107,0.001209228066727519
hevc_KristenAndSara_f0000,HEVC_E,KristenAndSara,test,0.1,0.1001129150390625,0.05,2027,49b728fcd3835b0a4b320f29bae81d5ab642a681b0f69006ff76958cd70c958c,hqs,26.603909287581242,0.7514306832025945,0.340849174070172,0.00253021321259439
hevc_KristenAndSara_f0000,HEVC_E,KristenAndSara,test,0.1,0.1001129150390625,0.05,2027,49b728fcd3835b0a4b320f29bae81d5ab642a681b0f69006ff76958cd70c958c,admm,26.73482393793919,0.7651624930347359,0.35766128404065967,0.00430856691673398
hevc_KristenAndSara_f0000,HEVC_E,KristenAndSara,test,0.1,0.1001129150390625,0.05,2028,6b3c0ae7fda2ef7cad32fa364446e7d8052eb52fc06599b104a5f70a469a2aed,adjoint,23.184548353912916,0.5096773481178543,0.00019365304615348577,0.0028958215843886137
hevc_KristenAndSara_f0000,HEVC_E,KristenAndSara,test,0.1,0.1001129150390625,0.05,2028,6b3c0ae7fda2ef7cad32fa364446e7d8052eb52fc06599b104a5f70a469a2aed,fista_dct,23.48617088598381,0.5259438219390322,0.37459395197220147,0.0010493723675608635
hevc_KristenAndSara_f0000,HEVC_E,KristenAndSara,test,0.1,0.1001129150390625,0.05,2028,6b3c0ae7fda2ef7cad32fa364446e7d8052eb52fc06599b104a5f70a469a2aed,hqs,26.59074869544037,0.7488065694387257,0.36515116202645004,0.002474335255101323
hevc_KristenAndSara_f0000,HEVC_E,KristenAndSara,test,0.1,0.1001129150390625,0.05,2028,6b3c0ae7fda2ef7cad32fa364446e7d8052eb52fc06599b104a5f70a469a2aed,admm,26.669472740414935,0.7608223039522692,0.36264746205415577,0.004113140050321817
hevc_KristenAndSara_f0200,HEVC_E,KristenAndSara,test,0.01,0.01031494140625,0.0,2026,d85e02111597d20dcd7a81c8a0b6ef461e901ea0b59c7039c791a235a1490840,adjoint,19.33110967724311,0.348295838266861,0.000141920056194067,0.0017538184765726328
hevc_KristenAndSara_f0200,HEVC_E,KristenAndSara,test,0.01,0.01031494140625,0.0,2026,d85e02111597d20dcd7a81c8a0b6ef461e901ea0b59c7039c791a235a1490840,fista_dct,19.87685819705925,0.46987166773320255,0.3390325818909332,0.002983628772199154
hevc_KristenAndSara_f0200,HEVC_E,KristenAndSara,test,0.01,0.01031494140625,0.0,2026,d85e02111597d20dcd7a81c8a0b6ef461e901ea0b59c7039c791a235a1490840,hqs,22.47361208105734,0.7080032317393143,0.3596991639351472,0.00582581153139472
hevc_KristenAndSara_f0200,HEVC_E,KristenAndSara,test,0.01,0.01031494140625,0.0,2026,d85e02111597d20dcd7a81c8a0b6ef461e901ea0b59c7039c791a235a1490840,admm,22.47293479548981,0.7048734980792105,0.3456067079678178,0.006707520689815283
hevc_KristenAndSara_f0200,HEVC_E,KristenAndSara,test,0.04,0.041259765625,0.0,2026,ac037a724529bc57b550f683cee73836fa3eaa50686dc721ccc8cf381ff8c0fa,adjoint,21.70507491360744,0.4511659030048997,0.00019996706396341324,0.002364463871344924
hevc_KristenAndSara_f0200,HEVC_E,KristenAndSara,test,0.04,0.041259765625,0.0,2026,ac037a724529bc57b550f683cee73836fa3eaa50686dc721ccc8cf381ff8c0fa,fista_dct,22.539932832904842,0.5347294586248165,0.45394564198795706,0.0007749093929305673
hevc_KristenAndSara_f0200,HEVC_E,KristenAndSara,test,0.04,0.041259765625,0.0,2026,ac037a724529bc57b550f683cee73836fa3eaa50686dc721ccc8cf381ff8c0fa,hqs,27.256550487899048,0.8806602353471537,0.39252814603969455,0.00430730264633894
hevc_KristenAndSara_f0200,HEVC_E,KristenAndSara,test,0.04,0.041259765625,0.0,2026,ac037a724529bc57b550f683cee73836fa3eaa50686dc721ccc8cf381ff8c0fa,admm,27.349560501602767,0.8820736666441913,0.36519275803584605,0.005306613631546497
hevc_KristenAndSara_f0200,HEVC_E,KristenAndSara,test,0.1,0.1001129150390625,0.0,2026,1e4a426df82916cdc78dae913acdf2a7de3dcaeaf0f8634a786e2a1b2b69cf79,adjoint,23.518627234767422,0.5400606268914449,0.00027056399267166853,0.002796950051560998
hevc_KristenAndSara_f0200,HEVC_E,KristenAndSara,test,0.1,0.1001129150390625,0.0,2026,1e4a426df82916cdc78dae913acdf2a7de3dcaeaf0f8634a786e2a1b2b69cf79,fista_dct,24.602006279428032,0.624845693477355,0.4160746750421822,0.0007240140694193542
hevc_KristenAndSara_f0200,HEVC_E,KristenAndSara,test,0.1,0.1001129150390625,0.0,2026,1e4a426df82916cdc78dae913acdf2a7de3dcaeaf0f8634a786e2a1b2b69cf79,hqs,31.007222302744335,0.9480357874419689,0.37313058297149837,0.0032053152099251747
hevc_KristenAndSara_f0200,HEVC_E,KristenAndSara,test,0.1,0.1001129150390625,0.0,2026,1e4a426df82916cdc78dae913acdf2a7de3dcaeaf0f8634a786e2a1b2b69cf79,admm,30.761079899225592,0.945700570738554,0.37591994705144316,0.003361007897183299
hevc_KristenAndSara_f0200,HEVC_E,KristenAndSara,test,0.25,0.25,0.0,2026,3a8e8c8048c7608dea7cbfd55a95cbfdb1f4c904b0e8ceecf2c6a4269beb38ac,adjoint,26.13846131369793,0.6593503950848021,0.0002762309741228819,0.003580039832741022
hevc_KristenAndSara_f0200,HEVC_E,KristenAndSara,test,0.25,0.25,0.0,2026,3a8e8c8048c7608dea7cbfd55a95cbfdb1f4c904b0e8ceecf2c6a4269beb38ac,fista_dct,27.287842765057434,0.7365961238206811,0.4464754390064627,0.001075782347470522
hevc_KristenAndSara_f0200,HEVC_E,KristenAndSara,test,0.25,0.25,0.0,2026,3a8e8c8048c7608dea7cbfd55a95cbfdb1f4c904b0e8ceecf2c6a4269beb38ac,hqs,39.37165494753313,0.9879849059581757,0.37157120695337653,0.0024262540973722935
hevc_KristenAndSara_f0200,HEVC_E,KristenAndSara,test,0.25,0.25,0.0,2026,3a8e8c8048c7608dea7cbfd55a95cbfdb1f4c904b0e8ceecf2c6a4269beb38ac,admm,38.9639846711706,0.9875468964710236,0.36704734701197594,0.0023381069768220186
hevc_KristenAndSara_f0200,HEVC_E,KristenAndSara,test,0.5,0.4998931884765625,0.0,2026,4195e62ae7ae5415567095bea9b79fc258befa360be68f334b383e56dd9906d6,adjoint,29.299229436955265,0.7660021752438247,0.00041614496149122715,0.004649268928915262
hevc_KristenAndSara_f0200,HEVC_E,KristenAndSara,test,0.5,0.4998931884765625,0.0,2026,4195e62ae7ae5415567095bea9b79fc258befa360be68f334b383e56dd9906d6,fista_dct,30.404158093841783,0.8323820065695327,0.5842134130652994,0.0014730661641806364
hevc_KristenAndSara_f0200,HEVC_E,KristenAndSara,test,0.5,0.4998931884765625,0.0,2026,4195e62ae7ae5415567095bea9b79fc258befa360be68f334b383e56dd9906d6,hqs,48.02682633614411,0.9967218863124847,0.40616695501375943,0.0013924819650128484
hevc_KristenAndSara_f0200,HEVC_E,KristenAndSara,test,0.5,0.4998931884765625,0.0,2026,4195e62ae7ae5415567095bea9b79fc258befa360be68f334b383e56dd9906d6,admm,48.035161729274236,0.9966957309036255,0.3604983809636906,0.0015342149417847395
hevc_KristenAndSara_f0200,HEVC_E,KristenAndSara,test,0.1,0.1001129150390625,0.01,2026,303a5df74e5f05342a6965212c15614fd8122f5510582e9a8309e0e5499f6686,adjoint,23.490429390995146,0.5380303735862527,0.0002494619693607092,0.0027989749796688557
hevc_KristenAndSara_f0200,HEVC_E,KristenAndSara,test,0.1,0.1001129150390625,0.01,2026,303a5df74e5f05342a6965212c15614fd8122f5510582e9a8309e0e5499f6686,fista_dct,24.566637303741015,0.6218433738770597,0.41749887890182436,0.0007227215683087707
hevc_KristenAndSara_f0200,HEVC_E,KristenAndSara,test,0.1,0.1001129150390625,0.01,2026,303a5df74e5f05342a6965212c15614fd8122f5510582e9a8309e0e5499f6686,hqs,30.016702353336324,0.9306029844651222,0.41296919097658247,0.002744457684457302
hevc_KristenAndSara_f0200,HEVC_E,KristenAndSara,test,0.1,0.1001129150390625,0.01,2026,303a5df74e5f05342a6965212c15614fd8122f5510582e9a8309e0e5499f6686,admm,30.081785234507237,0.9338878119111061,0.3874938730150461,0.0035138828679919243
hevc_KristenAndSara_f0200,HEVC_E,KristenAndSara,test,0.1,0.1001129150390625,0.01,2027,295c6c545ded286324fe7905243b12225160fdfcbc32cb1d7f912fbb2a2047eb,adjoint,23.489307069935116,0.5378872574150926,0.00023368292022496462,0.002797456691041589
hevc_KristenAndSara_f0200,HEVC_E,KristenAndSara,test,0.1,0.1001129150390625,0.01,2027,295c6c545ded286324fe7905243b12225160fdfcbc32cb1d7f912fbb2a2047eb,fista_dct,24.55452328088254,0.6194425125981672,0.4033331699902192,0.0007256059907376766
hevc_KristenAndSara_f0200,HEVC_E,KristenAndSara,test,0.1,0.1001129150390625,0.01,2027,295c6c545ded286324fe7905243b12225160fdfcbc32cb1d7f912fbb2a2047eb,hqs,30.138357023465954,0.930080137100935,0.37673611496575177,0.002625817898660898
hevc_KristenAndSara_f0200,HEVC_E,KristenAndSara,test,0.1,0.1001129150390625,0.01,2027,295c6c545ded286324fe7905243b12225160fdfcbc32cb1d7f912fbb2a2047eb,admm,30.139432612598355,0.9330686471590995,0.37502050399780273,0.0034983360674232244
hevc_KristenAndSara_f0200,HEVC_E,KristenAndSara,test,0.1,0.1001129150390625,0.01,2028,1026a9ac34b077a05da9fc8f0ad2aa69adba7550c9c06d807e00796fc9029ce4,adjoint,23.48975095168312,0.5376824453946271,0.00019822991453111172,0.002797516994178295
hevc_KristenAndSara_f0200,HEVC_E,KristenAndSara,test,0.1,0.1001129150390625,0.01,2028,1026a9ac34b077a05da9fc8f0ad2aa69adba7550c9c06d807e00796fc9029ce4,fista_dct,24.57514796088621,0.6203782401663345,0.3822656950214878,0.0007226737216114998
hevc_KristenAndSara_f0200,HEVC_E,KristenAndSara,test,0.1,0.1001129150390625,0.01,2028,1026a9ac34b077a05da9fc8f0ad2aa69adba7550c9c06d807e00796fc9029ce4,hqs,30.266037388291217,0.9334582539969682,0.3457516999915242,0.0026428387500345707
hevc_KristenAndSara_f0200,HEVC_E,KristenAndSara,test,0.1,0.1001129150390625,0.01,2028,1026a9ac34b077a05da9fc8f0ad2aa69adba7550c9c06d807e00796fc9029ce4,admm,30.248041999091328,0.9356931290025711,0.34637310705147684,0.0036367422435432673
hevc_KristenAndSara_f0200,HEVC_E,KristenAndSara,test,0.1,0.1001129150390625,0.05,2026,74fd0e2292fc4ece48d6f01e787dd9939fffc87838859eaf88a7c9d0d8ea736a,adjoint,22.86187829088839,0.4921954351745962,0.00022533396258950233,0.0029042866080999374
hevc_KristenAndSara_f0200,HEVC_E,KristenAndSara,test,0.1,0.1001129150390625,0.05,2026,74fd0e2292fc4ece48d6f01e787dd9939fffc87838859eaf88a7c9d0d8ea736a,fista_dct,23.331697277297472,0.523662510395173,0.3925372409867123,0.0011862600222229958
hevc_KristenAndSara_f0200,HEVC_E,KristenAndSara,test,0.1,0.1001129150390625,0.05,2026,74fd0e2292fc4ece48d6f01e787dd9939fffc87838859eaf88a7c9d0d8ea736a,hqs,26.405411501592845,0.7412410646852254,0.35348285094369203,0.0025356935802847147
hevc_KristenAndSara_f0200,HEVC_E,KristenAndSara,test,0.1,0.1001129150390625,0.05,2026,74fd0e2292fc4ece48d6f01e787dd9939fffc87838859eaf88a7c9d0d8ea736a,admm,26.42823098185395,0.7477986171559989,0.3677807420026511,0.003761035157367587
hevc_KristenAndSara_f0200,HEVC_E,KristenAndSara,test,0.1,0.1001129150390625,0.05,2027,7327249514a4a4757e26caa482a408078f5d6943c84fff13e36c99c41de540ea,adjoint,22.85076028606802,0.49160302484230467,0.0002567010233178735,0.0028717254754155874
hevc_KristenAndSara_f0200,HEVC_E,KristenAndSara,test,0.1,0.1001129150390625,0.05,2027,7327249514a4a4757e26caa482a408078f5d6943c84fff13e36c99c41de540ea,fista_dct,23.273644410510567,0.5214609865469315,0.3755747440736741,0.0011443832190707326
hevc_KristenAndSara_f0200,HEVC_E,KristenAndSara,test,0.1,0.1001129150390625,0.05,2027,7327249514a4a4757e26caa482a408078f5d6943c84fff13e36c99c41de540ea,hqs,26.437636681076796,0.7379163303895797,0.34589449199847877,0.0022181118838489056
hevc_KristenAndSara_f0200,HEVC_E,KristenAndSara,test,0.1,0.1001129150390625,0.05,2027,7327249514a4a4757e26caa482a408078f5d6943c84fff13e36c99c41de540ea,admm,26.516631026276603,0.7508033056484256,0.3745378280291334,0.0037400333676487207
hevc_KristenAndSara_f0200,HEVC_E,KristenAndSara,test,0.1,0.1001129150390625,0.05,2028,17628fc58ab45948fd5757558e22866aa44a7b26a0ac1b124c0b51edf7a8f733,adjoint,22.857143418457508,0.4914009384323563,0.00024181895423680544,0.0029194701928645372
hevc_KristenAndSara_f0200,HEVC_E,KristenAndSara,test,0.1,0.1001129150390625,0.05,2028,17628fc58ab45948fd5757558e22866aa44a7b26a0ac1b124c0b51edf7a8f733,fista_dct,23.317196709494784,0.5221293500496461,0.3805974900024012,0.0013857320882380009
hevc_KristenAndSara_f0200,HEVC_E,KristenAndSara,test,0.1,0.1001129150390625,0.05,2028,17628fc58ab45948fd5757558e22866aa44a7b26a0ac1b124c0b51edf7a8f733,hqs,26.4610482661492,0.7431775184678138,0.3586240630829707,0.0023067048750817776
hevc_KristenAndSara_f0200,HEVC_E,KristenAndSara,test,0.1,0.1001129150390625,0.05,2028,17628fc58ab45948fd5757558e22866aa44a7b26a0ac1b124c0b51edf7a8f733,admm,26.522248684944337,0.750533965402633,0.35128175700083375,0.003453322686254978
hevc_KristenAndSara_f0400,HEVC_E,KristenAndSara,test,0.01,0.01031494140625,0.0,2026,3dd529c9d06b7f849f2439595b96bb00672b7d150341b3bfa5c8d23af75c262a,adjoint,19.608995166661916,0.3732994360140298,0.0001301910961046815,0.0017664454644545913
hevc_KristenAndSara_f0400,HEVC_E,KristenAndSara,test,0.01,0.01031494140625,0.0,2026,3dd529c9d06b7f849f2439595b96bb00672b7d150341b3bfa5c8d23af75c262a,fista_dct,20.158585597906544,0.4682658741829656,0.3506238010013476,0.0007627017330378294
hevc_KristenAndSara_f0400,HEVC_E,KristenAndSara,test,0.01,0.01031494140625,0.0,2026,3dd529c9d06b7f849f2439595b96bb00672b7d150341b3bfa5c8d23af75c262a,hqs,22.781683604935118,0.7041361854633825,0.3441344810416922,0.0055151148699223995
hevc_KristenAndSara_f0400,HEVC_E,KristenAndSara,test,0.01,0.01031494140625,0.0,2026,3dd529c9d06b7f849f2439595b96bb00672b7d150341b3bfa5c8d23af75c262a,admm,22.85043263138743,0.7060070883934416,0.3565180819714442,0.007248877082020044
hevc_KristenAndSara_f0400,HEVC_E,KristenAndSara,test,0.04,0.041259765625,0.0,2026,f5b38859eb6df2a39d9a96ab3603230d1d17beef87ee4f6ec1151c464b2defe7,adjoint,21.95131373362631,0.4717999490500733,0.00019397493451833725,0.0023898817598819733
hevc_KristenAndSara_f0400,HEVC_E,KristenAndSara,test,0.04,0.041259765625,0.0,2026,f5b38859eb6df2a39d9a96ab3603230d1d17beef87ee4f6ec1151c464b2defe7,fista_dct,22.653821288290843,0.5353965551508765,0.3556474120123312,0.00115086673758924
hevc_KristenAndSara_f0400,HEVC_E,KristenAndSara,test,0.04,0.041259765625,0.0,2026,f5b38859eb6df2a39d9a96ab3603230d1d17beef87ee4f6ec1151c464b2defe7,hqs,27.375282531904638,0.8754053316444359,0.34988437697757035,0.0042950366623699665
hevc_KristenAndSara_f0400,HEVC_E,KristenAndSara,test,0.04,0.041259765625,0.0,2026,f5b38859eb6df2a39d9a96ab3603230d1d17beef87ee4f6ec1151c464b2defe7,admm,27.48375504033936,0.8757931188493632,0.35146713501308113,0.005290549248456955
hevc_KristenAndSara_f0400,HEVC_E,KristenAndSara,test,0.1,0.1001129150390625,0.0,2026,d16265ba04201647ffd755a38ebf6644fc1a235118496f6bd42e483595a3d017,adjoint,23.715831943018884,0.5609814304043874,0.00022988999262452126,0.0028063757345080376
hevc_KristenAndSara_f0400,HEVC_E,KristenAndSara,test,0.1,0.1001129150390625,0.0,2026,d16265ba04201647ffd755a38ebf6644fc1a235118496f6bd42e483595a3d017,fista_dct,24.712874619350757,0.6322944354940702,0.39317813399247825,0.0007490695570595562
hevc_KristenAndSara_f0400,HEVC_E,KristenAndSara,test,0.1,0.1001129150390625,0.0,2026,d16265ba04201647ffd755a38ebf6644fc1a235118496f6bd42e483595a3d017,hqs,30.93309314529666,0.9413743260741234,0.3474062860477716,0.0034607734996825457
hevc_KristenAndSara_f0400,HEVC_E,KristenAndSara,test,0.1,0.1001129150390625,0.0,2026,d16265ba04201647ffd755a38ebf6644fc1a235118496f6bd42e483595a3d017,admm,30.788009705704443,0.9402090154309273,0.34996880509424955,0.0036566932685673237
hevc_KristenAndSara_f0400,HEVC_E,KristenAndSara,test,0.25,0.25,0.0,2026,e4bd1bb9ef948390a7c86e3291de40602aabe7d4fe29379e451ce07dc9ff9dbd,adjoint,26.353570404544897,0.6787588343981207,0.0002878289669752121,0.0035852340515702963
hevc_KristenAndSara_f0400,HEVC_E,KristenAndSara,test,0.25,0.25,0.0,2026,e4bd1bb9ef948390a7c86e3291de40602aabe7d4fe29379e451ce07dc9ff9dbd,fista_dct,27.295951071661126,0.7393539366247244,0.41788965405430645,0.001080754678696394
hevc_KristenAndSara_f0400,HEVC_E,KristenAndSara,test,0.25,0.25,0.0,2026,e4bd1bb9ef948390a7c86e3291de40602aabe7d4fe29379e451ce07dc9ff9dbd,hqs,38.906044740004425,0.9853282617492676,0.35039246000815183,0.0024558505974709988
hevc_KristenAndSara_f0400,HEVC_E,KristenAndSara,test,0.25,0.25,0.0,2026,e4bd1bb9ef948390a7c86e3291de40602aabe7d4fe29379e451ce07dc9ff9dbd,admm,38.611595035345744,0.984859603972435,0.3483939820434898,0.0023631062358617783
hevc_KristenAndSara_f0400,HEVC_E,KristenAndSara,test,0.5,0.4998931884765625,0.0,2026,a510773e6fb1af79caac8e048cabb311949c782fee57e9dbba1b3d5b84af2e24,adjoint,29.45859013224638,0.7821582726434767,0.00041964498814195395,0.004652620293200016
hevc_KristenAndSara_f0400,HEVC_E,KristenAndSara,test,0.5,0.4998931884765625,0.0,2026,a510773e6fb1af79caac8e048cabb311949c782fee57e9dbba1b3d5b84af2e24,fista_dct,30.300202869635157,0.8258854925496951,0.4849490530323237,0.001435150858014822
hevc_KristenAndSara_f0400,HEVC_E,KristenAndSara,test,0.5,0.4998931884765625,0.0,2026,a510773e6fb1af79caac8e048cabb311949c782fee57e9dbba1b3d5b84af2e24,hqs,47.83708252613813,0.996575264418602,0.3914166829781607,0.001442263717763126
hevc_KristenAndSara_f0400,HEVC_E,KristenAndSara,test,0.5,0.4998931884765625,0.0,2026,a510773e6fb1af79caac8e048cabb311949c782fee57e9dbba1b3d5b84af2e24,admm,47.776781638317246,0.9965251179885865,0.3694106750190258,0.0015827405732125044
hevc_KristenAndSara_f0400,HEVC_E,KristenAndSara,test,0.1,0.1001129150390625,0.01,2026,66553ea4f60037f18b542d51b2e21818dc8a05beaef5a01a6926e6c36225a578,adjoint,23.686022450269864,0.5578246659460316,0.00021857209503650665,0.0028077622409909964
hevc_KristenAndSara_f0400,HEVC_E,KristenAndSara,test,0.1,0.1001129150390625,0.01,2026,66553ea4f60037f18b542d51b2e21818dc8a05beaef5a01a6926e6c36225a578,fista_dct,24.656422534877382,0.6266486964245676,0.41457550204358995,0.0007429576362483203
hevc_KristenAndSara_f0400,HEVC_E,KristenAndSara,test,0.1,0.1001129150390625,0.01,2026,66553ea4f60037f18b542d51b2e21818dc8a05beaef5a01a6926e6c36225a578,hqs,30.291724115960005,0.9281308547438383,0.36861557699739933,0.002734852721914649
hevc_KristenAndSara_f0400,HEVC_E,KristenAndSara,test,0.1,0.1001129150390625,0.01,2026,66553ea4f60037f18b542d51b2e21818dc8a05beaef5a01a6926e6c36225a578,admm,30.327600030986392,0.9314051924651862,0.3419202599907294,0.0037533065769821405
hevc_KristenAndSara_f0400,HEVC_E,KristenAndSara,test,0.1,0.1001129150390625,0.01,2027,aa109d1121ad8ad070f4dde6453d4d856c609b695eae6f65d3d9e935926b93ee,adjoint,23.686844442931474,0.5583899634579925,0.0003278780495747924,0.002806662581861019
hevc_KristenAndSara_f0400,HEVC_E,KristenAndSara,test,0.1,0.1001129150390625,0.01,2027,aa109d1121ad8ad070f4dde6453d4d856c609b695eae6f65d3d9e935926b93ee,fista_dct,24.683870961780748,0.6305477664157064,0.5243167729349807,0.0007612642366439104
hevc_KristenAndSara_f0400,HEVC_E,KristenAndSara,test,0.1,0.1001129150390625,0.01,2027,aa109d1121ad8ad070f4dde6453d4d856c609b695eae6f65d3d9e935926b93ee,hqs,30.371392395106437,0.9284256577872038,0.45473570202011615,0.0029153137002140284
hevc_KristenAndSara_f0400,HEVC_E,KristenAndSara,test,0.1,0.1001129150390625,0.01,2027,aa109d1121ad8ad070f4dde6453d4d856c609b695eae6f65d3d9e935926b93ee,admm,30.355555674834633,0.9314136647236347,0.446493090945296,0.003767390036955476
hevc_KristenAndSara_f0400,HEVC_E,KristenAndSara,test,0.1,0.1001129150390625,0.01,2028,e624835aa46b23bdd3ca1129292f92da4fdfb915c992406bffd09273ec4d6960,adjoint,23.686971174852573,0.5584673112549878,0.00033210497349500656,0.0028100053314119577
hevc_KristenAndSara_f0400,HEVC_E,KristenAndSara,test,0.1,0.1001129150390625,0.01,2028,e624835aa46b23bdd3ca1129292f92da4fdfb915c992406bffd09273ec4d6960,fista_dct,24.615813519248025,0.623712147347073,0.5796080870786682,0.0007510652649216354
hevc_KristenAndSara_f0400,HEVC_E,KristenAndSara,test,0.1,0.1001129150390625,0.01,2028,e624835aa46b23bdd3ca1129292f92da4fdfb915c992406bffd09273ec4d6960,hqs,30.25439539637357,0.9287332671041488,0.4384245000546798,0.0030328372959047556
hevc_KristenAndSara_f0400,HEVC_E,KristenAndSara,test,0.1,0.1001129150390625,0.01,2028,e624835aa46b23bdd3ca1129292f92da4fdfb915c992406bffd09273ec4d6960,admm,30.235683234015497,0.9308116618468761,0.4886124769691378,0.003763642394915223
hevc_KristenAndSara_f0400,HEVC_E,KristenAndSara,test,0.1,0.1001129150390625,0.05,2026,33bc6f928597d86051be39d29ab94cf1b9b59c8b417e3c11ff0990bf3c10d5c2,adjoint,23.034534372164078,0.5037950921164146,0.00030178099405020475,0.0029134077485650778
hevc_KristenAndSara_f0400,HEVC_E,KristenAndSara,test,0.1,0.1001129150390625,0.05,2026,33bc6f928597d86051be39d29ab94cf1b9b59c8b417e3c11ff0990bf3c10d5c2,fista_dct,23.439063059790016,0.5275018337363738,0.5084818480536342,0.0013757373671978712
hevc_KristenAndSara_f0400,HEVC_E,KristenAndSara,test,0.1,0.1001129150390625,0.05,2026,33bc6f928597d86051be39d29ab94cf1b9b59c8b417e3c11ff0990bf3c10d5c2,hqs,26.50012212854662,0.7360499826995134,0.5386900409357622,0.0022952842991799116
hevc_KristenAndSara_f0400,HEVC_E,KristenAndSara,test,0.1,0.1001129150390625,0.05,2026,33bc6f928597d86051be39d29ab94cf1b9b59c8b417e3c11ff0990bf3c10d5c2,admm,26.57688655456473,0.7458829911977053,0.48147458501625806,0.003767444286495447
hevc_KristenAndSara_f0400,HEVC_E,KristenAndSara,test,0.1,0.1001129150390625,0.05,2027,1312b6e05d1c5d6e935ebec07928bda168642b21400e69229e6f7246fcffa8cd,adjoint,23.047165711962553,0.5062534036465516,0.00032905698753893375,0.0028791455551981926
hevc_KristenAndSara_f0400,HEVC_E,KristenAndSara,test,0.1,0.1001129150390625,0.05,2027,1312b6e05d1c5d6e935ebec07928bda168642b21400e69229e6f7246fcffa8cd,fista_dct,23.522635074798313,0.5352149955293811,0.5835851719602942,0.0009273810428567231
hevc_KristenAndSara_f0400,HEVC_E,KristenAndSara,test,0.1,0.1001129150390625,0.05,2027,1312b6e05d1c5d6e935ebec07928bda168642b21400e69229e6f7246fcffa8cd,hqs,26.54783168197889,0.7402530004361272,0.3630833229981363,0.002447072882205248
hevc_KristenAndSara_f0400,HEVC_E,KristenAndSara,test,0.1,0.1001129150390625,0.05,2027,1312b6e05d1c5d6e935ebec07928bda168642b21400e69229e6f7246fcffa8cd,admm,26.705522745978236,0.7536808583504037,0.516587670892477,0.0036123539321124554
hevc_KristenAndSara_f0400,HEVC_E,KristenAndSara,test,0.1,0.1001129150390625,0.05,2028,79912665dce99aea6947cee78ce3fd88af7fb7bde78d3a9251db904bce2a4ea8,adjoint,23.043374180374144,0.5060320731553696,0.0003130739787593484,0.002888703951612115
hevc_KristenAndSara_f0400,HEVC_E,KristenAndSara,test,0.1,0.1001129150390625,0.05,2028,79912665dce99aea6947cee78ce3fd88af7fb7bde78d3a9251db904bce2a4ea8,fista_dct,23.39075681237857,0.5236977142385009,0.5665623520035297,0.0009627126273699105
hevc_KristenAndSara_f0400,HEVC_E,KristenAndSara,test,0.1,0.1001129150390625,0.05,2028,79912665dce99aea6947cee78ce3fd88af7fb7bde78d3a9251db904bce2a4ea8,hqs,26.47487509412562,0.7393634499870464,0.4685289519838989,0.0024160919710993767
hevc_KristenAndSara_f0400,HEVC_E,KristenAndSara,test,0.1,0.1001129150390625,0.05,2028,79912665dce99aea6947cee78ce3fd88af7fb7bde78d3a9251db904bce2a4ea8,admm,26.599196146838892,0.7523930899721585,0.4109361709561199,0.003968474455177784
