image,dataset,sequence,split,cr,actual_cr,sigma,seed,measurement_sha256,method,psnr,ssim,seconds,relative_residual
kodim01,Kodak,kodim01,test,0.1,0.1001129150390625,0.0,2026,40e7cc33fdc3172c07c2679b8848e4ab3416ce89db487b17f58f0cad6529b495,hqs,24.92010058318052,0.6745541009800806,0.33195083297323436,0.0039202370680868626
kodim01,Kodak,kodim01,test,0.1,0.1001129150390625,0.0,2026,40e7cc33fdc3172c07c2679b8848e4ab3416ce89db487b17f58f0cad6529b495,hqs_finetuned,25.216023899726384,0.6891392988304533,0.3320933299837634,0.004492342006415129
kodim01,Kodak,kodim01,test,0.1,0.1001129150390625,0.0,2026,40e7cc33fdc3172c07c2679b8848e4ab3416ce89db487b17f58f0cad6529b495,hqs_last,25.216023899726384,0.6891392988304533,0.33038753899745643,0.004492342006415129
kodim01,Kodak,kodim01,test,0.25,0.25,0.0,2026,560bb999d590907f16f75db9e189cc271fb52748353b059f5e8dcac0eb372667,hqs,28.337345294926774,0.8444972710380554,0.3301010719733313,0.003506054636090994
kodim01,Kodak,kodim01,test,0.25,0.25,0.0,2026,560bb999d590907f16f75db9e189cc271fb52748353b059f5e8dcac0eb372667,hqs_finetuned,28.483979211824114,0.849692727437973,0.331319572054781,0.0037215999327600002
kodim01,Kodak,kodim01,test,0.25,0.25,0.0,2026,560bb999d590907f16f75db9e189cc271fb52748353b059f5e8dcac0eb372667,hqs_last,28.483979211824114,0.849692727437973,0.3310268959030509,0.0037215999327600002
kodim01,Kodak,kodim01,test,0.1,0.1001129150390625,0.01,2026,0885d6f5e9c9eef8695d9f6987cfe2d33e58fefb33dbcc0a248dcc9ac5fcdd4e,hqs,24.833715104510308,0.669165103552457,0.3432702280115336,0.0037864497862756252
kodim01,Kodak,kodim01,test,0.1,0.1001129150390625,0.01,2026,0885d6f5e9c9eef8695d9f6987cfe2d33e58fefb33dbcc0a248dcc9ac5fcdd4e,hqs_finetuned,25.113974587491864,0.684346173342511,0.32999704708345234,0.0043973238207399845
kodim01,Kodak,kodim01,test,0.1,0.1001129150390625,0.01,2026,0885d6f5e9c9eef8695d9f6987cfe2d33e58fefb33dbcc0a248dcc9ac5fcdd4e,hqs_last,25.113974587491864,0.684346173342511,0.33118452806957066,0.0043973238207399845
kodim01,Kodak,kodim01,test,0.1,0.1001129150390625,0.01,2027,23ee99aac06587a25b06d2eb63b9b1d9f17073efe8135abdfbd77b495e134c1f,hqs,24.863885179655433,0.671398796789594,0.3304512819740921,0.0038253962993621826
kodim01,Kodak,kodim01,test,0.1,0.1001129150390625,0.01,2027,23ee99aac06587a25b06d2eb63b9b1d9f17073efe8135abdfbd77b495e134c1f,hqs_finetuned,25.1692915274933,0.6862427448112727,0.3310478839557618,0.004360400605946779
kodim01,Kodak,kodim01,test,0.1,0.1001129150390625,0.01,2027,23ee99aac06587a25b06d2eb63b9b1d9f17073efe8135abdfbd77b495e134c1f,hqs_last,25.1692915274933,0.6862427448112727,0.3286385980900377,0.004360400605946779
kodim01,Kodak,kodim01,test,0.1,0.1001129150390625,0.01,2028,00fee969c613f5d1c1bc07b90f061a1a81ee7f062536773e5982e2274a812029,hqs,24.87283277440666,0.6711998458683193,0.3330180710181594,0.0038205734454095364
kodim01,Kodak,kodim01,test,0.1,0.1001129150390625,0.01,2028,00fee969c613f5d1c1bc07b90f061a1a81ee7f062536773e5982e2274a812029,hqs_finetuned,25.152502234865743,0.6856500170351714,0.3342875329544768,0.004407629836350679
kodim01,Kodak,kodim01,test,0.1,0.1001129150390625,0.01,2028,00fee969c613f5d1c1bc07b90f061a1a81ee7f062536773e5982e2274a812029,hqs_last,25.152502234865743,0.6856500170351714,0.330722343060188,0.004407629836350679
kodim01,Kodak,kodim01,test,0.1,0.1001129150390625,0.05,2026,f2adec02b27f4358d1bebf0de777d7a4afbd21e89c1b32a6223e5450be8c4860,hqs,23.721091589898275,0.5869507003969785,0.33207061199937016,0.0034955786541104317
kodim01,Kodak,kodim01,test,0.1,0.1001129150390625,0.05,2026,f2adec02b27f4358d1bebf0de777d7a4afbd21e89c1b32a6223e5450be8c4860,hqs_finetuned,23.845394044846632,0.595439136076745,0.3333451149519533,0.0035410276614129543
kodim01,Kodak,kodim01,test,0.1,0.1001129150390625,0.05,2026,f2adec02b27f4358d1bebf0de777d7a4afbd21e89c1b32a6223e5450be8c4860,hqs_last,23.845394044846632,0.595439136076745,0.3328611869364977,0.0035410276614129543
kodim01,Kodak,kodim01,test,0.1,0.1001129150390625,0.05,2027,5c7ca26ccbc2cfcab0ba7ceb0ed96848a235f4d64fc8edd8f0b577c57dbcd1fe,hqs,23.836204220682745,0.5971409397840673,0.33197923796251416,0.0034546260721981525
kodim01,Kodak,kodim01,test,0.1,0.1001129150390625,0.05,2027,5c7ca26ccbc2cfcab0ba7ceb0ed96848a235f4d64fc8edd8f0b577c57dbcd1fe,hqs_finetuned,23.94404836806568,0.6048239399369759,0.3320097760297358,0.003412781050428748
kodim01,Kodak,kodim01,test,0.1,0.1001129150390625,0.05,2027,5c7ca26ccbc2cfcab0ba7ceb0ed96848a235f4d64fc8edd8f0b577c57dbcd1fe,hqs_last,23.94404836806568,0.6048239399369759,0.3323536970419809,0.003412781050428748
kodim01,Kodak,kodim01,test,0.1,0.1001129150390625,0.05,2028,3a43eab3a49ca6bf20b9330c7df1fc1b51872449fb83d33383ede9d326bc25ce,hqs,23.815888947992402,0.5966635068784207,0.33288869890384376,0.0036015589721500874
kodim01,Kodak,kodim01,test,0.1,0.1001129150390625,0.05,2028,3a43eab3a49ca6bf20b9330c7df1fc1b51872449fb83d33383ede9d326bc25ce,hqs_finetuned,23.92436795456498,0.6040600804672847,0.3331447549862787,0.0036168762017041445
kodim01,Kodak,kodim01,test,0.1,0.1001129150390625,0.05,2028,3a43eab3a49ca6bf20b9330c7df1fc1b51872449fb83d33383ede9d326bc25ce,hqs_last,23.92436795456498,0.6040600804672847,0.3314379140501842,0.0036168762017041445
kodim02,Kodak,kodim02,test,0.1,0.1001129150390625,0.0,2026,2c2df344729ecb30d9b705885887aaba82025f2081c545cc5865754a9579aff6,hqs,33.18084626284823,0.8531527228868008,0.33092472900170833,0.002243457827717066
kodim02,Kodak,kodim02,test,0.1,0.1001129150390625,0.0,2026,2c2df344729ecb30d9b705885887aaba82025f2081c545cc5865754a9579aff6,hqs_finetuned,33.2464779785832,0.8547232788020372,0.3343651039758697,0.002632357645779848
kodim02,Kodak,kodim02,test,0.1,0.1001129150390625,0.0,2026,2c2df344729ecb30d9b705885887aaba82025f2081c545cc5865754a9579aff6,hqs_last,33.2464779785832,0.8547232788020372,0.332833549939096,0.002632357645779848
kodim02,Kodak,kodim02,test,0.25,0.25,0.0,2026,0e67eb543e56f17aa5c6e5fb5abedf66750d82becae90da29e28c479b6ac462d,hqs,36.26408046864129,0.9185647877278328,0.3672014439944178,0.0017090996261686087
kodim02,Kodak,kodim02,test,0.25,0.25,0.0,2026,0e67eb543e56f17aa5c6e5fb5abedf66750d82becae90da29e28c479b6ac462d,hqs_finetuned,36.446710919071364,0.9214577102966308,0.33693109394516796,0.0020974159706383944
kodim02,Kodak,kodim02,test,0.25,0.25,0.0,2026,0e67eb543e56f17aa5c6e5fb5abedf66750d82becae90da29e28c479b6ac462d,hqs_last,36.446710919071364,0.9214577102966308,0.33676013501826674,0.0020974159706383944
kodim02,Kodak,kodim02,test,0.1,0.1001129150390625,0.01,2026,066603e99ab35536c995a1cc3a2d49975067f7d2566756c0679422c66db70ef7,hqs,32.9334374392101,0.8454821119946241,0.3360359630314633,0.0020850892178714275
kodim02,Kodak,kodim02,test,0.1,0.1001129150390625,0.01,2026,066603e99ab35536c995a1cc3a2d49975067f7d2566756c0679422c66db70ef7,hqs_finetuned,32.95287710898042,0.8463268599998951,0.3357398529769853,0.002396578900516033
kodim02,Kodak,kodim02,test,0.1,0.1001129150390625,0.01,2026,066603e99ab35536c995a1cc3a2d49975067f7d2566756c0679422c66db70ef7,hqs_last,32.95287710898042,0.8463268599998951,0.3368631210178137,0.002396578900516033
kodim02,Kodak,kodim02,test,0.1,0.1001129150390625,0.01,2027,518282878fe96fbcfb28f1d9ad518c5fb2f052717ec1040053aa08b40c706b96,hqs,32.919651230515825,0.8454876096692086,0.3405413869768381,0.0020554978400468826
kodim02,Kodak,kodim02,test,0.1,0.1001129150390625,0.01,2027,518282878fe96fbcfb28f1d9ad518c5fb2f052717ec1040053aa08b40c706b96,hqs_finetuned,32.97238662314729,0.847362387171626,0.3353176510427147,0.0024656374007463455
kodim02,Kodak,kodim02,test,0.1,0.1001129150390625,0.01,2027,518282878fe96fbcfb28f1d9ad518c5fb2f052717ec1040053aa08b40c706b96,hqs_last,32.97238662314729,0.847362387171626,0.33961551100946963,0.0024656374007463455
kodim02,Kodak,kodim02,test,0.1,0.1001129150390625,0.01,2028,cd949becc22a822c498b6afa73393d8d6fa76798a5c59c5b01aeded8aae170ba,hqs,32.939903542956536,0.8458005973243713,0.3400645679794252,0.002073772717267275
kodim02,Kodak,kodim02,test,0.1,0.1001129150390625,0.01,2028,cd949becc22a822c498b6afa73393d8d6fa76798a5c59c5b01aeded8aae170ba,hqs_finetuned,32.97617615960246,0.8470963708367347,0.3365094020264223,0.002457357244566083
kodim02,Kodak,kodim02,test,0.1,0.1001129150390625,0.01,2028,cd949becc22a822c498b6afa73393d8d6fa76798a5c59c5b01aeded8aae170ba,hqs_last,32.97617615960246,0.8470963708367347,0.33793973200954497,0.002457357244566083
kodim02,Kodak,kodim02,test,0.1,0.1001129150390625,0.05,2026,721a77e6744b7e19b418c5cc2478d39020f46560aa54a63b8cee134c9a62afda,hqs,30.53429692767958,0.7332678942711354,0.3449824700364843,0.0016484769294038415
kodim02,Kodak,kodim02,test,0.1,0.1001129150390625,0.05,2026,721a77e6744b7e19b418c5cc2478d39020f46560aa54a63b8cee134c9a62afda,hqs_finetuned,30.53958086494557,0.7356210339591503,0.3406294329324737,0.0017018745420500636
kodim02,Kodak,kodim02,test,0.1,0.1001129150390625,0.05,2026,721a77e6744b7e19b418c5cc2478d39020f46560aa54a63b8cee134c9a62afda,hqs_last,30.53958086494557,0.7356210339591503,0.3375885299174115,0.0017018745420500636
kodim02,Kodak,kodim02,test,0.1,0.1001129150390625,0.05,2027,17b1a758dc52c6eeda6168d5c2f72442ac1339aeedade7e02c50cfd11a06ee1b,hqs,30.486619262058316,0.7276830406367779,0.3338755499571562,0.0017978362739086151
kodim02,Kodak,kodim02,test,0.1,0.1001129150390625,0.05,2027,17b1a758dc52c6eeda6168d5c2f72442ac1339aeedade7e02c50cfd11a06ee1b,hqs_finetuned,30.48350418328077,0.7298575876948833,0.33620617096312344,0.0016588662983849645
kodim02,Kodak,kodim02,test,0.1,0.1001129150390625,0.05,2027,17b1a758dc52c6eeda6168d5c2f72442ac1339aeedade7e02c50cfd11a06ee1b,hqs_last,30.48350418328077,0.7298575876948833,0.332815233967267,0.0016588662983849645
kodim02,Kodak,kodim02,test,0.1,0.1001129150390625,0.05,2028,2a01f2020244849188f84c985a59bb575d6561606b3871ec1922490fd602d874,hqs,30.444177153992538,0.7267362504160404,0.33556201099418104,0.0020118176471441984
kodim02,Kodak,kodim02,test,0.1,0.1001129150390625,0.05,2028,2a01f2020244849188f84c985a59bb575d6561606b3871ec1922490fd602d874,hqs_finetuned,30.44012628748898,0.7282537234867811,0.33267624396830797,0.0018554083071649075
kodim02,Kodak,kodim02,test,0.1,0.1001129150390625,0.05,2028,2a01f2020244849188f84c985a59bb575d6561606b3871ec1922490fd602d874,hqs_last,30.44012628748898,0.7282537234867811,0.33139377704355866,0.0018554083071649075
kodim03,Kodak,kodim03,test,0.1,0.1001129150390625,0.0,2026,22da5bd8200cf4b7035f95f616a05db3abc83b384d556529c7cc3011fcf1a7e0,hqs,35.98648949975009,0.9379115232844353,0.3383267030585557,0.0016364394687116146
kodim03,Kodak,kodim03,test,0.1,0.1001129150390625,0.0,2026,22da5bd8200cf4b7035f95f616a05db3abc83b384d556529c7cc3011fcf1a7e0,hqs_finetuned,36.2081074106571,0.9393006405386924,0.3371302339946851,0.0017889576265588403
kodim03,Kodak,kodim03,test,0.1,0.1001129150390625,0.0,2026,22da5bd8200cf4b7035f95f616a05db3abc83b384d556529c7cc3011fcf1a7e0,hqs_last,36.2081074106571,0.9393006405386924,0.3342645540833473,0.0017889576265588403
kodim03,Kodak,kodim03,test,0.25,0.25,0.0,2026,65036dd5536d2b0b46e2b865b5993a83a8a8a73fa5c8bb1c748b9dd0bb750491,hqs,40.534907127794725,0.9710301630029678,0.3324018770363182,0.0012232521548867226
kodim03,Kodak,kodim03,test,0.25,0.25,0.0,2026,65036dd5536d2b0b46e2b865b5993a83a8a8a73fa5c8bb1c748b9dd0bb750491,hqs_finetuned,40.75280373323517,0.9724223430614471,0.33514766301959753,0.001528609893284738
kodim03,Kodak,kodim03,test,0.25,0.25,0.0,2026,65036dd5536d2b0b46e2b865b5993a83a8a8a73fa5c8bb1c748b9dd0bb750491,hqs_last,40.75280373323517,0.9724223430614471,0.337551502045244,0.001528609893284738
kodim03,Kodak,kodim03,test,0.1,0.1001129150390625,0.01,2026,45b83599b707614afc8223bcc326c3b594c8a0ff851c6590b6395f4671e53e0a,hqs,35.135936029424634,0.9256201216349602,0.3380090990103781,0.0014227594947442412
kodim03,Kodak,kodim03,test,0.1,0.1001129150390625,0.01,2026,45b83599b707614afc8223bcc326c3b594c8a0ff851c6590b6395f4671e53e0a,hqs_finetuned,35.2903945757822,0.9273822931165695,0.33630529895890504,0.0015472534578293562
kodim03,Kodak,kodim03,test,0.1,0.1001129150390625,0.01,2026,45b83599b707614afc8223bcc326c3b594c8a0ff851c6590b6395f4671e53e0a,hqs_last,35.2903945757822,0.9273822931165695,0.3351841720286757,0.0015472534578293562
kodim03,Kodak,kodim03,test,0.1,0.1001129150390625,0.01,2027,c28743e448bc21cbf52ec182b23f77e25203422bf74feff70ee19f89f9eaf7e3,hqs,35.091911723370416,0.9252388827419281,0.3376472849631682,0.0013117287307977676
kodim03,Kodak,kodim03,test,0.1,0.1001129150390625,0.01,2027,c28743e448bc21cbf52ec182b23f77e25203422bf74feff70ee19f89f9eaf7e3,hqs_finetuned,35.30368844280848,0.9275337374982834,0.3358719499083236,0.0014935252256691456
kodim03,Kodak,kodim03,test,0.1,0.1001129150390625,0.01,2027,c28743e448bc21cbf52ec182b23f77e25203422bf74feff70ee19f89f9eaf7e3,hqs_last,35.30368844280848,0.9275337374982834,0.3360769610153511,0.0014935252256691456
kodim03,Kodak,kodim03,test,0.1,0.1001129150390625,0.01,2028,5a566a5c72e3aa6ccfa61850eb0e86dfe464eb117bef29dea3edf0f15233a096,hqs,35.167359690623854,0.9251941003527642,0.3366386870620772,0.0013846165966242552
kodim03,Kodak,kodim03,test,0.1,0.1001129150390625,0.01,2028,5a566a5c72e3aa6ccfa61850eb0e86dfe464eb117bef29dea3edf0f15233a096,hqs_finetuned,35.33795199343851,0.926960743891716,0.3387474570190534,0.0015297600766643882
kodim03,Kodak,kodim03,test,0.1,0.1001129150390625,0.01,2028,5a566a5c72e3aa6ccfa61850eb0e86dfe464eb117bef29dea3edf0f15233a096,hqs_last,35.33795199343851,0.926960743891716,0.33714817301370203,0.0015297600766643882
kodim03,Kodak,kodim03,test,0.1,0.1001129150390625,0.05,2026,227fa08a0a674aa174112cec4718522f4f09c45326520821eca36094fb228ecc,hqs,30.742340896990395,0.756192338481903,0.3347113550407812,0.0016168199945241213
kodim03,Kodak,kodim03,test,0.1,0.1001129150390625,0.05,2026,227fa08a0a674aa174112cec4718522f4f09c45326520821eca36094fb228ecc,hqs_finetuned,30.777148913756093,0.7608638017933369,0.33478906692471355,0.0016553120221942663
kodim03,Kodak,kodim03,test,0.1,0.1001129150390625,0.05,2026,227fa08a0a674aa174112cec4718522f4f09c45326520821eca36094fb228ecc,hqs_last,30.777148913756093,0.7608638017933369,0.3368094430770725,0.0016553120221942663
kodim03,Kodak,kodim03,test,0.1,0.1001129150390625,0.05,2027,f27a36ce9832650f16b5a2f1be3233902606b0f86dd18cb7046bdc10ba200994,hqs,30.64185180462384,0.7603323304662705,0.3338171950308606,0.0016945304814726114
kodim03,Kodak,kodim03,test,0.1,0.1001129150390625,0.05,2027,f27a36ce9832650f16b5a2f1be3233902606b0f86dd18cb7046bdc10ba200994,hqs_finetuned,30.673570875273384,0.7649396965463161,0.33852384600322694,0.0017483884003013372
kodim03,Kodak,kodim03,test,0.1,0.1001129150390625,0.05,2027,f27a36ce9832650f16b5a2f1be3233902606b0f86dd18cb7046bdc10ba200994,hqs_last,30.673570875273384,0.7649396965463161,0.3389093290315941,0.0017483884003013372
kodim03,Kodak,kodim03,test,0.1,0.1001129150390625,0.05,2028,baae74f6bb3717cd82c7100e0f1fad2c53354524c4d4c581ee0a5d88f845523e,hqs,30.60405748674497,0.7478856833009719,0.335435040993616,0.0015382335986942053
kodim03,Kodak,kodim03,test,0.1,0.1001129150390625,0.05,2028,baae74f6bb3717cd82c7100e0f1fad2c53354524c4d4c581ee0a5d88f845523e,hqs_finetuned,30.644123254472095,0.7519044996722937,0.3350181659916416,0.0016180709935724735
kodim03,Kodak,kodim03,test,0.1,0.1001129150390625,0.05,2028,baae74f6bb3717cd82c7100e0f1fad2c53354524c4d4c581ee0a5d88f845523e,hqs_last,30.644123254472095,0.7519044996722937,0.3357249170076102,0.0016180709935724735
kodim04,Kodak,kodim04,test,0.1,0.1001129150390625,0.0,2026,4f84fc23e66d02c05cfdae6fc398ae9b02ecc776dff63c6c7a377b89f3ddaefa,hqs,33.88674689623532,0.888631023633957,0.33632295101415366,0.002092525130137801
kodim04,Kodak,kodim04,test,0.1,0.1001129150390625,0.0,2026,4f84fc23e66d02c05cfdae6fc398ae9b02ecc776dff63c6c7a377b89f3ddaefa,hqs_finetuned,33.94855123380304,0.8891330282063484,0.33381540002301335,0.0023440823424607515
kodim04,Kodak,kodim04,test,0.1,0.1001129150390625,0.0,2026,4f84fc23e66d02c05cfdae6fc398ae9b02ecc776dff63c6c7a377b89f3ddaefa,hqs_last,33.94855123380304,0.8891330282063484,0.3322954890318215,0.0023440823424607515
kodim04,Kodak,kodim04,test,0.25,0.25,0.0,2026,4fd411756b46eb27ee005030484b35e8744d4cac1a6f7da892194cb484ef0ade,hqs,37.44694241522331,0.9424057269697189,0.33950246102176607,0.0017184789758175611
kodim04,Kodak,kodim04,test,0.25,0.25,0.0,2026,4fd411756b46eb27ee005030484b35e8744d4cac1a6f7da892194cb484ef0ade,hqs_finetuned,37.50790877228029,0.9429309061899185,0.3348998170113191,0.0019208439625799656
kodim04,Kodak,kodim04,test,0.25,0.25,0.0,2026,4fd411756b46eb27ee005030484b35e8744d4cac1a6f7da892194cb484ef0ade,hqs_last,37.50790877228029,0.9429309061899185,0.3352378570707515,0.0019208439625799656
kodim04,Kodak,kodim04,test,0.1,0.1001129150390625,0.01,2026,e15ed4fabb6d22a16a9db43998df6f476a329e00c0142ac1b9c284cbe58ed6bf,hqs,33.500253267649924,0.8808400525755882,0.33364118600729853,0.0020141582936048508
kodim04,Kodak,kodim04,test,0.1,0.1001129150390625,0.01,2026,e15ed4fabb6d22a16a9db43998df6f476a329e00c0142ac1b9c284cbe58ed6bf,hqs_finetuned,33.52455313396132,0.8813552889466286,0.33562453102786094,0.002185664838179946
kodim04,Kodak,kodim04,test,0.1,0.1001129150390625,0.01,2026,e15ed4fabb6d22a16a9db43998df6f476a329e00c0142ac1b9c284cbe58ed6bf,hqs_last,33.52455313396132,0.8813552889466286,0.3337569470750168,0.002185664838179946
kodim04,Kodak,kodim04,test,0.1,0.1001129150390625,0.01,2027,eeb7e5b4b17546a9283e2791fe6a4a557fd9186edb8fd99fa73fd44af530840f,hqs,33.527214694923025,0.8813100826816559,0.3349828819045797,0.0020805303938686848
kodim04,Kodak,kodim04,test,0.1,0.1001129150390625,0.01,2027,eeb7e5b4b17546a9283e2791fe6a4a557fd9186edb8fd99fa73fd44af530840f,hqs_finetuned,33.53634285556605,0.8816655995993614,0.33267655805684626,0.0022844199556857347
kodim04,Kodak,kodim04,test,0.1,0.1001129150390625,0.01,2027,eeb7e5b4b17546a9283e2791fe6a4a557fd9186edb8fd99fa73fd44af530840f,hqs_last,33.53634285556605,0.8816655995993614,0.33161154901608825,0.0022844199556857347
kodim04,Kodak,kodim04,test,0.1,0.1001129150390625,0.01,2028,d618b17c3fb9d7a840dfc41b1b93ba073eeb643de2919c4d0764df8ee1a7edbb,hqs,33.53847339971494,0.8802132057504654,0.33589634799864143,0.00202508014626801
kodim04,Kodak,kodim04,test,0.1,0.1001129150390625,0.01,2028,d618b17c3fb9d7a840dfc41b1b93ba073eeb643de2919c4d0764df8ee1a7edbb,hqs_finetuned,33.560760239822535,0.8803911929092407,0.3337771010119468,0.0021808005403727293
kodim04,Kodak,kodim04,test,0.1,0.1001129150390625,0.01,2028,d618b17c3fb9d7a840dfc41b1b93ba073eeb643de2919c4d0764df8ee1a7edbb,hqs_last,33.560760239822535,0.8803911929092407,0.33832163305487484,0.0021808005403727293
kodim04,Kodak,kodim04,test,0.1,0.1001129150390625,0.05,2026,6ea459c8ee538795b38228f45b82bdd54e2c507a50c5ef21dfe44013151fc45e,hqs,30.075737433787054,0.763855515045166,0.332631692988798,0.0019091912545263767
kodim04,Kodak,kodim04,test,0.1,0.1001129150390625,0.05,2026,6ea459c8ee538795b38228f45b82bdd54e2c507a50c5ef21dfe44013151fc45e,hqs_finetuned,30.048419574867687,0.7653748915216326,0.33671073394361883,0.0017784511437639594
kodim04,Kodak,kodim04,test,0.1,0.1001129150390625,0.05,2026,6ea459c8ee538795b38228f45b82bdd54e2c507a50c5ef21dfe44013151fc45e,hqs_last,30.048419574867687,0.7653748915216326,0.3328746329061687,0.0017784511437639594
kodim04,Kodak,kodim04,test,0.1,0.1001129150390625,0.05,2027,ad0e8abd5033505bf1e52503dfbcd7115882652f7696cdc55be93d4addb0273c,hqs,29.969862316848822,0.7596639459654689,0.3324751630425453,0.0018497619312256575
kodim04,Kodak,kodim04,test,0.1,0.1001129150390625,0.05,2027,ad0e8abd5033505bf1e52503dfbcd7115882652f7696cdc55be93d4addb0273c,hqs_finetuned,29.936743284266445,0.7615073642430902,0.3327496020356193,0.0016916408203542233
kodim04,Kodak,kodim04,test,0.1,0.1001129150390625,0.05,2027,ad0e8abd5033505bf1e52503dfbcd7115882652f7696cdc55be93d4addb0273c,hqs_last,29.936743284266445,0.7615073642430902,0.33181150897871703,0.0016916408203542233
kodim04,Kodak,kodim04,test,0.1,0.1001129150390625,0.05,2028,6fa70e15911210f32261f9291a5dfec24eb2c3116c1a044771ab4c468541765c,hqs,30.114307117878315,0.75764936582613,0.3339588170638308,0.0017445130506530404
kodim04,Kodak,kodim04,test,0.1,0.1001129150390625,0.05,2028,6fa70e15911210f32261f9291a5dfec24eb2c3116c1a044771ab4c468541765c,hqs_finetuned,30.10335843421573,0.7587295036932826,0.33170221000909805,0.0016675986116752028
kodim04,Kodak,kodim04,test,0.1,0.1001129150390625,0.05,2028,6fa70e15911210f32261f9291a5dfec24eb2c3116c1a044771ab4c468541765c,hqs_last,30.10335843421573,0.7587295036932826,0.3293747869320214,0.0016675986116752028
kodim05,Kodak,kodim05,test,0.1,0.1001129150390625,0.0,2026,38f7685a89b23fcf63ad528324b78b7e66087c343f2bffcbed8698b72f286bde,hqs,23.38881723515994,0.741440284360528,0.33685102802701294,0.006096930708736181
kodim05,Kodak,kodim05,test,0.1,0.1001129150390625,0.0,2026,38f7685a89b23fcf63ad528324b78b7e66087c343f2bffcbed8698b72f286bde,hqs_finetuned,23.41285477442873,0.7419491739598513,0.33929801103658974,0.0057363733649253845
kodim05,Kodak,kodim05,test,0.1,0.1001129150390625,0.0,2026,38f7685a89b23fcf63ad528324b78b7e66087c343f2bffcbed8698b72f286bde,hqs_last,23.41285477442873,0.7419491739598513,0.3348630761029199,0.0057363733649253845
kodim05,Kodak,kodim05,test,0.25,0.25,0.0,2026,24ba0d513653e12e879ed440811efafb48e0d0bacf829d069f05bd491c8da1c6,hqs,27.16762711086234,0.8879292124252319,0.333996164961718,0.0045083449222147465
kodim05,Kodak,kodim05,test,0.25,0.25,0.0,2026,24ba0d513653e12e879ed440811efafb48e0d0bacf829d069f05bd491c8da1c6,hqs_finetuned,27.285722829630934,0.8894810388698577,0.332097998005338,0.00448957271873951
kodim05,Kodak,kodim05,test,0.25,0.25,0.0,2026,24ba0d513653e12e879ed440811efafb48e0d0bacf829d069f05bd491c8da1c6,hqs_last,27.285722829630934,0.8894810388698577,0.33225138392299414,0.00448957271873951
kodim05,Kodak,kodim05,test,0.1,0.1001129150390625,0.01,2026,25cc8c37296259d6953d42ea5bedadf39d65fb8a1fb4ec05f83a9835491856f7,hqs,23.35166027976348,0.7397907246533633,0.33287977101281285,0.005859880708158016
kodim05,Kodak,kodim05,test,0.1,0.1001129150390625,0.01,2026,25cc8c37296259d6953d42ea5bedadf39d65fb8a1fb4ec05f83a9835491856f7,hqs_finetuned,23.376353727887278,0.7403164745984078,0.3351010150508955,0.0055155702866613865
kodim05,Kodak,kodim05,test,0.1,0.1001129150390625,0.01,2026,25cc8c37296259d6953d42ea5bedadf39d65fb8a1fb4ec05f83a9835491856f7,hqs_last,23.376353727887278,0.7403164745984078,0.3347508090082556,0.0055155702866613865
kodim05,Kodak,kodim05,test,0.1,0.1001129150390625,0.01,2027,f586d459e6be16b11e23cc63d50793310ef40c05438287cf2d6cd008cab7a3d2,hqs,23.363691278902074,0.7395915515928269,0.3432251599151641,0.006043140310794115
kodim05,Kodak,kodim05,test,0.1,0.1001129150390625,0.01,2027,f586d459e6be16b11e23cc63d50793310ef40c05438287cf2d6cd008cab7a3d2,hqs_finetuned,23.387380349494215,0.7401711134679914,0.330117114004679,0.0056601762771606445
kodim05,Kodak,kodim05,test,0.1,0.1001129150390625,0.01,2027,f586d459e6be16b11e23cc63d50793310ef40c05438287cf2d6cd008cab7a3d2,hqs_last,23.387380349494215,0.7401711134679914,0.32943918800447136,0.0056601762771606445
kodim05,Kodak,kodim05,test,0.1,0.1001129150390625,0.01,2028,4c8de43816088bf7d66658d7a630edf472421da51fe93a537a1d70a988069740,hqs,23.343893999976522,0.7395370522209406,0.32933931599836797,0.005958706606179476
kodim05,Kodak,kodim05,test,0.1,0.1001129150390625,0.01,2028,4c8de43816088bf7d66658d7a630edf472421da51fe93a537a1d70a988069740,hqs_finetuned,23.36630915863681,0.7400360322744847,0.33072433597408235,0.005619180388748646
kodim05,Kodak,kodim05,test,0.1,0.1001129150390625,0.01,2028,4c8de43816088bf7d66658d7a630edf472421da51fe93a537a1d70a988069740,hqs_last,23.36630915863681,0.7400360322744847,0.33288654300849885,0.005619180388748646
kodim05,Kodak,kodim05,test,0.1,0.1001129150390625,0.05,2026,7f8292d68f8c3d81227215d22d77b0c832d8a6c0808a16cfa13600a336e577c5,hqs,22.721520817538252,0.7083115065958686,0.3306305870646611,0.005098172463476658
kodim05,Kodak,kodim05,test,0.1,0.1001129150390625,0.05,2026,7f8292d68f8c3d81227215d22d77b0c832d8a6c0808a16cfa13600a336e577c5,hqs_finetuned,22.74736681259229,0.709136781760361,0.33243706298526376,0.004570134449750185
kodim05,Kodak,kodim05,test,0.1,0.1001129150390625,0.05,2026,7f8292d68f8c3d81227215d22d77b0c832d8a6c0808a16cfa13600a336e577c5,hqs_last,22.74736681259229,0.709136781760361,0.33332769200205803,0.004570134449750185
kodim05,Kodak,kodim05,test,0.1,0.1001129150390625,0.05,2027,dbc4156e1e750f39a6d1afb7153332cdf9281e8f1cf4e743160ea3e910c099f3,hqs,22.744648662015464,0.7062113048323747,0.3284228080883622,0.005331047344952822
kodim05,Kodak,kodim05,test,0.1,0.1001129150390625,0.05,2027,dbc4156e1e750f39a6d1afb7153332cdf9281e8f1cf4e743160ea3e910c099f3,hqs_finetuned,22.758885024371985,0.706744926912441,0.3311759950593114,0.004793515428900719
kodim05,Kodak,kodim05,test,0.1,0.1001129150390625,0.05,2027,dbc4156e1e750f39a6d1afb7153332cdf9281e8f1cf4e743160ea3e910c099f3,hqs_last,22.758885024371985,0.706744926912441,0.33049973496235907,0.004793515428900719
kodim05,Kodak,kodim05,test,0.1,0.1001129150390625,0.05,2028,1dce9467e4ae389c544324ac2886ced026cb21d78df4d986cd8ddc0429cf7670,hqs,22.67969896570086,0.7066670336135775,0.33404017402790487,0.0050576175563037395
kodim05,Kodak,kodim05,test,0.1,0.1001129150390625,0.05,2028,1dce9467e4ae389c544324ac2886ced026cb21d78df4d986cd8ddc0429cf7670,hqs_finetuned,22.68945887950474,0.7071321732410788,0.33094004809390754,0.00464088749140501
kodim05,Kodak,kodim05,test,0.1,0.1001129150390625,0.05,2028,1dce9467e4ae389c544324ac2886ced026cb21d78df4d986cd8ddc0429cf7670,hqs_last,22.68945887950474,0.7071321732410788,0.33023872098419815,0.00464088749140501
kodim06,Kodak,kodim06,test,0.1,0.1001129150390625,0.0,2026,afe752bf66f6ef69921ae60671d27c03f2a0735b29e02a5aabb7839d8cae202b,hqs,27.870381363000114,0.7566214546398521,0.32982306298799813,0.002333077136427164
kodim06,Kodak,kodim06,test,0.1,0.1001129150390625,0.0,2026,afe752bf66f6ef69921ae60671d27c03f2a0735b29e02a5aabb7839d8cae202b,hqs_finetuned,27.91027050091049,0.7587922767609022,0.3298211880028248,0.0023969165049493313
kodim06,Kodak,kodim06,test,0.1,0.1001129150390625,0.0,2026,afe752bf66f6ef69921ae60671d27c03f2a0735b29e02a5aabb7839d8cae202b,hqs_last,27.91027050091049,0.7587922767609022,0.3314100760035217,0.0023969165049493313
kodim06,Kodak,kodim06,test,0.25,0.25,0.0,2026,ff710ea5963f0365a7ace2ed9fa58c66886aa911eb66cdafdf6afebae781a417,hqs,31.025706199037764,0.8734833474702836,0.3371793820988387,0.0020690870005637407
kodim06,Kodak,kodim06,test,0.25,0.25,0.0,2026,ff710ea5963f0365a7ace2ed9fa58c66886aa911eb66cdafdf6afebae781a417,hqs_finetuned,31.100476465093394,0.8755418368415833,0.3291750008938834,0.0023671817034482956
kodim06,Kodak,kodim06,test,0.25,0.25,0.0,2026,ff710ea5963f0365a7ace2ed9fa58c66886aa911eb66cdafdf6afebae781a417,hqs_last,31.100476465093394,0.8755418368415833,0.33078255492728204,0.0023671817034482956
kodim06,Kodak,kodim06,test,0.1,0.1001129150390625,0.01,2026,1c95ef781f6d38feb19265641b12dae2c6a0e274df6fb12f90ad56b3eb5ffef2,hqs,27.65203468269967,0.7442136590437293,0.3342492299852893,0.0021471285726875067
kodim06,Kodak,kodim06,test,0.1,0.1001129150390625,0.01,2026,1c95ef781f6d38feb19265641b12dae2c6a0e274df6fb12f90ad56b3eb5ffef2,hqs_finetuned,27.65725800792927,0.7456332807244659,0.3293338939547539,0.0021999168675392866
kodim06,Kodak,kodim06,test,0.1,0.1001129150390625,0.01,2026,1c95ef781f6d38feb19265641b12dae2c6a0e274df6fb12f90ad56b3eb5ffef2,hqs_last,27.65725800792927,0.7456332807244659,0.3283032790059224,0.0021999168675392866
kodim06,Kodak,kodim06,test,0.1,0.1001129150390625,0.01,2027,d8027f41e5ccd043a8fabc1338755f2f8520f4c30b7d6e88ea2ff5b3784b4041,hqs,27.632313102054106,0.7446242543687634,0.33066301699727774,0.0022501859348267317
kodim06,Kodak,kodim06,test,0.1,0.1001129150390625,0.01,2027,d8027f41e5ccd043a8fabc1338755f2f8520f4c30b7d6e88ea2ff5b3784b4041,hqs_finetuned,27.624266575980357,0.7457070361840427,0.3299621850019321,0.002294028177857399
kodim06,Kodak,kodim06,test,0.1,0.1001129150390625,0.01,2027,d8027f41e5ccd043a8fabc1338755f2f8520f4c30b7d6e88ea2ff5b3784b4041,hqs_last,27.624266575980357,0.7457070361840427,0.32960800104774535,0.002294028177857399
kodim06,Kodak,kodim06,test,0.1,0.1001129150390625,0.01,2028,f4bd4abbf0c7da21c034871e3f4bcfe0bf025f70a7997ca74890462aadf1d4fd,hqs,27.65453178131757,0.74557373428718,0.3285139399813488,0.0021676672622561455
kodim06,Kodak,kodim06,test,0.1,0.1001129150390625,0.01,2028,f4bd4abbf0c7da21c034871e3f4bcfe0bf025f70a7997ca74890462aadf1d4fd,hqs_finetuned,27.647112551430876,0.7469996667635217,0.3840557789662853,0.0022496976889669895
kodim06,Kodak,kodim06,test,0.1,0.1001129150390625,0.01,2028,f4bd4abbf0c7da21c034871e3f4bcfe0bf025f70a7997ca74890462aadf1d4fd,hqs_last,27.647112551430876,0.7469996667635217,0.34028633299749345,0.0022496976889669895
kodim06,Kodak,kodim06,test,0.1,0.1001129150390625,0.05,2026,c18d96d7ee4152a93a1216794fbb19f5d198531b29574f9a3de3d9d53dee3c74,hqs,25.335466344075343,0.5724331918355617,0.3319212750066072,0.0021635594312101603
kodim06,Kodak,kodim06,test,0.1,0.1001129150390625,0.05,2026,c18d96d7ee4152a93a1216794fbb19f5d198531b29574f9a3de3d9d53dee3c74,hqs_finetuned,25.30765428682237,0.5759758471489586,0.33181675197556615,0.0020525921136140823
kodim06,Kodak,kodim06,test,0.1,0.1001129150390625,0.05,2026,c18d96d7ee4152a93a1216794fbb19f5d198531b29574f9a3de3d9d53dee3c74,hqs_last,25.30765428682237,0.5759758471489586,0.3313673409866169,0.0020525921136140823
kodim06,Kodak,kodim06,test,0.1,0.1001129150390625,0.05,2027,a0e0a2ed6855971601a79199e9806c35014e3bf0bb38223990d546e1d88664a0,hqs,25.291481666125737,0.5729201911485555,0.3306534419534728,0.002385400701314211
kodim06,Kodak,kodim06,test,0.1,0.1001129150390625,0.05,2027,a0e0a2ed6855971601a79199e9806c35014e3bf0bb38223990d546e1d88664a0,hqs_finetuned,25.258433776834277,0.5758289794325512,0.33265503705479205,0.0022408338263630867
kodim06,Kodak,kodim06,test,0.1,0.1001129150390625,0.05,2027,a0e0a2ed6855971601a79199e9806c35014e3bf0bb38223990d546e1d88664a0,hqs_last,25.258433776834277,0.5758289794325512,0.3332374859601259,0.0022408338263630867
kodim06,Kodak,kodim06,test,0.1,0.1001129150390625,0.05,2028,701e9675bdaf7af600692a7569929594cf4e2a625a60cf19026b107631faee14,hqs,25.359579601868884,0.5723884107826352,0.3316855040611699,0.0019513778388500214
kodim06,Kodak,kodim06,test,0.1,0.1001129150390625,0.05,2028,701e9675bdaf7af600692a7569929594cf4e2a625a60cf19026b107631faee14,hqs_finetuned,25.336946774070288,0.5755119166801665,0.3387511170003563,0.0018142755143344402
kodim06,Kodak,kodim06,test,0.1,0.1001129150390625,0.05,2028,701e9675bdaf7af600692a7569929594cf4e2a625a60cf19026b107631faee14,hqs_last,25.336946774070288,0.5755119166801665,0.3361434220569208,0.0018142755143344402
kodim07,Kodak,kodim07,test,0.1,0.1001129150390625,0.0,2026,b35259fa538e5217d29ed0176f52f8ecb54ad687c7a2763abfcab66385205591,hqs,31.655622950801487,0.9338027429535389,0.3361159390769899,0.004382237326353788
kodim07,Kodak,kodim07,test,0.1,0.1001129150390625,0.0,2026,b35259fa538e5217d29ed0176f52f8ecb54ad687c7a2763abfcab66385205591,hqs_finetuned,31.899672439269544,0.936882677337408,0.3449134089751169,0.004946466535329819
kodim07,Kodak,kodim07,test,0.1,0.1001129150390625,0.0,2026,b35259fa538e5217d29ed0176f52f8ecb54ad687c7a2763abfcab66385205591,hqs_last,31.899672439269544,0.936882677337408,0.3353982559638098,0.004946466535329819
kodim07,Kodak,kodim07,test,0.25,0.25,0.0,2026,258af0dbc2829156cd9225372e125e8e766f194296ccee34c14462cc0036e110,hqs,37.727644213774774,0.9806497802801132,0.3503326619975269,0.0022162857931107283
kodim07,Kodak,kodim07,test,0.25,0.25,0.0,2026,258af0dbc2829156cd9225372e125e8e766f194296ccee34c14462cc0036e110,hqs_finetuned,37.90733188633891,0.9811077221364976,0.3355741359991953,0.0026863226667046547
kodim07,Kodak,kodim07,test,0.25,0.25,0.0,2026,258af0dbc2829156cd9225372e125e8e766f194296ccee34c14462cc0036e110,hqs_last,37.90733188633891,0.9811077221364976,0.35185682005248964,0.0026863226667046547
kodim07,Kodak,kodim07,test,0.1,0.1001129150390625,0.01,2026,38ece9b6770865dd7701ce2991be5f25d56f38adc0508ab857f44abb1783ecb3,hqs,31.15970374211441,0.9242687004282475,0.33265686908271164,0.0040991357527673244
kodim07,Kodak,kodim07,test,0.1,0.1001129150390625,0.01,2026,38ece9b6770865dd7701ce2991be5f25d56f38adc0508ab857f44abb1783ecb3,hqs_finetuned,31.281219643740485,0.9266870466122628,0.3328722129808739,0.0046427687630057335
kodim07,Kodak,kodim07,test,0.1,0.1001129150390625,0.01,2026,38ece9b6770865dd7701ce2991be5f25d56f38adc0508ab857f44abb1783ecb3,hqs_last,31.281219643740485,0.9266870466122628,0.33332309999968857,0.0046427687630057335
kodim07,Kodak,kodim07,test,0.1,0.1001129150390625,0.01,2027,3df6eea6416c85a42067473b344e7d276d6a3b52ba9e58bb71700343b21def8e,hqs,31.285529532513692,0.9272348548434973,0.33258155593648553,0.004159390460699797
kodim07,Kodak,kodim07,test,0.1,0.1001129150390625,0.01,2027,3df6eea6416c85a42067473b344e7d276d6a3b52ba9e58bb71700343b21def8e,hqs_finetuned,31.387885038277886,0.9293144077832699,0.33339597401209176,0.0045754979364573956
kodim07,Kodak,kodim07,test,0.1,0.1001129150390625,0.01,2027,3df6eea6416c85a42067473b344e7d276d6a3b52ba9e58bb71700343b21def8e,hqs_last,31.387885038277886,0.9293144077832699,0.33863474300596863,0.0045754979364573956
kodim07,Kodak,kodim07,test,0.1,0.1001129150390625,0.01,2028,23ad847a967f9b6718632c9cc23662428e41e60c01b256649753b85f0ea762a1,hqs,31.185723708136216,0.9243756645148993,0.3310643720906228,0.004175102338194847
kodim07,Kodak,kodim07,test,0.1,0.1001129150390625,0.01,2028,23ad847a967f9b6718632c9cc23662428e41e60c01b256649753b85f0ea762a1,hqs_finetuned,31.377359320714557,0.9275319898400307,0.3388187480159104,0.004619840532541275
kodim07,Kodak,kodim07,test,0.1,0.1001129150390625,0.01,2028,23ad847a967f9b6718632c9cc23662428e41e60c01b256649753b85f0ea762a1,hqs_last,31.377359320714557,0.9275319898400307,0.3449269039556384,0.004619840532541275
kodim07,Kodak,kodim07,test,0.1,0.1001129150390625,0.05,2026,416abc0c05c5d0372ab7f4cc28349828a11e2d9a66c9ba076d2939e56a904e60,hqs,27.57037124267892,0.7853529404151067,0.33299428096506745,0.0035644504241645336
kodim07,Kodak,kodim07,test,0.1,0.1001129150390625,0.05,2026,416abc0c05c5d0372ab7f4cc28349828a11e2d9a66c9ba076d2939e56a904e60,hqs_finetuned,27.53652028063604,0.7879441492358931,0.33300367707852274,0.0032648856285959482
kodim07,Kodak,kodim07,test,0.1,0.1001129150390625,0.05,2026,416abc0c05c5d0372ab7f4cc28349828a11e2d9a66c9ba076d2939e56a904e60,hqs_last,27.53652028063604,0.7879441492358931,0.3340306819882244,0.0032648856285959482
kodim07,Kodak,kodim07,test,0.1,0.1001129150390625,0.05,2027,8f499114af856b972186fa8932e0469717c5c5753051d79d7acc1b056ad57823,hqs,27.603511995202563,0.7866837016693726,0.3339686549734324,0.0033723788801580667
kodim07,Kodak,kodim07,test,0.1,0.1001129150390625,0.05,2027,8f499114af856b972186fa8932e0469717c5c5753051d79d7acc1b056ad57823,hqs_finetuned,27.4820733758532,0.7864270190366711,0.33807319798506796,0.0032616814132779837
kodim07,Kodak,kodim07,test,0.1,0.1001129150390625,0.05,2027,8f499114af856b972186fa8932e0469717c5c5753051d79d7acc1b056ad57823,hqs_last,27.4820733758532,0.7864270190366711,0.34622923599090427,0.0032616814132779837
kodim07,Kodak,kodim07,test,0.1,0.1001129150390625,0.05,2028,b66e5f38711fa553510ba51a14ad45c9cd8eac20e5dcd0b1f2a8aeb40cc4ab37,hqs,27.49498435393001,0.7847050233208239,0.3383471319684759,0.0033438268583267927
kodim07,Kodak,kodim07,test,0.1,0.1001129150390625,0.05,2028,b66e5f38711fa553510ba51a14ad45c9cd8eac20e5dcd0b1f2a8aeb40cc4ab37,hqs_finetuned,27.4097117696523,0.7871333818638027,0.337075853953138,0.0031704106368124485
kodim07,Kodak,kodim07,test,0.1,0.1001129150390625,0.05,2028,b66e5f38711fa553510ba51a14ad45c9cd8eac20e5dcd0b1f2a8aeb40cc4ab37,hqs_last,27.4097117696523,0.7871333818638027,0.33705641492269933,0.0031704106368124485
kodim08,Kodak,kodim08,test,0.1,0.1001129150390625,0.0,2026,9efacdb89f48072c3f0e31d1aeef8b7a42eb968282d15bb9afa92d391e2cc2df,hqs,22.86126852365445,0.7855867720393697,0.3359025660902262,0.006937053520232439
kodim08,Kodak,kodim08,test,0.1,0.1001129150390625,0.0,2026,9efacdb89f48072c3f0e31d1aeef8b7a42eb968282d15bb9afa92d391e2cc2df,hqs_finetuned,23.0347830410295,0.7915246994074192,0.3312151790596545,0.006694172043353319
kodim08,Kodak,kodim08,test,0.1,0.1001129150390625,0.0,2026,9efacdb89f48072c3f0e31d1aeef8b7a42eb968282d15bb9afa92d391e2cc2df,hqs_last,23.0347830410295,0.7915246994074192,0.32855682901572436,0.006694172043353319
kodim08,Kodak,kodim08,test,0.25,0.25,0.0,2026,1007f02fb144904c76934881455154aabf09290cd341803d3c9c61a4727cf309,hqs,27.216668107945114,0.8966801692028046,0.3336964499903843,0.005037821363657713
kodim08,Kodak,kodim08,test,0.25,0.25,0.0,2026,1007f02fb144904c76934881455154aabf09290cd341803d3c9c61a4727cf309,hqs_finetuned,27.367469408333363,0.8994619919469357,0.332498692907393,0.005262706894427538
kodim08,Kodak,kodim08,test,0.25,0.25,0.0,2026,1007f02fb144904c76934881455154aabf09290cd341803d3c9c61a4727cf309,hqs_last,27.367469408333363,0.8994619919469357,0.3329702590126544,0.005262706894427538
kodim08,Kodak,kodim08,test,0.1,0.1001129150390625,0.01,2026,69bd5aeac4fdb703ad5840d0416f203d46d9e35b42d68a72214fdf9ce0b88416,hqs,22.781820283132475,0.7824340911544988,0.34224777296185493,0.0068438793532550335
kodim08,Kodak,kodim08,test,0.1,0.1001129150390625,0.01,2026,69bd5aeac4fdb703ad5840d0416f203d46d9e35b42d68a72214fdf9ce0b88416,hqs_finetuned,22.942076645790678,0.7884031314079426,0.33840619400143623,0.006628234405070543
kodim08,Kodak,kodim08,test,0.1,0.1001129150390625,0.01,2026,69bd5aeac4fdb703ad5840d0416f203d46d9e35b42d68a72214fdf9ce0b88416,hqs_last,22.942076645790678,0.7884031314079426,0.3468475800473243,0.006628234405070543
kodim08,Kodak,kodim08,test,0.1,0.1001129150390625,0.01,2027,7b1529896ab036f0782605059d1d53af78b2cc1d17af394a183b31a2b628ab3d,hqs,22.764911281240042,0.7820123797751904,0.33611393196042627,0.006736575160175562
kodim08,Kodak,kodim08,test,0.1,0.1001129150390625,0.01,2027,7b1529896ab036f0782605059d1d53af78b2cc1d17af394a183b31a2b628ab3d,hqs_finetuned,22.93817587857445,0.7884606093487367,0.34164258593227714,0.00657778000459075
kodim08,Kodak,kodim08,test,0.1,0.1001129150390625,0.01,2027,7b1529896ab036f0782605059d1d53af78b2cc1d17af394a183b31a2b628ab3d,hqs_last,22.93817587857445,0.7884606093487367,0.3366534609813243,0.00657778000459075
kodim08,Kodak,kodim08,test,0.1,0.1001129150390625,0.01,2028,ac131bf7e845290899f5f68734eb468732650f7445a8ac34357a0ed620c54c25,hqs,22.802019743924102,0.7831216594669487,0.3386223370907828,0.006925147958099842
kodim08,Kodak,kodim08,test,0.1,0.1001129150390625,0.01,2028,ac131bf7e845290899f5f68734eb468732650f7445a8ac34357a0ed620c54c25,hqs_finetuned,22.943917590510136,0.7884200157508203,0.33410688501317054,0.0066704717464745045
kodim08,Kodak,kodim08,test,0.1,0.1001129150390625,0.01,2028,ac131bf7e845290899f5f68734eb468732650f7445a8ac34357a0ed620c54c25,hqs_last,22.943917590510136,0.7884200157508203,0.33686944493092597,0.0066704717464745045
kodim08,Kodak,kodim08,test,0.1,0.1001129150390625,0.05,2026,f64a932e30b9617c598a7de1ad189860df10ab464aac857700e595cda12fe7e7,hqs,21.426077206855567,0.7089713126509264,0.3366679709870368,0.006466679275035858
kodim08,Kodak,kodim08,test,0.1,0.1001129150390625,0.05,2026,f64a932e30b9617c598a7de1ad189860df10ab464aac857700e595cda12fe7e7,hqs_finetuned,21.41085541673686,0.711672017713367,0.3450378259876743,0.005879947450011969
kodim08,Kodak,kodim08,test,0.1,0.1001129150390625,0.05,2026,f64a932e30b9617c598a7de1ad189860df10ab464aac857700e595cda12fe7e7,hqs_last,21.41085541673686,0.711672017713367,0.34237065294291824,0.005879947450011969
kodim08,Kodak,kodim08,test,0.1,0.1001129150390625,0.05,2027,0c4f1fa8d3f3faf4627623444728b2a7800a24f9918f5dacb0650ddf6f74c294,hqs,21.32732430655956,0.703400538744349,0.3378391570877284,0.006170362234115601
kodim08,Kodak,kodim08,test,0.1,0.1001129150390625,0.05,2027,0c4f1fa8d3f3faf4627623444728b2a7800a24f9918f5dacb0650ddf6f74c294,hqs_finetuned,21.295145352800073,0.7068693482774128,0.3374724639579654,0.005615913309156895
kodim08,Kodak,kodim08,test,0.1,0.1001129150390625,0.05,2027,0c4f1fa8d3f3faf4627623444728b2a7800a24f9918f5dacb0650ddf6f74c294,hqs_last,21.295145352800073,0.7068693482774128,0.335105461999774,0.005615913309156895
kodim08,Kodak,kodim08,test,0.1,0.1001129150390625,0.05,2028,ecfe0fdaa8db58cc1c4138668464bbc37e0fb034f7ee2aae377d34b74b5fd1fe,hqs,21.39576400490235,0.7062278413408422,0.34102301800157875,0.006396603770554066
kodim08,Kodak,kodim08,test,0.1,0.1001129150390625,0.05,2028,ecfe0fdaa8db58cc1c4138668464bbc37e0fb034f7ee2aae377d34b74b5fd1fe,hqs_finetuned,21.392821800176414,0.7092291882763425,0.33504621300380677,0.005879249889403582
kodim08,Kodak,kodim08,test,0.1,0.1001129150390625,0.05,2028,ecfe0fdaa8db58cc1c4138668464bbc37e0fb034f7ee2aae377d34b74b5fd1fe,hqs_last,21.392821800176414,0.7092291882763425,0.3381752239074558,0.005879249889403582
kodim09,Kodak,kodim09,test,0.1,0.1001129150390625,0.0,2026,9c7f4af5342072c0f1725c259e6f58c77538139b7498d6ea31068bd442364410,hqs,33.302120455960164,0.9496477103476524,0.3362181260017678,0.0029141739942133427
kodim09,Kodak,kodim09,test,0.1,0.1001129150390625,0.0,2026,9c7f4af5342072c0f1725c259e6f58c77538139b7498d6ea31068bd442364410,hqs_finetuned,33.355705012285696,0.9502131948766709,0.3374264530139044,0.002975348848849535
kodim09,Kodak,kodim09,test,0.1,0.1001129150390625,0.0,2026,9c7f4af5342072c0f1725c259e6f58c77538139b7498d6ea31068bd442364410,hqs_last,33.355705012285696,0.9502131948766709,0.33439189090859145,0.002975348848849535
kodim09,Kodak,kodim09,test,0.25,0.25,0.0,2026,7688271e3a52fc2f342e14979703949cc42a10f3d216435600488bb65289e8d6,hqs,38.23983358543737,0.9771550077867508,0.33636178309097886,0.0017624198226258159
kodim09,Kodak,kodim09,test,0.25,0.25,0.0,2026,7688271e3a52fc2f342e14979703949cc42a10f3d216435600488bb65289e8d6,hqs_finetuned,38.278725334015654,0.9775257870035171,0.33685236098244786,0.0020494458731263876
kodim09,Kodak,kodim09,test,0.25,0.25,0.0,2026,7688271e3a52fc2f342e14979703949cc42a10f3d216435600488bb65289e8d6,hqs_last,38.278725334015654,0.9775257870035171,0.34904792404267937,0.0020494458731263876
kodim09,Kodak,kodim09,test,0.1,0.1001129150390625,0.01,2026,dc72585c2dfd16a1a7c513e75d53a22f9f4e0bb3bfffddd9428ca71e4515fa21,hqs,32.316258999996336,0.9332987754063606,0.3479132610373199,0.002455080859363079
kodim09,Kodak,kodim09,test,0.1,0.1001129150390625,0.01,2026,dc72585c2dfd16a1a7c513e75d53a22f9f4e0bb3bfffddd9428ca71e4515fa21,hqs_finetuned,32.28773307494172,0.934326397210598,0.3536238119704649,0.002479239134117961
kodim09,Kodak,kodim09,test,0.1,0.1001129150390625,0.01,2026,dc72585c2dfd16a1a7c513e75d53a22f9f4e0bb3bfffddd9428ca71e4515fa21,hqs_last,32.28773307494172,0.934326397210598,0.3329971480416134,0.002479239134117961
kodim09,Kodak,kodim09,test,0.1,0.1001129150390625,0.01,2027,ef144775d2de878a6eee9628f75c381093e44b4ce686358a68fb8b4212628c44,hqs,32.208321970423576,0.9331664005613327,0.34768821101170033,0.0023146194871515036
kodim09,Kodak,kodim09,test,0.1,0.1001129150390625,0.01,2027,ef144775d2de878a6eee9628f75c381093e44b4ce686358a68fb8b4212628c44,hqs_finetuned,32.17061987615053,0.9343048659157753,0.3611521349521354,0.002390192588791251
kodim09,Kodak,kodim09,test,0.1,0.1001129150390625,0.01,2027,ef144775d2de878a6eee9628f75c381093e44b4ce686358a68fb8b4212628c44,hqs_last,32.17061987615053,0.9343048659157753,0.3579195439815521,0.002390192588791251
kodim09,Kodak,kodim09,test,0.1,0.1001129150390625,0.01,2028,55a06a2e1a3c6ebc97bc4da90b779cf201ebbd3ad5f2860caf432f313f909cc1,hqs,32.32193671391003,0.9339474989829063,0.35984233499038965,0.002418935764580965
kodim09,Kodak,kodim09,test,0.1,0.1001129150390625,0.01,2028,55a06a2e1a3c6ebc97bc4da90b779cf201ebbd3ad5f2860caf432f313f909cc1,hqs_finetuned,32.28502274428625,0.9351656288056374,0.33325085404794663,0.002450548345223069
kodim09,Kodak,kodim09,test,0.1,0.1001129150390625,0.01,2028,55a06a2e1a3c6ebc97bc4da90b779cf201ebbd3ad5f2860caf432f313f909cc1,hqs_last,32.28502274428625,0.9351656288056374,0.3339811629848555,0.002450548345223069
kodim09,Kodak,kodim09,test,0.1,0.1001129150390625,0.05,2026,449450a826f8ed3cf660ec4206d7c4a3716aaa48b7819ae28ec14a37dbcbd1e6,hqs,27.199099220700823,0.6895252522798478,0.3328029240947217,0.0023041970562189817
kodim09,Kodak,kodim09,test,0.1,0.1001129150390625,0.05,2026,449450a826f8ed3cf660ec4206d7c4a3716aaa48b7819ae28ec14a37dbcbd1e6,hqs_finetuned,27.202842002146852,0.692252458816573,0.33466411707922816,0.0020873965695500374
kodim09,Kodak,kodim09,test,0.1,0.1001129150390625,0.05,2026,449450a826f8ed3cf660ec4206d7c4a3716aaa48b7819ae28ec14a37dbcbd1e6,hqs_last,27.202842002146852,0.692252458816573,0.3337016210425645,0.0020873965695500374
kodim09,Kodak,kodim09,test,0.1,0.1001129150390625,0.05,2027,3d24fd79c452a6155278d56f21ca4a05ec53d442fb991b4a21ab91aecc90b496,hqs,27.117572754286847,0.6941588103217893,0.35067097493447363,0.002494367305189371
kodim09,Kodak,kodim09,test,0.1,0.1001129150390625,0.05,2027,3d24fd79c452a6155278d56f21ca4a05ec53d442fb991b4a21ab91aecc90b496,hqs_finetuned,27.09589359861961,0.6967186116579716,0.34351773897651583,0.0022910386323928833
kodim09,Kodak,kodim09,test,0.1,0.1001129150390625,0.05,2027,3d24fd79c452a6155278d56f21ca4a05ec53d442fb991b4a21ab91aecc90b496,hqs_last,27.09589359861961,0.6967186116579716,0.34215699904598296,0.0022910386323928833
kodim09,Kodak,kodim09,test,0.1,0.1001129150390625,0.05,2028,1e4659902b7e57c909b536578a98bd3c47e1b1f4dd5340792d473a1984c63cb8,hqs,27.307912861759984,0.7027988120140434,0.33888748404569924,0.0024973831605166197
kodim09,Kodak,kodim09,test,0.1,0.1001129150390625,0.05,2028,1e4659902b7e57c909b536578a98bd3c47e1b1f4dd5340792d473a1984c63cb8,hqs_finetuned,27.30467330661977,0.7046364400234818,0.3613776160636917,0.002219499321654439
kodim09,Kodak,kodim09,test,0.1,0.1001129150390625,0.05,2028,1e4659902b7e57c909b536578a98bd3c47e1b1f4dd5340792d473a1984c63cb8,hqs_last,27.30467330661977,0.7046364400234818,0.3325945499818772,0.002219499321654439
kodim10,Kodak,kodim10,test,0.1,0.1001129150390625,0.0,2026,219aa0296c638d62e515cbb9b97d9dda31094aaeee9e71990375d335015ccca5,hqs,31.997524895584064,0.9218234584922791,0.33142972108908,0.002447093604132533
kodim10,Kodak,kodim10,test,0.1,0.1001129150390625,0.0,2026,219aa0296c638d62e515cbb9b97d9dda31094aaeee9e71990375d335015ccca5,hqs_finetuned,32.23499628823633,0.925103503054142,0.33263391605578363,0.00262803235091269
kodim10,Kodak,kodim10,test,0.1,0.1001129150390625,0.0,2026,219aa0296c638d62e515cbb9b97d9dda31094aaeee9e71990375d335015ccca5,hqs_last,32.23499628823633,0.925103503054142,0.33171180996578187,0.00262803235091269
kodim10,Kodak,kodim10,test,0.25,0.25,0.0,2026,f151b4c7dc85d28c53ba31038a669b9d9122323317a68706c7c63d7610ec62ab,hqs,38.143688676111296,0.9738015720767975,0.33234261395409703,0.001807735301554203
kodim10,Kodak,kodim10,test,0.25,0.25,0.0,2026,f151b4c7dc85d28c53ba31038a669b9d9122323317a68706c7c63d7610ec62ab,hqs_finetuned,38.3162343708061,0.9743427285861969,0.3378979170229286,0.0021294723264873028
kodim10,Kodak,kodim10,test,0.25,0.25,0.0,2026,f151b4c7dc85d28c53ba31038a669b9d9122323317a68706c7c63d7610ec62ab,hqs_last,38.3162343708061,0.9743427285861969,0.3410225099651143,0.0021294723264873028
kodim10,Kodak,kodim10,test,0.1,0.1001129150390625,0.01,2026,19a8ce6198acbe6c26948109ca9255a35db86f7ac1e811f02e2a0af7ab2437a4,hqs,31.288288608239668,0.9014685425434112,0.3489585650386289,0.002154444344341755
kodim10,Kodak,kodim10,test,0.1,0.1001129150390625,0.01,2026,19a8ce6198acbe6c26948109ca9255a35db86f7ac1e811f02e2a0af7ab2437a4,hqs_finetuned,31.39882016520484,0.9042152125270366,0.3422409959603101,0.002324851928278804
kodim10,Kodak,kodim10,test,0.1,0.1001129150390625,0.01,2026,19a8ce6198acbe6c26948109ca9255a35db86f7ac1e811f02e2a0af7ab2437a4,hqs_last,31.39882016520484,0.9042152125270366,0.33944421191699803,0.002324851928278804
kodim10,Kodak,kodim10,test,0.1,0.1001129150390625,0.01,2027,13ad68db8d42cc05a040b3d32f812a0f48fc6cd81c8fee731916ff6c034a99dc,hqs,31.305181406488643,0.9015384859026074,0.342416909057647,0.002053193049505353
kodim10,Kodak,kodim10,test,0.1,0.1001129150390625,0.01,2027,13ad68db8d42cc05a040b3d32f812a0f48fc6cd81c8fee731916ff6c034a99dc,hqs_finetuned,31.48286279334332,0.9055825270155669,0.3413725319551304,0.0021778144873678684
kodim10,Kodak,kodim10,test,0.1,0.1001129150390625,0.01,2027,13ad68db8d42cc05a040b3d32f812a0f48fc6cd81c8fee731916ff6c034a99dc,hqs_last,31.48286279334332,0.9055825270155669,0.34602916904259473,0.0021778144873678684
kodim10,Kodak,kodim10,test,0.1,0.1001129150390625,0.01,2028,1fdf749b5a47448dee16b2f2dcb7a7f60fb3f7bc8a7f947722133c0360c659da,hqs,31.235478608458006,0.900711531052351,0.34713972103782,0.002051008865237236
kodim10,Kodak,kodim10,test,0.1,0.1001129150390625,0.01,2028,1fdf749b5a47448dee16b2f2dcb7a7f60fb3f7bc8a7f947722133c0360c659da,hqs_finetuned,31.386467859003222,0.9040524621739388,0.342346896068193,0.0022014935966581106
kodim10,Kodak,kodim10,test,0.1,0.1001129150390625,0.01,2028,1fdf749b5a47448dee16b2f2dcb7a7f60fb3f7bc8a7f947722133c0360c659da,hqs_last,31.386467859003222,0.9040524621739388,0.3427708559902385,0.0022014935966581106
kodim10,Kodak,kodim10,test,0.1,0.1001129150390625,0.05,2026,f7adcd574734a3cb20c19777ecb4625f428cf70767ed203f27b7c69b9539a940,hqs,27.298469969426755,0.6735357896018996,0.34084141405764967,0.001757033634930849
kodim10,Kodak,kodim10,test,0.1,0.1001129150390625,0.05,2026,f7adcd574734a3cb20c19777ecb4625f428cf70767ed203f27b7c69b9539a940,hqs_finetuned,27.293844477730282,0.67632503205329,0.3396632489748299,0.0016551906010136008
kodim10,Kodak,kodim10,test,0.1,0.1001129150390625,0.05,2026,f7adcd574734a3cb20c19777ecb4625f428cf70767ed203f27b7c69b9539a940,hqs_last,27.293844477730282,0.67632503205329,0.3371564189437777,0.0016551906010136008
kodim10,Kodak,kodim10,test,0.1,0.1001129150390625,0.05,2027,0befdda9c6750276850770880c0beac0133e61f52150b1973f0a40f798d8408c,hqs,27.357693753450917,0.6819684323989377,0.3401194380130619,0.001696498366072774
kodim10,Kodak,kodim10,test,0.1,0.1001129150390625,0.05,2027,0befdda9c6750276850770880c0beac0133e61f52150b1973f0a40f798d8408c,hqs_finetuned,27.34800702218059,0.6843661279976964,0.33692784793674946,0.0015985013451427221
kodim10,Kodak,kodim10,test,0.1,0.1001129150390625,0.05,2027,0befdda9c6750276850770880c0beac0133e61f52150b1973f0a40f798d8408c,hqs_last,27.34800702218059,0.6843661279976964,0.3407345940358937,0.0015985013451427221
kodim10,Kodak,kodim10,test,0.1,0.1001129150390625,0.05,2028,2945c9704f222745daabf515ccfda128ce0eba24a3b42eef4603b27564c5f116,hqs,27.320375959060016,0.6762828610447077,0.34230513009242713,0.001752335811033845
kodim10,Kodak,kodim10,test,0.1,0.1001129150390625,0.05,2028,2945c9704f222745daabf515ccfda128ce0eba24a3b42eef4603b27564c5f116,hqs_finetuned,27.3011176707363,0.6784102894602716,0.339052673894912,0.0016501778736710548
kodim10,Kodak,kodim10,test,0.1,0.1001129150390625,0.05,2028,2945c9704f222745daabf515ccfda128ce0eba24a3b42eef4603b27564c5f116,hqs_last,27.3011176707363,0.6784102894602716,0.34192561404779553,0.0016501778736710548
kodim11,Kodak,kodim11,test,0.1,0.1001129150390625,0.0,2026,9052a7929b3d8efcdd62f4b6c8de73bcf1ebfec53cd47cef47de8160eb31cae4,hqs,27.957972952469973,0.8089438144295216,0.346478890045546,0.004110362380743027
kodim11,Kodak,kodim11,test,0.1,0.1001129150390625,0.0,2026,9052a7929b3d8efcdd62f4b6c8de73bcf1ebfec53cd47cef47de8160eb31cae4,hqs_finetuned,27.997852380324886,0.8099007994573116,0.34820302692241967,0.004063708242028952
kodim11,Kodak,kodim11,test,0.1,0.1001129150390625,0.0,2026,9052a7929b3d8efcdd62f4b6c8de73bcf1ebfec53cd47cef47de8160eb31cae4,hqs_last,27.997852380324886,0.8099007994573116,0.3500709329964593,0.004063708242028952
kodim11,Kodak,kodim11,test,0.25,0.25,0.0,2026,925f148f241de036e81eabe5ae8af098e0bb4a9a23d27aead9dc37628e282b9d,hqs,31.641797671901124,0.9038385140357017,0.3683758919360116,0.003453906625509262
kodim11,Kodak,kodim11,test,0.25,0.25,0.0,2026,925f148f241de036e81eabe5ae8af098e0bb4a9a23d27aead9dc37628e282b9d,hqs_finetuned,31.673908693819087,0.9043553002943993,0.3440103310858831,0.003629635088145733
kodim11,Kodak,kodim11,test,0.25,0.25,0.0,2026,925f148f241de036e81eabe5ae8af098e0bb4a9a23d27aead9dc37628e282b9d,hqs_last,31.673908693819087,0.9043553002943993,0.3401994430460036,0.003629635088145733
kodim11,Kodak,kodim11,test,0.1,0.1001129150390625,0.01,2026,bb82560c9f9b8f6197ce9ad27228e39d98e20f37c94ade04bdd3dc9849db3080,hqs,27.815735724786876,0.8025469991643429,0.34350194002036005,0.004067923408001661
kodim11,Kodak,kodim11,test,0.1,0.1001129150390625,0.01,2026,bb82560c9f9b8f6197ce9ad27228e39d98e20f37c94ade04bdd3dc9849db3080,hqs_finetuned,27.84052652101373,0.803292573498249,0.34785310400184244,0.003941172733902931
kodim11,Kodak,kodim11,test,0.1,0.1001129150390625,0.01,2026,bb82560c9f9b8f6197ce9ad27228e39d98e20f37c94ade04bdd3dc9849db3080,hqs_last,27.84052652101373,0.803292573498249,0.3774662590585649,0.003941172733902931
kodim11,Kodak,kodim11,test,0.1,0.1001129150390625,0.01,2027,54b21695bcfe8f2844a14b967fb595cade04beeb70eadc1abbc7c8d6cddd6e14,hqs,27.79122105608937,0.8021426368094683,0.3551567440154031,0.004076056182384491
kodim11,Kodak,kodim11,test,0.1,0.1001129150390625,0.01,2027,54b21695bcfe8f2844a14b967fb595cade04beeb70eadc1abbc7c8d6cddd6e14,hqs_finetuned,27.810485550386886,0.802662086811781,0.3401880859164521,0.003946464043110609
kodim11,Kodak,kodim11,test,0.1,0.1001129150390625,0.01,2027,54b21695bcfe8f2844a14b967fb595cade04beeb70eadc1abbc7c8d6cddd6e14,hqs_last,27.810485550386886,0.802662086811781,0.33589632296934724,0.003946464043110609
kodim11,Kodak,kodim11,test,0.1,0.1001129150390625,0.01,2028,a350583ec3eefc1ee3354b3585eaabf2074015ccf1e0da35a6b57a61b42feef1,hqs,27.82225251152257,0.8034166591100693,0.3658236979972571,0.004011557903140783
kodim11,Kodak,kodim11,test,0.1,0.1001129150390625,0.01,2028,a350583ec3eefc1ee3354b3585eaabf2074015ccf1e0da35a6b57a61b42feef1,hqs_finetuned,27.838505242062524,0.8038435356798171,0.36861244996543974,0.0038887292612344027
kodim11,Kodak,kodim11,test,0.1,0.1001129150390625,0.01,2028,a350583ec3eefc1ee3354b3585eaabf2074015ccf1e0da35a6b57a61b42feef1,hqs_last,27.838505242062524,0.8038435356798171,0.3364455970004201,0.0038887292612344027
kodim11,Kodak,kodim11,test,0.1,0.1001129150390625,0.05,2026,bc5b5f5b9a6fba5b325b62b0c07afe5797f7fe8930caa08d4b5138cfd6413d8f,hqs,26.226888722214838,0.7062268417725563,0.3416258539073169,0.0033627040684223175
kodim11,Kodak,kodim11,test,0.1,0.1001129150390625,0.05,2026,bc5b5f5b9a6fba5b325b62b0c07afe5797f7fe8930caa08d4b5138cfd6413d8f,hqs_finetuned,26.239279529223104,0.7078375216683149,0.34306459804065526,0.002839089138433337
kodim11,Kodak,kodim11,test,0.1,0.1001129150390625,0.05,2026,bc5b5f5b9a6fba5b325b62b0c07afe5797f7fe8930caa08d4b5138cfd6413d8f,hqs_last,26.239279529223104,0.7078375216683149,0.3409233909333125,0.002839089138433337
kodim11,Kodak,kodim11,test,0.1,0.1001129150390625,0.05,2027,45f87a8565f3635591da75d9b4174a40a97d27a3ff1aebb68b8447fb5e573ad3,hqs,26.060401675297967,0.7011824021059274,0.34739458793774247,0.003477503079921007
kodim11,Kodak,kodim11,test,0.1,0.1001129150390625,0.05,2027,45f87a8565f3635591da75d9b4174a40a97d27a3ff1aebb68b8447fb5e573ad3,hqs_finetuned,26.06080216962784,0.7021474392816871,0.33858965698163956,0.0029219542630016804
kodim11,Kodak,kodim11,test,0.1,0.1001129150390625,0.05,2027,45f87a8565f3635591da75d9b4174a40a97d27a3ff1aebb68b8447fb5e573ad3,hqs_last,26.06080216962784,0.7021474392816871,0.3322250269120559,0.0029219542630016804
kodim11,Kodak,kodim11,test,0.1,0.1001129150390625,0.05,2028,72cf09e0ad30256e1553cc5f32fd597c0cf501e0b8f762e10d39e607cb47a2ae,hqs,26.131187125310134,0.7031521059407815,0.33549023896921426,0.003492097370326519
kodim11,Kodak,kodim11,test,0.1,0.1001129150390625,0.05,2028,72cf09e0ad30256e1553cc5f32fd597c0cf501e0b8f762e10d39e607cb47a2ae,hqs_finetuned,26.12869408508597,0.7042791871238798,0.33710694301407784,0.002968217246234417
kodim11,Kodak,kodim11,test,0.1,0.1001129150390625,0.05,2028,72cf09e0ad30256e1553cc5f32fd597c0cf501e0b8f762e10d39e607cb47a2ae,hqs_last,26.12869408508597,0.7042791871238798,0.3405435150489211,0.002968217246234417
kodim12,Kodak,kodim12,test,0.1,0.1001129150390625,0.0,2026,a9d49bb11cf4ceef3e81a5cd88c4c6654e5f81727c8dfd6b89f08f02dfb87c2f,hqs,33.457527015837684,0.8708156843156815,0.3301449690479785,0.001495410455390811
kodim12,Kodak,kodim12,test,0.1,0.1001129150390625,0.0,2026,a9d49bb11cf4ceef3e81a5cd88c4c6654e5f81727c8dfd6b89f08f02dfb87c2f,hqs_finetuned,33.66786674322514,0.8722853061819077,0.3305557359708473,0.0014947591116651893
kodim12,Kodak,kodim12,test,0.1,0.1001129150390625,0.0,2026,a9d49bb11cf4ceef3e81a5cd88c4c6654e5f81727c8dfd6b89f08f02dfb87c2f,hqs_last,33.66786674322514,0.8722853061819077,0.3321911239763722,0.0014947591116651893
kodim12,Kodak,kodim12,test,0.25,0.25,0.0,2026,c210c0aa4c64fe1ba8e16526235a0ece41e18fe0e29337b6280fdee10c7a26fb,hqs,37.10607624932067,0.9303480245437622,0.3457493489840999,0.0012297999346628785
kodim12,Kodak,kodim12,test,0.25,0.25,0.0,2026,c210c0aa4c64fe1ba8e16526235a0ece41e18fe0e29337b6280fdee10c7a26fb,hqs_finetuned,37.147631140988295,0.9314732157001495,0.381972442031838,0.0013585101114585996
kodim12,Kodak,kodim12,test,0.25,0.25,0.0,2026,c210c0aa4c64fe1ba8e16526235a0ece41e18fe0e29337b6280fdee10c7a26fb,hqs_last,37.147631140988295,0.9314732157001495,0.36536705493927,0.0013585101114585996
kodim12,Kodak,kodim12,test,0.1,0.1001129150390625,0.01,2026,54dc6e54f48b45ae64bc57f17902895911718abb7369b962c0caeef41dc3ca2a,hqs,32.600349779054,0.845322949382782,0.33652493392582983,0.0011566814500838518
kodim12,Kodak,kodim12,test,0.1,0.1001129150390625,0.01,2026,54dc6e54f48b45ae64bc57f17902895911718abb7369b962c0caeef41dc3ca2a,hqs_finetuned,32.71634282595898,0.8474323609240055,0.33536887692753226,0.0011373810702934861
kodim12,Kodak,kodim12,test,0.1,0.1001129150390625,0.01,2026,54dc6e54f48b45ae64bc57f17902895911718abb7369b962c0caeef41dc3ca2a,hqs_last,32.71634282595898,0.8474323609240055,0.3808034909889102,0.0011373810702934861
kodim12,Kodak,kodim12,test,0.1,0.1001129150390625,0.01,2027,f742c0f2315a80da9de10dabb79b276e42ec9d4ee4f17a158934c2f8c17c85ef,hqs,32.43206269791785,0.8431718478055,0.3390667480416596,0.0010957710910588503
kodim12,Kodak,kodim12,test,0.1,0.1001129150390625,0.01,2027,f742c0f2315a80da9de10dabb79b276e42ec9d4ee4f17a158934c2f8c17c85ef,hqs_finetuned,32.557524780011136,0.8459356861281395,0.33897671895101666,0.0010651031043380499
kodim12,Kodak,kodim12,test,0.1,0.1001129150390625,0.01,2027,f742c0f2315a80da9de10dabb79b276e42ec9d4ee4f17a158934c2f8c17c85ef,hqs_last,32.557524780011136,0.8459356861281395,0.3361664538970217,0.0010651031043380499
kodim12,Kodak,kodim12,test,0.1,0.1001129150390625,0.01,2028,29981782d12c364dab8a0016495272e8110701066788d1fc9fb0e7269014ff72,hqs,32.59051916291345,0.84457703033638,0.4086798339849338,0.0011951189953833818
kodim12,Kodak,kodim12,test,0.1,0.1001129150390625,0.01,2028,29981782d12c364dab8a0016495272e8110701066788d1fc9fb0e7269014ff72,hqs_finetuned,32.73473436389616,0.8472137934656143,0.39113725593779236,0.0011193066602572799
kodim12,Kodak,kodim12,test,0.1,0.1001129150390625,0.01,2028,29981782d12c364dab8a0016495272e8110701066788d1fc9fb0e7269014ff72,hqs_last,32.73473436389616,0.8472137934656143,0.341479494003579,0.0011193066602572799
kodim12,Kodak,kodim12,test,0.1,0.1001129150390625,0.05,2026,53c6447787cead6663a7c670203667bf5fe16bbee7542a64a6e50e372d25ba64,hqs,26.858192884949396,0.5562894013560414,0.34064109204337,0.0018560230964794755
kodim12,Kodak,kodim12,test,0.1,0.1001129150390625,0.05,2026,53c6447787cead6663a7c670203667bf5fe16bbee7542a64a6e50e372d25ba64,hqs_finetuned,26.926534450790452,0.5614586209581727,0.3449510569917038,0.0015659462660551071
kodim12,Kodak,kodim12,test,0.1,0.1001129150390625,0.05,2026,53c6447787cead6663a7c670203667bf5fe16bbee7542a64a6e50e372d25ba64,hqs_last,26.926534450790452,0.5614586209581727,0.34250053600408137,0.0015659462660551071
kodim12,Kodak,kodim12,test,0.1,0.1001129150390625,0.05,2027,5c729557341604f2a532e1a65a0fb8171ec185851557c242d001f4dba4515054,hqs,26.704754372450694,0.553320286332801,0.34246512700337917,0.002195177134126425
kodim12,Kodak,kodim12,test,0.1,0.1001129150390625,0.05,2027,5c729557341604f2a532e1a65a0fb8171ec185851557c242d001f4dba4515054,hqs_finetuned,26.738318595864463,0.5574618221812028,0.34126521192956716,0.0018151550320908427
kodim12,Kodak,kodim12,test,0.1,0.1001129150390625,0.05,2027,5c729557341604f2a532e1a65a0fb8171ec185851557c242d001f4dba4515054,hqs_last,26.738318595864463,0.5574618221812028,0.34491547604557127,0.0018151550320908427
kodim12,Kodak,kodim12,test,0.1,0.1001129150390625,0.05,2028,a53547e58a60c6f29d9ed66f49b505670e47f240c9b8cdf6a363a9b457eca509,hqs,26.741670644981962,0.5535392518910381,0.34241877403110266,0.002028468530625105
kodim12,Kodak,kodim12,test,0.1,0.1001129150390625,0.05,2028,a53547e58a60c6f29d9ed66f49b505670e47f240c9b8cdf6a363a9b457eca509,hqs_finetuned,26.80540087487499,0.5584071797295586,0.3422110399696976,0.0017829032149165869
kodim12,Kodak,kodim12,test,0.1,0.1001129150390625,0.05,2028,a53547e58a60c6f29d9ed66f49b505670e47f240c9b8cdf6a363a9b457eca509,hqs_last,26.80540087487499,0.5584071797295586,0.34080727596301585,0.0017829032149165869
kodim13,Kodak,kodim13,test,0.1,0.1001129150390625,0.0,2026,37997413393982215ffaf29dfb5ded1283a483b7720fe9a1a3d833abb8dc8307,hqs,22.942657431025765,0.6328069630834385,0.3409433440538123,0.0025988384149968624
kodim13,Kodak,kodim13,test,0.1,0.1001129150390625,0.0,2026,37997413393982215ffaf29dfb5ded1283a483b7720fe9a1a3d833abb8dc8307,hqs_finetuned,23.036188670912672,0.635529449072726,0.346667152014561,0.002357781631872058
kodim13,Kodak,kodim13,test,0.1,0.1001129150390625,0.0,2026,37997413393982215ffaf29dfb5ded1283a483b7720fe9a1a3d833abb8dc8307,hqs_last,23.036188670912672,0.635529449072726,0.3391677549807355,0.002357781631872058
kodim13,Kodak,kodim13,test,0.25,0.25,0.0,2026,52d15013e9e864904fb2a18432db62be55b030d9d88ae4405f75525b8adbce2e,hqs,25.567161702567848,0.7937478474276066,0.34771677607204765,0.002793476916849613
kodim13,Kodak,kodim13,test,0.25,0.25,0.0,2026,52d15013e9e864904fb2a18432db62be55b030d9d88ae4405f75525b8adbce2e,hqs_finetuned,25.67418201891,0.7963431316037178,0.3447856189450249,0.002800309332087636
kodim13,Kodak,kodim13,test,0.25,0.25,0.0,2026,52d15013e9e864904fb2a18432db62be55b030d9d88ae4405f75525b8adbce2e,hqs_last,25.67418201891,0.7963431316037178,0.34206695295870304,0.002800309332087636
kodim13,Kodak,kodim13,test,0.1,0.1001129150390625,0.01,2026,15a514fbe0a996d4de7bc9ff19987e312332aee68684671d920f68c649267695,hqs,22.89544059015901,0.629513413516149,0.3402708269422874,0.0025484587531536818
kodim13,Kodak,kodim13,test,0.1,0.1001129150390625,0.01,2026,15a514fbe0a996d4de7bc9ff19987e312332aee68684671d920f68c649267695,hqs_finetuned,22.99063603201666,0.6324528241393826,0.33591317804530263,0.002311012940481305
kodim13,Kodak,kodim13,test,0.1,0.1001129150390625,0.01,2026,15a514fbe0a996d4de7bc9ff19987e312332aee68684671d920f68c649267695,hqs_last,22.99063603201666,0.6324528241393826,0.3309954289579764,0.002311012940481305
kodim13,Kodak,kodim13,test,0.1,0.1001129150390625,0.01,2027,e144574739cdbcbb9ffbfac69e4eeb6d22ce9b9a25303b2e3aac82a99d821063,hqs,22.915364336128505,0.6309638077358268,0.32938090490642935,0.0026200569700449705
kodim13,Kodak,kodim13,test,0.1,0.1001129150390625,0.01,2027,e144574739cdbcbb9ffbfac69e4eeb6d22ce9b9a25303b2e3aac82a99d821063,hqs_finetuned,23.008693148567918,0.6337871333075874,0.32971540198195726,0.002391090616583824
kodim13,Kodak,kodim13,test,0.1,0.1001129150390625,0.01,2027,e144574739cdbcbb9ffbfac69e4eeb6d22ce9b9a25303b2e3aac82a99d821063,hqs_last,23.008693148567918,0.6337871333075874,0.3285882140044123,0.002391090616583824
kodim13,Kodak,kodim13,test,0.1,0.1001129150390625,0.01,2028,83d6bc670bd58e76f399eae2765ab3fdb205127dcb9a2e059c1989cd947ec772,hqs,22.9129357138064,0.6306447459117044,0.3278861279832199,0.00255973101593554
kodim13,Kodak,kodim13,test,0.1,0.1001129150390625,0.01,2028,83d6bc670bd58e76f399eae2765ab3fdb205127dcb9a2e059c1989cd947ec772,hqs_finetuned,23.002105583433057,0.6332358268219652,0.3258492259774357,0.0023473487235605717
kodim13,Kodak,kodim13,test,0.1,0.1001129150390625,0.01,2028,83d6bc670bd58e76f399eae2765ab3fdb205127dcb9a2e059c1989cd947ec772,hqs_last,23.002105583433057,0.6332358268219652,0.32701790099963546,0.0023473487235605717
kodim13,Kodak,kodim13,test,0.1,0.1001129150390625,0.05,2026,9cd8413229aec85c5e145b2a9b088ea1ed60ef02fe501eacb35680068d61cb95,hqs,22.174764526882175,0.5781717751523815,0.325910811079666,0.002728615887463093
kodim13,Kodak,kodim13,test,0.1,0.1001129150390625,0.05,2026,9cd8413229aec85c5e145b2a9b088ea1ed60ef02fe501eacb35680068d61cb95,hqs_finetuned,22.22172192659807,0.5805527794548254,0.3264699709834531,0.0023553010541945696
kodim13,Kodak,kodim13,test,0.1,0.1001129150390625,0.05,2026,9cd8413229aec85c5e145b2a9b088ea1ed60ef02fe501eacb35680068d61cb95,hqs_last,22.22172192659807,0.5805527794548254,0.32658850599545985,0.0023553010541945696
kodim13,Kodak,kodim13,test,0.1,0.1001129150390625,0.05,2027,b89101984c6993fee21cc616a44d08c7958bcf56b7a45940b835a9b4a23de593,hqs,22.19463449977031,0.5821060983532185,0.32489940093364567,0.002711332170292735
kodim13,Kodak,kodim13,test,0.1,0.1001129150390625,0.05,2027,b89101984c6993fee21cc616a44d08c7958bcf56b7a45940b835a9b4a23de593,hqs_finetuned,22.2502944802607,0.5844811672657206,0.3306043529883027,0.0024655829183757305
kodim13,Kodak,kodim13,test,0.1,0.1001129150390625,0.05,2027,b89101984c6993fee21cc616a44d08c7958bcf56b7a45940b835a9b4a23de593,hqs_last,22.2502944802607,0.5844811672657206,0.32640225999057293,0.0024655829183757305
kodim13,Kodak,kodim13,test,0.1,0.1001129150390625,0.05,2028,a05750da393c8d136f629de9bedf888c7c74d50e7295ad2202e831df052f7632,hqs,22.197917850273875,0.5796052322513028,0.32841630501206964,0.00258718803524971
kodim13,Kodak,kodim13,test,0.1,0.1001129150390625,0.05,2028,a05750da393c8d136f629de9bedf888c7c74d50e7295ad2202e831df052f7632,hqs_finetuned,22.244256310486854,0.581617155777134,0.32842527993489057,0.002336008008569479
kodim13,Kodak,kodim13,test,0.1,0.1001129150390625,0.05,2028,a05750da393c8d136f629de9bedf888c7c74d50e7295ad2202e831df052f7632,hqs_last,22.244256310486854,0.581617155777134,0.32635614299215376,0.002336008008569479
kodim14,Kodak,kodim14,test,0.1,0.1001129150390625,0.0,2026,b74ee720ade016301b5b127dc3d02f338c2c5b853afc0f7f502d837251d8188b,hqs,26.236889976890016,0.7660406762840748,0.32782100897748023,0.002755369758233428
kodim14,Kodak,kodim14,test,0.1,0.1001129150390625,0.0,2026,b74ee720ade016301b5b127dc3d02f338c2c5b853afc0f7f502d837251d8188b,hqs_finetuned,26.26282438098404,0.7664089484307766,0.32678213994950056,0.002557263942435384
kodim14,Kodak,kodim14,test,0.1,0.1001129150390625,0.0,2026,b74ee720ade016301b5b127dc3d02f338c2c5b853afc0f7f502d837251d8188b,hqs_last,26.26282438098404,0.7664089484307766,0.3286724319914356,0.002557263942435384
kodim14,Kodak,kodim14,test,0.25,0.25,0.0,2026,e525e2b1dc9139e819f5161228f3fcfd5989001533dcd08cb8f7ef28a7d7cf12,hqs,29.85624063630974,0.8879087495555877,0.337832995923236,0.002440314507111907
kodim14,Kodak,kodim14,test,0.25,0.25,0.0,2026,e525e2b1dc9139e819f5161228f3fcfd5989001533dcd08cb8f7ef28a7d7cf12,hqs_finetuned,29.944889785464312,0.8885433204340935,0.35116261907387525,0.0024456412065774202
kodim14,Kodak,kodim14,test,0.25,0.25,0.0,2026,e525e2b1dc9139e819f5161228f3fcfd5989001533dcd08cb8f7ef28a7d7cf12,hqs_last,29.944889785464312,0.8885433204340935,0.3294356120750308,0.0024456412065774202
kodim14,Kodak,kodim14,test,0.1,0.1001129150390625,0.01,2026,afc3bad6def6c23189b601664c1648508821682e1f585f7b34b55aa6c05c180b,hqs,26.164221462168996,0.7625790668654442,0.3298514729831368,0.002716490300372243
kodim14,Kodak,kodim14,test,0.1,0.1001129150390625,0.01,2026,afc3bad6def6c23189b601664c1648508821682e1f585f7b34b55aa6c05c180b,hqs_finetuned,26.194418583751897,0.7631237903757095,0.3277632639510557,0.0025206368882209063
kodim14,Kodak,kodim14,test,0.1,0.1001129150390625,0.01,2026,afc3bad6def6c23189b601664c1648508821682e1f585f7b34b55aa6c05c180b,hqs_last,26.194418583751897,0.7631237903757095,0.3287214699666947,0.0025206368882209063
kodim14,Kodak,kodim14,test,0.1,0.1001129150390625,0.01,2027,623840552918f1bf37071876f57e677dea1375368cb6e4e7ae8c2eb58c035c2c,hqs,26.158055895110802,0.7622322713627815,0.3304855639580637,0.002716739196330309
kodim14,Kodak,kodim14,test,0.1,0.1001129150390625,0.01,2027,623840552918f1bf37071876f57e677dea1375368cb6e4e7ae8c2eb58c035c2c,hqs_finetuned,26.185822669729074,0.7627665098190307,0.326022591907531,0.0025043394416570663
kodim14,Kodak,kodim14,test,0.1,0.1001129150390625,0.01,2027,623840552918f1bf37071876f57e677dea1375368cb6e4e7ae8c2eb58c035c2c,hqs_last,26.185822669729074,0.7627665098190307,0.3279394319979474,0.0025043394416570663
kodim14,Kodak,kodim14,test,0.1,0.1001129150390625,0.01,2028,3595133fd282234e7701f8f5c4a1cd7c11d326f338ac569b9d989625cf7bc516,hqs,26.17300422344006,0.7630878613698483,0.32963316899258643,0.0027218805626034737
kodim14,Kodak,kodim14,test,0.1,0.1001129150390625,0.01,2028,3595133fd282234e7701f8f5c4a1cd7c11d326f338ac569b9d989625cf7bc516,hqs_finetuned,26.198527175752638,0.7634949697487354,0.34548051189631224,0.002510709222406149
kodim14,Kodak,kodim14,test,0.1,0.1001129150390625,0.01,2028,3595133fd282234e7701f8f5c4a1cd7c11d326f338ac569b9d989625cf7bc516,hqs_last,26.198527175752638,0.7634949697487354,0.32423440704587847,0.002510709222406149
kodim14,Kodak,kodim14,test,0.1,0.1001129150390625,0.05,2026,8d5adf2e797919e305d471b1a8d98f55f74f73bfe9bc8d0a892b9b2ba22b675e,hqs,24.917150431529773,0.6943806700570285,0.3237793459556997,0.002512958599254489
kodim14,Kodak,kodim14,test,0.1,0.1001129150390625,0.05,2026,8d5adf2e797919e305d471b1a8d98f55f74f73bfe9bc8d0a892b9b2ba22b675e,hqs_finetuned,24.933379298111284,0.6956300312423557,0.3258491090964526,0.002278335625305772
kodim14,Kodak,kodim14,test,0.1,0.1001129150390625,0.05,2026,8d5adf2e797919e305d471b1a8d98f55f74f73bfe9bc8d0a892b9b2ba22b675e,hqs_last,24.933379298111284,0.6956300312423557,0.32847138796932995,0.002278335625305772
kodim14,Kodak,kodim14,test,0.1,0.1001129150390625,0.05,2027,37e19404791b0eee32d0a451cd9453cf4f627256c649172d9d3eacbc0866ed90,hqs,24.939648674210453,0.6968003104309427,0.32724382099695504,0.0023812223225831985
kodim14,Kodak,kodim14,test,0.1,0.1001129150390625,0.05,2027,37e19404791b0eee32d0a451cd9453cf4f627256c649172d9d3eacbc0866ed90,hqs_finetuned,24.95073216236591,0.6982585812045075,0.3251110389828682,0.0021695694886147976
kodim14,Kodak,kodim14,test,0.1,0.1001129150390625,0.05,2027,37e19404791b0eee32d0a451cd9453cf4f627256c649172d9d3eacbc0866ed90,hqs_last,24.95073216236591,0.6982585812045075,0.32500027609057724,0.0021695694886147976
kodim14,Kodak,kodim14,test,0.1,0.1001129150390625,0.05,2028,543899958c4109e2bd88690f3ff7abdeaecf210822463bb9627b8adab9e878ec,hqs,24.958921457767353,0.6996499142746926,0.3294043339556083,0.002590138465166092
kodim14,Kodak,kodim14,test,0.1,0.1001129150390625,0.05,2028,543899958c4109e2bd88690f3ff7abdeaecf210822463bb9627b8adab9e878ec,hqs_finetuned,24.969205782497177,0.7005125166925285,0.328187566017732,0.0023778036702424288
kodim14,Kodak,kodim14,test,0.1,0.1001129150390625,0.05,2028,543899958c4109e2bd88690f3ff7abdeaecf210822463bb9627b8adab9e878ec,hqs_last,24.969205782497177,0.7005125166925285,0.3261019519995898,0.0023778036702424288
kodim15,Kodak,kodim15,test,0.1,0.1001129150390625,0.0,2026,566a61cb6bb3d779b629ba91f9e421fb5e7589973e37684fa9524ab4e1bc8a97,hqs,32.37333466584114,0.8715951700026989,0.326480892021209,0.002460631774738431
kodim15,Kodak,kodim15,test,0.1,0.1001129150390625,0.0,2026,566a61cb6bb3d779b629ba91f9e421fb5e7589973e37684fa9524ab4e1bc8a97,hqs_finetuned,32.42213635796536,0.8726849349861145,0.3312282559927553,0.0027608093805611134
kodim15,Kodak,kodim15,test,0.1,0.1001129150390625,0.0,2026,566a61cb6bb3d779b629ba91f9e421fb5e7589973e37684fa9524ab4e1bc8a97,hqs_last,32.42213635796536,0.8726849349861145,0.33118071395438164,0.0027608093805611134
kodim15,Kodak,kodim15,test,0.25,0.25,0.0,2026,5c7ed4e989a15486bff5bb52bf7e8a09d6bc2c13ce91488c4068f255a8404bd5,hqs,35.40055197280543,0.9264651487159729,0.32541182707063854,0.0018108367221429944
kodim15,Kodak,kodim15,test,0.25,0.25,0.0,2026,5c7ed4e989a15486bff5bb52bf7e8a09d6bc2c13ce91488c4068f255a8404bd5,hqs_finetuned,35.38494868679175,0.9262798021688461,0.3236168740550056,0.0021143131889402866
kodim15,Kodak,kodim15,test,0.25,0.25,0.0,2026,5c7ed4e989a15486bff5bb52bf7e8a09d6bc2c13ce91488c4068f255a8404bd5,hqs_last,35.38494868679175,0.9262798021688461,0.3263160759815946,0.0021143131889402866
kodim15,Kodak,kodim15,test,0.1,0.1001129150390625,0.01,2026,2c5fe1fbfb0548053fee5b10d3840e97be17820789464dc5cdb226621f4c7cfe,hqs,32.109381060296336,0.8652999074392319,0.33305251493584365,0.00236894260160625
kodim15,Kodak,kodim15,test,0.1,0.1001129150390625,0.01,2026,2c5fe1fbfb0548053fee5b10d3840e97be17820789464dc5cdb226621f4c7cfe,hqs_finetuned,32.126549083306045,0.8661996858727932,0.32876177795697004,0.00270449323579669
kodim15,Kodak,kodim15,test,0.1,0.1001129150390625,0.01,2026,2c5fe1fbfb0548053fee5b10d3840e97be17820789464dc5cdb226621f4c7cfe,hqs_last,32.126549083306045,0.8661996858727932,0.3272235329495743,0.00270449323579669
kodim15,Kodak,kodim15,test,0.1,0.1001129150390625,0.01,2027,71aec5dbaa2e85bb2fcd04625437541d0c3f9bced0be0b2eae95f96252872202,hqs,32.08991639327535,0.8630282072970867,0.32842950196936727,0.0022533026058226824
kodim15,Kodak,kodim15,test,0.1,0.1001129150390625,0.01,2027,71aec5dbaa2e85bb2fcd04625437541d0c3f9bced0be0b2eae95f96252872202,hqs_finetuned,32.08598584290273,0.8639808303236961,0.32347787800244987,0.002566677751019597
kodim15,Kodak,kodim15,test,0.1,0.1001129150390625,0.01,2027,71aec5dbaa2e85bb2fcd04625437541d0c3f9bced0be0b2eae95f96252872202,hqs_last,32.08598584290273,0.8639808303236961,0.3239767160266638,0.002566677751019597
kodim15,Kodak,kodim15,test,0.1,0.1001129150390625,0.01,2028,023bd8155118d1b94b014b870e6dcbe682d41417ca8c872550941bc52b9894b6,hqs,32.08013909801717,0.863648167675972,0.3841314819874242,0.0022899562027305365
kodim15,Kodak,kodim15,test,0.1,0.1001129150390625,0.01,2028,023bd8155118d1b94b014b870e6dcbe682d41417ca8c872550941bc52b9894b6,hqs_finetuned,32.13147514222391,0.8650379096484184,0.37490133894607425,0.0026010023429989815
kodim15,Kodak,kodim15,test,0.1,0.1001129150390625,0.01,2028,023bd8155118d1b94b014b870e6dcbe682d41417ca8c872550941bc52b9894b6,hqs_last,32.13147514222391,0.8650379096484184,0.3520523200277239,0.0026010023429989815
kodim15,Kodak,kodim15,test,0.1,0.1001129150390625,0.05,2026,ab7335c2d22adf7d21c4d72d24188ca26d117ecc2875705abae395fb9f65843f,hqs,29.15587526516169,0.7456762171368003,0.3451455149333924,0.002835017628967762
kodim15,Kodak,kodim15,test,0.1,0.1001129150390625,0.05,2026,ab7335c2d22adf7d21c4d72d24188ca26d117ecc2875705abae395fb9f65843f,hqs_finetuned,29.11263694053848,0.7472595178123266,0.3278758670203388,0.002656924305483699
kodim15,Kodak,kodim15,test,0.1,0.1001129150390625,0.05,2026,ab7335c2d22adf7d21c4d72d24188ca26d117ecc2875705abae395fb9f65843f,hqs_last,29.11263694053848,0.7472595178123266,0.331386161968112,0.002656924305483699
kodim15,Kodak,kodim15,test,0.1,0.1001129150390625,0.05,2027,fd6b6b12935fd1dc8915238c14f16733e7b9366bab6378ca4d211019e6f7223d,hqs,29.139814760501594,0.7370074805026054,0.3274268410168588,0.002602302934974432
kodim15,Kodak,kodim15,test,0.1,0.1001129150390625,0.05,2027,fd6b6b12935fd1dc8915238c14f16733e7b9366bab6378ca4d211019e6f7223d,hqs_finetuned,29.126803898095414,0.7391408747566343,0.3257343719014898,0.002405019709840417
kodim15,Kodak,kodim15,test,0.1,0.1001129150390625,0.05,2027,fd6b6b12935fd1dc8915238c14f16733e7b9366bab6378ca4d211019e6f7223d,hqs_last,29.126803898095414,0.7391408747566343,0.3288531890138984,0.002405019709840417
kodim15,Kodak,kodim15,test,0.1,0.1001129150390625,0.05,2028,559a5f49a80c166a16efd4d179a8b3d4e80ff6058ba40de1c41bee99959beca5,hqs,29.253971091744106,0.7423942531036138,0.329517325037159,0.003589105559512973
kodim15,Kodak,kodim15,test,0.1,0.1001129150390625,0.05,2028,559a5f49a80c166a16efd4d179a8b3d4e80ff6058ba40de1c41bee99959beca5,hqs_finetuned,29.221022736267294,0.745117628382206,0.332561502000317,0.00333849317394197
kodim15,Kodak,kodim15,test,0.1,0.1001129150390625,0.05,2028,559a5f49a80c166a16efd4d179a8b3d4e80ff6058ba40de1c41bee99959beca5,hqs_last,29.221022736267294,0.745117628382206,0.32617118395864964,0.00333849317394197
kodim16,Kodak,kodim16,test,0.1,0.1001129150390625,0.0,2026,137041f72e8ccdfb8b91ef47832872b3ac9227b6205cf1341a6ddcb4e57224a5,hqs,31.126084002383916,0.8164091880677938,0.3415591650409624,0.0012640745844691992
kodim16,Kodak,kodim16,test,0.1,0.1001129150390625,0.0,2026,137041f72e8ccdfb8b91ef47832872b3ac9227b6205cf1341a6ddcb4e57224a5,hqs_finetuned,31.250881711076374,0.8196547302484513,0.3262442370178178,0.0013497780309990048
kodim16,Kodak,kodim16,test,0.1,0.1001129150390625,0.0,2026,137041f72e8ccdfb8b91ef47832872b3ac9227b6205cf1341a6ddcb4e57224a5,hqs_last,31.250881711076374,0.8196547302484513,0.3219423480331898,0.0013497780309990048
kodim16,Kodak,kodim16,test,0.25,0.25,0.0,2026,3ea3d47c9a19d52357807ff230d537e350f3c86457d4ef4cd7197317af8d923c,hqs,34.19616091934979,0.9072554828834534,0.3278405589517206,0.0017367779510095716
kodim16,Kodak,kodim16,test,0.25,0.25,0.0,2026,3ea3d47c9a19d52357807ff230d537e350f3c86457d4ef4cd7197317af8d923c,hqs_finetuned,34.38757724435942,0.9102064406995773,0.32668753899633884,0.001879101269878447
kodim16,Kodak,kodim16,test,0.25,0.25,0.0,2026,3ea3d47c9a19d52357807ff230d537e350f3c86457d4ef4cd7197317af8d923c,hqs_last,34.38757724435942,0.9102064406995773,0.3236524210078642,0.001879101269878447
kodim16,Kodak,kodim16,test,0.1,0.1001129150390625,0.01,2026,81a13c7b17d9ab490e8be3ba2dda6fde5a87b166330429e20b3af8b265b5539d,hqs,30.901873537747445,0.8057717208821773,0.3416054949630052,0.0011133417719975114
kodim16,Kodak,kodim16,test,0.1,0.1001129150390625,0.01,2026,81a13c7b17d9ab490e8be3ba2dda6fde5a87b166330429e20b3af8b265b5539d,hqs_finetuned,31.00885224733925,0.8094278798407316,0.3247726819245145,0.0011528142495080829
kodim16,Kodak,kodim16,test,0.1,0.1001129150390625,0.01,2026,81a13c7b17d9ab490e8be3ba2dda6fde5a87b166330429e20b3af8b265b5539d,hqs_last,31.00885224733925,0.8094278798407316,0.3212737030116841,0.0011528142495080829
kodim16,Kodak,kodim16,test,0.1,0.1001129150390625,0.01,2027,38122488db3a89eadea013fe70507f89a2892c13bb9f11add68999204068293b,hqs,30.955336890115582,0.8068179678855538,0.32538220193237066,0.0010922002838924527
kodim16,Kodak,kodim16,test,0.1,0.1001129150390625,0.01,2027,38122488db3a89eadea013fe70507f89a2892c13bb9f11add68999204068293b,hqs_finetuned,31.06124112202338,0.810062036888361,0.325115452054888,0.0011292569106444716
kodim16,Kodak,kodim16,test,0.1,0.1001129150390625,0.01,2027,38122488db3a89eadea013fe70507f89a2892c13bb9f11add68999204068293b,hqs_last,31.06124112202338,0.810062036888361,0.3301766760414466,0.0011292569106444716
kodim16,Kodak,kodim16,test,0.1,0.1001129150390625,0.01,2028,612b5a1210bbf7e24717e305511fb4fe2fb683cf9581a58035978ec565f73ae7,hqs,30.925338634375628,0.8055959423861504,0.3280816909391433,0.0011277112644165754
kodim16,Kodak,kodim16,test,0.1,0.1001129150390625,0.01,2028,612b5a1210bbf7e24717e305511fb4fe2fb683cf9581a58035978ec565f73ae7,hqs_finetuned,31.012507773687123,0.8086387597489357,0.3246498750522733,0.0011421451345086098
kodim16,Kodak,kodim16,test,0.1,0.1001129150390625,0.01,2028,612b5a1210bbf7e24717e305511fb4fe2fb683cf9581a58035978ec565f73ae7,hqs_last,31.012507773687123,0.8086387597489357,0.32564470008946955,0.0011421451345086098
kodim16,Kodak,kodim16,test,0.1,0.1001129150390625,0.05,2026,2fba41380cdbe86a57773215100582b1efdd6f520827f8586a551638f3883720,hqs,28.42873006076749,0.6544661369637116,0.32536184997297823,0.0011400963412597775
kodim16,Kodak,kodim16,test,0.1,0.1001129150390625,0.05,2026,2fba41380cdbe86a57773215100582b1efdd6f520827f8586a551638f3883720,hqs_finetuned,28.488882178538134,0.6589662933794903,0.32442367309704423,0.0011410195147618651
kodim16,Kodak,kodim16,test,0.1,0.1001129150390625,0.05,2026,2fba41380cdbe86a57773215100582b1efdd6f520827f8586a551638f3883720,hqs_last,28.488882178538134,0.6589662933794903,0.3248305160086602,0.0011410195147618651
kodim16,Kodak,kodim16,test,0.1,0.1001129150390625,0.05,2027,495a4fd7f883c7980177fd9754594628fa267156b0a76f970cc1a10329653447,hqs,28.511594950006916,0.6592176354712099,0.3249871850712225,0.0012295766500756145
kodim16,Kodak,kodim16,test,0.1,0.1001129150390625,0.05,2027,495a4fd7f883c7980177fd9754594628fa267156b0a76f970cc1a10329653447,hqs_finetuned,28.590074041274388,0.6636739315704704,0.324797241948545,0.0012499664444476366
kodim16,Kodak,kodim16,test,0.1,0.1001129150390625,0.05,2027,495a4fd7f883c7980177fd9754594628fa267156b0a76f970cc1a10329653447,hqs_last,28.590074041274388,0.6636739315704704,0.32224580901674926,0.0012499664444476366
kodim16,Kodak,kodim16,test,0.1,0.1001129150390625,0.05,2028,6dd42cc3273e7fc40388a01d9e82cd6c9be9ace00eef43abf24e7faf56f2efe8,hqs,28.402348036540896,0.6521492883032263,0.3522160780848935,0.0011389364954084158
kodim16,Kodak,kodim16,test,0.1,0.1001129150390625,0.05,2028,6dd42cc3273e7fc40388a01d9e82cd6c9be9ace00eef43abf24e7faf56f2efe8,hqs_finetuned,28.49530039618486,0.6586335718047619,0.3333904850296676,0.001154143363237381
kodim16,Kodak,kodim16,test,0.1,0.1001129150390625,0.05,2028,6dd42cc3273e7fc40388a01d9e82cd6c9be9ace00eef43abf24e7faf56f2efe8,hqs_last,28.49530039618486,0.6586335718047619,0.32648790697567165,0.001154143363237381
kodim17,Kodak,kodim17,test,0.1,0.1001129150390625,0.0,2026,1271749dbdf53534ffc2e38d7da126a3807f57029d48ce4462e447ad57c17722,hqs,29.447479982586447,0.853842156796217,0.32618190604262054,0.0025723797734826803
kodim17,Kodak,kodim17,test,0.1,0.1001129150390625,0.0,2026,1271749dbdf53534ffc2e38d7da126a3807f57029d48ce4462e447ad57c17722,hqs_finetuned,29.494063486769726,0.854301606061697,0.3287494129035622,0.0025619470980018377
kodim17,Kodak,kodim17,test,0.1,0.1001129150390625,0.0,2026,1271749dbdf53534ffc2e38d7da126a3807f57029d48ce4462e447ad57c17722,hqs_last,29.494063486769726,0.854301606061697,0.3293935579713434,0.0025619470980018377
kodim17,Kodak,kodim17,test,0.25,0.25,0.0,2026,8f6e03bb8cd3f2a12b3821c6d175ba00f051aa743bae71cba93e31b16c2f1c5a,hqs,33.737026520858315,0.9398508891448975,0.3288405690109357,0.0022061080671846867
kodim17,Kodak,kodim17,test,0.25,0.25,0.0,2026,8f6e03bb8cd3f2a12b3821c6d175ba00f051aa743bae71cba93e31b16c2f1c5a,hqs_finetuned,33.91284318082114,0.94079960825634,0.3274565329775214,0.0023424418177455664
kodim17,Kodak,kodim17,test,0.25,0.25,0.0,2026,8f6e03bb8cd3f2a12b3821c6d175ba00f051aa743bae71cba93e31b16c2f1c5a,hqs_last,33.91284318082114,0.94079960825634,0.3290958220604807,0.0023424418177455664
kodim17,Kodak,kodim17,test,0.1,0.1001129150390625,0.01,2026,79280f69877d0947384f8ba034f60a41df9627e4b40a2d88164e6eb3d67c36e2,hqs,29.302887159728353,0.848701862067461,0.33206905296538025,0.002510275226086378
kodim17,Kodak,kodim17,test,0.1,0.1001129150390625,0.01,2026,79280f69877d0947384f8ba034f60a41df9627e4b40a2d88164e6eb3d67c36e2,hqs_finetuned,29.338051704641288,0.8491505085492134,0.3273785870987922,0.002464289078488946
kodim17,Kodak,kodim17,test,0.1,0.1001129150390625,0.01,2026,79280f69877d0947384f8ba034f60a41df9627e4b40a2d88164e6eb3d67c36e2,hqs_last,29.338051704641288,0.8491505085492134,0.3290014350786805,0.002464289078488946
kodim17,Kodak,kodim17,test,0.1,0.1001129150390625,0.01,2027,30765294dd7665c338fdfa77a2c141289783c0f7ffa9a10971b46c20ad8ec570,hqs,29.284789204160113,0.8481047161786556,0.3268716720631346,0.002564183436334133
kodim17,Kodak,kodim17,test,0.1,0.1001129150390625,0.01,2027,30765294dd7665c338fdfa77a2c141289783c0f7ffa9a10971b46c20ad8ec570,hqs_finetuned,29.31909556153874,0.8484535091351271,0.33187682507559657,0.0025324190501123667
kodim17,Kodak,kodim17,test,0.1,0.1001129150390625,0.01,2027,30765294dd7665c338fdfa77a2c141289783c0f7ffa9a10971b46c20ad8ec570,hqs_last,29.31909556153874,0.8484535091351271,0.33430401189252734,0.0025324190501123667
kodim17,Kodak,kodim17,test,0.1,0.1001129150390625,0.01,2028,e51a8aeabeafd1ec9a5b130671527b37804ae7f7515b3c02aec3d0ee9e565bb8,hqs,29.32361325949508,0.8488371944811344,0.32862984004896134,0.0025052588898688555
kodim17,Kodak,kodim17,test,0.1,0.1001129150390625,0.01,2028,e51a8aeabeafd1ec9a5b130671527b37804ae7f7515b3c02aec3d0ee9e565bb8,hqs_finetuned,29.359221330331266,0.8493206131687164,0.32908570405561477,0.0024428425822407007
kodim17,Kodak,kodim17,test,0.1,0.1001129150390625,0.01,2028,e51a8aeabeafd1ec9a5b130671527b37804ae7f7515b3c02aec3d0ee9e565bb8,hqs_last,29.359221330331266,0.8493206131687164,0.3312134789302945,0.0024428425822407007
kodim17,Kodak,kodim17,test,0.1,0.1001129150390625,0.05,2026,17a0601b781164aa9df39d03a1e536a0f1833828e49b3768c89e66ecb97c9c51,hqs,27.41026933346173,0.762117908449769,0.3308209319366142,0.0027359265368431807
kodim17,Kodak,kodim17,test,0.1,0.1001129150390625,0.05,2026,17a0601b781164aa9df39d03a1e536a0f1833828e49b3768c89e66ecb97c9c51,hqs_finetuned,27.422184333349758,0.7639943755259514,0.329871027963236,0.0024851427879184484
kodim17,Kodak,kodim17,test,0.1,0.1001129150390625,0.05,2026,17a0601b781164aa9df39d03a1e536a0f1833828e49b3768c89e66ecb97c9c51,hqs_last,27.422184333349758,0.7639943755259514,0.33070842595770955,0.0024851427879184484
kodim17,Kodak,kodim17,test,0.1,0.1001129150390625,0.05,2027,6ad0e746e244b73aa05432390337e1be11a371f4663e8899aed22fb7c7d836d9,hqs,27.37174907690939,0.7602933601598293,0.32872689492069185,0.002457018243148923
kodim17,Kodak,kodim17,test,0.1,0.1001129150390625,0.05,2027,6ad0e746e244b73aa05432390337e1be11a371f4663e8899aed22fb7c7d836d9,hqs_finetuned,27.38323790058496,0.7619714062781632,0.32807546202093363,0.0022876064758747816
kodim17,Kodak,kodim17,test,0.1,0.1001129150390625,0.05,2027,6ad0e746e244b73aa05432390337e1be11a371f4663e8899aed22fb7c7d836d9,hqs_last,27.38323790058496,0.7619714062781632,0.33003949001431465,0.0022876064758747816
kodim17,Kodak,kodim17,test,0.1,0.1001129150390625,0.05,2028,f11c1270a7ccb36f3b8dcd326140139b55aa443b514c7502fb9859f6c4afbed9,hqs,27.37986477626897,0.7596687262968123,0.3297006879001856,0.002480501774698496
kodim17,Kodak,kodim17,test,0.1,0.1001129150390625,0.05,2028,f11c1270a7ccb36f3b8dcd326140139b55aa443b514c7502fb9859f6c4afbed9,hqs_finetuned,27.374955834911212,0.7610628241159916,0.32726714690215886,0.0022494730073958635
kodim17,Kodak,kodim17,test,0.1,0.1001129150390625,0.05,2028,f11c1270a7ccb36f3b8dcd326140139b55aa443b514c7502fb9859f6c4afbed9,hqs_last,27.374955834911212,0.7610628241159916,0.3317030139733106,0.0022494730073958635
kodim18,Kodak,kodim18,test,0.1,0.1001129150390625,0.0,2026,cffbd5f3015c98edc56a3461077b5e3630732535322ffa10d8d33801d519a717,hqs,26.43359850588145,0.75612214219445,0.3441560509381816,0.00448976457118988
kodim18,Kodak,kodim18,test,0.1,0.1001129150390625,0.0,2026,cffbd5f3015c98edc56a3461077b5e3630732535322ffa10d8d33801d519a717,hqs_finetuned,26.48867855463385,0.756168681801945,0.3292783939978108,0.004404671490192413
kodim18,Kodak,kodim18,test,0.1,0.1001129150390625,0.0,2026,cffbd5f3015c98edc56a3461077b5e3630732535322ffa10d8d33801d519a717,hqs_last,26.48867855463385,0.756168681801945,0.3299176499713212,0.004404671490192413
kodim18,Kodak,kodim18,test,0.25,0.25,0.0,2026,08dc1c42af7991c465a7f7dca12d5b50b0f85492c8225f522124379c990f5d41,hqs,29.805431530412207,0.8873502451272011,0.3281111209653318,0.004220491740852594
kodim18,Kodak,kodim18,test,0.25,0.25,0.0,2026,08dc1c42af7991c465a7f7dca12d5b50b0f85492c8225f522124379c990f5d41,hqs_finetuned,29.882563188914595,0.8884134812116623,0.3359798910096288,0.004417621996253729
kodim18,Kodak,kodim18,test,0.25,0.25,0.0,2026,08dc1c42af7991c465a7f7dca12d5b50b0f85492c8225f522124379c990f5d41,hqs_last,29.882563188914595,0.8884134812116623,0.3348433809587732,0.004417621996253729
kodim18,Kodak,kodim18,test,0.1,0.1001129150390625,0.01,2026,290d3a61ba79c4d79cc887b7a8d3e2df03543ee970fd7bcae9a8ec9e0c772108,hqs,26.37213961045245,0.7535521050127745,0.33020825788844377,0.004490996710956097
kodim18,Kodak,kodim18,test,0.1,0.1001129150390625,0.01,2026,290d3a61ba79c4d79cc887b7a8d3e2df03543ee970fd7bcae9a8ec9e0c772108,hqs_finetuned,26.4239979847627,0.7536434458701908,0.3353209199849516,0.004399526864290237
kodim18,Kodak,kodim18,test,0.1,0.1001129150390625,0.01,2026,290d3a61ba79c4d79cc887b7a8d3e2df03543ee970fd7bcae9a8ec9e0c772108,hqs_last,26.4239979847627,0.7536434458701908,0.33071755000855774,0.004399526864290237
kodim18,Kodak,kodim18,test,0.1,0.1001129150390625,0.01,2027,e2c4d3ab78a0351a7ccfcd2e67e2cf51dc3b25a7490c7a2bfa9299a04dab83d7,hqs,26.391590107638557,0.7536987401469946,0.33330287493299693,0.004476944915950298
kodim18,Kodak,kodim18,test,0.1,0.1001129150390625,0.01,2027,e2c4d3ab78a0351a7ccfcd2e67e2cf51dc3b25a7490c7a2bfa9299a04dab83d7,hqs_finetuned,26.43789901286017,0.7536230201280266,0.32930194691289216,0.004399320110678673
kodim18,Kodak,kodim18,test,0.1,0.1001129150390625,0.01,2027,e2c4d3ab78a0351a7ccfcd2e67e2cf51dc3b25a7490c7a2bfa9299a04dab83d7,hqs_last,26.43789901286017,0.7536230201280266,0.3299712319858372,0.004399320110678673
kodim18,Kodak,kodim18,test,0.1,0.1001129150390625,0.01,2028,15b01cabb9a60f1516c1f2eb1ccbd3fcee3eafeef7cc8f2c3613475797827c13,hqs,26.408291648186733,0.7543248909481763,0.32949272298719734,0.004425783641636372
kodim18,Kodak,kodim18,test,0.1,0.1001129150390625,0.01,2028,15b01cabb9a60f1516c1f2eb1ccbd3fcee3eafeef7cc8f2c3613475797827c13,hqs_finetuned,26.448766246691243,0.7542733997448683,0.32872992602642626,0.004314824473112822
kodim18,Kodak,kodim18,test,0.1,0.1001129150390625,0.01,2028,15b01cabb9a60f1516c1f2eb1ccbd3fcee3eafeef7cc8f2c3613475797827c13,hqs_last,26.448766246691243,0.7542733997448683,0.3351635819999501,0.004314824473112822
kodim18,Kodak,kodim18,test,0.1,0.1001129150390625,0.05,2026,98fa658ca73f51d57deffeb35400d24cb636b091ceb1eaf66ebef794e4c93a38,hqs,25.607472395514684,0.7048339481067062,0.3324092380935326,0.0033847130835056305
kodim18,Kodak,kodim18,test,0.1,0.1001129150390625,0.05,2026,98fa658ca73f51d57deffeb35400d24cb636b091ceb1eaf66ebef794e4c93a38,hqs_finetuned,25.615119622780597,0.705613338273108,0.35324808408040553,0.003124360693618655
kodim18,Kodak,kodim18,test,0.1,0.1001129150390625,0.05,2026,98fa658ca73f51d57deffeb35400d24cb636b091ceb1eaf66ebef794e4c93a38,hqs_last,25.615119622780597,0.705613338273108,0.3457880850182846,0.003124360693618655
kodim18,Kodak,kodim18,test,0.1,0.1001129150390625,0.05,2027,dc1eb7bee46d8a361426eb1a9837003308bfdd68233e7c1580e22378a9d8d9cf,hqs,25.62072328168467,0.7057235383942724,0.35623949102591723,0.0034223198890686035
kodim18,Kodak,kodim18,test,0.1,0.1001129150390625,0.05,2027,dc1eb7bee46d8a361426eb1a9837003308bfdd68233e7c1580e22378a9d8d9cf,hqs_finetuned,25.616724067949633,0.7057590846713298,0.347328754956834,0.003217610064893961
kodim18,Kodak,kodim18,test,0.1,0.1001129150390625,0.05,2027,dc1eb7bee46d8a361426eb1a9837003308bfdd68233e7c1580e22378a9d8d9cf,hqs_last,25.616724067949633,0.7057590846713298,0.34435000794474036,0.003217610064893961
kodim18,Kodak,kodim18,test,0.1,0.1001129150390625,0.05,2028,06727f34c1d8c66e4f9be8c9755734f85b6247741b8012bb41d77b7ede5e3c2d,hqs,25.716941306614643,0.7110392008767425,0.35412306198850274,0.003492647083476186
kodim18,Kodak,kodim18,test,0.1,0.1001129150390625,0.05,2028,06727f34c1d8c66e4f9be8c9755734f85b6247741b8012bb41d77b7ede5e3c2d,hqs_finetuned,25.709668328556795,0.711660686149314,0.3627601460320875,0.003296640468761325
kodim18,Kodak,kodim18,test,0.1,0.1001129150390625,0.05,2028,06727f34c1d8c66e4f9be8c9755734f85b6247741b8012bb41d77b7ede5e3c2d,hqs_last,25.709668328556795,0.711660686149314,0.34811981301754713,0.003296640468761325
kodim19,Kodak,kodim19,test,0.1,0.1001129150390625,0.0,2026,0a314f5425c803c2e189be466d676714491629b34b9d7ea7f1649540707de9fa,hqs,25.405868638174816,0.7937948196370411,0.3531426109839231,0.004032282158732414
kodim19,Kodak,kodim19,test,0.1,0.1001129150390625,0.0,2026,0a314f5425c803c2e189be466d676714491629b34b9d7ea7f1649540707de9fa,hqs_finetuned,25.898739897912108,0.8078393248139201,0.3581549869850278,0.004052900709211826
kodim19,Kodak,kodim19,test,0.1,0.1001129150390625,0.0,2026,0a314f5425c803c2e189be466d676714491629b34b9d7ea7f1649540707de9fa,hqs_last,25.898739897912108,0.8078393248139201,0.350029886001721,0.004052900709211826
kodim19,Kodak,kodim19,test,0.25,0.25,0.0,2026,1850e5c4a5ef6e76482e8b276033c4b00831fd243013d33fedcdda551a411299,hqs,30.389655184473302,0.9141356555318684,0.34856769104953855,0.0027681298088282347
kodim19,Kodak,kodim19,test,0.25,0.25,0.0,2026,1850e5c4a5ef6e76482e8b276033c4b00831fd243013d33fedcdda551a411299,hqs_finetuned,31.105796410071676,0.9229665499102772,0.36552674998529255,0.003125585149973631
kodim19,Kodak,kodim19,test,0.25,0.25,0.0,2026,1850e5c4a5ef6e76482e8b276033c4b00831fd243013d33fedcdda551a411299,hqs_last,31.105796410071676,0.9229665499102772,0.3646671549649909,0.003125585149973631
kodim19,Kodak,kodim19,test,0.1,0.1001129150390625,0.01,2026,e1d30d492b8ecc62c6d3d457e544bc465564ff3e7a540fd735572bedd2000def,hqs,25.280241989226944,0.7857051683864468,0.340156621998176,0.0037915066350251436
kodim19,Kodak,kodim19,test,0.1,0.1001129150390625,0.01,2026,e1d30d492b8ecc62c6d3d457e544bc465564ff3e7a540fd735572bedd2000def,hqs_finetuned,25.749586805338186,0.800085145396854,0.32934186002239585,0.0037683050613850355
kodim19,Kodak,kodim19,test,0.1,0.1001129150390625,0.01,2026,e1d30d492b8ecc62c6d3d457e544bc465564ff3e7a540fd735572bedd2000def,hqs_last,25.749586805338186,0.800085145396854,0.3272291700122878,0.0037683050613850355
kodim19,Kodak,kodim19,test,0.1,0.1001129150390625,0.01,2027,8cc1c2d6234c46eaba42fafa8134a755e2dc54a6e1d558139dc4ea86f0407100,hqs,25.40408214551104,0.7881395680273713,0.32660677400417626,0.003977219108492136
kodim19,Kodak,kodim19,test,0.1,0.1001129150390625,0.01,2027,8cc1c2d6234c46eaba42fafa8134a755e2dc54a6e1d558139dc4ea86f0407100,hqs_finetuned,25.807794362236287,0.8003893147244592,0.3304730000672862,0.003947138786315918
kodim19,Kodak,kodim19,test,0.1,0.1001129150390625,0.01,2027,8cc1c2d6234c46eaba42fafa8134a755e2dc54a6e1d558139dc4ea86f0407100,hqs_last,25.807794362236287,0.8003893147244592,0.3299672609427944,0.003947138786315918
kodim19,Kodak,kodim19,test,0.1,0.1001129150390625,0.01,2028,7fe3bfb3df66010468e93d86cd88be3615bdac81f5d50a52eeda1a132a05b8e8,hqs,25.279099107815355,0.7834767373016424,0.3275677120545879,0.003898788243532181
kodim19,Kodak,kodim19,test,0.1,0.1001129150390625,0.01,2028,7fe3bfb3df66010468e93d86cd88be3615bdac81f5d50a52eeda1a132a05b8e8,hqs_finetuned,25.707993766895466,0.7961188931176705,0.33797022805083543,0.0038350559771060944
kodim19,Kodak,kodim19,test,0.1,0.1001129150390625,0.01,2028,7fe3bfb3df66010468e93d86cd88be3615bdac81f5d50a52eeda1a132a05b8e8,hqs_last,25.707993766895466,0.7961188931176705,0.3266957509331405,0.0038350559771060944
kodim19,Kodak,kodim19,test,0.1,0.1001129150390625,0.05,2026,7ea20830047c402d65b3ad329a78988c4984596088edb53d4566b536c4f31734,hqs,23.715848783917032,0.6402243471667045,0.37820987310260534,0.004017284139990807
kodim19,Kodak,kodim19,test,0.1,0.1001129150390625,0.05,2026,7ea20830047c402d65b3ad329a78988c4984596088edb53d4566b536c4f31734,hqs_finetuned,23.822238109560153,0.6461736287725862,0.3451173660578206,0.0034958210308104753
kodim19,Kodak,kodim19,test,0.1,0.1001129150390625,0.05,2026,7ea20830047c402d65b3ad329a78988c4984596088edb53d4566b536c4f31734,hqs_last,23.822238109560153,0.6461736287725862,0.34317463694605976,0.0034958210308104753
kodim19,Kodak,kodim19,test,0.1,0.1001129150390625,0.05,2027,0624d93265dce89e588082945556bb1d3792251911b7ee675202830b8d22f204,hqs,23.845304323717976,0.6463045519018492,0.34100993094034493,0.003965266048908234
kodim19,Kodak,kodim19,test,0.1,0.1001129150390625,0.05,2027,0624d93265dce89e588082945556bb1d3792251911b7ee675202830b8d22f204,hqs_finetuned,24.016403530902586,0.6531529056489804,0.3532545920461416,0.0036767139099538326
kodim19,Kodak,kodim19,test,0.1,0.1001129150390625,0.05,2027,0624d93265dce89e588082945556bb1d3792251911b7ee675202830b8d22f204,hqs_last,24.016403530902586,0.6531529056489804,0.3514796580420807,0.0036767139099538326
kodim19,Kodak,kodim19,test,0.1,0.1001129150390625,0.05,2028,caf9dc9484a81c92f3ef313be9a90bfe28230a5531509ab674e50e02fdfdcec7,hqs,23.829097894014343,0.6436264275658196,0.334079178981483,0.0037943122442811728
kodim19,Kodak,kodim19,test,0.1,0.1001129150390625,0.05,2028,caf9dc9484a81c92f3ef313be9a90bfe28230a5531509ab674e50e02fdfdcec7,hqs_finetuned,23.948645495097193,0.6489442306979105,0.33688709302805364,0.0033962621819227934
kodim19,Kodak,kodim19,test,0.1,0.1001129150390625,0.05,2028,caf9dc9484a81c92f3ef313be9a90bfe28230a5531509ab674e50e02fdfdcec7,hqs_last,23.948645495097193,0.6489442306979105,0.33234511397313327,0.0033962621819227934
kodim20,Kodak,kodim20,test,0.1,0.1001129150390625,0.0,2026,bf3ab6d2c2eb28686beef3d33f392645c195489cc9616140b04a3554d064e9c6,hqs,32.818224851961354,0.9370997766563892,0.3295960569521412,0.00209986325353384
kodim20,Kodak,kodim20,test,0.1,0.1001129150390625,0.0,2026,bf3ab6d2c2eb28686beef3d33f392645c195489cc9616140b04a3554d064e9c6,hqs_finetuned,33.032269998965255,0.9383415894389152,0.3316608980530873,0.002318271901458502
kodim20,Kodak,kodim20,test,0.1,0.1001129150390625,0.0,2026,bf3ab6d2c2eb28686beef3d33f392645c195489cc9616140b04a3554d064e9c6,hqs_last,33.032269998965255,0.9383415894389152,0.33672207698691636,0.002318271901458502
kodim20,Kodak,kodim20,test,0.25,0.25,0.0,2026,1034c6a2c1c9675d898587ae972374edd386e364b19ad8d713ca1ec05fbde907,hqs,38.04227572710475,0.9723995657892227,0.33697618392761797,0.001447471440769732
kodim20,Kodak,kodim20,test,0.25,0.25,0.0,2026,1034c6a2c1c9675d898587ae972374edd386e364b19ad8d713ca1ec05fbde907,hqs_finetuned,38.24502718820901,0.9731406650619507,0.3349461369216442,0.0016798488795757294
kodim20,Kodak,kodim20,test,0.25,0.25,0.0,2026,1034c6a2c1c9675d898587ae972374edd386e364b19ad8d713ca1ec05fbde907,hqs_last,38.24502718820901,0.9731406650619507,0.33181601809337735,0.0016798488795757294
kodim20,Kodak,kodim20,test,0.1,0.1001129150390625,0.01,2026,83514104c81717403121efdff6018ad91e8391b1357f8e41a510c856500192ed,hqs,31.20843813540595,0.9094754992703199,0.3325663779396564,0.0022969087585806847
kodim20,Kodak,kodim20,test,0.1,0.1001129150390625,0.01,2026,83514104c81717403121efdff6018ad91e8391b1357f8e41a510c856500192ed,hqs_finetuned,31.153268889546855,0.9102595667977333,0.3340728849871084,0.0025202473625540733
kodim20,Kodak,kodim20,test,0.1,0.1001129150390625,0.01,2026,83514104c81717403121efdff6018ad91e8391b1357f8e41a510c856500192ed,hqs_last,31.153268889546855,0.9102595667977333,0.33135796105489135,0.0025202473625540733
kodim20,Kodak,kodim20,test,0.1,0.1001129150390625,0.01,2027,68a147bd4e11449ec2aa36775c9f59336854166db3300b7255dd8144933679cc,hqs,31.113665386116306,0.9086312941362857,0.33090302196796983,0.0022574225440621376
kodim20,Kodak,kodim20,test,0.1,0.1001129150390625,0.01,2027,68a147bd4e11449ec2aa36775c9f59336854166db3300b7255dd8144933679cc,hqs_finetuned,31.088257059964537,0.9096581052823066,0.3362860680790618,0.0024567944929003716
kodim20,Kodak,kodim20,test,0.1,0.1001129150390625,0.01,2027,68a147bd4e11449ec2aa36775c9f59336854166db3300b7255dd8144933679cc,hqs_last,31.088257059964537,0.9096581052823066,0.33432331203948706,0.0024567944929003716
kodim20,Kodak,kodim20,test,0.1,0.1001129150390625,0.01,2028,b53bf740c99dfe939a9ddf4f3ef8af595a7e4a2e7565a7ea05195e5c3d1dd533,hqs,31.108721992584158,0.9095274515616893,0.334897801047191,0.002397053875029087
kodim20,Kodak,kodim20,test,0.1,0.1001129150390625,0.01,2028,b53bf740c99dfe939a9ddf4f3ef8af595a7e4a2e7565a7ea05195e5c3d1dd533,hqs_finetuned,31.048579422901362,0.9101538581705093,0.33555569301825017,0.0025887691881507635
kodim20,Kodak,kodim20,test,0.1,0.1001129150390625,0.01,2028,b53bf740c99dfe939a9ddf4f3ef8af595a7e4a2e7565a7ea05195e5c3d1dd533,hqs_last,31.048579422901362,0.9101538581705093,0.335332595044747,0.0025887691881507635
kodim20,Kodak,kodim20,test,0.1,0.1001129150390625,0.05,2026,cce3b5a5b400b6ab01e1f28bb11324d6b0fab93ff188a9e69a140719904e5fa4,hqs,23.847557534002405,0.5845649999171976,0.33327616506721824,0.007096122018992901
kodim20,Kodak,kodim20,test,0.1,0.1001129150390625,0.05,2026,cce3b5a5b400b6ab01e1f28bb11324d6b0fab93ff188a9e69a140719904e5fa4,hqs_finetuned,23.599832317096553,0.5831097687900354,0.3580094969365746,0.0066528706811368465
kodim20,Kodak,kodim20,test,0.1,0.1001129150390625,0.05,2026,cce3b5a5b400b6ab01e1f28bb11324d6b0fab93ff188a9e69a140719904e5fa4,hqs_last,23.599832317096553,0.5831097687900354,0.34184528701007366,0.0066528706811368465
kodim20,Kodak,kodim20,test,0.1,0.1001129150390625,0.05,2027,5c85508326a4b2dc7050d81ba48922ba6570020f09bc17d88061d6f426211f82,hqs,23.685670874451695,0.5884516587732036,0.33628368796780705,0.007586203049868345
kodim20,Kodak,kodim20,test,0.1,0.1001129150390625,0.05,2027,5c85508326a4b2dc7050d81ba48922ba6570020f09bc17d88061d6f426211f82,hqs_finetuned,23.3571926523137,0.5876354971994628,0.3351192169357091,0.007132332306355238
kodim20,Kodak,kodim20,test,0.1,0.1001129150390625,0.05,2027,5c85508326a4b2dc7050d81ba48922ba6570020f09bc17d88061d6f426211f82,hqs_last,23.3571926523137,0.5876354971994628,0.3330675270408392,0.007132332306355238
kodim20,Kodak,kodim20,test,0.1,0.1001129150390625,0.05,2028,1532717cfcd16d52f2976fc8921f4c275e552b6ac59661290bbe635e22045033,hqs,23.711934565996682,0.5861907836568195,0.3329715089639649,0.007908904924988747
kodim20,Kodak,kodim20,test,0.1,0.1001129150390625,0.05,2028,1532717cfcd16d52f2976fc8921f4c275e552b6ac59661290bbe635e22045033,hqs_finetuned,23.455267208668197,0.5844792416265797,0.32866961299441755,0.0074528479017317295
kodim20,Kodak,kodim20,test,0.1,0.1001129150390625,0.05,2028,1532717cfcd16d52f2976fc8921f4c275e552b6ac59661290bbe635e22045033,hqs_last,23.455267208668197,0.5844792416265797,0.407732620020397,0.0074528479017317295
kodim21,Kodak,kodim21,test,0.1,0.1001129150390625,0.0,2026,59d4d3ff8ed81341a3613e71dc3376bffd663308696c72b9b8663c5547317f33,hqs,27.94711319187702,0.8664759727957249,0.3269214709289372,0.003287765895947814
kodim21,Kodak,kodim21,test,0.1,0.1001129150390625,0.0,2026,59d4d3ff8ed81341a3613e71dc3376bffd663308696c72b9b8663c5547317f33,hqs_finetuned,28.00536429496566,0.8676966518833638,0.3280693609267473,0.003400128334760666
kodim21,Kodak,kodim21,test,0.1,0.1001129150390625,0.0,2026,59d4d3ff8ed81341a3613e71dc3376bffd663308696c72b9b8663c5547317f33,hqs_last,28.00536429496566,0.8676966518833638,0.32925115909893066,0.003400128334760666
kodim21,Kodak,kodim21,test,0.25,0.25,0.0,2026,7041c82b3c4e0aa5683a65a399abff71d8e2fab8a5271352915133e04d71d8c3,hqs,32.06181042583868,0.9427214854168892,0.3341894668992609,0.002445195335894823
kodim21,Kodak,kodim21,test,0.25,0.25,0.0,2026,7041c82b3c4e0aa5683a65a399abff71d8e2fab8a5271352915133e04d71d8c3,hqs_finetuned,32.20062583463362,0.9440676658339501,0.40226112795062363,0.002894266974180937
kodim21,Kodak,kodim21,test,0.25,0.25,0.0,2026,7041c82b3c4e0aa5683a65a399abff71d8e2fab8a5271352915133e04d71d8c3,hqs_last,32.20062583463362,0.9440676658339501,0.32593350403476506,0.002894266974180937
kodim21,Kodak,kodim21,test,0.1,0.1001129150390625,0.01,2026,a1a8090e5930458d321418ee6d8f00b3a4f8ae1c7b7cfbac1cc671d9bfff5144,hqs,27.64855837884007,0.8572584899685383,0.32433188194409013,0.002916469471529126
kodim21,Kodak,kodim21,test,0.1,0.1001129150390625,0.01,2026,a1a8090e5930458d321418ee6d8f00b3a4f8ae1c7b7cfbac1cc671d9bfff5144,hqs_finetuned,27.68370803297327,0.8589432663581371,0.32526901096571237,0.0030180993489921093
kodim21,Kodak,kodim21,test,0.1,0.1001129150390625,0.01,2026,a1a8090e5930458d321418ee6d8f00b3a4f8ae1c7b7cfbac1cc671d9bfff5144,hqs_last,27.68370803297327,0.8589432663581371,0.3972165279556066,0.0030180993489921093
kodim21,Kodak,kodim21,test,0.1,0.1001129150390625,0.01,2027,889da85f6f20df6ad42bef01ea7f8c4ded9bd6541cd3b7aeb9a7732308db6afc,hqs,27.635717967864906,0.8562396114060878,0.3498619159217924,0.0028694989159703255
kodim21,Kodak,kodim21,test,0.1,0.1001129150390625,0.01,2027,889da85f6f20df6ad42bef01ea7f8c4ded9bd6541cd3b7aeb9a7732308db6afc,hqs_finetuned,27.674077244396592,0.8584988490580321,0.35576802492141724,0.0030287739355117083
kodim21,Kodak,kodim21,test,0.1,0.1001129150390625,0.01,2027,889da85f6f20df6ad42bef01ea7f8c4ded9bd6541cd3b7aeb9a7732308db6afc,hqs_last,27.674077244396592,0.8584988490580321,0.3443002779968083,0.0030287739355117083
kodim21,Kodak,kodim21,test,0.1,0.1001129150390625,0.01,2028,c9dfbf775ee7227d84270b6fa59c8c38bde1e91409d6605a782aabee611dcf84,hqs,27.65494024166852,0.8577427781150341,0.32836654409766197,0.0029123141430318356
kodim21,Kodak,kodim21,test,0.1,0.1001129150390625,0.01,2028,c9dfbf775ee7227d84270b6fa59c8c38bde1e91409d6605a782aabee611dcf84,hqs_finetuned,27.701831908227497,0.8597188023648262,0.40527483297046274,0.003066146979108453
kodim21,Kodak,kodim21,test,0.1,0.1001129150390625,0.01,2028,c9dfbf775ee7227d84270b6fa59c8c38bde1e91409d6605a782aabee611dcf84,hqs_last,27.701831908227497,0.8597188023648262,0.4220626710448414,0.003066146979108453
kodim21,Kodak,kodim21,test,0.1,0.1001129150390625,0.05,2026,019298e80f8aef14742f1782a4195ad4759c77b9e0cf29ef0c5911b4e9de94d3,hqs,25.539906106086406,0.7038030557552714,0.36146096303127706,0.0023590547498315573
kodim21,Kodak,kodim21,test,0.1,0.1001129150390625,0.05,2026,019298e80f8aef14742f1782a4195ad4759c77b9e0cf29ef0c5911b4e9de94d3,hqs_finetuned,25.542794305696653,0.7115526188911969,0.3538087089546025,0.002195537555962801
kodim21,Kodak,kodim21,test,0.1,0.1001129150390625,0.05,2026,019298e80f8aef14742f1782a4195ad4759c77b9e0cf29ef0c5911b4e9de94d3,hqs_last,25.542794305696653,0.7115526188911969,0.3692136589670554,0.002195537555962801
kodim21,Kodak,kodim21,test,0.1,0.1001129150390625,0.05,2027,32653f270393585e3e560e130518522c51ac417a7424d18dcfc847ba89c00d9e,hqs,25.479253582186093,0.6983580617026873,0.36950190702918917,0.0024304573889821768
kodim21,Kodak,kodim21,test,0.1,0.1001129150390625,0.05,2027,32653f270393585e3e560e130518522c51ac417a7424d18dcfc847ba89c00d9e,hqs_finetuned,25.463000823175413,0.7079597775442311,0.40827479504514486,0.0023617511615157127
kodim21,Kodak,kodim21,test,0.1,0.1001129150390625,0.05,2027,32653f270393585e3e560e130518522c51ac417a7424d18dcfc847ba89c00d9e,hqs_last,25.463000823175413,0.7079597775442311,0.3350219000130892,0.0023617511615157127
kodim21,Kodak,kodim21,test,0.1,0.1001129150390625,0.05,2028,5682d3977e86c2809646362ca9c18a59a79cee7b21da7805203eaeaf067db672,hqs,25.447694906809673,0.7043707748724641,0.3320157590787858,0.002391392132267356
kodim21,Kodak,kodim21,test,0.1,0.1001129150390625,0.05,2028,5682d3977e86c2809646362ca9c18a59a79cee7b21da7805203eaeaf067db672,hqs_finetuned,25.443563721435495,0.7130512609709203,0.3328662409912795,0.002205454045906663
kodim21,Kodak,kodim21,test,0.1,0.1001129150390625,0.05,2028,5682d3977e86c2809646362ca9c18a59a79cee7b21da7805203eaeaf067db672,hqs_last,25.443563721435495,0.7130512609709203,0.3385225950041786,0.002205454045906663
kodim22,Kodak,kodim22,test,0.1,0.1001129150390625,0.0,2026,715791871bba2feb44dd3fa362f3d854cf0a624b5f17fe19536e23cb32fb5d0a,hqs,29.730413312941735,0.8230215022837706,0.33489332091994584,0.0019302844302728772
kodim22,Kodak,kodim22,test,0.1,0.1001129150390625,0.0,2026,715791871bba2feb44dd3fa362f3d854cf0a624b5f17fe19536e23cb32fb5d0a,hqs_finetuned,29.848851256320224,0.8245736453475953,0.3406010000035167,0.0019946882966905832
kodim22,Kodak,kodim22,test,0.1,0.1001129150390625,0.0,2026,715791871bba2feb44dd3fa362f3d854cf0a624b5f17fe19536e23cb32fb5d0a,hqs_last,29.848851256320224,0.8245736453475953,0.34820644301362336,0.0019946882966905832
kodim22,Kodak,kodim22,test,0.25,0.25,0.0,2026,8ea5d1b20f4facb08dae9c30203f193b5ef2228898e1171f7d72e9ae35850e6b,hqs,33.555745458350266,0.9158011227025986,0.33371017791796476,0.0018654168816283345
kodim22,Kodak,kodim22,test,0.25,0.25,0.0,2026,8ea5d1b20f4facb08dae9c30203f193b5ef2228898e1171f7d72e9ae35850e6b,hqs_finetuned,33.5944906956251,0.9159057691726684,0.34170336299575865,0.0019744965247809887
kodim22,Kodak,kodim22,test,0.25,0.25,0.0,2026,8ea5d1b20f4facb08dae9c30203f193b5ef2228898e1171f7d72e9ae35850e6b,hqs_last,33.5944906956251,0.9159057691726684,0.3395524750230834,0.0019744965247809887
kodim22,Kodak,kodim22,test,0.1,0.1001129150390625,0.01,2026,5d97967ab4dac9cf5204bce10db9d769d81203581dcb40f65ade485e8f43f8e7,hqs,29.540432891963388,0.8134016728769988,0.34367774799466133,0.001785207074135542
kodim22,Kodak,kodim22,test,0.1,0.1001129150390625,0.01,2026,5d97967ab4dac9cf5204bce10db9d769d81203581dcb40f65ade485e8f43f8e7,hqs_finetuned,29.591390833666715,0.8145236563538536,0.37415859405882657,0.0017948318272829056
kodim22,Kodak,kodim22,test,0.1,0.1001129150390625,0.01,2026,5d97967ab4dac9cf5204bce10db9d769d81203581dcb40f65ade485e8f43f8e7,hqs_last,29.591390833666715,0.8145236563538536,0.35519062203820795,0.0017948318272829056
kodim22,Kodak,kodim22,test,0.1,0.1001129150390625,0.01,2027,d85c15144a047a0e59289e940a6f236dc8a6959d4ebd93479d2e21f9852fb9db,hqs,29.447555996063738,0.811041279308483,0.35103490005712956,0.0017738447058945894
kodim22,Kodak,kodim22,test,0.1,0.1001129150390625,0.01,2027,d85c15144a047a0e59289e940a6f236dc8a6959d4ebd93479d2e21f9852fb9db,hqs_finetuned,29.546393050287932,0.8127607003997936,0.38722608401440084,0.0017636107513681054
kodim22,Kodak,kodim22,test,0.1,0.1001129150390625,0.01,2027,d85c15144a047a0e59289e940a6f236dc8a6959d4ebd93479d2e21f9852fb9db,hqs_last,29.546393050287932,0.8127607003997936,0.3867385450284928,0.0017636107513681054
kodim22,Kodak,kodim22,test,0.1,0.1001129150390625,0.01,2028,9907ff00195cffa4b9b60a349132d809db68b8a91156a4ac55c417e67ced4c21,hqs,29.4874178333931,0.8123599873778038,0.36624234495684505,0.001798294484615326
kodim22,Kodak,kodim22,test,0.1,0.1001129150390625,0.01,2028,9907ff00195cffa4b9b60a349132d809db68b8a91156a4ac55c417e67ced4c21,hqs_finetuned,29.54442396692087,0.813613937247172,0.40410541894380003,0.001769907190464437
kodim22,Kodak,kodim22,test,0.1,0.1001129150390625,0.01,2028,9907ff00195cffa4b9b60a349132d809db68b8a91156a4ac55c417e67ced4c21,hqs_last,29.54442396692087,0.813613937247172,0.3734038360416889,0.001769907190464437
kodim22,Kodak,kodim22,test,0.1,0.1001129150390625,0.05,2026,8e419684e253b98a727ba39f636b288d48cfa4c966981202d75b91d7b6112d31,hqs,26.93066544394287,0.6586048505594321,0.35766810493078083,0.0020355256274342537
kodim22,Kodak,kodim22,test,0.1,0.1001129150390625,0.05,2026,8e419684e253b98a727ba39f636b288d48cfa4c966981202d75b91d7b6112d31,hqs_finetuned,26.941838379965247,0.6604215376305198,0.35460869199596345,0.0018342570401728153
kodim22,Kodak,kodim22,test,0.1,0.1001129150390625,0.05,2026,8e419684e253b98a727ba39f636b288d48cfa4c966981202d75b91d7b6112d31,hqs_last,26.941838379965247,0.6604215376305198,0.3542416109703481,0.0018342570401728153
kodim22,Kodak,kodim22,test,0.1,0.1001129150390625,0.05,2027,59aa43795a168a8a7345f65c641d7553934ac532a0869f0458e6f01cd8bb4ec1,hqs,26.828591069512534,0.6576508936136923,0.36498483596369624,0.001815184485167265
kodim22,Kodak,kodim22,test,0.1,0.1001129150390625,0.05,2027,59aa43795a168a8a7345f65c641d7553934ac532a0869f0458e6f01cd8bb4ec1,hqs_finetuned,26.84638114239648,0.6597528986512833,0.38254049594979733,0.0017018306534737349
kodim22,Kodak,kodim22,test,0.1,0.1001129150390625,0.05,2027,59aa43795a168a8a7345f65c641d7553934ac532a0869f0458e6f01cd8bb4ec1,hqs_last,26.84638114239648,0.6597528986512833,0.36647977703250945,0.0017018306534737349
kodim22,Kodak,kodim22,test,0.1,0.1001129150390625,0.05,2028,182a93a51bd619916d16f2a4abef7728d923c4601885512a0c8fc32e7f2ebeca,hqs,26.893138920623198,0.6579186552709658,0.36703963892068714,0.0018947279313579202
kodim22,Kodak,kodim22,test,0.1,0.1001129150390625,0.05,2028,182a93a51bd619916d16f2a4abef7728d923c4601885512a0c8fc32e7f2ebeca,hqs_finetuned,26.902417368846358,0.6595326040837862,0.37167249096091837,0.0016936901956796646
kodim22,Kodak,kodim22,test,0.1,0.1001129150390625,0.05,2028,182a93a51bd619916d16f2a4abef7728d923c4601885512a0c8fc32e7f2ebeca,hqs_last,26.902417368846358,0.6595326040837862,0.37056732806377113,0.0016936901956796646
kodim23,Kodak,kodim23,test,0.1,0.1001129150390625,0.0,2026,2831e7f26b57f57fa75c4e8179a7bc353565e7d9903d100950ec8b2d94f92a88,hqs,33.25963845122955,0.9426991541705132,0.37005934899207205,0.002090263646095991
kodim23,Kodak,kodim23,test,0.1,0.1001129150390625,0.0,2026,2831e7f26b57f57fa75c4e8179a7bc353565e7d9903d100950ec8b2d94f92a88,hqs_finetuned,33.42300154652972,0.9437663227710724,0.36861509399022907,0.0022084505762904882
kodim23,Kodak,kodim23,test,0.1,0.1001129150390625,0.0,2026,2831e7f26b57f57fa75c4e8179a7bc353565e7d9903d100950ec8b2d94f92a88,hqs_last,33.42300154652972,0.9437663227710724,0.371721163042821,0.0022084505762904882
kodim23,Kodak,kodim23,test,0.25,0.25,0.0,2026,c10c8cfa8f84672a1f1053f8a765b950fc49c0568244bc146712837ecfd7c059,hqs,38.75516568310482,0.9760411937026977,0.5082449610345066,0.0013492610305547714
kodim23,Kodak,kodim23,test,0.25,0.25,0.0,2026,c10c8cfa8f84672a1f1053f8a765b950fc49c0568244bc146712837ecfd7c059,hqs_finetuned,39.01960053223354,0.9768891050901413,0.37476625107228756,0.001610237406566739
kodim23,Kodak,kodim23,test,0.25,0.25,0.0,2026,c10c8cfa8f84672a1f1053f8a765b950fc49c0568244bc146712837ecfd7c059,hqs_last,39.01960053223354,0.9768891050901413,0.34981370193418115,0.001610237406566739
kodim23,Kodak,kodim23,test,0.1,0.1001129150390625,0.01,2026,81e178f8fe1a059ebe04860de6418165f914dc620c94bc0681b27342bae6a013,hqs,32.50462894110714,0.9288775673375129,0.3522300779586658,0.0016847343649715185
kodim23,Kodak,kodim23,test,0.1,0.1001129150390625,0.01,2026,81e178f8fe1a059ebe04860de6418165f914dc620c94bc0681b27342bae6a013,hqs_finetuned,32.56966725202609,0.9303460568795204,0.3722657150356099,0.0017418009229004383
kodim23,Kodak,kodim23,test,0.1,0.1001129150390625,0.01,2026,81e178f8fe1a059ebe04860de6418165f914dc620c94bc0681b27342bae6a013,hqs_last,32.56966725202609,0.9303460568795204,0.36466952390037477,0.0017418009229004383
kodim23,Kodak,kodim23,test,0.1,0.1001129150390625,0.01,2027,a9b28866da5a9ca2d0faf375b7904410153a99e778d0e704646cbc870a549171,hqs,32.44406365661297,0.9288799825482369,0.3625942679354921,0.0017143675358965993
kodim23,Kodak,kodim23,test,0.1,0.1001129150390625,0.01,2027,a9b28866da5a9ca2d0faf375b7904410153a99e778d0e704646cbc870a549171,hqs_finetuned,32.490103740923296,0.9300092166676521,0.3612396119860932,0.0017669239314273
kodim23,Kodak,kodim23,test,0.1,0.1001129150390625,0.01,2027,a9b28866da5a9ca2d0faf375b7904410153a99e778d0e704646cbc870a549171,hqs_last,32.490103740923296,0.9300092166676521,0.39494572405237705,0.0017669239314273
kodim23,Kodak,kodim23,test,0.1,0.1001129150390625,0.01,2028,8ee6907af645f3c36e62fb7d53fb25e7aca7c662acde72667434992e9a2a5755,hqs,32.45656741545488,0.9288140285410881,0.3737807930447161,0.0017026383429765701
kodim23,Kodak,kodim23,test,0.1,0.1001129150390625,0.01,2028,8ee6907af645f3c36e62fb7d53fb25e7aca7c662acde72667434992e9a2a5755,hqs_finetuned,32.56457411607173,0.9303629167523384,0.35235167492646724,0.0017448884900659323
kodim23,Kodak,kodim23,test,0.1,0.1001129150390625,0.01,2028,8ee6907af645f3c36e62fb7d53fb25e7aca7c662acde72667434992e9a2a5755,hqs_last,32.56457411607173,0.9303629167523384,0.39360558602493256,0.0017448884900659323
kodim23,Kodak,kodim23,test,0.1,0.1001129150390625,0.05,2026,ffbcd0b0643957b2ce8384ba77e56bf18d657aca1e8da9f5bfe438e42bab3390,hqs,27.913100297756447,0.7220993913320303,0.3599631900433451,0.0017178322887048125
kodim23,Kodak,kodim23,test,0.1,0.1001129150390625,0.05,2026,ffbcd0b0643957b2ce8384ba77e56bf18d657aca1e8da9f5bfe438e42bab3390,hqs_finetuned,27.957232792470954,0.7256493550114632,0.43590203498024493,0.0014999997802078724
kodim23,Kodak,kodim23,test,0.1,0.1001129150390625,0.05,2026,ffbcd0b0643957b2ce8384ba77e56bf18d657aca1e8da9f5bfe438e42bab3390,hqs_last,27.957232792470954,0.7256493550114632,0.37386988708749413,0.0014999997802078724
kodim23,Kodak,kodim23,test,0.1,0.1001129150390625,0.05,2027,d51ad0d0a00539054684013a45fa1baa55b20b8330d9f55289faa72ed24fcc42,hqs,27.953775038594657,0.7247028300452736,0.41475314390845597,0.0016280522104352713
kodim23,Kodak,kodim23,test,0.1,0.1001129150390625,0.05,2027,d51ad0d0a00539054684013a45fa1baa55b20b8330d9f55289faa72ed24fcc42,hqs_finetuned,27.970100703919552,0.7284183332116753,0.3818277840036899,0.001407238538376987
kodim23,Kodak,kodim23,test,0.1,0.1001129150390625,0.05,2027,d51ad0d0a00539054684013a45fa1baa55b20b8330d9f55289faa72ed24fcc42,hqs_last,27.970100703919552,0.7284183332116753,0.37865569605492055,0.001407238538376987
kodim23,Kodak,kodim23,test,0.1,0.1001129150390625,0.05,2028,d94eefccdf86eaa0c917e55f66721be1696e681d041c3dff39a4d5a7dfa699c2,hqs,27.950295288192727,0.7232393238345981,0.3880089959129691,0.0018499280558899045
kodim23,Kodak,kodim23,test,0.1,0.1001129150390625,0.05,2028,d94eefccdf86eaa0c917e55f66721be1696e681d041c3dff39a4d5a7dfa699c2,hqs_finetuned,27.98355591980019,0.7260631383697856,0.3825741430046037,0.0016147700371220708
kodim23,Kodak,kodim23,test,0.1,0.1001129150390625,0.05,2028,d94eefccdf86eaa0c917e55f66721be1696e681d041c3dff39a4d5a7dfa699c2,hqs_last,27.98355591980019,0.7260631383697856,0.384573839022778,0.0016147700371220708
kodim24,Kodak,kodim24,test,0.1,0.1001129150390625,0.0,2026,65c0d7bfaabc734b4c4e23168b4cbb136fd6c80539eaa517d1c3c473ba0aa88b,hqs,26.8561258915545,0.8143258165858984,0.39719753502868116,0.0034698613453656435
kodim24,Kodak,kodim24,test,0.1,0.1001129150390625,0.0,2026,65c0d7bfaabc734b4c4e23168b4cbb136fd6c80539eaa517d1c3c473ba0aa88b,hqs_finetuned,26.988388158396308,0.8176522248951434,0.3946974149439484,0.0035679275169968605
kodim24,Kodak,kodim24,test,0.1,0.1001129150390625,0.0,2026,65c0d7bfaabc734b4c4e23168b4cbb136fd6c80539eaa517d1c3c473ba0aa88b,hqs_last,26.988388158396308,0.8176522248951434,0.4275773190893233,0.0035679275169968605
kodim24,Kodak,kodim24,test,0.25,0.25,0.0,2026,552c7ce1ad5e440184a37de9a9386159e0f8c03cca82a27c6046624a63a8c19c,hqs,31.149710086534803,0.9237385570888519,0.3841427300358191,0.0033177388831973076
kodim24,Kodak,kodim24,test,0.25,0.25,0.0,2026,552c7ce1ad5e440184a37de9a9386159e0f8c03cca82a27c6046624a63a8c19c,hqs_finetuned,31.246912252300604,0.9251316710376739,0.3553275209851563,0.003612702712416649
kodim24,Kodak,kodim24,test,0.25,0.25,0.0,2026,552c7ce1ad5e440184a37de9a9386159e0f8c03cca82a27c6046624a63a8c19c,hqs_last,31.246912252300604,0.9251316710376739,0.35504254105035216,0.003612702712416649
kodim24,Kodak,kodim24,test,0.1,0.1001129150390625,0.01,2026,484541085044bbe3e1e1924f50d6a3efbfb720061f4a6eb76dde29020ffba2ab,hqs,26.6084493135373,0.8038224570341707,0.36725972208660096,0.0031412008684128523
kodim24,Kodak,kodim24,test,0.1,0.1001129150390625,0.01,2026,484541085044bbe3e1e1924f50d6a3efbfb720061f4a6eb76dde29020ffba2ab,hqs_finetuned,26.801674899490457,0.8092698672298491,0.35593122092541307,0.0033019224647432566
kodim24,Kodak,kodim24,test,0.1,0.1001129150390625,0.01,2026,484541085044bbe3e1e1924f50d6a3efbfb720061f4a6eb76dde29020ffba2ab,hqs_last,26.801674899490457,0.8092698672298491,0.3592295019188896,0.0033019224647432566
kodim24,Kodak,kodim24,test,0.1,0.1001129150390625,0.01,2027,33a507f66b13894cdb112958bbca10dae539bfbbeec07be86de2776c95951f9e,hqs,26.71036876343692,0.8071636980645173,0.37779429694637656,0.0033949578646570444
kodim24,Kodak,kodim24,test,0.1,0.1001129150390625,0.01,2027,33a507f66b13894cdb112958bbca10dae539bfbbeec07be86de2776c95951f9e,hqs_finetuned,26.838041155928853,0.8106119745032759,0.36539480404462665,0.0034412280656397343
kodim24,Kodak,kodim24,test,0.1,0.1001129150390625,0.01,2027,33a507f66b13894cdb112958bbca10dae539bfbbeec07be86de2776c95951f9e,hqs_last,26.838041155928853,0.8106119745032759,0.3488099890528247,0.0034412280656397343
kodim24,Kodak,kodim24,test,0.1,0.1001129150390625,0.01,2028,2b8f08d4f222e2681261b347299f93f365dcda388eba2186abddb69b809420c9,hqs,26.71076859644701,0.807066690675199,0.3526064510224387,0.003319260897114873
kodim24,Kodak,kodim24,test,0.1,0.1001129150390625,0.01,2028,2b8f08d4f222e2681261b347299f93f365dcda388eba2186abddb69b809420c9,hqs_finetuned,26.849531643061976,0.8108840466840341,0.3595197070389986,0.0033945366740226746
kodim24,Kodak,kodim24,test,0.1,0.1001129150390625,0.01,2028,2b8f08d4f222e2681261b347299f93f365dcda388eba2186abddb69b809420c9,hqs_last,26.849531643061976,0.8108840466840341,0.37719051900785416,0.0033945366740226746
kodim24,Kodak,kodim24,test,0.1,0.1001129150390625,0.05,2026,6aa2b8c42f125591ae8c8c84c2b5f95c8b8af9c390b8595ef74260a7e3e7454f,hqs,25.01649445436324,0.6891730189154325,0.36680197692476213,0.002663595136255026
kodim24,Kodak,kodim24,test,0.1,0.1001129150390625,0.05,2026,6aa2b8c42f125591ae8c8c84c2b5f95c8b8af9c390b8595ef74260a7e3e7454f,hqs_finetuned,25.005476358681964,0.6902222726363242,0.3625781249720603,0.0023894249461591244
kodim24,Kodak,kodim24,test,0.1,0.1001129150390625,0.05,2026,6aa2b8c42f125591ae8c8c84c2b5f95c8b8af9c390b8595ef74260a7e3e7454f,hqs_last,25.005476358681964,0.6902222726363242,0.370163711020723,0.0023894249461591244
kodim24,Kodak,kodim24,test,0.1,0.1001129150390625,0.05,2027,7e880e4234c5386baa0751405532d0b1bc592d8c5c1f7ddc1aedfa56bb595351,hqs,25.038653726152504,0.6943267026488673,0.3547495109960437,0.0029298895969986916
kodim24,Kodak,kodim24,test,0.1,0.1001129150390625,0.05,2027,7e880e4234c5386baa0751405532d0b1bc592d8c5c1f7ddc1aedfa56bb595351,hqs_finetuned,25.050426606501823,0.696559433437178,0.3546329819364473,0.002662717131897807
kodim24,Kodak,kodim24,test,0.1,0.1001129150390625,0.05,2027,7e880e4234c5386baa0751405532d0b1bc592d8c5c1f7ddc1aedfa56bb595351,hqs_last,25.050426606501823,0.696559433437178,0.36810495099052787,0.002662717131897807
kodim24,Kodak,kodim24,test,0.1,0.1001129150390625,0.05,2028,5a3fbfb295dcb9e8aea3cec2323a41a2c0cf613bd4ad73723f23aada1c73a9d2,hqs,25.07043380190077,0.6905633797007188,0.3804782769875601,0.002663059625774622
kodim24,Kodak,kodim24,test,0.1,0.1001129150390625,0.05,2028,5a3fbfb295dcb9e8aea3cec2323a41a2c0cf613bd4ad73723f23aada1c73a9d2,hqs_finetuned,25.087996640452282,0.692077689452332,0.39287768700160086,0.002367025939747691
kodim24,Kodak,kodim24,test,0.1,0.1001129150390625,0.05,2028,5a3fbfb295dcb9e8aea3cec2323a41a2c0cf613bd4ad73723f23aada1c73a9d2,hqs_last,25.087996640452282,0.692077689452332,0.385435585048981,0.002367025939747691
hevc_BQTerrace_f0000,HEVC_B,BQTerrace,test,0.1,0.1001129150390625,0.0,2026,87fd2b97d0579416bf1e2e98e0611d7ee012de2ef9e3f4fa769e3a5834fa8618,hqs,26.088300475521766,0.8266723750704527,0.3549997180234641,0.003461310174316168
hevc_BQTerrace_f0000,HEVC_B,BQTerrace,test,0.1,0.1001129150390625,0.0,2026,87fd2b97d0579416bf1e2e98e0611d7ee012de2ef9e3f4fa769e3a5834fa8618,hqs_finetuned,26.254909016740967,0.831213824871689,0.35355236602481455,0.003661113791167736
hevc_BQTerrace_f0000,HEVC_B,BQTerrace,test,0.1,0.1001129150390625,0.0,2026,87fd2b97d0579416bf1e2e98e0611d7ee012de2ef9e3f4fa769e3a5834fa8618,hqs_last,26.254909016740967,0.831213824871689,0.3474236319307238,0.003661113791167736
hevc_BQTerrace_f0000,HEVC_B,BQTerrace,test,0.25,0.25,0.0,2026,04972fe16054fb809475ad3a3f31cea8d6a4b39f411d938c1e3d3de1a717706f,hqs,30.42924278779342,0.9235409809503555,0.3623375769238919,0.002808213932439685
hevc_BQTerrace_f0000,HEVC_B,BQTerrace,test,0.25,0.25,0.0,2026,04972fe16054fb809475ad3a3f31cea8d6a4b39f411d938c1e3d3de1a717706f,hqs_finetuned,30.528433414898135,0.9251688121072054,0.37260886700823903,0.0031883171759545803
hevc_BQTerrace_f0000,HEVC_B,BQTerrace,test,0.25,0.25,0.0,2026,04972fe16054fb809475ad3a3f31cea8d6a4b39f411d938c1e3d3de1a717706f,hqs_last,30.528433414898135,0.9251688121072054,0.36396790493745357,0.0031883171759545803
hevc_BQTerrace_f0000,HEVC_B,BQTerrace,test,0.1,0.1001129150390625,0.01,2026,f57492c95f83b849cafa9ef473b0b42649842ce2b26dc2bb6567a30fb10e152a,hqs,25.845559965287208,0.8156282591676116,0.38968492194544524,0.00309346173889935
hevc_BQTerrace_f0000,HEVC_B,BQTerrace,test,0.1,0.1001129150390625,0.01,2026,f57492c95f83b849cafa9ef473b0b42649842ce2b26dc2bb6567a30fb10e152a,hqs_finetuned,25.958186471966957,0.820509593274951,0.36473689903505147,0.003287330735474825
hevc_BQTerrace_f0000,HEVC_B,BQTerrace,test,0.1,0.1001129150390625,0.01,2026,f57492c95f83b849cafa9ef473b0b42649842ce2b26dc2bb6567a30fb10e152a,hqs_last,25.958186471966957,0.820509593274951,0.3817298919893801,0.003287330735474825
hevc_BQTerrace_f0000,HEVC_B,BQTerrace,test,0.1,0.1001129150390625,0.01,2027,6e208fc3f919920f7973a82f7f58780538d8a4928b1ba540c144d85fa98dcd82,hqs,25.784514616625607,0.8146346644320785,0.3639095579273999,0.0032440039794892073
hevc_BQTerrace_f0000,HEVC_B,BQTerrace,test,0.1,0.1001129150390625,0.01,2027,6e208fc3f919920f7973a82f7f58780538d8a4928b1ba540c144d85fa98dcd82,hqs_finetuned,25.857267602682942,0.8178996320252642,0.3850646400824189,0.0034386180341243744
hevc_BQTerrace_f0000,HEVC_B,BQTerrace,test,0.1,0.1001129150390625,0.01,2027,6e208fc3f919920f7973a82f7f58780538d8a4928b1ba540c144d85fa98dcd82,hqs_last,25.857267602682942,0.8178996320252642,0.3653571920003742,0.0034386180341243744
hevc_BQTerrace_f0000,HEVC_B,BQTerrace,test,0.1,0.1001129150390625,0.01,2028,7856c7a776709a7c2e7ae6d5f4a05fc93134bb9e48a8e5f2ef58fd633ac2193a,hqs,25.79341250216149,0.8142923785901368,0.3459652599412948,0.0031577397603541613
hevc_BQTerrace_f0000,HEVC_B,BQTerrace,test,0.1,0.1001129150390625,0.01,2028,7856c7a776709a7c2e7ae6d5f4a05fc93134bb9e48a8e5f2ef58fd633ac2193a,hqs_finetuned,25.872552239661267,0.8184518461181559,0.35552232700865716,0.00334202591329813
hevc_BQTerrace_f0000,HEVC_B,BQTerrace,test,0.1,0.1001129150390625,0.01,2028,7856c7a776709a7c2e7ae6d5f4a05fc93134bb9e48a8e5f2ef58fd633ac2193a,hqs_last,25.872552239661267,0.8184518461181559,0.34493293694686145,0.00334202591329813
hevc_BQTerrace_f0000,HEVC_B,BQTerrace,test,0.1,0.1001129150390625,0.05,2026,1222a075dbfdc9a25cd5b7b599b261e7647c67acfac78cf4b7e5b2a46ec58554,hqs,23.10241137641591,0.6291415680118678,0.32970097893849015,0.002468699123710394
hevc_BQTerrace_f0000,HEVC_B,BQTerrace,test,0.1,0.1001129150390625,0.05,2026,1222a075dbfdc9a25cd5b7b599b261e7647c67acfac78cf4b7e5b2a46ec58554,hqs_finetuned,23.101778079487406,0.6371351566911624,0.36514385300688446,0.0021849009208381176
hevc_BQTerrace_f0000,HEVC_B,BQTerrace,test,0.1,0.1001129150390625,0.05,2026,1222a075dbfdc9a25cd5b7b599b261e7647c67acfac78cf4b7e5b2a46ec58554,hqs_last,23.101778079487406,0.6371351566911624,0.36932865204289556,0.0021849009208381176
hevc_BQTerrace_f0000,HEVC_B,BQTerrace,test,0.1,0.1001129150390625,0.05,2027,04be7af63318c738feec61d60f75239f6c5740ee407264ff5d0cb3ab23c4e10c,hqs,23.037847680008138,0.6325482016708683,0.33937295398209244,0.002490807557478547
hevc_BQTerrace_f0000,HEVC_B,BQTerrace,test,0.1,0.1001129150390625,0.05,2027,04be7af63318c738feec61d60f75239f6c5740ee407264ff5d0cb3ab23c4e10c,hqs_finetuned,23.022496605232185,0.6396896778362747,0.34498966101091355,0.0022009897511452436
hevc_BQTerrace_f0000,HEVC_B,BQTerrace,test,0.1,0.1001129150390625,0.05,2027,04be7af63318c738feec61d60f75239f6c5740ee407264ff5d0cb3ab23c4e10c,hqs_last,23.022496605232185,0.6396896778362747,0.3436004479881376,0.0022009897511452436
hevc_BQTerrace_f0000,HEVC_B,BQTerrace,test,0.1,0.1001129150390625,0.05,2028,b3c30fddf5d1833b8372275cc849c61ace2f7ddf1232cb1bf61546135db59bac,hqs,23.107061669798092,0.6305496125710467,0.3404871249804273,0.0025508059188723564
hevc_BQTerrace_f0000,HEVC_B,BQTerrace,test,0.1,0.1001129150390625,0.05,2028,b3c30fddf5d1833b8372275cc849c61ace2f7ddf1232cb1bf61546135db59bac,hqs_finetuned,23.10536373660569,0.6384002553061535,0.33798133593518287,0.0022553359158337116
hevc_BQTerrace_f0000,HEVC_B,BQTerrace,test,0.1,0.1001129150390625,0.05,2028,b3c30fddf5d1833b8372275cc849c61ace2f7ddf1232cb1bf61546135db59bac,hqs_last,23.10536373660569,0.6384002553061535,0.34665187797509134,0.0022553359158337116
hevc_BQTerrace_f0200,HEVC_B,BQTerrace,test,0.1,0.1001129150390625,0.0,2026,abe48d4c09fea10e396a9f342ba32b29f6e36fecd38190e1f3afda350c45862c,hqs,32.66545615640015,0.9409356276273727,0.337782246991992,0.002885382156819105
hevc_BQTerrace_f0200,HEVC_B,BQTerrace,test,0.1,0.1001129150390625,0.0,2026,abe48d4c09fea10e396a9f342ba32b29f6e36fecd38190e1f3afda350c45862c,hqs_finetuned,32.85816113998117,0.9423161946563721,0.3372695620637387,0.003182819811627269
hevc_BQTerrace_f0200,HEVC_B,BQTerrace,test,0.1,0.1001129150390625,0.0,2026,abe48d4c09fea10e396a9f342ba32b29f6e36fecd38190e1f3afda350c45862c,hqs_last,32.85816113998117,0.9423161946563721,0.3389172829920426,0.003182819811627269
hevc_BQTerrace_f0200,HEVC_B,BQTerrace,test,0.25,0.25,0.0,2026,95cffb9bf96bcae8977cb20e435bf06cad501d19fd31dca6010ed8dc080568b3,hqs,38.04392852787771,0.9792001309695244,0.34609512297902256,0.0021128738299012184
hevc_BQTerrace_f0200,HEVC_B,BQTerrace,test,0.25,0.25,0.0,2026,95cffb9bf96bcae8977cb20e435bf06cad501d19fd31dca6010ed8dc080568b3,hqs_finetuned,38.22497340570814,0.979451207493782,0.34301759698428214,0.0026623005978763103
hevc_BQTerrace_f0200,HEVC_B,BQTerrace,test,0.25,0.25,0.0,2026,95cffb9bf96bcae8977cb20e435bf06cad501d19fd31dca6010ed8dc080568b3,hqs_last,38.22497340570814,0.979451207493782,0.3549723270116374,0.0026623005978763103
hevc_BQTerrace_f0200,HEVC_B,BQTerrace,test,0.1,0.1001129150390625,0.01,2026,adf15571fed5ba166a478defb5dce3a3c99b3e16957591fa8e3b742cb646bb6a,hqs,31.748001282704557,0.9254959573655128,0.3550587029894814,0.0025072703137993813
hevc_BQTerrace_f0200,HEVC_B,BQTerrace,test,0.1,0.1001129150390625,0.01,2026,adf15571fed5ba166a478defb5dce3a3c99b3e16957591fa8e3b742cb646bb6a,hqs_finetuned,31.833356228452402,0.9270214226238728,0.343910829978995,0.002687351079657674
hevc_BQTerrace_f0200,HEVC_B,BQTerrace,test,0.1,0.1001129150390625,0.01,2026,adf15571fed5ba166a478defb5dce3a3c99b3e16957591fa8e3b742cb646bb6a,hqs_last,31.833356228452402,0.9270214226238728,0.38582419499289244,0.002687351079657674
hevc_BQTerrace_f0200,HEVC_B,BQTerrace,test,0.1,0.1001129150390625,0.01,2027,e09f0cb5d4a3cd2b00d0dd1cdeaa34af90077c6b32542ef5dba307a98ae961bd,hqs,31.733339681788877,0.924458363317728,0.35200585203710943,0.0024183359928429127
hevc_BQTerrace_f0200,HEVC_B,BQTerrace,test,0.1,0.1001129150390625,0.01,2027,e09f0cb5d4a3cd2b00d0dd1cdeaa34af90077c6b32542ef5dba307a98ae961bd,hqs_finetuned,31.82183764952578,0.9262219725115299,0.3559607060160488,0.002630054485052824
hevc_BQTerrace_f0200,HEVC_B,BQTerrace,test,0.1,0.1001129150390625,0.01,2027,e09f0cb5d4a3cd2b00d0dd1cdeaa34af90077c6b32542ef5dba307a98ae961bd,hqs_last,31.82183764952578,0.9262219725115299,0.3621422629803419,0.002630054485052824
hevc_BQTerrace_f0200,HEVC_B,BQTerrace,test,0.1,0.1001129150390625,0.01,2028,7cce8bee6bdb37f4df9890d7686afc770d7280eba88300a3fea203d28f4353a2,hqs,31.709069212695738,0.9256522075705528,0.3505882490426302,0.0023427321575582027
hevc_BQTerrace_f0200,HEVC_B,BQTerrace,test,0.1,0.1001129150390625,0.01,2028,7cce8bee6bdb37f4df9890d7686afc770d7280eba88300a3fea203d28f4353a2,hqs_finetuned,31.868132018794636,0.9280561998541356,0.35338212409988046,0.0026380771305412054
hevc_BQTerrace_f0200,HEVC_B,BQTerrace,test,0.1,0.1001129150390625,0.01,2028,7cce8bee6bdb37f4df9890d7686afc770d7280eba88300a3fea203d28f4353a2,hqs_last,31.868132018794636,0.9280561998541356,0.3515935459872708,0.0026380771305412054
hevc_BQTerrace_f0200,HEVC_B,BQTerrace,test,0.1,0.1001129150390625,0.05,2026,42db7d5e862a19fc02408139c15d94660ab9d34f198859d219992a453360f5fc,hqs,26.884665292633617,0.7144629112191359,0.3373875650577247,0.0016952351434156299
hevc_BQTerrace_f0200,HEVC_B,BQTerrace,test,0.1,0.1001129150390625,0.05,2026,42db7d5e862a19fc02408139c15d94660ab9d34f198859d219992a453360f5fc,hqs_finetuned,26.794125912710662,0.7170004097802557,0.3481639130041003,0.0016796700656414032
hevc_BQTerrace_f0200,HEVC_B,BQTerrace,test,0.1,0.1001129150390625,0.05,2026,42db7d5e862a19fc02408139c15d94660ab9d34f198859d219992a453360f5fc,hqs_last,26.794125912710662,0.7170004097802557,0.3647169240284711,0.0016796700656414032
hevc_BQTerrace_f0200,HEVC_B,BQTerrace,test,0.1,0.1001129150390625,0.05,2027,2c09befa72b7c5495fa696e277d13836b4c578f883c9ef654b082cff6afed200,hqs,26.874554995847,0.7133661222347273,0.359081458998844,0.0017624457832425833
hevc_BQTerrace_f0200,HEVC_B,BQTerrace,test,0.1,0.1001129150390625,0.05,2027,2c09befa72b7c5495fa696e277d13836b4c578f883c9ef654b082cff6afed200,hqs_finetuned,26.77992454299545,0.7168860384630262,0.3596095419488847,0.0017066143918782473
hevc_BQTerrace_f0200,HEVC_B,BQTerrace,test,0.1,0.1001129150390625,0.05,2027,2c09befa72b7c5495fa696e277d13836b4c578f883c9ef654b082cff6afed200,hqs_last,26.77992454299545,0.7168860384630262,0.3610585229471326,0.0017066143918782473
hevc_BQTerrace_f0200,HEVC_B,BQTerrace,test,0.1,0.1001129150390625,0.05,2028,b0480dee4ced39d6f9ae8bcd33a94f4a1f95dac4abb8e719b977ebf0fa695d77,hqs,26.821583451320077,0.720130462261416,0.3427625480107963,0.0018504909239709377
hevc_BQTerrace_f0200,HEVC_B,BQTerrace,test,0.1,0.1001129150390625,0.05,2028,b0480dee4ced39d6f9ae8bcd33a94f4a1f95dac4abb8e719b977ebf0fa695d77,hqs_finetuned,26.73296224217704,0.7238607893069386,0.3521445250371471,0.0018715737387537956
hevc_BQTerrace_f0200,HEVC_B,BQTerrace,test,0.1,0.1001129150390625,0.05,2028,b0480dee4ced39d6f9ae8bcd33a94f4a1f95dac4abb8e719b977ebf0fa695d77,hqs_last,26.73296224217704,0.7238607893069386,0.35094762593507767,0.0018715737387537956
hevc_BQTerrace_f0400,HEVC_B,BQTerrace,test,0.1,0.1001129150390625,0.0,2026,dd44e061127f091462619b18abd45ff8e6a589295f83622cb0b6e9333492191d,hqs,29.835577204918508,0.8893750444734096,0.3875454800436273,0.003414612030610442
hevc_BQTerrace_f0400,HEVC_B,BQTerrace,test,0.1,0.1001129150390625,0.0,2026,dd44e061127f091462619b18abd45ff8e6a589295f83622cb0b6e9333492191d,hqs_finetuned,29.95264856012588,0.8922435669317246,0.4138399609364569,0.0034339805133640766
hevc_BQTerrace_f0400,HEVC_B,BQTerrace,test,0.1,0.1001129150390625,0.0,2026,dd44e061127f091462619b18abd45ff8e6a589295f83622cb0b6e9333492191d,hqs_last,29.95264856012588,0.8922435669317246,0.36287545692175627,0.0034339805133640766
hevc_BQTerrace_f0400,HEVC_B,BQTerrace,test,0.25,0.25,0.0,2026,36fabb4150fa5753ae4458b42ce9df224c609536c676f265ca6c959e9649c03a,hqs,34.68474991695052,0.9586214930257797,0.36045751499477774,0.0023697137366980314
hevc_BQTerrace_f0400,HEVC_B,BQTerrace,test,0.25,0.25,0.0,2026,36fabb4150fa5753ae4458b42ce9df224c609536c676f265ca6c959e9649c03a,hqs_finetuned,34.780857716721385,0.9595277418107987,0.3656860119663179,0.0027265669777989388
hevc_BQTerrace_f0400,HEVC_B,BQTerrace,test,0.25,0.25,0.0,2026,36fabb4150fa5753ae4458b42ce9df224c609536c676f265ca6c959e9649c03a,hqs_last,34.780857716721385,0.9595277418107987,0.35770098492503166,0.0027265669777989388
hevc_BQTerrace_f0400,HEVC_B,BQTerrace,test,0.1,0.1001129150390625,0.01,2026,c5bbe1f6cc70a59b18f1f611a600a2a76c6ce6e39247aaeb954f2fcf3c6389d1,hqs,29.168937587202603,0.8723660634109974,0.3573874090798199,0.0031234838534146547
hevc_BQTerrace_f0400,HEVC_B,BQTerrace,test,0.1,0.1001129150390625,0.01,2026,c5bbe1f6cc70a59b18f1f611a600a2a76c6ce6e39247aaeb954f2fcf3c6389d1,hqs_finetuned,29.210856319698948,0.8742779383442998,0.3675440619699657,0.0031612366437911987
hevc_BQTerrace_f0400,HEVC_B,BQTerrace,test,0.1,0.1001129150390625,0.01,2026,c5bbe1f6cc70a59b18f1f611a600a2a76c6ce6e39247aaeb954f2fcf3c6389d1,hqs_last,29.210856319698948,0.8742779383442998,0.416250008973293,0.0031612366437911987
hevc_BQTerrace_f0400,HEVC_B,BQTerrace,test,0.1,0.1001129150390625,0.01,2027,b649bbc3f0efa895c65fac893952d312631feb6173b72f0dcf876136146b99e1,hqs,29.195466349019952,0.8719409897390558,0.45517970994114876,0.002940393751487136
hevc_BQTerrace_f0400,HEVC_B,BQTerrace,test,0.1,0.1001129150390625,0.01,2027,b649bbc3f0efa895c65fac893952d312631feb6173b72f0dcf876136146b99e1,hqs_finetuned,29.24773193502938,0.8742697924903221,0.3761101629352197,0.0030813857447355986
hevc_BQTerrace_f0400,HEVC_B,BQTerrace,test,0.1,0.1001129150390625,0.01,2027,b649bbc3f0efa895c65fac893952d312631feb6173b72f0dcf876136146b99e1,hqs_last,29.24773193502938,0.8742697924903221,0.3998186559183523,0.0030813857447355986
hevc_BQTerrace_f0400,HEVC_B,BQTerrace,test,0.1,0.1001129150390625,0.01,2028,90f8bedd1ec41c086e8837d7b23c6a7d92fd226e767a8737316716497dc56f11,hqs,29.258843394803215,0.8730573353520632,0.3914338629692793,0.0029832026921212673
hevc_BQTerrace_f0400,HEVC_B,BQTerrace,test,0.1,0.1001129150390625,0.01,2028,90f8bedd1ec41c086e8837d7b23c6a7d92fd226e767a8737316716497dc56f11,hqs_finetuned,29.30775494924708,0.8754299739968777,0.38930509600322694,0.0030373097397387028
hevc_BQTerrace_f0400,HEVC_B,BQTerrace,test,0.1,0.1001129150390625,0.01,2028,90f8bedd1ec41c086e8837d7b23c6a7d92fd226e767a8737316716497dc56f11,hqs_last,29.30775494924708,0.8754299739968777,0.38935511698946357,0.0030373097397387028
hevc_BQTerrace_f0400,HEVC_B,BQTerrace,test,0.1,0.1001129150390625,0.05,2026,732dd5fa556f6ab8688c85b9f06e89f13e6492ef3e6ca8e4148686fc9f2363c9,hqs,25.686546953579132,0.6850462504241877,0.39056289102882147,0.002103249542415142
hevc_BQTerrace_f0400,HEVC_B,BQTerrace,test,0.1,0.1001129150390625,0.05,2026,732dd5fa556f6ab8688c85b9f06e89f13e6492ef3e6ca8e4148686fc9f2363c9,hqs_finetuned,25.599586419408382,0.6878725721304901,0.37183556403033435,0.001985554350540042
hevc_BQTerrace_f0400,HEVC_B,BQTerrace,test,0.1,0.1001129150390625,0.05,2026,732dd5fa556f6ab8688c85b9f06e89f13e6492ef3e6ca8e4148686fc9f2363c9,hqs_last,25.599586419408382,0.6878725721304901,0.3810668159276247,0.001985554350540042
hevc_BQTerrace_f0400,HEVC_B,BQTerrace,test,0.1,0.1001129150390625,0.05,2027,d7418024eb1788de31ee70abb0e09fb2c5bcd9c6e63a731ddeb2c23db4b06799,hqs,25.828127301608074,0.6876093786211256,0.3786654769210145,0.0018723027314990759
hevc_BQTerrace_f0400,HEVC_B,BQTerrace,test,0.1,0.1001129150390625,0.05,2027,d7418024eb1788de31ee70abb0e09fb2c5bcd9c6e63a731ddeb2c23db4b06799,hqs_finetuned,25.79217272760074,0.6919448031194135,0.3946010450599715,0.0019124692771583796
hevc_BQTerrace_f0400,HEVC_B,BQTerrace,test,0.1,0.1001129150390625,0.05,2027,d7418024eb1788de31ee70abb0e09fb2c5bcd9c6e63a731ddeb2c23db4b06799,hqs_last,25.79217272760074,0.6919448031194135,0.3837173630017787,0.0019124692771583796
hevc_BQTerrace_f0400,HEVC_B,BQTerrace,test,0.1,0.1001129150390625,0.05,2028,b3a0f858dd83f0ea9ff8af33ed663034d98efe647ae60749cd30c7fede79fb2f,hqs,25.92137102402351,0.694509011739023,0.39134256704710424,0.001975727267563343
hevc_BQTerrace_f0400,HEVC_B,BQTerrace,test,0.1,0.1001129150390625,0.05,2028,b3a0f858dd83f0ea9ff8af33ed663034d98efe647ae60749cd30c7fede79fb2f,hqs_finetuned,25.832220475466908,0.6979527283114195,0.3698119750479236,0.0019869219977408648
hevc_BQTerrace_f0400,HEVC_B,BQTerrace,test,0.1,0.1001129150390625,0.05,2028,b3a0f858dd83f0ea9ff8af33ed663034d98efe647ae60749cd30c7fede79fb2f,hqs_last,25.832220475466908,0.6979527283114195,0.37144379294477403,0.0019869219977408648
hevc_BasketballDrive_f0000,HEVC_B,BasketballDrive,test,0.1,0.1001129150390625,0.0,2026,06bbb566f32605fbc7a95700dd97c164b425f6441c32377f567d9d7e3c3202b6,hqs,35.085087620972295,0.9260406781873703,0.3658543329220265,0.002060465980321169
hevc_BasketballDrive_f0000,HEVC_B,BasketballDrive,test,0.1,0.1001129150390625,0.0,2026,06bbb566f32605fbc7a95700dd97c164b425f6441c32377f567d9d7e3c3202b6,hqs_finetuned,35.25592160724773,0.9264408980998993,0.3602734259329736,0.002374284667894244
hevc_BasketballDrive_f0000,HEVC_B,BasketballDrive,test,0.1,0.1001129150390625,0.0,2026,06bbb566f32605fbc7a95700dd97c164b425f6441c32377f567d9d7e3c3202b6,hqs_last,35.25592160724773,0.9264408980998993,0.3658073330298066,0.002374284667894244
hevc_BasketballDrive_f0000,HEVC_B,BasketballDrive,test,0.25,0.25,0.0,2026,e0d3ce43dee63fd18d8af5cd003d9f36c0c86875919f4cdaf50f688d99d4aa00,hqs,39.964153607638075,0.9693376034440995,0.350425312994048,0.0015431171050295234
hevc_BasketballDrive_f0000,HEVC_B,BasketballDrive,test,0.25,0.25,0.0,2026,e0d3ce43dee63fd18d8af5cd003d9f36c0c86875919f4cdaf50f688d99d4aa00,hqs_finetuned,40.308435952230084,0.970475356464386,0.36362719803582877,0.0017632362432777882
hevc_BasketballDrive_f0000,HEVC_B,BasketballDrive,test,0.25,0.25,0.0,2026,e0d3ce43dee63fd18d8af5cd003d9f36c0c86875919f4cdaf50f688d99d4aa00,hqs_last,40.308435952230084,0.970475356464386,0.3761898339726031,0.0017632362432777882
hevc_BasketballDrive_f0000,HEVC_B,BasketballDrive,test,0.1,0.1001129150390625,0.01,2026,beac6652583eac2478fd28dade8028947e5c5b4eebf7321e3e3dbf9a35012d4a,hqs,34.34248559072624,0.9110043008933068,0.35855610098224133,0.0016670981422066689
hevc_BasketballDrive_f0000,HEVC_B,BasketballDrive,test,0.1,0.1001129150390625,0.01,2026,beac6652583eac2478fd28dade8028947e5c5b4eebf7321e3e3dbf9a35012d4a,hqs_finetuned,34.44192457390589,0.9117491973109245,0.3971256479853764,0.0018376425141468644
hevc_BasketballDrive_f0000,HEVC_B,BasketballDrive,test,0.1,0.1001129150390625,0.01,2026,beac6652583eac2478fd28dade8028947e5c5b4eebf7321e3e3dbf9a35012d4a,hqs_last,34.44192457390589,0.9117491973109245,0.37836633098777384,0.0018376425141468644
hevc_BasketballDrive_f0000,HEVC_B,BasketballDrive,test,0.1,0.1001129150390625,0.01,2027,44d175c23f370dadd8ce953c65e3c1dbfa45076008cb522e037caea37702fae3,hqs,34.26191832401915,0.9104663663563728,0.35602983098942786,0.0017167080659419298
hevc_BasketballDrive_f0000,HEVC_B,BasketballDrive,test,0.1,0.1001129150390625,0.01,2027,44d175c23f370dadd8ce953c65e3c1dbfa45076008cb522e037caea37702fae3,hqs_finetuned,34.378285917560035,0.9111669858801364,0.35641376592684537,0.0018805945292115211
hevc_BasketballDrive_f0000,HEVC_B,BasketballDrive,test,0.1,0.1001129150390625,0.01,2027,44d175c23f370dadd8ce953c65e3c1dbfa45076008cb522e037caea37702fae3,hqs_last,34.378285917560035,0.9111669858801364,0.3669558229157701,0.0018805945292115211
hevc_BasketballDrive_f0000,HEVC_B,BasketballDrive,test,0.1,0.1001129150390625,0.01,2028,0157b8ee6634e13c686772e63295612ff52796b071ec1f67d4ee0b759bcdfbee,hqs,34.329299911147075,0.912042490439415,0.369274090975523,0.0017234755214303732
hevc_BasketballDrive_f0000,HEVC_B,BasketballDrive,test,0.1,0.1001129150390625,0.01,2028,0157b8ee6634e13c686772e63295612ff52796b071ec1f67d4ee0b759bcdfbee,hqs_finetuned,34.463678094846664,0.9125479652628898,0.3668207509908825,0.0018128635128960013
hevc_BasketballDrive_f0000,HEVC_B,BasketballDrive,test,0.1,0.1001129150390625,0.01,2028,0157b8ee6634e13c686772e63295612ff52796b071ec1f67d4ee0b759bcdfbee,hqs_last,34.463678094846664,0.9125479652628898,0.35985976702068,0.0018128635128960013
hevc_BasketballDrive_f0000,HEVC_B,BasketballDrive,test,0.1,0.1001129150390625,0.05,2026,7bf3ae606b8210d7a1f757ff7cf86a2d0a5b62f089f0abcfe6c3fdb900cdc833,hqs,29.037931527744185,0.7183501603171359,0.35500691598281264,0.001449092524126172
hevc_BasketballDrive_f0000,HEVC_B,BasketballDrive,test,0.1,0.1001129150390625,0.05,2026,7bf3ae606b8210d7a1f757ff7cf86a2d0a5b62f089f0abcfe6c3fdb900cdc833,hqs_finetuned,28.96933121931474,0.7195130869421438,0.3640812491066754,0.0013033418217673898
hevc_BasketballDrive_f0000,HEVC_B,BasketballDrive,test,0.1,0.1001129150390625,0.05,2026,7bf3ae606b8210d7a1f757ff7cf86a2d0a5b62f089f0abcfe6c3fdb900cdc833,hqs_last,28.96933121931474,0.7195130869421438,0.3491222729207948,0.0013033418217673898
hevc_BasketballDrive_f0000,HEVC_B,BasketballDrive,test,0.1,0.1001129150390625,0.05,2027,8f02f81f6a7e19fb9b67f3526400301ef01c0d8c5168375734d3c7dbe9cccec9,hqs,28.989555240500046,0.7096308503885567,0.35563791799359024,0.0014697526348754764
hevc_BasketballDrive_f0000,HEVC_B,BasketballDrive,test,0.1,0.1001129150390625,0.05,2027,8f02f81f6a7e19fb9b67f3526400301ef01c0d8c5168375734d3c7dbe9cccec9,hqs_finetuned,28.958862214031495,0.711228550294906,0.3628589470172301,0.0013306171167641878
hevc_BasketballDrive_f0000,HEVC_B,BasketballDrive,test,0.1,0.1001129150390625,0.05,2027,8f02f81f6a7e19fb9b67f3526400301ef01c0d8c5168375734d3c7dbe9cccec9,hqs_last,28.958862214031495,0.711228550294906,0.3697825010167435,0.0013306171167641878
hevc_BasketballDrive_f0000,HEVC_B,BasketballDrive,test,0.1,0.1001129150390625,0.05,2028,78e12100dedbb7cc0b947e3621443d43fc548a916b316844cefcca74e3b87733,hqs,29.069750471957803,0.7140848604844212,0.37618743092752993,0.0013766564661636949
hevc_BasketballDrive_f0000,HEVC_B,BasketballDrive,test,0.1,0.1001129150390625,0.05,2028,78e12100dedbb7cc0b947e3621443d43fc548a916b316844cefcca74e3b87733,hqs_finetuned,29.05435690640629,0.7156329590994864,0.3642164299963042,0.0012639224296435714
hevc_BasketballDrive_f0000,HEVC_B,BasketballDrive,test,0.1,0.1001129150390625,0.05,2028,78e12100dedbb7cc0b947e3621443d43fc548a916b316844cefcca74e3b87733,hqs_last,29.05435690640629,0.7156329590994864,0.3852041580248624,0.0012639224296435714
hevc_BasketballDrive_f0167,HEVC_B,BasketballDrive,test,0.1,0.1001129150390625,0.0,2026,794cfde4094a3636cf21f66c4810c6bfaa97c39c5ac8ec9a2b5cae85fc486ec8,hqs,30.938622407879595,0.8692384831237793,0.36776487703900784,0.0026051118038594723
hevc_BasketballDrive_f0167,HEVC_B,BasketballDrive,test,0.1,0.1001129150390625,0.0,2026,794cfde4094a3636cf21f66c4810c6bfaa97c39c5ac8ec9a2b5cae85fc486ec8,hqs_finetuned,31.110818367150443,0.8706287200483084,0.3812263519503176,0.002815213752910495
hevc_BasketballDrive_f0167,HEVC_B,BasketballDrive,test,0.1,0.1001129150390625,0.0,2026,794cfde4094a3636cf21f66c4810c6bfaa97c39c5ac8ec9a2b5cae85fc486ec8,hqs_last,31.110818367150443,0.8706287200483084,0.3631727379979566,0.002815213752910495
hevc_BasketballDrive_f0167,HEVC_B,BasketballDrive,test,0.25,0.25,0.0,2026,3fff7f9c140357f0944f59b63e644182ed251ca82f40d18a2cf2efc4c015c34e,hqs,35.36141255912176,0.9390864160556793,0.35599123290739954,0.001838228665292263
hevc_BasketballDrive_f0167,HEVC_B,BasketballDrive,test,0.25,0.25,0.0,2026,3fff7f9c140357f0944f59b63e644182ed251ca82f40d18a2cf2efc4c015c34e,hqs_finetuned,35.809425083350895,0.9425808442153931,0.3678072870243341,0.0021564962808042765
hevc_BasketballDrive_f0167,HEVC_B,BasketballDrive,test,0.25,0.25,0.0,2026,3fff7f9c140357f0944f59b63e644182ed251ca82f40d18a2cf2efc4c015c34e,hqs_last,35.809425083350895,0.9425808442153931,0.3593647211091593,0.0021564962808042765
hevc_BasketballDrive_f0167,HEVC_B,BasketballDrive,test,0.1,0.1001129150390625,0.01,2026,99761a3ca86e7ad0e458614e0ff45b4a1d68b3a549620ac04d76006ef6ac94f6,hqs,30.56832526075332,0.8572882290498018,0.35697478405199945,0.0024229122791439295
hevc_BasketballDrive_f0167,HEVC_B,BasketballDrive,test,0.1,0.1001129150390625,0.01,2026,99761a3ca86e7ad0e458614e0ff45b4a1d68b3a549620ac04d76006ef6ac94f6,hqs_finetuned,30.710393095356356,0.8585997200814486,0.3599683060310781,0.0025851966347545385
hevc_BasketballDrive_f0167,HEVC_B,BasketballDrive,test,0.1,0.1001129150390625,0.01,2026,99761a3ca86e7ad0e458614e0ff45b4a1d68b3a549620ac04d76006ef6ac94f6,hqs_last,30.710393095356356,0.8585997200814486,0.35778012906666845,0.0025851966347545385
hevc_BasketballDrive_f0167,HEVC_B,BasketballDrive,test,0.1,0.1001129150390625,0.01,2027,30d77bbdcea4ee8543a8a3ab16cf5e52d18f466336bd48adece5a40eb210d8d4,hqs,30.558550964189447,0.8570463115526438,0.35866186197381467,0.0022369916550815105
hevc_BasketballDrive_f0167,HEVC_B,BasketballDrive,test,0.1,0.1001129150390625,0.01,2027,30d77bbdcea4ee8543a8a3ab16cf5e52d18f466336bd48adece5a40eb210d8d4,hqs_finetuned,30.71898797163129,0.859036814205885,0.362983233993873,0.0024401796981692314
hevc_BasketballDrive_f0167,HEVC_B,BasketballDrive,test,0.1,0.1001129150390625,0.01,2027,30d77bbdcea4ee8543a8a3ab16cf5e52d18f466336bd48adece5a40eb210d8d4,hqs_last,30.71898797163129,0.859036814205885,0.36688546906225383,0.0024401796981692314
hevc_BasketballDrive_f0167,HEVC_B,BasketballDrive,test,0.1,0.1001129150390625,0.01,2028,3577d8ae659a562f7f98da45569817d639fbb03204206bfa9bde57c7545d7126,hqs,30.6458734105896,0.8585196925758123,0.36220214306376874,0.0023685030173510313
hevc_BasketballDrive_f0167,HEVC_B,BasketballDrive,test,0.1,0.1001129150390625,0.01,2028,3577d8ae659a562f7f98da45569817d639fbb03204206bfa9bde57c7545d7126,hqs_finetuned,30.8166433732943,0.8606214945483208,0.3547943700104952,0.0025660826358944178
hevc_BasketballDrive_f0167,HEVC_B,BasketballDrive,test,0.1,0.1001129150390625,0.01,2028,3577d8ae659a562f7f98da45569817d639fbb03204206bfa9bde57c7545d7126,hqs_last,30.8166433732943,0.8606214945483208,0.3472642599372193,0.0025660826358944178
hevc_BasketballDrive_f0167,HEVC_B,BasketballDrive,test,0.1,0.1001129150390625,0.05,2026,2b61cbfe1f034b614b6ec35b75a94f608ccdae0e32a9e07be1902df4a97d87f5,hqs,27.13979020665551,0.6853443457155516,0.35060483997222036,0.0019156222697347403
hevc_BasketballDrive_f0167,HEVC_B,BasketballDrive,test,0.1,0.1001129150390625,0.05,2026,2b61cbfe1f034b614b6ec35b75a94f608ccdae0e32a9e07be1902df4a97d87f5,hqs_finetuned,27.14957748508511,0.6873781680204666,0.3813894659979269,0.0016663398128002882
hevc_BasketballDrive_f0167,HEVC_B,BasketballDrive,test,0.1,0.1001129150390625,0.05,2026,2b61cbfe1f034b614b6ec35b75a94f608ccdae0e32a9e07be1902df4a97d87f5,hqs_last,27.14957748508511,0.6873781680204666,0.3650026780087501,0.0016663398128002882
hevc_BasketballDrive_f0167,HEVC_B,BasketballDrive,test,0.1,0.1001129150390625,0.05,2027,ac997c52b35328678b28707b667c767d3aa9c294bb48a8cc6a2cd4b220f95ada,hqs,27.181920648403043,0.6879980622032094,0.35847503400873393,0.001780588529072702
hevc_BasketballDrive_f0167,HEVC_B,BasketballDrive,test,0.1,0.1001129150390625,0.05,2027,ac997c52b35328678b28707b667c767d3aa9c294bb48a8cc6a2cd4b220f95ada,hqs_finetuned,27.180964331741407,0.6898791661763956,0.3481324790045619,0.0015987611841410398
hevc_BasketballDrive_f0167,HEVC_B,BasketballDrive,test,0.1,0.1001129150390625,0.05,2027,ac997c52b35328678b28707b667c767d3aa9c294bb48a8cc6a2cd4b220f95ada,hqs_last,27.180964331741407,0.6898791661763956,0.3536734660156071,0.0015987611841410398
hevc_BasketballDrive_f0167,HEVC_B,BasketballDrive,test,0.1,0.1001129150390625,0.05,2028,4910b48a3df157ac8e4af88fb03fe9e761ca901ba47da8b1773b087ca0f91d3a,hqs,27.23560080984071,0.6862096720505617,0.3598653000080958,0.001886106445454061
hevc_BasketballDrive_f0167,HEVC_B,BasketballDrive,test,0.1,0.1001129150390625,0.05,2028,4910b48a3df157ac8e4af88fb03fe9e761ca901ba47da8b1773b087ca0f91d3a,hqs_finetuned,27.26919752853194,0.6879145789860189,0.35649629891850054,0.001670326106250286
hevc_BasketballDrive_f0167,HEVC_B,BasketballDrive,test,0.1,0.1001129150390625,0.05,2028,4910b48a3df157ac8e4af88fb03fe9e761ca901ba47da8b1773b087ca0f91d3a,hqs_last,27.26919752853194,0.6879145789860189,0.3829287620028481,0.001670326106250286
hevc_BasketballDrive_f0334,HEVC_B,BasketballDrive,test,0.1,0.1001129150390625,0.0,2026,c1c421b074bcfefa90614627f75729c093e6800bb409b4ae70a4897c90505f56,hqs,32.344630608045804,0.915515642162323,0.34826159197837114,0.0030811161268502474
hevc_BasketballDrive_f0334,HEVC_B,BasketballDrive,test,0.1,0.1001129150390625,0.0,2026,c1c421b074bcfefa90614627f75729c093e6800bb409b4ae70a4897c90505f56,hqs_finetuned,32.518144519401424,0.9166347409322262,0.340901333023794,0.0030187119264155626
hevc_BasketballDrive_f0334,HEVC_B,BasketballDrive,test,0.1,0.1001129150390625,0.0,2026,c1c421b074bcfefa90614627f75729c093e6800bb409b4ae70a4897c90505f56,hqs_last,32.518144519401424,0.9166347409322262,0.3532198709435761,0.0030187119264155626
hevc_BasketballDrive_f0334,HEVC_B,BasketballDrive,test,0.25,0.25,0.0,2026,1831ab3bfe62a4686f64e5c89b39ec5c50560ad8dc161db0443328157f7dcdbe,hqs,38.248301780932835,0.9680826048855782,0.35008792497683316,0.001875191810540855
hevc_BasketballDrive_f0334,HEVC_B,BasketballDrive,test,0.25,0.25,0.0,2026,1831ab3bfe62a4686f64e5c89b39ec5c50560ad8dc161db0443328157f7dcdbe,hqs_finetuned,38.67868859200633,0.9697636177139283,0.3508094709832221,0.002192821353673935
hevc_BasketballDrive_f0334,HEVC_B,BasketballDrive,test,0.25,0.25,0.0,2026,1831ab3bfe62a4686f64e5c89b39ec5c50560ad8dc161db0443328157f7dcdbe,hqs_last,38.67868859200633,0.9697636177139283,0.3526031910441816,0.002192821353673935
hevc_BasketballDrive_f0334,HEVC_B,BasketballDrive,test,0.1,0.1001129150390625,0.01,2026,e668ad51677963f65a5c0c6ae1110885815f179911a24dd8909eea427bb352a9,hqs,32.01317648722612,0.9066951313583851,0.35482583101838827,0.0028309321496635675
hevc_BasketballDrive_f0334,HEVC_B,BasketballDrive,test,0.1,0.1001129150390625,0.01,2026,e668ad51677963f65a5c0c6ae1110885815f179911a24dd8909eea427bb352a9,hqs_finetuned,31.975897852860946,0.9073598688099385,0.34554406197275966,0.0029629420023411512
hevc_BasketballDrive_f0334,HEVC_B,BasketballDrive,test,0.1,0.1001129150390625,0.01,2026,e668ad51677963f65a5c0c6ae1110885815f179911a24dd8909eea427bb352a9,hqs_last,31.975897852860946,0.9073598688099385,0.3589198039844632,0.0029629420023411512
hevc_BasketballDrive_f0334,HEVC_B,BasketballDrive,test,0.1,0.1001129150390625,0.01,2027,40e7231216160bb5438f1dbed5e98716c33380ae4a5840aa1d8444276564c8a6,hqs,31.913402262694586,0.9069688171997015,0.35023965197615325,0.0028788952622562647
hevc_BasketballDrive_f0334,HEVC_B,BasketballDrive,test,0.1,0.1001129150390625,0.01,2027,40e7231216160bb5438f1dbed5e98716c33380ae4a5840aa1d8444276564c8a6,hqs_finetuned,32.069821256878505,0.9082789078781903,0.34705042699351907,0.002947632223367691
hevc_BasketballDrive_f0334,HEVC_B,BasketballDrive,test,0.1,0.1001129150390625,0.01,2027,40e7231216160bb5438f1dbed5e98716c33380ae4a5840aa1d8444276564c8a6,hqs_last,32.069821256878505,0.9082789078781903,0.3505572770955041,0.002947632223367691
hevc_BasketballDrive_f0334,HEVC_B,BasketballDrive,test,0.1,0.1001129150390625,0.01,2028,79bc53b7feb1c53ed6b64d0e5a809d4eeaf151e6fff04fd94b0fec13d821bc0c,hqs,31.97924346701649,0.9059830420089587,0.35550018690992147,0.002794280182570219
hevc_BasketballDrive_f0334,HEVC_B,BasketballDrive,test,0.1,0.1001129150390625,0.01,2028,79bc53b7feb1c53ed6b64d0e5a809d4eeaf151e6fff04fd94b0fec13d821bc0c,hqs_finetuned,32.03748418649615,0.907045454947751,0.36508987203706056,0.002896518213674426
hevc_BasketballDrive_f0334,HEVC_B,BasketballDrive,test,0.1,0.1001129150390625,0.01,2028,79bc53b7feb1c53ed6b64d0e5a809d4eeaf151e6fff04fd94b0fec13d821bc0c,hqs_last,32.03748418649615,0.907045454947751,0.3540023670066148,0.002896518213674426
hevc_BasketballDrive_f0334,HEVC_B,BasketballDrive,test,0.1,0.1001129150390625,0.05,2026,202a5aebba743c8153e4c028c70f6a1a94db679bf7db84ea2693943c8fa6d89f,hqs,28.0637140488021,0.7475164917780608,0.3680166229605675,0.002618164522573352
hevc_BasketballDrive_f0334,HEVC_B,BasketballDrive,test,0.1,0.1001129150390625,0.05,2026,202a5aebba743c8153e4c028c70f6a1a94db679bf7db84ea2693943c8fa6d89f,hqs_finetuned,27.98343237288938,0.7503536975236536,0.35068917588796467,0.002102541271597147
hevc_BasketballDrive_f0334,HEVC_B,BasketballDrive,test,0.1,0.1001129150390625,0.05,2026,202a5aebba743c8153e4c028c70f6a1a94db679bf7db84ea2693943c8fa6d89f,hqs_last,27.98343237288938,0.7503536975236536,0.3654024120187387,0.002102541271597147
hevc_BasketballDrive_f0334,HEVC_B,BasketballDrive,test,0.1,0.1001129150390625,0.05,2027,68887760034972924696a8df52c73d82107e24343a85e67bbf290e732b419b10,hqs,28.208921966464175,0.7600950202930048,0.35979985806625336,0.002728863386437297
hevc_BasketballDrive_f0334,HEVC_B,BasketballDrive,test,0.1,0.1001129150390625,0.05,2027,68887760034972924696a8df52c73d82107e24343a85e67bbf290e732b419b10,hqs_finetuned,28.15949420214495,0.7630610393428281,0.352180668967776,0.002234412357211113
hevc_BasketballDrive_f0334,HEVC_B,BasketballDrive,test,0.1,0.1001129150390625,0.05,2027,68887760034972924696a8df52c73d82107e24343a85e67bbf290e732b419b10,hqs_last,28.15949420214495,0.7630610393428281,0.3597116880118847,0.002234412357211113
hevc_BasketballDrive_f0334,HEVC_B,BasketballDrive,test,0.1,0.1001129150390625,0.05,2028,2e041e355cb6feff92f35fb8dc459a1adebc4a98d94e170299f945d5ef1cb7c1,hqs,28.096320393832972,0.7482624081231085,0.36744772107340395,0.0029949308373034
hevc_BasketballDrive_f0334,HEVC_B,BasketballDrive,test,0.1,0.1001129150390625,0.05,2028,2e041e355cb6feff92f35fb8dc459a1adebc4a98d94e170299f945d5ef1cb7c1,hqs_finetuned,28.068778557499012,0.7511829428837746,0.35637271008454263,0.0023270398378372192
hevc_BasketballDrive_f0334,HEVC_B,BasketballDrive,test,0.1,0.1001129150390625,0.05,2028,2e041e355cb6feff92f35fb8dc459a1adebc4a98d94e170299f945d5ef1cb7c1,hqs_last,28.068778557499012,0.7511829428837746,0.3679713000310585,0.0023270398378372192
hevc_Cactus_f0000,HEVC_B,Cactus,test,0.1,0.1001129150390625,0.0,2026,5f4b3097f2dc36507ba5d0a054164ac546cd4ffb8584d140da664bd8297de513,hqs,29.070006312032852,0.8497454054756165,0.35836534202098846,0.003144683549180627
hevc_Cactus_f0000,HEVC_B,Cactus,test,0.1,0.1001129150390625,0.0,2026,5f4b3097f2dc36507ba5d0a054164ac546cd4ffb8584d140da664bd8297de513,hqs_finetuned,29.185428122515855,0.8517108843121529,0.3562704670475796,0.0032869887072592974
hevc_Cactus_f0000,HEVC_B,Cactus,test,0.1,0.1001129150390625,0.0,2026,5f4b3097f2dc36507ba5d0a054164ac546cd4ffb8584d140da664bd8297de513,hqs_last,29.185428122515855,0.8517108843121529,0.34935481497086585,0.0032869887072592974
hevc_Cactus_f0000,HEVC_B,Cactus,test,0.25,0.25,0.0,2026,14113ecd96eafb2a29d00d2f54a45ef2b18603d2be255f7ca643f7bb98669c51,hqs,33.83361369532635,0.9451101089191437,0.36820619693025947,0.0026375006418675184
hevc_Cactus_f0000,HEVC_B,Cactus,test,0.25,0.25,0.0,2026,14113ecd96eafb2a29d00d2f54a45ef2b18603d2be255f7ca643f7bb98669c51,hqs_finetuned,34.023110246577204,0.9468313701815605,0.3807068640599027,0.0030714613385498524
hevc_Cactus_f0000,HEVC_B,Cactus,test,0.25,0.25,0.0,2026,14113ecd96eafb2a29d00d2f54a45ef2b18603d2be255f7ca643f7bb98669c51,hqs_last,34.023110246577204,0.9468313701815605,0.36896272597368807,0.0030714613385498524
hevc_Cactus_f0000,HEVC_B,Cactus,test,0.1,0.1001129150390625,0.01,2026,c23f005401f658fec6b90dc8d3689ff439274b0c5c2ca99a93c335c9c2eb4dd8,hqs,28.91946965942752,0.8443233790524006,0.3667915320256725,0.003036507638171315
hevc_Cactus_f0000,HEVC_B,Cactus,test,0.1,0.1001129150390625,0.01,2026,c23f005401f658fec6b90dc8d3689ff439274b0c5c2ca99a93c335c9c2eb4dd8,hqs_finetuned,28.992728854104755,0.845649503554821,0.35700761596672237,0.0030770597513765097
hevc_Cactus_f0000,HEVC_B,Cactus,test,0.1,0.1001129150390625,0.01,2026,c23f005401f658fec6b90dc8d3689ff439274b0c5c2ca99a93c335c9c2eb4dd8,hqs_last,28.992728854104755,0.845649503554821,0.35579203604720533,0.0030770597513765097
hevc_Cactus_f0000,HEVC_B,Cactus,test,0.1,0.1001129150390625,0.01,2027,e26a17f4929e22e174b732cfe614ecec288853d1240da8e9f0b29ac7bd313bb3,hqs,28.94383678648967,0.8454839824945927,0.35505997703876346,0.0030833056662231684
hevc_Cactus_f0000,HEVC_B,Cactus,test,0.1,0.1001129150390625,0.01,2027,e26a17f4929e22e174b732cfe614ecec288853d1240da8e9f0b29ac7bd313bb3,hqs_finetuned,29.021235418745537,0.8469365689942837,0.3538997999858111,0.003204762004315853
hevc_Cactus_f0000,HEVC_B,Cactus,test,0.1,0.1001129150390625,0.01,2027,e26a17f4929e22e174b732cfe614ecec288853d1240da8e9f0b29ac7bd313bb3,hqs_last,29.021235418745537,0.8469365689942837,0.35026346996892244,0.003204762004315853
hevc_Cactus_f0000,HEVC_B,Cactus,test,0.1,0.1001129150390625,0.01,2028,8a7a32ff5fc1e0a78e71cbf0a8d6b740bbb6f2d708f7cc2ac63dc2d2517333b5,hqs,28.950060400261396,0.8447857903952598,0.34518407797440886,0.0030059381388127804
hevc_Cactus_f0000,HEVC_B,Cactus,test,0.1,0.1001129150390625,0.01,2028,8a7a32ff5fc1e0a78e71cbf0a8d6b740bbb6f2d708f7cc2ac63dc2d2517333b5,hqs_finetuned,29.032332915552743,0.846246628594637,0.3558463070075959,0.0031036236323416233
hevc_Cactus_f0000,HEVC_B,Cactus,test,0.1,0.1001129150390625,0.01,2028,8a7a32ff5fc1e0a78e71cbf0a8d6b740bbb6f2d708f7cc2ac63dc2d2517333b5,hqs_last,29.032332915552743,0.846246628594637,0.359809088986367,0.0031036236323416233
hevc_Cactus_f0000,HEVC_B,Cactus,test,0.1,0.1001129150390625,0.05,2026,19107e0c6a9973d751e77288c4bba391944844b09ce132901ca925ce1e2c3b28,hqs,26.978270697906094,0.7577455593936443,0.34997417591512203,0.002768906531855464
hevc_Cactus_f0000,HEVC_B,Cactus,test,0.1,0.1001129150390625,0.05,2026,19107e0c6a9973d751e77288c4bba391944844b09ce132901ca925ce1e2c3b28,hqs_finetuned,26.94819469842946,0.7589002075312138,0.34697898500598967,0.0023892216850072145
hevc_Cactus_f0000,HEVC_B,Cactus,test,0.1,0.1001129150390625,0.05,2026,19107e0c6a9973d751e77288c4bba391944844b09ce132901ca925ce1e2c3b28,hqs_last,26.94819469842946,0.7589002075312138,0.34819294209592044,0.0023892216850072145
hevc_Cactus_f0000,HEVC_B,Cactus,test,0.1,0.1001129150390625,0.05,2027,e1aaca8ba46eef73cf05390ea5ff80a2c75857e1601dee0dec14b060f8782be8,hqs,27.003946877491053,0.75684050407698,0.34855124494060874,0.002593926154077053
hevc_Cactus_f0000,HEVC_B,Cactus,test,0.1,0.1001129150390625,0.05,2027,e1aaca8ba46eef73cf05390ea5ff80a2c75857e1601dee0dec14b060f8782be8,hqs_finetuned,27.00027778976521,0.7588536738657207,0.35723009204957634,0.0023182425647974014
hevc_Cactus_f0000,HEVC_B,Cactus,test,0.1,0.1001129150390625,0.05,2027,e1aaca8ba46eef73cf05390ea5ff80a2c75857e1601dee0dec14b060f8782be8,hqs_last,27.00027778976521,0.7588536738657207,0.36280344892293215,0.0023182425647974014
hevc_Cactus_f0000,HEVC_B,Cactus,test,0.1,0.1001129150390625,0.05,2028,4a3383d7792fc1506f33abbfca62a4ffb51b8b1c4a6a7b52cb0e5e393f0ef8ad,hqs,26.9987174785781,0.7554540905733108,0.35072533995844424,0.0030587976798415184
hevc_Cactus_f0000,HEVC_B,Cactus,test,0.1,0.1001129150390625,0.05,2028,4a3383d7792fc1506f33abbfca62a4ffb51b8b1c4a6a7b52cb0e5e393f0ef8ad,hqs_finetuned,27.00078139886007,0.7576738685915172,0.3551472459221259,0.002751742023974657
hevc_Cactus_f0000,HEVC_B,Cactus,test,0.1,0.1001129150390625,0.05,2028,4a3383d7792fc1506f33abbfca62a4ffb51b8b1c4a6a7b52cb0e5e393f0ef8ad,hqs_last,27.00078139886007,0.7576738685915172,0.3529587729135528,0.002751742023974657
hevc_Cactus_f0166,HEVC_B,Cactus,test,0.1,0.1001129150390625,0.0,2026,2f48634e5c6a8f049d700ccdacc45afd55d18ac391c6e2a0fbb6da59ed6dd764,hqs,29.543563248402442,0.8754470901367665,0.3529769190354273,0.0035617367830127478
hevc_Cactus_f0166,HEVC_B,Cactus,test,0.1,0.1001129150390625,0.0,2026,2f48634e5c6a8f049d700ccdacc45afd55d18ac391c6e2a0fbb6da59ed6dd764,hqs_finetuned,29.69956703326745,0.8772875679206849,0.369713639956899,0.00370857585221529
hevc_Cactus_f0166,HEVC_B,Cactus,test,0.1,0.1001129150390625,0.0,2026,2f48634e5c6a8f049d700ccdacc45afd55d18ac391c6e2a0fbb6da59ed6dd764,hqs_last,29.69956703326745,0.8772875679206849,0.3559647189686075,0.00370857585221529
hevc_Cactus_f0166,HEVC_B,Cactus,test,0.25,0.25,0.0,2026,cc77bf0b0f5486eb89b464faa1cc03620a63702d32ebd5b02bca5f996904a0f4,hqs,34.754695475228125,0.9571638359737397,0.35840807401109487,0.0024829779285937548
hevc_Cactus_f0166,HEVC_B,Cactus,test,0.25,0.25,0.0,2026,cc77bf0b0f5486eb89b464faa1cc03620a63702d32ebd5b02bca5f996904a0f4,hqs_finetuned,34.923696005811195,0.9580030993232727,0.3665708489716053,0.0027758199721574783
hevc_Cactus_f0166,HEVC_B,Cactus,test,0.25,0.25,0.0,2026,cc77bf0b0f5486eb89b464faa1cc03620a63702d32ebd5b02bca5f996904a0f4,hqs_last,34.923696005811195,0.9580030993232727,0.3708591189933941,0.0027758199721574783
hevc_Cactus_f0166,HEVC_B,Cactus,test,0.1,0.1001129150390625,0.01,2026,c6b8b3ff49d8d6311835c0b82bcae6be94c02b72931a684934c3100b345f7119,hqs,29.36761962460786,0.8705741853272915,0.3672804569359869,0.003553143236786127
hevc_Cactus_f0166,HEVC_B,Cactus,test,0.1,0.1001129150390625,0.01,2026,c6b8b3ff49d8d6311835c0b82bcae6be94c02b72931a684934c3100b345f7119,hqs_finetuned,29.459512175833645,0.8717285610020161,0.36631987302098423,0.0036293540615588427
hevc_Cactus_f0166,HEVC_B,Cactus,test,0.1,0.1001129150390625,0.01,2026,c6b8b3ff49d8d6311835c0b82bcae6be94c02b72931a684934c3100b345f7119,hqs_last,29.459512175833645,0.8717285610020161,0.3541025249287486,0.0036293540615588427
hevc_Cactus_f0166,HEVC_B,Cactus,test,0.1,0.1001129150390625,0.01,2027,7984e7a4b0cf5c6659a6756f3c77e4d8494803b04bbab77c87be71e18a6b30a1,hqs,29.3898456873978,0.8705994997053146,0.3540305069182068,0.0033965688198804855
hevc_Cactus_f0166,HEVC_B,Cactus,test,0.1,0.1001129150390625,0.01,2027,7984e7a4b0cf5c6659a6756f3c77e4d8494803b04bbab77c87be71e18a6b30a1,hqs_finetuned,29.49583345654023,0.8719926024334431,0.35354647308122367,0.003483415115624666
hevc_Cactus_f0166,HEVC_B,Cactus,test,0.1,0.1001129150390625,0.01,2027,7984e7a4b0cf5c6659a6756f3c77e4d8494803b04bbab77c87be71e18a6b30a1,hqs_last,29.49583345654023,0.8719926024334431,0.3663399040233344,0.003483415115624666
hevc_Cactus_f0166,HEVC_B,Cactus,test,0.1,0.1001129150390625,0.01,2028,5cadc67bc123e44ae55a443ba7d8b147d8efa97ed4fc9c99be6d17adbfc8ad02,hqs,29.38481396322176,0.8715215843253136,0.3677463779458776,0.0035239991266280413
hevc_Cactus_f0166,HEVC_B,Cactus,test,0.1,0.1001129150390625,0.01,2028,5cadc67bc123e44ae55a443ba7d8b147d8efa97ed4fc9c99be6d17adbfc8ad02,hqs_finetuned,29.467194370547904,0.8728321930117607,0.36300714197568595,0.0035991808399558067
hevc_Cactus_f0166,HEVC_B,Cactus,test,0.1,0.1001129150390625,0.01,2028,5cadc67bc123e44ae55a443ba7d8b147d8efa97ed4fc9c99be6d17adbfc8ad02,hqs_last,29.467194370547904,0.8728321930117607,0.37298638303764164,0.0035991808399558067
hevc_Cactus_f0166,HEVC_B,Cactus,test,0.1,0.1001129150390625,0.05,2026,f30e8ac518fb25ca64cf46349b51f1b805f37125cc58072dfdb6085fc462f83d,hqs,27.080876286842106,0.7801602048869282,0.3492335199844092,0.0030777612701058388
hevc_Cactus_f0166,HEVC_B,Cactus,test,0.1,0.1001129150390625,0.05,2026,f30e8ac518fb25ca64cf46349b51f1b805f37125cc58072dfdb6085fc462f83d,hqs_finetuned,27.044725766179795,0.7819462173747123,0.3649188110139221,0.002790219848975539
hevc_Cactus_f0166,HEVC_B,Cactus,test,0.1,0.1001129150390625,0.05,2026,f30e8ac518fb25ca64cf46349b51f1b805f37125cc58072dfdb6085fc462f83d,hqs_last,27.044725766179795,0.7819462173747123,0.4009506390430033,0.002790219848975539
hevc_Cactus_f0166,HEVC_B,Cactus,test,0.1,0.1001129150390625,0.05,2027,cada27f6526802ff7ad912c720c5a57c22924e197c39f4ae8c4727401563ee93,hqs,27.097858376488617,0.7771073769847751,0.3642699890770018,0.0028293957002460957
hevc_Cactus_f0166,HEVC_B,Cactus,test,0.1,0.1001129150390625,0.05,2027,cada27f6526802ff7ad912c720c5a57c22924e197c39f4ae8c4727401563ee93,hqs_finetuned,27.10170997542555,0.7797051003490686,0.38030582293868065,0.0024844284635037184
hevc_Cactus_f0166,HEVC_B,Cactus,test,0.1,0.1001129150390625,0.05,2027,cada27f6526802ff7ad912c720c5a57c22924e197c39f4ae8c4727401563ee93,hqs_last,27.10170997542555,0.7797051003490686,0.3611288459505886,0.0024844284635037184
hevc_Cactus_f0166,HEVC_B,Cactus,test,0.1,0.1001129150390625,0.05,2028,7396c953dc273f939568bedecf4decb3192a007ab5ceced7783743280a6748c2,hqs,27.116905109278946,0.7843697047423124,0.3656368510564789,0.0031051228288561106
hevc_Cactus_f0166,HEVC_B,Cactus,test,0.1,0.1001129150390625,0.05,2028,7396c953dc273f939568bedecf4decb3192a007ab5ceced7783743280a6748c2,hqs_finetuned,27.06966103221319,0.7875302766657285,0.3646530070109293,0.002821295754984021
hevc_Cactus_f0166,HEVC_B,Cactus,test,0.1,0.1001129150390625,0.05,2028,7396c953dc273f939568bedecf4decb3192a007ab5ceced7783743280a6748c2,hqs_last,27.06966103221319,0.7875302766657285,0.37090449105016887,0.002821295754984021
hevc_Cactus_f0333,HEVC_B,Cactus,test,0.1,0.1001129150390625,0.0,2026,1c4c8348384e37d777965637a5599b8dc3437b8fc1f4547d47c6f53ca85eee2b,hqs,28.696087099746258,0.8495182632043362,0.3703912169439718,0.003675630083307624
hevc_Cactus_f0333,HEVC_B,Cactus,test,0.1,0.1001129150390625,0.0,2026,1c4c8348384e37d777965637a5599b8dc3437b8fc1f4547d47c6f53ca85eee2b,hqs_finetuned,28.806113817015753,0.8513281705126763,0.35913096799049526,0.0037844881881028414
hevc_Cactus_f0333,HEVC_B,Cactus,test,0.1,0.1001129150390625,0.0,2026,1c4c8348384e37d777965637a5599b8dc3437b8fc1f4547d47c6f53ca85eee2b,hqs_last,28.806113817015753,0.8513281705126763,0.35922650597058237,0.0037844881881028414
hevc_Cactus_f0333,HEVC_B,Cactus,test,0.25,0.25,0.0,2026,5bbc5006b2ce2792285eb1238b950db1c1ee7e64b6ae0dc1e61d12e049ddf86d,hqs,33.36837758617551,0.9437110641584396,0.3616833119885996,0.002818471984937787
hevc_Cactus_f0333,HEVC_B,Cactus,test,0.25,0.25,0.0,2026,5bbc5006b2ce2792285eb1238b950db1c1ee7e64b6ae0dc1e61d12e049ddf86d,hqs_finetuned,33.58287912980897,0.9454451894669533,0.36613152199424803,0.003242913633584976
hevc_Cactus_f0333,HEVC_B,Cactus,test,0.25,0.25,0.0,2026,5bbc5006b2ce2792285eb1238b950db1c1ee7e64b6ae0dc1e61d12e049ddf86d,hqs_last,33.58287912980897,0.9454451894669533,0.36853709793649614,0.003242913633584976
hevc_Cactus_f0333,HEVC_B,Cactus,test,0.1,0.1001129150390625,0.01,2026,861f865f2b9ef81f17e1fb0e42edd3f9df91a35a848a93af9c12eb3502c756e8,hqs,28.58800782558632,0.8455804607954025,0.3585735079832375,0.0035835287999361753
hevc_Cactus_f0333,HEVC_B,Cactus,test,0.1,0.1001129150390625,0.01,2026,861f865f2b9ef81f17e1fb0e42edd3f9df91a35a848a93af9c12eb3502c756e8,hqs_finetuned,28.66661450658052,0.8470401214377881,0.36439290398266166,0.0037144371308386326
hevc_Cactus_f0333,HEVC_B,Cactus,test,0.1,0.1001129150390625,0.01,2026,861f865f2b9ef81f17e1fb0e42edd3f9df91a35a848a93af9c12eb3502c756e8,hqs_last,28.66661450658052,0.8470401214377881,0.35843764699529856,0.0037144371308386326
hevc_Cactus_f0333,HEVC_B,Cactus,test,0.1,0.1001129150390625,0.01,2027,76edd975b6bf37a9c736067f76fe84c3ea15f890f4f32b680813a9415f479d4f,hqs,28.555195206570577,0.8448125463547707,0.34663936495780945,0.003484809771180153
hevc_Cactus_f0333,HEVC_B,Cactus,test,0.1,0.1001129150390625,0.01,2027,76edd975b6bf37a9c736067f76fe84c3ea15f890f4f32b680813a9415f479d4f,hqs_finetuned,28.66284471624864,0.8468197315146923,0.3473441080423072,0.003592792199924588
hevc_Cactus_f0333,HEVC_B,Cactus,test,0.1,0.1001129150390625,0.01,2027,76edd975b6bf37a9c736067f76fe84c3ea15f890f4f32b680813a9415f479d4f,hqs_last,28.66284471624864,0.8468197315146923,0.3370174129959196,0.003592792199924588
hevc_Cactus_f0333,HEVC_B,Cactus,test,0.1,0.1001129150390625,0.01,2028,c110a56a3f4b59d1f0914443dc1cd50c48e15e083eda6404309b74120b178fc8,hqs,28.606642089375576,0.8460865901272296,0.39037967997137457,0.0036475227680057287
hevc_Cactus_f0333,HEVC_B,Cactus,test,0.1,0.1001129150390625,0.01,2028,c110a56a3f4b59d1f0914443dc1cd50c48e15e083eda6404309b74120b178fc8,hqs_finetuned,28.697446855908908,0.8478570955407619,0.35957394901197404,0.0037955590523779392
hevc_Cactus_f0333,HEVC_B,Cactus,test,0.1,0.1001129150390625,0.01,2028,c110a56a3f4b59d1f0914443dc1cd50c48e15e083eda6404309b74120b178fc8,hqs_last,28.697446855908908,0.8478570955407619,0.37517695501446724,0.0037955590523779392
hevc_Cactus_f0333,HEVC_B,Cactus,test,0.1,0.1001129150390625,0.05,2026,68aa6c1077849d457114fc681c29b60c61bd8680b5bdfa4cc76e43772d70f745,hqs,26.80846156855637,0.7693638385635614,0.36092841799836606,0.0033372996840626
hevc_Cactus_f0333,HEVC_B,Cactus,test,0.1,0.1001129150390625,0.05,2026,68aa6c1077849d457114fc681c29b60c61bd8680b5bdfa4cc76e43772d70f745,hqs_finetuned,26.808078265630773,0.7718732957482338,0.3659899120684713,0.002788739511743188
hevc_Cactus_f0333,HEVC_B,Cactus,test,0.1,0.1001129150390625,0.05,2026,68aa6c1077849d457114fc681c29b60c61bd8680b5bdfa4cc76e43772d70f745,hqs_last,26.808078265630773,0.7718732957482338,0.3598856049356982,0.002788739511743188
hevc_Cactus_f0333,HEVC_B,Cactus,test,0.1,0.1001129150390625,0.05,2027,5ee5312724d9dca358783748b89c37550c18624ae05a272b2270497bc5dc900f,hqs,26.775390324294584,0.7670286722545624,0.3725016670068726,0.0029231379739940166
hevc_Cactus_f0333,HEVC_B,Cactus,test,0.1,0.1001129150390625,0.05,2027,5ee5312724d9dca358783748b89c37550c18624ae05a272b2270497bc5dc900f,hqs_finetuned,26.793429167355498,0.7698079338545799,0.361231290968135,0.0025438619777560234
hevc_Cactus_f0333,HEVC_B,Cactus,test,0.1,0.1001129150390625,0.05,2027,5ee5312724d9dca358783748b89c37550c18624ae05a272b2270497bc5dc900f,hqs_last,26.793429167355498,0.7698079338545799,0.35931477800477296,0.0025438619777560234
hevc_Cactus_f0333,HEVC_B,Cactus,test,0.1,0.1001129150390625,0.05,2028,9bfd12a7aa244a8d70d0c2376a6978fef3251baa38f52dfb268580297245a5ba,hqs,26.773426086773245,0.7692345940914154,0.37013344606384635,0.0033961161971092224
hevc_Cactus_f0333,HEVC_B,Cactus,test,0.1,0.1001129150390625,0.05,2028,9bfd12a7aa244a8d70d0c2376a6978fef3251baa38f52dfb268580297245a5ba,hqs_finetuned,26.744047067157332,0.7707768510198593,0.41595194104593247,0.0030076168477535248
hevc_Cactus_f0333,HEVC_B,Cactus,test,0.1,0.1001129150390625,0.05,2028,9bfd12a7aa244a8d70d0c2376a6978fef3251baa38f52dfb268580297245a5ba,hqs_last,26.744047067157332,0.7707768510198593,0.3783197070006281,0.0030076168477535248
hevc_Kimono1_f0000,HEVC_B,Kimono1,test,0.1,0.1001129150390625,0.0,2026,a4e84cb021d1c54b6b000abe4d5fb1a226091edf4a29d9f19fc5efead4dc5880,hqs,32.71168384761235,0.891691312259674,0.353856893023476,0.0026741798501461744
hevc_Kimono1_f0000,HEVC_B,Kimono1,test,0.1,0.1001129150390625,0.0,2026,a4e84cb021d1c54b6b000abe4d5fb1a226091edf4a29d9f19fc5efead4dc5880,hqs_finetuned,32.80122927928149,0.8922584788646698,0.36872898205183446,0.002697887597605586
hevc_Kimono1_f0000,HEVC_B,Kimono1,test,0.1,0.1001129150390625,0.0,2026,a4e84cb021d1c54b6b000abe4d5fb1a226091edf4a29d9f19fc5efead4dc5880,hqs_last,32.80122927928149,0.8922584788646698,0.3621743890689686,0.002697887597605586
hevc_Kimono1_f0000,HEVC_B,Kimono1,test,0.25,0.25,0.0,2026,379f3a4951ded1db0ebcb70c1cd2725d943d7d87113ef2f2e766ef252466414e,hqs,38.43833178424353,0.9702361371564865,0.355753191979602,0.0020381056237965822
hevc_Kimono1_f0000,HEVC_B,Kimono1,test,0.25,0.25,0.0,2026,379f3a4951ded1db0ebcb70c1cd2725d943d7d87113ef2f2e766ef252466414e,hqs_finetuned,38.4879738167192,0.9705024508447647,0.3648866119328886,0.002243461785838008
hevc_Kimono1_f0000,HEVC_B,Kimono1,test,0.25,0.25,0.0,2026,379f3a4951ded1db0ebcb70c1cd2725d943d7d87113ef2f2e766ef252466414e,hqs_last,38.4879738167192,0.9705024508447647,0.36097888310905546,0.002243461785838008
hevc_Kimono1_f0000,HEVC_B,Kimono1,test,0.1,0.1001129150390625,0.01,2026,ebd8af74628e5808781ca5b1db5a261395e98f305c0b63f7013b773bb06453f6,hqs,32.507098082275945,0.8873101419506073,0.3604323719628155,0.002487013814970851
hevc_Kimono1_f0000,HEVC_B,Kimono1,test,0.1,0.1001129150390625,0.01,2026,ebd8af74628e5808781ca5b1db5a261395e98f305c0b63f7013b773bb06453f6,hqs_finetuned,32.60589410776034,0.8880696297903061,0.3517921919701621,0.0025023671332746744
hevc_Kimono1_f0000,HEVC_B,Kimono1,test,0.1,0.1001129150390625,0.01,2026,ebd8af74628e5808781ca5b1db5a261395e98f305c0b63f7013b773bb06453f6,hqs_last,32.60589410776034,0.8880696297903061,0.41597038705367595,0.0025023671332746744
hevc_Kimono1_f0000,HEVC_B,Kimono1,test,0.1,0.1001129150390625,0.01,2027,30bc34699aac824b23f5d83d410db4c5893332196bd186c494c5d0c93cdc05ae,hqs,32.5550765866232,0.8878932464723587,0.39527184900362045,0.0024563090410083532
hevc_Kimono1_f0000,HEVC_B,Kimono1,test,0.1,0.1001129150390625,0.01,2027,30bc34699aac824b23f5d83d410db4c5893332196bd186c494c5d0c93cdc05ae,hqs_finetuned,32.598867686296195,0.8880885886330605,0.38409646099898964,0.0025497647002339363
hevc_Kimono1_f0000,HEVC_B,Kimono1,test,0.1,0.1001129150390625,0.01,2027,30bc34699aac824b23f5d83d410db4c5893332196bd186c494c5d0c93cdc05ae,hqs_last,32.598867686296195,0.8880885886330605,0.3923793339636177,0.0025497647002339363
hevc_Kimono1_f0000,HEVC_B,Kimono1,test,0.1,0.1001129150390625,0.01,2028,49d03773f34ffe66bb0a98266189a30a1afb8581c81024b7834a0855625f3535,hqs,32.528498193416226,0.8875067058324814,0.3817009750055149,0.0025584851391613483
hevc_Kimono1_f0000,HEVC_B,Kimono1,test,0.1,0.1001129150390625,0.01,2028,49d03773f34ffe66bb0a98266189a30a1afb8581c81024b7834a0855625f3535,hqs_finetuned,32.577342777394364,0.8878926524829864,0.4230084898881614,0.002555820159614086
hevc_Kimono1_f0000,HEVC_B,Kimono1,test,0.1,0.1001129150390625,0.01,2028,49d03773f34ffe66bb0a98266189a30a1afb8581c81024b7834a0855625f3535,hqs_last,32.577342777394364,0.8878926524829864,0.3980453540571034,0.002555820159614086
hevc_Kimono1_f0000,HEVC_B,Kimono1,test,0.1,0.1001129150390625,0.05,2026,40f273482a87f1937beb9f59bca036a261473348b712e17f1cbf075e22f24910,hqs,29.99157175230969,0.802532369492054,0.36142383702099323,0.0019553133752197027
hevc_Kimono1_f0000,HEVC_B,Kimono1,test,0.1,0.1001129150390625,0.05,2026,40f273482a87f1937beb9f59bca036a261473348b712e17f1cbf075e22f24910,hqs_finetuned,29.980173474017118,0.8048520612192154,0.36394999106414616,0.001744552282616496
hevc_Kimono1_f0000,HEVC_B,Kimono1,test,0.1,0.1001129150390625,0.05,2026,40f273482a87f1937beb9f59bca036a261473348b712e17f1cbf075e22f24910,hqs_last,29.980173474017118,0.8048520612192154,0.37563971092458814,0.001744552282616496
hevc_Kimono1_f0000,HEVC_B,Kimono1,test,0.1,0.1001129150390625,0.05,2027,7ba5c4462feab9a25812affdea645e3cac7732add4740dfb3f577ce7069419d0,hqs,30.04786872225829,0.8023352825859785,0.4056344860000536,0.001833004062063992
hevc_Kimono1_f0000,HEVC_B,Kimono1,test,0.1,0.1001129150390625,0.05,2027,7ba5c4462feab9a25812affdea645e3cac7732add4740dfb3f577ce7069419d0,hqs_finetuned,30.032895147466185,0.8039620585174561,0.3752859920496121,0.001663613016717136
hevc_Kimono1_f0000,HEVC_B,Kimono1,test,0.1,0.1001129150390625,0.05,2027,7ba5c4462feab9a25812affdea645e3cac7732add4740dfb3f577ce7069419d0,hqs_last,30.032895147466185,0.8039620585174561,0.36752455099485815,0.001663613016717136
hevc_Kimono1_f0000,HEVC_B,Kimono1,test,0.1,0.1001129150390625,0.05,2028,c068262051e6b6494f4a8b38d6245a5cd70681ba551d92a250d16838da6a1d06,hqs,30.000686871408263,0.8027320257828235,0.3610725390026346,0.0020208717323839664
hevc_Kimono1_f0000,HEVC_B,Kimono1,test,0.1,0.1001129150390625,0.05,2028,c068262051e6b6494f4a8b38d6245a5cd70681ba551d92a250d16838da6a1d06,hqs_finetuned,29.946574472327878,0.8048423188481331,0.3643456599675119,0.0019246895099058747
hevc_Kimono1_f0000,HEVC_B,Kimono1,test,0.1,0.1001129150390625,0.05,2028,c068262051e6b6494f4a8b38d6245a5cd70681ba551d92a250d16838da6a1d06,hqs_last,29.946574472327878,0.8048423188481331,0.3642701110802591,0.0019246895099058747
hevc_Kimono1_f0080,HEVC_B,Kimono1,test,0.1,0.1001129150390625,0.0,2026,94e09a133d9e67156d91d13dd067df95429ab9c5df427f67fc3afc1b09c2587c,hqs,33.40067778458184,0.9207490753893852,0.35478790500201285,0.003028006525710225
hevc_Kimono1_f0080,HEVC_B,Kimono1,test,0.1,0.1001129150390625,0.0,2026,94e09a133d9e67156d91d13dd067df95429ab9c5df427f67fc3afc1b09c2587c,hqs_finetuned,33.59007471352296,0.9223623226442337,0.3569657290354371,0.0030779787339270115
hevc_Kimono1_f0080,HEVC_B,Kimono1,test,0.1,0.1001129150390625,0.0,2026,94e09a133d9e67156d91d13dd067df95429ab9c5df427f67fc3afc1b09c2587c,hqs_last,33.59007471352296,0.9223623226442337,0.36181311402469873,0.0030779787339270115
hevc_Kimono1_f0080,HEVC_B,Kimono1,test,0.25,0.25,0.0,2026,ec43653ea4a618c4907bebbcc64c01c37df3a04c46a18fb47c2bcb555998b6c5,hqs,39.90607796607482,0.9802619366550446,0.3543280540034175,0.0022396899294108152
hevc_Kimono1_f0080,HEVC_B,Kimono1,test,0.25,0.25,0.0,2026,ec43653ea4a618c4907bebbcc64c01c37df3a04c46a18fb47c2bcb555998b6c5,hqs_finetuned,40.01592818634166,0.9805132710924148,0.36021982599049807,0.002418976277112961
hevc_Kimono1_f0080,HEVC_B,Kimono1,test,0.25,0.25,0.0,2026,ec43653ea4a618c4907bebbcc64c01c37df3a04c46a18fb47c2bcb555998b6c5,hqs_last,40.01592818634166,0.9805132710924148,0.37678313499782234,0.002418976277112961
hevc_Kimono1_f0080,HEVC_B,Kimono1,test,0.1,0.1001129150390625,0.01,2026,cfc77d60e8be4e676682d4e2c36186ec89aa7e185be49b153ce2a51ef02975ba,hqs,33.135030291927976,0.9153182864217758,0.3739863079972565,0.0029260676819831133
hevc_Kimono1_f0080,HEVC_B,Kimono1,test,0.1,0.1001129150390625,0.01,2026,cfc77d60e8be4e676682d4e2c36186ec89aa7e185be49b153ce2a51ef02975ba,hqs_finetuned,33.27653607322934,0.9169016079654694,0.3689961149357259,0.002915134420618415
hevc_Kimono1_f0080,HEVC_B,Kimono1,test,0.1,0.1001129150390625,0.01,2026,cfc77d60e8be4e676682d4e2c36186ec89aa7e185be49b153ce2a51ef02975ba,hqs_last,33.27653607322934,0.9169016079654694,0.37041222699917853,0.002915134420618415
hevc_Kimono1_f0080,HEVC_B,Kimono1,test,0.1,0.1001129150390625,0.01,2027,73961d6b8463603216123fb963e69f362e166677e6bdd1957eaac760da761294,hqs,33.183670062109364,0.9155996616520882,0.3602927550673485,0.0029435313772410154
hevc_Kimono1_f0080,HEVC_B,Kimono1,test,0.1,0.1001129150390625,0.01,2027,73961d6b8463603216123fb963e69f362e166677e6bdd1957eaac760da761294,hqs_finetuned,33.30196632716304,0.916800508105278,0.374500049976632,0.002868928015232086
hevc_Kimono1_f0080,HEVC_B,Kimono1,test,0.1,0.1001129150390625,0.01,2027,73961d6b8463603216123fb963e69f362e166677e6bdd1957eaac760da761294,hqs_last,33.30196632716304,0.916800508105278,0.36990164895541966,0.002868928015232086
hevc_Kimono1_f0080,HEVC_B,Kimono1,test,0.1,0.1001129150390625,0.01,2028,f6f62cfb66f38a33e102a14f0787c109a1a6da5bab3187d77bf8c627a8e21633,hqs,33.12456525222557,0.9152679647974968,0.3946997809689492,0.0028530126437544823
hevc_Kimono1_f0080,HEVC_B,Kimono1,test,0.1,0.1001129150390625,0.01,2028,f6f62cfb66f38a33e102a14f0787c109a1a6da5bab3187d77bf8c627a8e21633,hqs_finetuned,33.31458327089016,0.9171843230957984,0.3634123330703005,0.0028499248437583447
hevc_Kimono1_f0080,HEVC_B,Kimono1,test,0.1,0.1001129150390625,0.01,2028,f6f62cfb66f38a33e102a14f0787c109a1a6da5bab3187d77bf8c627a8e21633,hqs_last,33.31458327089016,0.9171843230957984,0.3702599670505151,0.0028499248437583447
hevc_Kimono1_f0080,HEVC_B,Kimono1,test,0.1,0.1001129150390625,0.05,2026,cbb3cd561733095382f94cbaceabbaee865d3c24244b4e5db591923e521dfe3f,hqs,30.34526369038438,0.8257352432582379,0.37878320505842566,0.002275848062708974
hevc_Kimono1_f0080,HEVC_B,Kimono1,test,0.1,0.1001129150390625,0.05,2026,cbb3cd561733095382f94cbaceabbaee865d3c24244b4e5db591923e521dfe3f,hqs_finetuned,30.313082421778038,0.828184753812313,0.3883856089087203,0.00208530155941844
hevc_Kimono1_f0080,HEVC_B,Kimono1,test,0.1,0.1001129150390625,0.05,2026,cbb3cd561733095382f94cbaceabbaee865d3c24244b4e5db591923e521dfe3f,hqs_last,30.313082421778038,0.828184753812313,0.3555402710335329,0.00208530155941844
hevc_Kimono1_f0080,HEVC_B,Kimono1,test,0.1,0.1001129150390625,0.05,2027,852f30a086b6e337e336fae8c0b6d0591ee7a3bc219e43aa5449565d9c2b1cde,hqs,30.34264679344945,0.8228560207085609,0.3625265540322289,0.0023119791876524687
hevc_Kimono1_f0080,HEVC_B,Kimono1,test,0.1,0.1001129150390625,0.05,2027,852f30a086b6e337e336fae8c0b6d0591ee7a3bc219e43aa5449565d9c2b1cde,hqs_finetuned,30.332502556872143,0.8264956344366073,0.3718713050475344,0.002058857586234808
hevc_Kimono1_f0080,HEVC_B,Kimono1,test,0.1,0.1001129150390625,0.05,2027,852f30a086b6e337e336fae8c0b6d0591ee7a3bc219e43aa5449565d9c2b1cde,hqs_last,30.332502556872143,0.8264956344366073,0.3534356380114332,0.002058857586234808
hevc_Kimono1_f0080,HEVC_B,Kimono1,test,0.1,0.1001129150390625,0.05,2028,20a3b17cb021bee0352f667c8fb021b84647a2b688a15bb11dc2edf5158c82df,hqs,30.29740885119969,0.8242681572284698,0.357642340939492,0.0020282145123928785
hevc_Kimono1_f0080,HEVC_B,Kimono1,test,0.1,0.1001129150390625,0.05,2028,20a3b17cb021bee0352f667c8fb021b84647a2b688a15bb11dc2edf5158c82df,hqs_finetuned,30.260941578408342,0.827406572145462,0.355616529006511,0.0019300132989883423
hevc_Kimono1_f0080,HEVC_B,Kimono1,test,0.1,0.1001129150390625,0.05,2028,20a3b17cb021bee0352f667c8fb021b84647a2b688a15bb11dc2edf5158c82df,hqs_last,30.260941578408342,0.827406572145462,0.34512996999546885,0.0019300132989883423
hevc_Kimono1_f0160,HEVC_B,Kimono1,test,0.1,0.1001129150390625,0.0,2026,481fa446425eca798411cbb75c04d0371977342d76b7768a7f9977e170dc6423,hqs,35.09106148716469,0.9314110238842964,0.348728836979717,0.0031323526054620743
hevc_Kimono1_f0160,HEVC_B,Kimono1,test,0.1,0.1001129150390625,0.0,2026,481fa446425eca798411cbb75c04d0371977342d76b7768a7f9977e170dc6423,hqs_finetuned,35.336195356456116,0.93324491208601,0.34998031705617905,0.0034803813323378563
hevc_Kimono1_f0160,HEVC_B,Kimono1,test,0.1,0.1001129150390625,0.0,2026,481fa446425eca798411cbb75c04d0371977342d76b7768a7f9977e170dc6423,hqs_last,35.336195356456116,0.93324491208601,0.35278129496145993,0.0034803813323378563
hevc_Kimono1_f0160,HEVC_B,Kimono1,test,0.25,0.25,0.0,2026,b8a0bb51efa849a4b5631219b4e6ef6754d6bbe8170e76e5c25d54dc15351967,hqs,40.01653779566921,0.9730384566631317,0.3575735150370747,0.0022243838757276535
hevc_Kimono1_f0160,HEVC_B,Kimono1,test,0.25,0.25,0.0,2026,b8a0bb51efa849a4b5631219b4e6ef6754d6bbe8170e76e5c25d54dc15351967,hqs_finetuned,40.233295595532496,0.9739792918109894,0.3583119789836928,0.0027257034089416265
hevc_Kimono1_f0160,HEVC_B,Kimono1,test,0.25,0.25,0.0,2026,b8a0bb51efa849a4b5631219b4e6ef6754d6bbe8170e76e5c25d54dc15351967,hqs_last,40.233295595532496,0.9739792918109894,0.34753995202481747,0.0027257034089416265
hevc_Kimono1_f0160,HEVC_B,Kimono1,test,0.1,0.1001129150390625,0.01,2026,9d9f7b73e1b1e60108ba2cdc12cfcc36091d7a319bb76182c071392ebf92a8d3,hqs,34.67345761574054,0.9243975936455726,0.35185110196471214,0.002808971796184778
hevc_Kimono1_f0160,HEVC_B,Kimono1,test,0.1,0.1001129150390625,0.01,2026,9d9f7b73e1b1e60108ba2cdc12cfcc36091d7a319bb76182c071392ebf92a8d3,hqs_finetuned,34.81390858779966,0.9257662526702881,0.3577325980877504,0.0032368998508900404
hevc_Kimono1_f0160,HEVC_B,Kimono1,test,0.1,0.1001129150390625,0.01,2026,9d9f7b73e1b1e60108ba2cdc12cfcc36091d7a319bb76182c071392ebf92a8d3,hqs_last,34.81390858779966,0.9257662526702881,0.3546059229411185,0.0032368998508900404
hevc_Kimono1_f0160,HEVC_B,Kimono1,test,0.1,0.1001129150390625,0.01,2027,233e4b46c8e6c29686ab4a7ba4a8c8ab84728c2dc3ac982237d760ec77eab2e1,hqs,34.6146591598421,0.9237580032143593,0.3873890059767291,0.002708653686568141
hevc_Kimono1_f0160,HEVC_B,Kimono1,test,0.1,0.1001129150390625,0.01,2027,233e4b46c8e6c29686ab4a7ba4a8c8ab84728c2dc3ac982237d760ec77eab2e1,hqs_finetuned,34.802858628077324,0.9253416865992546,0.3584356199717149,0.0031440756283700466
hevc_Kimono1_f0160,HEVC_B,Kimono1,test,0.1,0.1001129150390625,0.01,2027,233e4b46c8e6c29686ab4a7ba4a8c8ab84728c2dc3ac982237d760ec77eab2e1,hqs_last,34.802858628077324,0.9253416865992546,0.3486724440008402,0.0031440756283700466
hevc_Kimono1_f0160,HEVC_B,Kimono1,test,0.1,0.1001129150390625,0.01,2028,e471acf1192831ffa1bbfe5ede0cccc0a4111e3d56c75ff237363ae015c6dd1c,hqs,34.69439186894366,0.9240231102185249,0.36868539499118924,0.0027034832164645195
hevc_Kimono1_f0160,HEVC_B,Kimono1,test,0.1,0.1001129150390625,0.01,2028,e471acf1192831ffa1bbfe5ede0cccc0a4111e3d56c75ff237363ae015c6dd1c,hqs_finetuned,34.87763956938733,0.9256270034446716,0.355806068982929,0.003143133595585823
hevc_Kimono1_f0160,HEVC_B,Kimono1,test,0.1,0.1001129150390625,0.01,2028,e471acf1192831ffa1bbfe5ede0cccc0a4111e3d56c75ff237363ae015c6dd1c,hqs_last,34.87763956938733,0.9256270034446716,0.34626717295031995,0.003143133595585823
hevc_Kimono1_f0160,HEVC_B,Kimono1,test,0.1,0.1001129150390625,0.05,2026,5b2c5a9a8e1fe7750285919cd0fcae27e7156d672655cd07ec1c8729b2238b31,hqs,31.268530983298945,0.8123154920842648,0.35549954103771597,0.002382877515628934
hevc_Kimono1_f0160,HEVC_B,Kimono1,test,0.1,0.1001129150390625,0.05,2026,5b2c5a9a8e1fe7750285919cd0fcae27e7156d672655cd07ec1c8729b2238b31,hqs_finetuned,31.22698733854918,0.8136513715898991,0.35850961797405034,0.0022240267135202885
hevc_Kimono1_f0160,HEVC_B,Kimono1,test,0.1,0.1001129150390625,0.05,2026,5b2c5a9a8e1fe7750285919cd0fcae27e7156d672655cd07ec1c8729b2238b31,hqs_last,31.22698733854918,0.8136513715898991,0.353796522016637,0.0022240267135202885
hevc_Kimono1_f0160,HEVC_B,Kimono1,test,0.1,0.1001129150390625,0.05,2027,23395c88f81868bb9811fb92d13088559060fa9e7025b326b58df76d9f3e4cf5,hqs,31.18415600814281,0.8126680900475979,0.357141044922173,0.002403964288532734
hevc_Kimono1_f0160,HEVC_B,Kimono1,test,0.1,0.1001129150390625,0.05,2027,23395c88f81868bb9811fb92d13088559060fa9e7025b326b58df76d9f3e4cf5,hqs_finetuned,31.12770835787048,0.814090927549839,0.34813972003757954,0.0022757956758141518
hevc_Kimono1_f0160,HEVC_B,Kimono1,test,0.1,0.1001129150390625,0.05,2027,23395c88f81868bb9811fb92d13088559060fa9e7025b326b58df76d9f3e4cf5,hqs_last,31.12770835787048,0.814090927549839,0.34579609194770455,0.0022757956758141518
hevc_Kimono1_f0160,HEVC_B,Kimono1,test,0.1,0.1001129150390625,0.05,2028,42446101153a5133c8b4e43b24ed8d4257d546a37d76896cc6bab8ee1419a62e,hqs,31.226315569616958,0.8124187398791313,0.3521901620551944,0.00230036536231637
hevc_Kimono1_f0160,HEVC_B,Kimono1,test,0.1,0.1001129150390625,0.05,2028,42446101153a5133c8b4e43b24ed8d4257d546a37d76896cc6bab8ee1419a62e,hqs_finetuned,31.161713922067975,0.8142024056990147,0.3524565299740061,0.00225399830378592
hevc_Kimono1_f0160,HEVC_B,Kimono1,test,0.1,0.1001129150390625,0.05,2028,42446101153a5133c8b4e43b24ed8d4257d546a37d76896cc6bab8ee1419a62e,hqs_last,31.161713922067975,0.8142024056990147,0.334811331005767,0.00225399830378592
hevc_ParkScene_f0000,HEVC_B,ParkScene,test,0.1,0.1001129150390625,0.0,2026,cdcaadc219688880da3ecd83602b0d74bc4a59b47e28a15b8421e42f96e0be2d,hqs,31.336675993558465,0.8565258826982975,0.3345539210131392,0.0027819001115858555
hevc_ParkScene_f0000,HEVC_B,ParkScene,test,0.1,0.1001129150390625,0.0,2026,cdcaadc219688880da3ecd83602b0d74bc4a59b47e28a15b8421e42f96e0be2d,hqs_finetuned,31.478060800065975,0.8593299636569023,0.34273086301982403,0.0027473606169223785
hevc_ParkScene_f0000,HEVC_B,ParkScene,test,0.1,0.1001129150390625,0.0,2026,cdcaadc219688880da3ecd83602b0d74bc4a59b47e28a15b8421e42f96e0be2d,hqs_last,31.478060800065975,0.8593299636569023,0.34303083806298673,0.0027473606169223785
hevc_ParkScene_f0000,HEVC_B,ParkScene,test,0.25,0.25,0.0,2026,d532d41cf4e67b97948c55a515664cc1c0f35024ac0ec155b4b1053c70830a89,hqs,35.167944358017095,0.9369789965877533,0.33161068498156965,0.002476542489603162
hevc_ParkScene_f0000,HEVC_B,ParkScene,test,0.25,0.25,0.0,2026,d532d41cf4e67b97948c55a515664cc1c0f35024ac0ec155b4b1053c70830a89,hqs_finetuned,35.30849070869911,0.9383573574266434,0.3333900240249932,0.0027302009984850883
hevc_ParkScene_f0000,HEVC_B,ParkScene,test,0.25,0.25,0.0,2026,d532d41cf4e67b97948c55a515664cc1c0f35024ac0ec155b4b1053c70830a89,hqs_last,35.30849070869911,0.9383573574266434,0.33809994999319315,0.0027302009984850883
hevc_ParkScene_f0000,HEVC_B,ParkScene,test,0.1,0.1001129150390625,0.01,2026,cd24dc41c5bf4df0e1f4ae6166297d919f95200716396b6878eab12fc09da434,hqs,31.24305063511885,0.8523838292980194,0.33386385708581656,0.002636968158185482
hevc_ParkScene_f0000,HEVC_B,ParkScene,test,0.1,0.1001129150390625,0.01,2026,cd24dc41c5bf4df0e1f4ae6166297d919f95200716396b6878eab12fc09da434,hqs_finetuned,31.339129932440727,0.8546406222925186,0.33426807809155434,0.002599369967356324
hevc_ParkScene_f0000,HEVC_B,ParkScene,test,0.1,0.1001129150390625,0.01,2026,cd24dc41c5bf4df0e1f4ae6166297d919f95200716396b6878eab12fc09da434,hqs_last,31.339129932440727,0.8546406222925186,0.3415875529171899,0.002599369967356324
hevc_ParkScene_f0000,HEVC_B,ParkScene,test,0.1,0.1001129150390625,0.01,2027,290e9505d576c924828d7d83c0cc1ee4796306ba4d3b39f689e6d7ef6157e642,hqs,31.2389659668056,0.853116689214468,0.3382426060270518,0.0026567846070975065
hevc_ParkScene_f0000,HEVC_B,ParkScene,test,0.1,0.1001129150390625,0.01,2027,290e9505d576c924828d7d83c0cc1ee4796306ba4d3b39f689e6d7ef6157e642,hqs_finetuned,31.34523743618091,0.8555786114938259,0.3521907610120252,0.002666093409061432
hevc_ParkScene_f0000,HEVC_B,ParkScene,test,0.1,0.1001129150390625,0.01,2027,290e9505d576c924828d7d83c0cc1ee4796306ba4d3b39f689e6d7ef6157e642,hqs_last,31.34523743618091,0.8555786114938259,0.3454769930103794,0.002666093409061432
hevc_ParkScene_f0000,HEVC_B,ParkScene,test,0.1,0.1001129150390625,0.01,2028,2322bea2033468db1d97ccc0073949eac085eaa2f3230bbbfa42b8695b6fe022,hqs,31.23435223153312,0.852764529140234,0.3522546290187165,0.0024820829275995493
hevc_ParkScene_f0000,HEVC_B,ParkScene,test,0.1,0.1001129150390625,0.01,2028,2322bea2033468db1d97ccc0073949eac085eaa2f3230bbbfa42b8695b6fe022,hqs_finetuned,31.333884220022416,0.8549523022787571,0.3536449410021305,0.0025267070159316063
hevc_ParkScene_f0000,HEVC_B,ParkScene,test,0.1,0.1001129150390625,0.01,2028,2322bea2033468db1d97ccc0073949eac085eaa2f3230bbbfa42b8695b6fe022,hqs_last,31.333884220022416,0.8549523022787571,0.35380696109496057,0.0025267070159316063
hevc_ParkScene_f0000,HEVC_B,ParkScene,test,0.1,0.1001129150390625,0.05,2026,855cff0af5d60aa9d5a8c90508574eff067b8298f5e3be1b714e1f0b13b97fb0,hqs,29.571421725095014,0.7780638194631339,0.3544737540651113,0.0025773218367248774
hevc_ParkScene_f0000,HEVC_B,ParkScene,test,0.1,0.1001129150390625,0.05,2026,855cff0af5d60aa9d5a8c90508574eff067b8298f5e3be1b714e1f0b13b97fb0,hqs_finetuned,29.54894320549235,0.7802541162576675,0.35232445993460715,0.0023551378399133682
hevc_ParkScene_f0000,HEVC_B,ParkScene,test,0.1,0.1001129150390625,0.05,2026,855cff0af5d60aa9d5a8c90508574eff067b8298f5e3be1b714e1f0b13b97fb0,hqs_last,29.54894320549235,0.7802541162576675,0.3543042039964348,0.0023551378399133682
hevc_ParkScene_f0000,HEVC_B,ParkScene,test,0.1,0.1001129150390625,0.05,2027,616c9d9705b373591385f2413156aa80d8c2a3661cbd95fa1f705294f74ba092,hqs,29.645386683839558,0.7818010851584672,0.35393925197422504,0.002686082385480404
hevc_ParkScene_f0000,HEVC_B,ParkScene,test,0.1,0.1001129150390625,0.05,2027,616c9d9705b373591385f2413156aa80d8c2a3661cbd95fa1f705294f74ba092,hqs_finetuned,29.632413068181293,0.7843795185542106,0.35610641702078283,0.0025494014844298363
hevc_ParkScene_f0000,HEVC_B,ParkScene,test,0.1,0.1001129150390625,0.05,2027,616c9d9705b373591385f2413156aa80d8c2a3661cbd95fa1f705294f74ba092,hqs_last,29.632413068181293,0.7843795185542106,0.3480808320455253,0.0025494014844298363
hevc_ParkScene_f0000,HEVC_B,ParkScene,test,0.1,0.1001129150390625,0.05,2028,7621a9d35eed2792600959345a1d3248ccf03d97ee11a64c5d17ed4fbf76999c,hqs,29.552380244271717,0.776391346763134,0.3542865900089964,0.0028336711693555117
hevc_ParkScene_f0000,HEVC_B,ParkScene,test,0.1,0.1001129150390625,0.05,2028,7621a9d35eed2792600959345a1d3248ccf03d97ee11a64c5d17ed4fbf76999c,hqs_finetuned,29.52197291925112,0.7783254042673111,0.35220500302966684,0.002674476010724902
hevc_ParkScene_f0000,HEVC_B,ParkScene,test,0.1,0.1001129150390625,0.05,2028,7621a9d35eed2792600959345a1d3248ccf03d97ee11a64c5d17ed4fbf76999c,hqs_last,29.52197291925112,0.7783254042673111,0.3558981689857319,0.002674476010724902
hevc_ParkScene_f0080,HEVC_B,ParkScene,test,0.1,0.1001129150390625,0.0,2026,1c485b3c6860e0ec80f8cacf5446d28e4e361258ef233db688b6fe134ff1fa69,hqs,30.99923970995885,0.8460052364530564,0.3538713810266927,0.002820239868015051
hevc_ParkScene_f0080,HEVC_B,ParkScene,test,0.1,0.1001129150390625,0.0,2026,1c485b3c6860e0ec80f8cacf5446d28e4e361258ef233db688b6fe134ff1fa69,hqs_finetuned,31.04561164098144,0.8467444456977844,0.35097200993914157,0.0029113527853041887
hevc_ParkScene_f0080,HEVC_B,ParkScene,test,0.1,0.1001129150390625,0.0,2026,1c485b3c6860e0ec80f8cacf5446d28e4e361258ef233db688b6fe134ff1fa69,hqs_last,31.04561164098144,0.8467444456977844,0.3555581299588084,0.0029113527853041887
hevc_ParkScene_f0080,HEVC_B,ParkScene,test,0.25,0.25,0.0,2026,456f3902e387922932724d43d82cb5da3545a0c5ee0b22b5291aa5716ccbd021,hqs,34.97166488254772,0.9339068936815261,0.36343363893684,0.0020882864482700825
hevc_ParkScene_f0080,HEVC_B,ParkScene,test,0.25,0.25,0.0,2026,456f3902e387922932724d43d82cb5da3545a0c5ee0b22b5291aa5716ccbd021,hqs_finetuned,35.04805639895899,0.934742764134407,0.3597951449919492,0.002424488542601466
hevc_ParkScene_f0080,HEVC_B,ParkScene,test,0.25,0.25,0.0,2026,456f3902e387922932724d43d82cb5da3545a0c5ee0b22b5291aa5716ccbd021,hqs_last,35.04805639895899,0.934742764134407,0.35550165409222245,0.002424488542601466
hevc_ParkScene_f0080,HEVC_B,ParkScene,test,0.1,0.1001129150390625,0.01,2026,380850db1b97225571e842e5b442f4e34fbe20a9d3e183cc2ea4df208542e1a0,hqs,30.912468227760336,0.8429355465738774,0.35622656298801303,0.0027171350084245205
hevc_ParkScene_f0080,HEVC_B,ParkScene,test,0.1,0.1001129150390625,0.01,2026,380850db1b97225571e842e5b442f4e34fbe20a9d3e183cc2ea4df208542e1a0,hqs_finetuned,30.927538033721234,0.8434610305657386,0.3589136090595275,0.0028617470525205135
hevc_ParkScene_f0080,HEVC_B,ParkScene,test,0.1,0.1001129150390625,0.01,2026,380850db1b97225571e842e5b442f4e34fbe20a9d3e183cc2ea4df208542e1a0,hqs_last,30.927538033721234,0.8434610305657386,0.36016195197589695,0.0028617470525205135
hevc_ParkScene_f0080,HEVC_B,ParkScene,test,0.1,0.1001129150390625,0.01,2027,da6675161788c72713767e93e243e109f93d8b334693badece0acfd74a9244b7,hqs,30.851110833515083,0.8412880664248467,0.3647458809427917,0.0027167275547981262
hevc_ParkScene_f0080,HEVC_B,ParkScene,test,0.1,0.1001129150390625,0.01,2027,da6675161788c72713767e93e243e109f93d8b334693badece0acfd74a9244b7,hqs_finetuned,30.88913113539624,0.8421596983923912,0.3619419069727883,0.0028129618149250746
hevc_ParkScene_f0080,HEVC_B,ParkScene,test,0.1,0.1001129150390625,0.01,2027,da6675161788c72713767e93e243e109f93d8b334693badece0acfd74a9244b7,hqs_last,30.88913113539624,0.8421596983923912,0.3620997649850324,0.0028129618149250746
hevc_ParkScene_f0080,HEVC_B,ParkScene,test,0.1,0.1001129150390625,0.01,2028,9955cd168a7fbaf3fde4646d0ee967ba484fa8cb082f30ab94c2e1f0cc79a271,hqs,30.89017818024203,0.8418918334372043,0.35604005702771246,0.002737806411460042
hevc_ParkScene_f0080,HEVC_B,ParkScene,test,0.1,0.1001129150390625,0.01,2028,9955cd168a7fbaf3fde4646d0ee967ba484fa8cb082f30ab94c2e1f0cc79a271,hqs_finetuned,30.882700755178007,0.8420733583703041,0.367833872907795,0.0029621224384754896
hevc_ParkScene_f0080,HEVC_B,ParkScene,test,0.1,0.1001129150390625,0.01,2028,9955cd168a7fbaf3fde4646d0ee967ba484fa8cb082f30ab94c2e1f0cc79a271,hqs_last,30.882700755178007,0.8420733583703041,0.3969529520254582,0.0029621224384754896
hevc_ParkScene_f0080,HEVC_B,ParkScene,test,0.1,0.1001129150390625,0.05,2026,72fec67e6bd348a72ac775af952848e49993ab14e77d1b79aa2c8b67b1e5c948,hqs,29.14455489475625,0.7564122100057602,0.35961669706739485,0.0028528948314487934
hevc_ParkScene_f0080,HEVC_B,ParkScene,test,0.1,0.1001129150390625,0.05,2026,72fec67e6bd348a72ac775af952848e49993ab14e77d1b79aa2c8b67b1e5c948,hqs_finetuned,29.12064507509811,0.7586648560960293,0.36087988992221653,0.002356539014726877
hevc_ParkScene_f0080,HEVC_B,ParkScene,test,0.1,0.1001129150390625,0.05,2026,72fec67e6bd348a72ac775af952848e49993ab14e77d1b79aa2c8b67b1e5c948,hqs_last,29.12064507509811,0.7586648560960293,0.36320498201530427,0.002356539014726877
hevc_ParkScene_f0080,HEVC_B,ParkScene,test,0.1,0.1001129150390625,0.05,2027,3db4cb55f574a2da58521101e890ba84579337f32c1533e30925d424e6801315,hqs,29.115041989081554,0.7615190054154396,0.3772965889656916,0.0029638472478836775
hevc_ParkScene_f0080,HEVC_B,ParkScene,test,0.1,0.1001129150390625,0.05,2027,3db4cb55f574a2da58521101e890ba84579337f32c1533e30925d424e6801315,hqs_finetuned,29.082721765516375,0.7631201850469113,0.3697240040637553,0.002478524576872587
hevc_ParkScene_f0080,HEVC_B,ParkScene,test,0.1,0.1001129150390625,0.05,2027,3db4cb55f574a2da58521101e890ba84579337f32c1533e30925d424e6801315,hqs_last,29.082721765516375,0.7631201850469113,0.39168974105268717,0.002478524576872587
hevc_ParkScene_f0080,HEVC_B,ParkScene,test,0.1,0.1001129150390625,0.05,2028,4839fea461253e7f747874c4abad3571fdc08d94c8d1a86d9901a8185265be6e,hqs,29.043848186126084,0.7544618351589442,0.3803726859623566,0.0029026430565863848
hevc_ParkScene_f0080,HEVC_B,ParkScene,test,0.1,0.1001129150390625,0.05,2028,4839fea461253e7f747874c4abad3571fdc08d94c8d1a86d9901a8185265be6e,hqs_finetuned,29.01074001448999,0.7566195571197272,0.3642592900432646,0.002601585118100047
hevc_ParkScene_f0080,HEVC_B,ParkScene,test,0.1,0.1001129150390625,0.05,2028,4839fea461253e7f747874c4abad3571fdc08d94c8d1a86d9901a8185265be6e,hqs_last,29.01074001448999,0.7566195571197272,0.3642578989965841,0.002601585118100047
hevc_ParkScene_f0160,HEVC_B,ParkScene,test,0.1,0.1001129150390625,0.0,2026,eeac34cecacae82de3d32d49198f8b6126942a78423fb7ae41c9bd3896d5060d,hqs,30.45997891285412,0.8224028076047898,0.3691642589401454,0.002568964147940278
hevc_ParkScene_f0160,HEVC_B,ParkScene,test,0.1,0.1001129150390625,0.0,2026,eeac34cecacae82de3d32d49198f8b6126942a78423fb7ae41c9bd3896d5060d,hqs_finetuned,30.564489166866732,0.8243546917414665,0.3595093210460618,0.0025574315804988146
hevc_ParkScene_f0160,HEVC_B,ParkScene,test,0.1,0.1001129150390625,0.0,2026,eeac34cecacae82de3d32d49198f8b6126942a78423fb7ae41c9bd3896d5060d,hqs_last,30.564489166866732,0.8243546917414665,0.35985930799506605,0.0025574315804988146
hevc_ParkScene_f0160,HEVC_B,ParkScene,test,0.25,0.25,0.0,2026,5b97e6a1e252a71f0030e6ad19e2afd02bd1cde80636deff2c657932edb5dad7,hqs,34.213663842547305,0.9193997320308686,0.3512703899759799,0.0023581208661198616
hevc_ParkScene_f0160,HEVC_B,ParkScene,test,0.25,0.25,0.0,2026,5b97e6a1e252a71f0030e6ad19e2afd02bd1cde80636deff2c657932edb5dad7,hqs_finetuned,34.217032335938335,0.919228861251831,0.3833301350241527,0.0024994886480271816
hevc_ParkScene_f0160,HEVC_B,ParkScene,test,0.25,0.25,0.0,2026,5b97e6a1e252a71f0030e6ad19e2afd02bd1cde80636deff2c657932edb5dad7,hqs_last,34.217032335938335,0.919228861251831,0.36434724694117904,0.0024994886480271816
hevc_ParkScene_f0160,HEVC_B,ParkScene,test,0.1,0.1001129150390625,0.01,2026,e41cc84d0c864c50978a2080a2fe6f455b4fcb9d04379f1ad58766b3d33243fc,hqs,30.369828331671883,0.8185056033668519,0.3667319460073486,0.0024328671861439943
hevc_ParkScene_f0160,HEVC_B,ParkScene,test,0.1,0.1001129150390625,0.01,2026,e41cc84d0c864c50978a2080a2fe6f455b4fcb9d04379f1ad58766b3d33243fc,hqs_finetuned,30.44415658618183,0.8200604956274032,0.3581581140169874,0.0024256138131022453
hevc_ParkScene_f0160,HEVC_B,ParkScene,test,0.1,0.1001129150390625,0.01,2026,e41cc84d0c864c50978a2080a2fe6f455b4fcb9d04379f1ad58766b3d33243fc,hqs_last,30.44415658618183,0.8200604956274032,0.3595874139573425,0.0024256138131022453
hevc_ParkScene_f0160,HEVC_B,ParkScene,test,0.1,0.1001129150390625,0.01,2027,9861fea2751f5c97b12bff7b43f19abfae702d80db731abc3b9e383bb8f25e9d,hqs,30.366877838721678,0.8185891106481552,0.37020170595496893,0.0025229663588106632
hevc_ParkScene_f0160,HEVC_B,ParkScene,test,0.1,0.1001129150390625,0.01,2027,9861fea2751f5c97b12bff7b43f19abfae702d80db731abc3b9e383bb8f25e9d,hqs_finetuned,30.425795264314832,0.819425118637085,0.36744574492331594,0.0025225230492651463
hevc_ParkScene_f0160,HEVC_B,ParkScene,test,0.1,0.1001129150390625,0.01,2027,9861fea2751f5c97b12bff7b43f19abfae702d80db731abc3b9e383bb8f25e9d,hqs_last,30.425795264314832,0.819425118637085,0.3967849869513884,0.0025225230492651463
hevc_ParkScene_f0160,HEVC_B,ParkScene,test,0.1,0.1001129150390625,0.01,2028,1fc6763432dc7a432ffe90a27a6835bf1ef30fbc8ad55ea3912314a9ae314a4d,hqs,30.34829355637841,0.8172966022071838,0.37191592901945114,0.002477040281519294
hevc_ParkScene_f0160,HEVC_B,ParkScene,test,0.1,0.1001129150390625,0.01,2028,1fc6763432dc7a432ffe90a27a6835bf1ef30fbc8ad55ea3912314a9ae314a4d,hqs_finetuned,30.431848571412846,0.8190269077539444,0.36756248702295125,0.0024392062332481146
hevc_ParkScene_f0160,HEVC_B,ParkScene,test,0.1,0.1001129150390625,0.01,2028,1fc6763432dc7a432ffe90a27a6835bf1ef30fbc8ad55ea3912314a9ae314a4d,hqs_last,30.431848571412846,0.8190269077539444,0.36619407206308097,0.0024392062332481146
hevc_ParkScene_f0160,HEVC_B,ParkScene,test,0.1,0.1001129150390625,0.05,2026,6b7478b705ef2839fe82c567688f9d05b963ce608ba9f50b439b6a3ff3d6d988,hqs,28.65502794037908,0.7341580978100299,0.36489451001398265,0.0026124869473278522
hevc_ParkScene_f0160,HEVC_B,ParkScene,test,0.1,0.1001129150390625,0.05,2026,6b7478b705ef2839fe82c567688f9d05b963ce608ba9f50b439b6a3ff3d6d988,hqs_finetuned,28.644098818027352,0.7356636628341675,0.35958121600560844,0.0020652776584029198
hevc_ParkScene_f0160,HEVC_B,ParkScene,test,0.1,0.1001129150390625,0.05,2026,6b7478b705ef2839fe82c567688f9d05b963ce608ba9f50b439b6a3ff3d6d988,hqs_last,28.644098818027352,0.7356636628341675,0.3634908200474456,0.0020652776584029198
hevc_ParkScene_f0160,HEVC_B,ParkScene,test,0.1,0.1001129150390625,0.05,2027,d1fbe0233522be84b84f293ea67f35acf54fa7fb8575bb4fc3969bb925ef90f4,hqs,28.676867359462662,0.7349954843200445,0.3664124069036916,0.0024083885364234447
hevc_ParkScene_f0160,HEVC_B,ParkScene,test,0.1,0.1001129150390625,0.05,2027,d1fbe0233522be84b84f293ea67f35acf54fa7fb8575bb4fc3969bb925ef90f4,hqs_finetuned,28.659727506627828,0.7357441447102092,0.3621692230226472,0.002024867106229067
hevc_ParkScene_f0160,HEVC_B,ParkScene,test,0.1,0.1001129150390625,0.05,2027,d1fbe0233522be84b84f293ea67f35acf54fa7fb8575bb4fc3969bb925ef90f4,hqs_last,28.659727506627828,0.7357441447102092,0.36630343401338905,0.002024867106229067
hevc_ParkScene_f0160,HEVC_B,ParkScene,test,0.1,0.1001129150390625,0.05,2028,ec5809634e5d49e1f723453fe8b436cbd3b92ec0de4feff4e20ff4c4861e8544,hqs,28.643837390102295,0.7328863372709751,0.3601001889910549,0.002421095734462142
hevc_ParkScene_f0160,HEVC_B,ParkScene,test,0.1,0.1001129150390625,0.05,2028,ec5809634e5d49e1f723453fe8b436cbd3b92ec0de4feff4e20ff4c4861e8544,hqs_finetuned,28.62702283206437,0.7337002150917054,0.36752106400672346,0.0019288068870082498
hevc_ParkScene_f0160,HEVC_B,ParkScene,test,0.1,0.1001129150390625,0.05,2028,ec5809634e5d49e1f723453fe8b436cbd3b92ec0de4feff4e20ff4c4861e8544,hqs_last,28.62702283206437,0.7337002150917054,0.36156997503712773,0.0019288068870082498
hevc_FourPeople_f0000,HEVC_E,FourPeople,test,0.1,0.1001129150390625,0.0,2026,9ba1d01a92742cfb02099d2c065eedac66b6483d48ad6aa69d8ce0cc2d28520b,hqs,32.731516703062795,0.9455336523323059,0.3563662290107459,0.0032842732034623623
hevc_FourPeople_f0000,HEVC_E,FourPeople,test,0.1,0.1001129150390625,0.0,2026,9ba1d01a92742cfb02099d2c065eedac66b6483d48ad6aa69d8ce0cc2d28520b,hqs_finetuned,33.0257369294376,0.9481140197730065,0.3613746790215373,0.003661966882646084
hevc_FourPeople_f0000,HEVC_E,FourPeople,test,0.1,0.1001129150390625,0.0,2026,9ba1d01a92742cfb02099d2c065eedac66b6483d48ad6aa69d8ce0cc2d28520b,hqs_last,33.0257369294376,0.9481140197730065,0.36774804000742733,0.003661966882646084
hevc_FourPeople_f0000,HEVC_E,FourPeople,test,0.25,0.25,0.0,2026,c08eb4cb476a022c8033f159c816078af99d2e8bcdce53f2c5eaea7cbc5a6ae8,hqs,39.618462660288024,0.9863236230211258,0.36589580099098384,0.0023575578816235065
hevc_FourPeople_f0000,HEVC_E,FourPeople,test,0.25,0.25,0.0,2026,c08eb4cb476a022c8033f159c816078af99d2e8bcdce53f2c5eaea7cbc5a6ae8,hqs_finetuned,39.8322934394231,0.9868703870010376,0.3747243720572442,0.0027947325725108385
hevc_FourPeople_f0000,HEVC_E,FourPeople,test,0.25,0.25,0.0,2026,c08eb4cb476a022c8033f159c816078af99d2e8bcdce53f2c5eaea7cbc5a6ae8,hqs_last,39.8322934394231,0.9868703870010376,0.3647600569529459,0.0027947325725108385
hevc_FourPeople_f0000,HEVC_E,FourPeople,test,0.1,0.1001129150390625,0.01,2026,e118bd1bea93203bb957e0a5d306387a413e8111bbe5b829de408a77d5ecd78c,hqs,32.07913291161041,0.9350051434755325,0.3576682370621711,0.002680444624274969
hevc_FourPeople_f0000,HEVC_E,FourPeople,test,0.1,0.1001129150390625,0.01,2026,e118bd1bea93203bb957e0a5d306387a413e8111bbe5b829de408a77d5ecd78c,hqs_finetuned,32.237672276141566,0.9374927683677673,0.3540270619560033,0.0030436990782618523
hevc_FourPeople_f0000,HEVC_E,FourPeople,test,0.1,0.1001129150390625,0.01,2026,e118bd1bea93203bb957e0a5d306387a413e8111bbe5b829de408a77d5ecd78c,hqs_last,32.237672276141566,0.9374927683677673,0.3521248750621453,0.0030436990782618523
hevc_FourPeople_f0000,HEVC_E,FourPeople,test,0.1,0.1001129150390625,0.01,2027,9c51c13543d1cff60153804c5da80a76cf6470ec7b9468c88babd5a3f8a6559d,hqs,31.941267969833902,0.9339155029530525,0.3514288250589743,0.0025893428828567266
hevc_FourPeople_f0000,HEVC_E,FourPeople,test,0.1,0.1001129150390625,0.01,2027,9c51c13543d1cff60153804c5da80a76cf6470ec7b9468c88babd5a3f8a6559d,hqs_finetuned,32.14848764624453,0.9371617252640724,0.3495153090916574,0.0030016147065907717
hevc_FourPeople_f0000,HEVC_E,FourPeople,test,0.1,0.1001129150390625,0.01,2027,9c51c13543d1cff60153804c5da80a76cf6470ec7b9468c88babd5a3f8a6559d,hqs_last,32.14848764624453,0.9371617252640724,0.3569617780158296,0.0030016147065907717
hevc_FourPeople_f0000,HEVC_E,FourPeople,test,0.1,0.1001129150390625,0.01,2028,150b276000348ce04cf82d7ce1f560e65c3b425392c252970a7be872907e082d,hqs,32.037121446182496,0.9346604167950153,0.3569206709507853,0.0026548400055617094
hevc_FourPeople_f0000,HEVC_E,FourPeople,test,0.1,0.1001129150390625,0.01,2028,150b276000348ce04cf82d7ce1f560e65c3b425392c252970a7be872907e082d,hqs_finetuned,32.187948967265704,0.9375300034787655,0.3670647090766579,0.003006619866937399
hevc_FourPeople_f0000,HEVC_E,FourPeople,test,0.1,0.1001129150390625,0.01,2028,150b276000348ce04cf82d7ce1f560e65c3b425392c252970a7be872907e082d,hqs_last,32.187948967265704,0.9375300034787655,0.41018780099693686,0.003006619866937399
hevc_FourPeople_f0000,HEVC_E,FourPeople,test,0.1,0.1001129150390625,0.05,2026,f03ea569d3c6eca6c0abdce46572bc63584f4c56c97797426c25fb053fd69741,hqs,28.341785873147984,0.7823545235496759,0.3637619899818674,0.002750673098489642
hevc_FourPeople_f0000,HEVC_E,FourPeople,test,0.1,0.1001129150390625,0.05,2026,f03ea569d3c6eca6c0abdce46572bc63584f4c56c97797426c25fb053fd69741,hqs_finetuned,28.289667537952184,0.7854465879403353,0.3620710140094161,0.0024371016770601273
hevc_FourPeople_f0000,HEVC_E,FourPeople,test,0.1,0.1001129150390625,0.05,2026,f03ea569d3c6eca6c0abdce46572bc63584f4c56c97797426c25fb053fd69741,hqs_last,28.289667537952184,0.7854465879403353,0.3646395039977506,0.0024371016770601273
hevc_FourPeople_f0000,HEVC_E,FourPeople,test,0.1,0.1001129150390625,0.05,2027,d896e8078ea4c76979ccd560f546f6af53edbee0fcdadff186b00a5704d029a3,hqs,28.232796158002845,0.7817934967263938,0.3481495580635965,0.0025208161678165197
hevc_FourPeople_f0000,HEVC_E,FourPeople,test,0.1,0.1001129150390625,0.05,2027,d896e8078ea4c76979ccd560f546f6af53edbee0fcdadff186b00a5704d029a3,hqs_finetuned,28.192543777042232,0.7854314732143283,0.35424815001897514,0.0022574751637876034
hevc_FourPeople_f0000,HEVC_E,FourPeople,test,0.1,0.1001129150390625,0.05,2027,d896e8078ea4c76979ccd560f546f6af53edbee0fcdadff186b00a5704d029a3,hqs_last,28.192543777042232,0.7854314732143283,0.3595304780174047,0.0022574751637876034
hevc_FourPeople_f0000,HEVC_E,FourPeople,test,0.1,0.1001129150390625,0.05,2028,2e7ece02cc42cff8421cb6092f1c68b2bc9241e0f67a1bb00b2690a1eefef41f,hqs,28.227898810444024,0.7773068462475539,0.3545173960737884,0.0025934865698218346
hevc_FourPeople_f0000,HEVC_E,FourPeople,test,0.1,0.1001129150390625,0.05,2028,2e7ece02cc42cff8421cb6092f1c68b2bc9241e0f67a1bb00b2690a1eefef41f,hqs_finetuned,28.185915458954348,0.7812641090202928,0.3663703229976818,0.002350871218368411
hevc_FourPeople_f0000,HEVC_E,FourPeople,test,0.1,0.1001129150390625,0.05,2028,2e7ece02cc42cff8421cb6092f1c68b2bc9241e0f67a1bb00b2690a1eefef41f,hqs_last,28.185915458954348,0.7812641090202928,0.3724622630979866,0.002350871218368411
hevc_FourPeople_f0200,HEVC_E,FourPeople,test,0.1,0.1001129150390625,0.0,2026,0429cb089558711871c231e115f5040286dede66c7ed9682e8f0dcabbc041e61,hqs,33.52905138333709,0.9544134727120399,0.3530287890462205,0.0033296961337327957
hevc_FourPeople_f0200,HEVC_E,FourPeople,test,0.1,0.1001129150390625,0.0,2026,0429cb089558711871c231e115f5040286dede66c7ed9682e8f0dcabbc041e61,hqs_finetuned,33.72538329613534,0.9558699874353409,0.35715743503533304,0.003703686874359846
hevc_FourPeople_f0200,HEVC_E,FourPeople,test,0.1,0.1001129150390625,0.0,2026,0429cb089558711871c231e115f5040286dede66c7ed9682e8f0dcabbc041e61,hqs_last,33.72538329613534,0.9558699874353409,0.3505466260248795,0.003703686874359846
hevc_FourPeople_f0200,HEVC_E,FourPeople,test,0.25,0.25,0.0,2026,343aed9beec2c2bdf29ad1ddd87dd9a373b0740da77dd896ea2c669278714334,hqs,40.22372968364891,0.9875140265111924,0.3549851549323648,0.0020652494858950377
hevc_FourPeople_f0200,HEVC_E,FourPeople,test,0.25,0.25,0.0,2026,343aed9beec2c2bdf29ad1ddd87dd9a373b0740da77dd896ea2c669278714334,hqs_finetuned,40.5328124868851,0.9882136863269806,0.4748346119886264,0.002526623662561178
hevc_FourPeople_f0200,HEVC_E,FourPeople,test,0.25,0.25,0.0,2026,343aed9beec2c2bdf29ad1ddd87dd9a373b0740da77dd896ea2c669278714334,hqs_last,40.5328124868851,0.9882136863269806,0.3772723220754415,0.002526623662561178
hevc_FourPeople_f0200,HEVC_E,FourPeople,test,0.1,0.1001129150390625,0.01,2026,81836ceae90d353b57e22ba925d9785e6616c20d660e845fc0e43b0ddab26c92,hqs,32.71664801316483,0.9428508703746795,0.3537847449770197,0.002666354877874255
hevc_FourPeople_f0200,HEVC_E,FourPeople,test,0.1,0.1001129150390625,0.01,2026,81836ceae90d353b57e22ba925d9785e6616c20d660e845fc0e43b0ddab26c92,hqs_finetuned,32.8864512887842,0.9454658062250614,0.37279092404060066,0.003021646523848176
hevc_FourPeople_f0200,HEVC_E,FourPeople,test,0.1,0.1001129150390625,0.01,2026,81836ceae90d353b57e22ba925d9785e6616c20d660e845fc0e43b0ddab26c92,hqs_last,32.8864512887842,0.9454658062250614,0.38388342992402613,0.003021646523848176
hevc_FourPeople_f0200,HEVC_E,FourPeople,test,0.1,0.1001129150390625,0.01,2027,ff5522d587a2bb49f01cff5790137e559cb539eb0cfab445507d710eff57ca53,hqs,32.71646547113509,0.9423614116122723,0.3660945949377492,0.0025654886849224567
hevc_FourPeople_f0200,HEVC_E,FourPeople,test,0.1,0.1001129150390625,0.01,2027,ff5522d587a2bb49f01cff5790137e559cb539eb0cfab445507d710eff57ca53,hqs_finetuned,32.90098903945321,0.9453065136966705,0.3655198640190065,0.0029181111603975296
hevc_FourPeople_f0200,HEVC_E,FourPeople,test,0.1,0.1001129150390625,0.01,2027,ff5522d587a2bb49f01cff5790137e559cb539eb0cfab445507d710eff57ca53,hqs_last,32.90098903945321,0.9453065136966705,0.35597467492334545,0.0029181111603975296
hevc_FourPeople_f0200,HEVC_E,FourPeople,test,0.1,0.1001129150390625,0.01,2028,faa1e10046c9727dcc6ac50245d3770bbd92f061937cf5781907455f7a067630,hqs,32.6815503789997,0.9426543092031479,0.36827256507240236,0.002813111525028944
hevc_FourPeople_f0200,HEVC_E,FourPeople,test,0.1,0.1001129150390625,0.01,2028,faa1e10046c9727dcc6ac50245d3770bbd92f061937cf5781907455f7a067630,hqs_finetuned,32.751525553923656,0.9442967186951637,0.3912643240764737,0.0031863092444837093
hevc_FourPeople_f0200,HEVC_E,FourPeople,test,0.1,0.1001129150390625,0.01,2028,faa1e10046c9727dcc6ac50245d3770bbd92f061937cf5781907455f7a067630,hqs_last,32.751525553923656,0.9442967186951637,0.4180807659868151,0.0031863092444837093
hevc_FourPeople_f0200,HEVC_E,FourPeople,test,0.1,0.1001129150390625,0.05,2026,7d27840c7deffc55034d89169f6308c3a4a3b30e364fa20bcb5a3e4a1df782b2,hqs,28.48776636437457,0.7833115748403072,0.36792255798354745,0.002338831312954426
hevc_FourPeople_f0200,HEVC_E,FourPeople,test,0.1,0.1001129150390625,0.05,2026,7d27840c7deffc55034d89169f6308c3a4a3b30e364fa20bcb5a3e4a1df782b2,hqs_finetuned,28.47221714024895,0.7878136637580395,0.3683507840614766,0.0022295541130006313
hevc_FourPeople_f0200,HEVC_E,FourPeople,test,0.1,0.1001129150390625,0.05,2026,7d27840c7deffc55034d89169f6308c3a4a3b30e364fa20bcb5a3e4a1df782b2,hqs_last,28.47221714024895,0.7878136637580395,0.36504343594424427,0.0022295541130006313
hevc_FourPeople_f0200,HEVC_E,FourPeople,test,0.1,0.1001129150390625,0.05,2027,1ca94e9372e1b4278547d4102e273b1f99991e0430073a4b66a6746300d86cba,hqs,28.5288859280066,0.7786884449518919,0.38111339998431504,0.0023446292616426945
hevc_FourPeople_f0200,HEVC_E,FourPeople,test,0.1,0.1001129150390625,0.05,2027,1ca94e9372e1b4278547d4102e273b1f99991e0430073a4b66a6746300d86cba,hqs_finetuned,28.522508060113083,0.7834699329920412,0.36108054709620774,0.0022141439840197563
hevc_FourPeople_f0200,HEVC_E,FourPeople,test,0.1,0.1001129150390625,0.05,2027,1ca94e9372e1b4278547d4102e273b1f99991e0430073a4b66a6746300d86cba,hqs_last,28.522508060113083,0.7834699329920412,0.3568683440098539,0.0022141439840197563
hevc_FourPeople_f0200,HEVC_E,FourPeople,test,0.1,0.1001129150390625,0.05,2028,fa37b4340711dabedc90da626b167fdd8df86782c0860db09805834e355fb75c,hqs,28.49010941236164,0.781543754093647,0.3628088110126555,0.0024115927517414093
hevc_FourPeople_f0200,HEVC_E,FourPeople,test,0.1,0.1001129150390625,0.05,2028,fa37b4340711dabedc90da626b167fdd8df86782c0860db09805834e355fb75c,hqs_finetuned,28.476671298057585,0.7864937855554819,0.3719052179949358,0.0022452317643910646
hevc_FourPeople_f0200,HEVC_E,FourPeople,test,0.1,0.1001129150390625,0.05,2028,fa37b4340711dabedc90da626b167fdd8df86782c0860db09805834e355fb75c,hqs_last,28.476671298057585,0.7864937855554819,0.3937426300253719,0.0022452317643910646
hevc_FourPeople_f0400,HEVC_E,FourPeople,test,0.1,0.1001129150390625,0.0,2026,33d5e5b7dd818f75553b7a9ee02cdc48cca5d2f6c6c6152a5484086faaeee30f,hqs,33.421481142213985,0.9532004153194428,0.4083597119897604,0.003303801640868187
hevc_FourPeople_f0400,HEVC_E,FourPeople,test,0.1,0.1001129150390625,0.0,2026,33d5e5b7dd818f75553b7a9ee02cdc48cca5d2f6c6c6152a5484086faaeee30f,hqs_finetuned,33.68888686534832,0.9551892739081382,0.36449625296518207,0.003767681308090687
hevc_FourPeople_f0400,HEVC_E,FourPeople,test,0.1,0.1001129150390625,0.0,2026,33d5e5b7dd818f75553b7a9ee02cdc48cca5d2f6c6c6152a5484086faaeee30f,hqs_last,33.68888686534832,0.9551892739081382,0.3630051809595898,0.003767681308090687
hevc_FourPeople_f0400,HEVC_E,FourPeople,test,0.25,0.25,0.0,2026,cb490b62acb832e333cc2c4a10724935f7b91d3e9dacc2f8fff2f7cb7e44a749,hqs,40.23942690170638,0.9877956484270096,0.36365630803629756,0.0021249321289360523
hevc_FourPeople_f0400,HEVC_E,FourPeople,test,0.25,0.25,0.0,2026,cb490b62acb832e333cc2c4a10724935f7b91d3e9dacc2f8fff2f7cb7e44a749,hqs_finetuned,40.57533970241995,0.9885139309835433,0.36656145995948464,0.0026513109914958477
hevc_FourPeople_f0400,HEVC_E,FourPeople,test,0.25,0.25,0.0,2026,cb490b62acb832e333cc2c4a10724935f7b91d3e9dacc2f8fff2f7cb7e44a749,hqs_last,40.57533970241995,0.9885139309835433,0.3669663810869679,0.0026513109914958477
hevc_FourPeople_f0400,HEVC_E,FourPeople,test,0.1,0.1001129150390625,0.01,2026,4ae2388cb6a858f206a22e42df6d4a4f8c5dc90cf2cba49ea7a6fb45a070ad68,hqs,32.594737098049904,0.9410665225057602,0.3747496629366651,0.002747001126408577
hevc_FourPeople_f0400,HEVC_E,FourPeople,test,0.1,0.1001129150390625,0.01,2026,4ae2388cb6a858f206a22e42df6d4a4f8c5dc90cf2cba49ea7a6fb45a070ad68,hqs_finetuned,32.67884917652169,0.9426732132856845,0.3746969769708812,0.0031966972164809704
hevc_FourPeople_f0400,HEVC_E,FourPeople,test,0.1,0.1001129150390625,0.01,2026,4ae2388cb6a858f206a22e42df6d4a4f8c5dc90cf2cba49ea7a6fb45a070ad68,hqs_last,32.67884917652169,0.9426732132856845,0.36852884793188423,0.0031966972164809704
hevc_FourPeople_f0400,HEVC_E,FourPeople,test,0.1,0.1001129150390625,0.01,2027,0c986b259a47c7bb4a8b26bcff958b19bf779cd31311cf7faecb715ac11054cf,hqs,32.668452384270985,0.9425865567133427,0.37804948596749455,0.002729427767917514
hevc_FourPeople_f0400,HEVC_E,FourPeople,test,0.1,0.1001129150390625,0.01,2027,0c986b259a47c7bb4a8b26bcff958b19bf779cd31311cf7faecb715ac11054cf,hqs_finetuned,32.792124640736006,0.9446771180882454,0.3752211120445281,0.0031257211230695248
hevc_FourPeople_f0400,HEVC_E,FourPeople,test,0.1,0.1001129150390625,0.01,2027,0c986b259a47c7bb4a8b26bcff958b19bf779cd31311cf7faecb715ac11054cf,hqs_last,32.792124640736006,0.9446771180882454,0.37159495102241635,0.0031257211230695248
hevc_FourPeople_f0400,HEVC_E,FourPeople,test,0.1,0.1001129150390625,0.01,2028,7be14b70d5c07c3ef36f5e554c30aa4bf8f2be43d7f3de78345240e5174e8b23,hqs,32.767211298013336,0.9434234478492737,0.3696395040024072,0.0027104925829917192
hevc_FourPeople_f0400,HEVC_E,FourPeople,test,0.1,0.1001129150390625,0.01,2028,7be14b70d5c07c3ef36f5e554c30aa4bf8f2be43d7f3de78345240e5174e8b23,hqs_finetuned,32.83015850777688,0.9450878491125106,0.383743342012167,0.0031161042861640453
hevc_FourPeople_f0400,HEVC_E,FourPeople,test,0.1,0.1001129150390625,0.01,2028,7be14b70d5c07c3ef36f5e554c30aa4bf8f2be43d7f3de78345240e5174e8b23,hqs_last,32.83015850777688,0.9450878491125106,0.3742243649903685,0.0031161042861640453
hevc_FourPeople_f0400,HEVC_E,FourPeople,test,0.1,0.1001129150390625,0.05,2026,0f783db75cbf650f552ce3e513189b7c36165b38c65325fd76c78cc73902360d,hqs,28.574037257374528,0.7851775424998999,0.37031038699205965,0.00259441789239645
hevc_FourPeople_f0400,HEVC_E,FourPeople,test,0.1,0.1001129150390625,0.05,2026,0f783db75cbf650f552ce3e513189b7c36165b38c65325fd76c78cc73902360d,hqs_finetuned,28.55551792347425,0.7897969320034981,0.3746464670402929,0.0024047191254794598
hevc_FourPeople_f0400,HEVC_E,FourPeople,test,0.1,0.1001129150390625,0.05,2026,0f783db75cbf650f552ce3e513189b7c36165b38c65325fd76c78cc73902360d,hqs_last,28.55551792347425,0.7897969320034981,0.3755752610741183,0.0024047191254794598
hevc_FourPeople_f0400,HEVC_E,FourPeople,test,0.1,0.1001129150390625,0.05,2027,adcd91488438a0b4bcae2f5056b577a7c95cd612a38e981d912be01a19a4bf55,hqs,28.564509612349482,0.7864457881957293,0.36883756099268794,0.002598968567326665
hevc_FourPeople_f0400,HEVC_E,FourPeople,test,0.1,0.1001129150390625,0.05,2027,adcd91488438a0b4bcae2f5056b577a7c95cd612a38e981d912be01a19a4bf55,hqs_finetuned,28.553904338772828,0.7913979861328602,0.38350402598734945,0.0023688815999776125
hevc_FourPeople_f0400,HEVC_E,FourPeople,test,0.1,0.1001129150390625,0.05,2027,adcd91488438a0b4bcae2f5056b577a7c95cd612a38e981d912be01a19a4bf55,hqs_last,28.553904338772828,0.7913979861328602,0.38240668701473624,0.0023688815999776125
hevc_FourPeople_f0400,HEVC_E,FourPeople,test,0.1,0.1001129150390625,0.05,2028,f716071c6ce70cf9da70423b2e3866ece2fef66ca626654440baa7301c9f6366,hqs,28.598061922820712,0.7939946174496431,0.37919911299832165,0.002681158948689699
hevc_FourPeople_f0400,HEVC_E,FourPeople,test,0.1,0.1001129150390625,0.05,2028,f716071c6ce70cf9da70423b2e3866ece2fef66ca626654440baa7301c9f6366,hqs_finetuned,28.544255863130807,0.797914882823728,0.3863172408891842,0.0024567563086748123
hevc_FourPeople_f0400,HEVC_E,FourPeople,test,0.1,0.1001129150390625,0.05,2028,f716071c6ce70cf9da70423b2e3866ece2fef66ca626654440baa7301c9f6366,hqs_last,28.544255863130807,0.797914882823728,0.3682675479212776,0.0024567563086748123
hevc_Johnny_f0000,HEVC_E,Johnny,test,0.1,0.1001129150390625,0.0,2026,4aafb4786886b7d63c895ff259eefb62120b5c4046eadcebd5f727f3958544cd,hqs,36.630607538704176,0.9561029012422562,0.3704198820050806,0.0023632398806512356
hevc_Johnny_f0000,HEVC_E,Johnny,test,0.1,0.1001129150390625,0.0,2026,4aafb4786886b7d63c895ff259eefb62120b5c4046eadcebd5f727f3958544cd,hqs_finetuned,36.905585498208694,0.9571085547566414,0.371590894064866,0.002504916163161397
hevc_Johnny_f0000,HEVC_E,Johnny,test,0.1,0.1001129150390625,0.0,2026,4aafb4786886b7d63c895ff259eefb62120b5c4046eadcebd5f727f3958544cd,hqs_last,36.905585498208694,0.9571085547566414,0.3632019989890978,0.002504916163161397
hevc_Johnny_f0000,HEVC_E,Johnny,test,0.25,0.25,0.0,2026,d68377486351e2260748ead6e2f753721d7855428343e4f2781edc08e8d10b3f,hqs,41.95745858776032,0.9779578041362762,0.365568708977662,0.0014258286682888865
hevc_Johnny_f0000,HEVC_E,Johnny,test,0.25,0.25,0.0,2026,d68377486351e2260748ead6e2f753721d7855428343e4f2781edc08e8d10b3f,hqs_finetuned,41.95777422861327,0.9778551623029709,0.3639702149666846,0.001615564338862896
hevc_Johnny_f0000,HEVC_E,Johnny,test,0.25,0.25,0.0,2026,d68377486351e2260748ead6e2f753721d7855428343e4f2781edc08e8d10b3f,hqs_last,41.95777422861327,0.9778551623029709,0.370037788990885,0.001615564338862896
hevc_Johnny_f0000,HEVC_E,Johnny,test,0.1,0.1001129150390625,0.01,2026,b2cca18f9c9738f549333cbba510b3c9fbc927561096a3fde0b7d65f21b0e3c6,hqs,35.15584844630848,0.9436380969128608,0.39163855102378875,0.0019820556044578552
hevc_Johnny_f0000,HEVC_E,Johnny,test,0.1,0.1001129150390625,0.01,2026,b2cca18f9c9738f549333cbba510b3c9fbc927561096a3fde0b7d65f21b0e3c6,hqs_finetuned,35.361512951121426,0.9453959602851868,0.3664077779976651,0.0021895235404372215
hevc_Johnny_f0000,HEVC_E,Johnny,test,0.1,0.1001129150390625,0.01,2026,b2cca18f9c9738f549333cbba510b3c9fbc927561096a3fde0b7d65f21b0e3c6,hqs_last,35.361512951121426,0.9453959602851868,0.3992170200217515,0.0021895235404372215
hevc_Johnny_f0000,HEVC_E,Johnny,test,0.1,0.1001129150390625,0.01,2027,aca29a66ce132758a213bfb7f46901a8d94b4b6f37923dc472e4b74c9fcee4dd,hqs,35.11634788514257,0.9425171553463936,0.36741300392895937,0.0019762192387133837
hevc_Johnny_f0000,HEVC_E,Johnny,test,0.1,0.1001129150390625,0.01,2027,aca29a66ce132758a213bfb7f46901a8d94b4b6f37923dc472e4b74c9fcee4dd,hqs_finetuned,35.470305703918264,0.9450691484131813,0.36811013508122414,0.0021513537503778934
hevc_Johnny_f0000,HEVC_E,Johnny,test,0.1,0.1001129150390625,0.01,2027,aca29a66ce132758a213bfb7f46901a8d94b4b6f37923dc472e4b74c9fcee4dd,hqs_last,35.470305703918264,0.9450691484131813,0.36761729698628187,0.0021513537503778934
hevc_Johnny_f0000,HEVC_E,Johnny,test,0.1,0.1001129150390625,0.01,2028,baf075de0ac81b4c37963f08f7e7c4b7610125bd3ed1d66ca2e619aa5e0e0114,hqs,35.16503331361257,0.9432512534689903,0.36513630603440106,0.0019385801861062646
hevc_Johnny_f0000,HEVC_E,Johnny,test,0.1,0.1001129150390625,0.01,2028,baf075de0ac81b4c37963f08f7e7c4b7610125bd3ed1d66ca2e619aa5e0e0114,hqs_finetuned,35.44355764542905,0.9454322430200577,0.36930767400190234,0.002207924146205187
hevc_Johnny_f0000,HEVC_E,Johnny,test,0.1,0.1001129150390625,0.01,2028,baf075de0ac81b4c37963f08f7e7c4b7610125bd3ed1d66ca2e619aa5e0e0114,hqs_last,35.44355764542905,0.9454322430200577,0.3668420109897852,0.002207924146205187
hevc_Johnny_f0000,HEVC_E,Johnny,test,0.1,0.1001129150390625,0.05,2026,c97f64ca514e1a13e4e1a2bc48b31f37ae807990abf0970f92dadfe11b60e838,hqs,29.078606863015175,0.7596055572350696,0.3738745889859274,0.0023952496703714132
hevc_Johnny_f0000,HEVC_E,Johnny,test,0.1,0.1001129150390625,0.05,2026,c97f64ca514e1a13e4e1a2bc48b31f37ae807990abf0970f92dadfe11b60e838,hqs_finetuned,28.96756902083726,0.7625566536435187,0.37510896590538323,0.0021122724283486605
hevc_Johnny_f0000,HEVC_E,Johnny,test,0.1,0.1001129150390625,0.05,2026,c97f64ca514e1a13e4e1a2bc48b31f37ae807990abf0970f92dadfe11b60e838,hqs_last,28.96756902083726,0.7625566536435187,0.37922939599957317,0.0021122724283486605
hevc_Johnny_f0000,HEVC_E,Johnny,test,0.1,0.1001129150390625,0.05,2027,6e299b1bbae0996d7ee79b5a3f7eca934e8030aaf1564dd15c3430cf297f52e2,hqs,29.292999656600145,0.7615256951912641,0.3884661839110777,0.0021427145693451166
hevc_Johnny_f0000,HEVC_E,Johnny,test,0.1,0.1001129150390625,0.05,2027,6e299b1bbae0996d7ee79b5a3f7eca934e8030aaf1564dd15c3430cf297f52e2,hqs_finetuned,29.22383352577358,0.7640378550328016,0.37403325096238405,0.0018866040045395494
hevc_Johnny_f0000,HEVC_E,Johnny,test,0.1,0.1001129150390625,0.05,2027,6e299b1bbae0996d7ee79b5a3f7eca934e8030aaf1564dd15c3430cf297f52e2,hqs_last,29.22383352577358,0.7640378550328016,0.39308191696181893,0.0018866040045395494
hevc_Johnny_f0000,HEVC_E,Johnny,test,0.1,0.1001129150390625,0.05,2028,600a2aebe64ed3588ec9a10947b31ddb9845ddf22d2a97c992c3ad755c7abb31,hqs,29.28979523111262,0.7631332684870958,0.37430217710789293,0.0021878916304558516
hevc_Johnny_f0000,HEVC_E,Johnny,test,0.1,0.1001129150390625,0.05,2028,600a2aebe64ed3588ec9a10947b31ddb9845ddf22d2a97c992c3ad755c7abb31,hqs_finetuned,29.215932002175936,0.7661928479028494,0.38867097394540906,0.0019259455148130655
hevc_Johnny_f0000,HEVC_E,Johnny,test,0.1,0.1001129150390625,0.05,2028,600a2aebe64ed3588ec9a10947b31ddb9845ddf22d2a97c992c3ad755c7abb31,hqs_last,29.215932002175936,0.7661928479028494,0.3704774099169299,0.0019259455148130655
hevc_Johnny_f0200,HEVC_E,Johnny,test,0.1,0.1001129150390625,0.0,2026,a07cf8a6983834cc6bb84a373510fda9903ab09e27d4671457c66260572a26de,hqs,36.36166065526248,0.9554198018417358,0.37297340808436275,0.0023488232400268316
hevc_Johnny_f0200,HEVC_E,Johnny,test,0.1,0.1001129150390625,0.0,2026,a07cf8a6983834cc6bb84a373510fda9903ab09e27d4671457c66260572a26de,hqs_finetuned,36.69898877770101,0.9565339978756905,0.36500322609208524,0.0025468592066317797
hevc_Johnny_f0200,HEVC_E,Johnny,test,0.1,0.1001129150390625,0.0,2026,a07cf8a6983834cc6bb84a373510fda9903ab09e27d4671457c66260572a26de,hqs_last,36.69898877770101,0.9565339978756905,0.3630854500224814,0.0025468592066317797
hevc_Johnny_f0200,HEVC_E,Johnny,test,0.25,0.25,0.0,2026,8f704c23f4a009f52843f4361caf4e522c1952d2588f221201b3eeb0be2c058a,hqs,41.92642837955063,0.9776602508859634,0.37901540694292635,0.0015303026884794235
hevc_Johnny_f0200,HEVC_E,Johnny,test,0.25,0.25,0.0,2026,8f704c23f4a009f52843f4361caf4e522c1952d2588f221201b3eeb0be2c058a,hqs_finetuned,41.93490282461961,0.9775708678226471,0.4126542960293591,0.0017070105532184243
hevc_Johnny_f0200,HEVC_E,Johnny,test,0.25,0.25,0.0,2026,8f704c23f4a009f52843f4361caf4e522c1952d2588f221201b3eeb0be2c058a,hqs_last,41.93490282461961,0.9775708678226471,0.3773748530074954,0.0017070105532184243
hevc_Johnny_f0200,HEVC_E,Johnny,test,0.1,0.1001129150390625,0.01,2026,a8918604ca7cae1337d385872482cbceb06552a10b121e35e6c8613d17360655,hqs,34.92718343976939,0.9423875622692108,0.45272480603307486,0.0019398784497752786
hevc_Johnny_f0200,HEVC_E,Johnny,test,0.1,0.1001129150390625,0.01,2026,a8918604ca7cae1337d385872482cbceb06552a10b121e35e6c8613d17360655,hqs_finetuned,35.172387819789094,0.9443166170220375,0.3655248680151999,0.0022802327293902636
hevc_Johnny_f0200,HEVC_E,Johnny,test,0.1,0.1001129150390625,0.01,2026,a8918604ca7cae1337d385872482cbceb06552a10b121e35e6c8613d17360655,hqs_last,35.172387819789094,0.9443166170220375,0.3677475929725915,0.0022802327293902636
hevc_Johnny_f0200,HEVC_E,Johnny,test,0.1,0.1001129150390625,0.01,2027,f840f76fc09733514c771cc666a3f594b5341c89ef69704d5b099b5db7c571e4,hqs,35.00033030817065,0.9430129398317337,0.36908108997158706,0.002049253089353442
hevc_Johnny_f0200,HEVC_E,Johnny,test,0.1,0.1001129150390625,0.01,2027,f840f76fc09733514c771cc666a3f594b5341c89ef69704d5b099b5db7c571e4,hqs_finetuned,35.225837968487234,0.9447192747383117,0.37138309702277184,0.0023451365996152163
hevc_Johnny_f0200,HEVC_E,Johnny,test,0.1,0.1001129150390625,0.01,2027,f840f76fc09733514c771cc666a3f594b5341c89ef69704d5b099b5db7c571e4,hqs_last,35.225837968487234,0.9447192747383117,0.3671542960219085,0.0023451365996152163
hevc_Johnny_f0200,HEVC_E,Johnny,test,0.1,0.1001129150390625,0.01,2028,1381057f13d8b6729d31754b38524fc39ca114d08d71380bfd58461609810649,hqs,34.99776035143407,0.9429022664008141,0.3799614269519225,0.001945868949405849
hevc_Johnny_f0200,HEVC_E,Johnny,test,0.1,0.1001129150390625,0.01,2028,1381057f13d8b6729d31754b38524fc39ca114d08d71380bfd58461609810649,hqs_finetuned,35.20262953007207,0.9449381124396324,0.3838465389562771,0.002283055568113923
hevc_Johnny_f0200,HEVC_E,Johnny,test,0.1,0.1001129150390625,0.01,2028,1381057f13d8b6729d31754b38524fc39ca114d08d71380bfd58461609810649,hqs_last,35.20262953007207,0.9449381124396324,0.3636878289980814,0.002283055568113923
hevc_Johnny_f0200,HEVC_E,Johnny,test,0.1,0.1001129150390625,0.05,2026,4e749237164f95e49b456c10525351c7a48b9330e0c3414551c8547e89d6e9b6,hqs,29.172722897894182,0.7627249403803349,0.3739534339401871,0.0023226533085107803
hevc_Johnny_f0200,HEVC_E,Johnny,test,0.1,0.1001129150390625,0.05,2026,4e749237164f95e49b456c10525351c7a48b9330e0c3414551c8547e89d6e9b6,hqs_finetuned,29.084510261824267,0.765367436899066,0.37258073198609054,0.00202127150259912
hevc_Johnny_f0200,HEVC_E,Johnny,test,0.1,0.1001129150390625,0.05,2026,4e749237164f95e49b456c10525351c7a48b9330e0c3414551c8547e89d6e9b6,hqs_last,29.084510261824267,0.765367436899066,0.3677491709822789,0.00202127150259912
hevc_Johnny_f0200,HEVC_E,Johnny,test,0.1,0.1001129150390625,0.05,2027,6ea38580aad542634ddf040b10d9a7253ee981366a8b6b43695c4104b76e53bd,hqs,29.192376452125348,0.7617879500798806,0.3737828880548477,0.002419784665107727
hevc_Johnny_f0200,HEVC_E,Johnny,test,0.1,0.1001129150390625,0.05,2027,6ea38580aad542634ddf040b10d9a7253ee981366a8b6b43695c4104b76e53bd,hqs_finetuned,29.128674052395056,0.7657233093956709,0.3800559820374474,0.002096317010000348
hevc_Johnny_f0200,HEVC_E,Johnny,test,0.1,0.1001129150390625,0.05,2027,6ea38580aad542634ddf040b10d9a7253ee981366a8b6b43695c4104b76e53bd,hqs_last,29.128674052395056,0.7657233093956709,0.37753031600732356,0.002096317010000348
hevc_Johnny_f0200,HEVC_E,Johnny,test,0.1,0.1001129150390625,0.05,2028,2e6505edb100282fd2db606808c5522abc12f951d3aab5826a212ad859ebb2c4,hqs,29.064339388685795,0.7594971497632415,0.36487721104640514,0.002616110723465681
hevc_Johnny_f0200,HEVC_E,Johnny,test,0.1,0.1001129150390625,0.05,2028,2e6505edb100282fd2db606808c5522abc12f951d3aab5826a212ad859ebb2c4,hqs_finetuned,29.017714286259046,0.7640949916426242,0.38986551808193326,0.0022658815141767263
hevc_Johnny_f0200,HEVC_E,Johnny,test,0.1,0.1001129150390625,0.05,2028,2e6505edb100282fd2db606808c5522abc12f951d3aab5826a212ad859ebb2c4,hqs_last,29.017714286259046,0.7640949916426242,0.3953413349809125,0.0022658815141767263
hevc_Johnny_f0400,HEVC_E,Johnny,test,0.1,0.1001129150390625,0.0,2026,0e41c79cbe0653d751d62981f9d3128ed5ac683146738da2e19c18f69314ecb4,hqs,36.3247500314614,0.9506779422426224,0.3780984020559117,0.002329394221305847
hevc_Johnny_f0400,HEVC_E,Johnny,test,0.1,0.1001129150390625,0.0,2026,0e41c79cbe0653d751d62981f9d3128ed5ac683146738da2e19c18f69314ecb4,hqs_finetuned,36.65245220446056,0.9520428022222519,0.3732478729216382,0.0024925803299993277
hevc_Johnny_f0400,HEVC_E,Johnny,test,0.1,0.1001129150390625,0.0,2026,0e41c79cbe0653d751d62981f9d3128ed5ac683146738da2e19c18f69314ecb4,hqs_last,36.65245220446056,0.9520428022222519,0.3684918109793216,0.0024925803299993277
hevc_Johnny_f0400,HEVC_E,Johnny,test,0.25,0.25,0.0,2026,b051f097fae937e5e5270fd262b4037ca9071c0a4c73a99858400418dba4cff0,hqs,41.38123413958895,0.9734998298578262,0.37389370100572705,0.0014120601117610931
hevc_Johnny_f0400,HEVC_E,Johnny,test,0.25,0.25,0.0,2026,b051f097fae937e5e5270fd262b4037ca9071c0a4c73a99858400418dba4cff0,hqs_finetuned,41.4621465670195,0.9738185427875519,0.3728504510363564,0.0016058589098975062
hevc_Johnny_f0400,HEVC_E,Johnny,test,0.25,0.25,0.0,2026,b051f097fae937e5e5270fd262b4037ca9071c0a4c73a99858400418dba4cff0,hqs_last,41.4621465670195,0.9738185427875519,0.3655341099947691,0.0016058589098975062
hevc_Johnny_f0400,HEVC_E,Johnny,test,0.1,0.1001129150390625,0.01,2026,d73c1a3d6b57e71196bf22cc164a959540ae5b1c5219c89f6a0bc0b5b3e50e3b,hqs,34.95267410908831,0.9382196568579674,0.37455533794127405,0.0019286408787593246
hevc_Johnny_f0400,HEVC_E,Johnny,test,0.1,0.1001129150390625,0.01,2026,d73c1a3d6b57e71196bf22cc164a959540ae5b1c5219c89f6a0bc0b5b3e50e3b,hqs_finetuned,35.20773226397224,0.9404988328967094,0.37545334303285927,0.0021198915783315897
hevc_Johnny_f0400,HEVC_E,Johnny,test,0.1,0.1001129150390625,0.01,2026,d73c1a3d6b57e71196bf22cc164a959540ae5b1c5219c89f6a0bc0b5b3e50e3b,hqs_last,35.20773226397224,0.9404988328967094,0.3799848639173433,0.0021198915783315897
hevc_Johnny_f0400,HEVC_E,Johnny,test,0.1,0.1001129150390625,0.01,2027,6eee924354a9499b00b2fd1277495c4aad8b0e96598d1b0522e77634d2ac71f6,hqs,34.870245779828,0.9381523742637634,0.3749268089886755,0.0019807748030871153
hevc_Johnny_f0400,HEVC_E,Johnny,test,0.1,0.1001129150390625,0.01,2027,6eee924354a9499b00b2fd1277495c4aad8b0e96598d1b0522e77634d2ac71f6,hqs_finetuned,35.158146289196296,0.9404281154575348,0.3671666589798406,0.0021217477042227983
hevc_Johnny_f0400,HEVC_E,Johnny,test,0.1,0.1001129150390625,0.01,2027,6eee924354a9499b00b2fd1277495c4aad8b0e96598d1b0522e77634d2ac71f6,hqs_last,35.158146289196296,0.9404281154575348,0.37001069297548383,0.0021217477042227983
hevc_Johnny_f0400,HEVC_E,Johnny,test,0.1,0.1001129150390625,0.01,2028,0d54b33b8d24420ed228ae0b6ca1c84cdb6310b61e1cd41fd6079fae08439336,hqs,34.76256949903513,0.9373765667996407,0.3956174829509109,0.001901044393889606
hevc_Johnny_f0400,HEVC_E,Johnny,test,0.1,0.1001129150390625,0.01,2028,0d54b33b8d24420ed228ae0b6ca1c84cdb6310b61e1cd41fd6079fae08439336,hqs_finetuned,35.11932816884506,0.9403609610686302,0.3796159179182723,0.0021053794771432877
hevc_Johnny_f0400,HEVC_E,Johnny,test,0.1,0.1001129150390625,0.01,2028,0d54b33b8d24420ed228ae0b6ca1c84cdb6310b61e1cd41fd6079fae08439336,hqs_last,35.11932816884506,0.9403609610686302,0.361617777030915,0.0021053794771432877
hevc_Johnny_f0400,HEVC_E,Johnny,test,0.1,0.1001129150390625,0.05,2026,4caf73dc5d30575c5ffebdd7437b39d8a4a72710e0c5593360ec123d95bd08aa,hqs,29.148767800942256,0.7644958675458431,0.369449625024572,0.0024396313820034266
hevc_Johnny_f0400,HEVC_E,Johnny,test,0.1,0.1001129150390625,0.05,2026,4caf73dc5d30575c5ffebdd7437b39d8a4a72710e0c5593360ec123d95bd08aa,hqs_finetuned,29.09158520371891,0.7681668044756055,0.36966054094955325,0.0021139923483133316
hevc_Johnny_f0400,HEVC_E,Johnny,test,0.1,0.1001129150390625,0.05,2026,4caf73dc5d30575c5ffebdd7437b39d8a4a72710e0c5593360ec123d95bd08aa,hqs_last,29.09158520371891,0.7681668044756055,0.37651815894059837,0.0021139923483133316
hevc_Johnny_f0400,HEVC_E,Johnny,test,0.1,0.1001129150390625,0.05,2027,636e510236bc0e4ba52fa6bb35bf43e23fd479df8833785cb2a2d1d720a8683f,hqs,29.047707295015094,0.7584581144828796,0.37591984891332686,0.002213787054643035
hevc_Johnny_f0400,HEVC_E,Johnny,test,0.1,0.1001129150390625,0.05,2027,636e510236bc0e4ba52fa6bb35bf43e23fd479df8833785cb2a2d1d720a8683f,hqs_finetuned,28.955884879982587,0.7599353307036459,0.36646513000596315,0.001908256090246141
hevc_Johnny_f0400,HEVC_E,Johnny,test,0.1,0.1001129150390625,0.05,2027,636e510236bc0e4ba52fa6bb35bf43e23fd479df8833785cb2a2d1d720a8683f,hqs_last,28.955884879982587,0.7599353307036459,0.37345428101252764,0.001908256090246141
hevc_Johnny_f0400,HEVC_E,Johnny,test,0.1,0.1001129150390625,0.05,2028,aee5759ee5bd69c52f853ccbcc727874e9e0ab586a45c86b343b92845eb3a7c5,hqs,28.86889651371096,0.7552201057451069,0.40919879998546094,0.0024452507495880127
hevc_Johnny_f0400,HEVC_E,Johnny,test,0.1,0.1001129150390625,0.05,2028,aee5759ee5bd69c52f853ccbcc727874e9e0ab586a45c86b343b92845eb3a7c5,hqs_finetuned,28.67992663591892,0.7563521776987687,0.3598624640144408,0.002124108374118805
hevc_Johnny_f0400,HEVC_E,Johnny,test,0.1,0.1001129150390625,0.05,2028,aee5759ee5bd69c52f853ccbcc727874e9e0ab586a45c86b343b92845eb3a7c5,hqs_last,28.67992663591892,0.7563521776987687,0.37272784300148487,0.002124108374118805
hevc_KristenAndSara_f0000,HEVC_E,KristenAndSara,test,0.1,0.1001129150390625,0.0,2026,c828da3ea10c15b82123d0326f40c99e6267811aecdac31ca86c73215adef2f9,hqs,31.044956498973658,0.9452289822635651,0.36974476103205234,0.0037390487268567085
hevc_KristenAndSara_f0000,HEVC_E,KristenAndSara,test,0.1,0.1001129150390625,0.0,2026,c828da3ea10c15b82123d0326f40c99e6267811aecdac31ca86c73215adef2f9,hqs_finetuned,31.507676459510208,0.9490798222837448,0.3704584650695324,0.003877762472257018
hevc_KristenAndSara_f0000,HEVC_E,KristenAndSara,test,0.1,0.1001129150390625,0.0,2026,c828da3ea10c15b82123d0326f40c99e6267811aecdac31ca86c73215adef2f9,hqs_last,31.507676459510208,0.9490798222837448,0.36463655694387853,0.003877762472257018
hevc_KristenAndSara_f0000,HEVC_E,KristenAndSara,test,0.25,0.25,0.0,2026,764a6055a1f2ee0c707b9de97317af753b1a05a0f37c38167d2babd67705db00,hqs,39.08980510494555,0.985597699660778,0.3701012160163373,0.0025447916705161333
hevc_KristenAndSara_f0000,HEVC_E,KristenAndSara,test,0.25,0.25,0.0,2026,764a6055a1f2ee0c707b9de97317af753b1a05a0f37c38167d2babd67705db00,hqs_finetuned,39.67785648794676,0.9869266447134017,0.3758406660053879,0.0029429232235997915
hevc_KristenAndSara_f0000,HEVC_E,KristenAndSara,test,0.25,0.25,0.0,2026,764a6055a1f2ee0c707b9de97317af753b1a05a0f37c38167d2babd67705db00,hqs_last,39.67785648794676,0.9869266447134017,0.36652765807230026,0.0029429232235997915
hevc_KristenAndSara_f0000,HEVC_E,KristenAndSara,test,0.1,0.1001129150390625,0.01,2026,10c6891f320295639dc695ecf5d29d48ea030c1d42ba6170e2260a4160ce8b88,hqs,30.337005344334642,0.9311899695961475,0.3790081139886752,0.003115482395514846
hevc_KristenAndSara_f0000,HEVC_E,KristenAndSara,test,0.1,0.1001129150390625,0.01,2026,10c6891f320295639dc695ecf5d29d48ea030c1d42ba6170e2260a4160ce8b88,hqs_finetuned,30.820243386747244,0.9367737688245773,0.373562598018907,0.003567092353478074
hevc_KristenAndSara_f0000,HEVC_E,KristenAndSara,test,0.1,0.1001129150390625,0.01,2026,10c6891f320295639dc695ecf5d29d48ea030c1d42ba6170e2260a4160ce8b88,hqs_last,30.820243386747244,0.9367737688245773,0.3642257429892197,0.003567092353478074
hevc_KristenAndSara_f0000,HEVC_E,KristenAndSara,test,0.1,0.1001129150390625,0.01,2027,a14a174b86efd6f995da2f391ead1355afb8e94557fd2242ad87971659c4e182,hqs,30.40487780830877,0.9330590099322796,0.36823357711546123,0.0032297878060489893
hevc_KristenAndSara_f0000,HEVC_E,KristenAndSara,test,0.1,0.1001129150390625,0.01,2027,a14a174b86efd6f995da2f391ead1355afb8e94557fd2242ad87971659c4e182,hqs_finetuned,30.820812750710942,0.9378837807574272,0.3662141209933907,0.0035607621539384127
hevc_KristenAndSara_f0000,HEVC_E,KristenAndSara,test,0.1,0.1001129150390625,0.01,2027,a14a174b86efd6f995da2f391ead1355afb8e94557fd2242ad87971659c4e182,hqs_last,30.820812750710942,0.9378837807574272,0.4571020290022716,0.0035607621539384127
hevc_KristenAndSara_f0000,HEVC_E,KristenAndSara,test,0.1,0.1001129150390625,0.01,2028,58b8a08b34cea45772467438eac45ef733d6797dcc519d93f80336b41e47d939,hqs,30.261816359507208,0.9316662321195602,0.3971725639421493,0.003006463870406151
hevc_KristenAndSara_f0000,HEVC_E,KristenAndSara,test,0.1,0.1001129150390625,0.01,2028,58b8a08b34cea45772467438eac45ef733d6797dcc519d93f80336b41e47d939,hqs_finetuned,30.699893221376442,0.9362149358468056,0.38737172994297,0.003432889236137271
hevc_KristenAndSara_f0000,HEVC_E,KristenAndSara,test,0.1,0.1001129150390625,0.01,2028,58b8a08b34cea45772467438eac45ef733d6797dcc519d93f80336b41e47d939,hqs_last,30.699893221376442,0.9362149358468056,0.389578977948986,0.003432889236137271
hevc_KristenAndSara_f0000,HEVC_E,KristenAndSara,test,0.1,0.1001129150390625,0.05,2026,47e19e6694bff071f23bd2be5239a32058066cbf1367edf902892bd74040ac77,hqs,26.49038824771956,0.7421546454983652,0.3899951829807833,0.0023110343609005213
hevc_KristenAndSara_f0000,HEVC_E,KristenAndSara,test,0.1,0.1001129150390625,0.05,2026,47e19e6694bff071f23bd2be5239a32058066cbf1367edf902892bd74040ac77,hqs_finetuned,26.504027068050462,0.7482790912272483,0.3845273810438812,0.002151853172108531
hevc_KristenAndSara_f0000,HEVC_E,KristenAndSara,test,0.1,0.1001129150390625,0.05,2026,47e19e6694bff071f23bd2be5239a32058066cbf1367edf902892bd74040ac77,hqs_last,26.504027068050462,0.7482790912272483,0.3871801970526576,0.002151853172108531
hevc_KristenAndSara_f0000,HEVC_E,KristenAndSara,test,0.1,0.1001129150390625,0.05,2027,49b728fcd3835b0a4b320f29bae81d5ab642a681b0f69006ff76958cd70c958c,hqs,26.603909287581242,0.7514306832025945,0.39254690904635936,0.00253021321259439
hevc_KristenAndSara_f0000,HEVC_E,KristenAndSara,test,0.1,0.1001129150390625,0.05,2027,49b728fcd3835b0a4b320f29bae81d5ab642a681b0f69006ff76958cd70c958c,hqs_finetuned,26.606412656902133,0.756872072794266,0.38679148501250893,0.0023530551698058844
hevc_KristenAndSara_f0000,HEVC_E,KristenAndSara,test,0.1,0.1001129150390625,0.05,2027,49b728fcd3835b0a4b320f29bae81d5ab642a681b0f69006ff76958cd70c958c,hqs_last,26.606412656902133,0.756872072794266,0.3798402911052108,0.0023530551698058844
hevc_KristenAndSara_f0000,HEVC_E,KristenAndSara,test,0.1,0.1001129150390625,0.05,2028,6b3c0ae7fda2ef7cad32fa364446e7d8052eb52fc06599b104a5f70a469a2aed,hqs,26.59074869544037,0.7488065694387257,0.3765183399664238,0.002474335255101323
hevc_KristenAndSara_f0000,HEVC_E,KristenAndSara,test,0.1,0.1001129150390625,0.05,2028,6b3c0ae7fda2ef7cad32fa364446e7d8052eb52fc06599b104a5f70a469a2aed,hqs_finetuned,26.533193638559027,0.7544746003048122,0.38692138309124857,0.002331758150830865
hevc_KristenAndSara_f0000,HEVC_E,KristenAndSara,test,0.1,0.1001129150390625,0.05,2028,6b3c0ae7fda2ef7cad32fa364446e7d8052eb52fc06599b104a5f70a469a2aed,hqs_last,26.533193638559027,0.7544746003048122,0.39042029599659145,0.002331758150830865
hevc_KristenAndSara_f0200,HEVC_E,KristenAndSara,test,0.1,0.1001129150390625,0.0,2026,1e4a426df82916cdc78dae913acdf2a7de3dcaeaf0f8634a786e2a1b2b69cf79,hqs,31.007222302744335,0.9480357874419689,0.37785078899469227,0.0032053152099251747
hevc_KristenAndSara_f0200,HEVC_E,KristenAndSara,test,0.1,0.1001129150390625,0.0,2026,1e4a426df82916cdc78dae913acdf2a7de3dcaeaf0f8634a786e2a1b2b69cf79,hqs_finetuned,31.623789391253933,0.9535137381772995,0.35965794301591814,0.0035132858902215958
hevc_KristenAndSara_f0200,HEVC_E,KristenAndSara,test,0.1,0.1001129150390625,0.0,2026,1e4a426df82916cdc78dae913acdf2a7de3dcaeaf0f8634a786e2a1b2b69cf79,hqs_last,31.623789391253933,0.9535137381772995,0.37173917202744633,0.0035132858902215958
hevc_KristenAndSara_f0200,HEVC_E,KristenAndSara,test,0.25,0.25,0.0,2026,3a8e8c8048c7608dea7cbfd55a95cbfdb1f4c904b0e8ceecf2c6a4269beb38ac,hqs,39.37165494753313,0.9879849059581757,0.3536902019986883,0.0024262540973722935
hevc_KristenAndSara_f0200,HEVC_E,KristenAndSara,test,0.25,0.25,0.0,2026,3a8e8c8048c7608dea7cbfd55a95cbfdb1f4c904b0e8ceecf2c6a4269beb38ac,hqs_finetuned,39.969009038536846,0.9891334454584122,0.38595250505022705,0.002813969273120165
hevc_KristenAndSara_f0200,HEVC_E,KristenAndSara,test,0.25,0.25,0.0,2026,3a8e8c8048c7608dea7cbfd55a95cbfdb1f4c904b0e8ceecf2c6a4269beb38ac,hqs_last,39.969009038536846,0.9891334454584122,0.35902234201785177,0.002813969273120165
hevc_KristenAndSara_f0200,HEVC_E,KristenAndSara,test,0.1,0.1001129150390625,0.01,2026,303a5df74e5f05342a6965212c15614fd8122f5510582e9a8309e0e5499f6686,hqs,30.016702353336324,0.9306029844651222,0.36293439706787467,0.002744457684457302
hevc_KristenAndSara_f0200,HEVC_E,KristenAndSara,test,0.1,0.1001129150390625,0.01,2026,303a5df74e5f05342a6965212c15614fd8122f5510582e9a8309e0e5499f6686,hqs_finetuned,30.538201633562135,0.9378066984620095,0.39028995600529015,0.0031466663349419832
hevc_KristenAndSara_f0200,HEVC_E,KristenAndSara,test,0.1,0.1001129150390625,0.01,2026,303a5df74e5f05342a6965212c15614fd8122f5510582e9a8309e0e5499f6686,hqs_last,30.538201633562135,0.9378066984620095,0.3643633669707924,0.0031466663349419832
hevc_KristenAndSara_f0200,HEVC_E,KristenAndSara,test,0.1,0.1001129150390625,0.01,2027,295c6c545ded286324fe7905243b12225160fdfcbc32cb1d7f912fbb2a2047eb,hqs,30.138357023465954,0.930080137100935,0.38268818496726453,0.002625817898660898
hevc_KristenAndSara_f0200,HEVC_E,KristenAndSara,test,0.1,0.1001129150390625,0.01,2027,295c6c545ded286324fe7905243b12225160fdfcbc32cb1d7f912fbb2a2047eb,hqs_finetuned,30.777570679113758,0.9381205310800076,0.36894909502007067,0.002988321240991354
hevc_KristenAndSara_f0200,HEVC_E,KristenAndSara,test,0.1,0.1001129150390625,0.01,2027,295c6c545ded286324fe7905243b12225160fdfcbc32cb1d7f912fbb2a2047eb,hqs_last,30.777570679113758,0.9381205310800076,0.3594368549529463,0.002988321240991354
hevc_KristenAndSara_f0200,HEVC_E,KristenAndSara,test,0.1,0.1001129150390625,0.01,2028,1026a9ac34b077a05da9fc8f0ad2aa69adba7550c9c06d807e00796fc9029ce4,hqs,30.266037388291217,0.9334582539969682,0.36387445591390133,0.0026428387500345707
hevc_KristenAndSara_f0200,HEVC_E,KristenAndSara,test,0.1,0.1001129150390625,0.01,2028,1026a9ac34b077a05da9fc8f0ad2aa69adba7550c9c06d807e00796fc9029ce4,hqs_finetuned,30.793331863328333,0.94015864037776,0.3682867089519277,0.0030884623993188143
hevc_KristenAndSara_f0200,HEVC_E,KristenAndSara,test,0.1,0.1001129150390625,0.01,2028,1026a9ac34b077a05da9fc8f0ad2aa69adba7550c9c06d807e00796fc9029ce4,hqs_last,30.793331863328333,0.94015864037776,0.3771081269951537,0.0030884623993188143
hevc_KristenAndSara_f0200,HEVC_E,KristenAndSara,test,0.1,0.1001129150390625,0.05,2026,74fd0e2292fc4ece48d6f01e787dd9939fffc87838859eaf88a7c9d0d8ea736a,hqs,26.405411501592845,0.7412410646852254,0.36314873793162405,0.0025356935802847147
hevc_KristenAndSara_f0200,HEVC_E,KristenAndSara,test,0.1,0.1001129150390625,0.05,2026,74fd0e2292fc4ece48d6f01e787dd9939fffc87838859eaf88a7c9d0d8ea736a,hqs_finetuned,26.360263288465443,0.7475518113957942,0.36787348496727645,0.0024358362425118685
hevc_KristenAndSara_f0200,HEVC_E,KristenAndSara,test,0.1,0.1001129150390625,0.05,2026,74fd0e2292fc4ece48d6f01e787dd9939fffc87838859eaf88a7c9d0d8ea736a,hqs_last,26.360263288465443,0.7475518113957942,0.37098024308215827,0.0024358362425118685
hevc_KristenAndSara_f0200,HEVC_E,KristenAndSara,test,0.1,0.1001129150390625,0.05,2027,7327249514a4a4757e26caa482a408078f5d6943c84fff13e36c99c41de540ea,hqs,26.437636681076796,0.7379163303895797,0.38916030793916434,0.0022181118838489056
hevc_KristenAndSara_f0200,HEVC_E,KristenAndSara,test,0.1,0.1001129150390625,0.05,2027,7327249514a4a4757e26caa482a408078f5d6943c84fff13e36c99c41de540ea,hqs_finetuned,26.446161368919405,0.7449655503052249,0.4063406470231712,0.002161212032660842
hevc_KristenAndSara_f0200,HEVC_E,KristenAndSara,test,0.1,0.1001129150390625,0.05,2027,7327249514a4a4757e26caa482a408078f5d6943c84fff13e36c99c41de540ea,hqs_last,26.446161368919405,0.7449655503052249,0.37073301791679114,0.002161212032660842
hevc_KristenAndSara_f0200,HEVC_E,KristenAndSara,test,0.1,0.1001129150390625,0.05,2028,17628fc58ab45948fd5757558e22866aa44a7b26a0ac1b124c0b51edf7a8f733,hqs,26.4610482661492,0.7431775184678138,0.3857284931000322,0.0023067048750817776
hevc_KristenAndSara_f0200,HEVC_E,KristenAndSara,test,0.1,0.1001129150390625,0.05,2028,17628fc58ab45948fd5757558e22866aa44a7b26a0ac1b124c0b51edf7a8f733,hqs_finetuned,26.4653799361926,0.7497189223788678,0.38417780597228557,0.0022152976598590612
hevc_KristenAndSara_f0200,HEVC_E,KristenAndSara,test,0.1,0.1001129150390625,0.05,2028,17628fc58ab45948fd5757558e22866aa44a7b26a0ac1b124c0b51edf7a8f733,hqs_last,26.4653799361926,0.7497189223788678,0.4114446910098195,0.0022152976598590612
hevc_KristenAndSara_f0400,HEVC_E,KristenAndSara,test,0.1,0.1001129150390625,0.0,2026,d16265ba04201647ffd755a38ebf6644fc1a235118496f6bd42e483595a3d017,hqs,30.93309314529666,0.9413743260741234,0.40728122903965414,0.0034607734996825457
hevc_KristenAndSara_f0400,HEVC_E,KristenAndSara,test,0.1,0.1001129150390625,0.0,2026,d16265ba04201647ffd755a38ebf6644fc1a235118496f6bd42e483595a3d017,hqs_finetuned,31.499471530395525,0.946675646427393,0.3661980499746278,0.003771083662286401
hevc_KristenAndSara_f0400,HEVC_E,KristenAndSara,test,0.1,0.1001129150390625,0.0,2026,d16265ba04201647ffd755a38ebf6644fc1a235118496f6bd42e483595a3d017,hqs_last,31.499471530395525,0.946675646427393,0.3657329250127077,0.003771083662286401
hevc_KristenAndSara_f0400,HEVC_E,KristenAndSara,test,0.25,0.25,0.0,2026,e4bd1bb9ef948390a7c86e3291de40602aabe7d4fe29379e451ce07dc9ff9dbd,hqs,38.906044740004425,0.9853282617492676,0.4121712379856035,0.0024558505974709988
hevc_KristenAndSara_f0400,HEVC_E,KristenAndSara,test,0.25,0.25,0.0,2026,e4bd1bb9ef948390a7c86e3291de40602aabe7d4fe29379e451ce07dc9ff9dbd,hqs_finetuned,39.56596168584467,0.986896289384842,0.3626637590350583,0.002833327744156122
hevc_KristenAndSara_f0400,HEVC_E,KristenAndSara,test,0.25,0.25,0.0,2026,e4bd1bb9ef948390a7c86e3291de40602aabe7d4fe29379e451ce07dc9ff9dbd,hqs_last,39.56596168584467,0.986896289384842,0.36851429392118007,0.002833327744156122
hevc_KristenAndSara_f0400,HEVC_E,KristenAndSara,test,0.1,0.1001129150390625,0.01,2026,66553ea4f60037f18b542d51b2e21818dc8a05beaef5a01a6926e6c36225a578,hqs,30.291724115960005,0.9281308547438383,0.36617825797293335,0.002734852721914649
hevc_KristenAndSara_f0400,HEVC_E,KristenAndSara,test,0.1,0.1001129150390625,0.01,2026,66553ea4f60037f18b542d51b2e21818dc8a05beaef5a01a6926e6c36225a578,hqs_finetuned,30.76986156522895,0.934620653231144,0.36190035892650485,0.0032650569919496775
hevc_KristenAndSara_f0400,HEVC_E,KristenAndSara,test,0.1,0.1001129150390625,0.01,2026,66553ea4f60037f18b542d51b2e21818dc8a05beaef5a01a6926e6c36225a578,hqs_last,30.76986156522895,0.934620653231144,0.3689496349543333,0.0032650569919496775
hevc_KristenAndSara_f0400,HEVC_E,KristenAndSara,test,0.1,0.1001129150390625,0.01,2027,aa109d1121ad8ad070f4dde6453d4d856c609b695eae6f65d3d9e935926b93ee,hqs,30.371392395106437,0.9284256577872038,0.3779649259522557,0.0029153137002140284
hevc_KristenAndSara_f0400,HEVC_E,KristenAndSara,test,0.1,0.1001129150390625,0.01,2027,aa109d1121ad8ad070f4dde6453d4d856c609b695eae6f65d3d9e935926b93ee,hqs_finetuned,30.828824441069415,0.9347213641550541,0.37302292801905423,0.003329214407131076
hevc_KristenAndSara_f0400,HEVC_E,KristenAndSara,test,0.1,0.1001129150390625,0.01,2027,aa109d1121ad8ad070f4dde6453d4d856c609b695eae6f65d3d9e935926b93ee,hqs_last,30.828824441069415,0.9347213641550541,0.3747123129433021,0.003329214407131076
hevc_KristenAndSara_f0400,HEVC_E,KristenAndSara,test,0.1,0.1001129150390625,0.01,2028,e624835aa46b23bdd3ca1129292f92da4fdfb915c992406bffd09273ec4d6960,hqs,30.25439539637357,0.9287332671041488,0.38775003200862557,0.0030328372959047556
hevc_KristenAndSara_f0400,HEVC_E,KristenAndSara,test,0.1,0.1001129150390625,0.01,2028,e624835aa46b23bdd3ca1129292f92da4fdfb915c992406bffd09273ec4d6960,hqs_finetuned,30.659654438379217,0.9343535713670253,0.3730181250721216,0.0034718916285783052
hevc_KristenAndSara_f0400,HEVC_E,KristenAndSara,test,0.1,0.1001129150390625,0.01,2028,e624835aa46b23bdd3ca1129292f92da4fdfb915c992406bffd09273ec4d6960,hqs_last,30.659654438379217,0.9343535713670253,0.38111889106221497,0.0034718916285783052
hevc_KristenAndSara_f0400,HEVC_E,KristenAndSara,test,0.1,0.1001129150390625,0.05,2026,33bc6f928597d86051be39d29ab94cf1b9b59c8b417e3c11ff0990bf3c10d5c2,hqs,26.50012212854662,0.7360499826995134,0.3725473890081048,0.0022952842991799116
hevc_KristenAndSara_f0400,HEVC_E,KristenAndSara,test,0.1,0.1001129150390625,0.05,2026,33bc6f928597d86051be39d29ab94cf1b9b59c8b417e3c11ff0990bf3c10d5c2,hqs_finetuned,26.46906327097551,0.7414819062671941,0.37214597407728434,0.002244194969534874
hevc_KristenAndSara_f0400,HEVC_E,KristenAndSara,test,0.1,0.1001129150390625,0.05,2026,33bc6f928597d86051be39d29ab94cf1b9b59c8b417e3c11ff0990bf3c10d5c2,hqs_last,26.46906327097551,0.7414819062671941,0.3840172420023009,0.002244194969534874
hevc_KristenAndSara_f0400,HEVC_E,KristenAndSara,test,0.1,0.1001129150390625,0.05,2027,1312b6e05d1c5d6e935ebec07928bda168642b21400e69229e6f7246fcffa8cd,hqs,26.54783168197889,0.7402530004361272,0.37317509890999645,0.002447072882205248
hevc_KristenAndSara_f0400,HEVC_E,KristenAndSara,test,0.1,0.1001129150390625,0.05,2027,1312b6e05d1c5d6e935ebec07928bda168642b21400e69229e6f7246fcffa8cd,hqs_finetuned,26.59084148481066,0.7468123814830184,0.39548609405755997,0.0023350780829787254
hevc_KristenAndSara_f0400,HEVC_E,KristenAndSara,test,0.1,0.1001129150390625,0.05,2027,1312b6e05d1c5d6e935ebec07928bda168642b21400e69229e6f7246fcffa8cd,hqs_last,26.59084148481066,0.7468123814830184,0.3817186909727752,0.0023350780829787254
hevc_KristenAndSara_f0400,HEVC_E,KristenAndSara,test,0.1,0.1001129150390625,0.05,2028,79912665dce99aea6947cee78ce3fd88af7fb7bde78d3a9251db904bce2a4ea8,hqs,26.47487509412562,0.7393634499870464,0.37493500392884016,0.0024160919710993767
hevc_KristenAndSara_f0400,HEVC_E,KristenAndSara,test,0.1,0.1001129150390625,0.05,2028,79912665dce99aea6947cee78ce3fd88af7fb7bde78d3a9251db904bce2a4ea8,hqs_finetuned,26.464033517968705,0.7451554567952454,0.3748451779829338,0.002269935328513384
hevc_KristenAndSara_f0400,HEVC_E,KristenAndSara,test,0.1,0.1001129150390625,0.05,2028,79912665dce99aea6947cee78ce3fd88af7fb7bde78d3a9251db904bce2a4ea8,hqs_last,26.464033517968705,0.7451554567952454,0.38324801390990615,0.002269935328513384
